mtllib bird_head.mtl
usemtl bird_head
# Blender 5.1.1
# www.blender.org
o PIECE_BIRD_HEAD_RIG
v -0.031593 0.048425 0.027540
v -0.032866 0.048941 0.023498
v -0.029190 0.046341 0.024299
v -0.032500 0.026754 0.025218
v -0.031869 0.027113 0.024525
v -0.031754 0.027064 0.025531
v 0.028511 0.045804 0.024245
v 0.032076 0.048318 0.023258
v 0.030522 0.047619 0.026861
v 0.035937 0.037940 0.026891
v 0.038206 0.038112 0.026555
v 0.031845 0.027038 0.025479
v 0.031785 0.027146 0.024481
v 0.032513 0.026789 0.024766
v 0.011596 0.078675 0.010587
v 0.009346 0.070314 -0.002672
v 0.015146 0.054443 0.016702
v 0.011805 0.052404 -0.001505
v -0.001802 0.044144 0.019559
v 0.002038 0.040088 0.004776
v -0.013739 0.046855 0.009775
v -0.011969 0.059387 -0.003274
v -0.017639 0.063530 0.013655
v -0.000863 0.070465 0.023199
v -0.008309 0.080585 0.006251
v -0.013511 0.051853 -0.002222
v -0.014648 0.052089 -0.002330
v -0.014255 0.052171 -0.001312
v -0.006296 0.082205 -0.007522
v -0.006433 0.082155 -0.007967
v -0.006463 0.082262 -0.007571
v 0.014647 0.052088 -0.002331
v 0.013511 0.051853 -0.002223
v 0.014256 0.052171 -0.001312
v 0.006462 0.082261 -0.007572
v 0.006432 0.082156 -0.007964
v 0.006294 0.082205 -0.007520
v 0.002279 0.019550 0.042744
v -0.000253 0.018518 0.044159
v 0.001647 0.013156 0.040999
v -0.001641 0.021631 0.040226
v -0.003658 0.013876 0.044678
v -0.000866 0.012113 0.042418
v 0.000965 0.015751 0.042536
v -0.001879 0.013962 0.043896
v 0.002797 0.010693 0.044064
v -0.000147 0.005599 0.042559
v 0.001990 0.023507 0.041751
v 0.004236 0.019947 0.044780
v 0.001843 0.015488 0.043731
v -0.003829 0.018614 0.040147
v -0.004108 0.009474 0.041308
v 0.002599 0.016459 0.043825
v 0.006082 0.014579 0.042700
v 0.004861 0.007822 0.042292
v 0.002187 0.009019 0.043951
v -0.001333 0.026191 0.043362
v 0.001007 0.021365 0.044560
v -0.003318 0.019592 0.044408
v -0.001586 0.013417 0.042282
v -0.004099 0.011872 0.043579
v -0.002100 0.003686 0.041303
v 0.006051 0.021800 0.041793
v 0.003967 0.020255 0.044108
v 0.005847 0.011933 0.042202
v -0.004553 0.022198 0.041936
v -0.007747 0.020742 0.043485
v -0.004074 0.014812 0.044408
v -0.006960 0.012577 0.044690
v 0.003776 0.012030 0.041091
v 0.000303 0.009853 0.043296
v 0.005026 0.004682 0.042222
v 0.002147 0.001819 0.042543
v 0.002864 0.028127 0.043011
v 0.000264 0.022560 0.044794
v 0.002739 0.019962 0.043446
v -0.006775 0.015153 0.041172
v -0.004083 0.013046 0.043306
v -0.008124 0.006383 0.042797
v -0.005078 0.004466 0.041831
v 0.006038 0.017394 0.041275
v 0.009560 0.015893 0.042705
v 0.005321 0.010544 0.043637
v 0.008253 0.009202 0.042160
v -0.004397 0.027808 0.042919
v -0.002029 0.024591 0.044320
v -0.006958 0.024850 0.043634
v -0.004599 0.020995 0.044350
v 0.000329 0.009858 0.042277
v -0.002977 0.008756 0.043041
v -0.000885 0.004236 0.039044
v 0.006232 0.026555 0.042808
v 0.008494 0.021216 0.043700
v 0.004869 0.019373 0.044573
v -0.008381 0.020434 0.042750
v -0.006037 0.016538 0.043939
v -0.011036 0.015017 0.042636
v -0.007568 0.012450 0.042285
v 0.005118 0.012113 0.041594
v 0.008476 0.007424 0.040115
v 0.004922 0.002222 0.041847
v 0.000588 0.029859 0.040492
v -0.001819 0.021934 0.043941
v 0.001305 0.023182 0.044841
v -0.005274 0.011676 0.039483
v -0.004320 0.001531 0.040427
v -0.007716 0.002932 0.041886
v 0.009201 0.021546 0.042528
v 0.011605 0.015824 0.042653
v 0.007346 0.017108 0.043794
v 0.009055 0.012720 0.043397
v -0.008111 0.026002 0.040742
v -0.004810 0.021702 0.041843
v -0.009324 0.017174 0.043656
v 0.002799 0.007938 0.040861
v 0.000508 0.006098 0.042575
v 0.003627 -0.000275 0.040859
v 0.001277 -0.002451 0.041118
v 0.004488 0.031051 0.042254
v 0.006793 0.022044 0.041393
v 0.003292 0.023504 0.044807
v -0.008925 0.016047 0.042070
v -0.011668 0.012945 0.041030
v -0.007804 0.010547 0.041600
v 0.009735 0.013753 0.040074
v 0.007657 0.012110 0.042945
v 0.009626 0.005577 0.039876
v -0.004044 0.032061 0.042203
v -0.001956 0.028754 0.043774
v -0.006521 0.027580 0.043548
v -0.003970 0.023143 0.043219
v -0.002416 0.007256 0.041062
v -0.005790 0.005314 0.041906
v -0.001236 -0.000439 0.040924
v -0.004468 -0.002689 0.040307
v 0.008770 0.025724 0.039075
v 0.011931 0.019723 0.042776
v 0.008815 0.017599 0.043187
v -0.011077 0.022859 0.040303
v -0.008850 0.021595 0.042715
v -0.012873 0.016298 0.042785
v -0.009921 0.014752 0.042491
v 0.005112 0.008024 0.042008
v 0.007907 0.006286 0.041465
v 0.004087 0.000315 0.041618
v 0.006815 -0.000917 0.039328
v 0.000780 0.033660 0.042326
v 0.003123 0.027731 0.044017
v -0.007798 0.010529 0.040219
v -0.010989 0.008575 0.041433
v -0.007520 0.001464 0.039025
v 0.011157 0.018696 0.039060
v 0.010657 0.007798 0.042142
v 0.013873 0.009963 0.041319
v -0.008056 0.030868 0.041757
v -0.006724 0.027548 0.043541
v -0.009736 0.024515 0.043230
v 0.000059 0.004993 0.041710
v 0.002800 0.000011 0.040943
v -0.002569 -0.000037 0.040774
v 0.000057 -0.002949 0.040079
v 0.007598 0.030531 0.039651
v 0.010872 0.026862 0.042726
v 0.008079 0.021750 0.043328
v -0.011381 0.018695 0.040306
v -0.015019 0.013153 0.041616
v -0.010279 0.010362 0.042185
v -0.012753 0.007703 0.041439
v 0.010289 0.010406 0.040414
v 0.007110 0.006825 0.039815
v 0.011022 0.003993 0.037696
v -0.002913 0.035672 0.041833
v -0.000068 0.033379 0.042247
v -0.005111 0.030973 0.043854
v -0.001866 0.024781 0.043202
v -0.005658 0.006167 0.039961
v -0.008148 0.002159 0.039060
v -0.005387 -0.002541 0.038115
v 0.011866 0.023891 0.038756
v 0.010986 0.015932 0.042498
v 0.013976 0.014105 0.041254
v -0.010520 0.026877 0.039401
v -0.012876 0.019985 0.041436
v -0.010628 0.021078 0.042750
v 0.006281 0.003689 0.039521
v 0.002406 0.002641 0.041473
v 0.003774 -0.003249 0.037689
v 0.005951 0.035446 0.041048
v 0.003467 0.030516 0.043565
v 0.005959 0.027542 0.042438
v -0.012498 0.012512 0.040042
v -0.010580 0.010305 0.042357
v -0.013496 0.007524 0.040506
v 0.013048 0.014982 0.041087
v 0.015678 0.010965 0.040454
v 0.010804 0.011179 0.042274
v 0.013058 0.007084 0.040877
v -0.005796 0.034284 0.040880
v -0.008816 0.033485 0.041470
v -0.006890 0.027539 0.040601
v -0.002175 0.002963 0.040833
v -0.005468 -0.000190 0.039171
v -0.000598 -0.001911 0.037516
v 0.011798 0.028539 0.038757
v 0.010157 0.027707 0.042629
v 0.011669 0.019088 0.040649
v -0.012825 0.021583 0.040167
v -0.015937 0.019944 0.040664
v -0.012999 0.013449 0.042350
v -0.015649 0.011188 0.041989
v 0.008391 0.006366 0.041065
v 0.011126 0.001057 0.039747
v 0.008188 -0.001093 0.039394
v -0.000068 0.037409 0.039995
v 0.002475 0.035939 0.042372
v -0.000806 0.032667 0.043166
v -0.008209 0.006175 0.040124
v -0.012328 0.004796 0.039987
v -0.009438 -0.002932 0.036866
v 0.013726 0.020972 0.041038
v 0.017237 0.014809 0.040412
v 0.014206 0.012142 0.041642
v -0.011438 0.031794 0.040593
v -0.010166 0.027933 0.042753
v -0.013846 0.027899 0.041470
v -0.012223 0.023922 0.042637
v 0.002083 0.002344 0.037246
v 0.000304 -0.005242 0.039056
v 0.002966 -0.006486 0.037795
v 0.009634 0.035513 0.040218
v 0.006521 0.031224 0.042666
v 0.010103 0.028760 0.041945
v -0.014817 0.015745 0.040420
v -0.013116 0.009835 0.041409
v -0.016367 0.007766 0.039863
v 0.013872 0.010237 0.038613
v 0.011537 0.008505 0.041225
v 0.015089 0.001752 0.038592
v 0.011766 -0.000322 0.039947
v -0.004142 0.036849 0.037398
v -0.003055 0.032165 0.043291
v -0.006335 0.030112 0.043358
v -0.004407 0.001510 0.039075
v -0.008445 0.000283 0.039783
v -0.006599 -0.008336 0.038065
v 0.014969 0.027150 0.039046
v 0.012821 0.025427 0.041228
v 0.017256 0.019143 0.040615
v 0.014507 0.016654 0.042959
v -0.015659 0.026327 0.039478
v -0.013305 0.024779 0.041414
v -0.013671 0.017219 0.040643
v -0.017557 0.019515 0.040346
v 0.006211 0.002470 0.038701
v 0.009310 0.000099 0.038943
v 0.005104 -0.006352 0.038494
v 0.007530 -0.008144 0.036260
v 0.004013 0.039375 0.040052
v 0.006647 0.036286 0.041581
v 0.001912 0.035977 0.042286
v 0.004403 0.032787 0.043019
v -0.012500 0.009498 0.037642
v -0.011744 -0.000906 0.037315
v -0.014669 0.000399 0.038551
v 0.014512 0.016064 0.038469
v 0.018101 0.014309 0.039163
v 0.014506 0.007854 0.040798
v 0.016466 0.006366 0.038185
v -0.010086 0.036090 0.039878
v -0.008695 0.032821 0.042149
v -0.012489 0.032749 0.040943
v -0.010921 0.029146 0.042348
v -0.000433 -0.000469 0.038004
v -0.003045 -0.004988 0.037249
v -0.000466 -0.009534 0.035133
v 0.012122 0.034131 0.039763
v 0.014801 0.030075 0.040730
v 0.010765 0.030368 0.042099
v 0.013059 0.026664 0.042034
v -0.015406 0.019330 0.039137
v -0.018692 0.017826 0.039257
v -0.015112 0.011994 0.040683
v -0.017754 0.009836 0.039631
v 0.012797 0.005856 0.038121
v 0.010943 0.004130 0.040266
v 0.011084 -0.001483 0.034969
v -0.000955 0.039662 0.038134
v -0.003503 0.034684 0.042212
v -0.000754 0.032429 0.041779
v -0.011360 0.002822 0.039013
v -0.007826 -0.002255 0.039234
v -0.010346 -0.004841 0.037775
v 0.015374 0.023303 0.038637
v 0.018622 0.022175 0.038809
v 0.015837 0.016845 0.041430
v 0.018281 0.015256 0.039640
v -0.013208 0.030664 0.038992
v -0.016964 0.029480 0.039373
v -0.013550 0.023348 0.041789
v -0.016185 0.021548 0.039865
v 0.004665 -0.000833 0.039390
v 0.007257 -0.004138 0.038349
v 0.001977 -0.004061 0.039138
v 0.004385 -0.007457 0.037241
v 0.008634 0.038055 0.037559
v 0.006404 0.038201 0.040647
v 0.007865 0.032283 0.039312
v -0.017538 0.012020 0.038761
v -0.014754 0.006594 0.040020
v -0.016581 0.003871 0.038541
v 0.014868 0.011744 0.035732
v 0.014955 0.003751 0.036545
v -0.007676 0.039958 0.039165
v -0.007412 0.033025 0.042637
v -0.009986 0.036344 0.040915
v -0.005644 -0.001310 0.038473
v -0.003404 -0.003250 0.038908
v -0.004590 -0.009768 0.034215
v 0.016789 0.029683 0.036791
v 0.013926 0.029825 0.040596
v 0.015374 0.023289 0.039615
v -0.017643 0.024617 0.038977
v -0.016567 0.018956 0.040947
v -0.019654 0.017385 0.039067
v 0.011427 0.001323 0.036626
v 0.007611 -0.001357 0.037993
v 0.010948 -0.004550 0.036351
v 0.001619 0.042138 0.038456
v 0.004139 0.040936 0.040652
v 0.000879 0.034895 0.043125
v 0.003239 0.033097 0.043856
v -0.013895 0.005096 0.038823
v -0.011088 -0.000537 0.038910
v -0.016019 -0.000542 0.036846
v -0.013270 -0.003489 0.037134
v 0.017658 0.019036 0.039423
v 0.020253 0.016552 0.037879
v 0.018455 0.008684 0.036738
v 0.017479 0.009751 0.040487
v -0.013519 0.035169 0.037045
v -0.011725 0.034022 0.040100
v -0.016426 0.028300 0.040830
v -0.013681 0.026172 0.041585
v 0.001959 -0.002818 0.036601
v -0.001155 -0.008466 0.036854
v 0.001715 -0.011654 0.033654
v 0.012331 0.037895 0.038214
v 0.010094 0.035663 0.040723
v 0.015219 0.033665 0.040038
v 0.012737 0.028110 0.040621
v -0.018679 0.016426 0.037561
v -0.017234 0.014433 0.039683
v -0.020092 0.008054 0.037520
v -0.017513 0.006196 0.038408
v 0.015986 0.006415 0.036896
v 0.013828 0.004475 0.039290
v 0.016759 -0.002004 0.036413
v 0.014342 -0.004348 0.037714
v -0.005006 0.042374 0.037631
v -0.002824 0.041313 0.039610
v -0.006911 0.036176 0.042261
v -0.003908 0.033808 0.042871
v -0.008101 -0.000559 0.036583
v -0.009277 -0.010135 0.034000
v -0.007091 -0.009198 0.036116
v 0.018751 0.026620 0.036606
v 0.015927 0.022422 0.039014
v 0.019038 0.017748 0.037529
v -0.016554 0.029362 0.037993
v -0.019649 0.027942 0.038190
v -0.017472 0.021344 0.039263
v 0.008028 -0.002003 0.036301
v 0.006083 -0.004111 0.038249
v 0.006300 -0.010150 0.032140
v 0.005336 0.042745 0.038380
v 0.008906 0.037845 0.040881
v 0.006981 0.035137 0.042429
v -0.018302 0.008033 0.037665
v -0.015726 0.004945 0.038974
v -0.016810 0.001461 0.037215
v 0.018383 0.014199 0.036348
v 0.017873 0.003268 0.037570
v 0.020312 0.005459 0.036573
v -0.009630 0.039331 0.037156
v -0.013115 0.035832 0.038007
v -0.010354 0.031236 0.039847
v -0.002932 -0.003440 0.035214
v -0.002121 -0.013897 0.031229
v 0.014631 0.035276 0.039320
v 0.018202 0.032937 0.037644
v 0.017180 0.025401 0.038237
v 0.015556 0.026940 0.041742
v -0.018145 0.021113 0.037133
v -0.022021 0.019693 0.037210
v -0.018612 0.014069 0.039195
v -0.021222 0.012045 0.037974
v 0.012513 0.001760 0.036800
v 0.015683 -0.000792 0.036879
v 0.011880 -0.003705 0.037114
v -0.000294 0.045110 0.037737
v 0.002078 0.042290 0.039896
v -0.002902 0.040443 0.040708
v 0.000557 0.037337 0.041181
v -0.013427 0.001166 0.037662
v -0.011355 -0.002786 0.037853
v -0.013891 -0.006031 0.035269
v 0.018795 0.022301 0.035463
v 0.019595 0.015887 0.039606
v 0.021506 0.014319 0.037495
v -0.016340 0.035164 0.037545
v -0.015514 0.030231 0.040324
v -0.019165 0.028647 0.038789
v 0.003859 -0.005067 0.037512
v 0.004862 -0.012069 0.033929
v 0.001726 -0.010925 0.035651
v 0.009207 0.040527 0.036558
v 0.012990 0.040363 0.037599
v 0.010052 0.035146 0.041710
v 0.013387 0.033348 0.040118
v -0.017983 0.012942 0.034581
v -0.021376 0.006061 0.036393
v -0.017767 0.004993 0.035797
v 0.017008 0.008174 0.036521
v 0.019334 0.003554 0.033290
v 0.016710 -0.001997 0.036354
v -0.007795 0.043606 0.036620
v -0.005812 0.042462 0.039593
v -0.009789 0.040165 0.039374
v -0.006462 -0.004094 0.036067
v -0.009364 -0.006057 0.036312
v -0.005281 -0.011164 0.035158
v -0.007965 -0.013369 0.033895
v 0.017502 0.030746 0.036875
v 0.020477 0.030216 0.036493
v 0.018324 0.026030 0.039751
v 0.020649 0.024664 0.037476
v -0.020128 0.027477 0.037091
v -0.019707 0.020761 0.038668
v -0.022534 0.022557 0.037172
v 0.008935 -0.003073 0.036529
v 0.012468 -0.006996 0.033278
v 0.008593 -0.011945 0.032848
v 0.004911 0.044920 0.036217
v 0.002743 0.043194 0.038448
v 0.005721 0.035759 0.040798
v -0.017196 0.004441 0.036934
v -0.014915 0.000482 0.037780
v -0.019113 0.000853 0.035367
v -0.016545 -0.002481 0.035595
v 0.020424 0.016884 0.037446
v 0.022996 0.011169 0.036268
v 0.020706 0.008953 0.037020
v -0.012246 0.038771 0.036473
v -0.016466 0.038095 0.037113
v -0.014220 0.032127 0.041344
v -0.016859 0.030194 0.040334
v -0.001296 -0.006617 0.035837
v 0.002260 -0.010667 0.032940
v -0.001638 -0.015298 0.031739
v 0.014979 0.039338 0.036720
v 0.018130 0.034373 0.038034
v 0.014118 0.035651 0.039466
v 0.016367 0.031525 0.039885
v -0.022082 0.017847 0.035311
v -0.018620 0.014938 0.036122
v -0.021828 0.011839 0.035460
v 0.016863 0.002959 0.036604
v 0.018867 0.000129 0.035075
v 0.014039 -0.001978 0.036931
v 0.016801 -0.004351 0.033967
v -0.002549 0.045252 0.034547
v -0.003867 0.037641 0.041137
v -0.010722 -0.002784 0.035618
v -0.013641 -0.005070 0.035360
v -0.009787 -0.011801 0.030623
v 0.022067 0.025309 0.034840
v 0.020255 0.024767 0.038143
v 0.021621 0.019346 0.037132
v -0.018116 0.032464 0.035869
v -0.021174 0.031258 0.036323
v -0.019314 0.024816 0.039067
v -0.021446 0.022808 0.038266
v 0.007021 -0.006121 0.036350
v 0.009101 -0.010664 0.033657
v 0.004377 -0.009129 0.035867
v 0.005356 -0.014082 0.034143
v 0.008451 0.044673 0.035285
v 0.010989 0.038903 0.038200
v 0.008599 0.040401 0.040052
v -0.019280 0.008787 0.035754
v -0.020658 0.004902 0.032142
v -0.018241 0.003990 0.037502
v -0.018727 -0.000058 0.034575
v 0.020304 0.010947 0.036714
v 0.022730 0.004777 0.034689
v 0.019775 0.002059 0.035179
v -0.010696 0.044512 0.036122
v -0.009374 0.039859 0.039677
v -0.014232 0.039768 0.038098
v -0.012315 0.037153 0.040178
v -0.005517 -0.006504 0.035015
v -0.003288 -0.013049 0.031738
v -0.006678 -0.013183 0.033384
v 0.018742 0.035527 0.035989
v 0.021805 0.032458 0.035860
v 0.017415 0.032552 0.038659
v 0.020102 0.029366 0.037856
v -0.020335 0.023414 0.035438
v -0.024537 0.021602 0.035161
v -0.021865 0.013656 0.035495
v 0.014659 -0.002169 0.033877
v 0.011970 -0.004252 0.036466
v 0.011186 -0.010448 0.029498
v 0.001546 0.048289 0.035855
v 0.004155 0.045399 0.038250
v -0.000664 0.043633 0.039549
v 0.002499 0.040737 0.039704
v -0.014506 0.000219 0.034568
v -0.017888 -0.001671 0.034700
v -0.013631 -0.008997 0.030920
v 0.021191 0.019978 0.035346
v 0.024530 0.019008 0.034536
v 0.021811 0.015045 0.037606
v 0.024181 0.013715 0.035000
v -0.015919 0.038133 0.035614
v -0.019656 0.037193 0.035408
v -0.017210 0.031528 0.039394
v -0.019460 0.029553 0.037391
v 0.002459 -0.008533 0.035634
v 0.004573 -0.011674 0.034256
v 0.000151 -0.012046 0.034426
v 0.002181 -0.014815 0.032201
v 0.012487 0.042233 0.035212
v 0.015652 0.041897 0.035483
v 0.013513 0.038536 0.039181
v 0.016127 0.037231 0.037760
v -0.022671 0.014425 0.035479
v -0.021113 0.010193 0.037135
v -0.024722 0.010232 0.034244
v -0.022603 0.006257 0.035149
v 0.018654 0.005274 0.032294
v 0.017579 -0.000264 0.036413
v 0.017439 -0.003999 0.031101
v -0.006488 0.046332 0.033457
v -0.004983 0.041090 0.037178
v -0.009328 0.043121 0.038808
v -0.009594 -0.005453 0.033836
v -0.009521 -0.015432 0.030833
v -0.007889 -0.013615 0.032425
v 0.021614 0.029731 0.033913
v 0.021232 0.028197 0.036978
v 0.022142 0.018956 0.034781
v -0.021841 0.030634 0.035206
v -0.022363 0.022476 0.037596
v -0.024548 0.024736 0.035540
v 0.009287 -0.006593 0.035453
v 0.012171 -0.008243 0.033641
v 0.007216 -0.014235 0.032783
v 0.009854 -0.014934 0.029509
v 0.006263 0.046228 0.032624
v 0.007490 0.039779 0.038371
v -0.020223 0.004712 0.035045
v -0.018536 0.001283 0.036026
v -0.021767 0.000987 0.033491
v -0.019418 -0.002536 0.033719
v 0.023244 0.014214 0.034979
v 0.024135 0.007220 0.033249
v 0.022008 0.008254 0.036316
v -0.012373 0.041752 0.032137
v -0.015633 0.033488 0.037690
v -0.002604 -0.009592 0.034915
v -0.000144 -0.013250 0.033501
v -0.004844 -0.012773 0.033288
v -0.002276 -0.015937 0.031192
v 0.017295 0.039447 0.035285
v 0.019752 0.038101 0.034478
v 0.018520 0.033259 0.038566
v 0.020013 0.031366 0.036156
v -0.023739 0.020321 0.033640
v -0.020815 0.014964 0.034962
v -0.025152 0.009490 0.034353
v 0.016436 -0.000760 0.034418
v 0.017664 -0.004634 0.030655
v 0.014626 -0.009144 0.031914
v -0.001803 0.049751 0.034038
v -0.000564 0.041953 0.039350
v -0.003516 0.044040 0.039904
v -0.013525 -0.003519 0.033651
v -0.016394 -0.005262 0.033543
v -0.012185 -0.009929 0.029334
v 0.023923 0.024613 0.034535
v 0.026557 0.019579 0.033275
v 0.022543 0.019367 0.036891
v 0.024855 0.016366 0.035335
v -0.019640 0.036861 0.034784
v -0.023222 0.032023 0.035073
v -0.020127 0.029453 0.035757
v 0.005812 -0.009518 0.034471
v 0.007586 -0.012785 0.032670
v 0.003492 -0.012673 0.033609
v 0.005117 -0.015595 0.030996
v 0.012287 0.045729 0.033334
v 0.010634 0.045372 0.036376
v 0.015195 0.040286 0.037330
v 0.013204 0.038390 0.039513
v -0.023148 0.010160 0.034315
v -0.021454 0.006633 0.035748
v -0.024822 0.005040 0.032301
v -0.021720 0.002480 0.033871
v 0.022646 0.007546 0.032894
v 0.020891 0.005524 0.035747
v 0.023811 0.000411 0.032055
v 0.021206 -0.002351 0.034033
v -0.009941 0.048080 0.034241
v -0.008641 0.045270 0.037404
v -0.013121 0.045092 0.035901
v -0.011494 0.042322 0.038155
v -0.006994 -0.008065 0.032203
v -0.006187 -0.016071 0.028202
v 0.021638 0.034871 0.034100
v 0.024798 0.029946 0.033935
v 0.020952 0.030053 0.036922
v 0.023465 0.027159 0.036086
v -0.022445 0.026601 0.032006
v -0.023129 0.019041 0.033355
v 0.013841 -0.005733 0.034011
v 0.015467 -0.009115 0.031963
v 0.011252 -0.009309 0.034029
v 0.012549 -0.012242 0.031300
v 0.003519 0.048809 0.031572
v 0.002886 0.044393 0.039981
v 0.005657 0.042209 0.039896
v -0.017540 -0.000135 0.033765
v -0.020934 -0.001530 0.032642
v -0.017535 -0.007286 0.030535
v 0.025948 0.017669 0.033174
v 0.024095 0.013977 0.035402
v 0.025213 0.010247 0.033869
v -0.017498 0.041655 0.032547
v -0.016351 0.040262 0.035375
v -0.021171 0.035484 0.036120
v -0.019249 0.033253 0.037488
v 0.001964 -0.010849 0.031487
v -0.001544 -0.013271 0.032818
v -0.001550 -0.018964 0.029128
v 0.001311 -0.019109 0.026347
v 0.016557 0.043682 0.033673
v 0.020310 0.039495 0.034306
v 0.015480 0.041034 0.036554
v 0.018406 0.037124 0.038287
v -0.025804 0.016155 0.032850
v -0.024071 0.014354 0.034883
v -0.023582 0.007107 0.031820
v 0.019762 0.001012 0.030754
v 0.019019 -0.000851 0.034583
v 0.017266 -0.008024 0.028980
v -0.004234 0.049645 0.032895
v -0.006898 0.049620 0.034926
v -0.005757 0.040870 0.038308
v -0.014061 -0.007089 0.032989
v -0.009975 -0.012242 0.032384
v -0.012755 -0.015378 0.029963
v 0.024409 0.028990 0.033370
v 0.026915 0.023257 0.033185
v 0.024941 0.021167 0.035698
v -0.021220 0.032625 0.032688
v -0.024722 0.032154 0.033114
v -0.023501 0.023634 0.033764
v 0.009368 -0.009718 0.033304
v 0.011272 -0.012623 0.031158
v 0.006146 -0.014158 0.031660
v 0.008750 -0.015726 0.028297
v 0.009862 0.049432 0.032698
v 0.007469 0.046577 0.035726
v 0.012018 0.044324 0.035544
v -0.020861 0.005347 0.032345
v -0.024136 0.003890 0.031945
v -0.020497 -0.003932 0.029975
v 0.024293 0.010815 0.031620
v 0.023791 0.009176 0.034267
v 0.023328 0.001802 0.030723
v -0.014393 0.047471 0.032498
v -0.012714 0.043148 0.037020
v -0.017495 0.041236 0.037705
v -0.003373 -0.011522 0.031642
v -0.006596 -0.013869 0.030658
v -0.002918 -0.019264 0.025570
v 0.020794 0.038157 0.031421
v 0.020122 0.037523 0.034840
v 0.024434 0.032420 0.034305
v 0.022855 0.030510 0.036344
v -0.025802 0.023377 0.032869
v -0.025587 0.015429 0.034351
v -0.028012 0.017666 0.032116
v 0.016424 -0.004439 0.033000
v 0.018275 -0.006353 0.031117
v 0.014161 -0.012553 0.031165
v 0.014932 -0.013169 0.027709
v 0.000720 0.049480 0.030079
v 0.000375 0.044611 0.036897
v -0.018694 -0.003682 0.032237
v -0.015576 -0.009474 0.032211
v -0.016299 -0.011135 0.029225
v 0.026092 0.022303 0.032645
v 0.028093 0.018878 0.031792
v 0.025466 0.018722 0.034575
v 0.026770 0.015192 0.033081
v -0.019944 0.040079 0.032747
v -0.022863 0.037299 0.031847
v -0.020437 0.034797 0.034617
v 0.004757 -0.011944 0.031246
v 0.002005 -0.014008 0.032245
v 0.006215 -0.016454 0.030071
v 0.002834 -0.019111 0.027136
v 0.013361 0.046368 0.032261
v 0.017273 0.043377 0.032358
v 0.015767 0.040639 0.036417
v -0.025579 0.011997 0.032427
v -0.024080 0.005007 0.032933
v -0.026977 0.006448 0.030889
v 0.021991 0.004578 0.030103
v 0.021629 -0.000702 0.033204
v 0.020267 -0.004451 0.028603
v -0.007861 0.049113 0.030060
v -0.012585 0.044818 0.037550
v -0.009882 0.042578 0.038702
v -0.010553 -0.010413 0.032302
v -0.008196 -0.013838 0.031639
v -0.010395 -0.015934 0.028695
v 0.023040 0.032846 0.032081
v 0.025815 0.031946 0.031353
v 0.024206 0.025805 0.032208
v -0.026026 0.030525 0.031319
v -0.024653 0.024777 0.035011
v -0.028700 0.021980 0.033686
v 0.013006 -0.009114 0.032132
v 0.014091 -0.012270 0.030184
v 0.010818 -0.012321 0.031785
v 0.011558 -0.014931 0.029170
v 0.005068 0.051632 0.031890
v 0.008619 0.051229 0.032849
v 0.005284 0.047946 0.037496
v 0.008924 0.046023 0.036906
v -0.021486 0.001182 0.030311
v -0.021090 -0.000752 0.033410
v -0.022146 -0.006409 0.029429
v -0.019874 -0.007681 0.030360
v 0.025924 0.014914 0.032569
v 0.027478 0.013074 0.030309
v 0.025683 0.007620 0.033236
v 0.026201 0.006325 0.030302
v -0.016994 0.046035 0.031901
v -0.016541 0.042590 0.035431
v -0.020797 0.041717 0.032770
v -0.018917 0.038772 0.035252
v -0.000600 -0.013479 0.031907
v -0.003905 -0.016997 0.029355
v -0.000373 -0.018064 0.027379
v 0.018579 0.043308 0.032662
v 0.021700 0.041768 0.031120
v 0.020384 0.037241 0.036186
v 0.022174 0.034985 0.033168
v -0.028114 0.019010 0.031392
v -0.025966 0.016597 0.033405
v -0.028873 0.011430 0.030777
v -0.026160 0.009877 0.031743
v 0.019396 -0.001553 0.031014
v 0.018251 -0.009423 0.025840
v 0.017487 -0.010151 0.030908
v -0.004112 0.052478 0.030931
v -0.001364 0.052451 0.033127
v -0.002593 0.048162 0.035960
v -0.005718 0.050054 0.035672
v -0.014170 -0.006200 0.029159
v -0.012402 -0.012693 0.028035
v -0.016175 -0.012821 0.028560
v 0.026660 0.026895 0.031481
v 0.029287 0.021549 0.030370
v 0.025896 0.023459 0.033806
v 0.028053 0.018603 0.033740
v -0.024019 0.036065 0.029736
v -0.022550 0.035403 0.033388
v -0.024129 0.027067 0.032560
v 0.007880 -0.012698 0.031420
v 0.008829 -0.017358 0.028084
v 0.005390 -0.018886 0.027773
v 0.012419 0.049945 0.030522
v 0.011121 0.049393 0.033486
v 0.015843 0.044392 0.035037
v 0.013857 0.042030 0.036170
v -0.025473 0.007327 0.031264
v -0.024067 0.003772 0.032653
v -0.026833 0.003900 0.029624
v -0.024830 0.000756 0.030465
v 0.023977 0.007623 0.030585
v 0.025618 0.003925 0.027996
v 0.023780 0.000156 0.030599
v -0.011333 0.049512 0.031078
v -0.014772 0.049343 0.031737
v -0.013551 0.044549 0.036477
v -0.016674 0.043464 0.036860
v -0.008690 -0.013527 0.031228
v -0.005382 -0.014768 0.030855
v -0.008419 -0.019095 0.026637
v -0.004447 -0.019556 0.025628
v 0.022795 0.036575 0.028726
v 0.023528 0.033699 0.034256
v 0.025850 0.029357 0.031917
v -0.026752 0.025780 0.029276
v -0.026151 0.024367 0.032751
v -0.026820 0.015984 0.032000
v -0.030149 0.017976 0.030398
v 0.016389 -0.007498 0.028747
v 0.014828 -0.009770 0.031390
v 0.013418 -0.015632 0.025435
v 0.001781 0.054498 0.031055
v 0.005496 0.050480 0.035394
v 0.002852 0.048388 0.037660
v -0.018993 -0.002398 0.029091
v -0.020494 -0.010074 0.027860
v -0.017207 -0.010841 0.028224
v 0.027703 0.019090 0.029148
v 0.026509 0.017480 0.032163
v 0.029800 0.012029 0.029286
v 0.027700 0.009758 0.031901
v -0.018181 0.041758 0.028676
v -0.022101 0.035107 0.032456
v 0.002112 -0.014812 0.030706
v 0.004517 -0.018906 0.027198
v -0.000640 -0.018269 0.028430
v 0.001151 -0.020902 0.025260
v 0.018050 0.046231 0.029209
v 0.016378 0.046354 0.032897
v 0.018550 0.039833 0.031864
v -0.027184 0.013948 0.028851
v -0.024452 0.010454 0.031048
v -0.027950 0.006830 0.028949
v 0.021454 0.000870 0.029906
v 0.024528 -0.001166 0.028499
v 0.020844 -0.006580 0.030471
v 0.021850 -0.007863 0.027239
v -0.005958 0.052601 0.030353
v -0.009001 0.052765 0.031688
v -0.008823 0.044882 0.036400
v -0.013303 -0.011022 0.030414
v -0.010005 -0.016987 0.027461
v -0.013635 -0.015818 0.026966
v 0.026610 0.031675 0.030317
v 0.029282 0.023706 0.030752
v 0.026789 0.027634 0.032630
v -0.025982 0.033844 0.030264
v -0.025835 0.030515 0.032868
v -0.028528 0.030782 0.029642
v -0.027812 0.027011 0.031625
v 0.010859 -0.012899 0.031334
v 0.012957 -0.014389 0.028229
v 0.008280 -0.019425 0.026839
v 0.009490 -0.019606 0.024021
v 0.007913 0.052518 0.029935
v 0.010789 0.052199 0.030474
v 0.010193 0.046888 0.033312
v -0.024736 0.002610 0.030104
v -0.022791 -0.000989 0.031405
v -0.025684 -0.002463 0.027324
v -0.022290 -0.004966 0.029024
v 0.028306 0.012084 0.029203
v 0.026034 0.006585 0.031632
v 0.026771 0.004531 0.027748
v -0.016115 0.049335 0.030018
v -0.016259 0.046416 0.033538
v -0.019440 0.046687 0.030929
v -0.019046 0.043232 0.033778
v -0.004785 -0.015425 0.029796
v -0.002197 -0.016895 0.029162
v -0.004862 -0.020963 0.025115
v -0.002073 -0.020803 0.023178
v 0.021776 0.042782 0.030868
v 0.024187 0.041041 0.029429
v 0.024154 0.034855 0.034375
v 0.026065 0.032678 0.031941
v -0.026795 0.021139 0.029901
v -0.030073 0.020106 0.028624
v -0.028261 0.014314 0.031426
v -0.028754 0.012860 0.028884
v 0.020091 -0.005425 0.028479
v 0.018638 -0.007334 0.030717
v 0.019730 -0.012610 0.026135
v 0.016921 -0.015206 0.027839
v 0.000021 0.055858 0.029753
v -0.003537 0.052508 0.033823
v -0.000022 0.049376 0.034423
v -0.017196 -0.007038 0.028968
v -0.019490 -0.009438 0.028083
v -0.013818 -0.015248 0.024015
v 0.028550 0.024357 0.029591
v 0.030639 0.019827 0.028791
v 0.028911 0.016231 0.031217
v -0.023837 0.040578 0.028688
v -0.022592 0.038916 0.031624
v -0.027280 0.034313 0.030272
v -0.025051 0.032582 0.032205
v 0.006008 -0.015271 0.029539
v 0.007964 -0.018276 0.026839
v 0.002987 -0.018215 0.028208
v 0.004886 -0.020472 0.025199
v 0.014871 0.049617 0.028247
v 0.014184 0.049682 0.031544
v 0.017785 0.042564 0.032773
v -0.025870 0.009757 0.028472
v -0.029214 0.004231 0.027434
v -0.024844 -0.001679 0.027802
v 0.025479 0.004747 0.029039
v 0.024320 -0.004603 0.026087
v 0.024162 -0.004160 0.029254
v -0.009698 0.052040 0.029187
v -0.013228 0.052181 0.030018
v -0.012528 0.047520 0.035806
v -0.014677 0.045277 0.034820
v -0.010186 -0.014018 0.029255
v -0.007079 -0.019363 0.025800
v -0.010621 -0.018461 0.025616
v 0.025665 0.034967 0.026954
v 0.025421 0.034710 0.031530
v 0.029719 0.029428 0.029496
v 0.028082 0.027698 0.031976
v -0.026293 0.028928 0.027822
v -0.030835 0.022275 0.029102
v -0.027809 0.020296 0.029615
v 0.015512 -0.010895 0.029076
v 0.016079 -0.014193 0.026783
v 0.012636 -0.016506 0.026763
v 0.006365 0.054310 0.028122
v 0.003589 0.054696 0.031198
v 0.008981 0.051394 0.034212
v 0.005909 0.050253 0.036635
v -0.021224 -0.001305 0.027769
v -0.019380 -0.010995 0.024942
v 0.027166 0.016057 0.028513
v 0.029589 0.011155 0.025706
v 0.027996 0.005811 0.029061
v -0.018350 0.045855 0.028748
v -0.022041 0.045758 0.028694
v -0.021583 0.039991 0.033070
v -0.024420 0.038709 0.032342
v -0.000211 -0.016724 0.028820
v 0.002504 -0.019897 0.026234
v -0.002898 -0.020280 0.025359
v 0.000755 -0.020997 0.022538
v 0.020494 0.046923 0.028210
v 0.021543 0.042017 0.032724
v 0.022948 0.039068 0.030451
v -0.027453 0.017046 0.027583
v -0.028619 0.007983 0.029899
v -0.028845 0.006406 0.026942
v 0.023968 -0.002596 0.027887
v 0.020588 -0.007921 0.028920
v 0.021482 -0.009769 0.025625
v -0.005392 0.055292 0.027973
v -0.003056 0.051693 0.031841
v -0.007805 0.049845 0.036047
v -0.014548 -0.010757 0.028073
v -0.017179 -0.012757 0.026867
v -0.012150 -0.016931 0.026100
v -0.013721 -0.018574 0.023811
v 0.025835 0.028092 0.026013
v 0.028249 0.021148 0.028135
v -0.027127 0.037205 0.027466
v -0.026914 0.031790 0.031478
v -0.030298 0.028988 0.030235
v 0.010196 -0.014532 0.027062
v 0.008218 -0.016406 0.027973
v 0.009517 -0.020423 0.023590
v 0.006979 -0.021686 0.023078
v 0.010692 0.052057 0.026953
v 0.015420 0.051391 0.030366
v 0.014376 0.047392 0.034083
v -0.025007 0.004070 0.028623
v -0.028376 0.003019 0.026469
v -0.023686 -0.001042 0.025647
v 0.029177 0.008104 0.027233
v 0.027340 0.004999 0.029552
v 0.027687 0.001483 0.027440
v -0.015280 0.051379 0.027112
v -0.013867 0.050635 0.029755
v -0.017049 0.045619 0.032204
v -0.019240 0.047763 0.030944
v -0.006643 -0.016418 0.028093
v -0.004244 -0.019124 0.026929
v -0.007973 -0.019111 0.025690
v -0.005338 -0.021165 0.023845
v 0.024613 0.041261 0.027996
v 0.028088 0.036867 0.027580
v 0.025931 0.035144 0.031413
v -0.029672 0.025070 0.027924
v -0.029220 0.021056 0.030482
v -0.031956 0.021449 0.026344
v -0.030727 0.017923 0.028418
v 0.017901 -0.007874 0.027041
v 0.019646 -0.013573 0.024269
v 0.014685 -0.016051 0.025992
v 0.015560 -0.017676 0.023046
v 0.001461 0.057496 0.027874
v 0.003629 0.055762 0.030907
v 0.000658 0.053890 0.033018
v -0.021247 -0.006197 0.026359
v -0.018763 -0.008095 0.028081
v -0.020299 -0.013844 0.023881
v -0.017081 -0.015136 0.024670
v 0.030073 0.021466 0.027701
v 0.031883 0.017913 0.026403
v 0.029676 0.017999 0.029769
v 0.030740 0.014513 0.027930
v -0.022641 0.042977 0.026032
v -0.022356 0.039213 0.030506
v -0.027325 0.035254 0.029440
v 0.004619 -0.016550 0.025550
v 0.001049 -0.019335 0.024054
v 0.003339 -0.022056 0.020092
v 0.018554 0.050739 0.026811
v 0.018210 0.046893 0.031603
v 0.021072 0.044209 0.030067
v -0.028991 0.011498 0.028551
v -0.029882 0.005229 0.026240
v 0.025521 0.000893 0.026086
v 0.025136 -0.001064 0.028483
v 0.022733 -0.008017 0.024043
v -0.007855 0.054543 0.026564
v -0.012958 0.053535 0.029539
v -0.009761 0.051091 0.033825
v -0.013175 0.049982 0.034357
v -0.011970 -0.012980 0.026174
v -0.008429 -0.020817 0.019796
v 0.027304 0.033220 0.025849
v 0.027978 0.030932 0.029924
v 0.031184 0.027309 0.026447
v 0.030805 0.023878 0.029103
v -0.027005 0.032074 0.027509
v -0.030277 0.031680 0.026086
v -0.028108 0.025180 0.026925
v 0.014388 -0.013502 0.025720
v 0.011619 -0.015641 0.027581
v 0.013215 -0.019029 0.022460
v 0.010053 -0.019864 0.022839
v 0.007217 0.057297 0.028004
v 0.010792 0.055651 0.028054
v 0.008790 0.052092 0.034164
v 0.011751 0.049717 0.033222
v -0.023783 0.000364 0.026063
v -0.024682 -0.008635 0.023920
v -0.021902 -0.010152 0.025155
v 0.030081 0.013272 0.026980
v 0.031448 0.009667 0.025419
v 0.029317 0.009441 0.028582
v 0.029884 0.006190 0.026642
v -0.017726 0.050420 0.027703
v -0.022892 0.046617 0.027241
v -0.020732 0.043942 0.030845
v -0.001951 -0.017438 0.025977
v -0.004564 -0.019919 0.025285
v -0.000048 -0.022168 0.023740
v -0.001950 -0.024148 0.018686
v 0.022787 0.045022 0.025745
v 0.022703 0.044062 0.029366
v 0.027959 0.038852 0.028111
v 0.027169 0.036329 0.031377
v -0.028777 0.019606 0.026281
v -0.030304 0.011193 0.028340
v -0.031066 0.009644 0.025191
v 0.021173 -0.005911 0.026737
v 0.023342 -0.007277 0.024781
v 0.020051 -0.010908 0.026879
v 0.020647 -0.011332 0.023632
v -0.002520 0.057868 0.025966
v -0.001698 0.054582 0.033132
v -0.004911 0.053643 0.034997
v -0.016102 -0.008542 0.024352
v -0.013852 -0.017472 0.021110
v 0.030025 0.026005 0.025383
v 0.030390 0.024476 0.028406
v 0.032342 0.017781 0.025572
v 0.032904 0.015748 0.028735
v -0.024661 0.039224 0.027474
v -0.027701 0.038165 0.025235
v -0.029121 0.030430 0.028575
v 0.007472 -0.016578 0.026173
v 0.006450 -0.022651 0.018517
v 0.004106 -0.023405 0.021757
v 0.014356 0.054269 0.026414
v 0.018860 0.049084 0.030089
v 0.015100 0.051734 0.030138
v -0.029118 0.006828 0.026318
v -0.027858 0.003324 0.028058
v -0.030302 0.003720 0.024321
v -0.028181 -0.000314 0.025506
v 0.027234 0.005061 0.026242
v 0.030244 0.003086 0.024491
v 0.026424 -0.002920 0.026919
v 0.027450 -0.004123 0.023875
v -0.013491 0.053926 0.025225
v -0.012724 0.051150 0.029702
v -0.017793 0.048801 0.030447
v -0.009393 -0.017029 0.026203
v -0.006337 -0.020036 0.025105
v -0.010502 -0.019663 0.023331
v -0.007273 -0.021938 0.021785
v 0.026167 0.038885 0.026409
v 0.028788 0.037927 0.025157
v 0.028419 0.032563 0.028838
v 0.030182 0.030935 0.026640
v -0.029130 0.027870 0.026550
v -0.032058 0.027109 0.024777
v -0.030907 0.021329 0.028834
v -0.034187 0.019570 0.025960
v 0.015124 -0.011841 0.025677
v 0.018813 -0.013705 0.023792
v 0.013713 -0.018776 0.019957
v 0.002995 0.056983 0.025691
v 0.006462 0.057690 0.027127
v 0.003741 0.054591 0.033107
v 0.007178 0.052971 0.033177
v -0.023950 -0.005060 0.025891
v -0.020923 -0.010171 0.026465
v -0.023059 -0.011767 0.022605
v 0.031665 0.018361 0.024954
v 0.030834 0.012119 0.027831
v 0.030753 0.009964 0.024340
v -0.020816 0.046435 0.026234
v -0.024799 0.046185 0.024938
v -0.024590 0.040519 0.030210
v -0.027755 0.039099 0.028508
v 0.001380 -0.019130 0.025764
v 0.003201 -0.023029 0.021245
v -0.000635 -0.024375 0.019745
v 0.020178 0.050013 0.025678
v 0.023786 0.047236 0.025849
v 0.020669 0.047659 0.028933
v 0.023718 0.044534 0.028511
v -0.029435 0.015050 0.024351
v -0.030485 0.008634 0.027455
v -0.029871 0.003458 0.023925
v 0.023826 -0.002367 0.025443
v 0.024230 -0.005727 0.021130
v 0.022204 -0.009982 0.024553
v -0.006221 0.055915 0.024094
v -0.009789 0.049626 0.032861
v -0.015638 -0.013539 0.023928
v -0.013351 -0.015696 0.025735
v -0.014454 -0.020113 0.020756
v -0.010753 -0.020591 0.020818
v 0.030542 0.031867 0.024441
v 0.030400 0.026606 0.028144
v 0.031115 0.024132 0.024691
v -0.028920 0.036345 0.024603
v -0.028405 0.034812 0.027076
v -0.032338 0.029372 0.025381
v -0.030461 0.027331 0.027277
v 0.010715 -0.015588 0.024419
v 0.011711 -0.018524 0.019672
v 0.007356 -0.023167 0.019894
v 0.010147 0.056019 0.024690
v 0.014691 0.054739 0.028010
v 0.015307 0.049668 0.032812
v -0.026777 0.001588 0.025550
v -0.028932 -0.000213 0.023190
v -0.025308 -0.005160 0.025639
v -0.025691 -0.006473 0.022351
v 0.030596 0.009843 0.025093
v 0.031396 0.004463 0.022804
v 0.029525 0.006318 0.026911
v 0.030359 0.001339 0.025741
v -0.016159 0.052319 0.025344
v -0.019926 0.052226 0.024891
v -0.019876 0.047845 0.030077
v -0.022002 0.045999 0.028502
v -0.003724 -0.018529 0.024242
v -0.007149 -0.020234 0.023589
v -0.003534 -0.020849 0.018484
v 0.024745 0.043134 0.023883
v 0.025348 0.038730 0.026959
v 0.029126 0.034697 0.026234
v -0.029992 0.022915 0.023708
v -0.031877 0.019840 0.026855
v -0.033094 0.017431 0.023988
v 0.020892 -0.009694 0.025648
v 0.020035 -0.014659 0.021834
v 0.000836 0.057764 0.024257
v -0.001726 0.059079 0.026816
v -0.000088 0.051406 0.032719
v -0.020111 -0.008220 0.023306
v -0.015218 -0.016908 0.021256
v -0.019197 -0.017115 0.020572
v 0.030178 0.022917 0.024616
v 0.032240 0.018535 0.021781
v 0.032359 0.013923 0.025902
v -0.024591 0.042600 0.023187
v -0.025203 0.038358 0.027467
v -0.030758 0.034712 0.026368
v 0.005666 -0.019327 0.024594
v 0.007128 -0.022293 0.020279
v 0.001990 -0.023592 0.020233
v 0.016606 0.053029 0.023739
v 0.021391 0.047096 0.029337
v 0.022200 0.048514 0.026795
v -0.029582 0.009684 0.023710
v -0.026817 0.002148 0.024074
v -0.031757 0.002889 0.022180
v 0.027052 0.001557 0.024687
v 0.028970 0.000186 0.022503
v 0.026333 -0.004746 0.025354
v 0.026414 -0.005861 0.021860
v -0.011728 0.056657 0.023540
v -0.010393 0.056693 0.026593
v -0.016134 0.054250 0.027516
v -0.013743 0.052238 0.030163
v -0.011208 -0.017544 0.024877
v -0.010217 -0.022290 0.019503
v 0.027982 0.036614 0.023642
v 0.032270 0.032250 0.023870
v 0.032353 0.026898 0.026098
v -0.030701 0.031909 0.024150
v -0.031537 0.026467 0.026750
v -0.033441 0.024693 0.023629
v 0.015771 -0.014106 0.021988
v 0.011832 -0.017235 0.022681
v 0.012078 -0.020170 0.018301
v 0.005977 0.057215 0.023864
v 0.009521 0.058454 0.024846
v 0.008176 0.055140 0.031233
v 0.010985 0.053599 0.030551
v -0.025612 -0.003029 0.022198
v -0.024481 -0.005181 0.025362
v -0.025360 -0.010623 0.020584
v -0.021792 -0.011718 0.022388
v 0.030841 0.014298 0.022262
v 0.031623 0.012969 0.025405
v 0.029773 0.005768 0.022376
v -0.020907 0.050774 0.023899
v -0.021887 0.048094 0.027367
v -0.024460 0.048340 0.023613
v -0.024884 0.045188 0.026618
v -0.001496 -0.019395 0.023190
v 0.000854 -0.023527 0.020945
v -0.001253 -0.026023 0.015739
v 0.022496 0.048387 0.025007
v 0.025912 0.046303 0.023653
v 0.026354 0.043291 0.025983
v -0.030534 0.018039 0.023282
v -0.034136 0.013124 0.021849
v -0.031114 0.007181 0.023700
v 0.024955 -0.005837 0.023666
v 0.025152 -0.009795 0.020558
v 0.021737 -0.011013 0.024541
v 0.021849 -0.012803 0.020744
v -0.003633 0.059125 0.023750
v -0.006617 0.059478 0.024978
v -0.004973 0.056005 0.031198
v -0.007419 0.053805 0.031137
v -0.018504 -0.013339 0.023572
v -0.015499 -0.016484 0.024260
v -0.018549 -0.016610 0.020298
v -0.015263 -0.019079 0.020588
v 0.029334 0.028207 0.022532
v 0.032030 0.018244 0.023034
v -0.027214 0.039420 0.024069
v -0.030428 0.038347 0.021932
v -0.029739 0.033095 0.026731
v -0.031530 0.030739 0.023766
v 0.010034 -0.018242 0.022610
v 0.006363 -0.020095 0.020895
v 0.007388 -0.022166 0.016595
v 0.013615 0.056984 0.023358
v 0.018278 0.054075 0.025012
v 0.016280 0.052767 0.028579
v -0.029323 0.003502 0.021069
v -0.028864 0.001958 0.024981
v -0.026058 -0.005628 0.021591
v 0.029565 0.006033 0.021593
v 0.030001 0.004209 0.024616
v 0.026945 -0.001920 0.020957
v -0.015294 0.056051 0.023188
v -0.016404 0.054041 0.026748
v -0.020086 0.051754 0.026011
v -0.008270 -0.019513 0.023145
v -0.004638 -0.022594 0.021331
v -0.009175 -0.021940 0.019637
v -0.004996 -0.024065 0.016824
v 0.026141 0.041087 0.023282
v 0.029697 0.040249 0.021704
v 0.031300 0.032058 0.026145
v 0.032441 0.033869 0.023241
v -0.031535 0.025944 0.021337
v -0.031460 0.023259 0.025027
v -0.033027 0.020013 0.022263
v 0.019828 -0.011941 0.022107
v 0.018000 -0.014307 0.023786
v 0.019296 -0.017097 0.019166
v 0.014390 -0.021901 0.018790
v 0.002630 0.060837 0.022924
v 0.005219 0.059768 0.025774
v 0.001270 0.059803 0.026441
v 0.003819 0.057783 0.029141
v -0.023022 -0.007659 0.022840
v -0.025069 -0.011297 0.020134
v -0.019384 -0.014366 0.022669
v -0.019673 -0.017526 0.019256
v 0.031458 0.019677 0.021270
v 0.032747 0.014228 0.024372
v 0.032044 0.010413 0.021672
v -0.024184 0.046477 0.021514
v -0.024453 0.045817 0.024772
v -0.027386 0.039531 0.025412
v -0.029275 0.041816 0.023271
v 0.004021 -0.020553 0.021647
v 0.001120 -0.021859 0.021013
v 0.001991 -0.024267 0.014542
v 0.018183 0.050625 0.021333
v 0.024306 0.048858 0.023130
v 0.022891 0.047274 0.026034
v -0.032755 0.012397 0.021841
v -0.031388 0.010383 0.023960
v -0.030717 0.001820 0.022212
v -0.032967 0.003833 0.020642
v 0.026218 -0.001687 0.022545
v 0.028268 -0.003530 0.020543
v 0.023830 -0.009995 0.018960
v 0.024997 -0.009571 0.022833
v -0.008821 0.059712 0.022475
v -0.010722 0.056055 0.028287
v -0.013405 0.057462 0.025359
v -0.015022 -0.016718 0.022411
v -0.011836 -0.019502 0.022670
v -0.015282 -0.019382 0.019140
v -0.011851 -0.021411 0.019126
v 0.030138 0.034004 0.023304
v 0.031785 0.032929 0.020389
v 0.032709 0.028250 0.021362
v 0.032093 0.029497 0.025059
v -0.030364 0.035405 0.023384
v -0.032397 0.033928 0.020487
v -0.031618 0.030917 0.024967
v -0.032783 0.029321 0.022061
v 0.014272 -0.017284 0.022245
v 0.014523 -0.019869 0.019000
v 0.011042 -0.020014 0.022317
v 0.010856 -0.022150 0.018574
v 0.008823 0.059547 0.022804
v 0.014298 0.057193 0.024244
v 0.013078 0.055985 0.028422
v -0.029123 -0.001125 0.020941
v -0.026061 -0.006456 0.023214
v -0.027345 -0.009765 0.020301
v 0.032347 0.011250 0.022968
v 0.032470 0.009170 0.019881
v 0.031275 0.002327 0.023375
v 0.030451 0.000822 0.019914
v -0.018754 0.053671 0.022859
v -0.024428 0.049619 0.022798
v -0.023049 0.046748 0.025426
v -0.004032 -0.021174 0.021979
v -0.000664 -0.024493 0.016832
v -0.005328 -0.023857 0.017547
v 0.023412 0.045614 0.021255
v 0.029656 0.042777 0.021501
v 0.029450 0.036918 0.024428
v -0.033063 0.020209 0.023747
v -0.034452 0.017719 0.019893
v 0.023042 -0.008811 0.019416
v 0.021751 -0.011151 0.023164
v 0.021603 -0.015779 0.018041
v 0.019239 -0.016885 0.020024
v -0.001481 0.060066 0.021163
v -0.003050 0.056658 0.030659
v -0.019405 -0.012053 0.022363
v -0.021706 -0.014007 0.018927
v -0.015724 -0.018114 0.018918
v 0.032961 0.025847 0.021590
v 0.034553 0.019345 0.020345
v 0.033337 0.020811 0.023843
v -0.027137 0.043236 0.022814
v -0.031238 0.038907 0.020761
v -0.030284 0.035744 0.023193
v 0.007589 -0.020615 0.021531
v 0.006375 -0.024156 0.015616
v 0.003756 -0.023773 0.018825
v 0.016416 0.056337 0.021461
v 0.021621 0.052971 0.022102
v 0.017291 0.054367 0.025145
v 0.021741 0.051273 0.026279
v -0.028054 0.007387 0.020162
v -0.028472 -0.000714 0.019609
v 0.030441 0.002796 0.021319
v 0.029387 -0.004183 0.019386
v 0.029333 -0.000943 0.022691
v -0.012171 0.057439 0.022362
v -0.015920 0.057641 0.020963
v -0.017578 0.050787 0.025199
v -0.009109 -0.018632 0.020977
v -0.011826 -0.021132 0.018551
v -0.005270 -0.024676 0.017220
v -0.006944 -0.026498 0.014053
v 0.027771 0.038832 0.020693
v 0.032590 0.036371 0.020308
v 0.032010 0.030489 0.022232
v -0.032449 0.030352 0.021092
v -0.032949 0.026550 0.023550
v -0.034749 0.025064 0.019478
v -0.033471 0.022025 0.021783
v 0.017954 -0.014569 0.018990
v 0.016263 -0.016759 0.022177
v 0.015638 -0.020720 0.016600
v 0.012188 -0.020276 0.017606
v 0.004513 0.059661 0.021166
v 0.007772 0.060900 0.021606
v 0.006467 0.058562 0.028196
v 0.010067 0.056912 0.027656
v -0.026966 -0.006325 0.019783
v -0.023003 -0.012911 0.020415
v 0.031677 0.016251 0.018949
v 0.033067 0.014550 0.022731
v 0.030387 0.006242 0.019429
v -0.023039 0.050596 0.020836
v -0.024303 0.048149 0.024081
v -0.026216 0.048534 0.019814
v -0.027169 0.045288 0.022817
v -0.000418 -0.020804 0.019558
v 0.002843 -0.022949 0.015302
v -0.000951 -0.026836 0.011658
v 0.022740 0.050845 0.019675
v 0.022700 0.050109 0.023372
v 0.026673 0.046877 0.020268
v 0.026023 0.045304 0.023580
v -0.033071 0.014955 0.018677
v -0.032203 0.013398 0.022388
v -0.030977 0.005287 0.019878
v 0.026362 -0.004975 0.019714
v 0.025606 -0.007549 0.022228
v 0.026455 -0.010393 0.017468
v 0.021834 -0.015045 0.018282
v -0.005008 0.058357 0.021281
v -0.009348 0.061005 0.021390
v -0.008562 0.057881 0.028547
v -0.011657 0.056714 0.028167
v -0.017794 -0.015836 0.020514
v -0.014474 -0.018867 0.021332
v -0.017623 -0.018659 0.017125
v -0.013787 -0.021272 0.017452
v 0.032473 0.031431 0.020425
v 0.034728 0.027733 0.018584
v 0.032931 0.027789 0.023150
v 0.034466 0.024142 0.020935
v -0.030164 0.038958 0.020376
v -0.032073 0.033650 0.023079
v -0.033797 0.032091 0.019858
v 0.010810 -0.017247 0.019082
v 0.007034 -0.024528 0.017446
v 0.007672 -0.024778 0.014045
v 0.011315 0.055795 0.018733
v 0.018901 0.051166 0.026019
v -0.030465 0.001641 0.020208
v -0.029026 -0.002020 0.022261
v -0.030913 -0.001782 0.017583
v -0.028772 -0.005147 0.019325
v 0.031578 0.007473 0.018607
v 0.029696 0.003665 0.021192
v 0.030289 -0.000514 0.018307
v -0.017384 0.056352 0.020124
v -0.021143 0.051613 0.024543
v -0.022272 0.053139 0.020460
v -0.005224 -0.021246 0.020217
v -0.008147 -0.022884 0.017308
v -0.001944 -0.025587 0.015195
v -0.003601 -0.025499 0.012089
v 0.027375 0.043978 0.018741
v 0.027794 0.043389 0.022286
v 0.031536 0.039004 0.019259
v 0.030298 0.037050 0.021904
v -0.031908 0.023551 0.021172
v -0.034936 0.023499 0.018146
v -0.033695 0.018041 0.019316
v 0.019621 -0.010178 0.018392
v 0.015719 -0.017468 0.016403
v 0.002215 0.060201 0.019942
v -0.000953 0.062250 0.021962
v 0.003553 0.059653 0.026111
v 0.000783 0.059895 0.028588
v -0.022316 -0.010222 0.020133
v -0.024022 -0.012462 0.017616
v -0.019138 -0.017547 0.019693
v -0.019811 -0.019925 0.016174
v 0.033922 0.022483 0.019699
v 0.035421 0.019399 0.017817
v 0.034059 0.019400 0.021857
v 0.034734 0.015914 0.019772
v -0.026409 0.046805 0.019660
v -0.027816 0.044067 0.022576
v -0.029543 0.044147 0.018362
v -0.030035 0.041317 0.020974
v 0.003382 -0.022468 0.019940
v 0.006667 -0.023767 0.017408
v 0.000615 -0.026142 0.014201
v 0.003023 -0.024909 0.011512
v 0.018239 0.053582 0.019704
v 0.022862 0.049933 0.018431
v 0.025843 0.047799 0.024164
v -0.030760 0.009550 0.019947
v -0.031929 0.005477 0.016561
v -0.030668 0.001014 0.019206
v 0.029030 -0.000670 0.017837
v 0.028878 -0.002361 0.021161
v 0.028746 -0.006093 0.016821
v 0.026588 -0.007242 0.018897
v -0.011590 0.060360 0.018709
v -0.013300 0.058240 0.024373
v -0.016617 0.056574 0.024361
v -0.014461 -0.019402 0.018260
v -0.009712 -0.022997 0.017037
v 0.031214 0.036428 0.017961
v 0.031213 0.035225 0.021355
v 0.033562 0.028244 0.021319
v 0.034544 0.030091 0.017708
v -0.032282 0.033930 0.019204
v -0.033083 0.030559 0.021811
v -0.034557 0.030296 0.017421
v -0.034549 0.027025 0.019736
v 0.014766 -0.016755 0.019064
v 0.013885 -0.019086 0.014567
v 0.010402 -0.022910 0.016055
v 0.009560 0.059745 0.018151
v 0.007834 0.060989 0.022159
v 0.014267 0.058545 0.023136
v 0.012471 0.057041 0.025496
v -0.028565 -0.003536 0.019045
v -0.026815 -0.007763 0.020314
v -0.028285 -0.007303 0.016729
v -0.025848 -0.010744 0.017775
v 0.033546 0.013247 0.019794
v 0.034494 0.006807 0.017205
v 0.033053 0.004395 0.019106
v -0.021163 0.052472 0.017939
v -0.022736 0.049113 0.022215
v -0.027541 0.046373 0.020196
v -0.002254 -0.020601 0.017754
v -0.000239 -0.024617 0.009058
v 0.024563 0.048407 0.017800
v 0.025662 0.047992 0.020907
v 0.028432 0.039308 0.019701
v -0.034277 0.019265 0.018755
v -0.033722 0.012859 0.020518
v -0.035277 0.014587 0.016570
v 0.024415 -0.008143 0.018918
v 0.025245 -0.010022 0.016817
v 0.018944 -0.015839 0.015512
v -0.003434 0.059973 0.018081
v -0.004069 0.060776 0.024520
v -0.006644 0.059567 0.024663
v -0.019561 -0.013888 0.017013
v -0.018320 -0.016276 0.019961
v -0.017326 -0.020282 0.014603
v -0.014216 -0.020389 0.016375
v 0.033227 0.027980 0.019073
v 0.033593 0.023709 0.015570
v 0.034635 0.023781 0.021393
v 0.035238 0.019831 0.019209
v -0.028542 0.041237 0.017335
v -0.029814 0.040736 0.020702
v -0.033520 0.035902 0.017796
v -0.032523 0.034269 0.020228
v 0.008078 -0.019994 0.017914
v 0.007832 -0.022946 0.012895
v 0.002715 -0.026074 0.012024
v 0.014620 0.057045 0.018677
v 0.017591 0.057496 0.017799
v 0.020370 0.054416 0.023263
v 0.022130 0.052082 0.021335
v -0.032131 0.004573 0.018316
v -0.030508 -0.000870 0.020332
v -0.031138 -0.002504 0.015807
v 0.030951 0.004164 0.018849
v 0.032323 0.002865 0.016305
v 0.030740 -0.001062 0.019930
v 0.030829 -0.002547 0.016389
v -0.014451 0.056594 0.017300
v -0.017185 0.057379 0.021872
v -0.020857 0.053762 0.020703
v -0.008269 -0.020399 0.017948
v -0.008267 -0.021981 0.013437
v -0.003887 -0.024632 0.013377
v 0.029554 0.042223 0.018096
v 0.032292 0.039188 0.016726
v 0.030820 0.039553 0.020598
v 0.032671 0.036392 0.018893
v -0.031569 0.027406 0.018430
v -0.034976 0.027041 0.016572
v -0.032761 0.020447 0.017497
v 0.018731 -0.013739 0.016326
v 0.015146 -0.020344 0.016961
v 0.014499 -0.021504 0.014148
v 0.002877 0.061093 0.018319
v 0.006840 0.062176 0.019095
v 0.005413 0.060625 0.026419
v 0.008776 0.059165 0.026552
v -0.023569 -0.006922 0.016925
v -0.020649 -0.013860 0.016791
v -0.024200 -0.014139 0.015001
v 0.032850 0.018395 0.018293
v 0.035062 0.017191 0.015764
v 0.034745 0.012443 0.019681
v 0.034372 0.011078 0.016526
v -0.022319 0.047555 0.017077
v -0.028479 0.041513 0.018479
v 0.002202 -0.023194 0.017742
v 0.002336 -0.025685 0.011161
v -0.000687 -0.025625 0.013407
v 0.021202 0.051775 0.016393
v 0.022890 0.052400 0.019866
v 0.026595 0.045361 0.019187
v -0.032951 0.013235 0.016413
v -0.033621 0.011391 0.019256
v -0.034509 0.004652 0.015468
v -0.032539 0.002762 0.017610
v 0.027567 -0.004276 0.015581
v 0.028011 -0.005643 0.019019
v 0.024047 -0.009894 0.015980
v -0.008218 0.062117 0.017516
v -0.011788 0.059836 0.022736
v -0.011955 0.061325 0.018721
v -0.014779 -0.016790 0.017360
v -0.016408 -0.019546 0.015365
v -0.008243 -0.022655 0.012380
v 0.032206 0.033477 0.017748
v 0.034024 0.028769 0.015096
v 0.034919 0.024194 0.018445
v -0.031747 0.037479 0.017316
v -0.032991 0.034382 0.019543
v -0.034654 0.031368 0.016594
v 0.012870 -0.017992 0.016428
v 0.008185 -0.024817 0.014889
v 0.007331 -0.023567 0.011626
v 0.010753 0.058880 0.016383
v 0.017318 0.056138 0.022588
v 0.018117 0.057560 0.020117
v -0.030429 -0.000980 0.016110
v -0.029309 -0.002771 0.018700
v -0.028920 -0.008618 0.014495
v -0.025760 -0.009386 0.016447
v 0.032432 0.009381 0.017723
v 0.033916 0.008235 0.015214
v 0.030689 0.003693 0.016120
v -0.018753 0.055278 0.018081
v -0.021876 0.055261 0.015669
v -0.023649 0.051481 0.021046
v -0.027615 0.051534 0.018940
v -0.006333 -0.023636 0.017304
v -0.001100 -0.025949 0.013414
v -0.000405 -0.027168 0.007704
v 0.026846 0.046292 0.015697
v 0.028037 0.045981 0.019140
v 0.032650 0.040733 0.015909
v 0.033298 0.039108 0.020226
v -0.034718 0.022840 0.016866
v -0.035278 0.016911 0.018968
v -0.036454 0.014588 0.015465
v 0.022671 -0.011098 0.017169
v 0.021738 -0.013143 0.013708
v 0.020195 -0.016459 0.016313
v -0.000190 0.061545 0.016931
v -0.000383 0.060018 0.024391
v -0.003250 0.062328 0.023303
v -0.021233 -0.011477 0.015786
v -0.016819 -0.016742 0.015935
v -0.020401 -0.018107 0.013777
v 0.033830 0.024775 0.016749
v 0.034535 0.016432 0.015125
v 0.035782 0.017436 0.018242
v -0.028407 0.045743 0.015747
v -0.031325 0.040734 0.019214
v -0.033021 0.038081 0.017078
v 0.006114 -0.021210 0.016275
v 0.004100 -0.023310 0.010126
v 0.002153 -0.025731 0.013635
v 0.018125 0.057311 0.016501
v 0.022393 0.055266 0.015756
v 0.020469 0.055343 0.019794
v 0.023875 0.052867 0.018659
v -0.031076 0.008109 0.016140
v -0.030270 -0.003136 0.014987
v 0.031351 0.000773 0.016370
v 0.031212 -0.002972 0.013936
v 0.029398 -0.005027 0.018126
v 0.027953 -0.007465 0.014677
v -0.014002 0.059121 0.014775
v -0.014009 0.057033 0.020067
v -0.019428 0.056409 0.019158
v -0.011218 -0.020154 0.016752
v -0.011065 -0.022395 0.011918
v -0.005843 -0.023139 0.013248
v 0.031339 0.039359 0.016203
v 0.033923 0.035908 0.014111
v 0.032782 0.035837 0.019004
v 0.034646 0.032026 0.016750
v -0.033586 0.032136 0.016145
v -0.034541 0.028658 0.018637
v -0.035491 0.028970 0.014012
v -0.035617 0.025376 0.016385
v 0.018701 -0.017257 0.015135
v 0.013463 -0.021698 0.016660
v 0.012147 -0.022209 0.012157
v 0.006665 0.061335 0.015507
v 0.013001 0.061002 0.020041
v 0.012303 0.059666 0.022432
v -0.026059 -0.005098 0.015685
v -0.022787 -0.015259 0.014217
v 0.034553 0.015384 0.017039
v 0.035434 0.009786 0.013242
v 0.034828 0.006927 0.016814
v -0.023205 0.052830 0.015882
v -0.025399 0.050444 0.018752
v -0.026615 0.050581 0.014402
v -0.028152 0.047678 0.017146
v -0.000677 -0.023837 0.015845
v 0.001460 -0.025971 0.008659
v -0.002257 -0.025828 0.010394
v 0.022318 0.049636 0.015088
v 0.027691 0.044142 0.016303
v -0.033352 0.016445 0.016316
v -0.035800 0.015162 0.013851
v -0.034596 0.009866 0.017235
v -0.035237 0.008231 0.014569
v 0.025762 -0.007051 0.013634
v 0.026073 -0.009525 0.017452
v 0.024298 -0.014719 0.012611
v 0.022374 -0.015980 0.014932
v -0.006191 0.063194 0.015206
v -0.005424 0.062868 0.018084
v -0.011465 0.062098 0.019795
v -0.010223 0.059698 0.022053
v -0.017118 -0.014398 0.014760
v -0.016365 -0.021079 0.012387
v -0.013963 -0.021582 0.014507
v 0.032970 0.029566 0.014010
v 0.034587 0.028293 0.017551
v 0.033658 0.018809 0.014953
v -0.030128 0.040008 0.014279
v -0.031148 0.039383 0.017339
v -0.032033 0.033433 0.015372
v 0.011733 -0.021266 0.014186
v 0.009277 -0.022160 0.016355
v 0.009072 -0.024269 0.010989
v 0.005815 -0.024731 0.013241
v 0.014294 0.058659 0.014171
v 0.015262 0.059482 0.018142
v 0.021599 0.056402 0.016197
v 0.022589 0.055972 0.019898
v -0.030237 0.001598 0.016118
v -0.032221 0.000131 0.013656
v -0.027767 -0.007331 0.013877
v 0.032624 0.005930 0.014113
v 0.032888 0.004129 0.016986
v 0.032361 -0.000058 0.013024
v 0.030895 -0.001459 0.015264
v -0.016441 0.056809 0.016112
v -0.019282 0.057546 0.013968
v -0.022541 0.054770 0.018756
v -0.023843 0.053010 0.016501
v -0.008375 -0.021954 0.013866
v -0.005369 -0.023278 0.015262
v -0.004941 -0.025928 0.009346
v -0.001508 -0.026092 0.010343
v 0.028034 0.042264 0.012736
v 0.029981 0.043088 0.017336
v 0.032010 0.036679 0.015776
v -0.033934 0.025953 0.013906
v -0.034841 0.024408 0.016947
v -0.034036 0.018567 0.014570
v 0.021108 -0.013578 0.013326
v 0.020345 -0.015963 0.016726
v 0.018946 -0.019760 0.011390
v 0.016736 -0.021451 0.014155
v 0.001429 0.062783 0.015320
v 0.004847 0.063872 0.016274
v 0.004955 0.060848 0.022691
v -0.024000 -0.010045 0.013717
v -0.020956 -0.014575 0.015980
v -0.019122 -0.018946 0.012093
v 0.035215 0.021186 0.014752
v 0.036135 0.013822 0.013419
v 0.035877 0.015474 0.016483
v -0.025890 0.047645 0.013564
v -0.027685 0.046881 0.017075
v -0.032447 0.042233 0.013502
v -0.032232 0.039807 0.016520
v 0.002665 -0.022637 0.014447
v 0.005013 -0.024341 0.012520
v -0.000542 -0.026187 0.010875
v 0.001577 -0.025569 0.007873
v 0.020619 0.055601 0.015876
v 0.026155 0.052052 0.013797
v 0.027930 0.050383 0.017015
v -0.034552 0.011171 0.014532
v -0.034299 0.007472 0.016702
v -0.035075 0.007723 0.012196
v -0.034022 0.004460 0.014238
v 0.028399 -0.001807 0.013802
v 0.027152 -0.010174 0.015583
v 0.025031 -0.010362 0.011812
v -0.009258 0.059243 0.014363
v -0.017114 0.060335 0.015967
v -0.016746 0.057832 0.018361
v -0.014580 -0.019529 0.015307
v -0.015190 -0.020434 0.012075
v -0.010202 -0.023849 0.010436
v -0.009951 -0.023024 0.014541
v 0.032528 0.035770 0.015663
v 0.033405 0.034593 0.012346
v 0.035205 0.030092 0.013526
v 0.034594 0.031099 0.016227
v -0.031932 0.034219 0.015269
v -0.034422 0.033685 0.012766
v -0.035958 0.024969 0.014215
v 0.015626 -0.019151 0.012909
v 0.013519 -0.020590 0.015449
v 0.008013 -0.025550 0.012392
v 0.010787 -0.024126 0.009701
v 0.009759 0.059890 0.013716
v 0.018442 0.056903 0.018215
v -0.028604 -0.003420 0.015313
v -0.029858 -0.005074 0.011830
v -0.023543 -0.010605 0.012522
v 0.033363 0.011852 0.013970
v 0.035162 0.006797 0.011929
v 0.032292 0.000614 0.013783
v -0.021163 0.055455 0.013990
v -0.023563 0.053537 0.016771
v -0.024659 0.053496 0.012296
v -0.026630 0.050792 0.015039
v -0.002873 -0.020987 0.013040
v -0.002797 -0.025868 0.008744
v 0.000705 -0.025266 0.009384
v 0.026467 0.049375 0.013873
v 0.029405 0.046947 0.012237
v 0.028671 0.046754 0.016353
v 0.031010 0.043667 0.014491
v -0.034040 0.020041 0.014698
v -0.036153 0.018940 0.011887
v -0.035664 0.013142 0.015639
v -0.036243 0.011354 0.012682
v 0.025795 -0.010326 0.013762
v 0.024810 -0.013531 0.011086
v 0.023793 -0.013687 0.015559
v 0.022231 -0.016175 0.012810
v -0.001431 0.062621 0.015507
v -0.006511 0.062821 0.015069
v -0.005580 0.062794 0.019710
v -0.020340 -0.014323 0.014387
v -0.021656 -0.016057 0.011788
v -0.015705 -0.018188 0.011877
v 0.032316 0.025591 0.012701
v 0.035014 0.015681 0.013280
v -0.026808 0.042449 0.013045
v -0.034304 0.037339 0.012263
v -0.032553 0.034470 0.014611
v 0.008322 -0.021632 0.012017
v 0.006190 -0.024159 0.014080
v 0.003632 -0.026033 0.007906
v 0.000515 -0.027538 0.009271
v 0.016368 0.056524 0.012207
v 0.018331 0.058041 0.015521
v 0.023881 0.051393 0.014885
v -0.032213 0.005307 0.012168
v -0.032643 0.003479 0.015295
v -0.030682 -0.001652 0.013999
v -0.032966 -0.000770 0.011047
v 0.030433 0.002370 0.013928
v 0.032551 0.000615 0.011097
v 0.030524 -0.005193 0.014603
v 0.029440 -0.005928 0.011567
v -0.014326 0.059356 0.014268
v -0.016400 0.060164 0.011783
v -0.018766 0.058238 0.016133
v -0.019867 0.056914 0.013571
v -0.009886 -0.021429 0.013958
v -0.010926 -0.023359 0.010771
v -0.004569 -0.025814 0.012672
v -0.004645 -0.027190 0.008347
v 0.030851 0.041474 0.012661
v 0.032083 0.039458 0.015301
v 0.034463 0.035708 0.011254
v 0.034510 0.032979 0.013676
v -0.033929 0.029736 0.012265
v -0.034700 0.028058 0.015298
v -0.036747 0.024318 0.010672
v -0.035979 0.021727 0.014031
v 0.018442 -0.016308 0.011220
v 0.018444 -0.018490 0.014321
v 0.012148 -0.023301 0.011109
v 0.004615 0.062843 0.013987
v 0.007768 0.063477 0.012202
v 0.009837 0.062948 0.018725
v 0.013099 0.062314 0.016629
v -0.027825 -0.008295 0.012120
v -0.025764 -0.009717 0.014325
v -0.024142 -0.015450 0.010335
v -0.021342 -0.016184 0.012363
v 0.034064 0.017141 0.013227
v 0.034470 0.013475 0.010612
v 0.034899 0.009665 0.013404
v -0.025213 0.051713 0.011616
v -0.029171 0.047139 0.015299
v -0.031869 0.045023 0.012901
v 0.001137 -0.024433 0.012773
v 0.002582 -0.025617 0.009086
v -0.001865 -0.025630 0.009906
v -0.000448 -0.025959 0.005973
v 0.022692 0.052081 0.011549
v 0.024894 0.052386 0.014717
v 0.028355 0.045141 0.013083
v -0.033840 0.014023 0.013451
v -0.033935 0.009989 0.010441
v -0.033160 0.004807 0.012894
v 0.028910 -0.005864 0.012590
v 0.027873 -0.009707 0.010164
v 0.027224 -0.009856 0.014367
v 0.025679 -0.012702 0.011905
v -0.007731 0.062537 0.011756
v -0.008479 0.063207 0.015445
v -0.015611 0.062055 0.013688
v -0.015352 0.060431 0.016869
v -0.018173 -0.018242 0.012488
v -0.015296 -0.021185 0.013604
v -0.016365 -0.020821 0.010129
v -0.012548 -0.023291 0.010966
v 0.031399 0.032002 0.011584
v 0.035824 0.022556 0.013786
v 0.036521 0.024380 0.010369
v -0.030278 0.037715 0.013010
v -0.033138 0.037307 0.010906
v -0.034339 0.028880 0.012265
v 0.012934 -0.020743 0.010609
v 0.011426 -0.022455 0.013998
v 0.009480 -0.024165 0.008818
v 0.006964 -0.024042 0.011188
v 0.012569 0.061650 0.012266
v 0.016682 0.060702 0.011027
v 0.016063 0.060444 0.015071
v 0.019210 0.058899 0.013588
v -0.029921 0.000517 0.011827
v -0.030978 -0.004694 0.013729
v -0.027706 -0.008710 0.011081
v 0.031804 0.008222 0.011775
v 0.030356 -0.002531 0.011502
v -0.018646 0.055937 0.013009
v -0.021131 0.056524 0.010786
v -0.026228 0.050258 0.013315
v -0.006564 -0.023784 0.012046
v -0.002594 -0.025320 0.012471
v -0.005273 -0.025159 0.008319
v -0.001212 -0.025947 0.008669
v 0.026231 0.044851 0.011587
v 0.029586 0.039854 0.012044
v -0.033430 0.023974 0.012321
v -0.036603 0.019297 0.009498
v -0.034571 0.013243 0.012597
v 0.021822 -0.012450 0.010197
v 0.019396 -0.015649 0.013432
v 0.017703 -0.019038 0.009818
v -0.000529 0.063754 0.012220
v 0.002332 0.064051 0.013009
v -0.000470 0.064678 0.017898
v 0.002552 0.064163 0.018725
v -0.021555 -0.010472 0.011479
v -0.017488 -0.018896 0.011756
v -0.020309 -0.018899 0.009007
v 0.032908 0.023083 0.011646
v 0.033553 0.013591 0.011011
v -0.027323 0.046307 0.010568
v -0.028993 0.045739 0.013686
v -0.032588 0.042020 0.009873
v -0.032039 0.039871 0.012596
v 0.005541 -0.022912 0.010610
v 0.000626 -0.024254 0.010649
v -0.001600 -0.025549 0.005898
v 0.019329 0.056505 0.012558
v 0.020990 0.056286 0.010028
v 0.024066 0.050468 0.011755
v -0.034502 0.008865 0.011475
v -0.034314 0.004876 0.013225
v -0.034696 0.005438 0.009548
v -0.033505 0.001413 0.011169
v 0.031494 -0.000879 0.011420
v 0.030158 -0.006078 0.008533
v 0.030428 -0.004434 0.013587
v 0.027747 -0.008383 0.011703
v -0.010617 0.058883 0.011308
v -0.021399 0.055484 0.012285
v -0.013816 -0.020949 0.010456
v -0.011991 -0.022160 0.012544
v -0.008203 -0.025503 0.008098
v -0.005228 -0.024397 0.010097
v 0.031429 0.037297 0.009921
v 0.033321 0.037121 0.013105
v 0.032861 0.030959 0.010974
v -0.031699 0.032960 0.010676
v -0.036002 0.029429 0.013513
v -0.035670 0.023848 0.010311
v 0.017646 -0.018789 0.011147
v 0.013516 -0.022930 0.008507
v 0.011346 -0.024211 0.011330
v 0.008024 0.063497 0.011095
v 0.013857 0.062516 0.009363
v 0.010985 0.062952 0.014086
v 0.016532 0.062207 0.013540
v -0.028478 -0.004643 0.010639
v -0.025293 -0.011306 0.011863
v -0.027579 -0.010979 0.008760
v 0.035324 0.013865 0.010973
v 0.035762 0.010409 0.008325
v 0.035404 0.010443 0.013609
v 0.035079 0.006963 0.010751
v -0.021911 0.053539 0.010383
v -0.026457 0.051725 0.013543
v -0.028869 0.049579 0.009065
v -0.028760 0.047022 0.011712
v -0.001377 -0.024515 0.011209
v -0.000714 -0.025737 0.005858
v 0.002413 -0.024059 0.005262
v 0.024982 0.050358 0.009788
v 0.026852 0.050093 0.012740
v 0.029986 0.046131 0.009144
v 0.030439 0.044430 0.011599
v -0.035785 0.017886 0.011905
v -0.036153 0.011392 0.009503
v 0.025338 -0.008674 0.009756
v 0.023672 -0.013018 0.011990
v 0.020299 -0.016172 0.008980
v -0.004444 0.064323 0.010649
v -0.007503 0.064272 0.013605
v -0.010078 0.063959 0.009384
v -0.012252 0.062294 0.012851
v -0.019139 -0.015472 0.009725
v -0.018912 -0.018309 0.012312
v -0.014557 -0.023009 0.007999
v -0.012435 -0.023352 0.010300
v 0.033448 0.028585 0.011031
v 0.035633 0.027180 0.008434
v 0.037076 0.020579 0.012127
v 0.036283 0.018897 0.009380
v -0.030149 0.041756 0.011255
v -0.032046 0.041127 0.008708
v -0.033756 0.036492 0.012058
v -0.033754 0.034812 0.009665
v 0.010574 -0.022680 0.010424
v 0.003704 -0.026093 0.007453
v 0.005120 -0.025503 0.011036
v 0.015336 0.060354 0.010367
v 0.019241 0.059018 0.008408
v 0.018374 0.059181 0.012564
v 0.021663 0.057162 0.010550
v -0.031967 0.003091 0.009049
v -0.032763 0.001883 0.012158
v -0.032334 -0.001916 0.008017
v -0.030767 -0.002735 0.011483
v 0.033490 0.004523 0.010251
v 0.033167 0.000699 0.007831
v 0.032952 0.000651 0.012412
v 0.031812 -0.002986 0.009945
v -0.016073 0.057632 0.011050
v -0.018678 0.058960 0.008619
v -0.024610 0.052449 0.010402
v -0.008937 -0.022143 0.009006
v -0.007510 -0.023963 0.011717
v -0.003544 -0.026119 0.006614
v -0.000998 -0.026082 0.009641
v 0.027374 0.041947 0.009958
v 0.034940 0.035966 0.011637
v 0.033828 0.033231 0.008923
v -0.031266 0.026829 0.010227
v -0.036901 0.021494 0.008265
v -0.035818 0.019706 0.010578
v 0.021107 -0.015470 0.011047
v 0.019885 -0.016498 0.007604
v 0.016041 -0.021851 0.011537
v 0.013822 -0.022205 0.008228
v 0.003301 0.064514 0.009922
v 0.007135 0.064869 0.007841
v 0.007021 0.064647 0.012261
v 0.010382 0.064187 0.010176
v -0.025743 -0.010015 0.008466
v -0.025037 -0.011971 0.011891
v -0.019914 -0.018915 0.010133
v -0.021651 -0.017449 0.007388
v 0.034422 0.019242 0.009055
v 0.036168 0.017762 0.011370
v 0.033314 0.009042 0.009104
v -0.026219 0.050235 0.010760
v -0.029298 0.046900 0.007373
v -0.029722 0.044008 0.010554
v 0.002504 -0.021522 0.009465
v -0.007305 -0.023504 0.004062
v 0.020941 0.053734 0.008939
v 0.028235 0.050006 0.007507
v 0.028454 0.048114 0.010867
v -0.033331 0.011297 0.011515
v -0.034131 0.009184 0.006861
v -0.034330 0.005697 0.010057
v 0.030083 -0.004112 0.009528
v 0.029033 -0.007905 0.007143
v 0.028869 -0.007871 0.011504
v 0.026972 -0.011312 0.009207
v -0.009428 0.061988 0.010669
v -0.010872 0.063161 0.007418
v -0.015635 0.061474 0.011033
v -0.016600 0.060088 0.008279
v -0.015292 -0.018780 0.010302
v -0.015375 -0.020994 0.007615
v -0.007894 -0.022714 0.008815
v 0.029849 0.033407 0.008969
v 0.034200 0.026602 0.009172
v -0.031364 0.036586 0.009184
v -0.034877 0.028248 0.010698
v -0.035537 0.029931 0.007182
v 0.014100 -0.019732 0.008462
v 0.013558 -0.022011 0.010728
v 0.008387 -0.024740 0.007016
v 0.006172 -0.024538 0.009363
v 0.010929 0.061577 0.009899
v 0.012670 0.062223 0.006939
v 0.018305 0.060505 0.010594
v 0.018762 0.058956 0.007565
v -0.030028 -0.002082 0.008131
v -0.029454 -0.003967 0.011173
v -0.028623 -0.009230 0.006821
v -0.027133 -0.010787 0.009698
v 0.032600 0.010556 0.009190
v 0.030859 -0.000531 0.008553
v -0.020681 0.056772 0.007926
v -0.021979 0.055467 0.011016
v -0.026024 0.052884 0.006710
v -0.026108 0.050502 0.009631
v -0.004426 -0.023837 0.007652
v -0.000745 -0.023193 0.010584
v 0.001991 -0.024748 0.006924
v 0.028388 0.048405 0.007386
v 0.030015 0.045515 0.010738
v -0.035214 0.021840 0.008146
v -0.036031 0.020179 0.010736
v -0.036657 0.015025 0.006929
v -0.035777 0.013659 0.009486
v 0.022325 -0.009974 0.008777
v 0.022077 -0.016166 0.006954
v 0.020837 -0.016910 0.009478
v -0.001493 0.064679 0.008749
v -0.005784 0.065192 0.008119
v -0.003293 0.065259 0.004977
v -0.007444 0.064829 0.004282
v -0.021748 -0.013564 0.007531
v -0.021594 -0.015670 0.010808
v -0.018819 -0.019804 0.006471
v -0.016724 -0.020146 0.009406
v 0.035424 0.025742 0.008639
v 0.036425 0.022203 0.005983
v 0.036433 0.022014 0.011151
v 0.036645 0.018768 0.008413
v -0.028054 0.043864 0.009745
v -0.030802 0.040634 0.006116
v -0.033256 0.036285 0.009043
v 0.006533 -0.022071 0.007706
v 0.005855 -0.024674 0.010131
v -0.001821 -0.024116 0.008002
v 0.017963 0.058655 0.008469
v 0.023841 0.054534 0.006187
v 0.022784 0.055790 0.010263
v -0.031396 0.006031 0.009502
v -0.034294 0.004677 0.006741
v -0.029826 -0.003176 0.008289
v 0.031814 0.001039 0.007056
v 0.032247 -0.000640 0.010569
v 0.030542 -0.004018 0.005921
v 0.029471 -0.005343 0.009380
v -0.014625 0.059779 0.010312
v -0.015026 0.060978 0.005932
v -0.019091 0.057313 0.007191
v -0.010368 -0.019992 0.009451
v -0.010084 -0.022972 0.006251
v -0.002799 -0.024652 0.008147
v 0.028990 0.038731 0.008217
v 0.034540 0.035904 0.009600
v 0.032682 0.034260 0.006889
v -0.033105 0.030555 0.008998
v -0.034765 0.025971 0.005844
v -0.036255 0.020910 0.008773
v 0.019237 -0.017668 0.008079
v 0.013543 -0.022660 0.006673
v 0.015311 -0.021806 0.009823
v 0.006411 0.062616 0.006882
v 0.009275 0.063146 0.008765
v 0.015707 0.060549 0.004513
v -0.025837 -0.006022 0.007900
v -0.026280 -0.012271 0.010440
v -0.022477 -0.016418 0.007132
v 0.033934 0.016110 0.008170
v 0.036266 0.010306 0.006043
v 0.033404 0.004893 0.007795
v -0.023460 0.051586 0.007118
v -0.025925 0.051538 0.009568
v -0.029954 0.047245 0.005515
v -0.030230 0.045431 0.008055
v 0.000010 -0.024692 0.007798
v -0.002175 -0.025493 0.010892
v 0.002004 -0.025526 0.011204
v -0.000146 -0.025488 0.014389
v 0.024163 0.052905 0.007746
v 0.026920 0.050571 0.004873
v 0.027440 0.050212 0.009925
v 0.029370 0.047640 0.007166
v -0.035558 0.016095 0.007694
v -0.036096 0.012240 0.009541
v -0.035962 0.012395 0.005586
v -0.035479 0.007899 0.007451
v 0.027239 -0.006941 0.006545
v 0.027419 -0.008836 0.009581
v 0.024742 -0.013805 0.005180
v 0.023670 -0.015988 0.008795
v -0.006256 0.063992 0.007576
v -0.010345 0.063875 0.008477
v -0.009136 0.063824 0.004069
v -0.013051 0.062853 0.004989
v -0.017518 -0.016519 0.008432
v -0.017749 -0.019278 0.005994
v -0.009451 -0.022635 0.007813
v 0.034508 0.031374 0.008529
v 0.035942 0.027799 0.005610
v 0.035949 0.023308 0.006957
v -0.029668 0.039363 0.007110
v -0.032424 0.033379 0.008825
v -0.034754 0.035185 0.005279
v 0.010853 -0.019533 0.007288
v 0.005941 -0.025993 0.009319
v 0.003599 -0.024645 0.007173
v 0.013660 0.061266 0.007297
v 0.019035 0.058087 0.004196
v 0.018645 0.059327 0.008667
v -0.030596 0.000931 0.008252
v -0.029777 -0.003229 0.005268
v -0.027888 -0.007520 0.007994
v 0.034052 0.006687 0.007192
v 0.032441 0.000055 0.005639
v 0.033530 0.001153 0.008858
v -0.017955 0.058590 0.007132
v -0.021280 0.057154 0.008947
v -0.020846 0.057089 0.004235
v -0.023778 0.054887 0.006139
v -0.007680 -0.022617 0.007150
v -0.001393 -0.026426 0.009797
v 0.000895 -0.027423 0.007144
v 0.025872 0.043203 0.006910
v 0.032574 0.035529 0.006434
v -0.031440 0.024609 0.007491
v -0.034487 0.017616 0.006584
v 0.023045 -0.014068 0.006909
v 0.020996 -0.017093 0.004914
v 0.021416 -0.016979 0.008955
v 0.018896 -0.019213 0.007036
v 0.002657 0.064671 0.007221
v 0.002069 0.064720 0.000688
v 0.005958 0.065271 -0.000921
v -0.022885 -0.009986 0.007030
v -0.022452 -0.015829 0.009068
v -0.020988 -0.016630 0.005586
v 0.034362 0.021491 0.007785
v 0.035660 0.020356 0.004745
v 0.036779 0.015577 0.008416
v 0.036135 0.014054 0.005350
v -0.026619 0.046938 0.007868
v -0.028847 0.046316 0.004464
v -0.032147 0.038768 0.006714
v 0.004786 -0.024212 0.006624
v 0.000841 -0.025605 0.006075
v 0.001818 -0.025743 0.009503
v -0.002262 -0.026131 0.009020
v 0.020406 0.056578 0.006574
v 0.024997 0.052329 0.003790
v 0.024639 0.053614 0.008092
v -0.033905 0.010081 0.005753
v -0.034956 0.008205 0.008406
v -0.032786 0.000100 0.007785
v -0.033341 0.001969 0.004353
v 0.028456 -0.002288 0.005237
v 0.030200 -0.004626 0.008610
v 0.025268 -0.009758 0.005770
v -0.011299 0.060713 0.007358
v -0.012152 0.062178 0.004161
v -0.017895 0.056784 0.003965
v -0.013318 -0.019041 0.005722
v -0.009715 -0.021963 0.009705
v -0.005655 -0.025679 0.006316
v 0.032580 0.037340 0.006676
v 0.035157 0.032444 0.003935
v 0.037016 0.026878 0.006285
v -0.033525 0.035033 0.006248
v -0.035303 0.032018 0.007988
v -0.034947 0.031836 0.003892
v -0.035932 0.028307 0.005815
v 0.016634 -0.019414 0.006181
v 0.010481 -0.024021 0.005523
v 0.012376 -0.023383 0.008357
v 0.008879 0.063119 0.005092
v 0.014823 0.061912 0.005752
v 0.015784 0.060038 0.002661
v -0.026969 -0.002896 0.006423
v -0.027820 -0.009531 0.004112
v -0.026701 -0.010327 0.007556
v 0.034489 0.012240 0.007095
v 0.035190 0.011091 0.003925
v 0.034876 0.005712 0.007997
v 0.032034 0.005118 0.004477
v -0.021856 0.055162 0.005962
v -0.025075 0.053217 0.007936
v -0.024099 0.053393 0.002920
v -0.027191 0.050512 0.004873
v -0.001743 -0.022729 0.005702
v -0.002763 -0.024928 0.008619
v 0.005246 -0.026444 0.009731
v 0.004675 -0.025897 0.013879
v 0.026353 0.050111 0.006754
v 0.029601 0.046272 0.003347
v 0.031722 0.044053 0.005297
v -0.035671 0.019407 0.004548
v -0.036209 0.012152 0.006681
v 0.023897 -0.009173 0.004596
v 0.025957 -0.011639 0.007891
v 0.019534 -0.015234 0.006266
v -0.003308 0.064323 0.005676
v -0.007001 0.064342 0.004422
v -0.004529 0.064040 0.000050
v -0.008779 0.062878 -0.000009
v -0.019928 -0.014648 0.004870
v -0.017385 -0.017084 0.008732
v -0.015431 -0.020940 0.005061
v 0.033640 0.027198 0.006697
v 0.035184 0.026408 0.003654
v 0.036998 0.020285 0.007203
v 0.035886 0.018483 0.003914
v -0.030120 0.043628 0.005522
v -0.032902 0.040014 0.007553
v -0.032967 0.038677 0.002477
v -0.033756 0.035726 0.005374
v 0.009445 -0.022889 0.005453
v 0.003596 -0.025638 0.005206
v 0.002861 -0.026390 0.009062
v 0.016273 0.059543 0.005401
v 0.021091 0.056870 0.001926
v 0.023079 0.055797 0.005027
v -0.032873 0.004403 0.004528
v -0.033229 0.002795 0.007067
v -0.031857 -0.002874 0.003415
v -0.030318 -0.004033 0.006563
v 0.033760 0.003491 0.005914
v 0.031719 -0.002458 0.003384
v 0.029842 -0.007410 0.005651
v -0.015274 0.060137 0.005233
v -0.019079 0.058878 0.006348
v -0.017756 0.058974 0.002096
v -0.021200 0.056890 0.003291
v -0.010765 -0.022450 0.006055
v -0.005598 -0.024909 0.004268
v -0.003863 -0.024814 0.007975
v 0.030127 0.041959 0.004221
v 0.031535 0.040999 0.006784
v 0.034264 0.034988 0.005677
v 0.033076 0.036739 0.002551
v -0.031965 0.028675 0.005471
v -0.034275 0.018965 0.004986
v 0.019254 -0.014892 0.004650
v 0.018848 -0.020018 0.008033
v 0.015424 -0.021189 0.003387
v 0.014427 -0.023247 0.006536
v 0.003704 0.064051 0.004438
v 0.009174 0.063596 0.002659
v 0.008229 0.061947 -0.000832
v -0.027054 -0.008731 0.004907
v -0.024868 -0.013394 0.007777
v -0.025330 -0.011676 0.002552
v -0.023591 -0.016716 0.004033
v 0.035421 0.018347 0.003725
v 0.036160 0.012015 0.006785
v 0.035668 0.009244 0.003781
v -0.024149 0.050286 0.004773
v -0.029697 0.047739 0.005752
v -0.030337 0.042894 0.003058
v 0.000834 -0.023191 0.005085
v 0.001382 -0.024151 0.009988
v -0.003080 -0.024135 0.012498
v 0.022628 0.054162 0.004680
v 0.026537 0.049533 0.001556
v 0.026926 0.050773 0.006061
v -0.032005 0.013813 0.005075
v -0.032361 0.005454 0.004784
v 0.026539 -0.003998 0.004984
v 0.026398 -0.010762 0.003211
v 0.025481 -0.011875 0.005797
v -0.008913 0.061781 0.005242
v -0.008887 0.062123 0.001729
v -0.015778 0.058710 -0.000413
v -0.017156 -0.018663 0.003227
v -0.013799 -0.022651 0.007530
v -0.011175 -0.025169 0.004911
v 0.033030 0.033194 0.003292
v 0.034847 0.032147 0.006401
v 0.035007 0.028726 0.001924
v 0.035105 0.027069 0.005023
v -0.032232 0.038329 0.004356
v -0.034936 0.032441 0.004969
v -0.033753 0.035309 0.002184
v 0.013825 -0.020635 0.004885
v 0.011452 -0.022173 0.002745
v 0.010451 -0.024203 0.007736
v 0.003289 -0.024563 0.006959
v 0.011148 0.059414 0.004701
v 0.017554 0.056213 0.000816
v -0.029933 -0.000611 0.003643
v -0.030247 -0.002508 0.006006
v -0.028583 -0.008430 0.002589
v -0.027193 -0.009905 0.005216
v 0.034259 0.007794 0.002313
v 0.034120 0.005031 0.006124
v -0.019336 0.057065 0.004065
v -0.022794 0.055377 0.005355
v -0.022018 0.055120 0.000798
v -0.024659 0.052984 0.002309
v -0.005837 -0.023647 0.004000
v -0.003770 -0.025684 0.008115
v -0.001370 -0.025529 0.004805
v 0.000602 -0.026435 0.008830
v 0.025351 0.045246 0.004408
v 0.032253 0.039954 0.003800
v 0.031132 0.041493 0.001410
v -0.036065 0.023311 0.002264
v -0.036132 0.020920 0.005963
v -0.035246 0.012432 0.004559
v -0.036481 0.014318 0.001449
v 0.022617 -0.011028 0.004640
v 0.021767 -0.016281 0.001859
v 0.017826 -0.019520 0.005559
v -0.000356 0.064210 0.003777
v -0.003032 0.064179 0.000443
v 0.001966 0.064201 0.000324
v -0.000722 0.063427 -0.002810
v -0.023646 -0.012835 0.003734
v -0.021119 -0.017409 0.006319
v -0.019057 -0.018426 0.002710
v 0.035133 0.024292 0.003691
v 0.035680 0.021040 0.001128
v 0.036340 0.021027 0.005748
v 0.036108 0.017566 0.003331
v -0.026048 0.045030 0.004199
v -0.030767 0.037214 0.003036
v 0.006822 -0.023319 0.004439
v 0.003773 -0.025101 0.003033
v 0.001096 -0.026954 0.009968
v -0.002393 -0.027194 0.009192
v 0.018694 0.057452 0.003506
v 0.024179 0.052922 -0.000064
v 0.024156 0.054193 0.003645
v -0.030701 0.008330 0.004371
v -0.030498 -0.002207 0.003623
v 0.031473 0.000107 0.003408
v 0.029687 -0.005732 0.001681
v 0.029536 -0.007779 0.004934
v -0.012473 0.061268 0.003334
v -0.017979 0.059265 0.003527
v -0.014684 0.059894 -0.000946
v -0.018577 0.057708 -0.000734
v -0.012909 -0.020517 0.005107
v -0.010901 -0.022129 0.001638
v -0.008761 -0.024672 0.006973
v -0.006165 -0.023989 0.004863
v 0.031776 0.039038 0.003242
v 0.034006 0.033641 0.001395
v 0.033946 0.036095 0.004649
v -0.033717 0.032735 0.003190
v -0.035680 0.029132 0.005233
v -0.034672 0.029429 0.000312
v -0.035873 0.025480 0.002563
v 0.016024 -0.016967 0.002593
v 0.017142 -0.019781 0.005297
v 0.010869 -0.023871 0.003397
v 0.010087 -0.025016 0.006068
v 0.007246 0.063118 0.003051
v 0.009167 0.061960 -0.002325
v 0.012340 0.061808 0.001547
v 0.012809 0.060963 -0.002481
v -0.028779 -0.005655 0.003848
v -0.026011 -0.011462 0.001604
v -0.024270 -0.012830 0.004256
v 0.034298 0.014675 0.002293
v 0.034384 0.011277 0.005517
v 0.033343 0.008806 0.001344
v -0.022988 0.053324 0.002898
v -0.026866 0.050596 0.004401
v -0.024982 0.051099 -0.000613
v -0.028259 0.047833 0.001106
v -0.001084 -0.021569 0.003650
v 0.001831 -0.025925 0.006913
v -0.001284 -0.025211 0.009029
v 0.023794 0.050395 0.001847
v 0.026615 0.050132 0.004152
v 0.029092 0.045545 -0.000592
v 0.029546 0.043225 0.001869
v -0.033245 0.017112 0.001995
v -0.035523 0.015220 0.004841
v -0.035017 0.008665 0.000259
v -0.035148 0.006441 0.003696
v 0.027237 -0.007773 0.002679
v 0.024186 -0.013228 0.001011
v 0.024054 -0.015391 0.004928
v -0.006361 0.061936 0.003093
v -0.004554 0.063248 -0.000591
v -0.011625 0.061253 -0.003982
v -0.010049 0.059551 -0.006557
v -0.018975 -0.015853 0.003951
v -0.018110 -0.017829 0.000762
v -0.015722 -0.021129 0.005791
v -0.013837 -0.022641 0.003133
v 0.031936 0.028696 0.002103
v 0.036201 0.023962 0.003695
v 0.035110 0.018723 0.001682
v -0.030639 0.041397 0.002464
v -0.033099 0.038553 0.004453
v -0.031959 0.038468 -0.000554
v -0.033617 0.035517 0.001574
v 0.011041 -0.021669 0.002383
v 0.007301 -0.023717 0.001529
v 0.009378 -0.024053 0.006023
v 0.005670 -0.025224 0.005295
v 0.015821 0.058044 0.003827
v 0.015119 0.056701 -0.000991
v 0.020063 0.056608 -0.000250
v -0.030446 0.002664 0.002093
v -0.032271 0.000517 0.004134
v -0.029769 -0.005631 0.001027
v -0.028457 -0.006422 0.003739
v 0.032497 0.004947 0.004108
v 0.029558 0.002456 0.000370
v 0.031311 -0.001461 0.003359
v -0.016982 0.057110 0.003235
v -0.017124 0.058212 0.000045
v -0.019858 0.052822 0.000509
v -0.007335 -0.021348 0.001984
v -0.008309 -0.023456 0.004747
v -0.001527 -0.026440 0.004805
v -0.001838 -0.026578 0.008554
v 0.029284 0.044009 0.002071
v 0.030615 0.041262 -0.000998
v 0.032544 0.039708 0.003769
v 0.031924 0.037148 0.000390
v -0.034547 0.026965 0.002024
v -0.035850 0.020306 0.003550
v -0.034977 0.022251 -0.000786
v 0.021228 -0.014230 0.003574
v 0.017154 -0.015223 0.000864
v 0.017120 -0.018726 0.004367
v 0.003096 0.063598 0.001989
v 0.001148 0.063496 -0.000875
v 0.006424 0.063394 -0.002055
v 0.004481 0.060079 -0.007599
v -0.023853 -0.008929 0.002846
v -0.022657 -0.014299 0.000098
v -0.018273 -0.017957 0.004616
v 0.034942 0.020651 0.001801
v 0.034988 0.017493 -0.000712
v 0.035799 0.015725 0.003982
v 0.034243 0.013019 0.000778
v -0.025919 0.048129 0.002673
v -0.027000 0.047923 -0.000366
v -0.030904 0.043848 0.002013
v -0.031552 0.042206 -0.001034
v 0.004381 -0.023431 0.002405
v 0.000696 -0.024316 0.002602
v 0.001743 -0.026932 0.009565
v -0.001918 -0.025622 0.010115
v 0.019692 0.053639 0.002192
v 0.026289 0.047341 -0.002666
v 0.027194 0.048850 0.001001
v -0.034453 0.011786 0.002525
v -0.033645 0.005472 -0.000571
v -0.031835 0.003777 0.002859
v 0.028302 -0.002638 0.002819
v 0.028284 -0.004827 -0.000154
v 0.027504 -0.010772 0.003863
v 0.024710 -0.011695 0.001632
v -0.008684 0.060679 0.000518
v -0.011903 0.061513 0.002053
v -0.012217 0.060228 -0.004063
v -0.015307 0.058664 -0.001881
v -0.015659 -0.018983 0.001385
v -0.010822 -0.023682 0.005455
v -0.010599 -0.022886 0.001326
v 0.031705 0.034659 0.002450
v 0.032565 0.033925 -0.000593
v 0.035389 0.029831 0.002310
v 0.034198 0.028228 -0.000119
v -0.031327 0.035357 0.000353
v -0.033584 0.034336 0.003120
v -0.034597 0.029415 -0.001852
v -0.035096 0.027269 0.001764
v 0.015281 -0.019162 0.001216
v 0.011682 -0.021933 0.000363
v 0.013777 -0.022011 0.004430
v 0.010066 -0.023759 0.003633
v 0.009962 0.061743 0.001156
v 0.010953 0.060901 -0.002888
v 0.013676 0.060950 0.000742
v 0.014442 0.059328 -0.003009
v -0.028365 -0.002253 0.000314
v -0.027153 -0.005813 0.004642
v -0.025969 -0.010079 0.000465
v 0.033816 0.011339 0.000234
v 0.034355 0.006173 0.003373
v 0.031930 0.003993 0.000368
v -0.019779 0.054399 0.000154
v -0.022217 0.054273 0.002308
v -0.023482 0.052187 -0.002792
v -0.025065 0.050592 0.000352
v -0.003971 -0.023212 0.000928
v -0.004285 -0.025179 0.004955
v -0.000520 -0.025104 0.002946
v -0.000571 -0.026247 0.007441
v 0.024789 0.046560 0.000174
v 0.028565 0.046747 0.002028
v 0.029919 0.039018 -0.000776
v -0.033437 0.020393 0.002121
v -0.034850 0.019065 -0.000984
v -0.032546 0.010824 0.001098
v 0.025014 -0.010128 0.000784
v 0.022773 -0.013608 -0.000660
v 0.023966 -0.013633 0.003061
v 0.021106 -0.016555 0.001860
v -0.002871 0.061829 0.000754
v -0.001036 0.063318 -0.001481
v -0.004193 0.058379 -0.007260
v -0.021127 -0.013299 0.002068
v -0.020182 -0.015586 -0.001056
v -0.018048 -0.019322 0.004208
v -0.015855 -0.021209 0.001686
v 0.032079 0.025475 0.000134
v 0.035397 0.024358 0.002088
v 0.032984 0.016583 0.000612
v -0.027645 0.043236 -0.000083
v -0.029970 0.038677 0.003134
v -0.032757 0.035674 -0.002274
v 0.008004 -0.020944 0.001916
v 0.002511 -0.023720 0.002388
v 0.001574 -0.026230 0.008279
v 0.016820 0.057885 0.000438
v 0.018499 0.056123 -0.003490
v 0.021021 0.055977 0.000866
v 0.022207 0.053556 -0.002825
v -0.032823 0.006259 0.000410
v -0.033122 0.002557 0.002280
v -0.032150 0.002930 -0.001553
v -0.031463 -0.001010 0.000558
v 0.029893 0.002978 0.000339
v 0.031709 -0.002723 0.002940
v 0.027725 -0.006872 0.000176
v -0.014736 0.059595 0.001040
v -0.016235 0.057717 -0.003795
v -0.020042 0.054139 -0.004184
v -0.011258 -0.020905 0.000208
v -0.007389 -0.024749 0.004475
v -0.007695 -0.023500 0.000688
v 0.030713 0.040344 0.001111
v 0.030898 0.038851 -0.002124
v 0.034866 0.032510 0.000476
v 0.032892 0.030121 -0.001849
v -0.033530 0.030364 0.000133
v -0.035926 0.024324 0.001113
v -0.035402 0.022488 -0.002003
v 0.017217 -0.013952 0.000827
v 0.012181 -0.021113 0.002198
v 0.015334 -0.021593 0.003301
v 0.005959 0.061128 0.000263
v 0.005035 0.059529 -0.004693
v 0.010362 0.059790 -0.007601
v -0.025860 -0.006700 0.001266
v -0.025799 -0.008922 -0.001557
v -0.023896 -0.014230 0.002602
v -0.022027 -0.015888 0.000612
v 0.034397 0.017088 -0.000088
v 0.033618 0.010798 -0.002189
v 0.035295 0.011985 0.002010
v -0.023510 0.050976 -0.001066
v -0.025819 0.049566 0.001013
v -0.028084 0.045536 -0.004263
v -0.028719 0.042961 -0.001530
v 0.001238 -0.021807 0.000925
v -0.002147 -0.023607 0.004847
v 0.000877 -0.026747 0.009091
v 0.022799 0.052292 -0.000277
v 0.024537 0.050123 -0.003195
v 0.027221 0.047753 -0.001204
v -0.032663 0.015080 -0.001033
v -0.035616 0.013281 0.001552
v -0.033618 0.007545 -0.002668
v -0.034994 0.005332 0.000264
v 0.025409 -0.005063 -0.000298
v 0.026365 -0.010622 0.001829
v 0.021741 -0.013019 0.000860
v -0.005889 0.063211 -0.001418
v -0.009439 0.060668 -0.000738
v -0.008545 0.060084 -0.007713
v -0.011675 0.057588 -0.006844
v -0.017922 -0.016701 -0.000508
v -0.013977 -0.021921 0.002778
v -0.014877 -0.019729 -0.001079
v 0.032148 0.031147 0.000668
v 0.032886 0.030457 -0.002440
v 0.035484 0.026088 0.000421
v 0.034374 0.024655 -0.002373
v -0.030295 0.038536 -0.001155
v -0.032306 0.037227 0.000455
v -0.032558 0.028510 -0.001653
v 0.010749 -0.019472 -0.001299
v 0.012879 -0.021416 0.001721
v 0.006907 -0.023393 0.000742
v 0.007833 -0.023716 0.004419
v 0.013068 0.058451 0.000319
v 0.012249 0.058891 -0.003521
v 0.018335 0.057087 -0.003290
v 0.016731 0.055323 -0.006007
v -0.029291 0.000650 0.001192
v -0.030002 -0.000745 -0.002308
v -0.026605 -0.006810 0.000137
v 0.031508 0.007653 -0.001362
v 0.030782 0.003540 0.001627
v 0.029453 -0.000989 -0.000831
v -0.018926 0.056490 -0.000036
v -0.022405 0.051926 -0.005388
v -0.006717 -0.022008 -0.000967
v -0.004853 -0.025083 0.005263
v -0.002109 -0.024448 0.001136
v 0.026498 0.044229 -0.001774
v 0.029785 0.043322 0.000453
v 0.031096 0.037974 -0.004884
v 0.034201 0.036223 -0.002611
v -0.030514 0.024010 0.000257
v -0.033994 0.015200 -0.000521
v -0.034768 0.017106 -0.003328
v 0.019417 -0.011311 -0.001132
v 0.019749 -0.015273 0.002429
v 0.015788 -0.018273 0.000720
v -0.000214 0.062096 -0.001383
v 0.003311 0.061700 -0.004609
v -0.000850 0.061792 -0.005838
v -0.023650 -0.010829 -0.001221
v -0.023020 -0.014256 0.001789
v -0.020070 -0.014973 -0.002807
v -0.018986 -0.016383 0.001565
v 0.033576 0.022466 -0.000282
v 0.033901 0.020930 -0.003376
v 0.033710 0.012599 -0.003048
v 0.035023 0.014634 0.000500
v -0.025890 0.046098 -0.002272
v -0.027725 0.044798 0.000336
v -0.028878 0.042574 -0.004518
v -0.030269 0.041023 -0.001970
v 0.004602 -0.021889 -0.001449
v 0.006336 -0.023782 0.001425
v 0.000810 -0.025369 0.001531
v 0.000755 -0.025322 0.008109
v 0.018019 0.054243 -0.002100
v 0.021658 0.054145 -0.000699
v 0.023182 0.049529 -0.006704
v 0.026391 0.048212 -0.005215
v -0.031857 0.009436 -0.002419
v -0.033274 0.007418 0.000495
v -0.027883 -0.000251 -0.000334
v 0.028356 0.000107 -0.000737
v 0.028306 -0.006056 -0.002915
v 0.024960 -0.010202 0.000061
v -0.011703 0.059224 -0.000881
v -0.010642 0.059893 -0.004160
v -0.015961 0.057183 -0.004288
v -0.014450 0.055941 -0.006895
v -0.012969 -0.017568 0.000844
v -0.010986 -0.020460 -0.002767
v -0.008147 -0.022311 0.003094
v 0.031099 0.037148 -0.001707
v 0.031948 0.033777 -0.004772
v 0.033593 0.033776 -0.000107
v 0.033703 0.030113 -0.002893
v -0.031831 0.032471 0.000034
v -0.032409 0.031090 -0.004523
v -0.035180 0.025628 -0.000903
v -0.035812 0.024086 -0.004526
v 0.015001 -0.015565 -0.001284
v 0.012176 -0.022968 0.002664
v 0.009157 -0.023407 0.001448
v 0.008953 0.061080 -0.001478
v 0.008898 0.059447 -0.007172
v 0.012384 0.058070 -0.007867
v -0.028456 -0.003558 -0.001168
v -0.026126 -0.008198 -0.003179
v -0.024978 -0.008989 -0.000190
v 0.033508 0.013665 -0.001979
v 0.033022 0.010187 -0.004336
v 0.034484 0.009996 0.000036
v 0.033170 0.006692 -0.002072
v -0.022334 0.052732 -0.001190
v -0.025407 0.047528 -0.005910
v -0.002609 -0.021354 -0.000979
v 0.000597 -0.023322 0.002050
v -0.001227 -0.024487 0.006882
v 0.025181 0.048985 -0.000879
v 0.024190 0.047972 -0.004694
v 0.027521 0.044049 -0.005178
v 0.028156 0.045112 -0.001773
v -0.033800 0.018960 -0.002199
v -0.034449 0.012845 -0.001372
v -0.033770 0.015840 -0.004185
v 0.023912 -0.006893 -0.002169
v 0.025514 -0.011149 0.000235
v 0.020223 -0.013603 -0.001077
v -0.003798 0.061992 -0.002362
v -0.006862 0.059354 -0.008707
v -0.003096 0.061102 -0.006486
v -0.020446 -0.014938 -0.001123
v -0.018164 -0.016172 -0.003472
v -0.016193 -0.019343 -0.000420
v 0.033065 0.028354 -0.002424
v 0.033514 0.024991 -0.004864
v 0.034868 0.023944 -0.001119
v -0.029251 0.041045 -0.001034
v -0.028953 0.040708 -0.004823
v -0.032080 0.037081 -0.001882
v -0.030457 0.035718 -0.004443
v 0.009584 -0.020421 -0.002583
v 0.005438 -0.023068 -0.001779
v 0.008726 -0.023790 0.002612
v 0.003876 -0.023991 0.002907
v 0.013849 0.056081 -0.002883
v 0.017399 0.056780 -0.002796
v 0.020195 0.049141 -0.007929
v -0.031330 0.004623 -0.002650
v -0.031623 0.000212 -0.000407
v -0.030098 0.000831 -0.004766
v -0.029675 -0.002973 -0.002241
v 0.031408 0.004945 -0.002707
v 0.029510 -0.000599 -0.004837
v 0.031858 0.001453 -0.000396
v 0.030916 -0.003993 -0.001723
v -0.014092 0.056253 -0.003027
v -0.017462 0.056430 -0.002638
v -0.019388 0.052726 -0.009311
v -0.021443 0.049953 -0.007318
v -0.009843 -0.020104 -0.001352
v -0.006581 -0.021877 -0.002924
v -0.002644 -0.023357 0.005360
v 0.028085 0.041701 -0.002375
v 0.030525 0.032892 -0.005342
v 0.032976 0.034670 -0.003430
v -0.031882 0.026949 -0.001541
v -0.033091 0.026533 -0.004584
v -0.032265 0.019061 -0.002840
v 0.018305 -0.013214 -0.003184
v 0.020182 -0.015547 -0.000783
v 0.014168 -0.019769 -0.001993
v 0.015119 -0.021780 0.000887
v 0.002490 0.061124 -0.003373
v 0.005699 0.061103 -0.004028
v 0.006817 0.057813 -0.009972
v 0.002913 0.058827 -0.009595
v -0.024684 -0.008269 -0.000934
v -0.023566 -0.009721 -0.004750
v -0.017620 -0.016303 -0.000395
v 0.032562 0.018885 -0.002289
v 0.031574 0.013765 -0.005055
v 0.034075 0.008451 -0.002757
v -0.025222 0.048423 -0.002413
v -0.027345 0.043539 -0.006283
v 0.000612 -0.021168 -0.002648
v 0.004279 -0.022567 0.000397
v -0.000140 -0.023437 0.002410
v 0.020184 0.052270 -0.003870
v 0.023734 0.049617 -0.002249
v 0.022451 0.047537 -0.006772
v -0.031077 0.013040 -0.003669
v -0.033577 0.011924 -0.001675
v -0.032203 0.006863 -0.005292
v -0.031128 0.005817 -0.001621
v 0.027098 -0.002889 -0.002131
v 0.026426 -0.004462 -0.004957
v 0.027116 -0.008138 -0.001228
v 0.024419 -0.008799 -0.003060
v -0.008944 0.060404 -0.003073
v -0.008051 0.058239 -0.008526
v -0.012242 0.055920 -0.008333
v -0.015094 -0.016786 -0.004509
v -0.013883 -0.021358 0.000498
v -0.010673 -0.024156 -0.000566
v 0.029539 0.032029 -0.004841
v 0.032737 0.031512 -0.001875
v 0.031487 0.024006 -0.003417
v -0.030548 0.036483 -0.003650
v -0.032854 0.033500 -0.002534
v -0.031182 0.033738 -0.006207
v -0.032698 0.030448 -0.004795
v 0.012979 -0.017883 -0.004378
v 0.012288 -0.022025 0.000836
v 0.007666 -0.021709 0.000171
v 0.009479 0.057529 -0.004181
v 0.013054 0.058590 -0.004463
v 0.014668 0.051775 -0.010022
v -0.028949 -0.000390 -0.005072
v -0.029649 -0.002110 -0.001725
v -0.026368 -0.006619 -0.005181
v -0.025516 -0.007494 -0.001339
v 0.030489 0.010647 -0.002646
v 0.028835 0.002767 -0.004637
v 0.032794 0.003040 -0.002016
v -0.017254 0.052024 -0.002533
v -0.022117 0.048316 -0.009405
v -0.024793 0.046498 -0.007196
v -0.004825 -0.021009 -0.004034
v -0.006235 -0.023128 -0.000971
v -0.001776 -0.023001 -0.002689
v -0.002897 -0.024620 0.001053
v 0.025308 0.045100 -0.002999
v 0.026070 0.044987 -0.006163
v 0.027079 0.037115 -0.004901
v -0.029906 0.021966 -0.002625
v -0.033224 0.015263 -0.006355
v -0.033637 0.013615 -0.003413
v 0.022304 -0.009225 -0.002676
v 0.021058 -0.011196 -0.005302
v 0.020592 -0.016905 -0.000566
v 0.017723 -0.018001 -0.002722
v 0.000006 0.059715 -0.004061
v -0.004058 0.057416 -0.007892
v -0.000426 0.056299 -0.012950
v -0.021618 -0.011227 -0.004285
v -0.021285 -0.014608 -0.001693
v -0.019117 -0.014385 -0.005228
v -0.018244 -0.017067 -0.002360
v 0.032766 0.024811 -0.004313
v 0.032752 0.018673 -0.006522
v 0.034444 0.020180 -0.002491
v -0.026774 0.044072 -0.004382
v -0.029731 0.041002 -0.003878
v -0.027755 0.041346 -0.007230
v -0.029952 0.037869 -0.006305
v 0.005586 -0.017910 -0.002897
v 0.004970 -0.025624 0.002388
v 0.001905 -0.024931 0.003468
v 0.015398 0.053239 -0.005078
v 0.019874 0.053997 -0.004330
v 0.021407 0.046199 -0.008877
v -0.031089 0.007955 -0.003539
v -0.030745 0.006148 -0.006229
v -0.030386 -0.000326 -0.003502
v 0.029334 0.002102 -0.003328
v 0.027714 0.000228 -0.006195
v 0.029174 -0.004761 -0.002004
v 0.026556 -0.006698 -0.004446
v -0.010981 0.055092 -0.003120
v -0.016601 0.051441 -0.011704
v -0.017801 0.052591 -0.008967
v -0.012322 -0.018438 -0.004124
v -0.007451 -0.022544 -0.002598
v -0.007222 -0.023215 0.001222
v 0.029301 0.038442 -0.004767
v 0.030029 0.035137 -0.007704
v 0.032019 0.034824 -0.003847
v 0.031881 0.031614 -0.006284
v -0.031553 0.031084 -0.004814
v -0.034015 0.025886 -0.003452
v -0.031564 0.028029 -0.007544
v -0.033715 0.023400 -0.006893
v 0.016700 -0.014156 -0.003192
v 0.011903 -0.016847 -0.004219
v 0.013178 -0.021675 -0.000091
v 0.006102 0.060222 -0.004979
v 0.005571 0.057887 -0.010525
v 0.009615 0.058550 -0.007625
v 0.009127 0.056089 -0.011649
v -0.024285 -0.004370 -0.005386
v -0.026859 -0.005778 -0.003044
v -0.023729 -0.009200 -0.006270
v -0.024265 -0.009823 -0.002437
v 0.029326 0.015888 -0.003632
v 0.033496 0.008896 -0.003436
v 0.029704 0.007735 -0.005300
v -0.021810 0.050401 -0.005119
v -0.026229 0.046178 -0.005462
v -0.022548 0.047925 -0.008460
v -0.026224 0.043982 -0.009197
v -0.000343 -0.017636 -0.002857
v 0.001597 -0.025836 0.001805
v -0.001178 -0.026054 0.003884
v 0.022341 0.049703 -0.005229
v 0.025191 0.043778 -0.009106
v 0.026372 0.045537 -0.005907
v -0.030634 0.016953 -0.004867
v -0.034061 0.012834 -0.003269
v -0.030749 0.009207 -0.005612
v 0.025625 -0.005108 -0.005333
v 0.021944 -0.011947 -0.005051
v 0.024660 -0.010762 -0.002793
v -0.005307 0.060137 -0.005425
v -0.008684 0.056639 -0.010111
v -0.004727 0.058014 -0.010450
v -0.016169 -0.012677 -0.004306
v -0.011314 -0.020275 0.000018
v 0.029234 0.028754 -0.005796
v 0.032400 0.024437 -0.003333
v 0.031691 0.019446 -0.006868
v -0.028632 0.039090 -0.005545
v -0.032000 0.031814 -0.005618
v -0.029713 0.034030 -0.008784
v 0.011587 -0.018340 -0.004864
v 0.006764 -0.022749 -0.003125
v 0.007029 -0.024096 -0.000143
v 0.011715 0.054895 -0.004424
v 0.016475 0.049004 -0.010989
v -0.027454 0.002778 -0.006160
v -0.029687 0.001193 -0.003934
v -0.025095 -0.006508 -0.003303
v 0.030743 0.007470 -0.005761
v 0.029375 0.003828 -0.008086
v 0.031751 0.004076 -0.003525
v 0.029613 0.000215 -0.005413
v -0.014787 0.053486 -0.005740
v -0.018449 0.053694 -0.005342
v -0.018654 0.050283 -0.011506
v -0.020795 0.048699 -0.009515
v -0.006096 -0.018384 -0.005119
v -0.008202 -0.020467 -0.004009
v -0.003413 -0.024033 -0.001824
v -0.005104 -0.024449 0.000849
v 0.026642 0.041943 -0.004581
v 0.026188 0.041495 -0.008187
v 0.030169 0.038211 -0.005689
v 0.028415 0.036942 -0.008960
v -0.031054 0.025350 -0.006423
v -0.033339 0.023666 -0.004512
v -0.032167 0.017833 -0.008435
v -0.033023 0.016171 -0.005402
v 0.018425 -0.010658 -0.005629
v 0.020753 -0.012904 -0.004533
v 0.014682 -0.017612 -0.002126
v 0.000560 0.058830 -0.006088
v 0.004053 0.059390 -0.007914
v 0.000263 0.056366 -0.012932
v 0.003549 0.055703 -0.014491
v -0.022977 -0.008124 -0.006171
v -0.022499 -0.012431 -0.003423
v -0.019474 -0.012829 -0.006241
v 0.031715 0.021403 -0.006901
v 0.033536 0.016507 -0.005070
v 0.031039 0.014366 -0.006481
v -0.024426 0.046039 -0.006279
v -0.027554 0.043356 -0.005808
v -0.024995 0.043298 -0.009557
v -0.027624 0.040047 -0.008642
v 0.002691 -0.020251 -0.006346
v 0.003762 -0.023605 -0.001403
v 0.017895 0.052005 -0.005817
v 0.021387 0.047635 -0.011246
v 0.024486 0.046562 -0.010438
v -0.030531 0.011700 -0.005834
v -0.029999 0.003000 -0.004264
v -0.029272 0.004563 -0.007730
v 0.025709 -0.000473 -0.007159
v 0.028245 -0.002378 -0.004435
v 0.024418 -0.007872 -0.007202
v 0.025990 -0.010324 -0.004556
v -0.009382 0.058201 -0.006589
v -0.013952 0.053373 -0.011852
v -0.010222 0.054886 -0.012508
v -0.011850 -0.014950 -0.005553
v -0.012478 -0.018432 -0.000979
v -0.007857 -0.023676 -0.001699
v 0.027847 0.034471 -0.006307
v 0.031600 0.024397 -0.007986
v -0.029565 0.034310 -0.007389
v -0.032702 0.028971 -0.006063
v -0.032278 0.023806 -0.008764
v 0.013138 -0.015001 -0.006482
v 0.014887 -0.017049 -0.005106
v 0.008796 -0.021141 -0.000848
v 0.007913 0.056309 -0.005706
v 0.008564 0.056405 -0.011210
v 0.011954 0.055141 -0.010729
v -0.024987 -0.000960 -0.006469
v -0.025299 -0.005000 -0.002845
v -0.023451 -0.010009 -0.006361
v 0.030993 0.012378 -0.005592
v 0.030184 0.010619 -0.008451
v 0.027049 0.003117 -0.005049
v -0.018194 0.050753 -0.007241
v -0.021797 0.049923 -0.006409
v -0.021786 0.045544 -0.012355
v -0.024099 0.043679 -0.010352
v -0.003573 -0.018881 -0.005993
v -0.001025 -0.021162 -0.005740
v -0.003386 -0.024776 -0.000146
v -0.000602 -0.026525 0.001205
v 0.023520 0.046504 -0.007114
v 0.024059 0.044262 -0.010040
v 0.026398 0.044049 -0.006916
v 0.026545 0.040842 -0.009542
v -0.030027 0.019733 -0.006896
v -0.032508 0.018156 -0.005729
v -0.030749 0.009627 -0.007089
v 0.023182 -0.006856 -0.007228
v 0.020203 -0.011385 -0.007987
v 0.021964 -0.012605 -0.004124
v -0.001512 0.059369 -0.007616
v -0.005085 0.056651 -0.012095
v -0.003046 0.055707 -0.015531
v -0.019398 -0.011102 -0.007348
v -0.019587 -0.014478 -0.004413
v -0.015552 -0.015475 -0.007479
v -0.015698 -0.016909 -0.003385
v 0.031059 0.026581 -0.007369
v 0.031028 0.022799 -0.009754
v 0.032934 0.023349 -0.006240
v 0.032161 0.019250 -0.008208
v -0.027100 0.039939 -0.005795
v -0.026303 0.039634 -0.009852
v -0.028695 0.030794 -0.009706
v 0.008050 -0.017079 -0.005740
v 0.002788 -0.019730 -0.003709
v 0.005520 -0.024868 0.000234
v 0.015697 0.054467 -0.006872
v 0.015794 0.051043 -0.012366
v 0.019203 0.048735 -0.012713
v -0.029558 0.006822 -0.007596
v -0.030602 0.003060 -0.005422
v -0.028112 0.003459 -0.009686
v -0.028492 0.000076 -0.007174
v 0.028906 0.004820 -0.007654
v 0.026949 -0.001061 -0.009177
v 0.029157 -0.001210 -0.005478
v 0.027106 -0.004002 -0.006841
v -0.013114 0.055573 -0.007750
v -0.016894 0.053061 -0.009354
v -0.013643 0.052179 -0.012606
v -0.016823 0.049674 -0.012360
v -0.008183 -0.016361 -0.007002
v -0.010372 -0.018721 -0.005436
v -0.004951 -0.023280 -0.003653
v -0.006166 -0.023470 -0.000226
v 0.027168 0.039331 -0.007826
v 0.028193 0.034326 -0.010991
v 0.030723 0.032471 -0.008522
v -0.029673 0.028697 -0.007732
v -0.030951 0.018204 -0.006782
v -0.031401 0.019985 -0.010740
v 0.017385 -0.011643 -0.006616
v 0.015668 -0.014494 -0.008918
v 0.016536 -0.016782 -0.004755
v 0.005475 0.058429 -0.007886
v 0.003161 0.055615 -0.013517
v 0.006280 0.053523 -0.015404
v -0.023157 -0.004944 -0.008924
v -0.023441 -0.010546 -0.005211
v -0.020609 -0.013181 -0.006352
v 0.031058 0.018130 -0.008091
v 0.029968 0.013076 -0.010676
v 0.032520 0.012992 -0.006067
v 0.031187 0.009992 -0.008411
v -0.021602 0.045874 -0.006866
v -0.022199 0.045888 -0.010450
v -0.025245 0.036827 -0.011269
v 0.001325 -0.016858 -0.006422
v -0.001535 -0.022160 -0.005204
v 0.001227 -0.025116 0.000532
v 0.018785 0.048003 -0.008339
v 0.022069 0.048369 -0.008244
v 0.022645 0.040976 -0.011197
v -0.028489 0.014160 -0.009091
v -0.029977 0.010966 -0.004884
v -0.029629 0.006996 -0.008482
v 0.024696 -0.002191 -0.009177
v 0.025225 -0.007451 -0.005587
v 0.021455 -0.009035 -0.007005
v -0.005519 0.056831 -0.008541
v -0.009037 0.056043 -0.009198
v -0.006617 0.053569 -0.015306
v -0.009772 0.051504 -0.015049
v -0.015567 -0.013334 -0.008522
v -0.015749 -0.016722 -0.005790
v -0.012615 -0.016818 -0.008245
v -0.012484 -0.019287 -0.005155
v 0.026437 0.030163 -0.006954
v 0.028711 0.024486 -0.008311
v -0.027882 0.036366 -0.008599
v -0.030855 0.031245 -0.008031
v -0.028266 0.031445 -0.011837
v -0.030237 0.028630 -0.010430
v 0.011714 -0.015578 -0.008700
v 0.008496 -0.018361 -0.008318
v 0.011912 -0.019581 -0.004453
v 0.007692 -0.020918 -0.004634
v 0.011146 0.054795 -0.007849
v 0.009465 0.051879 -0.012053
v 0.014435 0.049788 -0.013690
v -0.026139 0.002500 -0.006728
v -0.024388 -0.003688 -0.009493
v -0.025457 -0.005652 -0.006350
v 0.029599 0.009991 -0.008816
v 0.028721 0.006441 -0.010435
v 0.029553 0.002872 -0.007597
v -0.016113 0.050780 -0.007643
v -0.019026 0.044105 -0.014692
v -0.021777 0.045928 -0.012242
v -0.005820 -0.017151 -0.008002
v -0.002781 -0.019253 -0.008142
v -0.006935 -0.021493 -0.005024
v -0.002739 -0.024476 -0.001815
v 0.023227 0.042131 -0.009141
v 0.025950 0.040583 -0.008377
v 0.026101 0.033397 -0.011593
v -0.027729 0.022866 -0.007408
v -0.030189 0.012595 -0.010211
v -0.031775 0.014507 -0.008328
v 0.020582 -0.008134 -0.009122
v 0.017439 -0.013960 -0.007974
v 0.020926 -0.011311 -0.007050
v 0.000061 0.058084 -0.009209
v -0.001770 0.054005 -0.014535
v 0.002256 0.055299 -0.013647
v -0.020627 -0.007966 -0.009232
v -0.019266 -0.013807 -0.005781
v -0.017443 -0.012334 -0.009414
v 0.029403 0.022487 -0.007622
v 0.029562 0.021371 -0.011331
v 0.029964 0.014572 -0.011890
v 0.031568 0.012476 -0.008954
v -0.024207 0.042274 -0.008098
v -0.023444 0.041471 -0.011329
v -0.028135 0.036973 -0.009988
v -0.026620 0.035293 -0.013310
v 0.003809 -0.014786 -0.006964
v 0.006610 -0.021756 -0.005293
v 0.002594 -0.023204 -0.001474
v 0.015612 0.051832 -0.010321
v 0.020601 0.047474 -0.011730
v 0.018522 0.044403 -0.013607
v -0.027499 0.009754 -0.006645
v -0.026169 0.005446 -0.010696
v -0.027365 0.000933 -0.007475
v 0.025616 0.002439 -0.007728
v 0.025165 0.000270 -0.010957
v 0.025910 -0.005858 -0.007078
v 0.023579 -0.007013 -0.008526
v -0.009669 0.055143 -0.010011
v -0.012511 0.054246 -0.010508
v -0.011945 0.049778 -0.016572
v -0.013911 0.047091 -0.015444
v -0.011949 -0.014532 -0.008145
v -0.009651 -0.016367 -0.009908
v -0.010623 -0.020626 -0.005039
v -0.007835 -0.022042 -0.005419
v 0.027297 0.035855 -0.009711
v 0.027190 0.032931 -0.012424
v 0.030176 0.031331 -0.009007
v 0.028661 0.028497 -0.011936
v -0.026275 0.030384 -0.008057
v -0.028592 0.020655 -0.010093
v 0.013203 -0.012587 -0.009605
v 0.015741 -0.014399 -0.008074
v 0.010463 -0.019674 -0.003858
v 0.005419 0.056648 -0.010230
v 0.010313 0.053200 -0.013405
v 0.007272 0.050961 -0.016038
v -0.024557 -0.001443 -0.009941
v -0.025104 -0.005968 -0.007045
v -0.021733 -0.005635 -0.011108
v -0.022582 -0.008371 -0.008569
v 0.028635 0.014568 -0.008449
v 0.028647 0.013004 -0.011614
v 0.030397 0.006732 -0.008831
v 0.028363 0.005501 -0.010314
v -0.018105 0.047153 -0.008743
v -0.023587 0.042246 -0.012863
v -0.022522 0.040529 -0.014943
v -0.002357 -0.016784 -0.009004
v 0.000759 -0.018467 -0.008886
v -0.003290 -0.022352 -0.004907
v 0.000424 -0.023475 -0.003321
v 0.019610 0.044497 -0.010946
v 0.023061 0.043858 -0.009675
v 0.024207 0.037461 -0.013754
v -0.030256 0.018404 -0.009361
v -0.028660 0.012741 -0.012547
v -0.028661 0.010082 -0.008528
v 0.021317 -0.003778 -0.009936
v 0.023491 -0.006090 -0.008661
v 0.018804 -0.012090 -0.009224
v 0.019867 -0.014371 -0.007053
v -0.003562 0.055437 -0.009357
v -0.005927 0.051232 -0.014888
v -0.003360 0.053249 -0.015738
v -0.017014 -0.010361 -0.010407
v -0.017775 -0.013867 -0.007581
v -0.014132 -0.013568 -0.010856
v -0.014495 -0.016370 -0.007633
v 0.027073 0.026995 -0.009993
v 0.028056 0.017567 -0.009861
v -0.025940 0.036473 -0.008397
v -0.025198 0.036823 -0.012871
v -0.027973 0.028595 -0.013195
v 0.007547 -0.014712 -0.009768
v 0.009142 -0.017371 -0.005845
v 0.005188 -0.020580 -0.005209
v 0.011254 0.051465 -0.010008
v 0.016278 0.049116 -0.013847
v 0.015075 0.044138 -0.016261
v -0.026437 0.005650 -0.009157
v -0.023765 0.001307 -0.010545
v -0.024929 -0.003646 -0.008049
v 0.025610 0.007884 -0.009014
v 0.024088 -0.002938 -0.008746
v -0.014237 0.051698 -0.010072
v -0.012717 0.050514 -0.012849
v -0.016431 0.044666 -0.013771
v -0.006834 -0.015599 -0.011106
v -0.008571 -0.016701 -0.008942
v -0.004336 -0.021166 -0.007164
v -0.005768 -0.021206 -0.004230
v 0.024611 0.038695 -0.009341
v 0.023793 0.037833 -0.012772
v 0.028733 0.032184 -0.011967
v 0.026202 0.030074 -0.013745
v -0.028204 0.026051 -0.011797
v -0.030309 0.024202 -0.009530
v -0.028934 0.018174 -0.013871
v -0.029397 0.016248 -0.010418
v 0.017680 -0.008578 -0.009416
v 0.015532 -0.010919 -0.011403
v 0.016648 -0.016159 -0.007038
v 0.013285 -0.017095 -0.007177
v 0.000667 0.054035 -0.011082
v 0.004757 0.055303 -0.012751
v 0.003640 0.049250 -0.018350
v -0.021033 -0.004259 -0.010660
v -0.021136 -0.010404 -0.007986
v -0.017695 -0.011303 -0.010086
v 0.027289 0.019462 -0.010938
v 0.030558 0.017816 -0.010002
v 0.028381 0.012068 -0.012985
v 0.030376 0.009911 -0.011351
v -0.022027 0.043878 -0.010193
v -0.020560 0.043174 -0.013090
v -0.025208 0.039294 -0.011953
v -0.022903 0.037717 -0.014800
v 0.003087 -0.015445 -0.010013
v 0.000905 -0.018106 -0.010984
v 0.001852 -0.022203 -0.003986
v 0.018439 0.047229 -0.010100
v 0.016767 0.047432 -0.013250
v 0.019146 0.041370 -0.014040
v -0.026622 0.013236 -0.010898
v -0.029637 0.011439 -0.009776
v -0.026818 0.004524 -0.012647
v -0.027584 0.002979 -0.009808
v 0.022499 0.001413 -0.010055
v 0.023695 -0.006997 -0.008380
v 0.020352 -0.008443 -0.009932
v -0.008519 0.053340 -0.010838
v -0.006451 0.052607 -0.013694
v -0.010044 0.046426 -0.017184
v -0.012085 -0.012249 -0.012184
v -0.013498 -0.016655 -0.008119
v -0.010370 -0.019136 -0.008898
v 0.025534 0.031628 -0.011588
v 0.028069 0.027329 -0.009656
v 0.027105 0.023210 -0.013534
v -0.027025 0.033542 -0.011075
v -0.026974 0.028179 -0.014594
v -0.027839 0.025253 -0.012053
v 0.012256 -0.012415 -0.011751
v 0.008330 -0.016913 -0.009178
v 0.013109 -0.016321 -0.008276
v 0.009281 0.053497 -0.011241
v 0.007199 0.053073 -0.013374
v 0.011896 0.050584 -0.015481
v 0.009110 0.049075 -0.016923
v -0.022155 0.002888 -0.009170
v -0.022278 -0.005739 -0.012136
v -0.022246 -0.006969 -0.009019
v 0.028737 0.012224 -0.010895
v 0.026362 0.006970 -0.013553
v 0.028703 0.003988 -0.011607
v -0.015167 0.047382 -0.011545
v -0.019214 0.043911 -0.011310
v -0.018761 0.041744 -0.017336
v -0.004557 -0.015092 -0.011215
v -0.001544 -0.016395 -0.011211
v -0.004980 -0.020830 -0.006996
v -0.001307 -0.021556 -0.005676
v 0.022147 0.042556 -0.011425
v 0.021223 0.041066 -0.014048
v 0.025969 0.035387 -0.014274
v 0.023765 0.033197 -0.015951
v -0.026836 0.020749 -0.011651
v -0.030251 0.019150 -0.011331
v -0.027996 0.015624 -0.013580
v 0.020501 -0.004931 -0.011810
v 0.018023 -0.007081 -0.013134
v 0.020675 -0.009396 -0.009432
v 0.015957 -0.012653 -0.008524
v -0.000602 0.055420 -0.012565
v -0.003122 0.053923 -0.013369
v -0.001343 0.047339 -0.017059
v -0.016429 -0.006800 -0.011708
v -0.018834 -0.009059 -0.010071
v -0.014222 -0.014325 -0.011053
v -0.015140 -0.015292 -0.007660
v 0.027938 0.024792 -0.012314
v 0.028085 0.016963 -0.014321
v 0.029932 0.019209 -0.011713
v -0.022046 0.039381 -0.012593
v -0.024574 0.038223 -0.011253
v -0.025402 0.032188 -0.013645
v -0.023967 0.034198 -0.016012
v 0.006643 -0.013656 -0.010900
v 0.004399 -0.015571 -0.011933
v 0.006684 -0.020166 -0.007983
v 0.003573 -0.019941 -0.006469
v 0.013910 0.050475 -0.012522
v 0.013219 0.047911 -0.016140
v 0.017326 0.047954 -0.013527
v 0.016243 0.044872 -0.016607
v -0.024785 0.009559 -0.010280
v -0.023637 -0.000853 -0.012222
v -0.026657 0.000383 -0.010151
v 0.025438 0.005446 -0.012599
v 0.023791 0.001958 -0.014091
v 0.026652 0.001943 -0.010904
v 0.024399 -0.001104 -0.011873
v -0.010030 0.051856 -0.012435
v -0.014647 0.047866 -0.016051
v -0.013400 0.042931 -0.019073
v -0.008408 -0.012504 -0.012229
v -0.010713 -0.014850 -0.010869
v -0.005505 -0.019513 -0.008467
v -0.007344 -0.020329 -0.005381
v 0.022811 0.035071 -0.012799
v 0.026664 0.034448 -0.012128
v 0.025312 0.028967 -0.016075
v 0.027450 0.027239 -0.014577
v -0.025347 0.027953 -0.012494
v -0.027760 0.024589 -0.010925
v -0.026958 0.021553 -0.014168
v 0.014051 -0.007917 -0.010992
v 0.011915 -0.014329 -0.011131
v 0.012905 -0.015286 -0.008753
v 0.004625 0.054138 -0.012982
v 0.003687 0.049984 -0.018157
v 0.007244 0.048618 -0.018771
v -0.021834 -0.001219 -0.012999
v -0.021927 -0.007357 -0.010608
v -0.019051 -0.008792 -0.012393
v 0.027352 0.016435 -0.011456
v 0.026778 0.014813 -0.015016
v 0.028249 0.011008 -0.012434
v -0.017828 0.044247 -0.012806
v -0.021457 0.043399 -0.013507
v -0.019636 0.040383 -0.016478
v -0.000609 -0.013813 -0.011738
v 0.001805 -0.015837 -0.012449
v -0.001576 -0.020236 -0.008856
v 0.001147 -0.021493 -0.007600
v 0.016671 0.043794 -0.012681
v 0.020603 0.040948 -0.012817
v 0.019601 0.037207 -0.016270
v -0.025761 0.016386 -0.013135
v -0.028424 0.014993 -0.011988
v -0.026812 0.008111 -0.011692
v -0.026305 0.009499 -0.015052
v 0.020638 -0.000651 -0.013773
v 0.023345 -0.002175 -0.011812
v 0.018906 -0.005554 -0.013624
v 0.020625 -0.006712 -0.010376
v -0.004979 0.053578 -0.013423
v -0.007058 0.048766 -0.018072
v -0.003717 0.051301 -0.016729
v -0.014992 -0.008884 -0.012919
v -0.010834 -0.011378 -0.012775
v -0.014152 -0.012921 -0.008754
v 0.023967 0.028086 -0.011497
v 0.028604 0.023387 -0.013558
v 0.025232 0.022011 -0.014148
v -0.024033 0.034352 -0.011924
v -0.023528 0.033512 -0.015711
v -0.027495 0.027210 -0.014309
v -0.025908 0.025413 -0.016745
v 0.008245 -0.011326 -0.012581
v 0.009980 -0.015499 -0.008928
v 0.005906 -0.019930 -0.007807
v 0.010158 0.051375 -0.013695
v 0.008874 0.047759 -0.017880
v 0.013597 0.048577 -0.015308
v 0.012798 0.045505 -0.018592
v -0.023850 0.005186 -0.012015
v -0.023075 0.003227 -0.015011
v -0.021780 -0.003971 -0.010878
v 0.025808 0.010172 -0.013762
v 0.023767 0.004618 -0.015251
v 0.027245 0.006019 -0.011993
v 0.025388 0.001724 -0.012997
v -0.013428 0.047869 -0.012546
v -0.013178 0.046908 -0.017071
v -0.015759 0.042682 -0.016201
v -0.004545 -0.012273 -0.012639
v -0.007491 -0.014939 -0.012150
v -0.002578 -0.019717 -0.009212
v -0.004966 -0.020217 -0.006913
v 0.022935 0.039298 -0.013173
v 0.021783 0.034454 -0.017504
v 0.025077 0.031587 -0.016644
v -0.026585 0.024040 -0.013980
v -0.028946 0.018300 -0.012944
v -0.025548 0.020044 -0.016410
v -0.026749 0.015451 -0.014992
v 0.015783 -0.004830 -0.012906
v 0.015561 -0.013751 -0.009196
v 0.013575 -0.012913 -0.012445
v 0.001784 0.052490 -0.013913
v -0.000801 0.052347 -0.016314
v 0.002182 0.049076 -0.018391
v -0.016924 -0.003597 -0.013421
v -0.019740 -0.005231 -0.012454
v -0.016010 -0.009408 -0.013923
v -0.017185 -0.009943 -0.010860
v 0.024688 0.021510 -0.012820
v 0.027874 0.013008 -0.013509
v 0.024802 0.011182 -0.014341
v -0.018939 0.039933 -0.013902
v -0.022587 0.039325 -0.013736
v -0.021218 0.033920 -0.018666
v -0.023871 0.031868 -0.016558
v 0.003741 -0.012751 -0.014368
v 0.001204 -0.016037 -0.012865
v 0.005653 -0.016215 -0.012027
v 0.003058 -0.018650 -0.010147
v 0.013887 0.046131 -0.014046
v 0.017176 0.045463 -0.014991
v 0.015916 0.039680 -0.019481
v 0.018389 0.037629 -0.019351
v -0.024271 0.012273 -0.014144
v -0.027243 0.007492 -0.012732
v -0.023017 0.003093 -0.013368
v 0.021508 0.004249 -0.013410
v 0.024034 -0.000661 -0.013058
v 0.019926 -0.005210 -0.012372
v -0.008785 0.050542 -0.013971
v -0.006897 0.049606 -0.016334
v -0.011716 0.045126 -0.019079
v -0.009113 0.042771 -0.020933
v -0.009485 -0.009376 -0.013352
v -0.011453 -0.013025 -0.009129
v -0.007412 -0.018066 -0.009981
v 0.024627 0.032811 -0.014288
v 0.022534 0.030312 -0.016882
v 0.027349 0.028253 -0.014479
v 0.025176 0.023305 -0.016183
v -0.024636 0.030791 -0.014705
v -0.026817 0.027802 -0.014491
v -0.024338 0.026385 -0.017027
v 0.013171 -0.008814 -0.013271
v 0.009684 -0.010829 -0.014675
v 0.008601 -0.017629 -0.009625
v 0.011629 -0.016681 -0.009688
v 0.006445 0.051475 -0.014863
v 0.005220 0.048875 -0.018250
v 0.009107 0.048754 -0.017270
v 0.007636 0.045685 -0.019815
v -0.019901 0.002357 -0.014060
v -0.022673 0.000456 -0.013273
v -0.021328 -0.006512 -0.011889
v -0.018316 -0.007806 -0.012730
v 0.025500 0.014518 -0.014091
v 0.022741 0.010232 -0.015346
v 0.025857 0.005481 -0.014415
v -0.016427 0.044336 -0.013861
v -0.015056 0.043644 -0.017254
v -0.019930 0.038256 -0.017837
v -0.018367 0.036682 -0.021095
v -0.002616 -0.011801 -0.013710
v -0.000284 -0.013879 -0.013518
v -0.002069 -0.018536 -0.007975
v 0.018766 0.041996 -0.015115
v 0.018496 0.037224 -0.018817
v 0.021792 0.038494 -0.015627
v 0.021043 0.034136 -0.017806
v -0.025482 0.019084 -0.014024
v -0.024463 0.016890 -0.016155
v -0.025018 0.008833 -0.013693
v 0.019425 -0.001071 -0.014746
v 0.016546 -0.007009 -0.015429
v 0.016231 -0.011507 -0.011279
v -0.001344 0.050383 -0.015123
v -0.004300 0.050204 -0.016470
v -0.003208 0.043843 -0.019482
v -0.013763 -0.005260 -0.014640
v -0.015912 -0.009609 -0.011191
v -0.011524 -0.014175 -0.011799
v 0.024718 0.025256 -0.013826
v 0.023934 0.024442 -0.016851
v 0.024070 0.018146 -0.016255
v 0.027360 0.019475 -0.015313
v -0.019806 0.035546 -0.015104
v -0.023606 0.035306 -0.014684
v -0.021497 0.031202 -0.018779
v -0.023992 0.029589 -0.016167
v 0.007239 -0.010155 -0.014089
v 0.004170 -0.012433 -0.013009
v 0.006786 -0.015615 -0.011817
v 0.011383 0.048202 -0.015573
v 0.010565 0.045765 -0.018533
v 0.014050 0.045770 -0.017014
v 0.012884 0.042901 -0.019233
v -0.021963 0.008595 -0.014876
v -0.023822 0.004174 -0.012052
v -0.021544 -0.000878 -0.015256
v 0.023383 0.008385 -0.015652
v 0.020952 0.003474 -0.017139
v 0.025033 0.005099 -0.013921
v 0.024037 0.000417 -0.014787
v -0.010202 0.046021 -0.013338
v -0.011722 0.041252 -0.018105
v -0.006812 -0.009477 -0.015402
v -0.006759 -0.016267 -0.009752
v -0.004685 -0.016607 -0.012769
v 0.019496 0.034420 -0.016101
v 0.023579 0.034523 -0.015281
v 0.022180 0.028251 -0.016511
v -0.024414 0.026297 -0.015867
v -0.026546 0.022916 -0.015433
v -0.023680 0.023128 -0.018018
v -0.025180 0.019339 -0.016907
v 0.014576 -0.005182 -0.015955
v 0.012464 -0.008573 -0.016012
v 0.014265 -0.011541 -0.012987
v 0.003419 0.049862 -0.015329
v 0.001185 0.047503 -0.019087
v 0.003931 0.043616 -0.020913
v -0.017303 -0.000236 -0.015977
v -0.019886 -0.001731 -0.014042
v -0.017772 -0.007106 -0.013155
v -0.016009 -0.006023 -0.016190
v 0.025720 0.018914 -0.015243
v 0.023182 0.013588 -0.018084
v 0.026154 0.010454 -0.016518
v -0.017329 0.041372 -0.016358
v -0.020334 0.039179 -0.016226
v -0.017322 0.035690 -0.020108
v -0.019584 0.032381 -0.017904
v 0.002140 -0.010178 -0.014682
v -0.000261 -0.012138 -0.015436
v 0.002941 -0.016720 -0.012866
v 0.000205 -0.017507 -0.011590
v 0.014294 0.042539 -0.015745
v 0.017754 0.041868 -0.016987
v 0.016637 0.033572 -0.019191
v -0.024293 0.015180 -0.014948
v -0.022839 0.013511 -0.018076
v -0.025932 0.008000 -0.015092
v -0.023539 0.005504 -0.017416
v 0.020206 0.002927 -0.016382
v 0.017971 -0.000894 -0.017410
v 0.021517 -0.001080 -0.014644
v 0.018987 -0.004374 -0.015000
v -0.005207 0.047845 -0.014202
v -0.007459 0.040348 -0.021116
v -0.005133 0.042956 -0.022214
v -0.010488 -0.006165 -0.015251
v -0.012473 -0.010150 -0.012654
v -0.009020 -0.014039 -0.012489
v 0.022970 0.029545 -0.016539
v 0.022132 0.023853 -0.019418
v 0.025413 0.026168 -0.015951
v 0.025624 0.021148 -0.018404
v -0.022050 0.032294 -0.016595
v -0.024475 0.024995 -0.017202
v -0.021606 0.026752 -0.019440
v 0.009590 -0.007599 -0.016686
v 0.006222 -0.013188 -0.013958
v 0.011068 -0.012462 -0.013644
v 0.007856 0.048360 -0.016744
v 0.006333 0.044253 -0.020424
v 0.010669 0.045924 -0.018211
v 0.010374 0.042461 -0.022222
v -0.019592 0.006087 -0.014658
v -0.018759 -0.002937 -0.016810
v -0.019718 -0.004364 -0.013643
v 0.021326 0.012330 -0.016195
v 0.024871 0.010695 -0.015754
v 0.021510 0.005648 -0.018055
v 0.023480 0.003752 -0.015960
v -0.013811 0.044787 -0.016556
v -0.012619 0.040404 -0.020510
v -0.014991 0.037326 -0.019342
v -0.004515 -0.009206 -0.016299
v -0.000867 -0.011852 -0.014820
v -0.004988 -0.013899 -0.012843
v 0.020108 0.038848 -0.017157
v 0.017384 0.037031 -0.018663
v 0.021957 0.031980 -0.018541
v 0.018601 0.030195 -0.019801
v -0.021671 0.021433 -0.016784
v -0.025311 0.019969 -0.015767
v -0.022640 0.015195 -0.019281
v -0.024113 0.013411 -0.016399
v 0.017412 -0.001629 -0.017055
v 0.014077 -0.002833 -0.017178
v 0.016736 -0.008035 -0.014570
v 0.013479 -0.008677 -0.014384
v 0.000162 0.048848 -0.016832
v -0.002260 0.047783 -0.018578
v 0.001186 0.042623 -0.022569
v -0.001320 0.040619 -0.022564
v -0.015857 -0.001916 -0.015488
v -0.013344 -0.004183 -0.017945
v -0.015868 -0.009495 -0.013531
v -0.012873 -0.012335 -0.014993
v 0.022469 0.022596 -0.018175
v 0.024679 0.016771 -0.017233
v -0.017508 0.036568 -0.016072
v -0.021114 0.031175 -0.017520
v -0.018368 0.032294 -0.020511
v 0.005354 -0.008525 -0.017261
v 0.002101 -0.013793 -0.015410
v 0.004096 -0.014892 -0.012005
v 0.011038 0.044165 -0.017550
v 0.014330 0.043373 -0.017753
v 0.011420 0.039598 -0.020698
v 0.013925 0.037933 -0.019778
v -0.022128 0.011503 -0.015383
v -0.018345 0.007413 -0.016349
v -0.021194 0.002607 -0.015170
v 0.020635 0.007194 -0.017541
v 0.018944 0.003719 -0.018709
v 0.022143 0.004039 -0.016338
v 0.019947 0.000730 -0.016807
v -0.008745 0.045467 -0.016474
v -0.007068 0.044967 -0.019728
v -0.011058 0.039094 -0.021839
v -0.009193 0.037322 -0.023379
v -0.007670 -0.005499 -0.015231
v -0.008852 -0.013551 -0.014410
v -0.006028 -0.013756 -0.012550
v 0.019238 0.031940 -0.017673
v 0.022585 0.030823 -0.017204
v 0.019960 0.025740 -0.020432
v 0.021792 0.023915 -0.018239
v -0.020401 0.027497 -0.017487
v -0.023850 0.025619 -0.016736
v -0.020991 0.020436 -0.020793
v -0.022951 0.017711 -0.017917
v 0.010183 -0.002811 -0.014737
v 0.009187 -0.013096 -0.011511
v 0.004478 0.047709 -0.017909
v 0.003129 0.043049 -0.021817
v 0.006710 0.041689 -0.022042
v -0.018311 0.003369 -0.016920
v -0.013977 -0.000215 -0.015986
v -0.019873 -0.001428 -0.016075
v -0.016986 -0.005145 -0.015360
v 0.022347 0.016881 -0.017978
v 0.021148 0.013231 -0.019636
v 0.024096 0.012978 -0.017273
v 0.022285 0.009201 -0.018129
v -0.014757 0.041085 -0.018057
v -0.017761 0.036316 -0.019685
v -0.014883 0.034369 -0.021891
v -0.000142 -0.006996 -0.016344
v -0.002533 -0.011988 -0.016913
v -0.000079 -0.014669 -0.012853
v 0.015443 0.040054 -0.018164
v 0.013926 0.037609 -0.020852
v 0.018466 0.036783 -0.018764
v 0.016700 0.034185 -0.020710
v -0.022039 0.017401 -0.015999
v -0.020792 0.015960 -0.019789
v -0.023539 0.009490 -0.017415
v -0.021362 0.007716 -0.018899
v 0.014867 0.002618 -0.016679
v 0.017818 -0.001730 -0.014832
v 0.013861 -0.006361 -0.014846
v -0.004361 0.045781 -0.017268
v -0.001576 0.045525 -0.020053
v -0.003645 0.036523 -0.021699
v -0.012251 -0.002805 -0.018394
v -0.013714 -0.006214 -0.016944
v -0.010093 -0.006164 -0.018412
v -0.011249 -0.009121 -0.016250
v 0.019484 0.025671 -0.016084
v 0.023317 0.020989 -0.018701
v 0.020192 0.019697 -0.018765
v -0.019197 0.031700 -0.016405
v -0.017265 0.028583 -0.019760
v -0.020186 0.023995 -0.018394
v 0.008537 -0.006392 -0.016513
v 0.003641 -0.008815 -0.015930
v 0.006544 -0.013319 -0.014748
v 0.007618 0.043106 -0.017251
v 0.011475 0.038307 -0.022234
v 0.008896 0.035840 -0.021932
v -0.018272 0.008970 -0.018021
v -0.021111 0.007002 -0.017437
v -0.017512 0.000231 -0.019017
v -0.019479 -0.001671 -0.016447
v 0.018975 0.011449 -0.017644
v 0.022779 0.006315 -0.017524
v 0.017896 0.001650 -0.017149
v -0.008975 0.042506 -0.018328
v -0.012702 0.041789 -0.018760
v -0.009257 0.038901 -0.022435
v -0.012224 0.037128 -0.021089
v -0.005096 -0.005945 -0.018849
v -0.006796 -0.010786 -0.016734
v -0.002982 -0.012129 -0.016289
v 0.015800 0.033472 -0.016195
v 0.018196 0.024169 -0.020063
v -0.020115 0.024111 -0.019486
v -0.023514 0.018805 -0.018315
v -0.020788 0.016304 -0.020525
v 0.011573 -0.000595 -0.017935
v 0.014913 -0.002604 -0.017754
v 0.010521 -0.007374 -0.018116
v 0.012942 -0.009233 -0.016157
v 0.001549 0.045704 -0.017970
v 0.000227 0.039240 -0.021977
v 0.003150 0.041168 -0.023018
v -0.013912 0.001592 -0.019390
v -0.016690 0.000038 -0.017737
v -0.013277 -0.003866 -0.016057
v 0.019621 0.020115 -0.018767
v 0.022729 0.018349 -0.018687
v 0.019875 0.012520 -0.021051
v 0.022021 0.009976 -0.019781
v -0.016420 0.036464 -0.018029
v -0.014302 0.035947 -0.021101
v -0.019065 0.030908 -0.020604
v -0.016166 0.029165 -0.023982
v 0.002279 -0.005774 -0.019293
v 0.000060 -0.009710 -0.018156
v 0.004181 -0.009907 -0.017669
v 0.002015 -0.012718 -0.016076
v 0.010968 0.039088 -0.016660
v 0.014971 0.036288 -0.021196
v 0.011359 0.034584 -0.020713
v -0.020801 0.014362 -0.017772
v -0.018466 0.012679 -0.020966
v -0.018965 0.006151 -0.017214
v 0.017535 0.006583 -0.017288
v 0.015265 0.004280 -0.020192
v 0.018605 -0.001942 -0.017326
v 0.015246 -0.003697 -0.017827
v -0.007042 0.044225 -0.019667
v -0.005302 0.038205 -0.023569
v -0.007788 -0.001853 -0.017318
v -0.011152 -0.007541 -0.017764
v -0.006035 -0.010507 -0.017602
v -0.008300 -0.012114 -0.015355
v 0.019875 0.029003 -0.018943
v 0.017882 0.023620 -0.022098
v 0.020192 0.020544 -0.021145
v -0.018832 0.029093 -0.019645
v -0.021529 0.025850 -0.019374
v -0.017377 0.025950 -0.021946
v -0.019578 0.022427 -0.021056
v 0.007424 -0.002538 -0.018890
v 0.010725 -0.004326 -0.018866
v 0.006282 -0.008847 -0.017666
v 0.008517 -0.010027 -0.015583
v 0.005569 0.044021 -0.019787
v 0.003956 0.040907 -0.022495
v 0.007848 0.041494 -0.021402
v 0.006181 0.037792 -0.023374
v -0.015472 0.006876 -0.019476
v -0.018704 0.005393 -0.018643
v -0.014747 0.001138 -0.020388
v -0.017342 -0.000188 -0.017798
v 0.018037 0.014774 -0.019187
v 0.020974 0.012922 -0.019254
v 0.017862 0.004518 -0.018287
v -0.011736 0.039868 -0.019943
v -0.014452 0.036328 -0.021181
v -0.010364 0.036763 -0.022512
v -0.012800 0.032965 -0.022964
v -0.000810 -0.004659 -0.020100
v -0.004263 -0.009441 -0.018020
v -0.001039 -0.012549 -0.017593
v 0.014702 0.036178 -0.020046
v 0.013797 0.029399 -0.022962
v 0.017772 0.031045 -0.020890
v -0.019503 0.020463 -0.020087
v -0.022077 0.016550 -0.019252
v -0.017538 0.016636 -0.022135
v -0.019699 0.012743 -0.020630
v 0.012190 0.004041 -0.016764
v 0.011914 -0.006026 -0.015665
v -0.000364 0.042919 -0.019256
v -0.004037 0.039049 -0.020004
v -0.000266 0.036571 -0.024221
v -0.010657 0.001170 -0.019778
v -0.013899 -0.000818 -0.018962
v -0.009148 -0.005992 -0.019661
v -0.011412 -0.007135 -0.016255
v 0.019697 0.023607 -0.019727
v 0.017878 0.017950 -0.022279
v 0.019689 0.014840 -0.021222
v -0.015804 0.031898 -0.018296
v -0.014965 0.031267 -0.021937
v -0.016063 0.022875 -0.020784
v 0.003759 -0.001983 -0.016857
v 0.002271 -0.009945 -0.018141
v 0.004965 -0.012065 -0.016856
v 0.009024 0.040711 -0.020501
v 0.007273 0.038008 -0.022789
v 0.011890 0.036129 -0.022172
v 0.008770 0.033535 -0.023057
v -0.017768 0.012377 -0.020533
v -0.019563 0.008552 -0.019748
v -0.016087 0.008006 -0.021674
v -0.017377 0.004367 -0.020093
v 0.017535 0.010369 -0.019062
v 0.015390 0.009238 -0.021412
v 0.015242 0.004738 -0.019918
v 0.018796 0.005537 -0.019749
v -0.006206 0.040008 -0.020313
v -0.009909 0.039448 -0.021779
v -0.007184 0.036229 -0.023441
v -0.005878 -0.001914 -0.020727
v -0.008074 -0.005991 -0.019259
v -0.003175 -0.005741 -0.020273
v -0.005359 -0.009071 -0.018201
v 0.014753 0.030143 -0.018263
v 0.018416 0.025495 -0.021717
v 0.015594 0.023980 -0.022290
v -0.017853 0.024270 -0.018799
v -0.016617 0.022878 -0.022438
v -0.017955 0.013829 -0.020605
v 0.008600 0.001032 -0.019951
v 0.012523 -0.001564 -0.020031
v 0.007469 -0.006323 -0.019689
v 0.010477 -0.008925 -0.018846
v 0.001680 0.042383 -0.021054
v 0.004993 0.037661 -0.023572
v 0.001901 0.034949 -0.023157
v -0.012624 0.006279 -0.017156
v -0.012272 -0.002586 -0.017355
v 0.016751 0.018818 -0.019963
v 0.020567 0.013514 -0.020521
v 0.015760 0.010138 -0.022260
v 0.017898 0.007628 -0.020339
v -0.011026 0.035109 -0.020294
v -0.014396 0.034130 -0.021147
v -0.011618 0.027773 -0.024997
v -0.014445 0.025610 -0.023464
v 0.000743 -0.001678 -0.020182
v -0.001074 -0.009549 -0.015778
v 0.002125 -0.009806 -0.018709
v 0.010542 0.035847 -0.020681
v 0.013253 0.033817 -0.021178
v 0.011160 0.026169 -0.023131
v -0.016124 0.017094 -0.020375
v -0.019440 0.015366 -0.020469
v -0.015753 0.008761 -0.022360
v -0.017822 0.007388 -0.020137
v 0.014116 0.007241 -0.021316
v 0.012304 0.003738 -0.022052
v 0.014831 0.001151 -0.020045
v -0.002987 0.040527 -0.019687
v -0.006017 0.036512 -0.024391
v -0.003500 0.030092 -0.024864
v -0.008850 0.001552 -0.021439
v -0.010256 -0.004315 -0.018606
v -0.006162 -0.003561 -0.020940
v 0.015010 0.025396 -0.018887
v 0.017214 0.017310 -0.021783
v 0.015530 0.018984 -0.023116
v -0.015995 0.028252 -0.020001
v -0.013506 0.026514 -0.022528
v -0.015930 0.018293 -0.021527
v 0.007068 0.000300 -0.021047
v 0.004140 -0.001041 -0.020824
v 0.008036 -0.005348 -0.020117
v 0.004803 -0.006672 -0.019148
v 0.006761 0.038545 -0.020220
v 0.004010 0.037462 -0.022938
v 0.008622 0.031996 -0.024994
v 0.005633 0.029882 -0.025136
v -0.013683 0.010845 -0.019766
v -0.017021 0.006018 -0.021059
v -0.013208 0.001232 -0.019836
v 0.015567 0.014508 -0.020773
v 0.014299 0.008705 -0.023016
v 0.015471 0.003219 -0.020080
v -0.008279 0.036140 -0.019053
v -0.008043 0.029534 -0.025742
v -0.009821 0.026903 -0.023858
v -0.003079 -0.000066 -0.021889
v -0.005063 -0.004090 -0.020899
v -0.000808 -0.003686 -0.021408
v -0.002840 -0.007345 -0.019603
v 0.012070 0.031722 -0.022648
v 0.014758 0.025542 -0.023358
v -0.016664 0.021056 -0.019667
v -0.014253 0.019917 -0.023461
v -0.018158 0.013275 -0.022000
v -0.015294 0.011528 -0.022915
v 0.010662 0.005061 -0.022043
v 0.008407 0.001672 -0.022563
v 0.012699 0.001636 -0.021077
v 0.010208 -0.001445 -0.020851
v 0.000937 0.039223 -0.021394
v -0.002541 0.034224 -0.022346
v 0.001334 0.030062 -0.025037
v -0.010838 0.005649 -0.022154
v -0.012880 0.001187 -0.020957
v -0.008224 -0.000055 -0.022019
v -0.010481 -0.002829 -0.019606
v 0.014458 0.021026 -0.021765
v 0.017468 0.019505 -0.021870
v 0.014173 0.012930 -0.023613
v 0.015730 0.011040 -0.020926
v -0.011366 0.031538 -0.021691
v -0.014260 0.027010 -0.020598
v -0.011722 0.023420 -0.024360
v 0.003151 0.000995 -0.020541
v -0.000183 -0.003353 -0.019654
v 0.003065 -0.008013 -0.018664
v 0.007977 0.035004 -0.020259
v 0.006873 0.030735 -0.025250
v 0.009626 0.024743 -0.025467
v -0.013559 0.015020 -0.021520
v -0.016169 0.013366 -0.021689
v -0.013159 0.007792 -0.023339
v -0.014624 0.006161 -0.020782
v 0.014224 0.011012 -0.022134
v 0.011147 0.005799 -0.023138
v 0.013576 0.002982 -0.021496
v -0.004590 0.036283 -0.019919
v -0.007052 0.033853 -0.024402
v -0.003766 0.032624 -0.024971
v -0.004906 0.002783 -0.023465
v -0.007749 0.001147 -0.022082
v -0.003456 -0.004357 -0.021526
v -0.006523 -0.005706 -0.019254
v 0.012384 0.027253 -0.021055
v 0.015526 0.018701 -0.024235
v 0.012589 0.016931 -0.023033
v -0.012545 0.025007 -0.021549
v -0.015825 0.020482 -0.021349
v -0.013145 0.015926 -0.023563
v 0.005733 0.004095 -0.022065
v 0.009177 0.002385 -0.022306
v 0.004443 -0.002781 -0.021504
v 0.007544 -0.004112 -0.019109
v 0.002348 0.037443 -0.022907
v 0.005504 0.032886 -0.024716
v 0.002380 0.030538 -0.024025
v -0.011727 0.010018 -0.022869
v -0.012936 0.002485 -0.021336
v -0.009365 0.004729 -0.023165
v 0.012973 0.017540 -0.023259
v 0.016144 0.012218 -0.022308
v 0.012561 0.009785 -0.022289
v -0.008137 0.032243 -0.019302
v -0.008658 0.022384 -0.023585
v -0.001554 0.002742 -0.021692
v 0.000900 0.000828 -0.022882
v -0.001051 -0.006404 -0.018172
v 0.009767 0.031911 -0.023094
v 0.007627 0.026831 -0.025487
v 0.012602 0.026888 -0.023662
v 0.010332 0.023840 -0.025313
v -0.012982 0.019363 -0.020984
v -0.012345 0.008705 -0.023087
v -0.015278 0.010542 -0.022928
v 0.010147 0.009128 -0.023202
v 0.007804 0.006091 -0.023989
v 0.012441 0.005599 -0.022456
v 0.009875 0.002599 -0.022488
v -0.002528 0.036394 -0.023186
v 0.000550 0.030862 -0.025782
v -0.002436 0.027975 -0.025128
v -0.008404 0.006757 -0.023111
v -0.005736 0.001365 -0.023075
v -0.007559 -0.000651 -0.020517
v 0.012664 0.023322 -0.023363
v 0.010812 0.019929 -0.024926
v 0.015120 0.018018 -0.023394
v 0.012085 0.015346 -0.023628
v -0.011723 0.027355 -0.022195
v -0.009729 0.026525 -0.024630
v -0.010841 0.018764 -0.022866
v 0.004300 0.004776 -0.022415
v 0.002027 0.003442 -0.023115
v 0.003474 -0.001320 -0.019823
v 0.006300 0.033758 -0.023081
v 0.003262 0.032149 -0.024297
v 0.007550 0.027221 -0.025237
v 0.004631 0.025694 -0.025651
v -0.009994 0.013769 -0.022043
v -0.013366 0.009915 -0.020636
v -0.010091 0.005476 -0.023771
v 0.010270 0.014341 -0.023042
v 0.013222 0.012600 -0.023370
v 0.009513 0.007271 -0.024405
v 0.012165 0.004776 -0.023673
v -0.005617 0.032390 -0.021263
v -0.003636 0.029007 -0.025845
v -0.006238 0.022988 -0.024060
v -0.002372 0.005641 -0.022935
v -0.005199 0.003846 -0.023388
v -0.001159 -0.001446 -0.022537
v -0.003867 -0.002784 -0.021110
v 0.009927 0.027723 -0.023809
v 0.008346 0.024054 -0.025551
v 0.012141 0.023668 -0.024520
v 0.010283 0.020380 -0.025275
v -0.011562 0.021914 -0.022347
v -0.010058 0.020454 -0.024973
v -0.011309 0.011159 -0.022892
v 0.005559 0.008369 -0.022771
v 0.008658 0.006546 -0.023692
v 0.004863 0.001127 -0.022952
v 0.006978 -0.000320 -0.021342
v 0.000789 0.032847 -0.021078
v 0.001114 0.025528 -0.024207
v -0.008230 0.010871 -0.021903
v -0.006109 0.006401 -0.024477
v -0.008368 0.001421 -0.020655
v 0.010838 0.019877 -0.024083
v 0.008621 0.016157 -0.025468
v 0.013366 0.016216 -0.023962
v 0.010922 0.012728 -0.024566
v -0.006605 0.028678 -0.024743
v -0.009333 0.021570 -0.025693
v -0.000784 0.006124 -0.023129
v 0.002748 0.004715 -0.024048
v 0.001042 -0.003984 -0.020538
v 0.004816 0.029254 -0.023512
v 0.008685 0.024316 -0.023319
v 0.005573 0.019330 -0.025315
v -0.009350 0.017771 -0.022608
v -0.012286 0.013488 -0.024361
v -0.009325 0.008239 -0.024609
v 0.007266 0.013164 -0.021439
v 0.007812 0.003451 -0.022006
v -0.002432 0.031721 -0.024424
v -0.004841 0.028598 -0.025617
v -0.000190 0.028386 -0.025930
v -0.002545 0.025360 -0.026273
v -0.004455 0.009536 -0.024477
v -0.006644 0.005614 -0.024198
v -0.002361 0.005715 -0.024748
v -0.004313 0.001990 -0.023591
v 0.007412 0.023234 -0.023579
v 0.010854 0.021861 -0.024634
v 0.010402 0.013089 -0.025653
v 0.006775 0.015178 -0.025852
v -0.008840 0.023642 -0.022999
v -0.006956 0.022389 -0.025583
v -0.008124 0.013874 -0.023231
v 0.004413 0.009792 -0.023857
v 0.000770 0.005371 -0.022521
v 0.004549 0.000980 -0.022490
v 0.001323 0.029332 -0.023599
v 0.004751 0.028049 -0.025392
v 0.001056 0.021401 -0.026928
v 0.003546 0.019521 -0.025800
v -0.007228 0.014598 -0.022513
v -0.005150 0.010113 -0.025391
v -0.008469 0.008553 -0.023756
v 0.009031 0.017560 -0.024467
v 0.006148 0.011565 -0.025842
v 0.008228 0.008729 -0.024887
v -0.004917 0.027337 -0.022278
v -0.002458 0.023812 -0.026939
v -0.004900 0.018242 -0.024793
v -0.000954 0.010610 -0.021920
v -0.000932 0.001766 -0.021413
v 0.004928 0.025308 -0.022441
v 0.005671 0.015179 -0.023735
v -0.005703 0.019939 -0.024033
v -0.009183 0.018589 -0.024585
v -0.008021 0.012215 -0.024276
v -0.005191 0.013697 -0.026294
v 0.003897 0.013903 -0.022709
v 0.004632 0.002876 -0.023392
v -0.000242 0.028129 -0.025142
v -0.002079 0.023614 -0.026600
v 0.000990 0.020222 -0.026884
v -0.003043 0.013644 -0.024391
v -0.005485 0.012039 -0.024654
v -0.003636 0.004796 -0.022103
v 0.006612 0.020406 -0.023704
v 0.003862 0.018973 -0.025812
v 0.008255 0.012556 -0.025776
v 0.004496 0.010212 -0.025575
v -0.003253 0.023734 -0.025056
v -0.006798 0.020379 -0.023275
v -0.002724 0.018052 -0.025865
v 0.000173 0.013114 -0.023499
v 0.002587 0.011580 -0.025585
v 0.000882 0.002907 -0.022202
v 0.001132 0.024551 -0.024740
v 0.004554 0.023235 -0.025809
v 0.000323 0.018335 -0.026640
v 0.003746 0.016183 -0.027863
v -0.002858 0.018252 -0.025687
v -0.006362 0.013554 -0.025631
v -0.003298 0.010621 -0.027065
v 0.004402 0.017683 -0.024691
v 0.001450 0.016266 -0.025755
v 0.005629 0.011279 -0.025884
v 0.002024 0.009399 -0.025266
v -0.000044 0.023102 -0.024367
v -0.003368 0.021822 -0.025618
v 0.000848 0.017321 -0.026823
v -0.002301 0.015600 -0.025752
v -0.001702 0.016684 -0.024588
v 0.001050 0.014532 -0.025184
v -0.001785 0.007287 -0.023411
v 0.001269 0.020815 -0.025693
v -0.001422 0.015291 -0.026294
v 0.003970 0.016431 -0.026223
v 0.001830 0.012297 -0.026534
v -0.003389 0.063627 0.000274
v 0.009519 0.059244 0.021863
v 0.004776 0.042689 -0.020912
v 0.014331 0.042619 0.034976
v 0.019244 0.056429 0.003122
v 0.026481 0.034295 -0.010854
v 0.030649 0.033078 0.023308
v 0.035690 0.024198 0.004097
v 0.007585 0.011630 0.042997
v 0.026083 -0.006409 0.022532
v 0.022801 -0.000784 -0.013797
v 0.005515 -0.009625 -0.016076
v 0.004818 -0.011119 0.033174
v 0.001540 -0.025717 0.007867
v -0.023356 0.005105 0.033423
v -0.023097 -0.009223 -0.006328
v -0.028408 -0.006157 0.015002
v -0.010045 0.011518 -0.023916
v -0.023550 0.030003 -0.015587
v -0.034077 0.028835 0.004181
v -0.005032 0.033374 0.041649
v -0.027586 0.040217 0.024941
v -0.021606 0.052354 -0.001207
v -0.010591 0.056712 0.025227
v -0.007032 0.064839 0.020024
v -0.013454 0.065021 0.003754
v 0.015162 0.064914 0.006347
v 0.009261 0.091791 0.004713
v -0.005520 0.093376 0.010910
v -0.005460 0.085930 -0.002398
v -0.000544 0.098175 -0.016046
v 0.000174 0.098000 -0.015450
v 0.000300 0.098075 -0.016511
v -0.031775 0.034948 0.021284
v -0.031574 0.037797 0.012404
v -0.038917 0.035367 0.013743
v -0.037104 0.043111 0.020303
v 0.037604 0.040988 0.012391
v 0.034604 0.034985 0.010996
v 0.035861 0.034133 0.022428
v 0.032295 0.043447 0.018571
v 0.005175 0.061503 -0.008910
v -0.006714 0.062313 -0.006291
v -0.000000 0.064642 0.002578
v 0.002255 0.089155 -0.010893
v -0.001842 0.089009 -0.010684
v -0.000000 0.088853 -0.007227
v -0.012877 0.063682 0.015419
v -0.014196 0.068146 0.013075
v -0.014523 0.059688 0.014204
v 0.013872 0.068574 0.014104
v 0.014501 0.061717 0.012360
v 0.013783 0.059973 0.014902
v -0.031891 0.036526 0.025229
v -0.029505 0.046367 0.014966
v -0.023396 0.034133 0.017132
v -0.033179 0.027850 0.015102
v -0.036157 0.038496 0.008333
v 0.034670 0.042797 0.021905
v 0.029710 0.040055 0.006962
v 0.035108 0.030029 0.011739
v 0.028592 0.031320 0.024009
v 0.026758 0.044500 0.017668
v -0.038342 0.041732 0.019321
v -0.039065 0.038949 0.013519
v -0.038296 0.035662 0.017984
v 0.038508 0.039089 0.013331
v 0.038483 0.041111 0.019601
v 0.038498 0.036891 0.019755
vn 0.9158 -0.0988 -0.3892
vn 0.1268 -0.2022 -0.9711
vn -0.9157 -0.0209 -0.4014
vn -0.1880 -0.0529 0.9807
vn -0.3939 -0.0677 0.9167
vn 0.9858 -0.0494 0.1607
vn -0.4484 0.8750 -0.1826
vn 0.6471 0.7513 0.1292
vn 0.4951 0.3661 -0.7880
vn -0.5728 -0.0545 -0.8179
vn 0.6515 -0.3345 -0.6809
vn 0.1388 -0.9337 -0.3302
vn -0.0526 0.3806 0.9233
vn -0.9295 0.1312 0.3448
vn -0.0724 -0.6726 0.7365
vn -0.7819 -0.6230 0.0236
vn -0.7982 0.1010 -0.5939
vn -0.1644 -0.0546 -0.9849
vn 0.8877 -0.2892 -0.3584
vn -0.1525 0.2339 0.9602
vn -0.7863 0.3238 0.5262
vn 0.7976 0.1008 -0.5948
vn 0.1624 -0.0561 -0.9851
vn 0.7897 0.3239 0.5210
vn 0.5512 -0.2700 0.7895
vn 0.6928 0.2149 0.6883
vn 0.2137 0.3525 0.9111
vn 0.0690 0.1493 0.9864
vn -0.0620 -0.0372 0.9974
vn -0.6688 0.1897 0.7188
vn 0.3410 -0.0770 0.9369
vn 0.4383 -0.0446 0.8977
vn 0.2549 -0.1038 0.9614
vn 0.7390 0.0126 0.6735
vn 0.2229 0.2832 0.9328
vn 0.0569 0.1878 0.9805
vn 0.2912 0.3206 0.9013
vn 0.5085 0.0381 0.8602
vn 0.5087 0.0378 0.8601
vn -0.4870 0.2309 0.8424
vn 0.0390 -0.0997 0.9943
vn -0.3644 0.1507 0.9190
vn 0.1875 -0.1871 0.9643
vn 0.2128 0.0015 0.9771
vn 0.3893 -0.1502 0.9088
vn -0.0605 0.2177 0.9741
vn 0.3534 -0.5225 0.7759
vn 0.3537 -0.5224 0.7759
vn -0.2152 -0.1228 0.9688
vn -0.1451 -0.3241 0.9348
vn -0.2337 -0.0634 0.9702
vn -0.4115 0.4663 0.7831
vn -0.4116 0.4660 0.7832
vn 0.4343 0.1239 0.8922
vn 0.2840 0.0945 0.9542
vn 0.2627 0.0153 0.9648
vn 0.2784 0.0729 0.9577
vn 0.5147 0.0211 0.8571
vn 0.3037 -0.1063 0.9468
vn 0.5684 0.0572 0.8208
vn -0.2221 -0.1279 0.9666
vn -0.0723 0.0892 0.9934
vn -0.0265 -0.0893 0.9956
vn -0.0913 0.1653 0.9820
vn -0.1860 0.4429 0.8771
vn -0.5441 0.4231 0.7245
vn -0.0948 0.0851 0.9919
vn -0.4162 0.3272 0.8484
vn 0.0758 -0.0445 0.9961
vn 0.4447 -0.2626 0.8563
vn 0.5231 -0.3144 0.7922
vn 0.2470 -0.1332 0.9598
vn 0.0649 0.2688 0.9610
vn -0.0288 -0.2073 0.9779
vn -0.0279 -0.2557 0.9664
vn -0.0290 -0.2061 0.9781
vn 0.0134 0.2216 0.9751
vn -0.0451 0.1255 0.9911
vn -0.1039 0.0259 0.9942
vn -0.1804 -0.1062 0.9778
vn 0.2318 -0.3570 0.9049
vn 0.1361 0.3370 0.9316
vn 0.2409 0.1366 0.9609
vn 0.2028 0.2132 0.9557
vn 0.2827 0.0474 0.9580
vn -0.0192 -0.2080 0.9779
vn 0.5223 0.3152 0.7924
vn 0.5222 0.3149 0.7926
vn 0.4961 -0.3848 0.7783
vn -0.6532 0.1986 0.7307
vn 0.2100 -0.0744 0.9749
vn 0.0939 -0.5393 0.8369
vn 0.0941 -0.5391 0.8370
vn 0.9133 0.0680 0.4017
vn -0.3738 0.5551 0.7431
vn -0.3740 0.5552 0.7429
vn 0.0846 -0.3458 0.9345
vn 0.4641 0.1015 0.8800
vn 0.4639 0.1011 0.8801
vn 0.3561 0.2546 0.8991
vn -0.0872 -0.0125 0.9961
vn 0.3660 -0.3000 0.8809
vn 0.0314 -0.0897 0.9955
vn 0.4715 -0.3634 0.8035
vn 0.5750 -0.1147 0.8101
vn 0.7120 -0.2283 0.6641
vn 0.1311 0.1742 0.9760
vn 0.2412 -0.2938 0.9249
vn 0.4606 0.4094 0.7875
vn 0.4604 0.4097 0.7875
vn 0.0911 0.4009 0.9116
vn 0.4995 0.1581 0.8518
vn 0.2362 0.3268 0.9151
vn 0.6166 0.0639 0.7847
vn -0.1708 0.2775 0.9454
vn -0.5865 -0.0073 0.8099
vn -0.4595 0.0923 0.8834
vn 0.8104 0.0687 0.5818
vn -0.5456 -0.0870 0.8335
vn -0.5457 -0.0865 0.8335
vn -0.5454 -0.0865 0.8337
vn 0.7976 0.0871 0.5969
vn 0.3821 -0.0744 0.9211
vn -0.0759 0.4126 0.9078
vn 0.0015 0.3781 0.9258
vn -0.3396 0.5075 0.7919
vn -0.3771 -0.2123 0.9015
vn -0.3726 -0.2604 0.8907
vn -0.3772 -0.2117 0.9016
vn -0.6006 0.5656 0.5651
vn -0.2288 0.3059 0.9242
vn -0.5160 0.5115 0.6871
vn -0.1048 0.2101 0.9720
vn 0.5628 -0.2756 0.7793
vn 0.3177 0.5499 0.7724
vn 0.2559 0.3467 0.9024
vn 0.2119 0.2165 0.9530
vn 0.1471 0.0380 0.9884
vn -0.4801 -0.0810 0.8735
vn -0.4032 -0.1266 0.9063
vn -0.7082 0.0794 0.7016
vn 0.6985 -0.0018 0.7156
vn 0.5955 -0.0853 0.7988
vn 0.7311 0.0280 0.6817
vn -0.3327 0.6279 0.7036
vn 0.0268 0.4416 0.8968
vn -0.2372 0.5879 0.7734
vn 0.1150 0.3819 0.9170
vn -0.6643 -0.1176 0.7382
vn 0.5512 0.1040 0.8278
vn -0.0097 0.1573 0.9875
vn -0.0095 0.1576 0.9875
vn 0.8270 -0.3848 0.4098
vn 0.3052 0.0917 0.9479
vn -0.0926 0.3215 0.9424
vn -0.1815 0.2277 0.9567
vn -0.3581 0.1102 0.9271
vn -0.0857 0.2851 0.9547
vn 0.0194 0.0551 0.9983
vn 0.8080 0.3875 0.4439
vn 0.8081 0.3875 0.4436
vn -0.1706 0.6674 0.7249
vn 0.3610 0.4433 0.8205
vn 0.0411 0.6040 0.7959
vn 0.5408 0.3114 0.7814
vn 0.2051 0.1535 0.9666
vn 0.2054 0.1535 0.9666
vn -0.4365 0.7028 0.5618
vn 0.2009 0.5356 0.8202
vn 0.6007 0.2754 0.7505
vn 0.4004 0.4258 0.8114
vn 0.7336 0.1404 0.6649
vn 0.3749 -0.3676 0.8511
vn 0.3745 -0.3676 0.8513
vn -0.0982 0.5507 0.8289
vn -0.4167 0.4161 0.8082
vn 0.0291 0.5853 0.8103
vn 0.4202 0.4141 0.8074
vn 0.4055 0.3083 0.8605
vn 0.4160 0.3800 0.8261
vn -0.2161 0.0150 0.9763
vn 0.4589 -0.3222 0.8280
vn 0.4781 -0.4124 0.7755
vn 0.4488 -0.2810 0.8483
vn 0.2726 -0.4445 0.8533
vn 0.8611 0.1250 0.4928
vn 0.8613 0.1251 0.4925
vn -0.1000 0.3654 0.9255
vn -0.4317 0.2451 0.8681
vn -0.0162 0.3879 0.9216
vn 0.6999 0.5426 0.4645
vn -0.9136 -0.0508 0.4033
vn -0.9131 -0.1069 0.3935
vn -0.9129 -0.1115 0.3927
vn -0.9092 -0.1667 0.3816
vn -0.2757 0.5027 0.8193
vn -0.2821 0.4620 0.8408
vn -0.2755 0.5052 0.8178
vn 0.4279 -0.2839 0.8581
vn -0.0733 0.0173 0.9972
vn -0.0728 0.0174 0.9972
vn 0.7662 -0.5206 0.3767
vn 0.0944 0.4098 0.9073
vn 0.1707 0.2376 0.9562
vn 0.0536 0.4927 0.8686
vn 0.2257 -0.3399 0.9130
vn 0.3286 0.4271 0.8424
vn 0.6187 0.1697 0.7670
vn 0.5041 0.2855 0.8151
vn 0.7423 0.0098 0.6700
vn -0.1756 0.5146 0.8392
vn -0.3291 0.4441 0.8334
vn -0.6143 0.2591 0.7453
vn -0.7291 0.1544 0.6668
vn 0.0197 0.7342 0.6786
vn 0.4178 0.5390 0.7314
vn 0.2119 0.6591 0.7216
vn 0.5843 0.4032 0.7043
vn 0.9878 -0.1386 0.0716
vn 0.5105 0.5903 0.6252
vn -0.5194 -0.2498 0.8172
vn 0.9863 0.0607 0.1534
vn 0.5232 -0.5285 0.6686
vn 0.5800 -0.5639 0.5879
vn 0.3962 -0.4430 0.8042
vn 0.8257 0.2261 0.5169
vn 0.8877 0.1433 0.4375
vn 0.6144 0.4118 0.6731
vn 0.2717 -0.4979 0.8236
vn 0.6582 0.1436 0.7390
vn 0.6604 0.1254 0.7404
vn 0.6582 0.1441 0.7389
vn -0.1046 0.1363 0.9851
vn -0.6577 -0.1877 0.7295
vn -0.6128 -0.2926 0.7340
vn -0.6714 -0.1502 0.7257
vn 0.5855 0.3264 0.7420
vn 0.5910 0.2964 0.7502
vn 0.5858 0.3248 0.7425
vn 0.4155 -0.4170 0.8084
vn 0.4147 -0.4221 0.8062
vn 0.3939 -0.5263 0.7535
vn 0.5712 0.7082 0.4149
vn -0.1310 -0.4082 0.9035
vn -0.5501 0.6389 0.5378
vn -0.2955 0.4311 0.8526
vn -0.4978 0.5999 0.6264
vn -0.2211 0.3642 0.9047
vn 0.6000 -0.4518 0.6602
vn 0.6094 -0.4530 0.6506
vn 0.5840 -0.4495 0.6759
vn 0.9599 -0.2754 0.0524
vn 0.5632 0.3608 0.7434
vn 0.1081 0.0910 0.9900
vn 0.3077 0.5589 0.7700
vn 0.1985 -0.5974 0.7770
vn 0.1981 -0.5977 0.7769
vn 0.7685 -0.5069 0.3906
vn 0.8025 -0.5303 0.2734
vn 0.5755 -0.3763 0.7260
vn -0.5470 0.3244 0.7718
vn 0.4078 -0.1045 0.9071
vn 0.2333 -0.3903 0.8906
vn 0.1026 -0.5564 0.8245
vn 0.4734 0.6387 0.6066
vn 0.9744 -0.1598 -0.1583
vn 0.3291 0.7146 0.6173
vn 0.2724 0.0624 0.9602
vn -0.0541 0.8333 0.5501
vn 0.2806 0.6773 0.6800
vn 0.1035 0.7757 0.6225
vn 0.4172 0.5737 0.7048
vn -0.6886 -0.3270 0.6473
vn -0.5348 -0.4173 0.7347
vn -0.9543 -0.0312 0.2973
vn 0.9358 -0.1326 0.3267
vn 0.9519 -0.1803 0.2478
vn 0.8722 -0.0248 0.4886
vn -0.5387 0.4443 0.7159
vn -0.5489 0.3055 0.7781
vn -0.5354 0.4685 0.7027
vn 0.1866 -0.6856 0.7036
vn 0.8279 0.2938 0.4777
vn 0.8995 0.1827 0.3969
vn 0.6920 0.4396 0.5726
vn -0.2791 0.8900 0.3605
vn 0.0452 0.6876 0.7247
vn -0.1098 0.8106 0.5753
vn -0.9108 0.1338 0.3907
vn -0.9109 0.1341 0.3903
vn 0.6043 0.6929 0.3934
vn 0.5306 0.6642 0.5266
vn 0.1995 0.4571 0.8668
vn 0.0880 0.3699 0.9249
vn 0.8307 -0.0208 0.5564
vn 0.8991 0.4257 0.1022
vn -0.8522 0.4165 0.3167
vn -0.5891 0.0723 0.8048
vn -0.8066 0.3220 0.4958
vn 0.8968 -0.4024 0.1837
vn -0.1393 -0.1302 0.9816
vn 0.0927 -0.6712 0.7354
vn 0.0648 -0.7491 0.6593
vn 0.0888 -0.6829 0.7251
vn 0.8887 0.2333 0.3947
vn 0.8886 0.2334 0.3950
vn 0.8884 0.2333 0.3954
vn -0.5672 0.0724 0.8204
vn 0.4339 0.0328 0.9004
vn 0.7547 -0.3012 0.5829
vn 0.5651 -0.0856 0.8205
vn 0.8155 -0.4040 0.4144
vn -0.1102 0.4780 0.8714
vn -0.1102 0.4784 0.8712
vn -0.7049 -0.3401 0.6225
vn -0.6428 -0.4515 0.6188
vn -0.7218 -0.3042 0.6216
vn -0.5850 0.1975 0.7866
vn -0.8864 -0.0550 0.4596
vn -0.4243 0.2829 0.8602
vn -0.9471 -0.1625 0.2768
vn 0.3557 0.5447 0.7594
vn 0.1496 -0.4649 0.8726
vn -0.5526 0.3392 0.7613
vn -0.5023 0.2703 0.8214
vn -0.6253 0.4494 0.6380
vn -0.1825 -0.0739 0.9804
vn 0.7960 0.5537 0.2444
vn 0.7537 0.4181 0.5071
vn 0.7875 0.6115 0.0767
vn -0.0296 0.2083 0.9776
vn 0.8306 0.0966 0.5485
vn -0.1110 0.5951 0.7959
vn -0.3432 0.5503 0.7612
vn -0.0276 0.6029 0.7974
vn -0.0273 -0.8420 0.5387
vn 0.0238 -0.9612 0.2748
vn -0.0297 -0.8352 0.5491
vn 0.9319 0.3325 0.1447
vn 0.7917 -0.4156 0.4478
vn -0.2145 -0.4204 0.8816
vn -0.3376 -0.5475 0.7657
vn -0.1535 -0.3544 0.9224
vn -0.3286 -0.5373 0.7768
vn -0.3290 -0.5372 0.7766
vn -0.3525 0.8345 0.4234
vn -0.1373 0.5869 0.7980
vn -0.2849 0.7694 0.5717
vn 0.5034 -0.5377 0.6763
vn 0.5190 -0.6738 0.5260
vn 0.4724 -0.4001 0.7853
vn -0.6875 -0.2995 0.6615
vn -0.4596 -0.4405 0.7712
vn -0.6264 -0.3437 0.6996
vn -0.3846 -0.4753 0.7913
vn -0.5921 0.5976 0.5406
vn 0.2806 -0.7079 0.6482
vn 0.2803 -0.7082 0.6480
vn 0.9564 -0.2817 -0.0766
vn 0.8148 0.5525 0.1754
vn 0.8349 0.4798 0.2697
vn 0.8424 0.3684 0.3932
vn 0.8332 0.2777 0.4783
vn -0.3973 -0.0143 0.9176
vn 0.6050 -0.5642 0.5619
vn 0.4229 -0.6894 0.5880
vn 0.7122 -0.4625 0.5281
vn 0.2715 -0.7615 0.5885
vn -0.4720 -0.1593 0.8671
vn -0.4720 -0.1597 0.8670
vn -0.4681 0.5518 0.6902
vn -0.4683 0.5516 0.6902
vn 0.1217 -0.3842 0.9152
vn -0.0271 -0.6023 0.7978
vn -0.1718 -0.7684 0.6164
vn 0.6231 -0.1179 0.7732
vn 0.7766 -0.4476 0.4434
vn 0.7263 -0.3013 0.6178
vn 0.7826 -0.5824 0.2198
vn 0.9619 0.2727 0.0183
vn 0.9611 0.2760 0.0100
vn 0.9622 0.2716 0.0211
vn 0.7811 -0.2690 0.5636
vn 0.8324 -0.3587 0.4224
vn 0.6139 -0.0728 0.7860
vn -0.2874 0.7913 0.5397
vn 0.7812 0.3158 0.5385
vn 0.8388 0.2677 0.4742
vn 0.5994 0.4244 0.6787
vn 0.0656 -0.6427 0.7633
vn 0.0652 -0.6428 0.7633
vn -0.3146 0.8937 0.3199
vn 0.1827 0.8365 0.5166
vn -0.1511 0.9041 0.3997
vn 0.3465 0.7591 0.5511
vn 0.9928 -0.1111 0.0455
vn -0.3527 0.6305 0.6915
vn -0.5002 0.5799 0.6430
vn -0.2717 0.6502 0.7095
vn -0.9710 0.0452 -0.2350
vn 0.9356 -0.2305 0.2673
vn -0.7679 -0.3852 0.5118
vn -0.2923 -0.6823 0.6701
vn -0.6319 -0.5050 0.5880
vn -0.1057 -0.7321 0.6729
vn -0.6420 0.2372 0.7291
vn -0.5922 0.1839 0.7845
vn -0.7617 0.3896 0.5177
vn -0.6766 -0.1377 0.7233
vn -0.7448 -0.2370 0.6238
vn -0.8186 -0.3920 0.4198
vn -0.8350 -0.4706 0.2854
vn -0.0961 0.7599 0.6428
vn -0.2601 0.7364 0.6246
vn -0.6191 0.5971 0.5101
vn -0.7523 0.4997 0.4294
vn 0.3604 -0.8610 0.3589
vn -0.8703 0.4906 -0.0422
vn -0.8706 0.4902 -0.0424
vn -0.1460 -0.3044 0.9413
vn 0.3315 0.7750 0.5380
vn -0.3682 -0.0905 0.9253
vn -0.3685 -0.0903 0.9252
vn 0.7467 -0.0149 0.6650
vn 0.9021 -0.3074 0.3027
vn 0.8336 -0.1363 0.5353
vn 0.9052 -0.3984 0.1481
vn -0.3668 0.9182 0.1494
vn -0.2463 0.7904 0.5609
vn -0.3211 0.8834 0.3414
vn 0.5985 -0.6496 0.4688
vn 0.2996 0.8196 0.4884
vn 0.5087 0.7157 0.4785
vn -0.2037 0.8859 0.4168
vn -0.9558 -0.0911 0.2796
vn -0.6703 -0.4255 0.6080
vn -0.8796 -0.2256 0.4188
vn 0.9497 -0.1227 -0.2882
vn 0.9497 -0.1230 -0.2880
vn -0.4362 0.0579 0.8980
vn -0.4360 0.0581 0.8981
vn 0.7112 -0.5463 0.4425
vn 0.6433 -0.6850 0.3421
vn 0.7230 -0.5127 0.4631
vn 0.1125 0.8799 0.4616
vn -0.4467 0.7257 0.5233
vn 0.2728 0.8689 0.4130
vn -0.5829 0.6340 0.5081
vn -0.5889 0.5017 0.6337
vn -0.6994 0.4299 0.5710
vn -0.8366 0.3056 0.4546
vn -0.9024 0.2201 0.3704
vn 0.2163 -0.8585 0.4649
vn -0.9409 -0.3379 -0.0233
vn -0.9409 -0.3379 -0.0229
vn 0.9133 -0.2770 -0.2987
vn -0.2972 -0.8274 0.4765
vn -0.2507 -0.9143 0.3182
vn -0.2876 -0.8495 0.4422
vn 0.6269 0.4626 0.6269
vn 0.7096 0.4381 0.5519
vn 0.4940 0.4871 0.7202
vn -0.9385 0.2698 0.2153
vn 0.8348 -0.3352 0.4366
vn 0.7554 -0.4452 0.4807
vn 0.6456 -0.5600 0.5192
vn -0.5194 -0.3021 0.7994
vn -0.5425 -0.3916 0.7432
vn -0.5630 -0.4993 0.6585
vn -0.5715 -0.5774 0.5831
vn 0.9487 0.0465 -0.3128
vn -0.6533 0.7507 0.0983
vn -0.5889 0.4608 0.6640
vn -0.6626 0.6848 0.3034
vn 0.3134 -0.8754 0.3681
vn 0.3132 -0.8755 0.3678
vn 0.0963 0.8534 0.5123
vn 0.0960 0.8535 0.5122
vn 0.6614 -0.0753 0.7463
vn 0.8830 -0.4688 0.0244
vn 0.7925 -0.2123 0.5717
vn 0.8298 0.4743 0.2940
vn 0.9312 0.3203 0.1742
vn 0.9020 0.3740 0.2155
vn -0.8380 0.3742 0.3971
vn -0.8860 0.2984 0.3548
vn -0.9071 0.2592 0.3317
vn -0.9434 0.1753 0.2817
vn 0.9750 -0.2089 -0.0758
vn 0.9639 -0.2335 -0.1277
vn 0.9881 -0.1402 0.0632
vn -0.3790 0.5191 0.7661
vn 0.1635 0.4364 0.8848
vn 0.1632 0.4363 0.8849
vn 0.9042 -0.3295 0.2716
vn 0.7880 -0.4680 0.4001
vn 0.9549 -0.2334 0.1834
vn -0.4311 -0.6294 0.6466
vn -0.6694 0.3152 0.6727
vn -0.6693 0.3150 0.6729
vn -0.2650 0.5525 0.7903
vn -0.2651 0.5521 0.7905
vn -0.1952 -0.6400 0.7432
vn -0.2569 -0.7180 0.6470
vn -0.1601 -0.5924 0.7896
vn 0.2194 0.2837 0.9335
vn -0.9228 0.0947 0.3734
vn -0.9046 -0.0604 0.4219
vn -0.9228 0.1698 0.3460
vn 0.7311 -0.5922 0.3387
vn 0.3629 -0.7784 0.5122
vn 0.8917 -0.4101 0.1914
vn 0.0622 -0.8170 0.5733
vn -0.3734 0.8951 0.2438
vn 0.2413 0.8985 0.3667
vn -0.1585 0.9400 0.3022
vn 0.4317 0.8198 0.3762
vn 0.9084 -0.1359 -0.3954
vn 0.9085 -0.1360 -0.3950
vn 0.6912 0.7073 0.1482
vn 0.7188 0.6522 0.2408
vn 0.7349 0.6009 0.3145
vn 0.7458 0.5330 0.3996
vn -0.9704 -0.1920 0.1465
vn 0.9732 -0.0736 0.2177
vn 0.9036 -0.2769 0.3268
vn 0.7841 -0.4610 0.4154
vn 0.3168 0.8816 0.3500
vn -0.1150 0.9057 0.4079
vn 0.5026 0.8112 0.2989
vn 0.8520 -0.4858 0.1955
vn 0.8952 -0.1600 0.4159
vn -0.2042 -0.8491 0.4871
vn -0.2934 -0.9078 0.2997
vn -0.1443 -0.7933 0.5915
vn -0.3482 -0.9237 0.1596
vn 0.7660 0.6426 0.0161
vn 0.8070 0.5608 0.1853
vn 0.8119 0.3979 0.4271
vn 0.7779 0.2732 0.5659
vn -0.7069 -0.0090 0.7072
vn 0.4619 0.8854 0.0526
vn 0.3781 0.9118 0.1601
vn 0.5253 0.8500 -0.0384
vn 0.3016 -0.9444 0.1312
vn 0.3950 -0.9163 -0.0666
vn 0.1677 -0.9167 0.3627
vn -0.9277 -0.0422 0.3710
vn 0.9607 -0.2245 0.1635
vn 0.8595 -0.4002 0.3180
vn 0.9983 -0.0556 0.0175
vn 0.7145 -0.5410 0.4435
vn 0.9085 0.3527 0.2242
vn 0.8603 0.3843 0.3350
vn 0.8071 0.4071 0.4277
vn 0.7609 -0.6249 0.1748
vn 0.3416 0.9355 0.0904
vn 0.1915 0.7550 0.6271
vn 0.2703 0.8735 0.4049
vn -0.5723 0.7339 0.3660
vn 0.9040 0.3267 -0.2759
vn 0.4062 -0.5955 0.6931
vn -0.4268 0.8913 -0.1532
vn -0.4267 0.8914 -0.1529
vn -0.5536 -0.7129 0.4304
vn -0.3270 -0.7850 0.5262
vn -0.8226 -0.5180 0.2347
vn 0.9586 0.2251 -0.1743
vn 0.9566 0.2336 -0.1740
vn 0.9568 0.2330 -0.1740
vn 0.9547 0.2417 -0.1737
vn -0.8320 0.4198 0.3626
vn -0.7978 0.2956 0.5255
vn -0.7903 0.6126 -0.0114
vn 0.4098 -0.7949 0.4475
vn 0.4100 -0.7947 0.4476
vn 0.0114 0.8736 0.4866
vn 0.6785 0.7315 0.0671
vn 0.1929 0.8935 0.4055
vn 0.7797 0.6245 -0.0446
vn 0.8907 0.0567 0.4511
vn 0.9566 -0.1623 0.2419
vn 0.9374 -0.0615 0.3428
vn 0.9558 -0.2617 0.1339
vn -0.5500 0.7036 -0.4499
vn -0.5498 0.7039 -0.4498
vn -0.4930 -0.8211 0.2877
vn -0.4753 -0.0364 0.8790
vn 0.8786 -0.4774 -0.0051
vn -0.2871 0.9469 0.1446
vn 0.2174 0.9454 0.2426
vn -0.1392 0.9739 0.1792
vn 0.3756 0.8891 0.2615
vn -0.4289 -0.1975 0.8815
vn 0.7797 0.3666 0.5076
vn 0.9924 0.0317 0.1189
vn 0.9014 0.2381 0.3617
vn 0.9907 -0.1199 -0.0650
vn 0.7693 0.4488 -0.4548
vn 0.7691 0.4490 -0.4548
vn -0.9760 0.1891 -0.1076
vn -0.8819 -0.1372 0.4510
vn -0.9928 0.1176 0.0228
vn -0.8043 -0.2071 0.5570
vn 0.7957 -0.5205 -0.3098
vn 0.0582 -0.6076 0.7921
vn 0.7989 -0.4614 -0.3859
vn -0.0847 0.8752 0.4763
vn -0.6535 -0.4702 0.5932
vn -0.5376 -0.5156 0.6671
vn -0.8774 -0.3172 0.3598
vn 0.7071 -0.3841 0.5937
vn -0.3235 0.8210 0.4705
vn -0.2841 0.8259 0.4870
vn -0.3565 0.8156 0.4558
vn 0.9077 -0.4197 0.0033
vn 0.9078 -0.4194 0.0033
vn -0.4006 -0.3113 0.8618
vn 0.7596 -0.6498 -0.0268
vn 0.8771 -0.4540 0.1569
vn 0.8129 -0.5783 0.0682
vn 0.9067 -0.3633 0.2142
vn -0.1663 0.9173 0.3617
vn 0.6274 -0.7728 -0.0956
vn 0.9614 -0.2670 -0.0661
vn 0.8618 -0.4707 0.1889
vn 0.9698 -0.1607 -0.1833
vn 0.0651 0.8037 0.5915
vn 0.1066 0.7101 0.6960
vn -0.0411 0.9575 0.2855
vn -0.6643 -0.3156 0.6776
vn 0.9123 0.0225 -0.4090
vn 0.9124 0.0225 -0.4087
vn -0.9368 0.2273 -0.2658
vn 0.4500 -0.8463 0.2851
vn 0.4358 -0.8356 0.3345
vn 0.4069 -0.8101 0.4221
vn -0.6176 -0.3480 0.7053
vn -0.6178 -0.3478 0.7052
vn 0.9940 -0.0243 -0.1065
vn 0.9914 -0.1309 0.0062
vn 0.9314 -0.3051 0.1986
vn 0.8607 -0.4028 0.3113
vn -0.5030 -0.8017 0.3228
vn -0.2567 -0.8888 0.3796
vn -0.4135 -0.8416 0.3475
vn -0.1577 -0.9054 0.3942
vn 0.8321 0.3651 -0.4175
vn -0.9564 -0.0131 -0.2918
vn -0.9563 -0.0132 -0.2921
vn -0.3779 0.8350 0.4000
vn -0.8541 -0.4964 0.1553
vn -0.6280 0.7626 -0.1550
vn -0.7721 0.5598 0.3008
vn -0.6911 0.7225 -0.0186
vn -0.7749 0.4646 0.4286
vn 0.0375 -0.7254 0.6873
vn 0.2358 -0.9375 0.2558
vn 0.1379 -0.8571 0.4963
vn 0.3093 -0.9507 0.0226
vn 0.8537 -0.2270 -0.4688
vn 0.8538 -0.2271 -0.4685
vn 0.2357 0.6895 0.6848
vn -0.5052 -0.8190 0.2722
vn -0.5343 -0.8108 0.2388
vn -0.5702 -0.7980 0.1952
vn 0.9132 0.3985 0.0856
vn 0.9124 0.4026 0.0734
vn 0.9140 0.3925 0.1024
vn 0.6234 -0.7573 0.1944
vn 0.6157 -0.7515 0.2369
vn 0.6315 -0.7626 0.1402
vn -0.0233 -0.6607 0.7503
vn 0.0394 0.9992 -0.0023
vn -0.2713 -0.7316 0.6255
vn -0.3815 0.4348 0.8157
vn 0.6681 -0.7423 -0.0515
vn 0.5312 -0.8465 0.0369
vn 0.7230 -0.6847 -0.0917
vn -0.9894 0.1334 -0.0581
vn -0.9172 -0.2446 0.3144
vn -0.9900 -0.0547 0.1301
vn 0.9462 -0.3235 0.0111
vn 0.8773 -0.4321 -0.2086
vn 0.9071 -0.0656 0.4157
vn -0.0790 0.9267 0.3674
vn -0.3171 0.9189 0.2349
vn -0.5181 0.8501 0.0947
vn -0.7004 0.7107 -0.0662
vn 0.8483 0.5294 0.0084
vn 0.8789 0.4700 0.0814
vn 0.9136 0.3412 0.2211
vn 0.9182 0.2717 0.2883
vn -0.8900 0.4553 0.0258
vn -0.9449 0.2327 0.2301
vn -0.9281 0.3497 0.1280
vn -0.9410 0.1274 0.3134
vn -0.1291 0.9842 0.1208
vn 0.1069 0.9932 0.0466
vn -0.0317 0.9954 0.0907
vn 0.2005 0.9796 0.0158
vn -0.6188 -0.5591 0.5518
vn -0.5744 -0.5708 0.5867
vn -0.7339 -0.5155 0.4424
vn 0.9938 0.1110 -0.0013
vn 0.9938 0.1110 -0.0016
vn 0.7081 0.4592 -0.5363
vn -0.9868 -0.0813 0.1402
vn -0.2231 0.9285 0.2969
vn -0.2503 0.8539 0.4563
vn -0.1493 0.9879 -0.0415
vn 0.7866 0.4636 0.4078
vn 0.5444 -0.8358 0.0713
vn 0.1841 -0.9519 0.2450
vn 0.4114 -0.9002 0.1426
vn -0.7048 -0.1125 -0.7004
vn -0.7045 -0.1124 -0.7007
vn 0.8405 -0.5315 0.1047
vn -0.0583 0.9854 -0.1598
vn 0.1083 0.9920 -0.0651
vn 0.0112 0.9926 -0.1209
vn 0.1747 0.9843 -0.0261
vn -0.6658 -0.2989 0.6836
vn -0.6060 0.7740 -0.1835
vn -0.8180 0.5011 0.2825
vn -0.7133 0.7007 -0.0109
vn -0.8274 0.3476 0.4411
vn 0.2619 -0.9552 0.1377
vn 0.7348 0.5183 0.4375
vn 0.7350 0.5183 0.4372
vn -0.1928 -0.8561 0.4796
vn -0.0699 -0.8249 0.5609
vn -0.5050 -0.8394 0.2011
vn 0.8571 0.1100 -0.5032
vn -0.6926 0.3275 -0.6427
vn -0.7875 -0.2753 0.5514
vn -0.7985 0.5828 0.1508
vn -0.8915 0.3068 0.3332
vn -0.6442 0.7646 -0.0194
vn 0.4944 -0.8321 0.2512
vn 0.6779 0.7098 -0.1911
vn 0.8086 0.5853 0.0600
vn 0.5907 0.7461 -0.3071
vn 0.8463 0.4980 0.1890
vn 0.7887 -0.4919 -0.3686
vn -0.2673 0.9592 0.0922
vn -0.4024 0.8978 0.1789
vn -0.1984 0.9789 0.0484
vn -0.6163 -0.7601 0.2060
vn -0.5058 -0.7889 0.3489
vn -0.8159 -0.5150 -0.2627
vn 0.9800 0.1297 -0.1510
vn 0.9531 0.0405 -0.2999
vn 0.8759 0.3668 0.3134
vn -0.8181 0.5031 0.2786
vn -0.9433 0.3310 -0.0234
vn -0.7254 0.5585 0.4024
vn -0.9581 0.2342 -0.1650
vn -0.9722 0.1135 -0.2047
vn -0.9662 -0.2317 0.1126
vn -0.9945 -0.1045 -0.0070
vn -0.8619 -0.4150 0.2915
vn -0.3949 0.5593 0.7288
vn -0.3948 0.5590 0.7292
vn -0.6331 -0.7545 -0.1732
vn -0.3600 -0.9263 0.1116
vn -0.5380 -0.8406 -0.0629
vn -0.2399 -0.9470 0.2137
vn 0.5324 0.4773 -0.6991
vn -0.6358 0.4376 0.6358
vn 0.7767 -0.6235 -0.0894
vn 0.6676 -0.6882 -0.2841
vn 0.7446 -0.6491 -0.1556
vn 0.6246 -0.7012 -0.3438
vn -0.8310 -0.5538 -0.0515
vn -0.8405 -0.5259 0.1305
vn -0.8134 -0.5613 -0.1530
vn 0.7681 -0.0864 -0.6345
vn -0.9836 0.1491 0.1014
vn -0.9835 0.1494 0.1018
vn -0.1903 0.9615 0.1981
vn -0.3805 0.9221 -0.0709
vn -0.0559 0.9309 0.3610
vn -0.4866 0.8369 -0.2506
vn -0.2690 -0.7392 0.6174
vn 0.6113 -0.7242 -0.3192
vn 0.2537 -0.9134 0.3184
vn 0.3616 -0.9167 0.1702
vn 0.3963 0.8985 -0.1886
vn 0.4710 0.8122 -0.3442
vn 0.2142 0.9687 0.1251
vn -0.9774 -0.2029 0.0587
vn -0.9219 -0.3228 0.2142
vn -0.9627 -0.2457 0.1132
vn -0.8933 -0.3617 0.2667
vn -0.7253 0.6127 0.3138
vn -0.7564 0.5173 0.4002
vn -0.6603 0.7283 0.1833
vn -0.0962 -0.9400 0.3274
vn -0.9842 -0.0109 0.1766
vn -0.9556 -0.0909 0.2802
vn -0.9856 0.1601 -0.0547
vn 0.9040 -0.1536 0.3990
vn 0.9041 -0.1536 0.3987
vn -0.8988 -0.3869 -0.2063
vn -0.7199 -0.6707 0.1787
vn -0.8552 -0.5153 -0.0557
vn -0.5851 -0.7402 0.3313
vn -0.8230 0.5527 0.1310
vn -0.8233 0.5523 0.1310
vn -0.8230 0.5528 0.1307
vn 0.1450 -0.6944 -0.7048
vn -0.6230 -0.2057 0.7547
vn 0.9582 -0.1938 -0.2107
vn 0.9388 -0.3278 -0.1062
vn 0.9135 -0.4048 -0.0411
vn 0.8521 -0.5194 0.0649
vn -0.6003 0.7557 0.2618
vn 0.4628 0.5810 -0.6695
vn -0.9497 0.3090 0.0506
vn -0.9496 0.3092 0.0509
vn 0.0987 0.9087 -0.4056
vn 0.5948 -0.0549 0.8020
vn -0.7787 0.6153 0.1224
vn -0.8167 0.5079 0.2739
vn -0.5461 0.7860 -0.2898
vn -0.3933 -0.5900 0.7051
vn -0.6125 0.4650 0.6393
vn -0.6122 0.4652 0.6394
vn -0.9371 -0.3054 0.1688
vn -0.9372 -0.3051 0.1688
vn -0.9370 -0.3057 0.1687
vn -0.9201 -0.1880 -0.3435
vn 0.8907 0.3891 0.2350
vn 0.9830 0.1562 -0.0963
vn 0.9481 0.3009 0.1031
vn 0.9719 0.0512 -0.2296
vn -0.7769 0.4659 0.4236
vn 0.7127 -0.3476 -0.6093
vn -0.6168 0.6401 0.4580
vn -0.6171 0.6399 0.4579
vn -0.6560 -0.7537 0.0405
vn 0.2254 0.8626 -0.4528
vn -0.9501 0.0133 0.3116
vn 0.8879 -0.3094 -0.3405
vn 0.7347 -0.4362 -0.5196
vn 0.9915 -0.1101 -0.0690
vn -0.0634 -0.7861 -0.6148
vn -0.1775 -0.9823 -0.0603
vn -0.1008 -0.8779 -0.4681
vn -0.1986 -0.9748 0.1013
vn 0.4760 -0.5350 -0.6980
vn -0.1465 0.9777 -0.1502
vn -0.2552 0.9439 -0.2093
vn -0.0880 0.9891 -0.1179
vn -0.8041 -0.5695 0.1706
vn -0.8041 -0.5696 0.1703
vn 0.8441 0.4333 0.3159
vn 0.9645 0.1674 -0.2042
vn 0.9211 0.3593 0.1497
vn 0.9325 0.0710 -0.3542
vn -0.9231 0.3746 -0.0868
vn -0.9751 0.2170 -0.0446
vn -0.8956 0.4330 -0.1022
vn -0.9235 -0.3391 0.1794
vn -0.8747 -0.3938 0.2825
vn -0.9795 -0.1831 -0.0839
vn -0.3658 -0.9101 0.1947
vn 0.8588 0.4646 -0.2158
vn 0.8645 0.4866 -0.1263
vn 0.8633 0.5026 -0.0464
vn -0.0586 0.9088 -0.4132
vn -0.0591 0.9087 -0.4131
vn 0.9825 0.0255 -0.1844
vn 0.9825 0.0259 -0.1846
vn -0.3643 0.4889 -0.7926
vn -0.1048 -0.9781 -0.1798
vn 0.9505 -0.0971 0.2953
vn 0.9506 -0.0971 0.2948
vn -0.4628 0.8826 0.0826
vn 0.8238 0.4642 -0.3253
vn 0.9235 0.3200 -0.2115
vn 0.9672 0.2174 -0.1315
vn 0.9987 0.0518 -0.0039
vn 0.6416 -0.7468 -0.1751
vn 0.2503 -0.9133 -0.3214
vn 0.4412 -0.8587 -0.2608
vn -0.9625 -0.1344 -0.2356
vn -0.9223 -0.3514 0.1607
vn -0.9713 -0.1907 -0.1424
vn -0.8858 -0.3921 0.2483
vn 0.6065 0.7670 0.2093
vn 0.6063 0.7671 0.2095
vn 0.7799 -0.3867 0.4921
vn 0.7801 -0.3865 0.4921
vn 0.2002 -0.9631 -0.1802
vn 0.1144 -0.9699 -0.2150
vn 0.4424 -0.8942 -0.0681
vn -0.4079 0.8962 -0.1744
vn -0.4853 0.8410 -0.2392
vn -0.4158 0.8913 -0.1810
vn -0.5277 -0.8294 -0.1836
vn -0.3288 -0.8970 -0.2955
vn -0.6912 -0.7196 -0.0657
vn -0.0855 -0.9123 -0.4005
vn 0.5487 -0.5483 -0.6311
vn 0.5832 -0.7547 -0.3006
vn 0.5233 -0.4732 -0.7088
vn 0.2279 0.9622 -0.1489
vn 0.2535 0.9522 -0.1703
vn 0.2305 0.9613 -0.1511
vn 0.9773 -0.1324 -0.1655
vn -0.5006 -0.7081 -0.4980
vn 0.6158 0.7022 -0.3574
vn 0.8799 0.4751 0.0001
vn 0.4616 0.7459 -0.4802
vn 0.9269 0.3430 0.1523
vn -0.8314 0.2738 -0.4835
vn -0.9852 0.0405 -0.1667
vn -0.8965 0.2053 -0.3927
vn -0.9976 -0.0347 -0.0604
vn -0.2783 0.9604 0.0150
vn -0.0683 0.9158 -0.3958
vn -0.3393 0.9263 0.1636
vn 0.0226 0.8404 -0.5415
vn -0.8249 -0.5649 0.0210
vn -0.7660 -0.6404 -0.0565
vn -0.8606 -0.5032 0.0785
vn 0.5331 0.2043 -0.8210
vn 0.0596 0.9593 -0.2759
vn -0.9093 -0.4089 0.0770
vn -0.8380 -0.4759 0.2669
vn -0.8497 -0.0826 -0.5207
vn 0.8092 -0.0817 -0.5818
vn -0.8675 0.4569 0.1964
vn -0.8676 0.4567 0.1967
vn -0.3038 -0.7028 -0.6432
vn -0.3929 -0.8961 -0.2066
vn -0.3386 -0.7798 -0.5265
vn -0.4014 -0.9135 -0.0668
vn 0.8976 0.3675 -0.2435
vn 0.9301 0.1901 -0.3143
vn 0.8826 0.4145 -0.2218
vn 0.5398 -0.5979 -0.5925
vn 0.5399 -0.5977 -0.5927
vn 0.0100 0.9991 -0.0424
vn -0.0621 0.9316 -0.3582
vn -0.0361 0.9685 -0.2465
vn -0.0920 0.8686 -0.4870
vn -0.2311 -0.9217 -0.3114
vn -0.3603 -0.8898 -0.2800
vn 0.0638 -0.9310 -0.3593
vn -0.8992 -0.2800 0.3363
vn 0.9941 -0.0898 0.0601
vn 0.7721 -0.4222 -0.4749
vn 0.9760 -0.1945 -0.0978
vn 0.6375 -0.4870 -0.5969
vn 0.1498 0.9660 -0.2106
vn -0.3103 0.9334 -0.1802
vn -0.1097 0.9738 -0.1990
vn -0.5281 0.8361 -0.1486
vn 0.7936 0.6033 0.0792
vn 0.8657 0.3303 -0.3761
vn 0.8504 0.5169 -0.0980
vn 0.8251 0.1922 -0.5313
vn -0.7345 0.5512 -0.3959
vn -0.9401 0.3180 -0.1232
vn -0.8395 0.4619 -0.2862
vn -0.9560 -0.2921 0.0273
vn 0.8313 -0.2227 -0.5093
vn 0.8314 -0.2225 -0.5091
vn -0.3065 0.9052 -0.2942
vn -0.6280 0.7624 -0.1560
vn -0.5091 0.8334 -0.2151
vn -0.7714 0.6328 -0.0674
vn 0.3939 0.3736 -0.8398
vn 0.3942 0.3735 -0.8397
vn -0.8802 -0.1308 0.4563
vn -0.7336 0.6597 -0.1630
vn 0.5089 0.0056 -0.8608
vn 0.4092 -0.8611 -0.3018
vn 0.6536 -0.1314 -0.7453
vn 0.6539 -0.1316 -0.7451
vn -0.6790 0.7304 -0.0733
vn -0.8902 0.4543 0.0351
vn -0.9252 0.3589 0.1231
vn -0.7502 0.6398 -0.1667
vn -0.7172 0.2333 -0.6567
vn -0.8650 0.0647 -0.4975
vn -0.7789 0.1723 -0.6030
vn -0.9048 -0.0018 -0.4259
vn 0.3361 -0.2856 -0.8975
vn -0.6266 0.7659 -0.1444
vn -0.6413 0.7534 -0.1453
vn -0.6085 0.7805 -0.1433
vn 0.8340 0.5465 0.0768
vn 0.8924 0.3270 -0.3108
vn 0.8796 0.4684 -0.0833
vn 0.8642 0.2164 -0.4542
vn 0.3448 -0.7913 -0.5050
vn 0.3343 -0.9278 -0.1657
vn 0.3459 -0.8663 -0.3604
vn 0.2820 0.9581 0.0494
vn 0.2719 0.8632 -0.4255
vn 0.2859 0.9433 -0.1684
vn 0.2434 0.7415 -0.6253
vn -0.8755 -0.3607 0.3216
vn 0.6305 -0.4890 -0.6028
vn 0.0439 0.9963 -0.0743
vn -0.6316 -0.7177 -0.2932
vn -0.4672 -0.8688 -0.1643
vn -0.6534 -0.6899 -0.3117
vn -0.7048 0.6933 -0.1503
vn -0.7698 0.6295 -0.1056
vn -0.7418 0.6587 -0.1257
vn -0.8034 0.5901 -0.0796
vn 0.2052 -0.7557 -0.6219
vn 0.2466 -0.8854 -0.3939
vn 0.2678 -0.9453 -0.1864
vn 0.2761 -0.9611 0.0092
vn 0.2996 0.7916 -0.5325
vn 0.4495 0.7597 -0.4699
vn 0.2349 0.7985 -0.5542
vn -0.6763 -0.4092 -0.6125
vn 0.7831 -0.2131 0.5842
vn 0.7832 -0.2128 0.5842
vn -0.4454 0.8816 -0.1560
vn -0.3641 0.7411 -0.5641
vn -0.4094 0.8222 -0.3955
vn -0.7267 -0.6726 0.1396
vn -0.8975 0.4404 -0.0226
vn -0.8984 0.4383 -0.0264
vn -0.8969 0.4418 -0.0200
vn 0.3804 -0.5440 -0.7479
vn -0.8420 -0.5050 0.1898
vn -0.8421 -0.5047 0.1901
vn -0.2593 -0.9120 -0.3179
vn 0.7003 0.6278 -0.3397
vn 0.7032 0.6264 -0.3364
vn 0.6931 0.6314 -0.3477
vn 0.3737 -0.3456 -0.8608
vn -0.8297 0.4646 -0.3093
vn -0.8263 0.3639 -0.4298
vn -0.7967 0.5933 -0.1155
vn -0.7805 0.1899 -0.5957
vn 0.2172 -0.9240 -0.3149
vn 0.0296 -0.9825 -0.1838
vn 0.2604 -0.9023 -0.3436
vn -0.0846 0.5342 -0.8411
vn -0.0098 0.8754 -0.4832
vn -0.7217 0.6723 -0.1649
vn -0.2013 0.8799 -0.4304
vn -0.8256 0.5595 -0.0726
vn -0.4552 -0.8885 0.0576
vn -0.9285 -0.0160 0.3709
vn 0.4814 -0.4743 -0.7371
vn 0.5223 -0.5595 -0.6436
vn 0.4588 -0.4307 -0.7771
vn 0.0131 0.8971 -0.4416
vn 0.1181 0.9164 -0.3824
vn 0.2080 0.9221 -0.3263
vn -0.7516 -0.6589 0.0305
vn -0.0072 -0.9120 -0.4102
vn 0.6565 0.5972 -0.4608
vn -0.6730 0.3003 -0.6759
vn -0.9756 -0.1999 -0.0910
vn -0.8731 0.1035 -0.4765
vn -0.9161 -0.3659 0.1639
vn 0.9764 -0.0333 -0.2135
vn 0.7568 -0.3901 -0.5246
vn 0.8979 -0.2188 -0.3819
vn 0.5604 -0.5356 -0.6317
vn -0.4591 0.7973 -0.3918
vn 0.6823 0.0362 -0.7302
vn 0.6826 0.0363 -0.7299
vn 0.0355 -0.7848 -0.6188
vn -0.2338 0.5808 -0.7798
vn 0.5447 0.0962 -0.8331
vn -0.5786 0.8151 -0.0303
vn 0.9611 0.1594 0.2258
vn 0.9610 0.1590 0.2262
vn -0.9122 0.3986 0.0951
vn 0.9322 -0.2731 -0.2376
vn 0.7175 -0.4785 -0.5062
vn 0.8817 -0.3417 -0.3253
vn 0.6303 -0.5255 -0.5715
vn -0.1958 0.9185 -0.3435
vn -0.1959 0.9186 -0.3431
vn -0.3862 -0.5001 -0.7751
vn -0.3860 -0.5000 -0.7752
vn 0.0569 0.5112 -0.8576
vn 0.0572 0.5112 -0.8575
vn -0.9939 -0.0847 -0.0702
vn 0.8936 -0.1051 -0.4364
vn 0.8017 -0.2291 -0.5520
vn 0.8591 -0.1577 -0.4869
vn 0.7570 -0.2761 -0.5923
vn -0.0045 0.9213 -0.3889
vn -0.0040 0.9212 -0.3890
vn 0.1789 0.8751 -0.4496
vn 0.2447 0.8137 -0.5273
vn 0.1966 0.8600 -0.4708
vn -0.6879 0.0533 -0.7238
vn -0.8276 -0.3262 -0.4568
vn -0.8059 -0.2181 -0.5504
vn -0.8100 -0.5502 -0.2027
vn 0.3815 0.2022 -0.9020
vn -0.4876 -0.5158 -0.7044
vn -0.5076 0.0899 -0.8569
vn 0.7940 0.2722 -0.5435
vn 0.7937 0.2724 -0.5438
vn -0.5119 -0.3688 -0.7759
vn -0.5680 0.7280 -0.3839
vn -0.7346 0.6037 -0.3096
vn -0.1943 0.8611 -0.4699
vn 0.0295 -0.4932 -0.8694
vn -0.3360 -0.7773 -0.5319
vn -0.0803 -0.5970 -0.7982
vn -0.4253 -0.8139 -0.3959
vn 0.6893 0.7032 -0.1742
vn 0.7196 0.5566 -0.4151
vn 0.7155 0.6145 -0.3324
vn 0.7089 0.4402 -0.5510
vn -0.9279 0.0611 -0.3679
vn -0.9613 -0.0078 -0.2755
vn -0.8027 0.2133 -0.5569
vn -0.0091 -0.4459 -0.8951
vn -0.2402 0.9009 -0.3614
vn -0.1253 0.8888 -0.4409
vn -0.3064 0.8997 -0.3109
vn 0.5546 -0.1026 -0.8258
vn 0.5549 -0.1023 -0.8256
vn 0.7037 -0.1392 -0.6967
vn 0.7327 -0.1798 -0.6564
vn 0.6855 -0.1154 -0.7189
vn 0.3419 0.9380 0.0569
vn 0.3420 0.9379 0.0573
vn 0.9195 -0.3927 -0.0187
vn -0.6625 0.6025 -0.4450
vn -0.7581 0.5244 -0.3877
vn -0.4259 0.7281 -0.5371
vn -0.5281 -0.7117 -0.4633
vn -0.4436 -0.8409 -0.3101
vn -0.5497 -0.6636 -0.5074
vn -0.9457 0.2525 -0.2047
vn 0.8297 -0.2379 -0.5050
vn 0.7989 -0.3473 -0.4911
vn 0.8300 -0.2366 -0.5052
vn -0.4166 0.6817 -0.6014
vn -0.4990 0.5694 -0.6533
vn -0.3895 0.7135 -0.5825
vn -0.1123 -0.4749 -0.8728
vn -0.5049 -0.7602 -0.4088
vn -0.2279 -0.5773 -0.7841
vn -0.5748 -0.7801 -0.2472
vn 0.9017 -0.2711 -0.3370
vn 0.8747 0.0286 -0.4837
vn 0.8748 -0.0101 -0.4844
vn 0.8748 0.0281 -0.4837
vn -0.9402 0.3019 0.1577
vn -0.0143 0.3699 -0.9289
vn -0.9618 0.1326 -0.2395
vn -0.9619 0.1326 -0.2392
vn 0.4757 -0.4627 -0.7481
vn -0.1244 0.9015 -0.4144
vn -0.4133 0.7752 -0.4778
vn -0.2289 0.8673 -0.4420
vn -0.5054 0.7114 -0.4884
vn -0.7828 0.3508 -0.5140
vn -0.7972 0.2948 -0.5268
vn -0.7832 0.3495 -0.5143
vn 0.3701 -0.7402 -0.5613
vn 0.2802 -0.8162 -0.5053
vn 0.3965 -0.7149 -0.5760
vn 0.1340 0.7884 -0.6004
vn -0.9231 -0.0945 -0.3729
vn -0.0982 0.7425 -0.6626
vn -0.3580 -0.4640 -0.8103
vn -0.2405 -0.6076 -0.7569
vn -0.1557 -0.6922 -0.7047
vn 0.4415 0.3743 -0.8155
vn 0.4412 0.3744 -0.8156
vn -0.5217 0.3387 -0.7830
vn -0.5528 -0.3978 -0.7322
vn 0.1398 0.4459 -0.8841
vn 0.1393 0.4458 -0.8842
vn -0.9447 0.0165 -0.3276
vn -0.9446 0.0168 -0.3277
vn 0.7452 -0.2896 -0.6007
vn 0.6152 -0.3669 -0.6978
vn 0.9601 -0.0566 -0.2738
vn 0.7838 0.2911 -0.5485
vn 0.7820 0.1943 -0.5923
vn 0.7823 0.3258 -0.5310
vn 0.0148 -0.6333 -0.7738
vn 0.0150 -0.6335 -0.7736
vn 0.0632 0.7231 -0.6879
vn -0.7136 -0.3283 -0.6189
vn -0.7062 -0.3512 -0.6147
vn -0.7133 -0.3290 -0.6188
vn 0.7602 -0.0743 -0.6455
vn 0.6414 -0.1545 -0.7515
vn 0.9572 0.1599 -0.2413
vn -0.9710 -0.1992 -0.1321
vn 0.3917 -0.2223 -0.8928
vn 0.5530 -0.3616 -0.7506
vn 0.3450 -0.1831 -0.9206
vn -0.6484 0.7136 -0.2652
vn 0.4320 -0.6551 -0.6198
vn -0.3823 0.4764 -0.7917
vn -0.6498 0.5026 -0.5702
vn -0.5844 -0.7104 -0.3922
vn -0.6233 -0.7162 -0.3139
vn -0.4600 -0.6688 -0.5840
vn 0.7344 0.5960 -0.3248
vn 0.5166 0.3398 -0.7859
vn 0.6926 0.5371 -0.4814
vn 0.4164 0.2392 -0.8771
vn -0.9597 -0.0168 -0.2807
vn -0.9789 -0.0917 -0.1827
vn -0.8665 0.1461 -0.4773
vn 0.7975 -0.2768 -0.5361
vn 0.3561 -0.5521 -0.7539
vn 0.6963 -0.3660 -0.6174
vn 0.1993 -0.6018 -0.7734
vn -0.5531 -0.3247 -0.7673
vn -0.6394 0.5167 -0.5694
vn -0.5559 0.5470 -0.6259
vn -0.4504 0.5749 -0.6831
vn 0.7760 -0.4929 -0.3936
vn 0.8274 0.3788 -0.4147
vn -0.8541 -0.1403 -0.5009
vn -0.9057 -0.2184 -0.3634
vn -0.5599 0.1126 -0.8209
vn 0.4574 -0.1107 -0.8823
vn -0.5436 0.6295 -0.5552
vn -0.9737 0.1186 -0.1947
vn 0.2646 0.8633 -0.4299
vn 0.0961 0.7426 -0.6628
vn 0.1911 0.8189 -0.5412
vn 0.0218 0.6696 -0.7424
vn -0.9999 0.0095 0.0140
vn -0.9999 0.0092 0.0139
vn -0.1576 -0.6870 -0.7093
vn 0.0297 -0.6417 -0.7663
vn 0.1664 -0.5920 -0.7886
vn 0.4064 0.3733 -0.8340
vn 0.3468 0.3245 -0.8800
vn 0.5917 0.5190 -0.6169
vn -0.2660 0.3917 -0.8808
vn 0.6538 -0.3357 -0.6781
vn 0.4480 -0.5779 -0.6821
vn 0.5338 -0.4904 -0.6889
vn -0.4166 -0.1995 -0.8869
vn -0.6890 -0.5068 -0.5181
vn -0.5191 -0.3057 -0.7982
vn -0.7336 -0.5747 -0.3626
vn -0.5722 0.5887 -0.5710
vn -0.8431 0.3526 -0.4059
vn -0.6848 0.5106 -0.5199
vn 0.6084 -0.3213 -0.7257
vn -0.1396 -0.6845 -0.7155
vn 0.4143 -0.4660 -0.7818
vn -0.3806 -0.7225 -0.5771
vn -0.4572 -0.7538 -0.4719
vn -0.1234 -0.5600 -0.8193
vn 0.3455 0.4908 -0.7998
vn 0.5934 0.3689 -0.7154
vn 0.2284 0.5312 -0.8159
vn -0.7944 0.3328 -0.5081
vn 0.8448 -0.2715 -0.4610
vn 0.9487 0.2007 -0.2445
vn 0.9484 0.2023 -0.2443
vn -0.0234 0.6944 -0.7192
vn -0.4961 0.2690 -0.8255
vn -0.9024 -0.1167 -0.4147
vn -0.6680 0.1490 -0.7291
vn 0.4976 -0.2015 -0.8437
vn 0.5695 -0.3495 -0.7440
vn 0.6035 -0.4347 -0.6685
vn 0.6389 -0.5525 -0.5354
vn -0.3978 -0.6975 -0.5961
vn -0.3975 -0.6973 -0.5964
vn -0.0025 0.3995 -0.9167
vn 0.2534 0.6846 -0.6834
vn 0.2607 0.6727 -0.6924
vn 0.2545 0.6831 -0.6845
vn -0.9679 -0.2311 -0.0992
vn 0.7006 -0.0946 -0.7073
vn 0.7067 -0.1437 -0.6927
vn 0.7026 -0.1088 -0.7033
vn -0.8571 0.4923 -0.1518
vn -0.2543 -0.6824 -0.6853
vn -0.3827 -0.7365 -0.5577
vn 0.0631 -0.4749 -0.8778
vn -0.7363 0.1069 -0.6681
vn -0.7050 -0.0343 -0.7084
vn -0.7285 0.0646 -0.6820
vn 0.7966 -0.2489 -0.5509
vn 0.4414 0.7321 -0.5189
vn 0.4413 0.7326 -0.5182
vn -0.3392 0.0279 -0.9403
vn -0.6801 -0.3887 -0.6216
vn -0.5140 -0.1625 -0.8423
vn -0.7519 -0.5370 -0.3823
vn 0.1770 0.1450 -0.9735
vn 0.1773 0.1453 -0.9734
vn -0.1419 0.6472 -0.7490
vn -0.6151 0.4405 -0.6539
vn -0.3075 0.5975 -0.7406
vn -0.7331 0.3475 -0.5847
vn -0.2662 -0.1172 -0.9568
vn -0.0554 -0.0998 -0.9935
vn -0.3414 0.6351 -0.6929
vn -0.0834 0.6669 -0.7405
vn 0.0703 0.6640 -0.7444
vn 0.5340 0.3512 -0.7691
vn 0.5008 0.1841 -0.8458
vn 0.5138 0.2405 -0.8235
vn 0.4759 0.0922 -0.8746
vn 0.4720 -0.5346 -0.7010
vn 0.2691 -0.4839 -0.8327
vn 0.5651 -0.5480 -0.6168
vn -0.1706 -0.1540 -0.9732
vn -0.3010 -0.2198 -0.9279
vn -0.2011 -0.1695 -0.9648
vn -0.4742 -0.5929 -0.6509
vn 0.5393 0.4255 -0.7267
vn 0.6158 0.2651 -0.7420
vn 0.5650 0.3770 -0.7340
vn -0.9214 -0.0538 -0.3848
vn -0.9214 -0.0541 -0.3849
vn 0.3480 0.4493 -0.8228
vn 0.3484 0.4491 -0.8228
vn -0.4979 -0.3744 -0.7823
vn 0.8206 0.4617 -0.3369
vn 0.5003 0.0781 -0.8623
vn 0.7444 0.3344 -0.5779
vn -0.1234 0.6684 -0.7335
vn -0.5855 0.4018 -0.7041
vn -0.3841 0.5457 -0.7447
vn -0.7685 0.2088 -0.6049
vn -0.0423 -0.3809 -0.9237
vn 0.3203 0.5954 -0.7368
vn 0.3196 0.5976 -0.7353
vn 0.3499 0.4803 -0.8043
vn 0.1912 0.1476 -0.9704
vn 0.4419 0.6178 -0.6505
vn -0.5609 -0.0951 -0.8224
vn -0.6897 -0.2910 -0.6631
vn -0.6323 -0.1960 -0.7495
vn -0.4016 0.5042 -0.7645
vn -0.6739 0.2075 -0.7091
vn -0.5323 0.3815 -0.7557
vn -0.7523 0.0785 -0.6541
vn 0.4330 -0.1915 -0.8808
vn -0.0459 -0.5129 -0.8572
vn 0.2961 -0.3015 -0.9063
vn -0.2003 -0.5820 -0.7881
vn -0.2754 0.2812 -0.9193
vn -0.7685 0.5430 -0.3385
vn -0.7683 0.5433 -0.3384
vn -0.3741 -0.3682 -0.8512
vn -0.9548 -0.0170 -0.2969
vn -0.9547 -0.0173 -0.2970
vn -0.7301 0.3374 -0.5942
vn -0.0966 -0.5839 -0.8061
vn -0.3905 0.3940 -0.8320
vn -0.7582 0.0542 -0.6498
vn -0.5654 0.2600 -0.7828
vn -0.8567 -0.1080 -0.5044
vn 0.0723 -0.4172 -0.9059
vn 0.0339 -0.4340 -0.9003
vn 0.1328 -0.3891 -0.9116
vn -0.2457 0.4851 -0.8392
vn -0.3400 0.4228 -0.8401
vn 0.1085 0.6526 -0.7499
vn -0.6967 0.5794 -0.4229
vn 0.2157 0.4917 -0.8436
vn 0.3714 0.3759 -0.8490
vn 0.0869 0.5702 -0.8169
vn 0.4861 0.2728 -0.8302
vn -0.6104 0.6004 -0.5167
vn -0.3376 0.5131 -0.7892
vn -0.6641 0.6077 -0.4356
vn 0.2613 0.4177 -0.8702
vn 0.4173 0.3237 -0.8491
vn 0.6654 0.1238 -0.7361
vn 0.7704 0.0070 -0.6375
vn -0.4036 0.4155 -0.8151
vn -0.7419 0.1087 -0.6616
vn -0.5462 0.3084 -0.7788
vn -0.8226 -0.0086 -0.5686
vn 0.0540 -0.1902 -0.9803
vn 0.0504 -0.1729 -0.9837
vn 0.0503 -0.1715 -0.9839
vn 0.0466 -0.1539 -0.9870
vn 0.7296 -0.2782 -0.6248
vn -0.8538 0.1837 -0.4872
vn -0.6861 0.0245 -0.7271
vn -0.8922 0.2380 -0.3839
vn 0.2621 -0.2211 -0.9394
vn -0.6660 0.2795 -0.6916
vn -0.6663 0.2796 -0.6913
vn -0.1431 0.3910 -0.9092
vn -0.7126 0.2597 -0.6517
vn 0.0080 -0.2490 -0.9685
vn -0.4846 0.4119 -0.7717
vn -0.2584 0.0871 -0.9621
vn -0.6263 -0.1546 -0.7641
vn -0.3604 0.0260 -0.9324
vn -0.6956 -0.2094 -0.6873
vn -0.0319 -0.0466 -0.9984
vn -0.0318 -0.0469 -0.9984
vn -0.0687 0.7521 -0.6554
vn -0.3803 0.5198 -0.7650
vn -0.2594 0.6262 -0.7352
vn -0.5462 0.3288 -0.7704
vn -0.5681 0.5144 -0.6424
vn -0.1969 -0.5275 -0.8264
vn -0.3777 0.6010 -0.7044
vn -0.3774 0.6014 -0.7042
vn -0.8392 -0.2215 -0.4967
vn 0.7456 0.0965 -0.6594
vn 0.4183 -0.1851 -0.8892
vn 0.6604 0.0087 -0.7508
vn 0.2802 -0.2735 -0.9201
vn 0.0574 0.0444 -0.9974
vn -0.1808 -0.3620 -0.9145
vn -0.0519 -0.1438 -0.9882
vn -0.3181 -0.5894 -0.7426
vn 0.0428 -0.2953 -0.9545
vn 0.3807 -0.5677 -0.7299
vn 0.2591 -0.4774 -0.8396
vn -0.2965 0.1133 -0.9483
vn -0.5190 -0.1366 -0.8438
vn -0.4226 -0.0214 -0.9061
vn -0.6113 -0.2622 -0.7467
vn -0.0766 -0.0858 -0.9934
vn -0.5396 -0.3950 -0.7435
vn -0.6333 -0.5018 -0.5891
vn -0.3591 -0.2067 -0.9101
vn 0.6533 0.1266 -0.7465
vn 0.6532 0.1263 -0.7466
vn -0.9665 0.0936 -0.2389
vn 0.6430 0.2698 -0.7168
vn 0.3477 -0.0989 -0.9324
vn 0.4790 0.0471 -0.8765
vn 0.2193 0.5878 -0.7787
vn 0.2195 0.5896 -0.7773
vn -0.1154 0.5323 -0.8387
vn -0.9364 0.0687 -0.3442
vn -0.3383 0.2469 -0.9081
vn 0.1826 0.2320 -0.9554
vn 0.2735 0.1031 -0.9563
vn 0.3802 -0.0664 -0.9225
vn 0.4757 -0.2419 -0.8457
vn 0.0576 0.5354 -0.8426
vn -0.4710 0.2971 -0.8306
vn -0.0907 0.4864 -0.8690
vn -0.5876 0.2154 -0.7799
vn -0.5610 -0.0772 -0.8242
vn -0.6687 -0.1658 -0.7248
vn -0.2245 0.1504 -0.9628
vn 0.6579 0.3085 -0.6870
vn -0.6700 0.1082 -0.7344
vn -0.0004 -0.1625 -0.9867
vn -0.1115 -0.2585 -0.9596
vn -0.0531 -0.2085 -0.9766
vn -0.1596 -0.2989 -0.9408
vn 0.4229 0.6092 -0.6708
vn 0.0084 0.3583 -0.9336
vn 0.3072 0.5512 -0.7758
vn -0.1314 0.2501 -0.9593
vn 0.3318 0.0232 -0.9431
vn -0.8723 0.3323 -0.3588
vn -0.8722 0.3321 -0.3591
vn -0.8723 0.3319 -0.3591
vn -0.6788 0.2471 -0.6915
vn -0.4576 0.0742 -0.8860
vn -0.7544 0.3171 -0.5748
vn -0.2916 -0.3236 -0.9002
vn -0.3130 -0.4655 -0.8279
vn -0.2829 -0.2747 -0.9190
vn 0.0768 0.2193 -0.9726
vn 0.2411 0.1340 -0.9612
vn 0.6730 -0.1454 -0.7252
vn 0.7663 -0.2244 -0.6020
vn 0.0056 -0.2041 -0.9789
vn -0.0885 0.2384 -0.9671
vn -0.6735 -0.1494 -0.7240
vn -0.2587 0.1431 -0.9553
vn -0.7687 -0.2396 -0.5930
vn 0.2070 0.8081 -0.5515
vn -0.3644 0.2244 -0.9038
vn -0.3648 0.2245 -0.9036
vn 0.0563 -0.2033 -0.9775
vn 0.3955 -0.4837 -0.7808
vn 0.2655 -0.3808 -0.8857
vn -0.3197 0.1500 -0.9356
vn 0.0818 -0.1279 -0.9884
vn 0.0820 -0.1277 -0.9884
vn -0.6020 -0.3155 -0.7336
vn 0.3289 0.2695 -0.9051
vn 0.3312 0.2465 -0.9108
vn 0.3290 0.2685 -0.9054
vn 0.0705 0.1971 -0.9778
vn -0.3923 0.2027 -0.8972
vn 0.3180 -0.0420 -0.9472
vn 0.2486 -0.1994 -0.9479
vn 0.3522 0.0444 -0.9349
vn -0.7785 -0.0310 -0.6269
vn 0.4752 -0.3980 -0.7847
vn 0.4751 -0.3977 -0.7849
vn 0.0741 0.2487 -0.9657
vn 0.0281 0.2109 -0.9771
vn 0.1470 0.3073 -0.9402
vn -0.8327 0.2077 -0.5133
vn -0.1780 -0.2872 -0.9412
vn -0.2881 -0.3624 -0.8864
vn 0.0614 -0.1125 -0.9918
vn -0.8666 0.0049 -0.4990
vn -0.1230 -0.0492 -0.9912
vn 0.3804 -0.3814 -0.8425
vn 0.2365 -0.2921 -0.9267
vn -0.3482 -0.2913 -0.8910
vn 0.2924 0.1926 -0.9367
vn 0.0652 0.2183 -0.9737
vn 0.1968 0.2515 -0.9476
vn -0.1185 0.1652 -0.9791
vn -0.8178 -0.0463 -0.5736
vn -0.8176 -0.0463 -0.5739
vn -0.1775 0.3140 -0.9327
vn 0.2533 0.0822 -0.9639
vn -0.3149 0.3761 -0.8714
vn 0.4044 -0.0131 -0.9145
vn -0.5255 0.2736 -0.8056
vn -0.8231 0.1499 -0.5477
vn 0.0164 0.3418 -0.9396
vn -0.3784 0.0147 -0.9255
vn -0.1614 0.2056 -0.9652
vn 0.2696 -0.2581 -0.9278
vn 0.4681 0.3158 -0.8253
vn 0.0859 0.0532 -0.9949
vn 0.3489 0.2338 -0.9075
vn -0.0350 -0.0296 -0.9989
vn -0.5039 0.0756 -0.8604
vn -0.6964 -0.1379 -0.7043
vn -0.1671 0.3033 -0.9381
vn -0.1592 0.2971 -0.9415
vn -0.1735 0.3084 -0.9353
vn 0.2348 0.2213 -0.9465
vn -0.0259 0.0042 -0.9997
vn 0.1232 0.1284 -0.9840
vn -0.1271 -0.0810 -0.9886
vn 0.1798 0.4080 -0.8951
vn -0.1569 0.1154 -0.9808
vn 0.0256 0.2807 -0.9595
vn -0.3059 -0.0320 -0.9515
vn -0.0078 0.0981 -0.9951
vn -0.0033 0.0767 -0.9970
vn -0.0071 0.0947 -0.9955
vn -0.1163 0.9457 -0.3037
vn 0.6283 0.7523 -0.1984
vn 0.1226 0.4264 -0.8962
vn 0.7186 0.2730 -0.6396
vn 0.4231 0.4395 0.7924
vn 0.8604 0.2430 0.4481
vn 0.3233 0.8408 0.4342
vn 0.9912 0.0455 -0.1241
vn -0.1839 0.2606 0.9478
vn 0.2342 -0.1539 0.9599
vn 0.6585 -0.3974 -0.6391
vn -0.2299 -0.1497 -0.9616
vn 0.7763 -0.5236 0.3510
vn 0.0421 -0.9991 -0.0086
vn 0.0510 -0.6852 0.7266
vn -0.6480 -0.2995 0.7003
vn -0.8070 -0.5452 0.2271
vn 0.1294 -0.6204 -0.7735
vn -0.6628 -0.5832 -0.4696
vn -0.6581 0.1939 -0.7275
vn -0.9873 0.1103 -0.1143
vn -0.8011 0.3659 0.4736
vn -0.6625 0.6705 -0.3341
vn -0.3444 0.7809 0.5211
vn 0.2988 -0.2701 -0.9153
vn -0.8690 -0.4898 -0.0702
vn -0.9953 -0.0074 0.0965
vn 0.8826 0.0135 0.4699
vn 0.4196 -0.6942 -0.5849
vn 0.5566 0.0864 0.8263
vn 0.3222 0.8204 0.4724
vn 0.1225 0.9645 0.2339
vn -0.2441 -0.9573 -0.1548
vn 0.6262 0.0698 -0.7766
vn 0.4928 -0.4966 0.7145
vn -0.7544 -0.4378 -0.4891
vn 0.5951 0.5383 -0.5967
vn 0.1218 -0.5689 0.8134
vn -0.1584 -0.6192 -0.7691
vn -0.4822 0.7855 0.3880
vn -0.9789 -0.2043 0.0002
vn -0.9702 -0.2423 -0.0001
vn -0.9790 -0.2038 -0.0002
vn 0.2269 0.5509 -0.8031
vn -0.0000 -0.0000 -0.0000
vn -0.2181 0.0265 0.9756
vn 0.9629 -0.2698 -0.0072
vn 0.1481 0.9822 -0.1157
vn -0.5700 0.1513 -0.8076
vn -0.2970 -0.9421 -0.1556
vn -0.6522 0.7538 0.0803
vn 0.6016 0.5694 0.5601
vn -0.1689 0.2462 -0.9544
vn 0.4476 -0.7595 -0.4720
vn -0.3169 -0.6443 0.6960
vn -0.0000 0.0001 -1.0000
vn -0.0000 -0.0000 -1.0000
vn 0.4430 -0.1887 0.8764
vn -0.5302 -0.0421 0.8468
vn -0.9708 -0.1162 0.2098
vn -0.6415 -0.7064 -0.2991
vn 0.7276 0.2706 -0.6303
vn 0.1003 0.1882 0.9770
vn -0.5417 0.2288 -0.8088
vn 0.8707 -0.4212 -0.2541
vn 0.8447 -0.2431 0.4769
vn 0.6815 0.0019 0.7318
vn -0.8875 -0.2891 -0.3587
vn -0.6803 0.0029 0.7329
vn 0.1533 0.2340 0.9601
vn -0.1670 -0.1892 0.9676
vn 0.5229 -0.0143 0.8523
vn 0.5096 -0.1128 0.8530
vn 0.5094 -0.1128 0.8531
vn -0.1112 0.1882 0.9758
vn -0.0153 0.1445 0.9894
vn 0.3603 0.1374 0.9226
vn 0.1643 -0.0546 0.9849
vn 0.2438 0.0212 0.9696
vn -0.2266 0.3387 0.9132
vn -0.1231 0.2155 0.9687
vn -0.1241 0.2074 0.9703
vn -0.1135 0.3250 0.9389
vn -0.1317 0.1034 0.9859
vn 0.1242 0.2145 0.9688
vn 0.1241 0.2138 0.9690
vn 0.4203 0.0149 0.9072
vn 0.4205 0.0146 0.9072
vn -0.2850 0.1179 0.9512
vn 0.2965 0.1444 0.9441
vn 0.0778 0.3029 0.9499
vn 0.2376 -0.1424 0.9609
vn 0.7182 0.1180 0.6857
vn 0.7180 0.1182 0.6859
vn -0.1365 0.3527 0.9257
vn 0.1611 -0.0408 0.9861
vn -0.0455 -0.2030 0.9781
vn 0.0262 -0.1481 0.9886
vn 0.1483 -0.0697 0.9865
vn -0.4227 0.3303 0.8440
vn -0.3971 0.3052 0.8655
vn -0.3968 0.3061 0.8654
vn -0.3970 0.3056 0.8654
vn -0.0293 -0.1684 0.9853
vn -0.6004 0.4083 0.6876
vn 0.5466 0.1452 0.8247
vn 0.5466 0.1456 0.8246
vn 0.5467 0.1453 0.8246
vn 0.3515 0.0827 0.9325
vn 0.3489 -0.0198 0.9369
vn 0.3485 -0.0276 0.9369
vn 0.3418 -0.1277 0.9311
vn -0.0333 0.2368 0.9710
vn -0.2473 0.1370 0.9592
vn -0.1976 0.1615 0.9669
vn 0.0435 -0.2194 0.9747
vn 0.3122 0.0817 0.9465
vn -0.3193 0.2676 0.9091
vn -0.3068 0.3850 0.8704
vn -0.3196 0.2647 0.9098
vn -0.3268 0.1413 0.9345
vn -0.4413 0.0232 0.8971
vn 0.4893 0.0129 0.8720
vn 0.6661 -0.0388 0.7448
vn 0.7670 -0.0724 0.6376
vn -0.4105 0.6755 0.6125
vn 0.4948 0.2684 0.8265
vn 0.5299 0.2964 0.7946
vn 0.4812 0.2580 0.8378
vn 0.2138 -0.1467 0.9658
vn -0.6521 -0.0457 0.7567
vn -0.4445 0.0175 0.8956
vn -0.2056 0.0799 0.9754
vn -0.0010 0.1266 0.9919
vn 0.1084 0.4072 0.9069
vn 0.1073 0.4162 0.9029
vn 0.0947 0.5054 0.8577
vn 0.1202 0.3106 0.9429
vn 0.3889 -0.0007 0.9213
vn -0.0526 0.2725 0.9607
vn -0.2761 0.4661 0.8405
vn -0.2899 0.3495 0.8909
vn -0.2895 0.3535 0.8895
vn -0.2984 0.2318 0.9259
vn 0.3190 0.4130 0.8530
vn 0.3255 0.3133 0.8921
vn 0.3260 0.2994 0.8967
vn 0.3278 0.1872 0.9260
vn -0.1339 0.1571 0.9785
vn -0.3701 -0.0000 0.9290
vn -0.3008 0.0482 0.9525
vn 0.8292 -0.3724 0.4168
vn -0.3354 -0.1932 0.9221
vn -0.0180 0.3579 0.9336
vn 0.1363 -0.3067 0.9420
vn 0.1361 -0.3097 0.9411
vn 0.1422 -0.1945 0.9705
vn 0.1288 -0.4121 0.9020
vn -0.0217 0.4465 0.8945
vn -0.0219 0.4459 0.8948
vn -0.0218 0.4469 0.8943
vn -0.5194 -0.4351 0.7355
vn -0.5743 0.1687 0.8011
vn -0.5742 0.1696 0.8009
vn -0.5744 0.1699 0.8008
vn -0.4031 0.5244 0.7500
vn -0.3799 -0.1766 0.9080
vn 0.6744 0.0078 0.7383
vn 0.5669 0.0831 0.8196
vn 0.8743 -0.1844 0.4491
vn 0.9158 -0.2537 0.3112
vn -0.7612 0.1253 0.6363
vn 0.5549 -0.1149 0.8239
vn 0.0373 0.4758 0.8788
vn -0.6182 -0.1926 0.7621
vn -0.6182 -0.1922 0.7622
vn 0.6682 0.1957 0.7178
vn 0.5548 0.2882 0.7805
vn 0.8200 0.0289 0.5717
vn 0.8892 -0.0853 0.4495
vn -0.4499 0.0422 0.8921
vn -0.5277 -0.2372 0.8157
vn -0.5278 -0.2384 0.8152
vn -0.0761 0.5647 0.8218
vn 0.0134 0.3718 0.9282
vn -0.0166 0.4395 0.8981
vn 0.0732 0.2293 0.9706
vn -0.4908 0.3638 0.7917
vn -0.4907 0.3630 0.7921
vn 0.3286 -0.3925 0.8590
vn 0.3284 -0.3938 0.8585
vn 0.7879 -0.0333 0.6149
vn 0.7881 -0.0332 0.6146
vn 0.7879 -0.0332 0.6149
vn -0.0876 -0.2857 0.9543
vn 0.1514 -0.1012 0.9833
vn 0.0752 -0.1624 0.9839
vn -0.1595 -0.3372 0.9278
vn -0.3613 0.1917 0.9125
vn -0.3615 0.1907 0.9127
vn -0.5024 -0.1066 0.8580
vn -0.5011 -0.2087 0.8398
vn -0.5007 -0.2178 0.8378
vn -0.4927 -0.3244 0.8075
vn 0.3450 -0.0382 0.9378
vn 0.3448 -0.0380 0.9379
vn -0.5429 0.3400 0.7679
vn 0.2322 -0.4227 0.8760
vn 0.4262 0.4744 0.7703
vn 0.4215 -0.1827 0.8882
vn -0.5098 0.2083 0.8347
vn 0.3108 -0.3281 0.8920
vn 0.3198 -0.3069 0.8964
vn 0.2834 -0.3899 0.8762
vn 0.3435 -0.2475 0.9059
vn 0.3195 -0.1797 0.9304
vn -0.2707 0.5344 0.8008
vn 0.5086 0.3522 0.7856
vn 0.5097 0.3465 0.7875
vn 0.4862 0.4533 0.7471
vn 0.5258 0.2380 0.8166
vn -0.0199 0.6272 0.7786
vn 0.0735 -0.4725 0.8782
vn 0.0663 -0.3638 0.9291
vn 0.0745 -0.4875 0.8699
vn 0.0802 -0.5877 0.8051
vn -0.6249 -0.0394 0.7797
vn -0.6249 -0.0377 0.7798
vn -0.6230 0.0750 0.7786
vn -0.6189 -0.1540 0.7702
vn 0.3203 -0.3886 0.8639
vn -0.4938 0.2734 0.8255
vn -0.4941 0.2721 0.8257
vn -0.4935 0.2734 0.8257
vn -0.5940 -0.1964 0.7802
vn -0.6111 -0.0754 0.7879
vn -0.5907 -0.2137 0.7781
vn -0.5648 -0.3260 0.7581
vn 0.8149 -0.0392 0.5783
vn 0.8149 -0.0397 0.5783
vn -0.0909 -0.5156 0.8520
vn -0.0824 -0.4078 0.9094
vn -0.0898 -0.5005 0.8611
vn -0.0971 -0.6032 0.7916
vn 0.4996 0.4810 0.7204
vn -0.2571 0.0968 0.9615
vn 0.7389 -0.3342 0.5851
vn 0.5071 0.5388 0.6727
vn 0.6563 0.1581 0.7378
vn 0.1796 -0.5056 0.8439
vn 0.1956 -0.3900 0.8998
vn 0.1805 -0.4998 0.8471
vn 0.1622 -0.6059 0.7788
vn 0.5877 0.6237 0.5154
vn 0.3862 0.4925 0.7799
vn 0.4508 0.5378 0.7124
vn -0.7029 -0.0501 0.7095
vn -0.2792 0.5826 0.7633
vn -0.2777 0.5901 0.7580
vn -0.2607 0.6657 0.6992
vn 0.7272 -0.0773 0.6820
vn 0.7924 0.0120 0.6098
vn 0.6830 -0.1291 0.7189
vn -0.2941 0.4936 0.8185
vn 0.5811 0.3482 0.7356
vn 0.4303 -0.3073 0.8488
vn 0.7843 -0.0196 0.6201
vn 0.7841 -0.0183 0.6204
vn 0.5702 -0.4472 0.6891
vn 0.4881 0.5825 0.6499
vn 0.4869 0.5948 0.6396
vn 0.4904 0.5425 0.6821
vn 0.4834 0.6308 0.6069
vn -0.8365 -0.2603 0.4822
vn -0.3374 -0.3692 0.8659
vn 0.6439 0.2581 0.7203
vn 0.6447 0.2563 0.7202
vn 0.2262 -0.4787 0.8483
vn 0.2658 -0.6566 0.7059
vn 0.2560 -0.6093 0.7505
vn 0.2856 -0.7647 0.5776
vn -0.0081 -0.2477 0.9688
vn -0.1696 0.6801 0.7132
vn -0.1694 0.6804 0.7130
vn 0.6028 0.4396 0.6659
vn 0.7508 0.6072 0.2601
vn 0.7250 0.5725 0.3829
vn 0.4921 -0.3202 0.8095
vn 0.5331 0.3708 0.7605
vn -0.6044 0.1302 0.7860
vn 0.7198 0.1088 0.6856
vn 0.7196 0.1125 0.6852
vn 0.6990 0.2408 0.6733
vn -0.7935 -0.4297 0.4308
vn -0.7937 -0.4293 0.4310
vn 0.7279 -0.0202 0.6853
vn -0.0505 -0.7107 0.7016
vn -0.5982 -0.0713 0.7982
vn -0.5983 -0.0705 0.7982
vn -0.5006 -0.4834 0.7181
vn -0.5002 -0.4841 0.7179
vn -0.5117 0.3744 0.7733
vn -0.5119 0.3743 0.7732
vn 0.3886 -0.4932 0.7783
vn 0.4126 -0.3722 0.8314
vn 0.3881 -0.4952 0.7772
vn 0.3562 -0.6080 0.7096
vn -0.9838 0.0660 0.1670
vn -0.5142 0.5794 0.6324
vn 0.8325 0.0231 0.5536
vn 0.5713 0.5327 0.6244
vn 0.9694 -0.2168 0.1152
vn -0.6790 0.0088 0.7341
vn -0.5019 -0.1507 0.8517
vn -0.6281 -0.0418 0.7770
vn -0.4301 -0.2051 0.8792
vn 0.2207 0.4929 0.8416
vn 0.1410 -0.1314 0.9812
vn 0.7565 0.2781 0.5919
vn 0.7570 0.2953 0.5829
vn 0.7548 0.2437 0.6089
vn 0.7572 0.3287 0.5645
vn 0.1705 -0.5509 0.8170
vn 0.1704 -0.5504 0.8173
vn -0.7327 -0.1559 0.6625
vn -0.7388 -0.0290 0.6733
vn -0.7328 -0.1546 0.6626
vn -0.7146 -0.2826 0.6399
vn 0.0462 0.7084 0.7043
vn -0.1465 0.6767 0.7215
vn -0.0939 0.6879 0.7197
vn -0.2055 -0.7398 0.6407
vn -0.0873 -0.7102 0.6985
vn 0.0264 -0.6703 0.7416
vn 0.1226 -0.6277 0.7687
vn -0.4541 -0.0435 0.8899
vn 0.0010 0.7342 0.6790
vn 0.7690 0.1344 0.6249
vn 0.8196 0.2144 0.5312
vn 0.7365 0.0908 0.6704
vn 0.1129 -0.6079 0.7860
vn 0.3736 0.4821 0.7925
vn -0.2834 -0.5468 0.7878
vn -0.2833 -0.5472 0.7876
vn 0.8305 0.3039 0.4669
vn 0.8309 0.3026 0.4671
vn -0.7138 0.3210 0.6224
vn -0.7161 0.3137 0.6236
vn -0.6722 0.4368 0.5977
vn -0.7451 0.1945 0.6379
vn 0.5201 -0.6392 0.5665
vn 0.4810 -0.6182 0.6217
vn 0.6135 -0.6803 0.4011
vn 0.6477 -0.6904 0.3224
vn -0.7664 -0.1926 0.6129
vn 0.9203 -0.2457 0.3044
vn -0.4708 0.6097 0.6377
vn -0.4096 0.7096 0.5733
vn -0.4656 0.6195 0.6320
vn -0.5204 0.5074 0.6869
vn 0.6531 0.3487 0.6723
vn 0.7276 0.3702 0.5775
vn 0.8244 0.3932 0.4070
vn -0.1758 -0.6340 0.7531
vn 0.2823 -0.7632 0.5812
vn -0.0457 -0.6894 0.7230
vn 0.3964 -0.7649 0.5077
vn 0.8600 0.3989 0.3183
vn 0.8507 -0.2330 0.4711
vn 0.7084 -0.3735 0.5989
vn 0.7528 -0.3358 0.5662
vn 0.1933 -0.6538 0.7316
vn 0.1928 -0.6559 0.7298
vn 0.2109 -0.5743 0.7910
vn 0.6602 0.1752 0.7304
vn 0.6604 0.1744 0.7304
vn 0.6602 0.1755 0.7303
vn -0.6560 0.5028 0.5629
vn 0.1729 -0.7323 0.6587
vn 0.8669 0.4682 0.1714
vn 0.8670 0.4679 0.1713
vn 0.1734 0.7772 0.6049
vn 0.0001 0.7789 0.6272
vn -0.5897 0.5928 0.5485
vn 0.9871 -0.1443 0.0697
vn -0.7292 0.4873 0.4805
vn -0.1954 -0.6100 0.7679
vn -0.1951 -0.6108 0.7674
vn 0.6849 0.3020 0.6631
vn 0.2385 0.8378 0.4911
vn 0.4000 0.8817 0.2503
vn 0.3348 0.8722 0.3565
vn 0.3310 -0.4997 0.8005
vn 0.1628 0.7969 0.5817
vn -0.0722 -0.6674 0.7412
vn -0.4262 0.5251 0.7366
vn -0.9916 0.1293 0.0068
vn -0.9915 0.1297 0.0066
vn 0.2201 0.7769 0.5899
vn -0.3910 -0.5993 0.6985
vn -0.6135 0.4543 0.6459
vn 0.3029 -0.6562 0.6912
vn 0.6801 -0.4288 0.5947
vn 0.6018 -0.4919 0.6292
vn 0.2037 -0.6909 0.6936
vn -0.3614 0.6836 0.6341
vn 0.8749 -0.1830 0.4484
vn 0.8749 -0.1828 0.4484
vn -0.0532 0.4651 0.8836
vn 0.6628 0.4689 0.5838
vn 0.6629 0.4687 0.5839
vn -0.2328 -0.6821 0.6932
vn -0.2613 -0.5680 0.7805
vn -0.2322 -0.6842 0.6913
vn -0.1985 -0.7834 0.5889
vn 0.4371 -0.2816 0.8542
vn -0.7939 0.2600 0.5496
vn -0.8167 0.1581 0.5549
vn -0.8182 0.1495 0.5551
vn -0.8325 0.0368 0.5528
vn -0.1219 0.8216 0.5569
vn 0.8333 0.1003 0.5436
vn 0.8340 0.0917 0.5441
vn 0.8179 0.2218 0.5308
vn 0.8356 -0.0337 0.5482
vn 0.7259 0.5100 0.4615
vn 0.0115 0.8722 0.4889
vn -0.1683 0.7970 0.5801
vn -0.0717 0.8424 0.5340
vn 0.3416 0.7591 0.5541
vn 0.5594 0.6234 0.5464
vn 0.4172 0.7192 0.5556
vn 0.6254 0.5675 0.5355
vn 0.8253 0.0692 0.5604
vn 0.8299 -0.0563 0.5550
vn 0.8300 -0.0499 0.5555
vn 0.8220 -0.1790 0.5407
vn -0.2757 -0.8552 0.4389
vn 0.6706 0.5591 0.4876
vn 0.7085 0.6467 0.2826
vn 0.6477 0.5191 0.5577
vn -0.0220 0.9078 0.4188
vn 0.9609 0.2770 0.0075
vn -0.6300 0.4022 0.6643
vn -0.6297 0.4025 0.6644
vn -0.6300 0.4023 0.6643
vn 0.7110 -0.5939 0.3764
vn 0.5311 0.7461 0.4017
vn 0.5316 0.7453 0.4025
vn -0.8340 -0.1569 0.5289
vn -0.8330 -0.1683 0.5271
vn -0.8380 -0.0312 0.5448
vn -0.8166 -0.2809 0.5042
vn 0.5128 0.0207 0.8583
vn 0.5138 0.4611 0.7234
vn -0.3551 -0.6178 0.7016
vn -0.3315 -0.7019 0.6304
vn -0.3280 -0.7128 0.6199
vn -0.2992 -0.7892 0.5363
vn -0.6049 0.3732 0.7034
vn -0.7147 0.3009 0.6315
vn -0.6746 0.3293 0.6606
vn -0.7374 -0.3736 0.5627
vn -0.7371 -0.3743 0.5626
vn -0.5735 0.5466 0.6101
vn 0.0090 -0.7554 0.6552
vn 0.0088 -0.7560 0.6545
vn 0.5799 0.6450 0.4977
vn 0.5899 0.6256 0.5105
vn 0.5343 0.7210 0.4411
vn 0.6284 0.5381 0.5617
vn -0.7888 0.4352 0.4341
vn 0.9859 0.0778 0.1484
vn 0.6454 -0.5817 0.4950
vn -0.3380 0.6251 0.7036
vn 0.9089 -0.0066 0.4170
vn 0.9130 0.0181 0.4077
vn 0.9002 -0.0502 0.4327
vn 0.9186 0.0621 0.3904
vn 0.6419 0.4962 0.5846
vn 0.7246 0.5107 0.4628
vn 0.9269 0.2630 0.2677
vn -0.5298 0.6391 0.5576
vn 0.1911 -0.7774 0.5993
vn 0.1910 -0.7776 0.5990
vn -0.1842 0.6952 0.6948
vn 0.3277 0.3674 0.8704
vn -0.8801 0.3074 0.3619
vn -0.8800 0.3080 0.3617
vn -0.3949 0.8468 0.3563
vn -0.5074 -0.5208 0.6865
vn -0.6027 0.6545 0.4566
vn -0.6066 0.6495 0.4583
vn -0.5366 0.7342 0.4161
vn -0.5798 -0.6180 0.5309
vn -0.6654 0.5607 0.4929
vn 0.5758 0.5515 0.6036
vn 0.5757 0.5517 0.6034
vn 0.7563 -0.3809 0.5319
vn -0.6675 -0.5224 0.5306
vn -0.6160 -0.6139 0.4937
vn -0.6215 -0.6050 0.4977
vn -0.5609 -0.6922 0.4542
vn 0.3335 0.8094 0.4834
vn 0.3341 0.8087 0.4840
vn 0.3336 0.8095 0.4831
vn -0.5467 0.7903 0.2766
vn -0.5465 0.7907 0.2760
vn -0.3275 -0.7353 0.5933
vn 0.4474 0.4924 0.7466
vn 0.5693 -0.6234 0.5361
vn 0.0793 0.9029 0.4225
vn 0.0800 0.9010 0.4263
vn 0.0598 0.9509 0.3038
vn 0.0977 0.8392 0.5349
vn -0.5138 0.3208 0.7957
vn -0.8910 -0.1568 0.4262
vn -0.8370 -0.1428 0.5282
vn -0.7053 -0.1114 0.7001
vn -0.6244 -0.0932 0.7755
vn 0.8304 -0.5227 -0.1930
vn -0.5235 -0.6989 0.4874
vn -0.5237 -0.6985 0.4878
vn -0.5771 -0.6104 0.5426
vn -0.1027 0.8567 0.5055
vn -0.1028 0.8566 0.5057
vn -0.4603 -0.7807 0.4228
vn 0.9732 0.2109 0.0915
vn 0.4963 -0.7170 0.4894
vn 0.4974 -0.7156 0.4905
vn 0.5476 -0.6333 0.5469
vn 0.4415 -0.7884 0.4283
vn 0.2933 0.8921 0.3436
vn -0.7881 -0.2052 0.5803
vn 0.9868 -0.1133 0.1156
vn -0.0353 -0.8503 0.5251
vn -0.0351 -0.8506 0.5246
vn 0.6704 -0.5601 0.4867
vn 0.9497 0.1842 0.2531
vn 0.4862 0.8137 0.3185
vn 0.4860 0.8140 0.3181
vn 0.4870 0.8129 0.3194
vn 0.3862 -0.8244 0.4138
vn 0.3867 -0.8240 0.4141
vn 0.4856 0.8145 0.3174
vn 0.9550 -0.2036 0.2156
vn 0.9549 -0.2044 0.2154
vn 0.9551 -0.2036 0.2153
vn -0.2893 -0.7554 0.5880
vn -0.9070 0.3057 0.2895
vn 0.2426 -0.7789 0.5784
vn -0.5865 0.7397 0.3299
vn -0.6614 0.6602 0.3560
vn -0.6695 0.6505 0.3587
vn -0.7318 0.5666 0.3787
vn 0.6670 -0.5811 0.4663
vn -0.6045 -0.6775 0.4191
vn -0.6027 -0.6799 0.4176
vn -0.6572 -0.5953 0.4622
vn -0.3657 0.8376 0.4057
vn -0.5445 -0.7524 0.3709
vn 0.8984 0.2648 0.3504
vn 0.8694 0.3609 0.3373
vn 0.8968 0.2710 0.3497
vn 0.9178 0.1688 0.3593
vn -0.8635 0.4380 0.2500
vn -0.8633 0.4383 0.2500
vn -0.8981 -0.2683 0.3486
vn -0.8973 -0.2712 0.3482
vn -0.9185 -0.1579 0.3626
vn -0.8650 -0.3784 0.3296
vn -0.4780 0.7712 0.4205
vn -0.4782 0.7711 0.4205
vn -0.4783 0.7711 0.4204
vn 0.3022 0.9204 0.2480
vn 0.9401 0.1258 0.3168
vn 0.9408 0.1203 0.3171
vn 0.9163 0.2551 0.3088
vn -0.7078 -0.4614 0.5349
vn -0.6606 -0.3669 0.6549
vn -0.7233 -0.5002 0.4761
vn 0.9476 -0.0076 0.3194
vn -0.7555 0.5713 0.3206
vn -0.6863 0.6653 0.2938
vn -0.7565 0.5700 0.3208
vn -0.8183 0.4606 0.3440
vn 0.0611 -0.8537 0.5171
vn 0.6149 0.7881 -0.0263
vn -0.4406 0.8763 0.1951
vn -0.8705 0.4130 0.2676
vn -0.9066 0.3099 0.2863
vn -0.9031 0.3219 0.2841
vn -0.9305 0.2103 0.2998
vn 0.3694 0.9206 -0.1268
vn -0.9018 -0.2729 0.3350
vn -0.8721 -0.3794 0.3091
vn -0.8669 -0.3942 0.3051
vn -0.8223 -0.4992 0.2733
vn 0.8446 -0.0880 0.5281
vn -0.9267 0.0230 0.3751
vn -0.9266 0.0224 0.3753
vn -0.9274 -0.3610 0.0979
vn -0.7272 0.6634 -0.1762
vn -0.9557 -0.2080 0.2082
vn -0.9556 -0.2086 0.2083
vn 0.8399 0.4679 0.2750
vn 0.7722 0.5892 0.2378
vn 0.8293 0.4898 0.2689
vn 0.8847 0.3546 0.3027
vn 0.2401 -0.9066 0.3470
vn 0.2405 -0.9062 0.3479
vn -0.0848 0.9330 0.3497
vn -0.0857 0.9328 0.3501
vn 0.9476 0.2874 0.1394
vn -0.9038 0.4204 0.0799
vn -0.9041 0.4198 0.0801
vn -0.9406 -0.2373 0.2428
vn -0.2538 0.8287 0.4989
vn -0.2935 -0.9416 0.1653
vn 0.7188 0.6890 -0.0928
vn 0.7801 0.6151 0.1145
vn 0.7643 0.6431 0.0469
vn -0.9629 0.1661 0.2129
vn -0.9628 0.1664 0.2128
vn 0.8989 0.1559 -0.4094
vn 0.8988 0.1557 -0.4097
vn -0.8537 0.5197 0.0323
vn 0.5440 0.8029 0.2438
vn 0.4521 0.8695 0.1988
vn 0.5342 0.8108 0.2392
vn 0.6233 0.7289 0.2832
vn 0.9295 -0.2251 0.2920
vn -0.2290 -0.8859 0.4034
vn 0.8843 0.4160 0.2122
vn 0.8851 0.4141 0.2123
vn 0.8392 0.5044 0.2034
vn 0.9211 0.3216 0.2194
vn -0.9353 0.2839 0.2111
vn -0.8940 0.3956 0.2105
vn -0.9335 0.2900 0.2112
vn -0.9626 0.1723 0.2091
vn -0.2509 0.8744 0.4153
vn -0.2512 0.8743 0.4153
vn 0.9818 0.0269 0.1881
vn -0.6787 0.7031 0.2120
vn -0.6794 0.7024 0.2121
vn -0.5974 0.7786 0.1921
vn -0.7529 0.6166 0.2300
vn 0.1098 -0.9434 0.3128
vn 0.1098 -0.9435 0.3126
vn -0.8229 0.1607 0.5451
vn -0.9634 -0.0511 0.2630
vn -0.9283 0.0258 0.3709
vn -0.0876 0.9870 0.1351
vn 0.7604 -0.5625 0.3247
vn 0.3754 0.9033 -0.2076
vn 0.4343 0.9007 -0.0115
vn 0.4161 0.9059 -0.0790
vn -0.6083 0.7924 0.0453
vn -0.1046 0.8896 0.4446
vn -0.2784 0.9009 0.3330
vn -0.7301 0.6752 -0.1055
vn 0.8337 -0.5291 0.1578
vn 0.9454 -0.3256 -0.0163
vn 0.9048 -0.4213 0.0625
vn 0.7584 -0.6084 0.2340
vn 0.9925 0.1207 0.0185
vn 0.9926 0.1203 0.0185
vn -0.9826 -0.0860 0.1644
vn -0.9823 -0.0904 0.1641
vn -0.9847 0.0327 0.1710
vn 0.5657 0.8170 0.1116
vn 0.5655 0.8172 0.1115
vn -0.9646 -0.2141 0.1543
vn -0.7138 0.2355 0.6596
vn 0.6368 -0.7652 0.0945
vn -0.5979 -0.6189 0.5093
vn 0.6493 -0.0744 0.7569
vn -0.6273 0.7649 0.1465
vn -0.6216 0.7698 0.1451
vn -0.5307 0.8388 0.1215
vn -0.7083 0.6858 0.1671
vn 0.7626 0.6254 0.1652
vn 0.7615 0.6268 0.1651
vn 0.6795 0.7172 0.1545
vn 0.8324 0.5265 0.1730
vn -0.8775 0.2062 0.4329
vn -0.9842 0.0300 0.1745
vn -0.9595 0.0915 0.2663
vn 0.8271 -0.5359 0.1692
vn 0.8280 -0.5346 0.1694
vn 0.8846 -0.4277 0.1861
vn 0.7556 -0.6378 0.1492
vn 0.4611 -0.8840 0.0774
vn 0.5862 0.5466 -0.5980
vn 0.5864 0.5465 -0.5979
vn 0.5864 0.5467 -0.5977
vn -0.7751 -0.4163 0.4753
vn 0.8170 0.0610 0.5734
vn -0.4373 -0.7610 0.4792
vn -0.4179 -0.8636 0.2821
vn -0.4287 -0.8258 0.3665
vn 0.6765 -0.6021 -0.4240
vn -0.7706 -0.4963 0.3998
vn 0.0410 -0.9776 0.2062
vn 0.0424 -0.9759 0.2140
vn 0.0633 -0.9427 0.3275
vn -0.6871 0.7119 0.1452
vn -0.6873 0.7117 0.1452
vn 0.0199 -0.9957 0.0908
vn -0.1083 0.9740 -0.1989
vn 0.8902 -0.4390 0.1219
vn 0.9326 -0.3358 0.1322
vn 0.8896 -0.4402 0.1217
vn 0.8310 -0.5454 0.1090
vn -0.7344 -0.6602 0.1573
vn -0.6545 -0.7460 0.1232
vn -0.6424 -0.7571 0.1183
vn -0.5551 -0.8275 0.0839
vn -0.5988 0.2100 0.7729
vn 0.7128 -0.7004 -0.0366
vn 0.3619 0.9252 0.1146
vn 0.2526 0.9624 0.0999
vn 0.3730 0.9206 0.1156
vn 0.4850 0.8649 0.1291
vn -0.2888 -0.9457 0.1492
vn -0.2861 -0.9467 0.1479
vn -0.3722 -0.9052 0.2050
vn -0.4375 0.6191 0.6522
vn -0.4372 0.6193 0.6522
vn -0.1976 -0.9762 0.0895
vn 0.9079 -0.4105 0.0851
vn 0.8739 -0.4741 0.1076
vn 0.9629 -0.2674 0.0356
vn -0.9862 -0.1449 0.0803
vn -0.9947 -0.0016 0.1031
vn -0.9890 -0.1220 0.0841
vn -0.9636 -0.2606 0.0603
vn 0.7815 -0.6044 0.1549
vn -0.6089 -0.7897 0.0749
vn 0.6467 -0.7461 0.1586
vn 0.6465 -0.7463 0.1586
vn 0.1467 0.9892 -0.0020
vn 0.1704 0.9853 0.0117
vn 0.1542 0.9880 0.0025
vn 0.1321 0.9912 -0.0112
vn 0.9969 -0.0400 0.0679
vn 0.9950 0.0744 0.0670
vn 0.9971 -0.0345 0.0679
vn 0.9867 -0.1474 0.0683
vn -0.4636 0.8701 -0.1672
vn -0.0565 0.9976 -0.0399
vn -0.8259 -0.4145 -0.3822
vn 0.7936 0.4199 0.4403
vn 0.4561 -0.8893 -0.0340
vn 0.4564 -0.8891 -0.0339
vn 0.3387 0.9403 0.0337
vn 0.4366 0.8979 0.0561
vn 0.4641 0.8836 0.0621
vn 0.5572 0.8261 0.0844
vn 0.9750 -0.2181 0.0433
vn 0.9743 -0.2210 0.0433
vn 0.9925 -0.1137 0.0453
vn 0.9455 -0.3231 0.0414
vn -0.0657 0.9967 0.0485
vn 0.0492 0.9975 0.0515
vn 0.0471 0.9976 0.0515
vn 0.1675 0.9844 0.0540
vn -0.8340 0.4590 0.3062
vn -0.8342 0.4589 0.3059
vn -0.8341 0.4591 0.3058
vn 0.9564 -0.2896 0.0380
vn 0.9179 -0.3951 0.0378
vn 0.9157 -0.4002 0.0377
vn 0.8652 -0.5000 0.0366
vn -0.8360 0.4170 0.3567
vn -0.8361 0.4167 0.3568
vn 0.6493 -0.6080 -0.4568
vn 0.1132 0.9549 0.2745
vn -0.5988 0.7964 0.0848
vn -0.9606 0.2309 -0.1547
vn 0.1031 0.9893 0.1029
vn 0.0068 0.9996 0.0268
vn 0.0032 0.9997 0.0239
vn -0.0946 0.9940 -0.0542
vn 0.9855 0.1696 0.0047
vn 0.9640 0.2656 0.0083
vn 0.9856 0.1691 0.0047
vn 0.9979 0.0649 0.0009
vn 0.5392 0.8340 -0.1170
vn -0.3264 -0.7061 0.6284
vn 0.6732 -0.7162 -0.1838
vn 0.6727 -0.7167 -0.1837
vn -0.7576 -0.1990 -0.6216
vn -0.4312 0.7995 -0.4182
vn 0.0008 -0.9933 -0.1152
vn 0.0015 -0.9922 -0.1243
vn 0.0107 -0.9701 -0.2424
vn -0.0079 -1.0000 0.0056
vn -0.9994 -0.0014 -0.0341
vn -0.9994 -0.0031 -0.0341
vn -0.9919 0.1240 -0.0286
vn 0.6401 0.7682 -0.0106
vn 0.7139 0.6998 -0.0236
vn 0.7095 0.7043 -0.0229
vn 0.7802 0.6245 -0.0360
vn -0.9918 -0.1223 -0.0385
vn 0.9032 -0.4232 -0.0716
vn 0.9232 -0.3426 -0.1741
vn 0.8863 -0.4628 -0.0165
vn -0.1387 0.9891 -0.0493
vn -0.0337 0.9992 -0.0205
vn -0.1542 0.9866 -0.0535
vn -0.2566 0.9630 -0.0820
vn 0.9366 0.1020 0.3351
vn 0.4043 0.8899 -0.2114
vn 0.4045 0.8898 -0.2115
vn 0.3858 -0.5307 -0.7547
vn -0.5330 0.8440 -0.0608
vn -0.5223 0.8506 -0.0599
vn -0.4201 0.9060 -0.0513
vn 0.9497 -0.1694 -0.2635
vn 0.9497 -0.1689 -0.2636
vn -0.6268 0.7761 -0.0685
vn -0.4868 -0.8685 -0.0937
vn -0.4871 -0.8683 -0.0936
vn 0.7700 -0.6350 -0.0620
vn 0.8473 -0.5260 -0.0734
vn 0.7779 -0.6253 -0.0631
vn 0.6837 -0.7280 -0.0504
vn -0.1326 0.9910 0.0193
vn 0.2220 -0.9697 -0.1023
vn 0.2322 -0.9670 -0.1051
vn 0.3459 -0.9284 -0.1360
vn 0.1039 -0.9922 -0.0691
vn -0.9917 -0.1204 -0.0454
vn -0.9356 -0.1681 -0.3106
vn -0.9898 -0.0881 0.1123
vn 0.6067 0.7741 -0.1807
vn 0.6071 0.7738 -0.1807
vn 0.9083 0.3785 0.1781
vn -0.9319 0.3495 -0.0965
vn -0.8813 0.4625 -0.0973
vn -0.9367 0.3366 -0.0965
vn -0.9709 0.2203 -0.0944
vn 0.5988 -0.7679 -0.2275
vn 0.5991 -0.7677 -0.2275
vn 0.5989 -0.7679 -0.2273
vn -0.6385 0.7635 -0.0974
vn -0.6403 0.7619 -0.0978
vn -0.5500 0.8315 -0.0778
vn 0.9789 0.0838 0.1862
vn -0.7146 0.6900 -0.1147
vn 0.7421 0.6687 -0.0461
vn 0.0238 0.9982 -0.0553
vn -0.8205 0.5553 -0.1357
vn 0.4266 -0.8995 -0.0942
vn 0.4263 -0.8996 -0.0942
vn 0.4819 0.8762 -0.0059
vn 0.4823 0.8760 -0.0060
vn -0.9735 -0.1048 -0.2031
vn 0.9401 -0.3388 0.0381
vn -0.4466 0.8868 -0.1190
vn -0.4461 0.8871 -0.1188
vn -0.3350 0.9385 -0.0833
vn -0.5499 0.8212 -0.1526
vn 0.7487 -0.5102 -0.4233
vn 0.6261 -0.7286 -0.2779
vn 0.7141 -0.5894 -0.3777
vn -0.9123 -0.4062 -0.0530
vn -0.9217 -0.3853 -0.0453
vn -0.8849 -0.4600 -0.0732
vn -0.9426 -0.3330 -0.0262
vn 0.6478 0.7184 -0.2536
vn 0.6485 0.7178 -0.2534
vn -0.7256 -0.6847 -0.0686
vn -0.9057 0.4211 0.0490
vn -0.9058 0.4208 0.0489
vn 0.0859 -0.9288 -0.3605
vn -0.5861 0.7972 -0.1446
vn -0.5643 0.8133 -0.1419
vn -0.4739 0.8710 -0.1296
vn -0.6735 0.7227 -0.1553
vn -0.2380 -0.9467 -0.2170
vn -0.3284 -0.9019 -0.2805
vn -0.2417 -0.9452 -0.2196
vn -0.1439 -0.9781 -0.1503
vn -0.9972 0.0013 0.0752
vn -0.9705 -0.0989 0.2199
vn -0.9467 -0.1462 0.2872
vn -0.9989 0.0451 0.0113
vn -0.0073 0.9926 -0.1212
vn -0.0046 1.0000 -0.0065
vn -0.0071 0.9932 -0.1162
vn -0.0094 0.9728 -0.2315
vn 0.9784 0.1525 -0.1393
vn 0.9792 0.1477 -0.1394
vn 0.9542 0.2669 -0.1354
vn -0.7667 -0.5800 -0.2752
vn -0.7672 -0.5794 -0.2751
vn 0.9894 0.0327 -0.1414
vn 0.5148 -0.8568 -0.0301
vn 0.4972 0.8217 -0.2786
vn 0.4976 0.8213 -0.2788
vn 0.9588 -0.2583 -0.1178
vn 0.9587 -0.2590 -0.1180
vn -0.3437 0.9311 -0.1222
vn 0.8285 0.4543 -0.3273
vn 0.8289 0.4536 -0.3273
vn -0.9401 0.2926 -0.1750
vn -0.9024 0.3998 -0.1608
vn -0.9387 0.2975 -0.1744
vn -0.9645 0.1878 -0.1859
vn 0.5744 -0.7997 -0.1747
vn 0.2116 0.9681 -0.1343
vn -0.8199 -0.4992 0.2803
vn -0.8196 -0.4995 0.2805
vn -0.6831 0.7063 -0.1859
vn -0.6075 0.7800 -0.1500
vn -0.6746 0.7155 -0.1818
vn -0.7428 0.6336 -0.2163
vn 0.8794 -0.4286 -0.2071
vn 0.8789 -0.4299 -0.2068
vn -0.7144 -0.6904 -0.1138
vn 0.4209 -0.8692 -0.2596
vn 0.4320 -0.8623 -0.2643
vn 0.5098 -0.8077 -0.2960
vn -0.8600 0.4679 -0.2038
vn -0.8053 0.5607 -0.1924
vn -0.8633 0.4615 -0.2044
vn -0.9088 0.3588 -0.2130
vn 0.3337 -0.9160 -0.2227
vn -0.7567 0.0223 -0.6534
vn 0.8155 0.5597 -0.1475
vn -0.9788 0.1631 -0.1240
vn -0.9789 0.1625 -0.1240
vn 0.9852 0.1150 -0.1269
vn 0.9753 -0.0891 -0.2023
vn 0.9823 -0.0369 -0.1838
vn 0.9374 -0.2399 -0.2526
vn 0.1981 -0.9074 -0.3706
vn -0.7455 0.6600 -0.0928
vn -0.6912 0.7166 0.0933
vn -0.7601 0.6257 -0.1755
vn 0.4354 0.7896 -0.4324
vn -0.6018 -0.7775 -0.1823
vn -0.6013 -0.7780 -0.1820
vn -0.9775 0.2109 -0.0096
vn 0.5475 -0.7822 -0.2972
vn 0.5449 -0.7846 -0.2959
vn 0.6227 -0.7073 -0.3345
vn 0.4568 -0.8531 -0.2520
vn 0.1902 0.9693 -0.1555
vn 0.2818 0.9330 -0.2240
vn 0.2956 0.9261 -0.2343
vn 0.3833 0.8738 -0.2994
vn -0.1666 -0.9230 -0.3468
vn -0.1655 -0.9240 -0.3446
vn -0.2184 -0.8702 -0.4416
vn -0.1122 -0.9627 -0.2462
vn 0.8559 -0.4365 -0.2772
vn 0.8048 -0.5328 -0.2616
vn 0.8034 -0.5351 -0.2612
vn 0.7418 -0.6255 -0.2417
vn -0.8632 -0.5048 -0.0083
vn -0.7430 -0.6498 -0.1600
vn -0.7946 -0.5984 -0.1026
vn -0.8386 0.5265 0.1399
vn 0.5028 0.8232 -0.2636
vn 0.4221 0.8807 -0.2150
vn 0.5779 0.7553 -0.3091
vn -0.9506 -0.1724 -0.2581
vn -0.9482 -0.1845 -0.2586
vn -0.9670 -0.0489 -0.2501
vn -0.9172 -0.3002 -0.2620
vn -0.5548 -0.8024 -0.2198
vn -0.5542 -0.8029 -0.2195
vn 0.8652 0.4723 -0.1682
vn 0.7484 0.2103 -0.6291
vn 0.8594 0.4156 -0.2977
vn 0.6836 0.1335 -0.7175
vn -0.8950 0.3018 -0.3286
vn -0.8954 0.3004 -0.3287
vn 0.2601 -0.3548 -0.8980
vn -0.1932 0.9437 -0.2686
vn -0.1930 0.9438 -0.2683
vn -0.1927 0.9438 -0.2685
vn -0.9544 -0.2915 0.0648
vn -0.7935 -0.5253 -0.3073
vn -0.8534 -0.4745 -0.2157
vn -0.6610 0.7057 -0.2553
vn 0.9277 0.0097 -0.3732
vn 0.9277 0.0095 -0.3732
vn -0.1501 -0.8430 -0.5166
vn 0.7013 0.7049 -0.1062
vn -0.5942 0.7916 -0.1424
vn -0.7083 -0.6719 -0.2162
vn -0.7086 -0.6716 -0.2164
vn -0.6859 0.1897 -0.7025
vn -0.6858 0.1902 -0.7025
vn 0.3308 -0.6701 -0.6645
vn 0.9677 -0.2356 -0.0891
vn -0.3120 -0.8857 -0.3439
vn 0.5710 0.6458 -0.5069
vn 0.6635 0.6038 -0.4419
vn 0.6352 0.6180 -0.4632
vn -0.8496 0.2971 0.4358
vn -0.7618 -0.5009 -0.4108
vn 0.9580 0.0893 -0.2724
vn 0.9978 0.0299 -0.0586
vn 0.9045 0.1264 -0.4074
vn 0.5080 0.7406 -0.4399
vn -0.4544 0.8901 0.0345
vn 0.8751 0.3729 -0.3084
vn 0.8301 0.4745 -0.2929
vn 0.8733 0.3773 -0.3081
vn 0.9078 0.2712 -0.3198
vn -0.8991 0.4368 -0.0293
vn 0.3082 0.9137 -0.2649
vn 0.9471 -0.0418 -0.3183
vn 0.9465 0.0792 -0.3129
vn 0.9469 -0.0441 -0.3184
vn 0.9329 -0.1668 -0.3192
vn -0.9854 0.0845 -0.1478
vn -0.9854 0.0840 -0.1479
vn -0.2839 0.9262 -0.2480
vn -0.2839 0.9259 -0.2492
vn -0.2842 0.9262 -0.2478
vn -0.6663 -0.6889 -0.2854
vn -0.6668 -0.6883 -0.2857
vn 0.9202 0.3030 -0.2480
vn 0.9204 0.3024 -0.2479
vn 0.4191 -0.7919 -0.4442
vn 0.8988 -0.1102 -0.4242
vn 0.8966 -0.0858 -0.4344
vn 0.9010 -0.1535 -0.4058
vn -0.9082 -0.2294 -0.3502
vn -0.9327 -0.1127 -0.3426
vn -0.9126 -0.2122 -0.3494
vn -0.8752 -0.3307 -0.3530
vn 0.8915 -0.0443 -0.4508
vn 0.3755 0.3876 -0.8419
vn 0.5387 -0.5969 -0.5946
vn 0.8175 0.1436 -0.5578
vn -0.6737 -0.6196 -0.4028
vn -0.6737 -0.6198 -0.4025
vn -0.8524 0.3755 -0.3637
vn -0.8544 0.3699 -0.3650
vn -0.8023 0.4953 -0.3332
vn -0.8888 0.2437 -0.3882
vn -0.8637 -0.3515 -0.3613
vn -0.8359 -0.5420 -0.0868
vn -0.8633 -0.4433 -0.2412
vn -0.7940 -0.6068 0.0378
vn -0.1787 -0.8322 -0.5249
vn -0.2183 -0.7533 -0.6204
vn -0.1798 -0.8303 -0.5276
vn -0.1398 -0.8927 -0.4284
vn -0.7493 -0.4479 -0.4877
vn -0.6943 -0.5530 -0.4606
vn -0.6919 -0.5570 -0.4594
vn -0.6246 -0.6557 -0.4243
vn 0.8897 0.1519 -0.4305
vn 0.8895 0.1529 -0.4305
vn -0.7646 0.5064 -0.3988
vn -0.7031 0.6185 -0.3507
vn -0.7592 0.5176 -0.3945
vn -0.8081 0.3957 -0.4364
vn -0.6231 -0.7759 -0.0990
vn 0.8275 0.3995 -0.3945
vn 0.7866 0.4977 -0.3655
vn 0.8299 0.3926 -0.3964
vn 0.8615 0.2828 -0.4217
vn 0.4445 -0.5114 -0.7354
vn -0.8740 0.3438 -0.3434
vn -0.8773 0.3212 -0.3565
vn -0.8752 0.3359 -0.3483
vn -0.8717 0.3581 -0.3346
vn 0.1345 0.9086 -0.3954
vn -0.6321 0.6733 -0.3835
vn -0.6274 0.6853 -0.3698
vn -0.6300 0.6783 -0.3780
vn -0.6351 0.6657 -0.3917
vn 0.5544 0.6257 -0.5487
vn 0.5546 0.6254 -0.5489
vn 0.6832 -0.3931 -0.6154
vn 0.6831 -0.3934 -0.6154
vn -0.3313 0.8549 -0.3994
vn -0.3315 0.8546 -0.3997
vn -0.8530 0.3983 -0.3373
vn -0.8531 0.3981 -0.3374
vn 0.5431 -0.7461 -0.3853
vn 0.8802 -0.1496 -0.4504
vn 0.8788 -0.1617 -0.4490
vn 0.8869 -0.0402 -0.4601
vn 0.8612 -0.2640 -0.4344
vn -0.0033 0.8750 -0.4841
vn -0.7281 0.2758 -0.6276
vn -0.0540 0.8728 -0.4851
vn -0.6356 -0.4642 -0.6169
vn -0.6349 -0.4651 -0.6169
vn -0.6825 0.5558 -0.4746
vn -0.6230 0.6498 -0.4354
vn -0.6850 0.5514 -0.4762
vn -0.7336 0.4513 -0.5081
vn 0.3921 0.8232 -0.4105
vn -0.9630 -0.1038 -0.2488
vn -0.9629 -0.1042 -0.2488
vn 0.7480 -0.2027 -0.6320
vn -0.4040 0.8213 -0.4027
vn -0.4044 0.8208 -0.4034
vn -0.4041 0.8214 -0.4024
vn -0.6828 -0.5331 -0.4995
vn -0.7270 0.2704 -0.6312
vn -0.1217 -0.6229 -0.7727
vn -0.9501 -0.1644 -0.2651
vn -0.3069 0.7660 -0.5648
vn -0.4435 -0.6558 -0.6110
vn -0.2040 -0.7806 -0.5909
vn -0.2594 -0.7575 -0.5990
vn 0.6774 0.5671 -0.4685
vn 0.6752 0.5713 -0.4666
vn 0.6085 0.6799 -0.4091
vn 0.7278 0.4545 -0.5136
vn -0.4506 0.0492 -0.8914
vn -0.5974 -0.5071 -0.6212
vn 0.7666 -0.4232 -0.4829
vn 0.7662 -0.4238 -0.4830
vn -0.2152 0.9015 -0.3754
vn -0.2154 0.9014 -0.3757
vn 0.8480 0.1995 -0.4910
vn 0.8545 0.1720 -0.4902
vn 0.8175 0.3022 -0.4903
vn 0.8724 0.0685 -0.4840
vn 0.0005 -0.6086 -0.7935
vn 0.4642 0.7554 -0.4625
vn -0.8436 -0.1714 -0.5088
vn -0.8600 -0.0549 -0.5073
vn -0.8451 -0.1630 -0.5091
vn -0.8168 -0.2820 -0.5033
vn 0.8462 -0.1496 -0.5114
vn -0.3074 0.7950 -0.5230
vn 0.7711 0.4456 -0.4549
vn 0.7714 0.4449 -0.4550
vn -0.9760 0.1343 0.1716
vn 0.2430 0.8241 -0.5117
vn 0.2428 0.8243 -0.5115
vn 0.8739 0.0578 -0.4827
vn -0.6388 -0.4023 -0.6558
vn 0.6615 -0.4876 -0.5698
vn 0.6617 -0.4877 -0.5695
vn -0.5015 -0.6067 -0.6168
vn -0.5396 -0.5113 -0.6688
vn -0.4972 -0.6161 -0.6109
vn -0.4496 -0.7067 -0.5463
vn -0.7703 0.3914 -0.5034
vn 0.4721 -0.6304 -0.6162
vn 0.9314 -0.0672 -0.3577
vn 0.9314 -0.0689 -0.3575
vn -0.0616 -0.7699 -0.6352
vn -0.1332 0.8085 -0.5733
vn -0.1331 0.8079 -0.5740
vn 0.5198 -0.4264 -0.7402
vn 0.5196 -0.4274 -0.7399
vn 0.9423 0.2081 -0.2621
vn 0.9884 0.1201 -0.0928
vn 0.9137 0.2411 -0.3271
vn -0.6902 -0.4805 -0.5411
vn -0.6699 0.5498 -0.4990
vn -0.6919 0.6036 -0.3962
vn -0.6521 0.5139 -0.5574
vn 0.9879 0.0229 -0.1535
vn -0.7398 -0.4263 -0.5205
vn -0.6743 -0.4839 -0.5578
vn -0.4990 -0.6005 -0.6248
vn -0.1455 0.7900 -0.5956
vn -0.7346 0.5117 -0.4455
vn -0.2809 0.7600 -0.5861
vn -0.8129 0.4301 -0.3927
vn 0.7726 0.4153 -0.4802
vn -0.4142 -0.6425 -0.6446
vn -0.7188 -0.3122 -0.6211
vn 0.9690 0.2230 -0.1065
vn -0.0271 -0.7013 -0.7123
vn -0.1677 -0.6147 -0.7708
vn 0.0594 -0.7438 -0.6658
vn -0.1439 0.7257 -0.6728
vn -0.1439 0.7261 -0.6724
vn 0.3769 0.5451 -0.7489
vn 0.3768 0.5453 -0.7488
vn 0.5902 -0.3950 -0.7041
vn -0.5437 -0.5275 -0.6528
vn -0.5405 -0.5344 -0.6499
vn -0.5834 -0.4298 -0.6892
vn -0.4906 -0.6290 -0.6030
vn -0.9379 0.3215 -0.1304
vn -0.6825 -0.1947 -0.7045
vn -0.6823 -0.1951 -0.7045
vn -0.4038 -0.6424 -0.6514
vn -0.7981 0.2214 -0.5603
vn -0.4511 0.6495 -0.6121
vn 0.4691 0.2604 -0.8439
vn 0.6958 0.1053 -0.7105
vn 0.6362 0.1517 -0.7565
vn -0.4382 0.1864 -0.8793
vn -0.5446 -0.4677 -0.6962
vn -0.5446 -0.4674 -0.6964
vn 0.2190 -0.6214 -0.7523
vn 0.2190 -0.6217 -0.7520
vn 0.6822 0.0600 -0.7287
vn 0.6824 0.0601 -0.7285
vn -0.6301 0.7144 -0.3043
vn 0.6361 0.5530 -0.5382
vn -0.0107 0.4867 -0.8735
vn 0.3363 -0.6712 -0.6605
vn 0.7198 0.1850 -0.6691
vn 0.7199 0.1847 -0.6691
vn -0.9075 0.2563 -0.3327
vn -0.3510 -0.7047 -0.6167
vn 0.4054 0.6448 -0.6480
vn 0.4075 0.6401 -0.6512
vn 0.3640 0.7255 -0.5841
vn 0.4436 0.5515 -0.7064
vn -0.5355 0.0975 -0.8389
vn 0.7297 -0.1933 -0.6559
vn 0.7424 -0.0670 -0.6666
vn 0.7302 -0.1897 -0.6563
vn 0.7047 -0.3188 -0.6338
vn 0.1709 0.5456 -0.8204
vn -0.0270 -0.4815 -0.8761
vn 0.6974 0.2975 -0.6520
vn 0.1787 0.7512 -0.6354
vn 0.1788 0.7507 -0.6359
vn -0.6035 -0.2814 -0.7461
vn -0.6035 -0.2825 -0.7456
vn -0.0770 -0.5945 -0.8004
vn -0.4890 -0.2947 -0.8210
vn -0.3790 -0.3929 -0.8378
vn 0.0471 -0.6533 -0.7557
vn 0.3857 0.5678 -0.7272
vn -0.9434 -0.2313 -0.2375
vn -0.3037 0.7264 -0.6166
vn -0.3036 0.7261 -0.6169
vn -0.3035 0.7266 -0.6164
vn -0.8318 0.4517 -0.3226
vn -0.6914 0.2878 -0.6627
vn -0.7446 0.3410 -0.5738
vn 0.2479 0.6941 -0.6758
vn 0.6955 -0.0649 -0.7156
vn 0.1842 -0.3704 -0.9104
vn 0.5783 0.4630 -0.6717
vn -0.7473 0.1922 -0.6360
vn 0.1261 -0.5930 -0.7952
vn 0.1271 -0.5871 -0.7995
vn 0.1410 -0.5002 -0.8543
vn 0.1099 -0.6778 -0.7270
vn -0.0075 0.6143 -0.7890
vn 0.4437 0.4873 -0.7521
vn 0.3571 0.5231 -0.7739
vn -0.6428 -0.4054 -0.6499
vn -0.5610 0.3559 -0.7473
vn -0.5611 0.3557 -0.7474
vn 0.2033 0.6595 -0.7237
vn 0.1852 0.7456 -0.6402
vn 0.2037 0.6574 -0.7255
vn 0.2193 0.5589 -0.7997
vn -0.3579 -0.2480 -0.9002
vn 0.3518 0.0475 -0.9349
vn -0.6429 0.6289 -0.4372
vn -0.5818 0.5872 -0.5628
vn -0.6009 0.6007 -0.5273
vn 0.4827 0.5191 -0.7054
vn 0.8599 -0.3774 -0.3438
vn 0.3054 -0.0829 -0.9486
vn 0.2847 0.6996 -0.6554
vn -0.8250 -0.0138 -0.5649
vn 0.6373 -0.0842 -0.7660
vn 0.6285 -0.0401 -0.7768
vn 0.6258 -0.0280 -0.7795
vn 0.6155 0.0148 -0.7880
vn -0.7727 -0.4096 -0.4849
vn -0.6655 0.1876 -0.7224
vn -0.6660 0.1807 -0.7237
vn -0.6477 0.3187 -0.6921
vn 0.6006 -0.3620 -0.7129
vn 0.6003 -0.3628 -0.7128
vn -0.6710 0.0492 -0.7398
vn -0.7338 -0.3813 -0.5623
vn 0.5803 0.1505 -0.8004
vn -0.7413 0.0539 -0.6690
vn -0.8103 0.1478 -0.5670
vn -0.6957 0.0016 -0.7183
vn 0.6042 -0.1424 -0.7840
vn 0.5876 -0.2490 -0.7699
vn 0.5883 -0.2449 -0.7706
vn 0.5640 -0.3516 -0.7472
vn 0.5481 0.3562 -0.7568
vn 0.5884 0.2934 -0.7535
vn 0.5650 0.3308 -0.7558
vn 0.5231 0.3918 -0.7569
vn -0.6921 0.2850 -0.6632
vn -0.6923 0.2842 -0.6633
vn 0.1300 -0.4972 -0.8579
vn 0.1298 -0.4978 -0.8575
vn 0.1043 0.6846 -0.7215
vn 0.0850 0.7079 -0.7012
vn 0.1471 0.6290 -0.7634
vn 0.0433 0.7546 -0.6547
vn 0.5702 -0.0052 -0.8215
vn 0.2391 0.2665 -0.9337
vn 0.3682 0.1714 -0.9138
vn 0.6710 -0.1128 -0.7328
vn 0.3588 0.2150 -0.9083
vn 0.3098 0.2277 -0.9231
vn 0.2624 0.2398 -0.9347
vn 0.2207 0.2490 -0.9430
vn 0.2068 0.6813 -0.7022
vn 0.1681 -0.3717 -0.9130
vn -0.7281 -0.1991 -0.6559
vn -0.6310 -0.2961 -0.7171
vn -0.6670 -0.2626 -0.6973
vn 0.6146 -0.5708 -0.5444
vn -0.3019 -0.0545 -0.9518
vn 0.5966 -0.0206 -0.8023
vn 0.5984 -0.1442 -0.7881
vn 0.5979 -0.1624 -0.7849
vn 0.5892 -0.2835 -0.7566
vn -0.2487 0.4729 -0.8453
vn 0.5342 -0.1629 -0.8295
vn 0.1791 0.6008 -0.7790
vn 0.1794 0.6006 -0.7792
vn 0.1789 0.6013 -0.7787
vn 0.6258 0.0069 -0.7799
vn 0.6262 0.0160 -0.7795
vn 0.6264 0.1418 -0.7665
vn 0.6150 -0.1163 -0.7799
vn -0.3095 0.4755 -0.8234
vn -0.3094 0.4759 -0.8233
vn 0.4410 0.4219 -0.7922
vn 0.4397 0.4447 -0.7803
vn 0.4318 0.5324 -0.7281
vn 0.4431 0.3254 -0.8353
vn -0.5881 -0.0466 -0.8075
vn -0.3478 -0.3514 -0.8692
vn -0.3628 -0.2290 -0.9033
vn -0.3474 -0.3526 -0.8689
vn -0.3254 -0.4710 -0.8199
vn -0.0304 -0.3925 -0.9193
vn -0.0304 -0.3912 -0.9198
vn 0.3326 -0.2371 -0.9128
vn 0.0639 0.0167 -0.9978
vn 0.1708 -0.0829 -0.9818
vn -0.5314 0.1566 -0.8325
vn 0.4274 -0.3298 -0.8418
vn 0.4922 0.1090 -0.8636
vn 0.2695 0.2455 -0.9312
vn 0.5605 0.0605 -0.8260
vn -0.6115 0.5190 -0.5972
vn -0.5497 0.4500 -0.7038
vn -0.5787 0.4820 -0.6578
vn 0.0956 -0.3264 -0.9404
vn 0.0853 -0.4329 -0.8974
vn 0.0863 -0.4240 -0.9016
vn 0.0745 -0.5334 -0.8426
vn -0.5163 0.2334 -0.8240
vn -0.5163 0.2327 -0.8242
vn -0.4992 0.3483 -0.7934
vn 0.6088 0.2212 -0.7618
vn -0.5256 0.1155 -0.8429
vn -0.0873 -0.1745 -0.9808
vn 0.1269 0.6121 -0.7806
vn 0.1575 0.5198 -0.8397
vn 0.1660 0.4917 -0.8548
vn 0.1932 0.3926 -0.8992
vn -0.3208 0.4273 -0.8453
vn -0.3216 0.4125 -0.8523
vn -0.3143 0.5189 -0.7950
vn -0.3241 0.3139 -0.8924
vn -0.1596 -0.2947 -0.9422
vn 0.3213 0.3377 -0.8847
vn 0.3215 0.3363 -0.8851
vn -0.5356 0.0723 -0.8413
vn -0.5356 0.0724 -0.8413
vn -0.5304 0.1719 -0.8301
vn -0.5354 -0.0280 -0.8441
vn -0.4349 0.5506 -0.7125
vn -0.2088 -0.0599 -0.9761
vn 0.4652 0.0556 -0.8835
vn -0.4931 -0.0858 -0.8657
vn -0.4909 -0.0600 -0.8691
vn -0.4790 0.0435 -0.8767
vn 0.3086 0.4894 -0.8157
vn 0.2375 0.2779 -0.9308
vn 0.2630 0.3510 -0.8987
vn 0.1787 0.1183 -0.9768
vn -0.4983 -0.1900 -0.8459
vn 0.1160 -0.3163 -0.9415
vn -0.1732 -0.3459 -0.9221
vn -0.1847 -0.2442 -0.9520
vn -0.1741 -0.3391 -0.9245
vn -0.1595 -0.4431 -0.8822
vn 0.0041 -0.0760 -0.9971
vn 0.1110 -0.1880 -0.9759
vn 0.0647 -0.1397 -0.9881
vn -0.6661 -0.2410 -0.7058
vn -0.0910 0.2269 -0.9697
vn 0.5476 -0.1089 -0.8296
vn 0.5476 -0.1092 -0.8296
vn -0.4278 -0.3078 -0.8499
vn -0.4279 -0.3085 -0.8496
vn 0.7776 0.3892 -0.4938
vn 0.7778 0.3889 -0.4938
vn 0.9048 -0.0338 -0.4244
vn -0.0840 -0.3095 -0.9472
vn -0.0984 -0.1922 -0.9764
vn -0.0863 -0.2946 -0.9517
vn -0.0699 -0.4085 -0.9101
vn -0.3165 -0.0224 -0.9483
vn 0.3198 -0.1934 -0.9275
vn 0.3259 -0.0720 -0.9427
vn 0.3196 -0.1939 -0.9275
vn 0.3084 -0.3141 -0.8979
vn -0.2530 0.3479 -0.9027
vn -0.2553 -0.1404 -0.9566
vn -0.6682 0.2586 -0.6976
vn 0.7823 0.3773 -0.4957
vn 0.7821 0.3778 -0.4956
vn 0.4682 -0.1075 -0.8771
vn -0.2013 -0.4043 -0.8922
vn -0.2968 -0.3784 -0.8768
vn -0.3959 -0.3465 -0.8504
vn -0.4698 -0.3189 -0.8232
vn -0.4547 0.1589 -0.8764
vn -0.4551 0.1594 -0.8761
vn -0.1004 -0.0621 -0.9930
vn -0.3901 -0.1231 -0.9125
vn -0.3902 -0.1239 -0.9124
vn 0.3270 0.2866 -0.9005
vn 0.2996 -0.1233 -0.9461
vn 0.3014 -0.1079 -0.9474
vn 0.3141 0.0034 -0.9494
vn 0.2829 -0.2317 -0.9307
vn -0.6349 -0.3189 -0.7038
vn -0.6346 -0.3189 -0.7040
vn 0.4035 0.1912 -0.8948
vn 0.1887 0.3399 -0.9213
vn -0.5446 0.1772 -0.8198
vn -0.5446 0.1775 -0.8197
vn 0.1739 -0.0254 -0.9844
vn 0.2088 0.0443 -0.9770
vn 0.0673 0.1448 -0.9872
vn 0.2670 0.0013 -0.9637
vn 0.2752 0.1875 -0.9429
vn 0.2758 0.2032 -0.9395
vn 0.2783 0.3111 -0.9087
vn 0.2674 0.0704 -0.9610
vn -0.2578 0.0485 -0.9650
vn 0.3012 0.0640 -0.9514
vn 0.2960 0.1734 -0.9393
vn 0.3007 0.0673 -0.9513
vn 0.3030 -0.0470 -0.9518
vn 0.2729 0.1982 -0.9414
vn -0.0521 0.2731 -0.9606
vn -0.0517 0.2804 -0.9585
vn -0.0444 0.3861 -0.9214
vn -0.0590 0.1585 -0.9856
vn -0.1237 -0.1205 -0.9850
vn -0.1278 -0.0007 -0.9918
vn -0.1238 -0.1172 -0.9854
vn -0.1181 -0.2370 -0.9643
vn -0.2452 0.1243 -0.9615
vn -0.1705 -0.1537 -0.9733
vn 0.4227 0.0046 -0.9062
vn -0.5268 -0.1367 -0.8389
vn 0.1744 0.2375 -0.9556
vn 0.1744 0.2377 -0.9556
vn -0.1534 0.2925 -0.9439
vn -0.2646 0.1861 -0.9462
vn -0.0112 0.1131 -0.9935
vn -0.3391 0.8100 0.4785
vn -0.7884 0.1034 -0.6063
vn 0.7402 0.0293 -0.6718
vn -0.9131 0.0898 -0.3977
vn 0.0245 0.3486 0.9369
vn 0.1086 0.3732 0.9214
vn 0.8130 0.0442 -0.5806
vn -0.0000 -0.9983 0.0584
vn -0.0000 -0.9981 0.0624
vn -0.0000 -0.9980 0.0637
vn 0.4280 0.2081 0.8795
vn 0.8165 -0.0248 0.5768
vn 0.8167 -0.0249 0.5765
vn 0.2326 0.0182 0.9724
vn 0.4100 -0.1067 0.9058
vn 0.4098 -0.1070 0.9059
vn 0.0180 0.2588 0.9658
vn 0.3512 0.0481 0.9351
vn 0.5449 0.3084 0.7798
vn -0.0574 0.2037 0.9773
vn 0.4580 0.4297 0.7782
vn 0.4585 0.4296 0.7780
vn 0.6347 0.6481 0.4208
vn 0.8269 0.0694 0.5581
vn 0.9865 -0.1170 0.1144
vn 0.0982 0.7123 0.6950
vn 0.8425 0.2594 0.4722
vn 0.8883 -0.1822 0.4216
vn 0.0839 0.8912 0.4458
vn 0.7136 0.6729 0.1949
vn -0.9691 0.2083 0.1321
vn -0.5482 0.4046 0.7320
vn -0.6307 -0.3162 0.7087
vn 0.9419 0.3164 0.1125
vn 0.6845 0.7082 -0.1730
vn 0.5754 0.7982 0.1782
vn 0.5752 0.7984 0.1778
vn -0.7475 0.2285 0.6237
vn 0.4748 -0.8609 0.1830
vn 0.3520 0.8957 -0.2715
vn -0.4618 -0.8277 0.3189
vn 0.9108 0.4094 0.0534
vn -0.8178 0.2625 0.5121
vn -0.4389 -0.6980 0.5659
vn -0.7367 0.0959 0.6694
vn -0.7366 0.0956 0.6696
vn -0.8293 -0.4942 0.2609
vn 0.4778 0.7784 0.4073
vn 0.9273 -0.2903 -0.2362
vn -0.8577 -0.1932 -0.4766
vn 0.8465 0.4396 -0.3003
vn 0.7873 -0.3818 -0.4840
vn -0.7979 -0.4058 0.4457
vn -0.6544 0.7337 0.1832
vn -0.8965 -0.4402 0.0511
vn -0.9622 -0.2238 0.1551
vn 0.5382 0.6578 -0.5269
vn 0.9933 -0.0185 0.1138
vn 0.7115 0.6220 -0.3269
vn -0.0952 0.8632 -0.4958
vn -0.4942 -0.6201 -0.6093
vn 0.9980 0.0568 0.0258
vn -0.7015 0.6351 -0.3234
vn -0.2629 -0.5429 -0.7976
vn 0.3990 0.2989 -0.8669
vn -0.7368 0.4690 -0.4870
vn 0.8290 0.2681 -0.4908
vn -0.3034 -0.7033 -0.6429
vn -0.8469 0.4840 -0.2201
vn 0.3593 -0.5256 -0.7711
vn -0.0964 0.6235 -0.7759
vn -0.5015 0.5889 -0.6337
vn 0.1163 -0.4305 -0.8951
vn -0.6590 0.6391 -0.3966
vn -0.8423 0.2024 -0.4995
vn -0.7605 -0.1614 -0.6290
vn 0.1881 0.2886 -0.9388
vn -0.6401 0.5522 -0.5342
vn -0.0400 -0.0293 -0.9988
vn 0.0063 0.2458 -0.9693
vn 0.0023 0.1890 -0.9820
vn -0.8213 -0.0631 -0.5671
vn -0.8210 -0.0630 -0.5675
vn -0.2962 -0.1161 -0.9481
vt 0.042634 0.330358
vt 0.042668 0.300207
vt 0.046754 0.332162
vt 0.344708 0.246744
vt 0.339808 0.232239
vt 0.347226 0.246303
vt 0.269881 0.091699
vt 0.284248 0.106185
vt 0.268968 0.106942
vt 0.047172 0.260866
vt 0.027203 0.278553
vt 0.022900 0.254406
vt 0.033161 0.239507
vt 0.157107 0.250262
vt 0.173538 0.266473
vt 0.147173 0.282936
vt 0.323714 0.023017
vt 0.329101 0.037932
vt 0.308722 0.036127
vt 0.328527 0.145532
vt 0.319770 0.168142
vt 0.308566 0.150817
vt 0.288250 0.086723
vt 0.046945 0.284456
vt 0.349879 0.286244
vt 0.349150 0.335886
vt 0.348139 0.286229
vt 0.356794 0.134092
vt 0.355635 0.181534
vt 0.355106 0.133958
vt 0.336199 0.286149
vt 0.337226 0.336423
vt 0.335128 0.316055
vt 0.731615 0.489486
vt 0.733289 0.482047
vt 0.734777 0.490924
vt 0.172483 0.453653
vt 0.175937 0.452194
vt 0.172663 0.466017
vt 0.274489 0.407723
vt 0.271029 0.404775
vt 0.277365 0.400053
vt 0.684908 0.196874
vt 0.685032 0.185298
vt 0.687769 0.191309
vt 0.493691 0.466469
vt 0.497402 0.454510
vt 0.497890 0.465118
vt 0.877981 0.608890
vt 0.880574 0.607774
vt 0.880574 0.612502
vt 0.425124 0.359427
vt 0.430077 0.350085
vt 0.428802 0.361868
vt 0.663399 0.585144
vt 0.666115 0.581442
vt 0.664989 0.593643
vt 0.361597 0.334566
vt 0.360612 0.321310
vt 0.365744 0.332031
vt 0.364162 0.318873
vt 0.498617 0.376666
vt 0.502116 0.375509
vt 0.503006 0.385780
vt 0.410404 0.713978
vt 0.411702 0.706927
vt 0.414339 0.715445
vt 0.245791 0.500026
vt 0.249657 0.495803
vt 0.252999 0.501826
vt 0.476067 0.288420
vt 0.479429 0.289327
vt 0.478468 0.300528
vt 0.421989 0.217040
vt 0.421401 0.204900
vt 0.425201 0.203283
vt 0.616423 0.539264
vt 0.619465 0.532385
vt 0.621772 0.539004
vt 0.519170 0.069143
vt 0.522837 0.059539
vt 0.521939 0.071595
vt 0.361465 0.691849
vt 0.358688 0.686971
vt 0.362956 0.683612
vt 0.519035 0.094127
vt 0.522328 0.087920
vt 0.525366 0.095798
vt 0.644131 0.247459
vt 0.640278 0.237294
vt 0.643000 0.237617
vt 0.341944 0.510581
vt 0.340900 0.500273
vt 0.346029 0.508923
vt 0.344452 0.498458
vt 0.377613 0.525127
vt 0.380691 0.523796
vt 0.382126 0.534796
vt 0.373352 0.203237
vt 0.377171 0.204478
vt 0.374446 0.217914
vt 0.416149 0.584863
vt 0.412381 0.588189
vt 0.410405 0.582443
vt 0.014125 0.366250
vt 0.010517 0.358457
vt 0.016799 0.354037
vt 0.013459 0.350053
vt 0.682578 0.778341
vt 0.688117 0.776794
vt 0.687438 0.783261
vt 0.369803 0.177075
vt 0.366688 0.170060
vt 0.373293 0.173754
vt 0.369552 0.161343
vt 0.412921 0.559350
vt 0.415886 0.552145
vt 0.415456 0.565388
vt 0.410810 0.289637
vt 0.414374 0.287567
vt 0.413170 0.302322
vt 0.043687 0.599024
vt 0.046947 0.590922
vt 0.047474 0.600967
vt 0.752176 0.557796
vt 0.751751 0.550076
vt 0.755469 0.554800
vt 0.429224 0.713617
vt 0.429280 0.705537
vt 0.432827 0.714263
vt 0.657660 0.652610
vt 0.658732 0.658691
vt 0.653201 0.659329
vt 0.029428 0.459039
vt 0.029376 0.445214
vt 0.031865 0.461040
vt 0.752119 0.661836
vt 0.751543 0.653578
vt 0.754728 0.660457
vt 0.391436 0.099655
vt 0.393289 0.087929
vt 0.395835 0.100814
vt 0.446059 0.647393
vt 0.448969 0.646417
vt 0.446713 0.657147
vt 0.227366 0.687458
vt 0.233252 0.686773
vt 0.227212 0.694529
vt 0.512352 0.479561
vt 0.510598 0.492158
vt 0.508820 0.480139
vt 0.853451 0.539898
vt 0.853451 0.545412
vt 0.849915 0.541457
vt 0.408593 0.059647
vt 0.412334 0.057519
vt 0.413287 0.069044
vt 0.611943 0.293753
vt 0.614519 0.287175
vt 0.614397 0.300271
vt 0.604505 0.560801
vt 0.607538 0.557884
vt 0.607522 0.569579
vt 0.028798 0.538466
vt 0.028074 0.528344
vt 0.032542 0.536776
vt 0.031761 0.526592
vt 0.271424 0.379161
vt 0.272749 0.367611
vt 0.276973 0.369495
vt 0.769147 0.013446
vt 0.767973 0.004736
vt 0.772764 0.013293
vt 0.651682 0.173605
vt 0.650832 0.161934
vt 0.653670 0.165740
vt 0.288743 0.599653
vt 0.289924 0.590289
vt 0.292980 0.599488
vt 0.303146 0.821256
vt 0.305064 0.824361
vt 0.301813 0.828683
vt 0.487818 0.060023
vt 0.489911 0.056749
vt 0.492823 0.068405
vt 0.026355 0.507435
vt 0.029190 0.502633
vt 0.032710 0.506916
vt 0.393061 0.361836
vt 0.392058 0.349901
vt 0.397092 0.359881
vt 0.395778 0.347502
vt 0.592654 0.060968
vt 0.595709 0.057084
vt 0.596038 0.068481
vt 0.413293 0.275819
vt 0.409744 0.271804
vt 0.415914 0.268451
vt 0.413236 0.260776
vt 0.409461 0.236797
vt 0.412702 0.234456
vt 0.414149 0.246824
vt 0.155992 0.579513
vt 0.160612 0.570187
vt 0.159779 0.580818
vt 0.460833 0.362405
vt 0.458799 0.351726
vt 0.463896 0.359948
vt 0.462015 0.348428
vt 0.510513 0.259656
vt 0.513429 0.261323
vt 0.512121 0.272921
vt 0.411179 0.329324
vt 0.414272 0.321340
vt 0.415720 0.334668
vt 0.636377 0.273363
vt 0.633230 0.270726
vt 0.635449 0.261557
vt 0.805571 0.679304
vt 0.803336 0.685645
vt 0.803302 0.676373
vt 0.444607 0.287256
vt 0.447636 0.289652
vt 0.445617 0.302381
vt 0.498035 0.141810
vt 0.501972 0.135350
vt 0.501517 0.147464
vt 0.440866 0.068531
vt 0.445888 0.059624
vt 0.445167 0.070697
vt 0.186906 0.821294
vt 0.189347 0.825398
vt 0.186142 0.825968
vt 0.629287 0.332836
vt 0.627517 0.323055
vt 0.630387 0.320759
vt 0.445609 0.414356
vt 0.444902 0.403668
vt 0.449753 0.413534
vt 0.449223 0.402588
vt 0.595026 0.237517
vt 0.598671 0.236011
vt 0.596448 0.247307
vt 0.056313 0.760089
vt 0.053081 0.754470
vt 0.058426 0.756022
vt 0.227651 0.652419
vt 0.225894 0.644609
vt 0.231322 0.651235
vt 0.229763 0.643047
vt 0.399839 0.731948
vt 0.394448 0.734307
vt 0.395479 0.727147
vt 0.375346 0.272330
vt 0.381728 0.263181
vt 0.379650 0.274517
vt 0.607616 0.117256
vt 0.610887 0.110850
vt 0.612993 0.115655
vt 0.190714 0.689041
vt 0.190175 0.680133
vt 0.194032 0.684702
vt 0.818988 0.750488
vt 0.822067 0.752892
vt 0.820132 0.758030
vt 0.138204 0.519512
vt 0.140582 0.508249
vt 0.141391 0.521911
vt 0.065477 0.703143
vt 0.068375 0.695985
vt 0.069059 0.704566
vt 0.462204 0.029412
vt 0.466036 0.019282
vt 0.465152 0.032069
vt 0.736355 0.461990
vt 0.734645 0.453337
vt 0.736975 0.452085
vt 0.215708 0.463472
vt 0.211928 0.457268
vt 0.218246 0.456118
vt 0.215298 0.449965
vt 0.008699 0.553126
vt 0.011469 0.548370
vt 0.014810 0.552968
vt 0.713598 0.147134
vt 0.711886 0.138756
vt 0.714812 0.138002
vt 0.404964 0.214228
vt 0.406251 0.202321
vt 0.409265 0.216753
vt 0.723970 0.719449
vt 0.722481 0.726514
vt 0.716936 0.718400
vt 0.026047 0.601960
vt 0.028830 0.596881
vt 0.032282 0.602649
vt 0.271871 0.506214
vt 0.276055 0.494737
vt 0.275373 0.507793
vt 0.314478 0.632493
vt 0.319665 0.638015
vt 0.311640 0.636114
vt 0.316719 0.641666
vt 0.124813 0.429633
vt 0.120842 0.427083
vt 0.127467 0.418930
vt 0.123874 0.416178
vt 0.478239 0.713802
vt 0.477495 0.706131
vt 0.481848 0.712924
vt 0.481139 0.705324
vt 0.557068 0.656719
vt 0.564135 0.653233
vt 0.561140 0.662220
vt 0.274207 0.666934
vt 0.269626 0.660761
vt 0.273066 0.658505
vt 0.644093 0.505060
vt 0.646529 0.507219
vt 0.644347 0.518045
vt 0.290563 0.216332
vt 0.292493 0.203667
vt 0.293494 0.219232
vt 0.499733 0.608463
vt 0.495588 0.609437
vt 0.493847 0.600199
vt 0.066845 0.568729
vt 0.070252 0.566959
vt 0.071083 0.577588
vt 0.120790 0.695778
vt 0.121092 0.687144
vt 0.124134 0.696729
vt 0.120298 0.494527
vt 0.123329 0.489191
vt 0.126825 0.494007
vt 0.678996 0.535794
vt 0.682751 0.533331
vt 0.681557 0.543671
vt 0.119598 0.605703
vt 0.122925 0.601155
vt 0.125789 0.606789
vt 0.395216 0.551401
vt 0.398259 0.546368
vt 0.401067 0.551079
vt 0.803779 0.245611
vt 0.802806 0.239477
vt 0.807761 0.241991
vt 0.656208 0.294588
vt 0.658101 0.288881
vt 0.657648 0.303034
vt 0.314509 0.661102
vt 0.317171 0.652314
vt 0.318002 0.662360
vt 0.506704 0.363029
vt 0.505972 0.351697
vt 0.510073 0.360996
vt 0.509101 0.349284
vt 0.624507 0.720357
vt 0.621197 0.721603
vt 0.619713 0.712417
vt 0.789939 0.468881
vt 0.786107 0.474607
vt 0.788093 0.465717
vt 0.585100 0.492229
vt 0.587162 0.480998
vt 0.587829 0.493835
vt 0.564378 0.069085
vt 0.567824 0.056812
vt 0.567059 0.071154
vt 0.797874 0.848256
vt 0.794665 0.846941
vt 0.797874 0.842531
vt 0.287758 0.639283
vt 0.290587 0.633098
vt 0.291114 0.642863
vt 0.683586 0.270639
vt 0.680328 0.272445
vt 0.678800 0.262286
vt 0.588034 0.739569
vt 0.585411 0.734923
vt 0.589178 0.731693
vt 0.638796 0.630053
vt 0.642358 0.635254
vt 0.636342 0.635115
vt 0.638681 0.196379
vt 0.639309 0.185875
vt 0.642256 0.191682
vt 0.750963 0.292371
vt 0.756237 0.289229
vt 0.753730 0.298616
vt 0.043641 0.499166
vt 0.046753 0.496663
vt 0.045690 0.509993
vt 0.679043 0.593190
vt 0.681506 0.583057
vt 0.682555 0.591640
vt 0.612217 0.824941
vt 0.614484 0.821219
vt 0.615910 0.827757
vt 0.006951 0.752019
vt 0.010200 0.753558
vt 0.005823 0.760523
vt 0.541384 0.580205
vt 0.544253 0.578233
vt 0.545504 0.588330
vt 0.210216 0.549106
vt 0.213476 0.547205
vt 0.214831 0.557231
vt 0.596539 0.120152
vt 0.592117 0.123488
vt 0.590730 0.116958
vt 0.700272 0.849611
vt 0.698068 0.847451
vt 0.701194 0.842531
vt 0.246345 0.448491
vt 0.250766 0.446620
vt 0.252000 0.457001
vt 0.836448 0.568761
vt 0.833621 0.565564
vt 0.837512 0.564313
vt 0.462436 0.274041
vt 0.464259 0.260771
vt 0.465948 0.273265
vt 0.524790 0.363215
vt 0.521597 0.360851
vt 0.525748 0.352285
vt 0.522817 0.349374
vt 0.771123 0.588239
vt 0.774740 0.593718
vt 0.768648 0.593283
vt 0.009108 0.482339
vt 0.013511 0.477243
vt 0.013943 0.488306
vt 0.378462 0.334521
vt 0.377622 0.322014
vt 0.382234 0.332789
vt 0.573441 0.431320
vt 0.570138 0.438976
vt 0.569517 0.426852
vt 0.652968 0.559578
vt 0.656117 0.557440
vt 0.655134 0.568716
vt 0.126430 0.653085
vt 0.121021 0.655972
vt 0.121220 0.649998
vt 0.538975 0.652646
vt 0.543478 0.646307
vt 0.543044 0.655333
vt 0.542473 0.634806
vt 0.542501 0.624625
vt 0.545991 0.629522
vt 0.768949 0.499428
vt 0.774831 0.495484
vt 0.772055 0.503018
vt 0.771768 0.116827
vt 0.774506 0.120059
vt 0.768244 0.124318
vt 0.851556 0.221425
vt 0.849057 0.217575
vt 0.852914 0.217732
vt 0.557082 0.637352
vt 0.560744 0.631838
vt 0.563208 0.637191
vt 0.588931 0.465089
vt 0.592717 0.456047
vt 0.592037 0.466654
vt 0.590109 0.454279
vt 0.130392 0.804372
vt 0.127539 0.799589
vt 0.132692 0.798965
vt 0.636735 0.097351
vt 0.638741 0.087238
vt 0.639606 0.099014
vt 0.345265 0.533680
vt 0.341646 0.534456
vt 0.340261 0.526621
vt 0.292104 0.431365
vt 0.288833 0.424385
vt 0.291910 0.415251
vt 0.412573 0.385036
vt 0.419178 0.376625
vt 0.417261 0.386696
vt 0.638936 0.113919
vt 0.641437 0.112328
vt 0.641480 0.125769
vt 0.248127 0.386688
vt 0.247429 0.372079
vt 0.251463 0.379292
vt 0.513925 0.755437
vt 0.509385 0.757419
vt 0.512902 0.750979
vt 0.192558 0.668012
vt 0.187908 0.667820
vt 0.189400 0.661898
vt 0.632176 0.403672
vt 0.635333 0.400236
vt 0.634188 0.412554
vt 0.057499 0.801568
vt 0.054183 0.804708
vt 0.051498 0.798563
vt 0.429311 0.693009
vt 0.433516 0.684969
vt 0.432890 0.693662
vt 0.173003 0.737249
vt 0.173562 0.730219
vt 0.177335 0.736549
vt 0.769395 0.724745
vt 0.768282 0.717985
vt 0.772246 0.723355
vt 0.106661 0.372658
vt 0.103029 0.375764
vt 0.100102 0.367382
vt 0.646177 0.031834
vt 0.643976 0.025375
vt 0.648441 0.027851
vt 0.644167 0.018898
vt 0.718041 0.186474
vt 0.714492 0.193870
vt 0.714246 0.185495
vt 0.574908 0.539634
vt 0.571234 0.546009
vt 0.571910 0.534191
vt 0.570688 0.803060
vt 0.575762 0.798563
vt 0.573242 0.805489
vt 0.215958 0.386880
vt 0.212335 0.381911
vt 0.217689 0.376013
vt 0.214624 0.370542
vt 0.782737 0.802519
vt 0.779834 0.806731
vt 0.780547 0.799256
vt 0.549089 0.116399
vt 0.543737 0.123427
vt 0.544728 0.114183
vt 0.547370 0.125645
vt 0.537350 0.324977
vt 0.540734 0.320583
vt 0.539703 0.335361
vt 0.498876 0.806246
vt 0.495600 0.804271
vt 0.498201 0.798563
vt 0.565158 0.374090
vt 0.568656 0.379393
vt 0.563499 0.380777
vt 0.240886 0.865314
vt 0.244636 0.863766
vt 0.243686 0.868292
vt 0.720686 0.780767
vt 0.716942 0.782437
vt 0.714466 0.776993
vt 0.412469 0.440365
vt 0.416366 0.429802
vt 0.415397 0.443084
vt 0.771878 0.698870
vt 0.773973 0.702568
vt 0.768244 0.706274
vt 0.752020 0.091489
vt 0.750863 0.084035
vt 0.755585 0.088068
vt 0.067839 0.496601
vt 0.071082 0.494424
vt 0.072816 0.505138
vt 0.382767 0.375747
vt 0.379845 0.387164
vt 0.378308 0.376355
vt 0.604506 0.723616
vt 0.601454 0.717577
vt 0.608233 0.720874
vt 0.608271 0.715411
vt 0.584550 0.510263
vt 0.588125 0.507491
vt 0.586604 0.519343
vt 0.540961 0.610004
vt 0.546982 0.603772
vt 0.544838 0.612290
vt 0.539727 0.033628
vt 0.542018 0.016776
vt 0.542808 0.024341
vt 0.833751 0.259609
vt 0.838247 0.256967
vt 0.836796 0.262513
vt 0.374223 0.785811
vt 0.371293 0.780961
vt 0.375693 0.781471
vt 0.373058 0.776341
vt 0.804942 0.482413
vt 0.801840 0.485324
vt 0.802342 0.478686
vt 0.465946 0.679755
vt 0.462728 0.679029
vt 0.465550 0.672983
vt 0.461795 0.668004
vt 0.553015 0.247030
vt 0.550213 0.244413
vt 0.555489 0.239928
vt 0.614172 0.849335
vt 0.614172 0.842531
vt 0.616818 0.845605
vt 0.398036 0.802024
vt 0.395983 0.806188
vt 0.393085 0.799381
vt 0.788293 0.653638
vt 0.788174 0.660125
vt 0.785244 0.654909
vt 0.344662 0.785812
vt 0.342865 0.778799
vt 0.346045 0.777387
vt 0.753311 0.490839
vt 0.756127 0.493172
vt 0.751453 0.499799
vt 0.722480 0.412351
vt 0.720841 0.405487
vt 0.722633 0.400059
vt 0.785968 0.731452
vt 0.789781 0.728256
vt 0.788030 0.734711
vt 0.410232 0.798576
vt 0.413443 0.801575
vt 0.408434 0.805459
vt 0.720867 0.806128
vt 0.717766 0.802200
vt 0.722441 0.802233
vt 0.529481 0.265553
vt 0.525556 0.271440
vt 0.525940 0.259705
vt 0.043523 0.657674
vt 0.050249 0.656878
vt 0.049351 0.664035
vt 0.729550 0.067490
vt 0.726850 0.061273
vt 0.731503 0.063261
vt 0.617786 0.591329
vt 0.621384 0.581511
vt 0.620682 0.593419
vt 0.566258 0.788120
vt 0.563043 0.784642
vt 0.564847 0.777654
vt 0.553391 0.384015
vt 0.549951 0.388434
vt 0.546157 0.383241
vt 0.618932 0.173288
vt 0.619808 0.163133
vt 0.622431 0.173517
vt 0.616939 0.161943
vt 0.072059 0.409110
vt 0.068100 0.406420
vt 0.073866 0.398744
vt 0.069535 0.395335
vt 0.600578 0.017875
vt 0.602888 0.023732
vt 0.599693 0.030373
vt 0.756328 0.270050
vt 0.753209 0.278409
vt 0.750834 0.270429
vt 0.768919 0.403784
vt 0.773002 0.398353
vt 0.772093 0.405777
vt 0.643447 0.783540
vt 0.639190 0.784982
vt 0.640674 0.778749
vt 0.158250 0.344921
vt 0.162097 0.346746
vt 0.162469 0.357731
vt 0.773688 0.027156
vt 0.769249 0.033880
vt 0.769922 0.025701
vt 0.359264 0.057277
vt 0.362880 0.060100
vt 0.357095 0.065665
vt 0.853463 0.314579
vt 0.849057 0.315283
vt 0.850668 0.309904
vt 0.651678 0.212718
vt 0.650477 0.222324
vt 0.647192 0.217470
vt 0.582659 0.325109
vt 0.585090 0.319714
vt 0.584873 0.333543
vt 0.430355 0.538512
vt 0.429618 0.528098
vt 0.433950 0.536754
vt 0.141897 0.605369
vt 0.139184 0.615427
vt 0.138970 0.603005
vt 0.756271 0.822896
vt 0.760283 0.825566
vt 0.756767 0.827725
vt 0.087563 0.846746
vt 0.092154 0.842531
vt 0.090790 0.848509
vt 0.068668 0.657032
vt 0.072562 0.663310
vt 0.065068 0.659780
vt 0.213021 0.699438
vt 0.215491 0.703574
vt 0.208638 0.704462
vt 0.211038 0.708313
vt 0.433704 0.137623
vt 0.437785 0.134556
vt 0.438652 0.145888
vt 0.394804 0.574219
vt 0.397628 0.570123
vt 0.397549 0.582997
vt 0.141582 0.420690
vt 0.141749 0.405303
vt 0.144935 0.412888
vt 0.446206 0.090017
vt 0.441383 0.099073
vt 0.440698 0.089464
vt 0.160313 0.618112
vt 0.157804 0.626645
vt 0.156774 0.616382
vt 0.613722 0.429972
vt 0.616656 0.425827
vt 0.616143 0.437629
vt 0.520328 0.710915
vt 0.522542 0.703590
vt 0.526475 0.710729
vt 0.820481 0.495917
vt 0.817812 0.494399
vt 0.818268 0.492373
vt 0.581363 0.247384
vt 0.582149 0.233415
vt 0.584469 0.241581
vt 0.632528 0.455343
vt 0.635180 0.451568
vt 0.638363 0.457843
vt 0.450094 0.263645
vt 0.443338 0.271563
vt 0.445533 0.261784
vt 0.447185 0.273500
vt 0.316661 0.482308
vt 0.314243 0.472583
vt 0.320403 0.480371
vt 0.318338 0.470203
vt 0.444548 0.437929
vt 0.446700 0.426116
vt 0.448251 0.440309
vt 0.818719 0.057378
vt 0.822712 0.057358
vt 0.818188 0.062322
vt 0.205187 0.751254
vt 0.210168 0.755360
vt 0.207268 0.758820
vt 0.877981 0.117673
vt 0.881328 0.114248
vt 0.881328 0.118643
vt 0.393545 0.057248
vt 0.397334 0.062016
vt 0.390332 0.064576
vt 0.121225 0.476877
vt 0.125935 0.466949
vt 0.126220 0.476807
vt 0.543582 0.258790
vt 0.545039 0.269776
vt 0.542021 0.272413
vt 0.750913 0.255959
vt 0.756188 0.250693
vt 0.753897 0.258182
vt 0.449120 0.604273
vt 0.445323 0.610915
vt 0.445844 0.601265
vt 0.447994 0.613966
vt 0.045519 0.546039
vt 0.049431 0.547016
vt 0.044526 0.555527
vt 0.048546 0.557010
vt 0.757590 0.067233
vt 0.751886 0.071346
vt 0.754385 0.064223
vt 0.477567 0.538235
vt 0.482585 0.529862
vt 0.482102 0.539214
vt 0.453007 0.385818
vt 0.449238 0.387634
vt 0.446900 0.377673
vt 0.729227 0.093515
vt 0.726044 0.098582
vt 0.724263 0.091457
vt 0.538796 0.798571
vt 0.542614 0.804519
vt 0.538795 0.805284
vt 0.544056 0.800693
vt 0.364867 0.436009
vt 0.362687 0.423399
vt 0.366892 0.425542
vt 0.159200 0.546319
vt 0.158279 0.558338
vt 0.155382 0.552254
vt 0.271049 0.481503
vt 0.271487 0.471632
vt 0.275516 0.472040
vt 0.430715 0.466104
vt 0.429807 0.452592
vt 0.433657 0.458878
vt 0.292405 0.542086
vt 0.291331 0.554201
vt 0.287539 0.544489
vt 0.541280 0.426462
vt 0.538792 0.440493
vt 0.538267 0.428604
vt 0.381678 0.712609
vt 0.379301 0.703418
vt 0.382429 0.704606
vt 0.276299 0.554273
vt 0.273233 0.555710
vt 0.272489 0.545479
vt 0.396744 0.535959
vt 0.394652 0.528959
vt 0.400514 0.530039
vt 0.397592 0.523371
vt 0.493420 0.020848
vt 0.496781 0.019403
vt 0.498111 0.029998
vt 0.175106 0.424622
vt 0.175646 0.439496
vt 0.172282 0.432301
vt 0.556209 0.413973
vt 0.554201 0.406612
vt 0.559315 0.411825
vt 0.558315 0.401046
vt 0.802348 0.577538
vt 0.805535 0.573874
vt 0.804564 0.580308
vt 0.819465 0.269934
vt 0.822595 0.273022
vt 0.818667 0.276119
vt 0.496381 0.864394
vt 0.492720 0.867125
vt 0.492720 0.862890
vt 0.201801 0.827144
vt 0.199158 0.827412
vt 0.199778 0.821201
vt 0.695542 0.170215
vt 0.696685 0.162088
vt 0.699289 0.171522
vt 0.538125 0.067993
vt 0.535284 0.071183
vt 0.535704 0.058071
vt 0.376000 0.247585
vt 0.375043 0.235589
vt 0.380459 0.245052
vt 0.378931 0.233113
vt 0.651568 0.261608
vt 0.653275 0.270445
vt 0.650316 0.272451
vt 0.622422 0.196229
vt 0.621412 0.187196
vt 0.626249 0.195031
vt 0.624722 0.185935
vt 0.404150 0.778009
vt 0.404042 0.785917
vt 0.400710 0.778394
vt 0.589859 0.804946
vt 0.585572 0.799812
vt 0.591567 0.801638
vt 0.670528 0.679787
vt 0.673353 0.676557
vt 0.675552 0.684619
vt 0.791452 0.191330
vt 0.787167 0.196600
vt 0.785484 0.191185
vt 0.569393 0.234485
vt 0.568857 0.247490
vt 0.566948 0.232624
vt 0.449366 0.562763
vt 0.446437 0.564487
vt 0.446006 0.551188
vt 0.538348 0.349856
vt 0.540995 0.351486
vt 0.538967 0.364010
vt 0.177367 0.514285
vt 0.174338 0.516899
vt 0.172896 0.505479
vt 0.475003 0.824512
vt 0.479440 0.821203
vt 0.476921 0.827528
vt 0.288373 0.479759
vt 0.293635 0.471118
vt 0.292574 0.481266
vt 0.107690 0.728584
vt 0.108228 0.736978
vt 0.104696 0.733261
vt 0.686882 0.237100
vt 0.688626 0.246403
vt 0.686056 0.247542
vt 0.139815 0.627057
vt 0.144361 0.634257
vt 0.140929 0.636453
vt 0.622606 0.268928
vt 0.619956 0.273819
vt 0.616540 0.267302
vt 0.469273 0.758439
vt 0.463059 0.754644
vt 0.467621 0.751396
vt 0.401593 0.458987
vt 0.397934 0.463557
vt 0.397237 0.450918
vt 0.319853 0.420147
vt 0.315245 0.430110
vt 0.315097 0.419410
vt 0.394545 0.620588
vt 0.398505 0.617355
vt 0.399406 0.626639
vt 0.697952 0.532668
vt 0.698413 0.541492
vt 0.695542 0.542668
vt 0.424046 0.101164
vt 0.425529 0.087793
vt 0.427256 0.103656
vt 0.378781 0.669772
vt 0.381461 0.660255
vt 0.382775 0.668484
vt 0.585488 0.630408
vt 0.592482 0.636625
vt 0.587691 0.637514
vt 0.569440 0.029386
vt 0.570641 0.016685
vt 0.571854 0.030624
vt 0.087251 0.827115
vt 0.084646 0.823976
vt 0.089877 0.822115
vt 0.817812 0.107644
vt 0.822617 0.111692
vt 0.820341 0.114395
vt 0.483471 0.752237
vt 0.484401 0.759783
vt 0.480545 0.753771
vt 0.804991 0.561466
vt 0.802232 0.561942
vt 0.803390 0.554324
vt 0.461983 0.625640
vt 0.465095 0.634664
vt 0.459060 0.632136
vt 0.607235 0.674953
vt 0.604544 0.684189
vt 0.603246 0.676634
vt 0.103119 0.587610
vt 0.104738 0.575297
vt 0.106571 0.584907
vt 0.088208 0.416754
vt 0.088595 0.432468
vt 0.085569 0.424457
vt 0.358885 0.103609
vt 0.357833 0.091093
vt 0.363216 0.101077
vt 0.361730 0.088269
vt 0.030388 0.619899
vt 0.031913 0.627720
vt 0.026341 0.621540
vt 0.027835 0.629500
vt 0.089776 0.507610
vt 0.085940 0.509950
vt 0.087021 0.498260
vt 0.768245 0.478320
vt 0.774003 0.476764
vt 0.770937 0.484450
vt 0.173923 0.602136
vt 0.175696 0.612780
vt 0.171769 0.610009
vt 0.394595 0.713650
vt 0.397731 0.705245
vt 0.398562 0.712619
vt 0.362730 0.274934
vt 0.358179 0.272732
vt 0.359480 0.261195
vt 0.498259 0.759514
vt 0.494914 0.759497
vt 0.497751 0.752215
vt 0.341815 0.121059
vt 0.342734 0.114603
vt 0.347295 0.121385
vt 0.720995 0.510514
vt 0.719358 0.518514
vt 0.717906 0.508855
vt 0.426658 0.290110
vt 0.430136 0.288093
vt 0.428313 0.302353
vt 0.160986 0.452809
vt 0.156018 0.461702
vt 0.156982 0.450837
vt 0.659238 0.862621
vt 0.659238 0.868070
vt 0.656178 0.864089
vt 0.689522 0.704474
vt 0.685921 0.706261
vt 0.684053 0.699109
vt 0.837541 0.142797
vt 0.836462 0.146811
vt 0.833621 0.140955
vt 0.419865 0.827829
vt 0.415554 0.824826
vt 0.417404 0.821417
vt 0.569260 0.348857
vt 0.571800 0.352176
vt 0.567783 0.359405
vt 0.570646 0.363107
vt 0.250999 0.518783
vt 0.252176 0.527686
vt 0.246645 0.520739
vt 0.247573 0.529903
vt 0.442363 0.246145
vt 0.441666 0.235769
vt 0.446848 0.244728
vt 0.446264 0.234340
vt 0.480843 0.411757
vt 0.477951 0.414418
vt 0.476967 0.401828
vt 0.729047 0.196359
vt 0.728376 0.186858
vt 0.731842 0.193168
vt 0.359607 0.777412
vt 0.360340 0.785033
vt 0.356228 0.778118
vt 0.263089 0.783446
vt 0.266146 0.777426
vt 0.267739 0.785157
vt 0.618994 0.629784
vt 0.626116 0.629738
vt 0.625744 0.636749
vt 0.402769 0.162454
vt 0.406130 0.164633
vt 0.403966 0.177926
vt 0.519205 0.117050
vt 0.524697 0.111311
vt 0.527427 0.115024
vt 0.626671 0.387779
vt 0.626225 0.374090
vt 0.629058 0.381111
vt 0.319003 0.525352
vt 0.315138 0.531516
vt 0.315262 0.520120
vt 0.085776 0.667977
vt 0.085103 0.659542
vt 0.089391 0.666858
vt 0.088745 0.658312
vt 0.479741 0.322303
vt 0.480308 0.333754
vt 0.476748 0.335325
vt 0.417242 0.504471
vt 0.418088 0.514353
vt 0.413003 0.506163
vt 0.414289 0.516250
vt 0.449546 0.582943
vt 0.446948 0.589224
vt 0.446435 0.576825
vt 0.688031 0.653548
vt 0.689205 0.663566
vt 0.684955 0.655588
vt 0.612832 0.068047
vt 0.609962 0.069179
vt 0.608949 0.058717
vt 0.736086 0.678399
vt 0.735172 0.686517
vt 0.732950 0.677385
vt 0.468034 0.374551
vt 0.466824 0.387791
vt 0.463974 0.380650
vt 0.362401 0.640357
vt 0.363921 0.649029
vt 0.360686 0.650684
vt 0.073890 0.431680
vt 0.070170 0.434442
vt 0.067572 0.426717
vt 0.771485 0.184494
vt 0.769052 0.187656
vt 0.769678 0.177157
vt 0.235265 0.798573
vt 0.238162 0.805318
vt 0.232766 0.801730
vt 0.383178 0.798586
vt 0.382309 0.806150
vt 0.379459 0.804723
vt 0.175780 0.559442
vt 0.173086 0.566213
vt 0.172873 0.553364
vt 0.428405 0.579419
vt 0.431882 0.574164
vt 0.434961 0.580689
vt 0.412640 0.101934
vt 0.409599 0.103505
vt 0.408688 0.090747
vt 0.461501 0.401405
vt 0.464035 0.399634
vt 0.465177 0.412464
vt 0.601235 0.542955
vt 0.605560 0.535102
vt 0.604709 0.544812
vt 0.602246 0.533253
vt 0.542972 0.694374
vt 0.539098 0.688840
vt 0.546337 0.691375
vt 0.542468 0.685636
vt 0.365220 0.526425
vt 0.360887 0.535639
vt 0.361891 0.522068
vt 0.251937 0.634432
vt 0.248249 0.643124
vt 0.248500 0.633033
vt 0.245220 0.636672
vt 0.833621 0.477052
vt 0.837387 0.476565
vt 0.833154 0.484585
vt 0.623551 0.659991
vt 0.620309 0.661473
vt 0.623270 0.650669
vt 0.379418 0.347273
vt 0.380238 0.359150
vt 0.375121 0.349264
vt 0.376305 0.361943
vt 0.233585 0.344588
vt 0.230397 0.359996
vt 0.229324 0.346489
vt 0.582104 0.297907
vt 0.583785 0.286599
vt 0.584230 0.300605
vt 0.113592 0.805131
vt 0.111137 0.800995
vt 0.116091 0.798573
vt 0.769688 0.084578
vt 0.774985 0.079258
vt 0.774011 0.085326
vt 0.291339 0.823786
vt 0.287754 0.827297
vt 0.286530 0.823424
vt 0.657206 0.116444
vt 0.655514 0.125913
vt 0.654319 0.113944
vt 0.507914 0.059294
vt 0.507244 0.070944
vt 0.503980 0.068929
vt 0.101118 0.458244
vt 0.105103 0.456955
vt 0.106271 0.467344
vt 0.125659 0.441406
vt 0.126596 0.452063
vt 0.121533 0.443574
vt 0.122944 0.454657
vt 0.276316 0.529509
vt 0.272202 0.531298
vt 0.271117 0.521643
vt 0.008632 0.845889
vt 0.006457 0.849686
vt 0.005927 0.843693
vt 0.314164 0.758539
vt 0.307636 0.759436
vt 0.308571 0.753513
vt 0.720136 0.425856
vt 0.722839 0.434722
vt 0.719627 0.433744
vt 0.047846 0.472914
vt 0.048757 0.482850
vt 0.043254 0.474575
vt 0.045008 0.484571
vt 0.432332 0.328279
vt 0.428476 0.335404
vt 0.428912 0.321528
vt 0.588240 0.591438
vt 0.590315 0.581190
vt 0.591315 0.593781
vt 0.008952 0.535878
vt 0.011162 0.523027
vt 0.012529 0.536079
vt 0.622570 0.783096
vt 0.622576 0.776360
vt 0.626906 0.783017
vt 0.627917 0.778715
vt 0.737974 0.805906
vt 0.733289 0.802567
vt 0.737132 0.798701
vt 0.604361 0.845559
vt 0.602744 0.848907
vt 0.601715 0.842737
vt 0.142819 0.464442
vt 0.139912 0.471774
vt 0.139531 0.457406
vt 0.457601 0.205165
vt 0.454392 0.217263
vt 0.454735 0.202002
vt 0.849057 0.652057
vt 0.852905 0.657803
vt 0.849057 0.656092
vt 0.344916 0.461176
vt 0.341495 0.462918
vt 0.340209 0.451335
vt 0.534146 0.206619
vt 0.532607 0.218954
vt 0.531222 0.204509
vt 0.636293 0.163161
vt 0.638551 0.171957
vt 0.635130 0.173270
vt 0.549357 0.064482
vt 0.551874 0.057401
vt 0.552611 0.070490
vt 0.639012 0.559509
vt 0.639888 0.568435
vt 0.635745 0.566119
vt 0.695884 0.098050
vt 0.695230 0.088898
vt 0.698907 0.097037
vt 0.697659 0.087727
vt 0.144244 0.381684
vt 0.141456 0.393390
vt 0.140294 0.378871
vt 0.415094 0.600441
vt 0.412881 0.609908
vt 0.411199 0.599946
vt 0.806491 0.062549
vt 0.803925 0.068104
vt 0.803632 0.059663
vt 0.430299 0.439977
vt 0.429662 0.426691
vt 0.433767 0.433220
vt 0.414939 0.652044
vt 0.412470 0.656287
vt 0.411945 0.644467
vt 0.046018 0.623606
vt 0.043835 0.615666
vt 0.047853 0.613875
vt 0.004913 0.798990
vt 0.010103 0.800087
vt 0.009617 0.805049
vt 0.563975 0.739243
vt 0.557803 0.739446
vt 0.562873 0.734822
vt 0.557802 0.732015
vt 0.382470 0.618284
vt 0.383814 0.627303
vt 0.378103 0.619617
vt 0.577718 0.588391
vt 0.574510 0.592473
vt 0.571521 0.585640
vt 0.527862 0.532127
vt 0.527060 0.543121
vt 0.523510 0.537300
vt 0.029431 0.563852
vt 0.028794 0.552591
vt 0.032319 0.562989
vt 0.031435 0.551166
vt 0.418481 0.488539
vt 0.414979 0.493017
vt 0.411829 0.486621
vt 0.460856 0.507376
vt 0.464369 0.505148
vt 0.466059 0.515786
vt 0.658692 0.717863
vt 0.654796 0.720226
vt 0.656539 0.711499
vt 0.802283 0.539045
vt 0.806951 0.541183
vt 0.803778 0.544064
vt 0.590026 0.655924
vt 0.586322 0.659340
vt 0.587833 0.648754
vt 0.645621 0.844487
vt 0.647406 0.847953
vt 0.642478 0.847953
vt 0.343200 0.546063
vt 0.342417 0.560381
vt 0.340270 0.553476
vt 0.668051 0.381655
vt 0.670091 0.375243
vt 0.670381 0.387471
vt 0.732552 0.508464
vt 0.734633 0.518076
vt 0.731881 0.516926
vt 0.608519 0.609881
vt 0.606795 0.618623
vt 0.605333 0.606994
vt 0.142467 0.847493
vt 0.143432 0.843328
vt 0.145621 0.849519
vt 0.818149 0.291301
vt 0.819921 0.286615
vt 0.822631 0.289233
vt 0.375566 0.074444
vt 0.374037 0.066226
vt 0.379095 0.071367
vt 0.466663 0.177701
vt 0.465695 0.166000
vt 0.469987 0.175632
vt 0.468799 0.163198
vt 0.751148 0.046010
vt 0.757591 0.051704
vt 0.754526 0.053193
vt 0.431179 0.563123
vt 0.431746 0.550292
vt 0.434856 0.556934
vt 0.085328 0.364010
vt 0.087737 0.360726
vt 0.089279 0.373982
vt 0.480634 0.784348
vt 0.475562 0.782809
vt 0.478791 0.777690
vt 0.604607 0.195364
vt 0.609223 0.187722
vt 0.609882 0.195510
vt 0.604950 0.187690
vt 0.437600 0.214741
vt 0.441298 0.203497
vt 0.440719 0.216453
vt 0.319712 0.549862
vt 0.316539 0.555223
vt 0.313630 0.550479
vt 0.573730 0.828379
vt 0.571962 0.823599
vt 0.576168 0.825021
vt 0.851386 0.393384
vt 0.849057 0.389561
vt 0.851227 0.387298
vt 0.251362 0.568767
vt 0.246609 0.576803
vt 0.247511 0.567306
vt 0.250146 0.578221
vt 0.067959 0.784283
vt 0.064189 0.778350
vt 0.070100 0.779762
vt 0.083499 0.571425
vt 0.087739 0.568932
vt 0.090099 0.577139
vt 0.127316 0.365197
vt 0.121312 0.374817
vt 0.123238 0.362544
vt 0.124795 0.377304
vt 0.210313 0.510495
vt 0.215873 0.502926
vt 0.214645 0.512345
vt 0.877981 0.004905
vt 0.881402 0.004905
vt 0.878866 0.009398
vt 0.304919 0.121110
vt 0.310125 0.114603
vt 0.310688 0.120557
vt 0.043630 0.448327
vt 0.046799 0.446821
vt 0.047919 0.458489
vt 0.835447 0.443499
vt 0.836993 0.448236
vt 0.834558 0.450484
vt 0.807862 0.375377
vt 0.802996 0.375637
vt 0.807375 0.369748
vt 0.414595 0.540092
vt 0.413370 0.530249
vt 0.418252 0.537542
vt 0.417131 0.527846
vt 0.453350 0.862621
vt 0.455778 0.865720
vt 0.453350 0.869882
vt 0.292892 0.696351
vt 0.294486 0.704799
vt 0.289864 0.701177
vt 0.396430 0.260849
vt 0.399121 0.268192
vt 0.392766 0.263859
vt 0.394974 0.275091
vt 0.522054 0.323747
vt 0.524508 0.320406
vt 0.526673 0.331622
vt 0.271594 0.594829
vt 0.275146 0.591538
vt 0.274929 0.603022
vt 0.086223 0.589753
vt 0.087416 0.599400
vt 0.082415 0.593861
vt 0.851961 0.830446
vt 0.849057 0.834085
vt 0.849093 0.828964
vt 0.757111 0.696654
vt 0.752521 0.700180
vt 0.755340 0.692313
vt 0.750834 0.692779
vt 0.849492 0.186084
vt 0.853367 0.185766
vt 0.851481 0.189533
vt 0.030654 0.868382
vt 0.032531 0.863664
vt 0.033051 0.870372
vt 0.448809 0.016556
vt 0.450787 0.026299
vt 0.444567 0.018642
vt 0.443331 0.361960
vt 0.442948 0.350324
vt 0.447614 0.355731
vt 0.822324 0.844126
vt 0.824847 0.842531
vt 0.823085 0.850205
vt 0.294500 0.677980
vt 0.292504 0.685103
vt 0.290684 0.676990
vt 0.288186 0.683762
vt 0.654081 0.609239
vt 0.651506 0.617520
vt 0.650426 0.607195
vt 0.750844 0.031937
vt 0.752730 0.025286
vt 0.756406 0.033207
vt 0.233050 0.600986
vt 0.230730 0.610712
vt 0.230162 0.598944
vt 0.724386 0.536481
vt 0.725176 0.529437
vt 0.726400 0.540430
vt 0.474964 0.104022
vt 0.474330 0.088384
vt 0.477486 0.096084
vt 0.279208 0.801234
vt 0.282939 0.798563
vt 0.281048 0.806787
vt 0.642473 0.065524
vt 0.639050 0.069899
vt 0.640590 0.057019
vt 0.463547 0.298876
vt 0.459879 0.301099
vt 0.458910 0.289479
vt 0.276248 0.823915
vt 0.270722 0.826620
vt 0.272092 0.821361
vt 0.632342 0.535870
vt 0.636472 0.533397
vt 0.639328 0.541793
vt 0.863903 0.161904
vt 0.867650 0.163638
vt 0.863903 0.166750
vt 0.383085 0.485882
vt 0.378998 0.487074
vt 0.378633 0.476779
vt 0.806995 0.865034
vt 0.810349 0.863803
vt 0.809349 0.868099
vt 0.818487 0.252162
vt 0.820802 0.251661
vt 0.820056 0.258466
vt 0.028785 0.663340
vt 0.032396 0.671334
vt 0.028706 0.672580
vt 0.071654 0.519285
vt 0.072713 0.528164
vt 0.066796 0.520939
vt 0.068691 0.529756
vt 0.596428 0.298478
vt 0.599337 0.288206
vt 0.599447 0.300177
vt 0.100838 0.802020
vt 0.098340 0.810142
vt 0.098332 0.804332
vt 0.177402 0.714514
vt 0.172322 0.715946
vt 0.173752 0.709580
vt 0.509386 0.460952
vt 0.513315 0.456197
vt 0.516688 0.461763
vt 0.684393 0.137909
vt 0.684773 0.145284
vt 0.680299 0.138991
vt 0.680786 0.146600
vt 0.802392 0.612207
vt 0.803250 0.608704
vt 0.807892 0.613719
vt 0.007825 0.707832
vt 0.010181 0.700550
vt 0.013100 0.706770
vt 0.161662 0.401385
vt 0.156474 0.410585
vt 0.157475 0.399218
vt 0.396918 0.028692
vt 0.399661 0.014714
vt 0.401000 0.026875
vt 0.629834 0.504947
vt 0.630196 0.521829
vt 0.628993 0.513855
vt 0.789816 0.561346
vt 0.787097 0.565976
vt 0.785596 0.562556
vt 0.523860 0.608622
vt 0.523752 0.600142
vt 0.529140 0.607409
vt 0.384174 0.402651
vt 0.378623 0.411674
vt 0.379193 0.400724
vt 0.720904 0.584939
vt 0.723097 0.581914
vt 0.721129 0.592862
vt 0.494099 0.730212
vt 0.497039 0.727566
vt 0.496695 0.737156
vt 0.706844 0.458925
vt 0.709417 0.453884
vt 0.709276 0.464800
vt 0.540740 0.729278
vt 0.547990 0.728588
vt 0.544408 0.732923
vt 0.822220 0.409840
vt 0.819581 0.414106
vt 0.818729 0.407260
vt 0.089332 0.680666
vt 0.084494 0.687440
vt 0.084764 0.680480
vt 0.088435 0.688119
vt 0.506726 0.778252
vt 0.509543 0.783374
vt 0.504627 0.783142
vt 0.497220 0.429292
vt 0.494835 0.441413
vt 0.494159 0.426938
vt 0.436385 0.161997
vt 0.437183 0.175224
vt 0.433556 0.163803
vt 0.433785 0.177018
vt 0.482513 0.146311
vt 0.482715 0.134554
vt 0.486357 0.147070
vt 0.252517 0.778685
vt 0.248061 0.785851
vt 0.249542 0.777799
vt 0.771759 0.662564
vt 0.770768 0.670966
vt 0.768583 0.662507
vt 0.156353 0.498351
vt 0.158948 0.509769
vt 0.154689 0.507696
vt 0.354432 0.215902
vt 0.357183 0.202203
vt 0.358599 0.217084
vt 0.258570 0.822136
vt 0.260901 0.828513
vt 0.257648 0.827264
vt 0.640684 0.712288
vt 0.642052 0.717877
vt 0.636664 0.718533
vt 0.272058 0.862621
vt 0.272058 0.868394
vt 0.269089 0.864665
vt 0.188335 0.600455
vt 0.192642 0.599343
vt 0.194551 0.606299
vt 0.521407 0.821563
vt 0.523793 0.825814
vt 0.519919 0.824674
vt 0.521706 0.828761
vt 0.037933 0.758364
vt 0.035526 0.751985
vt 0.042293 0.753248
vt 0.461249 0.720875
vt 0.464748 0.713986
vt 0.466558 0.721853
vt 0.039774 0.777330
vt 0.039878 0.785492
vt 0.035039 0.778326
vt 0.510597 0.288438
vt 0.507922 0.299520
vt 0.507367 0.286172
vt 0.605418 0.222113
vt 0.603427 0.211480
vt 0.606408 0.210423
vt 0.234170 0.384784
vt 0.230293 0.386353
vt 0.233337 0.371684
vt 0.802184 0.357429
vt 0.806741 0.353033
vt 0.804887 0.359621
vt 0.067682 0.801693
vt 0.070302 0.798563
vt 0.070610 0.807105
vt 0.599581 0.349404
vt 0.601820 0.356082
vt 0.597562 0.352842
vt 0.600967 0.361746
vt 0.431215 0.261678
vt 0.430291 0.274650
vt 0.426815 0.267512
vt 0.758264 0.777388
vt 0.763975 0.776341
vt 0.761510 0.782855
vt 0.144625 0.435409
vt 0.141532 0.445700
vt 0.140428 0.432835
vt 0.696482 0.145575
vt 0.697289 0.138822
vt 0.699768 0.147714
vt 0.231595 0.538388
vt 0.229617 0.528507
vt 0.234457 0.535470
vt 0.232714 0.524957
vt 0.712281 0.098489
vt 0.709954 0.095897
vt 0.709458 0.087358
vt 0.594185 0.565014
vt 0.590967 0.570475
vt 0.587995 0.565839
vt 0.564309 0.675436
vt 0.562310 0.681889
vt 0.559668 0.673910
vt 0.557601 0.680529
vt 0.621870 0.088787
vt 0.625384 0.088259
vt 0.622098 0.098941
vt 0.785244 0.584578
vt 0.787192 0.578735
vt 0.787787 0.588260
vt 0.118442 0.827140
vt 0.115056 0.823791
vt 0.118925 0.821868
vt 0.508526 0.511178
vt 0.511977 0.505927
vt 0.511483 0.519924
vt 0.429714 0.414264
vt 0.431260 0.399295
vt 0.433028 0.412889
vt 0.088719 0.533626
vt 0.085364 0.534754
vt 0.084552 0.524281
vt 0.661437 0.436325
vt 0.660449 0.426335
vt 0.663881 0.434178
vt 0.663139 0.424107
vt 0.802685 0.446429
vt 0.806750 0.443957
vt 0.803824 0.451022
vt 0.806750 0.451557
vt 0.088957 0.758877
vt 0.082417 0.759707
vt 0.083287 0.754360
vt 0.689682 0.507164
vt 0.686521 0.518127
vt 0.687145 0.506130
vt 0.345804 0.477117
vt 0.340533 0.484752
vt 0.341489 0.474800
vt 0.768769 0.380157
vt 0.771230 0.376900
vt 0.770590 0.387233
vt 0.250383 0.472640
vt 0.246337 0.482585
vt 0.246519 0.471484
vt 0.734646 0.349041
vt 0.736604 0.357390
vt 0.732121 0.354524
vt 0.555829 0.493523
vt 0.555941 0.478877
vt 0.558380 0.491338
vt 0.160611 0.436687
vt 0.157031 0.438675
vt 0.156085 0.427096
vt 0.523424 0.558906
vt 0.527451 0.554663
vt 0.529534 0.561046
vt 0.216329 0.426073
vt 0.214680 0.438937
vt 0.212601 0.425524
vt 0.633830 0.141885
vt 0.635818 0.136754
vt 0.637816 0.141488
vt 0.665895 0.218963
vt 0.662677 0.222367
vt 0.661682 0.216052
vt 0.027894 0.491783
vt 0.026884 0.479756
vt 0.030771 0.489109
vt 0.029959 0.476964
vt 0.769712 0.198539
vt 0.774123 0.205228
vt 0.769326 0.203258
vt 0.066690 0.617684
vt 0.069832 0.612998
vt 0.071793 0.618325
vt 0.518541 0.206574
vt 0.516538 0.220586
vt 0.515849 0.204612
vt 0.789633 0.279661
vt 0.785607 0.285240
vt 0.786637 0.278249
vt 0.592032 0.188556
vt 0.588889 0.197906
vt 0.587048 0.191378
vt 0.399638 0.647066
vt 0.396542 0.651312
vt 0.396170 0.640088
vt 0.142949 0.580822
vt 0.143278 0.590261
vt 0.138750 0.581557
vt 0.139555 0.590919
vt 0.853220 0.753188
vt 0.849057 0.750639
vt 0.850669 0.748361
vt 0.364308 0.666589
vt 0.361188 0.671860
vt 0.357513 0.668275
vt 0.382320 0.573187
vt 0.381354 0.583859
vt 0.378105 0.577821
vt 0.138661 0.536941
vt 0.142752 0.534587
vt 0.142372 0.545317
vt 0.420479 0.176272
vt 0.417457 0.174698
vt 0.418879 0.161968
vt 0.464605 0.543262
vt 0.460370 0.537702
vt 0.465564 0.535593
vt 0.129303 0.757752
vt 0.132608 0.752374
vt 0.133722 0.762335
vt 0.714565 0.558802
vt 0.717286 0.561587
vt 0.717981 0.569244
vt 0.209738 0.574370
vt 0.213542 0.570722
vt 0.213009 0.581291
vt 0.850512 0.844175
vt 0.852691 0.843896
vt 0.852691 0.850059
vt 0.068466 0.451919
vt 0.072923 0.446046
vt 0.072868 0.458011
vt 0.459361 0.235655
vt 0.462362 0.233692
vt 0.463218 0.245408
vt 0.701521 0.679701
vt 0.704998 0.676665
vt 0.705994 0.683719
vt 0.607579 0.455930
vt 0.606358 0.467137
vt 0.604475 0.455019
vt 0.192907 0.628010
vt 0.187612 0.626732
vt 0.194965 0.620493
vt 0.293949 0.619380
vt 0.288949 0.622082
vt 0.288300 0.616591
vt 0.528064 0.454779
vt 0.530788 0.453210
vt 0.531561 0.464960
vt 0.155496 0.596836
vt 0.159639 0.593693
vt 0.158356 0.604453
vt 0.468617 0.214827
vt 0.472594 0.203795
vt 0.471537 0.217079
vt 0.672232 0.751504
vt 0.673717 0.759633
vt 0.671172 0.760144
vt 0.658905 0.025141
vt 0.662611 0.019729
vt 0.662984 0.029212
vt 0.734640 0.294035
vt 0.729598 0.295053
vt 0.731761 0.286138
vt 0.656916 0.062329
vt 0.653461 0.068645
vt 0.653514 0.057200
vt 0.667710 0.059675
vt 0.669742 0.057054
vt 0.670998 0.064595
vt 0.533261 0.388819
vt 0.530983 0.376572
vt 0.535601 0.386916
vt 0.534465 0.375423
vt 0.227931 0.727557
vt 0.231858 0.726520
vt 0.233619 0.734180
vt 0.139557 0.497085
vt 0.138261 0.486283
vt 0.143033 0.494038
vt 0.141511 0.483451
vt 0.596985 0.386600
vt 0.595609 0.375946
vt 0.599117 0.377496
vt 0.342662 0.637954
vt 0.344626 0.647867
vt 0.341290 0.646468
vt 0.084899 0.709949
vt 0.086234 0.700079
vt 0.087974 0.708593
vt 0.817812 0.719708
vt 0.822061 0.718052
vt 0.819325 0.724569
vt 0.396363 0.401779
vt 0.399855 0.400235
vt 0.401247 0.412809
vt 0.424640 0.060711
vt 0.428251 0.057717
vt 0.427097 0.072429
vt 0.721512 0.017324
vt 0.718783 0.023512
vt 0.718675 0.014040
vt 0.789665 0.694462
vt 0.785244 0.699143
vt 0.787467 0.690541
vt 0.802577 0.007869
vt 0.806287 0.005137
vt 0.804141 0.011206
vt 0.808001 0.011154
vt 0.246524 0.544024
vt 0.249334 0.541671
vt 0.247409 0.555738
vt 0.523979 0.652929
vt 0.525143 0.641800
vt 0.527899 0.649755
vt 0.698968 0.632338
vt 0.702038 0.630879
vt 0.703194 0.640334
vt 0.880369 0.104277
vt 0.877981 0.100320
vt 0.881482 0.101677
vt 0.380333 0.512099
vt 0.377348 0.505367
vt 0.383315 0.508352
vt 0.413624 0.468532
vt 0.412901 0.456956
vt 0.417185 0.466518
vt 0.416464 0.454824
vt 0.158065 0.660153
vt 0.159206 0.668984
vt 0.155169 0.662283
vt 0.604681 0.663016
vt 0.603384 0.654159
vt 0.608058 0.661744
vt 0.086018 0.446454
vt 0.088995 0.444388
vt 0.089638 0.457128
vt 0.572404 0.461319
vt 0.578181 0.456998
vt 0.576314 0.466404
vt 0.214466 0.821832
vt 0.216390 0.826910
vt 0.211944 0.826640
vt 0.714626 0.172404
vt 0.712385 0.162337
vt 0.715241 0.163766
vt 0.736688 0.590773
vt 0.736426 0.582106
vt 0.739508 0.588474
vt 0.416932 0.776961
vt 0.417981 0.785040
vt 0.415091 0.780821
vt 0.360471 0.628649
vt 0.359730 0.619214
vt 0.363812 0.628191
vt 0.070609 0.645600
vt 0.066200 0.644773
vt 0.071266 0.638055
vt 0.066968 0.637017
vt 0.639546 0.682179
vt 0.636765 0.676850
vt 0.641393 0.674399
vt 0.726650 0.163580
vt 0.730170 0.163504
vt 0.726960 0.171629
vt 0.818426 0.648854
vt 0.821789 0.651943
vt 0.819739 0.655686
vt 0.461057 0.565086
vt 0.463469 0.555036
vt 0.464315 0.567817
vt 0.571599 0.564114
vt 0.574815 0.557643
vt 0.577436 0.562013
vt 0.802995 0.517138
vt 0.804628 0.522082
vt 0.802827 0.526656
vt 0.340594 0.722742
vt 0.346153 0.723458
vt 0.345171 0.730234
vt 0.174891 0.805888
vt 0.169965 0.804996
vt 0.172754 0.800283
vt 0.013117 0.404707
vt 0.016915 0.405671
vt 0.015579 0.417416
vt 0.361266 0.862671
vt 0.363685 0.865255
vt 0.360794 0.867868
vt 0.105713 0.696179
vt 0.104931 0.687953
vt 0.109211 0.695317
vt 0.108353 0.686953
vt 0.229301 0.427303
vt 0.232473 0.425351
vt 0.230606 0.440675
vt 0.448029 0.525908
vt 0.449387 0.536562
vt 0.445100 0.528525
vt 0.446062 0.539485
vt 0.570554 0.518889
vt 0.570866 0.506063
vt 0.573524 0.513289
vt 0.583703 0.025295
vt 0.586279 0.017500
vt 0.586358 0.031762
vt 0.228248 0.862621
vt 0.230956 0.865474
vt 0.228237 0.868697
vt 0.289594 0.505457
vt 0.287874 0.498056
vt 0.293547 0.503459
vt 0.292348 0.492862
vt 0.316096 0.381437
vt 0.317001 0.367252
vt 0.320203 0.378557
vt 0.419551 0.148396
vt 0.420632 0.133260
vt 0.422854 0.147338
vt 0.664256 0.542048
vt 0.666363 0.535425
vt 0.666523 0.545323
vt 0.209320 0.663349
vt 0.212813 0.657833
vt 0.215121 0.662922
vt 0.557140 0.590467
vt 0.559827 0.582964
vt 0.560313 0.596642
vt 0.508935 0.822427
vt 0.504215 0.827201
vt 0.505884 0.822490
vt 0.459091 0.102491
vt 0.460190 0.088469
vt 0.462700 0.096270
vt 0.627720 0.297532
vt 0.627003 0.288470
vt 0.631191 0.296878
vt 0.789469 0.673603
vt 0.791025 0.678838
vt 0.785941 0.675609
vt 0.785244 0.680264
vt 0.769662 0.225701
vt 0.770209 0.217787
vt 0.772986 0.221983
vt 0.094056 0.867654
vt 0.092093 0.862630
vt 0.096053 0.864327
vt 0.026143 0.690743
vt 0.029973 0.683774
vt 0.029936 0.692569
vt 0.008005 0.822032
vt 0.009603 0.828269
vt 0.005178 0.824943
vt 0.645015 0.435941
vt 0.644541 0.427468
vt 0.648778 0.435387
vt 0.625145 0.056420
vt 0.626937 0.064584
vt 0.623296 0.061090
vt 0.624412 0.070280
vt 0.670677 0.297342
vt 0.669880 0.288130
vt 0.674025 0.296266
vt 0.672791 0.287124
vt 0.649447 0.539616
vt 0.651903 0.532351
vt 0.652272 0.545320
vt 0.364128 0.821795
vt 0.364651 0.827654
vt 0.361486 0.827654
vt 0.727731 0.388276
vt 0.728698 0.374393
vt 0.729857 0.381185
vt 0.508629 0.401969
vt 0.511631 0.400292
vt 0.509778 0.414770
vt 0.590431 0.849289
vt 0.588276 0.851596
vt 0.589808 0.843048
vt 0.496455 0.716793
vt 0.494370 0.710893
vt 0.498719 0.709201
vt 0.429244 0.867893
vt 0.427117 0.862621
vt 0.430888 0.863838
vt 0.359188 0.722602
vt 0.362725 0.721962
vt 0.364003 0.729978
vt 0.540501 0.557093
vt 0.544134 0.555347
vt 0.545187 0.565137
vt 0.802602 0.389084
vt 0.805353 0.386486
vt 0.807366 0.392985
vt 0.836365 0.279239
vt 0.833621 0.275221
vt 0.836256 0.273404
vt 0.304853 0.798714
vt 0.309175 0.803990
vt 0.304840 0.805225
vt 0.310298 0.800027
vt 0.610075 0.884452
vt 0.608102 0.886274
vt 0.608102 0.881883
vt 0.481404 0.563052
vt 0.477468 0.561136
vt 0.482571 0.553885
vt 0.478888 0.551620
vt 0.820430 0.149633
vt 0.817812 0.143049
vt 0.821768 0.144913
vt 0.342132 0.759538
vt 0.338521 0.759033
vt 0.341358 0.750979
vt 0.574564 0.273756
vt 0.571264 0.267230
vt 0.576300 0.267490
vt 0.573963 0.260705
vt 0.666237 0.173483
vt 0.666962 0.162179
vt 0.669596 0.168342
vt 0.553607 0.515787
vt 0.558610 0.508792
vt 0.556873 0.518939
vt 0.043041 0.379336
vt 0.047431 0.371577
vt 0.046913 0.385131
vt 0.714454 0.263783
vt 0.713865 0.272338
vt 0.709208 0.266292
vt 0.731422 0.329773
vt 0.731034 0.322006
vt 0.734602 0.321454
vt 0.424700 0.806287
vt 0.425389 0.798563
vt 0.427161 0.806392
vt 0.495417 0.542706
vt 0.496112 0.532487
vt 0.499708 0.538463
vt 0.715360 0.288738
vt 0.718493 0.286319
vt 0.718179 0.294710
vt 0.476517 0.362451
vt 0.475675 0.349883
vt 0.479401 0.361259
vt 0.478866 0.348322
vt 0.384006 0.168791
vt 0.388427 0.161955
vt 0.388075 0.175583
vt 0.482793 0.866406
vt 0.479955 0.867706
vt 0.480550 0.862693
vt 0.877981 0.533635
vt 0.877981 0.529196
vt 0.880293 0.531793
vt 0.823966 0.863415
vt 0.821028 0.867320
vt 0.820159 0.863725
vt 0.481767 0.805439
vt 0.484511 0.799238
vt 0.484613 0.804883
vt 0.024326 0.799392
vt 0.024738 0.804048
vt 0.019913 0.805034
vt 0.461149 0.653836
vt 0.464005 0.645580
vt 0.464549 0.657059
vt 0.212799 0.359101
vt 0.211757 0.346626
vt 0.217459 0.356473
vt 0.215828 0.344041
vt 0.462613 0.467674
vt 0.461042 0.455614
vt 0.466468 0.461803
vt 0.833621 0.587250
vt 0.833621 0.579194
vt 0.836976 0.586222
vt 0.523487 0.409406
vt 0.524280 0.399597
vt 0.528228 0.401288
vt 0.698033 0.066440
vt 0.697443 0.058886
vt 0.701377 0.066122
vt 0.700475 0.057907
vt 0.489278 0.244357
vt 0.491036 0.232040
vt 0.492227 0.246907
vt 0.103381 0.758937
vt 0.099054 0.760667
vt 0.101481 0.751900
vt 0.646931 0.324492
vt 0.644354 0.332689
vt 0.644826 0.319699
vt 0.804187 0.081589
vt 0.802477 0.089347
vt 0.801840 0.081800
vt 0.480074 0.684974
vt 0.483879 0.690870
vt 0.476697 0.687871
vt 0.266822 0.843043
vt 0.266493 0.847351
vt 0.262823 0.844713
vt 0.270481 0.679924
vt 0.274079 0.678892
vt 0.270662 0.687868
vt 0.820162 0.356428
vt 0.818317 0.361703
vt 0.818151 0.353427
vt 0.700432 0.325268
vt 0.703448 0.321443
vt 0.703512 0.331329
vt 0.046335 0.359345
vt 0.042214 0.352335
vt 0.048981 0.346815
vt 0.045271 0.343040
vt 0.538588 0.232098
vt 0.540069 0.243569
vt 0.535840 0.235036
vt 0.537785 0.246946
vt 0.685748 0.679689
vt 0.689544 0.677125
vt 0.690840 0.687189
vt 0.189786 0.515687
vt 0.190247 0.500559
vt 0.193063 0.507950
vt 0.550530 0.097697
vt 0.552457 0.088258
vt 0.552817 0.099631
vt 0.430020 0.630692
vt 0.429454 0.622455
vt 0.433853 0.629507
vt 0.433257 0.620518
vt 0.379374 0.463815
vt 0.378403 0.453472
vt 0.383758 0.461457
vt 0.382102 0.450908
vt 0.655149 0.388041
vt 0.654701 0.377054
vt 0.657976 0.384597
vt 0.615517 0.508929
vt 0.617507 0.505628
vt 0.616419 0.520194
vt 0.877981 0.578592
vt 0.881034 0.577335
vt 0.881034 0.581561
vt 0.588131 0.610110
vt 0.590178 0.605251
vt 0.593167 0.611844
vt 0.416153 0.029084
vt 0.412660 0.027070
vt 0.417535 0.016793
vt 0.414023 0.014343
vt 0.396071 0.488816
vt 0.396933 0.475185
vt 0.399757 0.482387
vt 0.675207 0.029303
vt 0.675392 0.018512
vt 0.677738 0.027559
vt 0.801840 0.304216
vt 0.803575 0.298482
vt 0.804594 0.307106
vt 0.113728 0.777251
vt 0.116399 0.783516
vt 0.112193 0.783047
vt 0.606205 0.150242
vt 0.605567 0.136311
vt 0.608311 0.142706
vt 0.314192 0.404698
vt 0.315188 0.394099
vt 0.319929 0.396052
vt 0.716254 0.680514
vt 0.719320 0.676658
vt 0.719307 0.686100
vt 0.570362 0.404966
vt 0.574554 0.401182
vt 0.573235 0.412381
vt 0.553243 0.438167
vt 0.554357 0.426400
vt 0.556155 0.440332
vt 0.119659 0.539031
vt 0.122814 0.533749
vt 0.126142 0.538444
vt 0.513207 0.163750
vt 0.515913 0.165853
vt 0.514019 0.179440
vt 0.603284 0.634283
vt 0.605869 0.629686
vt 0.606339 0.641459
vt 0.586534 0.212717
vt 0.589585 0.208362
vt 0.592720 0.215109
vt 0.671959 0.331645
vt 0.673947 0.319961
vt 0.674314 0.332298
vt 0.685171 0.727100
vt 0.687116 0.717745
vt 0.688419 0.725678
vt 0.108478 0.539227
vt 0.105545 0.542343
vt 0.101107 0.534036
vt 0.539116 0.488612
vt 0.542187 0.480508
vt 0.541870 0.493771
vt 0.514873 0.377097
vt 0.518115 0.375173
vt 0.519153 0.386046
vt 0.572720 0.217332
vt 0.573598 0.203843
vt 0.574707 0.219463
vt 0.499897 0.214941
vt 0.500544 0.203895
vt 0.503970 0.205790
vt 0.379618 0.028138
vt 0.381114 0.014439
vt 0.383143 0.029566
vt 0.186890 0.380256
vt 0.190772 0.372435
vt 0.190563 0.386808
vt 0.358499 0.347846
vt 0.362937 0.349896
vt 0.362027 0.362387
vt 0.606817 0.097087
vt 0.607875 0.084710
vt 0.609035 0.098801
vt 0.408716 0.360229
vt 0.412952 0.349202
vt 0.412597 0.361523
vt 0.409470 0.347704
vt 0.228044 0.708408
vt 0.231501 0.705975
vt 0.230549 0.714694
vt 0.559777 0.120280
vt 0.561435 0.111816
vt 0.563256 0.124933
vt 0.340650 0.582931
vt 0.339824 0.573737
vt 0.344693 0.580956
vt 0.603037 0.413321
vt 0.602868 0.399573
vt 0.605700 0.411018
vt 0.189179 0.360517
vt 0.186784 0.348900
vt 0.193182 0.358213
vt 0.190727 0.345448
vt 0.318001 0.694810
vt 0.319668 0.702326
vt 0.314903 0.700224
vt 0.466676 0.145513
vt 0.470253 0.131570
vt 0.469243 0.147535
vt 0.288248 0.527135
vt 0.293470 0.518915
vt 0.292328 0.528450
vt 0.482819 0.387658
vt 0.481019 0.378407
vt 0.486728 0.385648
vt 0.484995 0.375727
vt 0.189117 0.562892
vt 0.188419 0.554252
vt 0.193519 0.561044
vt 0.192294 0.551975
vt 0.394647 0.506946
vt 0.397232 0.500398
vt 0.401227 0.504398
vt 0.229431 0.292213
vt 0.226561 0.257169
vt 0.252126 0.272529
vt 0.244948 0.252706
vt 0.119556 0.198475
vt 0.145779 0.180405
vt 0.127569 0.224610
vt 0.169606 0.173447
vt 0.159295 0.213028
vt 0.102704 0.176446
vt 0.107989 0.150173
vt 0.008196 0.064438
vt 0.032571 0.040287
vt 0.021134 0.089064
vt 0.078910 0.061572
vt 0.054302 0.102996
vt 0.215702 0.033037
vt 0.187593 0.042325
vt 0.190324 0.011023
vt 0.209853 0.078789
vt 0.243150 0.054220
vt 0.011391 0.203811
vt 0.025322 0.181793
vt 0.045148 0.221742
vt 0.078390 0.200561
vt 0.054397 0.188561
vt 0.080119 0.178666
vt 0.080231 0.141680
vt 0.042266 0.140496
vt 0.218163 0.158009
vt 0.245917 0.176039
vt 0.214222 0.195023
vt 0.188525 0.198255
vt 0.196285 0.168510
vt 0.248420 0.210091
vt 0.216423 0.216377
vt 0.283017 0.004960
vt 0.277481 0.047510
vt 0.268746 0.007888
vt 0.292775 0.136281
vt 0.277842 0.168726
vt 0.287302 0.133958
vt 0.072312 0.271480
vt 0.081195 0.299299
vt 0.063788 0.277449
vt 0.118118 0.267666
vt 0.100284 0.291941
vt 0.096325 0.292194
vt 0.280796 0.188931
vt 0.293860 0.191343
vt 0.294533 0.192146
vt 0.287802 0.351105
vt 0.288994 0.348007
vt 0.294599 0.351100
vt 0.364720 0.382625
vt 0.360551 0.376086
vt 0.367662 0.377002
vt 0.016102 0.460524
vt 0.015845 0.466270
vt 0.013630 0.465428
vt 0.670102 0.782038
vt 0.671952 0.778492
vt 0.670884 0.787699
vt 0.785957 0.394821
vt 0.787908 0.392662
vt 0.785913 0.401172
vt 0.332869 0.203563
vt 0.335813 0.212177
vt 0.328728 0.215505
vt 0.269252 0.204315
vt 0.277128 0.206678
vt 0.267604 0.211946
vt 0.276868 0.219055
vt 0.227325 0.107641
vt 0.215829 0.117661
vt 0.214976 0.108068
vt 0.069176 0.326086
vt 0.068165 0.310093
vt 0.077712 0.319155
vt 0.247107 0.351879
vt 0.251289 0.345871
vt 0.250022 0.358435
vt 0.182289 0.113833
vt 0.187035 0.106587
vt 0.193121 0.119337
vt 0.098681 0.345020
vt 0.098645 0.335066
vt 0.105612 0.347630
vt 0.817812 0.671182
vt 0.821009 0.666722
vt 0.821473 0.670727
vt 0.512917 0.550300
vt 0.510685 0.532140
vt 0.512917 0.531182
vt 0.175703 0.394243
vt 0.174144 0.413588
vt 0.172794 0.413487
vt 0.547675 0.203230
vt 0.545921 0.220255
vt 0.544492 0.202980
vt 0.172794 0.393464
vt 0.344140 0.264897
vt 0.340858 0.264136
vt 0.696920 0.467906
vt 0.694521 0.467906
vt 0.696882 0.450626
vt 0.430023 0.497058
vt 0.429642 0.478695
vt 0.432789 0.478788
vt 0.510966 0.561040
vt 0.512917 0.560149
vt 0.511527 0.578905
vt 0.512917 0.578967
vt 0.012892 0.278909
vt 0.265460 0.239967
vt 0.283655 0.240392
vt 0.270613 0.262738
vt 0.320215 0.074254
vt 0.314153 0.098189
vt 0.305135 0.078183
vt 0.328700 0.089447
vt 0.322963 0.008089
vt 0.313374 0.012285
vt 0.348706 0.335757
vt 0.347041 0.104761
vt 0.345360 0.056840
vt 0.347044 0.056783
vt 0.355106 0.181480
vt 0.121315 0.302025
vt 0.120538 0.351199
vt 0.120632 0.331480
vt 0.337751 0.286209
vt 0.344100 0.163874
vt 0.344586 0.133958
vt 0.342864 0.184231
vt 0.173113 0.343637
vt 0.174712 0.343670
vt 0.173113 0.373637
vt 0.273822 0.393085
vt 0.493961 0.455523
vt 0.558642 0.273061
vt 0.555982 0.270828
vt 0.557663 0.259440
vt 0.212472 0.628042
vt 0.210119 0.618457
vt 0.214586 0.620120
vt 0.426668 0.347356
vt 0.156364 0.383506
vt 0.158556 0.371873
vt 0.161976 0.376150
vt 0.498756 0.387471
vt 0.476843 0.649557
vt 0.483468 0.648313
vt 0.480539 0.653980
vt 0.479421 0.643014
vt 0.849057 0.021376
vt 0.851764 0.022551
vt 0.849057 0.028424
vt 0.448252 0.328620
vt 0.444923 0.335583
vt 0.444808 0.321180
vt 0.249566 0.508240
vt 0.619417 0.546123
vt 0.073915 0.377147
vt 0.069507 0.383531
vt 0.070128 0.369854
vt 0.520090 0.056810
vt 0.173630 0.491242
vt 0.172558 0.480623
vt 0.175854 0.478902
vt 0.522102 0.101380
vt 0.010973 0.389089
vt 0.013103 0.377622
vt 0.016974 0.380824
vt 0.378966 0.536571
vt 0.049402 0.528044
vt 0.046621 0.534349
vt 0.046798 0.521364
vt 0.753508 0.174236
vt 0.752298 0.164584
vt 0.755469 0.168567
vt 0.415345 0.576395
vt 0.654830 0.642249
vt 0.654125 0.631069
vt 0.656905 0.632599
vt 0.730640 0.148663
vt 0.727117 0.142196
vt 0.728505 0.137411
vt 0.083488 0.637266
vt 0.089385 0.639611
vt 0.084653 0.644494
vt 0.090239 0.647182
vt 0.412525 0.412881
vt 0.414067 0.399885
vt 0.417056 0.402636
vt 0.867195 0.683727
vt 0.864717 0.687584
vt 0.864105 0.684247
vt 0.543055 0.544046
vt 0.541403 0.531840
vt 0.545121 0.534656
vt 0.050176 0.640673
vt 0.047304 0.647067
vt 0.044515 0.640533
vt 0.047432 0.634235
vt 0.568243 0.321646
vt 0.571916 0.324128
vt 0.569819 0.333399
vt 0.290052 0.390459
vt 0.292780 0.403256
vt 0.288872 0.402019
vt 0.449452 0.504867
vt 0.447876 0.514199
vt 0.445537 0.502361
vt 0.363657 0.236656
vt 0.357539 0.247056
vt 0.360384 0.233334
vt 0.395431 0.436908
vt 0.397294 0.426526
vt 0.399472 0.438280
vt 0.401437 0.386491
vt 0.397470 0.388375
vt 0.400757 0.375441
vt 0.395805 0.377895
vt 0.340405 0.685780
vt 0.346180 0.685229
vt 0.343273 0.691111
vt 0.342872 0.679993
vt 0.494692 0.274336
vt 0.494196 0.261475
vt 0.497096 0.259480
vt 0.409359 0.071911
vt 0.396965 0.694496
vt 0.393906 0.689059
vt 0.399376 0.688704
vt 0.396154 0.683078
vt 0.174532 0.658759
vt 0.171674 0.652300
vt 0.177219 0.651824
vt 0.174787 0.646272
vt 0.042997 0.432739
vt 0.044241 0.420655
vt 0.047739 0.423396
vt 0.818157 0.073586
vt 0.821180 0.073579
vt 0.819850 0.080235
vt 0.103947 0.655557
vt 0.105010 0.645410
vt 0.107933 0.649250
vt 0.275758 0.381171
vt 0.563492 0.719493
vt 0.559102 0.714814
vt 0.564312 0.713329
vt 0.881368 0.086105
vt 0.879921 0.090445
vt 0.877985 0.086133
vt 0.343519 0.701924
vt 0.342631 0.712932
vt 0.340577 0.706769
vt 0.434043 0.607181
vt 0.430926 0.609174
vt 0.432888 0.596934
vt 0.617609 0.494692
vt 0.617252 0.483589
vt 0.620429 0.485822
vt 0.490286 0.072230
vt 0.030124 0.515674
vt 0.127162 0.400907
vt 0.123877 0.404520
vt 0.122358 0.391013
vt 0.125911 0.389238
vt 0.411138 0.249829
vt 0.155850 0.569897
vt 0.674053 0.517602
vt 0.673975 0.504862
vt 0.676172 0.511459
vt 0.755725 0.147717
vt 0.753098 0.152133
vt 0.752927 0.142519
vt 0.373750 0.146293
vt 0.369901 0.149342
vt 0.367198 0.136866
vt 0.371182 0.135345
vt 0.442375 0.057057
vt 0.045659 0.678242
vt 0.048762 0.682820
vt 0.045598 0.688558
vt 0.573302 0.175768
vt 0.569990 0.168639
vt 0.576310 0.169974
vt 0.573079 0.163410
vt 0.173656 0.626247
vt 0.177199 0.628631
vt 0.174268 0.636461
vt 0.750936 0.614163
vt 0.754039 0.610069
vt 0.755287 0.616718
vt 0.276823 0.425428
vt 0.273396 0.433028
vt 0.272685 0.420095
vt 0.465704 0.581408
vt 0.464691 0.590717
vt 0.461033 0.588726
vt 0.462159 0.579258
vt 0.691789 0.350700
vt 0.690440 0.360809
vt 0.688401 0.352824
vt 0.143086 0.679022
vt 0.137549 0.675933
vt 0.142971 0.672135
vt 0.137897 0.669735
vt 0.696384 0.273538
vt 0.696813 0.262338
vt 0.699149 0.265337
vt 0.378431 0.260271
vt 0.126358 0.671164
vt 0.122570 0.675785
vt 0.119986 0.666180
vt 0.610036 0.124071
vt 0.095029 0.780733
vt 0.100325 0.776490
vt 0.100124 0.783466
vt 0.463377 0.016236
vt 0.803693 0.193861
vt 0.802873 0.187587
vt 0.806949 0.188580
vt 0.036205 0.798933
vt 0.040562 0.799448
vt 0.038459 0.804840
vt 0.602632 0.494187
vt 0.601455 0.482163
vt 0.604662 0.485284
vt 0.012291 0.560896
vt 0.410831 0.669620
vt 0.417212 0.672608
vt 0.411671 0.675775
vt 0.416505 0.666542
vt 0.029562 0.609065
vt 0.808422 0.821491
vt 0.812436 0.822567
vt 0.809120 0.827500
vt 0.834089 0.173190
vt 0.838268 0.174035
vt 0.834226 0.179129
vt 0.523123 0.583237
vt 0.529392 0.582761
vt 0.526716 0.589561
vt 0.526209 0.576749
vt 0.500597 0.600999
vt 0.629098 0.235789
vt 0.627605 0.248512
vt 0.626020 0.238799
vt 0.707252 0.486461
vt 0.704747 0.491910
vt 0.701820 0.486562
vt 0.704511 0.480760
vt 0.139476 0.651216
vt 0.143181 0.649771
vt 0.141768 0.659925
vt 0.751366 0.531653
vt 0.756671 0.530306
vt 0.755750 0.536178
vt 0.867006 0.358405
vt 0.866895 0.363478
vt 0.864068 0.358770
vt 0.068011 0.579249
vt 0.379954 0.096642
vt 0.376685 0.104624
vt 0.377002 0.088139
vt 0.525843 0.778762
vt 0.522242 0.783776
vt 0.520266 0.776741
vt 0.616319 0.019351
vt 0.615917 0.031617
vt 0.613745 0.021869
vt 0.124085 0.502231
vt 0.657217 0.842531
vt 0.661720 0.842830
vt 0.658690 0.847363
vt 0.834039 0.460630
vt 0.838432 0.461593
vt 0.834642 0.466168
vt 0.314216 0.505375
vt 0.316406 0.493821
vt 0.319183 0.497301
vt 0.123490 0.612802
vt 0.025177 0.709254
vt 0.031130 0.706311
vt 0.030673 0.712218
vt 0.397597 0.114157
vt 0.391624 0.119956
vt 0.390293 0.112790
vt 0.025892 0.703574
vt 0.398052 0.559325
vt 0.833621 0.224880
vt 0.838021 0.223820
vt 0.836642 0.228513
vt 0.706042 0.406733
vt 0.708115 0.400802
vt 0.709259 0.411519
vt 0.010493 0.731122
vt 0.011933 0.721849
vt 0.013569 0.726379
vt 0.082709 0.552597
vt 0.089790 0.551030
vt 0.085966 0.557883
vt 0.085916 0.546447
vt 0.013302 0.582023
vt 0.010657 0.584598
vt 0.011557 0.571451
vt 0.381199 0.649049
vt 0.379073 0.639427
vt 0.383405 0.641685
vt 0.615030 0.238552
vt 0.613238 0.248041
vt 0.611978 0.235894
vt 0.642371 0.651975
vt 0.639652 0.659790
vt 0.637494 0.652925
vt 0.634615 0.659525
vt 0.541991 0.517927
vt 0.538547 0.517354
vt 0.540998 0.505167
vt 0.215323 0.639470
vt 0.209565 0.647502
vt 0.208541 0.641970
vt 0.501624 0.165695
vt 0.500754 0.176462
vt 0.497069 0.174621
vt 0.684441 0.262782
vt 0.498467 0.163154
vt 0.637447 0.607780
vt 0.636294 0.619875
vt 0.634221 0.610867
vt 0.710075 0.611561
vt 0.715254 0.611208
vt 0.713080 0.616932
vt 0.716963 0.125677
vt 0.715928 0.114820
vt 0.718492 0.117367
vt 0.712220 0.605760
vt 0.638473 0.641297
vt 0.692092 0.435904
vt 0.689526 0.427587
vt 0.692755 0.425481
vt 0.464037 0.778201
vt 0.464108 0.783784
vt 0.459621 0.777587
vt 0.479791 0.491209
vt 0.479050 0.479084
vt 0.482983 0.483063
vt 0.126374 0.780894
vt 0.128919 0.776341
vt 0.131028 0.781660
vt 0.128239 0.786068
vt 0.542399 0.590778
vt 0.595047 0.112144
vt 0.211435 0.559597
vt 0.247700 0.458727
vt 0.471813 0.804425
vt 0.467472 0.805008
vt 0.467026 0.799286
vt 0.553385 0.362477
vt 0.552549 0.351395
vt 0.556595 0.359553
vt 0.555690 0.349311
vt 0.560653 0.798831
vt 0.557006 0.804161
vt 0.555945 0.799886
vt 0.123484 0.736893
vt 0.120085 0.730824
vt 0.123620 0.728354
vt 0.209600 0.530827
vt 0.216170 0.528217
vt 0.212674 0.536595
vt 0.212499 0.524172
vt 0.705855 0.423327
vt 0.707152 0.434062
vt 0.704309 0.431146
vt 0.025636 0.755283
vt 0.023576 0.761151
vt 0.020599 0.756336
vt 0.023000 0.750979
vt 0.066093 0.598534
vt 0.068443 0.590579
vt 0.071408 0.592779
vt 0.403356 0.751148
vt 0.405675 0.754627
vt 0.398900 0.751427
vt 0.399449 0.758542
vt 0.381572 0.320099
vt 0.818558 0.791105
vt 0.820329 0.785634
vt 0.820954 0.792987
vt 0.192743 0.401670
vt 0.187432 0.410671
vt 0.188391 0.399309
vt 0.126978 0.645321
vt 0.756021 0.640030
vt 0.750834 0.640434
vt 0.754630 0.631876
vt 0.754701 0.511076
vt 0.753969 0.519706
vt 0.751106 0.513826
vt 0.655361 0.185958
vt 0.655570 0.198563
vt 0.652918 0.191916
vt 0.320192 0.720811
vt 0.315815 0.717588
vt 0.320690 0.714333
vt 0.314740 0.723949
vt 0.506822 0.323768
vt 0.510292 0.321858
vt 0.510773 0.333537
vt 0.507794 0.334995
vt 0.560944 0.643422
vt 0.122707 0.590234
vt 0.119596 0.583580
vt 0.124670 0.580073
vt 0.050313 0.780198
vt 0.054379 0.776341
vt 0.053543 0.782424
vt 0.051008 0.786504
vt 0.382413 0.300764
vt 0.379165 0.303098
vt 0.380371 0.287415
vt 0.823220 0.376082
vt 0.817812 0.379330
vt 0.821431 0.373452
vt 0.628130 0.798588
vt 0.631647 0.804873
vt 0.629007 0.805993
vt 0.377013 0.290140
vt 0.499896 0.666136
vt 0.498489 0.675771
vt 0.494741 0.672839
vt 0.177106 0.695963
vt 0.171646 0.692576
vt 0.176420 0.689328
vt 0.666279 0.404853
vt 0.663455 0.412102
vt 0.663491 0.399899
vt 0.344826 0.523281
vt 0.172056 0.698850
vt 0.578673 0.114084
vt 0.578942 0.125512
vt 0.574977 0.120859
vt 0.572752 0.493741
vt 0.568711 0.489588
vt 0.574116 0.484033
vt 0.732960 0.561681
vt 0.730265 0.568507
vt 0.727794 0.560833
vt 0.571249 0.481528
vt 0.717763 0.821923
vt 0.715958 0.827140
vt 0.712673 0.823655
vt 0.415442 0.374287
vt 0.389088 0.758852
vt 0.383131 0.755705
vt 0.384751 0.751387
vt 0.770613 0.257861
vt 0.770886 0.267293
vt 0.768332 0.262917
vt 0.389089 0.751467
vt 0.194603 0.658847
vt 0.510161 0.761252
vt 0.478625 0.234970
vt 0.475978 0.248279
vt 0.476203 0.232758
vt 0.774539 0.360806
vt 0.770719 0.365747
vt 0.768244 0.359297
vt 0.430364 0.684484
vt 0.817812 0.689411
vt 0.819532 0.683773
vt 0.822445 0.686204
vt 0.633116 0.591264
vt 0.633842 0.581306
vt 0.636675 0.583354
vt 0.635395 0.594258
vt 0.215579 0.724636
vt 0.209852 0.727451
vt 0.211632 0.719151
vt 0.880889 0.399313
vt 0.880889 0.403886
vt 0.878048 0.400499
vt 0.819871 0.021053
vt 0.821368 0.028020
vt 0.818185 0.027555
vt 0.045485 0.570523
vt 0.050037 0.572645
vt 0.046842 0.580343
vt 0.849183 0.716243
vt 0.852824 0.717894
vt 0.850956 0.721837
vt 0.852220 0.589125
vt 0.849197 0.591826
vt 0.850584 0.586029
vt 0.103734 0.360588
vt 0.451984 0.688794
vt 0.451295 0.695595
vt 0.446160 0.692554
vt 0.445473 0.698276
vt 0.242295 0.827086
vt 0.242634 0.821690
vt 0.246781 0.825774
vt 0.104186 0.712991
vt 0.109519 0.712158
vt 0.107469 0.718081
vt 0.106172 0.707254
vt 0.323113 0.123455
vt 0.324857 0.116385
vt 0.330082 0.116089
vt 0.774082 0.577614
vt 0.768547 0.573558
vt 0.771604 0.570251
vt 0.752522 0.457371
vt 0.751328 0.450584
vt 0.756817 0.455327
vt 0.785244 0.123983
vt 0.788821 0.117421
vt 0.791104 0.120573
vt 0.733767 0.023794
vt 0.731699 0.017791
vt 0.736763 0.018666
vt 0.734416 0.013172
vt 0.565523 0.388051
vt 0.367831 0.018244
vt 0.362926 0.028039
vt 0.363957 0.014712
vt 0.222323 0.783684
vt 0.218202 0.777806
vt 0.223821 0.776907
vt 0.413294 0.427445
vt 0.271720 0.456101
vt 0.272448 0.445634
vt 0.274748 0.458806
vt 0.341466 0.436309
vt 0.343111 0.422731
vt 0.344926 0.435001
vt 0.412909 0.843418
vt 0.411307 0.848232
vt 0.408429 0.845351
vt 0.751421 0.598290
vt 0.755032 0.594060
vt 0.755352 0.600258
vt 0.750834 0.590124
vt 0.523955 0.730934
vt 0.520902 0.727438
vt 0.527736 0.722746
vt 0.069626 0.507470
vt 0.838055 0.079531
vt 0.834475 0.082457
vt 0.834454 0.075788
vt 0.619067 0.862894
vt 0.619448 0.867760
vt 0.615610 0.867083
vt 0.008594 0.666833
vt 0.007907 0.659611
vt 0.014635 0.662933
vt 0.786969 0.485456
vt 0.791352 0.490107
vt 0.786236 0.491389
vt 0.805455 0.206216
vt 0.803392 0.212271
vt 0.801840 0.204855
vt 0.621531 0.617844
vt 0.618849 0.614365
vt 0.621347 0.605760
vt 0.415548 0.727793
vt 0.412042 0.732726
vt 0.410261 0.726475
vt 0.417340 0.734054
vt 0.708725 0.534847
vt 0.713159 0.541411
vt 0.710235 0.543126
vt 0.316528 0.577213
vt 0.313726 0.569285
vt 0.317811 0.566226
vt 0.211748 0.405210
vt 0.215941 0.398672
vt 0.215052 0.412534
vt 0.203511 0.777804
vt 0.208272 0.778543
vt 0.206138 0.785742
vt 0.437392 0.755054
vt 0.431371 0.756794
vt 0.432578 0.750979
vt 0.438366 0.758484
vt 0.515813 0.132746
vt 0.516757 0.147613
vt 0.513844 0.140614
vt 0.364080 0.559478
vt 0.360628 0.558764
vt 0.360926 0.546977
vt 0.366354 0.454549
vt 0.362749 0.461402
vt 0.362722 0.447891
vt 0.393224 0.209613
vt 0.390247 0.217288
vt 0.389232 0.202141
vt 0.030117 0.584867
vt 0.026472 0.580842
vt 0.031475 0.575015
vt 0.720390 0.798563
vt 0.529067 0.024314
vt 0.526562 0.032541
vt 0.526596 0.017024
vt 0.229188 0.675673
vt 0.227280 0.664995
vt 0.230916 0.667408
vt 0.045163 0.666213
vt 0.729303 0.056900
vt 0.679024 0.456351
vt 0.684583 0.456541
vt 0.681092 0.462304
vt 0.643787 0.299921
vt 0.642009 0.292332
vt 0.643903 0.286574
vt 0.682063 0.450626
vt 0.746576 0.752090
vt 0.747034 0.761066
vt 0.743976 0.756413
vt 0.548999 0.376752
vt 0.822370 0.550687
vt 0.818366 0.551786
vt 0.819199 0.545396
vt 0.312273 0.843390
vt 0.317014 0.843660
vt 0.313661 0.848029
vt 0.582720 0.777627
vt 0.578008 0.783411
vt 0.576281 0.777507
vt 0.160583 0.762429
vt 0.159709 0.752141
vt 0.162583 0.756344
vt 0.849283 0.085570
vt 0.852860 0.087458
vt 0.850679 0.092035
vt 0.158451 0.360675
vt 0.361555 0.072876
vt 0.751083 0.010447
vt 0.756417 0.009644
vt 0.753955 0.015035
vt 0.753825 0.004905
vt 0.432865 0.526272
vt 0.769163 0.625386
vt 0.772174 0.624219
vt 0.770664 0.632410
vt 0.773714 0.632410
vt 0.493875 0.687394
vt 0.499702 0.693937
vt 0.495848 0.695622
vt 0.221577 0.849136
vt 0.220812 0.842732
vt 0.224453 0.846583
vt 0.703265 0.798868
vt 0.707827 0.804169
vt 0.702756 0.805507
vt 0.853539 0.299739
vt 0.849057 0.298898
vt 0.853267 0.295202
vt 0.068851 0.666056
vt 0.435083 0.646891
vt 0.428572 0.646677
vt 0.431804 0.641486
vt 0.431653 0.652543
vt 0.481772 0.846778
vt 0.483863 0.842860
vt 0.485066 0.848874
vt 0.672696 0.653523
vt 0.673709 0.664936
vt 0.670543 0.661746
vt 0.435287 0.148049
vt 0.700710 0.661527
vt 0.703356 0.652518
vt 0.704491 0.660321
vt 0.445507 0.100086
vt 0.686008 0.375988
vt 0.683785 0.385587
vt 0.682339 0.377397
vt 0.087410 0.798597
vt 0.087675 0.805887
vt 0.082439 0.801287
vt 0.650440 0.136754
vt 0.653421 0.144711
vt 0.649720 0.147061
vt 0.310061 0.776540
vt 0.315403 0.780457
vt 0.312431 0.783745
vt 0.838211 0.551831
vt 0.833621 0.551967
vt 0.836487 0.547063
vt 0.818407 0.502082
vt 0.635584 0.463651
vt 0.313991 0.450388
vt 0.317366 0.443451
vt 0.316503 0.458118
vt 0.622610 0.683059
vt 0.618941 0.678761
vt 0.624848 0.677054
vt 0.620643 0.672108
vt 0.393558 0.072314
vt 0.695905 0.406517
vt 0.690662 0.406312
vt 0.694147 0.400802
vt 0.122017 0.466795
vt 0.693059 0.412530
vt 0.319652 0.616309
vt 0.316088 0.622526
vt 0.313186 0.616414
vt 0.316291 0.610507
vt 0.499188 0.625683
vt 0.495706 0.634246
vt 0.495996 0.622970
vt 0.378077 0.730266
vt 0.381661 0.725496
vt 0.383043 0.732115
vt 0.376204 0.723864
vt 0.630852 0.352531
vt 0.630131 0.363348
vt 0.627314 0.355572
vt 0.478982 0.528332
vt 0.476674 0.729813
vt 0.482188 0.730391
vt 0.478973 0.735043
vt 0.457597 0.069160
vt 0.461726 0.059471
vt 0.460975 0.071999
vt 0.479463 0.724720
vt 0.014256 0.684223
vt 0.011401 0.690106
vt 0.007915 0.684684
vt 0.010530 0.679495
vt 0.451210 0.375376
vt 0.722229 0.702171
vt 0.718100 0.707700
vt 0.716022 0.699526
vt 0.819309 0.705240
vt 0.817813 0.699568
vt 0.820421 0.700057
vt 0.479975 0.674828
vt 0.476731 0.668581
vt 0.482991 0.669377
vt 0.479458 0.663791
vt 0.276089 0.481796
vt 0.717556 0.652210
vt 0.719900 0.657822
vt 0.715432 0.659339
vt 0.718306 0.664359
vt 0.864545 0.348353
vt 0.867110 0.343995
vt 0.867685 0.348353
vt 0.764354 0.804897
vt 0.763850 0.798732
vt 0.768545 0.801429
vt 0.276412 0.543678
vt 0.494092 0.031753
vt 0.415135 0.624855
vt 0.413284 0.633756
vt 0.410926 0.623874
vt 0.173867 0.757625
vt 0.172672 0.751029
vt 0.177369 0.753427
vt 0.178647 0.759587
vt 0.463730 0.690960
vt 0.466084 0.699211
vt 0.463004 0.701306
vt 0.786304 0.040359
vt 0.789889 0.048099
vt 0.785793 0.045953
vt 0.526848 0.433928
vt 0.524527 0.441538
vt 0.523864 0.426729
vt 0.141905 0.719554
vt 0.139194 0.714757
vt 0.142470 0.709801
vt 0.176149 0.502991
vt 0.289133 0.469701
vt 0.578463 0.064525
vt 0.580778 0.058719
vt 0.579892 0.072289
vt 0.345602 0.397507
vt 0.345116 0.409787
vt 0.340889 0.408075
vt 0.587861 0.720091
vt 0.585696 0.711127
vt 0.590284 0.713285
vt 0.647194 0.481586
vt 0.646456 0.493946
vt 0.644878 0.482908
vt 0.614055 0.333483
vt 0.614411 0.320090
vt 0.616754 0.324511
vt 0.066369 0.723101
vt 0.065906 0.715978
vt 0.070687 0.718143
vt 0.071120 0.725705
vt 0.284559 0.869641
vt 0.281869 0.863030
vt 0.284559 0.862621
vt 0.665318 0.262003
vt 0.668478 0.267513
vt 0.665099 0.271652
vt 0.345441 0.599801
vt 0.339448 0.600435
vt 0.342381 0.593815
vt 0.342908 0.606577
vt 0.694015 0.039705
vt 0.694938 0.046010
vt 0.689276 0.044371
vt 0.688182 0.037822
vt 0.591259 0.262506
vt 0.588154 0.273556
vt 0.588863 0.260255
vt 0.628823 0.846301
vt 0.631199 0.842806
vt 0.632667 0.847999
vt 0.393943 0.667551
vt 0.399948 0.667736
vt 0.396432 0.673268
vt 0.397344 0.661903
vt 0.665556 0.617438
vt 0.665982 0.605760
vt 0.668445 0.614309
vt 0.191167 0.805566
vt 0.185613 0.800919
vt 0.188096 0.798698
vt 0.396265 0.628771
vt 0.319034 0.431518
vt 0.229182 0.410314
vt 0.231265 0.398836
vt 0.234656 0.400908
vt 0.176393 0.580522
vt 0.176045 0.590062
vt 0.171655 0.587207
vt 0.173070 0.578963
vt 0.188424 0.460991
vt 0.189817 0.451415
vt 0.194435 0.453226
vt 0.192783 0.463265
vt 0.672580 0.722956
vt 0.671474 0.733818
vt 0.670162 0.724772
vt 0.835777 0.651323
vt 0.833976 0.645207
vt 0.838096 0.647123
vt 0.116021 0.759158
vt 0.113539 0.750979
vt 0.119121 0.752162
vt 0.104250 0.827201
vt 0.099688 0.823699
vt 0.104084 0.821291
vt 0.085336 0.483572
vt 0.087065 0.471195
vt 0.088300 0.485699
vt 0.363714 0.262956
vt 0.480646 0.438993
vt 0.476618 0.437894
vt 0.477233 0.426739
vt 0.719208 0.754567
vt 0.716412 0.760968
vt 0.714447 0.752981
vt 0.340629 0.664557
vt 0.346765 0.665376
vt 0.342939 0.670183
vt 0.344402 0.659083
vt 0.498246 0.842666
vt 0.498655 0.848588
vt 0.494877 0.845483
vt 0.019803 0.826388
vt 0.022990 0.821201
vt 0.024821 0.826680
vt 0.823430 0.217816
vt 0.819303 0.221775
vt 0.818442 0.218225
vt 0.049267 0.701492
vt 0.043817 0.704727
vt 0.044283 0.698369
vt 0.048924 0.707718
vt 0.159555 0.464090
vt 0.492251 0.100786
vt 0.488439 0.099331
vt 0.492794 0.087926
vt 0.270814 0.618163
vt 0.276654 0.622383
vt 0.272771 0.624342
vt 0.690885 0.697579
vt 0.558838 0.019840
vt 0.557472 0.029623
vt 0.553798 0.026229
vt 0.482063 0.020110
vt 0.479056 0.032257
vt 0.479105 0.018294
vt 0.480024 0.399459
vt 0.450165 0.712723
vt 0.444842 0.714179
vt 0.446548 0.708087
vt 0.189761 0.540193
vt 0.190437 0.526725
vt 0.193042 0.531230
vt 0.448223 0.718875
vt 0.621511 0.639330
vt 0.700360 0.514113
vt 0.702395 0.507655
vt 0.705885 0.512577
vt 0.703931 0.518499
vt 0.732359 0.652479
vt 0.734371 0.658147
vt 0.730037 0.658124
vt 0.732418 0.664359
vt 0.510682 0.018367
vt 0.513905 0.020253
vt 0.510277 0.032204
vt 0.522676 0.120735
vt 0.251074 0.680352
vt 0.248835 0.686725
vt 0.245361 0.680624
vt 0.247781 0.675307
vt 0.835226 0.602740
vt 0.834193 0.597537
vt 0.838076 0.598248
vt 0.526064 0.519617
vt 0.523096 0.517521
vt 0.525563 0.505530
vt 0.837502 0.381546
vt 0.833743 0.380499
vt 0.837103 0.375537
vt 0.014258 0.621329
vt 0.008982 0.626174
vt 0.010423 0.617944
vt 0.739611 0.213176
vt 0.737507 0.219670
vt 0.734817 0.215011
vt 0.736606 0.208603
vt 0.013368 0.628544
vt 0.611820 0.057131
vt 0.612845 0.358501
vt 0.614524 0.348752
vt 0.615875 0.361146
vt 0.074340 0.475123
vt 0.070257 0.483330
vt 0.067232 0.477527
vt 0.070673 0.470304
vt 0.806448 0.229438
vt 0.801840 0.227327
vt 0.806314 0.223313
vt 0.074430 0.842822
vt 0.077669 0.847352
vt 0.074285 0.849912
vt 0.071474 0.420829
vt 0.431994 0.586311
vt 0.412452 0.088547
vt 0.461965 0.414832
vt 0.633673 0.209721
vt 0.636055 0.218697
vt 0.633322 0.221701
vt 0.701124 0.126154
vt 0.698529 0.120866
vt 0.704403 0.120039
vt 0.701824 0.115205
vt 0.821558 0.562894
vt 0.821902 0.568445
vt 0.817824 0.568087
vt 0.686286 0.821348
vt 0.690962 0.824287
vt 0.686775 0.827257
vt 0.448103 0.668004
vt 0.451840 0.673413
vt 0.445683 0.673994
vt 0.449402 0.678984
vt 0.481048 0.632412
vt 0.476962 0.626532
vt 0.480558 0.622249
vt 0.191400 0.699862
vt 0.194465 0.704215
vt 0.189155 0.706038
vt 0.192632 0.710835
vt 0.249776 0.421676
vt 0.249697 0.434736
vt 0.246046 0.423500
vt 0.504969 0.057198
vt 0.102213 0.469530
vt 0.275290 0.520193
vt 0.312265 0.751633
vt 0.686004 0.114459
vt 0.688573 0.120455
vt 0.683132 0.120341
vt 0.685826 0.126154
vt 0.717140 0.379335
vt 0.714130 0.384719
vt 0.711869 0.378401
vt 0.714404 0.373645
vt 0.379673 0.604971
vt 0.380276 0.594398
vt 0.383543 0.602219
vt 0.396007 0.595089
vt 0.399899 0.597871
vt 0.395781 0.605676
vt 0.667200 0.097414
vt 0.667278 0.085817
vt 0.669744 0.094265
vt 0.145913 0.358708
vt 0.142860 0.366813
vt 0.141725 0.351554
vt 0.343863 0.449282
vt 0.385849 0.781999
vt 0.390372 0.780652
vt 0.388021 0.785980
vt 0.387645 0.776341
vt 0.834740 0.163088
vt 0.834816 0.157452
vt 0.838923 0.160850
vt 0.066848 0.676487
vt 0.072437 0.679881
vt 0.066059 0.682924
vt 0.071277 0.685560
vt 0.807116 0.738678
vt 0.801840 0.734453
vt 0.806562 0.732980
vt 0.450833 0.145588
vt 0.455559 0.135920
vt 0.455087 0.147500
vt 0.314133 0.678317
vt 0.318149 0.673866
vt 0.320152 0.680292
vt 0.316449 0.684656
vt 0.735122 0.730907
vt 0.734038 0.720149
vt 0.737394 0.725394
vt 0.364680 0.602323
vt 0.360080 0.604178
vt 0.362425 0.594535
vt 0.581805 0.386768
vt 0.579216 0.376535
vt 0.582079 0.374861
vt 0.295430 0.722123
vt 0.291051 0.717405
vt 0.296374 0.715999
vt 0.850139 0.801427
vt 0.849065 0.796375
vt 0.852453 0.796152
vt 0.289693 0.723847
vt 0.772189 0.612603
vt 0.768260 0.606185
vt 0.774218 0.606954
vt 0.750964 0.678248
vt 0.753149 0.672247
vt 0.756068 0.676606
vt 0.754340 0.682344
vt 0.589270 0.163718
vt 0.590520 0.175655
vt 0.587004 0.172062
vt 0.734192 0.406244
vt 0.738202 0.407272
vt 0.735634 0.412774
vt 0.736368 0.400876
vt 0.397148 0.287604
vt 0.395787 0.301088
vt 0.393355 0.290451
vt 0.172596 0.677556
vt 0.173647 0.668570
vt 0.176810 0.675342
vt 0.754729 0.204607
vt 0.753943 0.215532
vt 0.751020 0.208183
vt 0.608284 0.700065
vt 0.606265 0.705600
vt 0.602649 0.700645
vt 0.604796 0.694771
vt 0.678324 0.412530
vt 0.676302 0.403380
vt 0.678786 0.400950
vt 0.015158 0.645479
vt 0.009168 0.641994
vt 0.014616 0.639404
vt 0.006664 0.805720
vt 0.009101 0.649018
vt 0.418765 0.751543
vt 0.418760 0.761055
vt 0.416477 0.758097
vt 0.574352 0.580527
vt 0.414808 0.479534
vt 0.620089 0.138732
vt 0.622971 0.141479
vt 0.620990 0.151052
vt 0.619770 0.565822
vt 0.622716 0.556584
vt 0.623240 0.567604
vt 0.462729 0.517787
vt 0.660219 0.321137
vt 0.660158 0.332206
vt 0.657262 0.327487
vt 0.835857 0.098488
vt 0.834106 0.092515
vt 0.838504 0.094215
vt 0.806855 0.666502
vt 0.801840 0.663908
vt 0.806860 0.660384
vt 0.476691 0.268783
vt 0.479067 0.260814
vt 0.482669 0.263882
vt 0.442800 0.486450
vt 0.449451 0.483048
vt 0.446728 0.491423
vt 0.444610 0.479223
vt 0.522425 0.671256
vt 0.524698 0.662921
vt 0.527278 0.670075
vt 0.317303 0.588836
vt 0.316640 0.600074
vt 0.313476 0.596123
vt 0.752887 0.193439
vt 0.753079 0.184046
vt 0.755773 0.189345
vt 0.377463 0.057679
vt 0.641707 0.699223
vt 0.636280 0.695932
vt 0.640512 0.692376
vt 0.637337 0.702477
vt 0.755204 0.712331
vt 0.756344 0.719095
vt 0.751272 0.716479
vt 0.750834 0.710196
vt 0.442895 0.798563
vt 0.441234 0.805836
vt 0.437843 0.802921
vt 0.529475 0.626560
vt 0.525662 0.629663
vt 0.521960 0.620201
vt 0.102716 0.672877
vt 0.103554 0.666543
vt 0.108832 0.669803
vt 0.108088 0.676025
vt 0.445420 0.780339
vt 0.448553 0.783758
vt 0.444956 0.786169
vt 0.575122 0.615842
vt 0.573541 0.605454
vt 0.577382 0.607382
vt 0.863903 0.227393
vt 0.865133 0.222412
vt 0.866066 0.228075
vt 0.086223 0.377126
vt 0.648686 0.591377
vt 0.650589 0.580527
vt 0.652296 0.589489
vt 0.740089 0.539062
vt 0.737363 0.537614
vt 0.738889 0.529094
vt 0.786126 0.087817
vt 0.785933 0.079791
vt 0.790720 0.082270
vt 0.123274 0.868052
vt 0.120474 0.864489
vt 0.123830 0.862665
vt 0.194193 0.641915
vt 0.194127 0.648875
vt 0.188602 0.646708
vt 0.188500 0.638963
vt 0.438542 0.201290
vt 0.316950 0.542374
vt 0.104955 0.634741
vt 0.102107 0.625569
vt 0.104476 0.621988
vt 0.543223 0.142842
vt 0.546376 0.136271
vt 0.550504 0.141916
vt 0.546965 0.148567
vt 0.292009 0.664532
vt 0.288668 0.663146
vt 0.289421 0.653743
vt 0.211875 0.501039
vt 0.138642 0.694192
vt 0.144287 0.694168
vt 0.141550 0.699991
vt 0.502593 0.116978
vt 0.501760 0.123435
vt 0.496025 0.120157
vt 0.497148 0.114075
vt 0.140922 0.688833
vt 0.044346 0.460735
vt 0.785244 0.246161
vt 0.789852 0.241695
vt 0.789253 0.249245
vt 0.775165 0.553362
vt 0.772704 0.559962
vt 0.768481 0.555560
vt 0.787346 0.643133
vt 0.785290 0.636560
vt 0.789472 0.638645
vt 0.863903 0.119786
vt 0.863903 0.115192
vt 0.867313 0.116105
vt 0.523728 0.335133
vt 0.566594 0.295475
vt 0.571361 0.287855
vt 0.569486 0.298478
vt 0.395455 0.333937
vt 0.396413 0.320712
vt 0.399423 0.332472
vt 0.012655 0.597440
vt 0.011997 0.608133
vt 0.008758 0.599658
vt 0.446419 0.028736
vt 0.700734 0.703129
vt 0.705952 0.701823
vt 0.703481 0.708589
vt 0.702803 0.697129
vt 0.620520 0.692869
vt 0.625053 0.696484
vt 0.619155 0.699082
vt 0.623876 0.702606
vt 0.278895 0.759264
vt 0.281989 0.755014
vt 0.282477 0.761829
vt 0.278507 0.750979
vt 0.191705 0.750979
vt 0.193794 0.755764
vt 0.189391 0.757125
vt 0.191909 0.762014
vt 0.430438 0.385211
vt 0.431855 0.374234
vt 0.435727 0.376848
vt 0.384584 0.141769
vt 0.388922 0.134978
vt 0.388458 0.148606
vt 0.226629 0.625066
vt 0.232564 0.628791
vt 0.226613 0.631896
vt 0.232409 0.622183
vt 0.699115 0.291590
vt 0.704540 0.290514
vt 0.702302 0.296133
vt 0.701198 0.285003
vt 0.771237 0.278987
vt 0.771158 0.288264
vt 0.768526 0.282807
vt 0.652798 0.755953
vt 0.658299 0.751123
vt 0.655764 0.758715
vt 0.803358 0.265593
vt 0.801840 0.258819
vt 0.805286 0.257427
vt 0.080264 0.784718
vt 0.082697 0.776341
vt 0.084955 0.784660
vt 0.236894 0.898956
vt 0.239394 0.900033
vt 0.236894 0.901777
vt 0.101696 0.513155
vt 0.104807 0.506452
vt 0.105114 0.519581
vt 0.289556 0.455003
vt 0.290959 0.442520
vt 0.294005 0.445325
vt 0.462298 0.287267
vt 0.771571 0.239612
vt 0.768244 0.248051
vt 0.768520 0.239969
vt 0.327987 0.755479
vt 0.324162 0.760673
vt 0.324925 0.752106
vt 0.019441 0.781410
vt 0.021643 0.776341
vt 0.022961 0.784263
vt 0.383010 0.475936
vt 0.716952 0.248400
vt 0.713797 0.242821
vt 0.716392 0.238018
vt 0.539718 0.402021
vt 0.542223 0.399390
vt 0.540824 0.414107
vt 0.025813 0.669379
vt 0.661667 0.493557
vt 0.659259 0.483237
vt 0.661995 0.481752
vt 0.680760 0.211005
vt 0.680679 0.220914
vt 0.676810 0.215607
vt 0.539115 0.669875
vt 0.545986 0.666463
vt 0.546395 0.673100
vt 0.448336 0.729454
vt 0.450384 0.736295
vt 0.444607 0.738746
vt 0.513574 0.468162
vt 0.511601 0.427639
vt 0.509990 0.441165
vt 0.508533 0.429004
vt 0.160373 0.412939
vt 0.788083 0.557106
vt 0.821956 0.396383
vt 0.817826 0.392972
vt 0.821570 0.389282
vt 0.849057 0.460307
vt 0.853827 0.461443
vt 0.849599 0.465148
vt 0.382823 0.412179
vt 0.670948 0.114902
vt 0.670528 0.125857
vt 0.667774 0.121726
vt 0.628620 0.756712
vt 0.626916 0.762005
vt 0.624387 0.756265
vt 0.626729 0.750979
vt 0.466795 0.842788
vt 0.471027 0.845955
vt 0.466958 0.847679
vt 0.085650 0.730967
vt 0.086657 0.720707
vt 0.088730 0.726852
vt 0.555535 0.757899
vt 0.557708 0.750979
vt 0.558661 0.759761
vt 0.785878 0.504270
vt 0.789069 0.507043
vt 0.787506 0.511869
vt 0.789947 0.172056
vt 0.788370 0.179293
vt 0.785394 0.173209
vt 0.639025 0.381944
vt 0.643909 0.378519
vt 0.641636 0.387408
vt 0.252189 0.616490
vt 0.248721 0.622812
vt 0.245633 0.616839
vt 0.249273 0.610919
vt 0.641105 0.375260
vt 0.662704 0.804824
vt 0.657698 0.805190
vt 0.661160 0.799223
vt 0.272133 0.700244
vt 0.275229 0.708348
vt 0.271995 0.708889
vt 0.559736 0.171647
vt 0.557948 0.179346
vt 0.557968 0.163569
vt 0.588756 0.413409
vt 0.588875 0.400880
vt 0.591517 0.404720
vt 0.756275 0.733412
vt 0.751086 0.734882
vt 0.752835 0.729182
vt 0.754194 0.739023
vt 0.361902 0.484947
vt 0.360874 0.475458
vt 0.366296 0.483419
vt 0.365264 0.473592
vt 0.689010 0.755351
vt 0.687699 0.761019
vt 0.684131 0.756756
vt 0.686163 0.750979
vt 0.562650 0.703518
vt 0.559356 0.698153
vt 0.564854 0.697401
vt 0.561713 0.692455
vt 0.736114 0.435755
vt 0.734592 0.428296
vt 0.738245 0.427366
vt 0.154955 0.709515
vt 0.156877 0.703187
vt 0.160161 0.708245
vt 0.157882 0.714501
vt 0.674751 0.494059
vt 0.673006 0.485685
vt 0.675680 0.481406
vt 0.159460 0.848915
vt 0.155448 0.846867
vt 0.157910 0.843028
vt 0.429899 0.824578
vt 0.432630 0.821238
vt 0.434036 0.827331
vt 0.751305 0.315280
vt 0.755676 0.310162
vt 0.757644 0.316694
vt 0.194719 0.721527
vt 0.194592 0.729268
vt 0.189700 0.726442
vt 0.189626 0.720646
vt 0.591704 0.558299
vt 0.359260 0.579766
vt 0.362358 0.571131
vt 0.364980 0.576938
vt 0.361674 0.584314
vt 0.523808 0.804414
vt 0.526015 0.798563
vt 0.528832 0.803428
vt 0.707540 0.219087
vt 0.708237 0.207577
vt 0.710552 0.215395
vt 0.730453 0.613806
vt 0.726884 0.614657
vt 0.728491 0.606411
vt 0.211101 0.603707
vt 0.211854 0.592251
vt 0.215099 0.599123
vt 0.786747 0.745063
vt 0.790311 0.752951
vt 0.786711 0.751993
vt 0.682572 0.635688
vt 0.688034 0.635610
vt 0.685140 0.641163
vt 0.686085 0.629523
vt 0.088242 0.523017
vt 0.086746 0.751543
vt 0.344609 0.486970
vt 0.416002 0.689504
vt 0.412662 0.696401
vt 0.412057 0.688106
vt 0.154838 0.687599
vt 0.157710 0.682063
vt 0.160420 0.687681
vt 0.157182 0.693376
vt 0.672893 0.357816
vt 0.674956 0.349347
vt 0.676184 0.359124
vt 0.232667 0.501682
vt 0.231626 0.513189
vt 0.229027 0.503710
vt 0.249110 0.484352
vt 0.785671 0.522776
vt 0.790034 0.522296
vt 0.787998 0.528280
vt 0.407214 0.141324
vt 0.403384 0.148505
vt 0.404560 0.133581
vt 0.732639 0.706245
vt 0.735054 0.699303
vt 0.738028 0.708589
vt 0.686818 0.321779
vt 0.689527 0.322755
vt 0.687312 0.333599
vt 0.017088 0.436120
vt 0.013706 0.442884
vt 0.013167 0.429686
vt 0.159586 0.424336
vt 0.751023 0.238019
vt 0.753152 0.227221
vt 0.754528 0.230461
vt 0.455170 0.842554
vt 0.454545 0.848031
vt 0.451163 0.844947
vt 0.601377 0.865652
vt 0.603706 0.862700
vt 0.605631 0.866973
vt 0.160832 0.733221
vt 0.154793 0.732778
vt 0.158905 0.725320
vt 0.526155 0.566938
vt 0.712185 0.064247
vt 0.713488 0.056187
vt 0.715430 0.064878
vt 0.725906 0.035314
vt 0.726348 0.045814
vt 0.723640 0.042198
vt 0.751092 0.332135
vt 0.755447 0.333735
vt 0.753530 0.339244
vt 0.753613 0.327822
vt 0.015320 0.505541
vt 0.011469 0.511958
vt 0.010592 0.501467
vt 0.544442 0.705278
vt 0.544996 0.715006
vt 0.540583 0.709976
vt 0.520901 0.686529
vt 0.526234 0.683403
vt 0.527084 0.689512
vt 0.521767 0.692677
vt 0.636545 0.151052
vt 0.664256 0.209377
vt 0.730449 0.238244
vt 0.732940 0.242120
vt 0.731216 0.249386
vt 0.637716 0.739651
vt 0.639995 0.731348
vt 0.643233 0.739053
vt 0.124039 0.623672
vt 0.122727 0.635161
vt 0.120277 0.630290
vt 0.069043 0.625785
vt 0.558179 0.570814
vt 0.559035 0.557619
vt 0.561293 0.562543
vt 0.251893 0.596944
vt 0.247861 0.600743
vt 0.249198 0.589903
vt 0.702941 0.190398
vt 0.700492 0.196567
vt 0.697883 0.190152
vt 0.700628 0.184701
vt 0.434277 0.781065
vt 0.428793 0.783397
vt 0.430741 0.776341
vt 0.359043 0.662134
vt 0.753026 0.569729
vt 0.754974 0.574851
vt 0.752926 0.580314
vt 0.462659 0.529541
vt 0.250816 0.703985
vt 0.246762 0.704774
vt 0.248805 0.696536
vt 0.525835 0.760499
vt 0.525578 0.750979
vt 0.528400 0.755261
vt 0.367433 0.399049
vt 0.363577 0.410780
vt 0.364421 0.395892
vt 0.030023 0.652737
vt 0.027200 0.645114
vt 0.031298 0.642837
vt 0.171822 0.538966
vt 0.176853 0.530316
vt 0.175204 0.540855
vt 0.459822 0.248020
vt 0.560947 0.620241
vt 0.557891 0.618921
vt 0.561276 0.609835
vt 0.704589 0.751914
vt 0.701113 0.759508
vt 0.701553 0.751377
vt 0.801940 0.099228
vt 0.804939 0.105468
vt 0.802730 0.107743
vt 0.703208 0.687318
vt 0.558775 0.607934
vt 0.294079 0.611780
vt 0.528625 0.466914
vt 0.591267 0.698313
vt 0.586367 0.694188
vt 0.591604 0.690458
vt 0.630819 0.491442
vt 0.631691 0.479480
vt 0.632491 0.493833
vt 0.698637 0.783003
vt 0.700156 0.777349
vt 0.704346 0.783231
vt 0.470356 0.201259
vt 0.428573 0.667739
vt 0.434862 0.667766
vt 0.431624 0.673581
vt 0.432312 0.662354
vt 0.465528 0.481150
vt 0.463795 0.492600
vt 0.461843 0.480963
vt 0.531854 0.133573
vt 0.531315 0.147713
vt 0.528784 0.140633
vt 0.668834 0.069987
vt 0.642314 0.799889
vt 0.647083 0.802031
vt 0.645851 0.806271
vt 0.500311 0.558679
vt 0.496830 0.566830
vt 0.496676 0.556148
vt 0.536077 0.097551
vt 0.538066 0.086211
vt 0.540417 0.089033
vt 0.397583 0.414239
vt 0.681891 0.098113
vt 0.682339 0.087783
vt 0.684935 0.091045
vt 0.589727 0.671901
vt 0.589021 0.680421
vt 0.585519 0.674671
vt 0.645139 0.362208
vt 0.645327 0.351196
vt 0.648166 0.354856
vt 0.583636 0.433295
vt 0.586321 0.426140
vt 0.586349 0.438854
vt 0.697921 0.639675
vt 0.769077 0.323936
vt 0.772126 0.322855
vt 0.768532 0.329884
vt 0.380830 0.498734
vt 0.688129 0.286934
vt 0.686997 0.298540
vt 0.685199 0.289862
vt 0.156078 0.671529
vt 0.606525 0.652901
vt 0.805664 0.118910
vt 0.806431 0.125747
vt 0.801840 0.122877
vt 0.060713 0.842623
vt 0.064198 0.845762
vt 0.060839 0.849438
vt 0.343353 0.384735
vt 0.342441 0.370086
vt 0.345976 0.372402
vt 0.048627 0.722632
vt 0.045845 0.728094
vt 0.043141 0.722573
vt 0.046438 0.717528
vt 0.581171 0.085890
vt 0.580757 0.101287
vt 0.579408 0.094532
vt 0.086983 0.459387
vt 0.575687 0.453945
vt 0.802104 0.176967
vt 0.803900 0.170701
vt 0.807476 0.176705
vt 0.651198 0.403249
vt 0.648569 0.412591
vt 0.648677 0.400668
vt 0.672576 0.188269
vt 0.670176 0.196833
vt 0.667582 0.194426
vt 0.669869 0.185496
vt 0.790797 0.267277
vt 0.786129 0.261214
vt 0.789258 0.260381
vt 0.363257 0.618436
vt 0.852361 0.075604
vt 0.849057 0.072132
vt 0.853080 0.070705
vt 0.772950 0.823312
vt 0.770831 0.828869
vt 0.770093 0.821201
vt 0.789957 0.022215
vt 0.790295 0.029669
vt 0.785244 0.026637
vt 0.574584 0.570717
vt 0.341562 0.731746
vt 0.496044 0.655219
vt 0.496721 0.644534
vt 0.499416 0.649340
vt 0.817933 0.308685
vt 0.820798 0.302984
vt 0.823411 0.307878
vt 0.120162 0.711795
vt 0.126095 0.713362
vt 0.122574 0.718085
vt 0.123415 0.707961
vt 0.750870 0.110091
vt 0.754236 0.102884
vt 0.756423 0.106329
vt 0.192996 0.482185
vt 0.189528 0.488446
vt 0.190528 0.475151
vt 0.849766 0.640221
vt 0.852646 0.637677
vt 0.853523 0.642242
vt 0.320093 0.827042
vt 0.315330 0.824930
vt 0.319221 0.821615
vt 0.849631 0.811490
vt 0.852894 0.814976
vt 0.849202 0.817158
vt 0.423356 0.136159
vt 0.594339 0.143790
vt 0.591467 0.150432
vt 0.592435 0.136942
vt 0.564521 0.139239
vt 0.562752 0.151317
vt 0.560687 0.149571
vt 0.211823 0.669338
vt 0.431380 0.028513
vt 0.430828 0.013229
vt 0.433919 0.020479
vt 0.630666 0.287649
vt 0.722497 0.846405
vt 0.726217 0.842780
vt 0.726077 0.848288
vt 0.365402 0.504396
vt 0.361716 0.509823
vt 0.362910 0.496682
vt 0.104474 0.564924
vt 0.101310 0.559578
vt 0.108225 0.557442
vt 0.104071 0.553539
vt 0.772524 0.161353
vt 0.769783 0.166204
vt 0.768244 0.158668
vt 0.308283 0.867386
vt 0.308026 0.862928
vt 0.311818 0.866221
vt 0.726711 0.263045
vt 0.729442 0.267565
vt 0.726600 0.272872
vt 0.838241 0.635087
vt 0.833734 0.633812
vt 0.838228 0.630008
vt 0.648413 0.426495
vt 0.230839 0.586881
vt 0.231260 0.575445
vt 0.234470 0.579783
vt 0.160756 0.525970
vt 0.155083 0.531637
vt 0.157851 0.521751
vt 0.157867 0.649556
vt 0.154911 0.643283
vt 0.160982 0.643440
vt 0.158144 0.637688
vt 0.125691 0.560938
vt 0.122175 0.569074
vt 0.119299 0.563358
vt 0.122307 0.556733
vt 0.801847 0.325349
vt 0.803383 0.318057
vt 0.806173 0.323356
vt 0.494068 0.582036
vt 0.499041 0.580157
vt 0.497936 0.589548
vt 0.805203 0.803726
vt 0.806223 0.810318
vt 0.801840 0.808171
vt 0.817812 0.631891
vt 0.821883 0.634241
vt 0.820615 0.638160
vt 0.528637 0.483529
vt 0.527569 0.493538
vt 0.523529 0.491480
vt 0.525247 0.481148
vt 0.143763 0.567921
vt 0.139551 0.567987
vt 0.142271 0.558433
vt 0.138248 0.559862
vt 0.219429 0.798717
vt 0.222017 0.800714
vt 0.216751 0.806285
vt 0.541526 0.566861
vt 0.187704 0.433550
vt 0.190891 0.424285
vt 0.193417 0.428200
vt 0.678740 0.427752
vt 0.675924 0.435240
vt 0.675943 0.423760
vt 0.381131 0.561100
vt 0.378029 0.554442
vt 0.381580 0.548726
vt 0.430858 0.735763
vt 0.428583 0.730654
vt 0.434017 0.730555
vt 0.431850 0.725426
vt 0.072573 0.753102
vt 0.071761 0.762509
vt 0.069604 0.760991
vt 0.707713 0.594769
vt 0.708705 0.581836
vt 0.709653 0.587811
vt 0.849116 0.404232
vt 0.852448 0.404770
vt 0.849953 0.409882
vt 0.377589 0.686581
vt 0.382583 0.687365
vt 0.379745 0.692819
vt 0.380558 0.680737
vt 0.536125 0.776341
vt 0.538550 0.786834
vt 0.536665 0.785470
vt 0.250466 0.752635
vt 0.255755 0.757730
vt 0.250859 0.758831
vt 0.255431 0.751340
vt 0.556373 0.505491
vt 0.820261 0.601636
vt 0.818227 0.606273
vt 0.817812 0.600827
vt 0.818964 0.595877
vt 0.719285 0.360411
vt 0.718661 0.350414
vt 0.721651 0.353061
vt 0.234415 0.478789
vt 0.233512 0.488589
vt 0.229164 0.486780
vt 0.537396 0.824875
vt 0.534678 0.828920
vt 0.534482 0.823814
vt 0.230480 0.476632
vt 0.464414 0.324493
vt 0.459546 0.333221
vt 0.461740 0.320924
vt 0.239605 0.750979
vt 0.239057 0.759871
vt 0.235915 0.759379
vt 0.682276 0.173204
vt 0.679601 0.166272
vt 0.685118 0.167099
vt 0.682183 0.161599
vt 0.394178 0.847126
vt 0.396009 0.843467
vt 0.398079 0.849110
vt 0.462360 0.613917
vt 0.463671 0.601793
vt 0.465907 0.606715
vt 0.863903 0.377880
vt 0.864017 0.373463
vt 0.866872 0.377841
vt 0.527654 0.410760
vt 0.768596 0.680776
vt 0.772779 0.681858
vt 0.769647 0.686658
vt 0.774367 0.688062
vt 0.772374 0.421023
vt 0.768444 0.423640
vt 0.770554 0.416869
vt 0.771131 0.427944
vt 0.649937 0.462407
vt 0.650364 0.451636
vt 0.653479 0.456081
vt 0.446165 0.113814
vt 0.441310 0.122090
vt 0.440897 0.113910
vt 0.371543 0.757561
vt 0.367809 0.752824
vt 0.372141 0.751107
vt 0.365917 0.759699
vt 0.701182 0.723506
vt 0.707062 0.719628
vt 0.705364 0.726649
vt 0.584804 0.753382
vt 0.585500 0.760546
vt 0.581822 0.759907
vt 0.509469 0.236789
vt 0.508129 0.247429
vt 0.506218 0.233680
vt 0.297826 0.758613
vt 0.294512 0.754567
vt 0.297826 0.750979
vt 0.358172 0.115956
vt 0.364762 0.118352
vt 0.358904 0.121414
vt 0.364811 0.123539
vt 0.293606 0.761831
vt 0.480527 0.693702
vt 0.251217 0.659477
vt 0.247780 0.665496
vt 0.245427 0.658860
vt 0.248499 0.653622
vt 0.391819 0.244574
vt 0.393544 0.234274
vt 0.397716 0.236756
vt 0.480925 0.503353
vt 0.480745 0.516717
vt 0.478187 0.505035
vt 0.685660 0.685380
vt 0.030100 0.727195
vt 0.027130 0.732570
vt 0.026739 0.723482
vt 0.669594 0.142647
vt 0.667084 0.148793
vt 0.663836 0.140827
vt 0.629291 0.031604
vt 0.630878 0.018848
vt 0.633146 0.021495
vt 0.430594 0.241619
vt 0.427731 0.249816
vt 0.427997 0.233494
vt 0.686207 0.062023
vt 0.683388 0.068158
vt 0.680982 0.062179
vt 0.683547 0.056187
vt 0.504440 0.101165
vt 0.505088 0.088310
vt 0.508627 0.091627
vt 0.215805 0.683863
vt 0.213091 0.689575
vt 0.209404 0.684585
vt 0.211901 0.679149
vt 0.496964 0.405707
vt 0.493995 0.413303
vt 0.492982 0.400367
vt 0.590854 0.619058
vt 0.660968 0.510963
vt 0.658698 0.518139
vt 0.657965 0.506103
vt 0.383697 0.431997
vt 0.381215 0.439836
vt 0.380441 0.424525
vt 0.103138 0.610684
vt 0.103796 0.599042
vt 0.106663 0.603375
vt 0.488114 0.215316
vt 0.484682 0.217036
vt 0.486588 0.204056
vt 0.483339 0.206248
vt 0.492854 0.363282
vt 0.490349 0.350525
vt 0.493118 0.348414
vt 0.318604 0.406355
vt 0.657667 0.237061
vt 0.657558 0.248512
vt 0.655018 0.240507
vt 0.122811 0.546212
vt 0.653407 0.675454
vt 0.659363 0.678825
vt 0.654220 0.681763
vt 0.658421 0.672206
vt 0.719194 0.491449
vt 0.717179 0.483584
vt 0.719228 0.479816
vt 0.589825 0.220581
vt 0.104402 0.530568
vt 0.481444 0.580711
vt 0.478447 0.586855
vt 0.477662 0.574996
vt 0.515505 0.388008
vt 0.481726 0.456400
vt 0.477307 0.465111
vt 0.478239 0.453488
vt 0.694406 0.610980
vt 0.699865 0.611350
vt 0.697049 0.617100
vt 0.697162 0.605760
vt 0.503513 0.216806
vt 0.339720 0.623054
vt 0.341322 0.616388
vt 0.346342 0.620523
vt 0.344900 0.627005
vt 0.602154 0.326749
vt 0.599755 0.333445
vt 0.598549 0.320625
vt 0.756484 0.352144
vt 0.751582 0.355161
vt 0.752191 0.349054
vt 0.756228 0.358018
vt 0.687977 0.562890
vt 0.685652 0.569244
vt 0.682742 0.563516
vt 0.684698 0.557209
vt 0.357840 0.360761
vt 0.454143 0.170772
vt 0.450613 0.177892
vt 0.450147 0.164636
vt 0.189571 0.587090
vt 0.190812 0.574019
vt 0.193032 0.578564
vt 0.343301 0.571624
vt 0.690963 0.027810
vt 0.689676 0.016274
vt 0.692888 0.020317
vt 0.289341 0.517128
vt 0.681044 0.616754
vt 0.679891 0.606836
vt 0.683610 0.609910
vt 0.398491 0.513253
vt 0.166096 0.112161
vt 0.145129 0.117439
vt 0.168333 0.095962
vt 0.199614 0.272491
vt 0.142703 0.144353
vt 0.244896 0.028685
vt 0.047992 0.009204
vt 0.057839 0.026062
vt 0.118578 0.041587
vt 0.152040 0.019449
vt 0.160593 0.044124
vt 0.246091 0.082101
vt 0.024821 0.138671
vt 0.267672 0.314481
vt 0.285368 0.289791
vt 0.289680 0.322817
vt 0.283820 0.154736
vt 0.098375 0.269199
vt 0.294493 0.190729
vt 0.276010 0.570997
vt 0.274457 0.577612
vt 0.271857 0.568207
vt 0.359577 0.384357
vt 0.326150 0.275874
vt 0.316201 0.233506
vt 0.329997 0.232330
vt 0.021523 0.338311
vt 0.013122 0.299950
vt 0.021524 0.300543
vt 0.312527 0.327612
vt 0.325317 0.286724
vt 0.315736 0.328435
vt 0.561338 0.832002
vt 0.560768 0.822709
vt 0.561806 0.825711
vt 0.771298 0.740312
vt 0.769983 0.746991
vt 0.769445 0.736619
vt 0.108632 0.311000
vt 0.099250 0.313465
vt 0.099239 0.304537
vt 0.195297 0.318815
vt 0.196091 0.330715
vt 0.186228 0.321850
vt 0.197860 0.108535
vt 0.786659 0.136848
vt 0.790576 0.134896
vt 0.788844 0.140580
vt 0.833951 0.210197
vt 0.836244 0.208655
vt 0.837241 0.213036
vt 0.804094 0.596464
vt 0.803417 0.590885
vt 0.806473 0.592214
vt 0.511731 0.550338
vt 0.164784 0.300349
vt 0.166006 0.300979
vt 0.156982 0.316699
vt 0.428823 0.497035
vt 0.315613 0.185448
vt 0.316752 0.186197
vt 0.313042 0.218671
vt 0.286345 0.269192
vt 0.299785 0.247080
vt 0.155273 0.288552
vt 0.171598 0.242816
vt 0.346487 0.104713
vt 0.342861 0.134015
vt 0.160386 0.387098
vt 0.727878 0.637352
vt 0.729613 0.629811
vt 0.729879 0.639989
vt 0.014893 0.391839
vt 0.211781 0.486174
vt 0.214335 0.475544
vt 0.215359 0.488905
vt 0.415875 0.415509
vt 0.294017 0.390947
vt 0.360865 0.249282
vt 0.046760 0.434840
vt 0.321075 0.800265
vt 0.325798 0.798563
vt 0.323454 0.806390
vt 0.317509 0.507709
vt 0.395914 0.121585
vt 0.083306 0.624246
vt 0.084982 0.614347
vt 0.086228 0.626184
vt 0.070084 0.602426
vt 0.191652 0.412406
vt 0.493798 0.666136
vt 0.607926 0.784538
vt 0.607050 0.776341
vt 0.611987 0.781326
vt 0.366591 0.030358
vt 0.087632 0.389167
vt 0.089881 0.391768
vt 0.087806 0.404597
vt 0.012164 0.668908
vt 0.458926 0.057209
vt 0.360943 0.434371
vt 0.342161 0.396316
vt 0.616934 0.402607
vt 0.620644 0.400767
vt 0.619676 0.411535
vt 0.263083 0.802356
vt 0.268749 0.798648
vt 0.266852 0.804385
vt 0.589925 0.629175
vt 0.233494 0.412429
vt 0.177307 0.604094
vt 0.394597 0.706133
vt 0.711935 0.042889
vt 0.705876 0.038829
vt 0.711950 0.038544
vt 0.555711 0.017037
vt 0.100145 0.417844
vt 0.104082 0.409680
vt 0.104019 0.423309
vt 0.234012 0.357569
vt 0.232700 0.464396
vt 0.229192 0.463031
vt 0.230633 0.452323
vt 0.451808 0.135258
vt 0.399521 0.299074
vt 0.805716 0.537178
vt 0.480267 0.273888
vt 0.359814 0.296397
vt 0.363670 0.287956
vt 0.363672 0.303235
vt 0.568241 0.285720
vt 0.434738 0.387427
vt 0.292979 0.457276
vt 0.539850 0.674532
vt 0.512388 0.440051
vt 0.544858 0.724946
vt 0.160235 0.500085
vt 0.754659 0.238949
vt 0.366982 0.409488
vt 0.173422 0.528885
vt 0.585793 0.698540
vt 0.539216 0.100327
vt 0.346158 0.638741
vt 0.557607 0.460849
vt 0.561265 0.455398
vt 0.560570 0.467423
vt 0.522031 0.649420
vt 0.733522 0.116789
vt 0.729349 0.124052
vt 0.730235 0.115760
vt 0.101730 0.487748
vt 0.105296 0.481367
vt 0.104500 0.494670
vt 0.806151 0.464658
vt 0.802074 0.468875
vt 0.803370 0.462228
vt 0.803080 0.632020
vt 0.805235 0.623967
vt 0.805721 0.627887
vt 0.313625 0.369392
vt 0.561750 0.137531
vt 0.158417 0.534858
vt 0.191852 0.439311
vt 0.462680 0.336098
vt 0.819472 0.197760
vt 0.821533 0.204023
vt 0.819011 0.205372
vt 0.396507 0.247664
vt 0.520591 0.244385
vt 0.523225 0.233754
vt 0.523596 0.247243
vt 0.480865 0.467241
vt 0.520973 0.293534
vt 0.523783 0.285877
vt 0.523470 0.299659
vt 0.444630 0.464340
vt 0.447980 0.453665
vt 0.447549 0.467340
vt 0.152423 0.080824
vt 0.226267 0.232239
vt 0.236238 0.234210
vt 0.071826 0.013577
vt 0.241154 0.133958
vt 0.251247 0.140169
vt 0.124499 0.091014
vt 0.084236 0.098325
vt 0.200980 0.296318
vt 0.094613 0.237235
vt 0.123227 0.237509
vt 0.161516 0.482961
vt 0.156928 0.486287
vt 0.155641 0.481008
vt 0.154916 0.487566
vt 0.269546 0.352610
vt 0.268243 0.344941
vt 0.276349 0.346664
vt 0.321627 0.275756
vt 0.018353 0.338963
vt 0.313538 0.286149
vt 0.243091 0.321303
vt 0.248975 0.329716
vt 0.239977 0.329243
s 1
f 3/1/1 5/2/2 2/3/3
f 10/4/4 12/5/5 11/6/6
f 25/7/7 15/8/8 16/9/9
f 22/10/10 16/11/9 18/12/11
f 18/12/11 20/13/12 22/10/10
f 24/14/13 23/15/14 19/16/15
f 21/17/16 23/18/14 22/19/10
f 23/20/14 25/21/7 22/22/10
f 25/7/7 24/23/13 15/8/8
f 25/24/7 16/11/9 22/10/10
f 27/25/17 30/26/18 26/27/19
f 28/28/20 31/29/21 27/30/17
f 32/31/22 36/32/23 35/33/24
f 39/34/25 40/35/25 38/36/25
f 42/37/26 43/38/26 41/39/26
f 44/40/27 45/41/28 46/42/29
f 48/43/30 50/44/30 49/45/30
f 53/46/31 55/47/32 54/48/33
f 64/49/34 65/50/34 63/51/34
f 67/52/35 68/53/36 66/54/37
f 75/55/38 76/56/39 74/57/38
f 77/58/40 79/59/41 78/60/42
f 79/59/41 80/61/43 78/60/42
f 83/62/44 84/63/45 82/64/46
f 90/65/47 91/66/48 89/67/47
f 97/68/49 98/69/50 96/70/51
f 103/71/52 104/72/53 102/73/53
f 105/74/54 107/75/54 106/76/54
f 110/77/55 111/78/56 109/79/57
f 116/80/58 117/81/59 115/82/60
f 122/83/61 123/84/61 124/85/61
f 130/86/62 131/87/63 129/88/64
f 136/89/65 138/90/65 137/91/65
f 139/92/66 141/93/67 140/94/68
f 141/93/67 142/95/69 140/94/68
f 145/96/70 146/97/71 144/98/72
f 153/99/73 154/100/73 152/101/73
f 160/102/74 161/103/75 159/104/76
f 165/105/77 166/106/78 167/107/79
f 166/106/78 168/108/80 167/107/79
f 169/109/81 170/110/81 171/111/81
f 172/112/82 174/113/83 173/114/84
f 174/113/83 175/115/85 173/114/84
f 177/116/86 178/117/86 176/118/86
f 180/119/87 181/120/88 179/121/88
f 186/122/89 187/123/89 185/124/89
f 191/125/90 193/126/90 192/127/90
f 199/128/91 200/129/91 198/130/91
f 201/131/92 202/132/93 203/133/92
f 205/134/94 206/135/94 204/136/94
f 214/137/95 216/138/95 215/139/96
f 218/140/97 219/141/97 217/142/97
f 228/143/98 229/144/99 227/145/99
f 231/146/100 232/147/100 230/148/100
f 254/149/101 256/150/102 255/151/103
f 256/152/102 257/153/104 255/154/103
f 267/155/105 268/156/106 266/157/107
f 274/158/108 275/159/108 273/160/108
f 288/161/109 289/162/110 287/163/110
f 293/164/111 295/165/112 294/166/113
f 295/165/112 296/167/114 294/166/113
f 298/168/115 300/169/116 299/170/117
f 306/171/118 307/172/118 305/173/118
f 308/174/119 310/175/120 309/176/121
f 320/177/122 321/178/122 319/179/122
f 326/180/123 327/181/123 325/182/123
f 330/183/124 331/184/125 329/185/126
f 334/186/127 335/187/128 333/188/129
f 340/189/130 342/190/131 341/191/132
f 342/190/131 343/192/133 341/191/132
f 345/193/134 346/194/134 344/195/134
f 347/196/135 348/197/136 349/198/137
f 348/197/136 350/199/138 349/198/137
f 353/200/139 354/201/140 352/202/141
f 356/203/142 357/204/143 355/205/144
f 359/206/145 361/207/146 360/208/147
f 361/207/146 362/209/148 360/208/147
f 364/210/149 365/211/149 363/212/149
f 367/213/150 368/214/150 366/215/150
f 369/216/151 370/217/152 371/218/152
f 373/219/153 374/220/153 372/221/153
f 382/222/154 383/223/154 381/224/154
f 385/225/155 386/226/155 384/227/155
f 394/228/156 395/229/157 393/230/158
f 397/231/159 399/232/159 398/233/159
f 407/234/160 408/235/161 409/236/160
f 416/237/162 418/238/163 417/239/164
f 418/238/163 419/240/165 417/239/164
f 421/241/166 422/242/166 420/243/167
f 426/244/168 428/245/168 427/246/168
f 433/247/169 435/248/170 434/249/171
f 435/248/170 436/250/172 434/249/171
f 440/251/173 442/252/173 441/253/174
f 454/254/175 455/255/176 453/256/177
f 462/257/178 463/258/179 461/259/180
f 464/260/181 466/261/181 465/262/181
f 469/263/182 470/264/183 468/265/184
f 474/266/185 475/267/185 473/268/185
f 477/269/186 478/270/187 476/271/186
f 480/272/188 481/273/189 479/274/190
f 487/275/191 489/276/191 488/277/191
f 490/278/192 491/279/193 492/280/194
f 491/279/193 493/281/195 492/280/194
f 499/282/196 500/283/197 498/284/198
f 501/285/199 503/286/199 502/287/199
f 509/288/200 510/289/200 508/290/201
f 512/291/202 513/292/202 511/293/202
f 516/294/203 517/295/204 515/296/205
f 519/297/206 520/298/206 518/299/206
f 521/300/207 523/301/208 522/302/209
f 523/301/208 524/303/210 522/302/209
f 525/304/211 526/305/212 527/306/213
f 526/305/212 528/307/214 527/306/213
f 533/308/215 535/309/216 534/310/217
f 535/309/216 536/311/218 534/310/217
f 542/312/219 543/313/219 541/314/219
f 544/315/220 546/316/220 545/317/220
f 548/318/221 549/319/221 547/320/221
f 551/321/222 552/322/222 550/323/222
f 558/324/223 559/325/224 557/326/225
f 577/327/226 578/328/227 576/329/228
f 589/330/229 590/331/229 588/332/229
f 593/333/230 594/334/231 592/335/232
f 596/336/233 597/337/233 595/338/233
f 608/339/234 609/340/235 607/341/236
f 622/342/237 623/343/238 621/344/239
f 627/345/240 628/346/241 629/347/242
f 631/348/243 632/349/243 630/350/243
f 634/351/244 635/352/244 633/353/244
f 639/354/245 641/355/246 640/356/247
f 641/355/246 642/357/248 640/356/247
f 645/358/249 646/359/250 643/360/251
f 655/361/252 656/362/252 654/363/252
f 658/364/253 659/365/253 657/366/253
f 667/367/254 668/368/254 666/369/254
f 673/370/255 674/371/255 675/372/255
f 686/373/256 687/374/257 685/375/257
f 697/376/258 698/377/259 696/378/260
f 708/379/261 709/380/261 710/381/261
f 711/382/262 712/383/263 713/384/264
f 715/385/265 717/386/265 716/387/265
f 722/388/266 723/389/266 721/390/266
f 725/391/267 726/392/267 724/393/267
f 730/394/268 732/395/268 731/396/268
f 740/397/269 742/398/270 741/399/271
f 742/400/270 743/401/272 741/402/271
f 746/403/273 747/404/274 745/405/275
f 750/406/276 751/407/277 749/408/278
f 754/409/279 755/410/280 753/411/281
f 757/412/282 758/413/282 756/414/282
f 761/415/283 762/416/284 760/417/285
f 770/418/286 773/419/287 771/420/288
f 781/421/289 783/422/289 782/423/290
f 787/424/291 788/425/292 789/426/293
f 788/425/292 790/427/294 789/426/293
f 795/428/295 797/429/295 796/430/295
f 807/431/296 808/432/296 806/433/296
f 809/434/297 812/435/298 810/436/299
f 814/437/300 815/438/300 813/439/300
f 820/440/301 821/441/301 819/442/301
f 830/443/302 831/444/303 829/445/304
f 833/446/305 834/447/306 832/448/307
f 835/449/308 837/450/308 836/451/308
f 838/452/309 840/453/310 839/454/311
f 840/455/310 841/456/312 839/457/311
f 859/458/313 861/459/314 860/460/313
f 864/461/315 865/462/316 863/463/317
f 882/464/318 883/465/319 881/466/320
f 882/464/318 884/467/321 883/465/319
f 890/468/322 891/469/322 889/470/322
f 893/471/323 894/472/323 892/473/323
f 900/474/324 901/475/325 899/476/326
f 909/477/327 910/478/327 911/479/327
f 923/480/328 924/481/329 922/482/330
f 927/483/331 928/484/331 926/485/331
f 938/486/332 940/487/332 939/488/332
f 942/489/333 943/490/334 941/491/335
f 947/492/336 948/493/337 946/494/338
f 950/495/339 951/496/339 949/497/339
f 956/498/340 957/499/340 955/500/340
f 962/501/341 963/502/342 961/503/343
f 978/504/344 979/505/345 977/506/345
f 983/507/346 986/508/347 984/509/348
f 1000/510/349 1001/511/350 999/512/351
f 1005/513/352 1007/514/353 1006/515/354
f 1007/514/353 1008/516/355 1006/515/354
f 1013/517/356 1015/518/356 1014/519/356
f 1017/520/357 1018/521/357 1016/522/358
f 1025/523/359 1026/524/359 1024/525/359
f 1033/526/360 1034/527/361 1035/528/362
f 1034/527/361 1036/529/363 1035/528/362
f 1038/530/364 1039/531/364 1037/532/364
f 1041/533/365 1042/534/366 1040/535/367
f 1041/533/365 1043/536/368 1042/534/366
f 1049/537/369 1050/538/369 1048/539/370
f 1056/540/371 1057/541/371 1055/542/372
f 1058/543/373 1059/544/374 1060/545/375
f 1069/546/376 1071/547/377 1070/548/378
f 1071/549/377 1072/550/379 1070/551/378
f 1079/552/380 1080/553/381 1078/554/382
f 1097/555/383 1098/556/384 1096/557/385
f 1099/558/386 1101/559/386 1100/560/386
f 1108/561/387 1109/562/388 1107/563/389
f 1114/564/390 1116/565/391 1115/566/391
f 1117/567/392 1119/568/393 1118/569/394
f 1119/568/393 1120/570/395 1118/569/394
f 1125/571/396 1126/572/396 1124/573/396
f 1128/574/397 1129/575/398 1127/576/399
f 1138/577/400 1140/578/400 1139/579/400
f 1141/580/401 1143/581/401 1142/582/401
f 1146/583/402 1148/584/403 1147/585/404
f 1148/584/403 1149/586/405 1147/585/404
f 1155/587/406 1156/588/407 1154/589/408
f 1163/590/409 1164/591/410 1165/592/411
f 1164/591/410 1166/593/412 1165/592/411
f 1171/594/413 1172/595/414 1173/596/415
f 1172/597/414 1174/598/416 1173/599/415
f 1176/600/417 1177/601/417 1175/602/417
f 1181/603/418 1183/604/419 1182/605/419
f 1189/606/420 1191/607/420 1190/608/420
f 1202/609/421 1203/610/421 1201/611/421
f 1204/612/422 1206/613/422 1205/614/423
f 1207/615/424 1209/616/425 1208/617/426
f 1209/618/425 1210/619/427 1208/620/426
f 1211/621/428 1213/622/429 1212/623/430
f 1224/624/431 1225/625/431 1223/626/431
f 1228/627/432 1229/628/433 1227/629/434
f 1230/630/435 1232/631/436 1231/632/437
f 1235/633/438 1236/634/438 1234/635/439
f 1247/636/440 1248/637/441 1249/638/440
f 1252/639/442 1253/640/443 1251/641/444
f 1255/642/445 1256/643/446 1254/644/447
f 1255/642/445 1257/645/448 1256/643/446
f 1264/646/449 1265/647/450 1266/648/451
f 1265/647/450 1267/649/452 1266/648/451
f 1268/650/453 1269/651/453 1270/652/453
f 1274/653/454 1276/654/455 1275/655/455
f 1278/656/456 1279/657/456 1277/658/456
f 1285/659/457 1286/660/458 1284/661/459
f 1289/662/460 1290/663/461 1288/664/462
f 1291/665/463 1293/666/463 1292/667/463
f 1294/668/464 1295/669/465 1296/670/466
f 1302/671/467 1303/672/468 1304/673/469
f 1303/674/468 1305/675/470 1304/676/469
f 1307/677/471 1308/678/471 1306/679/471
f 1309/680/472 1312/681/473 1310/682/474
f 1314/683/475 1315/684/475 1313/685/476
f 1316/686/477 1318/687/478 1317/688/478
f 1323/689/479 1326/690/480 1324/691/481
f 1334/692/482 1337/693/483 1335/694/484
f 1338/695/485 1339/696/486 1340/697/487
f 1339/696/486 1341/698/488 1340/697/487
f 1354/699/489 1355/700/490 1353/701/491
f 1357/702/492 1358/703/492 1356/704/492
f 1362/705/493 1364/706/493 1363/707/494
f 1368/708/495 1369/709/496 1367/710/497
f 1374/711/498 1375/712/498 1373/713/498
f 1380/714/499 1381/715/499 1379/716/500
f 1395/717/501 1396/718/501 1394/719/502
f 1398/720/503 1399/721/504 1397/722/505
f 1401/723/506 1403/724/506 1402/725/506
f 1406/726/507 1407/727/508 1405/728/509
f 1409/729/510 1410/730/511 1408/731/512
f 1409/729/510 1411/732/513 1410/730/511
f 1412/733/514 1414/734/515 1413/735/516
f 1414/734/515 1415/736/517 1413/735/516
f 1419/737/518 1420/738/519 1418/739/519
f 1428/740/520 1429/741/521 1430/742/522
f 1429/743/521 1431/744/523 1430/745/522
f 1432/746/524 1434/747/524 1433/748/524
f 1435/749/525 1436/750/526 1437/751/527
f 1440/752/528 1441/753/529 1439/754/530
f 1454/755/531 1455/756/531 1456/757/531
f 1464/758/532 1465/759/532 1463/760/532
f 1470/761/533 1471/762/534 1469/763/535
f 1470/761/533 1472/764/536 1471/762/534
f 1473/765/537 1474/766/538 1475/767/539
f 1474/766/538 1476/768/540 1475/767/539
f 1478/769/541 1479/770/541 1477/771/541
f 1483/772/542 1484/773/543 1482/774/544
f 1500/775/545 1501/776/546 1499/777/547
f 1506/778/548 1507/779/548 1505/780/548
f 1509/781/549 1510/782/550 1508/783/551
f 1509/781/549 1511/784/552 1510/782/550
f 1517/785/553 1519/786/554 1520/787/555
f 1525/788/556 1527/789/556 1526/790/556
f 1529/791/557 1531/792/558 1530/793/559
f 1539/794/560 1541/795/560 1540/796/560
f 1545/797/561 1546/798/561 1544/799/561
f 1550/800/562 1552/801/562 1551/802/562
f 1553/803/563 1555/804/563 1554/805/564
f 1558/806/565 1559/807/566 1557/808/567
f 1560/809/568 1562/810/569 1561/811/570
f 1562/810/569 1563/812/571 1561/811/570
f 1566/813/572 1567/814/573 1565/815/574
f 1568/816/575 1570/817/576 1569/818/575
f 1571/819/577 1573/820/578 1572/821/579
f 1573/820/578 1574/822/580 1572/821/579
f 1578/823/581 1580/824/582 1579/825/583
f 1580/826/582 1581/827/584 1579/828/583
f 1582/829/585 1584/830/585 1583/831/586
f 1586/832/587 1587/833/587 1585/834/587
f 1593/835/588 1594/836/588 1592/837/588
f 1596/838/589 1597/839/589 1595/840/589
f 1598/841/590 1600/842/591 1599/843/592
f 1600/842/591 1601/844/593 1599/843/592
f 1602/845/594 1604/846/594 1603/847/594
f 1605/848/595 1607/849/596 1606/850/597
f 1607/849/596 1608/851/598 1606/850/597
f 1615/852/599 1616/853/600 1614/854/599
f 1617/855/601 1619/856/602 1618/857/603
f 1619/858/602 1620/859/604 1618/860/603
f 1622/861/605 1623/862/605 1621/863/605
f 1628/864/606 1629/865/606 1627/866/606
f 1637/867/607 1638/868/607 1636/869/607
f 1640/870/608 1641/871/608 1639/872/608
f 1644/873/609 1645/874/610 1643/875/611
f 1646/876/612 1648/877/612 1647/878/612
f 1650/879/613 1651/880/614 1649/881/615
f 1663/882/616 1665/883/617 1664/884/616
f 1669/885/618 1671/886/618 1670/887/618
f 1678/888/619 1680/889/619 1679/890/619
f 1689/891/620 1690/892/621 1688/893/622
f 1691/894/623 1693/895/623 1692/896/623
f 1706/897/624 1707/898/624 1705/899/624
f 1730/900/625 1731/901/626 1729/902/627
f 1735/903/628 1736/904/629 1734/905/630
f 1737/906/631 1738/907/631 1739/908/631
f 1741/909/632 1742/910/633 1740/911/633
f 1743/912/634 1745/913/634 1744/914/634
f 1746/915/635 1749/916/636 1748/917/637
f 1755/918/638 1756/919/639 1754/920/639
f 1757/921/640 1758/922/641 1759/923/642
f 1758/924/641 1760/925/643 1759/926/642
f 1765/927/644 1767/928/645 1766/929/646
f 1767/930/645 1768/931/647 1766/932/646
f 1770/933/648 1771/934/648 1769/935/648
f 1772/936/649 1774/937/649 1773/938/650
f 1779/939/651 1781/940/651 1780/941/651
f 1782/942/652 1784/943/652 1783/944/652
f 1788/945/653 1790/946/654 1789/947/655
f 1790/946/654 1791/948/656 1789/947/655
f 1792/949/657 1794/950/658 1793/951/659
f 1794/950/658 1795/952/660 1793/951/659
f 1804/953/661 1805/954/662 1803/955/661
f 1807/956/663 1808/957/663 1806/958/663
f 1809/959/664 1811/960/665 1812/961/666
f 1813/962/667 1815/963/668 1814/964/669
f 1822/965/670 1823/966/671 1820/967/672
f 1837/968/673 1838/969/673 1836/970/673
f 1852/971/674 1853/972/674 1851/973/674
f 1855/974/675 1856/975/675 1854/976/675
f 1860/977/676 1861/978/676 1859/979/676
f 1863/980/677 1864/981/678 1862/982/679
f 1869/983/680 1872/984/681 1870/985/682
f 1875/986/683 1876/987/684 1874/988/685
f 1877/989/686 1878/990/687 1879/991/688
f 1878/992/687 1880/993/689 1879/994/688
f 1885/995/690 1886/996/691 1887/997/692
f 1886/996/691 1888/998/693 1887/997/692
f 1889/999/694 1891/1000/695 1890/1001/696
f 1891/1000/695 1892/1002/697 1890/1001/696
f 1896/1003/698 1898/1004/699 1897/1005/700
f 1898/1004/699 1899/1006/701 1897/1005/700
f 1902/1007/702 1903/1008/703 1901/1009/704
f 1904/1010/705 1906/1011/705 1905/1012/706
f 1915/1013/707 1916/1014/707 1914/1015/707
f 1918/1016/708 1919/1017/708 1917/1018/708
f 1926/1019/709 1927/1020/710 1925/1021/711
f 1933/1022/712 1934/1023/712 1932/1024/712
f 1939/1025/713 1941/1026/714 1940/1027/715
f 1946/1028/716 1948/1029/716 1947/1030/717
f 1964/1031/718 1965/1032/718 1963/1033/718
f 1966/1034/719 1968/1035/720 1967/1036/721
f 1968/1035/720 1969/1037/722 1967/1036/721
f 1970/1038/723 1972/1039/723 1971/1040/723
f 1975/1041/724 1977/1042/725 1976/1043/726
f 1977/1042/725 1978/1044/727 1976/1043/726
f 1980/1045/728 1981/1046/728 1979/1047/728
f 1982/1048/729 1984/1049/729 1983/1050/730
f 1997/1051/731 1998/1052/732 1996/1053/733
f 2000/1054/734 2001/1055/734 1999/1056/734
f 2002/1057/735 2004/1058/735 2003/1059/735
f 2012/1060/736 2014/1061/736 2013/1062/736
f 2021/1063/737 2022/1064/738 2020/1065/739
f 2024/1066/740 2025/1067/740 2023/1068/740
f 2027/1069/741 2028/1070/742 2026/1071/743
f 2027/1072/741 2029/1073/744 2028/1074/742
f 2033/1075/745 2034/1076/745 2032/1077/745
f 2037/1078/746 2038/1079/747 2036/1080/748
f 2041/1081/749 2042/1082/750 2040/1083/751
f 2045/1084/752 2046/1085/753 2044/1086/754
f 2048/1087/755 2049/1088/756 2047/1089/757
f 2048/1087/755 2050/1090/758 2049/1088/756
f 2058/1091/759 2060/1092/760 2059/1093/761
f 2060/1092/760 2061/1094/762 2059/1093/761
f 2067/1095/763 2068/1096/763 2066/1097/764
f 2069/1098/765 2071/1099/766 2070/1100/767
f 2071/1099/766 2072/1101/768 2070/1100/767
f 2074/1102/769 2075/1103/769 2073/1104/769
f 2077/1105/770 2078/1106/770 2076/1107/770
f 2079/1108/771 2081/1109/772 2080/1110/773
f 2081/1109/772 2082/1111/774 2080/1110/773
f 2087/1112/775 2089/1113/776 2088/1114/777
f 2092/1115/778 2093/1116/778 2091/1117/778
f 2103/1118/779 2104/1119/780 2102/1120/779
f 2110/1121/781 2111/1122/782 2109/1123/783
f 2110/1124/781 2112/1125/784 2111/1126/782
f 2114/1127/785 2115/1128/785 2113/1129/785
f 2122/1130/786 2124/1131/787 2123/1132/788
f 2127/1133/789 2128/1134/790 2126/1135/791
f 2129/1136/792 2131/1137/793 2130/1138/794
f 2131/1137/793 2132/1139/795 2130/1138/794
f 2137/1140/796 2138/1141/797 2136/1142/798
f 2139/1143/799 2141/1144/799 2140/1145/799
f 2146/1146/800 2147/1147/801 2145/1148/802
f 2148/1149/803 2150/1150/803 2149/1151/804
f 2155/1152/805 2157/1153/806 2156/1154/807
f 2157/1153/806 2158/1155/808 2156/1154/807
f 2164/1156/809 2165/1157/810 2163/1158/811
f 2167/1159/812 2168/1160/812 2166/1161/812
f 2173/1162/813 2174/1163/813 2172/1164/813
f 2175/1165/814 2176/1166/815 2177/1167/816
f 2176/1166/815 2178/1168/817 2177/1167/816
f 2180/1169/818 2181/1170/818 2179/1171/818
f 2186/1172/819 2187/1173/819 2185/1174/819
f 2189/1175/820 2190/1176/820 2188/1177/821
f 2195/1178/822 2196/1179/822 2194/1180/822
f 2200/1181/823 2202/1182/823 2201/1183/823
f 2205/1184/824 2206/1185/825 2204/1186/826
f 2228/1187/827 2229/1188/827 2227/1189/827
f 2233/1190/828 2235/1191/829 2234/1192/829
f 2243/1193/830 2244/1194/831 2242/1195/832
f 2266/1196/833 2268/1197/833 2267/1198/833
f 2269/1199/834 2271/1200/835 2270/1201/836
f 2271/1200/835 2272/1202/837 2270/1201/836
f 2274/1203/838 2275/1204/838 2273/1205/838
f 2288/1206/839 2289/1207/839 2287/1208/839
f 2291/1209/840 2292/1210/841 2290/1211/840
f 2293/1212/842 2295/1213/842 2294/1214/842
f 2307/1215/843 2308/1216/843 2306/1217/843
f 2309/1218/844 2310/1219/844 2311/1220/844
f 2314/1221/845 2315/1222/846 2313/1223/847
f 2320/1224/848 2322/1225/849 2321/1226/850
f 2322/1225/849 2323/1227/851 2321/1226/850
f 2330/1228/852 2331/1229/852 2329/1230/852
f 2334/1231/853 2335/1232/854 2333/1233/855
f 2336/1234/856 2338/1235/857 2337/1236/857
f 2339/1237/858 2341/1238/859 2340/1239/860
f 2341/1238/859 2342/1240/861 2340/1239/860
f 2345/1241/862 2346/1242/863 2344/1243/864
f 2355/1244/865 2356/1245/866 2354/1246/867
f 2365/1247/868 2366/1248/868 2364/1249/868
f 2367/1250/869 2369/1251/870 2370/1252/871
f 2378/1253/872 2379/1254/872 2377/1255/873
f 2385/1256/874 2386/1257/875 2384/1258/874
f 2387/1259/876 2389/1260/876 2388/1261/876
f 2391/1262/877 2392/1263/877 2390/1264/877
f 2398/1265/878 2400/1266/878 2399/1267/879
f 2402/1268/880 2403/1269/880 2401/1270/880
f 2407/1271/881 2408/1272/882 2409/1273/883
f 2408/1274/882 2410/1275/884 2409/1276/883
f 2414/1277/885 2416/1278/886 2415/1279/887
f 2420/1280/888 2422/1281/889 2421/1282/890
f 2422/1281/889 2423/1283/891 2421/1282/890
f 2434/1284/892 2435/1285/892 2436/1286/893
f 2441/1287/894 2443/1288/895 2442/1289/894
f 2459/1290/896 2460/1291/897 2458/1292/898
f 2471/1293/899 2472/1294/900 2470/1295/901
f 2474/1296/902 2475/1297/903 2473/1298/904
f 2474/1296/902 2476/1299/905 2475/1297/903
f 2485/1300/906 2486/1301/907 2484/1302/908
f 2490/1303/909 2491/1304/910 2489/1305/911
f 2495/1306/912 2496/1307/912 2497/1308/912
f 2502/1309/913 2503/1310/913 2504/1311/913
f 2506/1312/914 2507/1313/915 2505/1314/916
f 2506/1312/914 2508/1315/917 2507/1313/915
f 2509/1316/918 2511/1317/919 2510/1318/920
f 2511/1319/919 2512/1320/921 2510/1321/920
f 2517/1322/922 2518/1323/923 2516/1324/924
f 2517/1322/922 2519/1325/925 2518/1323/923
f 2521/1326/926 2522/1327/927 2520/1328/928
f 2525/1329/929 2526/1330/929 2524/1331/929
f 2535/1332/930 2537/1333/930 2536/1334/930
f 2540/1335/931 2541/1336/932 2539/1337/933
f 2542/1338/934 2544/1339/934 2543/1340/934
f 2546/1341/935 2547/1342/935 2545/1343/936
f 2548/1344/937 2550/1345/938 2549/1346/939
f 2550/1345/938 2551/1347/940 2549/1346/939
f 2554/1348/941 2555/1349/942 2553/1350/943
f 2559/1351/944 2561/1352/945 2560/1353/944
f 2562/1354/946 2564/1355/947 2563/1356/948
f 2564/1355/947 2565/1357/949 2563/1356/948
f 2579/1358/950 2580/1359/951 2578/1360/952
f 2585/1361/953 2586/1362/953 2584/1363/953
f 2587/1364/954 2589/1365/955 2588/1366/956
f 2589/1367/955 2590/1368/957 2588/1369/956
f 2591/1370/958 2593/1371/959 2592/1372/960
f 2593/1371/959 2594/1373/961 2592/1372/960
f 2598/1374/962 2600/1375/963 2599/1376/964
f 2600/1377/963 2601/1378/965 2599/1379/964
f 2602/1380/966 2604/1381/967 2603/1382/968
f 2614/1383/969 2616/1384/969 2615/1385/969
f 2618/1386/970 2619/1387/971 2617/1388/970
f 2620/1389/972 2622/1390/973 2621/1391/974
f 2622/1390/973 2623/1392/975 2621/1391/974
f 2629/1393/976 2630/1394/976 2628/1395/977
f 2632/1396/978 2633/1397/978 2631/1398/978
f 2639/1399/979 2640/1400/979 2638/1401/979
f 2646/1402/980 2647/1403/980 2645/1404/980
f 2651/1405/981 2653/1406/981 2652/1407/981
f 2663/1408/982 2664/1409/983 2662/1410/983
f 2666/1411/984 2667/1412/984 2665/1413/984
f 2693/1414/985 2694/1415/986 2692/1416/987
f 2701/1417/988 2703/1418/989 2702/1419/990
f 2703/1420/989 2704/1421/991 2702/1422/990
f 2706/1423/992 2707/1424/992 2705/1425/992
f 2710/1426/993 2711/1427/994 2709/1428/995
f 2715/1429/996 2717/1430/997 2716/1431/998
f 2717/1432/997 2718/1433/999 2716/1434/998
f 2723/1435/1000 2725/1436/1001 2724/1437/1002
f 2726/1438/1003 2728/1439/1004 2727/1440/1005
f 2728/1439/1004 2729/1441/1006 2727/1440/1005
f 2731/1442/1007 2732/1443/1007 2730/1444/1007
f 2749/1445/1008 2750/1446/1008 2748/1447/1008
f 2752/1448/1009 2753/1449/1009 2751/1450/1009
f 2756/1451/1010 2757/1452/1011 2755/1453/1012
f 2762/1454/1013 2764/1455/1014 2763/1456/1015
f 2764/1455/1014 2765/1457/1016 2763/1456/1015
f 2766/1458/1017 2767/1459/1018 2768/1460/1019
f 2767/1461/1018 2769/1462/1020 2768/1463/1019
f 2771/1464/1021 2772/1465/1022 2770/1466/1023
f 2774/1467/1024 2776/1468/1024 2775/1469/1024
f 2777/1470/1025 2779/1471/1026 2778/1472/1026
f 2781/1473/1027 2783/1474/1028 2782/1475/1029
f 2785/1476/1030 2786/1477/1030 2784/1478/1030
f 2792/1479/1031 2793/1480/1032 2791/1481/1033
f 2796/1482/1034 2797/1483/1034 2795/1484/1034
f 2802/1485/1035 2803/1486/1036 2801/1487/1035
f 2811/1488/1037 2812/1489/1037 2810/1490/1037
f 2813/1491/1038 2815/1492/1039 2814/1493/1040
f 2821/1494/1041 2822/1495/1041 2820/1496/1041
f 2833/1497/1042 2834/1498/1043 2832/1499/1044
f 2833/1497/1042 2835/1500/1045 2834/1498/1043
f 2838/1501/1046 2839/1502/1047 2837/1503/1048
f 2841/1504/1049 2842/1505/1049 2840/1506/1049
f 2851/1507/1050 2853/1508/1051 2852/1509/1052
f 2853/1508/1051 2854/1510/1053 2852/1509/1052
f 2856/1511/1054 2857/1512/1054 2855/1513/1054
f 2862/1514/1055 2863/1515/1055 2861/1516/1055
f 2865/1517/1056 2866/1518/1057 2864/1519/1058
f 2868/1520/1059 2870/1521/1060 2871/1522/1061
f 2873/1523/1062 2874/1524/1062 2872/1525/1062
f 2881/1526/1063 2882/1527/1063 2880/1528/1063
f 2883/1529/1064 2884/1530/1064 2885/1531/1064
f 2886/1532/1065 2888/1533/1066 2887/1534/1067
f 2888/1535/1066 2889/1536/1068 2887/1537/1067
f 2890/1538/1069 2892/1539/1070 2891/1540/1071
f 2892/1539/1070 2893/1541/1072 2891/1540/1071
f 2895/1542/1073 2896/1543/1073 2894/1544/1073
f 2901/1545/1074 2902/1546/1075 2900/1547/1075
f 2908/1548/1076 2909/1549/1076 2907/1550/1076
f 2911/1551/1077 2912/1552/1077 2910/1553/1077
f 2917/1554/1078 2919/1555/1078 2918/1556/1078
f 2921/1557/1079 2922/1558/1079 2920/1559/1079
f 2927/1560/1080 2929/1561/1081 2928/1562/1080
f 2931/1563/1082 2932/1564/1082 2930/1565/1082
f 2933/1566/1083 2935/1567/1084 2934/1568/1085
f 2935/1567/1084 2936/1569/1086 2934/1568/1085
f 2937/1570/1087 2939/1571/1088 2938/1572/1087
f 2952/1573/1089 2953/1574/1090 2951/1575/1089
f 2955/1576/1091 2956/1577/1091 2954/1578/1092
f 2958/1579/1093 2959/1580/1093 2957/1581/1093
f 2960/1582/1094 2962/1583/1095 2961/1584/1096
f 2962/1583/1095 2963/1585/1097 2961/1584/1096
f 2965/1586/1098 2966/1587/1099 2964/1588/1098
f 2983/1589/1100 2984/1590/1101 2982/1591/1102
f 2985/1592/1103 2987/1593/1104 2986/1594/1105
f 2987/1593/1104 2988/1595/1106 2986/1594/1105
f 2990/1596/1107 2991/1597/1107 2989/1598/1107
f 2997/1599/1108 2998/1600/1108 2996/1601/1108
f 3002/1602/1109 3004/1603/1109 3003/1604/1109
f 3014/1605/1110 3015/1606/1110 3013/1607/1111
f 3024/1608/1112 3026/1609/1112 3025/1610/1112
f 3033/1611/1113 3034/1612/1114 3032/1613/1115
f 3035/1614/1116 3037/1615/1117 3036/1616/1118
f 3037/1615/1117 3038/1617/1119 3036/1616/1118
f 3039/1618/1120 3041/1619/1121 3040/1620/1122
f 3041/1619/1121 3042/1621/1123 3040/1620/1122
f 3045/1622/1124 3046/1623/1125 3044/1624/1126
f 3048/1625/1127 3049/1626/1127 3047/1627/1127
f 3051/1628/1128 3052/1629/1129 3050/1630/1130
f 3058/1631/1131 3059/1632/1132 3057/1633/1131
f 3073/1634/1133 3074/1635/1134 3072/1636/1135
f 3090/1637/1136 3092/1638/1136 3091/1639/1137
f 3096/1640/1138 3098/1641/1138 3097/1642/1138
f 3101/1643/1139 3102/1644/1140 3100/1645/1141
f 3122/1646/1142 3123/1647/1143 3121/1648/1144
f 3129/1649/1145 3130/1650/1145 3128/1651/1145
f 3143/1652/1146 3144/1653/1147 3142/1654/1148
f 3147/1655/1149 3148/1656/1150 3146/1657/1151
f 3149/1658/1152 3151/1659/1153 3150/1660/1154
f 3151/1659/1153 3152/1661/1155 3150/1660/1154
f 3159/1662/1156 3161/1663/1156 3160/1664/1156
f 3170/1665/1157 3171/1666/1158 3169/1667/1159
f 3173/1668/1160 3174/1669/1160 3172/1670/1160
f 3179/1671/1161 3180/1672/1161 3178/1673/1161
f 3181/1674/1162 3183/1675/1162 3182/1676/1163
f 3185/1677/1164 3186/1678/1164 3184/1679/1164
f 3187/1680/1165 3189/1681/1166 3188/1682/1167
f 3189/1681/1166 3190/1683/1168 3188/1682/1167
f 3199/1684/1169 3200/1685/1170 3198/1686/1171
f 3203/1687/1172 3204/1688/1173 3202/1689/1174
f 3205/1690/1175 3207/1691/1175 3206/1692/1175
f 3209/1693/1176 3210/1694/1176 3208/1695/1176
f 3215/1696/1177 3216/1697/1177 3214/1698/1177
f 3217/1699/1178 3218/1700/1179 3219/1701/1180
f 3222/1702/1181 3223/1703/1181 3221/1704/1182
f 3225/1705/1183 3226/1706/1183 3224/1707/1183
f 3245/1708/1184 3246/1709/1184 3244/1710/1184
f 3248/1711/1185 3249/1712/1186 3247/1713/1185
f 3251/1714/1187 3252/1715/1188 3250/1716/1187
f 3255/1717/1189 3256/1718/1190 3254/1719/1191
f 3267/1720/1192 3268/1721/1193 3266/1722/1194
f 3272/1723/1195 3273/1724/1195 3271/1725/1196
f 3275/1726/1197 3276/1727/1197 3274/1728/1197
f 3279/1729/1198 3280/1730/1199 3278/1731/1200
f 3283/1732/1201 3284/1733/1202 3282/1734/1203
f 3296/1735/1204 3297/1736/1204 3295/1737/1204
f 3299/1738/1205 3300/1739/1206 3298/1740/1207
f 3302/1741/1208 3304/1742/1208 3303/1743/1208
f 3315/1744/1209 3316/1745/1209 3314/1746/1209
f 3318/1747/1210 3319/1748/1210 3317/1749/1210
f 3326/1750/1211 3327/1751/1211 3325/1752/1211
f 3330/1753/1212 3331/1754/1213 3329/1755/1214
f 3332/1756/1215 3334/1757/1216 3333/1758/1217
f 3334/1757/1216 3335/1759/1218 3333/1758/1217
f 3338/1760/1219 3339/1761/1220 3337/1762/1221
f 3340/1763/1222 3342/1764/1223 3341/1765/1224
f 3342/1764/1223 3343/1766/1225 3341/1765/1224
f 3347/1767/1226 3349/1768/1226 3348/1769/1226
f 3354/1770/1227 3357/1771/1228 3356/1772/1229
f 3358/1773/1230 3360/1774/1230 3359/1775/1230
f 3361/1776/1231 3363/1777/1231 3362/1778/1231
f 3366/1779/1232 3367/1780/1233 3365/1781/1234
f 3369/1782/1235 3370/1783/1235 3368/1784/1235
f 3372/1785/1236 3373/1786/1236 3371/1787/1236
f 3381/1788/1237 3382/1789/1237 3380/1790/1237
f 3386/1791/1238 3388/1792/1239 3387/1793/1240
f 3388/1792/1239 3389/1794/1241 3387/1793/1240
f 3391/1795/1242 3392/1796/1242 3390/1797/1243
f 3399/1798/1244 3402/1799/1245 3401/1800/1246
f 3405/1801/1247 3406/1802/1248 3404/1803/1249
f 3407/1804/1250 3409/1805/1250 3408/1806/1250
f 3410/1807/1251 3412/1808/1252 3411/1809/1253
f 3417/1810/1254 3419/1811/1255 3418/1812/1256
f 3419/1811/1255 3420/1813/1257 3418/1812/1256
f 3424/1814/1258 3427/1815/1259 3425/1816/1260
f 3428/1817/1261 3430/1818/1262 3429/1819/1263
f 3448/1820/1264 3449/1821/1265 3447/1822/1266
f 3451/1823/1267 3452/1824/1268 3450/1825/1269
f 3454/1826/1270 3456/1827/1270 3455/1828/1270
f 3457/1829/1271 3459/1830/1271 3458/1831/1271
f 3466/1832/1272 3468/1833/1273 3467/1834/1272
f 3469/1835/1274 3471/1836/1274 3470/1837/1274
f 3479/1838/1275 3482/1839/1276 3480/1840/1277
f 3483/1841/1278 3484/1842/1279 3485/1843/1280
f 3484/1842/1279 3486/1844/1281 3485/1843/1280
f 3490/1845/1282 3491/1846/1282 3492/1847/1283
f 3494/1848/1284 3495/1849/1284 3493/1850/1284
f 3505/1851/1285 3506/1852/1286 3504/1853/1287
f 3508/1854/1288 3509/1855/1288 3507/1856/1288
f 3512/1857/1289 3513/1858/1290 3511/1859/1291
f 3514/1860/1292 3515/1861/1292 3516/1862/1292
f 3519/1863/1293 3520/1864/1294 3518/1865/1295
f 3526/1866/1296 3527/1867/1297 3525/1868/1298
f 3529/1869/1299 3530/1870/1299 3528/1871/1299
f 3531/1872/1300 3533/1873/1301 3532/1874/1300
f 3534/1875/1302 3536/1876/1303 3535/1877/1304
f 3536/1876/1303 3537/1878/1305 3535/1877/1304
f 3539/1879/1306 3540/1880/1307 3538/1881/1307
f 3541/1882/1308 3543/1883/1309 3542/1884/1310
f 3543/1883/1309 3544/1885/1311 3542/1884/1310
f 3553/1886/1312 3555/1887/1312 3554/1888/1312
f 3557/1889/1313 3558/1890/1313 3556/1891/1313
f 3559/1892/1314 3562/1893/1315 3561/1894/1316
f 3566/1895/1317 3568/1896/1318 3567/1897/1319
f 3568/1896/1318 3569/1898/1320 3567/1897/1319
f 3573/1899/1321 3575/1900/1322 3574/1901/1323
f 3581/1902/1324 3584/1903/1325 3582/1904/1326
f 3593/1905/1327 3594/1906/1327 3592/1907/1327
f 3597/1908/1328 3598/1909/1329 3596/1910/1330
f 3600/1911/1331 3601/1912/1332 3599/1913/1332
f 3605/1914/1333 3607/1915/1333 3606/1916/1334
f 3608/1917/1335 3610/1918/1335 3609/1919/1335
f 3611/1920/1336 3614/1921/1337 3612/1922/1338
f 3615/1923/1339 3617/1924/1340 3616/1925/1341
f 3617/1924/1340 3618/1926/1342 3616/1925/1341
f 3619/1927/1343 3621/1928/1343 3620/1929/1343
f 3623/1930/1344 3624/1931/1345 3625/1932/1346
f 3639/1933/1347 3640/1934/1347 3638/1935/1347
f 3648/1936/1348 3650/1937/1348 3649/1938/1348
f 3651/1939/1349 3654/1940/1350 3652/1941/1351
f 3658/1942/1352 3660/1943/1353 3659/1944/1354
f 3660/1943/1353 3661/1945/1355 3659/1944/1354
f 3662/1946/1356 3664/1947/1357 3663/1948/1358
f 3664/1947/1357 3665/1949/1359 3663/1948/1358
f 3667/1950/1360 3668/1951/1360 3666/1952/1360
f 3677/1953/1361 3679/1954/1361 3678/1955/1362
f 3680/1956/1363 3682/1957/1363 3681/1958/1363
f 3698/1959/1364 3699/1960/1365 3697/1961/1365
f 3705/1962/1366 3706/1963/1366 3704/1964/1366
f 3707/1965/1367 3708/1966/1367 3709/1967/1367
f 3714/1968/1368 3716/1969/1369 3715/1970/1370
f 3716/1971/1369 3717/1972/1371 3715/1973/1370
f 3720/1974/1372 3721/1975/1373 3719/1976/1374
f 3724/1977/1375 3725/1978/1376 3723/1979/1377
f 3732/1980/1378 3734/1981/1378 3733/1982/1378
f 3739/1983/1379 3740/1984/1380 3738/1985/1381
f 3739/1983/1379 3741/1986/1382 3740/1984/1380
f 3750/1987/1383 3751/1988/1384 3749/1989/1385
f 3756/1990/1386 3757/1991/1387 3758/1992/1388
f 3757/1991/1387 3759/1993/1389 3758/1992/1388
f 3760/1994/1390 3762/1995/1391 3761/1996/1392
f 3762/1997/1391 3763/1998/1393 3761/1999/1392
f 3769/2000/1394 3770/2001/1395 3771/2002/1396
f 3770/2001/1395 3772/2003/1397 3771/2002/1396
f 3780/2004/1398 3782/2005/1398 3781/2006/1398
f 3788/2007/1399 3789/2008/1400 3787/2009/1401
f 3792/2010/1402 3793/2011/1402 3791/2012/1402
f 3795/2013/1403 3796/2014/1403 3794/2015/1404
f 3801/2016/1405 3802/2017/1405 3803/2018/1405
f 3805/2019/1406 3806/2020/1406 3804/2021/1406
f 3807/2022/1407 3809/2023/1407 3808/2024/1407
f 3811/2025/1408 3812/2026/1408 3810/2027/1408
f 3813/2028/1409 3815/2029/1410 3814/2030/1411
f 3815/2029/1410 3816/2031/1412 3814/2030/1411
f 3818/2032/1413 3819/2033/1414 3817/2034/1414
f 3820/2035/1415 3822/2036/1416 3821/2037/1417
f 3822/2038/1416 3823/2039/1418 3821/2040/1417
f 3836/2041/1419 3838/2042/1419 3837/2043/1419
f 3839/2044/1420 3841/2045/1420 3840/2046/1420
f 3855/2047/1421 3856/2048/1421 3854/2049/1422
f 3858/2050/1423 3859/2051/1423 3857/2052/1423
f 3860/2053/1424 3862/2054/1425 3861/2055/1426
f 3862/2054/1425 3863/2056/1427 3861/2055/1426
f 3866/2057/1428 3868/2058/1429 3867/2059/1430
f 3868/2060/1429 3869/2061/1431 3867/2062/1430
f 3878/2063/1432 3880/2064/1433 3879/2065/1434
f 3885/2066/1435 3887/2067/1436 3886/2068/1437
f 3887/2067/1436 3888/2069/1438 3886/2068/1437
f 3890/2070/1439 3891/2071/1439 3889/2072/1439
f 3913/2073/1440 3914/2074/1441 3912/2075/1442
f 3916/2076/1443 3915/2077/1444 3917/2078/1443
f 3919/2079/1445 3920/2080/1445 3918/2081/1445
f 3932/2082/1446 3935/2083/1447 3933/2084/1448
f 3936/2085/1449 3938/2086/1450 3937/2087/1449
f 3944/2088/1451 3945/2089/1451 3943/2090/1451
f 3947/2091/1452 3948/2092/1452 3946/2093/1452
f 3954/2094/1453 3955/2095/1453 3953/2096/1453
f 3958/2097/1454 3959/2098/1455 3960/2099/1456
f 3959/2098/1455 3961/2100/1457 3960/2099/1456
f 3962/2101/1458 3964/2102/1459 3963/2103/1460
f 3964/2102/1459 3965/2104/1461 3963/2103/1460
f 3974/2105/1462 3975/2106/1463 3973/2107/1464
f 3979/2108/1465 3981/2109/1465 3980/2110/1465
f 3989/2111/1466 3990/2112/1466 3988/2113/1466
f 3991/2114/1467 3993/2115/1468 3992/2116/1469
f 3993/2115/1468 3994/2117/1470 3992/2116/1469
f 3995/2118/1471 3997/2119/1472 3996/2120/1473
f 3997/2119/1472 3998/2121/1474 3996/2120/1473
f 3999/2122/1475 4001/2123/1475 4000/2124/1475
f 4006/2125/1476 4007/2126/1477 4005/2127/1478
f 4015/2128/1479 4016/2129/1480 4014/2130/1481
f 4027/2131/1482 4028/2132/1483 4026/2133/1484
f 4029/2134/1485 4030/2135/1486 4031/2136/1487
f 4030/2135/1486 4032/2137/1488 4031/2136/1487
f 4036/2138/1489 4038/2139/1489 4037/2140/1489
f 4042/2141/1490 4044/2142/1491 4043/2143/1492
f 4044/2144/1491 4045/2145/1493 4043/2146/1492
f 4049/2147/1494 4051/2148/1494 4050/2149/1494
f 4059/2150/1495 4061/2151/1496 4060/2152/1496
f 4063/2153/1497 4065/2154/1498 4064/2155/1499
f 4067/2156/1500 4068/2157/1500 4066/2158/1500
f 4073/2159/1501 4074/2160/1501 4072/2161/1502
f 4078/2162/1503 4079/2163/1503 4077/2164/1503
f 4082/2165/1504 4083/2166/1505 4081/2167/1506
f 4085/2168/1507 4086/2169/1507 4084/2170/1507
f 4092/2171/1508 4093/2172/1508 4091/2173/1508
f 4099/2174/1509 4100/2175/1510 4098/2176/1511
f 4102/2177/1512 4103/2178/1512 4101/2179/1512
f 4104/2180/1513 4106/2181/1514 4105/2182/1513
f 4109/2183/1515 4110/2184/1516 4108/2185/1517
f 4119/2186/1518 4120/2187/1518 4118/2188/1518
f 4123/2189/1519 4124/2190/1520 4122/2191/1521
f 4130/2192/1522 4131/2193/1522 4129/2194/1522
f 4133/2195/1523 4135/2196/1524 4134/2197/1525
f 4148/2198/1526 4149/2199/1526 4147/2200/1526
f 4151/2201/1527 4152/2202/1527 4150/2203/1527
f 4168/2204/1528 4169/2205/1529 4166/2206/1530
f 4171/2207/1531 4172/2208/1531 4170/2209/1532
f 4177/2210/1533 4178/2211/1534 4176/2212/1535
f 4177/2210/1533 4179/2213/1536 4178/2211/1534
f 4181/2214/1537 4182/2215/1537 4180/2216/1537
f 4187/2217/1538 4188/2218/1538 4186/2219/1538
f 4193/2220/1539 4196/2221/1540 4194/2222/1541
f 4202/2223/1542 4204/2224/1542 4203/2225/1542
f 4205/2226/1543 4207/2227/1544 4206/2228/1545
f 4207/2227/1544 4208/2229/1546 4206/2228/1545
f 4209/2230/1547 4211/2231/1547 4210/2232/1547
f 4213/2233/1548 4214/2234/1548 4212/2235/1548
f 4216/2236/1549 4217/2237/1550 4215/2238/1551
f 4222/2239/1552 4224/2240/1553 4223/2241/1554
f 4224/2240/1553 4225/2242/1555 4223/2241/1554
f 4226/2243/1556 4228/2244/1557 4227/2245/1558
f 4228/2244/1557 4229/2246/1559 4227/2245/1558
f 4235/2247/1560 4236/2248/1561 4234/2249/1562
f 4237/2250/1563 4241/2251/1564 4239/2252/1565
f 4239/2252/1565 4241/2251/1564 4242/2253/1566
f 4240/2254/1567 4243/2255/1568 4238/2256/1569
f 4243/2255/1568 4244/2257/1570 4241/2258/1564
f 4257/2259/1571 4245/2260/1572 4240/2254/1567
f 4244/2261/1570 4247/2262/1573 4242/2263/1566
f 4247/2262/1573 4254/2264/1574 4239/2265/1565
f 4246/2266/1575 4247/2267/1573 4244/2268/1570
f 4246/2266/1575 4250/2269/1576 4247/2267/1573
f 4246/2266/1575 4249/2270/1577 4250/2269/1576
f 4251/2271/1578 4253/2272/1579 4250/2273/1576
f 4248/2274/1580 4252/2275/1581 4254/2276/1574
f 4254/2276/1574 4252/2275/1581 4255/2277/1582
f 4252/2275/1581 4253/2272/1579 4256/2278/1583
f 4256/2279/1583 4258/2280/1584 4259/2281/1585
f 4259/2281/1585 4239/2282/1565 4255/2283/1582
f 4259/2281/1585 4260/2284/1586 4237/2285/1563
f 4261/2286/1587 4264/2287/1588 4263/2288/1589
f 4262/2289/1590 4265/2290/1591 4261/2291/1587
f 4266/2292/1592 4267/2293/1593 4265/2294/1591
f 4264/2295/1588 4269/2296/1594 4267/2297/1593
f 4264/2298/1588 4268/2299/1595 4269/2300/1594
f 4271/2301/1596 4270/2302/1597 4272/2303/1598
f 4274/2304/1599 4276/2305/1600 4275/2306/1601
f 4277/2307/1602 4274/2308/1599 4275/2309/1601
f 4284/2310/1603 4286/2311/1604 4285/2312/1605
f 4288/2313/1606 4289/2314/1607 4287/2315/1607
f 4290/2316/1608 4292/2317/1609 4291/2318/1610
f 4291/2319/1610 4292/2320/1609 4294/2321/1611
f 4292/2320/1609 4293/2322/1612 4294/2321/1611
f 4290/2323/1608 4294/2324/1611 4293/2325/1612
f 4294/2326/1611 4290/2327/1608 4291/2328/1610
f 4299/2329/1613 4295/2330/1614 4296/2331/1615
f 4297/2332/1616 4298/2333/1617 4296/2334/1615
f 4299/2335/1613 4298/2336/1617 4295/2337/1614
f 4300/2338/1618 4302/2339/1619 4301/2340/1619
f 6/2341/1620 3/2342/1 1/2343/1621
f 2/2344/3 5/2345/2 4/2346/1622
f 10/2347/4 7/2348/1623 8/2349/1624
f 1/2350/1621 2/2344/3 4/2346/1622
f 8/2351/1624 9/2352/1625 11/6/6
f 9/2353/1625 7/2354/1623 10/2355/4
f 13/2356/1626 10/2357/4 8/2358/1624
f 8/2359/1624 11/2360/6 14/2361/1627
f 11/2360/6 12/2362/5 14/2361/1627
f 16/11/9 15/2363/8 18/12/11
f 19/2364/15 17/2365/1628 24/2366/13
f 17/2367/1628 20/2368/12 18/2369/11
f 20/2368/12 17/2367/1628 19/2370/15
f 19/2371/15 21/17/16 20/2372/12
f 21/17/16 22/19/10 20/2372/12
f 29/2373/1629 26/27/19 30/26/18
f 29/2374/1629 28/2375/20 26/2376/19
f 27/30/17 31/29/21 30/2377/18
f 33/2378/1630 37/2379/1631 36/2380/23
f 32/31/22 33/2381/1630 36/32/23
f 37/2382/1631 34/2383/1632 35/2384/24
f 34/2385/1632 32/2386/22 35/2387/24
f 45/41/28 47/2388/1633 46/42/29
f 53/46/31 56/2389/1634 55/47/32
f 60/2390/1635 61/2391/1636 62/2392/1635
f 57/2393/1637 59/2394/1637 58/2395/1637
f 67/52/35 69/2396/1638 68/53/36
f 71/2397/1639 73/2398/1640 72/2399/1641
f 82/64/46 81/2400/1642 83/62/44
f 87/2401/1643 86/2402/1644 85/2403/1645
f 87/2401/1643 88/2404/1646 86/2402/1644
f 94/2405/1647 93/2406/1647 92/2407/1648
f 100/2408/1649 99/2409/1650 101/2410/1649
f 96/70/51 95/2411/1651 97/68/49
f 110/77/55 109/79/57 108/2412/1652
f 113/2413/1653 112/2414/1653 114/2415/1653
f 116/80/58 118/2416/1654 117/81/59
f 119/2417/1655 121/2418/1656 120/2419/1656
f 130/86/62 129/88/64 128/2420/1657
f 133/2421/1658 135/2422/1659 134/2423/1660
f 145/96/70 144/98/72 143/2424/1661
f 163/2425/1662 162/2426/1662 164/2427/1662
f 155/2428/1663 157/2429/1664 156/2430/1665
f 158/2431/1666 160/102/74 159/104/76
f 182/2432/1667 183/2433/1667 184/2434/1667
f 188/2435/1668 189/2436/1669 190/2437/1670
f 194/2438/1671 196/2439/1672 195/2440/1673
f 195/2440/1673 196/2439/1672 197/2441/1674
f 208/2442/1675 210/2443/1676 209/2444/1677
f 211/2445/1678 213/2446/1678 212/2447/1678
f 220/2448/1679 222/2449/1679 221/2450/1679
f 224/2451/1680 223/2452/1681 225/2453/1682
f 225/2453/1682 226/2454/1683 224/2451/1680
f 235/2455/1684 234/2456/1684 233/2457/1684
f 239/2458/1685 236/2459/1686 237/2460/1687
f 241/2461/1688 240/2462/1688 242/2463/1688
f 248/2464/1689 247/2465/1690 249/2466/1691
f 244/2467/1692 245/2468/1692 243/2469/1692
f 251/2470/1693 250/2471/1694 252/2472/1695
f 250/2471/1694 253/2473/1696 252/2472/1695
f 260/2474/1697 259/2475/1698 258/2476/1699
f 260/2474/1697 261/2477/1700 259/2475/1698
f 262/2478/1701 264/2479/1701 263/2480/1701
f 266/157/107 265/2481/1702 267/155/105
f 269/2482/1703 271/2483/1704 270/2484/1705
f 270/2484/1705 271/2483/1704 272/2485/1706
f 276/2486/1707 278/2487/1708 277/2488/1709
f 277/2488/1709 278/2487/1708 279/2489/1710
f 281/2490/1711 283/2491/1712 282/2492/1713
f 284/2493/1714 285/2494/1714 286/2495/1714
f 290/2496/1715 292/2497/1715 291/2498/1715
f 297/2499/1716 298/168/115 299/170/117
f 303/2500/1717 302/2501/1718 301/2502/1719
f 303/2503/1717 304/2504/1720 302/2505/1718
f 314/2506/1721 313/2507/1722 315/2508/1723
f 317/2509/1724 316/2510/1724 318/2511/1724
f 322/2512/1725 324/2513/1726 323/2514/1727
f 329/185/126 328/2515/1728 330/183/124
f 333/188/129 332/2516/1729 334/186/127
f 337/2517/1730 336/2518/1731 339/2519/1732
f 337/2517/1730 339/2519/1732 338/2520/1733
f 352/202/141 351/2521/1734 353/200/139
f 356/203/142 358/2522/1735 357/204/143
f 375/2523/1736 377/2524/1736 376/2525/1736
f 379/2526/1737 378/2527/1737 380/2528/1738
f 390/2529/1739 389/2530/1740 392/2531/1741
f 390/2529/1739 392/2531/1741 391/2532/1742
f 394/228/156 396/2533/1743 395/229/157
f 406/2534/1744 405/2535/1744 404/2536/1745
f 400/2537/1746 402/2538/1747 401/2539/1748
f 401/2539/1748 402/2538/1747 403/2540/1749
f 412/2541/1750 411/2542/1750 410/2543/1751
f 414/2544/1752 413/2545/1753 415/2546/1752
f 424/2547/1754 423/2548/1755 425/2549/1756
f 431/2550/1757 429/2551/1758 430/2552/1759
f 431/2550/1757 430/2552/1759 432/2553/1760
f 438/2554/1761 437/2555/1762 439/2556/1761
f 446/2557/1763 448/2558/1764 447/2559/1765
f 447/2559/1765 448/2558/1764 449/2560/1766
f 450/2561/1767 452/2562/1767 451/2563/1768
f 454/254/175 456/2564/1769 455/255/176
f 458/2565/1770 457/2566/1770 459/2567/1770
f 462/257/178 461/259/180 460/2568/1771
f 467/2569/1772 469/2570/182 468/2571/184
f 480/272/188 482/2572/1773 481/273/189
f 485/2573/1774 484/2574/1775 483/2575/1776
f 485/2576/1774 486/2577/1777 484/2578/1775
f 494/2579/1778 496/2580/1778 495/2581/1778
f 497/2582/1779 499/282/196 498/284/198
f 506/2583/1780 505/2584/1781 504/2585/1782
f 506/2583/1780 507/2586/1783 505/2584/1781
f 516/294/203 515/296/205 514/2587/1784
f 530/2588/1785 529/2589/1786 531/2590/1787
f 531/2591/1787 532/2592/1788 530/2593/1785
f 539/2594/1789 538/2595/1790 537/2596/1791
f 539/2594/1789 540/2597/1792 538/2595/1790
f 558/324/223 557/326/225 556/2598/1793
f 554/2599/1794 553/2600/1795 555/2601/1796
f 563/2602/1797 562/2603/1798 564/2604/1799
f 564/2604/1799 565/2605/1800 563/2602/1797
f 568/2606/1801 567/2607/1802 566/2608/1801
f 572/2609/1803 571/2610/1804 573/2611/1805
f 573/2612/1805 574/2613/1806 572/2614/1803
f 577/327/226 576/329/228 575/2615/1807
f 580/2616/1808 579/2617/1808 581/2618/1808
f 583/2619/1809 582/2620/1809 584/2621/1809
f 586/2622/1810 585/2623/1810 587/2624/1810
f 592/335/232 591/2625/1811 593/333/230
f 599/2626/1812 598/2627/1813 600/2628/1814
f 600/2629/1814 601/2630/1815 599/2631/1812
f 603/2632/1816 605/2633/1817 604/2634/1818
f 608/339/234 607/341/236 606/2635/1819
f 616/2636/1820 615/2637/1821 614/2638/1822
f 612/2639/1823 611/2640/1824 613/2641/1825
f 616/2636/1820 617/2642/1826 615/2637/1821
f 622/342/237 621/344/239 620/2643/1827
f 626/2644/1828 628/2645/241 627/2646/240
f 637/2647/1829 638/2648/1830 636/2649/1829
f 645/2650/249 643/2651/251 644/2652/1831
f 649/2653/1832 648/2654/1833 647/2655/1834
f 649/2653/1832 650/2656/1835 648/2654/1833
f 652/2657/1836 651/2658/1836 653/2659/1836
f 660/2660/1837 662/2661/1837 661/2662/1837
f 664/2663/1838 663/2664/1839 665/2665/1838
f 669/2666/1840 671/2667/1841 670/2668/1842
f 670/2668/1842 671/2667/1841 672/2669/1843
f 676/2670/1844 677/2671/1844 678/2672/1844
f 682/2673/1845 684/2674/1846 683/2675/1845
f 690/2676/1847 688/2677/1848 689/2678/1849
f 697/376/258 696/378/260 695/2679/1850
f 690/2676/1847 689/2678/1849 691/2680/1851
f 693/2681/1852 692/2682/1852 694/2683/1852
f 706/2684/1853 705/2685/1854 704/2686/1855
f 701/2687/1856 703/2688/1857 702/2689/1857
f 706/2684/1853 707/2690/1858 705/2685/1854
f 712/383/263 714/2691/1859 713/384/264
f 718/2692/1860 720/2693/1861 719/2694/1861
f 728/2695/1862 727/2696/1863 729/2697/1862
f 733/2698/1864 735/2699/1865 734/2700/1865
f 737/2701/1866 736/2702/1867 738/2703/1868
f 738/2703/1868 739/2704/1869 737/2701/1866
f 745/405/275 744/2705/1870 746/403/273
f 754/409/279 753/411/281 752/2706/1871
f 749/408/278 748/2707/1872 750/406/276
f 761/415/283 760/417/285 759/2708/1873
f 769/2709/1874 768/2710/1874 767/2711/1874
f 763/2712/1875 765/2713/1876 764/2714/1877
f 764/2714/1877 765/2713/1876 766/2715/1878
f 771/2716/288 773/2717/287 772/2718/1879
f 774/2719/1880 776/2720/1880 775/2721/1880
f 779/2722/1881 778/2723/1882 777/2724/1883
f 779/2722/1881 780/2725/1884 778/2723/1882
f 784/2726/1885 786/2727/1886 785/2728/1886
f 792/2729/1887 791/2730/1888 793/2731/1889
f 793/2731/1889 794/2732/1890 792/2729/1887
f 799/2733/1891 801/2734/1892 800/2735/1893
f 803/2736/1894 802/2737/1895 805/2738/1896
f 802/2737/1895 804/2739/1897 805/2738/1896
f 810/436/299 812/435/298 811/2740/1898
f 816/2741/1899 818/2742/1899 817/2743/1899
f 824/2744/1900 823/2745/1901 825/2746/1902
f 830/443/302 829/445/304 828/2747/1903
f 842/2748/1904 843/2749/1904 844/2750/1904
f 846/2751/1905 845/2752/1906 847/2753/1905
f 849/2754/1907 848/2755/1908 850/2756/1907
f 853/2757/1909 852/2758/1910 851/2759/1911
f 853/2757/1909 854/2760/1912 852/2758/1910
f 856/2761/1913 855/2762/1914 857/2763/1915
f 856/2761/1913 857/2763/1915 858/2764/1916
f 863/463/317 862/2765/1917 864/461/315
f 866/2766/1918 867/2767/1918 868/2768/1918
f 870/2769/1919 869/2770/1920 871/2771/1921
f 871/2771/1921 872/2772/1922 870/2769/1919
f 878/2773/1923 877/2774/1924 880/2775/1925
f 873/2776/1926 875/2777/1927 874/2778/1928
f 874/2779/1928 875/2780/1927 876/2781/1929
f 877/2774/1924 879/2782/1930 880/2775/1925
f 886/2783/1931 888/2784/1932 887/2785/1933
f 904/2786/1934 903/2787/1935 902/2788/1936
f 896/2789/1937 895/2790/1938 897/2791/1939
f 899/476/326 898/2792/1940 900/474/324
f 904/2786/1934 905/2793/1941 903/2787/1935
f 908/2794/1942 906/2795/1942 907/2796/1943
f 915/2797/1944 916/2798/1945 917/2799/1946
f 913/2800/1947 912/2801/1947 914/2802/1947
f 917/2799/1946 916/2798/1945 918/2803/1948
f 920/2804/1949 919/2805/1950 921/2806/1949
f 923/480/328 925/2807/1951 924/481/329
f 934/2808/1952 932/2809/1953 933/2810/1954
f 929/2811/1955 931/2812/1955 930/2813/1955
f 934/2808/1952 933/2810/1954 935/2814/1956
f 947/492/336 946/494/338 945/2815/1957
f 942/489/333 944/2816/1958 943/490/334
f 953/2817/1959 952/2818/1960 954/2819/1959
f 959/2820/1961 958/2821/1961 960/2822/1961
f 962/501/341 964/2823/1962 963/502/342
f 967/2824/1963 969/2825/1963 968/2826/1963
f 972/2827/1964 970/2828/1965 971/2829/1966
f 972/2827/1964 971/2829/1966 973/2830/1967
f 975/2831/1968 974/2832/1968 976/2833/1968
f 981/2834/1969 982/2835/1970 980/2836/1969
f 984/2837/348 986/2838/347 985/2839/1971
f 993/2840/1972 992/2841/1972 991/2842/1973
f 988/2843/1974 987/2844/1975 989/2845/1976
f 989/2846/1976 990/2847/1977 988/2848/1974
f 999/512/351 998/2849/1978 1000/510/349
f 994/2850/1979 996/2851/1980 995/2852/1981
f 995/2852/1981 996/2851/1980 997/2853/1982
f 1004/2854/1983 1003/2855/1983 1002/2856/1983
f 1011/2857/1984 1010/2858/1985 1009/2859/1986
f 1011/2857/1984 1012/2860/1987 1010/2858/1985
f 1019/2861/1988 1020/2862/1988 1021/2863/1988
f 1028/2864/1989 1030/2865/1990 1029/2866/1991
f 1044/2867/1992 1046/2868/1993 1045/2869/1994
f 1045/2870/1994 1046/2871/1993 1047/2872/1995
f 1051/2873/1996 1053/2874/1997 1052/2875/1998
f 1052/2875/1998 1053/2874/1997 1054/2876/1999
f 1059/544/374 1061/2877/2000 1060/545/375
f 1064/2878/2001 1063/2879/2002 1065/2880/2003
f 1073/2881/2004 1075/2882/2004 1074/2883/2004
f 1079/552/380 1081/2884/2005 1080/553/381
f 1083/2885/2006 1084/2886/2007 1082/2887/2008
f 1086/2888/2009 1085/2889/2009 1087/2890/2009
f 1089/2891/2010 1088/2892/2011 1090/2893/2010
f 1093/2894/2012 1092/2895/2013 1091/2896/2014
f 1093/2894/2012 1094/2897/2015 1092/2895/2013
f 1096/2898/385 1095/2899/2016 1097/2900/383
f 1107/563/389 1106/2901/2017 1108/561/387
f 1102/2902/2018 1104/2903/2019 1103/2904/2020
f 1103/2905/2020 1104/2906/2019 1105/2907/2021
f 1111/2908/2022 1113/2909/2023 1112/2910/2024
f 1122/2911/2025 1121/2912/2026 1123/2913/2025
f 1128/2914/397 1130/2915/2027 1129/2916/398
f 1133/2917/2028 1132/2918/2028 1131/2919/2029
f 1136/2920/2030 1135/2921/2031 1134/2922/2032
f 1136/2920/2030 1137/2923/2033 1135/2921/2031
f 1155/2924/406 1154/2925/408 1153/2926/2034
f 1150/2927/2035 1151/2928/2035 1152/2929/2035
f 1158/2930/2036 1157/2931/2036 1159/2932/2036
f 1162/2933/2037 1161/2934/2037 1160/2935/2037
f 1169/2936/2038 1168/2937/2039 1167/2938/2040
f 1169/2936/2038 1170/2939/2041 1168/2937/2039
f 1180/2940/2042 1178/2941/2042 1179/2942/2042
f 1186/2943/2043 1187/2944/2043 1188/2945/2043
f 1193/2946/2044 1192/2947/2044 1194/2948/2044
f 1196/2949/2045 1195/2950/2045 1197/2951/2045
f 1200/2952/2046 1199/2953/2046 1198/2954/2047
f 1212/623/430 1213/622/429 1214/2955/2048
f 1218/2956/2049 1217/2957/2049 1219/2958/2049
f 1220/2959/2050 1222/2960/2051 1221/2961/2051
f 1227/629/434 1226/2962/2052 1228/627/432
f 1231/632/437 1232/631/436 1233/2963/2053
f 1239/2964/2054 1238/2965/2055 1237/2966/2056
f 1243/2967/2057 1242/2968/2057 1241/2969/2057
f 1239/2964/2054 1240/2970/2058 1238/2965/2055
f 1244/2971/2059 1246/2972/2060 1245/2973/2059
f 1250/2974/2061 1252/639/442 1251/641/444
f 1258/2975/2062 1260/2976/2063 1259/2977/2064
f 1259/2978/2064 1260/2979/2063 1261/2980/2065
f 1272/2981/2066 1271/2982/2067 1273/2983/2068
f 1280/2984/2069 1282/2985/2070 1281/2986/2070
f 1284/2987/459 1283/2988/2071 1285/2989/457
f 1288/664/462 1287/2990/2072 1289/662/460
f 1295/669/465 1297/2991/2073 1296/670/466
f 1300/2992/2074 1299/2993/2075 1298/2994/2076
f 1300/2992/2074 1301/2995/2077 1299/2993/2075
f 1310/682/474 1312/681/473 1311/2996/2078
f 1320/2997/2079 1319/2998/2080 1321/2999/2081
f 1319/2998/2080 1322/3000/2082 1321/2999/2081
f 1324/3001/481 1326/3002/480 1325/3003/2083
f 1332/3004/2084 1331/3005/2085 1330/3006/2086
f 1328/3007/2087 1327/3008/2088 1329/3009/2087
f 1332/3010/2084 1333/3011/2089 1331/3012/2085
f 1335/694/484 1337/693/483 1336/3013/2090
f 1344/3014/2091 1343/3015/2092 1342/3016/2093
f 1344/3014/2091 1345/3017/2094 1343/3015/2092
f 1346/3018/2095 1348/3019/2095 1347/3020/2095
f 1349/3021/2096 1351/3022/2096 1350/3023/2096
f 1353/701/491 1352/3024/2097 1354/699/489
f 1360/3025/2098 1359/3026/2099 1361/3027/2098
f 1368/708/495 1370/3028/2100 1369/709/496
f 1377/3029/2101 1376/3030/2101 1378/3031/2101
f 1387/3032/2102 1386/3033/2103 1385/3034/2104
f 1382/3035/2105 1384/3036/2106 1383/3037/2106
f 1387/3038/2102 1388/3039/2107 1386/3040/2103
f 1392/3041/2108 1391/3042/2109 1393/3043/2110
f 1398/720/503 1400/3044/2111 1399/721/504
f 1405/728/509 1404/3045/2112 1406/726/507
f 1426/3046/2113 1425/3047/2113 1427/3048/2113
f 1421/3049/2114 1423/3050/2115 1422/3051/2116
f 1422/3051/2116 1423/3050/2115 1424/3052/2117
f 1436/750/526 1438/3053/2118 1437/751/527
f 1445/3054/2119 1444/3055/2120 1443/3056/2121
f 1440/752/528 1442/3057/2122 1441/753/529
f 1445/3054/2119 1446/3058/2123 1444/3055/2120
f 1448/3059/2124 1447/3060/2125 1449/3061/2126
f 1449/3061/2126 1450/3062/2127 1448/3059/2124
f 1452/3063/2128 1451/3064/2128 1453/3065/2129
f 1461/3066/2130 1460/3067/2131 1459/3068/2132
f 1461/3066/2130 1462/3069/2133 1460/3067/2131
f 1467/3070/2134 1466/3071/2135 1468/3072/2136
f 1483/772/542 1485/3073/2137 1484/773/543
f 1492/3074/2138 1491/3075/2139 1490/3076/2140
f 1488/3077/2141 1487/3078/2142 1489/3079/2143
f 1492/3074/2138 1493/3080/2144 1491/3075/2139
f 1495/3081/2145 1494/3082/2146 1496/3083/2147
f 1496/3083/2147 1497/3084/2148 1495/3081/2145
f 1498/3085/2149 1500/775/545 1499/777/547
f 1503/3086/2150 1502/3087/2150 1504/3088/2150
f 1512/3089/2151 1514/3090/2151 1513/3091/2151
f 1521/3092/2152 1523/3093/2153 1522/3094/2154
f 1522/3094/2154 1523/3093/2153 1524/3095/2155
f 1528/3096/2156 1529/791/557 1530/793/559
f 1532/3097/2157 1534/3098/2158 1533/3099/2159
f 1533/3099/2159 1534/3098/2158 1535/3100/2160
f 1536/3101/2161 1538/3102/2161 1537/3103/2161
f 1549/3104/2162 1548/3105/2162 1547/3106/2163
f 1557/808/567 1556/3107/2164 1558/806/565
f 1565/815/574 1564/3108/2165 1566/813/572
f 1576/3109/2166 1575/3110/2167 1577/3111/2166
f 1589/3112/2168 1588/3113/2169 1590/3114/2170
f 1590/3114/2170 1591/3115/2171 1589/3112/2168
f 1611/3116/2172 1613/3117/2173 1612/3118/2173
f 1625/3119/2174 1624/3120/2175 1626/3121/2174
f 1631/3122/2176 1630/3123/2176 1632/3124/2176
f 1635/3125/2177 1634/3126/2177 1633/3127/2178
f 1644/873/609 1643/875/611 1642/3128/2179
f 1650/879/613 1652/3129/2180 1651/880/614
f 1654/3130/2181 1653/3131/2181 1655/3132/2181
f 1657/3133/2182 1659/3134/2183 1658/3135/2184
f 1660/3136/2185 1662/3137/2186 1661/3138/2186
f 1673/3139/2187 1672/3140/2188 1674/3141/2188
f 1675/3142/2189 1677/3143/2189 1676/3144/2189
f 1682/3145/2190 1681/3146/2191 1683/3147/2192
f 1683/3147/2192 1684/3148/2193 1682/3145/2190
f 1687/3149/2194 1689/3150/620 1688/3151/622
f 1694/3152/2195 1695/3153/2195 1696/3154/2195
f 1699/3155/2196 1698/3156/2197 1697/3157/2198
f 1699/3155/2196 1700/3158/2199 1698/3156/2197
f 1702/3159/2200 1701/3160/2201 1703/3161/2202
f 1703/3161/2202 1704/3162/2203 1702/3159/2200
f 1709/3163/2204 1708/3164/2205 1710/3165/2205
f 1713/3166/2206 1715/3167/2206 1714/3168/2206
f 1718/3169/2207 1717/3170/2208 1716/3171/2209
f 1718/3169/2207 1719/3172/2210 1717/3170/2208
f 1721/3173/2211 1720/3174/2212 1722/3175/2211
f 1726/3176/2213 1728/3177/2214 1727/3178/2215
f 1735/903/628 1734/905/630 1733/3179/2216
f 1730/900/625 1732/3180/2217 1731/901/626
f 1751/3181/2218 1753/3182/2219 1752/3183/2220
f 1763/3184/2221 1761/3185/2222 1762/3186/2223
f 1763/3184/2221 1762/3186/2223 1764/3187/2224
f 1777/3188/2225 1775/3189/2226 1776/3190/2227
f 1777/3188/2225 1776/3190/2227 1778/3191/2228
f 1786/3192/2229 1785/3193/2230 1787/3194/2229
f 1801/3195/2231 1800/3196/2232 1799/3197/2233
f 1796/3198/2234 1798/3199/2235 1797/3200/2234
f 1801/3201/2231 1802/3202/2236 1800/3203/2232
f 1818/3204/2237 1819/3205/2237 1817/3206/2237
f 1820/967/672 1821/3207/2238 1822/965/670
f 1826/3208/2239 1827/3209/2239 1828/3210/2239
f 1830/3211/2240 1829/3212/2240 1831/3213/2240
f 1834/3214/2241 1833/3215/2242 1832/3216/2243
f 1834/3214/2241 1835/3217/2244 1833/3215/2242
f 1841/3218/2245 1840/3219/2246 1839/3220/2247
f 1841/3221/2245 1842/3222/2248 1840/3223/2246
f 1844/3224/2249 1846/3225/2250 1845/3226/2251
f 1849/3227/2252 1848/3228/2253 1847/3229/2254
f 1849/3227/2252 1850/3230/2255 1848/3228/2253
f 1863/980/677 1865/3231/2256 1864/981/678
f 1866/3232/2257 1867/3233/2258 1868/3234/2259
f 1870/3235/682 1872/3236/681 1871/3237/2260
f 1874/988/685 1873/3238/2261 1875/986/683
f 1882/3239/2262 1884/3240/2263 1883/3241/2264
f 1894/3242/2265 1895/3243/2265 1893/3244/2265
f 1901/1009/704 1900/3245/2266 1902/1007/702
f 1912/3246/2267 1911/3247/2268 1910/3248/2269
f 1907/3249/2270 1909/3250/2271 1908/3251/2271
f 1912/3246/2267 1913/3252/2272 1911/3247/2268
f 1925/1021/711 1924/3253/2273 1926/1019/709
f 1921/3254/2274 1920/3255/2275 1922/3256/2276
f 1922/3256/2276 1923/3257/2277 1921/3254/2274
f 1928/3258/2278 1930/3259/2279 1929/3260/2280
f 1929/3260/2280 1930/3259/2279 1931/3261/2281
f 1935/3262/2282 1936/3263/2282 1937/3264/2282
f 1938/3265/2283 1939/1025/713 1940/1027/715
f 1943/3266/2284 1942/3267/2285 1944/3268/2286
f 1944/3268/2286 1945/3269/2287 1943/3266/2284
f 1956/3270/2288 1955/3271/2289 1954/3272/2290
f 1951/3273/2291 1952/3274/2291 1953/3275/2292
f 1956/3276/2288 1957/3277/2293 1955/3278/2289
f 1991/3279/2294 1990/3280/2295 1989/3281/2296
f 1986/3282/2297 1985/3283/2298 1987/3284/2299
f 1987/3284/2299 1988/3285/2300 1986/3282/2297
f 1990/3280/2295 1991/3279/2294 1992/3286/2301
f 1997/1051/731 1996/1053/733 1995/3287/2302
f 2006/3288/2303 2005/3289/2304 2007/3290/2303
f 2009/3291/2305 2008/3292/2306 2010/3293/2307
f 2010/3293/2307 2011/3294/2308 2009/3291/2305
f 2016/3295/2309 2015/3296/2310 2017/3297/2311
f 2017/3298/2311 2018/3299/2312 2016/3300/2309
f 2021/1063/737 2020/1065/739 2019/3301/2313
f 2037/1078/746 2036/1080/748 2035/3302/2314
f 2040/1083/751 2039/3303/2315 2041/1081/749
f 2044/1086/754 2043/3304/2316 2045/1084/752
f 2051/3305/2317 2053/3306/2318 2052/3307/2318
f 2054/3308/2319 2056/3309/2320 2055/3310/2321
f 2055/3310/2321 2056/3309/2320 2057/3311/2322
f 2064/3312/2323 2063/3313/2324 2062/3314/2325
f 2064/3315/2323 2065/3316/2326 2063/3317/2324
f 2083/3318/2327 2085/3319/2328 2084/3320/2329
f 2084/3320/2329 2085/3319/2328 2086/3321/2330
f 2094/3322/2331 2095/3323/2332 2096/3324/2333
f 2105/3325/2334 2107/3326/2335 2106/3327/2336
f 2106/3327/2336 2107/3326/2335 2108/3328/2337
f 2119/3329/2338 2118/3330/2338 2120/3331/2339
f 2121/3332/2340 2122/1130/786 2123/1132/788
f 2126/1135/791 2125/3333/2341 2127/1133/789
f 2137/1140/796 2136/1142/798 2135/3334/2342
f 2145/1148/802 2144/3335/2343 2146/1146/800
f 2151/3336/2344 2153/3337/2345 2152/3338/2346
f 2152/3338/2346 2153/3337/2345 2154/3339/2347
f 2160/3340/2348 2159/3341/2349 2161/3342/2350
f 2161/3342/2350 2162/3343/2351 2160/3340/2348
f 2170/3344/2352 2169/3345/2352 2171/3346/2352
f 2182/3347/2353 2183/3348/2353 2184/3349/2353
f 2192/3350/2354 2191/3351/2355 2193/3352/2354
f 2198/3353/2356 2197/3354/2356 2199/3355/2356
f 2204/1186/826 2203/3356/2357 2205/1184/824
f 2209/3357/2358 2208/3358/2359 2207/3359/2360
f 2209/3357/2358 2210/3360/2361 2208/3358/2359
f 2217/3361/2362 2216/3362/2363 2215/3363/2364
f 2211/3364/2365 2213/3365/2366 2212/3366/2367
f 2212/3366/2367 2213/3365/2366 2214/3367/2368
f 2217/3368/2362 2218/3369/2369 2216/3370/2363
f 2221/3371/2370 2220/3372/2371 2222/3373/2372
f 2224/3374/2373 2223/3375/2374 2225/3376/2375
f 2225/3376/2375 2226/3377/2376 2224/3374/2373
f 2230/3378/2377 2232/3379/2377 2231/3380/2377
f 2241/3381/2378 2240/3382/2378 2239/3383/2379
f 2236/3384/2380 2237/3385/2380 2238/3386/2380
f 2250/3387/2381 2249/3388/2382 2248/3389/2383
f 2245/3390/2384 2247/3391/2385 2246/3392/2385
f 2250/3387/2381 2251/3393/2386 2249/3388/2382
f 2252/3394/2387 2254/3395/2388 2253/3396/2387
f 2260/3397/2389 2259/3398/2390 2261/3399/2391
f 2261/3399/2391 2262/3400/2392 2260/3397/2389
f 2263/3401/2393 2265/3402/2393 2264/3403/2393
f 2278/3404/2394 2277/3405/2395 2276/3406/2396
f 2278/3404/2394 2279/3407/2397 2277/3405/2395
f 2285/3408/2398 2283/3409/2399 2286/3410/2400
f 2281/3411/2401 2280/3412/2402 2282/3413/2401
f 2296/3414/2403 2298/3415/2403 2297/3416/2403
f 2300/3417/2404 2299/3418/2405 2301/3419/2406
f 2301/3419/2406 2302/3420/2407 2300/3417/2404
f 2303/3421/2408 2305/3422/2409 2304/3423/2410
f 2318/3424/2411 2317/3425/2412 2316/3426/2413
f 2313/1223/847 2312/3427/2414 2314/1221/845
f 2318/3424/2411 2319/3428/2415 2317/3425/2412
f 2324/3429/2416 2326/3430/2416 2325/3431/2416
f 2334/1231/853 2333/1233/855 2332/3432/2417
f 2344/1243/864 2343/3433/2418 2345/1241/862
f 2349/3434/2419 2348/3435/2419 2347/3436/2420
f 2351/3437/2421 2350/3438/2422 2352/3439/2421
f 2354/1246/867 2353/3440/2423 2355/1244/865
f 2357/3441/2424 2359/3442/2424 2358/3443/2424
f 2362/3444/2425 2361/3445/2426 2360/3446/2427
f 2362/3447/2425 2363/3448/2428 2361/3449/2426
f 2374/3450/2429 2376/3451/2430 2375/3452/2431
f 2382/3453/2432 2381/3454/2433 2380/3455/2434
f 2382/3453/2432 2383/3456/2435 2381/3454/2433
f 2394/3457/2436 2393/3458/2437 2395/3459/2436
f 2404/3460/2438 2406/3461/2438 2405/3462/2438
f 2412/3463/2439 2411/3464/2440 2413/3465/2439
f 2415/1279/887 2416/1278/886 2417/3466/2441
f 2428/3467/2442 2427/3468/2443 2426/3469/2444
f 2428/3467/2442 2429/3470/2445 2427/3468/2443
f 2431/3471/2446 2430/3472/2447 2432/3473/2448
f 2432/3473/2448 2433/3474/2449 2431/3471/2446
f 2438/3475/2450 2440/3476/2451 2439/3477/2452
f 2438/3478/2450 2437/3479/2453 2440/3480/2451
f 2445/3481/2454 2444/3482/2455 2446/3483/2456
f 2446/3483/2456 2447/3484/2457 2445/3481/2454
f 2453/3485/2458 2452/3486/2459 2451/3487/2460
f 2448/3488/2461 2450/3489/2462 2449/3490/2462
f 2453/3491/2458 2454/3492/2463 2452/3493/2459
f 2459/1290/896 2458/1292/898 2457/3494/2464
f 2462/3495/2465 2461/3496/2466 2463/3497/2465
f 2468/3498/2467 2467/3499/2467 2466/3500/2468
f 2471/3501/899 2470/3502/901 2469/3503/2469
f 2478/3504/2470 2477/3505/2471 2479/3506/2470
f 2481/3507/2472 2480/3508/2473 2482/3509/2474
f 2482/3509/2474 2483/3510/2475 2481/3507/2472
f 2485/1300/906 2487/3511/2476 2486/1301/907
f 2489/1305/911 2488/3512/2477 2490/1303/909
f 2492/3513/2478 2493/3514/2478 2494/3515/2479
f 2499/3516/2480 2498/3517/2481 2500/3518/2482
f 2500/3518/2482 2501/3519/2483 2499/3516/2480
f 2515/3520/2484 2514/3521/2484 2513/3522/2485
f 2521/1326/926 2523/3523/2486 2522/1327/927
f 2533/3524/2487 2532/3525/2488 2531/3526/2489
f 2528/3527/2490 2527/3528/2491 2529/3529/2492
f 2529/3529/2492 2530/3530/2493 2528/3527/2490
f 2533/3524/2487 2534/3531/2494 2532/3525/2488
f 2539/1337/933 2538/3532/2495 2540/1335/931
f 2552/3533/2496 2554/3534/941 2553/3535/943
f 2557/3536/2497 2556/3537/2498 2558/3538/2497
f 2569/3539/2499 2571/3540/2500 2570/3541/2501
f 2570/3542/2501 2571/3543/2500 2572/3544/2502
f 2579/1358/950 2578/1360/952 2577/3545/2503
f 2575/3546/2504 2574/3547/2505 2576/3548/2506
f 2582/3549/2507 2581/3550/2507 2583/3551/2507
f 2596/3552/2508 2595/3553/2509 2597/3554/2508
f 2603/1382/968 2604/1381/967 2605/3555/2510
f 2608/3556/2511 2607/3557/2512 2606/3558/2513
f 2608/3556/2511 2609/3559/2514 2607/3557/2512
f 2610/3560/2515 2612/3561/2516 2611/3562/2517
f 2611/3562/2517 2612/3561/2516 2613/3563/2518
f 2626/3564/2519 2625/3565/2520 2624/3566/2521
f 2626/3564/2519 2627/3567/2522 2625/3565/2520
f 2634/3568/2523 2636/3569/2524 2635/3570/2525
f 2635/3570/2525 2636/3569/2524 2637/3571/2526
f 2642/3572/2527 2644/3573/2528 2643/3574/2529
f 2649/3575/2530 2648/3576/2530 2650/3577/2530
f 2656/3578/2531 2655/3579/2531 2654/3580/2532
f 2656/3578/2531 2657/3581/2533 2655/3579/2531
f 2660/3582/2534 2659/3583/2535 2658/3584/2536
f 2660/3582/2534 2661/3585/2537 2659/3583/2535
f 2669/3586/2538 2668/3587/2539 2670/3588/2538
f 2671/3589/2540 2673/3590/2541 2672/3591/2542
f 2672/3592/2542 2673/3593/2541 2674/3594/2543
f 2676/3595/2544 2675/3596/2545 2677/3597/2544
f 2678/3598/2546 2680/3599/2546 2679/3600/2546
f 2682/3601/2547 2681/3602/2548 2683/3603/2549
f 2685/3604/2550 2687/3605/2551 2686/3606/2552
f 2693/1414/985 2692/1416/987 2691/3607/2553
f 2689/3608/2554 2688/3609/2555 2690/3610/2554
f 2696/3611/2556 2695/3612/2556 2697/3613/2556
f 2699/3614/2557 2698/3615/2557 2700/3616/2557
f 2709/1428/995 2708/3617/2558 2710/1426/993
f 2712/3618/2559 2714/3619/2560 2713/3620/2560
f 2720/3621/2561 2719/3622/2561 2721/3623/2562
f 2722/3624/2563 2723/1435/1000 2724/1437/1002
f 2733/3625/2564 2734/3626/2564 2735/3627/2564
f 2739/3628/2565 2738/3629/2565 2740/3630/2565
f 2742/3631/2566 2744/3632/2567 2743/3633/2568
f 2745/3634/2569 2747/3635/2569 2746/3636/2569
f 2756/1451/1010 2755/1453/1012 2754/3637/2570
f 2760/3638/2571 2758/3639/2572 2761/3640/2573
f 2771/1464/1021 2773/3641/2574 2772/1465/1022
f 2780/3642/2575 2781/1473/1027 2782/1475/1029
f 2788/3643/2576 2787/3644/2577 2789/3645/2578
f 2789/3646/2578 2790/3647/2579 2788/3648/2576
f 2792/1479/1031 2794/3649/2580 2793/1480/1032
f 2798/3650/2581 2800/3651/2581 2799/3652/2581
f 2805/3653/2582 2804/3654/2583 2806/3655/2584
f 2806/3655/2584 2807/3656/2585 2805/3653/2582
f 2818/3657/2586 2817/3658/2587 2819/3659/2586
f 2824/3660/2588 2823/3661/2589 2825/3662/2590
f 2827/3663/2591 2828/3664/2592 2826/3665/2591
f 2831/3666/2593 2830/3667/2593 2829/3668/2594
f 2838/3669/1046 2837/3670/1048 2836/3671/2595
f 2849/3672/2596 2848/3673/2597 2847/3674/2598
f 2844/3675/2599 2843/3676/2600 2845/3677/2601
f 2845/3677/2601 2846/3678/2602 2844/3675/2599
f 2849/3672/2596 2850/3679/2603 2848/3673/2597
f 2859/3680/2604 2858/3681/2604 2860/3682/2604
f 2865/3683/1056 2867/3684/2605 2866/3685/1057
f 2876/3686/2606 2875/3687/2606 2877/3688/2606
f 2897/3689/2607 2899/3690/2608 2898/3691/2607
f 2905/3692/2609 2904/3693/2610 2903/3694/2611
f 2905/3692/2609 2906/3695/2612 2904/3693/2610
f 2913/3696/2613 2915/3697/2614 2914/3698/2615
f 2914/3698/2615 2915/3697/2614 2916/3699/2616
f 2924/3700/2617 2923/3701/2618 2925/3702/2619
f 2925/3702/2619 2926/3703/2620 2924/3700/2617
f 2940/3704/2621 2942/3705/2622 2941/3706/2623
f 2941/3706/2623 2942/3705/2622 2943/3707/2624
f 2944/3708/2625 2946/3709/2626 2945/3710/2626
f 2948/3711/2627 2947/3712/2628 2949/3713/2629
f 2949/3713/2629 2950/3714/2630 2948/3711/2627
f 2967/3715/2631 2968/3716/2631 2969/3717/2631
f 2971/3718/2632 2970/3719/2633 2972/3720/2634
f 2972/3721/2634 2973/3722/2635 2971/3723/2632
f 2979/3724/2636 2978/3725/2636 2980/3726/2636
f 2975/3727/2637 2974/3728/2638 2976/3729/2639
f 2976/3729/2639 2977/3730/2640 2975/3727/2637
f 2983/1589/1100 2982/1591/1102 2981/3731/2641
f 2993/3732/2642 2992/3733/2643 2994/3734/2644
f 2994/3734/2644 2995/3735/2645 2993/3732/2642
f 3000/3736/2646 2999/3737/2647 3001/3738/2646
f 3006/3739/2648 3005/3740/2649 3007/3741/2648
f 3010/3742/2650 3009/3743/2650 3008/3744/2651
f 3017/3745/2652 3016/3746/2653 3018/3747/2652
f 3019/3748/2654 3021/3749/2654 3020/3750/2654
f 3029/3751/2655 3028/3752/2656 3027/3753/2657
f 3029/3751/2655 3030/3754/2658 3028/3752/2656
f 3032/1613/1115 3031/3755/2659 3033/1611/1113
f 3044/1624/1126 3043/3756/2660 3045/1622/1124
f 3051/1628/1128 3053/3757/2661 3052/1629/1129
f 3055/3758/2662 3054/3759/2663 3056/3760/2662
f 3061/3761/2664 3060/3762/2665 3062/3763/2666
f 3062/3763/2666 3063/3764/2667 3061/3761/2664
f 3067/3765/2668 3066/3766/2668 3068/3767/2668
f 3070/3768/2669 3069/3769/2670 3071/3770/2669
f 3073/1634/1133 3075/3771/2671 3074/1635/1134
f 3077/3772/2672 3076/3773/2673 3078/3774/2674
f 3080/3775/2675 3079/3776/2675 3081/3777/2675
f 3085/3778/2676 3084/3779/2676 3086/3780/2676
f 3087/3781/2677 3088/3782/2677 3089/3783/2677
f 3094/3784/2678 3093/3785/2678 3095/3786/2678
f 3100/1645/1141 3099/3787/2679 3101/1643/1139
f 3104/3788/2680 3106/3789/2681 3105/3790/2682
f 3109/3791/2683 3108/3792/2684 3107/3793/2685
f 3109/3794/2683 3110/3795/2686 3108/3796/2684
f 3112/3797/2687 3111/3798/2687 3113/3799/2687
f 3122/1646/1142 3121/1648/1144 3120/3800/2688
f 3115/3801/2689 3114/3802/2690 3116/3803/2689
f 3117/3804/2691 3119/3805/2691 3118/3806/2692
f 3126/3807/2693 3125/3808/2694 3124/3809/2695
f 3126/3807/2693 3127/3810/2696 3125/3808/2694
f 3132/3811/2697 3131/3812/2697 3133/3813/2697
f 3134/3814/2698 3136/3815/2698 3135/3816/2698
f 3138/3817/2699 3137/3818/2700 3139/3819/2701
f 3139/3819/2701 3140/3820/2702 3138/3817/2699
f 3143/1652/1146 3142/1654/1148 3141/3821/2703
f 3147/1655/1149 3146/1657/1151 3145/3822/2704
f 3155/3823/2705 3154/3824/2705 3153/3825/2706
f 3157/3826/2707 3156/3827/2707 3158/3828/2707
f 3162/3829/2708 3164/3830/2709 3163/3831/2708
f 3170/1665/1157 3169/1667/1159 3168/3832/2710
f 3165/3833/2711 3167/3834/2711 3166/3835/2711
f 3176/3836/2712 3175/3837/2712 3177/3838/2713
f 3192/3839/2714 3191/3840/2715 3193/3841/2716
f 3193/3841/2716 3194/3842/2717 3192/3839/2714
f 3199/3843/1169 3198/3844/1171 3197/3845/2718
f 3202/1689/1174 3201/3846/2719 3203/1687/1172
f 3213/3847/2720 3212/3848/2720 3211/3849/2721
f 3219/1701/1180 3218/1700/1179 3220/3850/2722
f 3232/3851/2723 3231/3852/2723 3230/3853/2724
f 3228/3854/2725 3227/3855/2726 3229/3856/2725
f 3238/3857/2727 3236/3858/2728 3239/3859/2729
f 3233/3860/2730 3235/3861/2730 3234/3862/2730
f 3242/3863/2731 3241/3864/2732 3243/3865/2733
f 3254/1719/1191 3253/3866/2734 3255/1717/1189
f 3261/3867/2735 3262/3868/2736 3263/3869/2737
f 3257/3870/2738 3259/3871/2739 3258/3872/2740
f 3258/3873/2740 3259/3874/2739 3260/3875/2741
f 3267/1720/1192 3266/1722/1194 3265/3876/2742
f 3263/3869/2737 3262/3868/2736 3264/3877/2743
f 3279/1729/1198 3278/1731/1200 3277/3878/2744
f 3282/1734/1203 3281/3879/2745 3283/1732/1201
f 3290/3880/2746 3289/3881/2747 3291/3882/2748
f 3286/3883/2749 3285/3884/2749 3287/3885/2750
f 3293/3886/2751 3294/3887/2752 3292/3888/2751
f 3299/1738/1205 3301/3889/2753 3300/1739/1206
f 3307/3890/2754 3306/3891/2755 3305/3892/2756
f 3307/3890/2754 3308/3893/2757 3306/3891/2755
f 3312/3894/2758 3313/3895/2758 3311/3896/2758
f 3322/3897/2759 3320/3898/2760 3321/3899/2759
f 3329/1755/1214 3328/3900/2761 3330/1753/1212
f 3338/3901/1219 3337/3902/1221 3336/3903/2762
f 3345/3904/2763 3346/3905/2763 3344/3906/2763
f 3351/3907/2764 3353/3908/2765 3352/3909/2766
f 3365/1781/1234 3364/3910/2767 3366/1779/1232
f 3374/3911/2768 3376/3912/2769 3375/3913/2768
f 3384/3914/2770 3383/3915/2771 3385/3916/2770
f 3393/3917/2772 3395/3918/2773 3394/3919/2773
f 3397/3920/2774 3396/3921/2774 3398/3922/2774
f 3405/1801/1247 3404/1803/1249 3403/3923/2775
f 3415/3924/2776 3414/3925/2776 3416/3926/2776
f 3411/1809/1253 3412/1808/1252 3413/3927/2777
f 3422/3928/2778 3421/3929/2779 3423/3930/2778
f 3425/1816/1260 3427/1815/1259 3426/3931/2780
f 3429/1819/1263 3430/1818/1262 3431/3932/2781
f 3434/3933/2782 3433/3934/2783 3432/3935/2784
f 3434/3936/2782 3435/3937/2785 3433/3938/2783
f 3436/3939/2786 3437/3940/2786 3438/3941/2786
f 3440/3942/2787 3439/3943/2788 3441/3944/2789
f 3441/3944/2789 3442/3945/2790 3440/3942/2787
f 3443/3946/2791 3445/3947/2791 3444/3948/2791
f 3447/1822/1266 3446/3949/2792 3448/1820/1264
f 3451/1823/1267 3453/3950/2793 3452/1824/1268
f 3461/3951/2794 3460/3952/2795 3462/3953/2794
f 3464/3954/2796 3463/3955/2797 3465/3956/2796
f 3474/3957/2798 3472/3958/2799 3473/3959/2800
f 3474/3957/2798 3473/3959/2800 3475/3960/2801
f 3476/3961/2802 3477/3962/2802 3478/3963/2802
f 3480/1840/1277 3482/1839/1276 3481/3964/2803
f 3488/3965/2804 3487/3966/2805 3489/3967/2806
f 3497/3968/2807 3499/3969/2808 3498/3970/2809
f 3505/3971/1285 3504/3972/1287 3503/3973/2810
f 3511/1859/1291 3510/3974/2811 3512/1857/1289
f 3518/1865/1295 3517/3975/2812 3519/1863/1293
f 3521/3976/2813 3523/3977/2813 3522/3978/2813
f 3525/3979/1298 3524/3980/2814 3526/3981/1296
f 3547/3982/2815 3546/3983/2816 3545/3984/2817
f 3547/3982/2815 3548/3985/2818 3546/3983/2816
f 3550/3986/2819 3552/3987/2820 3551/3988/2821
f 3564/3989/2822 3563/3990/2822 3565/3991/2822
f 3572/3992/2823 3571/3993/2823 3570/3994/2824
f 3578/3995/2825 3577/3996/2826 3579/3997/2827
f 3579/3998/2827 3580/3999/2828 3578/4000/2825
f 3582/1904/1326 3584/1903/1325 3583/4001/2829
f 3586/4002/2830 3585/4003/2830 3587/4004/2830
f 3589/4005/2831 3591/4006/2832 3590/4007/2833
f 3596/1910/1330 3595/4008/2834 3597/1908/1328
f 3602/4009/2835 3604/4010/2835 3603/4011/2835
f 3612/1922/1338 3614/1921/1337 3613/4012/2836
f 3622/4013/2837 3624/4014/1345 3623/4015/1344
f 3627/4016/2838 3626/4017/2838 3628/4018/2838
f 3629/4019/2839 3631/4020/2840 3630/4021/2841
f 3630/4021/2841 3631/4020/2840 3632/4022/2842
f 3636/4023/2843 3635/4024/2843 3637/4025/2843
f 3643/4026/2844 3642/4027/2845 3641/4028/2846
f 3647/4029/2847 3646/4030/2847 3645/4031/2848
f 3643/4032/2844 3644/4033/2849 3642/4034/2845
f 3652/1941/1351 3654/1940/1350 3653/4035/2850
f 3655/4036/2851 3657/4037/2851 3656/4038/2851
f 3671/4039/2852 3670/4040/2853 3672/4041/2854
f 3673/4042/2855 3675/4043/2856 3674/4044/2857
f 3674/4044/2857 3675/4043/2856 3676/4045/2858
f 3684/4046/2859 3683/4047/2860 3685/4048/2861
f 3685/4048/2861 3686/4049/2862 3684/4046/2859
f 3688/4050/2863 3687/4051/2864 3689/4052/2863
f 3692/4053/2865 3691/4054/2865 3690/4055/2866
f 3695/4056/2867 3694/4057/2868 3693/4058/2869
f 3695/4059/2867 3696/4060/2870 3694/4061/2868
f 3702/4062/2871 3700/4063/2872 3701/4064/2873
f 3702/4062/2871 3701/4064/2873 3703/4065/2874
f 3711/4066/2875 3710/4067/2876 3713/4068/2877
f 3710/4067/2876 3712/4069/2878 3713/4068/2877
f 3723/4070/1377 3722/4071/2879 3724/4072/1375
f 3719/1976/1374 3718/4073/2880 3720/1974/1372
f 3727/4074/2881 3729/4075/2882 3728/4076/2883
f 3736/4077/2884 3735/4078/2884 3737/4079/2884
f 3742/4080/2885 3743/4081/2885 3744/4082/2885
f 3745/4083/2886 3747/4084/2887 3746/4085/2888
f 3746/4085/2888 3747/4084/2887 3748/4086/2889
f 3750/4087/1383 3752/4088/2890 3751/4089/1384
f 3753/4090/2891 3755/4091/2891 3754/4092/2891
f 3767/4093/2892 3766/4094/2893 3768/4095/2894
f 3775/4096/2895 3774/4097/2896 3773/4098/2897
f 3775/4096/2895 3776/4099/2898 3774/4097/2896
f 3777/4100/2899 3779/4101/2900 3778/4102/2900
f 3785/4103/2901 3784/4104/2902 3783/4105/2903
f 3785/4103/2901 3786/4106/2904 3784/4104/2902
f 3788/2007/1399 3790/4107/2905 3789/2008/1400
f 3798/4108/2906 3797/4109/2907 3799/4110/2908
f 3799/4110/2908 3800/4111/2909 3798/4108/2906
f 3824/4112/2910 3826/4113/2911 3825/4114/2911
f 3834/4115/2912 3832/4116/2913 3833/4117/2914
f 3829/4118/2915 3831/4119/2915 3830/4120/2915
f 3834/4115/2912 3833/4117/2914 3835/4121/2916
f 3844/4122/2917 3843/4123/2918 3845/4124/2919
f 3847/4125/2920 3849/4126/2921 3848/4127/2922
f 3850/4128/2923 3852/4129/2924 3851/4130/2925
f 3851/4130/2925 3852/4129/2924 3853/4131/2926
f 3875/4132/2927 3874/4133/2928 3873/4134/2929
f 3870/4135/2930 3872/4136/2930 3871/4137/2930
f 3875/4138/2927 3876/4139/2931 3874/4140/2928
f 3877/4141/2932 3878/2063/1432 3879/2065/1434
f 3881/4142/2933 3883/4143/2934 3882/4144/2935
f 3882/4144/2935 3883/4143/2934 3884/4145/2936
f 3894/4146/2937 3893/4147/2938 3892/4148/2939
f 3894/4146/2937 3895/4149/2940 3893/4147/2938
f 3896/4150/2941 3898/4151/2941 3897/4152/2941
f 3900/4153/2942 3899/4154/2943 3901/4155/2942
f 3904/4156/2944 3903/4157/2945 3902/4158/2946
f 3904/4156/2944 3905/4159/2947 3903/4157/2945
f 3909/4160/2948 3908/4161/2948 3910/4162/2948
f 3913/4163/1440 3912/4164/1442 3911/4165/2949
f 3922/4166/2950 3921/4167/2950 3923/4168/2950
f 3930/4169/2951 3929/4170/2952 3928/4171/2953
f 3924/4172/2954 3926/4173/2955 3925/4174/2956
f 3925/4174/2956 3926/4173/2955 3927/4175/2957
f 3930/4169/2951 3931/4176/2958 3929/4170/2952
f 3933/2084/1448 3935/2083/1447 3934/4177/2959
f 3940/4178/2960 3939/4179/2961 3941/4180/2962
f 3941/4180/2962 3942/4181/2963 3940/4178/2960
f 3950/4182/2964 3952/4183/2965 3951/4184/2966
f 3967/4185/2967 3966/4186/2967 3968/4187/2967
f 3973/2107/1464 3972/4188/2968 3974/2105/1462
f 3977/4189/2969 3976/4190/2970 3978/4191/2969
f 3983/4192/2971 3982/4193/2972 3984/4194/2971
f 3985/4195/2973 3986/4196/2974 3987/4197/2974
f 4003/4198/2975 4002/4199/2975 4004/4200/2975
f 4009/4201/2976 4008/4202/2977 4010/4203/2978
f 4010/4203/2978 4011/4204/2979 4009/4201/2976
f 4015/4205/1479 4017/4206/2980 4016/4207/1480
f 4019/4208/2981 4018/4209/2982 4020/4210/2983
f 4020/4210/2983 4021/4211/2984 4019/4208/2981
f 4023/4212/2985 4022/4213/2985 4024/4214/2985
f 4026/2133/1484 4025/4215/2986 4027/2131/1482
f 4034/4216/2987 4033/4217/2987 4035/4218/2987
f 4040/4219/2988 4039/4220/2989 4041/4221/2988
f 4046/4222/2990 4048/4223/2990 4047/4224/2990
f 4053/4225/2991 4052/4226/2992 4055/4227/2993
f 4052/4226/2992 4054/4228/2994 4055/4227/2993
f 4056/4229/2995 4057/4230/2996 4058/4231/2995
f 4062/4232/2997 4063/2153/1497 4064/2155/1499
f 4070/4233/2998 4069/4234/2999 4071/4235/2998
f 4080/4236/3000 4082/2165/1504 4081/2167/1506
f 4089/4237/3001 4088/4238/3002 4087/4239/3003
f 4089/4237/3001 4090/4240/3004 4088/4238/3002
f 4094/4241/3005 4095/4242/3006 4096/4243/3005
f 4097/4244/3007 4099/2174/1509 4098/2176/1511
f 4108/2185/1517 4107/4245/3008 4109/2183/1515
f 4112/4246/3009 4111/4247/3009 4113/4248/3010
f 4122/2191/1521 4121/4249/3011 4123/2189/1519
f 4116/4250/3012 4115/4251/3013 4117/4252/3014
f 4127/4253/3015 4126/4254/3016 4125/4255/3017
f 4127/4253/3015 4128/4256/3018 4126/4254/3016
f 4132/4257/3019 4133/2195/1523 4134/2197/1525
f 4142/4258/3020 4141/4259/3021 4143/4260/3022
f 4143/4260/3022 4144/4261/3023 4142/4258/3020
f 4154/4262/3024 4153/4263/3024 4155/4264/3024
f 4160/4265/3025 4159/4266/3026 4158/4267/3027
f 4160/4265/3025 4161/4268/3028 4159/4266/3026
f 4163/4269/3029 4162/4270/3030 4164/4271/3031
f 4164/4271/3031 4165/4272/3032 4163/4269/3029
f 4166/2206/1530 4167/4273/3033 4168/2204/1528
f 4174/4274/3034 4173/4275/3034 4175/4276/3034
f 4183/4277/3035 4185/4278/3035 4184/4279/3035
f 4194/2222/1541 4196/2221/1540 4195/4280/3036
f 4199/4281/3037 4201/4282/3038 4200/4283/3038
f 4216/2236/1549 4218/4284/3039 4217/2237/1550
f 4219/4285/3040 4221/4286/3040 4220/4287/3040
f 4234/2249/1562 4233/4288/3041 4235/2247/1560
f 4238/4289/1569 4260/4290/1586 4240/4291/1567
f 4237/2250/1563 4238/4292/1569 4241/2251/1564
f 4238/2256/1569 4243/2255/1568 4241/2258/1564
f 4246/4293/1575 4243/2255/1568 4245/2260/1572
f 4244/2257/1570 4243/2255/1568 4246/4293/1575
f 4249/2270/1577 4246/2266/1575 4245/4294/1572
f 4247/2262/1573 4250/4295/1576 4248/4296/1580
f 4247/2262/1573 4248/4296/1580 4254/2264/1574
f 4251/4297/1578 4249/4298/1577 4245/4299/1572
f 4249/2270/1577 4251/4300/1578 4250/2269/1576
f 4252/2275/1581 4250/2273/1576 4253/2272/1579
f 4255/2277/1582 4252/2275/1581 4256/2278/1583
f 4256/2278/1583 4253/2272/1579 4258/4301/1584
f 4256/2279/1583 4259/2281/1585 4255/2283/1582
f 4259/2281/1585 4258/2280/1584 4260/2284/1586
f 4259/2281/1585 4237/2285/1563 4239/2282/1565
f 4264/4302/1588 4261/4303/1587 4265/4304/1591
f 4265/2290/1591 4262/2289/1590 4266/4305/1592
f 4266/4306/1592 4264/2295/1588 4267/2297/1593
f 4264/2298/1588 4265/2290/1591 4268/2299/1595
f 4265/2290/1591 4267/4307/1593 4268/2299/1595
f 4270/4308/1597 4273/4309/3042 4272/4310/1598
f 4274/2304/1599 4277/4311/1602 4276/2305/1600
f 4282/4312/3043 4278/4313/3044 4279/4314/3045
f 4283/4315/3046 4279/4316/3045 4280/4317/3047
f 4283/4318/3046 4278/4319/3044 4281/4320/3048
f 4285/4321/1605 4286/4322/1604 4284/4323/1603
f 4288/4324/1606 4287/4325/1607 4289/4326/1607
f 4293/4327/1612 4292/4328/1609 4290/4329/1608
f 4298/4330/1617 4297/4331/1616 4295/4332/1614
f 4296/2334/1615 4298/2333/1617 4299/4333/1613
f 4302/4334/1619 4300/4335/1618 4301/4336/1619
f 4304/4337/3049 4305/4338/3050 4303/4339/3051
f 4303/4340/3051 4305/4341/3050 4304/4342/3049
f 6/2341/1620 5/4343/2 3/2342/1
f 4/4344/1622 6/4345/1620 1/4346/1621
f 10/4/4 11/6/6 9/2352/1625
f 13/2356/1626 12/4347/5 10/2357/4
f 14/4348/1627 13/4349/1626 8/4350/1624
f 17/2365/1628 15/4351/8 24/2366/13
f 17/2365/1628 18/4352/11 15/4351/8
f 23/15/14 21/4353/16 19/16/15
f 24/14/13 25/4354/7 23/15/14
f 29/2374/1629 31/4355/21 28/2375/20
f 37/2382/1631 33/4356/1630 34/2383/1632
f 71/2397/1639 72/2399/1641 70/4357/3052
f 126/4358/3053 127/4359/3054 125/4360/3053
f 133/2421/1658 134/2423/1660 132/4361/3055
f 150/4362/3056 151/4363/3057 149/4364/3056
f 208/2442/1675 209/2444/1677 207/4365/3058
f 239/2458/1685 238/4366/3059 236/2459/1686
f 248/2464/1689 246/4367/3060 247/2465/1690
f 281/2490/1711 282/2492/1713 280/4368/3061
f 444/4369/3062 445/4370/3063 443/4371/3063
f 603/2632/1816 604/2634/1818 602/4372/3064
f 612/2639/1823 610/4373/3065 611/2640/1824
f 680/4374/3066 681/4375/3066 679/4376/3066
f 799/2733/1891 800/2735/1893 798/4377/3067
f 824/2744/1900 822/4378/3068 823/2745/1901
f 887/2785/1933 885/4379/3069 886/2783/1931
f 1028/4380/1989 1029/4381/1991 1027/4382/3070
f 1064/2878/2001 1062/4383/3071 1063/2879/2002
f 1068/4384/3072 1067/4385/3072 1066/4386/3072
f 1112/2910/2024 1110/4387/3073 1111/2908/2022
f 1488/3077/2141 1486/4388/3074 1487/3078/2142
f 1519/786/554 1517/785/553 1518/4389/3075
f 1658/3135/2184 1656/4390/3076 1657/3133/2182
f 1668/4391/3077 1667/4392/3078 1666/4393/3077
f 1726/4394/2213 1727/4395/2215 1725/4396/3079
f 1749/916/636 1746/915/635 1747/4397/3080
f 1751/3181/2218 1752/3183/2220 1750/4398/3081
f 1811/960/665 1809/959/664 1810/4399/3082
f 1816/4400/3083 1815/963/668 1813/962/667
f 1844/4401/2249 1845/4402/2251 1843/4403/3084
f 1883/3241/2264 1881/4404/3085 1882/3239/2262
f 1961/4405/3086 1962/4406/3087 1960/4407/3087
f 2090/4408/3088 2089/1113/776 2087/1112/775
f 2101/4409/3089 2100/4410/3089 2099/4411/3089
f 2221/3371/2370 2219/4412/3090 2220/3372/2371
f 2285/3408/2398 2284/4413/3091 2283/3409/2399
f 2369/1251/870 2367/1250/869 2368/4414/3092
f 2375/3452/2431 2373/4415/3093 2374/3450/2429
f 2567/4416/3094 2568/4417/3094 2566/4418/3094
f 2575/3546/2504 2573/4419/3095 2574/3547/2505
f 2642/3572/2527 2643/3574/2529 2641/4420/3096
f 2685/3604/2550 2686/3606/2552 2684/4421/3097
f 2742/3631/2566 2743/3633/2568 2741/4422/3098
f 2760/3638/2571 2759/4423/3099 2758/3639/2572
f 2816/4424/3100 2815/1492/1039 2813/1491/1038
f 2870/1521/1060 2868/1520/1059 2869/4425/3101
f 3104/3788/2680 3105/3790/2682 3103/4426/3102
f 3238/3857/2727 3237/4427/3103 3236/3858/2728
f 3242/3863/2731 3240/4428/3104 3241/3864/2732
f 3290/3880/2746 3288/4429/3105 3289/3881/2747
f 3351/3907/2764 3352/3909/2766 3350/4430/3106
f 3357/1771/1228 3354/1770/1227 3355/4431/3107
f 3378/4432/3108 3379/4433/3108 3377/4434/3108
f 3402/1799/1245 3399/1798/1244 3400/4435/3109
f 3497/4436/2807 3498/4437/2809 3496/4438/3110
f 3501/4439/3111 3502/4440/3111 3500/4441/3111
f 3550/4442/2819 3551/4443/2821 3549/4444/3112
f 3562/4445/1315 3559/4446/1314 3560/4447/3113
f 3576/4448/3114 3575/1900/1322 3573/1899/1321
f 3589/4005/2831 3590/4007/2833 3588/4449/3115
f 3671/4039/2852 3669/4450/3116 3670/4040/2853
f 3727/4074/2881 3728/4076/2883 3726/4451/3117
f 3844/4122/2917 3842/4452/3118 3843/4123/2918
f 3848/4453/2922 3846/4454/3119 3847/4455/2920
f 3951/4184/2966 3949/4456/3120 3950/4182/2964
f 3970/4457/3121 3971/4458/3121 3969/4459/3121
f 4116/4250/3012 4114/4460/3122 4115/4251/3013
f 4139/4461/3123 4140/4462/3124 4138/4463/3124
f 4231/4464/3125 4232/4465/3125 4230/4466/3125
f 4240/4291/1567 4260/4290/1586 4257/4467/1571
f 4244/4468/1570 4242/4469/1566 4241/2251/1564
f 4242/2263/1566 4247/2262/1573 4239/2265/1565
f 4245/2260/1572 4243/2255/1568 4240/2254/1567
f 4252/4470/1581 4248/4296/1580 4250/4295/1576
f 4257/4467/1571 4251/4297/1578 4245/4299/1572
f 4258/2280/1584 4253/4471/1579 4251/4472/1578
f 4257/4467/1571 4258/4473/1584 4251/4297/1578
f 4239/2265/1565 4254/2264/1574 4255/4474/1582
f 4257/4467/1571 4260/4290/1586 4258/4473/1584
f 4238/4292/1569 4237/2250/1563 4260/4475/1586
f 4266/4306/1592 4262/4476/1590 4263/4477/1589
f 4264/2295/1588 4266/4306/1592 4263/4477/1589
f 4270/4478/1597 4271/4479/1596 4273/4480/3042
f 4271/4479/1596 4272/4481/1598 4273/4480/3042
f 4275/4482/1601 4276/4483/1600 4277/4484/1602
f 4282/4312/3043 4281/4485/3048 4278/4313/3044
f 4283/4315/3046 4282/4486/3043 4279/4316/3045
f 4283/4318/3046 4280/4487/3047 4278/4319/3044
f 4295/4488/1614 4297/4489/1616 4296/4490/1615
l 569 570
l 624 625
l 965 966
l 1723 1724
l 1973 1974
l 2133 2134
l 2327 2328
l 3011 3012
l 3195 3196
l 3269 3270
l 1711 1712
l 2878 2879
l 4197 4198
l 2424 2425
l 51 52
l 147 148
l 387 388
l 560 561
l 699 700
l 1031 1032
l 1215 1216
l 1389 1390
l 1824 1825
l 1949 1950
l 1958 1959
l 2030 2031
l 2116 2117
l 2255 2256
l 2257 2258
l 3323 3324
l 3764 3765
l 3956 3957
l 618 619
l 1022 1023
l 1371 1372
l 2736 2737
l 2808 2809
l 3633 3634
l 4075 4076
l 1144 1145
l 1184 1185
l 1416 1417
l 1457 1458
l 1480 1481
l 1542 1543
l 1609 1610
l 2418 2419
l 3309 3310
l 3827 3828
l 4136 4137
l 4189 4190
l 471 472
l 936 937
l 3064 3065
l 3082 3083
l 3730 3731
l 3864 3865
l 4012 4013
l 4156 4157
l 4191 4192
l 1262 1263
l 1365 1366
l 2142 2143
l 311 312
l 826 827
l 1076 1077
l 1515 1516
l 2097 2098
l 2396 2397
l 3022 3023
l 3906 3907
l 4145 4146
l 1685 1686
l 1857 1858
l 1993 1994
l 2371 2372
l 2455 2456
l 2464 2465
