mtllib terrain_near_07_09.mtl
usemtl terrain_near_07_09
# Blender 5.1.1
# www.blender.org
o terrain_near_07_09
v -32.000000 -32.000000 8.000267
v -30.000000 -32.000000 7.411461
v -28.000000 -32.000000 6.790489
v -26.000000 -32.000000 6.137230
v -24.000000 -32.000000 5.499290
v -22.000000 -32.000000 4.876732
v -20.000000 -32.000000 4.272850
v -18.000000 -32.000000 3.687706
v -16.000000 -32.000000 3.102562
v -14.000000 -32.000000 2.517418
v -12.000000 -32.000000 1.932274
v -10.000000 -32.000000 1.347191
v -8.000000 -32.000000 0.953941
v -6.000000 -32.000000 0.560753
v -4.000000 -32.000000 0.165489
v -2.000000 -32.000000 -0.229713
v 0.000000 -32.000000 -0.624977
v 2.000000 -32.000000 -1.020180
v 4.000000 -32.000000 -1.415504
v 6.000000 -32.000000 -1.758766
v 8.000000 -32.000000 -2.049965
v 10.000000 -32.000000 -2.341225
v 12.000000 -32.000000 -2.632484
v 14.000000 -32.000000 -2.923744
v 16.000000 -32.000000 -3.215004
v 18.000000 -32.000000 -3.486794
v 20.000000 -32.000000 -3.758583
v 22.000000 -32.000000 -3.804176
v 24.000000 -32.000000 -3.849831
v 26.000000 -32.000000 -3.895485
v 28.000000 -32.000000 -3.941078
v 30.000000 -32.000000 -3.986732
v 32.000000 -32.000000 -4.011879
v -32.000000 -30.000000 8.050926
v -30.000000 -30.000000 7.462120
v -28.000000 -30.000000 6.873314
v -26.000000 -30.000000 6.252281
v -24.000000 -30.000000 5.614403
v -22.000000 -30.000000 5.010521
v -20.000000 -30.000000 4.425377
v -18.000000 -30.000000 3.840233
v -16.000000 -30.000000 3.255150
v -14.000000 -30.000000 2.670006
v -12.000000 -30.000000 2.084862
v -10.000000 -30.000000 1.499718
v -8.000000 -30.000000 1.106529
v -6.000000 -30.000000 0.711266
v -4.000000 -30.000000 0.316063
v -2.000000 -30.000000 -0.079201
v 0.000000 -30.000000 -0.474464
v 2.000000 -30.000000 -0.869667
v 4.000000 -30.000000 -1.264992
v 6.000000 -30.000000 -1.608192
v 8.000000 -30.000000 -1.899452
v 10.000000 -30.000000 -2.190712
v 12.000000 -30.000000 -2.482033
v 14.000000 -30.000000 -2.773232
v 16.000000 -30.000000 -3.064491
v 18.000000 -30.000000 -3.355751
v 20.000000 -30.000000 -3.627541
v 22.000000 -30.000000 -3.673195
v 24.000000 -30.000000 -3.718788
v 26.000000 -30.000000 -3.764442
v 28.000000 -30.000000 -3.810036
v 30.000000 -30.000000 -3.855690
v 32.000000 -30.000000 -3.901405
v -32.000000 -28.000000 8.101585
v -30.000000 -28.000000 7.512779
v -28.000000 -28.000000 6.923973
v -26.000000 -28.000000 6.335167
v -24.000000 -28.000000 5.748192
v -22.000000 -28.000000 5.163109
v -20.000000 -28.000000 4.577904
v -18.000000 -28.000000 3.992821
v -16.000000 -28.000000 3.407677
v -14.000000 -28.000000 2.822594
v -12.000000 -28.000000 2.237389
v -10.000000 -28.000000 1.652306
v -8.000000 -28.000000 1.257042
v -6.000000 -28.000000 0.861839
v -4.000000 -28.000000 0.466515
v -2.000000 -28.000000 0.071312
v 0.000000 -28.000000 -0.323952
v 2.000000 -28.000000 -0.719215
v 4.000000 -28.000000 -1.114418
v 6.000000 -28.000000 -1.457680
v 8.000000 -28.000000 -1.748940
v 10.000000 -28.000000 -2.040199
v 12.000000 -28.000000 -2.331459
v 14.000000 -28.000000 -2.622719
v 16.000000 -28.000000 -2.913979
v 18.000000 -28.000000 -3.205238
v 20.000000 -28.000000 -3.496498
v 22.000000 -28.000000 -3.542152
v 24.000000 -28.000000 -3.587746
v 26.000000 -28.000000 -3.633400
v 28.000000 -28.000000 -3.679054
v 30.000000 -28.000000 -3.724709
v 32.000000 -28.000000 -3.770363
v -32.000000 -26.000000 7.958702
v -30.000000 -26.000000 7.369896
v -28.000000 -26.000000 6.781151
v -26.000000 -26.000000 6.245445
v -24.000000 -26.000000 5.746483
v -22.000000 -26.000000 5.196129
v -20.000000 -26.000000 4.610985
v -18.000000 -26.000000 4.025841
v -16.000000 -26.000000 3.440758
v -14.000000 -26.000000 2.855553
v -12.000000 -26.000000 2.270470
v -10.000000 -26.000000 1.685326
v -8.000000 -26.000000 1.290062
v -6.000000 -26.000000 0.894859
v -4.000000 -26.000000 0.499596
v -2.000000 -26.000000 0.104332
v 0.000000 -26.000000 -0.290871
v 2.000000 -26.000000 -0.686195
v 4.000000 -26.000000 -1.083473
v 6.000000 -26.000000 -1.428749
v 8.000000 -26.000000 -1.720009
v 10.000000 -26.000000 -2.011269
v 12.000000 -26.000000 -2.302589
v 14.000000 -26.000000 -2.593788
v 16.000000 -26.000000 -2.885048
v 18.000000 -26.000000 -3.176308
v 20.000000 -26.000000 -3.505104
v 22.000000 -26.000000 -3.629982
v 24.000000 -26.000000 -3.675575
v 26.000000 -26.000000 -3.721230
v 28.000000 -26.000000 -3.766884
v 30.000000 -26.000000 -3.812477
v 32.000000 -26.000000 -3.858131
v -32.000000 -24.000000 7.815819
v -30.000000 -24.000000 7.227013
v -28.000000 -24.000000 6.691368
v -26.000000 -24.000000 6.208885
v -24.000000 -24.000000 5.709923
v -22.000000 -24.000000 5.194359
v -20.000000 -24.000000 4.644005
v -18.000000 -24.000000 4.058922
v -16.000000 -24.000000 3.473778
v -14.000000 -24.000000 2.888634
v -12.000000 -24.000000 2.303490
v -10.000000 -24.000000 1.718407
v -8.000000 -24.000000 1.323143
v -6.000000 -24.000000 0.927879
v -4.000000 -24.000000 0.532616
v -2.000000 -24.000000 0.137413
v 0.000000 -24.000000 -0.257851
v 2.000000 -24.000000 -0.655190
v 4.000000 -24.000000 -1.054482
v 6.000000 -24.000000 -1.399879
v 8.000000 -24.000000 -1.691078
v 10.000000 -24.000000 -1.982338
v 12.000000 -24.000000 -2.273598
v 14.000000 -24.000000 -2.564857
v 16.000000 -24.000000 -2.856117
v 18.000000 -24.000000 -3.184914
v 20.000000 -24.000000 -3.513649
v 22.000000 -24.000000 -3.638527
v 24.000000 -24.000000 -3.763405
v 26.000000 -24.000000 -3.808998
v 28.000000 -24.000000 -3.854652
v 30.000000 -24.000000 -3.900368
v 32.000000 -24.000000 -3.945900
v -32.000000 -22.000000 7.672935
v -30.000000 -22.000000 7.137291
v -28.000000 -22.000000 6.654808
v -26.000000 -22.000000 6.172325
v -24.000000 -22.000000 5.673302
v -22.000000 -22.000000 5.157799
v -20.000000 -22.000000 4.642296
v -18.000000 -22.000000 4.091942
v -16.000000 -22.000000 3.506798
v -14.000000 -22.000000 2.921654
v -12.000000 -22.000000 2.336510
v -10.000000 -22.000000 1.751427
v -8.000000 -22.000000 1.356163
v -6.000000 -22.000000 0.960899
v -4.000000 -22.000000 0.565697
v -2.000000 -22.000000 0.170433
v 0.000000 -22.000000 -0.226906
v 2.000000 -22.000000 -0.626259
v 4.000000 -22.000000 -1.025612
v 6.000000 -22.000000 -1.370888
v 8.000000 -22.000000 -1.662209
v 10.000000 -22.000000 -1.953407
v 12.000000 -22.000000 -2.244667
v 14.000000 -22.000000 -2.535988
v 16.000000 -22.000000 -2.864723
v 18.000000 -22.000000 -3.193459
v 20.000000 -22.000000 -3.522255
v 22.000000 -22.000000 -3.647133
v 24.000000 -22.000000 -3.771950
v 26.000000 -22.000000 -3.896828
v 28.000000 -22.000000 -3.942482
v 30.000000 -22.000000 -3.988136
v 32.000000 -22.000000 -4.033730
v -32.000000 -20.000000 7.583214
v -30.000000 -20.000000 7.100731
v -28.000000 -20.000000 6.618248
v -26.000000 -20.000000 6.135765
v -24.000000 -20.000000 5.636742
v -22.000000 -20.000000 5.121239
v -20.000000 -20.000000 4.605675
v -18.000000 -20.000000 4.090172
v -16.000000 -20.000000 3.539818
v -14.000000 -20.000000 2.954674
v -12.000000 -20.000000 2.369530
v -10.000000 -20.000000 1.784447
v -8.000000 -20.000000 1.389183
v -6.000000 -20.000000 0.993980
v -4.000000 -20.000000 0.598717
v -2.000000 -20.000000 0.201378
v 0.000000 -20.000000 -0.197914
v 2.000000 -20.000000 -0.597328
v 4.000000 -20.000000 -0.996681
v 6.000000 -20.000000 -1.342018
v 8.000000 -20.000000 -1.633217
v 10.000000 -20.000000 -1.924477
v 12.000000 -20.000000 -2.215736
v 14.000000 -20.000000 -2.544533
v 16.000000 -20.000000 -2.873268
v 18.000000 -20.000000 -3.202065
v 20.000000 -20.000000 -3.530800
v 22.000000 -20.000000 -3.655678
v 24.000000 -20.000000 -3.780556
v 26.000000 -20.000000 -3.905434
v 28.000000 -20.000000 -4.030251
v 30.000000 -20.000000 -4.075905
v 32.000000 -20.000000 -4.121498
v -32.000000 -18.000000 7.546654
v -30.000000 -18.000000 7.064171
v -28.000000 -18.000000 6.581688
v -26.000000 -18.000000 6.099205
v -24.000000 -18.000000 5.600243
v -22.000000 -18.000000 5.084679
v -20.000000 -18.000000 4.569115
v -18.000000 -18.000000 4.053612
v -16.000000 -18.000000 3.538048
v -14.000000 -18.000000 2.987694
v -12.000000 -18.000000 2.402611
v -10.000000 -18.000000 1.817467
v -8.000000 -18.000000 1.422264
v -6.000000 -18.000000 1.027000
v -4.000000 -18.000000 0.629662
v -2.000000 -18.000000 0.230370
v 0.000000 -18.000000 -0.169044
v 2.000000 -18.000000 -0.568398
v 4.000000 -18.000000 -0.967690
v 6.000000 -18.000000 -1.313026
v 8.000000 -18.000000 -1.604286
v 10.000000 -18.000000 -1.895546
v 12.000000 -18.000000 -2.224342
v 14.000000 -18.000000 -2.553139
v 16.000000 -18.000000 -2.881874
v 18.000000 -18.000000 -3.210670
v 20.000000 -18.000000 -3.539406
v 22.000000 -18.000000 -3.664284
v 24.000000 -18.000000 -3.789162
v 26.000000 -18.000000 -3.914040
v 28.000000 -18.000000 -4.038857
v 30.000000 -18.000000 -4.163734
v 32.000000 -18.000000 -4.209328
v -32.000000 -16.000000 7.510094
v -30.000000 -16.000000 7.027611
v -28.000000 -16.000000 6.545128
v -26.000000 -16.000000 6.062584
v -24.000000 -16.000000 5.563622
v -22.000000 -16.000000 5.048119
v -20.000000 -16.000000 4.532555
v -18.000000 -16.000000 4.017052
v -16.000000 -16.000000 3.501488
v -14.000000 -16.000000 2.985985
v -12.000000 -16.000000 2.435631
v -10.000000 -16.000000 1.850548
v -8.000000 -16.000000 1.455284
v -6.000000 -16.000000 1.057945
v -4.000000 -16.000000 0.658592
v -2.000000 -16.000000 0.259239
v 0.000000 -16.000000 -0.140114
v 2.000000 -16.000000 -0.539406
v 4.000000 -16.000000 -0.938820
v 6.000000 -16.000000 -1.284096
v 8.000000 -16.000000 -1.575356
v 10.000000 -16.000000 -1.904152
v 12.000000 -16.000000 -2.232887
v 14.000000 -16.000000 -2.561684
v 16.000000 -16.000000 -2.890419
v 18.000000 -16.000000 -3.219215
v 20.000000 -16.000000 -3.547951
v 22.000000 -16.000000 -3.672829
v 24.000000 -16.000000 -3.797707
v 26.000000 -16.000000 -3.922585
v 28.000000 -16.000000 -4.047401
v 30.000000 -16.000000 -4.172279
v 32.000000 -16.000000 -4.297157
v -32.000000 -14.000000 7.473534
v -30.000000 -14.000000 6.991051
v -28.000000 -14.000000 6.508568
v -26.000000 -14.000000 6.026024
v -24.000000 -14.000000 5.527061
v -22.000000 -14.000000 5.011559
v -20.000000 -14.000000 4.495995
v -18.000000 -14.000000 3.980492
v -16.000000 -14.000000 3.464928
v -14.000000 -14.000000 2.949425
v -12.000000 -14.000000 2.433922
v -10.000000 -14.000000 1.883568
v -8.000000 -14.000000 1.486229
v -6.000000 -14.000000 1.086937
v -4.000000 -14.000000 0.687523
v -2.000000 -14.000000 0.288231
v 0.000000 -14.000000 -0.111122
v 2.000000 -14.000000 -0.510536
v 4.000000 -14.000000 -0.909828
v 6.000000 -14.000000 -1.255226
v 8.000000 -14.000000 -1.583961
v 10.000000 -14.000000 -1.912697
v 12.000000 -14.000000 -2.241493
v 14.000000 -14.000000 -2.570290
v 16.000000 -14.000000 -2.899025
v 18.000000 -14.000000 -3.227821
v 20.000000 -14.000000 -3.556618
v 22.000000 -14.000000 -3.681435
v 24.000000 -14.000000 -3.806313
v 26.000000 -14.000000 -3.931190
v 28.000000 -14.000000 -4.056007
v 30.000000 -14.000000 -4.180885
v 32.000000 -14.000000 -4.305763
v -32.000000 -12.000000 7.369102
v -30.000000 -12.000000 6.886620
v -28.000000 -12.000000 6.404137
v -26.000000 -12.000000 5.921654
v -24.000000 -12.000000 5.474266
v -22.000000 -12.000000 4.958763
v -20.000000 -12.000000 4.443260
v -18.000000 -12.000000 3.927696
v -16.000000 -12.000000 3.412132
v -14.000000 -12.000000 2.896629
v -12.000000 -12.000000 2.381126
v -10.000000 -12.000000 1.907677
v -8.000000 -12.000000 1.508080
v -6.000000 -12.000000 1.108727
v -4.000000 -12.000000 0.709373
v -2.000000 -12.000000 0.310020
v 0.000000 -12.000000 -0.089333
v 2.000000 -12.000000 -0.488686
v 4.000000 -12.000000 -0.888039
v 6.000000 -12.000000 -1.252113
v 8.000000 -12.000000 -1.580910
v 10.000000 -12.000000 -1.909645
v 12.000000 -12.000000 -2.238441
v 14.000000 -12.000000 -2.567238
v 16.000000 -12.000000 -2.895973
v 18.000000 -12.000000 -3.224770
v 20.000000 -12.000000 -3.575111
v 22.000000 -12.000000 -3.699928
v 24.000000 -12.000000 -3.824806
v 26.000000 -12.000000 -3.949684
v 28.000000 -12.000000 -4.074562
v 30.000000 -12.000000 -4.199379
v 32.000000 -12.000000 -4.324257
v -32.000000 -10.000000 7.196800
v -30.000000 -10.000000 6.714256
v -28.000000 -10.000000 6.231834
v -26.000000 -10.000000 5.852684
v -24.000000 -10.000000 5.405296
v -22.000000 -10.000000 4.889793
v -20.000000 -10.000000 4.374290
v -18.000000 -10.000000 3.858727
v -16.000000 -10.000000 3.343224
v -14.000000 -10.000000 2.827660
v -12.000000 -10.000000 2.354210
v -10.000000 -10.000000 1.922752
v -8.000000 -10.000000 1.522972
v -6.000000 -10.000000 1.123375
v -4.000000 -10.000000 0.724022
v -2.000000 -10.000000 0.324669
v 0.000000 -10.000000 -0.074684
v 2.000000 -10.000000 -0.474037
v 4.000000 -10.000000 -0.873390
v 6.000000 -10.000000 -1.237465
v 8.000000 -10.000000 -1.566200
v 10.000000 -10.000000 -1.894997
v 12.000000 -10.000000 -2.223793
v 14.000000 -10.000000 -2.552528
v 16.000000 -10.000000 -2.881325
v 18.000000 -10.000000 -3.231606
v 20.000000 -10.000000 -3.603554
v 22.000000 -10.000000 -3.728371
v 24.000000 -10.000000 -3.853249
v 26.000000 -10.000000 -3.978127
v 28.000000 -10.000000 -4.103004
v 30.000000 -10.000000 -4.227821
v 32.000000 -10.000000 -4.352699
v -32.000000 -8.000000 7.024498
v -30.000000 -8.000000 6.541954
v -28.000000 -8.000000 6.162804
v -26.000000 -8.000000 5.783714
v -24.000000 -8.000000 5.336327
v -22.000000 -8.000000 4.820824
v -20.000000 -8.000000 4.305260
v -18.000000 -8.000000 3.789757
v -16.000000 -8.000000 3.274254
v -14.000000 -8.000000 2.800743
v -12.000000 -8.000000 2.369286
v -10.000000 -8.000000 1.937889
v -8.000000 -8.000000 1.538109
v -6.000000 -8.000000 1.138329
v -4.000000 -8.000000 0.738731
v -2.000000 -8.000000 0.339378
v 0.000000 -8.000000 -0.059975
v 2.000000 -8.000000 -0.459328
v 4.000000 -8.000000 -0.858681
v 6.000000 -8.000000 -1.222755
v 8.000000 -8.000000 -1.551552
v 10.000000 -8.000000 -1.880287
v 12.000000 -8.000000 -2.209084
v 14.000000 -8.000000 -2.537819
v 16.000000 -8.000000 -2.888161
v 18.000000 -8.000000 -3.260109
v 20.000000 -8.000000 -3.631996
v 22.000000 -8.000000 -3.756874
v 24.000000 -8.000000 -3.881752
v 26.000000 -8.000000 -4.006569
v 28.000000 -8.000000 -4.131447
v 30.000000 -8.000000 -4.256325
v 32.000000 -8.000000 -4.475990
v -32.000000 -6.000000 6.852135
v -30.000000 -6.000000 6.473045
v -28.000000 -6.000000 6.093834
v -26.000000 -6.000000 5.714684
v -24.000000 -6.000000 5.267357
v -22.000000 -6.000000 4.751793
v -20.000000 -6.000000 4.236351
v -18.000000 -6.000000 3.720787
v -16.000000 -6.000000 3.247276
v -14.000000 -6.000000 2.815819
v -12.000000 -6.000000 2.384483
v -10.000000 -6.000000 1.953026
v -8.000000 -6.000000 1.553246
v -6.000000 -6.000000 1.153404
v -4.000000 -6.000000 0.753624
v -2.000000 -6.000000 0.354027
v 0.000000 -6.000000 -0.045326
v 2.000000 -6.000000 -0.444618
v 4.000000 -6.000000 -0.844032
v 6.000000 -6.000000 -1.208107
v 8.000000 -6.000000 -1.536842
v 10.000000 -6.000000 -1.865639
v 12.000000 -6.000000 -2.194374
v 14.000000 -6.000000 -2.544777
v 16.000000 -6.000000 -2.916603
v 18.000000 -6.000000 -3.288551
v 20.000000 -6.000000 -3.660500
v 22.000000 -6.000000 -3.785316
v 24.000000 -6.000000 -3.910194
v 26.000000 -6.000000 -4.035072
v 28.000000 -6.000000 -4.159950
v 30.000000 -6.000000 -4.379616
v 32.000000 -6.000000 -4.599281
v -32.000000 -4.000000 6.783226
v -30.000000 -4.000000 6.404015
v -28.000000 -4.000000 6.024864
v -26.000000 -4.000000 5.645714
v -24.000000 -4.000000 5.198387
v -22.000000 -4.000000 4.682884
v -20.000000 -4.000000 4.167320
v -18.000000 -4.000000 3.693871
v -16.000000 -4.000000 3.262413
v -14.000000 -4.000000 2.830956
v -12.000000 -4.000000 2.399559
v -10.000000 -4.000000 1.968163
v -8.000000 -4.000000 1.568321
v -6.000000 -4.000000 1.168541
v -4.000000 -4.000000 0.768700
v -2.000000 -4.000000 0.368980
v 0.000000 -4.000000 -0.030678
v 2.000000 -4.000000 -0.429970
v 4.000000 -4.000000 -0.829384
v 6.000000 -4.000000 -1.193459
v 8.000000 -4.000000 -1.522194
v 10.000000 -4.000000 -1.850990
v 12.000000 -4.000000 -2.201271
v 14.000000 -4.000000 -2.573158
v 16.000000 -4.000000 -2.945107
v 18.000000 -4.000000 -3.316994
v 20.000000 -4.000000 -3.688942
v 22.000000 -4.000000 -3.813759
v 24.000000 -4.000000 -3.938637
v 26.000000 -4.000000 -4.063515
v 28.000000 -4.000000 -4.283180
v 30.000000 -4.000000 -4.502907
v 32.000000 -4.000000 -4.722572
v -32.000000 -2.000000 6.714256
v -30.000000 -2.000000 6.335045
v -28.000000 -2.000000 5.955894
v -26.000000 -2.000000 5.576744
v -24.000000 -2.000000 5.129417
v -22.000000 -2.000000 4.613914
v -20.000000 -2.000000 4.140404
v -18.000000 -2.000000 3.708946
v -16.000000 -2.000000 3.277550
v -14.000000 -2.000000 2.846092
v -12.000000 -2.000000 2.414696
v -10.000000 -2.000000 1.983238
v -8.000000 -2.000000 1.583458
v -6.000000 -2.000000 1.183678
v -4.000000 -2.000000 0.783836
v -2.000000 -2.000000 0.384056
v 0.000000 -2.000000 -0.015724
v 2.000000 -2.000000 -0.415321
v 4.000000 -2.000000 -0.814613
v 6.000000 -2.000000 -1.178688
v 8.000000 -2.000000 -1.507484
v 10.000000 -2.000000 -1.857826
v 12.000000 -2.000000 -2.229713
v 14.000000 -2.000000 -2.601662
v 16.000000 -2.000000 -2.973549
v 18.000000 -2.000000 -3.345497
v 20.000000 -2.000000 -3.717384
v 22.000000 -2.000000 -3.842262
v 24.000000 -2.000000 -3.967079
v 26.000000 -2.000000 -4.186806
v 28.000000 -2.000000 -4.406532
v 30.000000 -2.000000 -4.626198
v 32.000000 -2.000000 -4.845863
v -32.000000 0.000000 6.645226
v -30.000000 0.000000 6.266075
v -28.000000 0.000000 5.886864
v -26.000000 0.000000 5.507774
v -24.000000 0.000000 5.060448
v -22.000000 0.000000 4.586937
v -20.000000 0.000000 4.155479
v -18.000000 0.000000 3.724083
v -16.000000 0.000000 3.292625
v -14.000000 0.000000 2.861229
v -12.000000 0.000000 2.429771
v -10.000000 0.000000 1.998375
v -8.000000 0.000000 1.598534
v -6.000000 0.000000 1.198814
v -4.000000 0.000000 0.798973
v -2.000000 0.000000 0.399193
v 0.000000 0.000000 -0.000587
v 2.000000 0.000000 -0.400429
v 4.000000 0.000000 -0.799965
v 6.000000 0.000000 -1.164040
v 8.000000 0.000000 -1.514381
v 10.000000 0.000000 -1.886269
v 12.000000 0.000000 -2.258156
v 14.000000 0.000000 -2.630104
v 16.000000 0.000000 -3.001991
v 18.000000 0.000000 -3.373940
v 20.000000 0.000000 -3.745827
v 22.000000 0.000000 -3.870705
v 24.000000 0.000000 -4.090431
v 26.000000 0.000000 -4.310036
v 28.000000 0.000000 -4.529762
v 30.000000 0.000000 -4.749489
v 32.000000 0.000000 -4.969154
v -32.000000 2.000000 6.576256
v -30.000000 2.000000 6.197105
v -28.000000 2.000000 5.817955
v -26.000000 2.000000 5.438805
v -24.000000 2.000000 5.033531
v -22.000000 2.000000 4.602074
v -20.000000 2.000000 4.170616
v -18.000000 2.000000 3.739220
v -16.000000 2.000000 3.307762
v -14.000000 2.000000 2.876305
v -12.000000 2.000000 2.444969
v -10.000000 2.000000 2.013512
v -8.000000 2.000000 1.613670
v -6.000000 2.000000 1.213890
v -4.000000 2.000000 0.814110
v -2.000000 2.000000 0.414330
v 0.000000 2.000000 0.014549
v 2.000000 2.000000 -0.385292
v 4.000000 2.000000 -0.785072
v 6.000000 2.000000 -1.170937
v 8.000000 2.000000 -1.542824
v 10.000000 2.000000 -1.914772
v 12.000000 2.000000 -2.286659
v 14.000000 2.000000 -2.658546
v 16.000000 2.000000 -3.030495
v 18.000000 2.000000 -3.402382
v 20.000000 2.000000 -3.774269
v 22.000000 2.000000 -3.993996
v 24.000000 2.000000 -4.213661
v 26.000000 2.000000 -4.433388
v 28.000000 2.000000 -4.653053
v 30.000000 2.000000 -4.872780
v 32.000000 2.000000 -5.092445
v -32.000000 4.000000 6.322105
v -30.000000 4.000000 5.942955
v -28.000000 4.000000 5.563805
v -26.000000 4.000000 5.232689
v -24.000000 4.000000 4.875450
v -22.000000 4.000000 4.443993
v -20.000000 4.000000 4.012596
v -18.000000 4.000000 3.581139
v -16.000000 4.000000 3.149742
v -14.000000 4.000000 2.718285
v -12.000000 4.000000 2.286827
v -10.000000 4.000000 1.984459
v -8.000000 4.000000 1.584618
v -6.000000 4.000000 1.184898
v -4.000000 4.000000 0.785057
v -2.000000 4.000000 0.385277
v 0.000000 4.000000 -0.014565
v 2.000000 4.000000 -0.414345
v 4.000000 4.000000 -0.809731
v 6.000000 4.000000 -1.218361
v 8.000000 4.000000 -1.617409
v 10.000000 4.000000 -1.989296
v 12.000000 4.000000 -2.361183
v 14.000000 4.000000 -2.733131
v 16.000000 4.000000 -3.105019
v 18.000000 4.000000 -3.476906
v 20.000000 4.000000 -3.848854
v 22.000000 4.000000 -4.068581
v 24.000000 4.000000 -4.288246
v 26.000000 4.000000 -4.507912
v 28.000000 4.000000 -4.727638
v 30.000000 4.000000 -4.947304
v 32.000000 4.000000 -5.167030
v -32.000000 6.000000 6.068016
v -30.000000 6.000000 5.688805
v -28.000000 6.000000 5.357689
v -26.000000 6.000000 5.074608
v -24.000000 6.000000 4.717308
v -22.000000 6.000000 4.285973
v -20.000000 6.000000 3.854515
v -18.000000 6.000000 3.423058
v -16.000000 6.000000 2.991661
v -14.000000 6.000000 2.560204
v -12.000000 6.000000 2.257774
v -10.000000 6.000000 1.955345
v -8.000000 6.000000 1.555626
v -6.000000 6.000000 1.155846
v -4.000000 6.000000 0.756004
v -2.000000 6.000000 0.356163
v 0.000000 6.000000 -0.043617
v 2.000000 6.000000 -0.439003
v 4.000000 6.000000 -0.830055
v 6.000000 6.000000 -1.238625
v 8.000000 6.000000 -1.664772
v 10.000000 6.000000 -2.063881
v 12.000000 6.000000 -2.435768
v 14.000000 6.000000 -2.807716
v 16.000000 6.000000 -3.179604
v 18.000000 6.000000 -3.551491
v 20.000000 6.000000 -3.923439
v 22.000000 6.000000 -4.143105
v 24.000000 6.000000 -4.362831
v 26.000000 6.000000 -4.582497
v 28.000000 6.000000 -4.802162
v 30.000000 6.000000 -5.021889
v 32.000000 6.000000 -5.302956
v -32.000000 8.000000 5.813927
v -30.000000 8.000000 5.482750
v -28.000000 8.000000 5.199669
v -26.000000 8.000000 4.916527
v -24.000000 8.000000 4.559288
v -22.000000 8.000000 4.127831
v -20.000000 8.000000 3.696495
v -18.000000 8.000000 3.265038
v -16.000000 8.000000 2.833580
v -14.000000 8.000000 2.531151
v -12.000000 8.000000 2.228783
v -10.000000 8.000000 1.926353
v -8.000000 8.000000 1.526512
v -6.000000 8.000000 1.126732
v -4.000000 8.000000 0.726952
v -2.000000 8.000000 0.327171
v 0.000000 8.000000 -0.068275
v 2.000000 8.000000 -0.459267
v 4.000000 8.000000 -0.850319
v 6.000000 8.000000 -1.258888
v 8.000000 8.000000 -1.685097
v 10.000000 8.000000 -2.111305
v 12.000000 8.000000 -2.510292
v 14.000000 8.000000 -2.882240
v 16.000000 8.000000 -3.254128
v 18.000000 8.000000 -3.626015
v 20.000000 8.000000 -3.997963
v 22.000000 8.000000 -4.217628
v 24.000000 8.000000 -4.437355
v 26.000000 8.000000 -4.657021
v 28.000000 8.000000 -4.876747
v 30.000000 8.000000 -5.157814
v 32.000000 8.000000 -5.500221
v -32.000000 10.000000 5.607811
v -30.000000 10.000000 5.324669
v -28.000000 10.000000 5.041588
v -26.000000 10.000000 4.758507
v -24.000000 10.000000 4.401207
v -22.000000 10.000000 3.969810
v -20.000000 10.000000 3.538353
v -18.000000 10.000000 3.106956
v -16.000000 10.000000 2.804527
v -14.000000 10.000000 2.502098
v -12.000000 10.000000 2.199730
v -10.000000 10.000000 1.897301
v -8.000000 10.000000 1.497520
v -6.000000 10.000000 1.097679
v -4.000000 10.000000 0.697899
v -2.000000 10.000000 0.302513
v 0.000000 10.000000 -0.088539
v 2.000000 10.000000 -0.479530
v 4.000000 10.000000 -0.870583
v 6.000000 10.000000 -1.279152
v 8.000000 10.000000 -1.705360
v 10.000000 10.000000 -2.131569
v 12.000000 10.000000 -2.557716
v 14.000000 10.000000 -2.956825
v 16.000000 10.000000 -3.328712
v 18.000000 10.000000 -3.700600
v 20.000000 10.000000 -4.072548
v 22.000000 10.000000 -4.292274
v 24.000000 10.000000 -4.511940
v 26.000000 10.000000 -4.731606
v 28.000000 10.000000 -5.012672
v 30.000000 10.000000 -5.355080
v 32.000000 10.000000 -5.697548
v -32.000000 12.000000 5.449730
v -30.000000 12.000000 5.166588
v -28.000000 12.000000 4.883507
v -26.000000 12.000000 4.600426
v -24.000000 12.000000 4.243126
v -22.000000 12.000000 3.811729
v -20.000000 12.000000 3.380272
v -18.000000 12.000000 3.077904
v -16.000000 12.000000 2.775475
v -14.000000 12.000000 2.473045
v -12.000000 12.000000 2.170616
v -10.000000 12.000000 1.868248
v -8.000000 12.000000 1.468468
v -6.000000 12.000000 1.068626
v -4.000000 12.000000 0.673241
v -2.000000 12.000000 0.282249
v 0.000000 12.000000 -0.108803
v 2.000000 12.000000 -0.499794
v 4.000000 12.000000 -0.890846
v 6.000000 12.000000 -1.299416
v 8.000000 12.000000 -1.725624
v 10.000000 12.000000 -2.151772
v 12.000000 12.000000 -2.578041
v 14.000000 12.000000 -3.004189
v 16.000000 12.000000 -3.403236
v 18.000000 12.000000 -3.775124
v 20.000000 12.000000 -4.147072
v 22.000000 12.000000 -4.366737
v 24.000000 12.000000 -4.586464
v 26.000000 12.000000 -4.867531
v 28.000000 12.000000 -5.209999
v 30.000000 12.000000 -5.552406
v 32.000000 12.000000 -5.894875
v -32.000000 14.000000 5.291649
v -30.000000 14.000000 5.008507
v -28.000000 14.000000 4.725487
v -26.000000 14.000000 4.442345
v -24.000000 14.000000 4.085106
v -22.000000 14.000000 3.653648
v -20.000000 14.000000 3.351219
v -18.000000 14.000000 3.048851
v -16.000000 14.000000 2.746422
v -14.000000 14.000000 2.443993
v -12.000000 14.000000 2.141624
v -10.000000 14.000000 1.839195
v -8.000000 14.000000 1.439354
v -6.000000 14.000000 1.043968
v -4.000000 14.000000 0.652977
v -2.000000 14.000000 0.261925
v 0.000000 14.000000 -0.129066
v 2.000000 14.000000 -0.520119
v 4.000000 14.000000 -0.911110
v 6.000000 14.000000 -1.319740
v 8.000000 14.000000 -1.745888
v 10.000000 14.000000 -2.172096
v 12.000000 14.000000 -2.598305
v 14.000000 14.000000 -3.024513
v 16.000000 14.000000 -3.450661
v 18.000000 14.000000 -3.849770
v 20.000000 14.000000 -4.221596
v 22.000000 14.000000 -4.441322
v 24.000000 14.000000 -4.722450
v 26.000000 14.000000 -5.064857
v 28.000000 14.000000 -5.407265
v 30.000000 14.000000 -5.749733
v 32.000000 14.000000 -6.092140
v -32.000000 16.000000 5.133568
v -30.000000 16.000000 4.850487
v -28.000000 16.000000 4.567345
v -26.000000 16.000000 4.284264
v -24.000000 16.000000 3.926964
v -22.000000 16.000000 3.624596
v -20.000000 16.000000 3.322166
v -18.000000 16.000000 3.019798
v -16.000000 16.000000 2.717308
v -14.000000 16.000000 2.414940
v -12.000000 16.000000 2.112572
v -10.000000 16.000000 1.810143
v -8.000000 16.000000 1.414757
v -6.000000 16.000000 1.023705
v -4.000000 16.000000 0.632713
v -2.000000 16.000000 0.241661
v 0.000000 16.000000 -0.149330
v 2.000000 16.000000 -0.540321
v 4.000000 16.000000 -0.931374
v 6.000000 16.000000 -1.340004
v 8.000000 16.000000 -1.766151
v 10.000000 16.000000 -2.192360
v 12.000000 16.000000 -2.618507
v 14.000000 16.000000 -3.044777
v 16.000000 16.000000 -3.470985
v 18.000000 16.000000 -3.897133
v 20.000000 16.000000 -4.296181
v 22.000000 16.000000 -4.577309
v 24.000000 16.000000 -4.919716
v 26.000000 16.000000 -5.262123
v 28.000000 16.000000 -5.604591
v 30.000000 16.000000 -5.946999
v 32.000000 16.000000 -6.289406
v -32.000000 18.000000 4.969688
v -30.000000 18.000000 4.686607
v -28.000000 18.000000 4.403526
v -26.000000 18.000000 4.120384
v -24.000000 18.000000 3.880699
v -22.000000 18.000000 3.578270
v -20.000000 18.000000 3.275841
v -18.000000 18.000000 2.973473
v -16.000000 18.000000 2.671043
v -14.000000 18.000000 2.368614
v -12.000000 18.000000 2.066246
v -10.000000 18.000000 1.763817
v -8.000000 18.000000 1.372765
v -6.000000 18.000000 0.981773
v -4.000000 18.000000 0.590782
v -2.000000 18.000000 0.199730
v 0.000000 18.000000 -0.191261
v 2.000000 18.000000 -0.582253
v 4.000000 18.000000 -0.973305
v 6.000000 18.000000 -1.374428
v 8.000000 18.000000 -1.800636
v 10.000000 18.000000 -2.226845
v 12.000000 18.000000 -2.653053
v 14.000000 18.000000 -3.079201
v 16.000000 18.000000 -3.505470
v 18.000000 18.000000 -3.931679
v 20.000000 18.000000 -4.376808
v 22.000000 18.000000 -4.778664
v 24.000000 18.000000 -5.121071
v 26.000000 18.000000 -5.463478
v 28.000000 18.000000 -5.805946
v 30.000000 18.000000 -6.148415
v 32.000000 18.000000 -6.490822
v -32.000000 20.000000 4.800072
v -30.000000 20.000000 4.516930
v -28.000000 20.000000 4.233849
v -26.000000 20.000000 3.950768
v -24.000000 20.000000 3.711021
v -22.000000 20.000000 3.514732
v -20.000000 20.000000 3.212364
v -18.000000 20.000000 2.909935
v -16.000000 20.000000 2.607506
v -14.000000 20.000000 2.305077
v -12.000000 20.000000 2.002708
v -10.000000 20.000000 1.700279
v -8.000000 20.000000 1.309227
v -6.000000 20.000000 0.918175
v -4.000000 20.000000 0.527245
v -2.000000 20.000000 0.136192
v 0.000000 20.000000 -0.254799
v 2.000000 20.000000 -0.645851
v 4.000000 20.000000 -1.022011
v 6.000000 20.000000 -1.423195
v 8.000000 20.000000 -1.849342
v 10.000000 20.000000 -2.275551
v 12.000000 20.000000 -2.701698
v 14.000000 20.000000 -3.127968
v 16.000000 20.000000 -3.554176
v 18.000000 20.000000 -3.999306
v 20.000000 20.000000 -4.463478
v 22.000000 20.000000 -4.924660
v 24.000000 20.000000 -5.326454
v 26.000000 20.000000 -5.668922
v 28.000000 20.000000 -6.011330
v 30.000000 20.000000 -6.353798
v 32.000000 20.000000 -6.696266
v -32.000000 22.000000 4.630394
v -30.000000 22.000000 4.347252
v -28.000000 22.000000 4.064171
v -26.000000 22.000000 3.781090
v -24.000000 22.000000 3.541344
v -22.000000 22.000000 3.345055
v -20.000000 22.000000 3.148766
v -18.000000 22.000000 2.846336
v -16.000000 22.000000 2.543968
v -14.000000 22.000000 2.241539
v -12.000000 22.000000 1.939110
v -10.000000 22.000000 1.636681
v -8.000000 22.000000 1.245689
v -6.000000 22.000000 0.854637
v -4.000000 22.000000 0.463707
v -2.000000 22.000000 0.072655
v 0.000000 22.000000 -0.318336
v 2.000000 22.000000 -0.694557
v 4.000000 22.000000 -1.070656
v 6.000000 22.000000 -1.471840
v 8.000000 22.000000 -1.898048
v 10.000000 22.000000 -2.324257
v 12.000000 22.000000 -2.750465
v 14.000000 22.000000 -3.176674
v 16.000000 22.000000 -3.621803
v 18.000000 22.000000 -4.085976
v 20.000000 22.000000 -4.550148
v 22.000000 22.000000 -5.011330
v 24.000000 22.000000 -5.472511
v 26.000000 22.000000 -5.874306
v 28.000000 22.000000 -6.216774
v 30.000000 22.000000 -6.559181
v 32.000000 22.000000 -6.901649
v -32.000000 24.000000 4.460716
v -30.000000 24.000000 4.177635
v -28.000000 24.000000 3.894493
v -26.000000 24.000000 3.611412
v -24.000000 24.000000 3.371727
v -22.000000 24.000000 3.175438
v -20.000000 24.000000 2.979088
v -18.000000 24.000000 2.782799
v -16.000000 24.000000 2.480370
v -14.000000 24.000000 2.178001
v -12.000000 24.000000 1.875572
v -10.000000 24.000000 1.573143
v -8.000000 24.000000 1.182091
v -6.000000 24.000000 0.791100
v -4.000000 24.000000 0.400108
v -2.000000 24.000000 0.009056
v 0.000000 24.000000 -0.367104
v 2.000000 24.000000 -0.743263
v 4.000000 24.000000 -1.119423
v 6.000000 24.000000 -1.520546
v 8.000000 24.000000 -1.946754
v 10.000000 24.000000 -2.372963
v 12.000000 24.000000 -2.799171
v 14.000000 24.000000 -3.244362
v 16.000000 24.000000 -3.708534
v 18.000000 24.000000 -4.172707
v 20.000000 24.000000 -4.636879
v 22.000000 24.000000 -5.098061
v 24.000000 24.000000 -5.559242
v 26.000000 24.000000 -6.020363
v 28.000000 24.000000 -6.422157
v 30.000000 24.000000 -6.764626
v 32.000000 24.000000 -7.107033
v -32.000000 26.000000 4.251183
v -30.000000 26.000000 4.007957
v -28.000000 26.000000 3.724876
v -26.000000 26.000000 3.441734
v -24.000000 26.000000 3.202049
v -22.000000 26.000000 3.005760
v -20.000000 26.000000 2.809471
v -18.000000 26.000000 2.613121
v -16.000000 26.000000 2.416832
v -14.000000 26.000000 2.114403
v -12.000000 26.000000 1.812035
v -10.000000 26.000000 1.509605
v -8.000000 26.000000 1.118614
v -6.000000 26.000000 0.727562
v -4.000000 26.000000 0.336510
v -2.000000 26.000000 -0.039589
v 0.000000 26.000000 -0.415749
v 2.000000 26.000000 -0.791908
v 4.000000 26.000000 -1.168129
v 6.000000 26.000000 -1.569252
v 8.000000 26.000000 -1.995461
v 10.000000 26.000000 -2.421608
v 12.000000 26.000000 -2.866859
v 14.000000 26.000000 -3.331032
v 16.000000 26.000000 -3.795143
v 18.000000 26.000000 -4.259377
v 20.000000 26.000000 -4.723549
v 22.000000 26.000000 -5.184731
v 24.000000 26.000000 -5.645851
v 26.000000 26.000000 -6.107033
v 28.000000 26.000000 -6.568214
v 30.000000 26.000000 -6.970009
v 32.000000 26.000000 -7.312477
v -32.000000 28.000000 4.001793
v -30.000000 28.000000 3.798424
v -28.000000 28.000000 3.555199
v -26.000000 28.000000 3.272118
v -24.000000 28.000000 3.032372
v -22.000000 28.000000 2.836082
v -20.000000 28.000000 2.639793
v -18.000000 28.000000 2.443504
v -16.000000 28.000000 2.247154
v -14.000000 28.000000 2.050865
v -12.000000 28.000000 1.748436
v -10.000000 28.000000 1.446068
v -8.000000 28.000000 1.055016
v -6.000000 28.000000 0.664024
v -4.000000 28.000000 0.287865
v -2.000000 28.000000 -0.088295
v 0.000000 28.000000 -0.464455
v 2.000000 28.000000 -0.840614
v 4.000000 28.000000 -1.216774
v 6.000000 28.000000 -1.617958
v 8.000000 28.000000 -2.044167
v 10.000000 28.000000 -2.489357
v 12.000000 28.000000 -2.953529
v 14.000000 28.000000 -3.417702
v 16.000000 28.000000 -3.881874
v 18.000000 28.000000 -4.346046
v 20.000000 28.000000 -4.810219
v 22.000000 28.000000 -5.271400
v 24.000000 28.000000 -5.732582
v 26.000000 28.000000 -6.193703
v 28.000000 28.000000 -6.654884
v 30.000000 28.000000 -7.116066
v 32.000000 28.000000 -7.517860
v -32.000000 30.000000 3.752464
v -30.000000 30.000000 3.549034
v -28.000000 30.000000 3.345726
v -26.000000 30.000000 3.102440
v -24.000000 30.000000 2.862694
v -22.000000 30.000000 2.666405
v -20.000000 30.000000 2.470116
v -18.000000 30.000000 2.273766
v -16.000000 30.000000 2.077538
v -14.000000 30.000000 1.881187
v -12.000000 30.000000 1.684898
v -10.000000 30.000000 1.382469
v -8.000000 30.000000 0.991478
v -6.000000 30.000000 0.615318
v -4.000000 30.000000 0.239159
v -2.000000 30.000000 -0.137062
v 0.000000 30.000000 -0.513161
v 2.000000 30.000000 -0.889320
v 4.000000 30.000000 -1.265480
v 6.000000 30.000000 -1.666664
v 8.000000 30.000000 -2.111855
v 10.000000 30.000000 -2.576027
v 12.000000 30.000000 -3.040199
v 14.000000 30.000000 -3.504372
v 16.000000 30.000000 -3.968544
v 18.000000 30.000000 -4.432716
v 20.000000 30.000000 -4.896889
v 22.000000 30.000000 -5.358070
v 24.000000 30.000000 -5.819252
v 26.000000 30.000000 -6.280434
v 28.000000 30.000000 -6.741554
v 30.000000 30.000000 -7.202736
v 32.000000 30.000000 -7.663918
v -32.000000 32.000000 3.523817
v -30.000000 32.000000 3.313523
v -28.000000 32.000000 3.103229
v -26.000000 32.000000 2.892935
v -24.000000 32.000000 2.682642
v -22.000000 32.000000 2.472347
v -20.000000 32.000000 2.262053
v -18.000000 32.000000 1.966872
v -16.000000 32.000000 1.671690
v -14.000000 32.000000 1.376509
v -12.000000 32.000000 1.081327
v -10.000000 32.000000 0.786146
v -8.000000 32.000000 0.490964
v -6.000000 32.000000 0.195782
v -4.000000 32.000000 -0.099399
v -2.000000 32.000000 -0.394581
v 0.000000 32.000000 -0.689763
v 2.000000 32.000000 -1.123662
v 4.000000 32.000000 -1.557562
v 6.000000 32.000000 -1.991461
v 8.000000 32.000000 -2.425361
v 10.000000 32.000000 -2.859261
v 12.000000 32.000000 -3.293160
v 14.000000 32.000000 -3.727060
v 16.000000 32.000000 -4.160959
v 18.000000 32.000000 -4.594859
v 20.000000 32.000000 -5.028759
v 22.000000 32.000000 -5.448547
v 24.000000 32.000000 -5.868337
v 26.000000 32.000000 -6.288126
v 28.000000 32.000000 -6.707914
v 30.000000 32.000000 -7.127703
v 32.000000 32.000000 -7.547493
vn 0.2823 -0.0243 0.9590
vn 0.2893 -0.0319 0.9567
vn 0.3032 -0.0471 0.9518
vn 0.3067 -0.0547 0.9502
vn 0.2999 -0.0471 0.9528
vn 0.3001 -0.0548 0.9523
vn 0.2959 -0.0593 0.9534
vn 0.2926 -0.0594 0.9544
vn 0.2843 -0.0685 0.9563
vn 0.2801 -0.0730 0.9572
vn 0.2800 -0.0730 0.9572
vn 0.2369 -0.0739 0.9687
vn 0.1926 -0.0744 0.9784
vn 0.1929 -0.0741 0.9784
vn 0.1929 -0.0742 0.9784
vn 0.1932 -0.0738 0.9784
vn 0.1933 -0.0737 0.9784
vn 0.1933 -0.0736 0.9784
vn 0.1934 -0.0736 0.9784
vn 0.1809 -0.0738 0.9807
vn 0.1810 -0.0738 0.9807
vn 0.1561 -0.0741 0.9850
vn 0.1562 -0.0741 0.9849
vn 0.1437 -0.0743 0.9868
vn 0.1437 -0.0742 0.9868
vn 0.1391 -0.0695 0.9878
vn 0.1344 -0.0648 0.9888
vn 0.1390 -0.0695 0.9878
vn 0.0788 -0.0652 0.9948
vn 0.0787 -0.0652 0.9948
vn 0.0227 -0.0653 0.9976
vn 0.0228 -0.0654 0.9976
vn 0.0228 -0.0653 0.9976
vn 0.0177 -0.0603 0.9980
vn 0.0074 -0.0500 0.9987
vn 0.2823 0.0221 0.9591
vn 0.2824 0.0219 0.9591
vn 0.2820 0.0016 0.9594
vn 0.2811 -0.0316 0.9592
vn 0.2805 -0.0445 0.9588
vn 0.2805 -0.0444 0.9588
vn 0.2375 -0.0450 0.9703
vn 0.1935 -0.0451 0.9801
vn 0.1937 -0.0449 0.9800
vn 0.1938 -0.0448 0.9800
vn 0.1813 -0.0447 0.9824
vn 0.1565 -0.0442 0.9867
vn 0.1440 -0.0443 0.9886
vn 0.0839 -0.0305 0.9960
vn 0.0228 -0.0108 0.9997
vn 0.2817 0.0684 0.9571
vn 0.2818 0.0684 0.9570
vn 0.2702 0.0559 0.9612
vn 0.2503 0.0306 0.9677
vn 0.2538 0.0093 0.9672
vn 0.2731 -0.0075 0.9620
vn 0.2808 -0.0159 0.9596
vn 0.2808 -0.0158 0.9596
vn 0.2375 -0.0161 0.9712
vn 0.1938 -0.0162 0.9809
vn 0.1939 -0.0162 0.9809
vn 0.1940 -0.0161 0.9809
vn 0.1945 -0.0156 0.9808
vn 0.1824 -0.0148 0.9831
vn 0.1572 -0.0142 0.9875
vn 0.1441 -0.0143 0.9895
vn 0.1532 -0.0050 0.9882
vn 0.1127 0.0042 0.9936
vn 0.0426 0.0241 0.9988
vn 0.0228 0.0439 0.9988
vn 0.0228 0.0438 0.9988
vn 0.2466 0.0306 0.9686
vn 0.2382 0.0178 0.9710
vn 0.2458 0.0177 0.9692
vn 0.2575 0.0093 0.9662
vn 0.2730 -0.0075 0.9620
vn 0.2807 -0.0158 0.9597
vn 0.2379 -0.0160 0.9712
vn 0.1952 -0.0148 0.9807
vn 0.1828 -0.0143 0.9830
vn 0.1571 -0.0143 0.9875
vn 0.1622 0.0042 0.9867
vn 0.1124 0.0043 0.9937
vn 0.0623 0.0043 0.9980
vn 0.2344 0.0178 0.9720
vn 0.2383 0.0178 0.9710
vn 0.2496 0.0177 0.9682
vn 0.2375 -0.0160 0.9712
vn 0.1957 -0.0143 0.9806
vn 0.1830 -0.0142 0.9830
vn 0.1622 0.0042 0.9868
vn 0.1127 0.0043 0.9936
vn 0.2345 0.0178 0.9720
vn 0.2383 0.0177 0.9710
vn 0.1958 -0.0142 0.9805
vn 0.2380 -0.0160 0.9711
vn 0.1571 -0.0142 0.9875
vn 0.2344 0.0342 0.9715
vn 0.2344 0.0341 0.9715
vn 0.2381 0.0342 0.9706
vn 0.2458 0.0216 0.9691
vn 0.2495 0.0216 0.9681
vn 0.2496 0.0216 0.9681
vn 0.2575 0.0132 0.9662
vn 0.2305 -0.0139 0.9730
vn 0.1952 -0.0131 0.9807
vn 0.1959 -0.0123 0.9805
vn 0.1958 -0.0124 0.9806
vn 0.1958 -0.0125 0.9806
vn 0.1830 -0.0125 0.9830
vn 0.1662 -0.0079 0.9861
vn 0.1622 0.0014 0.9868
vn 0.1127 0.0067 0.9936
vn 0.0623 0.0068 0.9980
vn 0.2340 0.0671 0.9699
vn 0.2340 0.0669 0.9699
vn 0.2262 0.0422 0.9732
vn 0.2339 0.0296 0.9718
vn 0.2495 0.0295 0.9679
vn 0.2400 0.0193 0.9706
vn 0.2132 -0.0096 0.9770
vn 0.1957 -0.0091 0.9806
vn 0.1958 -0.0089 0.9806
vn 0.1875 -0.0090 0.9822
vn 0.1706 -0.0044 0.9853
vn 0.1622 -0.0044 0.9867
vn 0.1622 -0.0043 0.9867
vn 0.1674 0.0009 0.9859
vn 0.1179 0.0116 0.9930
vn 0.0623 0.0117 0.9980
vn 0.2337 0.0835 0.9687
vn 0.2100 0.0588 0.9759
vn 0.2022 0.0338 0.9788
vn 0.2338 0.0335 0.9717
vn 0.2495 0.0334 0.9678
vn 0.2495 0.0333 0.9678
vn 0.2399 0.0232 0.9705
vn 0.2206 0.0029 0.9753
vn 0.2034 -0.0074 0.9791
vn 0.1960 -0.0074 0.9806
vn 0.1959 -0.0073 0.9806
vn 0.1958 -0.0072 0.9806
vn 0.1875 -0.0072 0.9822
vn 0.1706 -0.0072 0.9853
vn 0.1622 -0.0072 0.9867
vn 0.1674 -0.0019 0.9859
vn 0.1777 0.0087 0.9840
vn 0.1232 0.0141 0.9923
vn 0.0623 0.0142 0.9980
vn 0.0857 0.0378 0.9956
vn 0.1861 0.0340 0.9819
vn 0.2494 0.0334 0.9678
vn 0.2399 0.0233 0.9705
vn 0.2207 0.0029 0.9753
vn 0.2109 -0.0073 0.9775
vn 0.1707 -0.0072 0.9853
vn 0.1827 0.0139 0.9831
vn 0.1234 0.0141 0.9923
vn 0.0857 0.0377 0.9956
vn 0.1090 0.0612 0.9922
vn 0.1861 0.0339 0.9819
vn 0.2102 0.0589 0.9759
vn 0.1862 0.0339 0.9819
vn 0.2400 0.0233 0.9705
vn 0.2108 -0.0074 0.9775
vn 0.1828 0.0140 0.9830
vn 0.1090 0.0611 0.9922
vn 0.1862 0.0338 0.9819
vn 0.2109 -0.0074 0.9775
vn 0.1673 -0.0020 0.9859
vn 0.1776 0.0087 0.9841
vn 0.1828 0.0140 0.9831
vn 0.2339 0.0335 0.9717
vn 0.1874 -0.0072 0.9822
vn 0.1776 0.0086 0.9841
vn 0.1231 0.0141 0.9923
vn 0.2022 0.0337 0.9788
vn 0.2243 0.0233 0.9742
vn 0.1876 -0.0072 0.9822
vn 0.1758 -0.0019 0.9844
vn 0.1857 0.0790 0.9794
vn 0.1857 0.0791 0.9794
vn 0.1920 0.0673 0.9791
vn 0.2045 0.0452 0.9778
vn 0.2108 0.0349 0.9769
vn 0.2107 0.0348 0.9769
vn 0.2107 0.0349 0.9769
vn 0.2035 0.0034 0.9791
vn 0.1960 0.0034 0.9806
vn 0.1958 0.0031 0.9806
vn 0.1927 0.0024 0.9813
vn 0.1862 0.0134 0.9824
vn 0.1828 0.0253 0.9828
vn 0.1464 0.0255 0.9889
vn 0.1090 0.0491 0.9928
vn 0.1091 0.0491 0.9928
vn 0.1848 0.1239 0.9749
vn 0.1737 0.1126 0.9783
vn 0.1689 0.0894 0.9816
vn 0.1929 0.0773 0.9782
vn 0.2102 0.0770 0.9746
vn 0.1800 0.0459 0.9826
vn 0.1728 0.0144 0.9849
vn 0.1960 0.0142 0.9805
vn 0.1960 0.0143 0.9805
vn 0.1957 0.0140 0.9806
vn 0.1949 0.0131 0.9807
vn 0.1970 0.0110 0.9803
vn 0.1982 0.0168 0.9800
vn 0.1892 0.0299 0.9815
vn 0.1827 0.0366 0.9825
vn 0.1460 0.0369 0.9886
vn 0.1091 0.0370 0.9933
vn 0.1240 0.0521 0.9909
vn 0.1848 0.1238 0.9749
vn 0.1512 0.0896 0.9844
vn 0.1576 0.0779 0.9844
vn 0.1928 0.0773 0.9782
vn 0.1494 0.0144 0.9887
vn 0.1728 0.0143 0.9849
vn 0.1947 0.0129 0.9808
vn 0.1932 0.0113 0.9811
vn 0.1963 0.0102 0.9805
vn 0.2043 0.0099 0.9789
vn 0.2020 0.0166 0.9792
vn 0.1465 0.0368 0.9885
vn 0.1240 0.0522 0.9909
vn 0.1535 0.0820 0.9847
vn 0.1397 0.0780 0.9871
vn 0.1576 0.0778 0.9844
vn 0.1495 0.0144 0.9887
vn 0.1921 0.0102 0.9813
vn 0.1960 0.0099 0.9806
vn 0.2084 0.0099 0.9780
vn 0.1680 0.0968 0.9810
vn 0.1397 0.0781 0.9871
vn 0.2102 0.0771 0.9746
vn 0.1919 0.0099 0.9814
vn 0.1460 0.0368 0.9886
vn 0.1575 0.0778 0.9844
vn 0.1927 0.0108 0.9812
vn 0.1919 0.0100 0.9814
vn 0.1730 0.0144 0.9848
vn 0.1928 0.0109 0.9812
vn 0.1462 0.0368 0.9886
vn 0.1241 0.0522 0.9909
vn 0.1397 0.0794 0.9870
vn 0.1576 0.0792 0.9843
vn 0.1624 0.0503 0.9854
vn 0.1494 0.0187 0.9886
vn 0.1495 0.0186 0.9886
vn 0.1715 0.0183 0.9850
vn 0.1932 0.0166 0.9810
vn 0.1919 0.0153 0.9813
vn 0.1918 0.0153 0.9813
vn 0.1919 0.0152 0.9813
vn 0.1959 0.0151 0.9805
vn 0.2043 0.0134 0.9788
vn 0.2084 0.0134 0.9780
vn 0.2084 0.0134 0.9779
vn 0.2020 0.0201 0.9792
vn 0.1675 0.0382 0.9851
vn 0.1535 0.0830 0.9847
vn 0.1679 0.0977 0.9809
vn 0.1680 0.0978 0.9809
vn 0.1679 0.0978 0.9809
vn 0.1397 0.0823 0.9868
vn 0.1292 0.0824 0.9882
vn 0.1341 0.0535 0.9895
vn 0.1495 0.0271 0.9884
vn 0.1494 0.0271 0.9884
vn 0.1707 0.0271 0.9850
vn 0.1921 0.0261 0.9810
vn 0.1918 0.0259 0.9811
vn 0.1942 0.0222 0.9807
vn 0.2027 0.0206 0.9790
vn 0.2084 0.0203 0.9778
vn 0.2128 0.0250 0.9768
vn 0.2070 0.0409 0.9775
vn 0.1823 0.0851 0.9796
vn 0.1679 0.0997 0.9807
vn 0.1679 0.0998 0.9807
vn 0.1397 0.0837 0.9867
vn 0.1291 0.0838 0.9881
vn 0.1080 0.0840 0.9906
vn 0.1235 0.0578 0.9907
vn 0.1494 0.0314 0.9883
vn 0.1707 0.0313 0.9848
vn 0.1918 0.0312 0.9809
vn 0.1918 0.0311 0.9809
vn 0.1883 0.0276 0.9817
vn 0.1908 0.0239 0.9813
vn 0.2025 0.0238 0.9790
vn 0.2084 0.0238 0.9778
vn 0.2083 0.0238 0.9778
vn 0.2128 0.0284 0.9767
vn 0.2215 0.0376 0.9744
vn 0.2252 0.0422 0.9734
vn 0.2105 0.0568 0.9759
vn 0.1822 0.0861 0.9795
vn 0.1679 0.1007 0.9806
vn 0.0973 0.0841 0.9917
vn 0.1706 0.0313 0.9848
vn 0.1848 0.0240 0.9825
vn 0.1907 0.0239 0.9814
vn 0.2084 0.0239 0.9778
vn 0.2127 0.0284 0.9767
vn 0.2259 0.0422 0.9732
vn 0.2245 0.0422 0.9736
vn 0.1299 0.0936 0.9871
vn 0.1883 0.0275 0.9817
vn 0.1848 0.0239 0.9825
vn 0.2084 0.0239 0.9777
vn 0.2129 0.0285 0.9767
vn 0.2215 0.0375 0.9744
vn 0.2258 0.0421 0.9733
vn 0.1103 0.1133 0.9874
vn 0.1847 0.0239 0.9825
vn 0.2128 0.0285 0.9767
vn 0.2216 0.0376 0.9744
vn 0.1102 0.1133 0.9874
vn 0.1004 0.1231 0.9873
vn 0.2025 0.0239 0.9790
vn 0.1823 0.0861 0.9795
vn 0.1195 0.0938 0.9884
vn 0.1080 0.0841 0.9906
vn 0.0973 0.0842 0.9917
vn 0.2069 0.0285 0.9779
vn 0.2106 0.0568 0.9759
vn 0.1005 0.1110 0.9887
vn 0.0998 0.1013 0.9898
vn 0.0982 0.0915 0.9910
vn 0.0973 0.0915 0.9910
vn 0.0973 0.0916 0.9910
vn 0.1414 0.0581 0.9882
vn 0.1846 0.0473 0.9817
vn 0.1846 0.0474 0.9817
vn 0.1950 0.0472 0.9797
vn 0.2156 0.0500 0.9752
vn 0.2258 0.0528 0.9728
vn 0.2251 0.0528 0.9729
vn 0.2244 0.0528 0.9731
vt 0.015625 0.015625
vt 0.045898 0.015625
vt 0.045898 0.045898
vt 0.015625 0.045898
vt 0.076172 0.015625
vt 0.076172 0.045898
vt 0.106445 0.015625
vt 0.106445 0.045898
vt 0.136719 0.015625
vt 0.136719 0.045898
vt 0.166992 0.015625
vt 0.166992 0.045898
vt 0.197266 0.015625
vt 0.197266 0.045898
vt 0.227539 0.015625
vt 0.227539 0.045898
vt 0.257812 0.015625
vt 0.257812 0.045898
vt 0.288086 0.015625
vt 0.288086 0.045898
vt 0.318359 0.015625
vt 0.318359 0.045898
vt 0.348633 0.015625
vt 0.348633 0.045898
vt 0.378906 0.015625
vt 0.378906 0.045898
vt 0.409180 0.015625
vt 0.409180 0.045898
vt 0.439453 0.015625
vt 0.439453 0.045898
vt 0.469727 0.015625
vt 0.469727 0.045898
vt 0.500000 0.015625
vt 0.500000 0.045898
vt 0.530273 0.015625
vt 0.530273 0.045898
vt 0.560547 0.015625
vt 0.560547 0.045898
vt 0.590820 0.015625
vt 0.590820 0.045898
vt 0.621094 0.015625
vt 0.621094 0.045898
vt 0.651367 0.015625
vt 0.651367 0.045898
vt 0.681641 0.015625
vt 0.681641 0.045898
vt 0.711914 0.015625
vt 0.711914 0.045898
vt 0.742188 0.015625
vt 0.742188 0.045898
vt 0.772461 0.015625
vt 0.772461 0.045898
vt 0.802734 0.015625
vt 0.802734 0.045898
vt 0.833008 0.015625
vt 0.833008 0.045898
vt 0.863281 0.015625
vt 0.863281 0.045898
vt 0.893555 0.015625
vt 0.893555 0.045898
vt 0.923828 0.015625
vt 0.923828 0.045898
vt 0.954102 0.015625
vt 0.954102 0.045898
vt 0.984375 0.015625
vt 0.984375 0.045898
vt 0.045898 0.076172
vt 0.015625 0.076172
vt 0.076172 0.076172
vt 0.106445 0.076172
vt 0.136719 0.076172
vt 0.166992 0.076172
vt 0.197266 0.076172
vt 0.227539 0.076172
vt 0.257812 0.076172
vt 0.288086 0.076172
vt 0.318359 0.076172
vt 0.348633 0.076172
vt 0.378906 0.076172
vt 0.409180 0.076172
vt 0.439453 0.076172
vt 0.469727 0.076172
vt 0.500000 0.076172
vt 0.530273 0.076172
vt 0.560547 0.076172
vt 0.590820 0.076172
vt 0.621094 0.076172
vt 0.651367 0.076172
vt 0.681641 0.076172
vt 0.711914 0.076172
vt 0.742188 0.076172
vt 0.772461 0.076172
vt 0.802734 0.076172
vt 0.833008 0.076172
vt 0.863281 0.076172
vt 0.893555 0.076172
vt 0.923828 0.076172
vt 0.954102 0.076172
vt 0.984375 0.076172
vt 0.045898 0.106445
vt 0.015625 0.106445
vt 0.076172 0.106445
vt 0.106445 0.106445
vt 0.136719 0.106445
vt 0.166992 0.106445
vt 0.197266 0.106445
vt 0.227539 0.106445
vt 0.257812 0.106445
vt 0.288086 0.106445
vt 0.318359 0.106445
vt 0.348633 0.106445
vt 0.378906 0.106445
vt 0.409180 0.106445
vt 0.439453 0.106445
vt 0.469727 0.106445
vt 0.500000 0.106445
vt 0.530273 0.106445
vt 0.560547 0.106445
vt 0.590820 0.106445
vt 0.621094 0.106445
vt 0.651367 0.106445
vt 0.681641 0.106445
vt 0.711914 0.106445
vt 0.742188 0.106445
vt 0.772461 0.106445
vt 0.802734 0.106445
vt 0.833008 0.106445
vt 0.863281 0.106445
vt 0.893555 0.106445
vt 0.923828 0.106445
vt 0.954102 0.106445
vt 0.984375 0.106445
vt 0.045898 0.136719
vt 0.015625 0.136719
vt 0.076172 0.136719
vt 0.106445 0.136719
vt 0.136719 0.136719
vt 0.166992 0.136719
vt 0.197266 0.136719
vt 0.227539 0.136719
vt 0.257812 0.136719
vt 0.288086 0.136719
vt 0.318359 0.136719
vt 0.348633 0.136719
vt 0.378906 0.136719
vt 0.409180 0.136719
vt 0.439453 0.136719
vt 0.469727 0.136719
vt 0.500000 0.136719
vt 0.530273 0.136719
vt 0.560547 0.136719
vt 0.590820 0.136719
vt 0.621094 0.136719
vt 0.651367 0.136719
vt 0.681641 0.136719
vt 0.711914 0.136719
vt 0.742188 0.136719
vt 0.772461 0.136719
vt 0.802734 0.136719
vt 0.833008 0.136719
vt 0.863281 0.136719
vt 0.893555 0.136719
vt 0.923828 0.136719
vt 0.954102 0.136719
vt 0.984375 0.136719
vt 0.045898 0.166992
vt 0.015625 0.166992
vt 0.076172 0.166992
vt 0.106445 0.166992
vt 0.136719 0.166992
vt 0.166992 0.166992
vt 0.197266 0.166992
vt 0.227539 0.166992
vt 0.257812 0.166992
vt 0.288086 0.166992
vt 0.318359 0.166992
vt 0.348633 0.166992
vt 0.378906 0.166992
vt 0.409180 0.166992
vt 0.439453 0.166992
vt 0.469727 0.166992
vt 0.500000 0.166992
vt 0.530273 0.166992
vt 0.560547 0.166992
vt 0.590820 0.166992
vt 0.621094 0.166992
vt 0.651367 0.166992
vt 0.681641 0.166992
vt 0.711914 0.166992
vt 0.742188 0.166992
vt 0.772461 0.166992
vt 0.802734 0.166992
vt 0.833008 0.166992
vt 0.863281 0.166992
vt 0.893555 0.166992
vt 0.923828 0.166992
vt 0.954102 0.166992
vt 0.984375 0.166992
vt 0.045898 0.197266
vt 0.015625 0.197266
vt 0.076172 0.197266
vt 0.106445 0.197266
vt 0.136719 0.197266
vt 0.166992 0.197266
vt 0.197266 0.197266
vt 0.227539 0.197266
vt 0.257812 0.197266
vt 0.288086 0.197266
vt 0.318359 0.197266
vt 0.348633 0.197266
vt 0.378906 0.197266
vt 0.409180 0.197266
vt 0.439453 0.197266
vt 0.469727 0.197266
vt 0.500000 0.197266
vt 0.530273 0.197266
vt 0.560547 0.197266
vt 0.590820 0.197266
vt 0.621094 0.197266
vt 0.651367 0.197266
vt 0.681641 0.197266
vt 0.711914 0.197266
vt 0.742188 0.197266
vt 0.772461 0.197266
vt 0.802734 0.197266
vt 0.833008 0.197266
vt 0.863281 0.197266
vt 0.893555 0.197266
vt 0.923828 0.197266
vt 0.954102 0.197266
vt 0.984375 0.197266
vt 0.045898 0.227539
vt 0.015625 0.227539
vt 0.076172 0.227539
vt 0.106445 0.227539
vt 0.136719 0.227539
vt 0.166992 0.227539
vt 0.197266 0.227539
vt 0.227539 0.227539
vt 0.257812 0.227539
vt 0.288086 0.227539
vt 0.318359 0.227539
vt 0.348633 0.227539
vt 0.378906 0.227539
vt 0.409180 0.227539
vt 0.439453 0.227539
vt 0.469727 0.227539
vt 0.500000 0.227539
vt 0.530273 0.227539
vt 0.560547 0.227539
vt 0.590820 0.227539
vt 0.621094 0.227539
vt 0.651367 0.227539
vt 0.681641 0.227539
vt 0.711914 0.227539
vt 0.742188 0.227539
vt 0.772461 0.227539
vt 0.802734 0.227539
vt 0.833008 0.227539
vt 0.863281 0.227539
vt 0.893555 0.227539
vt 0.923828 0.227539
vt 0.954102 0.227539
vt 0.984375 0.227539
vt 0.045898 0.257812
vt 0.015625 0.257812
vt 0.076172 0.257812
vt 0.106445 0.257812
vt 0.136719 0.257812
vt 0.166992 0.257812
vt 0.197266 0.257812
vt 0.227539 0.257812
vt 0.257812 0.257812
vt 0.288086 0.257812
vt 0.318359 0.257812
vt 0.348633 0.257812
vt 0.378906 0.257812
vt 0.409180 0.257812
vt 0.439453 0.257812
vt 0.469727 0.257812
vt 0.500000 0.257812
vt 0.530273 0.257812
vt 0.560547 0.257812
vt 0.590820 0.257812
vt 0.621094 0.257812
vt 0.651367 0.257812
vt 0.681641 0.257812
vt 0.711914 0.257812
vt 0.742188 0.257812
vt 0.772461 0.257812
vt 0.802734 0.257812
vt 0.833008 0.257812
vt 0.863281 0.257812
vt 0.893555 0.257812
vt 0.923828 0.257812
vt 0.954102 0.257812
vt 0.984375 0.257812
vt 0.045898 0.288086
vt 0.015625 0.288086
vt 0.076172 0.288086
vt 0.106445 0.288086
vt 0.136719 0.288086
vt 0.166992 0.288086
vt 0.197266 0.288086
vt 0.227539 0.288086
vt 0.257812 0.288086
vt 0.288086 0.288086
vt 0.318359 0.288086
vt 0.348633 0.288086
vt 0.378906 0.288086
vt 0.409180 0.288086
vt 0.439453 0.288086
vt 0.469727 0.288086
vt 0.500000 0.288086
vt 0.530273 0.288086
vt 0.560547 0.288086
vt 0.590820 0.288086
vt 0.621094 0.288086
vt 0.651367 0.288086
vt 0.681641 0.288086
vt 0.711914 0.288086
vt 0.742188 0.288086
vt 0.772461 0.288086
vt 0.802734 0.288086
vt 0.833008 0.288086
vt 0.863281 0.288086
vt 0.893555 0.288086
vt 0.923828 0.288086
vt 0.954102 0.288086
vt 0.984375 0.288086
vt 0.045898 0.318359
vt 0.015625 0.318359
vt 0.076172 0.318359
vt 0.106445 0.318359
vt 0.136719 0.318359
vt 0.166992 0.318359
vt 0.197266 0.318359
vt 0.227539 0.318359
vt 0.257812 0.318359
vt 0.288086 0.318359
vt 0.318359 0.318359
vt 0.348633 0.318359
vt 0.378906 0.318359
vt 0.409180 0.318359
vt 0.439453 0.318359
vt 0.469727 0.318359
vt 0.500000 0.318359
vt 0.530273 0.318359
vt 0.560547 0.318359
vt 0.590820 0.318359
vt 0.621094 0.318359
vt 0.651367 0.318359
vt 0.681641 0.318359
vt 0.711914 0.318359
vt 0.742188 0.318359
vt 0.772461 0.318359
vt 0.802734 0.318359
vt 0.833008 0.318359
vt 0.863281 0.318359
vt 0.893555 0.318359
vt 0.923828 0.318359
vt 0.954102 0.318359
vt 0.984375 0.318359
vt 0.045898 0.348633
vt 0.015625 0.348633
vt 0.076172 0.348633
vt 0.106445 0.348633
vt 0.136719 0.348633
vt 0.166992 0.348633
vt 0.197266 0.348633
vt 0.227539 0.348633
vt 0.257812 0.348633
vt 0.288086 0.348633
vt 0.318359 0.348633
vt 0.348633 0.348633
vt 0.378906 0.348633
vt 0.409180 0.348633
vt 0.439453 0.348633
vt 0.469727 0.348633
vt 0.500000 0.348633
vt 0.530273 0.348633
vt 0.560547 0.348633
vt 0.590820 0.348633
vt 0.621094 0.348633
vt 0.651367 0.348633
vt 0.681641 0.348633
vt 0.711914 0.348633
vt 0.742188 0.348633
vt 0.772461 0.348633
vt 0.802734 0.348633
vt 0.833008 0.348633
vt 0.863281 0.348633
vt 0.893555 0.348633
vt 0.923828 0.348633
vt 0.954102 0.348633
vt 0.984375 0.348633
vt 0.045898 0.378906
vt 0.015625 0.378906
vt 0.076172 0.378906
vt 0.106445 0.378906
vt 0.136719 0.378906
vt 0.166992 0.378906
vt 0.197266 0.378906
vt 0.227539 0.378906
vt 0.257812 0.378906
vt 0.288086 0.378906
vt 0.318359 0.378906
vt 0.348633 0.378906
vt 0.378906 0.378906
vt 0.409180 0.378906
vt 0.439453 0.378906
vt 0.469727 0.378906
vt 0.500000 0.378906
vt 0.530273 0.378906
vt 0.560547 0.378906
vt 0.590820 0.378906
vt 0.621094 0.378906
vt 0.651367 0.378906
vt 0.681641 0.378906
vt 0.711914 0.378906
vt 0.742188 0.378906
vt 0.772461 0.378906
vt 0.802734 0.378906
vt 0.833008 0.378906
vt 0.863281 0.378906
vt 0.893555 0.378906
vt 0.923828 0.378906
vt 0.954102 0.378906
vt 0.984375 0.378906
vt 0.045898 0.409180
vt 0.015625 0.409180
vt 0.076172 0.409180
vt 0.106445 0.409180
vt 0.136719 0.409180
vt 0.166992 0.409180
vt 0.197266 0.409180
vt 0.227539 0.409180
vt 0.257812 0.409180
vt 0.288086 0.409180
vt 0.318359 0.409180
vt 0.348633 0.409180
vt 0.378906 0.409180
vt 0.409180 0.409180
vt 0.439453 0.409180
vt 0.469727 0.409180
vt 0.500000 0.409180
vt 0.530273 0.409180
vt 0.560547 0.409180
vt 0.590820 0.409180
vt 0.621094 0.409180
vt 0.651367 0.409180
vt 0.681641 0.409180
vt 0.711914 0.409180
vt 0.742188 0.409180
vt 0.772461 0.409180
vt 0.802734 0.409180
vt 0.833008 0.409180
vt 0.863281 0.409180
vt 0.893555 0.409180
vt 0.923828 0.409180
vt 0.954102 0.409180
vt 0.984375 0.409180
vt 0.045898 0.439453
vt 0.015625 0.439453
vt 0.076172 0.439453
vt 0.106445 0.439453
vt 0.136719 0.439453
vt 0.166992 0.439453
vt 0.197266 0.439453
vt 0.227539 0.439453
vt 0.257812 0.439453
vt 0.288086 0.439453
vt 0.318359 0.439453
vt 0.348633 0.439453
vt 0.378906 0.439453
vt 0.409180 0.439453
vt 0.439453 0.439453
vt 0.469727 0.439453
vt 0.500000 0.439453
vt 0.530273 0.439453
vt 0.560547 0.439453
vt 0.590820 0.439453
vt 0.621094 0.439453
vt 0.651367 0.439453
vt 0.681641 0.439453
vt 0.711914 0.439453
vt 0.742188 0.439453
vt 0.772461 0.439453
vt 0.802734 0.439453
vt 0.833008 0.439453
vt 0.863281 0.439453
vt 0.893555 0.439453
vt 0.923828 0.439453
vt 0.954102 0.439453
vt 0.984375 0.439453
vt 0.045898 0.469727
vt 0.015625 0.469727
vt 0.076172 0.469727
vt 0.106445 0.469727
vt 0.136719 0.469727
vt 0.166992 0.469727
vt 0.197266 0.469727
vt 0.227539 0.469727
vt 0.257812 0.469727
vt 0.288086 0.469727
vt 0.318359 0.469727
vt 0.348633 0.469727
vt 0.378906 0.469727
vt 0.409180 0.469727
vt 0.439453 0.469727
vt 0.469727 0.469727
vt 0.500000 0.469727
vt 0.530273 0.469727
vt 0.560547 0.469727
vt 0.590820 0.469727
vt 0.621094 0.469727
vt 0.651367 0.469727
vt 0.681641 0.469727
vt 0.711914 0.469727
vt 0.742188 0.469727
vt 0.772461 0.469727
vt 0.802734 0.469727
vt 0.833008 0.469727
vt 0.863281 0.469727
vt 0.893555 0.469727
vt 0.923828 0.469727
vt 0.954102 0.469727
vt 0.984375 0.469727
vt 0.045898 0.500000
vt 0.015625 0.500000
vt 0.076172 0.500000
vt 0.106445 0.500000
vt 0.136719 0.500000
vt 0.166992 0.500000
vt 0.197266 0.500000
vt 0.227539 0.500000
vt 0.257812 0.500000
vt 0.288086 0.500000
vt 0.318359 0.500000
vt 0.348633 0.500000
vt 0.378906 0.500000
vt 0.409180 0.500000
vt 0.439453 0.500000
vt 0.469727 0.500000
vt 0.500000 0.500000
vt 0.530273 0.500000
vt 0.560547 0.500000
vt 0.590820 0.500000
vt 0.621094 0.500000
vt 0.651367 0.500000
vt 0.681641 0.500000
vt 0.711914 0.500000
vt 0.742188 0.500000
vt 0.772461 0.500000
vt 0.802734 0.500000
vt 0.833008 0.500000
vt 0.863281 0.500000
vt 0.893555 0.500000
vt 0.923828 0.500000
vt 0.954102 0.500000
vt 0.984375 0.500000
vt 0.045898 0.530273
vt 0.015625 0.530273
vt 0.076172 0.530273
vt 0.106445 0.530273
vt 0.136719 0.530273
vt 0.166992 0.530273
vt 0.197266 0.530273
vt 0.227539 0.530273
vt 0.257812 0.530273
vt 0.288086 0.530273
vt 0.318359 0.530273
vt 0.348633 0.530273
vt 0.378906 0.530273
vt 0.409180 0.530273
vt 0.439453 0.530273
vt 0.469727 0.530273
vt 0.500000 0.530273
vt 0.530273 0.530273
vt 0.560547 0.530273
vt 0.590820 0.530273
vt 0.621094 0.530273
vt 0.651367 0.530273
vt 0.681641 0.530273
vt 0.711914 0.530273
vt 0.742188 0.530273
vt 0.772461 0.530273
vt 0.802734 0.530273
vt 0.833008 0.530273
vt 0.863281 0.530273
vt 0.893555 0.530273
vt 0.923828 0.530273
vt 0.954102 0.530273
vt 0.984375 0.530273
vt 0.045898 0.560547
vt 0.015625 0.560547
vt 0.076172 0.560547
vt 0.106445 0.560547
vt 0.136719 0.560547
vt 0.166992 0.560547
vt 0.197266 0.560547
vt 0.227539 0.560547
vt 0.257812 0.560547
vt 0.288086 0.560547
vt 0.318359 0.560547
vt 0.348633 0.560547
vt 0.378906 0.560547
vt 0.409180 0.560547
vt 0.439453 0.560547
vt 0.469727 0.560547
vt 0.500000 0.560547
vt 0.530273 0.560547
vt 0.560547 0.560547
vt 0.590820 0.560547
vt 0.621094 0.560547
vt 0.651367 0.560547
vt 0.681641 0.560547
vt 0.711914 0.560547
vt 0.742188 0.560547
vt 0.772461 0.560547
vt 0.802734 0.560547
vt 0.833008 0.560547
vt 0.863281 0.560547
vt 0.893555 0.560547
vt 0.923828 0.560547
vt 0.954102 0.560547
vt 0.984375 0.560547
vt 0.045898 0.590820
vt 0.015625 0.590820
vt 0.076172 0.590820
vt 0.106445 0.590820
vt 0.136719 0.590820
vt 0.166992 0.590820
vt 0.197266 0.590820
vt 0.227539 0.590820
vt 0.257812 0.590820
vt 0.288086 0.590820
vt 0.318359 0.590820
vt 0.348633 0.590820
vt 0.378906 0.590820
vt 0.409180 0.590820
vt 0.439453 0.590820
vt 0.469727 0.590820
vt 0.500000 0.590820
vt 0.530273 0.590820
vt 0.560547 0.590820
vt 0.590820 0.590820
vt 0.621094 0.590820
vt 0.651367 0.590820
vt 0.681641 0.590820
vt 0.711914 0.590820
vt 0.742188 0.590820
vt 0.772461 0.590820
vt 0.802734 0.590820
vt 0.833008 0.590820
vt 0.863281 0.590820
vt 0.893555 0.590820
vt 0.923828 0.590820
vt 0.954102 0.590820
vt 0.984375 0.590820
vt 0.045898 0.621094
vt 0.015625 0.621094
vt 0.076172 0.621094
vt 0.106445 0.621094
vt 0.136719 0.621094
vt 0.166992 0.621094
vt 0.197266 0.621094
vt 0.227539 0.621094
vt 0.257812 0.621094
vt 0.288086 0.621094
vt 0.318359 0.621094
vt 0.348633 0.621094
vt 0.378906 0.621094
vt 0.409180 0.621094
vt 0.439453 0.621094
vt 0.469727 0.621094
vt 0.500000 0.621094
vt 0.530273 0.621094
vt 0.560547 0.621094
vt 0.590820 0.621094
vt 0.621094 0.621094
vt 0.651367 0.621094
vt 0.681641 0.621094
vt 0.711914 0.621094
vt 0.742188 0.621094
vt 0.772461 0.621094
vt 0.802734 0.621094
vt 0.833008 0.621094
vt 0.863281 0.621094
vt 0.893555 0.621094
vt 0.923828 0.621094
vt 0.954102 0.621094
vt 0.984375 0.621094
vt 0.045898 0.651367
vt 0.015625 0.651367
vt 0.076172 0.651367
vt 0.106445 0.651367
vt 0.136719 0.651367
vt 0.166992 0.651367
vt 0.197266 0.651367
vt 0.227539 0.651367
vt 0.257812 0.651367
vt 0.288086 0.651367
vt 0.318359 0.651367
vt 0.348633 0.651367
vt 0.378906 0.651367
vt 0.409180 0.651367
vt 0.439453 0.651367
vt 0.469727 0.651367
vt 0.500000 0.651367
vt 0.530273 0.651367
vt 0.560547 0.651367
vt 0.590820 0.651367
vt 0.621094 0.651367
vt 0.651367 0.651367
vt 0.681641 0.651367
vt 0.711914 0.651367
vt 0.742188 0.651367
vt 0.772461 0.651367
vt 0.802734 0.651367
vt 0.833008 0.651367
vt 0.863281 0.651367
vt 0.893555 0.651367
vt 0.923828 0.651367
vt 0.954102 0.651367
vt 0.984375 0.651367
vt 0.045898 0.681641
vt 0.015625 0.681641
vt 0.076172 0.681641
vt 0.106445 0.681641
vt 0.136719 0.681641
vt 0.166992 0.681641
vt 0.197266 0.681641
vt 0.227539 0.681641
vt 0.257812 0.681641
vt 0.288086 0.681641
vt 0.318359 0.681641
vt 0.348633 0.681641
vt 0.378906 0.681641
vt 0.409180 0.681641
vt 0.439453 0.681641
vt 0.469727 0.681641
vt 0.500000 0.681641
vt 0.530273 0.681641
vt 0.560547 0.681641
vt 0.590820 0.681641
vt 0.621094 0.681641
vt 0.651367 0.681641
vt 0.681641 0.681641
vt 0.711914 0.681641
vt 0.742188 0.681641
vt 0.772461 0.681641
vt 0.802734 0.681641
vt 0.833008 0.681641
vt 0.863281 0.681641
vt 0.893555 0.681641
vt 0.923828 0.681641
vt 0.954102 0.681641
vt 0.984375 0.681641
vt 0.045898 0.711914
vt 0.015625 0.711914
vt 0.076172 0.711914
vt 0.106445 0.711914
vt 0.136719 0.711914
vt 0.166992 0.711914
vt 0.197266 0.711914
vt 0.227539 0.711914
vt 0.257812 0.711914
vt 0.288086 0.711914
vt 0.318359 0.711914
vt 0.348633 0.711914
vt 0.378906 0.711914
vt 0.409180 0.711914
vt 0.439453 0.711914
vt 0.469727 0.711914
vt 0.500000 0.711914
vt 0.530273 0.711914
vt 0.560547 0.711914
vt 0.590820 0.711914
vt 0.621094 0.711914
vt 0.651367 0.711914
vt 0.681641 0.711914
vt 0.711914 0.711914
vt 0.742188 0.711914
vt 0.772461 0.711914
vt 0.802734 0.711914
vt 0.833008 0.711914
vt 0.863281 0.711914
vt 0.893555 0.711914
vt 0.923828 0.711914
vt 0.954102 0.711914
vt 0.984375 0.711914
vt 0.045898 0.742188
vt 0.015625 0.742188
vt 0.076172 0.742188
vt 0.106445 0.742188
vt 0.136719 0.742188
vt 0.166992 0.742188
vt 0.197266 0.742188
vt 0.227539 0.742188
vt 0.257812 0.742188
vt 0.288086 0.742188
vt 0.318359 0.742188
vt 0.348633 0.742188
vt 0.378906 0.742188
vt 0.409180 0.742188
vt 0.439453 0.742188
vt 0.469727 0.742188
vt 0.500000 0.742188
vt 0.530273 0.742188
vt 0.560547 0.742188
vt 0.590820 0.742188
vt 0.621094 0.742188
vt 0.651367 0.742188
vt 0.681641 0.742188
vt 0.711914 0.742188
vt 0.742188 0.742188
vt 0.772461 0.742188
vt 0.802734 0.742188
vt 0.833008 0.742188
vt 0.863281 0.742188
vt 0.893555 0.742188
vt 0.923828 0.742188
vt 0.954102 0.742188
vt 0.984375 0.742188
vt 0.045898 0.772461
vt 0.015625 0.772461
vt 0.076172 0.772461
vt 0.106445 0.772461
vt 0.136719 0.772461
vt 0.166992 0.772461
vt 0.197266 0.772461
vt 0.227539 0.772461
vt 0.257812 0.772461
vt 0.288086 0.772461
vt 0.318359 0.772461
vt 0.348633 0.772461
vt 0.378906 0.772461
vt 0.409180 0.772461
vt 0.439453 0.772461
vt 0.469727 0.772461
vt 0.500000 0.772461
vt 0.530273 0.772461
vt 0.560547 0.772461
vt 0.590820 0.772461
vt 0.621094 0.772461
vt 0.651367 0.772461
vt 0.681641 0.772461
vt 0.711914 0.772461
vt 0.742188 0.772461
vt 0.772461 0.772461
vt 0.802734 0.772461
vt 0.833008 0.772461
vt 0.863281 0.772461
vt 0.893555 0.772461
vt 0.923828 0.772461
vt 0.954102 0.772461
vt 0.984375 0.772461
vt 0.045898 0.802734
vt 0.015625 0.802734
vt 0.076172 0.802734
vt 0.106445 0.802734
vt 0.136719 0.802734
vt 0.166992 0.802734
vt 0.197266 0.802734
vt 0.227539 0.802734
vt 0.257812 0.802734
vt 0.288086 0.802734
vt 0.318359 0.802734
vt 0.348633 0.802734
vt 0.378906 0.802734
vt 0.409180 0.802734
vt 0.439453 0.802734
vt 0.469727 0.802734
vt 0.500000 0.802734
vt 0.530273 0.802734
vt 0.560547 0.802734
vt 0.590820 0.802734
vt 0.621094 0.802734
vt 0.651367 0.802734
vt 0.681641 0.802734
vt 0.711914 0.802734
vt 0.742188 0.802734
vt 0.772461 0.802734
vt 0.802734 0.802734
vt 0.833008 0.802734
vt 0.863281 0.802734
vt 0.893555 0.802734
vt 0.923828 0.802734
vt 0.954102 0.802734
vt 0.984375 0.802734
vt 0.045898 0.833008
vt 0.015625 0.833008
vt 0.076172 0.833008
vt 0.106445 0.833008
vt 0.136719 0.833008
vt 0.166992 0.833008
vt 0.197266 0.833008
vt 0.227539 0.833008
vt 0.257812 0.833008
vt 0.288086 0.833008
vt 0.318359 0.833008
vt 0.348633 0.833008
vt 0.378906 0.833008
vt 0.409180 0.833008
vt 0.439453 0.833008
vt 0.469727 0.833008
vt 0.500000 0.833008
vt 0.530273 0.833008
vt 0.560547 0.833008
vt 0.590820 0.833008
vt 0.621094 0.833008
vt 0.651367 0.833008
vt 0.681641 0.833008
vt 0.711914 0.833008
vt 0.742188 0.833008
vt 0.772461 0.833008
vt 0.802734 0.833008
vt 0.833008 0.833008
vt 0.863281 0.833008
vt 0.893555 0.833008
vt 0.923828 0.833008
vt 0.954102 0.833008
vt 0.984375 0.833008
vt 0.045898 0.863281
vt 0.015625 0.863281
vt 0.076172 0.863281
vt 0.106445 0.863281
vt 0.136719 0.863281
vt 0.166992 0.863281
vt 0.197266 0.863281
vt 0.227539 0.863281
vt 0.257812 0.863281
vt 0.288086 0.863281
vt 0.318359 0.863281
vt 0.348633 0.863281
vt 0.378906 0.863281
vt 0.409180 0.863281
vt 0.439453 0.863281
vt 0.469727 0.863281
vt 0.500000 0.863281
vt 0.530273 0.863281
vt 0.560547 0.863281
vt 0.590820 0.863281
vt 0.621094 0.863281
vt 0.651367 0.863281
vt 0.681641 0.863281
vt 0.711914 0.863281
vt 0.742188 0.863281
vt 0.772461 0.863281
vt 0.802734 0.863281
vt 0.833008 0.863281
vt 0.863281 0.863281
vt 0.893555 0.863281
vt 0.923828 0.863281
vt 0.954102 0.863281
vt 0.984375 0.863281
vt 0.045898 0.893555
vt 0.015625 0.893555
vt 0.076172 0.893555
vt 0.106445 0.893555
vt 0.136719 0.893555
vt 0.166992 0.893555
vt 0.197266 0.893555
vt 0.227539 0.893555
vt 0.257812 0.893555
vt 0.288086 0.893555
vt 0.318359 0.893555
vt 0.348633 0.893555
vt 0.378906 0.893555
vt 0.409180 0.893555
vt 0.439453 0.893555
vt 0.469727 0.893555
vt 0.500000 0.893555
vt 0.530273 0.893555
vt 0.560547 0.893555
vt 0.590820 0.893555
vt 0.621094 0.893555
vt 0.651367 0.893555
vt 0.681641 0.893555
vt 0.711914 0.893555
vt 0.742188 0.893555
vt 0.772461 0.893555
vt 0.802734 0.893555
vt 0.833008 0.893555
vt 0.863281 0.893555
vt 0.893555 0.893555
vt 0.923828 0.893555
vt 0.954102 0.893555
vt 0.984375 0.893555
vt 0.045898 0.923828
vt 0.015625 0.923828
vt 0.076172 0.923828
vt 0.106445 0.923828
vt 0.136719 0.923828
vt 0.166992 0.923828
vt 0.197266 0.923828
vt 0.227539 0.923828
vt 0.257812 0.923828
vt 0.288086 0.923828
vt 0.318359 0.923828
vt 0.348633 0.923828
vt 0.378906 0.923828
vt 0.409180 0.923828
vt 0.439453 0.923828
vt 0.469727 0.923828
vt 0.500000 0.923828
vt 0.530273 0.923828
vt 0.560547 0.923828
vt 0.590820 0.923828
vt 0.621094 0.923828
vt 0.651367 0.923828
vt 0.681641 0.923828
vt 0.711914 0.923828
vt 0.742188 0.923828
vt 0.772461 0.923828
vt 0.802734 0.923828
vt 0.833008 0.923828
vt 0.863281 0.923828
vt 0.893555 0.923828
vt 0.923828 0.923828
vt 0.954102 0.923828
vt 0.984375 0.923828
vt 0.045898 0.954102
vt 0.015625 0.954102
vt 0.076172 0.954102
vt 0.106445 0.954102
vt 0.136719 0.954102
vt 0.166992 0.954102
vt 0.197266 0.954102
vt 0.227539 0.954102
vt 0.257812 0.954102
vt 0.288086 0.954102
vt 0.318359 0.954102
vt 0.348633 0.954102
vt 0.378906 0.954102
vt 0.409180 0.954102
vt 0.439453 0.954102
vt 0.469727 0.954102
vt 0.500000 0.954102
vt 0.530273 0.954102
vt 0.560547 0.954102
vt 0.590820 0.954102
vt 0.621094 0.954102
vt 0.651367 0.954102
vt 0.681641 0.954102
vt 0.711914 0.954102
vt 0.742188 0.954102
vt 0.772461 0.954102
vt 0.802734 0.954102
vt 0.833008 0.954102
vt 0.863281 0.954102
vt 0.893555 0.954102
vt 0.923828 0.954102
vt 0.954102 0.954102
vt 0.984375 0.954102
vt 0.045898 0.984375
vt 0.015625 0.984375
vt 0.076172 0.984375
vt 0.106445 0.984375
vt 0.136719 0.984375
vt 0.166992 0.984375
vt 0.197266 0.984375
vt 0.227539 0.984375
vt 0.257812 0.984375
vt 0.288086 0.984375
vt 0.318359 0.984375
vt 0.348633 0.984375
vt 0.378906 0.984375
vt 0.409180 0.984375
vt 0.439453 0.984375
vt 0.469727 0.984375
vt 0.500000 0.984375
vt 0.530273 0.984375
vt 0.560547 0.984375
vt 0.590820 0.984375
vt 0.621094 0.984375
vt 0.651367 0.984375
vt 0.681641 0.984375
vt 0.711914 0.984375
vt 0.742188 0.984375
vt 0.772461 0.984375
vt 0.802734 0.984375
vt 0.833008 0.984375
vt 0.863281 0.984375
vt 0.893555 0.984375
vt 0.923828 0.984375
vt 0.954102 0.984375
vt 0.984375 0.984375
s 1
f 1/1/1 2/2/2 35/3/1
f 1/1/1 35/3/1 34/4/1
f 2/2/2 3/5/3 36/6/2
f 2/2/2 36/6/2 35/3/1
f 3/5/3 4/7/4 37/8/5
f 3/5/3 37/8/5 36/6/2
f 4/7/4 5/9/6 38/10/7
f 4/7/4 38/10/7 37/8/5
f 5/9/6 6/11/8 39/12/9
f 5/9/6 39/12/9 38/10/7
f 6/11/8 7/13/9 40/14/10
f 6/11/8 40/14/10 39/12/9
f 7/13/9 8/15/11 41/16/11
f 7/13/9 41/16/11 40/14/10
f 8/15/11 9/17/10 42/18/11
f 8/15/11 42/18/11 41/16/11
f 9/17/10 10/19/10 43/20/10
f 9/17/10 43/20/10 42/18/11
f 10/19/10 11/21/11 44/22/11
f 10/19/10 44/22/11 43/20/10
f 11/21/11 12/23/12 45/24/12
f 11/21/11 45/24/12 44/22/11
f 12/23/12 13/25/13 46/26/14
f 12/23/12 46/26/14 45/24/12
f 13/25/13 14/27/15 47/28/16
f 13/25/13 47/28/16 46/26/14
f 14/27/15 15/29/17 48/30/18
f 14/27/15 48/30/18 47/28/16
f 15/29/17 16/31/18 49/32/19
f 15/29/17 49/32/19 48/30/18
f 16/31/18 17/33/18 50/34/18
f 16/31/18 50/34/18 49/32/19
f 17/33/18 18/35/19 51/36/18
f 17/33/18 51/36/18 50/34/18
f 18/35/19 19/37/20 52/38/21
f 18/35/19 52/38/21 51/36/18
f 19/37/20 20/39/22 53/40/23
f 19/37/20 53/40/23 52/38/21
f 20/39/22 21/41/24 54/42/24
f 20/39/22 54/42/24 53/40/23
f 21/41/24 22/43/24 55/44/24
f 21/41/24 55/44/24 54/42/24
f 22/43/24 23/45/25 56/46/24
f 22/43/24 56/46/24 55/44/24
f 23/45/25 24/47/24 57/48/24
f 23/45/25 57/48/24 56/46/24
f 24/47/24 25/49/26 58/50/24
f 24/47/24 58/50/24 57/48/24
f 25/49/26 26/51/27 59/52/28
f 25/49/26 59/52/28 58/50/24
f 26/51/27 27/53/29 60/54/30
f 26/51/27 60/54/30 59/52/28
f 27/53/29 28/55/31 61/56/32
f 27/53/29 61/56/32 60/54/30
f 28/55/31 29/57/32 62/58/32
f 28/55/31 62/58/32 61/56/32
f 29/57/32 30/59/32 63/60/32
f 29/57/32 63/60/32 62/58/32
f 30/59/32 31/61/32 64/62/33
f 30/59/32 64/62/33 63/60/32
f 31/61/32 32/63/34 65/64/32
f 31/61/32 65/64/32 64/62/33
f 32/63/34 33/65/35 66/66/34
f 32/63/34 66/66/34 65/64/32
f 34/4/1 35/3/1 68/67/36
f 34/4/1 68/67/36 67/68/37
f 35/3/1 36/6/2 69/69/36
f 35/3/1 69/69/36 68/67/36
f 36/6/2 37/8/5 70/70/38
f 36/6/2 70/70/38 69/69/36
f 37/8/5 38/10/7 71/71/39
f 37/8/5 71/71/39 70/70/38
f 38/10/7 39/12/9 72/72/40
f 38/10/7 72/72/40 71/71/39
f 39/12/9 40/14/10 73/73/40
f 39/12/9 73/73/40 72/72/40
f 40/14/10 41/16/11 74/74/40
f 40/14/10 74/74/40 73/73/40
f 41/16/11 42/18/11 75/75/40
f 41/16/11 75/75/40 74/74/40
f 42/18/11 43/20/10 76/76/41
f 42/18/11 76/76/41 75/75/40
f 43/20/10 44/22/11 77/77/40
f 43/20/10 77/77/40 76/76/41
f 44/22/11 45/24/12 78/78/42
f 44/22/11 78/78/42 77/77/40
f 45/24/12 46/26/14 79/79/43
f 45/24/12 79/79/43 78/78/42
f 46/26/14 47/28/16 80/80/44
f 46/26/14 80/80/44 79/79/43
f 47/28/16 48/30/18 81/81/44
f 47/28/16 81/81/44 80/80/44
f 48/30/18 49/32/19 82/82/44
f 48/30/18 82/82/44 81/81/44
f 49/32/19 50/34/18 83/83/44
f 49/32/19 83/83/44 82/82/44
f 50/34/18 51/36/18 84/84/45
f 50/34/18 84/84/45 83/83/44
f 51/36/18 52/38/21 85/85/46
f 51/36/18 85/85/46 84/84/45
f 52/38/21 53/40/23 86/86/47
f 52/38/21 86/86/47 85/85/46
f 53/40/23 54/42/24 87/87/48
f 53/40/23 87/87/48 86/86/47
f 54/42/24 55/44/24 88/88/48
f 54/42/24 88/88/48 87/87/48
f 55/44/24 56/46/24 89/89/48
f 55/44/24 89/89/48 88/88/48
f 56/46/24 57/48/24 90/90/48
f 56/46/24 90/90/48 89/89/48
f 57/48/24 58/50/24 91/91/48
f 57/48/24 91/91/48 90/90/48
f 58/50/24 59/52/28 92/92/48
f 58/50/24 92/92/48 91/91/48
f 59/52/28 60/54/30 93/93/49
f 59/52/28 93/93/49 92/92/48
f 60/54/30 61/56/32 94/94/50
f 60/54/30 94/94/50 93/93/49
f 61/56/32 62/58/32 95/95/50
f 61/56/32 95/95/50 94/94/50
f 62/58/32 63/60/32 96/96/50
f 62/58/32 96/96/50 95/95/50
f 63/60/32 64/62/33 97/97/50
f 63/60/32 97/97/50 96/96/50
f 64/62/33 65/64/32 98/98/50
f 64/62/33 98/98/50 97/97/50
f 65/64/32 66/66/34 99/99/50
f 65/64/32 99/99/50 98/98/50
f 67/68/37 68/67/36 101/100/51
f 67/68/37 101/100/51 100/101/52
f 68/67/36 69/69/36 102/102/53
f 68/67/36 102/102/53 101/100/51
f 69/69/36 70/70/38 103/103/54
f 69/69/36 103/103/54 102/102/53
f 70/70/38 71/71/39 104/104/55
f 70/70/38 104/104/55 103/103/54
f 71/71/39 72/72/40 105/105/56
f 71/71/39 105/105/56 104/104/55
f 72/72/40 73/73/40 106/106/57
f 72/72/40 106/106/57 105/105/56
f 73/73/40 74/74/40 107/107/57
f 73/73/40 107/107/57 106/106/57
f 74/74/40 75/75/40 108/108/57
f 74/74/40 108/108/57 107/107/57
f 75/75/40 76/76/41 109/109/58
f 75/75/40 109/109/58 108/108/57
f 76/76/41 77/77/40 110/110/57
f 76/76/41 110/110/57 109/109/58
f 77/77/40 78/78/42 111/111/59
f 77/77/40 111/111/59 110/110/57
f 78/78/42 79/79/43 112/112/60
f 78/78/42 112/112/60 111/111/59
f 79/79/43 80/80/44 113/113/60
f 79/79/43 113/113/60 112/112/60
f 80/80/44 81/81/44 114/114/61
f 80/80/44 114/114/61 113/113/60
f 81/81/44 82/82/44 115/115/60
f 81/81/44 115/115/60 114/114/61
f 82/82/44 83/83/44 116/116/62
f 82/82/44 116/116/62 115/115/60
f 83/83/44 84/84/45 117/117/63
f 83/83/44 117/117/63 116/116/62
f 84/84/45 85/85/46 118/118/64
f 84/84/45 118/118/64 117/117/63
f 85/85/46 86/86/47 119/119/65
f 85/85/46 119/119/65 118/118/64
f 86/86/47 87/87/48 120/120/66
f 86/86/47 120/120/66 119/119/65
f 87/87/48 88/88/48 121/121/66
f 87/87/48 121/121/66 120/120/66
f 88/88/48 89/89/48 122/122/66
f 88/88/48 122/122/66 121/121/66
f 89/89/48 90/90/48 123/123/66
f 89/89/48 123/123/66 122/122/66
f 90/90/48 91/91/48 124/124/66
f 90/90/48 124/124/66 123/123/66
f 91/91/48 92/92/48 125/125/67
f 91/91/48 125/125/67 124/124/66
f 92/92/48 93/93/49 126/126/68
f 92/92/48 126/126/68 125/125/67
f 93/93/49 94/94/50 127/127/69
f 93/93/49 127/127/69 126/126/68
f 94/94/50 95/95/50 128/128/70
f 94/94/50 128/128/70 127/127/69
f 95/95/50 96/96/50 129/129/71
f 95/95/50 129/129/71 128/128/70
f 96/96/50 97/97/50 130/130/70
f 96/96/50 130/130/70 129/129/71
f 97/97/50 98/98/50 131/131/70
f 97/97/50 131/131/70 130/130/70
f 98/98/50 99/99/50 132/132/71
f 98/98/50 132/132/71 131/131/70
f 100/101/52 101/100/51 134/133/53
f 100/101/52 134/133/53 133/134/52
f 101/100/51 102/102/53 135/135/72
f 101/100/51 135/135/72 134/133/53
f 102/102/53 103/103/54 136/136/73
f 102/102/53 136/136/73 135/135/72
f 103/103/54 104/104/55 137/137/74
f 103/103/54 137/137/74 136/136/73
f 104/104/55 105/105/56 138/138/75
f 104/104/55 138/138/75 137/137/74
f 105/105/56 106/106/57 139/139/76
f 105/105/56 139/139/76 138/138/75
f 106/106/57 107/107/57 140/140/57
f 106/106/57 140/140/57 139/139/76
f 107/107/57 108/108/57 141/141/58
f 107/107/57 141/141/58 140/140/57
f 108/108/57 109/109/58 142/142/57
f 108/108/57 142/142/57 141/141/58
f 109/109/58 110/110/57 143/143/77
f 109/109/58 143/143/77 142/142/57
f 110/110/57 111/111/59 144/144/78
f 110/110/57 144/144/78 143/143/77
f 111/111/59 112/112/60 145/145/61
f 111/111/59 145/145/61 144/144/78
f 112/112/60 113/113/60 146/146/60
f 112/112/60 146/146/60 145/145/61
f 113/113/60 114/114/61 147/147/60
f 113/113/60 147/147/60 146/146/60
f 114/114/61 115/115/60 148/148/62
f 114/114/61 148/148/62 147/147/60
f 115/115/60 116/116/62 149/149/63
f 115/115/60 149/149/63 148/148/62
f 116/116/62 117/117/63 150/150/79
f 116/116/62 150/150/79 149/149/63
f 117/117/63 118/118/64 151/151/80
f 117/117/63 151/151/80 150/150/79
f 118/118/64 119/119/65 152/152/81
f 118/118/64 152/152/81 151/151/80
f 119/119/65 120/120/66 153/153/66
f 119/119/65 153/153/66 152/152/81
f 120/120/66 121/121/66 154/154/66
f 120/120/66 154/154/66 153/153/66
f 121/121/66 122/122/66 155/155/66
f 121/121/66 155/155/66 154/154/66
f 122/122/66 123/123/66 156/156/66
f 122/122/66 156/156/66 155/155/66
f 123/123/66 124/124/66 157/157/67
f 123/123/66 157/157/67 156/156/66
f 124/124/66 125/125/67 158/158/82
f 124/124/66 158/158/82 157/157/67
f 125/125/67 126/126/68 159/159/83
f 125/125/67 159/159/83 158/158/82
f 126/126/68 127/127/69 160/160/84
f 126/126/68 160/160/84 159/159/83
f 127/127/69 128/128/70 161/161/69
f 127/127/69 161/161/69 160/160/84
f 128/128/70 129/129/71 162/162/71
f 128/128/70 162/162/71 161/161/69
f 129/129/71 130/130/70 163/163/71
f 129/129/71 163/163/71 162/162/71
f 130/130/70 131/131/70 164/164/70
f 130/130/70 164/164/70 163/163/71
f 131/131/70 132/132/71 165/165/70
f 131/131/70 165/165/70 164/164/70
f 133/134/52 134/133/53 167/166/72
f 133/134/52 167/166/72 166/167/53
f 134/133/53 135/135/72 168/168/85
f 134/133/53 168/168/85 167/166/72
f 135/135/72 136/136/73 169/169/86
f 135/135/72 169/169/86 168/168/85
f 136/136/73 137/137/74 170/170/74
f 136/136/73 170/170/74 169/169/86
f 137/137/74 138/138/75 171/171/87
f 137/137/74 171/171/87 170/170/74
f 138/138/75 139/139/76 172/172/75
f 138/138/75 172/172/75 171/171/87
f 139/139/76 140/140/57 173/173/56
f 139/139/76 173/173/56 172/172/75
f 140/140/57 141/141/58 174/174/58
f 140/140/57 174/174/58 173/173/56
f 141/141/58 142/142/57 175/175/58
f 141/141/58 175/175/58 174/174/58
f 142/142/57 143/143/77 176/176/58
f 142/142/57 176/176/58 175/175/58
f 143/143/77 144/144/78 177/177/88
f 143/143/77 177/177/88 176/176/58
f 144/144/78 145/145/61 178/178/61
f 144/144/78 178/178/61 177/177/88
f 145/145/61 146/146/60 179/179/60
f 145/145/61 179/179/60 178/178/61
f 146/146/60 147/147/60 180/180/62
f 146/146/60 180/180/62 179/179/60
f 147/147/60 148/148/62 181/181/63
f 147/147/60 181/181/63 180/180/62
f 148/148/62 149/149/63 182/182/79
f 148/148/62 182/182/79 181/181/63
f 149/149/63 150/150/79 183/183/89
f 149/149/63 183/183/89 182/182/79
f 150/150/79 151/151/80 184/184/90
f 150/150/79 184/184/90 183/183/89
f 151/151/80 152/152/81 185/185/81
f 151/151/80 185/185/81 184/184/90
f 152/152/81 153/153/66 186/186/66
f 152/152/81 186/186/66 185/185/81
f 153/153/66 154/154/66 187/187/66
f 153/153/66 187/187/66 186/186/66
f 154/154/66 155/155/66 188/188/66
f 154/154/66 188/188/66 187/187/66
f 155/155/66 156/156/66 189/189/67
f 155/155/66 189/189/67 188/188/66
f 156/156/66 157/157/67 190/190/91
f 156/156/66 190/190/91 189/189/67
f 157/157/67 158/158/82 191/191/82
f 157/157/67 191/191/82 190/190/91
f 158/158/82 159/159/83 192/192/92
f 158/158/82 192/192/92 191/191/82
f 159/159/83 160/160/84 193/193/84
f 159/159/83 193/193/84 192/192/92
f 160/160/84 161/161/69 194/194/84
f 160/160/84 194/194/84 193/193/84
f 161/161/69 162/162/71 195/195/69
f 161/161/69 195/195/69 194/194/84
f 162/162/71 163/163/71 196/196/71
f 162/162/71 196/196/71 195/195/69
f 163/163/71 164/164/70 197/197/71
f 163/163/71 197/197/71 196/196/71
f 164/164/70 165/165/70 198/198/71
f 164/164/70 198/198/71 197/197/71
f 166/167/53 167/166/72 200/199/85
f 166/167/53 200/199/85 199/200/72
f 167/166/72 168/168/85 201/201/93
f 167/166/72 201/201/93 200/199/85
f 168/168/85 169/169/86 202/202/94
f 168/168/85 202/202/94 201/201/93
f 169/169/86 170/170/74 203/203/74
f 169/169/86 203/203/74 202/202/94
f 170/170/74 171/171/87 204/204/87
f 170/170/74 204/204/87 203/203/74
f 171/171/87 172/172/75 205/205/87
f 171/171/87 205/205/87 204/204/87
f 172/172/75 173/173/56 206/206/75
f 172/172/75 206/206/75 205/205/87
f 173/173/56 174/174/58 207/207/56
f 173/173/56 207/207/56 206/206/75
f 174/174/58 175/175/58 208/208/58
f 174/174/58 208/208/58 207/207/56
f 175/175/58 176/176/58 209/209/57
f 175/175/58 209/209/57 208/208/58
f 176/176/58 177/177/88 210/210/88
f 176/176/58 210/210/88 209/209/57
f 177/177/88 178/178/61 211/211/60
f 177/177/88 211/211/60 210/210/88
f 178/178/61 179/179/60 212/212/62
f 178/178/61 212/212/62 211/211/60
f 179/179/60 180/180/62 213/213/63
f 179/179/60 213/213/63 212/212/62
f 180/180/62 181/181/63 214/214/79
f 180/180/62 214/214/79 213/213/63
f 181/181/63 182/182/79 215/215/89
f 181/181/63 215/215/89 214/214/79
f 182/182/79 183/183/89 216/216/95
f 182/182/79 216/216/95 215/215/89
f 183/183/89 184/184/90 217/217/90
f 183/183/89 217/217/90 216/216/95
f 184/184/90 185/185/81 218/218/81
f 184/184/90 218/218/81 217/217/90
f 185/185/81 186/186/66 219/219/66
f 185/185/81 219/219/66 218/218/81
f 186/186/66 187/187/66 220/220/66
f 186/186/66 220/220/66 219/219/66
f 187/187/66 188/188/66 221/221/67
f 187/187/66 221/221/67 220/220/66
f 188/188/66 189/189/67 222/222/82
f 188/188/66 222/222/82 221/221/67
f 189/189/67 190/190/91 223/223/82
f 189/189/67 223/223/82 222/222/82
f 190/190/91 191/191/82 224/224/82
f 190/190/91 224/224/82 223/223/82
f 191/191/82 192/192/92 225/225/83
f 191/191/82 225/225/83 224/224/82
f 192/192/92 193/193/84 226/226/84
f 192/192/92 226/226/84 225/225/83
f 193/193/84 194/194/84 227/227/84
f 193/193/84 227/227/84 226/226/84
f 194/194/84 195/195/69 228/228/84
f 194/194/84 228/228/84 227/227/84
f 195/195/69 196/196/71 229/229/69
f 195/195/69 229/229/69 228/228/84
f 196/196/71 197/197/71 230/230/71
f 196/196/71 230/230/71 229/229/69
f 197/197/71 198/198/71 231/231/71
f 197/197/71 231/231/71 230/230/71
f 199/200/72 200/199/85 233/232/93
f 199/200/72 233/232/93 232/233/93
f 200/199/85 201/201/93 234/234/93
f 200/199/85 234/234/93 233/232/93
f 201/201/93 202/202/94 235/235/86
f 201/201/93 235/235/86 234/234/93
f 202/202/94 203/203/74 236/236/74
f 202/202/94 236/236/74 235/235/86
f 203/203/74 204/204/87 237/237/87
f 203/203/74 237/237/87 236/236/74
f 204/204/87 205/205/87 238/238/87
f 204/204/87 238/238/87 237/237/87
f 205/205/87 206/206/75 239/239/87
f 205/205/87 239/239/87 238/238/87
f 206/206/75 207/207/56 240/240/75
f 206/206/75 240/240/75 239/239/87
f 207/207/56 208/208/58 241/241/76
f 207/207/56 241/241/76 240/240/75
f 208/208/58 209/209/57 242/242/57
f 208/208/58 242/242/57 241/241/76
f 209/209/57 210/210/88 243/243/78
f 209/209/57 243/243/78 242/242/57
f 210/210/88 211/211/60 244/244/62
f 210/210/88 244/244/62 243/243/78
f 211/211/60 212/212/62 245/245/63
f 211/211/60 245/245/63 244/244/62
f 212/212/62 213/213/63 246/246/79
f 212/212/62 246/246/79 245/245/63
f 213/213/63 214/214/79 247/247/89
f 213/213/63 247/247/89 246/246/79
f 214/214/79 215/215/89 248/248/95
f 214/214/79 248/248/95 247/247/89
f 215/215/89 216/216/95 249/249/95
f 215/215/89 249/249/95 248/248/95
f 216/216/95 217/217/90 250/250/90
f 216/216/95 250/250/90 249/249/95
f 217/217/90 218/218/81 251/251/81
f 217/217/90 251/251/81 250/250/90
f 218/218/81 219/219/66 252/252/66
f 218/218/81 252/252/66 251/251/81
f 219/219/66 220/220/66 253/253/67
f 219/219/66 253/253/67 252/252/66
f 220/220/66 221/221/67 254/254/91
f 220/220/66 254/254/91 253/253/67
f 221/221/67 222/222/82 255/255/82
f 221/221/67 255/255/82 254/254/91
f 222/222/82 223/223/82 256/256/82
f 222/222/82 256/256/82 255/255/82
f 223/223/82 224/224/82 257/257/82
f 223/223/82 257/257/82 256/256/82
f 224/224/82 225/225/83 258/258/83
f 224/224/82 258/258/83 257/257/82
f 225/225/83 226/226/84 259/259/84
f 225/225/83 259/259/84 258/258/83
f 226/226/84 227/227/84 260/260/84
f 226/226/84 260/260/84 259/259/84
f 227/227/84 228/228/84 261/261/84
f 227/227/84 261/261/84 260/260/84
f 228/228/84 229/229/69 262/262/84
f 228/228/84 262/262/84 261/261/84
f 229/229/69 230/230/71 263/263/69
f 229/229/69 263/263/69 262/262/84
f 230/230/71 231/231/71 264/264/70
f 230/230/71 264/264/70 263/263/69
f 232/233/93 233/232/93 266/265/93
f 232/233/93 266/265/93 265/266/93
f 233/232/93 234/234/93 267/267/93
f 233/232/93 267/267/93 266/265/93
f 234/234/93 235/235/86 268/268/86
f 234/234/93 268/268/86 267/267/93
f 235/235/86 236/236/74 269/269/74
f 235/235/86 269/269/74 268/268/86
f 236/236/74 237/237/87 270/270/87
f 236/236/74 270/270/87 269/269/74
f 237/237/87 238/238/87 271/271/87
f 237/237/87 271/271/87 270/270/87
f 238/238/87 239/239/87 272/272/87
f 238/238/87 272/272/87 271/271/87
f 239/239/87 240/240/75 273/273/87
f 239/239/87 273/273/87 272/272/87
f 240/240/75 241/241/76 274/274/75
f 240/240/75 274/274/75 273/273/87
f 241/241/76 242/242/57 275/275/76
f 241/241/76 275/275/76 274/274/75
f 242/242/57 243/243/78 276/276/96
f 242/242/57 276/276/96 275/275/76
f 243/243/78 244/244/62 277/277/63
f 243/243/78 277/277/63 276/276/96
f 244/244/62 245/245/63 278/278/79
f 244/244/62 278/278/79 277/277/63
f 245/245/63 246/246/79 279/279/89
f 245/245/63 279/279/89 278/278/79
f 246/246/79 247/247/89 280/280/95
f 246/246/79 280/280/95 279/279/89
f 247/247/89 248/248/95 281/281/95
f 247/247/89 281/281/95 280/280/95
f 248/248/95 249/249/95 282/282/95
f 248/248/95 282/282/95 281/281/95
f 249/249/95 250/250/90 283/283/90
f 249/249/95 283/283/90 282/282/95
f 250/250/90 251/251/81 284/284/97
f 250/250/90 284/284/97 283/283/90
f 251/251/81 252/252/66 285/285/67
f 251/251/81 285/285/67 284/284/97
f 252/252/66 253/253/67 286/286/82
f 252/252/66 286/286/82 285/285/67
f 253/253/67 254/254/91 287/287/82
f 253/253/67 287/287/82 286/286/82
f 254/254/91 255/255/82 288/288/82
f 254/254/91 288/288/82 287/287/82
f 255/255/82 256/256/82 289/289/82
f 255/255/82 289/289/82 288/288/82
f 256/256/82 257/257/82 290/290/82
f 256/256/82 290/290/82 289/289/82
f 257/257/82 258/258/83 291/291/83
f 257/257/82 291/291/83 290/290/82
f 258/258/83 259/259/84 292/292/84
f 258/258/83 292/292/84 291/291/83
f 259/259/84 260/260/84 293/293/84
f 259/259/84 293/293/84 292/292/84
f 260/260/84 261/261/84 294/294/84
f 260/260/84 294/294/84 293/293/84
f 261/261/84 262/262/84 295/295/84
f 261/261/84 295/295/84 294/294/84
f 262/262/84 263/263/69 296/296/84
f 262/262/84 296/296/84 295/295/84
f 263/263/69 264/264/70 297/297/69
f 263/263/69 297/297/69 296/296/84
f 265/266/93 266/265/93 299/298/98
f 265/266/93 299/298/98 298/299/99
f 266/265/93 267/267/93 300/300/98
f 266/265/93 300/300/98 299/298/98
f 267/267/93 268/268/86 301/301/100
f 267/267/93 301/301/100 300/300/98
f 268/268/86 269/269/74 302/302/101
f 268/268/86 302/302/101 301/301/100
f 269/269/74 270/270/87 303/303/102
f 269/269/74 303/303/102 302/302/101
f 270/270/87 271/271/87 304/304/103
f 270/270/87 304/304/103 303/303/102
f 271/271/87 272/272/87 305/305/102
f 271/271/87 305/305/102 304/304/103
f 272/272/87 273/273/87 306/306/102
f 272/272/87 306/306/102 305/305/102
f 273/273/87 274/274/75 307/307/102
f 273/273/87 307/307/102 306/306/102
f 274/274/75 275/275/76 308/308/104
f 274/274/75 308/308/104 307/307/102
f 275/275/76 276/276/96 309/309/105
f 275/275/76 309/309/105 308/308/104
f 276/276/96 277/277/63 310/310/106
f 276/276/96 310/310/106 309/309/105
f 277/277/63 278/278/79 311/311/107
f 277/277/63 311/311/107 310/310/106
f 278/278/79 279/279/89 312/312/108
f 278/278/79 312/312/108 311/311/107
f 279/279/89 280/280/95 313/313/108
f 279/279/89 313/313/108 312/312/108
f 280/280/95 281/281/95 314/314/109
f 280/280/95 314/314/109 313/313/108
f 281/281/95 282/282/95 315/315/108
f 281/281/95 315/315/108 314/314/109
f 282/282/95 283/283/90 316/316/110
f 282/282/95 316/316/110 315/315/108
f 283/283/90 284/284/97 317/317/111
f 283/283/90 317/317/111 316/316/110
f 284/284/97 285/285/67 318/318/112
f 284/284/97 318/318/112 317/317/111
f 285/285/67 286/286/82 319/319/112
f 285/285/67 319/319/112 318/318/112
f 286/286/82 287/287/82 320/320/112
f 286/286/82 320/320/112 319/319/112
f 287/287/82 288/288/82 321/321/112
f 287/287/82 321/321/112 320/320/112
f 288/288/82 289/289/82 322/322/112
f 288/288/82 322/322/112 321/321/112
f 289/289/82 290/290/82 323/323/112
f 289/289/82 323/323/112 322/322/112
f 290/290/82 291/291/83 324/324/113
f 290/290/82 324/324/113 323/323/112
f 291/291/83 292/292/84 325/325/114
f 291/291/83 325/325/114 324/324/113
f 292/292/84 293/293/84 326/326/114
f 292/292/84 326/326/114 325/325/114
f 293/293/84 294/294/84 327/327/114
f 293/293/84 327/327/114 326/326/114
f 294/294/84 295/295/84 328/328/114
f 294/294/84 328/328/114 327/327/114
f 295/295/84 296/296/84 329/329/114
f 295/295/84 329/329/114 328/328/114
f 296/296/84 297/297/69 330/330/114
f 296/296/84 330/330/114 329/329/114
f 298/299/99 299/298/98 332/331/115
f 298/299/99 332/331/115 331/332/116
f 299/298/98 300/300/98 333/333/115
f 299/298/98 333/333/115 332/331/115
f 300/300/98 301/301/100 334/334/117
f 300/300/98 334/334/117 333/333/115
f 301/301/100 302/302/101 335/335/118
f 301/301/100 335/335/118 334/334/117
f 302/302/101 303/303/102 336/336/119
f 302/302/101 336/336/119 335/335/118
f 303/303/102 304/304/103 337/337/119
f 303/303/102 337/337/119 336/336/119
f 304/304/103 305/305/102 338/338/119
f 304/304/103 338/338/119 337/337/119
f 305/305/102 306/306/102 339/339/119
f 305/305/102 339/339/119 338/338/119
f 306/306/102 307/307/102 340/340/119
f 306/306/102 340/340/119 339/339/119
f 307/307/102 308/308/104 341/341/120
f 307/307/102 341/341/120 340/340/119
f 308/308/104 309/309/105 342/342/121
f 308/308/104 342/342/121 341/341/120
f 309/309/105 310/310/106 343/343/122
f 309/309/105 343/343/122 342/342/121
f 310/310/106 311/311/107 344/344/123
f 310/310/106 344/344/123 343/343/122
f 311/311/107 312/312/108 345/345/123
f 311/311/107 345/345/123 344/344/123
f 312/312/108 313/313/108 346/346/123
f 312/312/108 346/346/123 345/345/123
f 313/313/108 314/314/109 347/347/123
f 313/313/108 347/347/123 346/346/123
f 314/314/109 315/315/108 348/348/123
f 314/314/109 348/348/123 347/347/123
f 315/315/108 316/316/110 349/349/124
f 315/315/108 349/349/124 348/348/123
f 316/316/110 317/317/111 350/350/125
f 316/316/110 350/350/125 349/349/124
f 317/317/111 318/318/112 351/351/126
f 317/317/111 351/351/126 350/350/125
f 318/318/112 319/319/112 352/352/126
f 318/318/112 352/352/126 351/351/126
f 319/319/112 320/320/112 353/353/126
f 319/319/112 353/353/126 352/352/126
f 320/320/112 321/321/112 354/354/126
f 320/320/112 354/354/126 353/353/126
f 321/321/112 322/322/112 355/355/127
f 321/321/112 355/355/127 354/354/126
f 322/322/112 323/323/112 356/356/128
f 322/322/112 356/356/128 355/355/127
f 323/323/112 324/324/113 357/357/129
f 323/323/112 357/357/129 356/356/128
f 324/324/113 325/325/114 358/358/130
f 324/324/113 358/358/130 357/357/129
f 325/325/114 326/326/114 359/359/130
f 325/325/114 359/359/130 358/358/130
f 326/326/114 327/327/114 360/360/130
f 326/326/114 360/360/130 359/359/130
f 327/327/114 328/328/114 361/361/130
f 327/327/114 361/361/130 360/360/130
f 328/328/114 329/329/114 362/362/130
f 328/328/114 362/362/130 361/361/130
f 329/329/114 330/330/114 363/363/130
f 329/329/114 363/363/130 362/362/130
f 331/332/116 332/331/115 365/364/131
f 331/332/116 365/364/131 364/365/131
f 332/331/115 333/333/115 366/366/132
f 332/331/115 366/366/132 365/364/131
f 333/333/115 334/334/117 367/367/133
f 333/333/115 367/367/133 366/366/132
f 334/334/117 335/335/118 368/368/134
f 334/334/117 368/368/134 367/367/133
f 335/335/118 336/336/119 369/369/135
f 335/335/118 369/369/135 368/368/134
f 336/336/119 337/337/119 370/370/135
f 336/336/119 370/370/135 369/369/135
f 337/337/119 338/338/119 371/371/135
f 337/337/119 371/371/135 370/370/135
f 338/338/119 339/339/119 372/372/136
f 338/338/119 372/372/136 371/371/135
f 339/339/119 340/340/119 373/373/137
f 339/339/119 373/373/137 372/372/136
f 340/340/119 341/341/120 374/374/138
f 340/340/119 374/374/138 373/373/137
f 341/341/120 342/342/121 375/375/139
f 341/341/120 375/375/139 374/374/138
f 342/342/121 343/343/122 376/376/140
f 342/342/121 376/376/140 375/375/139
f 343/343/122 344/344/123 377/377/141
f 343/343/122 377/377/141 376/376/140
f 344/344/123 345/345/123 378/378/142
f 344/344/123 378/378/142 377/377/141
f 345/345/123 346/346/123 379/379/142
f 345/345/123 379/379/142 378/378/142
f 346/346/123 347/347/123 380/380/142
f 346/346/123 380/380/142 379/379/142
f 347/347/123 348/348/123 381/381/142
f 347/347/123 381/381/142 380/380/142
f 348/348/123 349/349/124 382/382/143
f 348/348/123 382/382/143 381/381/142
f 349/349/124 350/350/125 383/383/144
f 349/349/124 383/383/144 382/382/143
f 350/350/125 351/351/126 384/384/145
f 350/350/125 384/384/145 383/383/144
f 351/351/126 352/352/126 385/385/145
f 351/351/126 385/385/145 384/384/145
f 352/352/126 353/353/126 386/386/145
f 352/352/126 386/386/145 385/385/145
f 353/353/126 354/354/126 387/387/145
f 353/353/126 387/387/145 386/386/145
f 354/354/126 355/355/127 388/388/146
f 354/354/126 388/388/146 387/387/145
f 355/355/127 356/356/128 389/389/147
f 355/355/127 389/389/147 388/388/146
f 356/356/128 357/357/129 390/390/148
f 356/356/128 390/390/148 389/389/147
f 357/357/129 358/358/130 391/391/149
f 357/357/129 391/391/149 390/390/148
f 358/358/130 359/359/130 392/392/149
f 358/358/130 392/392/149 391/391/149
f 359/359/130 360/360/130 393/393/149
f 359/359/130 393/393/149 392/392/149
f 360/360/130 361/361/130 394/394/149
f 360/360/130 394/394/149 393/393/149
f 361/361/130 362/362/130 395/395/149
f 361/361/130 395/395/149 394/394/149
f 362/362/130 363/363/130 396/396/150
f 362/362/130 396/396/150 395/395/149
f 364/365/131 365/364/131 398/397/132
f 364/365/131 398/397/132 397/398/131
f 365/364/131 366/366/132 399/399/151
f 365/364/131 399/399/151 398/397/132
f 366/366/132 367/367/133 400/400/133
f 366/366/132 400/400/133 399/399/151
f 367/367/133 368/368/134 401/401/134
f 367/367/133 401/401/134 400/400/133
f 368/368/134 369/369/135 402/402/135
f 368/368/134 402/402/135 401/401/134
f 369/369/135 370/370/135 403/403/135
f 369/369/135 403/403/135 402/402/135
f 370/370/135 371/371/135 404/404/152
f 370/370/135 404/404/152 403/403/135
f 371/371/135 372/372/136 405/405/153
f 371/371/135 405/405/153 404/404/152
f 372/372/136 373/373/137 406/406/154
f 372/372/136 406/406/154 405/405/153
f 373/373/137 374/374/138 407/407/155
f 373/373/137 407/407/155 406/406/154
f 374/374/138 375/375/139 408/408/139
f 374/374/138 408/408/139 407/407/155
f 375/375/139 376/376/140 409/409/140
f 375/375/139 409/409/140 408/408/139
f 376/376/140 377/377/141 410/410/140
f 376/376/140 410/410/140 409/409/140
f 377/377/141 378/378/142 411/411/141
f 377/377/141 411/411/141 410/410/140
f 378/378/142 379/379/142 412/412/142
f 378/378/142 412/412/142 411/411/141
f 379/379/142 380/380/142 413/413/142
f 379/379/142 413/413/142 412/412/142
f 380/380/142 381/381/142 414/414/142
f 380/380/142 414/414/142 413/413/142
f 381/381/142 382/382/143 415/415/143
f 381/381/142 415/415/143 414/414/142
f 382/382/143 383/383/144 416/416/156
f 382/382/143 416/416/156 415/415/143
f 383/383/144 384/384/145 417/417/145
f 383/383/144 417/417/145 416/416/156
f 384/384/145 385/385/145 418/418/145
f 384/384/145 418/418/145 417/417/145
f 385/385/145 386/386/145 419/419/145
f 385/385/145 419/419/145 418/418/145
f 386/386/145 387/387/145 420/420/146
f 386/386/145 420/420/146 419/419/145
f 387/387/145 388/388/146 421/421/147
f 387/387/145 421/421/147 420/420/146
f 388/388/146 389/389/147 422/422/157
f 388/388/146 422/422/157 421/421/147
f 389/389/147 390/390/148 423/423/158
f 389/389/147 423/423/158 422/422/157
f 390/390/148 391/391/149 424/424/149
f 390/390/148 424/424/149 423/423/158
f 391/391/149 392/392/149 425/425/149
f 391/391/149 425/425/149 424/424/149
f 392/392/149 393/393/149 426/426/149
f 392/392/149 426/426/149 425/425/149
f 393/393/149 394/394/149 427/427/149
f 393/393/149 427/427/149 426/426/149
f 394/394/149 395/395/149 428/428/159
f 394/394/149 428/428/159 427/427/149
f 395/395/149 396/396/150 429/429/160
f 395/395/149 429/429/160 428/428/159
f 397/398/131 398/397/132 431/430/161
f 397/398/131 431/430/161 430/431/162
f 398/397/132 399/399/151 432/432/163
f 398/397/132 432/432/163 431/430/161
f 399/399/151 400/400/133 433/433/133
f 399/399/151 433/433/133 432/432/163
f 400/400/133 401/401/134 434/434/134
f 400/400/133 434/434/134 433/433/133
f 401/401/134 402/402/135 435/435/135
f 401/401/134 435/435/135 434/434/134
f 402/402/135 403/403/135 436/436/152
f 402/402/135 436/436/152 435/435/135
f 403/403/135 404/404/152 437/437/164
f 403/403/135 437/437/164 436/436/152
f 404/404/152 405/405/153 438/438/154
f 404/404/152 438/438/154 437/437/164
f 405/405/153 406/406/154 439/439/165
f 405/405/153 439/439/165 438/438/154
f 406/406/154 407/407/155 440/440/165
f 406/406/154 440/440/165 439/439/165
f 407/407/155 408/408/139 441/441/139
f 407/407/155 441/441/139 440/440/165
f 408/408/139 409/409/140 442/442/140
f 408/408/139 442/442/140 441/441/139
f 409/409/140 410/410/140 443/443/140
f 409/409/140 443/443/140 442/442/140
f 410/410/140 411/411/141 444/444/140
f 410/410/140 444/444/140 443/443/140
f 411/411/141 412/412/142 445/445/141
f 411/411/141 445/445/141 444/444/140
f 412/412/142 413/413/142 446/446/142
f 412/412/142 446/446/142 445/445/141
f 413/413/142 414/414/142 447/447/142
f 413/413/142 447/447/142 446/446/142
f 414/414/142 415/415/143 448/448/143
f 414/414/142 448/448/143 447/447/142
f 415/415/143 416/416/156 449/449/144
f 415/415/143 449/449/144 448/448/143
f 416/416/156 417/417/145 450/450/145
f 416/416/156 450/450/145 449/449/144
f 417/417/145 418/418/145 451/451/145
f 417/417/145 451/451/145 450/450/145
f 418/418/145 419/419/145 452/452/146
f 418/418/145 452/452/146 451/451/145
f 419/419/145 420/420/146 453/453/147
f 419/419/145 453/453/147 452/452/146
f 420/420/146 421/421/147 454/454/166
f 420/420/146 454/454/166 453/453/147
f 421/421/147 422/422/157 455/455/166
f 421/421/147 455/455/166 454/454/166
f 422/422/157 423/423/158 456/456/148
f 422/422/157 456/456/148 455/455/166
f 423/423/158 424/424/149 457/457/149
f 423/423/158 457/457/149 456/456/148
f 424/424/149 425/425/149 458/458/149
f 424/424/149 458/458/149 457/457/149
f 425/425/149 426/426/149 459/459/149
f 425/425/149 459/459/149 458/458/149
f 426/426/149 427/427/149 460/460/159
f 426/426/149 460/460/159 459/459/149
f 427/427/149 428/428/159 461/461/167
f 427/427/149 461/461/167 460/460/159
f 428/428/159 429/429/160 462/462/160
f 428/428/159 462/462/160 461/461/167
f 430/431/162 431/430/161 464/463/163
f 430/431/162 464/463/163 463/464/168
f 431/430/161 432/432/163 465/465/163
f 431/430/161 465/465/163 464/463/163
f 432/432/163 433/433/133 466/466/133
f 432/432/163 466/466/133 465/465/163
f 433/433/133 434/434/134 467/467/134
f 433/433/133 467/467/134 466/466/133
f 434/434/134 435/435/135 468/468/136
f 434/434/134 468/468/136 467/467/134
f 435/435/135 436/436/152 469/469/137
f 435/435/135 469/469/137 468/468/136
f 436/436/152 437/437/164 470/470/154
f 436/436/152 470/470/154 469/469/137
f 437/437/164 438/438/154 471/471/165
f 437/437/164 471/471/165 470/470/154
f 438/438/154 439/439/165 472/472/169
f 438/438/154 472/472/169 471/471/165
f 439/439/165 440/440/165 473/473/165
f 439/439/165 473/473/165 472/472/169
f 440/440/165 441/441/139 474/474/139
f 440/440/165 474/474/139 473/473/165
f 441/441/139 442/442/140 475/475/140
f 441/441/139 475/475/140 474/474/139
f 442/442/140 443/443/140 476/476/140
f 442/442/140 476/476/140 475/475/140
f 443/443/140 444/444/140 477/477/140
f 443/443/140 477/477/140 476/476/140
f 444/444/140 445/445/141 478/478/140
f 444/444/140 478/478/140 477/477/140
f 445/445/141 446/446/142 479/479/141
f 445/445/141 479/479/141 478/478/140
f 446/446/142 447/447/142 480/480/142
f 446/446/142 480/480/142 479/479/141
f 447/447/142 448/448/143 481/481/143
f 447/447/142 481/481/143 480/480/142
f 448/448/143 449/449/144 482/482/144
f 448/448/143 482/482/144 481/481/143
f 449/449/144 450/450/145 483/483/145
f 449/449/144 483/483/145 482/482/144
f 450/450/145 451/451/145 484/484/170
f 450/450/145 484/484/170 483/483/145
f 451/451/145 452/452/146 485/485/171
f 451/451/145 485/485/171 484/484/170
f 452/452/146 453/453/147 486/486/172
f 452/452/146 486/486/172 485/485/171
f 453/453/147 454/454/166 487/487/166
f 453/453/147 487/487/166 486/486/172
f 454/454/166 455/455/166 488/488/166
f 454/454/166 488/488/166 487/487/166
f 455/455/166 456/456/148 489/489/148
f 455/455/166 489/489/148 488/488/166
f 456/456/148 457/457/149 490/490/149
f 456/456/148 490/490/149 489/489/148
f 457/457/149 458/458/149 491/491/149
f 457/457/149 491/491/149 490/490/149
f 458/458/149 459/459/149 492/492/159
f 458/458/149 492/492/159 491/491/149
f 459/459/149 460/460/159 493/493/167
f 459/459/149 493/493/167 492/492/159
f 460/460/159 461/461/167 494/494/160
f 460/460/159 494/494/160 493/493/167
f 461/461/167 462/462/160 495/495/160
f 461/461/167 495/495/160 494/494/160
f 463/464/168 464/463/163 497/496/163
f 463/464/168 497/496/163 496/497/163
f 464/463/163 465/465/163 498/498/161
f 464/463/163 498/498/161 497/496/163
f 465/465/163 466/466/133 499/499/133
f 465/465/163 499/499/133 498/498/161
f 466/466/133 467/467/134 500/500/173
f 466/466/133 500/500/173 499/499/133
f 467/467/134 468/468/136 501/501/153
f 467/467/134 501/501/153 500/500/173
f 468/468/136 469/469/137 502/502/154
f 468/468/136 502/502/154 501/501/153
f 469/469/137 470/470/154 503/503/155
f 469/469/137 503/503/155 502/502/154
f 470/470/154 471/471/165 504/504/169
f 470/470/154 504/504/169 503/503/155
f 471/471/165 472/472/169 505/505/169
f 471/471/165 505/505/169 504/504/169
f 472/472/169 473/473/165 506/506/169
f 472/472/169 506/506/169 505/505/169
f 473/473/165 474/474/139 507/507/139
f 473/473/165 507/507/139 506/506/169
f 474/474/139 475/475/140 508/508/140
f 474/474/139 508/508/140 507/507/139
f 475/475/140 476/476/140 509/509/140
f 475/475/140 509/509/140 508/508/140
f 476/476/140 477/477/140 510/510/140
f 476/476/140 510/510/140 509/509/140
f 477/477/140 478/478/140 511/511/140
f 477/477/140 511/511/140 510/510/140
f 478/478/140 479/479/141 512/512/140
f 478/478/140 512/512/140 511/511/140
f 479/479/141 480/480/142 513/513/142
f 479/479/141 513/513/142 512/512/140
f 480/480/142 481/481/143 514/514/174
f 480/480/142 514/514/174 513/513/142
f 481/481/143 482/482/144 515/515/156
f 481/481/143 515/515/156 514/514/174
f 482/482/144 483/483/145 516/516/146
f 482/482/144 516/516/146 515/515/156
f 483/483/145 484/484/170 517/517/175
f 483/483/145 517/517/175 516/516/146
f 484/484/170 485/485/171 518/518/166
f 484/484/170 518/518/166 517/517/175
f 485/485/171 486/486/172 519/519/166
f 485/485/171 519/519/166 518/518/166
f 486/486/172 487/487/166 520/520/166
f 486/486/172 520/520/166 519/519/166
f 487/487/166 488/488/166 521/521/166
f 487/487/166 521/521/166 520/520/166
f 488/488/166 489/489/148 522/522/176
f 488/488/166 522/522/176 521/521/166
f 489/489/148 490/490/149 523/523/149
f 489/489/148 523/523/149 522/522/176
f 490/490/149 491/491/149 524/524/159
f 490/490/149 524/524/159 523/523/149
f 491/491/149 492/492/159 525/525/160
f 491/491/149 525/525/160 524/524/159
f 492/492/159 493/493/167 526/526/160
f 492/492/159 526/526/160 525/525/160
f 493/493/167 494/494/160 527/527/160
f 493/493/167 527/527/160 526/526/160
f 494/494/160 495/495/160 528/528/160
f 494/494/160 528/528/160 527/527/160
f 496/497/163 497/496/163 530/529/163
f 496/497/163 530/529/163 529/530/163
f 497/496/163 498/498/161 531/531/163
f 497/496/163 531/531/163 530/529/163
f 498/498/161 499/499/133 532/532/177
f 498/498/161 532/532/177 531/531/163
f 499/499/133 500/500/173 533/533/178
f 499/499/133 533/533/178 532/532/177
f 500/500/173 501/501/153 534/534/154
f 500/500/173 534/534/154 533/533/178
f 501/501/153 502/502/154 535/535/155
f 501/501/153 535/535/155 534/534/154
f 502/502/154 503/503/155 536/536/169
f 502/502/154 536/536/169 535/535/155
f 503/503/155 504/504/169 537/537/169
f 503/503/155 537/537/169 536/536/169
f 504/504/169 505/505/169 538/538/169
f 504/504/169 538/538/169 537/537/169
f 505/505/169 506/506/169 539/539/169
f 505/505/169 539/539/169 538/538/169
f 506/506/169 507/507/139 540/540/139
f 506/506/169 540/540/139 539/539/169
f 507/507/139 508/508/140 541/541/140
f 507/507/139 541/541/140 540/540/139
f 508/508/140 509/509/140 542/542/140
f 508/508/140 542/542/140 541/541/140
f 509/509/140 510/510/140 543/543/140
f 509/509/140 543/543/140 542/542/140
f 510/510/140 511/511/140 544/544/140
f 510/510/140 544/544/140 543/543/140
f 511/511/140 512/512/140 545/545/140
f 511/511/140 545/545/140 544/544/140
f 512/512/140 513/513/142 546/546/140
f 512/512/140 546/546/140 545/545/140
f 513/513/142 514/514/174 547/547/179
f 513/513/142 547/547/179 546/546/140
f 514/514/174 515/515/156 548/548/180
f 514/514/174 548/548/180 547/547/179
f 515/515/156 516/516/146 549/549/147
f 515/515/156 549/549/147 548/548/180
f 516/516/146 517/517/175 550/550/166
f 516/516/146 550/550/166 549/549/147
f 517/517/175 518/518/166 551/551/166
f 517/517/175 551/551/166 550/550/166
f 518/518/166 519/519/166 552/552/166
f 518/518/166 552/552/166 551/551/166
f 519/519/166 520/520/166 553/553/166
f 519/519/166 553/553/166 552/552/166
f 520/520/166 521/521/166 554/554/166
f 520/520/166 554/554/166 553/553/166
f 521/521/166 522/522/176 555/555/148
f 521/521/166 555/555/148 554/554/166
f 522/522/176 523/523/149 556/556/159
f 522/522/176 556/556/159 555/555/148
f 523/523/149 524/524/159 557/557/167
f 523/523/149 557/557/167 556/556/159
f 524/524/159 525/525/160 558/558/160
f 524/524/159 558/558/160 557/557/167
f 525/525/160 526/526/160 559/559/167
f 525/525/160 559/559/167 558/558/160
f 526/526/160 527/527/160 560/560/160
f 526/526/160 560/560/160 559/559/167
f 527/527/160 528/528/160 561/561/160
f 527/527/160 561/561/160 560/560/160
f 529/530/163 530/529/163 563/562/181
f 529/530/163 563/562/181 562/563/182
f 530/529/163 531/531/163 564/564/182
f 530/529/163 564/564/182 563/562/181
f 531/531/163 532/532/177 565/565/183
f 531/531/163 565/565/183 564/564/182
f 532/532/177 533/533/178 566/566/184
f 532/532/177 566/566/184 565/565/183
f 533/533/178 534/534/154 567/567/185
f 533/533/178 567/567/185 566/566/184
f 534/534/154 535/535/155 568/568/186
f 534/534/154 568/568/186 567/567/185
f 535/535/155 536/536/169 569/569/186
f 535/535/155 569/569/186 568/568/186
f 536/536/169 537/537/169 570/570/186
f 536/536/169 570/570/186 569/569/186
f 537/537/169 538/538/169 571/571/187
f 537/537/169 571/571/187 570/570/186
f 538/538/169 539/539/169 572/572/187
f 538/538/169 572/572/187 571/571/187
f 539/539/169 540/540/139 573/573/188
f 539/539/169 573/573/188 572/572/187
f 540/540/139 541/541/140 574/574/189
f 540/540/139 574/574/189 573/573/188
f 541/541/140 542/542/140 575/575/189
f 541/541/140 575/575/189 574/574/189
f 542/542/140 543/543/140 576/576/189
f 542/542/140 576/576/189 575/575/189
f 543/543/140 544/544/140 577/577/189
f 543/543/140 577/577/189 576/576/189
f 544/544/140 545/545/140 578/578/189
f 544/544/140 578/578/189 577/577/189
f 545/545/140 546/546/140 579/579/190
f 545/545/140 579/579/190 578/578/189
f 546/546/140 547/547/179 580/580/191
f 546/546/140 580/580/191 579/579/190
f 547/547/179 548/548/180 581/581/192
f 547/547/179 581/581/192 580/580/191
f 548/548/180 549/549/147 582/582/193
f 548/548/180 582/582/193 581/581/192
f 549/549/147 550/550/166 583/583/193
f 549/549/147 583/583/193 582/582/193
f 550/550/166 551/551/166 584/584/193
f 550/550/166 584/584/193 583/583/193
f 551/551/166 552/552/166 585/585/193
f 551/551/166 585/585/193 584/584/193
f 552/552/166 553/553/166 586/586/193
f 552/552/166 586/586/193 585/585/193
f 553/553/166 554/554/166 587/587/193
f 553/553/166 587/587/193 586/586/193
f 554/554/166 555/555/148 588/588/194
f 554/554/166 588/588/194 587/587/193
f 555/555/148 556/556/159 589/589/195
f 555/555/148 589/589/195 588/588/194
f 556/556/159 557/557/167 590/590/196
f 556/556/159 590/590/196 589/589/195
f 557/557/167 558/558/160 591/591/196
f 557/557/167 591/591/196 590/590/196
f 558/558/160 559/559/167 592/592/196
f 558/558/160 592/592/196 591/591/196
f 559/559/167 560/560/160 593/593/196
f 559/559/167 593/593/196 592/592/196
f 560/560/160 561/561/160 594/594/195
f 560/560/160 594/594/195 593/593/196
f 562/563/182 563/562/181 596/595/197
f 562/563/182 596/595/197 595/596/197
f 563/562/181 564/564/182 597/597/198
f 563/562/181 597/597/198 596/595/197
f 564/564/182 565/565/183 598/598/199
f 564/564/182 598/598/199 597/597/198
f 565/565/183 566/566/184 599/599/200
f 565/565/183 599/599/200 598/598/199
f 566/566/184 567/567/185 600/600/201
f 566/566/184 600/600/201 599/599/200
f 567/567/185 568/568/186 601/601/201
f 567/567/185 601/601/201 600/600/201
f 568/568/186 569/569/186 602/602/201
f 568/568/186 602/602/201 601/601/201
f 569/569/186 570/570/186 603/603/201
f 569/569/186 603/603/201 602/602/201
f 570/570/186 571/571/187 604/604/201
f 570/570/186 604/604/201 603/603/201
f 571/571/187 572/572/187 605/605/202
f 571/571/187 605/605/202 604/604/201
f 572/572/187 573/573/188 606/606/203
f 572/572/187 606/606/203 605/605/202
f 573/573/188 574/574/189 607/607/204
f 573/573/188 607/607/204 606/606/203
f 574/574/189 575/575/189 608/608/204
f 574/574/189 608/608/204 607/607/204
f 575/575/189 576/576/189 609/609/204
f 575/575/189 609/609/204 608/608/204
f 576/576/189 577/577/189 610/610/205
f 576/576/189 610/610/205 609/609/204
f 577/577/189 578/578/189 611/611/206
f 577/577/189 611/611/206 610/610/205
f 578/578/189 579/579/190 612/612/207
f 578/578/189 612/612/207 611/611/206
f 579/579/190 580/580/191 613/613/208
f 579/579/190 613/613/208 612/612/207
f 580/580/191 581/581/192 614/614/209
f 580/580/191 614/614/209 613/613/208
f 581/581/192 582/582/193 615/615/210
f 581/581/192 615/615/210 614/614/209
f 582/582/193 583/583/193 616/616/211
f 582/582/193 616/616/211 615/615/210
f 583/583/193 584/584/193 617/617/211
f 583/583/193 617/617/211 616/616/211
f 584/584/193 585/585/193 618/618/211
f 584/584/193 618/618/211 617/617/211
f 585/585/193 586/586/193 619/619/211
f 585/585/193 619/619/211 618/618/211
f 586/586/193 587/587/193 620/620/211
f 586/586/193 620/620/211 619/619/211
f 587/587/193 588/588/194 621/621/212
f 587/587/193 621/621/212 620/620/211
f 588/588/194 589/589/195 622/622/213
f 588/588/194 622/622/213 621/621/212
f 589/589/195 590/590/196 623/623/213
f 589/589/195 623/623/213 622/622/213
f 590/590/196 591/591/196 624/624/213
f 590/590/196 624/624/213 623/623/213
f 591/591/196 592/592/196 625/625/213
f 591/591/196 625/625/213 624/624/213
f 592/592/196 593/593/196 626/626/213
f 592/592/196 626/626/213 625/625/213
f 593/593/196 594/594/195 627/627/214
f 593/593/196 627/627/214 626/626/213
f 595/596/197 596/595/197 629/628/198
f 595/596/197 629/628/198 628/629/215
f 596/595/197 597/597/198 630/630/216
f 596/595/197 630/630/216 629/628/198
f 597/597/198 598/598/199 631/631/217
f 597/597/198 631/631/217 630/630/216
f 598/598/199 599/599/200 632/632/218
f 598/598/199 632/632/218 631/631/217
f 599/599/200 600/600/201 633/633/201
f 599/599/200 633/633/201 632/632/218
f 600/600/201 601/601/201 634/634/201
f 600/600/201 634/634/201 633/633/201
f 601/601/201 602/602/201 635/635/201
f 601/601/201 635/635/201 634/634/201
f 602/602/201 603/603/201 636/636/201
f 602/602/201 636/636/201 635/635/201
f 603/603/201 604/604/201 637/637/202
f 603/603/201 637/637/202 636/636/201
f 604/604/201 605/605/202 638/638/219
f 604/604/201 638/638/219 637/637/202
f 605/605/202 606/606/203 639/639/220
f 605/605/202 639/639/220 638/638/219
f 606/606/203 607/607/204 640/640/205
f 606/606/203 640/640/205 639/639/220
f 607/607/204 608/608/204 641/641/205
f 607/607/204 641/641/205 640/640/205
f 608/608/204 609/609/204 642/642/204
f 608/608/204 642/642/204 641/641/205
f 609/609/204 610/610/205 643/643/206
f 609/609/204 643/643/206 642/642/204
f 610/610/205 611/611/206 644/644/221
f 610/610/205 644/644/221 643/643/206
f 611/611/206 612/612/207 645/645/222
f 611/611/206 645/645/222 644/644/221
f 612/612/207 613/613/208 646/646/223
f 612/612/207 646/646/223 645/645/222
f 613/613/208 614/614/209 647/647/224
f 613/613/208 647/647/224 646/646/223
f 614/614/209 615/615/210 648/648/225
f 614/614/209 648/648/225 647/647/224
f 615/615/210 616/616/211 649/649/210
f 615/615/210 649/649/210 648/648/225
f 616/616/211 617/617/211 650/650/211
f 616/616/211 650/650/211 649/649/210
f 617/617/211 618/618/211 651/651/211
f 617/617/211 651/651/211 650/650/211
f 618/618/211 619/619/211 652/652/211
f 618/618/211 652/652/211 651/651/211
f 619/619/211 620/620/211 653/653/211
f 619/619/211 653/653/211 652/652/211
f 620/620/211 621/621/212 654/654/226
f 620/620/211 654/654/226 653/653/211
f 621/621/212 622/622/213 655/655/213
f 621/621/212 655/655/213 654/654/226
f 622/622/213 623/623/213 656/656/213
f 622/622/213 656/656/213 655/655/213
f 623/623/213 624/624/213 657/657/213
f 623/623/213 657/657/213 656/656/213
f 624/624/213 625/625/213 658/658/213
f 624/624/213 658/658/213 657/657/213
f 625/625/213 626/626/213 659/659/227
f 625/625/213 659/659/227 658/658/213
f 626/626/213 627/627/214 660/660/228
f 626/626/213 660/660/228 659/659/227
f 628/629/215 629/628/198 662/661/216
f 628/629/215 662/661/216 661/662/198
f 629/628/198 630/630/216 663/663/229
f 629/628/198 663/663/229 662/661/216
f 630/630/216 631/631/217 664/664/230
f 630/630/216 664/664/230 663/663/229
f 631/631/217 632/632/218 665/665/218
f 631/631/217 665/665/218 664/664/230
f 632/632/218 633/633/201 666/666/201
f 632/632/218 666/666/201 665/665/218
f 633/633/201 634/634/201 667/667/201
f 633/633/201 667/667/201 666/666/201
f 634/634/201 635/635/201 668/668/201
f 634/634/201 668/668/201 667/667/201
f 635/635/201 636/636/201 669/669/202
f 635/635/201 669/669/202 668/668/201
f 636/636/201 637/637/202 670/670/219
f 636/636/201 670/670/219 669/669/202
f 637/637/202 638/638/219 671/671/231
f 637/637/202 671/671/231 670/670/219
f 638/638/219 639/639/220 672/672/220
f 638/638/219 672/672/220 671/671/231
f 639/639/220 640/640/205 673/673/204
f 639/639/220 673/673/204 672/672/220
f 640/640/205 641/641/205 674/674/205
f 640/640/205 674/674/205 673/673/204
f 641/641/205 642/642/204 675/675/206
f 641/641/205 675/675/206 674/674/205
f 642/642/204 643/643/206 676/676/221
f 642/642/204 676/676/221 675/675/206
f 643/643/206 644/644/221 677/677/222
f 643/643/206 677/677/222 676/676/221
f 644/644/221 645/645/222 678/678/232
f 644/644/221 678/678/232 677/677/222
f 645/645/222 646/646/223 679/679/233
f 645/645/222 679/679/233 678/678/232
f 646/646/223 647/647/224 680/680/224
f 646/646/223 680/680/224 679/679/233
f 647/647/224 648/648/225 681/681/234
f 647/647/224 681/681/234 680/680/224
f 648/648/225 649/649/210 682/682/225
f 648/648/225 682/682/225 681/681/234
f 649/649/210 650/650/211 683/683/210
f 649/649/210 683/683/210 682/682/225
f 650/650/211 651/651/211 684/684/211
f 650/650/211 684/684/211 683/683/210
f 651/651/211 652/652/211 685/685/211
f 651/651/211 685/685/211 684/684/211
f 652/652/211 653/653/211 686/686/211
f 652/652/211 686/686/211 685/685/211
f 653/653/211 654/654/226 687/687/212
f 653/653/211 687/687/212 686/686/211
f 654/654/226 655/655/213 688/688/213
f 654/654/226 688/688/213 687/687/212
f 655/655/213 656/656/213 689/689/213
f 655/655/213 689/689/213 688/688/213
f 656/656/213 657/657/213 690/690/213
f 656/656/213 690/690/213 689/689/213
f 657/657/213 658/658/213 691/691/227
f 657/657/213 691/691/227 690/690/213
f 658/658/213 659/659/227 692/692/228
f 658/658/213 692/692/228 691/691/227
f 659/659/227 660/660/228 693/693/235
f 659/659/227 693/693/235 692/692/228
f 661/662/198 662/661/216 695/694/236
f 661/662/198 695/694/236 694/695/216
f 662/661/216 663/663/229 696/696/229
f 662/661/216 696/696/229 695/694/236
f 663/663/229 664/664/230 697/697/230
f 663/663/229 697/697/230 696/696/229
f 664/664/230 665/665/218 698/698/218
f 664/664/230 698/698/218 697/697/230
f 665/665/218 666/666/201 699/699/201
f 665/665/218 699/699/201 698/698/218
f 666/666/201 667/667/201 700/700/237
f 666/666/201 700/700/237 699/699/201
f 667/667/201 668/668/201 701/701/202
f 667/667/201 701/701/202 700/700/237
f 668/668/201 669/669/202 702/702/219
f 668/668/201 702/702/219 701/701/202
f 669/669/202 670/670/219 703/703/231
f 669/669/202 703/703/231 702/702/219
f 670/670/219 671/671/231 704/704/231
f 670/670/219 704/704/231 703/703/231
f 671/671/231 672/672/220 705/705/220
f 671/671/231 705/705/220 704/704/231
f 672/672/220 673/673/204 706/706/204
f 672/672/220 706/706/204 705/705/220
f 673/673/204 674/674/205 707/707/206
f 673/673/204 707/707/206 706/706/204
f 674/674/205 675/675/206 708/708/207
f 674/674/205 708/708/207 707/707/206
f 675/675/206 676/676/221 709/709/222
f 675/675/206 709/709/222 708/708/207
f 676/676/221 677/677/222 710/710/232
f 676/676/221 710/710/232 709/709/222
f 677/677/222 678/678/232 711/711/238
f 677/677/222 711/711/238 710/710/232
f 678/678/232 679/679/233 712/712/233
f 678/678/232 712/712/233 711/711/238
f 679/679/233 680/680/224 713/713/224
f 679/679/233 713/713/224 712/712/233
f 680/680/224 681/681/234 714/714/234
f 680/680/224 714/714/234 713/713/224
f 681/681/234 682/682/225 715/715/234
f 681/681/234 715/715/234 714/714/234
f 682/682/225 683/683/210 716/716/225
f 682/682/225 716/716/225 715/715/234
f 683/683/210 684/684/211 717/717/210
f 683/683/210 717/717/210 716/716/225
f 684/684/211 685/685/211 718/718/211
f 684/684/211 718/718/211 717/717/210
f 685/685/211 686/686/211 719/719/211
f 685/685/211 719/719/211 718/718/211
f 686/686/211 687/687/212 720/720/239
f 686/686/211 720/720/239 719/719/211
f 687/687/212 688/688/213 721/721/213
f 687/687/212 721/721/213 720/720/239
f 688/688/213 689/689/213 722/722/213
f 688/688/213 722/722/213 721/721/213
f 689/689/213 690/690/213 723/723/227
f 689/689/213 723/723/227 722/722/213
f 690/690/213 691/691/227 724/724/228
f 690/690/213 724/724/228 723/723/227
f 691/691/227 692/692/228 725/725/235
f 691/691/227 725/725/235 724/724/228
f 692/692/228 693/693/235 726/726/235
f 692/692/228 726/726/235 725/725/235
f 694/695/216 695/694/236 728/727/229
f 694/695/216 728/727/229 727/728/229
f 695/694/236 696/696/229 729/729/229
f 695/694/236 729/729/229 728/727/229
f 696/696/229 697/697/230 730/730/240
f 696/696/229 730/730/240 729/729/229
f 697/697/230 698/698/218 731/731/218
f 697/697/230 731/731/218 730/730/240
f 698/698/218 699/699/201 732/732/201
f 698/698/218 732/732/201 731/731/218
f 699/699/201 700/700/237 733/733/202
f 699/699/201 733/733/202 732/732/201
f 700/700/237 701/701/202 734/734/219
f 700/700/237 734/734/219 733/733/202
f 701/701/202 702/702/219 735/735/231
f 701/701/202 735/735/231 734/734/219
f 702/702/219 703/703/231 736/736/231
f 702/702/219 736/736/231 735/735/231
f 703/703/231 704/704/231 737/737/231
f 703/703/231 737/737/231 736/736/231
f 704/704/231 705/705/220 738/738/220
f 704/704/231 738/738/220 737/737/231
f 705/705/220 706/706/204 739/739/206
f 705/705/220 739/739/206 738/738/220
f 706/706/204 707/707/206 740/740/221
f 706/706/204 740/740/221 739/739/206
f 707/707/206 708/708/207 741/741/241
f 707/707/206 741/741/241 740/740/221
f 708/708/207 709/709/222 742/742/232
f 708/708/207 742/742/232 741/741/241
f 709/709/222 710/710/232 743/743/238
f 709/709/222 743/743/238 742/742/232
f 710/710/232 711/711/238 744/744/242
f 710/710/232 744/744/242 743/743/238
f 711/711/238 712/712/233 745/745/233
f 711/711/238 745/745/233 744/744/242
f 712/712/233 713/713/224 746/746/224
f 712/712/233 746/746/224 745/745/233
f 713/713/224 714/714/234 747/747/234
f 713/713/224 747/747/234 746/746/224
f 714/714/234 715/715/234 748/748/234
f 714/714/234 748/748/234 747/747/234
f 715/715/234 716/716/225 749/749/234
f 715/715/234 749/749/234 748/748/234
f 716/716/225 717/717/210 750/750/225
f 716/716/225 750/750/225 749/749/234
f 717/717/210 718/718/211 751/751/210
f 717/717/210 751/751/210 750/750/225
f 718/718/211 719/719/211 752/752/211
f 718/718/211 752/752/211 751/751/210
f 719/719/211 720/720/239 753/753/239
f 719/719/211 753/753/239 752/752/211
f 720/720/239 721/721/213 754/754/213
f 720/720/239 754/754/213 753/753/239
f 721/721/213 722/722/213 755/755/227
f 721/721/213 755/755/227 754/754/213
f 722/722/213 723/723/227 756/756/228
f 722/722/213 756/756/228 755/755/227
f 723/723/227 724/724/228 757/757/235
f 723/723/227 757/757/235 756/756/228
f 724/724/228 725/725/235 758/758/235
f 724/724/228 758/758/235 757/757/235
f 725/725/235 726/726/235 759/759/235
f 725/725/235 759/759/235 758/758/235
f 727/728/229 728/727/229 761/760/229
f 727/728/229 761/760/229 760/761/229
f 728/727/229 729/729/229 762/762/229
f 728/727/229 762/762/229 761/760/229
f 729/729/229 730/730/240 763/763/230
f 729/729/229 763/763/230 762/762/229
f 730/730/240 731/731/218 764/764/200
f 730/730/240 764/764/200 763/763/230
f 731/731/218 732/732/201 765/765/202
f 731/731/218 765/765/202 764/764/200
f 732/732/201 733/733/202 766/766/219
f 732/732/201 766/766/219 765/765/202
f 733/733/202 734/734/219 767/767/231
f 733/733/202 767/767/231 766/766/219
f 734/734/219 735/735/231 768/768/231
f 734/734/219 768/768/231 767/767/231
f 735/735/231 736/736/231 769/769/231
f 735/735/231 769/769/231 768/768/231
f 736/736/231 737/737/231 770/770/231
f 736/736/231 770/770/231 769/769/231
f 737/737/231 738/738/220 771/771/243
f 737/737/231 771/771/243 770/770/231
f 738/738/220 739/739/206 772/772/221
f 738/738/220 772/772/221 771/771/243
f 739/739/206 740/740/221 773/773/244
f 739/739/206 773/773/244 772/772/221
f 740/740/221 741/741/241 774/774/232
f 740/740/221 774/774/232 773/773/244
f 741/741/241 742/742/232 775/775/242
f 741/741/241 775/775/242 774/774/232
f 742/742/232 743/743/238 776/776/238
f 742/742/232 776/776/238 775/775/242
f 743/743/238 744/744/242 777/777/238
f 743/743/238 777/777/238 776/776/238
f 744/744/242 745/745/233 778/778/233
f 744/744/242 778/778/233 777/777/238
f 745/745/233 746/746/224 779/779/224
f 745/745/233 779/779/224 778/778/233
f 746/746/224 747/747/234 780/780/234
f 746/746/224 780/780/234 779/779/224
f 747/747/234 748/748/234 781/781/234
f 747/747/234 781/781/234 780/780/234
f 748/748/234 749/749/234 782/782/234
f 748/748/234 782/782/234 781/781/234
f 749/749/234 750/750/225 783/783/234
f 749/749/234 783/783/234 782/782/234
f 750/750/225 751/751/210 784/784/225
f 750/750/225 784/784/225 783/783/234
f 751/751/210 752/752/211 785/785/210
f 751/751/210 785/785/210 784/784/225
f 752/752/211 753/753/239 786/786/245
f 752/752/211 786/786/245 785/785/210
f 753/753/239 754/754/213 787/787/246
f 753/753/239 787/787/246 786/786/245
f 754/754/213 755/755/227 788/788/228
f 754/754/213 788/788/228 787/787/246
f 755/755/227 756/756/228 789/789/235
f 755/755/227 789/789/235 788/788/228
f 756/756/228 757/757/235 790/790/235
f 756/756/228 790/790/235 789/789/235
f 757/757/235 758/758/235 791/791/235
f 757/757/235 791/791/235 790/790/235
f 758/758/235 759/759/235 792/792/235
f 758/758/235 792/792/235 791/791/235
f 760/761/229 761/760/229 794/793/247
f 760/761/229 794/793/247 793/794/247
f 761/760/229 762/762/229 795/795/247
f 761/760/229 795/795/247 794/793/247
f 762/762/229 763/763/230 796/796/248
f 762/762/229 796/796/248 795/795/247
f 763/763/230 764/764/200 797/797/249
f 763/763/230 797/797/249 796/796/248
f 764/764/200 765/765/202 798/798/250
f 764/764/200 798/798/250 797/797/249
f 765/765/202 766/766/219 799/799/251
f 765/765/202 799/799/251 798/798/250
f 766/766/219 767/767/231 800/800/251
f 766/766/219 800/800/251 799/799/251
f 767/767/231 768/768/231 801/801/251
f 767/767/231 801/801/251 800/800/251
f 768/768/231 769/769/231 802/802/251
f 768/768/231 802/802/251 801/801/251
f 769/769/231 770/770/231 803/803/251
f 769/769/231 803/803/251 802/802/251
f 770/770/231 771/771/243 804/804/252
f 770/770/231 804/804/252 803/803/251
f 771/771/243 772/772/221 805/805/253
f 771/771/243 805/805/253 804/804/252
f 772/772/221 773/773/244 806/806/254
f 772/772/221 806/806/254 805/805/253
f 773/773/244 774/774/232 807/807/254
f 773/773/244 807/807/254 806/806/254
f 774/774/232 775/775/242 808/808/254
f 774/774/232 808/808/254 807/807/254
f 775/775/242 776/776/238 809/809/255
f 775/775/242 809/809/255 808/808/254
f 776/776/238 777/777/238 810/810/256
f 776/776/238 810/810/256 809/809/255
f 777/777/238 778/778/233 811/811/257
f 777/777/238 811/811/257 810/810/256
f 778/778/233 779/779/224 812/812/258
f 778/778/233 812/812/258 811/811/257
f 779/779/224 780/780/234 813/813/259
f 779/779/224 813/813/259 812/812/258
f 780/780/234 781/781/234 814/814/259
f 780/780/234 814/814/259 813/813/259
f 781/781/234 782/782/234 815/815/259
f 781/781/234 815/815/259 814/814/259
f 782/782/234 783/783/234 816/816/260
f 782/782/234 816/816/260 815/815/259
f 783/783/234 784/784/225 817/817/259
f 783/783/234 817/817/259 816/816/260
f 784/784/225 785/785/210 818/818/261
f 784/784/225 818/818/261 817/817/259
f 785/785/210 786/786/245 819/819/262
f 785/785/210 819/819/262 818/818/261
f 786/786/245 787/787/246 820/820/263
f 786/786/245 820/820/263 819/819/262
f 787/787/246 788/788/228 821/821/264
f 787/787/246 821/821/264 820/820/263
f 788/788/228 789/789/235 822/822/265
f 788/788/228 822/822/265 821/821/264
f 789/789/235 790/790/235 823/823/265
f 789/789/235 823/823/265 822/822/265
f 790/790/235 791/791/235 824/824/266
f 790/790/235 824/824/266 823/823/265
f 791/791/235 792/792/235 825/825/266
f 791/791/235 825/825/266 824/824/266
f 793/794/247 794/793/247 827/826/267
f 793/794/247 827/826/267 826/827/267
f 794/793/247 795/795/247 828/828/267
f 794/793/247 828/828/267 827/826/267
f 795/795/247 796/796/248 829/829/268
f 795/795/247 829/829/268 828/828/267
f 796/796/248 797/797/249 830/830/269
f 796/796/248 830/830/269 829/829/268
f 797/797/249 798/798/250 831/831/270
f 797/797/249 831/831/270 830/830/269
f 798/798/250 799/799/251 832/832/271
f 798/798/250 832/832/271 831/831/270
f 799/799/251 800/800/251 833/833/271
f 799/799/251 833/833/271 832/832/271
f 800/800/251 801/801/251 834/834/270
f 800/800/251 834/834/270 833/833/271
f 801/801/251 802/802/251 835/835/271
f 801/801/251 835/835/271 834/834/270
f 802/802/251 803/803/251 836/836/271
f 802/802/251 836/836/271 835/835/271
f 803/803/251 804/804/252 837/837/272
f 803/803/251 837/837/272 836/836/271
f 804/804/252 805/805/253 838/838/273
f 804/804/252 838/838/273 837/837/272
f 805/805/253 806/806/254 839/839/274
f 805/805/253 839/839/274 838/838/273
f 806/806/254 807/807/254 840/840/274
f 806/806/254 840/840/274 839/839/274
f 807/807/254 808/808/254 841/841/274
f 807/807/254 841/841/274 840/840/274
f 808/808/254 809/809/255 842/842/274
f 808/808/254 842/842/274 841/841/274
f 809/809/255 810/810/256 843/843/274
f 809/809/255 843/843/274 842/842/274
f 810/810/256 811/811/257 844/844/275
f 810/810/256 844/844/275 843/843/274
f 811/811/257 812/812/258 845/845/276
f 811/811/257 845/845/276 844/844/275
f 812/812/258 813/813/259 846/846/277
f 812/812/258 846/846/277 845/845/276
f 813/813/259 814/814/259 847/847/277
f 813/813/259 847/847/277 846/846/277
f 814/814/259 815/815/259 848/848/277
f 814/814/259 848/848/277 847/847/277
f 815/815/259 816/816/260 849/849/277
f 815/815/259 849/849/277 848/848/277
f 816/816/260 817/817/259 850/850/277
f 816/816/260 850/850/277 849/849/277
f 817/817/259 818/818/261 851/851/278
f 817/817/259 851/851/278 850/850/277
f 818/818/261 819/819/262 852/852/279
f 818/818/261 852/852/279 851/851/278
f 819/819/262 820/820/263 853/853/280
f 819/819/262 853/853/280 852/852/279
f 820/820/263 821/821/264 854/854/281
f 820/820/263 854/854/281 853/853/280
f 821/821/264 822/822/265 855/855/281
f 821/821/264 855/855/281 854/854/281
f 822/822/265 823/823/265 856/856/281
f 822/822/265 856/856/281 855/855/281
f 823/823/265 824/824/266 857/857/281
f 823/823/265 857/857/281 856/856/281
f 824/824/266 825/825/266 858/858/282
f 824/824/266 858/858/282 857/857/281
f 826/827/267 827/826/267 860/859/283
f 826/827/267 860/859/283 859/860/283
f 827/826/267 828/828/267 861/861/283
f 827/826/267 861/861/283 860/859/283
f 828/828/267 829/829/268 862/862/284
f 828/828/267 862/862/284 861/861/283
f 829/829/268 830/830/269 863/863/285
f 829/829/268 863/863/285 862/862/284
f 830/830/269 831/831/270 864/864/286
f 830/830/269 864/864/286 863/863/285
f 831/831/270 832/832/271 865/865/287
f 831/831/270 865/865/287 864/864/286
f 832/832/271 833/833/271 866/866/287
f 832/832/271 866/866/287 865/865/287
f 833/833/271 834/834/270 867/867/287
f 833/833/271 867/867/287 866/866/287
f 834/834/270 835/835/271 868/868/287
f 834/834/270 868/868/287 867/867/287
f 835/835/271 836/836/271 869/869/287
f 835/835/271 869/869/287 868/868/287
f 836/836/271 837/837/272 870/870/288
f 836/836/271 870/870/288 869/869/287
f 837/837/272 838/838/273 871/871/289
f 837/837/272 871/871/289 870/870/288
f 838/838/273 839/839/274 872/872/289
f 838/838/273 872/872/289 871/871/289
f 839/839/274 840/840/274 873/873/289
f 839/839/274 873/873/289 872/872/289
f 840/840/274 841/841/274 874/874/289
f 840/840/274 874/874/289 873/873/289
f 841/841/274 842/842/274 875/875/290
f 841/841/274 875/875/290 874/874/289
f 842/842/274 843/843/274 876/876/291
f 842/842/274 876/876/291 875/875/290
f 843/843/274 844/844/275 877/877/292
f 843/843/274 877/877/292 876/876/291
f 844/844/275 845/845/276 878/878/293
f 844/844/275 878/878/293 877/877/292
f 845/845/276 846/846/277 879/879/294
f 845/845/276 879/879/294 878/878/293
f 846/846/277 847/847/277 880/880/294
f 846/846/277 880/880/294 879/879/294
f 847/847/277 848/848/277 881/881/294
f 847/847/277 881/881/294 880/880/294
f 848/848/277 849/849/277 882/882/295
f 848/848/277 882/882/295 881/881/294
f 849/849/277 850/850/277 883/883/296
f 849/849/277 883/883/296 882/882/295
f 850/850/277 851/851/278 884/884/297
f 850/850/277 884/884/297 883/883/296
f 851/851/278 852/852/279 885/885/298
f 851/851/278 885/885/298 884/884/297
f 852/852/279 853/853/280 886/886/299
f 852/852/279 886/886/299 885/885/298
f 853/853/280 854/854/281 887/887/300
f 853/853/280 887/887/300 886/886/299
f 854/854/281 855/855/281 888/888/301
f 854/854/281 888/888/301 887/887/300
f 855/855/281 856/856/281 889/889/301
f 855/855/281 889/889/301 888/888/301
f 856/856/281 857/857/281 890/890/301
f 856/856/281 890/890/301 889/889/301
f 857/857/281 858/858/282 891/891/301
f 857/857/281 891/891/301 890/890/301
f 859/860/283 860/859/283 893/892/283
f 859/860/283 893/892/283 892/893/283
f 860/859/283 861/861/283 894/894/283
f 860/859/283 894/894/283 893/892/283
f 861/861/283 862/862/284 895/895/284
f 861/861/283 895/895/284 894/894/283
f 862/862/284 863/863/285 896/896/285
f 862/862/284 896/896/285 895/895/284
f 863/863/285 864/864/286 897/897/302
f 863/863/285 897/897/302 896/896/285
f 864/864/286 865/865/287 898/898/286
f 864/864/286 898/898/286 897/897/302
f 865/865/287 866/866/287 899/899/287
f 865/865/287 899/899/287 898/898/286
f 866/866/287 867/867/287 900/900/287
f 866/866/287 900/900/287 899/899/287
f 867/867/287 868/868/287 901/901/287
f 867/867/287 901/901/287 900/900/287
f 868/868/287 869/869/287 902/902/287
f 868/868/287 902/902/287 901/901/287
f 869/869/287 870/870/288 903/903/303
f 869/869/287 903/903/303 902/902/287
f 870/870/288 871/871/289 904/904/289
f 870/870/288 904/904/289 903/903/303
f 871/871/289 872/872/289 905/905/289
f 871/871/289 905/905/289 904/904/289
f 872/872/289 873/873/289 906/906/289
f 872/872/289 906/906/289 905/905/289
f 873/873/289 874/874/289 907/907/289
f 873/873/289 907/907/289 906/906/289
f 874/874/289 875/875/290 908/908/291
f 874/874/289 908/908/291 907/907/289
f 875/875/290 876/876/291 909/909/304
f 875/875/290 909/909/304 908/908/291
f 876/876/291 877/877/292 910/910/305
f 876/876/291 910/910/305 909/909/304
f 877/877/292 878/878/293 911/911/293
f 877/877/292 911/911/293 910/910/305
f 878/878/293 879/879/294 912/912/294
f 878/878/293 912/912/294 911/911/293
f 879/879/294 880/880/294 913/913/294
f 879/879/294 913/913/294 912/912/294
f 880/880/294 881/881/294 914/914/306
f 880/880/294 914/914/306 913/913/294
f 881/881/294 882/882/295 915/915/307
f 881/881/294 915/915/307 914/914/306
f 882/882/295 883/883/296 916/916/297
f 882/882/295 916/916/297 915/915/307
f 883/883/296 884/884/297 917/917/308
f 883/883/296 917/917/308 916/916/297
f 884/884/297 885/885/298 918/918/298
f 884/884/297 918/918/298 917/917/308
f 885/885/298 886/886/299 919/919/309
f 885/885/298 919/919/309 918/918/298
f 886/886/299 887/887/300 920/920/299
f 886/886/299 920/920/299 919/919/309
f 887/887/300 888/888/301 921/921/300
f 887/887/300 921/921/300 920/920/299
f 888/888/301 889/889/301 922/922/301
f 888/888/301 922/922/301 921/921/300
f 889/889/301 890/890/301 923/923/301
f 889/889/301 923/923/301 922/922/301
f 890/890/301 891/891/301 924/924/301
f 890/890/301 924/924/301 923/923/301
f 892/893/283 893/892/283 926/925/283
f 892/893/283 926/925/283 925/926/310
f 893/892/283 894/894/283 927/927/283
f 893/892/283 927/927/283 926/925/283
f 894/894/283 895/895/284 928/928/284
f 894/894/283 928/928/284 927/927/283
f 895/895/284 896/896/285 929/929/285
f 895/895/284 929/929/285 928/928/284
f 896/896/285 897/897/302 930/930/302
f 896/896/285 930/930/302 929/929/285
f 897/897/302 898/898/286 931/931/302
f 897/897/302 931/931/302 930/930/302
f 898/898/286 899/899/287 932/932/286
f 898/898/286 932/932/286 931/931/302
f 899/899/287 900/900/287 933/933/287
f 899/899/287 933/933/287 932/932/286
f 900/900/287 901/901/287 934/934/287
f 900/900/287 934/934/287 933/933/287
f 901/901/287 902/902/287 935/935/287
f 901/901/287 935/935/287 934/934/287
f 902/902/287 903/903/303 936/936/288
f 902/902/287 936/936/288 935/935/287
f 903/903/303 904/904/289 937/937/289
f 903/903/303 937/937/289 936/936/288
f 904/904/289 905/905/289 938/938/289
f 904/904/289 938/938/289 937/937/289
f 905/905/289 906/906/289 939/939/289
f 905/905/289 939/939/289 938/938/289
f 906/906/289 907/907/289 940/940/311
f 906/906/289 940/940/311 939/939/289
f 907/907/289 908/908/291 941/941/304
f 907/907/289 941/941/304 940/940/311
f 908/908/291 909/909/304 942/942/312
f 908/908/291 942/942/312 941/941/304
f 909/909/304 910/910/305 943/943/305
f 909/909/304 943/943/305 942/942/312
f 910/910/305 911/911/293 944/944/293
f 910/910/305 944/944/293 943/943/305
f 911/911/293 912/912/294 945/945/294
f 911/911/293 945/945/294 944/944/293
f 912/912/294 913/913/294 946/946/313
f 912/912/294 946/946/313 945/945/294
f 913/913/294 914/914/306 947/947/314
f 913/913/294 947/947/314 946/946/313
f 914/914/306 915/915/307 948/948/315
f 914/914/306 948/948/315 947/947/314
f 915/915/307 916/916/297 949/949/316
f 915/915/307 949/949/316 948/948/315
f 916/916/297 917/917/308 950/950/308
f 916/916/297 950/950/308 949/949/316
f 917/917/308 918/918/298 951/951/298
f 917/917/308 951/951/298 950/950/308
f 918/918/298 919/919/309 952/952/309
f 918/918/298 952/952/309 951/951/298
f 919/919/309 920/920/299 953/953/309
f 919/919/309 953/953/309 952/952/309
f 920/920/299 921/921/300 954/954/299
f 920/920/299 954/954/299 953/953/309
f 921/921/300 922/922/301 955/955/300
f 921/921/300 955/955/300 954/954/299
f 922/922/301 923/923/301 956/956/301
f 922/922/301 956/956/301 955/955/300
f 923/923/301 924/924/301 957/957/301
f 923/923/301 957/957/301 956/956/301
f 925/926/310 926/925/283 959/958/310
f 925/926/310 959/958/310 958/959/317
f 926/925/283 927/927/283 960/960/283
f 926/925/283 960/960/283 959/958/310
f 927/927/283 928/928/284 961/961/284
f 927/927/283 961/961/284 960/960/283
f 928/928/284 929/929/285 962/962/285
f 928/928/284 962/962/285 961/961/284
f 929/929/285 930/930/302 963/963/302
f 929/929/285 963/963/302 962/962/285
f 930/930/302 931/931/302 964/964/302
f 930/930/302 964/964/302 963/963/302
f 931/931/302 932/932/286 965/965/302
f 931/931/302 965/965/302 964/964/302
f 932/932/286 933/933/287 966/966/286
f 932/932/286 966/966/286 965/965/302
f 933/933/287 934/934/287 967/967/287
f 933/933/287 967/967/287 966/966/286
f 934/934/287 935/935/287 968/968/287
f 934/934/287 968/968/287 967/967/287
f 935/935/287 936/936/288 969/969/303
f 935/935/287 969/969/303 968/968/287
f 936/936/288 937/937/289 970/970/289
f 936/936/288 970/970/289 969/969/303
f 937/937/289 938/938/289 971/971/289
f 937/937/289 971/971/289 970/970/289
f 938/938/289 939/939/289 972/972/311
f 938/938/289 972/972/311 971/971/289
f 939/939/289 940/940/311 973/973/318
f 939/939/289 973/973/318 972/972/311
f 940/940/311 941/941/304 974/974/312
f 940/940/311 974/974/312 973/973/318
f 941/941/304 942/942/312 975/975/312
f 941/941/304 975/975/312 974/974/312
f 942/942/312 943/943/305 976/976/305
f 942/942/312 976/976/305 975/975/312
f 943/943/305 944/944/293 977/977/293
f 943/943/305 977/977/293 976/976/305
f 944/944/293 945/945/294 978/978/306
f 944/944/293 978/978/306 977/977/293
f 945/945/294 946/946/313 979/979/319
f 945/945/294 979/979/319 978/978/306
f 946/946/313 947/947/314 980/980/320
f 946/946/313 980/980/320 979/979/319
f 947/947/314 948/948/315 981/981/316
f 947/947/314 981/981/316 980/980/320
f 948/948/315 949/949/316 982/982/308
f 948/948/315 982/982/308 981/981/316
f 949/949/316 950/950/308 983/983/308
f 949/949/316 983/983/308 982/982/308
f 950/950/308 951/951/298 984/984/298
f 950/950/308 984/984/298 983/983/308
f 951/951/298 952/952/309 985/985/309
f 951/951/298 985/985/309 984/984/298
f 952/952/309 953/953/309 986/986/309
f 952/952/309 986/986/309 985/985/309
f 953/953/309 954/954/299 987/987/309
f 953/953/309 987/987/309 986/986/309
f 954/954/299 955/955/300 988/988/299
f 954/954/299 988/988/299 987/987/309
f 955/955/300 956/956/301 989/989/300
f 955/955/300 989/989/300 988/988/299
f 956/956/301 957/957/301 990/990/301
f 956/956/301 990/990/301 989/989/300
f 958/959/317 959/958/310 992/991/321
f 958/959/317 992/991/321 991/992/322
f 959/958/310 960/960/283 993/993/310
f 959/958/310 993/993/310 992/991/321
f 960/960/283 961/961/284 994/994/284
f 960/960/283 994/994/284 993/993/310
f 961/961/284 962/962/285 995/995/285
f 961/961/284 995/995/285 994/994/284
f 962/962/285 963/963/302 996/996/302
f 962/962/285 996/996/302 995/995/285
f 963/963/302 964/964/302 997/997/302
f 963/963/302 997/997/302 996/996/302
f 964/964/302 965/965/302 998/998/302
f 964/964/302 998/998/302 997/997/302
f 965/965/302 966/966/286 999/999/302
f 965/965/302 999/999/302 998/998/302
f 966/966/286 967/967/287 1000/1000/286
f 966/966/286 1000/1000/286 999/999/302
f 967/967/287 968/968/287 1001/1001/287
f 967/967/287 1001/1001/287 1000/1000/286
f 968/968/287 969/969/303 1002/1002/303
f 968/968/287 1002/1002/303 1001/1001/287
f 969/969/303 970/970/289 1003/1003/289
f 969/969/303 1003/1003/289 1002/1002/303
f 970/970/289 971/971/289 1004/1004/291
f 970/970/289 1004/1004/291 1003/1003/289
f 971/971/289 972/972/311 1005/1005/312
f 971/971/289 1005/1005/312 1004/1004/291
f 972/972/311 973/973/318 1006/1006/312
f 972/972/311 1006/1006/312 1005/1005/312
f 973/973/318 974/974/312 1007/1007/312
f 973/973/318 1007/1007/312 1006/1006/312
f 974/974/312 975/975/312 1008/1008/312
f 974/974/312 1008/1008/312 1007/1007/312
f 975/975/312 976/976/305 1009/1009/305
f 975/975/312 1009/1009/305 1008/1008/312
f 976/976/305 977/977/293 1010/1010/323
f 976/976/305 1010/1010/323 1009/1009/305
f 977/977/293 978/978/306 1011/1011/314
f 977/977/293 1011/1011/314 1010/1010/323
f 978/978/306 979/979/319 1012/1012/297
f 978/978/306 1012/1012/297 1011/1011/314
f 979/979/319 980/980/320 1013/1013/316
f 979/979/319 1013/1013/316 1012/1012/297
f 980/980/320 981/981/316 1014/1014/308
f 980/980/320 1014/1014/308 1013/1013/316
f 981/981/316 982/982/308 1015/1015/308
f 981/981/316 1015/1015/308 1014/1014/308
f 982/982/308 983/983/308 1016/1016/308
f 982/982/308 1016/1016/308 1015/1015/308
f 983/983/308 984/984/298 1017/1017/298
f 983/983/308 1017/1017/298 1016/1016/308
f 984/984/298 985/985/309 1018/1018/309
f 984/984/298 1018/1018/309 1017/1017/298
f 985/985/309 986/986/309 1019/1019/309
f 985/985/309 1019/1019/309 1018/1018/309
f 986/986/309 987/987/309 1020/1020/309
f 986/986/309 1020/1020/309 1019/1019/309
f 987/987/309 988/988/299 1021/1021/309
f 987/987/309 1021/1021/309 1020/1020/309
f 988/988/299 989/989/300 1022/1022/299
f 988/988/299 1022/1022/299 1021/1021/309
f 989/989/300 990/990/301 1023/1023/324
f 989/989/300 1023/1023/324 1022/1022/299
f 991/992/322 992/991/321 1025/1024/322
f 991/992/322 1025/1024/322 1024/1025/322
f 992/991/321 993/993/310 1026/1026/321
f 992/991/321 1026/1026/321 1025/1024/322
f 993/993/310 994/994/284 1027/1027/325
f 993/993/310 1027/1027/325 1026/1026/321
f 994/994/284 995/995/285 1028/1028/326
f 994/994/284 1028/1028/326 1027/1027/325
f 995/995/285 996/996/302 1029/1029/302
f 995/995/285 1029/1029/302 1028/1028/326
f 996/996/302 997/997/302 1030/1030/302
f 996/996/302 1030/1030/302 1029/1029/302
f 997/997/302 998/998/302 1031/1031/302
f 997/997/302 1031/1031/302 1030/1030/302
f 998/998/302 999/999/302 1032/1032/327
f 998/998/302 1032/1032/327 1031/1031/302
f 999/999/302 1000/1000/286 1033/1033/302
f 999/999/302 1033/1033/302 1032/1032/327
f 1000/1000/286 1001/1001/287 1034/1034/286
f 1000/1000/286 1034/1034/286 1033/1033/302
f 1001/1001/287 1002/1002/303 1035/1035/288
f 1001/1001/287 1035/1035/288 1034/1034/286
f 1002/1002/303 1003/1003/289 1036/1036/291
f 1002/1002/303 1036/1036/291 1035/1035/288
f 1003/1003/289 1004/1004/291 1037/1037/312
f 1003/1003/289 1037/1037/312 1036/1036/291
f 1004/1004/291 1005/1005/312 1038/1038/304
f 1004/1004/291 1038/1038/304 1037/1037/312
f 1005/1005/312 1006/1006/312 1039/1039/304
f 1005/1005/312 1039/1039/304 1038/1038/304
f 1006/1006/312 1007/1007/312 1040/1040/312
f 1006/1006/312 1040/1040/312 1039/1039/304
f 1007/1007/312 1008/1008/312 1041/1041/312
f 1007/1007/312 1041/1041/312 1040/1040/312
f 1008/1008/312 1009/1009/305 1042/1042/305
f 1008/1008/312 1042/1042/305 1041/1041/312
f 1009/1009/305 1010/1010/323 1043/1043/328
f 1009/1009/305 1043/1043/328 1042/1042/305
f 1010/1010/323 1011/1011/314 1044/1044/297
f 1010/1010/323 1044/1044/297 1043/1043/328
f 1011/1011/314 1012/1012/297 1045/1045/308
f 1011/1011/314 1045/1045/308 1044/1044/297
f 1012/1012/297 1013/1013/316 1046/1046/308
f 1012/1012/297 1046/1046/308 1045/1045/308
f 1013/1013/316 1014/1014/308 1047/1047/308
f 1013/1013/316 1047/1047/308 1046/1046/308
f 1014/1014/308 1015/1015/308 1048/1048/308
f 1014/1014/308 1048/1048/308 1047/1047/308
f 1015/1015/308 1016/1016/308 1049/1049/308
f 1015/1015/308 1049/1049/308 1048/1048/308
f 1016/1016/308 1017/1017/298 1050/1050/298
f 1016/1016/308 1050/1050/298 1049/1049/308
f 1017/1017/298 1018/1018/309 1051/1051/309
f 1017/1017/298 1051/1051/309 1050/1050/298
f 1018/1018/309 1019/1019/309 1052/1052/309
f 1018/1018/309 1052/1052/309 1051/1051/309
f 1019/1019/309 1020/1020/309 1053/1053/309
f 1019/1019/309 1053/1053/309 1052/1052/309
f 1020/1020/309 1021/1021/309 1054/1054/309
f 1020/1020/309 1054/1054/309 1053/1053/309
f 1021/1021/309 1022/1022/299 1055/1055/309
f 1021/1021/309 1055/1055/309 1054/1054/309
f 1022/1022/299 1023/1023/324 1056/1056/329
f 1022/1022/299 1056/1056/329 1055/1055/309
f 1024/1025/322 1025/1024/322 1058/1057/330
f 1024/1025/322 1058/1057/330 1057/1058/330
f 1025/1024/322 1026/1026/321 1059/1059/330
f 1025/1024/322 1059/1059/330 1058/1057/330
f 1026/1026/321 1027/1027/325 1060/1060/331
f 1026/1026/321 1060/1060/331 1059/1059/330
f 1027/1027/325 1028/1028/326 1061/1061/332
f 1027/1027/325 1061/1061/332 1060/1060/331
f 1028/1028/326 1029/1029/302 1062/1062/333
f 1028/1028/326 1062/1062/333 1061/1061/332
f 1029/1029/302 1030/1030/302 1063/1063/333
f 1029/1029/302 1063/1063/333 1062/1062/333
f 1030/1030/302 1031/1031/302 1064/1064/333
f 1030/1030/302 1064/1064/333 1063/1063/333
f 1031/1031/302 1032/1032/327 1065/1065/333
f 1031/1031/302 1065/1065/333 1064/1064/333
f 1032/1032/327 1033/1033/302 1066/1066/333
f 1032/1032/327 1066/1066/333 1065/1065/333
f 1033/1033/302 1034/1034/286 1067/1067/334
f 1033/1033/302 1067/1067/334 1066/1066/333
f 1034/1034/286 1035/1035/288 1068/1068/335
f 1034/1034/286 1068/1068/335 1067/1067/334
f 1035/1035/288 1036/1036/291 1069/1069/336
f 1035/1035/288 1069/1069/336 1068/1068/335
f 1036/1036/291 1037/1037/312 1070/1070/336
f 1036/1036/291 1070/1070/336 1069/1069/336
f 1037/1037/312 1038/1038/304 1071/1071/337
f 1037/1037/312 1071/1071/337 1070/1070/336
f 1038/1038/304 1039/1039/304 1072/1072/336
f 1038/1038/304 1072/1072/336 1071/1071/337
f 1039/1039/304 1040/1040/312 1073/1073/336
f 1039/1039/304 1073/1073/336 1072/1072/336
f 1040/1040/312 1041/1041/312 1074/1074/336
f 1040/1040/312 1074/1074/336 1073/1073/336
f 1041/1041/312 1042/1042/305 1075/1075/338
f 1041/1041/312 1075/1075/338 1074/1074/336
f 1042/1042/305 1043/1043/328 1076/1076/339
f 1042/1042/305 1076/1076/339 1075/1075/338
f 1043/1043/328 1044/1044/297 1077/1077/340
f 1043/1043/328 1077/1077/340 1076/1076/339
f 1044/1044/297 1045/1045/308 1078/1078/340
f 1044/1044/297 1078/1078/340 1077/1077/340
f 1045/1045/308 1046/1046/308 1079/1079/340
f 1045/1045/308 1079/1079/340 1078/1078/340
f 1046/1046/308 1047/1047/308 1080/1080/340
f 1046/1046/308 1080/1080/340 1079/1079/340
f 1047/1047/308 1048/1048/308 1081/1081/340
f 1047/1047/308 1081/1081/340 1080/1080/340
f 1048/1048/308 1049/1049/308 1082/1082/340
f 1048/1048/308 1082/1082/340 1081/1081/340
f 1049/1049/308 1050/1050/298 1083/1083/341
f 1049/1049/308 1083/1083/341 1082/1082/340
f 1050/1050/298 1051/1051/309 1084/1084/342
f 1050/1050/298 1084/1084/342 1083/1083/341
f 1051/1051/309 1052/1052/309 1085/1085/342
f 1051/1051/309 1085/1085/342 1084/1084/342
f 1052/1052/309 1053/1053/309 1086/1086/342
f 1052/1052/309 1086/1086/342 1085/1085/342
f 1053/1053/309 1054/1054/309 1087/1087/342
f 1053/1053/309 1087/1087/342 1086/1086/342
f 1054/1054/309 1055/1055/309 1088/1088/342
f 1054/1054/309 1088/1088/342 1087/1087/342
f 1055/1055/309 1056/1056/329 1089/1089/342
f 1055/1055/309 1089/1089/342 1088/1088/342
