mtllib terrain_core_03_00.mtl
usemtl terrain_core_03_00
# Blender 5.1.1
# www.blender.org
o terrain_core_03_00
v -16.000000 -16.000000 -2.576986
v -15.000000 -16.000000 -2.533101
v -14.000000 -16.000000 -2.489217
v -13.000000 -16.000000 -2.445211
v -12.000000 -16.000000 -2.401204
v -11.000000 -16.000000 -2.357076
v -10.000000 -16.000000 -2.312948
v -9.000000 -16.000000 -2.268758
v -8.000000 -16.000000 -2.224569
v -7.000000 -16.000000 -2.180257
v -6.000000 -16.000000 -2.135946
v -5.000000 -16.000000 -2.176992
v -4.000000 -16.000000 -2.218038
v -3.000000 -16.000000 -2.294515
v -2.000000 -16.000000 -2.370992
v -1.000000 -16.000000 -2.447408
v 0.000000 -16.000000 -2.523824
v 1.000000 -16.000000 -2.600209
v 2.000000 -16.000000 -2.676595
v 3.000000 -16.000000 -2.752950
v 4.000000 -16.000000 -2.829305
v 5.000000 -16.000000 -2.905599
v 6.000000 -16.000000 -2.981893
v 7.000000 -16.000000 -3.058126
v 8.000000 -16.000000 -3.134359
v 9.000000 -16.000000 -3.210561
v 10.000000 -16.000000 -3.286763
v 11.000000 -16.000000 -3.362905
v 12.000000 -16.000000 -3.439046
v 13.000000 -16.000000 -3.514180
v 14.000000 -16.000000 -3.589315
v 15.000000 -16.000000 -3.665395
v 16.000000 -16.000000 -3.741475
v -16.000000 -15.000000 -2.430196
v -15.000000 -15.000000 -2.384847
v -14.000000 -15.000000 -2.339559
v -13.000000 -15.000000 -2.294088
v -12.000000 -15.000000 -2.248616
v -11.000000 -15.000000 -2.203084
v -10.000000 -15.000000 -2.157552
v -9.000000 -15.000000 -2.111898
v -8.000000 -15.000000 -2.066243
v -7.000000 -15.000000 -2.020589
v -6.000000 -15.000000 -1.974813
v -5.000000 -15.000000 -1.977132
v -4.000000 -15.000000 -2.052999
v -3.000000 -15.000000 -2.128865
v -2.000000 -15.000000 -2.204671
v -1.000000 -15.000000 -2.280477
v 0.000000 -15.000000 -2.356160
v 1.000000 -15.000000 -2.431966
v 2.000000 -15.000000 -2.507650
v 3.000000 -15.000000 -2.583333
v 4.000000 -15.000000 -2.659017
v 5.000000 -15.000000 -2.734700
v 6.000000 -15.000000 -2.810384
v 7.000000 -15.000000 -2.885946
v 8.000000 -15.000000 -2.961507
v 9.000000 -15.000000 -3.037069
v 10.000000 -15.000000 -3.112630
v 11.000000 -15.000000 -3.186177
v 12.000000 -15.000000 -3.261678
v 13.000000 -15.000000 -3.337117
v 14.000000 -15.000000 -3.412618
v 15.000000 -15.000000 -3.488057
v 16.000000 -15.000000 -3.563436
v -16.000000 -14.000000 -2.283406
v -15.000000 -14.000000 -2.236654
v -14.000000 -14.000000 -2.189901
v -13.000000 -14.000000 -2.143026
v -12.000000 -14.000000 -2.096151
v -11.000000 -14.000000 -2.049154
v -10.000000 -14.000000 -2.002156
v -9.000000 -14.000000 -1.955160
v -8.000000 -14.000000 -1.908040
v -7.000000 -14.000000 -1.860921
v -6.000000 -14.000000 -1.813680
v -5.000000 -14.000000 -1.812765
v -4.000000 -14.000000 -1.887960
v -3.000000 -14.000000 -1.963155
v -2.000000 -14.000000 -2.038289
v -1.000000 -14.000000 -2.113485
v 0.000000 -14.000000 -2.188558
v 1.000000 -14.000000 -2.263692
v 2.000000 -14.000000 -2.338765
v 3.000000 -14.000000 -2.413778
v 4.000000 -14.000000 -2.488851
v 5.000000 -14.000000 -2.563863
v 6.000000 -14.000000 -2.638875
v 7.000000 -14.000000 -2.713826
v 8.000000 -14.000000 -2.788778
v 9.000000 -14.000000 -2.861654
v 10.000000 -14.000000 -2.936544
v 11.000000 -14.000000 -3.011434
v 12.000000 -14.000000 -3.086263
v 13.000000 -14.000000 -3.161092
v 14.000000 -14.000000 -3.235921
v 15.000000 -14.000000 -3.310689
v 16.000000 -14.000000 -3.385457
v -16.000000 -13.000000 -2.136678
v -15.000000 -13.000000 -2.088521
v -14.000000 -13.000000 -2.040303
v -13.000000 -13.000000 -1.992025
v -12.000000 -13.000000 -1.943685
v -11.000000 -13.000000 -1.895284
v -10.000000 -13.000000 -1.846883
v -9.000000 -13.000000 -1.798421
v -8.000000 -13.000000 -1.749837
v -7.000000 -13.000000 -1.701253
v -6.000000 -13.000000 -1.652669
v -5.000000 -13.000000 -1.648397
v -4.000000 -13.000000 -1.722982
v -3.000000 -13.000000 -1.797506
v -2.000000 -13.000000 -1.872030
v -1.000000 -13.000000 -1.946493
v 0.000000 -13.000000 -2.021016
v 1.000000 -13.000000 -2.095418
v 2.000000 -13.000000 -2.169881
v 3.000000 -13.000000 -2.244283
v 4.000000 -13.000000 -2.318685
v 5.000000 -13.000000 -2.393026
v 6.000000 -13.000000 -2.467366
v 7.000000 -13.000000 -2.539693
v 8.000000 -13.000000 -2.613973
v 9.000000 -13.000000 -2.688253
v 10.000000 -13.000000 -2.762471
v 11.000000 -13.000000 -2.836690
v 12.000000 -13.000000 -2.910909
v 13.000000 -13.000000 -2.985067
v 14.000000 -13.000000 -3.059224
v 15.000000 -13.000000 -3.133382
v 16.000000 -13.000000 -3.207479
v -16.000000 -12.000000 -1.990072
v -15.000000 -12.000000 -1.940389
v -14.000000 -12.000000 -1.890767
v -13.000000 -12.000000 -1.841024
v -12.000000 -12.000000 -1.791280
v -11.000000 -12.000000 -1.741475
v -10.000000 -12.000000 -1.691610
v -9.000000 -12.000000 -1.641683
v -8.000000 -12.000000 -1.591695
v -7.000000 -12.000000 -1.541707
v -6.000000 -12.000000 -1.491659
v -5.000000 -12.000000 -1.484090
v -4.000000 -12.000000 -1.558004
v -3.000000 -12.000000 -1.631917
v -2.000000 -12.000000 -1.705770
v -1.000000 -12.000000 -1.779622
v 0.000000 -12.000000 -1.853475
v 1.000000 -12.000000 -1.927205
v 2.000000 -12.000000 -2.001058
v 3.000000 -12.000000 -2.074788
v 4.000000 -12.000000 -2.146688
v 5.000000 -12.000000 -2.200948
v 6.000000 -12.000000 -2.258870
v 7.000000 -12.000000 -2.336385
v 8.000000 -12.000000 -2.429586
v 9.000000 -12.000000 -2.514852
v 10.000000 -12.000000 -2.588399
v 11.000000 -12.000000 -2.662008
v 12.000000 -12.000000 -2.735555
v 13.000000 -12.000000 -2.809102
v 14.000000 -12.000000 -2.882589
v 15.000000 -12.000000 -2.956075
v 16.000000 -12.000000 -3.029561
v -16.000000 -11.000000 -1.843465
v -15.000000 -11.000000 -1.792379
v -14.000000 -11.000000 -1.741292
v -13.000000 -11.000000 -1.690145
v -12.000000 -11.000000 -1.638936
v -11.000000 -11.000000 -1.587667
v -10.000000 -11.000000 -1.536336
v -9.000000 -11.000000 -1.485006
v -8.000000 -11.000000 -1.433614
v -7.000000 -11.000000 -1.382161
v -6.000000 -11.000000 -1.330648
v -5.000000 -11.000000 -1.319784
v -4.000000 -11.000000 -1.393026
v -3.000000 -11.000000 -1.466268
v -2.000000 -11.000000 -1.539510
v -1.000000 -11.000000 -1.612752
v 0.000000 -11.000000 -1.685872
v 1.000000 -11.000000 -1.759054
v 2.000000 -11.000000 -1.832174
v 3.000000 -11.000000 -1.887899
v 4.000000 -11.000000 -1.939535
v 5.000000 -11.000000 -1.990194
v 6.000000 -11.000000 -2.045186
v 7.000000 -11.000000 -2.124898
v 8.000000 -11.000000 -2.229757
v 9.000000 -11.000000 -2.337972
v 10.000000 -11.000000 -2.414388
v 11.000000 -11.000000 -2.487325
v 12.000000 -11.000000 -2.560201
v 13.000000 -11.000000 -2.633077
v 14.000000 -11.000000 -2.705953
v 15.000000 -11.000000 -2.778829
v 16.000000 -11.000000 -2.851644
v -16.000000 -10.000000 -1.696859
v -15.000000 -10.000000 -1.644369
v -14.000000 -10.000000 -1.591878
v -13.000000 -10.000000 -1.539266
v -12.000000 -10.000000 -1.486654
v -11.000000 -10.000000 -1.433919
v -10.000000 -10.000000 -1.381185
v -9.000000 -10.000000 -1.328451
v -8.000000 -10.000000 -1.275594
v -7.000000 -10.000000 -1.222738
v -6.000000 -10.000000 -1.169759
v -5.000000 -10.000000 -1.155477
v -4.000000 -10.000000 -1.228109
v -3.000000 -10.000000 -1.300741
v -2.000000 -10.000000 -1.373311
v -1.000000 -10.000000 -1.445882
v 0.000000 -10.000000 -1.518392
v 1.000000 -10.000000 -1.577291
v 2.000000 -10.000000 -1.630330
v 3.000000 -10.000000 -1.681417
v 4.000000 -10.000000 -1.731466
v 5.000000 -10.000000 -1.784444
v 6.000000 -10.000000 -1.837423
v 7.000000 -10.000000 -1.927511
v 8.000000 -10.000000 -2.038533
v 9.000000 -10.000000 -2.146566
v 10.000000 -10.000000 -2.240377
v 11.000000 -10.000000 -2.312642
v 12.000000 -10.000000 -2.384908
v 13.000000 -10.000000 -2.457174
v 14.000000 -10.000000 -2.529378
v 15.000000 -10.000000 -2.601522
v 16.000000 -10.000000 -2.673726
v -16.000000 -9.000000 -1.550374
v -15.000000 -9.000000 -1.496419
v -14.000000 -9.000000 -1.442464
v -13.000000 -9.000000 -1.388448
v -12.000000 -9.000000 -1.334371
v -11.000000 -9.000000 -1.280233
v -10.000000 -9.000000 -1.226095
v -9.000000 -9.000000 -1.171834
v -8.000000 -9.000000 -1.117635
v -7.000000 -9.000000 -1.063314
v -6.000000 -9.000000 -1.008870
v -5.000000 -9.000000 -0.991292
v -4.000000 -9.000000 -1.063192
v -3.000000 -9.000000 -1.135213
v -2.000000 -9.000000 -1.207113
v -1.000000 -9.000000 -1.269246
v 0.000000 -9.000000 -1.321737
v 1.000000 -9.000000 -1.372152
v 2.000000 -9.000000 -1.421590
v 3.000000 -9.000000 -1.474019
v 4.000000 -9.000000 -1.526388
v 5.000000 -9.000000 -1.584920
v 6.000000 -9.000000 -1.656698
v 7.000000 -9.000000 -1.737386
v 8.000000 -9.000000 -1.844747
v 9.000000 -9.000000 -1.955160
v 10.000000 -9.000000 -2.062520
v 11.000000 -9.000000 -2.138021
v 12.000000 -9.000000 -2.209615
v 13.000000 -9.000000 -2.281209
v 14.000000 -9.000000 -2.352803
v 15.000000 -9.000000 -2.424337
v 16.000000 -9.000000 -2.495809
v -16.000000 -8.000000 -1.403890
v -15.000000 -8.000000 -1.348531
v -14.000000 -8.000000 -1.293172
v -13.000000 -8.000000 -1.237630
v -12.000000 -8.000000 -1.182210
v -11.000000 -8.000000 -1.126607
v -10.000000 -8.000000 -1.071004
v -9.000000 -8.000000 -1.015340
v -8.000000 -8.000000 -0.959676
v -7.000000 -8.000000 -0.903890
v -6.000000 -8.000000 -0.848104
v -5.000000 -8.000000 -0.826986
v -4.000000 -8.000000 -0.898336
v -3.000000 -8.000000 -0.969686
v -2.000000 -8.000000 -1.016622
v -1.000000 -8.000000 -1.067464
v 0.000000 -8.000000 -1.114278
v 1.000000 -8.000000 -1.166036
v 2.000000 -8.000000 -1.217855
v 3.000000 -8.000000 -1.271932
v 4.000000 -8.000000 -1.343099
v 5.000000 -8.000000 -1.414205
v 6.000000 -8.000000 -1.485311
v 7.000000 -8.000000 -1.556356
v 8.000000 -8.000000 -1.654012
v 9.000000 -8.000000 -1.763753
v 10.000000 -8.000000 -1.870443
v 11.000000 -8.000000 -1.963399
v 12.000000 -8.000000 -2.034383
v 13.000000 -8.000000 -2.105306
v 14.000000 -8.000000 -2.176229
v 15.000000 -8.000000 -2.249105
v 16.000000 -8.000000 -2.320028
v -16.000000 -7.000000 -1.257467
v -15.000000 -7.000000 -1.200643
v -14.000000 -7.000000 -1.143880
v -13.000000 -7.000000 -1.086995
v -12.000000 -7.000000 -1.029989
v -11.000000 -7.000000 -0.973043
v -10.000000 -7.000000 -0.915975
v -9.000000 -7.000000 -0.858907
v -8.000000 -7.000000 -0.801778
v -7.000000 -7.000000 -0.744588
v -6.000000 -7.000000 -0.687337
v -5.000000 -7.000000 -0.662801
v -4.000000 -7.000000 -0.727559
v -3.000000 -7.000000 -0.773336
v -2.000000 -7.000000 -0.814107
v -1.000000 -7.000000 -0.860677
v 0.000000 -7.000000 -0.911825
v 1.000000 -7.000000 -0.962972
v 2.000000 -7.000000 -1.032064
v 3.000000 -7.000000 -1.102559
v 4.000000 -7.000000 -1.173055
v 5.000000 -7.000000 -1.243490
v 6.000000 -7.000000 -1.313924
v 7.000000 -7.000000 -1.384359
v 8.000000 -7.000000 -1.463338
v 9.000000 -7.000000 -1.569417
v 10.000000 -7.000000 -1.678487
v 11.000000 -7.000000 -1.784444
v 12.000000 -7.000000 -1.861165
v 13.000000 -7.000000 -1.931417
v 14.000000 -7.000000 -2.001668
v 15.000000 -7.000000 -2.071920
v 16.000000 -7.000000 -2.142171
v -16.000000 -6.000000 -1.111104
v -15.000000 -6.000000 -1.052877
v -14.000000 -6.000000 -0.994588
v -13.000000 -6.000000 -0.936300
v -12.000000 -6.000000 -0.877889
v -11.000000 -6.000000 -0.819539
v -10.000000 -6.000000 -0.761068
v -9.000000 -6.000000 -0.702474
v -8.000000 -6.000000 -0.643941
v -7.000000 -6.000000 -0.585286
v -6.000000 -6.000000 -0.526632
v -5.000000 -6.000000 -0.486226
v -4.000000 -6.000000 -0.531392
v -3.000000 -6.000000 -0.576558
v -2.000000 -6.000000 -0.616659
v -1.000000 -6.000000 -0.661703
v 0.000000 -6.000000 -0.723470
v 1.000000 -6.000000 -0.793416
v 2.000000 -6.000000 -0.863302
v 3.000000 -6.000000 -0.933187
v 4.000000 -6.000000 -1.003011
v 5.000000 -6.000000 -1.072835
v 6.000000 -6.000000 -1.142660
v 7.000000 -6.000000 -1.212362
v 8.000000 -6.000000 -1.282186
v 9.000000 -6.000000 -1.378072
v 10.000000 -6.000000 -1.486471
v 11.000000 -6.000000 -1.593831
v 12.000000 -6.000000 -1.685933
v 13.000000 -6.000000 -1.755575
v 14.000000 -6.000000 -1.825155
v 15.000000 -6.000000 -1.894735
v 16.000000 -6.000000 -1.964315
v -16.000000 -5.000000 -0.964803
v -15.000000 -5.000000 -0.905111
v -14.000000 -5.000000 -0.845418
v -13.000000 -5.000000 -0.785665
v -12.000000 -5.000000 -0.725911
v -11.000000 -5.000000 -0.665975
v -10.000000 -5.000000 -0.606099
v -9.000000 -5.000000 -0.546102
v -8.000000 -5.000000 -0.486165
v -7.000000 -5.000000 -0.426107
v -6.000000 -5.000000 -0.347127
v -5.000000 -5.000000 -0.290731
v -4.000000 -5.000000 -0.330221
v -3.000000 -5.000000 -0.374715
v -2.000000 -5.000000 -0.419210
v -1.000000 -5.000000 -0.486837
v 0.000000 -5.000000 -0.556112
v 1.000000 -5.000000 -0.625326
v 2.000000 -5.000000 -0.694600
v 3.000000 -5.000000 -0.763814
v 4.000000 -5.000000 -0.833028
v 5.000000 -5.000000 -0.902181
v 6.000000 -5.000000 -0.971334
v 7.000000 -5.000000 -1.040487
v 8.000000 -5.000000 -1.109578
v 9.000000 -5.000000 -1.186788
v 10.000000 -5.000000 -1.291524
v 11.000000 -5.000000 -1.401266
v 12.000000 -5.000000 -1.507711
v 13.000000 -5.000000 -1.579732
v 14.000000 -5.000000 -1.648702
v 15.000000 -5.000000 -1.717611
v 16.000000 -5.000000 -1.786580
v -16.000000 -4.000000 -0.818563
v -15.000000 -4.000000 -0.757406
v -14.000000 -4.000000 -0.696309
v -13.000000 -4.000000 -0.635091
v -12.000000 -4.000000 -0.573873
v -11.000000 -4.000000 -0.512533
v -10.000000 -4.000000 -0.451253
v -9.000000 -4.000000 -0.389852
v -8.000000 -4.000000 -0.327962
v -7.000000 -4.000000 -0.241598
v -6.000000 -4.000000 -0.155172
v -5.000000 -4.000000 -0.090291
v -4.000000 -4.000000 -0.134115
v -3.000000 -4.000000 -0.182760
v -2.000000 -4.000000 -0.251424
v -1.000000 -4.000000 -0.320089
v 0.000000 -4.000000 -0.388753
v 1.000000 -4.000000 -0.457357
v 2.000000 -4.000000 -0.525960
v 3.000000 -4.000000 -0.594503
v 4.000000 -4.000000 -0.663045
v 5.000000 -4.000000 -0.731527
v 6.000000 -4.000000 -0.800008
v 7.000000 -4.000000 -0.868490
v 8.000000 -4.000000 -0.936971
v 9.000000 -4.000000 -1.007650
v 10.000000 -4.000000 -1.106344
v 11.000000 -4.000000 -1.219442
v 12.000000 -4.000000 -1.327657
v 13.000000 -4.000000 -1.403890
v 14.000000 -4.000000 -1.472249
v 15.000000 -4.000000 -1.540487
v 16.000000 -4.000000 -1.608785
v -16.000000 -3.000000 -0.672323
v -15.000000 -3.000000 -0.609823
v -14.000000 -3.000000 -0.547201
v -13.000000 -3.000000 -0.484578
v -12.000000 -3.000000 -0.421956
v -11.000000 -3.000000 -0.359212
v -10.000000 -3.000000 -0.296407
v -9.000000 -3.000000 -0.229757
v -8.000000 -3.000000 -0.138936
v -7.000000 -3.000000 -0.046163
v -6.000000 -3.000000 0.041667
v -5.000000 -3.000000 0.105143
v -4.000000 -3.000000 0.050700
v -3.000000 -3.000000 -0.017293
v -2.000000 -3.000000 -0.085409
v -1.000000 -3.000000 -0.153402
v 0.000000 -3.000000 -0.221395
v 1.000000 -3.000000 -0.289327
v 2.000000 -3.000000 -0.357259
v 3.000000 -3.000000 -0.425191
v 4.000000 -3.000000 -0.493062
v 5.000000 -3.000000 -0.560995
v 6.000000 -3.000000 -0.628805
v 7.000000 -3.000000 -0.701864
v 8.000000 -3.000000 -0.786336
v 9.000000 -3.000000 -0.870809
v 10.000000 -3.000000 -0.961080
v 11.000000 -3.000000 -1.058187
v 12.000000 -3.000000 -1.160421
v 13.000000 -3.000000 -1.228109
v 14.000000 -3.000000 -1.295797
v 15.000000 -3.000000 -1.363424
v 16.000000 -3.000000 -1.431051
v -16.000000 -2.000000 -0.526143
v -15.000000 -2.000000 -0.462179
v -14.000000 -2.000000 -0.398153
v -13.000000 -2.000000 -0.334127
v -12.000000 -2.000000 -0.269979
v -11.000000 -2.000000 -0.205892
v -10.000000 -2.000000 -0.141683
v -9.000000 -2.000000 -0.053914
v -8.000000 -2.000000 0.046610
v -7.000000 -2.000000 0.144267
v -6.000000 -2.000000 0.233561
v -5.000000 -2.000000 0.282878
v -4.000000 -2.000000 0.215495
v -3.000000 -2.000000 0.148051
v -2.000000 -2.000000 0.080668
v -1.000000 -2.000000 0.013346
v 0.000000 -2.000000 -0.054036
v 1.000000 -2.000000 -0.121297
v 2.000000 -2.000000 -0.188619
v 3.000000 -2.000000 -0.255941
v 4.000000 -2.000000 -0.323141
v 5.000000 -2.000000 -0.398641
v 6.000000 -2.000000 -0.482503
v 7.000000 -2.000000 -0.571370
v 8.000000 -2.000000 -0.655172
v 9.000000 -2.000000 -0.738973
v 10.000000 -2.000000 -0.822774
v 11.000000 -2.000000 -0.910482
v 12.000000 -2.000000 -0.985311
v 13.000000 -2.000000 -1.052328
v 14.000000 -2.000000 -1.119344
v 15.000000 -2.000000 -1.186361
v 16.000000 -2.000000 -1.253377
v -16.000000 -1.000000 -0.380025
v -15.000000 -1.000000 -0.314657
v -14.000000 -1.000000 -0.249227
v -13.000000 -1.000000 -0.183675
v -12.000000 -1.000000 -0.118123
v -11.000000 -1.000000 -0.052572
v -10.000000 -1.000000 0.013102
v -9.000000 -1.000000 0.114787
v -8.000000 -1.000000 0.223490
v -7.000000 -1.000000 0.327311
v -6.000000 -1.000000 0.401164
v -5.000000 -1.000000 0.446940
v -4.000000 -1.000000 0.380168
v -3.000000 -1.000000 0.313395
v -2.000000 -1.000000 0.246684
v -1.000000 -1.000000 0.179972
v 0.000000 -1.000000 0.113322
v 1.000000 -1.000000 0.046672
v 2.000000 -1.000000 -0.019979
v 3.000000 -1.000000 -0.097921
v 4.000000 -1.000000 -0.181173
v 5.000000 -1.000000 -0.269430
v 6.000000 -1.000000 -0.352682
v 7.000000 -1.000000 -0.435872
v 8.000000 -1.000000 -0.519002
v 9.000000 -1.000000 -0.602193
v 10.000000 -1.000000 -0.677328
v 11.000000 -1.000000 -0.743795
v 12.000000 -1.000000 -0.810201
v 13.000000 -1.000000 -0.876607
v 14.000000 -1.000000 -0.942953
v 15.000000 -1.000000 -1.009359
v 16.000000 -1.000000 -1.075643
v -16.000000 0.000000 -0.233968
v -15.000000 0.000000 -0.167135
v -14.000000 0.000000 -0.100301
v -13.000000 0.000000 -0.033346
v -12.000000 0.000000 0.033610
v -11.000000 0.000000 0.100627
v -10.000000 0.000000 0.178141
v -9.000000 0.000000 0.283305
v -8.000000 0.000000 0.393534
v -7.000000 0.000000 0.494425
v -6.000000 0.000000 0.561747
v -5.000000 0.000000 0.611247
v -4.000000 0.000000 0.545329
v -3.000000 0.000000 0.479533
v -2.000000 0.000000 0.413859
v -1.000000 0.000000 0.348307
v 0.000000 0.000000 0.282878
v 1.000000 0.000000 0.203166
v 2.000000 0.000000 0.121256
v 3.000000 0.000000 0.034464
v 4.000000 0.000000 -0.047262
v 5.000000 0.000000 -0.128866
v 6.000000 0.000000 -0.210348
v 7.000000 0.000000 -0.291707
v 8.000000 0.000000 -0.362020
v 9.000000 0.000000 -0.426534
v 10.000000 0.000000 -0.490926
v 11.000000 0.000000 -0.555257
v 12.000000 0.000000 -0.619405
v 13.000000 0.000000 -0.683492
v 14.000000 0.000000 -0.747457
v 15.000000 0.000000 -0.811361
v 16.000000 0.000000 -0.875081
v -16.000000 1.000000 -0.069173
v -15.000000 1.000000 -0.002035
v -14.000000 1.000000 0.065043
v -13.000000 1.000000 0.132182
v -12.000000 1.000000 0.199259
v -11.000000 1.000000 0.266398
v -10.000000 1.000000 0.450724
v -9.000000 1.000000 0.466471
v -8.000000 1.000000 0.571513
v -7.000000 1.000000 0.659709
v -6.000000 1.000000 0.726725
v -5.000000 1.000000 0.778666
v -4.000000 1.000000 0.715861
v -3.000000 1.000000 0.653117
v -2.000000 1.000000 0.590495
v -1.000000 1.000000 0.527934
v 0.000000 1.000000 0.440470
v 1.000000 1.000000 0.349528
v 2.000000 1.000000 0.268656
v 3.000000 1.000000 0.189860
v 4.000000 1.000000 0.111247
v 5.000000 1.000000 0.032633
v 6.000000 1.000000 -0.031820
v 7.000000 1.000000 -0.093465
v 8.000000 1.000000 -0.154989
v 9.000000 1.000000 -0.216512
v 10.000000 1.000000 -0.277852
v 11.000000 1.000000 -0.339071
v 12.000000 1.000000 -0.400228
v 13.000000 1.000000 -0.461263
v 14.000000 1.000000 -0.522237
v 15.000000 1.000000 -0.583089
v 16.000000 1.000000 -0.643758
v -16.000000 2.000000 0.098429
v -15.000000 2.000000 0.165324
v -14.000000 2.000000 0.232157
v -13.000000 2.000000 0.298991
v -12.000000 2.000000 0.373088
v -11.000000 2.000000 0.710734
v -10.000000 2.000000 0.851969
v -9.000000 2.000000 0.648966
v -8.000000 2.000000 0.749552
v -7.000000 2.000000 0.824992
v -6.000000 2.000000 0.891764
v -5.000000 2.000000 0.946025
v -4.000000 2.000000 0.886271
v -3.000000 2.000000 0.826518
v -2.000000 2.000000 0.766947
v -1.000000 2.000000 0.688273
v 0.000000 2.000000 0.594889
v 1.000000 2.000000 0.502482
v 2.000000 2.000000 0.420878
v 3.000000 2.000000 0.345561
v 4.000000 2.000000 0.286601
v 5.000000 2.000000 0.227763
v 6.000000 2.000000 0.168986
v 7.000000 2.000000 0.110392
v 8.000000 2.000000 0.051798
v 9.000000 2.000000 -0.006551
v 10.000000 2.000000 -0.064901
v 11.000000 2.000000 -0.123128
v 12.000000 2.000000 -0.181234
v 13.000000 2.000000 -0.239217
v 14.000000 2.000000 -0.297078
v 15.000000 2.000000 -0.354940
v 16.000000 2.000000 -0.412557
v -16.000000 3.000000 0.266032
v -15.000000 3.000000 0.332682
v -14.000000 3.000000 0.399272
v -13.000000 3.000000 0.550700
v -12.000000 3.000000 0.851603
v -11.000000 3.000000 1.114726
v -10.000000 3.000000 1.146403
v -9.000000 3.000000 0.980021
v -8.000000 3.000000 0.923747
v -7.000000 3.000000 0.990275
v -6.000000 3.000000 1.056803
v -5.000000 3.000000 1.068766
v -4.000000 3.000000 1.014933
v -3.000000 3.000000 0.961161
v -2.000000 3.000000 0.898112
v -1.000000 3.000000 0.818583
v 0.000000 3.000000 0.738688
v 1.000000 3.000000 0.659587
v 2.000000 3.000000 0.593180
v 3.000000 3.000000 0.537150
v 4.000000 3.000000 0.481242
v 5.000000 3.000000 0.425395
v 6.000000 3.000000 0.369670
v 7.000000 3.000000 0.314128
v 8.000000 3.000000 0.258586
v 9.000000 3.000000 0.203227
v 10.000000 3.000000 0.147990
v 11.000000 3.000000 0.092814
v 12.000000 3.000000 0.037699
v 13.000000 3.000000 -0.017293
v 14.000000 3.000000 -0.072103
v 15.000000 3.000000 -0.126851
v 16.000000 3.000000 -0.181478
v -16.000000 4.000000 0.433756
v -15.000000 4.000000 0.500041
v -14.000000 4.000000 0.710429
v -13.000000 4.000000 0.974467
v -12.000000 4.000000 1.198039
v -11.000000 4.000000 1.326701
v -10.000000 4.000000 1.327677
v -9.000000 4.000000 1.202311
v -8.000000 4.000000 1.141642
v -7.000000 4.000000 1.155558
v -6.000000 4.000000 1.202555
v -5.000000 4.000000 1.148722
v -4.000000 4.000000 1.094950
v -3.000000 4.000000 1.041911
v -2.000000 4.000000 0.991313
v -1.000000 4.000000 0.937846
v 0.000000 4.000000 0.885722
v 1.000000 4.000000 0.834635
v 2.000000 4.000000 0.781535
v 3.000000 4.000000 0.728556
v 4.000000 4.000000 0.675700
v 5.000000 4.000000 0.622965
v 6.000000 4.000000 0.570292
v 7.000000 4.000000 0.517741
v 8.000000 4.000000 0.465251
v 9.000000 4.000000 0.412943
v 10.000000 4.000000 0.360697
v 11.000000 4.000000 0.308512
v 12.000000 4.000000 0.256510
v 13.000000 4.000000 0.204631
v 14.000000 4.000000 0.152751
v 15.000000 4.000000 0.101115
v 16.000000 4.000000 0.049479
v -16.000000 5.000000 0.601359
v -15.000000 5.000000 0.852152
v -14.000000 5.000000 1.079203
v -13.000000 5.000000 1.269999
v -12.000000 5.000000 1.326701
v -11.000000 5.000000 1.326701
v -10.000000 5.000000 1.327677
v -9.000000 5.000000 1.321696
v -8.000000 5.000000 1.294230
v -7.000000 5.000000 1.321757
v -6.000000 5.000000 1.282511
v -5.000000 5.000000 1.228739
v -4.000000 5.000000 1.176127
v -3.000000 5.000000 1.149638
v -2.000000 5.000000 1.121806
v -1.000000 5.000000 1.096720
v 0.000000 5.000000 1.070109
v 1.000000 5.000000 1.019938
v 2.000000 5.000000 0.969889
v 3.000000 5.000000 0.919963
v 4.000000 5.000000 0.870097
v 5.000000 5.000000 0.820353
v 6.000000 5.000000 0.770793
v 7.000000 5.000000 0.721232
v 8.000000 5.000000 0.671794
v 9.000000 5.000000 0.622538
v 10.000000 5.000000 0.573283
v 11.000000 5.000000 0.524211
v 12.000000 5.000000 0.475260
v 13.000000 5.000000 0.426371
v 14.000000 5.000000 0.377604
v 15.000000 5.000000 0.328898
v 16.000000 5.000000 0.280375
v -16.000000 6.000000 0.907572
v -15.000000 6.000000 1.154215
v -14.000000 6.000000 1.319560
v -13.000000 6.000000 1.326701
v -12.000000 6.000000 1.326701
v -11.000000 6.000000 1.326701
v -10.000000 6.000000 1.327677
v -9.000000 6.000000 1.327677
v -8.000000 6.000000 1.346598
v -7.000000 6.000000 1.377970
v -6.000000 6.000000 1.361247
v -5.000000 6.000000 1.374369
v -4.000000 6.000000 1.326701
v -3.000000 6.000000 1.310954
v -2.000000 6.000000 1.297526
v -1.000000 6.000000 1.289286
v 0.000000 6.000000 1.252238
v 1.000000 6.000000 1.205119
v 2.000000 6.000000 1.158122
v 3.000000 6.000000 1.111186
v 4.000000 6.000000 1.064372
v 5.000000 6.000000 1.017741
v 6.000000 6.000000 0.971110
v 7.000000 6.000000 0.924662
v 8.000000 6.000000 0.878276
v 9.000000 6.000000 0.832011
v 10.000000 6.000000 0.785868
v 11.000000 6.000000 0.739787
v 12.000000 6.000000 0.693888
v 13.000000 6.000000 0.647990
v 14.000000 6.000000 0.602275
v 15.000000 6.000000 0.556681
v 16.000000 6.000000 0.511149
v -16.000000 7.000000 0.936686
v -15.000000 7.000000 1.115763
v -14.000000 7.000000 1.261149
v -13.000000 7.000000 1.326701
v -12.000000 7.000000 1.326701
v -11.000000 7.000000 1.326701
v -10.000000 7.000000 1.327677
v -9.000000 7.000000 1.327677
v -8.000000 7.000000 1.327677
v -7.000000 7.000000 1.371867
v -6.000000 7.000000 1.426005
v -5.000000 7.000000 1.541178
v -4.000000 7.000000 1.496562
v -3.000000 7.000000 1.475138
v -2.000000 7.000000 1.464823
v -1.000000 7.000000 1.459574
v 0.000000 7.000000 1.434245
v 1.000000 7.000000 1.390177
v 2.000000 7.000000 1.346232
v 3.000000 7.000000 1.302348
v 4.000000 7.000000 1.258586
v 5.000000 7.000000 1.214945
v 6.000000 7.000000 1.171427
v 7.000000 7.000000 1.127970
v 8.000000 7.000000 1.084635
v 9.000000 7.000000 1.041422
v 10.000000 7.000000 0.998271
v 11.000000 7.000000 0.955241
v 12.000000 7.000000 0.912394
v 13.000000 7.000000 0.869547
v 14.000000 7.000000 0.826884
v 15.000000 7.000000 0.784281
v 16.000000 7.000000 0.741801
v -16.000000 8.000000 1.108439
v -15.000000 8.000000 1.187846
v -14.000000 8.000000 1.339274
v -13.000000 8.000000 1.329081
v -12.000000 8.000000 1.326701
v -11.000000 8.000000 1.327677
v -10.000000 8.000000 1.327677
v -9.000000 8.000000 1.327677
v -8.000000 8.000000 1.327677
v -7.000000 8.000000 1.327677
v -6.000000 8.000000 1.438883
v -5.000000 8.000000 1.612345
v -4.000000 8.000000 1.666361
v -3.000000 8.000000 1.639262
v -2.000000 8.000000 1.631938
v -1.000000 8.000000 1.629740
v 0.000000 8.000000 1.616130
v 1.000000 8.000000 1.575114
v 2.000000 8.000000 1.534220
v 3.000000 8.000000 1.493388
v 4.000000 8.000000 1.452677
v 5.000000 8.000000 1.412028
v 6.000000 8.000000 1.371562
v 7.000000 8.000000 1.331156
v 8.000000 8.000000 1.290873
v 9.000000 8.000000 1.250651
v 10.000000 8.000000 1.210612
v 11.000000 8.000000 1.170634
v 12.000000 8.000000 1.130778
v 13.000000 8.000000 1.090983
v 14.000000 8.000000 1.051310
v 15.000000 8.000000 1.011759
v 16.000000 8.000000 0.972331
v -16.000000 9.000000 1.276103
v -15.000000 9.000000 1.407878
v -14.000000 9.000000 1.433512
v -13.000000 9.000000 1.394450
v -12.000000 9.000000 1.340068
v -11.000000 9.000000 1.327677
v -10.000000 9.000000 1.327677
v -9.000000 9.000000 1.327677
v -8.000000 9.000000 1.327677
v -7.000000 9.000000 1.327677
v -6.000000 9.000000 1.428752
v -5.000000 9.000000 1.608439
v -4.000000 9.000000 1.755351
v -3.000000 9.000000 1.803263
v -2.000000 9.000000 1.798991
v -1.000000 9.000000 1.799723
v 0.000000 9.000000 1.789042
v 1.000000 9.000000 1.759989
v 2.000000 9.000000 1.722087
v 3.000000 9.000000 1.684306
v 4.000000 9.000000 1.646647
v 5.000000 9.000000 1.609049
v 6.000000 9.000000 1.571574
v 7.000000 9.000000 1.534220
v 8.000000 9.000000 1.496989
v 9.000000 9.000000 1.459880
v 10.000000 9.000000 1.422770
v 11.000000 9.000000 1.385905
v 12.000000 9.000000 1.349040
v 13.000000 9.000000 1.312297
v 14.000000 9.000000 1.275736
v 15.000000 9.000000 1.239176
v 16.000000 9.000000 1.202799
v -16.000000 10.000000 1.443827
v -15.000000 10.000000 1.543254
v -14.000000 10.000000 1.575785
v -13.000000 10.000000 1.548258
v -12.000000 10.000000 1.464274
v -11.000000 10.000000 1.327677
v -10.000000 10.000000 1.327677
v -9.000000 10.000000 1.327677
v -8.000000 10.000000 1.327677
v -7.000000 10.000000 1.502970
v -6.000000 10.000000 1.719035
v -5.000000 10.000000 1.974528
v -4.000000 10.000000 2.005534
v -3.000000 10.000000 1.970133
v -2.000000 10.000000 1.962016
v -1.000000 10.000000 1.954264
v 0.000000 10.000000 1.941691
v 1.000000 10.000000 1.934123
v 2.000000 10.000000 1.909831
v 3.000000 10.000000 1.875163
v 4.000000 10.000000 1.840495
v 5.000000 10.000000 1.805949
v 6.000000 10.000000 1.771525
v 7.000000 10.000000 1.737223
v 8.000000 10.000000 1.703044
v 9.000000 10.000000 1.668925
v 10.000000 10.000000 1.634928
v 11.000000 10.000000 1.600993
v 12.000000 10.000000 1.567240
v 13.000000 10.000000 1.533549
v 14.000000 10.000000 1.499980
v 15.000000 10.000000 1.466532
v 16.000000 10.000000 1.433146
v -16.000000 11.000000 1.611552
v -15.000000 11.000000 1.678752
v -14.000000 11.000000 1.734416
v -13.000000 11.000000 1.811320
v -12.000000 11.000000 1.750468
v -11.000000 11.000000 1.530131
v -10.000000 11.000000 1.327677
v -9.000000 11.000000 1.382487
v -8.000000 11.000000 1.595744
v -7.000000 11.000000 1.848307
v -6.000000 11.000000 2.137370
v -5.000000 11.000000 2.201762
v -4.000000 11.000000 2.174968
v -3.000000 11.000000 2.142619
v -2.000000 11.000000 2.110392
v -1.000000 11.000000 2.103740
v 0.000000 11.000000 2.099162
v 1.000000 11.000000 2.089640
v 2.000000 11.000000 2.085307
v 3.000000 11.000000 2.065837
v 4.000000 11.000000 2.034220
v 5.000000 11.000000 2.002726
v 6.000000 11.000000 1.971354
v 7.000000 11.000000 1.940104
v 8.000000 11.000000 1.908976
v 9.000000 11.000000 1.877848
v 10.000000 11.000000 1.846964
v 11.000000 11.000000 1.816081
v 12.000000 11.000000 1.785319
v 13.000000 11.000000 1.754679
v 14.000000 11.000000 1.724162
v 15.000000 11.000000 1.693766
v 16.000000 11.000000 1.663371
v -16.000000 12.000000 1.779276
v -15.000000 12.000000 1.812724
v -14.000000 12.000000 1.926005
v -13.000000 12.000000 1.984904
v -12.000000 12.000000 2.119670
v -11.000000 12.000000 1.795756
v -10.000000 12.000000 1.474467
v -9.000000 12.000000 1.707194
v -8.000000 12.000000 1.996379
v -7.000000 12.000000 2.238261
v -6.000000 12.000000 2.302470
v -5.000000 12.000000 2.366618
v -4.000000 12.000000 2.344279
v -3.000000 12.000000 2.314982
v -2.000000 12.000000 2.285807
v -1.000000 12.000000 2.256755
v 0.000000 12.000000 2.251506
v 1.000000 12.000000 2.250102
v 2.000000 12.000000 2.243815
v 3.000000 12.000000 2.242533
v 4.000000 12.000000 2.227946
v 5.000000 12.000000 2.199504
v 6.000000 12.000000 2.171122
v 7.000000 12.000000 2.142863
v 8.000000 12.000000 2.114787
v 9.000000 12.000000 2.086711
v 10.000000 12.000000 2.058818
v 11.000000 12.000000 2.031047
v 12.000000 12.000000 2.003337
v 13.000000 12.000000 1.975688
v 14.000000 12.000000 1.948161
v 15.000000 12.000000 1.920817
v 16.000000 12.000000 1.893534
v -16.000000 13.000000 1.947001
v -15.000000 13.000000 2.031840
v -14.000000 13.000000 2.076274
v -13.000000 13.000000 2.208232
v -12.000000 13.000000 2.234721
v -11.000000 13.000000 2.107035
v -10.000000 13.000000 1.837565
v -9.000000 13.000000 2.163432
v -8.000000 13.000000 2.339701
v -7.000000 13.000000 2.403666
v -6.000000 13.000000 2.467570
v -5.000000 13.000000 2.531474
v -4.000000 13.000000 2.513530
v -3.000000 13.000000 2.487284
v -2.000000 13.000000 2.461100
v -1.000000 13.000000 2.435099
v 0.000000 13.000000 2.409159
v 1.000000 13.000000 2.405436
v 2.000000 13.000000 2.407145
v 3.000000 13.000000 2.403971
v 4.000000 13.000000 2.408671
v 5.000000 13.000000 2.396037
v 6.000000 13.000000 2.370768
v 7.000000 13.000000 2.345561
v 8.000000 13.000000 2.320475
v 9.000000 13.000000 2.295451
v 10.000000 13.000000 2.270610
v 11.000000 13.000000 2.245829
v 12.000000 13.000000 2.221171
v 13.000000 13.000000 2.196574
v 14.000000 13.000000 2.172160
v 15.000000 13.000000 2.147807
v 16.000000 13.000000 2.123576
v -16.000000 14.000000 2.114726
v -15.000000 14.000000 2.189372
v -14.000000 14.000000 2.213908
v -13.000000 14.000000 2.345011
v -12.000000 14.000000 2.334697
v -11.000000 14.000000 2.338237
v -10.000000 14.000000 2.357463
v -9.000000 14.000000 2.441691
v -8.000000 14.000000 2.505351
v -7.000000 14.000000 2.569072
v -6.000000 14.000000 2.632731
v -5.000000 14.000000 2.696330
v -4.000000 14.000000 2.682658
v -3.000000 14.000000 2.659404
v -2.000000 14.000000 2.636332
v -1.000000 14.000000 2.613322
v 0.000000 14.000000 2.590434
v 1.000000 14.000000 2.567607
v 2.000000 14.000000 2.565409
v 3.000000 14.000000 2.570353
v 4.000000 14.000000 2.586344
v 5.000000 14.000000 2.592570
v 6.000000 14.000000 2.570231
v 7.000000 14.000000 2.548136
v 8.000000 14.000000 2.526042
v 9.000000 14.000000 2.504130
v 10.000000 14.000000 2.482280
v 11.000000 14.000000 2.460551
v 12.000000 14.000000 2.438884
v 13.000000 14.000000 2.417399
v 14.000000 14.000000 2.396037
v 15.000000 14.000000 2.374675
v 16.000000 14.000000 2.353495
v -16.000000 15.000000 2.282450
v -15.000000 15.000000 2.352519
v -14.000000 15.000000 2.373027
v -13.000000 15.000000 2.484538
v -12.000000 15.000000 2.469218
v -11.000000 15.000000 2.540385
v -10.000000 15.000000 2.588969
v -9.000000 15.000000 2.636515
v -8.000000 15.000000 2.684123
v -7.000000 15.000000 2.734416
v -6.000000 15.000000 2.797831
v -5.000000 15.000000 2.861247
v -4.000000 15.000000 2.851664
v -3.000000 15.000000 2.831462
v -2.000000 15.000000 2.811442
v -1.000000 15.000000 2.791423
v 0.000000 15.000000 2.771586
v 1.000000 15.000000 2.762858
v 2.000000 15.000000 2.754924
v 3.000000 15.000000 2.761210
v 4.000000 15.000000 2.779948
v 5.000000 15.000000 2.788859
v 6.000000 15.000000 2.769694
v 7.000000 15.000000 2.750529
v 8.000000 15.000000 2.731547
v 9.000000 15.000000 2.712687
v 10.000000 15.000000 2.693888
v 11.000000 15.000000 2.675212
v 12.000000 15.000000 2.656596
v 13.000000 15.000000 2.638102
v 14.000000 15.000000 2.619731
v 15.000000 15.000000 2.601481
v 16.000000 15.000000 2.583293
v -16.000000 16.000000 2.450236
v -15.000000 16.000000 2.513469
v -14.000000 16.000000 2.558940
v -13.000000 16.000000 2.660868
v -12.000000 16.000000 2.650798
v -11.000000 16.000000 2.743510
v -10.000000 16.000000 2.790873
v -9.000000 16.000000 2.834208
v -8.000000 16.000000 2.881510
v -7.000000 16.000000 2.933818
v -6.000000 16.000000 2.981059
v -5.000000 16.000000 3.028361
v -4.000000 16.000000 3.020549
v -3.000000 16.000000 3.006510
v -2.000000 16.000000 3.001017
v -1.000000 16.000000 2.995646
v 0.000000 16.000000 2.990397
v 1.000000 16.000000 2.980204
v 2.000000 16.000000 2.975138
v 3.000000 16.000000 2.976115
v 4.000000 16.000000 2.989482
v 5.000000 16.000000 2.985148
v 6.000000 16.000000 2.968974
v 7.000000 16.000000 2.952922
v 8.000000 16.000000 2.936930
v 9.000000 16.000000 2.921061
v 10.000000 16.000000 2.905314
v 11.000000 16.000000 2.889689
v 12.000000 16.000000 2.874125
v 13.000000 16.000000 2.858683
v 14.000000 16.000000 2.843364
v 15.000000 16.000000 2.828166
v 16.000000 16.000000 2.813029
vn -0.0433 -0.1451 0.9885
vn -0.0437 -0.1469 0.9882
vn -0.0448 -0.1465 0.9882
vn -0.0449 -0.1452 0.9884
vn -0.0434 -0.1479 0.9880
vn -0.0448 -0.1479 0.9880
vn -0.0436 -0.1494 0.9878
vn -0.0449 -0.1492 0.9878
vn -0.0439 -0.1510 0.9876
vn -0.0449 -0.1506 0.9876
vn -0.0439 -0.1524 0.9873
vn -0.0450 -0.1520 0.9874
vn -0.0439 -0.1538 0.9871
vn -0.0450 -0.1534 0.9871
vn -0.0437 -0.1550 0.9870
vn -0.0451 -0.1547 0.9869
vn -0.0440 -0.1566 0.9867
vn -0.0450 -0.1562 0.9867
vn -0.0438 -0.1577 0.9865
vn -0.0451 -0.1575 0.9865
vn -0.0191 -0.1591 0.9871
vn -0.0214 -0.1590 0.9870
vn 0.0405 -0.1621 0.9859
vn 0.0386 -0.1621 0.9860
vn 0.0753 -0.1624 0.9839
vn 0.0746 -0.1624 0.9839
vn 0.0751 -0.1631 0.9837
vn 0.0746 -0.1630 0.9838
vn 0.0750 -0.1638 0.9836
vn 0.0746 -0.1636 0.9837
vn 0.0750 -0.1644 0.9835
vn 0.0745 -0.1642 0.9836
vn 0.0752 -0.1648 0.9835
vn 0.0745 -0.1649 0.9835
vn 0.0749 -0.1656 0.9833
vn 0.0745 -0.1655 0.9834
vn 0.0749 -0.1663 0.9832
vn 0.0744 -0.1661 0.9833
vn 0.0749 -0.1669 0.9831
vn 0.0744 -0.1667 0.9832
vn 0.0749 -0.1675 0.9830
vn 0.0744 -0.1673 0.9831
vn 0.0748 -0.1681 0.9829
vn 0.0744 -0.1680 0.9830
vn 0.0748 -0.1687 0.9828
vn 0.0743 -0.1686 0.9829
vn 0.0748 -0.1694 0.9827
vn 0.0743 -0.1692 0.9828
vn 0.0747 -0.1700 0.9826
vn 0.0743 -0.1697 0.9827
vn 0.0747 -0.1706 0.9825
vn 0.0742 -0.1714 0.9824
vn 0.0748 -0.1711 0.9824
vn 0.0731 -0.1722 0.9824
vn 0.0748 -0.1726 0.9822
vn 0.0734 -0.1724 0.9823
vn 0.0748 -0.1733 0.9820
vn 0.0741 -0.1732 0.9821
vn 0.0739 -0.1738 0.9820
vn 0.0741 -0.1739 0.9820
vn 0.0737 -0.1745 0.9819
vn 0.0740 -0.1736 0.9820
vn 0.0747 -0.1751 0.9817
vn 0.0741 -0.1741 0.9819
vn 0.0747 -0.1757 0.9816
vn 0.0739 -0.1748 0.9818
vn -0.0462 -0.1464 0.9881
vn -0.0465 -0.1454 0.9883
vn -0.0462 -0.1478 0.9879
vn -0.0463 -0.1492 0.9877
vn -0.0463 -0.1506 0.9875
vn -0.0464 -0.1519 0.9873
vn -0.0464 -0.1533 0.9871
vn -0.0465 -0.1547 0.9869
vn -0.0465 -0.1561 0.9866
vn -0.0465 -0.1575 0.9864
vn -0.0237 -0.1589 0.9870
vn 0.0367 -0.1620 0.9861
vn 0.0740 -0.1624 0.9840
vn 0.0740 -0.1630 0.9839
vn 0.0739 -0.1636 0.9837
vn 0.0739 -0.1643 0.9836
vn 0.0739 -0.1648 0.9836
vn 0.0739 -0.1655 0.9834
vn 0.0738 -0.1661 0.9833
vn 0.0738 -0.1667 0.9832
vn 0.0738 -0.1673 0.9831
vn 0.0737 -0.1679 0.9830
vn 0.0735 -0.1688 0.9829
vn 0.0736 -0.1701 0.9827
vn 0.0729 -0.1705 0.9827
vn 0.0728 -0.1711 0.9826
vn 0.0736 -0.1720 0.9823
vn 0.0735 -0.1717 0.9824
vn 0.0735 -0.1723 0.9823
vn 0.0735 -0.1729 0.9822
vn 0.0735 -0.1735 0.9821
vn 0.0734 -0.1741 0.9820
vn 0.0736 -0.1746 0.9819
vn -0.0476 -0.1464 0.9881
vn -0.0476 -0.1450 0.9883
vn -0.0477 -0.1478 0.9879
vn -0.0477 -0.1491 0.9877
vn -0.0478 -0.1505 0.9875
vn -0.0478 -0.1519 0.9872
vn -0.0478 -0.1533 0.9870
vn -0.0479 -0.1547 0.9868
vn -0.0479 -0.1560 0.9866
vn -0.0479 -0.1574 0.9864
vn -0.0263 -0.1591 0.9869
vn 0.0345 -0.1623 0.9861
vn 0.0734 -0.1623 0.9840
vn 0.0733 -0.1630 0.9839
vn 0.0733 -0.1636 0.9838
vn 0.0733 -0.1642 0.9837
vn 0.0732 -0.1648 0.9836
vn 0.0732 -0.1655 0.9835
vn 0.0732 -0.1661 0.9834
vn 0.0733 -0.1666 0.9833
vn 0.0731 -0.1682 0.9830
vn 0.0729 -0.1781 0.9813
vn 0.0718 -0.1862 0.9799
vn 0.0718 -0.1850 0.9801
vn 0.0729 -0.1763 0.9816
vn 0.0727 -0.1707 0.9826
vn 0.0729 -0.1710 0.9826
vn 0.0729 -0.1716 0.9825
vn 0.0729 -0.1723 0.9824
vn 0.0728 -0.1729 0.9822
vn 0.0728 -0.1735 0.9821
vn 0.0728 -0.1741 0.9820
vn 0.0727 -0.1748 0.9819
vn -0.0491 -0.1463 0.9880
vn -0.0492 -0.1450 0.9882
vn -0.0491 -0.1477 0.9878
vn -0.0491 -0.1491 0.9876
vn -0.0492 -0.1505 0.9874
vn -0.0492 -0.1518 0.9872
vn -0.0492 -0.1532 0.9870
vn -0.0493 -0.1546 0.9867
vn -0.0493 -0.1560 0.9865
vn -0.0493 -0.1574 0.9863
vn -0.0286 -0.1591 0.9868
vn 0.0330 -0.1617 0.9863
vn 0.0727 -0.1623 0.9840
vn 0.0727 -0.1630 0.9840
vn 0.0727 -0.1636 0.9839
vn 0.0726 -0.1642 0.9838
vn 0.0726 -0.1648 0.9836
vn 0.0726 -0.1654 0.9835
vn 0.0726 -0.1661 0.9834
vn 0.0715 -0.1750 0.9820
vn 0.0617 -0.1860 0.9806
vn 0.0549 -0.1971 0.9788
vn 0.0661 -0.2061 0.9763
vn 0.0833 -0.2024 0.9758
vn 0.0874 -0.1878 0.9783
vn 0.0779 -0.1721 0.9820
vn 0.0723 -0.1710 0.9826
vn 0.0723 -0.1716 0.9825
vn 0.0723 -0.1723 0.9824
vn 0.0722 -0.1729 0.9823
vn 0.0722 -0.1735 0.9822
vn 0.0722 -0.1741 0.9821
vn 0.0723 -0.1746 0.9820
vn -0.0505 -0.1462 0.9880
vn -0.0506 -0.1450 0.9881
vn -0.0505 -0.1476 0.9878
vn -0.0505 -0.1490 0.9875
vn -0.0506 -0.1504 0.9873
vn -0.0506 -0.1518 0.9871
vn -0.0507 -0.1532 0.9869
vn -0.0507 -0.1545 0.9867
vn -0.0507 -0.1559 0.9865
vn -0.0508 -0.1573 0.9862
vn -0.0310 -0.1591 0.9868
vn 0.0310 -0.1617 0.9863
vn 0.0721 -0.1623 0.9841
vn 0.0721 -0.1629 0.9840
vn 0.0721 -0.1636 0.9839
vn 0.0720 -0.1642 0.9838
vn 0.0719 -0.1648 0.9837
vn 0.0718 -0.1719 0.9825
vn 0.0627 -0.1823 0.9812
vn 0.0526 -0.1927 0.9798
vn 0.0500 -0.2030 0.9779
vn 0.0518 -0.2034 0.9777
vn 0.0658 -0.2057 0.9764
vn 0.0902 -0.1993 0.9758
vn 0.1040 -0.1909 0.9761
vn 0.0904 -0.1804 0.9794
vn 0.0733 -0.1711 0.9825
vn 0.0716 -0.1716 0.9826
vn 0.0716 -0.1722 0.9824
vn 0.0716 -0.1729 0.9823
vn 0.0716 -0.1735 0.9822
vn 0.0715 -0.1741 0.9821
vn 0.0717 -0.1746 0.9820
vn -0.0519 -0.1462 0.9879
vn -0.0519 -0.1448 0.9881
vn -0.0519 -0.1476 0.9877
vn -0.0520 -0.1490 0.9875
vn -0.0520 -0.1503 0.9873
vn -0.0520 -0.1517 0.9871
vn -0.0521 -0.1531 0.9868
vn -0.0521 -0.1545 0.9866
vn -0.0521 -0.1558 0.9864
vn -0.0522 -0.1572 0.9862
vn -0.0334 -0.1590 0.9867
vn 0.0288 -0.1619 0.9864
vn 0.0715 -0.1623 0.9841
vn 0.0714 -0.1629 0.9841
vn 0.0714 -0.1636 0.9839
vn 0.0713 -0.1689 0.9831
vn 0.0645 -0.1788 0.9818
vn 0.0549 -0.1896 0.9803
vn 0.0509 -0.2009 0.9783
vn 0.0495 -0.2024 0.9781
vn 0.0504 -0.2020 0.9781
vn 0.0519 -0.1984 0.9788
vn 0.0701 -0.1902 0.9792
vn 0.0982 -0.1893 0.9770
vn 0.1069 -0.1880 0.9763
vn 0.0987 -0.1870 0.9774
vn 0.0815 -0.1727 0.9816
vn 0.0710 -0.1716 0.9826
vn 0.0710 -0.1722 0.9825
vn 0.0710 -0.1728 0.9824
vn 0.0709 -0.1734 0.9823
vn 0.0709 -0.1741 0.9822
vn 0.0711 -0.1746 0.9821
vn -0.0533 -0.1461 0.9878
vn -0.0533 -0.1448 0.9880
vn -0.0533 -0.1475 0.9876
vn -0.0534 -0.1489 0.9874
vn -0.0534 -0.1503 0.9872
vn -0.0534 -0.1517 0.9870
vn -0.0535 -0.1530 0.9868
vn -0.0535 -0.1544 0.9866
vn -0.0535 -0.1558 0.9863
vn -0.0536 -0.1572 0.9861
vn -0.0358 -0.1589 0.9866
vn 0.0268 -0.1621 0.9864
vn 0.0708 -0.1623 0.9842
vn 0.0708 -0.1629 0.9841
vn 0.0659 -0.1752 0.9823
vn 0.0562 -0.1856 0.9810
vn 0.0504 -0.1978 0.9789
vn 0.0489 -0.2011 0.9783
vn 0.0499 -0.2017 0.9782
vn 0.0513 -0.2003 0.9784
vn 0.0544 -0.1903 0.9802
vn 0.0640 -0.1816 0.9813
vn 0.0749 -0.1729 0.9821
vn 0.0920 -0.1817 0.9790
vn 0.1064 -0.1877 0.9765
vn 0.1060 -0.1873 0.9766
vn 0.0897 -0.1810 0.9794
vn 0.0703 -0.1722 0.9825
vn 0.0703 -0.1728 0.9824
vn 0.0705 -0.1732 0.9824
vn 0.0703 -0.1731 0.9824
vn 0.0711 -0.1737 0.9822
vn -0.0547 -0.1461 0.9878
vn -0.0547 -0.1447 0.9880
vn -0.0548 -0.1474 0.9876
vn -0.0548 -0.1488 0.9873
vn -0.0548 -0.1502 0.9871
vn -0.0549 -0.1516 0.9869
vn -0.0549 -0.1530 0.9867
vn -0.0549 -0.1544 0.9865
vn -0.0550 -0.1558 0.9863
vn -0.0550 -0.1571 0.9860
vn -0.0378 -0.1585 0.9866
vn 0.0246 -0.1622 0.9865
vn 0.0702 -0.1651 0.9838
vn 0.0581 -0.1778 0.9824
vn 0.0479 -0.1926 0.9801
vn 0.0478 -0.1999 0.9786
vn 0.0483 -0.2005 0.9785
vn 0.0507 -0.2002 0.9784
vn 0.0519 -0.1909 0.9802
vn 0.0612 -0.1825 0.9813
vn 0.0699 -0.1736 0.9823
vn 0.0699 -0.1679 0.9833
vn 0.0699 -0.1685 0.9832
vn 0.0828 -0.1732 0.9814
vn 0.1014 -0.1863 0.9772
vn 0.1057 -0.1883 0.9764
vn 0.0976 -0.1876 0.9774
vn 0.0804 -0.1736 0.9815
vn 0.0697 -0.1712 0.9828
vn 0.0697 -0.1719 0.9827
vn 0.0706 -0.1725 0.9825
vn 0.0704 -0.1733 0.9823
vn 0.0698 -0.1736 0.9823
vn -0.0561 -0.1460 0.9877
vn -0.0562 -0.1447 0.9879
vn -0.0561 -0.1474 0.9875
vn -0.0562 -0.1488 0.9873
vn -0.0562 -0.1502 0.9871
vn -0.0563 -0.1515 0.9869
vn -0.0563 -0.1529 0.9866
vn -0.0563 -0.1543 0.9864
vn -0.0564 -0.1557 0.9862
vn -0.0564 -0.1571 0.9860
vn -0.0404 -0.1586 0.9865
vn 0.0198 -0.1680 0.9856
vn 0.0543 -0.1802 0.9821
vn 0.0425 -0.1927 0.9803
vn 0.0429 -0.1958 0.9797
vn 0.0479 -0.1986 0.9789
vn 0.0502 -0.1915 0.9802
vn 0.0592 -0.1826 0.9814
vn 0.0686 -0.1741 0.9823
vn 0.0693 -0.1666 0.9836
vn 0.0693 -0.1672 0.9835
vn 0.0693 -0.1678 0.9834
vn 0.0692 -0.1685 0.9833
vn 0.0735 -0.1690 0.9829
vn 0.0906 -0.1820 0.9791
vn 0.1052 -0.1882 0.9765
vn 0.1049 -0.1876 0.9766
vn 0.0897 -0.1807 0.9794
vn 0.0722 -0.1712 0.9826
vn 0.0690 -0.1718 0.9827
vn 0.0690 -0.1725 0.9826
vn 0.0690 -0.1740 0.9823
vn 0.0692 -0.1745 0.9822
vn -0.0575 -0.1459 0.9876
vn -0.0576 -0.1447 0.9878
vn -0.0575 -0.1473 0.9874
vn -0.0576 -0.1487 0.9872
vn -0.0576 -0.1501 0.9870
vn -0.0576 -0.1515 0.9868
vn -0.0577 -0.1529 0.9866
vn -0.0577 -0.1543 0.9863
vn -0.0578 -0.1556 0.9861
vn -0.0578 -0.1570 0.9859
vn -0.0488 -0.1676 0.9847
vn 0.0024 -0.1829 0.9831
vn 0.0443 -0.1947 0.9799
vn 0.0418 -0.1952 0.9799
vn 0.0417 -0.1936 0.9802
vn 0.0524 -0.1834 0.9816
vn 0.0646 -0.1748 0.9825
vn 0.0688 -0.1661 0.9837
vn 0.0686 -0.1662 0.9837
vn 0.0687 -0.1666 0.9836
vn 0.0687 -0.1672 0.9835
vn 0.0687 -0.1678 0.9834
vn 0.0686 -0.1684 0.9833
vn 0.0686 -0.1691 0.9832
vn 0.0813 -0.1736 0.9815
vn 0.0998 -0.1869 0.9773
vn 0.1054 -0.1889 0.9763
vn 0.0975 -0.1872 0.9775
vn 0.0794 -0.1735 0.9816
vn 0.0684 -0.1728 0.9826
vn 0.0684 -0.1734 0.9825
vn 0.0684 -0.1740 0.9824
vn 0.0683 -0.1747 0.9822
vn -0.0589 -0.1459 0.9875
vn -0.0593 -0.1448 0.9877
vn -0.0590 -0.1473 0.9873
vn -0.0590 -0.1487 0.9871
vn -0.0591 -0.1500 0.9869
vn -0.0591 -0.1514 0.9867
vn -0.0591 -0.1528 0.9865
vn -0.0592 -0.1542 0.9863
vn -0.0592 -0.1558 0.9860
vn -0.0684 -0.1690 0.9832
vn -0.0664 -0.1822 0.9810
vn -0.0082 -0.1942 0.9809
vn 0.0411 -0.1947 0.9800
vn 0.0436 -0.1930 0.9802
vn 0.0550 -0.1794 0.9822
vn 0.0673 -0.1680 0.9835
vn 0.0681 -0.1647 0.9840
vn 0.0681 -0.1653 0.9839
vn 0.0681 -0.1659 0.9838
vn 0.0681 -0.1666 0.9837
vn 0.0680 -0.1672 0.9836
vn 0.0680 -0.1678 0.9835
vn 0.0680 -0.1685 0.9834
vn 0.0680 -0.1691 0.9833
vn 0.0718 -0.1697 0.9829
vn 0.0891 -0.1814 0.9794
vn 0.1048 -0.1857 0.9770
vn 0.1056 -0.1830 0.9774
vn 0.0875 -0.1757 0.9806
vn 0.0691 -0.1729 0.9825
vn 0.0677 -0.1734 0.9825
vn 0.0677 -0.1740 0.9824
vn 0.0679 -0.1745 0.9823
vn -0.0604 -0.1458 0.9875
vn -0.0604 -0.1445 0.9877
vn -0.0604 -0.1472 0.9873
vn -0.0604 -0.1486 0.9871
vn -0.0605 -0.1500 0.9868
vn -0.0605 -0.1513 0.9866
vn -0.0606 -0.1528 0.9864
vn -0.0608 -0.1559 0.9859
vn -0.0730 -0.1707 0.9826
vn -0.0846 -0.1860 0.9789
vn -0.0740 -0.1903 0.9789
vn -0.0103 -0.1941 0.9809
vn 0.0454 -0.1869 0.9813
vn 0.0576 -0.1757 0.9828
vn 0.0675 -0.1643 0.9841
vn 0.0674 -0.1643 0.9841
vn 0.0675 -0.1647 0.9840
vn 0.0675 -0.1653 0.9839
vn 0.0675 -0.1659 0.9838
vn 0.0674 -0.1666 0.9837
vn 0.0674 -0.1672 0.9836
vn 0.0674 -0.1678 0.9835
vn 0.0675 -0.1683 0.9834
vn 0.0685 -0.1592 0.9849
vn 0.0831 -0.1557 0.9843
vn 0.1039 -0.1621 0.9813
vn 0.1084 -0.1681 0.9798
vn 0.0905 -0.1704 0.9812
vn 0.0709 -0.1728 0.9824
vn 0.0671 -0.1734 0.9826
vn 0.0671 -0.1740 0.9825
vn 0.0673 -0.1745 0.9824
vn -0.0618 -0.1458 0.9874
vn -0.0618 -0.1445 0.9876
vn -0.0618 -0.1472 0.9872
vn -0.0618 -0.1485 0.9870
vn -0.0618 -0.1499 0.9868
vn -0.0619 -0.1513 0.9866
vn -0.0638 -0.1526 0.9862
vn -0.0774 -0.1651 0.9832
vn -0.0899 -0.1834 0.9789
vn -0.0882 -0.1886 0.9781
vn -0.0044 -0.1834 0.9830
vn 0.0601 -0.1719 0.9833
vn 0.0670 -0.1628 0.9844
vn 0.0670 -0.1635 0.9843
vn 0.0669 -0.1641 0.9842
vn 0.0669 -0.1647 0.9841
vn 0.0669 -0.1653 0.9840
vn 0.0668 -0.1659 0.9839
vn 0.0668 -0.1665 0.9838
vn 0.0668 -0.1672 0.9837
vn 0.0668 -0.1638 0.9842
vn 0.0694 -0.1564 0.9853
vn 0.0776 -0.1465 0.9862
vn 0.0833 -0.1391 0.9868
vn 0.0863 -0.1326 0.9874
vn 0.0922 -0.1399 0.9859
vn 0.0980 -0.1520 0.9835
vn 0.0836 -0.1680 0.9822
vn 0.0665 -0.1728 0.9827
vn 0.0665 -0.1734 0.9826
vn 0.0664 -0.1740 0.9825
vn 0.0663 -0.1746 0.9824
vn -0.0632 -0.1457 0.9873
vn -0.0633 -0.1444 0.9875
vn -0.0632 -0.1471 0.9871
vn -0.0632 -0.1485 0.9869
vn -0.0633 -0.1499 0.9867
vn -0.0633 -0.1513 0.9865
vn -0.0749 -0.1525 0.9855
vn -0.0924 -0.1691 0.9813
vn -0.0970 -0.1774 0.9794
vn -0.0915 -0.1828 0.9789
vn -0.0681 -0.1765 0.9819
vn 0.0089 -0.1685 0.9857
vn 0.0664 -0.1622 0.9845
vn 0.0663 -0.1628 0.9844
vn 0.0663 -0.1634 0.9843
vn 0.0663 -0.1641 0.9842
vn 0.0663 -0.1647 0.9841
vn 0.0662 -0.1653 0.9840
vn 0.0663 -0.1659 0.9839
vn 0.0662 -0.1611 0.9847
vn 0.0704 -0.1537 0.9856
vn 0.0786 -0.1438 0.9865
vn 0.0852 -0.1363 0.9870
vn 0.0853 -0.1314 0.9877
vn 0.0828 -0.1320 0.9878
vn 0.0828 -0.1327 0.9877
vn 0.0846 -0.1400 0.9865
vn 0.0801 -0.1547 0.9847
vn 0.0697 -0.1721 0.9826
vn 0.0659 -0.1727 0.9828
vn 0.0659 -0.1734 0.9827
vn 0.0658 -0.1740 0.9825
vn 0.0657 -0.1746 0.9824
vn -0.0646 -0.1456 0.9872
vn -0.0646 -0.1443 0.9874
vn -0.0646 -0.1470 0.9870
vn -0.0647 -0.1484 0.9868
vn -0.0647 -0.1498 0.9866
vn -0.0648 -0.1512 0.9864
vn -0.0826 -0.1576 0.9840
vn -0.1031 -0.1654 0.9808
vn -0.1041 -0.1700 0.9799
vn -0.0872 -0.1718 0.9813
vn -0.0589 -0.1617 0.9851
vn 0.0104 -0.1620 0.9867
vn 0.0657 -0.1624 0.9845
vn 0.0657 -0.1632 0.9844
vn 0.0656 -0.1640 0.9843
vn 0.0655 -0.1649 0.9841
vn 0.0656 -0.1658 0.9840
vn 0.0657 -0.1598 0.9850
vn 0.0713 -0.1527 0.9857
vn 0.0795 -0.1432 0.9865
vn 0.0846 -0.1362 0.9871
vn 0.0847 -0.1332 0.9875
vn 0.0820 -0.1345 0.9875
vn 0.0821 -0.1380 0.9870
vn 0.0820 -0.1445 0.9861
vn 0.0780 -0.1539 0.9850
vn 0.0696 -0.1633 0.9841
vn 0.0653 -0.1745 0.9825
vn 0.0653 -0.1795 0.9816
vn 0.0649 -0.1812 0.9813
vn 0.0649 -0.1826 0.9810
vn 0.0651 -0.1839 0.9808
vn 0.0652 -0.1852 0.9805
vn -0.0657 -0.1539 0.9859
vn -0.0660 -0.1532 0.9860
vn -0.0658 -0.1547 0.9858
vn -0.0658 -0.1555 0.9856
vn -0.0659 -0.1562 0.9855
vn -0.0712 -0.1571 0.9850
vn -0.0889 -0.2129 0.9730
vn -0.1054 -0.1722 0.9794
vn -0.1034 -0.1705 0.9799
vn -0.0826 -0.1633 0.9831
vn -0.0576 -0.1604 0.9854
vn 0.0081 -0.1636 0.9865
vn 0.0649 -0.1651 0.9841
vn 0.0647 -0.1671 0.9838
vn 0.0643 -0.1693 0.9835
vn 0.0644 -0.1711 0.9832
vn 0.0714 -0.1610 0.9844
vn 0.0796 -0.1493 0.9856
vn 0.0832 -0.1423 0.9863
vn 0.0831 -0.1420 0.9864
vn 0.0804 -0.1444 0.9863
vn 0.0803 -0.1489 0.9856
vn 0.0801 -0.1579 0.9842
vn 0.0745 -0.1683 0.9829
vn 0.0662 -0.1786 0.9817
vn 0.0632 -0.1889 0.9800
vn 0.0630 -0.1955 0.9787
vn 0.0627 -0.1980 0.9782
vn 0.0626 -0.2005 0.9777
vn 0.0625 -0.2030 0.9772
vn 0.0624 -0.2055 0.9767
vn 0.0622 -0.2081 0.9761
vn 0.0622 -0.2106 0.9756
vn -0.0660 -0.1636 0.9843
vn -0.0660 -0.1635 0.9843
vn -0.0661 -0.1636 0.9843
vn -0.0660 -0.1670 0.9837
vn -0.1194 -0.2897 0.9496
vn -0.0944 -0.3178 0.9434
vn -0.0593 -0.1795 0.9820
vn -0.0946 -0.1744 0.9801
vn -0.0764 -0.1626 0.9837
vn -0.0587 -0.1626 0.9849
vn 0.0053 -0.1652 0.9863
vn 0.0618 -0.1677 0.9839
vn 0.0616 -0.1706 0.9834
vn 0.0616 -0.1735 0.9829
vn 0.0738 -0.1670 0.9832
vn 0.0878 -0.1535 0.9842
vn 0.0846 -0.1475 0.9854
vn 0.0787 -0.1477 0.9859
vn 0.0776 -0.1532 0.9851
vn 0.0773 -0.1642 0.9834
vn 0.0702 -0.1752 0.9820
vn 0.0619 -0.1859 0.9806
vn 0.0603 -0.1967 0.9786
vn 0.0601 -0.2023 0.9775
vn 0.0600 -0.2051 0.9769
vn 0.0598 -0.2080 0.9763
vn 0.0597 -0.2108 0.9757
vn 0.0596 -0.2136 0.9751
vn 0.0594 -0.2165 0.9745
vn 0.0593 -0.2193 0.9739
vn 0.0591 -0.2221 0.9732
vn 0.0590 -0.2249 0.9726
vn -0.0658 -0.1647 0.9841
vn -0.0658 -0.1649 0.9841
vn -0.0658 -0.1645 0.9842
vn -0.0688 -0.2043 0.9765
vn -0.1921 -0.3043 0.9330
vn -0.2152 -0.3813 0.8990
vn 0.0291 -0.3284 0.9441
vn 0.0495 -0.2484 0.9674
vn -0.0864 -0.1728 0.9812
vn -0.0700 -0.1627 0.9842
vn -0.0596 -0.1626 0.9849
vn 0.0028 -0.1435 0.9896
vn 0.0591 -0.1476 0.9873
vn 0.0589 -0.1520 0.9866
vn 0.0681 -0.1517 0.9861
vn 0.0848 -0.1433 0.9860
vn 0.0915 -0.1469 0.9849
vn 0.0857 -0.1526 0.9846
vn 0.0772 -0.1597 0.9841
vn 0.0661 -0.1706 0.9831
vn 0.0578 -0.1816 0.9817
vn 0.0576 -0.1924 0.9796
vn 0.0575 -0.1964 0.9788
vn 0.0573 -0.1994 0.9782
vn 0.0572 -0.2022 0.9777
vn 0.0570 -0.2051 0.9771
vn 0.0569 -0.2079 0.9765
vn 0.0568 -0.2107 0.9759
vn 0.0566 -0.2135 0.9753
vn 0.0565 -0.2164 0.9747
vn 0.0564 -0.2192 0.9740
vn 0.0562 -0.2221 0.9734
vn 0.0560 -0.2249 0.9728
vn -0.0656 -0.1647 0.9842
vn -0.0655 -0.1649 0.9841
vn -0.1054 -0.2313 0.9672
vn -0.2095 -0.3129 0.9264
vn -0.2526 -0.3687 0.8946
vn -0.1396 -0.2914 0.9464
vn 0.0654 -0.2309 0.9708
vn 0.1067 -0.2651 0.9583
vn -0.0051 -0.1924 0.9813
vn -0.0655 -0.1627 0.9845
vn -0.0387 -0.1535 0.9874
vn 0.0208 -0.1008 0.9947
vn 0.0534 -0.1036 0.9932
vn 0.0579 -0.1070 0.9926
vn 0.0707 -0.1112 0.9913
vn 0.0789 -0.1234 0.9892
vn 0.0784 -0.1435 0.9865
vn 0.0716 -0.1634 0.9840
vn 0.0601 -0.1771 0.9823
vn 0.0549 -0.1878 0.9807
vn 0.0548 -0.1907 0.9801
vn 0.0546 -0.1936 0.9796
vn 0.0545 -0.1964 0.9790
vn 0.0543 -0.1993 0.9784
vn 0.0542 -0.2021 0.9779
vn 0.0540 -0.2050 0.9773
vn 0.0539 -0.2078 0.9767
vn 0.0538 -0.2107 0.9761
vn 0.0537 -0.2135 0.9755
vn 0.0535 -0.2163 0.9749
vn 0.0534 -0.2191 0.9742
vn 0.0533 -0.2220 0.9736
vn 0.0532 -0.2247 0.9730
vn -0.1327 -0.2492 0.9593
vn -0.0653 -0.1650 0.9841
vn -0.2191 -0.3140 0.9238
vn -0.2238 -0.3296 0.9172
vn -0.1689 -0.2278 0.9589
vn -0.0643 -0.1052 0.9924
vn 0.0618 -0.0901 0.9940
vn 0.0913 -0.1677 0.9816
vn 0.0230 -0.1821 0.9830
vn -0.0300 -0.1635 0.9861
vn 0.0034 -0.1122 0.9937
vn 0.0535 -0.0796 0.9954
vn 0.0531 -0.0802 0.9954
vn 0.0515 -0.0937 0.9943
vn 0.0516 -0.1110 0.9925
vn 0.0523 -0.1374 0.9891
vn 0.0508 -0.1632 0.9853
vn 0.0512 -0.1771 0.9829
vn 0.0521 -0.1848 0.9814
vn 0.0519 -0.1877 0.9808
vn 0.0518 -0.1906 0.9803
vn 0.0516 -0.1935 0.9797
vn 0.0515 -0.1964 0.9792
vn 0.0514 -0.1992 0.9786
vn 0.0512 -0.2021 0.9780
vn 0.0511 -0.2049 0.9774
vn 0.0510 -0.2077 0.9769
vn 0.0508 -0.2106 0.9763
vn 0.0507 -0.2134 0.9756
vn 0.0506 -0.2163 0.9750
vn 0.0504 -0.2191 0.9744
vn 0.0503 -0.2219 0.9738
vn 0.0502 -0.2247 0.9731
vn -0.2214 -0.3032 0.9268
vn -0.1524 -0.2278 0.9617
vn -0.1962 -0.2855 0.9381
vn -0.1210 -0.1722 0.9776
vn -0.0283 -0.0642 0.9975
vn -0.0005 -0.0000 1.0000
vn 0.0024 -0.0001 1.0000
vn 0.0167 -0.0625 0.9979
vn -0.0000 -0.1019 0.9948
vn 0.0058 -0.1105 0.9939
vn 0.0463 -0.0790 0.9958
vn 0.0527 -0.1121 0.9923
vn 0.0392 -0.1151 0.9926
vn 0.0269 -0.1333 0.9907
vn 0.0261 -0.1513 0.9881
vn 0.0254 -0.1730 0.9846
vn 0.0377 -0.1801 0.9829
vn 0.0492 -0.1819 0.9821
vn 0.0491 -0.1848 0.9815
vn 0.0489 -0.1877 0.9810
vn 0.0488 -0.1906 0.9805
vn 0.0487 -0.1934 0.9799
vn 0.0485 -0.1963 0.9793
vn 0.0484 -0.1991 0.9788
vn 0.0483 -0.2020 0.9782
vn 0.0481 -0.2048 0.9776
vn 0.0480 -0.2077 0.9770
vn 0.0479 -0.2105 0.9764
vn 0.0477 -0.2134 0.9758
vn 0.0476 -0.2162 0.9752
vn 0.0475 -0.2190 0.9746
vn 0.0473 -0.2219 0.9739
vn 0.0473 -0.2246 0.9733
vn -0.2001 -0.1281 0.9714
vn -0.2171 -0.1614 0.9627
vn -0.0856 -0.0903 0.9922
vn -0.0036 -0.0284 0.9996
vn -0.0000 -0.0000 1.0000
vn -0.0094 -0.0030 1.0000
vn -0.0251 -0.0167 0.9995
vn -0.0073 -0.0251 0.9997
vn 0.0018 -0.0716 0.9974
vn 0.0171 -0.1543 0.9879
vn 0.0313 -0.1581 0.9869
vn 0.0145 -0.1606 0.9869
vn 0.0107 -0.1691 0.9855
vn 0.0224 -0.1784 0.9837
vn 0.0413 -0.1790 0.9830
vn 0.0462 -0.1818 0.9822
vn 0.0461 -0.1847 0.9817
vn 0.0460 -0.1876 0.9812
vn 0.0458 -0.1905 0.9806
vn 0.0457 -0.1934 0.9801
vn 0.0456 -0.1962 0.9795
vn 0.0454 -0.1991 0.9789
vn 0.0453 -0.2020 0.9783
vn 0.0452 -0.2048 0.9778
vn 0.0451 -0.2076 0.9772
vn 0.0449 -0.2105 0.9766
vn 0.0448 -0.2133 0.9760
vn 0.0447 -0.2161 0.9753
vn 0.0445 -0.2190 0.9747
vn 0.0444 -0.2218 0.9741
vn 0.0443 -0.2246 0.9735
vn -0.1601 -0.0166 0.9870
vn -0.1208 -0.0992 0.9877
vn -0.1049 -0.0098 0.9944
vn -0.0327 -0.0012 0.9995
vn -0.0001 -0.0001 1.0000
vn -0.0004 -0.0004 1.0000
vn -0.0220 0.0095 0.9997
vn -0.0491 0.0251 0.9985
vn -0.0843 -0.0386 0.9957
vn -0.0351 -0.1182 0.9924
vn 0.0325 -0.1674 0.9854
vn 0.0156 -0.1620 0.9867
vn 0.0077 -0.1649 0.9863
vn 0.0150 -0.1678 0.9857
vn 0.0342 -0.1789 0.9833
vn 0.0432 -0.1817 0.9824
vn 0.0431 -0.1846 0.9819
vn 0.0430 -0.1875 0.9813
vn 0.0429 -0.1904 0.9808
vn 0.0427 -0.1933 0.9802
vn 0.0426 -0.1961 0.9796
vn 0.0425 -0.1990 0.9791
vn 0.0424 -0.2019 0.9785
vn 0.0422 -0.2047 0.9779
vn 0.0421 -0.2076 0.9773
vn 0.0419 -0.2104 0.9767
vn 0.0418 -0.2132 0.9761
vn 0.0417 -0.2161 0.9755
vn 0.0416 -0.2189 0.9749
vn 0.0414 -0.2217 0.9742
vn 0.0413 -0.2245 0.9736
vn -0.1134 -0.1436 0.9831
vn -0.0731 -0.1669 0.9833
vn -0.0702 -0.0857 0.9939
vn 0.0063 -0.0338 0.9994
vn 0.0008 -0.0066 1.0000
vn -0.0555 0.0220 0.9982
vn -0.1409 -0.0014 0.9900
vn -0.1129 -0.0334 0.9930
vn -0.0134 -0.1283 0.9916
vn 0.0170 -0.1619 0.9867
vn 0.0047 -0.1648 0.9863
vn 0.0078 -0.1676 0.9858
vn 0.0268 -0.1746 0.9843
vn 0.0402 -0.1817 0.9825
vn 0.0401 -0.1845 0.9820
vn 0.0400 -0.1874 0.9815
vn 0.0399 -0.1903 0.9809
vn 0.0398 -0.1932 0.9804
vn 0.0396 -0.1960 0.9798
vn 0.0395 -0.1989 0.9792
vn 0.0394 -0.2018 0.9786
vn 0.0393 -0.2046 0.9781
vn 0.0391 -0.2075 0.9775
vn 0.0390 -0.2103 0.9769
vn 0.0389 -0.2131 0.9762
vn 0.0388 -0.2160 0.9756
vn 0.0386 -0.2188 0.9750
vn 0.0385 -0.2216 0.9744
vn 0.0384 -0.2244 0.9737
vn -0.0773 -0.1745 0.9816
vn -0.0985 -0.1646 0.9814
vn 0.0067 -0.1175 0.9931
vn 0.0463 -0.1090 0.9930
vn 0.0333 -0.0686 0.9971
vn 0.0062 -0.0000 1.0000
vn -0.0503 -0.0872 0.9949
vn -0.1377 -0.1374 0.9809
vn -0.1586 -0.1759 0.9715
vn -0.0956 -0.1664 0.9814
vn -0.0215 -0.1632 0.9864
vn 0.0017 -0.1629 0.9866
vn 0.0050 -0.1601 0.9871
vn 0.0196 -0.1607 0.9868
vn 0.0331 -0.1764 0.9838
vn 0.0372 -0.1845 0.9821
vn 0.0370 -0.1874 0.9816
vn 0.0369 -0.1902 0.9810
vn 0.0368 -0.1931 0.9805
vn 0.0367 -0.1960 0.9799
vn 0.0365 -0.1988 0.9794
vn 0.0364 -0.2017 0.9788
vn 0.0363 -0.2046 0.9782
vn 0.0362 -0.2074 0.9776
vn 0.0360 -0.2102 0.9770
vn 0.0359 -0.2131 0.9764
vn 0.0358 -0.2159 0.9758
vn 0.0357 -0.2188 0.9751
vn 0.0355 -0.2216 0.9745
vn 0.0354 -0.2244 0.9739
vn -0.0653 -0.1340 0.9888
vn -0.0807 -0.1649 0.9830
vn -0.0025 -0.1488 0.9889
vn 0.0544 -0.2038 0.9775
vn 0.1074 -0.1999 0.9739
vn 0.0678 -0.1005 0.9926
vn -0.0000 -0.0274 0.9996
vn -0.0866 -0.1324 0.9874
vn -0.1860 -0.2475 0.9509
vn -0.2174 -0.3256 0.9202
vn -0.1359 -0.2819 0.9498
vn 0.0022 -0.2053 0.9787
vn 0.0214 -0.1673 0.9857
vn 0.0077 -0.1540 0.9880
vn 0.0100 -0.1503 0.9886
vn 0.0100 -0.1532 0.9881
vn 0.0157 -0.1627 0.9866
vn 0.0288 -0.1788 0.9835
vn 0.0340 -0.1873 0.9817
vn 0.0339 -0.1901 0.9812
vn 0.0338 -0.1930 0.9806
vn 0.0337 -0.1959 0.9800
vn 0.0335 -0.1988 0.9795
vn 0.0334 -0.2016 0.9789
vn 0.0333 -0.2045 0.9783
vn 0.0332 -0.2074 0.9777
vn 0.0331 -0.2102 0.9771
vn 0.0329 -0.2130 0.9765
vn 0.0328 -0.2159 0.9759
vn 0.0327 -0.2187 0.9753
vn 0.0326 -0.2215 0.9746
vn 0.0325 -0.2243 0.9740
vn -0.0608 -0.1333 0.9892
vn -0.0649 -0.1651 0.9841
vn -0.0652 -0.1721 0.9829
vn -0.0079 -0.2133 0.9770
vn 0.1324 -0.3087 0.9419
vn 0.2016 -0.2232 0.9537
vn 0.0734 -0.0730 0.9946
vn -0.1306 -0.1848 0.9741
vn -0.2157 -0.3096 0.9261
vn -0.2462 -0.3346 0.9096
vn -0.1673 -0.2761 0.9465
vn -0.0185 -0.1924 0.9811
vn 0.0292 -0.1669 0.9855
vn 0.0318 -0.1698 0.9850
vn 0.0189 -0.1600 0.9869
vn 0.0058 -0.1493 0.9888
vn 0.0070 -0.1531 0.9882
vn 0.0068 -0.1560 0.9877
vn 0.0117 -0.1647 0.9863
vn 0.0249 -0.1808 0.9832
vn 0.0310 -0.1901 0.9813
vn 0.0308 -0.1930 0.9807
vn 0.0307 -0.1958 0.9802
vn 0.0306 -0.1987 0.9796
vn 0.0305 -0.2015 0.9790
vn 0.0303 -0.2044 0.9784
vn 0.0302 -0.2072 0.9778
vn 0.0301 -0.2101 0.9772
vn 0.0300 -0.2129 0.9766
vn 0.0299 -0.2158 0.9760
vn 0.0297 -0.2186 0.9754
vn 0.0296 -0.2214 0.9747
vn 0.0295 -0.2242 0.9741
vn -0.0721 -0.1734 0.9822
vn -0.0481 -0.1652 0.9851
vn -0.0845 -0.1679 0.9822
vn -0.0946 -0.1938 0.9765
vn 0.0915 -0.2343 0.9678
vn 0.2960 -0.2647 0.9177
vn 0.0428 -0.2468 0.9681
vn -0.2362 -0.3534 0.9051
vn -0.2413 -0.3385 0.9095
vn -0.1459 -0.2646 0.9533
vn -0.0632 -0.1626 0.9847
vn -0.0207 -0.1627 0.9865
vn 0.0256 -0.1667 0.9857
vn 0.0288 -0.1698 0.9851
vn 0.0287 -0.1726 0.9846
vn 0.0169 -0.1634 0.9864
vn 0.0035 -0.1530 0.9882
vn 0.0038 -0.1559 0.9878
vn 0.0037 -0.1589 0.9873
vn 0.0077 -0.1668 0.9860
vn 0.0213 -0.1838 0.9827
vn 0.0279 -0.1929 0.9808
vn 0.0278 -0.1958 0.9803
vn 0.0276 -0.1986 0.9797
vn 0.0275 -0.2015 0.9791
vn 0.0274 -0.2043 0.9785
vn 0.0272 -0.2071 0.9779
vn 0.0271 -0.2100 0.9773
vn 0.0270 -0.2129 0.9767
vn 0.0269 -0.2157 0.9761
vn 0.0268 -0.2185 0.9755
vn 0.0266 -0.2213 0.9748
vn 0.0266 -0.2241 0.9742
vn -0.0634 -0.1846 0.9808
vn -0.0752 -0.1649 0.9834
vn -0.0870 -0.1419 0.9860
vn -0.0778 -0.1766 0.9812
vn 0.0502 -0.1068 0.9930
vn 0.1882 -0.2571 0.9479
vn -0.0258 -0.4037 0.9145
vn -0.2294 -0.3355 0.9137
vn -0.1156 -0.2450 0.9626
vn -0.0629 -0.1629 0.9846
vn -0.0629 -0.1626 0.9847
vn -0.0227 -0.1627 0.9864
vn 0.0220 -0.1666 0.9858
vn 0.0258 -0.1697 0.9852
vn 0.0257 -0.1726 0.9847
vn 0.0256 -0.1755 0.9842
vn 0.0144 -0.1672 0.9858
vn 0.0012 -0.1566 0.9877
vn 0.0007 -0.1588 0.9873
vn -0.0008 -0.1618 0.9868
vn 0.0040 -0.1763 0.9843
vn 0.0186 -0.1928 0.9811
vn 0.0247 -0.1956 0.9804
vn 0.0246 -0.1985 0.9798
vn 0.0245 -0.2014 0.9792
vn 0.0244 -0.2042 0.9786
vn 0.0243 -0.2071 0.9780
vn 0.0242 -0.2099 0.9774
vn 0.0240 -0.2127 0.9768
vn 0.0239 -0.2156 0.9762
vn 0.0238 -0.2184 0.9756
vn 0.0237 -0.2212 0.9749
vn 0.0236 -0.2241 0.9743
vn -0.0490 -0.1582 0.9862
vn -0.0701 -0.1650 0.9838
vn -0.0770 -0.1463 0.9862
vn -0.0596 -0.1365 0.9888
vn 0.0034 -0.1164 0.9932
vn -0.0111 -0.2117 0.9773
vn -0.0483 -0.3513 0.9350
vn -0.0718 -0.2296 0.9706
vn -0.0626 -0.1694 0.9836
vn -0.0627 -0.1628 0.9847
vn -0.0627 -0.1626 0.9847
vn -0.0246 -0.1626 0.9864
vn 0.0184 -0.1665 0.9859
vn 0.0228 -0.1696 0.9853
vn 0.0227 -0.1725 0.9848
vn 0.0226 -0.1754 0.9842
vn 0.0225 -0.1783 0.9837
vn 0.0123 -0.1759 0.9843
vn -0.0014 -0.1713 0.9852
vn -0.0103 -0.1758 0.9844
vn -0.0109 -0.1825 0.9832
vn 0.0079 -0.1927 0.9812
vn 0.0218 -0.1956 0.9804
vn 0.0217 -0.1984 0.9799
vn 0.0215 -0.2013 0.9793
vn 0.0214 -0.2042 0.9787
vn 0.0213 -0.2070 0.9781
vn 0.0212 -0.2099 0.9775
vn 0.0211 -0.2127 0.9769
vn 0.0209 -0.2155 0.9763
vn 0.0208 -0.2183 0.9756
vn 0.0207 -0.2212 0.9750
vn 0.0206 -0.2239 0.9744
vn -0.0447 -0.1598 0.9861
vn -0.0676 -0.1650 0.9840
vn -0.0649 -0.1696 0.9834
vn -0.0475 -0.1558 0.9866
vn -0.0276 -0.1561 0.9874
vn -0.0586 -0.1983 0.9784
vn -0.0469 -0.2116 0.9762
vn -0.0466 -0.1924 0.9802
vn -0.0481 -0.1846 0.9816
vn -0.0555 -0.1788 0.9823
vn -0.0624 -0.1713 0.9832
vn -0.0267 -0.1640 0.9861
vn 0.0147 -0.1666 0.9859
vn 0.0198 -0.1710 0.9851
vn 0.0197 -0.1794 0.9836
vn 0.0196 -0.1877 0.9820
vn 0.0141 -0.1960 0.9805
vn 0.0082 -0.2020 0.9793
vn 0.0007 -0.2007 0.9797
vn -0.0122 -0.1988 0.9800
vn -0.0135 -0.1975 0.9802
vn 0.0050 -0.1926 0.9813
vn 0.0188 -0.1955 0.9805
vn 0.0187 -0.1983 0.9800
vn 0.0185 -0.2012 0.9794
vn 0.0184 -0.2040 0.9788
vn 0.0183 -0.2069 0.9782
vn 0.0182 -0.2098 0.9776
vn 0.0181 -0.2126 0.9770
vn 0.0180 -0.2154 0.9764
vn 0.0179 -0.2182 0.9757
vn 0.0178 -0.2211 0.9751
vn 0.0177 -0.2238 0.9745
vn -0.0536 -0.1618 0.9854
vn -0.0642 -0.1632 0.9845
vn -0.0723 -0.1797 0.9811
vn -0.0452 -0.1711 0.9842
vn -0.0406 -0.1793 0.9830
vn -0.0686 -0.1915 0.9791
vn -0.0444 -0.1982 0.9792
vn -0.0444 -0.1961 0.9796
vn -0.0488 -0.1958 0.9794
vn -0.0488 -0.1943 0.9797
vn -0.0464 -0.1865 0.9814
vn -0.0194 -0.1812 0.9832
vn 0.0107 -0.1807 0.9835
vn 0.0096 -0.1867 0.9824
vn 0.0053 -0.1950 0.9808
vn 0.0052 -0.2034 0.9791
vn 0.0076 -0.2116 0.9773
vn 0.0075 -0.2147 0.9766
vn 0.0020 -0.2174 0.9761
vn -0.0070 -0.2143 0.9767
vn -0.0044 -0.2030 0.9792
vn 0.0101 -0.1925 0.9812
vn 0.0158 -0.1953 0.9806
vn 0.0158 -0.1982 0.9800
vn 0.0156 -0.2012 0.9794
vn 0.0155 -0.2039 0.9789
vn 0.0154 -0.2068 0.9783
vn 0.0153 -0.2096 0.9777
vn 0.0153 -0.2124 0.9771
vn 0.0151 -0.2153 0.9764
vn 0.0150 -0.2181 0.9758
vn 0.0149 -0.2209 0.9752
vn 0.0147 -0.2238 0.9745
vt 0.015625 0.015625
vt 0.045898 0.015625
vt 0.045898 0.045898
vt 0.015625 0.045898
vt 0.076172 0.015625
vt 0.076172 0.045898
vt 0.106445 0.015625
vt 0.106445 0.045898
vt 0.136719 0.015625
vt 0.136719 0.045898
vt 0.166992 0.015625
vt 0.166992 0.045898
vt 0.197266 0.015625
vt 0.197266 0.045898
vt 0.227539 0.015625
vt 0.227539 0.045898
vt 0.257812 0.015625
vt 0.257812 0.045898
vt 0.288086 0.015625
vt 0.288086 0.045898
vt 0.318359 0.015625
vt 0.318359 0.045898
vt 0.348633 0.015625
vt 0.348633 0.045898
vt 0.378906 0.015625
vt 0.378906 0.045898
vt 0.409180 0.015625
vt 0.409180 0.045898
vt 0.439453 0.015625
vt 0.439453 0.045898
vt 0.469727 0.015625
vt 0.469727 0.045898
vt 0.500000 0.015625
vt 0.500000 0.045898
vt 0.530273 0.015625
vt 0.530273 0.045898
vt 0.560547 0.015625
vt 0.560547 0.045898
vt 0.590820 0.015625
vt 0.590820 0.045898
vt 0.621094 0.015625
vt 0.621094 0.045898
vt 0.651367 0.015625
vt 0.651367 0.045898
vt 0.681641 0.015625
vt 0.681641 0.045898
vt 0.711914 0.015625
vt 0.711914 0.045898
vt 0.742188 0.015625
vt 0.742188 0.045898
vt 0.772461 0.015625
vt 0.772461 0.045898
vt 0.802734 0.015625
vt 0.802734 0.045898
vt 0.833008 0.015625
vt 0.833008 0.045898
vt 0.863281 0.015625
vt 0.863281 0.045898
vt 0.893555 0.015625
vt 0.893555 0.045898
vt 0.923828 0.015625
vt 0.923828 0.045898
vt 0.954102 0.015625
vt 0.954102 0.045898
vt 0.984375 0.015625
vt 0.984375 0.045898
vt 0.045898 0.076172
vt 0.015625 0.076172
vt 0.076172 0.076172
vt 0.106445 0.076172
vt 0.136719 0.076172
vt 0.166992 0.076172
vt 0.197266 0.076172
vt 0.227539 0.076172
vt 0.257812 0.076172
vt 0.288086 0.076172
vt 0.318359 0.076172
vt 0.348633 0.076172
vt 0.378906 0.076172
vt 0.409180 0.076172
vt 0.439453 0.076172
vt 0.469727 0.076172
vt 0.500000 0.076172
vt 0.530273 0.076172
vt 0.560547 0.076172
vt 0.590820 0.076172
vt 0.621094 0.076172
vt 0.651367 0.076172
vt 0.681641 0.076172
vt 0.711914 0.076172
vt 0.742188 0.076172
vt 0.772461 0.076172
vt 0.802734 0.076172
vt 0.833008 0.076172
vt 0.863281 0.076172
vt 0.893555 0.076172
vt 0.923828 0.076172
vt 0.954102 0.076172
vt 0.984375 0.076172
vt 0.045898 0.106445
vt 0.015625 0.106445
vt 0.076172 0.106445
vt 0.106445 0.106445
vt 0.136719 0.106445
vt 0.166992 0.106445
vt 0.197266 0.106445
vt 0.227539 0.106445
vt 0.257812 0.106445
vt 0.288086 0.106445
vt 0.318359 0.106445
vt 0.348633 0.106445
vt 0.378906 0.106445
vt 0.409180 0.106445
vt 0.439453 0.106445
vt 0.469727 0.106445
vt 0.500000 0.106445
vt 0.530273 0.106445
vt 0.560547 0.106445
vt 0.590820 0.106445
vt 0.621094 0.106445
vt 0.651367 0.106445
vt 0.681641 0.106445
vt 0.711914 0.106445
vt 0.742188 0.106445
vt 0.772461 0.106445
vt 0.802734 0.106445
vt 0.833008 0.106445
vt 0.863281 0.106445
vt 0.893555 0.106445
vt 0.923828 0.106445
vt 0.954102 0.106445
vt 0.984375 0.106445
vt 0.045898 0.136719
vt 0.015625 0.136719
vt 0.076172 0.136719
vt 0.106445 0.136719
vt 0.136719 0.136719
vt 0.166992 0.136719
vt 0.197266 0.136719
vt 0.227539 0.136719
vt 0.257812 0.136719
vt 0.288086 0.136719
vt 0.318359 0.136719
vt 0.348633 0.136719
vt 0.378906 0.136719
vt 0.409180 0.136719
vt 0.439453 0.136719
vt 0.469727 0.136719
vt 0.500000 0.136719
vt 0.530273 0.136719
vt 0.560547 0.136719
vt 0.590820 0.136719
vt 0.621094 0.136719
vt 0.651367 0.136719
vt 0.681641 0.136719
vt 0.711914 0.136719
vt 0.742188 0.136719
vt 0.772461 0.136719
vt 0.802734 0.136719
vt 0.833008 0.136719
vt 0.863281 0.136719
vt 0.893555 0.136719
vt 0.923828 0.136719
vt 0.954102 0.136719
vt 0.984375 0.136719
vt 0.045898 0.166992
vt 0.015625 0.166992
vt 0.076172 0.166992
vt 0.106445 0.166992
vt 0.136719 0.166992
vt 0.166992 0.166992
vt 0.197266 0.166992
vt 0.227539 0.166992
vt 0.257812 0.166992
vt 0.288086 0.166992
vt 0.318359 0.166992
vt 0.348633 0.166992
vt 0.378906 0.166992
vt 0.409180 0.166992
vt 0.439453 0.166992
vt 0.469727 0.166992
vt 0.500000 0.166992
vt 0.530273 0.166992
vt 0.560547 0.166992
vt 0.590820 0.166992
vt 0.621094 0.166992
vt 0.651367 0.166992
vt 0.681641 0.166992
vt 0.711914 0.166992
vt 0.742188 0.166992
vt 0.772461 0.166992
vt 0.802734 0.166992
vt 0.833008 0.166992
vt 0.863281 0.166992
vt 0.893555 0.166992
vt 0.923828 0.166992
vt 0.954102 0.166992
vt 0.984375 0.166992
vt 0.045898 0.197266
vt 0.015625 0.197266
vt 0.076172 0.197266
vt 0.106445 0.197266
vt 0.136719 0.197266
vt 0.166992 0.197266
vt 0.197266 0.197266
vt 0.227539 0.197266
vt 0.257812 0.197266
vt 0.288086 0.197266
vt 0.318359 0.197266
vt 0.348633 0.197266
vt 0.378906 0.197266
vt 0.409180 0.197266
vt 0.439453 0.197266
vt 0.469727 0.197266
vt 0.500000 0.197266
vt 0.530273 0.197266
vt 0.560547 0.197266
vt 0.590820 0.197266
vt 0.621094 0.197266
vt 0.651367 0.197266
vt 0.681641 0.197266
vt 0.711914 0.197266
vt 0.742188 0.197266
vt 0.772461 0.197266
vt 0.802734 0.197266
vt 0.833008 0.197266
vt 0.863281 0.197266
vt 0.893555 0.197266
vt 0.923828 0.197266
vt 0.954102 0.197266
vt 0.984375 0.197266
vt 0.045898 0.227539
vt 0.015625 0.227539
vt 0.076172 0.227539
vt 0.106445 0.227539
vt 0.136719 0.227539
vt 0.166992 0.227539
vt 0.197266 0.227539
vt 0.227539 0.227539
vt 0.257812 0.227539
vt 0.288086 0.227539
vt 0.318359 0.227539
vt 0.348633 0.227539
vt 0.378906 0.227539
vt 0.409180 0.227539
vt 0.439453 0.227539
vt 0.469727 0.227539
vt 0.500000 0.227539
vt 0.530273 0.227539
vt 0.560547 0.227539
vt 0.590820 0.227539
vt 0.621094 0.227539
vt 0.651367 0.227539
vt 0.681641 0.227539
vt 0.711914 0.227539
vt 0.742188 0.227539
vt 0.772461 0.227539
vt 0.802734 0.227539
vt 0.833008 0.227539
vt 0.863281 0.227539
vt 0.893555 0.227539
vt 0.923828 0.227539
vt 0.954102 0.227539
vt 0.984375 0.227539
vt 0.045898 0.257812
vt 0.015625 0.257812
vt 0.076172 0.257812
vt 0.106445 0.257812
vt 0.136719 0.257812
vt 0.166992 0.257812
vt 0.197266 0.257812
vt 0.227539 0.257812
vt 0.257812 0.257812
vt 0.288086 0.257812
vt 0.318359 0.257812
vt 0.348633 0.257812
vt 0.378906 0.257812
vt 0.409180 0.257812
vt 0.439453 0.257812
vt 0.469727 0.257812
vt 0.500000 0.257812
vt 0.530273 0.257812
vt 0.560547 0.257812
vt 0.590820 0.257812
vt 0.621094 0.257812
vt 0.651367 0.257812
vt 0.681641 0.257812
vt 0.711914 0.257812
vt 0.742188 0.257812
vt 0.772461 0.257812
vt 0.802734 0.257812
vt 0.833008 0.257812
vt 0.863281 0.257812
vt 0.893555 0.257812
vt 0.923828 0.257812
vt 0.954102 0.257812
vt 0.984375 0.257812
vt 0.045898 0.288086
vt 0.015625 0.288086
vt 0.076172 0.288086
vt 0.106445 0.288086
vt 0.136719 0.288086
vt 0.166992 0.288086
vt 0.197266 0.288086
vt 0.227539 0.288086
vt 0.257812 0.288086
vt 0.288086 0.288086
vt 0.318359 0.288086
vt 0.348633 0.288086
vt 0.378906 0.288086
vt 0.409180 0.288086
vt 0.439453 0.288086
vt 0.469727 0.288086
vt 0.500000 0.288086
vt 0.530273 0.288086
vt 0.560547 0.288086
vt 0.590820 0.288086
vt 0.621094 0.288086
vt 0.651367 0.288086
vt 0.681641 0.288086
vt 0.711914 0.288086
vt 0.742188 0.288086
vt 0.772461 0.288086
vt 0.802734 0.288086
vt 0.833008 0.288086
vt 0.863281 0.288086
vt 0.893555 0.288086
vt 0.923828 0.288086
vt 0.954102 0.288086
vt 0.984375 0.288086
vt 0.045898 0.318359
vt 0.015625 0.318359
vt 0.076172 0.318359
vt 0.106445 0.318359
vt 0.136719 0.318359
vt 0.166992 0.318359
vt 0.197266 0.318359
vt 0.227539 0.318359
vt 0.257812 0.318359
vt 0.288086 0.318359
vt 0.318359 0.318359
vt 0.348633 0.318359
vt 0.378906 0.318359
vt 0.409180 0.318359
vt 0.439453 0.318359
vt 0.469727 0.318359
vt 0.500000 0.318359
vt 0.530273 0.318359
vt 0.560547 0.318359
vt 0.590820 0.318359
vt 0.621094 0.318359
vt 0.651367 0.318359
vt 0.681641 0.318359
vt 0.711914 0.318359
vt 0.742188 0.318359
vt 0.772461 0.318359
vt 0.802734 0.318359
vt 0.833008 0.318359
vt 0.863281 0.318359
vt 0.893555 0.318359
vt 0.923828 0.318359
vt 0.954102 0.318359
vt 0.984375 0.318359
vt 0.045898 0.348633
vt 0.015625 0.348633
vt 0.076172 0.348633
vt 0.106445 0.348633
vt 0.136719 0.348633
vt 0.166992 0.348633
vt 0.197266 0.348633
vt 0.227539 0.348633
vt 0.257812 0.348633
vt 0.288086 0.348633
vt 0.318359 0.348633
vt 0.348633 0.348633
vt 0.378906 0.348633
vt 0.409180 0.348633
vt 0.439453 0.348633
vt 0.469727 0.348633
vt 0.500000 0.348633
vt 0.530273 0.348633
vt 0.560547 0.348633
vt 0.590820 0.348633
vt 0.621094 0.348633
vt 0.651367 0.348633
vt 0.681641 0.348633
vt 0.711914 0.348633
vt 0.742188 0.348633
vt 0.772461 0.348633
vt 0.802734 0.348633
vt 0.833008 0.348633
vt 0.863281 0.348633
vt 0.893555 0.348633
vt 0.923828 0.348633
vt 0.954102 0.348633
vt 0.984375 0.348633
vt 0.045898 0.378906
vt 0.015625 0.378906
vt 0.076172 0.378906
vt 0.106445 0.378906
vt 0.136719 0.378906
vt 0.166992 0.378906
vt 0.197266 0.378906
vt 0.227539 0.378906
vt 0.257812 0.378906
vt 0.288086 0.378906
vt 0.318359 0.378906
vt 0.348633 0.378906
vt 0.378906 0.378906
vt 0.409180 0.378906
vt 0.439453 0.378906
vt 0.469727 0.378906
vt 0.500000 0.378906
vt 0.530273 0.378906
vt 0.560547 0.378906
vt 0.590820 0.378906
vt 0.621094 0.378906
vt 0.651367 0.378906
vt 0.681641 0.378906
vt 0.711914 0.378906
vt 0.742188 0.378906
vt 0.772461 0.378906
vt 0.802734 0.378906
vt 0.833008 0.378906
vt 0.863281 0.378906
vt 0.893555 0.378906
vt 0.923828 0.378906
vt 0.954102 0.378906
vt 0.984375 0.378906
vt 0.045898 0.409180
vt 0.015625 0.409180
vt 0.076172 0.409180
vt 0.106445 0.409180
vt 0.136719 0.409180
vt 0.166992 0.409180
vt 0.197266 0.409180
vt 0.227539 0.409180
vt 0.257812 0.409180
vt 0.288086 0.409180
vt 0.318359 0.409180
vt 0.348633 0.409180
vt 0.378906 0.409180
vt 0.409180 0.409180
vt 0.439453 0.409180
vt 0.469727 0.409180
vt 0.500000 0.409180
vt 0.530273 0.409180
vt 0.560547 0.409180
vt 0.590820 0.409180
vt 0.621094 0.409180
vt 0.651367 0.409180
vt 0.681641 0.409180
vt 0.711914 0.409180
vt 0.742188 0.409180
vt 0.772461 0.409180
vt 0.802734 0.409180
vt 0.833008 0.409180
vt 0.863281 0.409180
vt 0.893555 0.409180
vt 0.923828 0.409180
vt 0.954102 0.409180
vt 0.984375 0.409180
vt 0.045898 0.439453
vt 0.015625 0.439453
vt 0.076172 0.439453
vt 0.106445 0.439453
vt 0.136719 0.439453
vt 0.166992 0.439453
vt 0.197266 0.439453
vt 0.227539 0.439453
vt 0.257812 0.439453
vt 0.288086 0.439453
vt 0.318359 0.439453
vt 0.348633 0.439453
vt 0.378906 0.439453
vt 0.409180 0.439453
vt 0.439453 0.439453
vt 0.469727 0.439453
vt 0.500000 0.439453
vt 0.530273 0.439453
vt 0.560547 0.439453
vt 0.590820 0.439453
vt 0.621094 0.439453
vt 0.651367 0.439453
vt 0.681641 0.439453
vt 0.711914 0.439453
vt 0.742188 0.439453
vt 0.772461 0.439453
vt 0.802734 0.439453
vt 0.833008 0.439453
vt 0.863281 0.439453
vt 0.893555 0.439453
vt 0.923828 0.439453
vt 0.954102 0.439453
vt 0.984375 0.439453
vt 0.045898 0.469727
vt 0.015625 0.469727
vt 0.076172 0.469727
vt 0.106445 0.469727
vt 0.136719 0.469727
vt 0.166992 0.469727
vt 0.197266 0.469727
vt 0.227539 0.469727
vt 0.257812 0.469727
vt 0.288086 0.469727
vt 0.318359 0.469727
vt 0.348633 0.469727
vt 0.378906 0.469727
vt 0.409180 0.469727
vt 0.439453 0.469727
vt 0.469727 0.469727
vt 0.500000 0.469727
vt 0.530273 0.469727
vt 0.560547 0.469727
vt 0.590820 0.469727
vt 0.621094 0.469727
vt 0.651367 0.469727
vt 0.681641 0.469727
vt 0.711914 0.469727
vt 0.742188 0.469727
vt 0.772461 0.469727
vt 0.802734 0.469727
vt 0.833008 0.469727
vt 0.863281 0.469727
vt 0.893555 0.469727
vt 0.923828 0.469727
vt 0.954102 0.469727
vt 0.984375 0.469727
vt 0.045898 0.500000
vt 0.015625 0.500000
vt 0.076172 0.500000
vt 0.106445 0.500000
vt 0.136719 0.500000
vt 0.166992 0.500000
vt 0.197266 0.500000
vt 0.227539 0.500000
vt 0.257812 0.500000
vt 0.288086 0.500000
vt 0.318359 0.500000
vt 0.348633 0.500000
vt 0.378906 0.500000
vt 0.409180 0.500000
vt 0.439453 0.500000
vt 0.469727 0.500000
vt 0.500000 0.500000
vt 0.530273 0.500000
vt 0.560547 0.500000
vt 0.590820 0.500000
vt 0.621094 0.500000
vt 0.651367 0.500000
vt 0.681641 0.500000
vt 0.711914 0.500000
vt 0.742188 0.500000
vt 0.772461 0.500000
vt 0.802734 0.500000
vt 0.833008 0.500000
vt 0.863281 0.500000
vt 0.893555 0.500000
vt 0.923828 0.500000
vt 0.954102 0.500000
vt 0.984375 0.500000
vt 0.045898 0.530273
vt 0.015625 0.530273
vt 0.076172 0.530273
vt 0.106445 0.530273
vt 0.136719 0.530273
vt 0.166992 0.530273
vt 0.197266 0.530273
vt 0.227539 0.530273
vt 0.257812 0.530273
vt 0.288086 0.530273
vt 0.318359 0.530273
vt 0.348633 0.530273
vt 0.378906 0.530273
vt 0.409180 0.530273
vt 0.439453 0.530273
vt 0.469727 0.530273
vt 0.500000 0.530273
vt 0.530273 0.530273
vt 0.560547 0.530273
vt 0.590820 0.530273
vt 0.621094 0.530273
vt 0.651367 0.530273
vt 0.681641 0.530273
vt 0.711914 0.530273
vt 0.742188 0.530273
vt 0.772461 0.530273
vt 0.802734 0.530273
vt 0.833008 0.530273
vt 0.863281 0.530273
vt 0.893555 0.530273
vt 0.923828 0.530273
vt 0.954102 0.530273
vt 0.984375 0.530273
vt 0.045898 0.560547
vt 0.015625 0.560547
vt 0.076172 0.560547
vt 0.106445 0.560547
vt 0.136719 0.560547
vt 0.166992 0.560547
vt 0.197266 0.560547
vt 0.227539 0.560547
vt 0.257812 0.560547
vt 0.288086 0.560547
vt 0.318359 0.560547
vt 0.348633 0.560547
vt 0.378906 0.560547
vt 0.409180 0.560547
vt 0.439453 0.560547
vt 0.469727 0.560547
vt 0.500000 0.560547
vt 0.530273 0.560547
vt 0.560547 0.560547
vt 0.590820 0.560547
vt 0.621094 0.560547
vt 0.651367 0.560547
vt 0.681641 0.560547
vt 0.711914 0.560547
vt 0.742188 0.560547
vt 0.772461 0.560547
vt 0.802734 0.560547
vt 0.833008 0.560547
vt 0.863281 0.560547
vt 0.893555 0.560547
vt 0.923828 0.560547
vt 0.954102 0.560547
vt 0.984375 0.560547
vt 0.045898 0.590820
vt 0.015625 0.590820
vt 0.076172 0.590820
vt 0.106445 0.590820
vt 0.136719 0.590820
vt 0.166992 0.590820
vt 0.197266 0.590820
vt 0.227539 0.590820
vt 0.257812 0.590820
vt 0.288086 0.590820
vt 0.318359 0.590820
vt 0.348633 0.590820
vt 0.378906 0.590820
vt 0.409180 0.590820
vt 0.439453 0.590820
vt 0.469727 0.590820
vt 0.500000 0.590820
vt 0.530273 0.590820
vt 0.560547 0.590820
vt 0.590820 0.590820
vt 0.621094 0.590820
vt 0.651367 0.590820
vt 0.681641 0.590820
vt 0.711914 0.590820
vt 0.742188 0.590820
vt 0.772461 0.590820
vt 0.802734 0.590820
vt 0.833008 0.590820
vt 0.863281 0.590820
vt 0.893555 0.590820
vt 0.923828 0.590820
vt 0.954102 0.590820
vt 0.984375 0.590820
vt 0.045898 0.621094
vt 0.015625 0.621094
vt 0.076172 0.621094
vt 0.106445 0.621094
vt 0.136719 0.621094
vt 0.166992 0.621094
vt 0.197266 0.621094
vt 0.227539 0.621094
vt 0.257812 0.621094
vt 0.288086 0.621094
vt 0.318359 0.621094
vt 0.348633 0.621094
vt 0.378906 0.621094
vt 0.409180 0.621094
vt 0.439453 0.621094
vt 0.469727 0.621094
vt 0.500000 0.621094
vt 0.530273 0.621094
vt 0.560547 0.621094
vt 0.590820 0.621094
vt 0.621094 0.621094
vt 0.651367 0.621094
vt 0.681641 0.621094
vt 0.711914 0.621094
vt 0.742188 0.621094
vt 0.772461 0.621094
vt 0.802734 0.621094
vt 0.833008 0.621094
vt 0.863281 0.621094
vt 0.893555 0.621094
vt 0.923828 0.621094
vt 0.954102 0.621094
vt 0.984375 0.621094
vt 0.045898 0.651367
vt 0.015625 0.651367
vt 0.076172 0.651367
vt 0.106445 0.651367
vt 0.136719 0.651367
vt 0.166992 0.651367
vt 0.197266 0.651367
vt 0.227539 0.651367
vt 0.257812 0.651367
vt 0.288086 0.651367
vt 0.318359 0.651367
vt 0.348633 0.651367
vt 0.378906 0.651367
vt 0.409180 0.651367
vt 0.439453 0.651367
vt 0.469727 0.651367
vt 0.500000 0.651367
vt 0.530273 0.651367
vt 0.560547 0.651367
vt 0.590820 0.651367
vt 0.621094 0.651367
vt 0.651367 0.651367
vt 0.681641 0.651367
vt 0.711914 0.651367
vt 0.742188 0.651367
vt 0.772461 0.651367
vt 0.802734 0.651367
vt 0.833008 0.651367
vt 0.863281 0.651367
vt 0.893555 0.651367
vt 0.923828 0.651367
vt 0.954102 0.651367
vt 0.984375 0.651367
vt 0.045898 0.681641
vt 0.015625 0.681641
vt 0.076172 0.681641
vt 0.106445 0.681641
vt 0.136719 0.681641
vt 0.166992 0.681641
vt 0.197266 0.681641
vt 0.227539 0.681641
vt 0.257812 0.681641
vt 0.288086 0.681641
vt 0.318359 0.681641
vt 0.348633 0.681641
vt 0.378906 0.681641
vt 0.409180 0.681641
vt 0.439453 0.681641
vt 0.469727 0.681641
vt 0.500000 0.681641
vt 0.530273 0.681641
vt 0.560547 0.681641
vt 0.590820 0.681641
vt 0.621094 0.681641
vt 0.651367 0.681641
vt 0.681641 0.681641
vt 0.711914 0.681641
vt 0.742188 0.681641
vt 0.772461 0.681641
vt 0.802734 0.681641
vt 0.833008 0.681641
vt 0.863281 0.681641
vt 0.893555 0.681641
vt 0.923828 0.681641
vt 0.954102 0.681641
vt 0.984375 0.681641
vt 0.045898 0.711914
vt 0.015625 0.711914
vt 0.076172 0.711914
vt 0.106445 0.711914
vt 0.136719 0.711914
vt 0.166992 0.711914
vt 0.197266 0.711914
vt 0.227539 0.711914
vt 0.257812 0.711914
vt 0.288086 0.711914
vt 0.318359 0.711914
vt 0.348633 0.711914
vt 0.378906 0.711914
vt 0.409180 0.711914
vt 0.439453 0.711914
vt 0.469727 0.711914
vt 0.500000 0.711914
vt 0.530273 0.711914
vt 0.560547 0.711914
vt 0.590820 0.711914
vt 0.621094 0.711914
vt 0.651367 0.711914
vt 0.681641 0.711914
vt 0.711914 0.711914
vt 0.742188 0.711914
vt 0.772461 0.711914
vt 0.802734 0.711914
vt 0.833008 0.711914
vt 0.863281 0.711914
vt 0.893555 0.711914
vt 0.923828 0.711914
vt 0.954102 0.711914
vt 0.984375 0.711914
vt 0.045898 0.742188
vt 0.015625 0.742188
vt 0.076172 0.742188
vt 0.106445 0.742188
vt 0.136719 0.742188
vt 0.166992 0.742188
vt 0.197266 0.742188
vt 0.227539 0.742188
vt 0.257812 0.742188
vt 0.288086 0.742188
vt 0.318359 0.742188
vt 0.348633 0.742188
vt 0.378906 0.742188
vt 0.409180 0.742188
vt 0.439453 0.742188
vt 0.469727 0.742188
vt 0.500000 0.742188
vt 0.530273 0.742188
vt 0.560547 0.742188
vt 0.590820 0.742188
vt 0.621094 0.742188
vt 0.651367 0.742188
vt 0.681641 0.742188
vt 0.711914 0.742188
vt 0.742188 0.742188
vt 0.772461 0.742188
vt 0.802734 0.742188
vt 0.833008 0.742188
vt 0.863281 0.742188
vt 0.893555 0.742188
vt 0.923828 0.742188
vt 0.954102 0.742188
vt 0.984375 0.742188
vt 0.045898 0.772461
vt 0.015625 0.772461
vt 0.076172 0.772461
vt 0.106445 0.772461
vt 0.136719 0.772461
vt 0.166992 0.772461
vt 0.197266 0.772461
vt 0.227539 0.772461
vt 0.257812 0.772461
vt 0.288086 0.772461
vt 0.318359 0.772461
vt 0.348633 0.772461
vt 0.378906 0.772461
vt 0.409180 0.772461
vt 0.439453 0.772461
vt 0.469727 0.772461
vt 0.500000 0.772461
vt 0.530273 0.772461
vt 0.560547 0.772461
vt 0.590820 0.772461
vt 0.621094 0.772461
vt 0.651367 0.772461
vt 0.681641 0.772461
vt 0.711914 0.772461
vt 0.742188 0.772461
vt 0.772461 0.772461
vt 0.802734 0.772461
vt 0.833008 0.772461
vt 0.863281 0.772461
vt 0.893555 0.772461
vt 0.923828 0.772461
vt 0.954102 0.772461
vt 0.984375 0.772461
vt 0.045898 0.802734
vt 0.015625 0.802734
vt 0.076172 0.802734
vt 0.106445 0.802734
vt 0.136719 0.802734
vt 0.166992 0.802734
vt 0.197266 0.802734
vt 0.227539 0.802734
vt 0.257812 0.802734
vt 0.288086 0.802734
vt 0.318359 0.802734
vt 0.348633 0.802734
vt 0.378906 0.802734
vt 0.409180 0.802734
vt 0.439453 0.802734
vt 0.469727 0.802734
vt 0.500000 0.802734
vt 0.530273 0.802734
vt 0.560547 0.802734
vt 0.590820 0.802734
vt 0.621094 0.802734
vt 0.651367 0.802734
vt 0.681641 0.802734
vt 0.711914 0.802734
vt 0.742188 0.802734
vt 0.772461 0.802734
vt 0.802734 0.802734
vt 0.833008 0.802734
vt 0.863281 0.802734
vt 0.893555 0.802734
vt 0.923828 0.802734
vt 0.954102 0.802734
vt 0.984375 0.802734
vt 0.045898 0.833008
vt 0.015625 0.833008
vt 0.076172 0.833008
vt 0.106445 0.833008
vt 0.136719 0.833008
vt 0.166992 0.833008
vt 0.197266 0.833008
vt 0.227539 0.833008
vt 0.257812 0.833008
vt 0.288086 0.833008
vt 0.318359 0.833008
vt 0.348633 0.833008
vt 0.378906 0.833008
vt 0.409180 0.833008
vt 0.439453 0.833008
vt 0.469727 0.833008
vt 0.500000 0.833008
vt 0.530273 0.833008
vt 0.560547 0.833008
vt 0.590820 0.833008
vt 0.621094 0.833008
vt 0.651367 0.833008
vt 0.681641 0.833008
vt 0.711914 0.833008
vt 0.742188 0.833008
vt 0.772461 0.833008
vt 0.802734 0.833008
vt 0.833008 0.833008
vt 0.863281 0.833008
vt 0.893555 0.833008
vt 0.923828 0.833008
vt 0.954102 0.833008
vt 0.984375 0.833008
vt 0.045898 0.863281
vt 0.015625 0.863281
vt 0.076172 0.863281
vt 0.106445 0.863281
vt 0.136719 0.863281
vt 0.166992 0.863281
vt 0.197266 0.863281
vt 0.227539 0.863281
vt 0.257812 0.863281
vt 0.288086 0.863281
vt 0.318359 0.863281
vt 0.348633 0.863281
vt 0.378906 0.863281
vt 0.409180 0.863281
vt 0.439453 0.863281
vt 0.469727 0.863281
vt 0.500000 0.863281
vt 0.530273 0.863281
vt 0.560547 0.863281
vt 0.590820 0.863281
vt 0.621094 0.863281
vt 0.651367 0.863281
vt 0.681641 0.863281
vt 0.711914 0.863281
vt 0.742188 0.863281
vt 0.772461 0.863281
vt 0.802734 0.863281
vt 0.833008 0.863281
vt 0.863281 0.863281
vt 0.893555 0.863281
vt 0.923828 0.863281
vt 0.954102 0.863281
vt 0.984375 0.863281
vt 0.045898 0.893555
vt 0.015625 0.893555
vt 0.076172 0.893555
vt 0.106445 0.893555
vt 0.136719 0.893555
vt 0.166992 0.893555
vt 0.197266 0.893555
vt 0.227539 0.893555
vt 0.257812 0.893555
vt 0.288086 0.893555
vt 0.318359 0.893555
vt 0.348633 0.893555
vt 0.378906 0.893555
vt 0.409180 0.893555
vt 0.439453 0.893555
vt 0.469727 0.893555
vt 0.500000 0.893555
vt 0.530273 0.893555
vt 0.560547 0.893555
vt 0.590820 0.893555
vt 0.621094 0.893555
vt 0.651367 0.893555
vt 0.681641 0.893555
vt 0.711914 0.893555
vt 0.742188 0.893555
vt 0.772461 0.893555
vt 0.802734 0.893555
vt 0.833008 0.893555
vt 0.863281 0.893555
vt 0.893555 0.893555
vt 0.923828 0.893555
vt 0.954102 0.893555
vt 0.984375 0.893555
vt 0.045898 0.923828
vt 0.015625 0.923828
vt 0.076172 0.923828
vt 0.106445 0.923828
vt 0.136719 0.923828
vt 0.166992 0.923828
vt 0.197266 0.923828
vt 0.227539 0.923828
vt 0.257812 0.923828
vt 0.288086 0.923828
vt 0.318359 0.923828
vt 0.348633 0.923828
vt 0.378906 0.923828
vt 0.409180 0.923828
vt 0.439453 0.923828
vt 0.469727 0.923828
vt 0.500000 0.923828
vt 0.530273 0.923828
vt 0.560547 0.923828
vt 0.590820 0.923828
vt 0.621094 0.923828
vt 0.651367 0.923828
vt 0.681641 0.923828
vt 0.711914 0.923828
vt 0.742188 0.923828
vt 0.772461 0.923828
vt 0.802734 0.923828
vt 0.833008 0.923828
vt 0.863281 0.923828
vt 0.893555 0.923828
vt 0.923828 0.923828
vt 0.954102 0.923828
vt 0.984375 0.923828
vt 0.045898 0.954102
vt 0.015625 0.954102
vt 0.076172 0.954102
vt 0.106445 0.954102
vt 0.136719 0.954102
vt 0.166992 0.954102
vt 0.197266 0.954102
vt 0.227539 0.954102
vt 0.257812 0.954102
vt 0.288086 0.954102
vt 0.318359 0.954102
vt 0.348633 0.954102
vt 0.378906 0.954102
vt 0.409180 0.954102
vt 0.439453 0.954102
vt 0.469727 0.954102
vt 0.500000 0.954102
vt 0.530273 0.954102
vt 0.560547 0.954102
vt 0.590820 0.954102
vt 0.621094 0.954102
vt 0.651367 0.954102
vt 0.681641 0.954102
vt 0.711914 0.954102
vt 0.742188 0.954102
vt 0.772461 0.954102
vt 0.802734 0.954102
vt 0.833008 0.954102
vt 0.863281 0.954102
vt 0.893555 0.954102
vt 0.923828 0.954102
vt 0.954102 0.954102
vt 0.984375 0.954102
vt 0.045898 0.984375
vt 0.015625 0.984375
vt 0.076172 0.984375
vt 0.106445 0.984375
vt 0.136719 0.984375
vt 0.166992 0.984375
vt 0.197266 0.984375
vt 0.227539 0.984375
vt 0.257812 0.984375
vt 0.288086 0.984375
vt 0.318359 0.984375
vt 0.348633 0.984375
vt 0.378906 0.984375
vt 0.409180 0.984375
vt 0.439453 0.984375
vt 0.469727 0.984375
vt 0.500000 0.984375
vt 0.530273 0.984375
vt 0.560547 0.984375
vt 0.590820 0.984375
vt 0.621094 0.984375
vt 0.651367 0.984375
vt 0.681641 0.984375
vt 0.711914 0.984375
vt 0.742188 0.984375
vt 0.772461 0.984375
vt 0.802734 0.984375
vt 0.833008 0.984375
vt 0.863281 0.984375
vt 0.893555 0.984375
vt 0.923828 0.984375
vt 0.954102 0.984375
vt 0.984375 0.984375
s 1
f 1/1/1 2/2/2 35/3/3
f 1/1/1 35/3/3 34/4/4
f 2/2/2 3/5/5 36/6/6
f 2/2/2 36/6/6 35/3/3
f 3/5/5 4/7/7 37/8/8
f 3/5/5 37/8/8 36/6/6
f 4/7/7 5/9/9 38/10/10
f 4/7/7 38/10/10 37/8/8
f 5/9/9 6/11/11 39/12/12
f 5/9/9 39/12/12 38/10/10
f 6/11/11 7/13/13 40/14/14
f 6/11/11 40/14/14 39/12/12
f 7/13/13 8/15/15 41/16/16
f 7/13/13 41/16/16 40/14/14
f 8/15/15 9/17/17 42/18/18
f 8/15/15 42/18/18 41/16/16
f 9/17/17 10/19/19 43/20/20
f 9/17/17 43/20/20 42/18/18
f 10/19/19 11/21/21 44/22/22
f 10/19/19 44/22/22 43/20/20
f 11/21/21 12/23/23 45/24/24
f 11/21/21 45/24/24 44/22/22
f 12/23/23 13/25/25 46/26/26
f 12/23/23 46/26/26 45/24/24
f 13/25/25 14/27/27 47/28/28
f 13/25/25 47/28/28 46/26/26
f 14/27/27 15/29/29 48/30/30
f 14/27/27 48/30/30 47/28/28
f 15/29/29 16/31/31 49/32/32
f 15/29/29 49/32/32 48/30/30
f 16/31/31 17/33/33 50/34/34
f 16/31/31 50/34/34 49/32/32
f 17/33/33 18/35/35 51/36/36
f 17/33/33 51/36/36 50/34/34
f 18/35/35 19/37/37 52/38/38
f 18/35/35 52/38/38 51/36/36
f 19/37/37 20/39/39 53/40/40
f 19/37/37 53/40/40 52/38/38
f 20/39/39 21/41/41 54/42/42
f 20/39/39 54/42/42 53/40/40
f 21/41/41 22/43/43 55/44/44
f 21/41/41 55/44/44 54/42/42
f 22/43/43 23/45/45 56/46/46
f 22/43/43 56/46/46 55/44/44
f 23/45/45 24/47/47 57/48/48
f 23/45/45 57/48/48 56/46/46
f 24/47/47 25/49/49 58/50/50
f 24/47/47 58/50/50 57/48/48
f 25/49/49 26/51/51 59/52/52
f 25/49/49 59/52/52 58/50/50
f 26/51/51 27/53/53 60/54/54
f 26/51/51 60/54/54 59/52/52
f 27/53/53 28/55/55 61/56/56
f 27/53/53 61/56/56 60/54/54
f 28/55/55 29/57/57 62/58/58
f 28/55/55 62/58/58 61/56/56
f 29/57/57 30/59/59 63/60/60
f 29/57/57 63/60/60 62/58/58
f 30/59/59 31/61/61 64/62/62
f 30/59/59 64/62/62 63/60/60
f 31/61/61 32/63/63 65/64/64
f 31/61/61 65/64/64 64/62/62
f 32/63/63 33/65/65 66/66/66
f 32/63/63 66/66/66 65/64/64
f 34/4/4 35/3/3 68/67/67
f 34/4/4 68/67/67 67/68/68
f 35/3/3 36/6/6 69/69/69
f 35/3/3 69/69/69 68/67/67
f 36/6/6 37/8/8 70/70/70
f 36/6/6 70/70/70 69/69/69
f 37/8/8 38/10/10 71/71/71
f 37/8/8 71/71/71 70/70/70
f 38/10/10 39/12/12 72/72/72
f 38/10/10 72/72/72 71/71/71
f 39/12/12 40/14/14 73/73/73
f 39/12/12 73/73/73 72/72/72
f 40/14/14 41/16/16 74/74/74
f 40/14/14 74/74/74 73/73/73
f 41/16/16 42/18/18 75/75/75
f 41/16/16 75/75/75 74/74/74
f 42/18/18 43/20/20 76/76/76
f 42/18/18 76/76/76 75/75/75
f 43/20/20 44/22/22 77/77/77
f 43/20/20 77/77/77 76/76/76
f 44/22/22 45/24/24 78/78/78
f 44/22/22 78/78/78 77/77/77
f 45/24/24 46/26/26 79/79/79
f 45/24/24 79/79/79 78/78/78
f 46/26/26 47/28/28 80/80/80
f 46/26/26 80/80/80 79/79/79
f 47/28/28 48/30/30 81/81/81
f 47/28/28 81/81/81 80/80/80
f 48/30/30 49/32/32 82/82/82
f 48/30/30 82/82/82 81/81/81
f 49/32/32 50/34/34 83/83/83
f 49/32/32 83/83/83 82/82/82
f 50/34/34 51/36/36 84/84/84
f 50/34/34 84/84/84 83/83/83
f 51/36/36 52/38/38 85/85/85
f 51/36/36 85/85/85 84/84/84
f 52/38/38 53/40/40 86/86/86
f 52/38/38 86/86/86 85/85/85
f 53/40/40 54/42/42 87/87/87
f 53/40/40 87/87/87 86/86/86
f 54/42/42 55/44/44 88/88/88
f 54/42/42 88/88/88 87/87/87
f 55/44/44 56/46/46 89/89/89
f 55/44/44 89/89/89 88/88/88
f 56/46/46 57/48/48 90/90/90
f 56/46/46 90/90/90 89/89/89
f 57/48/48 58/50/50 91/91/91
f 57/48/48 91/91/91 90/90/90
f 58/50/50 59/52/52 92/92/92
f 58/50/50 92/92/92 91/91/91
f 59/52/52 60/54/54 93/93/93
f 59/52/52 93/93/93 92/92/92
f 60/54/54 61/56/56 94/94/94
f 60/54/54 94/94/94 93/93/93
f 61/56/56 62/58/58 95/95/95
f 61/56/56 95/95/95 94/94/94
f 62/58/58 63/60/60 96/96/96
f 62/58/58 96/96/96 95/95/95
f 63/60/60 64/62/62 97/97/97
f 63/60/60 97/97/97 96/96/96
f 64/62/62 65/64/64 98/98/98
f 64/62/62 98/98/98 97/97/97
f 65/64/64 66/66/66 99/99/99
f 65/64/64 99/99/99 98/98/98
f 67/68/68 68/67/67 101/100/100
f 67/68/68 101/100/100 100/101/101
f 68/67/67 69/69/69 102/102/102
f 68/67/67 102/102/102 101/100/100
f 69/69/69 70/70/70 103/103/103
f 69/69/69 103/103/103 102/102/102
f 70/70/70 71/71/71 104/104/104
f 70/70/70 104/104/104 103/103/103
f 71/71/71 72/72/72 105/105/105
f 71/71/71 105/105/105 104/104/104
f 72/72/72 73/73/73 106/106/106
f 72/72/72 106/106/106 105/105/105
f 73/73/73 74/74/74 107/107/107
f 73/73/73 107/107/107 106/106/106
f 74/74/74 75/75/75 108/108/108
f 74/74/74 108/108/108 107/107/107
f 75/75/75 76/76/76 109/109/109
f 75/75/75 109/109/109 108/108/108
f 76/76/76 77/77/77 110/110/110
f 76/76/76 110/110/110 109/109/109
f 77/77/77 78/78/78 111/111/111
f 77/77/77 111/111/111 110/110/110
f 78/78/78 79/79/79 112/112/112
f 78/78/78 112/112/112 111/111/111
f 79/79/79 80/80/80 113/113/113
f 79/79/79 113/113/113 112/112/112
f 80/80/80 81/81/81 114/114/114
f 80/80/80 114/114/114 113/113/113
f 81/81/81 82/82/82 115/115/115
f 81/81/81 115/115/115 114/114/114
f 82/82/82 83/83/83 116/116/116
f 82/82/82 116/116/116 115/115/115
f 83/83/83 84/84/84 117/117/117
f 83/83/83 117/117/117 116/116/116
f 84/84/84 85/85/85 118/118/118
f 84/84/84 118/118/118 117/117/117
f 85/85/85 86/86/86 119/119/119
f 85/85/85 119/119/119 118/118/118
f 86/86/86 87/87/87 120/120/120
f 86/86/86 120/120/120 119/119/119
f 87/87/87 88/88/88 121/121/121
f 87/87/87 121/121/121 120/120/120
f 88/88/88 89/89/89 122/122/122
f 88/88/88 122/122/122 121/121/121
f 89/89/89 90/90/90 123/123/123
f 89/89/89 123/123/123 122/122/122
f 90/90/90 91/91/91 124/124/124
f 90/90/90 124/124/124 123/123/123
f 91/91/91 92/92/92 125/125/125
f 91/91/91 125/125/125 124/124/124
f 92/92/92 93/93/93 126/126/126
f 92/92/92 126/126/126 125/125/125
f 93/93/93 94/94/94 127/127/127
f 93/93/93 127/127/127 126/126/126
f 94/94/94 95/95/95 128/128/128
f 94/94/94 128/128/128 127/127/127
f 95/95/95 96/96/96 129/129/129
f 95/95/95 129/129/129 128/128/128
f 96/96/96 97/97/97 130/130/130
f 96/96/96 130/130/130 129/129/129
f 97/97/97 98/98/98 131/131/131
f 97/97/97 131/131/131 130/130/130
f 98/98/98 99/99/99 132/132/132
f 98/98/98 132/132/132 131/131/131
f 100/101/101 101/100/100 134/133/133
f 100/101/101 134/133/133 133/134/134
f 101/100/100 102/102/102 135/135/135
f 101/100/100 135/135/135 134/133/133
f 102/102/102 103/103/103 136/136/136
f 102/102/102 136/136/136 135/135/135
f 103/103/103 104/104/104 137/137/137
f 103/103/103 137/137/137 136/136/136
f 104/104/104 105/105/105 138/138/138
f 104/104/104 138/138/138 137/137/137
f 105/105/105 106/106/106 139/139/139
f 105/105/105 139/139/139 138/138/138
f 106/106/106 107/107/107 140/140/140
f 106/106/106 140/140/140 139/139/139
f 107/107/107 108/108/108 141/141/141
f 107/107/107 141/141/141 140/140/140
f 108/108/108 109/109/109 142/142/142
f 108/108/108 142/142/142 141/141/141
f 109/109/109 110/110/110 143/143/143
f 109/109/109 143/143/143 142/142/142
f 110/110/110 111/111/111 144/144/144
f 110/110/110 144/144/144 143/143/143
f 111/111/111 112/112/112 145/145/145
f 111/111/111 145/145/145 144/144/144
f 112/112/112 113/113/113 146/146/146
f 112/112/112 146/146/146 145/145/145
f 113/113/113 114/114/114 147/147/147
f 113/113/113 147/147/147 146/146/146
f 114/114/114 115/115/115 148/148/148
f 114/114/114 148/148/148 147/147/147
f 115/115/115 116/116/116 149/149/149
f 115/115/115 149/149/149 148/148/148
f 116/116/116 117/117/117 150/150/150
f 116/116/116 150/150/150 149/149/149
f 117/117/117 118/118/118 151/151/151
f 117/117/117 151/151/151 150/150/150
f 118/118/118 119/119/119 152/152/152
f 118/118/118 152/152/152 151/151/151
f 119/119/119 120/120/120 153/153/153
f 119/119/119 153/153/153 152/152/152
f 120/120/120 121/121/121 154/154/154
f 120/120/120 154/154/154 153/153/153
f 121/121/121 122/122/122 155/155/155
f 121/121/121 155/155/155 154/154/154
f 122/122/122 123/123/123 156/156/156
f 122/122/122 156/156/156 155/155/155
f 123/123/123 124/124/124 157/157/157
f 123/123/123 157/157/157 156/156/156
f 124/124/124 125/125/125 158/158/158
f 124/124/124 158/158/158 157/157/157
f 125/125/125 126/126/126 159/159/159
f 125/125/125 159/159/159 158/158/158
f 126/126/126 127/127/127 160/160/160
f 126/126/126 160/160/160 159/159/159
f 127/127/127 128/128/128 161/161/161
f 127/127/127 161/161/161 160/160/160
f 128/128/128 129/129/129 162/162/162
f 128/128/128 162/162/162 161/161/161
f 129/129/129 130/130/130 163/163/163
f 129/129/129 163/163/163 162/162/162
f 130/130/130 131/131/131 164/164/164
f 130/130/130 164/164/164 163/163/163
f 131/131/131 132/132/132 165/165/165
f 131/131/131 165/165/165 164/164/164
f 133/134/134 134/133/133 167/166/166
f 133/134/134 167/166/166 166/167/167
f 134/133/133 135/135/135 168/168/168
f 134/133/133 168/168/168 167/166/166
f 135/135/135 136/136/136 169/169/169
f 135/135/135 169/169/169 168/168/168
f 136/136/136 137/137/137 170/170/170
f 136/136/136 170/170/170 169/169/169
f 137/137/137 138/138/138 171/171/171
f 137/137/137 171/171/171 170/170/170
f 138/138/138 139/139/139 172/172/172
f 138/138/138 172/172/172 171/171/171
f 139/139/139 140/140/140 173/173/173
f 139/139/139 173/173/173 172/172/172
f 140/140/140 141/141/141 174/174/174
f 140/140/140 174/174/174 173/173/173
f 141/141/141 142/142/142 175/175/175
f 141/141/141 175/175/175 174/174/174
f 142/142/142 143/143/143 176/176/176
f 142/142/142 176/176/176 175/175/175
f 143/143/143 144/144/144 177/177/177
f 143/143/143 177/177/177 176/176/176
f 144/144/144 145/145/145 178/178/178
f 144/144/144 178/178/178 177/177/177
f 145/145/145 146/146/146 179/179/179
f 145/145/145 179/179/179 178/178/178
f 146/146/146 147/147/147 180/180/180
f 146/146/146 180/180/180 179/179/179
f 147/147/147 148/148/148 181/181/181
f 147/147/147 181/181/181 180/180/180
f 148/148/148 149/149/149 182/182/182
f 148/148/148 182/182/182 181/181/181
f 149/149/149 150/150/150 183/183/183
f 149/149/149 183/183/183 182/182/182
f 150/150/150 151/151/151 184/184/184
f 150/150/150 184/184/184 183/183/183
f 151/151/151 152/152/152 185/185/185
f 151/151/151 185/185/185 184/184/184
f 152/152/152 153/153/153 186/186/186
f 152/152/152 186/186/186 185/185/185
f 153/153/153 154/154/154 187/187/187
f 153/153/153 187/187/187 186/186/186
f 154/154/154 155/155/155 188/188/188
f 154/154/154 188/188/188 187/187/187
f 155/155/155 156/156/156 189/189/189
f 155/155/155 189/189/189 188/188/188
f 156/156/156 157/157/157 190/190/190
f 156/156/156 190/190/190 189/189/189
f 157/157/157 158/158/158 191/191/191
f 157/157/157 191/191/191 190/190/190
f 158/158/158 159/159/159 192/192/192
f 158/158/158 192/192/192 191/191/191
f 159/159/159 160/160/160 193/193/193
f 159/159/159 193/193/193 192/192/192
f 160/160/160 161/161/161 194/194/194
f 160/160/160 194/194/194 193/193/193
f 161/161/161 162/162/162 195/195/195
f 161/161/161 195/195/195 194/194/194
f 162/162/162 163/163/163 196/196/196
f 162/162/162 196/196/196 195/195/195
f 163/163/163 164/164/164 197/197/197
f 163/163/163 197/197/197 196/196/196
f 164/164/164 165/165/165 198/198/198
f 164/164/164 198/198/198 197/197/197
f 166/167/167 167/166/166 200/199/199
f 166/167/167 200/199/199 199/200/200
f 167/166/166 168/168/168 201/201/201
f 167/166/166 201/201/201 200/199/199
f 168/168/168 169/169/169 202/202/202
f 168/168/168 202/202/202 201/201/201
f 169/169/169 170/170/170 203/203/203
f 169/169/169 203/203/203 202/202/202
f 170/170/170 171/171/171 204/204/204
f 170/170/170 204/204/204 203/203/203
f 171/171/171 172/172/172 205/205/205
f 171/171/171 205/205/205 204/204/204
f 172/172/172 173/173/173 206/206/206
f 172/172/172 206/206/206 205/205/205
f 173/173/173 174/174/174 207/207/207
f 173/173/173 207/207/207 206/206/206
f 174/174/174 175/175/175 208/208/208
f 174/174/174 208/208/208 207/207/207
f 175/175/175 176/176/176 209/209/209
f 175/175/175 209/209/209 208/208/208
f 176/176/176 177/177/177 210/210/210
f 176/176/176 210/210/210 209/209/209
f 177/177/177 178/178/178 211/211/211
f 177/177/177 211/211/211 210/210/210
f 178/178/178 179/179/179 212/212/212
f 178/178/178 212/212/212 211/211/211
f 179/179/179 180/180/180 213/213/213
f 179/179/179 213/213/213 212/212/212
f 180/180/180 181/181/181 214/214/214
f 180/180/180 214/214/214 213/213/213
f 181/181/181 182/182/182 215/215/215
f 181/181/181 215/215/215 214/214/214
f 182/182/182 183/183/183 216/216/216
f 182/182/182 216/216/216 215/215/215
f 183/183/183 184/184/184 217/217/217
f 183/183/183 217/217/217 216/216/216
f 184/184/184 185/185/185 218/218/218
f 184/184/184 218/218/218 217/217/217
f 185/185/185 186/186/186 219/219/219
f 185/185/185 219/219/219 218/218/218
f 186/186/186 187/187/187 220/220/220
f 186/186/186 220/220/220 219/219/219
f 187/187/187 188/188/188 221/221/221
f 187/187/187 221/221/221 220/220/220
f 188/188/188 189/189/189 222/222/222
f 188/188/188 222/222/222 221/221/221
f 189/189/189 190/190/190 223/223/223
f 189/189/189 223/223/223 222/222/222
f 190/190/190 191/191/191 224/224/224
f 190/190/190 224/224/224 223/223/223
f 191/191/191 192/192/192 225/225/225
f 191/191/191 225/225/225 224/224/224
f 192/192/192 193/193/193 226/226/226
f 192/192/192 226/226/226 225/225/225
f 193/193/193 194/194/194 227/227/227
f 193/193/193 227/227/227 226/226/226
f 194/194/194 195/195/195 228/228/228
f 194/194/194 228/228/228 227/227/227
f 195/195/195 196/196/196 229/229/229
f 195/195/195 229/229/229 228/228/228
f 196/196/196 197/197/197 230/230/230
f 196/196/196 230/230/230 229/229/229
f 197/197/197 198/198/198 231/231/231
f 197/197/197 231/231/231 230/230/230
f 199/200/200 200/199/199 233/232/232
f 199/200/200 233/232/232 232/233/233
f 200/199/199 201/201/201 234/234/234
f 200/199/199 234/234/234 233/232/232
f 201/201/201 202/202/202 235/235/235
f 201/201/201 235/235/235 234/234/234
f 202/202/202 203/203/203 236/236/236
f 202/202/202 236/236/236 235/235/235
f 203/203/203 204/204/204 237/237/237
f 203/203/203 237/237/237 236/236/236
f 204/204/204 205/205/205 238/238/238
f 204/204/204 238/238/238 237/237/237
f 205/205/205 206/206/206 239/239/239
f 205/205/205 239/239/239 238/238/238
f 206/206/206 207/207/207 240/240/240
f 206/206/206 240/240/240 239/239/239
f 207/207/207 208/208/208 241/241/241
f 207/207/207 241/241/241 240/240/240
f 208/208/208 209/209/209 242/242/242
f 208/208/208 242/242/242 241/241/241
f 209/209/209 210/210/210 243/243/243
f 209/209/209 243/243/243 242/242/242
f 210/210/210 211/211/211 244/244/244
f 210/210/210 244/244/244 243/243/243
f 211/211/211 212/212/212 245/245/245
f 211/211/211 245/245/245 244/244/244
f 212/212/212 213/213/213 246/246/246
f 212/212/212 246/246/246 245/245/245
f 213/213/213 214/214/214 247/247/247
f 213/213/213 247/247/247 246/246/246
f 214/214/214 215/215/215 248/248/248
f 214/214/214 248/248/248 247/247/247
f 215/215/215 216/216/216 249/249/249
f 215/215/215 249/249/249 248/248/248
f 216/216/216 217/217/217 250/250/250
f 216/216/216 250/250/250 249/249/249
f 217/217/217 218/218/218 251/251/251
f 217/217/217 251/251/251 250/250/250
f 218/218/218 219/219/219 252/252/252
f 218/218/218 252/252/252 251/251/251
f 219/219/219 220/220/220 253/253/253
f 219/219/219 253/253/253 252/252/252
f 220/220/220 221/221/221 254/254/254
f 220/220/220 254/254/254 253/253/253
f 221/221/221 222/222/222 255/255/255
f 221/221/221 255/255/255 254/254/254
f 222/222/222 223/223/223 256/256/256
f 222/222/222 256/256/256 255/255/255
f 223/223/223 224/224/224 257/257/257
f 223/223/223 257/257/257 256/256/256
f 224/224/224 225/225/225 258/258/258
f 224/224/224 258/258/258 257/257/257
f 225/225/225 226/226/226 259/259/160
f 225/225/225 259/259/160 258/258/258
f 226/226/226 227/227/227 260/260/259
f 226/226/226 260/260/259 259/259/160
f 227/227/227 228/228/228 261/261/260
f 227/227/227 261/261/260 260/260/259
f 228/228/228 229/229/229 262/262/261
f 228/228/228 262/262/261 261/261/260
f 229/229/229 230/230/230 263/263/262
f 229/229/229 263/263/262 262/262/261
f 230/230/230 231/231/231 264/264/263
f 230/230/230 264/264/263 263/263/262
f 232/233/233 233/232/232 266/265/264
f 232/233/233 266/265/264 265/266/265
f 233/232/232 234/234/234 267/267/266
f 233/232/232 267/267/266 266/265/264
f 234/234/234 235/235/235 268/268/267
f 234/234/234 268/268/267 267/267/266
f 235/235/235 236/236/236 269/269/268
f 235/235/235 269/269/268 268/268/267
f 236/236/236 237/237/237 270/270/269
f 236/236/236 270/270/269 269/269/268
f 237/237/237 238/238/238 271/271/270
f 237/237/237 271/271/270 270/270/269
f 238/238/238 239/239/239 272/272/271
f 238/238/238 272/272/271 271/271/270
f 239/239/239 240/240/240 273/273/272
f 239/239/239 273/273/272 272/272/271
f 240/240/240 241/241/241 274/274/273
f 240/240/240 274/274/273 273/273/272
f 241/241/241 242/242/242 275/275/274
f 241/241/241 275/275/274 274/274/273
f 242/242/242 243/243/243 276/276/275
f 242/242/242 276/276/275 275/275/274
f 243/243/243 244/244/244 277/277/276
f 243/243/243 277/277/276 276/276/275
f 244/244/244 245/245/245 278/278/277
f 244/244/244 278/278/277 277/277/276
f 245/245/245 246/246/246 279/279/278
f 245/245/245 279/279/278 278/278/277
f 246/246/246 247/247/247 280/280/279
f 246/246/246 280/280/279 279/279/278
f 247/247/247 248/248/248 281/281/280
f 247/247/247 281/281/280 280/280/279
f 248/248/248 249/249/249 282/282/281
f 248/248/248 282/282/281 281/281/280
f 249/249/249 250/250/250 283/283/282
f 249/249/249 283/283/282 282/282/281
f 250/250/250 251/251/251 284/284/283
f 250/250/250 284/284/283 283/283/282
f 251/251/251 252/252/252 285/285/284
f 251/251/251 285/285/284 284/284/283
f 252/252/252 253/253/253 286/286/285
f 252/252/252 286/286/285 285/285/284
f 253/253/253 254/254/254 287/287/286
f 253/253/253 287/287/286 286/286/285
f 254/254/254 255/255/255 288/288/287
f 254/254/254 288/288/287 287/287/286
f 255/255/255 256/256/256 289/289/288
f 255/255/255 289/289/288 288/288/287
f 256/256/256 257/257/257 290/290/289
f 256/256/256 290/290/289 289/289/288
f 257/257/257 258/258/258 291/291/290
f 257/257/257 291/291/290 290/290/289
f 258/258/258 259/259/160 292/292/291
f 258/258/258 292/292/291 291/291/290
f 259/259/160 260/260/259 293/293/292
f 259/259/160 293/293/292 292/292/291
f 260/260/259 261/261/260 294/294/293
f 260/260/259 294/294/293 293/293/292
f 261/261/260 262/262/261 295/295/294
f 261/261/260 295/295/294 294/294/293
f 262/262/261 263/263/262 296/296/295
f 262/262/261 296/296/295 295/295/294
f 263/263/262 264/264/263 297/297/296
f 263/263/262 297/297/296 296/296/295
f 265/266/265 266/265/264 299/298/297
f 265/266/265 299/298/297 298/299/298
f 266/265/264 267/267/266 300/300/299
f 266/265/264 300/300/299 299/298/297
f 267/267/266 268/268/267 301/301/300
f 267/267/266 301/301/300 300/300/299
f 268/268/267 269/269/268 302/302/301
f 268/268/267 302/302/301 301/301/300
f 269/269/268 270/270/269 303/303/302
f 269/269/268 303/303/302 302/302/301
f 270/270/269 271/271/270 304/304/303
f 270/270/269 304/304/303 303/303/302
f 271/271/270 272/272/271 305/305/304
f 271/271/270 305/305/304 304/304/303
f 272/272/271 273/273/272 306/306/305
f 272/272/271 306/306/305 305/305/304
f 273/273/272 274/274/273 307/307/306
f 273/273/272 307/307/306 306/306/305
f 274/274/273 275/275/274 308/308/307
f 274/274/273 308/308/307 307/307/306
f 275/275/274 276/276/275 309/309/308
f 275/275/274 309/309/308 308/308/307
f 276/276/275 277/277/276 310/310/309
f 276/276/275 310/310/309 309/309/308
f 277/277/276 278/278/277 311/311/310
f 277/277/276 311/311/310 310/310/309
f 278/278/277 279/279/278 312/312/311
f 278/278/277 312/312/311 311/311/310
f 279/279/278 280/280/279 313/313/312
f 279/279/278 313/313/312 312/312/311
f 280/280/279 281/281/280 314/314/313
f 280/280/279 314/314/313 313/313/312
f 281/281/280 282/282/281 315/315/314
f 281/281/280 315/315/314 314/314/313
f 282/282/281 283/283/282 316/316/315
f 282/282/281 316/316/315 315/315/314
f 283/283/282 284/284/283 317/317/316
f 283/283/282 317/317/316 316/316/315
f 284/284/283 285/285/284 318/318/317
f 284/284/283 318/318/317 317/317/316
f 285/285/284 286/286/285 319/319/318
f 285/285/284 319/319/318 318/318/317
f 286/286/285 287/287/286 320/320/319
f 286/286/285 320/320/319 319/319/318
f 287/287/286 288/288/287 321/321/320
f 287/287/286 321/321/320 320/320/319
f 288/288/287 289/289/288 322/322/321
f 288/288/287 322/322/321 321/321/320
f 289/289/288 290/290/289 323/323/322
f 289/289/288 323/323/322 322/322/321
f 290/290/289 291/291/290 324/324/323
f 290/290/289 324/324/323 323/323/322
f 291/291/290 292/292/291 325/325/324
f 291/291/290 325/325/324 324/324/323
f 292/292/291 293/293/292 326/326/325
f 292/292/291 326/326/325 325/325/324
f 293/293/292 294/294/293 327/327/326
f 293/293/292 327/327/326 326/326/325
f 294/294/293 295/295/294 328/328/327
f 294/294/293 328/328/327 327/327/326
f 295/295/294 296/296/295 329/329/328
f 295/295/294 329/329/328 328/328/327
f 296/296/295 297/297/296 330/330/329
f 296/296/295 330/330/329 329/329/328
f 298/299/298 299/298/297 332/331/330
f 298/299/298 332/331/330 331/332/331
f 299/298/297 300/300/299 333/333/332
f 299/298/297 333/333/332 332/331/330
f 300/300/299 301/301/300 334/334/333
f 300/300/299 334/334/333 333/333/332
f 301/301/300 302/302/301 335/335/334
f 301/301/300 335/335/334 334/334/333
f 302/302/301 303/303/302 336/336/335
f 302/302/301 336/336/335 335/335/334
f 303/303/302 304/304/303 337/337/336
f 303/303/302 337/337/336 336/336/335
f 304/304/303 305/305/304 338/338/337
f 304/304/303 338/338/337 337/337/336
f 305/305/304 306/306/305 339/339/338
f 305/305/304 339/339/338 338/338/337
f 306/306/305 307/307/306 340/340/339
f 306/306/305 340/340/339 339/339/338
f 307/307/306 308/308/307 341/341/340
f 307/307/306 341/341/340 340/340/339
f 308/308/307 309/309/308 342/342/341
f 308/308/307 342/342/341 341/341/340
f 309/309/308 310/310/309 343/343/342
f 309/309/308 343/343/342 342/342/341
f 310/310/309 311/311/310 344/344/343
f 310/310/309 344/344/343 343/343/342
f 311/311/310 312/312/311 345/345/344
f 311/311/310 345/345/344 344/344/343
f 312/312/311 313/313/312 346/346/345
f 312/312/311 346/346/345 345/345/344
f 313/313/312 314/314/313 347/347/346
f 313/313/312 347/347/346 346/346/345
f 314/314/313 315/315/314 348/348/347
f 314/314/313 348/348/347 347/347/346
f 315/315/314 316/316/315 349/349/348
f 315/315/314 349/349/348 348/348/347
f 316/316/315 317/317/316 350/350/349
f 316/316/315 350/350/349 349/349/348
f 317/317/316 318/318/317 351/351/350
f 317/317/316 351/351/350 350/350/349
f 318/318/317 319/319/318 352/352/351
f 318/318/317 352/352/351 351/351/350
f 319/319/318 320/320/319 353/353/352
f 319/319/318 353/353/352 352/352/351
f 320/320/319 321/321/320 354/354/353
f 320/320/319 354/354/353 353/353/352
f 321/321/320 322/322/321 355/355/354
f 321/321/320 355/355/354 354/354/353
f 322/322/321 323/323/322 356/356/355
f 322/322/321 356/356/355 355/355/354
f 323/323/322 324/324/323 357/357/356
f 323/323/322 357/357/356 356/356/355
f 324/324/323 325/325/324 358/358/357
f 324/324/323 358/358/357 357/357/356
f 325/325/324 326/326/325 359/359/358
f 325/325/324 359/359/358 358/358/357
f 326/326/325 327/327/326 360/360/359
f 326/326/325 360/360/359 359/359/358
f 327/327/326 328/328/327 361/361/360
f 327/327/326 361/361/360 360/360/359
f 328/328/327 329/329/328 362/362/361
f 328/328/327 362/362/361 361/361/360
f 329/329/328 330/330/329 363/363/362
f 329/329/328 363/363/362 362/362/361
f 331/332/331 332/331/330 365/364/363
f 331/332/331 365/364/363 364/365/364
f 332/331/330 333/333/332 366/366/365
f 332/331/330 366/366/365 365/364/363
f 333/333/332 334/334/333 367/367/366
f 333/333/332 367/367/366 366/366/365
f 334/334/333 335/335/334 368/368/367
f 334/334/333 368/368/367 367/367/366
f 335/335/334 336/336/335 369/369/368
f 335/335/334 369/369/368 368/368/367
f 336/336/335 337/337/336 370/370/369
f 336/336/335 370/370/369 369/369/368
f 337/337/336 338/338/337 371/371/370
f 337/337/336 371/371/370 370/370/369
f 338/338/337 339/339/338 372/372/371
f 338/338/337 372/372/371 371/371/370
f 339/339/338 340/340/339 373/373/372
f 339/339/338 373/373/372 372/372/371
f 340/340/339 341/341/340 374/374/373
f 340/340/339 374/374/373 373/373/372
f 341/341/340 342/342/341 375/375/374
f 341/341/340 375/375/374 374/374/373
f 342/342/341 343/343/342 376/376/375
f 342/342/341 376/376/375 375/375/374
f 343/343/342 344/344/343 377/377/376
f 343/343/342 377/377/376 376/376/375
f 344/344/343 345/345/344 378/378/377
f 344/344/343 378/378/377 377/377/376
f 345/345/344 346/346/345 379/379/378
f 345/345/344 379/379/378 378/378/377
f 346/346/345 347/347/346 380/380/379
f 346/346/345 380/380/379 379/379/378
f 347/347/346 348/348/347 381/381/380
f 347/347/346 381/381/380 380/380/379
f 348/348/347 349/349/348 382/382/381
f 348/348/347 382/382/381 381/381/380
f 349/349/348 350/350/349 383/383/382
f 349/349/348 383/383/382 382/382/381
f 350/350/349 351/351/350 384/384/383
f 350/350/349 384/384/383 383/383/382
f 351/351/350 352/352/351 385/385/384
f 351/351/350 385/385/384 384/384/383
f 352/352/351 353/353/352 386/386/385
f 352/352/351 386/386/385 385/385/384
f 353/353/352 354/354/353 387/387/386
f 353/353/352 387/387/386 386/386/385
f 354/354/353 355/355/354 388/388/387
f 354/354/353 388/388/387 387/387/386
f 355/355/354 356/356/355 389/389/388
f 355/355/354 389/389/388 388/388/387
f 356/356/355 357/357/356 390/390/389
f 356/356/355 390/390/389 389/389/388
f 357/357/356 358/358/357 391/391/390
f 357/357/356 391/391/390 390/390/389
f 358/358/357 359/359/358 392/392/391
f 358/358/357 392/392/391 391/391/390
f 359/359/358 360/360/359 393/393/392
f 359/359/358 393/393/392 392/392/391
f 360/360/359 361/361/360 394/394/393
f 360/360/359 394/394/393 393/393/392
f 361/361/360 362/362/361 395/395/394
f 361/361/360 395/395/394 394/394/393
f 362/362/361 363/363/362 396/396/395
f 362/362/361 396/396/395 395/395/394
f 364/365/364 365/364/363 398/397/396
f 364/365/364 398/397/396 397/398/397
f 365/364/363 366/366/365 399/399/398
f 365/364/363 399/399/398 398/397/396
f 366/366/365 367/367/366 400/400/399
f 366/366/365 400/400/399 399/399/398
f 367/367/366 368/368/367 401/401/400
f 367/367/366 401/401/400 400/400/399
f 368/368/367 369/369/368 402/402/401
f 368/368/367 402/402/401 401/401/400
f 369/369/368 370/370/369 403/403/402
f 369/369/368 403/403/402 402/402/401
f 370/370/369 371/371/370 404/404/403
f 370/370/369 404/404/403 403/403/402
f 371/371/370 372/372/371 405/405/404
f 371/371/370 405/405/404 404/404/403
f 372/372/371 373/373/372 406/406/405
f 372/372/371 406/406/405 405/405/404
f 373/373/372 374/374/373 407/407/406
f 373/373/372 407/407/406 406/406/405
f 374/374/373 375/375/374 408/408/407
f 374/374/373 408/408/407 407/407/406
f 375/375/374 376/376/375 409/409/408
f 375/375/374 409/409/408 408/408/407
f 376/376/375 377/377/376 410/410/409
f 376/376/375 410/410/409 409/409/408
f 377/377/376 378/378/377 411/411/410
f 377/377/376 411/411/410 410/410/409
f 378/378/377 379/379/378 412/412/411
f 378/378/377 412/412/411 411/411/410
f 379/379/378 380/380/379 413/413/412
f 379/379/378 413/413/412 412/412/411
f 380/380/379 381/381/380 414/414/413
f 380/380/379 414/414/413 413/413/412
f 381/381/380 382/382/381 415/415/414
f 381/381/380 415/415/414 414/414/413
f 382/382/381 383/383/382 416/416/415
f 382/382/381 416/416/415 415/415/414
f 383/383/382 384/384/383 417/417/416
f 383/383/382 417/417/416 416/416/415
f 384/384/383 385/385/384 418/418/417
f 384/384/383 418/418/417 417/417/416
f 385/385/384 386/386/385 419/419/418
f 385/385/384 419/419/418 418/418/417
f 386/386/385 387/387/386 420/420/415
f 386/386/385 420/420/415 419/419/418
f 387/387/386 388/388/387 421/421/419
f 387/387/386 421/421/419 420/420/415
f 388/388/387 389/389/388 422/422/420
f 388/388/387 422/422/420 421/421/419
f 389/389/388 390/390/389 423/423/421
f 389/389/388 423/423/421 422/422/420
f 390/390/389 391/391/390 424/424/422
f 390/390/389 424/424/422 423/423/421
f 391/391/390 392/392/391 425/425/423
f 391/391/390 425/425/423 424/424/422
f 392/392/391 393/393/392 426/426/424
f 392/392/391 426/426/424 425/425/423
f 393/393/392 394/394/393 427/427/425
f 393/393/392 427/427/425 426/426/424
f 394/394/393 395/395/394 428/428/426
f 394/394/393 428/428/426 427/427/425
f 395/395/394 396/396/395 429/429/427
f 395/395/394 429/429/427 428/428/426
f 397/398/397 398/397/396 431/430/428
f 397/398/397 431/430/428 430/431/429
f 398/397/396 399/399/398 432/432/430
f 398/397/396 432/432/430 431/430/428
f 399/399/398 400/400/399 433/433/431
f 399/399/398 433/433/431 432/432/430
f 400/400/399 401/401/400 434/434/432
f 400/400/399 434/434/432 433/433/431
f 401/401/400 402/402/401 435/435/433
f 401/401/400 435/435/433 434/434/432
f 402/402/401 403/403/402 436/436/434
f 402/402/401 436/436/434 435/435/433
f 403/403/402 404/404/403 437/437/435
f 403/403/402 437/437/435 436/436/434
f 404/404/403 405/405/404 438/438/436
f 404/404/403 438/438/436 437/437/435
f 405/405/404 406/406/405 439/439/437
f 405/405/404 439/439/437 438/438/436
f 406/406/405 407/407/406 440/440/406
f 406/406/405 440/440/406 439/439/437
f 407/407/406 408/408/407 441/441/438
f 407/407/406 441/441/438 440/440/406
f 408/408/407 409/409/408 442/442/439
f 408/408/407 442/442/439 441/441/438
f 409/409/408 410/410/409 443/443/440
f 409/409/408 443/443/440 442/442/439
f 410/410/409 411/411/410 444/444/441
f 410/410/409 444/444/441 443/443/440
f 411/411/410 412/412/411 445/445/442
f 411/411/410 445/445/442 444/444/441
f 412/412/411 413/413/412 446/446/443
f 412/412/411 446/446/443 445/445/442
f 413/413/412 414/414/413 447/447/444
f 413/413/412 447/447/444 446/446/443
f 414/414/413 415/415/414 448/448/445
f 414/414/413 448/448/445 447/447/444
f 415/415/414 416/416/415 449/449/446
f 415/415/414 449/449/446 448/448/445
f 416/416/415 417/417/416 450/450/447
f 416/416/415 450/450/447 449/449/446
f 417/417/416 418/418/417 451/451/448
f 417/417/416 451/451/448 450/450/447
f 418/418/417 419/419/418 452/452/449
f 418/418/417 452/452/449 451/451/448
f 419/419/418 420/420/415 453/453/450
f 419/419/418 453/453/450 452/452/449
f 420/420/415 421/421/419 454/454/451
f 420/420/415 454/454/451 453/453/450
f 421/421/419 422/422/420 455/455/452
f 421/421/419 455/455/452 454/454/451
f 422/422/420 423/423/421 456/456/453
f 422/422/420 456/456/453 455/455/452
f 423/423/421 424/424/422 457/457/454
f 423/423/421 457/457/454 456/456/453
f 424/424/422 425/425/423 458/458/455
f 424/424/422 458/458/455 457/457/454
f 425/425/423 426/426/424 459/459/456
f 425/425/423 459/459/456 458/458/455
f 426/426/424 427/427/425 460/460/457
f 426/426/424 460/460/457 459/459/456
f 427/427/425 428/428/426 461/461/458
f 427/427/425 461/461/458 460/460/457
f 428/428/426 429/429/427 462/462/459
f 428/428/426 462/462/459 461/461/458
f 430/431/429 431/430/428 464/463/460
f 430/431/429 464/463/460 463/464/461
f 431/430/428 432/432/430 465/465/462
f 431/430/428 465/465/462 464/463/460
f 432/432/430 433/433/431 466/466/463
f 432/432/430 466/466/463 465/465/462
f 433/433/431 434/434/432 467/467/464
f 433/433/431 467/467/464 466/466/463
f 434/434/432 435/435/433 468/468/465
f 434/434/432 468/468/465 467/467/464
f 435/435/433 436/436/434 469/469/466
f 435/435/433 469/469/466 468/468/465
f 436/436/434 437/437/435 470/470/467
f 436/436/434 470/470/467 469/469/466
f 437/437/435 438/438/436 471/471/468
f 437/437/435 471/471/468 470/470/467
f 438/438/436 439/439/437 472/472/469
f 438/438/436 472/472/469 471/471/468
f 439/439/437 440/440/406 473/473/470
f 439/439/437 473/473/470 472/472/469
f 440/440/406 441/441/438 474/474/471
f 440/440/406 474/474/471 473/473/470
f 441/441/438 442/442/439 475/475/472
f 441/441/438 475/475/472 474/474/471
f 442/442/439 443/443/440 476/476/473
f 442/442/439 476/476/473 475/475/472
f 443/443/440 444/444/441 477/477/474
f 443/443/440 477/477/474 476/476/473
f 444/444/441 445/445/442 478/478/475
f 444/444/441 478/478/475 477/477/474
f 445/445/442 446/446/443 479/479/476
f 445/445/442 479/479/476 478/478/475
f 446/446/443 447/447/444 480/480/477
f 446/446/443 480/480/477 479/479/476
f 447/447/444 448/448/445 481/481/478
f 447/447/444 481/481/478 480/480/477
f 448/448/445 449/449/446 482/482/479
f 448/448/445 482/482/479 481/481/478
f 449/449/446 450/450/447 483/483/480
f 449/449/446 483/483/480 482/482/479
f 450/450/447 451/451/448 484/484/481
f 450/450/447 484/484/481 483/483/480
f 451/451/448 452/452/449 485/485/482
f 451/451/448 485/485/482 484/484/481
f 452/452/449 453/453/450 486/486/483
f 452/452/449 486/486/483 485/485/482
f 453/453/450 454/454/451 487/487/484
f 453/453/450 487/487/484 486/486/483
f 454/454/451 455/455/452 488/488/485
f 454/454/451 488/488/485 487/487/484
f 455/455/452 456/456/453 489/489/486
f 455/455/452 489/489/486 488/488/485
f 456/456/453 457/457/454 490/490/487
f 456/456/453 490/490/487 489/489/486
f 457/457/454 458/458/455 491/491/488
f 457/457/454 491/491/488 490/490/487
f 458/458/455 459/459/456 492/492/489
f 458/458/455 492/492/489 491/491/488
f 459/459/456 460/460/457 493/493/490
f 459/459/456 493/493/490 492/492/489
f 460/460/457 461/461/458 494/494/491
f 460/460/457 494/494/491 493/493/490
f 461/461/458 462/462/459 495/495/492
f 461/461/458 495/495/492 494/494/491
f 463/464/461 464/463/460 497/496/493
f 463/464/461 497/496/493 496/497/494
f 464/463/460 465/465/462 498/498/495
f 464/463/460 498/498/495 497/496/493
f 465/465/462 466/466/463 499/499/496
f 465/465/462 499/499/496 498/498/495
f 466/466/463 467/467/464 500/500/497
f 466/466/463 500/500/497 499/499/496
f 467/467/464 468/468/465 501/501/498
f 467/467/464 501/501/498 500/500/497
f 468/468/465 469/469/466 502/502/499
f 468/468/465 502/502/499 501/501/498
f 469/469/466 470/470/467 503/503/500
f 469/469/466 503/503/500 502/502/499
f 470/470/467 471/471/468 504/504/501
f 470/470/467 504/504/501 503/503/500
f 471/471/468 472/472/469 505/505/502
f 471/471/468 505/505/502 504/504/501
f 472/472/469 473/473/470 506/506/503
f 472/472/469 506/506/503 505/505/502
f 473/473/470 474/474/471 507/507/504
f 473/473/470 507/507/504 506/506/503
f 474/474/471 475/475/472 508/508/505
f 474/474/471 508/508/505 507/507/504
f 475/475/472 476/476/473 509/509/506
f 475/475/472 509/509/506 508/508/505
f 476/476/473 477/477/474 510/510/507
f 476/476/473 510/510/507 509/509/506
f 477/477/474 478/478/475 511/511/508
f 477/477/474 511/511/508 510/510/507
f 478/478/475 479/479/476 512/512/509
f 478/478/475 512/512/509 511/511/508
f 479/479/476 480/480/477 513/513/510
f 479/479/476 513/513/510 512/512/509
f 480/480/477 481/481/478 514/514/511
f 480/480/477 514/514/511 513/513/510
f 481/481/478 482/482/479 515/515/512
f 481/481/478 515/515/512 514/514/511
f 482/482/479 483/483/480 516/516/513
f 482/482/479 516/516/513 515/515/512
f 483/483/480 484/484/481 517/517/514
f 483/483/480 517/517/514 516/516/513
f 484/484/481 485/485/482 518/518/515
f 484/484/481 518/518/515 517/517/514
f 485/485/482 486/486/483 519/519/516
f 485/485/482 519/519/516 518/518/515
f 486/486/483 487/487/484 520/520/517
f 486/486/483 520/520/517 519/519/516
f 487/487/484 488/488/485 521/521/518
f 487/487/484 521/521/518 520/520/517
f 488/488/485 489/489/486 522/522/519
f 488/488/485 522/522/519 521/521/518
f 489/489/486 490/490/487 523/523/520
f 489/489/486 523/523/520 522/522/519
f 490/490/487 491/491/488 524/524/521
f 490/490/487 524/524/521 523/523/520
f 491/491/488 492/492/489 525/525/522
f 491/491/488 525/525/522 524/524/521
f 492/492/489 493/493/490 526/526/523
f 492/492/489 526/526/523 525/525/522
f 493/493/490 494/494/491 527/527/524
f 493/493/490 527/527/524 526/526/523
f 494/494/491 495/495/492 528/528/525
f 494/494/491 528/528/525 527/527/524
f 496/497/494 497/496/493 530/529/526
f 496/497/494 530/529/526 529/530/527
f 497/496/493 498/498/495 531/531/528
f 497/496/493 531/531/528 530/529/526
f 498/498/495 499/499/496 532/532/529
f 498/498/495 532/532/529 531/531/528
f 499/499/496 500/500/497 533/533/530
f 499/499/496 533/533/530 532/532/529
f 500/500/497 501/501/498 534/534/531
f 500/500/497 534/534/531 533/533/530
f 501/501/498 502/502/499 535/535/532
f 501/501/498 535/535/532 534/534/531
f 502/502/499 503/503/500 536/536/533
f 502/502/499 536/536/533 535/535/532
f 503/503/500 504/504/501 537/537/534
f 503/503/500 537/537/534 536/536/533
f 504/504/501 505/505/502 538/538/535
f 504/504/501 538/538/535 537/537/534
f 505/505/502 506/506/503 539/539/536
f 505/505/502 539/539/536 538/538/535
f 506/506/503 507/507/504 540/540/537
f 506/506/503 540/540/537 539/539/536
f 507/507/504 508/508/505 541/541/538
f 507/507/504 541/541/538 540/540/537
f 508/508/505 509/509/506 542/542/539
f 508/508/505 542/542/539 541/541/538
f 509/509/506 510/510/507 543/543/540
f 509/509/506 543/543/540 542/542/539
f 510/510/507 511/511/508 544/544/541
f 510/510/507 544/544/541 543/543/540
f 511/511/508 512/512/509 545/545/542
f 511/511/508 545/545/542 544/544/541
f 512/512/509 513/513/510 546/546/543
f 512/512/509 546/546/543 545/545/542
f 513/513/510 514/514/511 547/547/544
f 513/513/510 547/547/544 546/546/543
f 514/514/511 515/515/512 548/548/545
f 514/514/511 548/548/545 547/547/544
f 515/515/512 516/516/513 549/549/546
f 515/515/512 549/549/546 548/548/545
f 516/516/513 517/517/514 550/550/547
f 516/516/513 550/550/547 549/549/546
f 517/517/514 518/518/515 551/551/548
f 517/517/514 551/551/548 550/550/547
f 518/518/515 519/519/516 552/552/549
f 518/518/515 552/552/549 551/551/548
f 519/519/516 520/520/517 553/553/550
f 519/519/516 553/553/550 552/552/549
f 520/520/517 521/521/518 554/554/551
f 520/520/517 554/554/551 553/553/550
f 521/521/518 522/522/519 555/555/552
f 521/521/518 555/555/552 554/554/551
f 522/522/519 523/523/520 556/556/553
f 522/522/519 556/556/553 555/555/552
f 523/523/520 524/524/521 557/557/554
f 523/523/520 557/557/554 556/556/553
f 524/524/521 525/525/522 558/558/555
f 524/524/521 558/558/555 557/557/554
f 525/525/522 526/526/523 559/559/556
f 525/525/522 559/559/556 558/558/555
f 526/526/523 527/527/524 560/560/557
f 526/526/523 560/560/557 559/559/556
f 527/527/524 528/528/525 561/561/558
f 527/527/524 561/561/558 560/560/557
f 529/530/527 530/529/526 563/562/559
f 529/530/527 563/562/559 562/563/560
f 530/529/526 531/531/528 564/564/559
f 530/529/526 564/564/559 563/562/559
f 531/531/528 532/532/529 565/565/561
f 531/531/528 565/565/561 564/564/559
f 532/532/529 533/533/530 566/566/562
f 532/532/529 566/566/562 565/565/561
f 533/533/530 534/534/531 567/567/563
f 533/533/530 567/567/563 566/566/562
f 534/534/531 535/535/532 568/568/564
f 534/534/531 568/568/564 567/567/563
f 535/535/532 536/536/533 569/569/565
f 535/535/532 569/569/565 568/568/564
f 536/536/533 537/537/534 570/570/566
f 536/536/533 570/570/566 569/569/565
f 537/537/534 538/538/535 571/571/567
f 537/537/534 571/571/567 570/570/566
f 538/538/535 539/539/536 572/572/568
f 538/538/535 572/572/568 571/571/567
f 539/539/536 540/540/537 573/573/569
f 539/539/536 573/573/569 572/572/568
f 540/540/537 541/541/538 574/574/570
f 540/540/537 574/574/570 573/573/569
f 541/541/538 542/542/539 575/575/571
f 541/541/538 575/575/571 574/574/570
f 542/542/539 543/543/540 576/576/572
f 542/542/539 576/576/572 575/575/571
f 543/543/540 544/544/541 577/577/573
f 543/543/540 577/577/573 576/576/572
f 544/544/541 545/545/542 578/578/574
f 544/544/541 578/578/574 577/577/573
f 545/545/542 546/546/543 579/579/575
f 545/545/542 579/579/575 578/578/574
f 546/546/543 547/547/544 580/580/576
f 546/546/543 580/580/576 579/579/575
f 547/547/544 548/548/545 581/581/577
f 547/547/544 581/581/577 580/580/576
f 548/548/545 549/549/546 582/582/578
f 548/548/545 582/582/578 581/581/577
f 549/549/546 550/550/547 583/583/579
f 549/549/546 583/583/579 582/582/578
f 550/550/547 551/551/548 584/584/580
f 550/550/547 584/584/580 583/583/579
f 551/551/548 552/552/549 585/585/581
f 551/551/548 585/585/581 584/584/580
f 552/552/549 553/553/550 586/586/582
f 552/552/549 586/586/582 585/585/581
f 553/553/550 554/554/551 587/587/583
f 553/553/550 587/587/583 586/586/582
f 554/554/551 555/555/552 588/588/584
f 554/554/551 588/588/584 587/587/583
f 555/555/552 556/556/553 589/589/585
f 555/555/552 589/589/585 588/588/584
f 556/556/553 557/557/554 590/590/586
f 556/556/553 590/590/586 589/589/585
f 557/557/554 558/558/555 591/591/587
f 557/557/554 591/591/587 590/590/586
f 558/558/555 559/559/556 592/592/588
f 558/558/555 592/592/588 591/591/587
f 559/559/556 560/560/557 593/593/589
f 559/559/556 593/593/589 592/592/588
f 560/560/557 561/561/558 594/594/590
f 560/560/557 594/594/590 593/593/589
f 562/563/560 563/562/559 596/595/591
f 562/563/560 596/595/591 595/596/592
f 563/562/559 564/564/559 597/597/593
f 563/562/559 597/597/593 596/595/591
f 564/564/559 565/565/561 598/598/594
f 564/564/559 598/598/594 597/597/593
f 565/565/561 566/566/562 599/599/595
f 565/565/561 599/599/595 598/598/594
f 566/566/562 567/567/563 600/600/596
f 566/566/562 600/600/596 599/599/595
f 567/567/563 568/568/564 601/601/597
f 567/567/563 601/601/597 600/600/596
f 568/568/564 569/569/565 602/602/598
f 568/568/564 602/602/598 601/601/597
f 569/569/565 570/570/566 603/603/599
f 569/569/565 603/603/599 602/602/598
f 570/570/566 571/571/567 604/604/600
f 570/570/566 604/604/600 603/603/599
f 571/571/567 572/572/568 605/605/601
f 571/571/567 605/605/601 604/604/600
f 572/572/568 573/573/569 606/606/602
f 572/572/568 606/606/602 605/605/601
f 573/573/569 574/574/570 607/607/603
f 573/573/569 607/607/603 606/606/602
f 574/574/570 575/575/571 608/608/604
f 574/574/570 608/608/604 607/607/603
f 575/575/571 576/576/572 609/609/605
f 575/575/571 609/609/605 608/608/604
f 576/576/572 577/577/573 610/610/606
f 576/576/572 610/610/606 609/609/605
f 577/577/573 578/578/574 611/611/607
f 577/577/573 611/611/607 610/610/606
f 578/578/574 579/579/575 612/612/608
f 578/578/574 612/612/608 611/611/607
f 579/579/575 580/580/576 613/613/609
f 579/579/575 613/613/609 612/612/608
f 580/580/576 581/581/577 614/614/610
f 580/580/576 614/614/610 613/613/609
f 581/581/577 582/582/578 615/615/611
f 581/581/577 615/615/611 614/614/610
f 582/582/578 583/583/579 616/616/612
f 582/582/578 616/616/612 615/615/611
f 583/583/579 584/584/580 617/617/613
f 583/583/579 617/617/613 616/616/612
f 584/584/580 585/585/581 618/618/614
f 584/584/580 618/618/614 617/617/613
f 585/585/581 586/586/582 619/619/615
f 585/585/581 619/619/615 618/618/614
f 586/586/582 587/587/583 620/620/616
f 586/586/582 620/620/616 619/619/615
f 587/587/583 588/588/584 621/621/617
f 587/587/583 621/621/617 620/620/616
f 588/588/584 589/589/585 622/622/618
f 588/588/584 622/622/618 621/621/617
f 589/589/585 590/590/586 623/623/619
f 589/589/585 623/623/619 622/622/618
f 590/590/586 591/591/587 624/624/620
f 590/590/586 624/624/620 623/623/619
f 591/591/587 592/592/588 625/625/621
f 591/591/587 625/625/621 624/624/620
f 592/592/588 593/593/589 626/626/622
f 592/592/588 626/626/622 625/625/621
f 593/593/589 594/594/590 627/627/623
f 593/593/589 627/627/623 626/626/622
f 595/596/592 596/595/591 629/628/624
f 595/596/592 629/628/624 628/629/625
f 596/595/591 597/597/593 630/630/626
f 596/595/591 630/630/626 629/628/624
f 597/597/593 598/598/594 631/631/627
f 597/597/593 631/631/627 630/630/626
f 598/598/594 599/599/595 632/632/628
f 598/598/594 632/632/628 631/631/627
f 599/599/595 600/600/596 633/633/629
f 599/599/595 633/633/629 632/632/628
f 600/600/596 601/601/597 634/634/630
f 600/600/596 634/634/630 633/633/629
f 601/601/597 602/602/598 635/635/631
f 601/601/597 635/635/631 634/634/630
f 602/602/598 603/603/599 636/636/632
f 602/602/598 636/636/632 635/635/631
f 603/603/599 604/604/600 637/637/633
f 603/603/599 637/637/633 636/636/632
f 604/604/600 605/605/601 638/638/634
f 604/604/600 638/638/634 637/637/633
f 605/605/601 606/606/602 639/639/635
f 605/605/601 639/639/635 638/638/634
f 606/606/602 607/607/603 640/640/636
f 606/606/602 640/640/636 639/639/635
f 607/607/603 608/608/604 641/641/637
f 607/607/603 641/641/637 640/640/636
f 608/608/604 609/609/605 642/642/638
f 608/608/604 642/642/638 641/641/637
f 609/609/605 610/610/606 643/643/639
f 609/609/605 643/643/639 642/642/638
f 610/610/606 611/611/607 644/644/640
f 610/610/606 644/644/640 643/643/639
f 611/611/607 612/612/608 645/645/641
f 611/611/607 645/645/641 644/644/640
f 612/612/608 613/613/609 646/646/642
f 612/612/608 646/646/642 645/645/641
f 613/613/609 614/614/610 647/647/643
f 613/613/609 647/647/643 646/646/642
f 614/614/610 615/615/611 648/648/644
f 614/614/610 648/648/644 647/647/643
f 615/615/611 616/616/612 649/649/645
f 615/615/611 649/649/645 648/648/644
f 616/616/612 617/617/613 650/650/646
f 616/616/612 650/650/646 649/649/645
f 617/617/613 618/618/614 651/651/647
f 617/617/613 651/651/647 650/650/646
f 618/618/614 619/619/615 652/652/648
f 618/618/614 652/652/648 651/651/647
f 619/619/615 620/620/616 653/653/649
f 619/619/615 653/653/649 652/652/648
f 620/620/616 621/621/617 654/654/650
f 620/620/616 654/654/650 653/653/649
f 621/621/617 622/622/618 655/655/651
f 621/621/617 655/655/651 654/654/650
f 622/622/618 623/623/619 656/656/652
f 622/622/618 656/656/652 655/655/651
f 623/623/619 624/624/620 657/657/653
f 623/623/619 657/657/653 656/656/652
f 624/624/620 625/625/621 658/658/654
f 624/624/620 658/658/654 657/657/653
f 625/625/621 626/626/622 659/659/655
f 625/625/621 659/659/655 658/658/654
f 626/626/622 627/627/623 660/660/656
f 626/626/622 660/660/656 659/659/655
f 628/629/625 629/628/624 662/661/657
f 628/629/625 662/661/657 661/662/658
f 629/628/624 630/630/626 663/663/659
f 629/628/624 663/663/659 662/661/657
f 630/630/626 631/631/627 664/664/660
f 630/630/626 664/664/660 663/663/659
f 631/631/627 632/632/628 665/665/661
f 631/631/627 665/665/661 664/664/660
f 632/632/628 633/633/629 666/666/662
f 632/632/628 666/666/662 665/665/661
f 633/633/629 634/634/630 667/667/663
f 633/633/629 667/667/663 666/666/662
f 634/634/630 635/635/631 668/668/664
f 634/634/630 668/668/664 667/667/663
f 635/635/631 636/636/632 669/669/665
f 635/635/631 669/669/665 668/668/664
f 636/636/632 637/637/633 670/670/666
f 636/636/632 670/670/666 669/669/665
f 637/637/633 638/638/634 671/671/667
f 637/637/633 671/671/667 670/670/666
f 638/638/634 639/639/635 672/672/668
f 638/638/634 672/672/668 671/671/667
f 639/639/635 640/640/636 673/673/669
f 639/639/635 673/673/669 672/672/668
f 640/640/636 641/641/637 674/674/670
f 640/640/636 674/674/670 673/673/669
f 641/641/637 642/642/638 675/675/671
f 641/641/637 675/675/671 674/674/670
f 642/642/638 643/643/639 676/676/672
f 642/642/638 676/676/672 675/675/671
f 643/643/639 644/644/640 677/677/673
f 643/643/639 677/677/673 676/676/672
f 644/644/640 645/645/641 678/678/674
f 644/644/640 678/678/674 677/677/673
f 645/645/641 646/646/642 679/679/675
f 645/645/641 679/679/675 678/678/674
f 646/646/642 647/647/643 680/680/676
f 646/646/642 680/680/676 679/679/675
f 647/647/643 648/648/644 681/681/677
f 647/647/643 681/681/677 680/680/676
f 648/648/644 649/649/645 682/682/678
f 648/648/644 682/682/678 681/681/677
f 649/649/645 650/650/646 683/683/679
f 649/649/645 683/683/679 682/682/678
f 650/650/646 651/651/647 684/684/680
f 650/650/646 684/684/680 683/683/679
f 651/651/647 652/652/648 685/685/681
f 651/651/647 685/685/681 684/684/680
f 652/652/648 653/653/649 686/686/682
f 652/652/648 686/686/682 685/685/681
f 653/653/649 654/654/650 687/687/683
f 653/653/649 687/687/683 686/686/682
f 654/654/650 655/655/651 688/688/684
f 654/654/650 688/688/684 687/687/683
f 655/655/651 656/656/652 689/689/685
f 655/655/651 689/689/685 688/688/684
f 656/656/652 657/657/653 690/690/686
f 656/656/652 690/690/686 689/689/685
f 657/657/653 658/658/654 691/691/687
f 657/657/653 691/691/687 690/690/686
f 658/658/654 659/659/655 692/692/688
f 658/658/654 692/692/688 691/691/687
f 659/659/655 660/660/656 693/693/689
f 659/659/655 693/693/689 692/692/688
f 661/662/658 662/661/657 695/694/690
f 661/662/658 695/694/690 694/695/691
f 662/661/657 663/663/659 696/696/692
f 662/661/657 696/696/692 695/694/690
f 663/663/659 664/664/660 697/697/693
f 663/663/659 697/697/693 696/696/692
f 664/664/660 665/665/661 698/698/694
f 664/664/660 698/698/694 697/697/693
f 665/665/661 666/666/662 699/699/695
f 665/665/661 699/699/695 698/698/694
f 666/666/662 667/667/663 700/700/696
f 666/666/662 700/700/696 699/699/695
f 667/667/663 668/668/664 701/701/697
f 667/667/663 701/701/697 700/700/696
f 668/668/664 669/669/665 702/702/698
f 668/668/664 702/702/698 701/701/697
f 669/669/665 670/670/666 703/703/699
f 669/669/665 703/703/699 702/702/698
f 670/670/666 671/671/667 704/704/700
f 670/670/666 704/704/700 703/703/699
f 671/671/667 672/672/668 705/705/701
f 671/671/667 705/705/701 704/704/700
f 672/672/668 673/673/669 706/706/702
f 672/672/668 706/706/702 705/705/701
f 673/673/669 674/674/670 707/707/703
f 673/673/669 707/707/703 706/706/702
f 674/674/670 675/675/671 708/708/704
f 674/674/670 708/708/704 707/707/703
f 675/675/671 676/676/672 709/709/705
f 675/675/671 709/709/705 708/708/704
f 676/676/672 677/677/673 710/710/706
f 676/676/672 710/710/706 709/709/705
f 677/677/673 678/678/674 711/711/707
f 677/677/673 711/711/707 710/710/706
f 678/678/674 679/679/675 712/712/708
f 678/678/674 712/712/708 711/711/707
f 679/679/675 680/680/676 713/713/709
f 679/679/675 713/713/709 712/712/708
f 680/680/676 681/681/677 714/714/710
f 680/680/676 714/714/710 713/713/709
f 681/681/677 682/682/678 715/715/711
f 681/681/677 715/715/711 714/714/710
f 682/682/678 683/683/679 716/716/712
f 682/682/678 716/716/712 715/715/711
f 683/683/679 684/684/680 717/717/713
f 683/683/679 717/717/713 716/716/712
f 684/684/680 685/685/681 718/718/714
f 684/684/680 718/718/714 717/717/713
f 685/685/681 686/686/682 719/719/715
f 685/685/681 719/719/715 718/718/714
f 686/686/682 687/687/683 720/720/716
f 686/686/682 720/720/716 719/719/715
f 687/687/683 688/688/684 721/721/717
f 687/687/683 721/721/717 720/720/716
f 688/688/684 689/689/685 722/722/718
f 688/688/684 722/722/718 721/721/717
f 689/689/685 690/690/686 723/723/719
f 689/689/685 723/723/719 722/722/718
f 690/690/686 691/691/687 724/724/720
f 690/690/686 724/724/720 723/723/719
f 691/691/687 692/692/688 725/725/721
f 691/691/687 725/725/721 724/724/720
f 692/692/688 693/693/689 726/726/722
f 692/692/688 726/726/722 725/725/721
f 694/695/691 695/694/690 728/727/723
f 694/695/691 728/727/723 727/728/724
f 695/694/690 696/696/692 729/729/725
f 695/694/690 729/729/725 728/727/723
f 696/696/692 697/697/693 730/730/726
f 696/696/692 730/730/726 729/729/725
f 697/697/693 698/698/694 731/731/727
f 697/697/693 731/731/727 730/730/726
f 698/698/694 699/699/695 732/732/695
f 698/698/694 732/732/695 731/731/727
f 699/699/695 700/700/696 733/733/695
f 699/699/695 733/733/695 732/732/695
f 700/700/696 701/701/697 734/734/728
f 700/700/696 734/734/728 733/733/695
f 701/701/697 702/702/698 735/735/729
f 701/701/697 735/735/729 734/734/728
f 702/702/698 703/703/699 736/736/730
f 702/702/698 736/736/730 735/735/729
f 703/703/699 704/704/700 737/737/731
f 703/703/699 737/737/731 736/736/730
f 704/704/700 705/705/701 738/738/732
f 704/704/700 738/738/732 737/737/731
f 705/705/701 706/706/702 739/739/733
f 705/705/701 739/739/733 738/738/732
f 706/706/702 707/707/703 740/740/734
f 706/706/702 740/740/734 739/739/733
f 707/707/703 708/708/704 741/741/735
f 707/707/703 741/741/735 740/740/734
f 708/708/704 709/709/705 742/742/736
f 708/708/704 742/742/736 741/741/735
f 709/709/705 710/710/706 743/743/737
f 709/709/705 743/743/737 742/742/736
f 710/710/706 711/711/707 744/744/738
f 710/710/706 744/744/738 743/743/737
f 711/711/707 712/712/708 745/745/739
f 711/711/707 745/745/739 744/744/738
f 712/712/708 713/713/709 746/746/740
f 712/712/708 746/746/740 745/745/739
f 713/713/709 714/714/710 747/747/741
f 713/713/709 747/747/741 746/746/740
f 714/714/710 715/715/711 748/748/742
f 714/714/710 748/748/742 747/747/741
f 715/715/711 716/716/712 749/749/743
f 715/715/711 749/749/743 748/748/742
f 716/716/712 717/717/713 750/750/744
f 716/716/712 750/750/744 749/749/743
f 717/717/713 718/718/714 751/751/745
f 717/717/713 751/751/745 750/750/744
f 718/718/714 719/719/715 752/752/746
f 718/718/714 752/752/746 751/751/745
f 719/719/715 720/720/716 753/753/747
f 719/719/715 753/753/747 752/752/746
f 720/720/716 721/721/717 754/754/748
f 720/720/716 754/754/748 753/753/747
f 721/721/717 722/722/718 755/755/749
f 721/721/717 755/755/749 754/754/748
f 722/722/718 723/723/719 756/756/750
f 722/722/718 756/756/750 755/755/749
f 723/723/719 724/724/720 757/757/751
f 723/723/719 757/757/751 756/756/750
f 724/724/720 725/725/721 758/758/752
f 724/724/720 758/758/752 757/757/751
f 725/725/721 726/726/722 759/759/753
f 725/725/721 759/759/753 758/758/752
f 727/728/724 728/727/723 761/760/754
f 727/728/724 761/760/754 760/761/755
f 728/727/723 729/729/725 762/762/756
f 728/727/723 762/762/756 761/760/754
f 729/729/725 730/730/726 763/763/757
f 729/729/725 763/763/757 762/762/756
f 730/730/726 731/731/727 764/764/758
f 730/730/726 764/764/758 763/763/757
f 731/731/727 732/732/695 765/765/759
f 731/731/727 765/765/759 764/764/758
f 732/732/695 733/733/695 766/766/695
f 732/732/695 766/766/695 765/765/759
f 733/733/695 734/734/728 767/767/727
f 733/733/695 767/767/727 766/766/695
f 734/734/728 735/735/729 768/768/760
f 734/734/728 768/768/760 767/767/727
f 735/735/729 736/736/730 769/769/761
f 735/735/729 769/769/761 768/768/760
f 736/736/730 737/737/731 770/770/762
f 736/736/730 770/770/762 769/769/761
f 737/737/731 738/738/732 771/771/763
f 737/737/731 771/771/763 770/770/762
f 738/738/732 739/739/733 772/772/764
f 738/738/732 772/772/764 771/771/763
f 739/739/733 740/740/734 773/773/765
f 739/739/733 773/773/765 772/772/764
f 740/740/734 741/741/735 774/774/766
f 740/740/734 774/774/766 773/773/765
f 741/741/735 742/742/736 775/775/767
f 741/741/735 775/775/767 774/774/766
f 742/742/736 743/743/737 776/776/768
f 742/742/736 776/776/768 775/775/767
f 743/743/737 744/744/738 777/777/769
f 743/743/737 777/777/769 776/776/768
f 744/744/738 745/745/739 778/778/770
f 744/744/738 778/778/770 777/777/769
f 745/745/739 746/746/740 779/779/771
f 745/745/739 779/779/771 778/778/770
f 746/746/740 747/747/741 780/780/772
f 746/746/740 780/780/772 779/779/771
f 747/747/741 748/748/742 781/781/773
f 747/747/741 781/781/773 780/780/772
f 748/748/742 749/749/743 782/782/774
f 748/748/742 782/782/774 781/781/773
f 749/749/743 750/750/744 783/783/775
f 749/749/743 783/783/775 782/782/774
f 750/750/744 751/751/745 784/784/776
f 750/750/744 784/784/776 783/783/775
f 751/751/745 752/752/746 785/785/777
f 751/751/745 785/785/777 784/784/776
f 752/752/746 753/753/747 786/786/778
f 752/752/746 786/786/778 785/785/777
f 753/753/747 754/754/748 787/787/779
f 753/753/747 787/787/779 786/786/778
f 754/754/748 755/755/749 788/788/780
f 754/754/748 788/788/780 787/787/779
f 755/755/749 756/756/750 789/789/781
f 755/755/749 789/789/781 788/788/780
f 756/756/750 757/757/751 790/790/782
f 756/756/750 790/790/782 789/789/781
f 757/757/751 758/758/752 791/791/783
f 757/757/751 791/791/783 790/790/782
f 758/758/752 759/759/753 792/792/784
f 758/758/752 792/792/784 791/791/783
f 760/761/755 761/760/754 794/793/785
f 760/761/755 794/793/785 793/794/786
f 761/760/754 762/762/756 795/795/787
f 761/760/754 795/795/787 794/793/785
f 762/762/756 763/763/757 796/796/788
f 762/762/756 796/796/788 795/795/787
f 763/763/757 764/764/758 797/797/789
f 763/763/757 797/797/789 796/796/788
f 764/764/758 765/765/759 798/798/759
f 764/764/758 798/798/759 797/797/789
f 765/765/759 766/766/695 799/799/758
f 765/765/759 799/799/758 798/798/759
f 766/766/695 767/767/727 800/800/727
f 766/766/695 800/800/727 799/799/758
f 767/767/727 768/768/760 801/801/727
f 767/767/727 801/801/727 800/800/727
f 768/768/760 769/769/761 802/802/790
f 768/768/760 802/802/790 801/801/727
f 769/769/761 770/770/762 803/803/791
f 769/769/761 803/803/791 802/802/790
f 770/770/762 771/771/763 804/804/792
f 770/770/762 804/804/792 803/803/791
f 771/771/763 772/772/764 805/805/793
f 771/771/763 805/805/793 804/804/792
f 772/772/764 773/773/765 806/806/794
f 772/772/764 806/806/794 805/805/793
f 773/773/765 774/774/766 807/807/795
f 773/773/765 807/807/795 806/806/794
f 774/774/766 775/775/767 808/808/796
f 774/774/766 808/808/796 807/807/795
f 775/775/767 776/776/768 809/809/797
f 775/775/767 809/809/797 808/808/796
f 776/776/768 777/777/769 810/810/798
f 776/776/768 810/810/798 809/809/797
f 777/777/769 778/778/770 811/811/799
f 777/777/769 811/811/799 810/810/798
f 778/778/770 779/779/771 812/812/800
f 778/778/770 812/812/800 811/811/799
f 779/779/771 780/780/772 813/813/801
f 779/779/771 813/813/801 812/812/800
f 780/780/772 781/781/773 814/814/802
f 780/780/772 814/814/802 813/813/801
f 781/781/773 782/782/774 815/815/803
f 781/781/773 815/815/803 814/814/802
f 782/782/774 783/783/775 816/816/804
f 782/782/774 816/816/804 815/815/803
f 783/783/775 784/784/776 817/817/805
f 783/783/775 817/817/805 816/816/804
f 784/784/776 785/785/777 818/818/806
f 784/784/776 818/818/806 817/817/805
f 785/785/777 786/786/778 819/819/807
f 785/785/777 819/819/807 818/818/806
f 786/786/778 787/787/779 820/820/808
f 786/786/778 820/820/808 819/819/807
f 787/787/779 788/788/780 821/821/809
f 787/787/779 821/821/809 820/820/808
f 788/788/780 789/789/781 822/822/810
f 788/788/780 822/822/810 821/821/809
f 789/789/781 790/790/782 823/823/811
f 789/789/781 823/823/811 822/822/810
f 790/790/782 791/791/783 824/824/812
f 790/790/782 824/824/812 823/823/811
f 791/791/783 792/792/784 825/825/813
f 791/791/783 825/825/813 824/824/812
f 793/794/786 794/793/785 827/826/814
f 793/794/786 827/826/814 826/827/815
f 794/793/785 795/795/787 828/828/816
f 794/793/785 828/828/816 827/826/814
f 795/795/787 796/796/788 829/829/817
f 795/795/787 829/829/817 828/828/816
f 796/796/788 797/797/789 830/830/818
f 796/796/788 830/830/818 829/829/817
f 797/797/789 798/798/759 831/831/819
f 797/797/789 831/831/819 830/830/818
f 798/798/759 799/799/758 832/832/727
f 798/798/759 832/832/727 831/831/819
f 799/799/758 800/800/727 833/833/727
f 799/799/758 833/833/727 832/832/727
f 800/800/727 801/801/727 834/834/727
f 800/800/727 834/834/727 833/833/727
f 801/801/727 802/802/790 835/835/820
f 801/801/727 835/835/820 834/834/727
f 802/802/790 803/803/791 836/836/821
f 802/802/790 836/836/821 835/835/820
f 803/803/791 804/804/792 837/837/822
f 803/803/791 837/837/822 836/836/821
f 804/804/792 805/805/793 838/838/823
f 804/804/792 838/838/823 837/837/822
f 805/805/793 806/806/794 839/839/824
f 805/805/793 839/839/824 838/838/823
f 806/806/794 807/807/795 840/840/825
f 806/806/794 840/840/825 839/839/824
f 807/807/795 808/808/796 841/841/826
f 807/807/795 841/841/826 840/840/825
f 808/808/796 809/809/797 842/842/827
f 808/808/796 842/842/827 841/841/826
f 809/809/797 810/810/798 843/843/828
f 809/809/797 843/843/828 842/842/827
f 810/810/798 811/811/799 844/844/829
f 810/810/798 844/844/829 843/843/828
f 811/811/799 812/812/800 845/845/830
f 811/811/799 845/845/830 844/844/829
f 812/812/800 813/813/801 846/846/831
f 812/812/800 846/846/831 845/845/830
f 813/813/801 814/814/802 847/847/832
f 813/813/801 847/847/832 846/846/831
f 814/814/802 815/815/803 848/848/833
f 814/814/802 848/848/833 847/847/832
f 815/815/803 816/816/804 849/849/834
f 815/815/803 849/849/834 848/848/833
f 816/816/804 817/817/805 850/850/835
f 816/816/804 850/850/835 849/849/834
f 817/817/805 818/818/806 851/851/836
f 817/817/805 851/851/836 850/850/835
f 818/818/806 819/819/807 852/852/837
f 818/818/806 852/852/837 851/851/836
f 819/819/807 820/820/808 853/853/838
f 819/819/807 853/853/838 852/852/837
f 820/820/808 821/821/809 854/854/839
f 820/820/808 854/854/839 853/853/838
f 821/821/809 822/822/810 855/855/840
f 821/821/809 855/855/840 854/854/839
f 822/822/810 823/823/811 856/856/841
f 822/822/810 856/856/841 855/855/840
f 823/823/811 824/824/812 857/857/842
f 823/823/811 857/857/842 856/856/841
f 824/824/812 825/825/813 858/858/843
f 824/824/812 858/858/843 857/857/842
f 826/827/815 827/826/814 860/859/844
f 826/827/815 860/859/844 859/860/845
f 827/826/814 828/828/816 861/861/846
f 827/826/814 861/861/846 860/859/844
f 828/828/816 829/829/817 862/862/847
f 828/828/816 862/862/847 861/861/846
f 829/829/817 830/830/818 863/863/848
f 829/829/817 863/863/848 862/862/847
f 830/830/818 831/831/819 864/864/849
f 830/830/818 864/864/849 863/863/848
f 831/831/819 832/832/727 865/865/727
f 831/831/819 865/865/727 864/864/849
f 832/832/727 833/833/727 866/866/850
f 832/832/727 866/866/850 865/865/727
f 833/833/727 834/834/727 867/867/851
f 833/833/727 867/867/851 866/866/850
f 834/834/727 835/835/820 868/868/852
f 834/834/727 868/868/852 867/867/851
f 835/835/820 836/836/821 869/869/853
f 835/835/820 869/869/853 868/868/852
f 836/836/821 837/837/822 870/870/854
f 836/836/821 870/870/854 869/869/853
f 837/837/822 838/838/823 871/871/855
f 837/837/822 871/871/855 870/870/854
f 838/838/823 839/839/824 872/872/856
f 838/838/823 872/872/856 871/871/855
f 839/839/824 840/840/825 873/873/857
f 839/839/824 873/873/857 872/872/856
f 840/840/825 841/841/826 874/874/858
f 840/840/825 874/874/858 873/873/857
f 841/841/826 842/842/827 875/875/859
f 841/841/826 875/875/859 874/874/858
f 842/842/827 843/843/828 876/876/860
f 842/842/827 876/876/860 875/875/859
f 843/843/828 844/844/829 877/877/861
f 843/843/828 877/877/861 876/876/860
f 844/844/829 845/845/830 878/878/862
f 844/844/829 878/878/862 877/877/861
f 845/845/830 846/846/831 879/879/863
f 845/845/830 879/879/863 878/878/862
f 846/846/831 847/847/832 880/880/864
f 846/846/831 880/880/864 879/879/863
f 847/847/832 848/848/833 881/881/865
f 847/847/832 881/881/865 880/880/864
f 848/848/833 849/849/834 882/882/866
f 848/848/833 882/882/866 881/881/865
f 849/849/834 850/850/835 883/883/867
f 849/849/834 883/883/867 882/882/866
f 850/850/835 851/851/836 884/884/868
f 850/850/835 884/884/868 883/883/867
f 851/851/836 852/852/837 885/885/869
f 851/851/836 885/885/869 884/884/868
f 852/852/837 853/853/838 886/886/870
f 852/852/837 886/886/870 885/885/869
f 853/853/838 854/854/839 887/887/871
f 853/853/838 887/887/871 886/886/870
f 854/854/839 855/855/840 888/888/872
f 854/854/839 888/888/872 887/887/871
f 855/855/840 856/856/841 889/889/873
f 855/855/840 889/889/873 888/888/872
f 856/856/841 857/857/842 890/890/874
f 856/856/841 890/890/874 889/889/873
f 857/857/842 858/858/843 891/891/875
f 857/857/842 891/891/875 890/890/874
f 859/860/845 860/859/844 893/892/876
f 859/860/845 893/892/876 892/893/877
f 860/859/844 861/861/846 894/894/878
f 860/859/844 894/894/878 893/892/876
f 861/861/846 862/862/847 895/895/879
f 861/861/846 895/895/879 894/894/878
f 862/862/847 863/863/848 896/896/880
f 862/862/847 896/896/880 895/895/879
f 863/863/848 864/864/849 897/897/881
f 863/863/848 897/897/881 896/896/880
f 864/864/849 865/865/727 898/898/882
f 864/864/849 898/898/882 897/897/881
f 865/865/727 866/866/850 899/899/883
f 865/865/727 899/899/883 898/898/882
f 866/866/850 867/867/851 900/900/884
f 866/866/850 900/900/884 899/899/883
f 867/867/851 868/868/852 901/901/885
f 867/867/851 901/901/885 900/900/884
f 868/868/852 869/869/853 902/902/886
f 868/868/852 902/902/886 901/901/885
f 869/869/853 870/870/854 903/903/887
f 869/869/853 903/903/887 902/902/886
f 870/870/854 871/871/855 904/904/888
f 870/870/854 904/904/888 903/903/887
f 871/871/855 872/872/856 905/905/889
f 871/871/855 905/905/889 904/904/888
f 872/872/856 873/873/857 906/906/890
f 872/872/856 906/906/890 905/905/889
f 873/873/857 874/874/858 907/907/891
f 873/873/857 907/907/891 906/906/890
f 874/874/858 875/875/859 908/908/892
f 874/874/858 908/908/892 907/907/891
f 875/875/859 876/876/860 909/909/893
f 875/875/859 909/909/893 908/908/892
f 876/876/860 877/877/861 910/910/894
f 876/876/860 910/910/894 909/909/893
f 877/877/861 878/878/862 911/911/895
f 877/877/861 911/911/895 910/910/894
f 878/878/862 879/879/863 912/912/896
f 878/878/862 912/912/896 911/911/895
f 879/879/863 880/880/864 913/913/897
f 879/879/863 913/913/897 912/912/896
f 880/880/864 881/881/865 914/914/898
f 880/880/864 914/914/898 913/913/897
f 881/881/865 882/882/866 915/915/899
f 881/881/865 915/915/899 914/914/898
f 882/882/866 883/883/867 916/916/900
f 882/882/866 916/916/900 915/915/899
f 883/883/867 884/884/868 917/917/901
f 883/883/867 917/917/901 916/916/900
f 884/884/868 885/885/869 918/918/902
f 884/884/868 918/918/902 917/917/901
f 885/885/869 886/886/870 919/919/903
f 885/885/869 919/919/903 918/918/902
f 886/886/870 887/887/871 920/920/904
f 886/886/870 920/920/904 919/919/903
f 887/887/871 888/888/872 921/921/905
f 887/887/871 921/921/905 920/920/904
f 888/888/872 889/889/873 922/922/906
f 888/888/872 922/922/906 921/921/905
f 889/889/873 890/890/874 923/923/907
f 889/889/873 923/923/907 922/922/906
f 890/890/874 891/891/875 924/924/908
f 890/890/874 924/924/908 923/923/907
f 892/893/877 893/892/876 926/925/909
f 892/893/877 926/925/909 925/926/910
f 893/892/876 894/894/878 927/927/911
f 893/892/876 927/927/911 926/925/909
f 894/894/878 895/895/879 928/928/912
f 894/894/878 928/928/912 927/927/911
f 895/895/879 896/896/880 929/929/913
f 895/895/879 929/929/913 928/928/912
f 896/896/880 897/897/881 930/930/914
f 896/896/880 930/930/914 929/929/913
f 897/897/881 898/898/882 931/931/915
f 897/897/881 931/931/915 930/930/914
f 898/898/882 899/899/883 932/932/916
f 898/898/882 932/932/916 931/931/915
f 899/899/883 900/900/884 933/933/917
f 899/899/883 933/933/917 932/932/916
f 900/900/884 901/901/885 934/934/918
f 900/900/884 934/934/918 933/933/917
f 901/901/885 902/902/886 935/935/919
f 901/901/885 935/935/919 934/934/918
f 902/902/886 903/903/887 936/936/920
f 902/902/886 936/936/920 935/935/919
f 903/903/887 904/904/888 937/937/921
f 903/903/887 937/937/921 936/936/920
f 904/904/888 905/905/889 938/938/922
f 904/904/888 938/938/922 937/937/921
f 905/905/889 906/906/890 939/939/923
f 905/905/889 939/939/923 938/938/922
f 906/906/890 907/907/891 940/940/924
f 906/906/890 940/940/924 939/939/923
f 907/907/891 908/908/892 941/941/925
f 907/907/891 941/941/925 940/940/924
f 908/908/892 909/909/893 942/942/926
f 908/908/892 942/942/926 941/941/925
f 909/909/893 910/910/894 943/943/927
f 909/909/893 943/943/927 942/942/926
f 910/910/894 911/911/895 944/944/928
f 910/910/894 944/944/928 943/943/927
f 911/911/895 912/912/896 945/945/929
f 911/911/895 945/945/929 944/944/928
f 912/912/896 913/913/897 946/946/930
f 912/912/896 946/946/930 945/945/929
f 913/913/897 914/914/898 947/947/931
f 913/913/897 947/947/931 946/946/930
f 914/914/898 915/915/899 948/948/932
f 914/914/898 948/948/932 947/947/931
f 915/915/899 916/916/900 949/949/933
f 915/915/899 949/949/933 948/948/932
f 916/916/900 917/917/901 950/950/934
f 916/916/900 950/950/934 949/949/933
f 917/917/901 918/918/902 951/951/935
f 917/917/901 951/951/935 950/950/934
f 918/918/902 919/919/903 952/952/936
f 918/918/902 952/952/936 951/951/935
f 919/919/903 920/920/904 953/953/937
f 919/919/903 953/953/937 952/952/936
f 920/920/904 921/921/905 954/954/938
f 920/920/904 954/954/938 953/953/937
f 921/921/905 922/922/906 955/955/939
f 921/921/905 955/955/939 954/954/938
f 922/922/906 923/923/907 956/956/940
f 922/922/906 956/956/940 955/955/939
f 923/923/907 924/924/908 957/957/941
f 923/923/907 957/957/941 956/956/940
f 925/926/910 926/925/909 959/958/942
f 925/926/910 959/958/942 958/959/943
f 926/925/909 927/927/911 960/960/944
f 926/925/909 960/960/944 959/958/942
f 927/927/911 928/928/912 961/961/945
f 927/927/911 961/961/945 960/960/944
f 928/928/912 929/929/913 962/962/946
f 928/928/912 962/962/946 961/961/945
f 929/929/913 930/930/914 963/963/947
f 929/929/913 963/963/947 962/962/946
f 930/930/914 931/931/915 964/964/948
f 930/930/914 964/964/948 963/963/947
f 931/931/915 932/932/916 965/965/949
f 931/931/915 965/965/949 964/964/948
f 932/932/916 933/933/917 966/966/950
f 932/932/916 966/966/950 965/965/949
f 933/933/917 934/934/918 967/967/951
f 933/933/917 967/967/951 966/966/950
f 934/934/918 935/935/919 968/968/952
f 934/934/918 968/968/952 967/967/951
f 935/935/919 936/936/920 969/969/953
f 935/935/919 969/969/953 968/968/952
f 936/936/920 937/937/921 970/970/954
f 936/936/920 970/970/954 969/969/953
f 937/937/921 938/938/922 971/971/955
f 937/937/921 971/971/955 970/970/954
f 938/938/922 939/939/923 972/972/956
f 938/938/922 972/972/956 971/971/955
f 939/939/923 940/940/924 973/973/957
f 939/939/923 973/973/957 972/972/956
f 940/940/924 941/941/925 974/974/958
f 940/940/924 974/974/958 973/973/957
f 941/941/925 942/942/926 975/975/959
f 941/941/925 975/975/959 974/974/958
f 942/942/926 943/943/927 976/976/960
f 942/942/926 976/976/960 975/975/959
f 943/943/927 944/944/928 977/977/961
f 943/943/927 977/977/961 976/976/960
f 944/944/928 945/945/929 978/978/962
f 944/944/928 978/978/962 977/977/961
f 945/945/929 946/946/930 979/979/963
f 945/945/929 979/979/963 978/978/962
f 946/946/930 947/947/931 980/980/964
f 946/946/930 980/980/964 979/979/963
f 947/947/931 948/948/932 981/981/965
f 947/947/931 981/981/965 980/980/964
f 948/948/932 949/949/933 982/982/966
f 948/948/932 982/982/966 981/981/965
f 949/949/933 950/950/934 983/983/967
f 949/949/933 983/983/967 982/982/966
f 950/950/934 951/951/935 984/984/968
f 950/950/934 984/984/968 983/983/967
f 951/951/935 952/952/936 985/985/969
f 951/951/935 985/985/969 984/984/968
f 952/952/936 953/953/937 986/986/970
f 952/952/936 986/986/970 985/985/969
f 953/953/937 954/954/938 987/987/971
f 953/953/937 987/987/971 986/986/970
f 954/954/938 955/955/939 988/988/972
f 954/954/938 988/988/972 987/987/971
f 955/955/939 956/956/940 989/989/973
f 955/955/939 989/989/973 988/988/972
f 956/956/940 957/957/941 990/990/974
f 956/956/940 990/990/974 989/989/973
f 958/959/943 959/958/942 992/991/975
f 958/959/943 992/991/975 991/992/976
f 959/958/942 960/960/944 993/993/977
f 959/958/942 993/993/977 992/991/975
f 960/960/944 961/961/945 994/994/978
f 960/960/944 994/994/978 993/993/977
f 961/961/945 962/962/946 995/995/979
f 961/961/945 995/995/979 994/994/978
f 962/962/946 963/963/947 996/996/980
f 962/962/946 996/996/980 995/995/979
f 963/963/947 964/964/948 997/997/981
f 963/963/947 997/997/981 996/996/980
f 964/964/948 965/965/949 998/998/982
f 964/964/948 998/998/982 997/997/981
f 965/965/949 966/966/950 999/999/983
f 965/965/949 999/999/983 998/998/982
f 966/966/950 967/967/951 1000/1000/984
f 966/966/950 1000/1000/984 999/999/983
f 967/967/951 968/968/952 1001/1001/985
f 967/967/951 1001/1001/985 1000/1000/984
f 968/968/952 969/969/953 1002/1002/986
f 968/968/952 1002/1002/986 1001/1001/985
f 969/969/953 970/970/954 1003/1003/987
f 969/969/953 1003/1003/987 1002/1002/986
f 970/970/954 971/971/955 1004/1004/988
f 970/970/954 1004/1004/988 1003/1003/987
f 971/971/955 972/972/956 1005/1005/989
f 971/971/955 1005/1005/989 1004/1004/988
f 972/972/956 973/973/957 1006/1006/990
f 972/972/956 1006/1006/990 1005/1005/989
f 973/973/957 974/974/958 1007/1007/991
f 973/973/957 1007/1007/991 1006/1006/990
f 974/974/958 975/975/959 1008/1008/992
f 974/974/958 1008/1008/992 1007/1007/991
f 975/975/959 976/976/960 1009/1009/993
f 975/975/959 1009/1009/993 1008/1008/992
f 976/976/960 977/977/961 1010/1010/994
f 976/976/960 1010/1010/994 1009/1009/993
f 977/977/961 978/978/962 1011/1011/995
f 977/977/961 1011/1011/995 1010/1010/994
f 978/978/962 979/979/963 1012/1012/996
f 978/978/962 1012/1012/996 1011/1011/995
f 979/979/963 980/980/964 1013/1013/997
f 979/979/963 1013/1013/997 1012/1012/996
f 980/980/964 981/981/965 1014/1014/998
f 980/980/964 1014/1014/998 1013/1013/997
f 981/981/965 982/982/966 1015/1015/999
f 981/981/965 1015/1015/999 1014/1014/998
f 982/982/966 983/983/967 1016/1016/1000
f 982/982/966 1016/1016/1000 1015/1015/999
f 983/983/967 984/984/968 1017/1017/1001
f 983/983/967 1017/1017/1001 1016/1016/1000
f 984/984/968 985/985/969 1018/1018/1002
f 984/984/968 1018/1018/1002 1017/1017/1001
f 985/985/969 986/986/970 1019/1019/1003
f 985/985/969 1019/1019/1003 1018/1018/1002
f 986/986/970 987/987/971 1020/1020/1004
f 986/986/970 1020/1020/1004 1019/1019/1003
f 987/987/971 988/988/972 1021/1021/1005
f 987/987/971 1021/1021/1005 1020/1020/1004
f 988/988/972 989/989/973 1022/1022/1006
f 988/988/972 1022/1022/1006 1021/1021/1005
f 989/989/973 990/990/974 1023/1023/1007
f 989/989/973 1023/1023/1007 1022/1022/1006
f 991/992/976 992/991/975 1025/1024/1008
f 991/992/976 1025/1024/1008 1024/1025/1009
f 992/991/975 993/993/977 1026/1026/1010
f 992/991/975 1026/1026/1010 1025/1024/1008
f 993/993/977 994/994/978 1027/1027/1011
f 993/993/977 1027/1027/1011 1026/1026/1010
f 994/994/978 995/995/979 1028/1028/1012
f 994/994/978 1028/1028/1012 1027/1027/1011
f 995/995/979 996/996/980 1029/1029/1013
f 995/995/979 1029/1029/1013 1028/1028/1012
f 996/996/980 997/997/981 1030/1030/1014
f 996/996/980 1030/1030/1014 1029/1029/1013
f 997/997/981 998/998/982 1031/1031/1015
f 997/997/981 1031/1031/1015 1030/1030/1014
f 998/998/982 999/999/983 1032/1032/1016
f 998/998/982 1032/1032/1016 1031/1031/1015
f 999/999/983 1000/1000/984 1033/1033/1017
f 999/999/983 1033/1033/1017 1032/1032/1016
f 1000/1000/984 1001/1001/985 1034/1034/1018
f 1000/1000/984 1034/1034/1018 1033/1033/1017
f 1001/1001/985 1002/1002/986 1035/1035/1019
f 1001/1001/985 1035/1035/1019 1034/1034/1018
f 1002/1002/986 1003/1003/987 1036/1036/1020
f 1002/1002/986 1036/1036/1020 1035/1035/1019
f 1003/1003/987 1004/1004/988 1037/1037/1021
f 1003/1003/987 1037/1037/1021 1036/1036/1020
f 1004/1004/988 1005/1005/989 1038/1038/1022
f 1004/1004/988 1038/1038/1022 1037/1037/1021
f 1005/1005/989 1006/1006/990 1039/1039/1023
f 1005/1005/989 1039/1039/1023 1038/1038/1022
f 1006/1006/990 1007/1007/991 1040/1040/1024
f 1006/1006/990 1040/1040/1024 1039/1039/1023
f 1007/1007/991 1008/1008/992 1041/1041/1025
f 1007/1007/991 1041/1041/1025 1040/1040/1024
f 1008/1008/992 1009/1009/993 1042/1042/1026
f 1008/1008/992 1042/1042/1026 1041/1041/1025
f 1009/1009/993 1010/1010/994 1043/1043/1027
f 1009/1009/993 1043/1043/1027 1042/1042/1026
f 1010/1010/994 1011/1011/995 1044/1044/1028
f 1010/1010/994 1044/1044/1028 1043/1043/1027
f 1011/1011/995 1012/1012/996 1045/1045/1029
f 1011/1011/995 1045/1045/1029 1044/1044/1028
f 1012/1012/996 1013/1013/997 1046/1046/1030
f 1012/1012/996 1046/1046/1030 1045/1045/1029
f 1013/1013/997 1014/1014/998 1047/1047/1031
f 1013/1013/997 1047/1047/1031 1046/1046/1030
f 1014/1014/998 1015/1015/999 1048/1048/1032
f 1014/1014/998 1048/1048/1032 1047/1047/1031
f 1015/1015/999 1016/1016/1000 1049/1049/1033
f 1015/1015/999 1049/1049/1033 1048/1048/1032
f 1016/1016/1000 1017/1017/1001 1050/1050/1034
f 1016/1016/1000 1050/1050/1034 1049/1049/1033
f 1017/1017/1001 1018/1018/1002 1051/1051/1035
f 1017/1017/1001 1051/1051/1035 1050/1050/1034
f 1018/1018/1002 1019/1019/1003 1052/1052/1036
f 1018/1018/1002 1052/1052/1036 1051/1051/1035
f 1019/1019/1003 1020/1020/1004 1053/1053/1037
f 1019/1019/1003 1053/1053/1037 1052/1052/1036
f 1020/1020/1004 1021/1021/1005 1054/1054/1038
f 1020/1020/1004 1054/1054/1038 1053/1053/1037
f 1021/1021/1005 1022/1022/1006 1055/1055/1039
f 1021/1021/1005 1055/1055/1039 1054/1054/1038
f 1022/1022/1006 1023/1023/1007 1056/1056/1040
f 1022/1022/1006 1056/1056/1040 1055/1055/1039
f 1024/1025/1009 1025/1024/1008 1058/1057/1041
f 1024/1025/1009 1058/1057/1041 1057/1058/1042
f 1025/1024/1008 1026/1026/1010 1059/1059/1043
f 1025/1024/1008 1059/1059/1043 1058/1057/1041
f 1026/1026/1010 1027/1027/1011 1060/1060/1044
f 1026/1026/1010 1060/1060/1044 1059/1059/1043
f 1027/1027/1011 1028/1028/1012 1061/1061/1045
f 1027/1027/1011 1061/1061/1045 1060/1060/1044
f 1028/1028/1012 1029/1029/1013 1062/1062/1046
f 1028/1028/1012 1062/1062/1046 1061/1061/1045
f 1029/1029/1013 1030/1030/1014 1063/1063/1047
f 1029/1029/1013 1063/1063/1047 1062/1062/1046
f 1030/1030/1014 1031/1031/1015 1064/1064/1048
f 1030/1030/1014 1064/1064/1048 1063/1063/1047
f 1031/1031/1015 1032/1032/1016 1065/1065/1049
f 1031/1031/1015 1065/1065/1049 1064/1064/1048
f 1032/1032/1016 1033/1033/1017 1066/1066/1050
f 1032/1032/1016 1066/1066/1050 1065/1065/1049
f 1033/1033/1017 1034/1034/1018 1067/1067/1051
f 1033/1033/1017 1067/1067/1051 1066/1066/1050
f 1034/1034/1018 1035/1035/1019 1068/1068/1052
f 1034/1034/1018 1068/1068/1052 1067/1067/1051
f 1035/1035/1019 1036/1036/1020 1069/1069/1053
f 1035/1035/1019 1069/1069/1053 1068/1068/1052
f 1036/1036/1020 1037/1037/1021 1070/1070/1054
f 1036/1036/1020 1070/1070/1054 1069/1069/1053
f 1037/1037/1021 1038/1038/1022 1071/1071/1055
f 1037/1037/1021 1071/1071/1055 1070/1070/1054
f 1038/1038/1022 1039/1039/1023 1072/1072/1056
f 1038/1038/1022 1072/1072/1056 1071/1071/1055
f 1039/1039/1023 1040/1040/1024 1073/1073/1057
f 1039/1039/1023 1073/1073/1057 1072/1072/1056
f 1040/1040/1024 1041/1041/1025 1074/1074/1058
f 1040/1040/1024 1074/1074/1058 1073/1073/1057
f 1041/1041/1025 1042/1042/1026 1075/1075/1059
f 1041/1041/1025 1075/1075/1059 1074/1074/1058
f 1042/1042/1026 1043/1043/1027 1076/1076/1060
f 1042/1042/1026 1076/1076/1060 1075/1075/1059
f 1043/1043/1027 1044/1044/1028 1077/1077/1061
f 1043/1043/1027 1077/1077/1061 1076/1076/1060
f 1044/1044/1028 1045/1045/1029 1078/1078/1062
f 1044/1044/1028 1078/1078/1062 1077/1077/1061
f 1045/1045/1029 1046/1046/1030 1079/1079/1063
f 1045/1045/1029 1079/1079/1063 1078/1078/1062
f 1046/1046/1030 1047/1047/1031 1080/1080/1064
f 1046/1046/1030 1080/1080/1064 1079/1079/1063
f 1047/1047/1031 1048/1048/1032 1081/1081/1065
f 1047/1047/1031 1081/1081/1065 1080/1080/1064
f 1048/1048/1032 1049/1049/1033 1082/1082/1066
f 1048/1048/1032 1082/1082/1066 1081/1081/1065
f 1049/1049/1033 1050/1050/1034 1083/1083/1067
f 1049/1049/1033 1083/1083/1067 1082/1082/1066
f 1050/1050/1034 1051/1051/1035 1084/1084/1068
f 1050/1050/1034 1084/1084/1068 1083/1083/1067
f 1051/1051/1035 1052/1052/1036 1085/1085/1069
f 1051/1051/1035 1085/1085/1069 1084/1084/1068
f 1052/1052/1036 1053/1053/1037 1086/1086/1070
f 1052/1052/1036 1086/1086/1070 1085/1085/1069
f 1053/1053/1037 1054/1054/1038 1087/1087/1071
f 1053/1053/1037 1087/1087/1071 1086/1086/1070
f 1054/1054/1038 1055/1055/1039 1088/1088/1072
f 1054/1054/1038 1088/1088/1072 1087/1087/1071
f 1055/1055/1039 1056/1056/1040 1089/1089/1073
f 1055/1055/1039 1089/1089/1073 1088/1088/1072
