mtllib terrain_near_08_02.mtl
usemtl terrain_near_08_02
# Blender 5.1.1
# www.blender.org
o terrain_near_08_02
v -32.000000 -32.000000 -2.985262
v -30.000000 -32.000000 -3.410128
v -28.000000 -32.000000 -3.873568
v -26.000000 -32.000000 -4.255953
v -24.000000 -32.000000 -4.518649
v -22.000000 -32.000000 -4.781283
v -20.000000 -32.000000 -5.044039
v -18.000000 -32.000000 -5.306674
v -16.000000 -32.000000 -5.569491
v -14.000000 -32.000000 -5.832186
v -12.000000 -32.000000 -5.954562
v -10.000000 -32.000000 -6.076998
v -8.000000 -32.000000 -6.199313
v -6.000000 -32.000000 -6.321749
v -4.000000 -32.000000 -6.444186
v -2.000000 -32.000000 -6.566561
v 0.000000 -32.000000 -6.814608
v 2.000000 -32.000000 -7.114352
v 4.000000 -32.000000 -7.202242
v 6.000000 -32.000000 -7.152133
v 8.000000 -32.000000 -7.101962
v 10.000000 -32.000000 -7.051913
v 12.000000 -32.000000 -7.001742
v 14.000000 -32.000000 -6.951632
v 16.000000 -32.000000 -6.901583
v 18.000000 -32.000000 -6.720736
v 20.000000 -32.000000 -6.540011
v 22.000000 -32.000000 -6.359286
v 24.000000 -32.000000 -6.178500
v 26.000000 -32.000000 -5.997714
v 28.000000 -32.000000 -5.816988
v 30.000000 -32.000000 -5.686862
v 32.000000 -32.000000 -5.601962
v -32.000000 -30.000000 -3.310030
v -30.000000 -30.000000 -3.734896
v -28.000000 -30.000000 -4.078646
v -26.000000 -30.000000 -4.341341
v -24.000000 -30.000000 -4.604037
v -22.000000 -30.000000 -4.866793
v -20.000000 -30.000000 -5.129488
v -18.000000 -30.000000 -5.392184
v -16.000000 -30.000000 -5.654879
v -14.000000 -30.000000 -5.917574
v -12.000000 -30.000000 -6.039950
v -10.000000 -30.000000 -6.162386
v -8.000000 -30.000000 -6.284762
v -6.000000 -30.000000 -6.407259
v -4.000000 -30.000000 -6.529635
v -2.000000 -30.000000 -6.651949
v 0.000000 -30.000000 -6.774386
v 2.000000 -30.000000 -6.810580
v 4.000000 -30.000000 -6.760470
v 6.000000 -30.000000 -6.710299
v 8.000000 -30.000000 -6.660250
v 10.000000 -30.000000 -6.610079
v 12.000000 -30.000000 -6.559969
v 14.000000 -30.000000 -6.509921
v 16.000000 -30.000000 -6.459750
v 18.000000 -30.000000 -6.278964
v 20.000000 -30.000000 -6.098238
v 22.000000 -30.000000 -5.917452
v 24.000000 -30.000000 -5.736727
v 26.000000 -30.000000 -5.555941
v 28.000000 -30.000000 -5.375155
v 30.000000 -30.000000 -5.194491
v 32.000000 -30.000000 -5.020663
v -32.000000 -28.000000 -3.504733
v -30.000000 -28.000000 -3.929598
v -28.000000 -28.000000 -4.168185
v -26.000000 -28.000000 -4.325655
v -24.000000 -28.000000 -4.588351
v -22.000000 -28.000000 -4.851046
v -20.000000 -28.000000 -5.113802
v -18.000000 -28.000000 -5.376498
v -16.000000 -28.000000 -5.639193
v -14.000000 -28.000000 -5.901888
v -12.000000 -28.000000 -6.024325
v -10.000000 -28.000000 -6.146700
v -8.000000 -28.000000 -6.269137
v -6.000000 -28.000000 -6.391573
v -4.000000 -28.000000 -6.513949
v -2.000000 -28.000000 -6.636324
v 0.000000 -28.000000 -6.652926
v 2.000000 -28.000000 -6.583285
v 4.000000 -28.000000 -6.533236
v 6.000000 -28.000000 -6.483065
v 8.000000 -28.000000 -6.432955
v 10.000000 -28.000000 -6.382906
v 12.000000 -28.000000 -6.332736
v 14.000000 -28.000000 -6.282626
v 16.000000 -28.000000 -6.004916
v 18.000000 -28.000000 -5.824130
v 20.000000 -28.000000 -5.643343
v 22.000000 -28.000000 -5.462618
v 24.000000 -28.000000 -5.281832
v 26.000000 -28.000000 -5.101046
v 28.000000 -28.000000 -4.920321
v 30.000000 -28.000000 -4.695651
v 32.000000 -28.000000 -4.448092
v -32.000000 -26.000000 -3.699435
v -30.000000 -26.000000 -4.124239
v -28.000000 -26.000000 -4.362826
v -26.000000 -26.000000 -4.415194
v -24.000000 -26.000000 -4.572726
v -22.000000 -26.000000 -4.835360
v -20.000000 -26.000000 -5.098116
v -18.000000 -26.000000 -5.360873
v -16.000000 -26.000000 -5.623507
v -14.000000 -26.000000 -5.886263
v -12.000000 -26.000000 -6.008639
v -10.000000 -26.000000 -6.131075
v -8.000000 -26.000000 -6.253451
v -6.000000 -26.000000 -6.375887
v -4.000000 -26.000000 -6.498202
v -2.000000 -26.000000 -6.514864
v 0.000000 -26.000000 -6.425631
v 2.000000 -26.000000 -6.355990
v 4.000000 -26.000000 -6.305941
v 6.000000 -26.000000 -6.255770
v 8.000000 -26.000000 -6.205721
v 10.000000 -26.000000 -6.155612
v 12.000000 -26.000000 -6.105441
v 14.000000 -26.000000 -5.827731
v 16.000000 -26.000000 -5.550021
v 18.000000 -26.000000 -5.369357
v 20.000000 -26.000000 -5.188509
v 22.000000 -26.000000 -5.007784
v 24.000000 -26.000000 -4.826998
v 26.000000 -26.000000 -4.646212
v 28.000000 -26.000000 -4.421542
v 30.000000 -26.000000 -4.152926
v 32.000000 -26.000000 -3.905367
v -32.000000 -24.000000 -3.894076
v -30.000000 -24.000000 -4.318942
v -28.000000 -24.000000 -4.557528
v -26.000000 -24.000000 -4.609896
v -24.000000 -24.000000 -4.662203
v -22.000000 -24.000000 -4.819674
v -20.000000 -24.000000 -5.082491
v -18.000000 -24.000000 -5.345187
v -16.000000 -24.000000 -5.607882
v -14.000000 -24.000000 -5.870577
v -12.000000 -24.000000 -5.992953
v -10.000000 -24.000000 -6.115389
v -8.000000 -24.000000 -6.237826
v -6.000000 -24.000000 -6.360201
v -4.000000 -24.000000 -6.376864
v -2.000000 -24.000000 -6.287631
v 0.000000 -24.000000 -6.198458
v 2.000000 -24.000000 -6.128756
v 4.000000 -24.000000 -6.078646
v 6.000000 -24.000000 -6.028597
v 8.000000 -24.000000 -5.978426
v 10.000000 -24.000000 -5.928317
v 12.000000 -24.000000 -5.650607
v 14.000000 -24.000000 -5.372958
v 16.000000 -24.000000 -5.095187
v 18.000000 -24.000000 -4.914462
v 20.000000 -24.000000 -4.733614
v 22.000000 -24.000000 -4.552889
v 24.000000 -24.000000 -4.372103
v 26.000000 -24.000000 -4.147494
v 28.000000 -24.000000 -3.878756
v 30.000000 -24.000000 -3.610262
v 32.000000 -24.000000 -3.362643
v -32.000000 -22.000000 -4.088778
v -30.000000 -22.000000 -4.513644
v -28.000000 -22.000000 -4.752230
v -26.000000 -22.000000 -4.804537
v -24.000000 -22.000000 -4.856905
v -22.000000 -22.000000 -4.909274
v -20.000000 -22.000000 -5.066744
v -18.000000 -22.000000 -5.329501
v -16.000000 -22.000000 -5.592135
v -14.000000 -22.000000 -5.854891
v -12.000000 -22.000000 -5.977267
v -10.000000 -22.000000 -6.099703
v -8.000000 -22.000000 -6.222140
v -6.000000 -22.000000 -6.238741
v -4.000000 -22.000000 -6.149508
v -2.000000 -22.000000 -6.060336
v 0.000000 -22.000000 -5.971163
v 2.000000 -22.000000 -5.901461
v 4.000000 -22.000000 -5.851412
v 6.000000 -22.000000 -5.801302
v 8.000000 -22.000000 -5.751132
v 10.000000 -22.000000 -5.473422
v 12.000000 -22.000000 -5.195712
v 14.000000 -22.000000 -4.918063
v 16.000000 -22.000000 -4.640292
v 18.000000 -22.000000 -4.459567
v 20.000000 -22.000000 -4.278780
v 22.000000 -22.000000 -4.098116
v 24.000000 -22.000000 -3.873385
v 26.000000 -22.000000 -3.604769
v 28.000000 -22.000000 -3.336092
v 30.000000 -22.000000 -3.067477
v 32.000000 -22.000000 -2.819918
v -32.000000 -20.000000 -4.283419
v -30.000000 -20.000000 -4.708285
v -28.000000 -20.000000 -4.946810
v -26.000000 -20.000000 -4.999178
v -24.000000 -20.000000 -5.051547
v -22.000000 -20.000000 -5.103915
v -20.000000 -20.000000 -5.156283
v -18.000000 -20.000000 -5.313754
v -16.000000 -20.000000 -5.576510
v -14.000000 -20.000000 -5.839205
v -12.000000 -20.000000 -5.961642
v -10.000000 -20.000000 -6.084017
v -8.000000 -20.000000 -6.100680
v -6.000000 -20.000000 -6.011508
v -4.000000 -20.000000 -5.922274
v -2.000000 -20.000000 -5.833102
v 0.000000 -20.000000 -5.743929
v 2.000000 -20.000000 -5.674288
v 4.000000 -20.000000 -5.624117
v 6.000000 -20.000000 -5.574069
v 8.000000 -20.000000 -5.296298
v 10.000000 -20.000000 -5.018649
v 12.000000 -20.000000 -4.740878
v 14.000000 -20.000000 -4.463168
v 16.000000 -20.000000 -4.185458
v 18.000000 -20.000000 -4.004733
v 20.000000 -20.000000 -3.823946
v 22.000000 -20.000000 -3.599215
v 24.000000 -20.000000 -3.330599
v 26.000000 -20.000000 -3.061984
v 28.000000 -20.000000 -2.793368
v 30.000000 -20.000000 -2.524752
v 32.000000 -20.000000 -2.277194
v -32.000000 -18.000000 -4.478060
v -30.000000 -18.000000 -4.902926
v -28.000000 -18.000000 -5.141573
v -26.000000 -18.000000 -5.193942
v -24.000000 -18.000000 -5.246310
v -22.000000 -18.000000 -5.298617
v -20.000000 -18.000000 -5.350985
v -18.000000 -18.000000 -5.403292
v -16.000000 -18.000000 -5.560824
v -14.000000 -18.000000 -5.823519
v -12.000000 -18.000000 -5.945956
v -10.000000 -18.000000 -5.962557
v -8.000000 -18.000000 -5.873385
v -6.000000 -18.000000 -5.784213
v -4.000000 -18.000000 -5.694979
v -2.000000 -18.000000 -5.605807
v 0.000000 -18.000000 -5.516634
v 2.000000 -18.000000 -5.446993
v 4.000000 -18.000000 -5.396822
v 6.000000 -18.000000 -5.119174
v 8.000000 -18.000000 -4.841403
v 10.000000 -18.000000 -4.563693
v 12.000000 -18.000000 -4.285983
v 14.000000 -18.000000 -4.008395
v 16.000000 -18.000000 -3.730563
v 18.000000 -18.000000 -3.549838
v 20.000000 -18.000000 -3.325167
v 22.000000 -18.000000 -3.056551
v 24.000000 -18.000000 -2.787936
v 26.000000 -18.000000 -2.519259
v 28.000000 -18.000000 -2.250643
v 30.000000 -18.000000 -1.982028
v 32.000000 -18.000000 -1.734469
v -32.000000 -16.000000 -4.909823
v -30.000000 -16.000000 -5.097689
v -28.000000 -16.000000 -5.336215
v -26.000000 -16.000000 -5.388583
v -24.000000 -16.000000 -5.440951
v -22.000000 -16.000000 -5.493319
v -20.000000 -16.000000 -5.545687
v -18.000000 -16.000000 -5.597933
v -16.000000 -16.000000 -5.650301
v -14.000000 -16.000000 -5.807894
v -12.000000 -16.000000 -5.824496
v -10.000000 -16.000000 -5.735262
v -8.000000 -16.000000 -5.646090
v -6.000000 -16.000000 -5.556918
v -4.000000 -16.000000 -5.467745
v -2.000000 -16.000000 -5.378512
v 0.000000 -16.000000 -5.289340
v 2.000000 -16.000000 -5.219759
v 4.000000 -16.000000 -4.941988
v 6.000000 -16.000000 -4.664340
v 8.000000 -16.000000 -4.386569
v 10.000000 -16.000000 -4.108920
v 12.000000 -16.000000 -3.831149
v 14.000000 -16.000000 -3.553439
v 16.000000 -16.000000 -3.275790
v 18.000000 -16.000000 -3.051058
v 20.000000 -16.000000 -2.782382
v 22.000000 -16.000000 -2.513766
v 24.000000 -16.000000 -2.245150
v 26.000000 -16.000000 -1.976534
v 28.000000 -16.000000 -1.707858
v 30.000000 -16.000000 -1.439364
v 32.000000 -16.000000 -1.191744
v -32.000000 -14.000000 -4.924044
v -30.000000 -14.000000 -5.089327
v -28.000000 -14.000000 -5.186678
v -26.000000 -14.000000 -5.239047
v -24.000000 -14.000000 -5.291415
v -22.000000 -14.000000 -5.343783
v -20.000000 -14.000000 -5.396090
v -18.000000 -14.000000 -5.448458
v -16.000000 -14.000000 -5.500826
v -14.000000 -14.000000 -5.551547
v -12.000000 -14.000000 -5.458651
v -10.000000 -14.000000 -5.369479
v -8.000000 -14.000000 -5.280306
v -6.000000 -14.000000 -5.191134
v -4.000000 -14.000000 -5.101962
v -2.000000 -14.000000 -5.012728
v 0.000000 -14.000000 -4.923556
v 2.000000 -14.000000 -4.726534
v 4.000000 -14.000000 -4.448824
v 6.000000 -14.000000 -4.171114
v 8.000000 -14.000000 -3.893466
v 10.000000 -14.000000 -3.615756
v 12.000000 -14.000000 -3.338046
v 14.000000 -14.000000 -3.060336
v 16.000000 -14.000000 -2.782626
v 18.000000 -14.000000 -2.513949
v 20.000000 -14.000000 -2.245333
v 22.000000 -14.000000 -1.976717
v 24.000000 -14.000000 -1.708102
v 26.000000 -14.000000 -1.439486
v 28.000000 -14.000000 -1.170809
v 30.000000 -14.000000 -0.902194
v 32.000000 -14.000000 -0.641512
v -32.000000 -12.000000 -4.453097
v -30.000000 -12.000000 -4.595492
v -28.000000 -12.000000 -4.692904
v -26.000000 -12.000000 -4.745211
v -24.000000 -12.000000 -4.797701
v -22.000000 -12.000000 -4.849947
v -20.000000 -12.000000 -4.902316
v -18.000000 -12.000000 -4.954684
v -16.000000 -12.000000 -5.005404
v -14.000000 -12.000000 -5.054476
v -12.000000 -12.000000 -4.957980
v -10.000000 -12.000000 -4.865084
v -8.000000 -12.000000 -4.775912
v -6.000000 -12.000000 -4.686739
v -4.000000 -12.000000 -4.597506
v -2.000000 -12.000000 -4.508395
v 0.000000 -12.000000 -4.419222
v 2.000000 -12.000000 -4.222201
v 4.000000 -12.000000 -3.917391
v 6.000000 -12.000000 -3.639681
v 8.000000 -12.000000 -3.361971
v 10.000000 -12.000000 -3.084261
v 12.000000 -12.000000 -2.806551
v 14.000000 -12.000000 -2.528841
v 16.000000 -12.000000 -2.251132
v 18.000000 -12.000000 -1.982516
v 20.000000 -12.000000 -1.713839
v 22.000000 -12.000000 -1.445223
v 24.000000 -12.000000 -1.176547
v 26.000000 -12.000000 -0.907931
v 28.000000 -12.000000 -0.639315
v 30.000000 -12.000000 -0.353182
v 32.000000 -12.000000 -0.092440
v -32.000000 -10.000000 -3.959322
v -30.000000 -10.000000 -4.101779
v -28.000000 -10.000000 -4.199130
v -26.000000 -10.000000 -4.251498
v -24.000000 -10.000000 -4.303866
v -22.000000 -10.000000 -4.356234
v -20.000000 -10.000000 -4.408480
v -18.000000 -10.000000 -4.459261
v -16.000000 -10.000000 -4.508395
v -14.000000 -10.000000 -4.557467
v -12.000000 -10.000000 -4.460909
v -10.000000 -10.000000 -4.364474
v -8.000000 -10.000000 -4.271578
v -6.000000 -10.000000 -4.182406
v -4.000000 -10.000000 -4.093234
v -2.000000 -10.000000 -4.004061
v 0.000000 -10.000000 -3.914889
v 2.000000 -10.000000 -3.717806
v 4.000000 -10.000000 -3.412997
v 6.000000 -10.000000 -3.108248
v 8.000000 -10.000000 -2.830477
v 10.000000 -10.000000 -2.552828
v 12.000000 -10.000000 -2.275118
v 14.000000 -10.000000 -1.997408
v 16.000000 -10.000000 -1.719698
v 18.000000 -10.000000 -1.451022
v 20.000000 -10.000000 -1.182406
v 22.000000 -10.000000 -0.913790
v 24.000000 -10.000000 -0.645113
v 26.000000 -10.000000 -0.376498
v 28.000000 -10.000000 -0.090304
v 30.000000 -10.000000 0.195951
v 32.000000 -10.000000 0.456632
v -32.000000 -8.000000 -3.465609
v -30.000000 -8.000000 -3.607943
v -28.000000 -8.000000 -3.705294
v -26.000000 -8.000000 -3.757723
v -24.000000 -8.000000 -3.810030
v -22.000000 -8.000000 -3.862399
v -20.000000 -8.000000 -3.913180
v -18.000000 -8.000000 -3.962252
v -16.000000 -8.000000 -4.011324
v -14.000000 -8.000000 -4.060458
v -12.000000 -8.000000 -3.963900
v -10.000000 -8.000000 -3.867404
v -8.000000 -8.000000 -3.770846
v -6.000000 -8.000000 -3.678011
v -4.000000 -8.000000 -3.588778
v -2.000000 -8.000000 -3.499667
v 0.000000 -8.000000 -3.410433
v 2.000000 -8.000000 -3.213534
v 4.000000 -8.000000 -2.908663
v 6.000000 -8.000000 -2.603854
v 8.000000 -8.000000 -2.299044
v 10.000000 -8.000000 -2.021273
v 12.000000 -8.000000 -1.743624
v 14.000000 -8.000000 -1.465914
v 16.000000 -8.000000 -1.188204
v 18.000000 -8.000000 -0.919528
v 20.000000 -8.000000 -0.650912
v 22.000000 -8.000000 -0.382296
v 24.000000 -8.000000 -0.113619
v 26.000000 -8.000000 0.172513
v 28.000000 -8.000000 0.458768
v 30.000000 -8.000000 0.744962
v 32.000000 -8.000000 1.005643
v -32.000000 -6.000000 -2.971835
v -30.000000 -6.000000 -3.114230
v -28.000000 -6.000000 -3.211642
v -26.000000 -6.000000 -3.263949
v -24.000000 -6.000000 -3.316256
v -22.000000 -6.000000 -3.367037
v -20.000000 -6.000000 -3.416171
v -18.000000 -6.000000 -3.465243
v -16.000000 -6.000000 -3.514315
v -14.000000 -6.000000 -3.563509
v -12.000000 -6.000000 -3.466952
v -10.000000 -6.000000 -3.370394
v -8.000000 -6.000000 -3.273837
v -6.000000 -6.000000 -3.177401
v -4.000000 -6.000000 -3.084506
v -2.000000 -6.000000 -2.995211
v 0.000000 -6.000000 -2.906161
v 2.000000 -6.000000 -2.709139
v 4.000000 -6.000000 -2.404269
v 6.000000 -6.000000 -2.099459
v 8.000000 -6.000000 -1.794711
v 10.000000 -6.000000 -1.489840
v 12.000000 -6.000000 -1.212130
v 14.000000 -6.000000 -0.934481
v 16.000000 -6.000000 -0.656710
v 18.000000 -6.000000 -0.388094
v 20.000000 -6.000000 -0.119479
v 22.000000 -6.000000 0.149137
v 24.000000 -6.000000 0.435392
v 26.000000 -6.000000 0.721647
v 28.000000 -6.000000 1.007841
v 30.000000 -6.000000 1.293973
v 32.000000 -6.000000 1.554716
v -32.000000 -4.000000 -2.477999
v -30.000000 -4.000000 -2.620455
v -28.000000 -4.000000 -2.717806
v -26.000000 -4.000000 -2.770175
v -24.000000 -4.000000 -2.820895
v -22.000000 -4.000000 -2.870028
v -20.000000 -4.000000 -2.919100
v -18.000000 -4.000000 -2.968234
v -16.000000 -4.000000 -3.017367
v -14.000000 -4.000000 -3.066439
v -12.000000 -4.000000 -2.969882
v -10.000000 -4.000000 -2.873385
v -8.000000 -4.000000 -2.776827
v -6.000000 -4.000000 -2.680331
v -4.000000 -4.000000 -2.583773
v -2.000000 -4.000000 -2.490939
v 0.000000 -4.000000 -2.401705
v 2.000000 -4.000000 -2.204745
v 4.000000 -4.000000 -1.899874
v 6.000000 -4.000000 -1.595187
v 8.000000 -4.000000 -1.290316
v 10.000000 -4.000000 -0.985445
v 12.000000 -4.000000 -0.680636
v 14.000000 -4.000000 -0.402926
v 16.000000 -4.000000 -0.125216
v 18.000000 -4.000000 0.143400
v 20.000000 -4.000000 0.412076
v 22.000000 -4.000000 0.698209
v 24.000000 -4.000000 0.984403
v 26.000000 -4.000000 1.270658
v 28.000000 -4.000000 1.556913
v 30.000000 -4.000000 1.843107
v 32.000000 -4.000000 2.103788
v -32.000000 -2.000000 -1.984286
v -30.000000 -2.000000 -2.126681
v -28.000000 -2.000000 -2.223971
v -26.000000 -2.000000 -2.274752
v -24.000000 -2.000000 -2.323824
v -22.000000 -2.000000 -2.373019
v -20.000000 -2.000000 -2.422091
v -18.000000 -2.000000 -2.471224
v -16.000000 -2.000000 -2.520297
v -14.000000 -2.000000 -2.569491
v -12.000000 -2.000000 -2.472933
v -10.000000 -2.000000 -2.376437
v -8.000000 -2.000000 -2.279879
v -6.000000 -2.000000 -2.183321
v -4.000000 -2.000000 -2.086764
v -2.000000 -2.000000 -1.990328
v 0.000000 -2.000000 -1.897372
v 2.000000 -2.000000 -1.700350
v 4.000000 -2.000000 -1.395602
v 6.000000 -2.000000 -1.090731
v 8.000000 -2.000000 -0.785922
v 10.000000 -2.000000 -0.481173
v 12.000000 -2.000000 -0.176302
v 14.000000 -2.000000 0.128507
v 16.000000 -2.000000 0.406217
v 18.000000 -2.000000 0.674833
v 20.000000 -2.000000 0.961088
v 22.000000 -2.000000 1.247282
v 24.000000 -2.000000 1.533536
v 26.000000 -2.000000 1.819669
v 28.000000 -2.000000 2.105924
v 30.000000 -2.000000 2.392179
v 32.000000 -2.000000 2.652860
v -32.000000 0.000000 -1.559847
v -30.000000 0.000000 -1.656039
v -28.000000 0.000000 -1.728671
v -26.000000 0.000000 -1.777743
v -24.000000 0.000000 -1.826815
v -22.000000 0.000000 -1.876009
v -20.000000 0.000000 -1.925082
v -18.000000 0.000000 -1.974215
v -16.000000 0.000000 -2.023287
v -14.000000 0.000000 -2.072482
v -12.000000 0.000000 -1.975863
v -10.000000 0.000000 -1.879366
v -8.000000 0.000000 -1.782809
v -6.000000 0.000000 -1.686312
v -4.000000 0.000000 -1.589755
v -2.000000 0.000000 -1.493197
v 0.000000 0.000000 -1.396700
v 2.000000 0.000000 -1.196017
v 4.000000 0.000000 -0.891207
v 6.000000 0.000000 -0.586398
v 8.000000 0.000000 -0.281588
v 10.000000 0.000000 0.023221
v 12.000000 0.000000 0.328031
v 14.000000 0.000000 0.632902
v 16.000000 0.000000 0.937650
v 18.000000 0.000000 1.223905
v 20.000000 0.000000 1.510099
v 22.000000 0.000000 1.796354
v 24.000000 0.000000 2.082548
v 26.000000 0.000000 2.368803
v 28.000000 0.000000 2.654996
v 30.000000 0.000000 2.941190
v 32.000000 0.000000 3.201932
v -32.000000 2.000000 -1.130709
v -30.000000 2.000000 -1.167819
v -28.000000 2.000000 -1.211703
v -26.000000 2.000000 -1.261569
v -24.000000 2.000000 -1.310580
v -22.000000 2.000000 -1.359774
v -20.000000 2.000000 -1.408907
v -18.000000 2.000000 -1.457980
v -16.000000 2.000000 -1.507113
v -14.000000 2.000000 -1.556185
v -12.000000 2.000000 -1.459689
v -10.000000 2.000000 -1.363131
v -8.000000 2.000000 -1.266573
v -6.000000 2.000000 -1.170077
v -4.000000 2.000000 -1.073519
v -2.000000 2.000000 -0.977023
v 0.000000 2.000000 -0.883700
v 2.000000 2.000000 -0.686373
v 4.000000 2.000000 -0.381564
v 6.000000 2.000000 -0.076693
v 8.000000 2.000000 0.228117
v 10.000000 2.000000 0.532865
v 12.000000 2.000000 0.837736
v 14.000000 2.000000 1.142545
v 16.000000 2.000000 1.447355
v 18.000000 2.000000 1.737455
v 20.000000 2.000000 2.023649
v 22.000000 2.000000 2.309904
v 24.000000 2.000000 2.596097
v 26.000000 2.000000 2.882352
v 28.000000 2.000000 3.168485
v 30.000000 2.000000 3.454740
v 32.000000 2.000000 3.716886
v -32.000000 4.000000 -0.613009
v -30.000000 4.000000 -0.650118
v -28.000000 4.000000 -0.693942
v -26.000000 4.000000 -0.744601
v -24.000000 4.000000 -0.794405
v -22.000000 4.000000 -0.843478
v -20.000000 4.000000 -0.892611
v -18.000000 4.000000 -0.941683
v -16.000000 4.000000 -0.990878
v -14.000000 4.000000 -1.039950
v -12.000000 4.000000 -0.943453
v -10.000000 4.000000 -0.846896
v -8.000000 4.000000 -0.750399
v -6.000000 4.000000 -0.653841
v -4.000000 4.000000 -0.557345
v -2.000000 4.000000 -0.464083
v 0.000000 4.000000 -0.374056
v 2.000000 4.000000 -0.176730
v 4.000000 4.000000 0.128080
v 6.000000 4.000000 0.432889
v 8.000000 4.000000 0.737760
v 10.000000 4.000000 1.042509
v 12.000000 4.000000 1.347379
v 14.000000 4.000000 1.652128
v 16.000000 4.000000 1.956937
v 18.000000 4.000000 2.247037
v 20.000000 4.000000 2.537199
v 22.000000 4.000000 2.823392
v 24.000000 4.000000 3.109647
v 26.000000 4.000000 3.395841
v 28.000000 4.000000 3.682035
v 30.000000 4.000000 3.968290
v 32.000000 4.000000 4.230436
v -32.000000 6.000000 -0.095309
v -30.000000 6.000000 -0.132418
v -28.000000 6.000000 -0.176241
v -26.000000 6.000000 -0.226840
v -24.000000 6.000000 -0.277377
v -22.000000 6.000000 -0.327303
v -20.000000 6.000000 -0.376376
v -18.000000 6.000000 -0.425509
v -16.000000 6.000000 -0.474642
v -14.000000 6.000000 -0.523715
v -12.000000 6.000000 -0.427279
v -10.000000 6.000000 -0.330660
v -8.000000 6.000000 -0.234103
v -6.000000 6.000000 -0.137606
v -4.000000 6.000000 -0.044344
v -2.000000 6.000000 0.045682
v 0.000000 6.000000 0.135526
v 2.000000 6.000000 0.332975
v 4.000000 6.000000 0.637723
v 6.000000 6.000000 0.942594
v 8.000000 6.000000 1.247404
v 10.000000 6.000000 1.552213
v 12.000000 6.000000 1.856962
v 14.000000 6.000000 2.161710
v 16.000000 6.000000 2.466398
v 18.000000 6.000000 2.756620
v 20.000000 6.000000 3.046781
v 22.000000 6.000000 3.337003
v 24.000000 6.000000 3.623136
v 26.000000 6.000000 3.909391
v 28.000000 6.000000 4.195585
v 30.000000 6.000000 4.481779
v 32.000000 6.000000 4.743986
v -32.000000 8.000000 0.422391
v -30.000000 8.000000 0.385404
v -28.000000 8.000000 0.341520
v -26.000000 8.000000 0.290922
v -24.000000 8.000000 0.240324
v -22.000000 8.000000 0.189664
v -20.000000 8.000000 0.139799
v -18.000000 8.000000 0.090726
v -16.000000 8.000000 0.041654
v -14.000000 8.000000 -0.007540
v -12.000000 8.000000 0.089078
v -10.000000 8.000000 0.185575
v -8.000000 8.000000 0.282072
v -6.000000 8.000000 0.375394
v -4.000000 8.000000 0.465299
v -2.000000 8.000000 0.555265
v 0.000000 8.000000 0.645231
v 2.000000 8.000000 0.842618
v 4.000000 8.000000 1.147489
v 6.000000 8.000000 1.452177
v 8.000000 8.000000 1.757047
v 10.000000 8.000000 2.061796
v 12.000000 8.000000 2.366544
v 14.000000 8.000000 2.671293
v 16.000000 8.000000 2.976102
v 18.000000 8.000000 3.266202
v 20.000000 8.000000 3.556364
v 22.000000 8.000000 3.846586
v 24.000000 8.000000 4.136686
v 26.000000 8.000000 4.422880
v 28.000000 8.000000 4.709135
v 30.000000 8.000000 4.995389
v 32.000000 8.000000 5.257535
v -32.000000 10.000000 0.940153
v -30.000000 10.000000 0.903104
v -28.000000 10.000000 0.859281
v -26.000000 10.000000 0.808622
v -24.000000 10.000000 0.758024
v -22.000000 10.000000 0.707487
v -20.000000 10.000000 0.656766
v -18.000000 10.000000 0.606901
v -16.000000 10.000000 0.557828
v -14.000000 10.000000 0.508695
v -12.000000 10.000000 0.605253
v -10.000000 10.000000 0.701749
v -8.000000 10.000000 0.795011
v -6.000000 10.000000 0.884977
v -4.000000 10.000000 0.974943
v -2.000000 10.000000 1.064909
v 0.000000 10.000000 1.154874
v 2.000000 10.000000 1.352262
v 4.000000 10.000000 1.657072
v 6.000000 10.000000 1.961881
v 8.000000 10.000000 2.266630
v 10.000000 10.000000 2.571439
v 12.000000 10.000000 2.876127
v 14.000000 10.000000 3.180936
v 16.000000 10.000000 3.485685
v 18.000000 10.000000 3.775785
v 20.000000 10.000000 4.065946
v 22.000000 10.000000 4.356168
v 24.000000 10.000000 4.646268
v 26.000000 10.000000 4.936491
v 28.000000 10.000000 5.222684
v 30.000000 10.000000 5.508939
v 32.000000 10.000000 5.771085
v -32.000000 12.000000 1.457914
v -30.000000 12.000000 1.420805
v -28.000000 12.000000 1.376981
v -26.000000 12.000000 1.326383
v -24.000000 12.000000 1.275785
v -22.000000 12.000000 1.225187
v -20.000000 12.000000 1.174528
v -18.000000 12.000000 1.123991
v -16.000000 12.000000 1.074064
v -14.000000 12.000000 1.024992
v -12.000000 12.000000 1.121488
v -10.000000 12.000000 1.214750
v -8.000000 12.000000 1.304716
v -6.000000 12.000000 1.394681
v -4.000000 12.000000 1.484525
v -2.000000 12.000000 1.574552
v 0.000000 12.000000 1.664579
v 2.000000 12.000000 1.861906
v 4.000000 12.000000 2.166776
v 6.000000 12.000000 2.471525
v 8.000000 12.000000 2.776212
v 10.000000 12.000000 3.081022
v 12.000000 12.000000 3.385709
v 14.000000 12.000000 3.690519
v 16.000000 12.000000 3.995145
v 18.000000 12.000000 4.285367
v 20.000000 12.000000 4.575529
v 22.000000 12.000000 4.865751
v 24.000000 12.000000 5.155912
v 26.000000 12.000000 5.446073
v 28.000000 12.000000 5.736234
v 30.000000 12.000000 6.022489
v 32.000000 12.000000 6.284635
v -32.000000 14.000000 1.945829
v -30.000000 14.000000 1.938566
v -28.000000 14.000000 1.894681
v -26.000000 14.000000 1.844144
v -24.000000 14.000000 1.793485
v -22.000000 14.000000 1.742887
v -20.000000 14.000000 1.692350
v -18.000000 14.000000 1.641691
v -16.000000 14.000000 1.591093
v -14.000000 14.000000 1.541227
v -12.000000 14.000000 1.634489
v -10.000000 14.000000 1.724393
v -8.000000 14.000000 1.814359
v -6.000000 14.000000 1.904264
v -4.000000 14.000000 1.994291
v -2.000000 14.000000 2.084257
v 0.000000 14.000000 2.174222
v 2.000000 14.000000 2.371549
v 4.000000 14.000000 2.676359
v 6.000000 14.000000 2.981107
v 8.000000 14.000000 3.285795
v 10.000000 14.000000 3.590604
v 12.000000 14.000000 3.895292
v 14.000000 14.000000 4.200040
v 16.000000 14.000000 4.504850
v 18.000000 14.000000 4.794950
v 20.000000 14.000000 5.085172
v 22.000000 14.000000 5.375333
v 24.000000 14.000000 5.665433
v 26.000000 14.000000 5.955656
v 28.000000 14.000000 6.245817
v 30.000000 14.000000 6.536039
v 32.000000 14.000000 6.798185
v -32.000000 16.000000 2.546171
v -30.000000 16.000000 2.538358
v -28.000000 16.000000 2.508573
v -26.000000 16.000000 2.458036
v -24.000000 16.000000 2.407377
v -22.000000 16.000000 2.356779
v -20.000000 16.000000 2.306242
v -18.000000 16.000000 2.255582
v -16.000000 16.000000 2.204984
v -14.000000 16.000000 2.123746
v -12.000000 16.000000 2.213651
v -10.000000 16.000000 2.303556
v -8.000000 16.000000 2.393583
v -6.000000 16.000000 2.483488
v -4.000000 16.000000 2.573453
v -2.000000 16.000000 2.663419
v 0.000000 16.000000 2.753385
v 2.000000 16.000000 2.828702
v 4.000000 16.000000 3.133573
v 6.000000 16.000000 3.438322
v 8.000000 16.000000 3.743009
v 10.000000 16.000000 4.047758
v 12.000000 16.000000 4.352445
v 14.000000 16.000000 4.657194
v 16.000000 16.000000 4.962003
v 18.000000 16.000000 5.252103
v 20.000000 16.000000 5.542325
v 22.000000 16.000000 5.832487
v 24.000000 16.000000 6.122648
v 26.000000 16.000000 6.412870
v 28.000000 16.000000 6.703031
v 30.000000 16.000000 6.993131
v 32.000000 16.000000 7.227201
v -32.000000 18.000000 3.257352
v -30.000000 18.000000 3.248441
v -28.000000 18.000000 3.218717
v -26.000000 18.000000 3.167997
v -24.000000 18.000000 3.117460
v -22.000000 18.000000 3.066923
v -20.000000 18.000000 3.016202
v -18.000000 18.000000 2.965665
v -16.000000 18.000000 2.884367
v -14.000000 18.000000 2.772306
v -12.000000 18.000000 2.862333
v -10.000000 18.000000 2.952238
v -8.000000 18.000000 3.042203
v -6.000000 18.000000 3.132169
v -4.000000 18.000000 3.222135
v -2.000000 18.000000 3.312101
v 0.000000 18.000000 3.302091
v 2.000000 18.000000 3.377531
v 4.000000 18.000000 3.538297
v 6.000000 18.000000 3.843046
v 8.000000 18.000000 4.147733
v 10.000000 18.000000 4.452543
v 12.000000 18.000000 4.757230
v 14.000000 18.000000 5.062040
v 16.000000 18.000000 5.366788
v 18.000000 18.000000 5.656888
v 20.000000 18.000000 5.947111
v 22.000000 18.000000 6.237272
v 24.000000 18.000000 6.527494
v 26.000000 18.000000 6.817594
v 28.000000 18.000000 7.107755
v 30.000000 18.000000 7.348295
v 32.000000 18.000000 7.582242
v -32.000000 20.000000 3.967374
v -30.000000 20.000000 3.958524
v -28.000000 20.000000 3.928739
v -26.000000 20.000000 3.878141
v -24.000000 20.000000 3.827482
v -22.000000 20.000000 3.776884
v -20.000000 20.000000 3.726346
v -18.000000 20.000000 3.644987
v -16.000000 20.000000 3.533048
v -14.000000 20.000000 3.420988
v -12.000000 20.000000 3.511014
v -10.000000 20.000000 3.600919
v -8.000000 20.000000 3.690885
v -6.000000 20.000000 3.780790
v -4.000000 20.000000 3.870817
v -2.000000 20.000000 3.860807
v 0.000000 20.000000 3.850797
v 2.000000 20.000000 3.926237
v 4.000000 20.000000 4.087003
v 6.000000 20.000000 4.247770
v 8.000000 20.000000 4.552518
v 10.000000 20.000000 4.857328
v 12.000000 20.000000 5.162076
v 14.000000 20.000000 5.466764
v 16.000000 20.000000 5.771513
v 18.000000 20.000000 6.061674
v 20.000000 20.000000 6.351835
v 22.000000 20.000000 6.642057
v 24.000000 20.000000 6.932218
v 26.000000 20.000000 7.222318
v 28.000000 20.000000 7.462858
v 30.000000 20.000000 7.703275
v 32.000000 20.000000 7.937345
v -32.000000 22.000000 4.677457
v -30.000000 22.000000 4.668607
v -28.000000 22.000000 4.638761
v -26.000000 22.000000 4.588163
v -24.000000 22.000000 4.537626
v -22.000000 22.000000 4.487028
v -20.000000 22.000000 4.405668
v -18.000000 22.000000 4.293729
v -16.000000 22.000000 4.181608
v -14.000000 22.000000 4.069669
v -12.000000 22.000000 4.159696
v -10.000000 22.000000 4.249601
v -8.000000 22.000000 4.339567
v -6.000000 22.000000 4.429533
v -4.000000 22.000000 4.419462
v -2.000000 22.000000 4.409574
v 0.000000 22.000000 4.399564
v 2.000000 22.000000 4.474943
v 4.000000 22.000000 4.635709
v 6.000000 22.000000 4.796476
v 8.000000 22.000000 4.957304
v 10.000000 22.000000 5.262052
v 12.000000 22.000000 5.566801
v 14.000000 22.000000 5.871549
v 16.000000 22.000000 6.176298
v 18.000000 22.000000 6.466398
v 20.000000 22.000000 6.756620
v 22.000000 22.000000 7.046781
v 24.000000 22.000000 7.337003
v 26.000000 22.000000 7.577482
v 28.000000 22.000000 7.817899
v 30.000000 22.000000 8.058439
v 32.000000 22.000000 8.292387
v -32.000000 24.000000 5.387540
v -30.000000 24.000000 5.378568
v -28.000000 24.000000 5.348844
v -26.000000 24.000000 5.298307
v -24.000000 24.000000 5.247587
v -22.000000 24.000000 5.166349
v -20.000000 24.000000 5.054349
v -18.000000 24.000000 4.942350
v -16.000000 24.000000 4.830411
v -14.000000 24.000000 4.718351
v -12.000000 24.000000 4.808317
v -10.000000 24.000000 4.898221
v -8.000000 24.000000 4.988248
v -6.000000 24.000000 4.978239
v -4.000000 24.000000 4.968290
v -2.000000 24.000000 4.958280
v 0.000000 24.000000 4.948270
v 2.000000 24.000000 5.023710
v 4.000000 24.000000 5.184476
v 6.000000 24.000000 5.345243
v 8.000000 24.000000 5.506010
v 10.000000 24.000000 5.666837
v 12.000000 24.000000 5.971586
v 14.000000 24.000000 6.276334
v 16.000000 24.000000 6.581083
v 18.000000 24.000000 6.871244
v 20.000000 24.000000 7.161405
v 22.000000 24.000000 7.451566
v 24.000000 24.000000 7.692045
v 26.000000 24.000000 7.932523
v 28.000000 24.000000 8.173002
v 30.000000 24.000000 8.413420
v 32.000000 24.000000 8.647490
v -32.000000 26.000000 6.097623
v -30.000000 26.000000 6.088651
v -28.000000 26.000000 6.058927
v -26.000000 26.000000 6.008329
v -24.000000 26.000000 5.927030
v -22.000000 26.000000 5.814970
v -20.000000 26.000000 5.703031
v -18.000000 26.000000 5.591093
v -16.000000 26.000000 5.478971
v -14.000000 26.000000 5.367033
v -12.000000 26.000000 5.457059
v -10.000000 26.000000 5.546964
v -8.000000 26.000000 5.536893
v -6.000000 26.000000 5.526884
v -4.000000 26.000000 5.516996
v -2.000000 26.000000 5.506986
v 0.000000 26.000000 5.496976
v 2.000000 26.000000 5.572355
v 4.000000 26.000000 5.733182
v 6.000000 26.000000 5.894010
v 8.000000 26.000000 6.054777
v 10.000000 26.000000 6.215543
v 12.000000 26.000000 6.376371
v 14.000000 26.000000 6.681058
v 16.000000 26.000000 6.985807
v 18.000000 26.000000 7.276029
v 20.000000 26.000000 7.566129
v 22.000000 26.000000 7.806608
v 24.000000 26.000000 8.047148
v 26.000000 26.000000 8.287626
v 28.000000 26.000000 8.528105
v 30.000000 26.000000 8.768583
v 32.000000 26.000000 9.002531
v -32.000000 28.000000 6.807645
v -30.000000 28.000000 6.798734
v -28.000000 28.000000 6.769010
v -26.000000 28.000000 6.687650
v -24.000000 28.000000 6.575651
v -22.000000 28.000000 6.463651
v -20.000000 28.000000 6.351713
v -18.000000 28.000000 6.239713
v -16.000000 28.000000 6.127775
v -14.000000 28.000000 6.015714
v -12.000000 28.000000 6.105680
v -10.000000 28.000000 6.095670
v -8.000000 28.000000 6.085660
v -6.000000 28.000000 6.075651
v -4.000000 28.000000 6.065641
v -2.000000 28.000000 6.055631
v 0.000000 28.000000 6.045743
v 2.000000 28.000000 6.121061
v 4.000000 28.000000 6.281888
v 6.000000 28.000000 6.442655
v 8.000000 28.000000 6.603483
v 10.000000 28.000000 6.764249
v 12.000000 28.000000 6.925016
v 14.000000 28.000000 7.085844
v 16.000000 28.000000 7.390592
v 18.000000 28.000000 7.680753
v 20.000000 28.000000 7.921232
v 22.000000 28.000000 8.161772
v 24.000000 28.000000 8.402189
v 26.000000 28.000000 8.642668
v 28.000000 28.000000 8.883146
v 30.000000 28.000000 9.123625
v 32.000000 28.000000 9.357634
v -32.000000 30.000000 7.520841
v -30.000000 30.000000 7.509855
v -28.000000 30.000000 7.448392
v -26.000000 30.000000 7.336332
v -24.000000 30.000000 7.224332
v -22.000000 30.000000 7.112333
v -20.000000 30.000000 7.000394
v -18.000000 30.000000 6.888395
v -16.000000 30.000000 6.776334
v -14.000000 30.000000 6.664396
v -12.000000 30.000000 6.654386
v -10.000000 30.000000 6.644437
v -8.000000 30.000000 6.634428
v -6.000000 30.000000 6.624418
v -4.000000 30.000000 6.614408
v -2.000000 30.000000 6.604398
v 0.000000 30.000000 6.594511
v 2.000000 30.000000 6.669828
v 4.000000 30.000000 6.830656
v 6.000000 30.000000 6.991361
v 8.000000 30.000000 7.152189
v 10.000000 30.000000 7.313016
v 12.000000 30.000000 7.473783
v 14.000000 30.000000 7.634550
v 16.000000 30.000000 7.795377
v 18.000000 30.000000 8.035795
v 20.000000 30.000000 8.276335
v 22.000000 30.000000 8.516752
v 24.000000 30.000000 8.757231
v 26.000000 30.000000 8.997770
v 28.000000 30.000000 9.238249
v 30.000000 30.000000 9.478727
v 32.000000 30.000000 9.712675
v -32.000000 32.000000 8.229277
v -30.000000 32.000000 8.205900
v -28.000000 32.000000 8.106108
v -26.000000 32.000000 7.962003
v -24.000000 32.000000 7.850065
v -22.000000 32.000000 7.738004
v -20.000000 32.000000 7.626005
v -18.000000 32.000000 7.514005
v -16.000000 32.000000 7.402067
v -14.000000 32.000000 7.290006
v -12.000000 32.000000 7.180875
v -10.000000 32.000000 7.170866
v -8.000000 32.000000 7.160917
v -6.000000 32.000000 7.150968
v -4.000000 32.000000 7.140958
v -2.000000 32.000000 7.130949
v 0.000000 32.000000 7.120939
v 2.000000 32.000000 7.196378
v 4.000000 32.000000 7.357145
v 6.000000 32.000000 7.517911
v 8.000000 32.000000 7.678739
v 10.000000 32.000000 7.839567
v 12.000000 32.000000 8.000273
v 14.000000 32.000000 8.161100
v 16.000000 32.000000 8.181303
v 18.000000 32.000000 8.421782
v 20.000000 32.000000 8.662260
v 22.000000 32.000000 8.902739
v 24.000000 32.000000 9.143156
v 26.000000 32.000000 9.383696
v 28.000000 32.000000 9.624113
v 30.000000 32.000000 9.831633
v 32.000000 32.000000 10.032560
vn 0.2052 0.1569 0.9661
vn 0.2141 0.1566 0.9642
vn 0.1872 0.1265 0.9741
vn 0.2061 0.1260 0.9704
vn 0.2052 0.1285 0.9703
vn 0.1495 0.0726 0.9861
vn 0.1588 0.0715 0.9847
vn 0.1302 0.0173 0.9913
vn 0.1301 0.0423 0.9906
vn 0.0957 0.0425 0.9945
vn 0.0956 0.0173 0.9953
vn 0.0610 0.0426 0.9972
vn 0.0611 0.0174 0.9980
vn 0.0922 0.0113 0.9957
vn 0.0610 0.0174 0.9980
vn 0.1355 -0.0510 0.9895
vn 0.0396 -0.0403 0.9984
vn 0.0958 -0.1161 0.9886
vn -0.0035 -0.1315 0.9913
vn 0.0093 -0.1832 0.9830
vn -0.0247 -0.1649 0.9860
vn -0.0245 -0.2156 0.9762
vn -0.0247 -0.1648 0.9860
vn -0.0247 -0.1645 0.9861
vn -0.0560 -0.2154 0.9749
vn -0.0562 -0.2184 0.9742
vn -0.0879 -0.2149 0.9727
vn -0.0879 -0.2179 0.9720
vn -0.0878 -0.2179 0.9720
vn -0.0755 -0.2268 0.9710
vn -0.0520 -0.2502 0.9668
vn -0.0857 -0.2397 0.9671
vn -0.0513 -0.2702 0.9614
vn -0.0816 -0.2762 0.9576
vn 0.1629 0.0956 0.9820
vn 0.2069 0.0948 0.9738
vn 0.0982 0.0705 0.9927
vn 0.1044 0.0184 0.9944
vn 0.1302 -0.0078 0.9915
vn 0.0957 -0.0078 0.9954
vn 0.0611 -0.0078 0.9981
vn 0.0611 -0.0079 0.9981
vn 0.0347 -0.0342 0.9988
vn -0.0132 -0.0868 0.9961
vn -0.0297 -0.1129 0.9932
vn -0.0249 -0.1129 0.9933
vn -0.0805 -0.1676 0.9826
vn -0.1110 -0.2204 0.9691
vn -0.0878 -0.2209 0.9713
vn -0.0981 -0.2308 0.9680
vn -0.1135 -0.2504 0.9615
vn -0.1064 -0.2671 0.9578
vn 0.1625 0.0956 0.9821
vn 0.2068 0.0948 0.9738
vn 0.0721 0.0966 0.9927
vn 0.0523 0.0708 0.9961
vn 0.1303 -0.0078 0.9915
vn -0.0181 -0.0868 0.9961
vn -0.0394 -0.1128 0.9928
vn -0.0806 -0.1676 0.9826
vn -0.1341 -0.2198 0.9663
vn -0.1185 -0.2502 0.9609
vn -0.1236 -0.2599 0.9577
vn -0.1136 -0.2602 0.9588
vn 0.0260 0.0968 0.9950
vn 0.0960 -0.0078 0.9953
vn -0.0443 -0.1128 0.9926
vn -0.0297 -0.1128 0.9932
vn -0.0805 -0.1675 0.9826
vn -0.1342 -0.2198 0.9663
vn -0.1285 -0.2597 0.9571
vn 0.0724 0.0966 0.9927
vn 0.0347 -0.0343 0.9988
vn -0.1286 -0.2597 0.9571
vn -0.1136 -0.2602 0.9589
vn 0.0720 0.0966 0.9927
vn 0.0260 0.0969 0.9950
vn 0.0261 0.0968 0.9950
vn -0.0298 -0.1128 0.9932
vn 0.1496 0.1529 0.9768
vn 0.0261 0.0969 0.9950
vn 0.0958 -0.0078 0.9954
vn -0.0442 -0.1128 0.9926
vn -0.1111 -0.2204 0.9691
vn 0.1059 0.0463 0.9933
vn 0.0929 0.1103 0.9895
vn 0.0722 0.0111 0.9973
vn 0.0262 0.0112 0.9996
vn 0.0261 0.0112 0.9996
vn 0.0525 -0.0148 0.9985
vn 0.0435 -0.0678 0.9968
vn -0.0180 -0.1209 0.9925
vn -0.0441 -0.1464 0.9882
vn -0.0441 -0.1464 0.9883
vn -0.0441 -0.1463 0.9883
vn -0.0392 -0.1466 0.9884
vn -0.0851 -0.1766 0.9806
vn -0.1339 -0.2285 0.9643
vn -0.1213 -0.2289 0.9659
vn -0.1185 -0.2489 0.9612
vn -0.1286 -0.2585 0.9574
vn -0.1237 -0.2587 0.9580
vn -0.1136 -0.2619 0.9584
vn 0.0650 -0.1243 0.9901
vn 0.0874 -0.1130 0.9897
vn 0.0369 -0.1587 0.9866
vn 0.0258 -0.1586 0.9870
vn 0.0258 -0.1588 0.9870
vn 0.0258 -0.1587 0.9870
vn 0.0254 -0.1590 0.9869
vn -0.0103 -0.1851 0.9827
vn -0.0444 -0.2115 0.9764
vn -0.0435 -0.2121 0.9763
vn -0.0697 -0.2120 0.9748
vn -0.1143 -0.2404 0.9639
vn -0.1333 -0.2459 0.9601
vn -0.1312 -0.2460 0.9604
vn -0.1287 -0.2559 0.9581
vn -0.1287 -0.2560 0.9581
vn -0.1267 -0.2599 0.9573
vn -0.1166 -0.2632 0.9577
vn 0.0581 -0.2393 0.9692
vn 0.0691 -0.2339 0.9698
vn 0.0363 -0.2395 0.9702
vn 0.0254 -0.2396 0.9705
vn 0.0253 -0.2397 0.9705
vn 0.0249 -0.2401 0.9704
vn 0.0243 -0.2406 0.9703
vn -0.0118 -0.2414 0.9704
vn -0.0459 -0.2418 0.9693
vn -0.0441 -0.2434 0.9689
vn -0.0432 -0.2443 0.9687
vn -0.0692 -0.2439 0.9673
vn -0.1207 -0.2427 0.9626
vn -0.1396 -0.2482 0.9586
vn -0.1330 -0.2545 0.9579
vn -0.1309 -0.2546 0.9581
vn -0.1287 -0.2547 0.9584
vn -0.1288 -0.2547 0.9584
vn -0.1327 -0.2585 0.9569
vn -0.1307 -0.2624 0.9561
vn -0.1187 -0.2629 0.9575
vn 0.0690 -0.2391 0.9685
vn 0.0239 -0.2410 0.9702
vn -0.0115 -0.2412 0.9704
vn -0.0468 -0.2409 0.9694
vn -0.0441 -0.2435 0.9689
vn -0.1462 -0.2419 0.9592
vn -0.1330 -0.2546 0.9579
vn -0.1288 -0.2548 0.9584
vn -0.1367 -0.2622 0.9553
vn -0.1307 -0.2625 0.9560
vn 0.0689 -0.2391 0.9685
vn 0.0238 -0.2411 0.9702
vn -0.0115 -0.2411 0.9704
vn -0.1366 -0.2622 0.9553
vn -0.0691 -0.2439 0.9673
vn -0.1367 -0.2623 0.9553
vn 0.0362 -0.2397 0.9702
vn 0.0582 -0.2340 0.9705
vn 0.0637 -0.2233 0.9727
vn 0.0358 -0.2400 0.9701
vn -0.0701 -0.2431 0.9675
vn -0.1308 -0.2546 0.9582
vn 0.0410 -0.2329 0.9716
vn 0.0470 -0.2085 0.9769
vn 0.0295 -0.2452 0.9690
vn 0.0239 -0.2454 0.9691
vn 0.0238 -0.2455 0.9691
vn -0.0115 -0.2455 0.9693
vn -0.0467 -0.2453 0.9683
vn -0.0469 -0.2454 0.9683
vn -0.0717 -0.2449 0.9669
vn -0.1216 -0.2439 0.9622
vn -0.1461 -0.2431 0.9589
vn -0.1462 -0.2431 0.9589
vn -0.1415 -0.2493 0.9580
vn -0.1370 -0.2544 0.9574
vn -0.1370 -0.2543 0.9574
vn -0.1311 -0.2546 0.9581
vn -0.1189 -0.2552 0.9595
vn 0.0197 -0.2438 0.9696
vn 0.0252 -0.2303 0.9728
vn 0.0227 -0.2504 0.9679
vn 0.0239 -0.2500 0.9679
vn 0.0238 -0.2498 0.9680
vn 0.0238 -0.2499 0.9680
vn -0.0115 -0.2499 0.9682
vn -0.0467 -0.2496 0.9672
vn -0.0467 -0.2497 0.9672
vn -0.0457 -0.2487 0.9675
vn -0.0704 -0.2473 0.9664
vn -0.1207 -0.2450 0.9620
vn -0.1461 -0.2443 0.9586
vn -0.1426 -0.2444 0.9591
vn -0.1382 -0.2454 0.9595
vn -0.1373 -0.2463 0.9594
vn -0.1316 -0.2465 0.9602
vn -0.1199 -0.2472 0.9615
vn 0.0196 -0.2505 0.9679
vn 0.0180 -0.2506 0.9679
vn 0.0229 -0.2505 0.9678
vn 0.0243 -0.2504 0.9678
vn -0.0465 -0.2495 0.9673
vn -0.0443 -0.2474 0.9679
vn -0.0696 -0.2465 0.9666
vn -0.1207 -0.2451 0.9619
vn -0.1427 -0.2444 0.9591
vn -0.1392 -0.2445 0.9596
vn -0.1383 -0.2454 0.9595
vn -0.1203 -0.2469 0.9615
vn 0.0196 -0.2506 0.9679
vn 0.0179 -0.2506 0.9679
vn 0.0228 -0.2505 0.9678
vn 0.0245 -0.2505 0.9678
vn 0.0240 -0.2500 0.9679
vn -0.0445 -0.2476 0.9678
vn -0.0437 -0.2469 0.9681
vn -0.0694 -0.2463 0.9667
vn -0.1373 -0.2464 0.9594
vn 0.0229 -0.2506 0.9678
vn -0.0436 -0.2467 0.9681
vn -0.1316 -0.2466 0.9601
vn -0.1202 -0.2469 0.9616
vn -0.0459 -0.2490 0.9674
vn -0.0435 -0.2467 0.9681
vn 0.0180 -0.2438 0.9697
vn -0.0115 -0.2500 0.9682
vn -0.0434 -0.2466 0.9682
vn 0.0123 -0.2691 0.9630
vn -0.0037 -0.2625 0.9649
vn 0.0227 -0.2723 0.9619
vn 0.0243 -0.2725 0.9619
vn 0.0243 -0.2720 0.9620
vn 0.0243 -0.2723 0.9619
vn 0.0242 -0.2720 0.9620
vn -0.0103 -0.2646 0.9643
vn -0.0440 -0.2631 0.9638
vn -0.0435 -0.2625 0.9639
vn -0.0433 -0.2623 0.9640
vn -0.0434 -0.2623 0.9640
vn -0.0691 -0.2620 0.9626
vn -0.1211 -0.2332 0.9649
vn -0.1465 -0.2324 0.9615
vn -0.1465 -0.2323 0.9615
vn -0.1431 -0.2325 0.9620
vn -0.1396 -0.2326 0.9625
vn -0.1397 -0.2326 0.9625
vn -0.1330 -0.2337 0.9632
vn -0.1208 -0.2277 0.9662
vn 0.0089 -0.3111 0.9503
vn 0.0036 -0.3115 0.9503
vn 0.0191 -0.3142 0.9492
vn 0.0240 -0.3140 0.9491
vn 0.0241 -0.3141 0.9491
vn 0.0314 -0.3075 0.9510
vn -0.0021 -0.2942 0.9558
vn -0.0431 -0.2933 0.9551
vn -0.0430 -0.2931 0.9551
vn -0.0429 -0.2931 0.9551
vn -0.0429 -0.2932 0.9551
vn -0.0397 -0.2712 0.9617
vn -0.0918 -0.2429 0.9657
vn -0.1474 -0.2083 0.9669
vn -0.1473 -0.2083 0.9669
vn -0.1439 -0.2084 0.9674
vn -0.1404 -0.2085 0.9679
vn -0.1404 -0.2086 0.9679
vn -0.1273 -0.1972 0.9721
vn -0.1150 -0.1911 0.9748
vn 0.0090 -0.3346 0.9423
vn 0.0042 -0.3348 0.9423
vn 0.0189 -0.3345 0.9422
vn 0.0238 -0.3345 0.9421
vn 0.0239 -0.3345 0.9421
vn 0.0311 -0.3280 0.9442
vn 0.0458 -0.3148 0.9481
vn 0.0052 -0.3085 0.9512
vn -0.0427 -0.3082 0.9504
vn -0.0427 -0.3082 0.9503
vn -0.0192 -0.2868 0.9578
vn -0.0158 -0.2646 0.9642
vn -0.0568 -0.2642 0.9628
vn -0.1126 -0.2303 0.9666
vn -0.1477 -0.1962 0.9694
vn -0.1442 -0.1963 0.9699
vn -0.1408 -0.1964 0.9704
vn -0.1407 -0.1964 0.9704
vn -0.1292 -0.1850 0.9742
vn -0.1160 -0.1737 0.9779
vn -0.1129 -0.1737 0.9783
vn 0.0091 -0.3346 0.9423
vn 0.0042 -0.3346 0.9424
vn 0.0312 -0.3279 0.9442
vn 0.0532 -0.3081 0.9499
vn -0.0428 -0.3082 0.9503
vn -0.0191 -0.2865 0.9579
vn 0.0048 -0.2646 0.9643
vn -0.0568 -0.2641 0.9628
vn -0.0773 -0.2638 0.9615
vn -0.1176 -0.1736 0.9778
vn -0.1160 -0.1736 0.9780
vn -0.1130 -0.1737 0.9783
vn 0.0091 -0.3345 0.9423
vn 0.0048 -0.2646 0.9644
vn 0.0458 -0.3147 0.9481
vn -0.0158 -0.2645 0.9642
vn -0.0157 -0.2646 0.9642
vn -0.1443 -0.1963 0.9699
vn 0.0091 -0.3348 0.9423
vn 0.0044 -0.3350 0.9422
vn 0.0262 -0.3280 0.9443
vn 0.0053 -0.3085 0.9512
vn 0.0171 -0.3318 0.9432
vn 0.0052 -0.3349 0.9423
vn 0.0412 -0.3167 0.9476
vn 0.0533 -0.3032 0.9515
vn 0.0533 -0.3031 0.9515
vn 0.0291 -0.3035 0.9524
vn 0.0048 -0.2596 0.9657
vn -0.0158 -0.2596 0.9656
vn -0.0569 -0.2592 0.9641
vn -0.0774 -0.2588 0.9628
vn -0.0773 -0.2589 0.9628
vn -0.0979 -0.1930 0.9763
vn -0.1174 -0.1809 0.9765
vn -0.1159 -0.1731 0.9781
vn -0.1131 -0.1653 0.9797
vn 0.0291 -0.3273 0.9445
vn 0.0095 -0.3300 0.9439
vn 0.0577 -0.3187 0.9461
vn 0.0608 -0.3050 0.9504
vn 0.0534 -0.2982 0.9530
vn 0.0534 -0.2981 0.9530
vn 0.0527 -0.2981 0.9531
vn 0.0286 -0.2767 0.9605
vn 0.0048 -0.2545 0.9670
vn 0.0048 -0.2546 0.9670
vn -0.0159 -0.2545 0.9669
vn -0.0572 -0.2542 0.9655
vn -0.0775 -0.2538 0.9641
vn -0.0441 -0.2222 0.9740
vn -0.0639 -0.1891 0.9799
vn -0.1172 -0.1882 0.9751
vn -0.1173 -0.1882 0.9751
vn -0.1095 -0.1806 0.9775
vn -0.1002 -0.1650 0.9812
vn -0.1052 -0.1570 0.9820
vt 0.015625 0.015625
vt 0.045898 0.015625
vt 0.045898 0.045898
vt 0.015625 0.045898
vt 0.076172 0.015625
vt 0.076172 0.045898
vt 0.106445 0.015625
vt 0.106445 0.045898
vt 0.136719 0.015625
vt 0.136719 0.045898
vt 0.166992 0.015625
vt 0.166992 0.045898
vt 0.197266 0.015625
vt 0.197266 0.045898
vt 0.227539 0.015625
vt 0.227539 0.045898
vt 0.257812 0.015625
vt 0.257812 0.045898
vt 0.288086 0.015625
vt 0.288086 0.045898
vt 0.318359 0.015625
vt 0.318359 0.045898
vt 0.348633 0.015625
vt 0.348633 0.045898
vt 0.378906 0.015625
vt 0.378906 0.045898
vt 0.409180 0.015625
vt 0.409180 0.045898
vt 0.439453 0.015625
vt 0.439453 0.045898
vt 0.469727 0.015625
vt 0.469727 0.045898
vt 0.500000 0.015625
vt 0.500000 0.045898
vt 0.530273 0.015625
vt 0.530273 0.045898
vt 0.560547 0.015625
vt 0.560547 0.045898
vt 0.590820 0.015625
vt 0.590820 0.045898
vt 0.621094 0.015625
vt 0.621094 0.045898
vt 0.651367 0.015625
vt 0.651367 0.045898
vt 0.681641 0.015625
vt 0.681641 0.045898
vt 0.711914 0.015625
vt 0.711914 0.045898
vt 0.742188 0.015625
vt 0.742188 0.045898
vt 0.772461 0.015625
vt 0.772461 0.045898
vt 0.802734 0.015625
vt 0.802734 0.045898
vt 0.833008 0.015625
vt 0.833008 0.045898
vt 0.863281 0.015625
vt 0.863281 0.045898
vt 0.893555 0.015625
vt 0.893555 0.045898
vt 0.923828 0.015625
vt 0.923828 0.045898
vt 0.954102 0.015625
vt 0.954102 0.045898
vt 0.984375 0.015625
vt 0.984375 0.045898
vt 0.045898 0.076172
vt 0.015625 0.076172
vt 0.076172 0.076172
vt 0.106445 0.076172
vt 0.136719 0.076172
vt 0.166992 0.076172
vt 0.197266 0.076172
vt 0.227539 0.076172
vt 0.257812 0.076172
vt 0.288086 0.076172
vt 0.318359 0.076172
vt 0.348633 0.076172
vt 0.378906 0.076172
vt 0.409180 0.076172
vt 0.439453 0.076172
vt 0.469727 0.076172
vt 0.500000 0.076172
vt 0.530273 0.076172
vt 0.560547 0.076172
vt 0.590820 0.076172
vt 0.621094 0.076172
vt 0.651367 0.076172
vt 0.681641 0.076172
vt 0.711914 0.076172
vt 0.742188 0.076172
vt 0.772461 0.076172
vt 0.802734 0.076172
vt 0.833008 0.076172
vt 0.863281 0.076172
vt 0.893555 0.076172
vt 0.923828 0.076172
vt 0.954102 0.076172
vt 0.984375 0.076172
vt 0.045898 0.106445
vt 0.015625 0.106445
vt 0.076172 0.106445
vt 0.106445 0.106445
vt 0.136719 0.106445
vt 0.166992 0.106445
vt 0.197266 0.106445
vt 0.227539 0.106445
vt 0.257812 0.106445
vt 0.288086 0.106445
vt 0.318359 0.106445
vt 0.348633 0.106445
vt 0.378906 0.106445
vt 0.409180 0.106445
vt 0.439453 0.106445
vt 0.469727 0.106445
vt 0.500000 0.106445
vt 0.530273 0.106445
vt 0.560547 0.106445
vt 0.590820 0.106445
vt 0.621094 0.106445
vt 0.651367 0.106445
vt 0.681641 0.106445
vt 0.711914 0.106445
vt 0.742188 0.106445
vt 0.772461 0.106445
vt 0.802734 0.106445
vt 0.833008 0.106445
vt 0.863281 0.106445
vt 0.893555 0.106445
vt 0.923828 0.106445
vt 0.954102 0.106445
vt 0.984375 0.106445
vt 0.045898 0.136719
vt 0.015625 0.136719
vt 0.076172 0.136719
vt 0.106445 0.136719
vt 0.136719 0.136719
vt 0.166992 0.136719
vt 0.197266 0.136719
vt 0.227539 0.136719
vt 0.257812 0.136719
vt 0.288086 0.136719
vt 0.318359 0.136719
vt 0.348633 0.136719
vt 0.378906 0.136719
vt 0.409180 0.136719
vt 0.439453 0.136719
vt 0.469727 0.136719
vt 0.500000 0.136719
vt 0.530273 0.136719
vt 0.560547 0.136719
vt 0.590820 0.136719
vt 0.621094 0.136719
vt 0.651367 0.136719
vt 0.681641 0.136719
vt 0.711914 0.136719
vt 0.742188 0.136719
vt 0.772461 0.136719
vt 0.802734 0.136719
vt 0.833008 0.136719
vt 0.863281 0.136719
vt 0.893555 0.136719
vt 0.923828 0.136719
vt 0.954102 0.136719
vt 0.984375 0.136719
vt 0.045898 0.166992
vt 0.015625 0.166992
vt 0.076172 0.166992
vt 0.106445 0.166992
vt 0.136719 0.166992
vt 0.166992 0.166992
vt 0.197266 0.166992
vt 0.227539 0.166992
vt 0.257812 0.166992
vt 0.288086 0.166992
vt 0.318359 0.166992
vt 0.348633 0.166992
vt 0.378906 0.166992
vt 0.409180 0.166992
vt 0.439453 0.166992
vt 0.469727 0.166992
vt 0.500000 0.166992
vt 0.530273 0.166992
vt 0.560547 0.166992
vt 0.590820 0.166992
vt 0.621094 0.166992
vt 0.651367 0.166992
vt 0.681641 0.166992
vt 0.711914 0.166992
vt 0.742188 0.166992
vt 0.772461 0.166992
vt 0.802734 0.166992
vt 0.833008 0.166992
vt 0.863281 0.166992
vt 0.893555 0.166992
vt 0.923828 0.166992
vt 0.954102 0.166992
vt 0.984375 0.166992
vt 0.045898 0.197266
vt 0.015625 0.197266
vt 0.076172 0.197266
vt 0.106445 0.197266
vt 0.136719 0.197266
vt 0.166992 0.197266
vt 0.197266 0.197266
vt 0.227539 0.197266
vt 0.257812 0.197266
vt 0.288086 0.197266
vt 0.318359 0.197266
vt 0.348633 0.197266
vt 0.378906 0.197266
vt 0.409180 0.197266
vt 0.439453 0.197266
vt 0.469727 0.197266
vt 0.500000 0.197266
vt 0.530273 0.197266
vt 0.560547 0.197266
vt 0.590820 0.197266
vt 0.621094 0.197266
vt 0.651367 0.197266
vt 0.681641 0.197266
vt 0.711914 0.197266
vt 0.742188 0.197266
vt 0.772461 0.197266
vt 0.802734 0.197266
vt 0.833008 0.197266
vt 0.863281 0.197266
vt 0.893555 0.197266
vt 0.923828 0.197266
vt 0.954102 0.197266
vt 0.984375 0.197266
vt 0.045898 0.227539
vt 0.015625 0.227539
vt 0.076172 0.227539
vt 0.106445 0.227539
vt 0.136719 0.227539
vt 0.166992 0.227539
vt 0.197266 0.227539
vt 0.227539 0.227539
vt 0.257812 0.227539
vt 0.288086 0.227539
vt 0.318359 0.227539
vt 0.348633 0.227539
vt 0.378906 0.227539
vt 0.409180 0.227539
vt 0.439453 0.227539
vt 0.469727 0.227539
vt 0.500000 0.227539
vt 0.530273 0.227539
vt 0.560547 0.227539
vt 0.590820 0.227539
vt 0.621094 0.227539
vt 0.651367 0.227539
vt 0.681641 0.227539
vt 0.711914 0.227539
vt 0.742188 0.227539
vt 0.772461 0.227539
vt 0.802734 0.227539
vt 0.833008 0.227539
vt 0.863281 0.227539
vt 0.893555 0.227539
vt 0.923828 0.227539
vt 0.954102 0.227539
vt 0.984375 0.227539
vt 0.045898 0.257812
vt 0.015625 0.257812
vt 0.076172 0.257812
vt 0.106445 0.257812
vt 0.136719 0.257812
vt 0.166992 0.257812
vt 0.197266 0.257812
vt 0.227539 0.257812
vt 0.257812 0.257812
vt 0.288086 0.257812
vt 0.318359 0.257812
vt 0.348633 0.257812
vt 0.378906 0.257812
vt 0.409180 0.257812
vt 0.439453 0.257812
vt 0.469727 0.257812
vt 0.500000 0.257812
vt 0.530273 0.257812
vt 0.560547 0.257812
vt 0.590820 0.257812
vt 0.621094 0.257812
vt 0.651367 0.257812
vt 0.681641 0.257812
vt 0.711914 0.257812
vt 0.742188 0.257812
vt 0.772461 0.257812
vt 0.802734 0.257812
vt 0.833008 0.257812
vt 0.863281 0.257812
vt 0.893555 0.257812
vt 0.923828 0.257812
vt 0.954102 0.257812
vt 0.984375 0.257812
vt 0.045898 0.288086
vt 0.015625 0.288086
vt 0.076172 0.288086
vt 0.106445 0.288086
vt 0.136719 0.288086
vt 0.166992 0.288086
vt 0.197266 0.288086
vt 0.227539 0.288086
vt 0.257812 0.288086
vt 0.288086 0.288086
vt 0.318359 0.288086
vt 0.348633 0.288086
vt 0.378906 0.288086
vt 0.409180 0.288086
vt 0.439453 0.288086
vt 0.469727 0.288086
vt 0.500000 0.288086
vt 0.530273 0.288086
vt 0.560547 0.288086
vt 0.590820 0.288086
vt 0.621094 0.288086
vt 0.651367 0.288086
vt 0.681641 0.288086
vt 0.711914 0.288086
vt 0.742188 0.288086
vt 0.772461 0.288086
vt 0.802734 0.288086
vt 0.833008 0.288086
vt 0.863281 0.288086
vt 0.893555 0.288086
vt 0.923828 0.288086
vt 0.954102 0.288086
vt 0.984375 0.288086
vt 0.045898 0.318359
vt 0.015625 0.318359
vt 0.076172 0.318359
vt 0.106445 0.318359
vt 0.136719 0.318359
vt 0.166992 0.318359
vt 0.197266 0.318359
vt 0.227539 0.318359
vt 0.257812 0.318359
vt 0.288086 0.318359
vt 0.318359 0.318359
vt 0.348633 0.318359
vt 0.378906 0.318359
vt 0.409180 0.318359
vt 0.439453 0.318359
vt 0.469727 0.318359
vt 0.500000 0.318359
vt 0.530273 0.318359
vt 0.560547 0.318359
vt 0.590820 0.318359
vt 0.621094 0.318359
vt 0.651367 0.318359
vt 0.681641 0.318359
vt 0.711914 0.318359
vt 0.742188 0.318359
vt 0.772461 0.318359
vt 0.802734 0.318359
vt 0.833008 0.318359
vt 0.863281 0.318359
vt 0.893555 0.318359
vt 0.923828 0.318359
vt 0.954102 0.318359
vt 0.984375 0.318359
vt 0.045898 0.348633
vt 0.015625 0.348633
vt 0.076172 0.348633
vt 0.106445 0.348633
vt 0.136719 0.348633
vt 0.166992 0.348633
vt 0.197266 0.348633
vt 0.227539 0.348633
vt 0.257812 0.348633
vt 0.288086 0.348633
vt 0.318359 0.348633
vt 0.348633 0.348633
vt 0.378906 0.348633
vt 0.409180 0.348633
vt 0.439453 0.348633
vt 0.469727 0.348633
vt 0.500000 0.348633
vt 0.530273 0.348633
vt 0.560547 0.348633
vt 0.590820 0.348633
vt 0.621094 0.348633
vt 0.651367 0.348633
vt 0.681641 0.348633
vt 0.711914 0.348633
vt 0.742188 0.348633
vt 0.772461 0.348633
vt 0.802734 0.348633
vt 0.833008 0.348633
vt 0.863281 0.348633
vt 0.893555 0.348633
vt 0.923828 0.348633
vt 0.954102 0.348633
vt 0.984375 0.348633
vt 0.045898 0.378906
vt 0.015625 0.378906
vt 0.076172 0.378906
vt 0.106445 0.378906
vt 0.136719 0.378906
vt 0.166992 0.378906
vt 0.197266 0.378906
vt 0.227539 0.378906
vt 0.257812 0.378906
vt 0.288086 0.378906
vt 0.318359 0.378906
vt 0.348633 0.378906
vt 0.378906 0.378906
vt 0.409180 0.378906
vt 0.439453 0.378906
vt 0.469727 0.378906
vt 0.500000 0.378906
vt 0.530273 0.378906
vt 0.560547 0.378906
vt 0.590820 0.378906
vt 0.621094 0.378906
vt 0.651367 0.378906
vt 0.681641 0.378906
vt 0.711914 0.378906
vt 0.742188 0.378906
vt 0.772461 0.378906
vt 0.802734 0.378906
vt 0.833008 0.378906
vt 0.863281 0.378906
vt 0.893555 0.378906
vt 0.923828 0.378906
vt 0.954102 0.378906
vt 0.984375 0.378906
vt 0.045898 0.409180
vt 0.015625 0.409180
vt 0.076172 0.409180
vt 0.106445 0.409180
vt 0.136719 0.409180
vt 0.166992 0.409180
vt 0.197266 0.409180
vt 0.227539 0.409180
vt 0.257812 0.409180
vt 0.288086 0.409180
vt 0.318359 0.409180
vt 0.348633 0.409180
vt 0.378906 0.409180
vt 0.409180 0.409180
vt 0.439453 0.409180
vt 0.469727 0.409180
vt 0.500000 0.409180
vt 0.530273 0.409180
vt 0.560547 0.409180
vt 0.590820 0.409180
vt 0.621094 0.409180
vt 0.651367 0.409180
vt 0.681641 0.409180
vt 0.711914 0.409180
vt 0.742188 0.409180
vt 0.772461 0.409180
vt 0.802734 0.409180
vt 0.833008 0.409180
vt 0.863281 0.409180
vt 0.893555 0.409180
vt 0.923828 0.409180
vt 0.954102 0.409180
vt 0.984375 0.409180
vt 0.045898 0.439453
vt 0.015625 0.439453
vt 0.076172 0.439453
vt 0.106445 0.439453
vt 0.136719 0.439453
vt 0.166992 0.439453
vt 0.197266 0.439453
vt 0.227539 0.439453
vt 0.257812 0.439453
vt 0.288086 0.439453
vt 0.318359 0.439453
vt 0.348633 0.439453
vt 0.378906 0.439453
vt 0.409180 0.439453
vt 0.439453 0.439453
vt 0.469727 0.439453
vt 0.500000 0.439453
vt 0.530273 0.439453
vt 0.560547 0.439453
vt 0.590820 0.439453
vt 0.621094 0.439453
vt 0.651367 0.439453
vt 0.681641 0.439453
vt 0.711914 0.439453
vt 0.742188 0.439453
vt 0.772461 0.439453
vt 0.802734 0.439453
vt 0.833008 0.439453
vt 0.863281 0.439453
vt 0.893555 0.439453
vt 0.923828 0.439453
vt 0.954102 0.439453
vt 0.984375 0.439453
vt 0.045898 0.469727
vt 0.015625 0.469727
vt 0.076172 0.469727
vt 0.106445 0.469727
vt 0.136719 0.469727
vt 0.166992 0.469727
vt 0.197266 0.469727
vt 0.227539 0.469727
vt 0.257812 0.469727
vt 0.288086 0.469727
vt 0.318359 0.469727
vt 0.348633 0.469727
vt 0.378906 0.469727
vt 0.409180 0.469727
vt 0.439453 0.469727
vt 0.469727 0.469727
vt 0.500000 0.469727
vt 0.530273 0.469727
vt 0.560547 0.469727
vt 0.590820 0.469727
vt 0.621094 0.469727
vt 0.651367 0.469727
vt 0.681641 0.469727
vt 0.711914 0.469727
vt 0.742188 0.469727
vt 0.772461 0.469727
vt 0.802734 0.469727
vt 0.833008 0.469727
vt 0.863281 0.469727
vt 0.893555 0.469727
vt 0.923828 0.469727
vt 0.954102 0.469727
vt 0.984375 0.469727
vt 0.045898 0.500000
vt 0.015625 0.500000
vt 0.076172 0.500000
vt 0.106445 0.500000
vt 0.136719 0.500000
vt 0.166992 0.500000
vt 0.197266 0.500000
vt 0.227539 0.500000
vt 0.257812 0.500000
vt 0.288086 0.500000
vt 0.318359 0.500000
vt 0.348633 0.500000
vt 0.378906 0.500000
vt 0.409180 0.500000
vt 0.439453 0.500000
vt 0.469727 0.500000
vt 0.500000 0.500000
vt 0.530273 0.500000
vt 0.560547 0.500000
vt 0.590820 0.500000
vt 0.621094 0.500000
vt 0.651367 0.500000
vt 0.681641 0.500000
vt 0.711914 0.500000
vt 0.742188 0.500000
vt 0.772461 0.500000
vt 0.802734 0.500000
vt 0.833008 0.500000
vt 0.863281 0.500000
vt 0.893555 0.500000
vt 0.923828 0.500000
vt 0.954102 0.500000
vt 0.984375 0.500000
vt 0.045898 0.530273
vt 0.015625 0.530273
vt 0.076172 0.530273
vt 0.106445 0.530273
vt 0.136719 0.530273
vt 0.166992 0.530273
vt 0.197266 0.530273
vt 0.227539 0.530273
vt 0.257812 0.530273
vt 0.288086 0.530273
vt 0.318359 0.530273
vt 0.348633 0.530273
vt 0.378906 0.530273
vt 0.409180 0.530273
vt 0.439453 0.530273
vt 0.469727 0.530273
vt 0.500000 0.530273
vt 0.530273 0.530273
vt 0.560547 0.530273
vt 0.590820 0.530273
vt 0.621094 0.530273
vt 0.651367 0.530273
vt 0.681641 0.530273
vt 0.711914 0.530273
vt 0.742188 0.530273
vt 0.772461 0.530273
vt 0.802734 0.530273
vt 0.833008 0.530273
vt 0.863281 0.530273
vt 0.893555 0.530273
vt 0.923828 0.530273
vt 0.954102 0.530273
vt 0.984375 0.530273
vt 0.045898 0.560547
vt 0.015625 0.560547
vt 0.076172 0.560547
vt 0.106445 0.560547
vt 0.136719 0.560547
vt 0.166992 0.560547
vt 0.197266 0.560547
vt 0.227539 0.560547
vt 0.257812 0.560547
vt 0.288086 0.560547
vt 0.318359 0.560547
vt 0.348633 0.560547
vt 0.378906 0.560547
vt 0.409180 0.560547
vt 0.439453 0.560547
vt 0.469727 0.560547
vt 0.500000 0.560547
vt 0.530273 0.560547
vt 0.560547 0.560547
vt 0.590820 0.560547
vt 0.621094 0.560547
vt 0.651367 0.560547
vt 0.681641 0.560547
vt 0.711914 0.560547
vt 0.742188 0.560547
vt 0.772461 0.560547
vt 0.802734 0.560547
vt 0.833008 0.560547
vt 0.863281 0.560547
vt 0.893555 0.560547
vt 0.923828 0.560547
vt 0.954102 0.560547
vt 0.984375 0.560547
vt 0.045898 0.590820
vt 0.015625 0.590820
vt 0.076172 0.590820
vt 0.106445 0.590820
vt 0.136719 0.590820
vt 0.166992 0.590820
vt 0.197266 0.590820
vt 0.227539 0.590820
vt 0.257812 0.590820
vt 0.288086 0.590820
vt 0.318359 0.590820
vt 0.348633 0.590820
vt 0.378906 0.590820
vt 0.409180 0.590820
vt 0.439453 0.590820
vt 0.469727 0.590820
vt 0.500000 0.590820
vt 0.530273 0.590820
vt 0.560547 0.590820
vt 0.590820 0.590820
vt 0.621094 0.590820
vt 0.651367 0.590820
vt 0.681641 0.590820
vt 0.711914 0.590820
vt 0.742188 0.590820
vt 0.772461 0.590820
vt 0.802734 0.590820
vt 0.833008 0.590820
vt 0.863281 0.590820
vt 0.893555 0.590820
vt 0.923828 0.590820
vt 0.954102 0.590820
vt 0.984375 0.590820
vt 0.045898 0.621094
vt 0.015625 0.621094
vt 0.076172 0.621094
vt 0.106445 0.621094
vt 0.136719 0.621094
vt 0.166992 0.621094
vt 0.197266 0.621094
vt 0.227539 0.621094
vt 0.257812 0.621094
vt 0.288086 0.621094
vt 0.318359 0.621094
vt 0.348633 0.621094
vt 0.378906 0.621094
vt 0.409180 0.621094
vt 0.439453 0.621094
vt 0.469727 0.621094
vt 0.500000 0.621094
vt 0.530273 0.621094
vt 0.560547 0.621094
vt 0.590820 0.621094
vt 0.621094 0.621094
vt 0.651367 0.621094
vt 0.681641 0.621094
vt 0.711914 0.621094
vt 0.742188 0.621094
vt 0.772461 0.621094
vt 0.802734 0.621094
vt 0.833008 0.621094
vt 0.863281 0.621094
vt 0.893555 0.621094
vt 0.923828 0.621094
vt 0.954102 0.621094
vt 0.984375 0.621094
vt 0.045898 0.651367
vt 0.015625 0.651367
vt 0.076172 0.651367
vt 0.106445 0.651367
vt 0.136719 0.651367
vt 0.166992 0.651367
vt 0.197266 0.651367
vt 0.227539 0.651367
vt 0.257812 0.651367
vt 0.288086 0.651367
vt 0.318359 0.651367
vt 0.348633 0.651367
vt 0.378906 0.651367
vt 0.409180 0.651367
vt 0.439453 0.651367
vt 0.469727 0.651367
vt 0.500000 0.651367
vt 0.530273 0.651367
vt 0.560547 0.651367
vt 0.590820 0.651367
vt 0.621094 0.651367
vt 0.651367 0.651367
vt 0.681641 0.651367
vt 0.711914 0.651367
vt 0.742188 0.651367
vt 0.772461 0.651367
vt 0.802734 0.651367
vt 0.833008 0.651367
vt 0.863281 0.651367
vt 0.893555 0.651367
vt 0.923828 0.651367
vt 0.954102 0.651367
vt 0.984375 0.651367
vt 0.045898 0.681641
vt 0.015625 0.681641
vt 0.076172 0.681641
vt 0.106445 0.681641
vt 0.136719 0.681641
vt 0.166992 0.681641
vt 0.197266 0.681641
vt 0.227539 0.681641
vt 0.257812 0.681641
vt 0.288086 0.681641
vt 0.318359 0.681641
vt 0.348633 0.681641
vt 0.378906 0.681641
vt 0.409180 0.681641
vt 0.439453 0.681641
vt 0.469727 0.681641
vt 0.500000 0.681641
vt 0.530273 0.681641
vt 0.560547 0.681641
vt 0.590820 0.681641
vt 0.621094 0.681641
vt 0.651367 0.681641
vt 0.681641 0.681641
vt 0.711914 0.681641
vt 0.742188 0.681641
vt 0.772461 0.681641
vt 0.802734 0.681641
vt 0.833008 0.681641
vt 0.863281 0.681641
vt 0.893555 0.681641
vt 0.923828 0.681641
vt 0.954102 0.681641
vt 0.984375 0.681641
vt 0.045898 0.711914
vt 0.015625 0.711914
vt 0.076172 0.711914
vt 0.106445 0.711914
vt 0.136719 0.711914
vt 0.166992 0.711914
vt 0.197266 0.711914
vt 0.227539 0.711914
vt 0.257812 0.711914
vt 0.288086 0.711914
vt 0.318359 0.711914
vt 0.348633 0.711914
vt 0.378906 0.711914
vt 0.409180 0.711914
vt 0.439453 0.711914
vt 0.469727 0.711914
vt 0.500000 0.711914
vt 0.530273 0.711914
vt 0.560547 0.711914
vt 0.590820 0.711914
vt 0.621094 0.711914
vt 0.651367 0.711914
vt 0.681641 0.711914
vt 0.711914 0.711914
vt 0.742188 0.711914
vt 0.772461 0.711914
vt 0.802734 0.711914
vt 0.833008 0.711914
vt 0.863281 0.711914
vt 0.893555 0.711914
vt 0.923828 0.711914
vt 0.954102 0.711914
vt 0.984375 0.711914
vt 0.045898 0.742188
vt 0.015625 0.742188
vt 0.076172 0.742188
vt 0.106445 0.742188
vt 0.136719 0.742188
vt 0.166992 0.742188
vt 0.197266 0.742188
vt 0.227539 0.742188
vt 0.257812 0.742188
vt 0.288086 0.742188
vt 0.318359 0.742188
vt 0.348633 0.742188
vt 0.378906 0.742188
vt 0.409180 0.742188
vt 0.439453 0.742188
vt 0.469727 0.742188
vt 0.500000 0.742188
vt 0.530273 0.742188
vt 0.560547 0.742188
vt 0.590820 0.742188
vt 0.621094 0.742188
vt 0.651367 0.742188
vt 0.681641 0.742188
vt 0.711914 0.742188
vt 0.742188 0.742188
vt 0.772461 0.742188
vt 0.802734 0.742188
vt 0.833008 0.742188
vt 0.863281 0.742188
vt 0.893555 0.742188
vt 0.923828 0.742188
vt 0.954102 0.742188
vt 0.984375 0.742188
vt 0.045898 0.772461
vt 0.015625 0.772461
vt 0.076172 0.772461
vt 0.106445 0.772461
vt 0.136719 0.772461
vt 0.166992 0.772461
vt 0.197266 0.772461
vt 0.227539 0.772461
vt 0.257812 0.772461
vt 0.288086 0.772461
vt 0.318359 0.772461
vt 0.348633 0.772461
vt 0.378906 0.772461
vt 0.409180 0.772461
vt 0.439453 0.772461
vt 0.469727 0.772461
vt 0.500000 0.772461
vt 0.530273 0.772461
vt 0.560547 0.772461
vt 0.590820 0.772461
vt 0.621094 0.772461
vt 0.651367 0.772461
vt 0.681641 0.772461
vt 0.711914 0.772461
vt 0.742188 0.772461
vt 0.772461 0.772461
vt 0.802734 0.772461
vt 0.833008 0.772461
vt 0.863281 0.772461
vt 0.893555 0.772461
vt 0.923828 0.772461
vt 0.954102 0.772461
vt 0.984375 0.772461
vt 0.045898 0.802734
vt 0.015625 0.802734
vt 0.076172 0.802734
vt 0.106445 0.802734
vt 0.136719 0.802734
vt 0.166992 0.802734
vt 0.197266 0.802734
vt 0.227539 0.802734
vt 0.257812 0.802734
vt 0.288086 0.802734
vt 0.318359 0.802734
vt 0.348633 0.802734
vt 0.378906 0.802734
vt 0.409180 0.802734
vt 0.439453 0.802734
vt 0.469727 0.802734
vt 0.500000 0.802734
vt 0.530273 0.802734
vt 0.560547 0.802734
vt 0.590820 0.802734
vt 0.621094 0.802734
vt 0.651367 0.802734
vt 0.681641 0.802734
vt 0.711914 0.802734
vt 0.742188 0.802734
vt 0.772461 0.802734
vt 0.802734 0.802734
vt 0.833008 0.802734
vt 0.863281 0.802734
vt 0.893555 0.802734
vt 0.923828 0.802734
vt 0.954102 0.802734
vt 0.984375 0.802734
vt 0.045898 0.833008
vt 0.015625 0.833008
vt 0.076172 0.833008
vt 0.106445 0.833008
vt 0.136719 0.833008
vt 0.166992 0.833008
vt 0.197266 0.833008
vt 0.227539 0.833008
vt 0.257812 0.833008
vt 0.288086 0.833008
vt 0.318359 0.833008
vt 0.348633 0.833008
vt 0.378906 0.833008
vt 0.409180 0.833008
vt 0.439453 0.833008
vt 0.469727 0.833008
vt 0.500000 0.833008
vt 0.530273 0.833008
vt 0.560547 0.833008
vt 0.590820 0.833008
vt 0.621094 0.833008
vt 0.651367 0.833008
vt 0.681641 0.833008
vt 0.711914 0.833008
vt 0.742188 0.833008
vt 0.772461 0.833008
vt 0.802734 0.833008
vt 0.833008 0.833008
vt 0.863281 0.833008
vt 0.893555 0.833008
vt 0.923828 0.833008
vt 0.954102 0.833008
vt 0.984375 0.833008
vt 0.045898 0.863281
vt 0.015625 0.863281
vt 0.076172 0.863281
vt 0.106445 0.863281
vt 0.136719 0.863281
vt 0.166992 0.863281
vt 0.197266 0.863281
vt 0.227539 0.863281
vt 0.257812 0.863281
vt 0.288086 0.863281
vt 0.318359 0.863281
vt 0.348633 0.863281
vt 0.378906 0.863281
vt 0.409180 0.863281
vt 0.439453 0.863281
vt 0.469727 0.863281
vt 0.500000 0.863281
vt 0.530273 0.863281
vt 0.560547 0.863281
vt 0.590820 0.863281
vt 0.621094 0.863281
vt 0.651367 0.863281
vt 0.681641 0.863281
vt 0.711914 0.863281
vt 0.742188 0.863281
vt 0.772461 0.863281
vt 0.802734 0.863281
vt 0.833008 0.863281
vt 0.863281 0.863281
vt 0.893555 0.863281
vt 0.923828 0.863281
vt 0.954102 0.863281
vt 0.984375 0.863281
vt 0.045898 0.893555
vt 0.015625 0.893555
vt 0.076172 0.893555
vt 0.106445 0.893555
vt 0.136719 0.893555
vt 0.166992 0.893555
vt 0.197266 0.893555
vt 0.227539 0.893555
vt 0.257812 0.893555
vt 0.288086 0.893555
vt 0.318359 0.893555
vt 0.348633 0.893555
vt 0.378906 0.893555
vt 0.409180 0.893555
vt 0.439453 0.893555
vt 0.469727 0.893555
vt 0.500000 0.893555
vt 0.530273 0.893555
vt 0.560547 0.893555
vt 0.590820 0.893555
vt 0.621094 0.893555
vt 0.651367 0.893555
vt 0.681641 0.893555
vt 0.711914 0.893555
vt 0.742188 0.893555
vt 0.772461 0.893555
vt 0.802734 0.893555
vt 0.833008 0.893555
vt 0.863281 0.893555
vt 0.893555 0.893555
vt 0.923828 0.893555
vt 0.954102 0.893555
vt 0.984375 0.893555
vt 0.045898 0.923828
vt 0.015625 0.923828
vt 0.076172 0.923828
vt 0.106445 0.923828
vt 0.136719 0.923828
vt 0.166992 0.923828
vt 0.197266 0.923828
vt 0.227539 0.923828
vt 0.257812 0.923828
vt 0.288086 0.923828
vt 0.318359 0.923828
vt 0.348633 0.923828
vt 0.378906 0.923828
vt 0.409180 0.923828
vt 0.439453 0.923828
vt 0.469727 0.923828
vt 0.500000 0.923828
vt 0.530273 0.923828
vt 0.560547 0.923828
vt 0.590820 0.923828
vt 0.621094 0.923828
vt 0.651367 0.923828
vt 0.681641 0.923828
vt 0.711914 0.923828
vt 0.742188 0.923828
vt 0.772461 0.923828
vt 0.802734 0.923828
vt 0.833008 0.923828
vt 0.863281 0.923828
vt 0.893555 0.923828
vt 0.923828 0.923828
vt 0.954102 0.923828
vt 0.984375 0.923828
vt 0.045898 0.954102
vt 0.015625 0.954102
vt 0.076172 0.954102
vt 0.106445 0.954102
vt 0.136719 0.954102
vt 0.166992 0.954102
vt 0.197266 0.954102
vt 0.227539 0.954102
vt 0.257812 0.954102
vt 0.288086 0.954102
vt 0.318359 0.954102
vt 0.348633 0.954102
vt 0.378906 0.954102
vt 0.409180 0.954102
vt 0.439453 0.954102
vt 0.469727 0.954102
vt 0.500000 0.954102
vt 0.530273 0.954102
vt 0.560547 0.954102
vt 0.590820 0.954102
vt 0.621094 0.954102
vt 0.651367 0.954102
vt 0.681641 0.954102
vt 0.711914 0.954102
vt 0.742188 0.954102
vt 0.772461 0.954102
vt 0.802734 0.954102
vt 0.833008 0.954102
vt 0.863281 0.954102
vt 0.893555 0.954102
vt 0.923828 0.954102
vt 0.954102 0.954102
vt 0.984375 0.954102
vt 0.045898 0.984375
vt 0.015625 0.984375
vt 0.076172 0.984375
vt 0.106445 0.984375
vt 0.136719 0.984375
vt 0.166992 0.984375
vt 0.197266 0.984375
vt 0.227539 0.984375
vt 0.257812 0.984375
vt 0.288086 0.984375
vt 0.318359 0.984375
vt 0.348633 0.984375
vt 0.378906 0.984375
vt 0.409180 0.984375
vt 0.439453 0.984375
vt 0.469727 0.984375
vt 0.500000 0.984375
vt 0.530273 0.984375
vt 0.560547 0.984375
vt 0.590820 0.984375
vt 0.621094 0.984375
vt 0.651367 0.984375
vt 0.681641 0.984375
vt 0.711914 0.984375
vt 0.742188 0.984375
vt 0.772461 0.984375
vt 0.802734 0.984375
vt 0.833008 0.984375
vt 0.863281 0.984375
vt 0.893555 0.984375
vt 0.923828 0.984375
vt 0.954102 0.984375
vt 0.984375 0.984375
s 1
f 1/1/1 2/2/2 35/3/3
f 1/1/1 35/3/3 34/4/4
f 2/2/2 3/5/5 36/6/6
f 2/2/2 36/6/6 35/3/3
f 3/5/5 4/7/7 37/8/8
f 3/5/5 37/8/8 36/6/6
f 4/7/7 5/9/9 38/10/8
f 4/7/7 38/10/8 37/8/8
f 5/9/9 6/11/9 39/12/8
f 5/9/9 39/12/8 38/10/8
f 6/11/9 7/13/9 40/14/8
f 6/11/9 40/14/8 39/12/8
f 7/13/9 8/15/9 41/16/8
f 7/13/9 41/16/8 40/14/8
f 8/15/9 9/17/9 42/18/8
f 8/15/9 42/18/8 41/16/8
f 9/17/9 10/19/10 43/20/11
f 9/17/9 43/20/11 42/18/8
f 10/19/10 11/21/12 44/22/13
f 10/19/10 44/22/13 43/20/11
f 11/21/12 12/23/12 45/24/13
f 11/21/12 45/24/13 44/22/13
f 12/23/12 13/25/12 46/26/13
f 12/23/12 46/26/13 45/24/13
f 13/25/12 14/27/12 47/28/13
f 13/25/12 47/28/13 46/26/13
f 14/27/12 15/29/12 48/30/13
f 14/27/12 48/30/13 47/28/13
f 15/29/12 16/31/14 49/32/15
f 15/29/12 49/32/15 48/30/13
f 16/31/14 17/33/16 50/34/17
f 16/31/14 50/34/17 49/32/15
f 17/33/16 18/35/18 51/36/19
f 17/33/16 51/36/19 50/34/17
f 18/35/18 19/37/20 52/38/21
f 18/35/18 52/38/21 51/36/19
f 19/37/20 20/39/22 53/40/23
f 19/37/20 53/40/23 52/38/21
f 20/39/22 21/41/22 54/42/23
f 20/39/22 54/42/23 53/40/23
f 21/41/22 22/43/22 55/44/24
f 21/41/22 55/44/24 54/42/23
f 22/43/22 23/45/22 56/46/23
f 22/43/22 56/46/23 55/44/24
f 23/45/22 24/47/22 57/48/21
f 23/45/22 57/48/21 56/46/23
f 24/47/22 25/49/25 58/50/26
f 24/47/22 58/50/26 57/48/21
f 25/49/25 26/51/27 59/52/28
f 25/49/25 59/52/28 58/50/26
f 26/51/27 27/53/27 60/54/29
f 26/51/27 60/54/29 59/52/28
f 27/53/27 28/55/27 61/56/29
f 27/53/27 61/56/29 60/54/29
f 28/55/27 29/57/27 62/58/28
f 28/55/27 62/58/28 61/56/29
f 29/57/27 30/59/27 63/60/28
f 29/57/27 63/60/28 62/58/28
f 30/59/27 31/61/30 64/62/28
f 30/59/27 64/62/28 63/60/28
f 31/61/30 32/63/31 65/64/32
f 31/61/30 65/64/32 64/62/28
f 32/63/31 33/65/33 66/66/34
f 32/63/31 66/66/34 65/64/32
f 34/4/4 35/3/3 68/67/35
f 34/4/4 68/67/35 67/68/36
f 35/3/3 36/6/6 69/69/37
f 35/3/3 69/69/37 68/67/35
f 36/6/6 37/8/8 70/70/38
f 36/6/6 70/70/38 69/69/37
f 37/8/8 38/10/8 71/71/39
f 37/8/8 71/71/39 70/70/38
f 38/10/8 39/12/8 72/72/39
f 38/10/8 72/72/39 71/71/39
f 39/12/8 40/14/8 73/73/39
f 39/12/8 73/73/39 72/72/39
f 40/14/8 41/16/8 74/74/39
f 40/14/8 74/74/39 73/73/39
f 41/16/8 42/18/8 75/75/39
f 41/16/8 75/75/39 74/74/39
f 42/18/8 43/20/11 76/76/40
f 42/18/8 76/76/40 75/75/39
f 43/20/11 44/22/13 77/77/41
f 43/20/11 77/77/41 76/76/40
f 44/22/13 45/24/13 78/78/41
f 44/22/13 78/78/41 77/77/41
f 45/24/13 46/26/13 79/79/41
f 45/24/13 79/79/41 78/78/41
f 46/26/13 47/28/13 80/80/41
f 46/26/13 80/80/41 79/79/41
f 47/28/13 48/30/13 81/81/42
f 47/28/13 81/81/42 80/80/41
f 48/30/13 49/32/15 82/82/43
f 48/30/13 82/82/43 81/81/42
f 49/32/15 50/34/17 83/83/44
f 49/32/15 83/83/44 82/82/43
f 50/34/17 51/36/19 84/84/45
f 50/34/17 84/84/45 83/83/44
f 51/36/19 52/38/21 85/85/46
f 51/36/19 85/85/46 84/84/45
f 52/38/21 53/40/23 86/86/46
f 52/38/21 86/86/46 85/85/46
f 53/40/23 54/42/23 87/87/46
f 53/40/23 87/87/46 86/86/46
f 54/42/23 55/44/24 88/88/46
f 54/42/23 88/88/46 87/87/46
f 55/44/24 56/46/23 89/89/46
f 55/44/24 89/89/46 88/88/46
f 56/46/23 57/48/21 90/90/47
f 56/46/23 90/90/47 89/89/46
f 57/48/21 58/50/26 91/91/48
f 57/48/21 91/91/48 90/90/47
f 58/50/26 59/52/28 92/92/49
f 58/50/26 92/92/49 91/91/48
f 59/52/28 60/54/29 93/93/49
f 59/52/28 93/93/49 92/92/49
f 60/54/29 61/56/29 94/94/49
f 60/54/29 94/94/49 93/93/49
f 61/56/29 62/58/28 95/95/49
f 61/56/29 95/95/49 94/94/49
f 62/58/28 63/60/28 96/96/49
f 62/58/28 96/96/49 95/95/49
f 63/60/28 64/62/28 97/97/50
f 63/60/28 97/97/50 96/96/49
f 64/62/28 65/64/32 98/98/51
f 64/62/28 98/98/51 97/97/50
f 65/64/32 66/66/34 99/99/52
f 65/64/32 99/99/52 98/98/51
f 67/68/36 68/67/35 101/100/53
f 67/68/36 101/100/53 100/101/54
f 68/67/35 69/69/37 102/102/55
f 68/67/35 102/102/55 101/100/53
f 69/69/37 70/70/38 103/103/56
f 69/69/37 103/103/56 102/102/55
f 70/70/38 71/71/39 104/104/38
f 70/70/38 104/104/38 103/103/56
f 71/71/39 72/72/39 105/105/39
f 71/71/39 105/105/39 104/104/38
f 72/72/39 73/73/39 106/106/57
f 72/72/39 106/106/57 105/105/39
f 73/73/39 74/74/39 107/107/39
f 73/73/39 107/107/39 106/106/57
f 74/74/39 75/75/39 108/108/39
f 74/74/39 108/108/39 107/107/39
f 75/75/39 76/76/40 109/109/40
f 75/75/39 109/109/40 108/108/39
f 76/76/40 77/77/41 110/110/41
f 76/76/40 110/110/41 109/109/40
f 77/77/41 78/78/41 111/111/41
f 77/77/41 111/111/41 110/110/41
f 78/78/41 79/79/41 112/112/41
f 78/78/41 112/112/41 111/111/41
f 79/79/41 80/80/41 113/113/41
f 79/79/41 113/113/41 112/112/41
f 80/80/41 81/81/42 114/114/43
f 80/80/41 114/114/43 113/113/41
f 81/81/42 82/82/43 115/115/58
f 81/81/42 115/115/58 114/114/43
f 82/82/43 83/83/44 116/116/59
f 82/82/43 116/116/59 115/115/58
f 83/83/44 84/84/45 117/117/45
f 83/83/44 117/117/45 116/116/59
f 84/84/45 85/85/46 118/118/46
f 84/84/45 118/118/46 117/117/45
f 85/85/46 86/86/46 119/119/46
f 85/85/46 119/119/46 118/118/46
f 86/86/46 87/87/46 120/120/46
f 86/86/46 120/120/46 119/119/46
f 87/87/46 88/88/46 121/121/46
f 87/87/46 121/121/46 120/120/46
f 88/88/46 89/89/46 122/122/60
f 88/88/46 122/122/60 121/121/46
f 89/89/46 90/90/47 123/123/61
f 89/89/46 123/123/61 122/122/60
f 90/90/47 91/91/48 124/124/48
f 90/90/47 124/124/48 123/123/61
f 91/91/48 92/92/49 125/125/49
f 91/91/48 125/125/49 124/124/48
f 92/92/49 93/93/49 126/126/49
f 92/92/49 126/126/49 125/125/49
f 93/93/49 94/94/49 127/127/49
f 93/93/49 127/127/49 126/126/49
f 94/94/49 95/95/49 128/128/49
f 94/94/49 128/128/49 127/127/49
f 95/95/49 96/96/49 129/129/50
f 95/95/49 129/129/50 128/128/49
f 96/96/49 97/97/50 130/130/62
f 96/96/49 130/130/62 129/129/50
f 97/97/50 98/98/51 131/131/63
f 97/97/50 131/131/63 130/130/62
f 98/98/51 99/99/52 132/132/64
f 98/98/51 132/132/64 131/131/63
f 100/101/54 101/100/53 134/133/53
f 100/101/54 134/133/53 133/134/36
f 101/100/53 102/102/55 135/135/55
f 101/100/53 135/135/55 134/133/53
f 102/102/55 103/103/56 136/136/65
f 102/102/55 136/136/65 135/135/55
f 103/103/56 104/104/38 137/137/56
f 103/103/56 137/137/56 136/136/65
f 104/104/38 105/105/39 138/138/38
f 104/104/38 138/138/38 137/137/56
f 105/105/39 106/106/57 139/139/57
f 105/105/39 139/139/57 138/138/38
f 106/106/57 107/107/39 140/140/39
f 106/106/57 140/140/39 139/139/57
f 107/107/39 108/108/39 141/141/39
f 107/107/39 141/141/39 140/140/39
f 108/108/39 109/109/40 142/142/66
f 108/108/39 142/142/66 141/141/39
f 109/109/40 110/110/41 143/143/41
f 109/109/40 143/143/41 142/142/66
f 110/110/41 111/111/41 144/144/41
f 110/110/41 144/144/41 143/143/41
f 111/111/41 112/112/41 145/145/41
f 111/111/41 145/145/41 144/144/41
f 112/112/41 113/113/41 146/146/43
f 112/112/41 146/146/43 145/145/41
f 113/113/41 114/114/43 147/147/58
f 113/113/41 147/147/58 146/146/43
f 114/114/43 115/115/58 148/148/67
f 114/114/43 148/148/67 147/147/58
f 115/115/58 116/116/59 149/149/59
f 115/115/58 149/149/59 148/148/67
f 116/116/59 117/117/45 150/150/68
f 116/116/59 150/150/68 149/149/59
f 117/117/45 118/118/46 151/151/46
f 117/117/45 151/151/46 150/150/68
f 118/118/46 119/119/46 152/152/46
f 118/118/46 152/152/46 151/151/46
f 119/119/46 120/120/46 153/153/46
f 119/119/46 153/153/46 152/152/46
f 120/120/46 121/121/46 154/154/69
f 120/120/46 154/154/69 153/153/46
f 121/121/46 122/122/60 155/155/61
f 121/121/46 155/155/61 154/154/69
f 122/122/60 123/123/61 156/156/70
f 122/122/60 156/156/70 155/155/61
f 123/123/61 124/124/48 157/157/48
f 123/123/61 157/157/48 156/156/70
f 124/124/48 125/125/49 158/158/49
f 124/124/48 158/158/49 157/157/48
f 125/125/49 126/126/49 159/159/49
f 125/125/49 159/159/49 158/158/49
f 126/126/49 127/127/49 160/160/49
f 126/126/49 160/160/49 159/159/49
f 127/127/49 128/128/49 161/161/50
f 127/127/49 161/161/50 160/160/49
f 128/128/49 129/129/50 162/162/62
f 128/128/49 162/162/62 161/161/50
f 129/129/50 130/130/62 163/163/71
f 129/129/50 163/163/71 162/162/62
f 130/130/62 131/131/63 164/164/63
f 130/130/62 164/164/63 163/163/71
f 131/131/63 132/132/64 165/165/64
f 131/131/63 165/165/64 164/164/63
f 133/134/36 134/133/53 167/166/35
f 133/134/36 167/166/35 166/167/36
f 134/133/53 135/135/55 168/168/72
f 134/133/53 168/168/72 167/166/35
f 135/135/55 136/136/65 169/169/65
f 135/135/55 169/169/65 168/168/72
f 136/136/65 137/137/56 170/170/65
f 136/136/65 170/170/65 169/169/65
f 137/137/56 138/138/38 171/171/56
f 137/137/56 171/171/56 170/170/65
f 138/138/38 139/139/57 172/172/38
f 138/138/38 172/172/38 171/171/56
f 139/139/57 140/140/39 173/173/39
f 139/139/57 173/173/39 172/172/38
f 140/140/39 141/141/39 174/174/39
f 140/140/39 174/174/39 173/173/39
f 141/141/39 142/142/66 175/175/40
f 141/141/39 175/175/40 174/174/39
f 142/142/66 143/143/41 176/176/41
f 142/142/66 176/176/41 175/175/40
f 143/143/41 144/144/41 177/177/41
f 143/143/41 177/177/41 176/176/41
f 144/144/41 145/145/41 178/178/73
f 144/144/41 178/178/73 177/177/41
f 145/145/41 146/146/43 179/179/58
f 145/145/41 179/179/58 178/178/73
f 146/146/43 147/147/58 180/180/67
f 146/146/43 180/180/67 179/179/58
f 147/147/58 148/148/67 181/181/67
f 147/147/58 181/181/67 180/180/67
f 148/148/67 149/149/59 182/182/59
f 148/148/67 182/182/59 181/181/67
f 149/149/59 150/150/68 183/183/68
f 149/149/59 183/183/68 182/182/59
f 150/150/68 151/151/46 184/184/46
f 150/150/68 184/184/46 183/183/68
f 151/151/46 152/152/46 185/185/46
f 151/151/46 185/185/46 184/184/46
f 152/152/46 153/153/46 186/186/60
f 152/152/46 186/186/60 185/185/46
f 153/153/46 154/154/69 187/187/61
f 153/153/46 187/187/61 186/186/60
f 154/154/69 155/155/61 188/188/70
f 154/154/69 188/188/70 187/187/61
f 155/155/61 156/156/70 189/189/70
f 155/155/61 189/189/70 188/188/70
f 156/156/70 157/157/48 190/190/48
f 156/156/70 190/190/48 189/189/70
f 157/157/48 158/158/49 191/191/49
f 157/157/48 191/191/49 190/190/48
f 158/158/49 159/159/49 192/192/49
f 158/158/49 192/192/49 191/191/49
f 159/159/49 160/160/49 193/193/50
f 159/159/49 193/193/50 192/192/49
f 160/160/49 161/161/50 194/194/62
f 160/160/49 194/194/62 193/193/50
f 161/161/50 162/162/62 195/195/71
f 161/161/50 195/195/71 194/194/62
f 162/162/62 163/163/71 196/196/74
f 162/162/62 196/196/74 195/195/71
f 163/163/71 164/164/63 197/197/63
f 163/163/71 197/197/63 196/196/74
f 164/164/63 165/165/64 198/198/75
f 164/164/63 198/198/75 197/197/63
f 166/167/36 167/166/35 200/199/53
f 166/167/36 200/199/53 199/200/36
f 167/166/35 168/168/72 201/201/76
f 167/166/35 201/201/76 200/199/53
f 168/168/72 169/169/65 202/202/77
f 168/168/72 202/202/77 201/201/76
f 169/169/65 170/170/65 203/203/77
f 169/169/65 203/203/77 202/202/77
f 170/170/65 171/171/56 204/204/78
f 170/170/65 204/204/78 203/203/77
f 171/171/56 172/172/38 205/205/56
f 171/171/56 205/205/56 204/204/78
f 172/172/38 173/173/39 206/206/38
f 172/172/38 206/206/38 205/205/56
f 173/173/39 174/174/39 207/207/39
f 173/173/39 207/207/39 206/206/38
f 174/174/39 175/175/40 208/208/40
f 174/174/39 208/208/40 207/207/39
f 175/175/40 176/176/41 209/209/41
f 175/175/40 209/209/41 208/208/40
f 176/176/41 177/177/41 210/210/43
f 176/176/41 210/210/43 209/209/41
f 177/177/41 178/178/73 211/211/58
f 177/177/41 211/211/58 210/210/43
f 178/178/73 179/179/58 212/212/67
f 178/178/73 212/212/67 211/211/58
f 179/179/58 180/180/67 213/213/67
f 179/179/58 213/213/67 212/212/67
f 180/180/67 181/181/67 214/214/67
f 180/180/67 214/214/67 213/213/67
f 181/181/67 182/182/59 215/215/59
f 181/181/67 215/215/59 214/214/67
f 182/182/59 183/183/68 216/216/79
f 182/182/59 216/216/79 215/215/59
f 183/183/68 184/184/46 217/217/46
f 183/183/68 217/217/46 216/216/79
f 184/184/46 185/185/46 218/218/47
f 184/184/46 218/218/47 217/217/46
f 185/185/46 186/186/60 219/219/61
f 185/185/46 219/219/61 218/218/47
f 186/186/60 187/187/61 220/220/70
f 186/186/60 220/220/70 219/219/61
f 187/187/61 188/188/70 221/221/70
f 187/187/61 221/221/70 220/220/70
f 188/188/70 189/189/70 222/222/70
f 188/188/70 222/222/70 221/221/70
f 189/189/70 190/190/48 223/223/48
f 189/189/70 223/223/48 222/222/70
f 190/190/48 191/191/49 224/224/49
f 190/190/48 224/224/49 223/223/48
f 191/191/49 192/192/49 225/225/50
f 191/191/49 225/225/50 224/224/49
f 192/192/49 193/193/50 226/226/62
f 192/192/49 226/226/62 225/225/50
f 193/193/50 194/194/62 227/227/71
f 193/193/50 227/227/71 226/226/62
f 194/194/62 195/195/71 228/228/71
f 194/194/62 228/228/71 227/227/71
f 195/195/71 196/196/74 229/229/71
f 195/195/71 229/229/71 228/228/71
f 196/196/74 197/197/63 230/230/63
f 196/196/74 230/230/63 229/229/71
f 197/197/63 198/198/75 231/231/64
f 197/197/63 231/231/64 230/230/63
f 199/200/36 200/199/53 233/232/35
f 199/200/36 233/232/35 232/233/80
f 200/199/53 201/201/76 234/234/55
f 200/199/53 234/234/55 233/232/35
f 201/201/76 202/202/77 235/235/81
f 201/201/76 235/235/81 234/234/55
f 202/202/77 203/203/77 236/236/77
f 202/202/77 236/236/77 235/235/81
f 203/203/77 204/204/78 237/237/77
f 203/203/77 237/237/77 236/236/77
f 204/204/78 205/205/56 238/238/77
f 204/204/78 238/238/77 237/237/77
f 205/205/56 206/206/38 239/239/56
f 205/205/56 239/239/56 238/238/77
f 206/206/38 207/207/39 240/240/38
f 206/206/38 240/240/38 239/239/56
f 207/207/39 208/208/40 241/241/82
f 207/207/39 241/241/82 240/240/38
f 208/208/40 209/209/41 242/242/43
f 208/208/40 242/242/43 241/241/82
f 209/209/41 210/210/43 243/243/58
f 209/209/41 243/243/58 242/242/43
f 210/210/43 211/211/58 244/244/83
f 210/210/43 244/244/83 243/243/58
f 211/211/58 212/212/67 245/245/67
f 211/211/58 245/245/67 244/244/83
f 212/212/67 213/213/67 246/246/67
f 212/212/67 246/246/67 245/245/67
f 213/213/67 214/214/67 247/247/67
f 213/213/67 247/247/67 246/246/67
f 214/214/67 215/215/59 248/248/59
f 214/214/67 248/248/59 247/247/67
f 215/215/59 216/216/79 249/249/45
f 215/215/59 249/249/45 248/248/59
f 216/216/79 217/217/46 250/250/69
f 216/216/79 250/250/69 249/249/45
f 217/217/46 218/218/47 251/251/61
f 217/217/46 251/251/61 250/250/69
f 218/218/47 219/219/61 252/252/70
f 218/218/47 252/252/70 251/251/61
f 219/219/61 220/220/70 253/253/70
f 219/219/61 253/253/70 252/252/70
f 220/220/70 221/221/70 254/254/70
f 220/220/70 254/254/70 253/253/70
f 221/221/70 222/222/70 255/255/70
f 221/221/70 255/255/70 254/254/70
f 222/222/70 223/223/48 256/256/84
f 222/222/70 256/256/84 255/255/70
f 223/223/48 224/224/49 257/257/50
f 223/223/48 257/257/50 256/256/84
f 224/224/49 225/225/50 258/258/62
f 224/224/49 258/258/62 257/257/50
f 225/225/50 226/226/62 259/259/71
f 225/225/50 259/259/71 258/258/62
f 226/226/62 227/227/71 260/260/74
f 226/226/62 260/260/74 259/259/71
f 227/227/71 228/228/71 261/261/74
f 227/227/71 261/261/74 260/260/74
f 228/228/71 229/229/71 262/262/71
f 228/228/71 262/262/71 261/261/74
f 229/229/71 230/230/63 263/263/63
f 229/229/71 263/263/63 262/262/71
f 230/230/63 231/231/64 264/264/64
f 230/230/63 264/264/64 263/263/63
f 232/233/80 233/232/35 266/265/85
f 232/233/80 266/265/85 265/266/86
f 233/232/35 234/234/55 267/267/87
f 233/232/35 267/267/87 266/265/85
f 234/234/55 235/235/81 268/268/88
f 234/234/55 268/268/88 267/267/87
f 235/235/81 236/236/77 269/269/88
f 235/235/81 269/269/88 268/268/88
f 236/236/77 237/237/77 270/270/88
f 236/236/77 270/270/88 269/269/88
f 237/237/77 238/238/77 271/271/88
f 237/237/77 271/271/88 270/270/88
f 238/238/77 239/239/56 272/272/89
f 238/238/77 272/272/89 271/271/88
f 239/239/56 240/240/38 273/273/90
f 239/239/56 273/273/90 272/272/89
f 240/240/38 241/241/82 274/274/91
f 240/240/38 274/274/91 273/273/90
f 241/241/82 242/242/43 275/275/92
f 241/241/82 275/275/92 274/274/91
f 242/242/43 243/243/58 276/276/93
f 242/242/43 276/276/93 275/275/92
f 243/243/58 244/244/83 277/277/94
f 243/243/58 277/277/94 276/276/93
f 244/244/83 245/245/67 278/278/94
f 244/244/83 278/278/94 277/277/94
f 245/245/67 246/246/67 279/279/95
f 245/245/67 279/279/95 278/278/94
f 246/246/67 247/247/67 280/280/94
f 246/246/67 280/280/94 279/279/95
f 247/247/67 248/248/59 281/281/96
f 247/247/67 281/281/96 280/280/94
f 248/248/59 249/249/45 282/282/97
f 248/248/59 282/282/97 281/281/96
f 249/249/45 250/250/69 283/283/98
f 249/249/45 283/283/98 282/282/97
f 250/250/69 251/251/61 284/284/98
f 250/250/69 284/284/98 283/283/98
f 251/251/61 252/252/70 285/285/98
f 251/251/61 285/285/98 284/284/98
f 252/252/70 253/253/70 286/286/98
f 252/252/70 286/286/98 285/285/98
f 253/253/70 254/254/70 287/287/98
f 253/253/70 287/287/98 286/286/98
f 254/254/70 255/255/70 288/288/98
f 254/254/70 288/288/98 287/287/98
f 255/255/70 256/256/84 289/289/99
f 255/255/70 289/289/99 288/288/98
f 256/256/84 257/257/50 290/290/100
f 256/256/84 290/290/100 289/289/99
f 257/257/50 258/258/62 291/291/101
f 257/257/50 291/291/101 290/290/100
f 258/258/62 259/259/71 292/292/101
f 258/258/62 292/292/101 291/291/101
f 259/259/71 260/260/74 293/293/101
f 259/259/71 293/293/101 292/292/101
f 260/260/74 261/261/74 294/294/101
f 260/260/74 294/294/101 293/293/101
f 261/261/74 262/262/71 295/295/101
f 261/261/74 295/295/101 294/294/101
f 262/262/71 263/263/63 296/296/102
f 262/262/71 296/296/102 295/295/101
f 263/263/63 264/264/64 297/297/103
f 263/263/63 297/297/103 296/296/102
f 265/266/86 266/265/85 299/298/104
f 265/266/86 299/298/104 298/299/105
f 266/265/85 267/267/87 300/300/106
f 266/265/85 300/300/106 299/298/104
f 267/267/87 268/268/88 301/301/107
f 267/267/87 301/301/107 300/300/106
f 268/268/88 269/269/88 302/302/108
f 268/268/88 302/302/108 301/301/107
f 269/269/88 270/270/88 303/303/108
f 269/269/88 303/303/108 302/302/108
f 270/270/88 271/271/88 304/304/109
f 270/270/88 304/304/109 303/303/108
f 271/271/88 272/272/89 305/305/108
f 271/271/88 305/305/108 304/304/109
f 272/272/89 273/273/90 306/306/110
f 272/272/89 306/306/110 305/305/108
f 273/273/90 274/274/91 307/307/111
f 273/273/90 307/307/111 306/306/110
f 274/274/91 275/275/92 308/308/112
f 274/274/91 308/308/112 307/307/111
f 275/275/92 276/276/93 309/309/113
f 275/275/92 309/309/113 308/308/112
f 276/276/93 277/277/94 310/310/113
f 276/276/93 310/310/113 309/309/113
f 277/277/94 278/278/94 311/311/113
f 277/277/94 311/311/113 310/310/113
f 278/278/94 279/279/95 312/312/113
f 278/278/94 312/312/113 311/311/113
f 279/279/95 280/280/94 313/313/113
f 279/279/95 313/313/113 312/312/113
f 280/280/94 281/281/96 314/314/114
f 280/280/94 314/314/114 313/313/113
f 281/281/96 282/282/97 315/315/115
f 281/281/96 315/315/115 314/314/114
f 282/282/97 283/283/98 316/316/116
f 282/282/97 316/316/116 315/315/115
f 283/283/98 284/284/98 317/317/116
f 283/283/98 317/317/116 316/316/116
f 284/284/98 285/285/98 318/318/116
f 284/284/98 318/318/116 317/317/116
f 285/285/98 286/286/98 319/319/116
f 285/285/98 319/319/116 318/318/116
f 286/286/98 287/287/98 320/320/116
f 286/286/98 320/320/116 319/319/116
f 287/287/98 288/288/98 321/321/116
f 287/287/98 321/321/116 320/320/116
f 288/288/98 289/289/99 322/322/117
f 288/288/98 322/322/117 321/321/116
f 289/289/99 290/290/100 323/323/118
f 289/289/99 323/323/118 322/322/117
f 290/290/100 291/291/101 324/324/118
f 290/290/100 324/324/118 323/323/118
f 291/291/101 292/292/101 325/325/118
f 291/291/101 325/325/118 324/324/118
f 292/292/101 293/293/101 326/326/119
f 292/292/101 326/326/119 325/325/118
f 293/293/101 294/294/101 327/327/118
f 293/293/101 327/327/118 326/326/119
f 294/294/101 295/295/101 328/328/119
f 294/294/101 328/328/119 327/327/118
f 295/295/101 296/296/102 329/329/120
f 295/295/101 329/329/120 328/328/119
f 296/296/102 297/297/103 330/330/121
f 296/296/102 330/330/121 329/329/120
f 298/299/105 299/298/104 332/331/122
f 298/299/105 332/331/122 331/332/123
f 299/298/104 300/300/106 333/333/124
f 299/298/104 333/333/124 332/331/122
f 300/300/106 301/301/107 334/334/125
f 300/300/106 334/334/125 333/333/124
f 301/301/107 302/302/108 335/335/125
f 301/301/107 335/335/125 334/334/125
f 302/302/108 303/303/108 336/336/125
f 302/302/108 336/336/125 335/335/125
f 303/303/108 304/304/109 337/337/126
f 303/303/108 337/337/126 336/336/125
f 304/304/109 305/305/108 338/338/127
f 304/304/109 338/338/127 337/337/126
f 305/305/108 306/306/110 339/339/128
f 305/305/108 339/339/128 338/338/127
f 306/306/110 307/307/111 340/340/129
f 306/306/110 340/340/129 339/339/128
f 307/307/111 308/308/112 341/341/130
f 307/307/111 341/341/130 340/340/129
f 308/308/112 309/309/113 342/342/131
f 308/308/112 342/342/131 341/341/130
f 309/309/113 310/310/113 343/343/132
f 309/309/113 343/343/132 342/342/131
f 310/310/113 311/311/113 344/344/132
f 310/310/113 344/344/132 343/343/132
f 311/311/113 312/312/113 345/345/132
f 311/311/113 345/345/132 344/344/132
f 312/312/113 313/313/113 346/346/132
f 312/312/113 346/346/132 345/345/132
f 313/313/113 314/314/114 347/347/133
f 313/313/113 347/347/133 346/346/132
f 314/314/114 315/315/115 348/348/134
f 314/314/114 348/348/134 347/347/133
f 315/315/115 316/316/116 349/349/135
f 315/315/115 349/349/135 348/348/134
f 316/316/116 317/317/116 350/350/136
f 316/316/116 350/350/136 349/349/135
f 317/317/116 318/318/116 351/351/136
f 317/317/116 351/351/136 350/350/136
f 318/318/116 319/319/116 352/352/136
f 318/318/116 352/352/136 351/351/136
f 319/319/116 320/320/116 353/353/136
f 319/319/116 353/353/136 352/352/136
f 320/320/116 321/321/116 354/354/136
f 320/320/116 354/354/136 353/353/136
f 321/321/116 322/322/117 355/355/137
f 321/321/116 355/355/137 354/354/136
f 322/322/117 323/323/118 356/356/138
f 322/322/117 356/356/138 355/355/137
f 323/323/118 324/324/118 357/357/138
f 323/323/118 357/357/138 356/356/138
f 324/324/118 325/325/118 358/358/138
f 324/324/118 358/358/138 357/357/138
f 325/325/118 326/326/119 359/359/138
f 325/325/118 359/359/138 358/358/138
f 326/326/119 327/327/118 360/360/139
f 326/326/119 360/360/139 359/359/138
f 327/327/118 328/328/119 361/361/140
f 327/327/118 361/361/140 360/360/139
f 328/328/119 329/329/120 362/362/141
f 328/328/119 362/362/141 361/361/140
f 329/329/120 330/330/121 363/363/142
f 329/329/120 363/363/142 362/362/141
f 331/332/123 332/331/122 365/364/122
f 331/332/123 365/364/122 364/365/143
f 332/331/122 333/333/124 366/366/124
f 332/331/122 366/366/124 365/364/122
f 333/333/124 334/334/125 367/367/125
f 333/333/124 367/367/125 366/366/124
f 334/334/125 335/335/125 368/368/125
f 334/334/125 368/368/125 367/367/125
f 335/335/125 336/336/125 369/369/126
f 335/335/125 369/369/126 368/368/125
f 336/336/125 337/337/126 370/370/127
f 336/336/125 370/370/127 369/369/126
f 337/337/126 338/338/127 371/371/128
f 337/337/126 371/371/128 370/370/127
f 338/338/127 339/339/128 372/372/144
f 338/338/127 372/372/144 371/371/128
f 339/339/128 340/340/129 373/373/145
f 339/339/128 373/373/145 372/372/144
f 340/340/129 341/341/130 374/374/146
f 340/340/129 374/374/146 373/373/145
f 341/341/130 342/342/131 375/375/130
f 341/341/130 375/375/130 374/374/146
f 342/342/131 343/343/132 376/376/147
f 342/342/131 376/376/147 375/375/130
f 343/343/132 344/344/132 377/377/132
f 343/343/132 377/377/132 376/376/147
f 344/344/132 345/345/132 378/378/132
f 344/344/132 378/378/132 377/377/132
f 345/345/132 346/346/132 379/379/132
f 345/345/132 379/379/132 378/378/132
f 346/346/132 347/347/133 380/380/133
f 346/346/132 380/380/133 379/379/132
f 347/347/133 348/348/134 381/381/134
f 347/347/133 381/381/134 380/380/133
f 348/348/134 349/349/135 382/382/148
f 348/348/134 382/382/148 381/381/134
f 349/349/135 350/350/136 383/383/135
f 349/349/135 383/383/135 382/382/148
f 350/350/136 351/351/136 384/384/136
f 350/350/136 384/384/136 383/383/135
f 351/351/136 352/352/136 385/385/149
f 351/351/136 385/385/149 384/384/136
f 352/352/136 353/353/136 386/386/136
f 352/352/136 386/386/136 385/385/149
f 353/353/136 354/354/136 387/387/136
f 353/353/136 387/387/136 386/386/136
f 354/354/136 355/355/137 388/388/137
f 354/354/136 388/388/137 387/387/136
f 355/355/137 356/356/138 389/389/138
f 355/355/137 389/389/138 388/388/137
f 356/356/138 357/357/138 390/390/138
f 356/356/138 390/390/138 389/389/138
f 357/357/138 358/358/138 391/391/138
f 357/357/138 391/391/138 390/390/138
f 358/358/138 359/359/138 392/392/150
f 358/358/138 392/392/150 391/391/138
f 359/359/138 360/360/139 393/393/140
f 359/359/138 393/393/140 392/392/150
f 360/360/139 361/361/140 394/394/151
f 360/360/139 394/394/151 393/393/140
f 361/361/140 362/362/141 395/395/152
f 361/361/140 395/395/152 394/394/151
f 362/362/141 363/363/142 396/396/142
f 362/362/141 396/396/142 395/395/152
f 364/365/143 365/364/122 398/397/122
f 364/365/143 398/397/122 397/398/153
f 365/364/122 366/366/124 399/399/124
f 365/364/122 399/399/124 398/397/122
f 366/366/124 367/367/125 400/400/125
f 366/366/124 400/400/125 399/399/124
f 367/367/125 368/368/125 401/401/126
f 367/367/125 401/401/126 400/400/125
f 368/368/125 369/369/126 402/402/127
f 368/368/125 402/402/127 401/401/126
f 369/369/126 370/370/127 403/403/128
f 369/369/126 403/403/128 402/402/127
f 370/370/127 371/371/128 404/404/144
f 370/370/127 404/404/144 403/403/128
f 371/371/128 372/372/144 405/405/154
f 371/371/128 405/405/154 404/404/144
f 372/372/144 373/373/145 406/406/155
f 372/372/144 406/406/155 405/405/154
f 373/373/145 374/374/146 407/407/146
f 373/373/145 407/407/146 406/406/155
f 374/374/146 375/375/130 408/408/146
f 374/374/146 408/408/146 407/407/146
f 375/375/130 376/376/147 409/409/130
f 375/375/130 409/409/130 408/408/146
f 376/376/147 377/377/132 410/410/131
f 376/376/147 410/410/131 409/409/130
f 377/377/132 378/378/132 411/411/132
f 377/377/132 411/411/132 410/410/131
f 378/378/132 379/379/132 412/412/132
f 378/378/132 412/412/132 411/411/132
f 379/379/132 380/380/133 413/413/133
f 379/379/132 413/413/133 412/412/132
f 380/380/133 381/381/134 414/414/134
f 380/380/133 414/414/134 413/413/133
f 381/381/134 382/382/148 415/415/148
f 381/381/134 415/415/148 414/414/134
f 382/382/148 383/383/135 416/416/148
f 382/382/148 416/416/148 415/415/148
f 383/383/135 384/384/136 417/417/135
f 383/383/135 417/417/135 416/416/148
f 384/384/136 385/385/149 418/418/136
f 384/384/136 418/418/136 417/417/135
f 385/385/149 386/386/136 419/419/149
f 385/385/149 419/419/149 418/418/136
f 386/386/136 387/387/136 420/420/136
f 386/386/136 420/420/136 419/419/149
f 387/387/136 388/388/137 421/421/137
f 387/387/136 421/421/137 420/420/136
f 388/388/137 389/389/138 422/422/138
f 388/388/137 422/422/138 421/421/137
f 389/389/138 390/390/138 423/423/138
f 389/389/138 423/423/138 422/422/138
f 390/390/138 391/391/138 424/424/138
f 390/390/138 424/424/138 423/423/138
f 391/391/138 392/392/150 425/425/140
f 391/391/138 425/425/140 424/424/138
f 392/392/150 393/393/140 426/426/156
f 392/392/150 426/426/156 425/425/140
f 393/393/140 394/394/151 427/427/151
f 393/393/140 427/427/151 426/426/156
f 394/394/151 395/395/152 428/428/141
f 394/394/151 428/428/141 427/427/151
f 395/395/152 396/396/142 429/429/142
f 395/395/152 429/429/142 428/428/141
f 397/398/153 398/397/122 431/430/122
f 397/398/153 431/430/122 430/431/143
f 398/397/122 399/399/124 432/432/124
f 398/397/122 432/432/124 431/430/122
f 399/399/124 400/400/125 433/433/126
f 399/399/124 433/433/126 432/432/124
f 400/400/125 401/401/126 434/434/127
f 400/400/125 434/434/127 433/433/126
f 401/401/126 402/402/127 435/435/128
f 401/401/126 435/435/128 434/434/127
f 402/402/127 403/403/128 436/436/144
f 402/402/127 436/436/144 435/435/128
f 403/403/128 404/404/144 437/437/154
f 403/403/128 437/437/154 436/436/144
f 404/404/144 405/405/154 438/438/154
f 404/404/144 438/438/154 437/437/154
f 405/405/154 406/406/155 439/439/145
f 405/405/154 439/439/145 438/438/154
f 406/406/155 407/407/146 440/440/146
f 406/406/155 440/440/146 439/439/145
f 407/407/146 408/408/146 441/441/146
f 407/407/146 441/441/146 440/440/146
f 408/408/146 409/409/130 442/442/146
f 408/408/146 442/442/146 441/441/146
f 409/409/130 410/410/131 443/443/130
f 409/409/130 443/443/130 442/442/146
f 410/410/131 411/411/132 444/444/131
f 410/410/131 444/444/131 443/443/130
f 411/411/132 412/412/132 445/445/132
f 411/411/132 445/445/132 444/444/131
f 412/412/132 413/413/133 446/446/157
f 412/412/132 446/446/157 445/445/132
f 413/413/133 414/414/134 447/447/134
f 413/413/133 447/447/134 446/446/157
f 414/414/134 415/415/148 448/448/148
f 414/414/134 448/448/148 447/447/134
f 415/415/148 416/416/148 449/449/148
f 415/415/148 449/449/148 448/448/148
f 416/416/148 417/417/135 450/450/148
f 416/416/148 450/450/148 449/449/148
f 417/417/135 418/418/136 451/451/135
f 417/417/135 451/451/135 450/450/148
f 418/418/136 419/419/149 452/452/149
f 418/418/136 452/452/149 451/451/135
f 419/419/149 420/420/136 453/453/149
f 419/419/149 453/453/149 452/452/149
f 420/420/136 421/421/137 454/454/137
f 420/420/136 454/454/137 453/453/149
f 421/421/137 422/422/138 455/455/138
f 421/421/137 455/455/138 454/454/137
f 422/422/138 423/423/138 456/456/139
f 422/422/138 456/456/139 455/455/138
f 423/423/138 424/424/138 457/457/140
f 423/423/138 457/457/140 456/456/139
f 424/424/138 425/425/140 458/458/158
f 424/424/138 458/458/158 457/457/140
f 425/425/140 426/426/156 459/459/158
f 425/425/140 459/459/158 458/458/158
f 426/426/156 427/427/151 460/460/158
f 426/426/156 460/460/158 459/459/158
f 427/427/151 428/428/141 461/461/152
f 427/427/151 461/461/152 460/460/158
f 428/428/141 429/429/142 462/462/142
f 428/428/141 462/462/142 461/461/152
f 430/431/143 431/430/122 464/463/122
f 430/431/143 464/463/122 463/464/143
f 431/430/122 432/432/124 465/465/159
f 431/430/122 465/465/159 464/463/122
f 432/432/124 433/433/126 466/466/127
f 432/432/124 466/466/127 465/465/159
f 433/433/126 434/434/127 467/467/128
f 433/433/126 467/467/128 466/466/127
f 434/434/127 435/435/128 468/468/144
f 434/434/127 468/468/144 467/467/128
f 435/435/128 436/436/144 469/469/154
f 435/435/128 469/469/154 468/468/144
f 436/436/144 437/437/154 470/470/154
f 436/436/144 470/470/154 469/469/154
f 437/437/154 438/438/154 471/471/154
f 437/437/154 471/471/154 470/470/154
f 438/438/154 439/439/145 472/472/155
f 438/438/154 472/472/155 471/471/154
f 439/439/145 440/440/146 473/473/146
f 439/439/145 473/473/146 472/472/155
f 440/440/146 441/441/146 474/474/146
f 440/440/146 474/474/146 473/473/146
f 441/441/146 442/442/146 475/475/146
f 441/441/146 475/475/146 474/474/146
f 442/442/146 443/443/130 476/476/146
f 442/442/146 476/476/146 475/475/146
f 443/443/130 444/444/131 477/477/130
f 443/443/130 477/477/130 476/476/146
f 444/444/131 445/445/132 478/478/131
f 444/444/131 478/478/131 477/477/130
f 445/445/132 446/446/157 479/479/133
f 445/445/132 479/479/133 478/478/131
f 446/446/157 447/447/134 480/480/134
f 446/446/157 480/480/134 479/479/133
f 447/447/134 448/448/148 481/481/148
f 447/447/134 481/481/148 480/480/134
f 448/448/148 449/449/148 482/482/148
f 448/448/148 482/482/148 481/481/148
f 449/449/148 450/450/148 483/483/148
f 449/449/148 483/483/148 482/482/148
f 450/450/148 451/451/135 484/484/148
f 450/450/148 484/484/148 483/483/148
f 451/451/135 452/452/149 485/485/135
f 451/451/135 485/485/135 484/484/148
f 452/452/149 453/453/149 486/486/136
f 452/452/149 486/486/136 485/485/135
f 453/453/149 454/454/137 487/487/137
f 453/453/149 487/487/137 486/486/136
f 454/454/137 455/455/138 488/488/138
f 454/454/137 488/488/138 487/487/137
f 455/455/138 456/456/139 489/489/140
f 455/455/138 489/489/140 488/488/138
f 456/456/139 457/457/140 490/490/156
f 456/456/139 490/490/156 489/489/140
f 457/457/140 458/458/158 491/491/158
f 457/457/140 491/491/158 490/490/156
f 458/458/158 459/459/158 492/492/151
f 458/458/158 492/492/151 491/491/158
f 459/459/158 460/460/158 493/493/151
f 459/459/158 493/493/151 492/492/151
f 460/460/158 461/461/152 494/494/152
f 460/460/158 494/494/152 493/493/151
f 461/461/152 462/462/142 495/495/142
f 461/461/152 495/495/142 494/494/152
f 463/464/143 464/463/122 497/496/160
f 463/464/143 497/496/160 496/497/161
f 464/463/122 465/465/159 498/498/162
f 464/463/122 498/498/162 497/496/160
f 465/465/159 466/466/127 499/499/128
f 465/465/159 499/499/128 498/498/162
f 466/466/127 467/467/128 500/500/144
f 466/466/127 500/500/144 499/499/128
f 467/467/128 468/468/144 501/501/154
f 467/467/128 501/501/154 500/500/144
f 468/468/144 469/469/154 502/502/154
f 468/468/144 502/502/154 501/501/154
f 469/469/154 470/470/154 503/503/154
f 469/469/154 503/503/154 502/502/154
f 470/470/154 471/471/154 504/504/154
f 470/470/154 504/504/154 503/503/154
f 471/471/154 472/472/155 505/505/145
f 471/471/154 505/505/145 504/504/154
f 472/472/155 473/473/146 506/506/146
f 472/472/155 506/506/146 505/505/145
f 473/473/146 474/474/146 507/507/146
f 473/473/146 507/507/146 506/506/146
f 474/474/146 475/475/146 508/508/146
f 474/474/146 508/508/146 507/507/146
f 475/475/146 476/476/146 509/509/146
f 475/475/146 509/509/146 508/508/146
f 476/476/146 477/477/130 510/510/146
f 476/476/146 510/510/146 509/509/146
f 477/477/130 478/478/131 511/511/130
f 477/477/130 511/511/130 510/510/146
f 478/478/131 479/479/133 512/512/163
f 478/478/131 512/512/163 511/511/130
f 479/479/133 480/480/134 513/513/134
f 479/479/133 513/513/134 512/512/163
f 480/480/134 481/481/148 514/514/148
f 480/480/134 514/514/148 513/513/134
f 481/481/148 482/482/148 515/515/148
f 481/481/148 515/515/148 514/514/148
f 482/482/148 483/483/148 516/516/148
f 482/482/148 516/516/148 515/515/148
f 483/483/148 484/484/148 517/517/148
f 483/483/148 517/517/148 516/516/148
f 484/484/148 485/485/135 518/518/148
f 484/484/148 518/518/148 517/517/148
f 485/485/135 486/486/136 519/519/135
f 485/485/135 519/519/135 518/518/148
f 486/486/136 487/487/137 520/520/164
f 486/486/136 520/520/164 519/519/135
f 487/487/137 488/488/138 521/521/140
f 487/487/137 521/521/140 520/520/164
f 488/488/138 489/489/140 522/522/151
f 488/488/138 522/522/151 521/521/140
f 489/489/140 490/490/156 523/523/151
f 489/489/140 523/523/151 522/522/151
f 490/490/156 491/491/158 524/524/158
f 490/490/156 524/524/158 523/523/151
f 491/491/158 492/492/151 525/525/158
f 491/491/158 525/525/158 524/524/158
f 492/492/151 493/493/151 526/526/151
f 492/492/151 526/526/151 525/525/158
f 493/493/151 494/494/152 527/527/152
f 493/493/151 527/527/152 526/526/151
f 494/494/152 495/495/142 528/528/142
f 494/494/152 528/528/142 527/527/152
f 496/497/161 497/496/160 530/529/165
f 496/497/161 530/529/165 529/530/166
f 497/496/160 498/498/162 531/531/167
f 497/496/160 531/531/167 530/529/165
f 498/498/162 499/499/128 532/532/168
f 498/498/162 532/532/168 531/531/167
f 499/499/128 500/500/144 533/533/169
f 499/499/128 533/533/169 532/532/168
f 500/500/144 501/501/154 534/534/169
f 500/500/144 534/534/169 533/533/169
f 501/501/154 502/502/154 535/535/169
f 501/501/154 535/535/169 534/534/169
f 502/502/154 503/503/154 536/536/169
f 502/502/154 536/536/169 535/535/169
f 503/503/154 504/504/154 537/537/169
f 503/503/154 537/537/169 536/536/169
f 504/504/154 505/505/145 538/538/170
f 504/504/154 538/538/170 537/537/169
f 505/505/145 506/506/146 539/539/171
f 505/505/145 539/539/171 538/538/170
f 506/506/146 507/507/146 540/540/171
f 506/506/146 540/540/171 539/539/171
f 507/507/146 508/508/146 541/541/171
f 507/507/146 541/541/171 540/540/171
f 508/508/146 509/509/146 542/542/171
f 508/508/146 542/542/171 541/541/171
f 509/509/146 510/510/146 543/543/171
f 509/509/146 543/543/171 542/542/171
f 510/510/146 511/511/130 544/544/172
f 510/510/146 544/544/172 543/543/171
f 511/511/130 512/512/163 545/545/173
f 511/511/130 545/545/173 544/544/172
f 512/512/163 513/513/134 546/546/174
f 512/512/163 546/546/174 545/545/173
f 513/513/134 514/514/148 547/547/175
f 513/513/134 547/547/175 546/546/174
f 514/514/148 515/515/148 548/548/175
f 514/514/148 548/548/175 547/547/175
f 515/515/148 516/516/148 549/549/175
f 515/515/148 549/549/175 548/548/175
f 516/516/148 517/517/148 550/550/175
f 516/516/148 550/550/175 549/549/175
f 517/517/148 518/518/148 551/551/176
f 517/517/148 551/551/176 550/550/175
f 518/518/148 519/519/135 552/552/175
f 518/518/148 552/552/175 551/551/176
f 519/519/135 520/520/164 553/553/177
f 519/519/135 553/553/177 552/552/175
f 520/520/164 521/521/140 554/554/178
f 520/520/164 554/554/178 553/553/177
f 521/521/140 522/522/151 555/555/179
f 521/521/140 555/555/179 554/554/178
f 522/522/151 523/523/151 556/556/179
f 522/522/151 556/556/179 555/555/179
f 523/523/151 524/524/158 557/557/179
f 523/523/151 557/557/179 556/556/179
f 524/524/158 525/525/158 558/558/179
f 524/524/158 558/558/179 557/557/179
f 525/525/158 526/526/151 559/559/179
f 525/525/158 559/559/179 558/558/179
f 526/526/151 527/527/152 560/560/180
f 526/526/151 560/560/180 559/559/179
f 527/527/152 528/528/142 561/561/181
f 527/527/152 561/561/181 560/560/180
f 529/530/166 530/529/165 563/562/182
f 529/530/166 563/562/182 562/563/183
f 530/529/165 531/531/167 564/564/184
f 530/529/165 564/564/184 563/562/182
f 531/531/167 532/532/168 565/565/185
f 531/531/167 565/565/185 564/564/184
f 532/532/168 533/533/169 566/566/186
f 532/532/168 566/566/186 565/565/185
f 533/533/169 534/534/169 567/567/187
f 533/533/169 567/567/187 566/566/186
f 534/534/169 535/535/169 568/568/187
f 534/534/169 568/568/187 567/567/187
f 535/535/169 536/536/169 569/569/187
f 535/535/169 569/569/187 568/568/187
f 536/536/169 537/537/169 570/570/186
f 536/536/169 570/570/186 569/569/187
f 537/537/169 538/538/170 571/571/188
f 537/537/169 571/571/188 570/570/186
f 538/538/170 539/539/171 572/572/189
f 538/538/170 572/572/189 571/571/188
f 539/539/171 540/540/171 573/573/189
f 539/539/171 573/573/189 572/572/189
f 540/540/171 541/541/171 574/574/189
f 540/540/171 574/574/189 573/573/189
f 541/541/171 542/542/171 575/575/190
f 541/541/171 575/575/190 574/574/189
f 542/542/171 543/543/171 576/576/190
f 542/542/171 576/576/190 575/575/190
f 543/543/171 544/544/172 577/577/191
f 543/543/171 577/577/191 576/576/190
f 544/544/172 545/545/173 578/578/192
f 544/544/172 578/578/192 577/577/191
f 545/545/173 546/546/174 579/579/193
f 545/545/173 579/579/193 578/578/192
f 546/546/174 547/547/175 580/580/194
f 546/546/174 580/580/194 579/579/193
f 547/547/175 548/548/175 581/581/194
f 547/547/175 581/581/194 580/580/194
f 548/548/175 549/549/175 582/582/194
f 548/548/175 582/582/194 581/581/194
f 549/549/175 550/550/175 583/583/194
f 549/549/175 583/583/194 582/582/194
f 550/550/175 551/551/176 584/584/194
f 550/550/175 584/584/194 583/583/194
f 551/551/176 552/552/175 585/585/194
f 551/551/176 585/585/194 584/584/194
f 552/552/175 553/553/177 586/586/195
f 552/552/175 586/586/195 585/585/194
f 553/553/177 554/554/178 587/587/196
f 553/553/177 587/587/196 586/586/195
f 554/554/178 555/555/179 588/588/197
f 554/554/178 588/588/197 587/587/196
f 555/555/179 556/556/179 589/589/197
f 555/555/179 589/589/197 588/588/197
f 556/556/179 557/557/179 590/590/197
f 556/556/179 590/590/197 589/589/197
f 557/557/179 558/558/179 591/591/197
f 557/557/179 591/591/197 590/590/197
f 558/558/179 559/559/179 592/592/197
f 558/558/179 592/592/197 591/591/197
f 559/559/179 560/560/180 593/593/198
f 559/559/179 593/593/198 592/592/197
f 560/560/180 561/561/181 594/594/199
f 560/560/180 594/594/199 593/593/198
f 562/563/183 563/562/182 596/595/200
f 562/563/183 596/595/200 595/596/201
f 563/562/182 564/564/184 597/597/202
f 563/562/182 597/597/202 596/595/200
f 564/564/184 565/565/185 598/598/203
f 564/564/184 598/598/203 597/597/202
f 565/565/185 566/566/186 599/599/185
f 565/565/185 599/599/185 598/598/203
f 566/566/186 567/567/187 600/600/187
f 566/566/186 600/600/187 599/599/185
f 567/567/187 568/568/187 601/601/187
f 567/567/187 601/601/187 600/600/187
f 568/568/187 569/569/187 602/602/187
f 568/568/187 602/602/187 601/601/187
f 569/569/187 570/570/186 603/603/187
f 569/569/187 603/603/187 602/602/187
f 570/570/186 571/571/188 604/604/188
f 570/570/186 604/604/188 603/603/187
f 571/571/188 572/572/189 605/605/189
f 571/571/188 605/605/189 604/604/188
f 572/572/189 573/573/189 606/606/190
f 572/572/189 606/606/190 605/605/189
f 573/573/189 574/574/189 607/607/190
f 573/573/189 607/607/190 606/606/190
f 574/574/189 575/575/190 608/608/204
f 574/574/189 608/608/204 607/607/190
f 575/575/190 576/576/190 609/609/191
f 575/575/190 609/609/191 608/608/204
f 576/576/190 577/577/191 610/610/205
f 576/576/190 610/610/205 609/609/191
f 577/577/191 578/578/192 611/611/206
f 577/577/191 611/611/206 610/610/205
f 578/578/192 579/579/193 612/612/207
f 578/578/192 612/612/207 611/611/206
f 579/579/193 580/580/194 613/613/194
f 579/579/193 613/613/194 612/612/207
f 580/580/194 581/581/194 614/614/194
f 580/580/194 614/614/194 613/613/194
f 581/581/194 582/582/194 615/615/194
f 581/581/194 615/615/194 614/614/194
f 582/582/194 583/583/194 616/616/194
f 582/582/194 616/616/194 615/615/194
f 583/583/194 584/584/194 617/617/194
f 583/583/194 617/617/194 616/616/194
f 584/584/194 585/585/194 618/618/194
f 584/584/194 618/618/194 617/617/194
f 585/585/194 586/586/195 619/619/208
f 585/585/194 619/619/208 618/618/194
f 586/586/195 587/587/196 620/620/209
f 586/586/195 620/620/209 619/619/208
f 587/587/196 588/588/197 621/621/210
f 587/587/196 621/621/210 620/620/209
f 588/588/197 589/589/197 622/622/197
f 588/588/197 622/622/197 621/621/210
f 589/589/197 590/590/197 623/623/197
f 589/589/197 623/623/197 622/622/197
f 590/590/197 591/591/197 624/624/197
f 590/590/197 624/624/197 623/623/197
f 591/591/197 592/592/197 625/625/197
f 591/591/197 625/625/197 624/624/197
f 592/592/197 593/593/198 626/626/198
f 592/592/197 626/626/198 625/625/197
f 593/593/198 594/594/199 627/627/211
f 593/593/198 627/627/211 626/626/198
f 595/596/201 596/595/200 629/628/212
f 595/596/201 629/628/212 628/629/213
f 596/595/200 597/597/202 630/630/214
f 596/595/200 630/630/214 629/628/212
f 597/597/202 598/598/203 631/631/215
f 597/597/202 631/631/215 630/630/214
f 598/598/203 599/599/185 632/632/203
f 598/598/203 632/632/203 631/631/215
f 599/599/185 600/600/187 633/633/216
f 599/599/185 633/633/216 632/632/203
f 600/600/187 601/601/187 634/634/186
f 600/600/187 634/634/186 633/633/216
f 601/601/187 602/602/187 635/635/186
f 601/601/187 635/635/186 634/634/186
f 602/602/187 603/603/187 636/636/187
f 602/602/187 636/636/187 635/635/186
f 603/603/187 604/604/188 637/637/188
f 603/603/187 637/637/188 636/636/187
f 604/604/188 605/605/189 638/638/190
f 604/604/188 638/638/190 637/637/188
f 605/605/189 606/606/190 639/639/189
f 605/605/189 639/639/189 638/638/190
f 606/606/190 607/607/190 640/640/204
f 606/606/190 640/640/204 639/639/189
f 607/607/190 608/608/204 641/641/191
f 607/607/190 641/641/191 640/640/204
f 608/608/204 609/609/191 642/642/217
f 608/608/204 642/642/217 641/641/191
f 609/609/191 610/610/205 643/643/218
f 609/609/191 643/643/218 642/642/217
f 610/610/205 611/611/206 644/644/219
f 610/610/205 644/644/219 643/643/218
f 611/611/206 612/612/207 645/645/207
f 611/611/206 645/645/207 644/644/219
f 612/612/207 613/613/194 646/646/194
f 612/612/207 646/646/194 645/645/207
f 613/613/194 614/614/194 647/647/194
f 613/613/194 647/647/194 646/646/194
f 614/614/194 615/615/194 648/648/194
f 614/614/194 648/648/194 647/647/194
f 615/615/194 616/616/194 649/649/194
f 615/615/194 649/649/194 648/648/194
f 616/616/194 617/617/194 650/650/194
f 616/616/194 650/650/194 649/649/194
f 617/617/194 618/618/194 651/651/194
f 617/617/194 651/651/194 650/650/194
f 618/618/194 619/619/208 652/652/195
f 618/618/194 652/652/195 651/651/194
f 619/619/208 620/620/209 653/653/209
f 619/619/208 653/653/209 652/652/195
f 620/620/209 621/621/210 654/654/209
f 620/620/209 654/654/209 653/653/209
f 621/621/210 622/622/197 655/655/210
f 621/621/210 655/655/210 654/654/209
f 622/622/197 623/623/197 656/656/197
f 622/622/197 656/656/197 655/655/210
f 623/623/197 624/624/197 657/657/197
f 623/623/197 657/657/197 656/656/197
f 624/624/197 625/625/197 658/658/220
f 624/624/197 658/658/220 657/657/197
f 625/625/197 626/626/198 659/659/198
f 625/625/197 659/659/198 658/658/220
f 626/626/198 627/627/211 660/660/211
f 626/626/198 660/660/211 659/659/198
f 628/629/213 629/628/212 662/661/212
f 628/629/213 662/661/212 661/662/213
f 629/628/212 630/630/214 663/663/221
f 629/628/212 663/663/221 662/661/212
f 630/630/214 631/631/215 664/664/215
f 630/630/214 664/664/215 663/663/221
f 631/631/215 632/632/203 665/665/215
f 631/631/215 665/665/215 664/664/215
f 632/632/203 633/633/216 666/666/203
f 632/632/203 666/666/203 665/665/215
f 633/633/216 634/634/186 667/667/185
f 633/633/216 667/667/185 666/666/203
f 634/634/186 635/635/186 668/668/186
f 634/634/186 668/668/186 667/667/185
f 635/635/186 636/636/187 669/669/187
f 635/635/186 669/669/187 668/668/186
f 636/636/187 637/637/188 670/670/188
f 636/636/187 670/670/188 669/669/187
f 637/637/188 638/638/190 671/671/190
f 637/637/188 671/671/190 670/670/188
f 638/638/190 639/639/189 672/672/190
f 638/638/190 672/672/190 671/671/190
f 639/639/189 640/640/204 673/673/191
f 639/639/189 673/673/191 672/672/190
f 640/640/204 641/641/191 674/674/217
f 640/640/204 674/674/217 673/673/191
f 641/641/191 642/642/217 675/675/218
f 641/641/191 675/675/218 674/674/217
f 642/642/217 643/643/218 676/676/222
f 642/642/217 676/676/222 675/675/218
f 643/643/218 644/644/219 677/677/219
f 643/643/218 677/677/219 676/676/222
f 644/644/219 645/645/207 678/678/207
f 644/644/219 678/678/207 677/677/219
f 645/645/207 646/646/194 679/679/194
f 645/645/207 679/679/194 678/678/207
f 646/646/194 647/647/194 680/680/194
f 646/646/194 680/680/194 679/679/194
f 647/647/194 648/648/194 681/681/194
f 647/647/194 681/681/194 680/680/194
f 648/648/194 649/649/194 682/682/194
f 648/648/194 682/682/194 681/681/194
f 649/649/194 650/650/194 683/683/194
f 649/649/194 683/683/194 682/682/194
f 650/650/194 651/651/194 684/684/194
f 650/650/194 684/684/194 683/683/194
f 651/651/194 652/652/195 685/685/195
f 651/651/194 685/685/195 684/684/194
f 652/652/195 653/653/209 686/686/209
f 652/652/195 686/686/209 685/685/195
f 653/653/209 654/654/209 687/687/209
f 653/653/209 687/687/209 686/686/209
f 654/654/209 655/655/210 688/688/209
f 654/654/209 688/688/209 687/687/209
f 655/655/210 656/656/197 689/689/196
f 655/655/210 689/689/196 688/688/209
f 656/656/197 657/657/197 690/690/220
f 656/656/197 690/690/220 689/689/196
f 657/657/197 658/658/220 691/691/197
f 657/657/197 691/691/197 690/690/220
f 658/658/220 659/659/198 692/692/223
f 658/658/220 692/692/223 691/691/197
f 659/659/198 660/660/211 693/693/224
f 659/659/198 693/693/224 692/692/223
f 661/662/213 662/661/212 695/694/200
f 661/662/213 695/694/200 694/695/213
f 662/661/212 663/663/221 696/696/202
f 662/661/212 696/696/202 695/694/200
f 663/663/221 664/664/215 697/697/215
f 663/663/221 697/697/215 696/696/202
f 664/664/215 665/665/215 698/698/215
f 664/664/215 698/698/215 697/697/215
f 665/665/215 666/666/203 699/699/215
f 665/665/215 699/699/215 698/698/215
f 666/666/203 667/667/185 700/700/203
f 666/666/203 700/700/203 699/699/215
f 667/667/185 668/668/186 701/701/185
f 667/667/185 701/701/185 700/700/203
f 668/668/186 669/669/187 702/702/186
f 668/668/186 702/702/186 701/701/185
f 669/669/187 670/670/188 703/703/188
f 669/669/187 703/703/188 702/702/186
f 670/670/188 671/671/190 704/704/190
f 670/670/188 704/704/190 703/703/188
f 671/671/190 672/672/190 705/705/225
f 671/671/190 705/705/225 704/704/190
f 672/672/190 673/673/191 706/706/217
f 672/672/190 706/706/217 705/705/225
f 673/673/191 674/674/217 707/707/218
f 673/673/191 707/707/218 706/706/217
f 674/674/217 675/675/218 708/708/226
f 674/674/217 708/708/226 707/707/218
f 675/675/218 676/676/222 709/709/222
f 675/675/218 709/709/222 708/708/226
f 676/676/222 677/677/219 710/710/219
f 676/676/222 710/710/219 709/709/222
f 677/677/219 678/678/207 711/711/207
f 677/677/219 711/711/207 710/710/219
f 678/678/207 679/679/194 712/712/194
f 678/678/207 712/712/194 711/711/207
f 679/679/194 680/680/194 713/713/194
f 679/679/194 713/713/194 712/712/194
f 680/680/194 681/681/194 714/714/194
f 680/680/194 714/714/194 713/713/194
f 681/681/194 682/682/194 715/715/194
f 681/681/194 715/715/194 714/714/194
f 682/682/194 683/683/194 716/716/194
f 682/682/194 716/716/194 715/715/194
f 683/683/194 684/684/194 717/717/194
f 683/683/194 717/717/194 716/716/194
f 684/684/194 685/685/195 718/718/195
f 684/684/194 718/718/195 717/717/194
f 685/685/195 686/686/209 719/719/209
f 685/685/195 719/719/209 718/718/195
f 686/686/209 687/687/209 720/720/209
f 686/686/209 720/720/209 719/719/209
f 687/687/209 688/688/209 721/721/209
f 687/687/209 721/721/209 720/720/209
f 688/688/209 689/689/196 722/722/209
f 688/688/209 722/722/209 721/721/209
f 689/689/196 690/690/220 723/723/210
f 689/689/196 723/723/210 722/722/209
f 690/690/220 691/691/197 724/724/220
f 690/690/220 724/724/220 723/723/210
f 691/691/197 692/692/223 725/725/198
f 691/691/197 725/725/198 724/724/220
f 692/692/223 693/693/224 726/726/224
f 692/692/223 726/726/224 725/725/198
f 694/695/213 695/694/200 728/727/212
f 694/695/213 728/727/212 727/728/227
f 695/694/200 696/696/202 729/729/214
f 695/694/200 729/729/214 728/727/212
f 696/696/202 697/697/215 730/730/215
f 696/696/202 730/730/215 729/729/214
f 697/697/215 698/698/215 731/731/215
f 697/697/215 731/731/215 730/730/215
f 698/698/215 699/699/215 732/732/215
f 698/698/215 732/732/215 731/731/215
f 699/699/215 700/700/203 733/733/215
f 699/699/215 733/733/215 732/732/215
f 700/700/203 701/701/185 734/734/203
f 700/700/203 734/734/203 733/733/215
f 701/701/185 702/702/186 735/735/216
f 701/701/185 735/735/216 734/734/203
f 702/702/186 703/703/188 736/736/228
f 702/702/186 736/736/228 735/735/216
f 703/703/188 704/704/190 737/737/191
f 703/703/188 737/737/191 736/736/228
f 704/704/190 705/705/225 738/738/205
f 704/704/190 738/738/205 737/737/191
f 705/705/225 706/706/217 739/739/229
f 705/705/225 739/739/229 738/738/205
f 706/706/217 707/707/218 740/740/226
f 706/706/217 740/740/226 739/739/229
f 707/707/218 708/708/226 741/741/226
f 707/707/218 741/741/226 740/740/226
f 708/708/226 709/709/222 742/742/222
f 708/708/226 742/742/222 741/741/226
f 709/709/222 710/710/219 743/743/219
f 709/709/222 743/743/219 742/742/222
f 710/710/219 711/711/207 744/744/207
f 710/710/219 744/744/207 743/743/219
f 711/711/207 712/712/194 745/745/194
f 711/711/207 745/745/194 744/744/207
f 712/712/194 713/713/194 746/746/194
f 712/712/194 746/746/194 745/745/194
f 713/713/194 714/714/194 747/747/194
f 713/713/194 747/747/194 746/746/194
f 714/714/194 715/715/194 748/748/194
f 714/714/194 748/748/194 747/747/194
f 715/715/194 716/716/194 749/749/194
f 715/715/194 749/749/194 748/748/194
f 716/716/194 717/717/194 750/750/194
f 716/716/194 750/750/194 749/749/194
f 717/717/194 718/718/195 751/751/195
f 717/717/194 751/751/195 750/750/194
f 718/718/195 719/719/209 752/752/209
f 718/718/195 752/752/209 751/751/195
f 719/719/209 720/720/209 753/753/209
f 719/719/209 753/753/209 752/752/209
f 720/720/209 721/721/209 754/754/209
f 720/720/209 754/754/209 753/753/209
f 721/721/209 722/722/209 755/755/209
f 721/721/209 755/755/209 754/754/209
f 722/722/209 723/723/210 756/756/209
f 722/722/209 756/756/209 755/755/209
f 723/723/210 724/724/220 757/757/210
f 723/723/210 757/757/210 756/756/209
f 724/724/220 725/725/198 758/758/198
f 724/724/220 758/758/198 757/757/210
f 725/725/198 726/726/224 759/759/224
f 725/725/198 759/759/224 758/758/198
f 727/728/227 728/727/212 761/760/230
f 727/728/227 761/760/230 760/761/231
f 728/727/212 729/729/214 762/762/232
f 728/727/212 762/762/232 761/760/230
f 729/729/214 730/730/215 763/763/233
f 729/729/214 763/763/233 762/762/232
f 730/730/215 731/731/215 764/764/234
f 730/730/215 764/764/234 763/763/233
f 731/731/215 732/732/215 765/765/234
f 731/731/215 765/765/234 764/764/234
f 732/732/215 733/733/215 766/766/235
f 732/732/215 766/766/235 765/765/234
f 733/733/215 734/734/203 767/767/234
f 733/733/215 767/767/234 766/766/235
f 734/734/203 735/735/216 768/768/236
f 734/734/203 768/768/236 767/767/234
f 735/735/216 736/736/228 769/769/237
f 735/735/216 769/769/237 768/768/236
f 736/736/228 737/737/191 770/770/238
f 736/736/228 770/770/238 769/769/237
f 737/737/191 738/738/205 771/771/239
f 737/737/191 771/771/239 770/770/238
f 738/738/205 739/739/229 772/772/240
f 738/738/205 772/772/240 771/771/239
f 739/739/229 740/740/226 773/773/241
f 739/739/229 773/773/241 772/772/240
f 740/740/226 741/741/226 774/774/241
f 740/740/226 774/774/241 773/773/241
f 741/741/226 742/742/222 775/775/241
f 741/741/226 775/775/241 774/774/241
f 742/742/222 743/743/219 776/776/242
f 742/742/222 776/776/242 775/775/241
f 743/743/219 744/744/207 777/777/243
f 743/743/219 777/777/243 776/776/242
f 744/744/207 745/745/194 778/778/244
f 744/744/207 778/778/244 777/777/243
f 745/745/194 746/746/194 779/779/244
f 745/745/194 779/779/244 778/778/244
f 746/746/194 747/747/194 780/780/244
f 746/746/194 780/780/244 779/779/244
f 747/747/194 748/748/194 781/781/244
f 747/747/194 781/781/244 780/780/244
f 748/748/194 749/749/194 782/782/244
f 748/748/194 782/782/244 781/781/244
f 749/749/194 750/750/194 783/783/245
f 749/749/194 783/783/245 782/782/244
f 750/750/194 751/751/195 784/784/246
f 750/750/194 784/784/246 783/783/245
f 751/751/195 752/752/209 785/785/247
f 751/751/195 785/785/247 784/784/246
f 752/752/209 753/753/209 786/786/248
f 752/752/209 786/786/248 785/785/247
f 753/753/209 754/754/209 787/787/247
f 753/753/209 787/787/247 786/786/248
f 754/754/209 755/755/209 788/788/247
f 754/754/209 788/788/247 787/787/247
f 755/755/209 756/756/209 789/789/248
f 755/755/209 789/789/248 788/788/247
f 756/756/209 757/757/210 790/790/247
f 756/756/209 790/790/247 789/789/248
f 757/757/210 758/758/198 791/791/249
f 757/757/210 791/791/249 790/790/247
f 758/758/198 759/759/224 792/792/250
f 758/758/198 792/792/250 791/791/249
f 760/761/231 761/760/230 794/793/251
f 760/761/231 794/793/251 793/794/252
f 761/760/230 762/762/232 795/795/253
f 761/760/230 795/795/253 794/793/251
f 762/762/232 763/763/233 796/796/254
f 762/762/232 796/796/254 795/795/253
f 763/763/233 764/764/234 797/797/254
f 763/763/233 797/797/254 796/796/254
f 764/764/234 765/765/234 798/798/254
f 764/764/234 798/798/254 797/797/254
f 765/765/234 766/766/235 799/799/254
f 765/765/234 799/799/254 798/798/254
f 766/766/235 767/767/234 800/800/255
f 766/766/235 800/800/255 799/799/254
f 767/767/234 768/768/236 801/801/256
f 767/767/234 801/801/256 800/800/255
f 768/768/236 769/769/237 802/802/257
f 768/768/236 802/802/257 801/801/256
f 769/769/237 770/770/238 803/803/258
f 769/769/237 803/803/258 802/802/257
f 770/770/238 771/771/239 804/804/259
f 770/770/238 804/804/259 803/803/258
f 771/771/239 772/772/240 805/805/259
f 771/771/239 805/805/259 804/804/259
f 772/772/240 773/773/241 806/806/260
f 772/772/240 806/806/260 805/805/259
f 773/773/241 774/774/241 807/807/259
f 773/773/241 807/807/259 806/806/260
f 774/774/241 775/775/241 808/808/261
f 774/774/241 808/808/261 807/807/259
f 775/775/241 776/776/242 809/809/262
f 775/775/241 809/809/262 808/808/261
f 776/776/242 777/777/243 810/810/263
f 776/776/242 810/810/263 809/809/262
f 777/777/243 778/778/244 811/811/264
f 777/777/243 811/811/264 810/810/263
f 778/778/244 779/779/244 812/812/265
f 778/778/244 812/812/265 811/811/264
f 779/779/244 780/780/244 813/813/265
f 779/779/244 813/813/265 812/812/265
f 780/780/244 781/781/244 814/814/265
f 780/780/244 814/814/265 813/813/265
f 781/781/244 782/782/244 815/815/265
f 781/781/244 815/815/265 814/814/265
f 782/782/244 783/783/245 816/816/265
f 782/782/244 816/816/265 815/815/265
f 783/783/245 784/784/246 817/817/266
f 783/783/245 817/817/266 816/816/265
f 784/784/246 785/785/247 818/818/267
f 784/784/246 818/818/267 817/817/266
f 785/785/247 786/786/248 819/819/267
f 785/785/247 819/819/267 818/818/267
f 786/786/248 787/787/247 820/820/267
f 786/786/248 820/820/267 819/819/267
f 787/787/247 788/788/247 821/821/267
f 787/787/247 821/821/267 820/820/267
f 788/788/247 789/789/248 822/822/267
f 788/788/247 822/822/267 821/821/267
f 789/789/248 790/790/247 823/823/268
f 789/789/248 823/823/268 822/822/267
f 790/790/247 791/791/249 824/824/269
f 790/790/247 824/824/269 823/823/268
f 791/791/249 792/792/250 825/825/270
f 791/791/249 825/825/270 824/824/269
f 793/794/252 794/793/251 827/826/271
f 793/794/252 827/826/271 826/827/272
f 794/793/251 795/795/253 828/828/273
f 794/793/251 828/828/273 827/826/271
f 795/795/253 796/796/254 829/829/274
f 795/795/253 829/829/274 828/828/273
f 796/796/254 797/797/254 830/830/274
f 796/796/254 830/830/274 829/829/274
f 797/797/254 798/798/254 831/831/274
f 797/797/254 831/831/274 830/830/274
f 798/798/254 799/799/254 832/832/275
f 798/798/254 832/832/275 831/831/274
f 799/799/254 800/800/255 833/833/276
f 799/799/254 833/833/276 832/832/275
f 800/800/255 801/801/256 834/834/277
f 800/800/255 834/834/277 833/833/276
f 801/801/256 802/802/257 835/835/278
f 801/801/256 835/835/278 834/834/277
f 802/802/257 803/803/258 836/836/279
f 802/802/257 836/836/279 835/835/278
f 803/803/258 804/804/259 837/837/280
f 803/803/258 837/837/280 836/836/279
f 804/804/259 805/805/259 838/838/279
f 804/804/259 838/838/279 837/837/280
f 805/805/259 806/806/260 839/839/279
f 805/805/259 839/839/279 838/838/279
f 806/806/260 807/807/259 840/840/279
f 806/806/260 840/840/279 839/839/279
f 807/807/259 808/808/261 841/841/281
f 807/807/259 841/841/281 840/840/279
f 808/808/261 809/809/262 842/842/282
f 808/808/261 842/842/282 841/841/281
f 809/809/262 810/810/263 843/843/283
f 809/809/262 843/843/283 842/842/282
f 810/810/263 811/811/264 844/844/284
f 810/810/263 844/844/284 843/843/283
f 811/811/264 812/812/265 845/845/285
f 811/811/264 845/845/285 844/844/284
f 812/812/265 813/813/265 846/846/285
f 812/812/265 846/846/285 845/845/285
f 813/813/265 814/814/265 847/847/285
f 813/813/265 847/847/285 846/846/285
f 814/814/265 815/815/265 848/848/285
f 814/814/265 848/848/285 847/847/285
f 815/815/265 816/816/265 849/849/285
f 815/815/265 849/849/285 848/848/285
f 816/816/265 817/817/266 850/850/286
f 816/816/265 850/850/286 849/849/285
f 817/817/266 818/818/267 851/851/287
f 817/817/266 851/851/287 850/850/286
f 818/818/267 819/819/267 852/852/287
f 818/818/267 852/852/287 851/851/287
f 819/819/267 820/820/267 853/853/287
f 819/819/267 853/853/287 852/852/287
f 820/820/267 821/821/267 854/854/287
f 820/820/267 854/854/287 853/853/287
f 821/821/267 822/822/267 855/855/288
f 821/821/267 855/855/288 854/854/287
f 822/822/267 823/823/268 856/856/289
f 822/822/267 856/856/289 855/855/288
f 823/823/268 824/824/269 857/857/290
f 823/823/268 857/857/290 856/856/289
f 824/824/269 825/825/270 858/858/291
f 824/824/269 858/858/291 857/857/290
f 826/827/272 827/826/271 860/859/292
f 826/827/272 860/859/292 859/860/293
f 827/826/271 828/828/273 861/861/273
f 827/826/271 861/861/273 860/859/292
f 828/828/273 829/829/274 862/862/274
f 828/828/273 862/862/274 861/861/273
f 829/829/274 830/830/274 863/863/274
f 829/829/274 863/863/274 862/862/274
f 830/830/274 831/831/274 864/864/274
f 830/830/274 864/864/274 863/863/274
f 831/831/274 832/832/275 865/865/294
f 831/831/274 865/865/294 864/864/274
f 832/832/275 833/833/276 866/866/277
f 832/832/275 866/866/277 865/865/294
f 833/833/276 834/834/277 867/867/295
f 833/833/276 867/867/295 866/866/277
f 834/834/277 835/835/278 868/868/278
f 834/834/277 868/868/278 867/867/295
f 835/835/278 836/836/279 869/869/280
f 835/835/278 869/869/280 868/868/278
f 836/836/279 837/837/280 870/870/280
f 836/836/279 870/870/280 869/869/280
f 837/837/280 838/838/279 871/871/280
f 837/837/280 871/871/280 870/870/280
f 838/838/279 839/839/279 872/872/296
f 838/838/279 872/872/296 871/871/280
f 839/839/279 840/840/279 873/873/297
f 839/839/279 873/873/297 872/872/296
f 840/840/279 841/841/281 874/874/298
f 840/840/279 874/874/298 873/873/297
f 841/841/281 842/842/282 875/875/282
f 841/841/281 875/875/282 874/874/298
f 842/842/282 843/843/283 876/876/299
f 842/842/282 876/876/299 875/875/282
f 843/843/283 844/844/284 877/877/300
f 843/843/283 877/877/300 876/876/299
f 844/844/284 845/845/285 878/878/284
f 844/844/284 878/878/284 877/877/300
f 845/845/285 846/846/285 879/879/285
f 845/845/285 879/879/285 878/878/284
f 846/846/285 847/847/285 880/880/285
f 846/846/285 880/880/285 879/879/285
f 847/847/285 848/848/285 881/881/285
f 847/847/285 881/881/285 880/880/285
f 848/848/285 849/849/285 882/882/285
f 848/848/285 882/882/285 881/881/285
f 849/849/285 850/850/286 883/883/286
f 849/849/285 883/883/286 882/882/285
f 850/850/286 851/851/287 884/884/287
f 850/850/286 884/884/287 883/883/286
f 851/851/287 852/852/287 885/885/287
f 851/851/287 885/885/287 884/884/287
f 852/852/287 853/853/287 886/886/287
f 852/852/287 886/886/287 885/885/287
f 853/853/287 854/854/287 887/887/288
f 853/853/287 887/887/288 886/886/287
f 854/854/287 855/855/288 888/888/289
f 854/854/287 888/888/289 887/887/288
f 855/855/288 856/856/289 889/889/301
f 855/855/288 889/889/301 888/888/289
f 856/856/289 857/857/290 890/890/302
f 856/856/289 890/890/302 889/889/301
f 857/857/290 858/858/291 891/891/303
f 857/857/290 891/891/303 890/890/302
f 859/860/293 860/859/292 893/892/304
f 859/860/293 893/892/304 892/893/293
f 860/859/292 861/861/273 894/894/273
f 860/859/292 894/894/273 893/892/304
f 861/861/273 862/862/274 895/895/274
f 861/861/273 895/895/274 894/894/273
f 862/862/274 863/863/274 896/896/274
f 862/862/274 896/896/274 895/895/274
f 863/863/274 864/864/274 897/897/294
f 863/863/274 897/897/294 896/896/274
f 864/864/274 865/865/294 898/898/277
f 864/864/274 898/898/277 897/897/294
f 865/865/294 866/866/277 899/899/295
f 865/865/294 899/899/295 898/898/277
f 866/866/277 867/867/295 900/900/295
f 866/866/277 900/900/295 899/899/295
f 867/867/295 868/868/278 901/901/278
f 867/867/295 901/901/278 900/900/295
f 868/868/278 869/869/280 902/902/279
f 868/868/278 902/902/279 901/901/278
f 869/869/280 870/870/280 903/903/279
f 869/869/280 903/903/279 902/902/279
f 870/870/280 871/871/280 904/904/279
f 870/870/280 904/904/279 903/903/279
f 871/871/280 872/872/296 905/905/297
f 871/871/280 905/905/297 904/904/279
f 872/872/296 873/873/297 906/906/298
f 872/872/296 906/906/298 905/905/297
f 873/873/297 874/874/298 907/907/305
f 873/873/297 907/907/305 906/906/298
f 874/874/298 875/875/282 908/908/282
f 874/874/298 908/908/282 907/907/305
f 875/875/282 876/876/299 909/909/283
f 875/875/282 909/909/283 908/908/282
f 876/876/299 877/877/300 910/910/300
f 876/876/299 910/910/300 909/909/283
f 877/877/300 878/878/284 911/911/300
f 877/877/300 911/911/300 910/910/300
f 878/878/284 879/879/285 912/912/284
f 878/878/284 912/912/284 911/911/300
f 879/879/285 880/880/285 913/913/285
f 879/879/285 913/913/285 912/912/284
f 880/880/285 881/881/285 914/914/285
f 880/880/285 914/914/285 913/913/285
f 881/881/285 882/882/285 915/915/285
f 881/881/285 915/915/285 914/914/285
f 882/882/285 883/883/286 916/916/286
f 882/882/285 916/916/286 915/915/285
f 883/883/286 884/884/287 917/917/287
f 883/883/286 917/917/287 916/916/286
f 884/884/287 885/885/287 918/918/287
f 884/884/287 918/918/287 917/917/287
f 885/885/287 886/886/287 919/919/287
f 885/885/287 919/919/287 918/918/287
f 886/886/287 887/887/288 920/920/289
f 886/886/287 920/920/289 919/919/287
f 887/887/288 888/888/289 921/921/301
f 887/887/288 921/921/301 920/920/289
f 888/888/289 889/889/301 922/922/301
f 888/888/289 922/922/301 921/921/301
f 889/889/301 890/890/302 923/923/302
f 889/889/301 923/923/302 922/922/301
f 890/890/302 891/891/303 924/924/291
f 890/890/302 924/924/291 923/923/302
f 892/893/293 893/892/304 926/925/304
f 892/893/293 926/925/304 925/926/293
f 893/892/304 894/894/273 927/927/273
f 893/892/304 927/927/273 926/925/304
f 894/894/273 895/895/274 928/928/275
f 894/894/273 928/928/275 927/927/273
f 895/895/274 896/896/274 929/929/294
f 895/895/274 929/929/294 928/928/275
f 896/896/274 897/897/294 930/930/306
f 896/896/274 930/930/306 929/929/294
f 897/897/294 898/898/277 931/931/295
f 897/897/294 931/931/295 930/930/306
f 898/898/277 899/899/295 932/932/295
f 898/898/277 932/932/295 931/931/295
f 899/899/295 900/900/295 933/933/295
f 899/899/295 933/933/295 932/932/295
f 900/900/295 901/901/278 934/934/278
f 900/900/295 934/934/278 933/933/295
f 901/901/278 902/902/279 935/935/280
f 901/901/278 935/935/280 934/934/278
f 902/902/279 903/903/279 936/936/280
f 902/902/279 936/936/280 935/935/280
f 903/903/279 904/904/279 937/937/297
f 903/903/279 937/937/297 936/936/280
f 904/904/279 905/905/297 938/938/305
f 904/904/279 938/938/305 937/937/297
f 905/905/297 906/906/298 939/939/298
f 905/905/297 939/939/298 938/938/305
f 906/906/298 907/907/305 940/940/305
f 906/906/298 940/940/305 939/939/298
f 907/907/305 908/908/282 941/941/307
f 907/907/305 941/941/307 940/940/305
f 908/908/282 909/909/283 942/942/299
f 908/908/282 942/942/299 941/941/307
f 909/909/283 910/910/300 943/943/300
f 909/909/283 943/943/300 942/942/299
f 910/910/300 911/911/300 944/944/300
f 910/910/300 944/944/300 943/943/300
f 911/911/300 912/912/284 945/945/300
f 911/911/300 945/945/300 944/944/300
f 912/912/284 913/913/285 946/946/284
f 912/912/284 946/946/284 945/945/300
f 913/913/285 914/914/285 947/947/285
f 913/913/285 947/947/285 946/946/284
f 914/914/285 915/915/285 948/948/285
f 914/914/285 948/948/285 947/947/285
f 915/915/285 916/916/286 949/949/286
f 915/915/285 949/949/286 948/948/285
f 916/916/286 917/917/287 950/950/287
f 916/916/286 950/950/287 949/949/286
f 917/917/287 918/918/287 951/951/288
f 917/917/287 951/951/288 950/950/287
f 918/918/287 919/919/287 952/952/289
f 918/918/287 952/952/289 951/951/288
f 919/919/287 920/920/289 953/953/301
f 919/919/287 953/953/301 952/952/289
f 920/920/289 921/921/301 954/954/301
f 920/920/289 954/954/301 953/953/301
f 921/921/301 922/922/301 955/955/301
f 921/921/301 955/955/301 954/954/301
f 922/922/301 923/923/302 956/956/302
f 922/922/301 956/956/302 955/955/301
f 923/923/302 924/924/291 957/957/303
f 923/923/302 957/957/303 956/956/302
f 925/926/293 926/925/304 959/958/292
f 925/926/293 959/958/292 958/959/293
f 926/925/304 927/927/273 960/960/273
f 926/925/304 960/960/273 959/958/292
f 927/927/273 928/928/275 961/961/276
f 927/927/273 961/961/276 960/960/273
f 928/928/275 929/929/294 962/962/277
f 928/928/275 962/962/277 961/961/276
f 929/929/294 930/930/306 963/963/295
f 929/929/294 963/963/295 962/962/277
f 930/930/306 931/931/295 964/964/295
f 930/930/306 964/964/295 963/963/295
f 931/931/295 932/932/295 965/965/295
f 931/931/295 965/965/295 964/964/295
f 932/932/295 933/933/295 966/966/295
f 932/932/295 966/966/295 965/965/295
f 933/933/295 934/934/278 967/967/278
f 933/933/295 967/967/278 966/966/295
f 934/934/278 935/935/280 968/968/296
f 934/934/278 968/968/296 967/967/278
f 935/935/280 936/936/280 969/969/297
f 935/935/280 969/969/297 968/968/296
f 936/936/280 937/937/297 970/970/305
f 936/936/280 970/970/305 969/969/297
f 937/937/297 938/938/305 971/971/305
f 937/937/297 971/971/305 970/970/305
f 938/938/305 939/939/298 972/972/305
f 938/938/305 972/972/305 971/971/305
f 939/939/298 940/940/305 973/973/305
f 939/939/298 973/973/305 972/972/305
f 940/940/305 941/941/307 974/974/308
f 940/940/305 974/974/308 973/973/305
f 941/941/307 942/942/299 975/975/299
f 941/941/307 975/975/299 974/974/308
f 942/942/299 943/943/300 976/976/300
f 942/942/299 976/976/300 975/975/299
f 943/943/300 944/944/300 977/977/300
f 943/943/300 977/977/300 976/976/300
f 944/944/300 945/945/300 978/978/300
f 944/944/300 978/978/300 977/977/300
f 945/945/300 946/946/284 979/979/300
f 945/945/300 979/979/300 978/978/300
f 946/946/284 947/947/285 980/980/284
f 946/946/284 980/980/284 979/979/300
f 947/947/285 948/948/285 981/981/285
f 947/947/285 981/981/285 980/980/284
f 948/948/285 949/949/286 982/982/309
f 948/948/285 982/982/309 981/981/285
f 949/949/286 950/950/287 983/983/287
f 949/949/286 983/983/287 982/982/309
f 950/950/287 951/951/288 984/984/289
f 950/950/287 984/984/289 983/983/287
f 951/951/288 952/952/289 985/985/301
f 951/951/288 985/985/301 984/984/289
f 952/952/289 953/953/301 986/986/301
f 952/952/289 986/986/301 985/985/301
f 953/953/301 954/954/301 987/987/301
f 953/953/301 987/987/301 986/986/301
f 954/954/301 955/955/301 988/988/301
f 954/954/301 988/988/301 987/987/301
f 955/955/301 956/956/302 989/989/302
f 955/955/301 989/989/302 988/988/301
f 956/956/302 957/957/303 990/990/291
f 956/956/302 990/990/291 989/989/302
f 958/959/293 959/958/292 992/991/310
f 958/959/293 992/991/310 991/992/311
f 959/958/292 960/960/273 993/993/312
f 959/958/292 993/993/312 992/991/310
f 960/960/273 961/961/276 994/994/277
f 960/960/273 994/994/277 993/993/312
f 961/961/276 962/962/277 995/995/295
f 961/961/276 995/995/295 994/994/277
f 962/962/277 963/963/295 996/996/295
f 962/962/277 996/996/295 995/995/295
f 963/963/295 964/964/295 997/997/295
f 963/963/295 997/997/295 996/996/295
f 964/964/295 965/965/295 998/998/295
f 964/964/295 998/998/295 997/997/295
f 965/965/295 966/966/295 999/999/295
f 965/965/295 999/999/295 998/998/295
f 966/966/295 967/967/278 1000/1000/313
f 966/966/295 1000/1000/313 999/999/295
f 967/967/278 968/968/296 1001/1001/297
f 967/967/278 1001/1001/297 1000/1000/313
f 968/968/296 969/969/297 1002/1002/305
f 968/968/296 1002/1002/305 1001/1001/297
f 969/969/297 970/970/305 1003/1003/298
f 969/969/297 1003/1003/298 1002/1002/305
f 970/970/305 971/971/305 1004/1004/298
f 970/970/305 1004/1004/298 1003/1003/298
f 971/971/305 972/972/305 1005/1005/305
f 971/971/305 1005/1005/305 1004/1004/298
f 972/972/305 973/973/305 1006/1006/305
f 972/972/305 1006/1006/305 1005/1005/305
f 973/973/305 974/974/308 1007/1007/282
f 973/973/305 1007/1007/282 1006/1006/305
f 974/974/308 975/975/299 1008/1008/283
f 974/974/308 1008/1008/283 1007/1007/282
f 975/975/299 976/976/300 1009/1009/300
f 975/975/299 1009/1009/300 1008/1008/283
f 976/976/300 977/977/300 1010/1010/300
f 976/976/300 1010/1010/300 1009/1009/300
f 977/977/300 978/978/300 1011/1011/300
f 977/977/300 1011/1011/300 1010/1010/300
f 978/978/300 979/979/300 1012/1012/300
f 978/978/300 1012/1012/300 1011/1011/300
f 979/979/300 980/980/284 1013/1013/300
f 979/979/300 1013/1013/300 1012/1012/300
f 980/980/284 981/981/285 1014/1014/284
f 980/980/284 1014/1014/284 1013/1013/300
f 981/981/285 982/982/309 1015/1015/286
f 981/981/285 1015/1015/286 1014/1014/284
f 982/982/309 983/983/287 1016/1016/289
f 982/982/309 1016/1016/289 1015/1015/286
f 983/983/287 984/984/289 1017/1017/301
f 983/983/287 1017/1017/301 1016/1016/289
f 984/984/289 985/985/301 1018/1018/301
f 984/984/289 1018/1018/301 1017/1017/301
f 985/985/301 986/986/301 1019/1019/301
f 985/985/301 1019/1019/301 1018/1018/301
f 986/986/301 987/987/301 1020/1020/301
f 986/986/301 1020/1020/301 1019/1019/301
f 987/987/301 988/988/301 1021/1021/301
f 987/987/301 1021/1021/301 1020/1020/301
f 988/988/301 989/989/302 1022/1022/302
f 988/988/301 1022/1022/302 1021/1021/301
f 989/989/302 990/990/291 1023/1023/291
f 989/989/302 1023/1023/291 1022/1022/302
f 991/992/311 992/991/310 1025/1024/314
f 991/992/311 1025/1024/314 1024/1025/315
f 992/991/310 993/993/312 1026/1026/316
f 992/991/310 1026/1026/316 1025/1024/314
f 993/993/312 994/994/277 1027/1027/317
f 993/993/312 1027/1027/317 1026/1026/316
f 994/994/277 995/995/295 1028/1028/318
f 994/994/277 1028/1028/318 1027/1027/317
f 995/995/295 996/996/295 1029/1029/318
f 995/995/295 1029/1029/318 1028/1028/318
f 996/996/295 997/997/295 1030/1030/318
f 996/996/295 1030/1030/318 1029/1029/318
f 997/997/295 998/998/295 1031/1031/318
f 997/997/295 1031/1031/318 1030/1030/318
f 998/998/295 999/999/295 1032/1032/318
f 998/998/295 1032/1032/318 1031/1031/318
f 999/999/295 1000/1000/313 1033/1033/319
f 999/999/295 1033/1033/319 1032/1032/318
f 1000/1000/313 1001/1001/297 1034/1034/320
f 1000/1000/313 1034/1034/320 1033/1033/319
f 1001/1001/297 1002/1002/305 1035/1035/320
f 1001/1001/297 1035/1035/320 1034/1034/320
f 1002/1002/305 1003/1003/298 1036/1036/320
f 1002/1002/305 1036/1036/320 1035/1035/320
f 1003/1003/298 1004/1004/298 1037/1037/320
f 1003/1003/298 1037/1037/320 1036/1036/320
f 1004/1004/298 1005/1005/305 1038/1038/320
f 1004/1004/298 1038/1038/320 1037/1037/320
f 1005/1005/305 1006/1006/305 1039/1039/320
f 1005/1005/305 1039/1039/320 1038/1038/320
f 1006/1006/305 1007/1007/282 1040/1040/321
f 1006/1006/305 1040/1040/321 1039/1039/320
f 1007/1007/282 1008/1008/283 1041/1041/322
f 1007/1007/282 1041/1041/322 1040/1040/321
f 1008/1008/283 1009/1009/300 1042/1042/323
f 1008/1008/283 1042/1042/323 1041/1041/322
f 1009/1009/300 1010/1010/300 1043/1043/323
f 1009/1009/300 1043/1043/323 1042/1042/323
f 1010/1010/300 1011/1011/300 1044/1044/323
f 1010/1010/300 1044/1044/323 1043/1043/323
f 1011/1011/300 1012/1012/300 1045/1045/323
f 1011/1011/300 1045/1045/323 1044/1044/323
f 1012/1012/300 1013/1013/300 1046/1046/323
f 1012/1012/300 1046/1046/323 1045/1045/323
f 1013/1013/300 1014/1014/284 1047/1047/324
f 1013/1013/300 1047/1047/324 1046/1046/323
f 1014/1014/284 1015/1015/286 1048/1048/325
f 1014/1014/284 1048/1048/325 1047/1047/324
f 1015/1015/286 1016/1016/289 1049/1049/326
f 1015/1015/286 1049/1049/326 1048/1048/325
f 1016/1016/289 1017/1017/301 1050/1050/326
f 1016/1016/289 1050/1050/326 1049/1049/326
f 1017/1017/301 1018/1018/301 1051/1051/326
f 1017/1017/301 1051/1051/326 1050/1050/326
f 1018/1018/301 1019/1019/301 1052/1052/326
f 1018/1018/301 1052/1052/326 1051/1051/326
f 1019/1019/301 1020/1020/301 1053/1053/326
f 1019/1019/301 1053/1053/326 1052/1052/326
f 1020/1020/301 1021/1021/301 1054/1054/326
f 1020/1020/301 1054/1054/326 1053/1053/326
f 1021/1021/301 1022/1022/302 1055/1055/327
f 1021/1021/301 1055/1055/327 1054/1054/326
f 1022/1022/302 1023/1023/291 1056/1056/328
f 1022/1022/302 1056/1056/328 1055/1055/327
f 1024/1025/315 1025/1024/314 1058/1057/329
f 1024/1025/315 1058/1057/329 1057/1058/330
f 1025/1024/314 1026/1026/316 1059/1059/331
f 1025/1024/314 1059/1059/331 1058/1057/329
f 1026/1026/316 1027/1027/317 1060/1060/332
f 1026/1026/316 1060/1060/332 1059/1059/331
f 1027/1027/317 1028/1028/318 1061/1061/333
f 1027/1027/317 1061/1061/333 1060/1060/332
f 1028/1028/318 1029/1029/318 1062/1062/334
f 1028/1028/318 1062/1062/334 1061/1061/333
f 1029/1029/318 1030/1030/318 1063/1063/334
f 1029/1029/318 1063/1063/334 1062/1062/334
f 1030/1030/318 1031/1031/318 1064/1064/334
f 1030/1030/318 1064/1064/334 1063/1063/334
f 1031/1031/318 1032/1032/318 1065/1065/333
f 1031/1031/318 1065/1065/333 1064/1064/334
f 1032/1032/318 1033/1033/319 1066/1066/335
f 1032/1032/318 1066/1066/335 1065/1065/333
f 1033/1033/319 1034/1034/320 1067/1067/336
f 1033/1033/319 1067/1067/336 1066/1066/335
f 1034/1034/320 1035/1035/320 1068/1068/337
f 1034/1034/320 1068/1068/337 1067/1067/336
f 1035/1035/320 1036/1036/320 1069/1069/338
f 1035/1035/320 1069/1069/338 1068/1068/337
f 1036/1036/320 1037/1037/320 1070/1070/338
f 1036/1036/320 1070/1070/338 1069/1069/338
f 1037/1037/320 1038/1038/320 1071/1071/338
f 1037/1037/320 1071/1071/338 1070/1070/338
f 1038/1038/320 1039/1039/320 1072/1072/338
f 1038/1038/320 1072/1072/338 1071/1071/338
f 1039/1039/320 1040/1040/321 1073/1073/339
f 1039/1039/320 1073/1073/339 1072/1072/338
f 1040/1040/321 1041/1041/322 1074/1074/340
f 1040/1040/321 1074/1074/340 1073/1073/339
f 1041/1041/322 1042/1042/323 1075/1075/341
f 1041/1041/322 1075/1075/341 1074/1074/340
f 1042/1042/323 1043/1043/323 1076/1076/341
f 1042/1042/323 1076/1076/341 1075/1075/341
f 1043/1043/323 1044/1044/323 1077/1077/341
f 1043/1043/323 1077/1077/341 1076/1076/341
f 1044/1044/323 1045/1045/323 1078/1078/341
f 1044/1044/323 1078/1078/341 1077/1077/341
f 1045/1045/323 1046/1046/323 1079/1079/341
f 1045/1045/323 1079/1079/341 1078/1078/341
f 1046/1046/323 1047/1047/324 1080/1080/342
f 1046/1046/323 1080/1080/342 1079/1079/341
f 1047/1047/324 1048/1048/325 1081/1081/343
f 1047/1047/324 1081/1081/343 1080/1080/342
f 1048/1048/325 1049/1049/326 1082/1082/344
f 1048/1048/325 1082/1082/344 1081/1081/343
f 1049/1049/326 1050/1050/326 1083/1083/345
f 1049/1049/326 1083/1083/345 1082/1082/344
f 1050/1050/326 1051/1051/326 1084/1084/344
f 1050/1050/326 1084/1084/344 1083/1083/345
f 1051/1051/326 1052/1052/326 1085/1085/345
f 1051/1051/326 1085/1085/345 1084/1084/344
f 1052/1052/326 1053/1053/326 1086/1086/344
f 1052/1052/326 1086/1086/344 1085/1085/345
f 1053/1053/326 1054/1054/326 1087/1087/346
f 1053/1053/326 1087/1087/346 1086/1086/344
f 1054/1054/326 1055/1055/327 1088/1088/347
f 1054/1054/326 1088/1088/347 1087/1087/346
f 1055/1055/327 1056/1056/328 1089/1089/348
f 1055/1055/327 1089/1089/348 1088/1088/347
