mtllib terrain_core_02_04.mtl
usemtl terrain_core_02_04
# Blender 5.1.1
# www.blender.org
o terrain_core_02_04
v -16.000000 -16.000000 -2.359683
v -15.000000 -16.000000 -2.467899
v -14.000000 -16.000000 -2.576175
v -13.000000 -16.000000 -2.684573
v -12.000000 -16.000000 -2.793094
v -11.000000 -16.000000 -2.901736
v -10.000000 -16.000000 -3.010379
v -9.000000 -16.000000 -3.119144
v -8.000000 -16.000000 -3.228030
v -7.000000 -16.000000 -3.336978
v -6.000000 -16.000000 -3.446048
v -5.000000 -16.000000 -3.555179
v -4.000000 -16.000000 -3.664432
v -3.000000 -16.000000 -3.773807
v -2.000000 -16.000000 -3.883182
v -1.000000 -16.000000 -3.992740
v 0.000000 -16.000000 -4.102359
v 1.000000 -16.000000 -4.212039
v 2.000000 -16.000000 -4.321903
v 3.000000 -16.000000 -4.431766
v 4.000000 -16.000000 -4.541751
v 5.000000 -16.000000 -4.663944
v 6.000000 -16.000000 -4.821292
v 7.000000 -16.000000 -4.978763
v 8.000000 -16.000000 -5.136356
v 9.000000 -16.000000 -5.293949
v 10.000000 -16.000000 -5.451786
v 11.000000 -16.000000 -5.609684
v 12.000000 -16.000000 -5.767704
v 13.000000 -16.000000 -5.925907
v 14.000000 -16.000000 -6.084110
v 15.000000 -16.000000 -6.242496
v 16.000000 -16.000000 -6.401004
v -16.000000 -15.000000 -2.070377
v -15.000000 -15.000000 -2.181278
v -14.000000 -15.000000 -2.292239
v -13.000000 -15.000000 -2.403323
v -12.000000 -15.000000 -2.514529
v -11.000000 -15.000000 -2.625736
v -10.000000 -15.000000 -2.737125
v -9.000000 -15.000000 -2.848636
v -8.000000 -15.000000 -2.960147
v -7.000000 -15.000000 -3.071780
v -6.000000 -15.000000 -3.183475
v -5.000000 -15.000000 -3.295352
v -4.000000 -15.000000 -3.407230
v -3.000000 -15.000000 -3.519290
v -2.000000 -15.000000 -3.631412
v -1.000000 -15.000000 -3.743594
v 0.000000 -15.000000 -3.855899
v 1.000000 -15.000000 -3.968265
v 2.000000 -15.000000 -4.080814
v 3.000000 -15.000000 -4.193363
v 4.000000 -15.000000 -4.306034
v 5.000000 -15.000000 -4.430240
v 6.000000 -15.000000 -4.590885
v 7.000000 -15.000000 -4.751651
v 8.000000 -15.000000 -4.912540
v 9.000000 -15.000000 -5.073490
v 10.000000 -15.000000 -5.234622
v 11.000000 -15.000000 -5.395877
v 12.000000 -15.000000 -5.557193
v 13.000000 -15.000000 -5.718631
v 14.000000 -15.000000 -5.880191
v 15.000000 -15.000000 -6.041873
v 16.000000 -15.000000 -6.203678
v -16.000000 -14.000000 -1.781009
v -15.000000 -14.000000 -1.894534
v -14.000000 -14.000000 -2.008182
v -13.000000 -14.000000 -2.121951
v -12.000000 -14.000000 -2.235843
v -11.000000 -14.000000 -2.349735
v -10.000000 -14.000000 -2.463809
v -9.000000 -14.000000 -2.577945
v -8.000000 -14.000000 -2.692142
v -7.000000 -14.000000 -2.806522
v -6.000000 -14.000000 -2.920902
v -5.000000 -14.000000 -3.035403
v -4.000000 -14.000000 -3.150028
v -3.000000 -14.000000 -3.264713
v -2.000000 -14.000000 -3.379520
v -1.000000 -14.000000 -3.494388
v 0.000000 -14.000000 -3.609378
v 1.000000 -14.000000 -3.724429
v 2.000000 -14.000000 -3.839603
v 3.000000 -14.000000 -3.954837
v 4.000000 -14.000000 -4.070194
v 5.000000 -14.000000 -4.196414
v 6.000000 -14.000000 -4.360355
v 7.000000 -14.000000 -4.524417
v 8.000000 -14.000000 -4.688602
v 9.000000 -14.000000 -4.852909
v 10.000000 -14.000000 -5.017337
v 11.000000 -14.000000 -5.181888
v 12.000000 -14.000000 -5.346561
v 13.000000 -14.000000 -5.511295
v 14.000000 -14.000000 -5.676151
v 15.000000 -14.000000 -5.841190
v 16.000000 -14.000000 -6.006290
v -16.000000 -13.000000 -1.491458
v -15.000000 -13.000000 -1.607730
v -14.000000 -13.000000 -1.724063
v -13.000000 -13.000000 -1.840457
v -12.000000 -13.000000 -1.957034
v -11.000000 -13.000000 -2.073673
v -10.000000 -13.000000 -2.190372
v -9.000000 -13.000000 -2.307193
v -8.000000 -13.000000 -2.424075
v -7.000000 -13.000000 -2.541141
v -6.000000 -13.000000 -2.658206
v -5.000000 -13.000000 -2.775394
v -4.000000 -13.000000 -2.892642
v -3.000000 -13.000000 -3.010013
v -2.000000 -13.000000 -3.127506
v -1.000000 -13.000000 -3.245059
v 0.000000 -13.000000 -3.362674
v 1.000000 -13.000000 -3.480472
v 2.000000 -13.000000 -3.598270
v 3.000000 -13.000000 -3.716251
v 4.000000 -13.000000 -3.834232
v 5.000000 -13.000000 -3.962405
v 6.000000 -13.000000 -4.129703
v 7.000000 -13.000000 -4.297122
v 8.000000 -13.000000 -4.464603
v 9.000000 -13.000000 -4.632205
v 10.000000 -13.000000 -4.799930
v 11.000000 -13.000000 -4.967777
v 12.000000 -13.000000 -5.135746
v 13.000000 -13.000000 -5.303836
v 14.000000 -13.000000 -5.472049
v 15.000000 -13.000000 -5.640384
v 16.000000 -13.000000 -5.808780
v -16.000000 -12.000000 -1.201907
v -15.000000 -12.000000 -1.320804
v -14.000000 -12.000000 -1.439822
v -13.000000 -12.000000 -1.558963
v -12.000000 -12.000000 -1.678165
v -11.000000 -12.000000 -1.797488
v -10.000000 -12.000000 -1.916873
v -9.000000 -12.000000 -2.036380
v -8.000000 -12.000000 -2.155948
v -7.000000 -12.000000 -2.275638
v -6.000000 -12.000000 -2.395389
v -5.000000 -12.000000 -2.515262
v -4.000000 -12.000000 -2.635196
v -3.000000 -12.000000 -2.755252
v -2.000000 -12.000000 -2.875369
v -1.000000 -12.000000 -2.995609
v 0.000000 -12.000000 -3.115970
v 1.000000 -12.000000 -3.236392
v 2.000000 -12.000000 -3.356937
v 3.000000 -12.000000 -3.477542
v 4.000000 -12.000000 -3.598270
v 5.000000 -12.000000 -3.728397
v 6.000000 -12.000000 -3.898929
v 7.000000 -12.000000 -4.069644
v 8.000000 -12.000000 -4.240482
v 9.000000 -12.000000 -4.411380
v 10.000000 -12.000000 -4.582401
v 11.000000 -12.000000 -4.753604
v 12.000000 -12.000000 -4.924869
v 13.000000 -12.000000 -5.096256
v 14.000000 -12.000000 -5.267765
v 15.000000 -12.000000 -5.439395
v 16.000000 -12.000000 -5.611148
v -16.000000 -11.000000 -0.912235
v -15.000000 -11.000000 -1.033817
v -14.000000 -11.000000 -1.155521
v -13.000000 -11.000000 -1.277286
v -12.000000 -11.000000 -1.399173
v -11.000000 -11.000000 -1.521182
v -10.000000 -11.000000 -1.643253
v -9.000000 -11.000000 -1.765384
v -8.000000 -11.000000 -1.887698
v -7.000000 -11.000000 -2.010013
v -6.000000 -11.000000 -2.132449
v -5.000000 -11.000000 -2.255008
v -4.000000 -11.000000 -2.377689
v -3.000000 -11.000000 -2.500369
v -2.000000 -11.000000 -2.623233
v -1.000000 -11.000000 -2.746097
v 0.000000 -11.000000 -2.869144
v 1.000000 -11.000000 -2.992252
v 2.000000 -11.000000 -3.115482
v 3.000000 -11.000000 -3.238773
v 4.000000 -11.000000 -3.362125
v 5.000000 -11.000000 -3.494144
v 6.000000 -11.000000 -3.668094
v 7.000000 -11.000000 -3.842044
v 8.000000 -11.000000 -4.016239
v 9.000000 -11.000000 -4.190433
v 10.000000 -11.000000 -4.364810
v 11.000000 -11.000000 -4.539310
v 12.000000 -11.000000 -4.713871
v 13.000000 -11.000000 -4.888553
v 14.000000 -11.000000 -5.063358
v 15.000000 -11.000000 -5.238346
v 16.000000 -11.000000 -5.413394
v -16.000000 -10.000000 -0.622440
v -15.000000 -10.000000 -0.746707
v -14.000000 -10.000000 -0.871097
v -13.000000 -10.000000 -0.995548
v -12.000000 -10.000000 -1.120120
v -11.000000 -10.000000 -1.244754
v -10.000000 -10.000000 -1.369510
v -9.000000 -10.000000 -1.494388
v -8.000000 -10.000000 -1.619327
v -7.000000 -10.000000 -1.744388
v -6.000000 -10.000000 -1.869510
v -5.000000 -10.000000 -1.994754
v -4.000000 -10.000000 -2.119998
v -3.000000 -10.000000 -2.245486
v -2.000000 -10.000000 -2.370975
v -1.000000 -10.000000 -2.496585
v 0.000000 -10.000000 -2.622195
v 1.000000 -10.000000 -2.748050
v 2.000000 -10.000000 -2.873904
v 3.000000 -10.000000 -2.999881
v 4.000000 -10.000000 -3.125919
v 5.000000 -10.000000 -3.259891
v 6.000000 -10.000000 -3.437076
v 7.000000 -10.000000 -3.614383
v 8.000000 -10.000000 -3.791873
v 9.000000 -10.000000 -3.969363
v 10.000000 -10.000000 -4.147098
v 11.000000 -10.000000 -4.324832
v 12.000000 -10.000000 -4.502750
v 13.000000 -10.000000 -4.680789
v 14.000000 -10.000000 -4.858890
v 15.000000 -10.000000 -5.037113
v 16.000000 -10.000000 -5.215518
v -16.000000 -9.000000 -0.332523
v -15.000000 -9.000000 -0.459476
v -14.000000 -9.000000 -0.586551
v -13.000000 -9.000000 -0.713748
v -12.000000 -9.000000 -0.840946
v -11.000000 -9.000000 -0.968265
v -10.000000 -9.000000 -1.095706
v -9.000000 -9.000000 -1.223270
v -8.000000 -9.000000 -1.350894
v -7.000000 -9.000000 -1.478641
v -6.000000 -9.000000 -1.606448
v -5.000000 -9.000000 -1.734317
v -4.000000 -9.000000 -1.862308
v -3.000000 -9.000000 -1.990360
v -2.000000 -9.000000 -2.118533
v -1.000000 -9.000000 -2.246829
v 0.000000 -9.000000 -2.375247
v 1.000000 -9.000000 -2.503665
v 2.000000 -9.000000 -2.632205
v 3.000000 -9.000000 -2.760867
v 4.000000 -9.000000 -2.889652
v 5.000000 -9.000000 -3.025394
v 6.000000 -9.000000 -3.205936
v 7.000000 -9.000000 -3.386600
v 8.000000 -9.000000 -3.567386
v 9.000000 -9.000000 -3.748233
v 10.000000 -9.000000 -3.929202
v 11.000000 -9.000000 -4.110294
v 12.000000 -9.000000 -4.291507
v 13.000000 -9.000000 -4.472843
v 14.000000 -9.000000 -4.654300
v 15.000000 -9.000000 -4.835819
v 16.000000 -9.000000 -5.017581
v -16.000000 -8.000000 -0.042606
v -15.000000 -8.000000 -0.172244
v -14.000000 -8.000000 -0.301944
v -13.000000 -8.000000 -0.431766
v -12.000000 -8.000000 -0.561710
v -11.000000 -8.000000 -0.691715
v -10.000000 -8.000000 -0.821842
v -9.000000 -8.000000 -0.952030
v -8.000000 -8.000000 -1.082340
v -7.000000 -8.000000 -1.212772
v -6.000000 -8.000000 -1.343265
v -5.000000 -8.000000 -1.473819
v -4.000000 -8.000000 -1.604495
v -3.000000 -8.000000 -1.735233
v -2.000000 -8.000000 -1.866092
v -1.000000 -8.000000 -1.997073
v 0.000000 -8.000000 -2.128116
v 1.000000 -8.000000 -2.259280
v 2.000000 -8.000000 -2.390506
v 3.000000 -8.000000 -2.521854
v 4.000000 -8.000000 -2.653201
v 5.000000 -8.000000 -2.790897
v 6.000000 -8.000000 -2.974735
v 7.000000 -8.000000 -3.158695
v 8.000000 -8.000000 -3.342777
v 9.000000 -8.000000 -3.526920
v 10.000000 -8.000000 -3.711185
v 11.000000 -8.000000 -3.895633
v 12.000000 -8.000000 -4.080204
v 13.000000 -8.000000 -4.264774
v 14.000000 -8.000000 -4.449588
v 15.000000 -8.000000 -4.634464
v 16.000000 -8.000000 -4.819461
v -16.000000 -7.000000 0.247494
v -15.000000 -7.000000 0.115170
v -14.000000 -7.000000 -0.017215
v -13.000000 -7.000000 -0.149783
v -12.000000 -7.000000 -0.282352
v -11.000000 -7.000000 -0.415042
v -10.000000 -7.000000 -0.547855
v -9.000000 -7.000000 -0.680728
v -8.000000 -7.000000 -0.813724
v -7.000000 -7.000000 -0.946781
v -6.000000 -7.000000 -1.079959
v -5.000000 -7.000000 -1.213199
v -4.000000 -7.000000 -1.346561
v -3.000000 -7.000000 -1.479984
v -2.000000 -7.000000 -1.613528
v -1.000000 -7.000000 -1.747195
v 0.000000 -7.000000 -1.880924
v 1.000000 -7.000000 -2.014774
v 2.000000 -7.000000 -2.148685
v 3.000000 -7.000000 -2.282657
v 4.000000 -7.000000 -2.416751
v 5.000000 -7.000000 -2.556278
v 6.000000 -7.000000 -2.743411
v 7.000000 -7.000000 -2.930667
v 8.000000 -7.000000 -3.118045
v 9.000000 -7.000000 -3.305545
v 10.000000 -7.000000 -3.493167
v 11.000000 -7.000000 -3.680850
v 12.000000 -7.000000 -3.868716
v 13.000000 -7.000000 -4.056644
v 14.000000 -7.000000 -4.244754
v 15.000000 -7.000000 -4.432926
v 16.000000 -7.000000 -4.621219
v -16.000000 -6.000000 0.537656
v -15.000000 -6.000000 0.402646
v -14.000000 -6.000000 0.267575
v -13.000000 -6.000000 0.132321
v -12.000000 -6.000000 -0.002933
v -11.000000 -6.000000 -0.138309
v -10.000000 -6.000000 -0.273807
v -9.000000 -6.000000 -0.409305
v -8.000000 -6.000000 -0.544986
v -7.000000 -6.000000 -0.680728
v -6.000000 -6.000000 -0.816593
v -5.000000 -6.000000 -0.952518
v -4.000000 -6.000000 -1.088565
v -3.000000 -6.000000 -1.224674
v -2.000000 -6.000000 -1.360904
v -1.000000 -6.000000 -1.497195
v 0.000000 -6.000000 -1.633609
v 1.000000 -6.000000 -1.770145
v 2.000000 -6.000000 -1.906741
v 3.000000 -6.000000 -2.043399
v 4.000000 -6.000000 -2.180179
v 5.000000 -6.000000 -2.321475
v 6.000000 -6.000000 -2.511966
v 7.000000 -6.000000 -2.702518
v 8.000000 -6.000000 -2.893192
v 9.000000 -6.000000 -3.083987
v 10.000000 -6.000000 -3.274905
v 11.000000 -6.000000 -3.465945
v 12.000000 -6.000000 -3.657108
v 13.000000 -6.000000 -3.848392
v 14.000000 -6.000000 -4.039798
v 15.000000 -6.000000 -4.231327
v 16.000000 -6.000000 -4.422916
v -16.000000 -5.000000 0.827878
v -15.000000 -5.000000 0.690182
v -14.000000 -5.000000 0.552426
v -13.000000 -5.000000 0.414548
v -12.000000 -5.000000 0.276608
v -11.000000 -5.000000 0.138547
v -10.000000 -5.000000 0.000363
v -9.000000 -5.000000 -0.137821
v -8.000000 -5.000000 -0.276187
v -7.000000 -5.000000 -0.414615
v -6.000000 -5.000000 -0.553104
v -5.000000 -5.000000 -0.691776
v -4.000000 -5.000000 -0.830447
v -3.000000 -5.000000 -0.969241
v -2.000000 -5.000000 -1.108157
v -1.000000 -5.000000 -1.247134
v 0.000000 -5.000000 -1.386234
v 1.000000 -5.000000 -1.525394
v 2.000000 -5.000000 -1.664676
v 3.000000 -5.000000 -1.804080
v 4.000000 -5.000000 -1.943485
v 5.000000 -5.000000 -2.086551
v 6.000000 -5.000000 -2.280399
v 7.000000 -5.000000 -2.474246
v 8.000000 -5.000000 -2.668216
v 9.000000 -5.000000 -2.862369
v 10.000000 -5.000000 -3.056644
v 11.000000 -5.000000 -3.250980
v 12.000000 -5.000000 -3.445438
v 13.000000 -5.000000 -3.640018
v 14.000000 -5.000000 -3.834720
v 15.000000 -5.000000 -4.029544
v 16.000000 -5.000000 -4.224491
v -16.000000 -4.000000 1.118222
v -15.000000 -4.000000 0.977902
v -14.000000 -4.000000 0.837399
v -13.000000 -4.000000 0.697140
v -12.000000 -4.000000 0.556943
v -11.000000 -4.000000 0.416684
v -10.000000 -4.000000 0.276364
v -9.000000 -4.000000 0.135983
v -8.000000 -4.000000 -0.004459
v -7.000000 -4.000000 -0.144962
v -6.000000 -4.000000 -0.285526
v -5.000000 -4.000000 -0.426090
v -4.000000 -4.000000 -0.566776
v -3.000000 -4.000000 -0.707462
v -2.000000 -4.000000 -0.848270
v -1.000000 -4.000000 -0.989017
v 0.000000 -4.000000 -1.129947
v 1.000000 -4.000000 -1.270877
v 2.000000 -4.000000 -1.411868
v 3.000000 -4.000000 -1.552860
v 4.000000 -4.000000 -1.693973
v 5.000000 -4.000000 -1.837772
v 6.000000 -4.000000 -2.033084
v 7.000000 -4.000000 -2.228519
v 8.000000 -4.000000 -2.423892
v 9.000000 -4.000000 -2.619266
v 10.000000 -4.000000 -2.814700
v 11.000000 -4.000000 -3.010135
v 12.000000 -4.000000 -3.205631
v 13.000000 -4.000000 -3.401126
v 14.000000 -4.000000 -3.596561
v 15.000000 -4.000000 -3.792117
v 16.000000 -4.000000 -3.987613
v -16.000000 -3.000000 1.427243
v -15.000000 -3.000000 1.285580
v -14.000000 -3.000000 1.143918
v -13.000000 -3.000000 1.002133
v -12.000000 -3.000000 0.860348
v -11.000000 -3.000000 0.718503
v -10.000000 -3.000000 0.576535
v -9.000000 -3.000000 0.434567
v -8.000000 -3.000000 0.292599
v -7.000000 -3.000000 0.150510
v -6.000000 -3.000000 0.008420
v -5.000000 -3.000000 -0.133792
v -4.000000 -3.000000 -0.276065
v -3.000000 -3.000000 -0.418338
v -2.000000 -3.000000 -0.560672
v -1.000000 -3.000000 -0.703128
v 0.000000 -3.000000 -0.845584
v 1.000000 -3.000000 -0.988101
v 2.000000 -3.000000 -1.130679
v 3.000000 -3.000000 -1.273319
v 4.000000 -3.000000 -1.416019
v 5.000000 -3.000000 -1.560367
v 6.000000 -3.000000 -1.756168
v 7.000000 -3.000000 -1.952029
v 8.000000 -3.000000 -2.147830
v 9.000000 -3.000000 -2.343753
v 10.000000 -3.000000 -2.539615
v 11.000000 -3.000000 -2.735477
v 12.000000 -3.000000 -2.931400
v 13.000000 -3.000000 -3.127322
v 14.000000 -3.000000 -3.323245
v 15.000000 -3.000000 -3.519229
v 16.000000 -3.000000 -3.715213
v -16.000000 -2.000000 1.737057
v -15.000000 -2.000000 1.593808
v -14.000000 -2.000000 1.450558
v -13.000000 -2.000000 1.307187
v -12.000000 -2.000000 1.163815
v -11.000000 -2.000000 1.020383
v -10.000000 -2.000000 0.876828
v -9.000000 -2.000000 0.733273
v -8.000000 -2.000000 0.589719
v -7.000000 -2.000000 0.446042
v -6.000000 -2.000000 0.302304
v -5.000000 -2.000000 0.158566
v -4.000000 -2.000000 0.014645
v -3.000000 -2.000000 -0.129154
v -2.000000 -2.000000 -0.273135
v -1.000000 -2.000000 -0.417117
v 0.000000 -2.000000 -0.561160
v 1.000000 -2.000000 -0.705325
v 2.000000 -2.000000 -0.849490
v 3.000000 -2.000000 -0.993656
v 4.000000 -2.000000 -1.137943
v 5.000000 -2.000000 -1.282962
v 6.000000 -2.000000 -1.479251
v 7.000000 -2.000000 -1.675540
v 8.000000 -2.000000 -1.871829
v 9.000000 -2.000000 -2.068118
v 10.000000 -2.000000 -2.264468
v 11.000000 -2.000000 -2.460819
v 12.000000 -2.000000 -2.657169
v 13.000000 -2.000000 -2.853519
v 14.000000 -2.000000 -3.049930
v 15.000000 -2.000000 -3.246341
v 16.000000 -2.000000 -3.442752
v -16.000000 -1.000000 2.046872
v -15.000000 -1.000000 1.902097
v -14.000000 -1.000000 1.757199
v -13.000000 -1.000000 1.612302
v -12.000000 -1.000000 1.467282
v -11.000000 -1.000000 1.322263
v -10.000000 -1.000000 1.177182
v -9.000000 -1.000000 1.032040
v -8.000000 -1.000000 0.886838
v -7.000000 -1.000000 0.741574
v -6.000000 -1.000000 0.596310
v -5.000000 -1.000000 0.450925
v -4.000000 -1.000000 0.305539
v -3.000000 -1.000000 0.160031
v -2.000000 -1.000000 0.014523
v -1.000000 -1.000000 -0.131107
v 0.000000 -1.000000 -0.276737
v 1.000000 -1.000000 -0.422488
v 2.000000 -1.000000 -0.568240
v 3.000000 -1.000000 -0.713992
v 4.000000 -1.000000 -0.859866
v 5.000000 -1.000000 -1.005801
v 6.000000 -1.000000 -1.202274
v 7.000000 -1.000000 -1.399051
v 8.000000 -1.000000 -1.595767
v 9.000000 -1.000000 -1.792545
v 10.000000 -1.000000 -1.989322
v 11.000000 -1.000000 -2.186160
v 12.000000 -1.000000 -2.382938
v 13.000000 -1.000000 -2.579776
v 14.000000 -1.000000 -2.776614
v 15.000000 -1.000000 -2.973514
v 16.000000 -1.000000 -3.170352
v -16.000000 0.000000 2.356808
v -15.000000 0.000000 2.210446
v -14.000000 0.000000 2.063962
v -13.000000 0.000000 1.917477
v -12.000000 0.000000 1.770871
v -11.000000 0.000000 1.624264
v -10.000000 0.000000 1.477536
v -9.000000 0.000000 1.330807
v -8.000000 0.000000 1.184079
v -7.000000 0.000000 1.037228
v -6.000000 0.000000 0.890317
v -5.000000 0.000000 0.743405
v -4.000000 0.000000 0.596310
v -3.000000 0.000000 0.449277
v -2.000000 0.000000 0.302182
v -1.000000 0.000000 0.155026
v 0.000000 0.000000 0.007748
v 1.000000 0.000000 -0.139530
v 2.000000 0.000000 -0.286868
v 3.000000 0.000000 -0.434268
v 4.000000 0.000000 -0.581729
v 5.000000 0.000000 -0.729251
v 6.000000 0.000000 -0.925296
v 7.000000 0.000000 -1.122501
v 8.000000 0.000000 -1.319705
v 9.000000 0.000000 -1.516910
v 10.000000 0.000000 -1.714114
v 11.000000 0.000000 -1.911380
v 12.000000 0.000000 -2.108646
v 13.000000 0.000000 -2.305972
v 14.000000 0.000000 -2.503299
v 15.000000 0.000000 -2.700565
v 16.000000 0.000000 -2.897952
v -16.000000 1.000000 2.666745
v -15.000000 1.000000 2.518796
v -14.000000 1.000000 2.370724
v -13.000000 1.000000 2.222653
v -12.000000 1.000000 2.074460
v -11.000000 1.000000 1.926266
v -10.000000 1.000000 1.778012
v -9.000000 1.000000 1.629697
v -8.000000 1.000000 1.481320
v -7.000000 1.000000 1.332883
v -6.000000 1.000000 1.184445
v -5.000000 1.000000 1.035886
v -4.000000 1.000000 0.887265
v -3.000000 1.000000 0.738644
v -2.000000 1.000000 0.589902
v -1.000000 1.000000 0.441159
v 0.000000 1.000000 0.292355
v 1.000000 1.000000 0.143429
v 2.000000 1.000000 -0.005496
v 3.000000 1.000000 -0.154483
v 4.000000 1.000000 -0.303470
v 5.000000 1.000000 -0.452640
v 6.000000 1.000000 -0.648319
v 7.000000 1.000000 -0.845950
v 8.000000 1.000000 -1.043582
v 9.000000 1.000000 -1.241275
v 10.000000 1.000000 -1.438968
v 11.000000 1.000000 -1.636722
v 12.000000 1.000000 -1.834415
v 13.000000 1.000000 -2.032108
v 14.000000 1.000000 -2.229861
v 15.000000 1.000000 -2.427615
v 16.000000 1.000000 -2.625430
v -16.000000 2.000000 2.976804
v -15.000000 2.000000 2.827267
v -14.000000 2.000000 2.677609
v -13.000000 2.000000 2.527951
v -12.000000 2.000000 2.378171
v -11.000000 2.000000 2.228390
v -10.000000 2.000000 2.078488
v -9.000000 2.000000 1.928586
v -8.000000 2.000000 1.778683
v -7.000000 2.000000 1.628659
v -6.000000 2.000000 1.478574
v -5.000000 2.000000 1.328427
v -4.000000 2.000000 1.178220
v -3.000000 2.000000 1.028012
v -2.000000 2.000000 0.877682
v -1.000000 2.000000 0.727353
v 0.000000 2.000000 0.576901
v 1.000000 2.000000 0.426511
v 2.000000 2.000000 0.275998
v 3.000000 2.000000 0.125363
v 4.000000 2.000000 -0.025272
v 5.000000 2.000000 -0.175906
v 6.000000 2.000000 -0.371341
v 7.000000 2.000000 -0.569400
v 8.000000 2.000000 -0.767520
v 9.000000 2.000000 -0.965640
v 10.000000 2.000000 -1.163821
v 11.000000 2.000000 -1.361942
v 12.000000 2.000000 -1.560123
v 13.000000 2.000000 -1.758304
v 14.000000 2.000000 -1.956546
v 15.000000 2.000000 -2.154727
v 16.000000 2.000000 -2.352969
v -16.000000 3.000000 3.286862
v -15.000000 3.000000 3.135739
v -14.000000 3.000000 2.984494
v -13.000000 3.000000 2.833249
v -12.000000 3.000000 2.681882
v -11.000000 3.000000 2.530514
v -10.000000 3.000000 2.379086
v -9.000000 3.000000 2.227597
v -8.000000 3.000000 2.076047
v -7.000000 3.000000 1.924435
v -6.000000 3.000000 1.772763
v -5.000000 3.000000 1.621030
v -4.000000 3.000000 1.469235
v -3.000000 3.000000 1.317441
v -2.000000 3.000000 1.165524
v -1.000000 3.000000 1.013608
v 0.000000 3.000000 0.861630
v 1.000000 3.000000 0.709592
v 2.000000 3.000000 0.557492
v 3.000000 3.000000 0.405270
v 4.000000 3.000000 0.253049
v 5.000000 3.000000 0.100827
v 6.000000 3.000000 -0.094302
v 7.000000 3.000000 -0.292850
v 8.000000 3.000000 -0.491397
v 9.000000 3.000000 -0.689945
v 10.000000 3.000000 -0.888553
v 11.000000 3.000000 -1.087161
v 12.000000 3.000000 -1.285770
v 13.000000 3.000000 -1.484439
v 14.000000 3.000000 -1.683109
v 15.000000 3.000000 -1.881778
v 16.000000 3.000000 -2.080447
v -16.000000 4.000000 3.597043
v -15.000000 4.000000 3.444272
v -14.000000 4.000000 3.291501
v -13.000000 4.000000 3.138608
v -12.000000 4.000000 2.985715
v -11.000000 4.000000 2.832761
v -10.000000 4.000000 2.679684
v -9.000000 4.000000 2.526608
v -8.000000 4.000000 2.373471
v -7.000000 4.000000 2.220273
v -6.000000 4.000000 2.067014
v -5.000000 4.000000 1.913693
v -4.000000 4.000000 1.760373
v -3.000000 4.000000 1.606930
v -2.000000 4.000000 1.453488
v -1.000000 4.000000 1.299924
v 0.000000 4.000000 1.146359
v 1.000000 4.000000 0.992673
v 2.000000 4.000000 0.838986
v 3.000000 4.000000 0.685300
v 4.000000 4.000000 0.531491
v 5.000000 4.000000 0.377560
v 6.000000 4.000000 0.182736
v 7.000000 4.000000 -0.016238
v 8.000000 4.000000 -0.215274
v 9.000000 4.000000 -0.414310
v 10.000000 4.000000 -0.613345
v 11.000000 4.000000 -0.812381
v 12.000000 4.000000 -1.011478
v 13.000000 4.000000 -1.210574
v 14.000000 4.000000 -1.409671
v 15.000000 4.000000 -1.608829
v 16.000000 4.000000 -1.807986
v -16.000000 5.000000 3.907223
v -15.000000 5.000000 3.752927
v -14.000000 5.000000 3.598508
v -13.000000 5.000000 3.444089
v -12.000000 5.000000 3.289548
v -11.000000 5.000000 3.135007
v -10.000000 5.000000 2.980344
v -9.000000 5.000000 2.825680
v -8.000000 5.000000 2.670956
v -7.000000 5.000000 2.516171
v -6.000000 5.000000 2.361325
v -5.000000 5.000000 2.206418
v -4.000000 5.000000 2.051511
v -3.000000 5.000000 1.896481
v -2.000000 5.000000 1.741452
v -1.000000 5.000000 1.586301
v 0.000000 5.000000 1.431149
v 1.000000 5.000000 1.275876
v 2.000000 5.000000 1.120602
v 3.000000 5.000000 0.965268
v 4.000000 5.000000 0.809872
v 5.000000 5.000000 0.654416
v 6.000000 5.000000 0.459836
v 7.000000 5.000000 0.260373
v 8.000000 5.000000 0.060910
v 9.000000 5.000000 -0.138614
v 10.000000 5.000000 -0.338138
v 11.000000 5.000000 -0.537601
v 12.000000 5.000000 -0.737186
v 13.000000 5.000000 -0.936649
v 14.000000 5.000000 -1.136234
v 15.000000 5.000000 -1.335819
v 16.000000 5.000000 -1.535403
v -16.000000 6.000000 4.217526
v -15.000000 6.000000 4.061520
v -14.000000 6.000000 3.905576
v -13.000000 6.000000 3.749509
v -12.000000 6.000000 3.593442
v -11.000000 6.000000 3.437253
v -10.000000 6.000000 3.281125
v -9.000000 6.000000 3.124814
v -8.000000 6.000000 2.968503
v -7.000000 6.000000 2.812131
v -6.000000 6.000000 2.655698
v -5.000000 6.000000 2.499264
v -4.000000 6.000000 2.342648
v -3.000000 6.000000 2.186093
v -2.000000 6.000000 2.029416
v -1.000000 6.000000 1.872739
v 0.000000 6.000000 1.715939
v 1.000000 6.000000 1.559140
v 2.000000 6.000000 1.402280
v 3.000000 6.000000 1.245358
v 4.000000 6.000000 1.088376
v 5.000000 6.000000 0.931332
v 6.000000 6.000000 0.736874
v 7.000000 6.000000 0.536984
v 8.000000 6.000000 0.337033
v 9.000000 6.000000 0.137082
v 10.000000 6.000000 -0.062869
v 11.000000 6.000000 -0.262821
v 12.000000 6.000000 -0.462772
v 13.000000 6.000000 -0.662784
v 14.000000 6.000000 -0.862796
v 15.000000 6.000000 -1.062869
v 16.000000 6.000000 -1.262882
v -16.000000 7.000000 4.527829
v -15.000000 7.000000 4.370236
v -14.000000 7.000000 4.212704
v -13.000000 7.000000 4.055050
v -12.000000 7.000000 3.897397
v -11.000000 7.000000 3.739621
v -10.000000 7.000000 3.581906
v -9.000000 7.000000 3.424008
v -8.000000 7.000000 3.266110
v -7.000000 7.000000 3.108151
v -6.000000 7.000000 2.950131
v -5.000000 7.000000 2.792050
v -4.000000 7.000000 2.633908
v -3.000000 7.000000 2.475705
v -2.000000 7.000000 2.317502
v -1.000000 7.000000 2.159177
v 0.000000 7.000000 2.000851
v 1.000000 7.000000 1.842465
v 2.000000 7.000000 1.683957
v 3.000000 7.000000 1.525510
v 4.000000 7.000000 1.366940
v 5.000000 7.000000 1.208249
v 6.000000 7.000000 1.013913
v 7.000000 7.000000 0.813595
v 8.000000 7.000000 0.613217
v 9.000000 7.000000 0.412839
v 10.000000 7.000000 0.212399
v 11.000000 7.000000 0.012021
v 12.000000 7.000000 -0.188419
v 13.000000 7.000000 -0.388919
v 14.000000 7.000000 -0.589359
v 15.000000 7.000000 -0.789798
v 16.000000 7.000000 -0.990360
v -16.000000 8.000000 4.838131
v -15.000000 8.000000 4.679074
v -14.000000 8.000000 4.519894
v -13.000000 8.000000 4.360714
v -12.000000 8.000000 4.201413
v -11.000000 8.000000 4.042111
v -10.000000 8.000000 3.882687
v -9.000000 8.000000 3.723264
v -8.000000 8.000000 3.563718
v -7.000000 8.000000 3.404172
v -6.000000 8.000000 3.244626
v -5.000000 8.000000 3.084958
v -4.000000 8.000000 2.925229
v -3.000000 8.000000 2.765500
v -2.000000 8.000000 2.605649
v -1.000000 8.000000 2.445798
v 0.000000 8.000000 2.285825
v 1.000000 8.000000 2.125851
v 2.000000 8.000000 1.965817
v 3.000000 8.000000 1.805661
v 4.000000 8.000000 1.645505
v 5.000000 8.000000 1.485287
v 6.000000 8.000000 1.291013
v 7.000000 8.000000 1.090207
v 8.000000 8.000000 0.889401
v 9.000000 8.000000 0.688595
v 10.000000 8.000000 0.487729
v 11.000000 8.000000 0.286862
v 12.000000 8.000000 0.085934
v 13.000000 8.000000 -0.114932
v 14.000000 8.000000 -0.315860
v 15.000000 8.000000 -0.516788
v 16.000000 8.000000 -0.717777
v -16.000000 9.000000 5.148556
v -15.000000 9.000000 4.987912
v -14.000000 9.000000 4.827145
v -13.000000 9.000000 4.666317
v -12.000000 9.000000 4.505490
v -11.000000 9.000000 4.344540
v -10.000000 9.000000 4.183590
v -9.000000 9.000000 4.022580
v -8.000000 9.000000 3.861447
v -7.000000 9.000000 3.700314
v -6.000000 9.000000 3.539181
v -5.000000 9.000000 3.377927
v -4.000000 9.000000 3.216550
v -3.000000 9.000000 3.055234
v -2.000000 9.000000 2.893796
v -1.000000 9.000000 2.732358
v 0.000000 9.000000 2.570798
v 1.000000 9.000000 2.409238
v 2.000000 9.000000 2.247617
v 3.000000 9.000000 2.085934
v 4.000000 9.000000 1.924191
v 5.000000 9.000000 1.762326
v 6.000000 9.000000 1.568173
v 7.000000 9.000000 1.366940
v 8.000000 9.000000 1.165646
v 9.000000 9.000000 0.964352
v 10.000000 9.000000 0.763058
v 11.000000 9.000000 0.561703
v 12.000000 9.000000 0.360348
v 13.000000 9.000000 0.158993
v 14.000000 9.000000 -0.042362
v 15.000000 9.000000 -0.243778
v 16.000000 9.000000 -0.445194
v -16.000000 10.000000 5.459042
v -15.000000 10.000000 5.296750
v -14.000000 10.000000 5.134396
v -13.000000 10.000000 4.972043
v -12.000000 10.000000 4.809567
v -11.000000 10.000000 4.647091
v -10.000000 10.000000 4.484494
v -9.000000 10.000000 4.321896
v -8.000000 10.000000 4.159237
v -7.000000 10.000000 3.996518
v -6.000000 10.000000 3.833737
v -5.000000 10.000000 3.670895
v -4.000000 10.000000 3.507993
v -3.000000 10.000000 3.345090
v -2.000000 10.000000 3.182065
v -1.000000 10.000000 3.019040
v 0.000000 10.000000 2.855893
v 1.000000 10.000000 2.692746
v 2.000000 10.000000 2.529477
v 3.000000 10.000000 2.366208
v 4.000000 10.000000 2.202878
v 5.000000 10.000000 2.039487
v 6.000000 10.000000 1.845334
v 7.000000 10.000000 1.643552
v 8.000000 10.000000 1.441891
v 9.000000 10.000000 1.240109
v 10.000000 10.000000 1.038327
v 11.000000 10.000000 0.836545
v 12.000000 10.000000 0.634762
v 13.000000 10.000000 0.432980
v 14.000000 10.000000 0.231137
v 15.000000 10.000000 0.029294
v 16.000000 10.000000 -0.172550
v -16.000000 11.000000 5.769589
v -15.000000 11.000000 5.605710
v -14.000000 11.000000 5.441769
v -13.000000 11.000000 5.277829
v -12.000000 11.000000 5.113766
v -11.000000 11.000000 4.949704
v -10.000000 11.000000 4.785519
v -9.000000 11.000000 4.621335
v -8.000000 11.000000 4.457028
v -7.000000 11.000000 4.292721
v -6.000000 11.000000 4.128415
v -5.000000 11.000000 3.963986
v -4.000000 11.000000 3.799435
v -3.000000 11.000000 3.634946
v -2.000000 11.000000 3.470334
v -1.000000 11.000000 3.305661
v 0.000000 11.000000 3.140988
v 1.000000 11.000000 2.976254
v 2.000000 11.000000 2.811398
v 3.000000 11.000000 2.646603
v 4.000000 11.000000 2.481625
v 5.000000 11.000000 2.316647
v 6.000000 11.000000 2.122433
v 7.000000 11.000000 1.920285
v 8.000000 11.000000 1.718137
v 9.000000 11.000000 1.515866
v 10.000000 11.000000 1.313718
v 11.000000 11.000000 1.111447
v 12.000000 11.000000 0.909177
v 13.000000 11.000000 0.706967
v 14.000000 11.000000 0.504636
v 15.000000 11.000000 0.302365
v 16.000000 11.000000 0.100095
v -16.000000 12.000000 6.080197
v -15.000000 12.000000 5.914670
v -14.000000 12.000000 5.749203
v -13.000000 12.000000 5.583615
v -12.000000 12.000000 5.417965
v -11.000000 12.000000 5.252316
v -10.000000 12.000000 5.086545
v -9.000000 12.000000 4.920773
v -8.000000 12.000000 4.754941
v -7.000000 12.000000 4.589047
v -6.000000 12.000000 4.423092
v -5.000000 12.000000 4.257077
v -4.000000 12.000000 4.091000
v -3.000000 12.000000 3.924924
v -2.000000 12.000000 3.758664
v -1.000000 12.000000 3.592465
v 0.000000 12.000000 3.426144
v 1.000000 12.000000 3.259824
v 2.000000 12.000000 3.093381
v 3.000000 12.000000 2.926999
v 4.000000 12.000000 2.760495
v 5.000000 12.000000 2.593869
v 6.000000 12.000000 2.399655
v 7.000000 12.000000 2.197018
v 8.000000 12.000000 1.994382
v 9.000000 12.000000 1.791745
v 10.000000 12.000000 1.589047
v 11.000000 12.000000 1.386349
v 12.000000 12.000000 1.183652
v 13.000000 12.000000 0.980954
v 14.000000 12.000000 0.778195
v 15.000000 12.000000 0.575436
v 16.000000 12.000000 0.372678
v -16.000000 13.000000 6.390805
v -15.000000 13.000000 6.223752
v -14.000000 13.000000 6.056637
v -13.000000 13.000000 5.889523
v -12.000000 13.000000 5.722287
v -11.000000 13.000000 5.555050
v -10.000000 13.000000 5.387692
v -9.000000 13.000000 5.220334
v -8.000000 13.000000 5.052853
v -7.000000 13.000000 4.885373
v -6.000000 13.000000 4.717831
v -5.000000 13.000000 4.550229
v -4.000000 13.000000 4.382565
v -3.000000 13.000000 4.214840
v -2.000000 13.000000 4.047116
v -1.000000 13.000000 3.879269
v 0.000000 13.000000 3.711423
v 1.000000 13.000000 3.543454
v 2.000000 13.000000 3.375485
v 3.000000 13.000000 3.207394
v 4.000000 13.000000 3.039304
v 5.000000 13.000000 2.871213
v 6.000000 13.000000 2.676755
v 7.000000 13.000000 2.473752
v 8.000000 13.000000 2.270627
v 9.000000 13.000000 2.067502
v 10.000000 13.000000 1.864377
v 11.000000 13.000000 1.661252
v 12.000000 13.000000 1.458127
v 13.000000 13.000000 1.255002
v 14.000000 13.000000 1.051755
v 15.000000 13.000000 0.848569
v 16.000000 13.000000 0.645383
v -16.000000 14.000000 6.701535
v -15.000000 14.000000 6.532834
v -14.000000 14.000000 6.364132
v -13.000000 14.000000 6.195431
v -12.000000 14.000000 6.026608
v -11.000000 14.000000 5.857785
v -10.000000 14.000000 5.688839
v -9.000000 14.000000 5.519894
v -8.000000 14.000000 5.350827
v -7.000000 14.000000 5.181759
v -6.000000 14.000000 5.012692
v -5.000000 14.000000 4.843503
v -4.000000 14.000000 4.674191
v -3.000000 14.000000 4.504879
v -2.000000 14.000000 4.335568
v -1.000000 14.000000 4.166134
v 0.000000 14.000000 3.996701
v 1.000000 14.000000 3.827145
v 2.000000 14.000000 3.657590
v 3.000000 14.000000 3.487912
v 4.000000 14.000000 3.318234
v 5.000000 14.000000 3.148556
v 6.000000 14.000000 2.953976
v 7.000000 14.000000 2.750485
v 8.000000 14.000000 2.546933
v 9.000000 14.000000 2.343381
v 10.000000 14.000000 2.139767
v 11.000000 14.000000 1.936215
v 12.000000 14.000000 1.732602
v 13.000000 14.000000 1.528989
v 14.000000 14.000000 1.325314
v 15.000000 14.000000 1.121701
v 16.000000 14.000000 0.918027
v -16.000000 15.000000 7.012265
v -15.000000 15.000000 6.842038
v -14.000000 15.000000 6.671750
v -13.000000 15.000000 6.501462
v -12.000000 15.000000 6.331051
v -11.000000 15.000000 6.160580
v -10.000000 15.000000 5.990109
v -9.000000 15.000000 5.819516
v -8.000000 15.000000 5.648922
v -7.000000 15.000000 5.478268
v -6.000000 15.000000 5.307492
v -5.000000 15.000000 5.136715
v -4.000000 15.000000 4.965939
v -3.000000 15.000000 4.795041
v -2.000000 15.000000 4.624081
v -1.000000 15.000000 4.453122
v 0.000000 15.000000 4.281979
v 1.000000 15.000000 4.110898
v 2.000000 15.000000 3.939755
v 3.000000 15.000000 3.768552
v 4.000000 15.000000 3.597287
v 5.000000 15.000000 3.425900
v 6.000000 15.000000 3.231198
v 7.000000 15.000000 3.027219
v 8.000000 15.000000 2.823239
v 9.000000 15.000000 2.619260
v 10.000000 15.000000 2.415158
v 11.000000 15.000000 2.211179
v 12.000000 15.000000 2.007077
v 13.000000 15.000000 1.803036
v 14.000000 15.000000 1.598935
v 15.000000 15.000000 1.394833
v 16.000000 15.000000 1.190732
v -16.000000 16.000000 7.323056
v -15.000000 16.000000 7.151242
v -14.000000 16.000000 6.979367
v -13.000000 16.000000 6.807492
v -12.000000 16.000000 6.635495
v -11.000000 16.000000 6.463437
v -10.000000 16.000000 6.291378
v -9.000000 16.000000 6.119259
v -8.000000 16.000000 5.947018
v -7.000000 16.000000 5.774777
v -6.000000 16.000000 5.602414
v -5.000000 16.000000 5.430050
v -4.000000 16.000000 5.257687
v -3.000000 16.000000 5.085202
v -2.000000 16.000000 4.912655
v -1.000000 16.000000 4.740048
v 0.000000 16.000000 4.567379
v 1.000000 16.000000 4.394711
v 2.000000 16.000000 4.221920
v 3.000000 16.000000 4.049191
v 4.000000 16.000000 3.876279
v 5.000000 16.000000 3.703366
v 6.000000 16.000000 3.508420
v 7.000000 16.000000 3.304013
v 8.000000 16.000000 3.099545
v 9.000000 16.000000 2.895139
v 10.000000 16.000000 2.690610
v 11.000000 16.000000 2.486081
v 12.000000 16.000000 2.281613
v 13.000000 16.000000 2.077084
v 14.000000 16.000000 1.872555
v 15.000000 16.000000 1.667966
v 16.000000 16.000000 1.463437
vn 0.1033 -0.2764 0.9555
vn 0.1036 -0.2739 0.9562
vn 0.1060 -0.2740 0.9559
vn 0.1059 -0.2764 0.9552
vn 0.1037 -0.2717 0.9568
vn 0.1062 -0.2716 0.9565
vn 0.1039 -0.2693 0.9574
vn 0.1064 -0.2693 0.9572
vn 0.1041 -0.2668 0.9581
vn 0.1065 -0.2669 0.9578
vn 0.1042 -0.2645 0.9587
vn 0.1067 -0.2645 0.9585
vn 0.1043 -0.2621 0.9594
vn 0.1069 -0.2621 0.9591
vn 0.1046 -0.2596 0.9600
vn 0.1070 -0.2597 0.9597
vn 0.1047 -0.2573 0.9607
vn 0.1072 -0.2573 0.9604
vn 0.1048 -0.2549 0.9613
vn 0.1073 -0.2549 0.9610
vn 0.1049 -0.2525 0.9619
vn 0.1075 -0.2525 0.9616
vn 0.1051 -0.2500 0.9625
vn 0.1077 -0.2501 0.9622
vn 0.1053 -0.2477 0.9631
vn 0.1078 -0.2476 0.9628
vn 0.1054 -0.2453 0.9637
vn 0.1080 -0.2452 0.9634
vn 0.1056 -0.2427 0.9643
vn 0.1081 -0.2428 0.9640
vn 0.1058 -0.2403 0.9649
vn 0.1083 -0.2404 0.9646
vn 0.1059 -0.2379 0.9655
vn 0.1084 -0.2379 0.9652
vn 0.1060 -0.2355 0.9661
vn 0.1086 -0.2355 0.9658
vn 0.1062 -0.2330 0.9667
vn 0.1088 -0.2330 0.9664
vn 0.1064 -0.2305 0.9672
vn 0.1089 -0.2306 0.9669
vn 0.1124 -0.2278 0.9672
vn 0.1144 -0.2281 0.9669
vn 0.1349 -0.2254 0.9649
vn 0.1375 -0.2253 0.9645
vn 0.1517 -0.2219 0.9632
vn 0.1547 -0.2219 0.9627
vn 0.1518 -0.2189 0.9639
vn 0.1549 -0.2189 0.9634
vn 0.1520 -0.2158 0.9645
vn 0.1551 -0.2158 0.9640
vn 0.1522 -0.2127 0.9652
vn 0.1553 -0.2127 0.9647
vn 0.1525 -0.2097 0.9658
vn 0.1556 -0.2097 0.9653
vn 0.1527 -0.2066 0.9664
vn 0.1558 -0.2066 0.9659
vn 0.1530 -0.2034 0.9671
vn 0.1560 -0.2035 0.9666
vn 0.1531 -0.2004 0.9677
vn 0.1562 -0.2005 0.9672
vn 0.1532 -0.1974 0.9683
vn 0.1564 -0.1974 0.9678
vn 0.1535 -0.1943 0.9689
vn 0.1566 -0.1943 0.9684
vn 0.1537 -0.1913 0.9694
vn 0.1568 -0.1913 0.9689
vn 0.1085 -0.2740 0.9556
vn 0.1085 -0.2764 0.9549
vn 0.1087 -0.2717 0.9562
vn 0.1089 -0.2693 0.9569
vn 0.1091 -0.2669 0.9575
vn 0.1092 -0.2645 0.9582
vn 0.1094 -0.2621 0.9588
vn 0.1095 -0.2597 0.9594
vn 0.1097 -0.2573 0.9601
vn 0.1099 -0.2549 0.9607
vn 0.1100 -0.2525 0.9613
vn 0.1102 -0.2501 0.9619
vn 0.1104 -0.2477 0.9625
vn 0.1105 -0.2452 0.9631
vn 0.1107 -0.2428 0.9637
vn 0.1108 -0.2404 0.9643
vn 0.1110 -0.2380 0.9649
vn 0.1111 -0.2355 0.9655
vn 0.1113 -0.2331 0.9661
vn 0.1114 -0.2306 0.9666
vn 0.1167 -0.2281 0.9666
vn 0.1400 -0.2254 0.9642
vn 0.1578 -0.2219 0.9622
vn 0.1580 -0.2188 0.9629
vn 0.1583 -0.2158 0.9635
vn 0.1585 -0.2127 0.9642
vn 0.1587 -0.2097 0.9648
vn 0.1589 -0.2066 0.9654
vn 0.1591 -0.2036 0.9660
vn 0.1593 -0.2005 0.9667
vn 0.1595 -0.1974 0.9673
vn 0.1598 -0.1943 0.9678
vn 0.1599 -0.1913 0.9684
vn 0.1111 -0.2740 0.9553
vn 0.1109 -0.2764 0.9546
vn 0.1112 -0.2717 0.9559
vn 0.1114 -0.2693 0.9566
vn 0.1116 -0.2669 0.9572
vn 0.1117 -0.2645 0.9579
vn 0.1119 -0.2621 0.9585
vn 0.1121 -0.2597 0.9592
vn 0.1123 -0.2573 0.9598
vn 0.1124 -0.2549 0.9604
vn 0.1126 -0.2525 0.9610
vn 0.1127 -0.2501 0.9616
vn 0.1129 -0.2477 0.9622
vn 0.1131 -0.2453 0.9628
vn 0.1132 -0.2429 0.9634
vn 0.1134 -0.2404 0.9640
vn 0.1135 -0.2380 0.9646
vn 0.1137 -0.2355 0.9652
vn 0.1139 -0.2331 0.9658
vn 0.1140 -0.2306 0.9663
vn 0.1189 -0.2281 0.9664
vn 0.1425 -0.2254 0.9638
vn 0.1609 -0.2219 0.9617
vn 0.1611 -0.2188 0.9624
vn 0.1613 -0.2158 0.9630
vn 0.1616 -0.2127 0.9637
vn 0.1618 -0.2097 0.9643
vn 0.1620 -0.2066 0.9649
vn 0.1622 -0.2036 0.9655
vn 0.1624 -0.2005 0.9661
vn 0.1627 -0.1974 0.9667
vn 0.1629 -0.1943 0.9673
vn 0.1630 -0.1913 0.9679
vn 0.1136 -0.2740 0.9550
vn 0.1134 -0.2764 0.9543
vn 0.1138 -0.2717 0.9556
vn 0.1140 -0.2693 0.9563
vn 0.1141 -0.2669 0.9569
vn 0.1143 -0.2645 0.9576
vn 0.1144 -0.2621 0.9582
vn 0.1146 -0.2597 0.9588
vn 0.1148 -0.2573 0.9595
vn 0.1150 -0.2550 0.9601
vn 0.1151 -0.2526 0.9607
vn 0.1153 -0.2501 0.9613
vn 0.1154 -0.2477 0.9619
vn 0.1156 -0.2453 0.9625
vn 0.1157 -0.2428 0.9631
vn 0.1159 -0.2404 0.9637
vn 0.1161 -0.2380 0.9643
vn 0.1163 -0.2355 0.9649
vn 0.1164 -0.2331 0.9655
vn 0.1166 -0.2306 0.9660
vn 0.1211 -0.2282 0.9661
vn 0.1450 -0.2254 0.9634
vn 0.1640 -0.2218 0.9612
vn 0.1643 -0.2188 0.9618
vn 0.1645 -0.2158 0.9625
vn 0.1647 -0.2127 0.9631
vn 0.1649 -0.2097 0.9638
vn 0.1651 -0.2066 0.9644
vn 0.1653 -0.2036 0.9650
vn 0.1656 -0.2005 0.9656
vn 0.1658 -0.1974 0.9662
vn 0.1660 -0.1943 0.9668
vn 0.1661 -0.1913 0.9674
vn 0.1161 -0.2740 0.9547
vn 0.1161 -0.2763 0.9540
vn 0.1163 -0.2717 0.9553
vn 0.1165 -0.2693 0.9560
vn 0.1167 -0.2669 0.9566
vn 0.1168 -0.2646 0.9573
vn 0.1170 -0.2622 0.9579
vn 0.1172 -0.2598 0.9585
vn 0.1173 -0.2574 0.9592
vn 0.1175 -0.2549 0.9598
vn 0.1176 -0.2525 0.9604
vn 0.1178 -0.2501 0.9610
vn 0.1180 -0.2477 0.9616
vn 0.1181 -0.2453 0.9622
vn 0.1183 -0.2428 0.9628
vn 0.1185 -0.2404 0.9634
vn 0.1187 -0.2380 0.9640
vn 0.1188 -0.2355 0.9646
vn 0.1190 -0.2331 0.9651
vn 0.1191 -0.2306 0.9657
vn 0.1232 -0.2282 0.9658
vn 0.1474 -0.2254 0.9630
vn 0.1671 -0.2218 0.9607
vn 0.1673 -0.2188 0.9613
vn 0.1676 -0.2158 0.9620
vn 0.1678 -0.2127 0.9626
vn 0.1680 -0.2097 0.9632
vn 0.1682 -0.2066 0.9638
vn 0.1684 -0.2036 0.9645
vn 0.1686 -0.2005 0.9651
vn 0.1689 -0.1974 0.9657
vn 0.1691 -0.1944 0.9662
vn 0.1693 -0.1912 0.9668
vn 0.1187 -0.2741 0.9544
vn 0.1185 -0.2764 0.9537
vn 0.1188 -0.2717 0.9550
vn 0.1190 -0.2693 0.9557
vn 0.1192 -0.2669 0.9563
vn 0.1193 -0.2646 0.9570
vn 0.1195 -0.2622 0.9576
vn 0.1197 -0.2597 0.9582
vn 0.1199 -0.2574 0.9589
vn 0.1200 -0.2549 0.9595
vn 0.1202 -0.2525 0.9601
vn 0.1203 -0.2501 0.9607
vn 0.1205 -0.2477 0.9613
vn 0.1207 -0.2453 0.9619
vn 0.1208 -0.2429 0.9625
vn 0.1210 -0.2404 0.9631
vn 0.1212 -0.2380 0.9637
vn 0.1213 -0.2356 0.9643
vn 0.1215 -0.2331 0.9648
vn 0.1217 -0.2307 0.9654
vn 0.1254 -0.2282 0.9655
vn 0.1497 -0.2257 0.9626
vn 0.1702 -0.2218 0.9601
vn 0.1704 -0.2188 0.9608
vn 0.1707 -0.2158 0.9614
vn 0.1709 -0.2127 0.9621
vn 0.1711 -0.2097 0.9627
vn 0.1713 -0.2066 0.9633
vn 0.1715 -0.2036 0.9639
vn 0.1718 -0.2005 0.9645
vn 0.1719 -0.1974 0.9651
vn 0.1722 -0.1943 0.9657
vn 0.1724 -0.1912 0.9663
vn 0.1212 -0.2740 0.9541
vn 0.1210 -0.2764 0.9534
vn 0.1214 -0.2717 0.9547
vn 0.1215 -0.2693 0.9554
vn 0.1217 -0.2669 0.9560
vn 0.1219 -0.2645 0.9566
vn 0.1220 -0.2621 0.9573
vn 0.1222 -0.2598 0.9579
vn 0.1224 -0.2574 0.9585
vn 0.1226 -0.2550 0.9592
vn 0.1227 -0.2525 0.9598
vn 0.1229 -0.2501 0.9604
vn 0.1230 -0.2477 0.9610
vn 0.1232 -0.2453 0.9616
vn 0.1234 -0.2429 0.9622
vn 0.1236 -0.2405 0.9628
vn 0.1237 -0.2380 0.9634
vn 0.1239 -0.2356 0.9639
vn 0.1240 -0.2331 0.9645
vn 0.1242 -0.2307 0.9651
vn 0.1276 -0.2282 0.9652
vn 0.1523 -0.2255 0.9623
vn 0.1733 -0.2218 0.9596
vn 0.1735 -0.2188 0.9602
vn 0.1737 -0.2158 0.9609
vn 0.1739 -0.2127 0.9615
vn 0.1742 -0.2097 0.9621
vn 0.1744 -0.2066 0.9628
vn 0.1746 -0.2035 0.9634
vn 0.1749 -0.2005 0.9640
vn 0.1751 -0.1974 0.9646
vn 0.1753 -0.1943 0.9651
vn 0.1755 -0.1913 0.9657
vn 0.1237 -0.2740 0.9537
vn 0.1236 -0.2763 0.9531
vn 0.1239 -0.2717 0.9544
vn 0.1240 -0.2693 0.9550
vn 0.1242 -0.2669 0.9557
vn 0.1244 -0.2645 0.9563
vn 0.1246 -0.2621 0.9570
vn 0.1247 -0.2598 0.9576
vn 0.1249 -0.2574 0.9582
vn 0.1251 -0.2550 0.9588
vn 0.1252 -0.2526 0.9594
vn 0.1254 -0.2502 0.9601
vn 0.1256 -0.2477 0.9607
vn 0.1257 -0.2453 0.9613
vn 0.1259 -0.2429 0.9619
vn 0.1261 -0.2404 0.9624
vn 0.1263 -0.2380 0.9630
vn 0.1264 -0.2356 0.9636
vn 0.1266 -0.2331 0.9642
vn 0.1267 -0.2307 0.9647
vn 0.1297 -0.2282 0.9649
vn 0.1547 -0.2255 0.9619
vn 0.1764 -0.2218 0.9590
vn 0.1766 -0.2188 0.9597
vn 0.1768 -0.2157 0.9603
vn 0.1770 -0.2127 0.9610
vn 0.1773 -0.2096 0.9616
vn 0.1775 -0.2066 0.9622
vn 0.1777 -0.2035 0.9628
vn 0.1779 -0.2005 0.9634
vn 0.1782 -0.1974 0.9640
vn 0.1784 -0.1943 0.9646
vn 0.1785 -0.1913 0.9652
vn 0.1262 -0.2741 0.9534
vn 0.1261 -0.2764 0.9527
vn 0.1264 -0.2717 0.9541
vn 0.1266 -0.2693 0.9547
vn 0.1267 -0.2669 0.9554
vn 0.1269 -0.2645 0.9560
vn 0.1271 -0.2621 0.9566
vn 0.1273 -0.2598 0.9573
vn 0.1274 -0.2574 0.9579
vn 0.1276 -0.2550 0.9585
vn 0.1278 -0.2526 0.9591
vn 0.1279 -0.2502 0.9597
vn 0.1281 -0.2477 0.9603
vn 0.1283 -0.2453 0.9609
vn 0.1285 -0.2429 0.9615
vn 0.1286 -0.2405 0.9621
vn 0.1288 -0.2380 0.9627
vn 0.1290 -0.2356 0.9633
vn 0.1291 -0.2331 0.9638
vn 0.1293 -0.2307 0.9644
vn 0.1319 -0.2283 0.9646
vn 0.1571 -0.2255 0.9615
vn 0.1794 -0.2218 0.9585
vn 0.1797 -0.2188 0.9591
vn 0.1799 -0.2157 0.9597
vn 0.1801 -0.2127 0.9604
vn 0.1803 -0.2096 0.9610
vn 0.1806 -0.2066 0.9616
vn 0.1808 -0.2035 0.9622
vn 0.1810 -0.2005 0.9628
vn 0.1813 -0.1974 0.9634
vn 0.1815 -0.1943 0.9640
vn 0.1817 -0.1913 0.9646
vn 0.1287 -0.2740 0.9531
vn 0.1285 -0.2764 0.9524
vn 0.1289 -0.2716 0.9537
vn 0.1291 -0.2693 0.9544
vn 0.1292 -0.2669 0.9550
vn 0.1294 -0.2645 0.9557
vn 0.1296 -0.2621 0.9563
vn 0.1298 -0.2598 0.9569
vn 0.1299 -0.2574 0.9575
vn 0.1301 -0.2550 0.9582
vn 0.1303 -0.2526 0.9588
vn 0.1305 -0.2501 0.9594
vn 0.1306 -0.2477 0.9600
vn 0.1308 -0.2453 0.9606
vn 0.1310 -0.2429 0.9612
vn 0.1311 -0.2405 0.9618
vn 0.1313 -0.2380 0.9623
vn 0.1315 -0.2356 0.9629
vn 0.1316 -0.2332 0.9635
vn 0.1318 -0.2307 0.9641
vn 0.1340 -0.2283 0.9643
vn 0.1595 -0.2255 0.9611
vn 0.1825 -0.2218 0.9579
vn 0.1827 -0.2187 0.9585
vn 0.1830 -0.2157 0.9592
vn 0.1832 -0.2127 0.9598
vn 0.1834 -0.2096 0.9604
vn 0.1836 -0.2066 0.9610
vn 0.1839 -0.2035 0.9616
vn 0.1841 -0.2005 0.9622
vn 0.1844 -0.1974 0.9628
vn 0.1846 -0.1943 0.9634
vn 0.1847 -0.1913 0.9640
vn 0.1312 -0.2740 0.9527
vn 0.1311 -0.2764 0.9521
vn 0.1314 -0.2717 0.9534
vn 0.1315 -0.2695 0.9540
vn 0.1317 -0.2673 0.9546
vn 0.1319 -0.2651 0.9552
vn 0.1320 -0.2630 0.9557
vn 0.1322 -0.2608 0.9563
vn 0.1324 -0.2587 0.9569
vn 0.1325 -0.2565 0.9574
vn 0.1327 -0.2545 0.9579
vn 0.1328 -0.2524 0.9585
vn 0.1330 -0.2503 0.9590
vn 0.1331 -0.2482 0.9595
vn 0.1333 -0.2462 0.9600
vn 0.1334 -0.2442 0.9605
vn 0.1336 -0.2421 0.9610
vn 0.1337 -0.2401 0.9615
vn 0.1339 -0.2382 0.9620
vn 0.1340 -0.2362 0.9624
vn 0.1357 -0.2343 0.9627
vn 0.1615 -0.2320 0.9592
vn 0.1854 -0.2287 0.9557
vn 0.1852 -0.2268 0.9562
vn 0.1854 -0.2247 0.9566
vn 0.1856 -0.2226 0.9571
vn 0.1858 -0.2206 0.9575
vn 0.1859 -0.2186 0.9579
vn 0.1864 -0.2164 0.9584
vn 0.1863 -0.2147 0.9588
vn 0.1867 -0.2126 0.9591
vn 0.1870 -0.2107 0.9595
vn 0.1872 -0.2089 0.9598
vn 0.1332 -0.2829 0.9498
vn 0.1335 -0.2844 0.9494
vn 0.1333 -0.2812 0.9504
vn 0.1332 -0.2794 0.9509
vn 0.1333 -0.2777 0.9514
vn 0.1335 -0.2760 0.9518
vn 0.1336 -0.2744 0.9523
vn 0.1337 -0.2727 0.9528
vn 0.1338 -0.2711 0.9532
vn 0.1340 -0.2695 0.9536
vn 0.1341 -0.2679 0.9541
vn 0.1342 -0.2663 0.9545
vn 0.1343 -0.2647 0.9549
vn 0.1344 -0.2632 0.9553
vn 0.1345 -0.2616 0.9558
vn 0.1346 -0.2601 0.9562
vn 0.1348 -0.2586 0.9565
vn 0.1349 -0.2571 0.9569
vn 0.1350 -0.2556 0.9573
vn 0.1351 -0.2541 0.9577
vn 0.1363 -0.2527 0.9579
vn 0.1617 -0.2511 0.9544
vn 0.1856 -0.2492 0.9505
vn 0.1856 -0.2483 0.9507
vn 0.1857 -0.2475 0.9509
vn 0.1858 -0.2467 0.9511
vn 0.1858 -0.2460 0.9513
vn 0.1859 -0.2453 0.9515
vn 0.1860 -0.2446 0.9516
vn 0.1860 -0.2440 0.9518
vn 0.1861 -0.2434 0.9519
vn 0.1861 -0.2429 0.9520
vn 0.1860 -0.2420 0.9523
vn 0.1342 -0.2916 0.9471
vn 0.1341 -0.2929 0.9467
vn 0.1343 -0.2904 0.9474
vn 0.1344 -0.2891 0.9478
vn 0.1345 -0.2877 0.9482
vn 0.1346 -0.2863 0.9486
vn 0.1347 -0.2849 0.9490
vn 0.1348 -0.2835 0.9494
vn 0.1349 -0.2822 0.9498
vn 0.1350 -0.2808 0.9502
vn 0.1351 -0.2794 0.9506
vn 0.1353 -0.2780 0.9510
vn 0.1354 -0.2766 0.9514
vn 0.1355 -0.2752 0.9518
vn 0.1356 -0.2738 0.9522
vn 0.1357 -0.2724 0.9526
vn 0.1358 -0.2710 0.9530
vn 0.1359 -0.2696 0.9533
vn 0.1360 -0.2682 0.9537
vn 0.1361 -0.2668 0.9541
vn 0.1369 -0.2654 0.9544
vn 0.1620 -0.2638 0.9509
vn 0.1854 -0.2623 0.9470
vn 0.1855 -0.2619 0.9471
vn 0.1855 -0.2615 0.9472
vn 0.1856 -0.2611 0.9473
vn 0.1856 -0.2606 0.9474
vn 0.1856 -0.2602 0.9475
vn 0.1857 -0.2599 0.9476
vn 0.1857 -0.2595 0.9477
vn 0.1857 -0.2591 0.9478
vn 0.1858 -0.2587 0.9479
vn 0.1859 -0.2582 0.9480
vn 0.1356 -0.2919 0.9468
vn 0.1356 -0.2932 0.9464
vn 0.1357 -0.2905 0.9472
vn 0.1359 -0.2891 0.9476
vn 0.1359 -0.2877 0.9480
vn 0.1361 -0.2863 0.9484
vn 0.1362 -0.2850 0.9488
vn 0.1363 -0.2836 0.9492
vn 0.1364 -0.2822 0.9496
vn 0.1365 -0.2808 0.9500
vn 0.1366 -0.2794 0.9504
vn 0.1367 -0.2780 0.9508
vn 0.1368 -0.2766 0.9512
vn 0.1369 -0.2752 0.9516
vn 0.1371 -0.2738 0.9520
vn 0.1372 -0.2724 0.9524
vn 0.1373 -0.2710 0.9527
vn 0.1374 -0.2696 0.9531
vn 0.1375 -0.2681 0.9535
vn 0.1376 -0.2668 0.9539
vn 0.1379 -0.2654 0.9542
vn 0.1621 -0.2637 0.9509
vn 0.1859 -0.2622 0.9469
vn 0.1859 -0.2618 0.9470
vn 0.1859 -0.2614 0.9471
vn 0.1860 -0.2611 0.9472
vn 0.1860 -0.2607 0.9473
vn 0.1860 -0.2602 0.9475
vn 0.1861 -0.2598 0.9476
vn 0.1861 -0.2594 0.9477
vn 0.1862 -0.2590 0.9478
vn 0.1862 -0.2586 0.9479
vn 0.1861 -0.2584 0.9480
vn 0.1371 -0.2918 0.9466
vn 0.1370 -0.2932 0.9462
vn 0.1372 -0.2905 0.9470
vn 0.1373 -0.2891 0.9474
vn 0.1374 -0.2877 0.9478
vn 0.1375 -0.2863 0.9482
vn 0.1377 -0.2849 0.9486
vn 0.1378 -0.2835 0.9490
vn 0.1379 -0.2822 0.9494
vn 0.1380 -0.2808 0.9498
vn 0.1381 -0.2794 0.9502
vn 0.1382 -0.2780 0.9506
vn 0.1383 -0.2766 0.9510
vn 0.1384 -0.2752 0.9514
vn 0.1385 -0.2738 0.9518
vn 0.1387 -0.2724 0.9521
vn 0.1388 -0.2710 0.9525
vn 0.1389 -0.2696 0.9529
vn 0.1390 -0.2682 0.9533
vn 0.1391 -0.2667 0.9537
vn 0.1392 -0.2653 0.9541
vn 0.1625 -0.2634 0.9509
vn 0.1862 -0.2622 0.9469
vn 0.1863 -0.2619 0.9470
vn 0.1863 -0.2614 0.9471
vn 0.1864 -0.2610 0.9472
vn 0.1864 -0.2607 0.9473
vn 0.1864 -0.2603 0.9474
vn 0.1865 -0.2598 0.9475
vn 0.1865 -0.2594 0.9476
vn 0.1866 -0.2590 0.9477
vn 0.1866 -0.2586 0.9478
vn 0.1865 -0.2583 0.9479
vn 0.1386 -0.2918 0.9464
vn 0.1385 -0.2931 0.9460
vn 0.1387 -0.2904 0.9468
vn 0.1388 -0.2891 0.9472
vn 0.1389 -0.2877 0.9476
vn 0.1390 -0.2863 0.9480
vn 0.1391 -0.2849 0.9484
vn 0.1392 -0.2835 0.9488
vn 0.1393 -0.2821 0.9492
vn 0.1395 -0.2808 0.9496
vn 0.1396 -0.2794 0.9500
vn 0.1397 -0.2780 0.9504
vn 0.1398 -0.2766 0.9508
vn 0.1399 -0.2752 0.9512
vn 0.1400 -0.2738 0.9516
vn 0.1401 -0.2724 0.9519
vn 0.1403 -0.2710 0.9523
vn 0.1403 -0.2696 0.9527
vn 0.1405 -0.2682 0.9531
vn 0.1406 -0.2668 0.9535
vn 0.1407 -0.2653 0.9538
vn 0.1634 -0.2629 0.9509
vn 0.1863 -0.2622 0.9469
vn 0.1867 -0.2619 0.9469
vn 0.1867 -0.2615 0.9470
vn 0.1868 -0.2610 0.9471
vn 0.1868 -0.2606 0.9472
vn 0.1869 -0.2602 0.9473
vn 0.1869 -0.2598 0.9474
vn 0.1870 -0.2595 0.9475
vn 0.1870 -0.2591 0.9476
vn 0.1870 -0.2587 0.9477
vn 0.1869 -0.2584 0.9478
vn 0.1400 -0.2918 0.9462
vn 0.1403 -0.2928 0.9458
vn 0.1402 -0.2904 0.9466
vn 0.1403 -0.2891 0.9470
vn 0.1404 -0.2877 0.9474
vn 0.1405 -0.2863 0.9478
vn 0.1406 -0.2849 0.9482
vn 0.1407 -0.2835 0.9486
vn 0.1408 -0.2821 0.9490
vn 0.1409 -0.2807 0.9494
vn 0.1410 -0.2793 0.9498
vn 0.1412 -0.2779 0.9502
vn 0.1413 -0.2766 0.9506
vn 0.1414 -0.2752 0.9509
vn 0.1415 -0.2738 0.9513
vn 0.1416 -0.2723 0.9517
vn 0.1417 -0.2710 0.9521
vn 0.1418 -0.2696 0.9525
vn 0.1419 -0.2682 0.9529
vn 0.1420 -0.2667 0.9532
vn 0.1422 -0.2653 0.9536
vn 0.1639 -0.2631 0.9508
vn 0.1871 -0.2618 0.9468
vn 0.1872 -0.2614 0.9469
vn 0.1872 -0.2610 0.9470
vn 0.1873 -0.2606 0.9471
vn 0.1873 -0.2602 0.9472
vn 0.1873 -0.2598 0.9473
vn 0.1873 -0.2594 0.9474
vn 0.1874 -0.2590 0.9475
vn 0.1874 -0.2586 0.9476
vn 0.1874 -0.2583 0.9477
vn 0.1415 -0.2918 0.9460
vn 0.1414 -0.2932 0.9455
vn 0.1416 -0.2904 0.9464
vn 0.1417 -0.2890 0.9468
vn 0.1419 -0.2877 0.9472
vn 0.1420 -0.2863 0.9476
vn 0.1421 -0.2849 0.9480
vn 0.1422 -0.2835 0.9484
vn 0.1423 -0.2821 0.9488
vn 0.1424 -0.2807 0.9492
vn 0.1425 -0.2793 0.9496
vn 0.1427 -0.2779 0.9499
vn 0.1427 -0.2765 0.9503
vn 0.1429 -0.2751 0.9507
vn 0.1430 -0.2737 0.9511
vn 0.1431 -0.2723 0.9515
vn 0.1432 -0.2709 0.9519
vn 0.1433 -0.2696 0.9523
vn 0.1434 -0.2682 0.9526
vn 0.1436 -0.2667 0.9530
vn 0.1436 -0.2653 0.9534
vn 0.1642 -0.2633 0.9506
vn 0.1864 -0.2622 0.9468
vn 0.1875 -0.2618 0.9467
vn 0.1876 -0.2614 0.9468
vn 0.1876 -0.2610 0.9469
vn 0.1877 -0.2606 0.9470
vn 0.1877 -0.2602 0.9471
vn 0.1877 -0.2598 0.9472
vn 0.1878 -0.2594 0.9473
vn 0.1878 -0.2590 0.9474
vn 0.1878 -0.2586 0.9475
vn 0.1878 -0.2583 0.9476
vn 0.1430 -0.2918 0.9457
vn 0.1429 -0.2931 0.9453
vn 0.1431 -0.2904 0.9461
vn 0.1432 -0.2890 0.9466
vn 0.1433 -0.2877 0.9469
vn 0.1434 -0.2863 0.9474
vn 0.1436 -0.2849 0.9478
vn 0.1437 -0.2835 0.9481
vn 0.1438 -0.2821 0.9486
vn 0.1439 -0.2807 0.9489
vn 0.1440 -0.2793 0.9493
vn 0.1441 -0.2779 0.9497
vn 0.1442 -0.2765 0.9501
vn 0.1443 -0.2751 0.9505
vn 0.1445 -0.2738 0.9509
vn 0.1445 -0.2723 0.9513
vn 0.1447 -0.2709 0.9517
vn 0.1448 -0.2695 0.9521
vn 0.1449 -0.2681 0.9524
vn 0.1450 -0.2668 0.9528
vn 0.1451 -0.2653 0.9532
vn 0.1648 -0.2633 0.9505
vn 0.1865 -0.2622 0.9468
vn 0.1880 -0.2618 0.9466
vn 0.1880 -0.2614 0.9467
vn 0.1880 -0.2610 0.9468
vn 0.1881 -0.2606 0.9469
vn 0.1881 -0.2602 0.9470
vn 0.1881 -0.2598 0.9472
vn 0.1882 -0.2594 0.9473
vn 0.1882 -0.2590 0.9474
vn 0.1882 -0.2586 0.9475
vn 0.1881 -0.2583 0.9476
vn 0.1444 -0.2918 0.9455
vn 0.1444 -0.2931 0.9451
vn 0.1446 -0.2904 0.9459
vn 0.1447 -0.2890 0.9463
vn 0.1448 -0.2876 0.9467
vn 0.1449 -0.2863 0.9471
vn 0.1450 -0.2849 0.9475
vn 0.1451 -0.2835 0.9479
vn 0.1453 -0.2821 0.9483
vn 0.1454 -0.2807 0.9487
vn 0.1455 -0.2793 0.9491
vn 0.1456 -0.2779 0.9495
vn 0.1457 -0.2765 0.9499
vn 0.1458 -0.2751 0.9503
vn 0.1459 -0.2737 0.9507
vn 0.1460 -0.2723 0.9511
vn 0.1462 -0.2709 0.9514
vn 0.1463 -0.2695 0.9518
vn 0.1463 -0.2681 0.9522
vn 0.1465 -0.2667 0.9526
vn 0.1466 -0.2653 0.9529
vn 0.1657 -0.2631 0.9504
vn 0.1884 -0.2618 0.9466
vn 0.1884 -0.2614 0.9467
vn 0.1884 -0.2610 0.9468
vn 0.1885 -0.2606 0.9469
vn 0.1885 -0.2602 0.9470
vn 0.1885 -0.2598 0.9471
vn 0.1886 -0.2594 0.9472
vn 0.1886 -0.2590 0.9473
vn 0.1887 -0.2586 0.9474
vn 0.1886 -0.2583 0.9475
vn 0.1459 -0.2917 0.9453
vn 0.1460 -0.2930 0.9449
vn 0.1460 -0.2904 0.9457
vn 0.1462 -0.2890 0.9461
vn 0.1463 -0.2876 0.9465
vn 0.1464 -0.2862 0.9469
vn 0.1465 -0.2849 0.9473
vn 0.1466 -0.2835 0.9477
vn 0.1467 -0.2821 0.9481
vn 0.1468 -0.2807 0.9485
vn 0.1470 -0.2793 0.9489
vn 0.1471 -0.2779 0.9493
vn 0.1472 -0.2765 0.9497
vn 0.1473 -0.2751 0.9501
vn 0.1474 -0.2737 0.9505
vn 0.1475 -0.2723 0.9508
vn 0.1476 -0.2709 0.9512
vn 0.1478 -0.2695 0.9516
vn 0.1478 -0.2681 0.9520
vn 0.1480 -0.2667 0.9524
vn 0.1481 -0.2653 0.9527
vn 0.1664 -0.2630 0.9503
vn 0.1866 -0.2622 0.9468
vn 0.1888 -0.2618 0.9465
vn 0.1888 -0.2614 0.9466
vn 0.1889 -0.2610 0.9467
vn 0.1889 -0.2606 0.9468
vn 0.1889 -0.2602 0.9469
vn 0.1890 -0.2598 0.9470
vn 0.1890 -0.2594 0.9471
vn 0.1890 -0.2590 0.9472
vn 0.1891 -0.2586 0.9473
vn 0.1890 -0.2583 0.9474
vn 0.1474 -0.2917 0.9451
vn 0.1474 -0.2931 0.9447
vn 0.1475 -0.2903 0.9455
vn 0.1476 -0.2890 0.9459
vn 0.1477 -0.2876 0.9463
vn 0.1478 -0.2862 0.9467
vn 0.1480 -0.2848 0.9471
vn 0.1481 -0.2835 0.9475
vn 0.1482 -0.2821 0.9479
vn 0.1483 -0.2807 0.9483
vn 0.1484 -0.2793 0.9487
vn 0.1486 -0.2779 0.9491
vn 0.1487 -0.2765 0.9494
vn 0.1488 -0.2751 0.9498
vn 0.1489 -0.2737 0.9502
vn 0.1490 -0.2723 0.9506
vn 0.1491 -0.2709 0.9510
vn 0.1492 -0.2695 0.9514
vn 0.1493 -0.2681 0.9518
vn 0.1494 -0.2667 0.9521
vn 0.1496 -0.2653 0.9525
vn 0.1667 -0.2633 0.9502
vn 0.1867 -0.2622 0.9468
vn 0.1892 -0.2618 0.9464
vn 0.1892 -0.2614 0.9465
vn 0.1893 -0.2610 0.9466
vn 0.1893 -0.2606 0.9467
vn 0.1893 -0.2602 0.9468
vn 0.1894 -0.2598 0.9469
vn 0.1894 -0.2594 0.9470
vn 0.1895 -0.2590 0.9471
vn 0.1895 -0.2586 0.9472
vn 0.1894 -0.2583 0.9473
vn 0.1489 -0.2917 0.9448
vn 0.1488 -0.2930 0.9445
vn 0.1490 -0.2904 0.9453
vn 0.1491 -0.2890 0.9457
vn 0.1492 -0.2876 0.9461
vn 0.1493 -0.2862 0.9465
vn 0.1494 -0.2848 0.9469
vn 0.1496 -0.2834 0.9473
vn 0.1497 -0.2820 0.9477
vn 0.1498 -0.2807 0.9481
vn 0.1499 -0.2793 0.9484
vn 0.1500 -0.2779 0.9488
vn 0.1501 -0.2765 0.9492
vn 0.1502 -0.2751 0.9496
vn 0.1503 -0.2737 0.9500
vn 0.1505 -0.2723 0.9504
vn 0.1506 -0.2709 0.9508
vn 0.1507 -0.2695 0.9511
vn 0.1508 -0.2681 0.9515
vn 0.1509 -0.2667 0.9519
vn 0.1511 -0.2653 0.9523
vn 0.1674 -0.2634 0.9501
vn 0.1869 -0.2622 0.9467
vn 0.1896 -0.2618 0.9463
vn 0.1896 -0.2614 0.9464
vn 0.1897 -0.2610 0.9465
vn 0.1897 -0.2606 0.9466
vn 0.1897 -0.2602 0.9467
vn 0.1898 -0.2598 0.9468
vn 0.1898 -0.2594 0.9469
vn 0.1898 -0.2590 0.9470
vn 0.1899 -0.2586 0.9471
vn 0.1898 -0.2583 0.9472
vn 0.1503 -0.2917 0.9446
vn 0.1502 -0.2931 0.9442
vn 0.1504 -0.2903 0.9450
vn 0.1506 -0.2890 0.9454
vn 0.1507 -0.2876 0.9458
vn 0.1508 -0.2862 0.9462
vn 0.1509 -0.2848 0.9466
vn 0.1510 -0.2834 0.9470
vn 0.1512 -0.2820 0.9474
vn 0.1512 -0.2806 0.9478
vn 0.1513 -0.2793 0.9482
vn 0.1515 -0.2779 0.9486
vn 0.1516 -0.2765 0.9490
vn 0.1517 -0.2751 0.9494
vn 0.1518 -0.2737 0.9498
vn 0.1519 -0.2723 0.9501
vn 0.1521 -0.2709 0.9505
vn 0.1521 -0.2695 0.9509
vn 0.1523 -0.2681 0.9513
vn 0.1524 -0.2667 0.9517
vn 0.1525 -0.2653 0.9520
vn 0.1681 -0.2634 0.9499
vn 0.1871 -0.2623 0.9467
vn 0.1900 -0.2618 0.9462
vn 0.1900 -0.2614 0.9463
vn 0.1901 -0.2610 0.9464
vn 0.1901 -0.2606 0.9465
vn 0.1902 -0.2602 0.9466
vn 0.1902 -0.2598 0.9468
vn 0.1902 -0.2594 0.9469
vn 0.1903 -0.2590 0.9470
vn 0.1903 -0.2586 0.9471
vn 0.1903 -0.2583 0.9471
vn 0.1518 -0.2917 0.9444
vn 0.1518 -0.2929 0.9440
vn 0.1519 -0.2903 0.9448
vn 0.1520 -0.2889 0.9452
vn 0.1521 -0.2875 0.9456
vn 0.1523 -0.2862 0.9460
vn 0.1524 -0.2848 0.9464
vn 0.1525 -0.2834 0.9468
vn 0.1526 -0.2820 0.9472
vn 0.1527 -0.2806 0.9476
vn 0.1528 -0.2792 0.9480
vn 0.1530 -0.2778 0.9484
vn 0.1531 -0.2765 0.9488
vn 0.1532 -0.2751 0.9491
vn 0.1533 -0.2737 0.9495
vn 0.1534 -0.2723 0.9499
vn 0.1535 -0.2709 0.9503
vn 0.1536 -0.2695 0.9507
vn 0.1537 -0.2680 0.9511
vn 0.1539 -0.2667 0.9514
vn 0.1540 -0.2653 0.9518
vn 0.1692 -0.2631 0.9498
vn 0.1872 -0.2623 0.9467
vn 0.1904 -0.2618 0.9462
vn 0.1905 -0.2614 0.9463
vn 0.1905 -0.2610 0.9464
vn 0.1905 -0.2606 0.9465
vn 0.1906 -0.2602 0.9466
vn 0.1906 -0.2598 0.9467
vn 0.1906 -0.2594 0.9468
vn 0.1907 -0.2590 0.9469
vn 0.1907 -0.2586 0.9470
vn 0.1907 -0.2583 0.9471
vn 0.1533 -0.2917 0.9442
vn 0.1532 -0.2930 0.9438
vn 0.1534 -0.2903 0.9446
vn 0.1535 -0.2889 0.9450
vn 0.1536 -0.2875 0.9454
vn 0.1537 -0.2862 0.9458
vn 0.1538 -0.2848 0.9462
vn 0.1539 -0.2834 0.9466
vn 0.1541 -0.2820 0.9470
vn 0.1542 -0.2806 0.9474
vn 0.1543 -0.2792 0.9477
vn 0.1544 -0.2778 0.9481
vn 0.1545 -0.2764 0.9485
vn 0.1546 -0.2750 0.9489
vn 0.1548 -0.2736 0.9493
vn 0.1549 -0.2722 0.9497
vn 0.1550 -0.2709 0.9501
vn 0.1551 -0.2695 0.9504
vn 0.1552 -0.2680 0.9508
vn 0.1553 -0.2666 0.9512
vn 0.1554 -0.2652 0.9516
vn 0.1696 -0.2634 0.9497
vn 0.1874 -0.2623 0.9466
vn 0.1908 -0.2618 0.9461
vn 0.1909 -0.2614 0.9462
vn 0.1909 -0.2610 0.9463
vn 0.1910 -0.2606 0.9464
vn 0.1910 -0.2602 0.9465
vn 0.1910 -0.2598 0.9466
vn 0.1911 -0.2594 0.9467
vn 0.1911 -0.2590 0.9468
vn 0.1911 -0.2586 0.9469
vn 0.1910 -0.2583 0.9470
vn 0.1547 -0.2916 0.9439
vn 0.1547 -0.2930 0.9435
vn 0.1548 -0.2903 0.9443
vn 0.1549 -0.2889 0.9447
vn 0.1551 -0.2875 0.9451
vn 0.1552 -0.2861 0.9455
vn 0.1553 -0.2848 0.9459
vn 0.1554 -0.2834 0.9463
vn 0.1555 -0.2820 0.9467
vn 0.1556 -0.2806 0.9471
vn 0.1557 -0.2792 0.9475
vn 0.1559 -0.2778 0.9479
vn 0.1560 -0.2764 0.9483
vn 0.1561 -0.2750 0.9487
vn 0.1562 -0.2736 0.9491
vn 0.1563 -0.2722 0.9494
vn 0.1564 -0.2708 0.9498
vn 0.1566 -0.2694 0.9502
vn 0.1567 -0.2680 0.9506
vn 0.1568 -0.2666 0.9510
vn 0.1569 -0.2652 0.9513
vn 0.1703 -0.2634 0.9495
vn 0.1876 -0.2623 0.9466
vn 0.1912 -0.2618 0.9460
vn 0.1913 -0.2614 0.9461
vn 0.1913 -0.2610 0.9462
vn 0.1914 -0.2606 0.9463
vn 0.1914 -0.2602 0.9464
vn 0.1914 -0.2598 0.9465
vn 0.1915 -0.2594 0.9466
vn 0.1915 -0.2590 0.9467
vn 0.1915 -0.2585 0.9468
vn 0.1914 -0.2583 0.9469
vn 0.1562 -0.2916 0.9437
vn 0.1563 -0.2928 0.9433
vn 0.1563 -0.2902 0.9441
vn 0.1564 -0.2889 0.9445
vn 0.1565 -0.2875 0.9449
vn 0.1566 -0.2861 0.9453
vn 0.1568 -0.2847 0.9457
vn 0.1569 -0.2833 0.9461
vn 0.1570 -0.2820 0.9465
vn 0.1571 -0.2806 0.9469
vn 0.1572 -0.2792 0.9473
vn 0.1574 -0.2778 0.9477
vn 0.1575 -0.2764 0.9481
vn 0.1576 -0.2750 0.9484
vn 0.1577 -0.2736 0.9488
vn 0.1578 -0.2722 0.9492
vn 0.1579 -0.2708 0.9496
vn 0.1580 -0.2694 0.9500
vn 0.1582 -0.2680 0.9503
vn 0.1582 -0.2666 0.9507
vn 0.1584 -0.2652 0.9511
vn 0.1711 -0.2634 0.9494
vn 0.1879 -0.2623 0.9465
vn 0.1917 -0.2618 0.9459
vn 0.1917 -0.2613 0.9460
vn 0.1918 -0.2609 0.9461
vn 0.1918 -0.2605 0.9462
vn 0.1918 -0.2601 0.9463
vn 0.1918 -0.2598 0.9464
vn 0.1919 -0.2594 0.9465
vn 0.1919 -0.2590 0.9466
vn 0.1920 -0.2586 0.9467
vn 0.1919 -0.2583 0.9468
vn 0.1576 -0.2916 0.9435
vn 0.1575 -0.2930 0.9431
vn 0.1577 -0.2902 0.9439
vn 0.1579 -0.2889 0.9443
vn 0.1580 -0.2875 0.9447
vn 0.1581 -0.2861 0.9451
vn 0.1582 -0.2847 0.9455
vn 0.1584 -0.2833 0.9459
vn 0.1585 -0.2819 0.9463
vn 0.1586 -0.2806 0.9467
vn 0.1587 -0.2792 0.9470
vn 0.1588 -0.2778 0.9474
vn 0.1589 -0.2764 0.9478
vn 0.1590 -0.2750 0.9482
vn 0.1592 -0.2736 0.9486
vn 0.1593 -0.2722 0.9490
vn 0.1594 -0.2708 0.9493
vn 0.1595 -0.2694 0.9497
vn 0.1597 -0.2680 0.9501
vn 0.1598 -0.2666 0.9505
vn 0.1598 -0.2652 0.9509
vn 0.1719 -0.2634 0.9492
vn 0.1881 -0.2623 0.9465
vn 0.1921 -0.2617 0.9458
vn 0.1921 -0.2613 0.9459
vn 0.1922 -0.2609 0.9460
vn 0.1922 -0.2605 0.9461
vn 0.1922 -0.2601 0.9462
vn 0.1922 -0.2597 0.9464
vn 0.1923 -0.2593 0.9464
vn 0.1923 -0.2589 0.9465
vn 0.1924 -0.2586 0.9467
vn 0.1923 -0.2583 0.9468
vn 0.1591 -0.2916 0.9432
vn 0.1589 -0.2930 0.9428
vn 0.1592 -0.2902 0.9436
vn 0.1593 -0.2888 0.9440
vn 0.1594 -0.2875 0.9444
vn 0.1596 -0.2861 0.9448
vn 0.1597 -0.2847 0.9452
vn 0.1598 -0.2833 0.9456
vn 0.1599 -0.2819 0.9460
vn 0.1600 -0.2805 0.9464
vn 0.1601 -0.2791 0.9468
vn 0.1603 -0.2778 0.9472
vn 0.1604 -0.2764 0.9476
vn 0.1605 -0.2750 0.9480
vn 0.1606 -0.2736 0.9483
vn 0.1608 -0.2722 0.9487
vn 0.1609 -0.2708 0.9491
vn 0.1610 -0.2694 0.9495
vn 0.1611 -0.2680 0.9499
vn 0.1612 -0.2666 0.9502
vn 0.1613 -0.2652 0.9506
vn 0.1727 -0.2634 0.9491
vn 0.1884 -0.2623 0.9464
vn 0.1925 -0.2617 0.9458
vn 0.1925 -0.2613 0.9458
vn 0.1926 -0.2610 0.9459
vn 0.1926 -0.2605 0.9461
vn 0.1926 -0.2602 0.9462
vn 0.1927 -0.2597 0.9463
vn 0.1927 -0.2593 0.9464
vn 0.1927 -0.2589 0.9465
vn 0.1928 -0.2585 0.9466
vn 0.1927 -0.2583 0.9467
vn 0.1606 -0.2916 0.9430
vn 0.1606 -0.2928 0.9426
vn 0.1606 -0.2902 0.9434
vn 0.1608 -0.2888 0.9438
vn 0.1609 -0.2874 0.9442
vn 0.1610 -0.2861 0.9446
vn 0.1611 -0.2847 0.9450
vn 0.1613 -0.2833 0.9454
vn 0.1614 -0.2819 0.9458
vn 0.1615 -0.2805 0.9462
vn 0.1616 -0.2791 0.9466
vn 0.1617 -0.2777 0.9470
vn 0.1619 -0.2764 0.9473
vn 0.1620 -0.2750 0.9477
vn 0.1621 -0.2736 0.9481
vn 0.1622 -0.2722 0.9485
vn 0.1623 -0.2708 0.9489
vn 0.1624 -0.2694 0.9492
vn 0.1625 -0.2680 0.9496
vn 0.1627 -0.2666 0.9500
vn 0.1628 -0.2652 0.9504
vn 0.1735 -0.2634 0.9489
vn 0.1887 -0.2623 0.9464
vn 0.1929 -0.2617 0.9457
vn 0.1929 -0.2613 0.9458
vn 0.1930 -0.2609 0.9459
vn 0.1930 -0.2605 0.9460
vn 0.1930 -0.2601 0.9461
vn 0.1931 -0.2597 0.9462
vn 0.1931 -0.2593 0.9463
vn 0.1932 -0.2589 0.9464
vn 0.1932 -0.2585 0.9465
vn 0.1931 -0.2582 0.9466
vn 0.1619 -0.2917 0.9427
vn 0.1619 -0.2929 0.9423
vn 0.1620 -0.2903 0.9431
vn 0.1622 -0.2888 0.9436
vn 0.1624 -0.2874 0.9439
vn 0.1621 -0.2864 0.9443
vn 0.1624 -0.2848 0.9447
vn 0.1626 -0.2834 0.9451
vn 0.1627 -0.2820 0.9455
vn 0.1626 -0.2809 0.9459
vn 0.1632 -0.2791 0.9463
vn 0.1632 -0.2778 0.9467
vn 0.1633 -0.2764 0.9471
vn 0.1634 -0.2750 0.9475
vn 0.1635 -0.2736 0.9478
vn 0.1637 -0.2722 0.9482
vn 0.1637 -0.2709 0.9486
vn 0.1638 -0.2695 0.9490
vn 0.1636 -0.2683 0.9493
vn 0.1642 -0.2665 0.9497
vn 0.1642 -0.2652 0.9501
vn 0.1745 -0.2633 0.9488
vn 0.1887 -0.2624 0.9463
vn 0.1932 -0.2618 0.9456
vn 0.1932 -0.2614 0.9457
vn 0.1935 -0.2608 0.9458
vn 0.1934 -0.2606 0.9459
vn 0.1933 -0.2602 0.9460
vn 0.1934 -0.2598 0.9461
vn 0.1934 -0.2594 0.9462
vn 0.1935 -0.2590 0.9463
vn 0.1935 -0.2586 0.9464
vn 0.1936 -0.2581 0.9465
vt 0.015625 0.015625
vt 0.045898 0.015625
vt 0.045898 0.045898
vt 0.015625 0.045898
vt 0.076172 0.015625
vt 0.076172 0.045898
vt 0.106445 0.015625
vt 0.106445 0.045898
vt 0.136719 0.015625
vt 0.136719 0.045898
vt 0.166992 0.015625
vt 0.166992 0.045898
vt 0.197266 0.015625
vt 0.197266 0.045898
vt 0.227539 0.015625
vt 0.227539 0.045898
vt 0.257812 0.015625
vt 0.257812 0.045898
vt 0.288086 0.015625
vt 0.288086 0.045898
vt 0.318359 0.015625
vt 0.318359 0.045898
vt 0.348633 0.015625
vt 0.348633 0.045898
vt 0.378906 0.015625
vt 0.378906 0.045898
vt 0.409180 0.015625
vt 0.409180 0.045898
vt 0.439453 0.015625
vt 0.439453 0.045898
vt 0.469727 0.015625
vt 0.469727 0.045898
vt 0.500000 0.015625
vt 0.500000 0.045898
vt 0.530273 0.015625
vt 0.530273 0.045898
vt 0.560547 0.015625
vt 0.560547 0.045898
vt 0.590820 0.015625
vt 0.590820 0.045898
vt 0.621094 0.015625
vt 0.621094 0.045898
vt 0.651367 0.015625
vt 0.651367 0.045898
vt 0.681641 0.015625
vt 0.681641 0.045898
vt 0.711914 0.015625
vt 0.711914 0.045898
vt 0.742188 0.015625
vt 0.742188 0.045898
vt 0.772461 0.015625
vt 0.772461 0.045898
vt 0.802734 0.015625
vt 0.802734 0.045898
vt 0.833008 0.015625
vt 0.833008 0.045898
vt 0.863281 0.015625
vt 0.863281 0.045898
vt 0.893555 0.015625
vt 0.893555 0.045898
vt 0.923828 0.015625
vt 0.923828 0.045898
vt 0.954102 0.015625
vt 0.954102 0.045898
vt 0.984375 0.015625
vt 0.984375 0.045898
vt 0.045898 0.076172
vt 0.015625 0.076172
vt 0.076172 0.076172
vt 0.106445 0.076172
vt 0.136719 0.076172
vt 0.166992 0.076172
vt 0.197266 0.076172
vt 0.227539 0.076172
vt 0.257812 0.076172
vt 0.288086 0.076172
vt 0.318359 0.076172
vt 0.348633 0.076172
vt 0.378906 0.076172
vt 0.409180 0.076172
vt 0.439453 0.076172
vt 0.469727 0.076172
vt 0.500000 0.076172
vt 0.530273 0.076172
vt 0.560547 0.076172
vt 0.590820 0.076172
vt 0.621094 0.076172
vt 0.651367 0.076172
vt 0.681641 0.076172
vt 0.711914 0.076172
vt 0.742188 0.076172
vt 0.772461 0.076172
vt 0.802734 0.076172
vt 0.833008 0.076172
vt 0.863281 0.076172
vt 0.893555 0.076172
vt 0.923828 0.076172
vt 0.954102 0.076172
vt 0.984375 0.076172
vt 0.045898 0.106445
vt 0.015625 0.106445
vt 0.076172 0.106445
vt 0.106445 0.106445
vt 0.136719 0.106445
vt 0.166992 0.106445
vt 0.197266 0.106445
vt 0.227539 0.106445
vt 0.257812 0.106445
vt 0.288086 0.106445
vt 0.318359 0.106445
vt 0.348633 0.106445
vt 0.378906 0.106445
vt 0.409180 0.106445
vt 0.439453 0.106445
vt 0.469727 0.106445
vt 0.500000 0.106445
vt 0.530273 0.106445
vt 0.560547 0.106445
vt 0.590820 0.106445
vt 0.621094 0.106445
vt 0.651367 0.106445
vt 0.681641 0.106445
vt 0.711914 0.106445
vt 0.742188 0.106445
vt 0.772461 0.106445
vt 0.802734 0.106445
vt 0.833008 0.106445
vt 0.863281 0.106445
vt 0.893555 0.106445
vt 0.923828 0.106445
vt 0.954102 0.106445
vt 0.984375 0.106445
vt 0.045898 0.136719
vt 0.015625 0.136719
vt 0.076172 0.136719
vt 0.106445 0.136719
vt 0.136719 0.136719
vt 0.166992 0.136719
vt 0.197266 0.136719
vt 0.227539 0.136719
vt 0.257812 0.136719
vt 0.288086 0.136719
vt 0.318359 0.136719
vt 0.348633 0.136719
vt 0.378906 0.136719
vt 0.409180 0.136719
vt 0.439453 0.136719
vt 0.469727 0.136719
vt 0.500000 0.136719
vt 0.530273 0.136719
vt 0.560547 0.136719
vt 0.590820 0.136719
vt 0.621094 0.136719
vt 0.651367 0.136719
vt 0.681641 0.136719
vt 0.711914 0.136719
vt 0.742188 0.136719
vt 0.772461 0.136719
vt 0.802734 0.136719
vt 0.833008 0.136719
vt 0.863281 0.136719
vt 0.893555 0.136719
vt 0.923828 0.136719
vt 0.954102 0.136719
vt 0.984375 0.136719
vt 0.045898 0.166992
vt 0.015625 0.166992
vt 0.076172 0.166992
vt 0.106445 0.166992
vt 0.136719 0.166992
vt 0.166992 0.166992
vt 0.197266 0.166992
vt 0.227539 0.166992
vt 0.257812 0.166992
vt 0.288086 0.166992
vt 0.318359 0.166992
vt 0.348633 0.166992
vt 0.378906 0.166992
vt 0.409180 0.166992
vt 0.439453 0.166992
vt 0.469727 0.166992
vt 0.500000 0.166992
vt 0.530273 0.166992
vt 0.560547 0.166992
vt 0.590820 0.166992
vt 0.621094 0.166992
vt 0.651367 0.166992
vt 0.681641 0.166992
vt 0.711914 0.166992
vt 0.742188 0.166992
vt 0.772461 0.166992
vt 0.802734 0.166992
vt 0.833008 0.166992
vt 0.863281 0.166992
vt 0.893555 0.166992
vt 0.923828 0.166992
vt 0.954102 0.166992
vt 0.984375 0.166992
vt 0.045898 0.197266
vt 0.015625 0.197266
vt 0.076172 0.197266
vt 0.106445 0.197266
vt 0.136719 0.197266
vt 0.166992 0.197266
vt 0.197266 0.197266
vt 0.227539 0.197266
vt 0.257812 0.197266
vt 0.288086 0.197266
vt 0.318359 0.197266
vt 0.348633 0.197266
vt 0.378906 0.197266
vt 0.409180 0.197266
vt 0.439453 0.197266
vt 0.469727 0.197266
vt 0.500000 0.197266
vt 0.530273 0.197266
vt 0.560547 0.197266
vt 0.590820 0.197266
vt 0.621094 0.197266
vt 0.651367 0.197266
vt 0.681641 0.197266
vt 0.711914 0.197266
vt 0.742188 0.197266
vt 0.772461 0.197266
vt 0.802734 0.197266
vt 0.833008 0.197266
vt 0.863281 0.197266
vt 0.893555 0.197266
vt 0.923828 0.197266
vt 0.954102 0.197266
vt 0.984375 0.197266
vt 0.045898 0.227539
vt 0.015625 0.227539
vt 0.076172 0.227539
vt 0.106445 0.227539
vt 0.136719 0.227539
vt 0.166992 0.227539
vt 0.197266 0.227539
vt 0.227539 0.227539
vt 0.257812 0.227539
vt 0.288086 0.227539
vt 0.318359 0.227539
vt 0.348633 0.227539
vt 0.378906 0.227539
vt 0.409180 0.227539
vt 0.439453 0.227539
vt 0.469727 0.227539
vt 0.500000 0.227539
vt 0.530273 0.227539
vt 0.560547 0.227539
vt 0.590820 0.227539
vt 0.621094 0.227539
vt 0.651367 0.227539
vt 0.681641 0.227539
vt 0.711914 0.227539
vt 0.742188 0.227539
vt 0.772461 0.227539
vt 0.802734 0.227539
vt 0.833008 0.227539
vt 0.863281 0.227539
vt 0.893555 0.227539
vt 0.923828 0.227539
vt 0.954102 0.227539
vt 0.984375 0.227539
vt 0.045898 0.257812
vt 0.015625 0.257812
vt 0.076172 0.257812
vt 0.106445 0.257812
vt 0.136719 0.257812
vt 0.166992 0.257812
vt 0.197266 0.257812
vt 0.227539 0.257812
vt 0.257812 0.257812
vt 0.288086 0.257812
vt 0.318359 0.257812
vt 0.348633 0.257812
vt 0.378906 0.257812
vt 0.409180 0.257812
vt 0.439453 0.257812
vt 0.469727 0.257812
vt 0.500000 0.257812
vt 0.530273 0.257812
vt 0.560547 0.257812
vt 0.590820 0.257812
vt 0.621094 0.257812
vt 0.651367 0.257812
vt 0.681641 0.257812
vt 0.711914 0.257812
vt 0.742188 0.257812
vt 0.772461 0.257812
vt 0.802734 0.257812
vt 0.833008 0.257812
vt 0.863281 0.257812
vt 0.893555 0.257812
vt 0.923828 0.257812
vt 0.954102 0.257812
vt 0.984375 0.257812
vt 0.045898 0.288086
vt 0.015625 0.288086
vt 0.076172 0.288086
vt 0.106445 0.288086
vt 0.136719 0.288086
vt 0.166992 0.288086
vt 0.197266 0.288086
vt 0.227539 0.288086
vt 0.257812 0.288086
vt 0.288086 0.288086
vt 0.318359 0.288086
vt 0.348633 0.288086
vt 0.378906 0.288086
vt 0.409180 0.288086
vt 0.439453 0.288086
vt 0.469727 0.288086
vt 0.500000 0.288086
vt 0.530273 0.288086
vt 0.560547 0.288086
vt 0.590820 0.288086
vt 0.621094 0.288086
vt 0.651367 0.288086
vt 0.681641 0.288086
vt 0.711914 0.288086
vt 0.742188 0.288086
vt 0.772461 0.288086
vt 0.802734 0.288086
vt 0.833008 0.288086
vt 0.863281 0.288086
vt 0.893555 0.288086
vt 0.923828 0.288086
vt 0.954102 0.288086
vt 0.984375 0.288086
vt 0.045898 0.318359
vt 0.015625 0.318359
vt 0.076172 0.318359
vt 0.106445 0.318359
vt 0.136719 0.318359
vt 0.166992 0.318359
vt 0.197266 0.318359
vt 0.227539 0.318359
vt 0.257812 0.318359
vt 0.288086 0.318359
vt 0.318359 0.318359
vt 0.348633 0.318359
vt 0.378906 0.318359
vt 0.409180 0.318359
vt 0.439453 0.318359
vt 0.469727 0.318359
vt 0.500000 0.318359
vt 0.530273 0.318359
vt 0.560547 0.318359
vt 0.590820 0.318359
vt 0.621094 0.318359
vt 0.651367 0.318359
vt 0.681641 0.318359
vt 0.711914 0.318359
vt 0.742188 0.318359
vt 0.772461 0.318359
vt 0.802734 0.318359
vt 0.833008 0.318359
vt 0.863281 0.318359
vt 0.893555 0.318359
vt 0.923828 0.318359
vt 0.954102 0.318359
vt 0.984375 0.318359
vt 0.045898 0.348633
vt 0.015625 0.348633
vt 0.076172 0.348633
vt 0.106445 0.348633
vt 0.136719 0.348633
vt 0.166992 0.348633
vt 0.197266 0.348633
vt 0.227539 0.348633
vt 0.257812 0.348633
vt 0.288086 0.348633
vt 0.318359 0.348633
vt 0.348633 0.348633
vt 0.378906 0.348633
vt 0.409180 0.348633
vt 0.439453 0.348633
vt 0.469727 0.348633
vt 0.500000 0.348633
vt 0.530273 0.348633
vt 0.560547 0.348633
vt 0.590820 0.348633
vt 0.621094 0.348633
vt 0.651367 0.348633
vt 0.681641 0.348633
vt 0.711914 0.348633
vt 0.742188 0.348633
vt 0.772461 0.348633
vt 0.802734 0.348633
vt 0.833008 0.348633
vt 0.863281 0.348633
vt 0.893555 0.348633
vt 0.923828 0.348633
vt 0.954102 0.348633
vt 0.984375 0.348633
vt 0.045898 0.378906
vt 0.015625 0.378906
vt 0.076172 0.378906
vt 0.106445 0.378906
vt 0.136719 0.378906
vt 0.166992 0.378906
vt 0.197266 0.378906
vt 0.227539 0.378906
vt 0.257812 0.378906
vt 0.288086 0.378906
vt 0.318359 0.378906
vt 0.348633 0.378906
vt 0.378906 0.378906
vt 0.409180 0.378906
vt 0.439453 0.378906
vt 0.469727 0.378906
vt 0.500000 0.378906
vt 0.530273 0.378906
vt 0.560547 0.378906
vt 0.590820 0.378906
vt 0.621094 0.378906
vt 0.651367 0.378906
vt 0.681641 0.378906
vt 0.711914 0.378906
vt 0.742188 0.378906
vt 0.772461 0.378906
vt 0.802734 0.378906
vt 0.833008 0.378906
vt 0.863281 0.378906
vt 0.893555 0.378906
vt 0.923828 0.378906
vt 0.954102 0.378906
vt 0.984375 0.378906
vt 0.045898 0.409180
vt 0.015625 0.409180
vt 0.076172 0.409180
vt 0.106445 0.409180
vt 0.136719 0.409180
vt 0.166992 0.409180
vt 0.197266 0.409180
vt 0.227539 0.409180
vt 0.257812 0.409180
vt 0.288086 0.409180
vt 0.318359 0.409180
vt 0.348633 0.409180
vt 0.378906 0.409180
vt 0.409180 0.409180
vt 0.439453 0.409180
vt 0.469727 0.409180
vt 0.500000 0.409180
vt 0.530273 0.409180
vt 0.560547 0.409180
vt 0.590820 0.409180
vt 0.621094 0.409180
vt 0.651367 0.409180
vt 0.681641 0.409180
vt 0.711914 0.409180
vt 0.742188 0.409180
vt 0.772461 0.409180
vt 0.802734 0.409180
vt 0.833008 0.409180
vt 0.863281 0.409180
vt 0.893555 0.409180
vt 0.923828 0.409180
vt 0.954102 0.409180
vt 0.984375 0.409180
vt 0.045898 0.439453
vt 0.015625 0.439453
vt 0.076172 0.439453
vt 0.106445 0.439453
vt 0.136719 0.439453
vt 0.166992 0.439453
vt 0.197266 0.439453
vt 0.227539 0.439453
vt 0.257812 0.439453
vt 0.288086 0.439453
vt 0.318359 0.439453
vt 0.348633 0.439453
vt 0.378906 0.439453
vt 0.409180 0.439453
vt 0.439453 0.439453
vt 0.469727 0.439453
vt 0.500000 0.439453
vt 0.530273 0.439453
vt 0.560547 0.439453
vt 0.590820 0.439453
vt 0.621094 0.439453
vt 0.651367 0.439453
vt 0.681641 0.439453
vt 0.711914 0.439453
vt 0.742188 0.439453
vt 0.772461 0.439453
vt 0.802734 0.439453
vt 0.833008 0.439453
vt 0.863281 0.439453
vt 0.893555 0.439453
vt 0.923828 0.439453
vt 0.954102 0.439453
vt 0.984375 0.439453
vt 0.045898 0.469727
vt 0.015625 0.469727
vt 0.076172 0.469727
vt 0.106445 0.469727
vt 0.136719 0.469727
vt 0.166992 0.469727
vt 0.197266 0.469727
vt 0.227539 0.469727
vt 0.257812 0.469727
vt 0.288086 0.469727
vt 0.318359 0.469727
vt 0.348633 0.469727
vt 0.378906 0.469727
vt 0.409180 0.469727
vt 0.439453 0.469727
vt 0.469727 0.469727
vt 0.500000 0.469727
vt 0.530273 0.469727
vt 0.560547 0.469727
vt 0.590820 0.469727
vt 0.621094 0.469727
vt 0.651367 0.469727
vt 0.681641 0.469727
vt 0.711914 0.469727
vt 0.742188 0.469727
vt 0.772461 0.469727
vt 0.802734 0.469727
vt 0.833008 0.469727
vt 0.863281 0.469727
vt 0.893555 0.469727
vt 0.923828 0.469727
vt 0.954102 0.469727
vt 0.984375 0.469727
vt 0.045898 0.500000
vt 0.015625 0.500000
vt 0.076172 0.500000
vt 0.106445 0.500000
vt 0.136719 0.500000
vt 0.166992 0.500000
vt 0.197266 0.500000
vt 0.227539 0.500000
vt 0.257812 0.500000
vt 0.288086 0.500000
vt 0.318359 0.500000
vt 0.348633 0.500000
vt 0.378906 0.500000
vt 0.409180 0.500000
vt 0.439453 0.500000
vt 0.469727 0.500000
vt 0.500000 0.500000
vt 0.530273 0.500000
vt 0.560547 0.500000
vt 0.590820 0.500000
vt 0.621094 0.500000
vt 0.651367 0.500000
vt 0.681641 0.500000
vt 0.711914 0.500000
vt 0.742188 0.500000
vt 0.772461 0.500000
vt 0.802734 0.500000
vt 0.833008 0.500000
vt 0.863281 0.500000
vt 0.893555 0.500000
vt 0.923828 0.500000
vt 0.954102 0.500000
vt 0.984375 0.500000
vt 0.045898 0.530273
vt 0.015625 0.530273
vt 0.076172 0.530273
vt 0.106445 0.530273
vt 0.136719 0.530273
vt 0.166992 0.530273
vt 0.197266 0.530273
vt 0.227539 0.530273
vt 0.257812 0.530273
vt 0.288086 0.530273
vt 0.318359 0.530273
vt 0.348633 0.530273
vt 0.378906 0.530273
vt 0.409180 0.530273
vt 0.439453 0.530273
vt 0.469727 0.530273
vt 0.500000 0.530273
vt 0.530273 0.530273
vt 0.560547 0.530273
vt 0.590820 0.530273
vt 0.621094 0.530273
vt 0.651367 0.530273
vt 0.681641 0.530273
vt 0.711914 0.530273
vt 0.742188 0.530273
vt 0.772461 0.530273
vt 0.802734 0.530273
vt 0.833008 0.530273
vt 0.863281 0.530273
vt 0.893555 0.530273
vt 0.923828 0.530273
vt 0.954102 0.530273
vt 0.984375 0.530273
vt 0.045898 0.560547
vt 0.015625 0.560547
vt 0.076172 0.560547
vt 0.106445 0.560547
vt 0.136719 0.560547
vt 0.166992 0.560547
vt 0.197266 0.560547
vt 0.227539 0.560547
vt 0.257812 0.560547
vt 0.288086 0.560547
vt 0.318359 0.560547
vt 0.348633 0.560547
vt 0.378906 0.560547
vt 0.409180 0.560547
vt 0.439453 0.560547
vt 0.469727 0.560547
vt 0.500000 0.560547
vt 0.530273 0.560547
vt 0.560547 0.560547
vt 0.590820 0.560547
vt 0.621094 0.560547
vt 0.651367 0.560547
vt 0.681641 0.560547
vt 0.711914 0.560547
vt 0.742188 0.560547
vt 0.772461 0.560547
vt 0.802734 0.560547
vt 0.833008 0.560547
vt 0.863281 0.560547
vt 0.893555 0.560547
vt 0.923828 0.560547
vt 0.954102 0.560547
vt 0.984375 0.560547
vt 0.045898 0.590820
vt 0.015625 0.590820
vt 0.076172 0.590820
vt 0.106445 0.590820
vt 0.136719 0.590820
vt 0.166992 0.590820
vt 0.197266 0.590820
vt 0.227539 0.590820
vt 0.257812 0.590820
vt 0.288086 0.590820
vt 0.318359 0.590820
vt 0.348633 0.590820
vt 0.378906 0.590820
vt 0.409180 0.590820
vt 0.439453 0.590820
vt 0.469727 0.590820
vt 0.500000 0.590820
vt 0.530273 0.590820
vt 0.560547 0.590820
vt 0.590820 0.590820
vt 0.621094 0.590820
vt 0.651367 0.590820
vt 0.681641 0.590820
vt 0.711914 0.590820
vt 0.742188 0.590820
vt 0.772461 0.590820
vt 0.802734 0.590820
vt 0.833008 0.590820
vt 0.863281 0.590820
vt 0.893555 0.590820
vt 0.923828 0.590820
vt 0.954102 0.590820
vt 0.984375 0.590820
vt 0.045898 0.621094
vt 0.015625 0.621094
vt 0.076172 0.621094
vt 0.106445 0.621094
vt 0.136719 0.621094
vt 0.166992 0.621094
vt 0.197266 0.621094
vt 0.227539 0.621094
vt 0.257812 0.621094
vt 0.288086 0.621094
vt 0.318359 0.621094
vt 0.348633 0.621094
vt 0.378906 0.621094
vt 0.409180 0.621094
vt 0.439453 0.621094
vt 0.469727 0.621094
vt 0.500000 0.621094
vt 0.530273 0.621094
vt 0.560547 0.621094
vt 0.590820 0.621094
vt 0.621094 0.621094
vt 0.651367 0.621094
vt 0.681641 0.621094
vt 0.711914 0.621094
vt 0.742188 0.621094
vt 0.772461 0.621094
vt 0.802734 0.621094
vt 0.833008 0.621094
vt 0.863281 0.621094
vt 0.893555 0.621094
vt 0.923828 0.621094
vt 0.954102 0.621094
vt 0.984375 0.621094
vt 0.045898 0.651367
vt 0.015625 0.651367
vt 0.076172 0.651367
vt 0.106445 0.651367
vt 0.136719 0.651367
vt 0.166992 0.651367
vt 0.197266 0.651367
vt 0.227539 0.651367
vt 0.257812 0.651367
vt 0.288086 0.651367
vt 0.318359 0.651367
vt 0.348633 0.651367
vt 0.378906 0.651367
vt 0.409180 0.651367
vt 0.439453 0.651367
vt 0.469727 0.651367
vt 0.500000 0.651367
vt 0.530273 0.651367
vt 0.560547 0.651367
vt 0.590820 0.651367
vt 0.621094 0.651367
vt 0.651367 0.651367
vt 0.681641 0.651367
vt 0.711914 0.651367
vt 0.742188 0.651367
vt 0.772461 0.651367
vt 0.802734 0.651367
vt 0.833008 0.651367
vt 0.863281 0.651367
vt 0.893555 0.651367
vt 0.923828 0.651367
vt 0.954102 0.651367
vt 0.984375 0.651367
vt 0.045898 0.681641
vt 0.015625 0.681641
vt 0.076172 0.681641
vt 0.106445 0.681641
vt 0.136719 0.681641
vt 0.166992 0.681641
vt 0.197266 0.681641
vt 0.227539 0.681641
vt 0.257812 0.681641
vt 0.288086 0.681641
vt 0.318359 0.681641
vt 0.348633 0.681641
vt 0.378906 0.681641
vt 0.409180 0.681641
vt 0.439453 0.681641
vt 0.469727 0.681641
vt 0.500000 0.681641
vt 0.530273 0.681641
vt 0.560547 0.681641
vt 0.590820 0.681641
vt 0.621094 0.681641
vt 0.651367 0.681641
vt 0.681641 0.681641
vt 0.711914 0.681641
vt 0.742188 0.681641
vt 0.772461 0.681641
vt 0.802734 0.681641
vt 0.833008 0.681641
vt 0.863281 0.681641
vt 0.893555 0.681641
vt 0.923828 0.681641
vt 0.954102 0.681641
vt 0.984375 0.681641
vt 0.045898 0.711914
vt 0.015625 0.711914
vt 0.076172 0.711914
vt 0.106445 0.711914
vt 0.136719 0.711914
vt 0.166992 0.711914
vt 0.197266 0.711914
vt 0.227539 0.711914
vt 0.257812 0.711914
vt 0.288086 0.711914
vt 0.318359 0.711914
vt 0.348633 0.711914
vt 0.378906 0.711914
vt 0.409180 0.711914
vt 0.439453 0.711914
vt 0.469727 0.711914
vt 0.500000 0.711914
vt 0.530273 0.711914
vt 0.560547 0.711914
vt 0.590820 0.711914
vt 0.621094 0.711914
vt 0.651367 0.711914
vt 0.681641 0.711914
vt 0.711914 0.711914
vt 0.742188 0.711914
vt 0.772461 0.711914
vt 0.802734 0.711914
vt 0.833008 0.711914
vt 0.863281 0.711914
vt 0.893555 0.711914
vt 0.923828 0.711914
vt 0.954102 0.711914
vt 0.984375 0.711914
vt 0.045898 0.742188
vt 0.015625 0.742188
vt 0.076172 0.742188
vt 0.106445 0.742188
vt 0.136719 0.742188
vt 0.166992 0.742188
vt 0.197266 0.742188
vt 0.227539 0.742188
vt 0.257812 0.742188
vt 0.288086 0.742188
vt 0.318359 0.742188
vt 0.348633 0.742188
vt 0.378906 0.742188
vt 0.409180 0.742188
vt 0.439453 0.742188
vt 0.469727 0.742188
vt 0.500000 0.742188
vt 0.530273 0.742188
vt 0.560547 0.742188
vt 0.590820 0.742188
vt 0.621094 0.742188
vt 0.651367 0.742188
vt 0.681641 0.742188
vt 0.711914 0.742188
vt 0.742188 0.742188
vt 0.772461 0.742188
vt 0.802734 0.742188
vt 0.833008 0.742188
vt 0.863281 0.742188
vt 0.893555 0.742188
vt 0.923828 0.742188
vt 0.954102 0.742188
vt 0.984375 0.742188
vt 0.045898 0.772461
vt 0.015625 0.772461
vt 0.076172 0.772461
vt 0.106445 0.772461
vt 0.136719 0.772461
vt 0.166992 0.772461
vt 0.197266 0.772461
vt 0.227539 0.772461
vt 0.257812 0.772461
vt 0.288086 0.772461
vt 0.318359 0.772461
vt 0.348633 0.772461
vt 0.378906 0.772461
vt 0.409180 0.772461
vt 0.439453 0.772461
vt 0.469727 0.772461
vt 0.500000 0.772461
vt 0.530273 0.772461
vt 0.560547 0.772461
vt 0.590820 0.772461
vt 0.621094 0.772461
vt 0.651367 0.772461
vt 0.681641 0.772461
vt 0.711914 0.772461
vt 0.742188 0.772461
vt 0.772461 0.772461
vt 0.802734 0.772461
vt 0.833008 0.772461
vt 0.863281 0.772461
vt 0.893555 0.772461
vt 0.923828 0.772461
vt 0.954102 0.772461
vt 0.984375 0.772461
vt 0.045898 0.802734
vt 0.015625 0.802734
vt 0.076172 0.802734
vt 0.106445 0.802734
vt 0.136719 0.802734
vt 0.166992 0.802734
vt 0.197266 0.802734
vt 0.227539 0.802734
vt 0.257812 0.802734
vt 0.288086 0.802734
vt 0.318359 0.802734
vt 0.348633 0.802734
vt 0.378906 0.802734
vt 0.409180 0.802734
vt 0.439453 0.802734
vt 0.469727 0.802734
vt 0.500000 0.802734
vt 0.530273 0.802734
vt 0.560547 0.802734
vt 0.590820 0.802734
vt 0.621094 0.802734
vt 0.651367 0.802734
vt 0.681641 0.802734
vt 0.711914 0.802734
vt 0.742188 0.802734
vt 0.772461 0.802734
vt 0.802734 0.802734
vt 0.833008 0.802734
vt 0.863281 0.802734
vt 0.893555 0.802734
vt 0.923828 0.802734
vt 0.954102 0.802734
vt 0.984375 0.802734
vt 0.045898 0.833008
vt 0.015625 0.833008
vt 0.076172 0.833008
vt 0.106445 0.833008
vt 0.136719 0.833008
vt 0.166992 0.833008
vt 0.197266 0.833008
vt 0.227539 0.833008
vt 0.257812 0.833008
vt 0.288086 0.833008
vt 0.318359 0.833008
vt 0.348633 0.833008
vt 0.378906 0.833008
vt 0.409180 0.833008
vt 0.439453 0.833008
vt 0.469727 0.833008
vt 0.500000 0.833008
vt 0.530273 0.833008
vt 0.560547 0.833008
vt 0.590820 0.833008
vt 0.621094 0.833008
vt 0.651367 0.833008
vt 0.681641 0.833008
vt 0.711914 0.833008
vt 0.742188 0.833008
vt 0.772461 0.833008
vt 0.802734 0.833008
vt 0.833008 0.833008
vt 0.863281 0.833008
vt 0.893555 0.833008
vt 0.923828 0.833008
vt 0.954102 0.833008
vt 0.984375 0.833008
vt 0.045898 0.863281
vt 0.015625 0.863281
vt 0.076172 0.863281
vt 0.106445 0.863281
vt 0.136719 0.863281
vt 0.166992 0.863281
vt 0.197266 0.863281
vt 0.227539 0.863281
vt 0.257812 0.863281
vt 0.288086 0.863281
vt 0.318359 0.863281
vt 0.348633 0.863281
vt 0.378906 0.863281
vt 0.409180 0.863281
vt 0.439453 0.863281
vt 0.469727 0.863281
vt 0.500000 0.863281
vt 0.530273 0.863281
vt 0.560547 0.863281
vt 0.590820 0.863281
vt 0.621094 0.863281
vt 0.651367 0.863281
vt 0.681641 0.863281
vt 0.711914 0.863281
vt 0.742188 0.863281
vt 0.772461 0.863281
vt 0.802734 0.863281
vt 0.833008 0.863281
vt 0.863281 0.863281
vt 0.893555 0.863281
vt 0.923828 0.863281
vt 0.954102 0.863281
vt 0.984375 0.863281
vt 0.045898 0.893555
vt 0.015625 0.893555
vt 0.076172 0.893555
vt 0.106445 0.893555
vt 0.136719 0.893555
vt 0.166992 0.893555
vt 0.197266 0.893555
vt 0.227539 0.893555
vt 0.257812 0.893555
vt 0.288086 0.893555
vt 0.318359 0.893555
vt 0.348633 0.893555
vt 0.378906 0.893555
vt 0.409180 0.893555
vt 0.439453 0.893555
vt 0.469727 0.893555
vt 0.500000 0.893555
vt 0.530273 0.893555
vt 0.560547 0.893555
vt 0.590820 0.893555
vt 0.621094 0.893555
vt 0.651367 0.893555
vt 0.681641 0.893555
vt 0.711914 0.893555
vt 0.742188 0.893555
vt 0.772461 0.893555
vt 0.802734 0.893555
vt 0.833008 0.893555
vt 0.863281 0.893555
vt 0.893555 0.893555
vt 0.923828 0.893555
vt 0.954102 0.893555
vt 0.984375 0.893555
vt 0.045898 0.923828
vt 0.015625 0.923828
vt 0.076172 0.923828
vt 0.106445 0.923828
vt 0.136719 0.923828
vt 0.166992 0.923828
vt 0.197266 0.923828
vt 0.227539 0.923828
vt 0.257812 0.923828
vt 0.288086 0.923828
vt 0.318359 0.923828
vt 0.348633 0.923828
vt 0.378906 0.923828
vt 0.409180 0.923828
vt 0.439453 0.923828
vt 0.469727 0.923828
vt 0.500000 0.923828
vt 0.530273 0.923828
vt 0.560547 0.923828
vt 0.590820 0.923828
vt 0.621094 0.923828
vt 0.651367 0.923828
vt 0.681641 0.923828
vt 0.711914 0.923828
vt 0.742188 0.923828
vt 0.772461 0.923828
vt 0.802734 0.923828
vt 0.833008 0.923828
vt 0.863281 0.923828
vt 0.893555 0.923828
vt 0.923828 0.923828
vt 0.954102 0.923828
vt 0.984375 0.923828
vt 0.045898 0.954102
vt 0.015625 0.954102
vt 0.076172 0.954102
vt 0.106445 0.954102
vt 0.136719 0.954102
vt 0.166992 0.954102
vt 0.197266 0.954102
vt 0.227539 0.954102
vt 0.257812 0.954102
vt 0.288086 0.954102
vt 0.318359 0.954102
vt 0.348633 0.954102
vt 0.378906 0.954102
vt 0.409180 0.954102
vt 0.439453 0.954102
vt 0.469727 0.954102
vt 0.500000 0.954102
vt 0.530273 0.954102
vt 0.560547 0.954102
vt 0.590820 0.954102
vt 0.621094 0.954102
vt 0.651367 0.954102
vt 0.681641 0.954102
vt 0.711914 0.954102
vt 0.742188 0.954102
vt 0.772461 0.954102
vt 0.802734 0.954102
vt 0.833008 0.954102
vt 0.863281 0.954102
vt 0.893555 0.954102
vt 0.923828 0.954102
vt 0.954102 0.954102
vt 0.984375 0.954102
vt 0.045898 0.984375
vt 0.015625 0.984375
vt 0.076172 0.984375
vt 0.106445 0.984375
vt 0.136719 0.984375
vt 0.166992 0.984375
vt 0.197266 0.984375
vt 0.227539 0.984375
vt 0.257812 0.984375
vt 0.288086 0.984375
vt 0.318359 0.984375
vt 0.348633 0.984375
vt 0.378906 0.984375
vt 0.409180 0.984375
vt 0.439453 0.984375
vt 0.469727 0.984375
vt 0.500000 0.984375
vt 0.530273 0.984375
vt 0.560547 0.984375
vt 0.590820 0.984375
vt 0.621094 0.984375
vt 0.651367 0.984375
vt 0.681641 0.984375
vt 0.711914 0.984375
vt 0.742188 0.984375
vt 0.772461 0.984375
vt 0.802734 0.984375
vt 0.833008 0.984375
vt 0.863281 0.984375
vt 0.893555 0.984375
vt 0.923828 0.984375
vt 0.954102 0.984375
vt 0.984375 0.984375
s 1
f 1/1/1 2/2/2 35/3/3
f 1/1/1 35/3/3 34/4/4
f 2/2/2 3/5/5 36/6/6
f 2/2/2 36/6/6 35/3/3
f 3/5/5 4/7/7 37/8/8
f 3/5/5 37/8/8 36/6/6
f 4/7/7 5/9/9 38/10/10
f 4/7/7 38/10/10 37/8/8
f 5/9/9 6/11/11 39/12/12
f 5/9/9 39/12/12 38/10/10
f 6/11/11 7/13/13 40/14/14
f 6/11/11 40/14/14 39/12/12
f 7/13/13 8/15/15 41/16/16
f 7/13/13 41/16/16 40/14/14
f 8/15/15 9/17/17 42/18/18
f 8/15/15 42/18/18 41/16/16
f 9/17/17 10/19/19 43/20/20
f 9/17/17 43/20/20 42/18/18
f 10/19/19 11/21/21 44/22/22
f 10/19/19 44/22/22 43/20/20
f 11/21/21 12/23/23 45/24/24
f 11/21/21 45/24/24 44/22/22
f 12/23/23 13/25/25 46/26/26
f 12/23/23 46/26/26 45/24/24
f 13/25/25 14/27/27 47/28/28
f 13/25/25 47/28/28 46/26/26
f 14/27/27 15/29/29 48/30/30
f 14/27/27 48/30/30 47/28/28
f 15/29/29 16/31/31 49/32/32
f 15/29/29 49/32/32 48/30/30
f 16/31/31 17/33/33 50/34/34
f 16/31/31 50/34/34 49/32/32
f 17/33/33 18/35/35 51/36/36
f 17/33/33 51/36/36 50/34/34
f 18/35/35 19/37/37 52/38/38
f 18/35/35 52/38/38 51/36/36
f 19/37/37 20/39/39 53/40/40
f 19/37/37 53/40/40 52/38/38
f 20/39/39 21/41/41 54/42/42
f 20/39/39 54/42/42 53/40/40
f 21/41/41 22/43/43 55/44/44
f 21/41/41 55/44/44 54/42/42
f 22/43/43 23/45/45 56/46/46
f 22/43/43 56/46/46 55/44/44
f 23/45/45 24/47/47 57/48/48
f 23/45/45 57/48/48 56/46/46
f 24/47/47 25/49/49 58/50/50
f 24/47/47 58/50/50 57/48/48
f 25/49/49 26/51/51 59/52/52
f 25/49/49 59/52/52 58/50/50
f 26/51/51 27/53/53 60/54/54
f 26/51/51 60/54/54 59/52/52
f 27/53/53 28/55/55 61/56/56
f 27/53/53 61/56/56 60/54/54
f 28/55/55 29/57/57 62/58/58
f 28/55/55 62/58/58 61/56/56
f 29/57/57 30/59/59 63/60/60
f 29/57/57 63/60/60 62/58/58
f 30/59/59 31/61/61 64/62/62
f 30/59/59 64/62/62 63/60/60
f 31/61/61 32/63/63 65/64/64
f 31/61/61 65/64/64 64/62/62
f 32/63/63 33/65/65 66/66/66
f 32/63/63 66/66/66 65/64/64
f 34/4/4 35/3/3 68/67/67
f 34/4/4 68/67/67 67/68/68
f 35/3/3 36/6/6 69/69/69
f 35/3/3 69/69/69 68/67/67
f 36/6/6 37/8/8 70/70/70
f 36/6/6 70/70/70 69/69/69
f 37/8/8 38/10/10 71/71/71
f 37/8/8 71/71/71 70/70/70
f 38/10/10 39/12/12 72/72/72
f 38/10/10 72/72/72 71/71/71
f 39/12/12 40/14/14 73/73/73
f 39/12/12 73/73/73 72/72/72
f 40/14/14 41/16/16 74/74/74
f 40/14/14 74/74/74 73/73/73
f 41/16/16 42/18/18 75/75/75
f 41/16/16 75/75/75 74/74/74
f 42/18/18 43/20/20 76/76/76
f 42/18/18 76/76/76 75/75/75
f 43/20/20 44/22/22 77/77/77
f 43/20/20 77/77/77 76/76/76
f 44/22/22 45/24/24 78/78/78
f 44/22/22 78/78/78 77/77/77
f 45/24/24 46/26/26 79/79/79
f 45/24/24 79/79/79 78/78/78
f 46/26/26 47/28/28 80/80/80
f 46/26/26 80/80/80 79/79/79
f 47/28/28 48/30/30 81/81/81
f 47/28/28 81/81/81 80/80/80
f 48/30/30 49/32/32 82/82/82
f 48/30/30 82/82/82 81/81/81
f 49/32/32 50/34/34 83/83/83
f 49/32/32 83/83/83 82/82/82
f 50/34/34 51/36/36 84/84/84
f 50/34/34 84/84/84 83/83/83
f 51/36/36 52/38/38 85/85/85
f 51/36/36 85/85/85 84/84/84
f 52/38/38 53/40/40 86/86/86
f 52/38/38 86/86/86 85/85/85
f 53/40/40 54/42/42 87/87/87
f 53/40/40 87/87/87 86/86/86
f 54/42/42 55/44/44 88/88/88
f 54/42/42 88/88/88 87/87/87
f 55/44/44 56/46/46 89/89/89
f 55/44/44 89/89/89 88/88/88
f 56/46/46 57/48/48 90/90/90
f 56/46/46 90/90/90 89/89/89
f 57/48/48 58/50/50 91/91/91
f 57/48/48 91/91/91 90/90/90
f 58/50/50 59/52/52 92/92/92
f 58/50/50 92/92/92 91/91/91
f 59/52/52 60/54/54 93/93/93
f 59/52/52 93/93/93 92/92/92
f 60/54/54 61/56/56 94/94/94
f 60/54/54 94/94/94 93/93/93
f 61/56/56 62/58/58 95/95/95
f 61/56/56 95/95/95 94/94/94
f 62/58/58 63/60/60 96/96/96
f 62/58/58 96/96/96 95/95/95
f 63/60/60 64/62/62 97/97/97
f 63/60/60 97/97/97 96/96/96
f 64/62/62 65/64/64 98/98/98
f 64/62/62 98/98/98 97/97/97
f 65/64/64 66/66/66 99/99/99
f 65/64/64 99/99/99 98/98/98
f 67/68/68 68/67/67 101/100/100
f 67/68/68 101/100/100 100/101/101
f 68/67/67 69/69/69 102/102/102
f 68/67/67 102/102/102 101/100/100
f 69/69/69 70/70/70 103/103/103
f 69/69/69 103/103/103 102/102/102
f 70/70/70 71/71/71 104/104/104
f 70/70/70 104/104/104 103/103/103
f 71/71/71 72/72/72 105/105/105
f 71/71/71 105/105/105 104/104/104
f 72/72/72 73/73/73 106/106/106
f 72/72/72 106/106/106 105/105/105
f 73/73/73 74/74/74 107/107/107
f 73/73/73 107/107/107 106/106/106
f 74/74/74 75/75/75 108/108/108
f 74/74/74 108/108/108 107/107/107
f 75/75/75 76/76/76 109/109/109
f 75/75/75 109/109/109 108/108/108
f 76/76/76 77/77/77 110/110/110
f 76/76/76 110/110/110 109/109/109
f 77/77/77 78/78/78 111/111/111
f 77/77/77 111/111/111 110/110/110
f 78/78/78 79/79/79 112/112/112
f 78/78/78 112/112/112 111/111/111
f 79/79/79 80/80/80 113/113/113
f 79/79/79 113/113/113 112/112/112
f 80/80/80 81/81/81 114/114/114
f 80/80/80 114/114/114 113/113/113
f 81/81/81 82/82/82 115/115/115
f 81/81/81 115/115/115 114/114/114
f 82/82/82 83/83/83 116/116/116
f 82/82/82 116/116/116 115/115/115
f 83/83/83 84/84/84 117/117/117
f 83/83/83 117/117/117 116/116/116
f 84/84/84 85/85/85 118/118/118
f 84/84/84 118/118/118 117/117/117
f 85/85/85 86/86/86 119/119/119
f 85/85/85 119/119/119 118/118/118
f 86/86/86 87/87/87 120/120/120
f 86/86/86 120/120/120 119/119/119
f 87/87/87 88/88/88 121/121/121
f 87/87/87 121/121/121 120/120/120
f 88/88/88 89/89/89 122/122/122
f 88/88/88 122/122/122 121/121/121
f 89/89/89 90/90/90 123/123/123
f 89/89/89 123/123/123 122/122/122
f 90/90/90 91/91/91 124/124/124
f 90/90/90 124/124/124 123/123/123
f 91/91/91 92/92/92 125/125/125
f 91/91/91 125/125/125 124/124/124
f 92/92/92 93/93/93 126/126/126
f 92/92/92 126/126/126 125/125/125
f 93/93/93 94/94/94 127/127/127
f 93/93/93 127/127/127 126/126/126
f 94/94/94 95/95/95 128/128/128
f 94/94/94 128/128/128 127/127/127
f 95/95/95 96/96/96 129/129/129
f 95/95/95 129/129/129 128/128/128
f 96/96/96 97/97/97 130/130/130
f 96/96/96 130/130/130 129/129/129
f 97/97/97 98/98/98 131/131/131
f 97/97/97 131/131/131 130/130/130
f 98/98/98 99/99/99 132/132/132
f 98/98/98 132/132/132 131/131/131
f 100/101/101 101/100/100 134/133/133
f 100/101/101 134/133/133 133/134/134
f 101/100/100 102/102/102 135/135/135
f 101/100/100 135/135/135 134/133/133
f 102/102/102 103/103/103 136/136/136
f 102/102/102 136/136/136 135/135/135
f 103/103/103 104/104/104 137/137/137
f 103/103/103 137/137/137 136/136/136
f 104/104/104 105/105/105 138/138/138
f 104/104/104 138/138/138 137/137/137
f 105/105/105 106/106/106 139/139/139
f 105/105/105 139/139/139 138/138/138
f 106/106/106 107/107/107 140/140/140
f 106/106/106 140/140/140 139/139/139
f 107/107/107 108/108/108 141/141/141
f 107/107/107 141/141/141 140/140/140
f 108/108/108 109/109/109 142/142/142
f 108/108/108 142/142/142 141/141/141
f 109/109/109 110/110/110 143/143/143
f 109/109/109 143/143/143 142/142/142
f 110/110/110 111/111/111 144/144/144
f 110/110/110 144/144/144 143/143/143
f 111/111/111 112/112/112 145/145/145
f 111/111/111 145/145/145 144/144/144
f 112/112/112 113/113/113 146/146/146
f 112/112/112 146/146/146 145/145/145
f 113/113/113 114/114/114 147/147/147
f 113/113/113 147/147/147 146/146/146
f 114/114/114 115/115/115 148/148/148
f 114/114/114 148/148/148 147/147/147
f 115/115/115 116/116/116 149/149/149
f 115/115/115 149/149/149 148/148/148
f 116/116/116 117/117/117 150/150/150
f 116/116/116 150/150/150 149/149/149
f 117/117/117 118/118/118 151/151/151
f 117/117/117 151/151/151 150/150/150
f 118/118/118 119/119/119 152/152/152
f 118/118/118 152/152/152 151/151/151
f 119/119/119 120/120/120 153/153/153
f 119/119/119 153/153/153 152/152/152
f 120/120/120 121/121/121 154/154/154
f 120/120/120 154/154/154 153/153/153
f 121/121/121 122/122/122 155/155/155
f 121/121/121 155/155/155 154/154/154
f 122/122/122 123/123/123 156/156/156
f 122/122/122 156/156/156 155/155/155
f 123/123/123 124/124/124 157/157/157
f 123/123/123 157/157/157 156/156/156
f 124/124/124 125/125/125 158/158/158
f 124/124/124 158/158/158 157/157/157
f 125/125/125 126/126/126 159/159/159
f 125/125/125 159/159/159 158/158/158
f 126/126/126 127/127/127 160/160/160
f 126/126/126 160/160/160 159/159/159
f 127/127/127 128/128/128 161/161/161
f 127/127/127 161/161/161 160/160/160
f 128/128/128 129/129/129 162/162/162
f 128/128/128 162/162/162 161/161/161
f 129/129/129 130/130/130 163/163/163
f 129/129/129 163/163/163 162/162/162
f 130/130/130 131/131/131 164/164/164
f 130/130/130 164/164/164 163/163/163
f 131/131/131 132/132/132 165/165/165
f 131/131/131 165/165/165 164/164/164
f 133/134/134 134/133/133 167/166/166
f 133/134/134 167/166/166 166/167/167
f 134/133/133 135/135/135 168/168/168
f 134/133/133 168/168/168 167/166/166
f 135/135/135 136/136/136 169/169/169
f 135/135/135 169/169/169 168/168/168
f 136/136/136 137/137/137 170/170/170
f 136/136/136 170/170/170 169/169/169
f 137/137/137 138/138/138 171/171/171
f 137/137/137 171/171/171 170/170/170
f 138/138/138 139/139/139 172/172/172
f 138/138/138 172/172/172 171/171/171
f 139/139/139 140/140/140 173/173/173
f 139/139/139 173/173/173 172/172/172
f 140/140/140 141/141/141 174/174/174
f 140/140/140 174/174/174 173/173/173
f 141/141/141 142/142/142 175/175/175
f 141/141/141 175/175/175 174/174/174
f 142/142/142 143/143/143 176/176/176
f 142/142/142 176/176/176 175/175/175
f 143/143/143 144/144/144 177/177/177
f 143/143/143 177/177/177 176/176/176
f 144/144/144 145/145/145 178/178/178
f 144/144/144 178/178/178 177/177/177
f 145/145/145 146/146/146 179/179/179
f 145/145/145 179/179/179 178/178/178
f 146/146/146 147/147/147 180/180/180
f 146/146/146 180/180/180 179/179/179
f 147/147/147 148/148/148 181/181/181
f 147/147/147 181/181/181 180/180/180
f 148/148/148 149/149/149 182/182/182
f 148/148/148 182/182/182 181/181/181
f 149/149/149 150/150/150 183/183/183
f 149/149/149 183/183/183 182/182/182
f 150/150/150 151/151/151 184/184/184
f 150/150/150 184/184/184 183/183/183
f 151/151/151 152/152/152 185/185/185
f 151/151/151 185/185/185 184/184/184
f 152/152/152 153/153/153 186/186/186
f 152/152/152 186/186/186 185/185/185
f 153/153/153 154/154/154 187/187/187
f 153/153/153 187/187/187 186/186/186
f 154/154/154 155/155/155 188/188/188
f 154/154/154 188/188/188 187/187/187
f 155/155/155 156/156/156 189/189/189
f 155/155/155 189/189/189 188/188/188
f 156/156/156 157/157/157 190/190/190
f 156/156/156 190/190/190 189/189/189
f 157/157/157 158/158/158 191/191/191
f 157/157/157 191/191/191 190/190/190
f 158/158/158 159/159/159 192/192/192
f 158/158/158 192/192/192 191/191/191
f 159/159/159 160/160/160 193/193/193
f 159/159/159 193/193/193 192/192/192
f 160/160/160 161/161/161 194/194/194
f 160/160/160 194/194/194 193/193/193
f 161/161/161 162/162/162 195/195/195
f 161/161/161 195/195/195 194/194/194
f 162/162/162 163/163/163 196/196/196
f 162/162/162 196/196/196 195/195/195
f 163/163/163 164/164/164 197/197/197
f 163/163/163 197/197/197 196/196/196
f 164/164/164 165/165/165 198/198/198
f 164/164/164 198/198/198 197/197/197
f 166/167/167 167/166/166 200/199/199
f 166/167/167 200/199/199 199/200/200
f 167/166/166 168/168/168 201/201/201
f 167/166/166 201/201/201 200/199/199
f 168/168/168 169/169/169 202/202/202
f 168/168/168 202/202/202 201/201/201
f 169/169/169 170/170/170 203/203/203
f 169/169/169 203/203/203 202/202/202
f 170/170/170 171/171/171 204/204/204
f 170/170/170 204/204/204 203/203/203
f 171/171/171 172/172/172 205/205/205
f 171/171/171 205/205/205 204/204/204
f 172/172/172 173/173/173 206/206/206
f 172/172/172 206/206/206 205/205/205
f 173/173/173 174/174/174 207/207/207
f 173/173/173 207/207/207 206/206/206
f 174/174/174 175/175/175 208/208/208
f 174/174/174 208/208/208 207/207/207
f 175/175/175 176/176/176 209/209/209
f 175/175/175 209/209/209 208/208/208
f 176/176/176 177/177/177 210/210/210
f 176/176/176 210/210/210 209/209/209
f 177/177/177 178/178/178 211/211/211
f 177/177/177 211/211/211 210/210/210
f 178/178/178 179/179/179 212/212/212
f 178/178/178 212/212/212 211/211/211
f 179/179/179 180/180/180 213/213/213
f 179/179/179 213/213/213 212/212/212
f 180/180/180 181/181/181 214/214/214
f 180/180/180 214/214/214 213/213/213
f 181/181/181 182/182/182 215/215/215
f 181/181/181 215/215/215 214/214/214
f 182/182/182 183/183/183 216/216/216
f 182/182/182 216/216/216 215/215/215
f 183/183/183 184/184/184 217/217/217
f 183/183/183 217/217/217 216/216/216
f 184/184/184 185/185/185 218/218/218
f 184/184/184 218/218/218 217/217/217
f 185/185/185 186/186/186 219/219/219
f 185/185/185 219/219/219 218/218/218
f 186/186/186 187/187/187 220/220/220
f 186/186/186 220/220/220 219/219/219
f 187/187/187 188/188/188 221/221/221
f 187/187/187 221/221/221 220/220/220
f 188/188/188 189/189/189 222/222/222
f 188/188/188 222/222/222 221/221/221
f 189/189/189 190/190/190 223/223/223
f 189/189/189 223/223/223 222/222/222
f 190/190/190 191/191/191 224/224/224
f 190/190/190 224/224/224 223/223/223
f 191/191/191 192/192/192 225/225/225
f 191/191/191 225/225/225 224/224/224
f 192/192/192 193/193/193 226/226/226
f 192/192/192 226/226/226 225/225/225
f 193/193/193 194/194/194 227/227/227
f 193/193/193 227/227/227 226/226/226
f 194/194/194 195/195/195 228/228/228
f 194/194/194 228/228/228 227/227/227
f 195/195/195 196/196/196 229/229/229
f 195/195/195 229/229/229 228/228/228
f 196/196/196 197/197/197 230/230/230
f 196/196/196 230/230/230 229/229/229
f 197/197/197 198/198/198 231/231/231
f 197/197/197 231/231/231 230/230/230
f 199/200/200 200/199/199 233/232/232
f 199/200/200 233/232/232 232/233/233
f 200/199/199 201/201/201 234/234/234
f 200/199/199 234/234/234 233/232/232
f 201/201/201 202/202/202 235/235/235
f 201/201/201 235/235/235 234/234/234
f 202/202/202 203/203/203 236/236/236
f 202/202/202 236/236/236 235/235/235
f 203/203/203 204/204/204 237/237/237
f 203/203/203 237/237/237 236/236/236
f 204/204/204 205/205/205 238/238/238
f 204/204/204 238/238/238 237/237/237
f 205/205/205 206/206/206 239/239/239
f 205/205/205 239/239/239 238/238/238
f 206/206/206 207/207/207 240/240/240
f 206/206/206 240/240/240 239/239/239
f 207/207/207 208/208/208 241/241/241
f 207/207/207 241/241/241 240/240/240
f 208/208/208 209/209/209 242/242/242
f 208/208/208 242/242/242 241/241/241
f 209/209/209 210/210/210 243/243/243
f 209/209/209 243/243/243 242/242/242
f 210/210/210 211/211/211 244/244/244
f 210/210/210 244/244/244 243/243/243
f 211/211/211 212/212/212 245/245/245
f 211/211/211 245/245/245 244/244/244
f 212/212/212 213/213/213 246/246/246
f 212/212/212 246/246/246 245/245/245
f 213/213/213 214/214/214 247/247/247
f 213/213/213 247/247/247 246/246/246
f 214/214/214 215/215/215 248/248/248
f 214/214/214 248/248/248 247/247/247
f 215/215/215 216/216/216 249/249/249
f 215/215/215 249/249/249 248/248/248
f 216/216/216 217/217/217 250/250/250
f 216/216/216 250/250/250 249/249/249
f 217/217/217 218/218/218 251/251/251
f 217/217/217 251/251/251 250/250/250
f 218/218/218 219/219/219 252/252/252
f 218/218/218 252/252/252 251/251/251
f 219/219/219 220/220/220 253/253/253
f 219/219/219 253/253/253 252/252/252
f 220/220/220 221/221/221 254/254/254
f 220/220/220 254/254/254 253/253/253
f 221/221/221 222/222/222 255/255/255
f 221/221/221 255/255/255 254/254/254
f 222/222/222 223/223/223 256/256/256
f 222/222/222 256/256/256 255/255/255
f 223/223/223 224/224/224 257/257/257
f 223/223/223 257/257/257 256/256/256
f 224/224/224 225/225/225 258/258/258
f 224/224/224 258/258/258 257/257/257
f 225/225/225 226/226/226 259/259/259
f 225/225/225 259/259/259 258/258/258
f 226/226/226 227/227/227 260/260/260
f 226/226/226 260/260/260 259/259/259
f 227/227/227 228/228/228 261/261/261
f 227/227/227 261/261/261 260/260/260
f 228/228/228 229/229/229 262/262/262
f 228/228/228 262/262/262 261/261/261
f 229/229/229 230/230/230 263/263/263
f 229/229/229 263/263/263 262/262/262
f 230/230/230 231/231/231 264/264/264
f 230/230/230 264/264/264 263/263/263
f 232/233/233 233/232/232 266/265/265
f 232/233/233 266/265/265 265/266/266
f 233/232/232 234/234/234 267/267/267
f 233/232/232 267/267/267 266/265/265
f 234/234/234 235/235/235 268/268/268
f 234/234/234 268/268/268 267/267/267
f 235/235/235 236/236/236 269/269/269
f 235/235/235 269/269/269 268/268/268
f 236/236/236 237/237/237 270/270/270
f 236/236/236 270/270/270 269/269/269
f 237/237/237 238/238/238 271/271/271
f 237/237/237 271/271/271 270/270/270
f 238/238/238 239/239/239 272/272/272
f 238/238/238 272/272/272 271/271/271
f 239/239/239 240/240/240 273/273/273
f 239/239/239 273/273/273 272/272/272
f 240/240/240 241/241/241 274/274/274
f 240/240/240 274/274/274 273/273/273
f 241/241/241 242/242/242 275/275/275
f 241/241/241 275/275/275 274/274/274
f 242/242/242 243/243/243 276/276/276
f 242/242/242 276/276/276 275/275/275
f 243/243/243 244/244/244 277/277/277
f 243/243/243 277/277/277 276/276/276
f 244/244/244 245/245/245 278/278/278
f 244/244/244 278/278/278 277/277/277
f 245/245/245 246/246/246 279/279/279
f 245/245/245 279/279/279 278/278/278
f 246/246/246 247/247/247 280/280/280
f 246/246/246 280/280/280 279/279/279
f 247/247/247 248/248/248 281/281/281
f 247/247/247 281/281/281 280/280/280
f 248/248/248 249/249/249 282/282/282
f 248/248/248 282/282/282 281/281/281
f 249/249/249 250/250/250 283/283/283
f 249/249/249 283/283/283 282/282/282
f 250/250/250 251/251/251 284/284/284
f 250/250/250 284/284/284 283/283/283
f 251/251/251 252/252/252 285/285/285
f 251/251/251 285/285/285 284/284/284
f 252/252/252 253/253/253 286/286/286
f 252/252/252 286/286/286 285/285/285
f 253/253/253 254/254/254 287/287/287
f 253/253/253 287/287/287 286/286/286
f 254/254/254 255/255/255 288/288/288
f 254/254/254 288/288/288 287/287/287
f 255/255/255 256/256/256 289/289/289
f 255/255/255 289/289/289 288/288/288
f 256/256/256 257/257/257 290/290/290
f 256/256/256 290/290/290 289/289/289
f 257/257/257 258/258/258 291/291/291
f 257/257/257 291/291/291 290/290/290
f 258/258/258 259/259/259 292/292/292
f 258/258/258 292/292/292 291/291/291
f 259/259/259 260/260/260 293/293/293
f 259/259/259 293/293/293 292/292/292
f 260/260/260 261/261/261 294/294/294
f 260/260/260 294/294/294 293/293/293
f 261/261/261 262/262/262 295/295/295
f 261/261/261 295/295/295 294/294/294
f 262/262/262 263/263/263 296/296/296
f 262/262/262 296/296/296 295/295/295
f 263/263/263 264/264/264 297/297/297
f 263/263/263 297/297/297 296/296/296
f 265/266/266 266/265/265 299/298/298
f 265/266/266 299/298/298 298/299/299
f 266/265/265 267/267/267 300/300/300
f 266/265/265 300/300/300 299/298/298
f 267/267/267 268/268/268 301/301/301
f 267/267/267 301/301/301 300/300/300
f 268/268/268 269/269/269 302/302/302
f 268/268/268 302/302/302 301/301/301
f 269/269/269 270/270/270 303/303/303
f 269/269/269 303/303/303 302/302/302
f 270/270/270 271/271/271 304/304/304
f 270/270/270 304/304/304 303/303/303
f 271/271/271 272/272/272 305/305/305
f 271/271/271 305/305/305 304/304/304
f 272/272/272 273/273/273 306/306/306
f 272/272/272 306/306/306 305/305/305
f 273/273/273 274/274/274 307/307/307
f 273/273/273 307/307/307 306/306/306
f 274/274/274 275/275/275 308/308/308
f 274/274/274 308/308/308 307/307/307
f 275/275/275 276/276/276 309/309/309
f 275/275/275 309/309/309 308/308/308
f 276/276/276 277/277/277 310/310/310
f 276/276/276 310/310/310 309/309/309
f 277/277/277 278/278/278 311/311/311
f 277/277/277 311/311/311 310/310/310
f 278/278/278 279/279/279 312/312/312
f 278/278/278 312/312/312 311/311/311
f 279/279/279 280/280/280 313/313/313
f 279/279/279 313/313/313 312/312/312
f 280/280/280 281/281/281 314/314/314
f 280/280/280 314/314/314 313/313/313
f 281/281/281 282/282/282 315/315/315
f 281/281/281 315/315/315 314/314/314
f 282/282/282 283/283/283 316/316/316
f 282/282/282 316/316/316 315/315/315
f 283/283/283 284/284/284 317/317/317
f 283/283/283 317/317/317 316/316/316
f 284/284/284 285/285/285 318/318/318
f 284/284/284 318/318/318 317/317/317
f 285/285/285 286/286/286 319/319/319
f 285/285/285 319/319/319 318/318/318
f 286/286/286 287/287/287 320/320/320
f 286/286/286 320/320/320 319/319/319
f 287/287/287 288/288/288 321/321/321
f 287/287/287 321/321/321 320/320/320
f 288/288/288 289/289/289 322/322/322
f 288/288/288 322/322/322 321/321/321
f 289/289/289 290/290/290 323/323/323
f 289/289/289 323/323/323 322/322/322
f 290/290/290 291/291/291 324/324/324
f 290/290/290 324/324/324 323/323/323
f 291/291/291 292/292/292 325/325/325
f 291/291/291 325/325/325 324/324/324
f 292/292/292 293/293/293 326/326/326
f 292/292/292 326/326/326 325/325/325
f 293/293/293 294/294/294 327/327/327
f 293/293/293 327/327/327 326/326/326
f 294/294/294 295/295/295 328/328/328
f 294/294/294 328/328/328 327/327/327
f 295/295/295 296/296/296 329/329/329
f 295/295/295 329/329/329 328/328/328
f 296/296/296 297/297/297 330/330/330
f 296/296/296 330/330/330 329/329/329
f 298/299/299 299/298/298 332/331/331
f 298/299/299 332/331/331 331/332/332
f 299/298/298 300/300/300 333/333/333
f 299/298/298 333/333/333 332/331/331
f 300/300/300 301/301/301 334/334/334
f 300/300/300 334/334/334 333/333/333
f 301/301/301 302/302/302 335/335/335
f 301/301/301 335/335/335 334/334/334
f 302/302/302 303/303/303 336/336/336
f 302/302/302 336/336/336 335/335/335
f 303/303/303 304/304/304 337/337/337
f 303/303/303 337/337/337 336/336/336
f 304/304/304 305/305/305 338/338/338
f 304/304/304 338/338/338 337/337/337
f 305/305/305 306/306/306 339/339/339
f 305/305/305 339/339/339 338/338/338
f 306/306/306 307/307/307 340/340/340
f 306/306/306 340/340/340 339/339/339
f 307/307/307 308/308/308 341/341/341
f 307/307/307 341/341/341 340/340/340
f 308/308/308 309/309/309 342/342/342
f 308/308/308 342/342/342 341/341/341
f 309/309/309 310/310/310 343/343/343
f 309/309/309 343/343/343 342/342/342
f 310/310/310 311/311/311 344/344/344
f 310/310/310 344/344/344 343/343/343
f 311/311/311 312/312/312 345/345/345
f 311/311/311 345/345/345 344/344/344
f 312/312/312 313/313/313 346/346/346
f 312/312/312 346/346/346 345/345/345
f 313/313/313 314/314/314 347/347/347
f 313/313/313 347/347/347 346/346/346
f 314/314/314 315/315/315 348/348/348
f 314/314/314 348/348/348 347/347/347
f 315/315/315 316/316/316 349/349/349
f 315/315/315 349/349/349 348/348/348
f 316/316/316 317/317/317 350/350/350
f 316/316/316 350/350/350 349/349/349
f 317/317/317 318/318/318 351/351/351
f 317/317/317 351/351/351 350/350/350
f 318/318/318 319/319/319 352/352/352
f 318/318/318 352/352/352 351/351/351
f 319/319/319 320/320/320 353/353/353
f 319/319/319 353/353/353 352/352/352
f 320/320/320 321/321/321 354/354/354
f 320/320/320 354/354/354 353/353/353
f 321/321/321 322/322/322 355/355/355
f 321/321/321 355/355/355 354/354/354
f 322/322/322 323/323/323 356/356/356
f 322/322/322 356/356/356 355/355/355
f 323/323/323 324/324/324 357/357/357
f 323/323/323 357/357/357 356/356/356
f 324/324/324 325/325/325 358/358/358
f 324/324/324 358/358/358 357/357/357
f 325/325/325 326/326/326 359/359/359
f 325/325/325 359/359/359 358/358/358
f 326/326/326 327/327/327 360/360/360
f 326/326/326 360/360/360 359/359/359
f 327/327/327 328/328/328 361/361/361
f 327/327/327 361/361/361 360/360/360
f 328/328/328 329/329/329 362/362/362
f 328/328/328 362/362/362 361/361/361
f 329/329/329 330/330/330 363/363/363
f 329/329/329 363/363/363 362/362/362
f 331/332/332 332/331/331 365/364/364
f 331/332/332 365/364/364 364/365/365
f 332/331/331 333/333/333 366/366/366
f 332/331/331 366/366/366 365/364/364
f 333/333/333 334/334/334 367/367/367
f 333/333/333 367/367/367 366/366/366
f 334/334/334 335/335/335 368/368/368
f 334/334/334 368/368/368 367/367/367
f 335/335/335 336/336/336 369/369/369
f 335/335/335 369/369/369 368/368/368
f 336/336/336 337/337/337 370/370/370
f 336/336/336 370/370/370 369/369/369
f 337/337/337 338/338/338 371/371/371
f 337/337/337 371/371/371 370/370/370
f 338/338/338 339/339/339 372/372/372
f 338/338/338 372/372/372 371/371/371
f 339/339/339 340/340/340 373/373/373
f 339/339/339 373/373/373 372/372/372
f 340/340/340 341/341/341 374/374/374
f 340/340/340 374/374/374 373/373/373
f 341/341/341 342/342/342 375/375/375
f 341/341/341 375/375/375 374/374/374
f 342/342/342 343/343/343 376/376/376
f 342/342/342 376/376/376 375/375/375
f 343/343/343 344/344/344 377/377/377
f 343/343/343 377/377/377 376/376/376
f 344/344/344 345/345/345 378/378/378
f 344/344/344 378/378/378 377/377/377
f 345/345/345 346/346/346 379/379/379
f 345/345/345 379/379/379 378/378/378
f 346/346/346 347/347/347 380/380/380
f 346/346/346 380/380/380 379/379/379
f 347/347/347 348/348/348 381/381/381
f 347/347/347 381/381/381 380/380/380
f 348/348/348 349/349/349 382/382/382
f 348/348/348 382/382/382 381/381/381
f 349/349/349 350/350/350 383/383/383
f 349/349/349 383/383/383 382/382/382
f 350/350/350 351/351/351 384/384/384
f 350/350/350 384/384/384 383/383/383
f 351/351/351 352/352/352 385/385/385
f 351/351/351 385/385/385 384/384/384
f 352/352/352 353/353/353 386/386/386
f 352/352/352 386/386/386 385/385/385
f 353/353/353 354/354/354 387/387/387
f 353/353/353 387/387/387 386/386/386
f 354/354/354 355/355/355 388/388/388
f 354/354/354 388/388/388 387/387/387
f 355/355/355 356/356/356 389/389/389
f 355/355/355 389/389/389 388/388/388
f 356/356/356 357/357/357 390/390/390
f 356/356/356 390/390/390 389/389/389
f 357/357/357 358/358/358 391/391/391
f 357/357/357 391/391/391 390/390/390
f 358/358/358 359/359/359 392/392/392
f 358/358/358 392/392/392 391/391/391
f 359/359/359 360/360/360 393/393/393
f 359/359/359 393/393/393 392/392/392
f 360/360/360 361/361/361 394/394/394
f 360/360/360 394/394/394 393/393/393
f 361/361/361 362/362/362 395/395/395
f 361/361/361 395/395/395 394/394/394
f 362/362/362 363/363/363 396/396/396
f 362/362/362 396/396/396 395/395/395
f 364/365/365 365/364/364 398/397/397
f 364/365/365 398/397/397 397/398/398
f 365/364/364 366/366/366 399/399/399
f 365/364/364 399/399/399 398/397/397
f 366/366/366 367/367/367 400/400/400
f 366/366/366 400/400/400 399/399/399
f 367/367/367 368/368/368 401/401/401
f 367/367/367 401/401/401 400/400/400
f 368/368/368 369/369/369 402/402/402
f 368/368/368 402/402/402 401/401/401
f 369/369/369 370/370/370 403/403/403
f 369/369/369 403/403/403 402/402/402
f 370/370/370 371/371/371 404/404/404
f 370/370/370 404/404/404 403/403/403
f 371/371/371 372/372/372 405/405/405
f 371/371/371 405/405/405 404/404/404
f 372/372/372 373/373/373 406/406/406
f 372/372/372 406/406/406 405/405/405
f 373/373/373 374/374/374 407/407/407
f 373/373/373 407/407/407 406/406/406
f 374/374/374 375/375/375 408/408/408
f 374/374/374 408/408/408 407/407/407
f 375/375/375 376/376/376 409/409/409
f 375/375/375 409/409/409 408/408/408
f 376/376/376 377/377/377 410/410/410
f 376/376/376 410/410/410 409/409/409
f 377/377/377 378/378/378 411/411/411
f 377/377/377 411/411/411 410/410/410
f 378/378/378 379/379/379 412/412/412
f 378/378/378 412/412/412 411/411/411
f 379/379/379 380/380/380 413/413/413
f 379/379/379 413/413/413 412/412/412
f 380/380/380 381/381/381 414/414/414
f 380/380/380 414/414/414 413/413/413
f 381/381/381 382/382/382 415/415/415
f 381/381/381 415/415/415 414/414/414
f 382/382/382 383/383/383 416/416/416
f 382/382/382 416/416/416 415/415/415
f 383/383/383 384/384/384 417/417/417
f 383/383/383 417/417/417 416/416/416
f 384/384/384 385/385/385 418/418/418
f 384/384/384 418/418/418 417/417/417
f 385/385/385 386/386/386 419/419/419
f 385/385/385 419/419/419 418/418/418
f 386/386/386 387/387/387 420/420/420
f 386/386/386 420/420/420 419/419/419
f 387/387/387 388/388/388 421/421/421
f 387/387/387 421/421/421 420/420/420
f 388/388/388 389/389/389 422/422/422
f 388/388/388 422/422/422 421/421/421
f 389/389/389 390/390/390 423/423/423
f 389/389/389 423/423/423 422/422/422
f 390/390/390 391/391/391 424/424/424
f 390/390/390 424/424/424 423/423/423
f 391/391/391 392/392/392 425/425/425
f 391/391/391 425/425/425 424/424/424
f 392/392/392 393/393/393 426/426/426
f 392/392/392 426/426/426 425/425/425
f 393/393/393 394/394/394 427/427/427
f 393/393/393 427/427/427 426/426/426
f 394/394/394 395/395/395 428/428/428
f 394/394/394 428/428/428 427/427/427
f 395/395/395 396/396/396 429/429/429
f 395/395/395 429/429/429 428/428/428
f 397/398/398 398/397/397 431/430/430
f 397/398/398 431/430/430 430/431/431
f 398/397/397 399/399/399 432/432/432
f 398/397/397 432/432/432 431/430/430
f 399/399/399 400/400/400 433/433/433
f 399/399/399 433/433/433 432/432/432
f 400/400/400 401/401/401 434/434/434
f 400/400/400 434/434/434 433/433/433
f 401/401/401 402/402/402 435/435/435
f 401/401/401 435/435/435 434/434/434
f 402/402/402 403/403/403 436/436/436
f 402/402/402 436/436/436 435/435/435
f 403/403/403 404/404/404 437/437/437
f 403/403/403 437/437/437 436/436/436
f 404/404/404 405/405/405 438/438/438
f 404/404/404 438/438/438 437/437/437
f 405/405/405 406/406/406 439/439/439
f 405/405/405 439/439/439 438/438/438
f 406/406/406 407/407/407 440/440/440
f 406/406/406 440/440/440 439/439/439
f 407/407/407 408/408/408 441/441/441
f 407/407/407 441/441/441 440/440/440
f 408/408/408 409/409/409 442/442/442
f 408/408/408 442/442/442 441/441/441
f 409/409/409 410/410/410 443/443/443
f 409/409/409 443/443/443 442/442/442
f 410/410/410 411/411/411 444/444/444
f 410/410/410 444/444/444 443/443/443
f 411/411/411 412/412/412 445/445/445
f 411/411/411 445/445/445 444/444/444
f 412/412/412 413/413/413 446/446/446
f 412/412/412 446/446/446 445/445/445
f 413/413/413 414/414/414 447/447/447
f 413/413/413 447/447/447 446/446/446
f 414/414/414 415/415/415 448/448/448
f 414/414/414 448/448/448 447/447/447
f 415/415/415 416/416/416 449/449/449
f 415/415/415 449/449/449 448/448/448
f 416/416/416 417/417/417 450/450/450
f 416/416/416 450/450/450 449/449/449
f 417/417/417 418/418/418 451/451/451
f 417/417/417 451/451/451 450/450/450
f 418/418/418 419/419/419 452/452/452
f 418/418/418 452/452/452 451/451/451
f 419/419/419 420/420/420 453/453/453
f 419/419/419 453/453/453 452/452/452
f 420/420/420 421/421/421 454/454/454
f 420/420/420 454/454/454 453/453/453
f 421/421/421 422/422/422 455/455/455
f 421/421/421 455/455/455 454/454/454
f 422/422/422 423/423/423 456/456/456
f 422/422/422 456/456/456 455/455/455
f 423/423/423 424/424/424 457/457/457
f 423/423/423 457/457/457 456/456/456
f 424/424/424 425/425/425 458/458/458
f 424/424/424 458/458/458 457/457/457
f 425/425/425 426/426/426 459/459/459
f 425/425/425 459/459/459 458/458/458
f 426/426/426 427/427/427 460/460/460
f 426/426/426 460/460/460 459/459/459
f 427/427/427 428/428/428 461/461/461
f 427/427/427 461/461/461 460/460/460
f 428/428/428 429/429/429 462/462/462
f 428/428/428 462/462/462 461/461/461
f 430/431/431 431/430/430 464/463/463
f 430/431/431 464/463/463 463/464/464
f 431/430/430 432/432/432 465/465/465
f 431/430/430 465/465/465 464/463/463
f 432/432/432 433/433/433 466/466/466
f 432/432/432 466/466/466 465/465/465
f 433/433/433 434/434/434 467/467/467
f 433/433/433 467/467/467 466/466/466
f 434/434/434 435/435/435 468/468/468
f 434/434/434 468/468/468 467/467/467
f 435/435/435 436/436/436 469/469/469
f 435/435/435 469/469/469 468/468/468
f 436/436/436 437/437/437 470/470/470
f 436/436/436 470/470/470 469/469/469
f 437/437/437 438/438/438 471/471/471
f 437/437/437 471/471/471 470/470/470
f 438/438/438 439/439/439 472/472/472
f 438/438/438 472/472/472 471/471/471
f 439/439/439 440/440/440 473/473/473
f 439/439/439 473/473/473 472/472/472
f 440/440/440 441/441/441 474/474/474
f 440/440/440 474/474/474 473/473/473
f 441/441/441 442/442/442 475/475/475
f 441/441/441 475/475/475 474/474/474
f 442/442/442 443/443/443 476/476/476
f 442/442/442 476/476/476 475/475/475
f 443/443/443 444/444/444 477/477/477
f 443/443/443 477/477/477 476/476/476
f 444/444/444 445/445/445 478/478/478
f 444/444/444 478/478/478 477/477/477
f 445/445/445 446/446/446 479/479/479
f 445/445/445 479/479/479 478/478/478
f 446/446/446 447/447/447 480/480/480
f 446/446/446 480/480/480 479/479/479
f 447/447/447 448/448/448 481/481/481
f 447/447/447 481/481/481 480/480/480
f 448/448/448 449/449/449 482/482/482
f 448/448/448 482/482/482 481/481/481
f 449/449/449 450/450/450 483/483/483
f 449/449/449 483/483/483 482/482/482
f 450/450/450 451/451/451 484/484/484
f 450/450/450 484/484/484 483/483/483
f 451/451/451 452/452/452 485/485/485
f 451/451/451 485/485/485 484/484/484
f 452/452/452 453/453/453 486/486/486
f 452/452/452 486/486/486 485/485/485
f 453/453/453 454/454/454 487/487/487
f 453/453/453 487/487/487 486/486/486
f 454/454/454 455/455/455 488/488/488
f 454/454/454 488/488/488 487/487/487
f 455/455/455 456/456/456 489/489/489
f 455/455/455 489/489/489 488/488/488
f 456/456/456 457/457/457 490/490/490
f 456/456/456 490/490/490 489/489/489
f 457/457/457 458/458/458 491/491/491
f 457/457/457 491/491/491 490/490/490
f 458/458/458 459/459/459 492/492/492
f 458/458/458 492/492/492 491/491/491
f 459/459/459 460/460/460 493/493/493
f 459/459/459 493/493/493 492/492/492
f 460/460/460 461/461/461 494/494/494
f 460/460/460 494/494/494 493/493/493
f 461/461/461 462/462/462 495/495/495
f 461/461/461 495/495/495 494/494/494
f 463/464/464 464/463/463 497/496/496
f 463/464/464 497/496/496 496/497/497
f 464/463/463 465/465/465 498/498/498
f 464/463/463 498/498/498 497/496/496
f 465/465/465 466/466/466 499/499/499
f 465/465/465 499/499/499 498/498/498
f 466/466/466 467/467/467 500/500/500
f 466/466/466 500/500/500 499/499/499
f 467/467/467 468/468/468 501/501/501
f 467/467/467 501/501/501 500/500/500
f 468/468/468 469/469/469 502/502/502
f 468/468/468 502/502/502 501/501/501
f 469/469/469 470/470/470 503/503/503
f 469/469/469 503/503/503 502/502/502
f 470/470/470 471/471/471 504/504/504
f 470/470/470 504/504/504 503/503/503
f 471/471/471 472/472/472 505/505/505
f 471/471/471 505/505/505 504/504/504
f 472/472/472 473/473/473 506/506/506
f 472/472/472 506/506/506 505/505/505
f 473/473/473 474/474/474 507/507/507
f 473/473/473 507/507/507 506/506/506
f 474/474/474 475/475/475 508/508/508
f 474/474/474 508/508/508 507/507/507
f 475/475/475 476/476/476 509/509/509
f 475/475/475 509/509/509 508/508/508
f 476/476/476 477/477/477 510/510/510
f 476/476/476 510/510/510 509/509/509
f 477/477/477 478/478/478 511/511/511
f 477/477/477 511/511/511 510/510/510
f 478/478/478 479/479/479 512/512/512
f 478/478/478 512/512/512 511/511/511
f 479/479/479 480/480/480 513/513/513
f 479/479/479 513/513/513 512/512/512
f 480/480/480 481/481/481 514/514/514
f 480/480/480 514/514/514 513/513/513
f 481/481/481 482/482/482 515/515/515
f 481/481/481 515/515/515 514/514/514
f 482/482/482 483/483/483 516/516/516
f 482/482/482 516/516/516 515/515/515
f 483/483/483 484/484/484 517/517/517
f 483/483/483 517/517/517 516/516/516
f 484/484/484 485/485/485 518/518/518
f 484/484/484 518/518/518 517/517/517
f 485/485/485 486/486/486 519/519/519
f 485/485/485 519/519/519 518/518/518
f 486/486/486 487/487/487 520/520/520
f 486/486/486 520/520/520 519/519/519
f 487/487/487 488/488/488 521/521/521
f 487/487/487 521/521/521 520/520/520
f 488/488/488 489/489/489 522/522/522
f 488/488/488 522/522/522 521/521/521
f 489/489/489 490/490/490 523/523/523
f 489/489/489 523/523/523 522/522/522
f 490/490/490 491/491/491 524/524/524
f 490/490/490 524/524/524 523/523/523
f 491/491/491 492/492/492 525/525/525
f 491/491/491 525/525/525 524/524/524
f 492/492/492 493/493/493 526/526/526
f 492/492/492 526/526/526 525/525/525
f 493/493/493 494/494/494 527/527/527
f 493/493/493 527/527/527 526/526/526
f 494/494/494 495/495/495 528/528/528
f 494/494/494 528/528/528 527/527/527
f 496/497/497 497/496/496 530/529/529
f 496/497/497 530/529/529 529/530/530
f 497/496/496 498/498/498 531/531/531
f 497/496/496 531/531/531 530/529/529
f 498/498/498 499/499/499 532/532/532
f 498/498/498 532/532/532 531/531/531
f 499/499/499 500/500/500 533/533/533
f 499/499/499 533/533/533 532/532/532
f 500/500/500 501/501/501 534/534/534
f 500/500/500 534/534/534 533/533/533
f 501/501/501 502/502/502 535/535/535
f 501/501/501 535/535/535 534/534/534
f 502/502/502 503/503/503 536/536/536
f 502/502/502 536/536/536 535/535/535
f 503/503/503 504/504/504 537/537/537
f 503/503/503 537/537/537 536/536/536
f 504/504/504 505/505/505 538/538/538
f 504/504/504 538/538/538 537/537/537
f 505/505/505 506/506/506 539/539/539
f 505/505/505 539/539/539 538/538/538
f 506/506/506 507/507/507 540/540/540
f 506/506/506 540/540/540 539/539/539
f 507/507/507 508/508/508 541/541/541
f 507/507/507 541/541/541 540/540/540
f 508/508/508 509/509/509 542/542/542
f 508/508/508 542/542/542 541/541/541
f 509/509/509 510/510/510 543/543/543
f 509/509/509 543/543/543 542/542/542
f 510/510/510 511/511/511 544/544/544
f 510/510/510 544/544/544 543/543/543
f 511/511/511 512/512/512 545/545/545
f 511/511/511 545/545/545 544/544/544
f 512/512/512 513/513/513 546/546/546
f 512/512/512 546/546/546 545/545/545
f 513/513/513 514/514/514 547/547/547
f 513/513/513 547/547/547 546/546/546
f 514/514/514 515/515/515 548/548/548
f 514/514/514 548/548/548 547/547/547
f 515/515/515 516/516/516 549/549/549
f 515/515/515 549/549/549 548/548/548
f 516/516/516 517/517/517 550/550/550
f 516/516/516 550/550/550 549/549/549
f 517/517/517 518/518/518 551/551/551
f 517/517/517 551/551/551 550/550/550
f 518/518/518 519/519/519 552/552/552
f 518/518/518 552/552/552 551/551/551
f 519/519/519 520/520/520 553/553/553
f 519/519/519 553/553/553 552/552/552
f 520/520/520 521/521/521 554/554/554
f 520/520/520 554/554/554 553/553/553
f 521/521/521 522/522/522 555/555/555
f 521/521/521 555/555/555 554/554/554
f 522/522/522 523/523/523 556/556/556
f 522/522/522 556/556/556 555/555/555
f 523/523/523 524/524/524 557/557/557
f 523/523/523 557/557/557 556/556/556
f 524/524/524 525/525/525 558/558/558
f 524/524/524 558/558/558 557/557/557
f 525/525/525 526/526/526 559/559/559
f 525/525/525 559/559/559 558/558/558
f 526/526/526 527/527/527 560/560/560
f 526/526/526 560/560/560 559/559/559
f 527/527/527 528/528/528 561/561/561
f 527/527/527 561/561/561 560/560/560
f 529/530/530 530/529/529 563/562/562
f 529/530/530 563/562/562 562/563/563
f 530/529/529 531/531/531 564/564/564
f 530/529/529 564/564/564 563/562/562
f 531/531/531 532/532/532 565/565/565
f 531/531/531 565/565/565 564/564/564
f 532/532/532 533/533/533 566/566/566
f 532/532/532 566/566/566 565/565/565
f 533/533/533 534/534/534 567/567/567
f 533/533/533 567/567/567 566/566/566
f 534/534/534 535/535/535 568/568/568
f 534/534/534 568/568/568 567/567/567
f 535/535/535 536/536/536 569/569/569
f 535/535/535 569/569/569 568/568/568
f 536/536/536 537/537/537 570/570/570
f 536/536/536 570/570/570 569/569/569
f 537/537/537 538/538/538 571/571/571
f 537/537/537 571/571/571 570/570/570
f 538/538/538 539/539/539 572/572/572
f 538/538/538 572/572/572 571/571/571
f 539/539/539 540/540/540 573/573/573
f 539/539/539 573/573/573 572/572/572
f 540/540/540 541/541/541 574/574/574
f 540/540/540 574/574/574 573/573/573
f 541/541/541 542/542/542 575/575/575
f 541/541/541 575/575/575 574/574/574
f 542/542/542 543/543/543 576/576/576
f 542/542/542 576/576/576 575/575/575
f 543/543/543 544/544/544 577/577/577
f 543/543/543 577/577/577 576/576/576
f 544/544/544 545/545/545 578/578/578
f 544/544/544 578/578/578 577/577/577
f 545/545/545 546/546/546 579/579/579
f 545/545/545 579/579/579 578/578/578
f 546/546/546 547/547/547 580/580/580
f 546/546/546 580/580/580 579/579/579
f 547/547/547 548/548/548 581/581/581
f 547/547/547 581/581/581 580/580/580
f 548/548/548 549/549/549 582/582/582
f 548/548/548 582/582/582 581/581/581
f 549/549/549 550/550/550 583/583/583
f 549/549/549 583/583/583 582/582/582
f 550/550/550 551/551/551 584/584/551
f 550/550/550 584/584/551 583/583/583
f 551/551/551 552/552/552 585/585/584
f 551/551/551 585/585/584 584/584/551
f 552/552/552 553/553/553 586/586/585
f 552/552/552 586/586/585 585/585/584
f 553/553/553 554/554/554 587/587/586
f 553/553/553 587/587/586 586/586/585
f 554/554/554 555/555/555 588/588/587
f 554/554/554 588/588/587 587/587/586
f 555/555/555 556/556/556 589/589/588
f 555/555/555 589/589/588 588/588/587
f 556/556/556 557/557/557 590/590/589
f 556/556/556 590/590/589 589/589/588
f 557/557/557 558/558/558 591/591/590
f 557/557/557 591/591/590 590/590/589
f 558/558/558 559/559/559 592/592/591
f 558/558/558 592/592/591 591/591/590
f 559/559/559 560/560/560 593/593/592
f 559/559/559 593/593/592 592/592/591
f 560/560/560 561/561/561 594/594/593
f 560/560/560 594/594/593 593/593/592
f 562/563/563 563/562/562 596/595/594
f 562/563/563 596/595/594 595/596/595
f 563/562/562 564/564/564 597/597/596
f 563/562/562 597/597/596 596/595/594
f 564/564/564 565/565/565 598/598/597
f 564/564/564 598/598/597 597/597/596
f 565/565/565 566/566/566 599/599/598
f 565/565/565 599/599/598 598/598/597
f 566/566/566 567/567/567 600/600/599
f 566/566/566 600/600/599 599/599/598
f 567/567/567 568/568/568 601/601/600
f 567/567/567 601/601/600 600/600/599
f 568/568/568 569/569/569 602/602/601
f 568/568/568 602/602/601 601/601/600
f 569/569/569 570/570/570 603/603/602
f 569/569/569 603/603/602 602/602/601
f 570/570/570 571/571/571 604/604/603
f 570/570/570 604/604/603 603/603/602
f 571/571/571 572/572/572 605/605/604
f 571/571/571 605/605/604 604/604/603
f 572/572/572 573/573/573 606/606/605
f 572/572/572 606/606/605 605/605/604
f 573/573/573 574/574/574 607/607/606
f 573/573/573 607/607/606 606/606/605
f 574/574/574 575/575/575 608/608/607
f 574/574/574 608/608/607 607/607/606
f 575/575/575 576/576/576 609/609/608
f 575/575/575 609/609/608 608/608/607
f 576/576/576 577/577/577 610/610/609
f 576/576/576 610/610/609 609/609/608
f 577/577/577 578/578/578 611/611/610
f 577/577/577 611/611/610 610/610/609
f 578/578/578 579/579/579 612/612/611
f 578/578/578 612/612/611 611/611/610
f 579/579/579 580/580/580 613/613/612
f 579/579/579 613/613/612 612/612/611
f 580/580/580 581/581/581 614/614/613
f 580/580/580 614/614/613 613/613/612
f 581/581/581 582/582/582 615/615/614
f 581/581/581 615/615/614 614/614/613
f 582/582/582 583/583/583 616/616/615
f 582/582/582 616/616/615 615/615/614
f 583/583/583 584/584/551 617/617/616
f 583/583/583 617/617/616 616/616/615
f 584/584/551 585/585/584 618/618/617
f 584/584/551 618/618/617 617/617/616
f 585/585/584 586/586/585 619/619/618
f 585/585/584 619/619/618 618/618/617
f 586/586/585 587/587/586 620/620/619
f 586/586/585 620/620/619 619/619/618
f 587/587/586 588/588/587 621/621/620
f 587/587/586 621/621/620 620/620/619
f 588/588/587 589/589/588 622/622/621
f 588/588/587 622/622/621 621/621/620
f 589/589/588 590/590/589 623/623/622
f 589/589/588 623/623/622 622/622/621
f 590/590/589 591/591/590 624/624/623
f 590/590/589 624/624/623 623/623/622
f 591/591/590 592/592/591 625/625/624
f 591/591/590 625/625/624 624/624/623
f 592/592/591 593/593/592 626/626/625
f 592/592/591 626/626/625 625/625/624
f 593/593/592 594/594/593 627/627/626
f 593/593/592 627/627/626 626/626/625
f 595/596/595 596/595/594 629/628/627
f 595/596/595 629/628/627 628/629/628
f 596/595/594 597/597/596 630/630/629
f 596/595/594 630/630/629 629/628/627
f 597/597/596 598/598/597 631/631/630
f 597/597/596 631/631/630 630/630/629
f 598/598/597 599/599/598 632/632/631
f 598/598/597 632/632/631 631/631/630
f 599/599/598 600/600/599 633/633/632
f 599/599/598 633/633/632 632/632/631
f 600/600/599 601/601/600 634/634/633
f 600/600/599 634/634/633 633/633/632
f 601/601/600 602/602/601 635/635/634
f 601/601/600 635/635/634 634/634/633
f 602/602/601 603/603/602 636/636/635
f 602/602/601 636/636/635 635/635/634
f 603/603/602 604/604/603 637/637/636
f 603/603/602 637/637/636 636/636/635
f 604/604/603 605/605/604 638/638/637
f 604/604/603 638/638/637 637/637/636
f 605/605/604 606/606/605 639/639/638
f 605/605/604 639/639/638 638/638/637
f 606/606/605 607/607/606 640/640/639
f 606/606/605 640/640/639 639/639/638
f 607/607/606 608/608/607 641/641/640
f 607/607/606 641/641/640 640/640/639
f 608/608/607 609/609/608 642/642/641
f 608/608/607 642/642/641 641/641/640
f 609/609/608 610/610/609 643/643/642
f 609/609/608 643/643/642 642/642/641
f 610/610/609 611/611/610 644/644/643
f 610/610/609 644/644/643 643/643/642
f 611/611/610 612/612/611 645/645/644
f 611/611/610 645/645/644 644/644/643
f 612/612/611 613/613/612 646/646/645
f 612/612/611 646/646/645 645/645/644
f 613/613/612 614/614/613 647/647/646
f 613/613/612 647/647/646 646/646/645
f 614/614/613 615/615/614 648/648/647
f 614/614/613 648/648/647 647/647/646
f 615/615/614 616/616/615 649/649/648
f 615/615/614 649/649/648 648/648/647
f 616/616/615 617/617/616 650/650/649
f 616/616/615 650/650/649 649/649/648
f 617/617/616 618/618/617 651/651/650
f 617/617/616 651/651/650 650/650/649
f 618/618/617 619/619/618 652/652/651
f 618/618/617 652/652/651 651/651/650
f 619/619/618 620/620/619 653/653/652
f 619/619/618 653/653/652 652/652/651
f 620/620/619 621/621/620 654/654/653
f 620/620/619 654/654/653 653/653/652
f 621/621/620 622/622/621 655/655/654
f 621/621/620 655/655/654 654/654/653
f 622/622/621 623/623/622 656/656/655
f 622/622/621 656/656/655 655/655/654
f 623/623/622 624/624/623 657/657/656
f 623/623/622 657/657/656 656/656/655
f 624/624/623 625/625/624 658/658/657
f 624/624/623 658/658/657 657/657/656
f 625/625/624 626/626/625 659/659/658
f 625/625/624 659/659/658 658/658/657
f 626/626/625 627/627/626 660/660/659
f 626/626/625 660/660/659 659/659/658
f 628/629/628 629/628/627 662/661/660
f 628/629/628 662/661/660 661/662/661
f 629/628/627 630/630/629 663/663/662
f 629/628/627 663/663/662 662/661/660
f 630/630/629 631/631/630 664/664/663
f 630/630/629 664/664/663 663/663/662
f 631/631/630 632/632/631 665/665/664
f 631/631/630 665/665/664 664/664/663
f 632/632/631 633/633/632 666/666/665
f 632/632/631 666/666/665 665/665/664
f 633/633/632 634/634/633 667/667/666
f 633/633/632 667/667/666 666/666/665
f 634/634/633 635/635/634 668/668/667
f 634/634/633 668/668/667 667/667/666
f 635/635/634 636/636/635 669/669/668
f 635/635/634 669/669/668 668/668/667
f 636/636/635 637/637/636 670/670/669
f 636/636/635 670/670/669 669/669/668
f 637/637/636 638/638/637 671/671/670
f 637/637/636 671/671/670 670/670/669
f 638/638/637 639/639/638 672/672/671
f 638/638/637 672/672/671 671/671/670
f 639/639/638 640/640/639 673/673/672
f 639/639/638 673/673/672 672/672/671
f 640/640/639 641/641/640 674/674/673
f 640/640/639 674/674/673 673/673/672
f 641/641/640 642/642/641 675/675/674
f 641/641/640 675/675/674 674/674/673
f 642/642/641 643/643/642 676/676/675
f 642/642/641 676/676/675 675/675/674
f 643/643/642 644/644/643 677/677/676
f 643/643/642 677/677/676 676/676/675
f 644/644/643 645/645/644 678/678/677
f 644/644/643 678/678/677 677/677/676
f 645/645/644 646/646/645 679/679/678
f 645/645/644 679/679/678 678/678/677
f 646/646/645 647/647/646 680/680/679
f 646/646/645 680/680/679 679/679/678
f 647/647/646 648/648/647 681/681/680
f 647/647/646 681/681/680 680/680/679
f 648/648/647 649/649/648 682/682/681
f 648/648/647 682/682/681 681/681/680
f 649/649/648 650/650/649 683/683/649
f 649/649/648 683/683/649 682/682/681
f 650/650/649 651/651/650 684/684/682
f 650/650/649 684/684/682 683/683/649
f 651/651/650 652/652/651 685/685/683
f 651/651/650 685/685/683 684/684/682
f 652/652/651 653/653/652 686/686/684
f 652/652/651 686/686/684 685/685/683
f 653/653/652 654/654/653 687/687/685
f 653/653/652 687/687/685 686/686/684
f 654/654/653 655/655/654 688/688/686
f 654/654/653 688/688/686 687/687/685
f 655/655/654 656/656/655 689/689/687
f 655/655/654 689/689/687 688/688/686
f 656/656/655 657/657/656 690/690/688
f 656/656/655 690/690/688 689/689/687
f 657/657/656 658/658/657 691/691/689
f 657/657/656 691/691/689 690/690/688
f 658/658/657 659/659/658 692/692/690
f 658/658/657 692/692/690 691/691/689
f 659/659/658 660/660/659 693/693/691
f 659/659/658 693/693/691 692/692/690
f 661/662/661 662/661/660 695/694/692
f 661/662/661 695/694/692 694/695/693
f 662/661/660 663/663/662 696/696/694
f 662/661/660 696/696/694 695/694/692
f 663/663/662 664/664/663 697/697/695
f 663/663/662 697/697/695 696/696/694
f 664/664/663 665/665/664 698/698/696
f 664/664/663 698/698/696 697/697/695
f 665/665/664 666/666/665 699/699/697
f 665/665/664 699/699/697 698/698/696
f 666/666/665 667/667/666 700/700/698
f 666/666/665 700/700/698 699/699/697
f 667/667/666 668/668/667 701/701/699
f 667/667/666 701/701/699 700/700/698
f 668/668/667 669/669/668 702/702/700
f 668/668/667 702/702/700 701/701/699
f 669/669/668 670/670/669 703/703/701
f 669/669/668 703/703/701 702/702/700
f 670/670/669 671/671/670 704/704/702
f 670/670/669 704/704/702 703/703/701
f 671/671/670 672/672/671 705/705/703
f 671/671/670 705/705/703 704/704/702
f 672/672/671 673/673/672 706/706/704
f 672/672/671 706/706/704 705/705/703
f 673/673/672 674/674/673 707/707/705
f 673/673/672 707/707/705 706/706/704
f 674/674/673 675/675/674 708/708/706
f 674/674/673 708/708/706 707/707/705
f 675/675/674 676/676/675 709/709/707
f 675/675/674 709/709/707 708/708/706
f 676/676/675 677/677/676 710/710/708
f 676/676/675 710/710/708 709/709/707
f 677/677/676 678/678/677 711/711/709
f 677/677/676 711/711/709 710/710/708
f 678/678/677 679/679/678 712/712/710
f 678/678/677 712/712/710 711/711/709
f 679/679/678 680/680/679 713/713/711
f 679/679/678 713/713/711 712/712/710
f 680/680/679 681/681/680 714/714/712
f 680/680/679 714/714/712 713/713/711
f 681/681/680 682/682/681 715/715/713
f 681/681/680 715/715/713 714/714/712
f 682/682/681 683/683/649 716/716/714
f 682/682/681 716/716/714 715/715/713
f 683/683/649 684/684/682 717/717/715
f 683/683/649 717/717/715 716/716/714
f 684/684/682 685/685/683 718/718/716
f 684/684/682 718/718/716 717/717/715
f 685/685/683 686/686/684 719/719/717
f 685/685/683 719/719/717 718/718/716
f 686/686/684 687/687/685 720/720/718
f 686/686/684 720/720/718 719/719/717
f 687/687/685 688/688/686 721/721/719
f 687/687/685 721/721/719 720/720/718
f 688/688/686 689/689/687 722/722/720
f 688/688/686 722/722/720 721/721/719
f 689/689/687 690/690/688 723/723/721
f 689/689/687 723/723/721 722/722/720
f 690/690/688 691/691/689 724/724/722
f 690/690/688 724/724/722 723/723/721
f 691/691/689 692/692/690 725/725/723
f 691/691/689 725/725/723 724/724/722
f 692/692/690 693/693/691 726/726/724
f 692/692/690 726/726/724 725/725/723
f 694/695/693 695/694/692 728/727/725
f 694/695/693 728/727/725 727/728/726
f 695/694/692 696/696/694 729/729/727
f 695/694/692 729/729/727 728/727/725
f 696/696/694 697/697/695 730/730/728
f 696/696/694 730/730/728 729/729/727
f 697/697/695 698/698/696 731/731/729
f 697/697/695 731/731/729 730/730/728
f 698/698/696 699/699/697 732/732/730
f 698/698/696 732/732/730 731/731/729
f 699/699/697 700/700/698 733/733/731
f 699/699/697 733/733/731 732/732/730
f 700/700/698 701/701/699 734/734/732
f 700/700/698 734/734/732 733/733/731
f 701/701/699 702/702/700 735/735/733
f 701/701/699 735/735/733 734/734/732
f 702/702/700 703/703/701 736/736/734
f 702/702/700 736/736/734 735/735/733
f 703/703/701 704/704/702 737/737/735
f 703/703/701 737/737/735 736/736/734
f 704/704/702 705/705/703 738/738/736
f 704/704/702 738/738/736 737/737/735
f 705/705/703 706/706/704 739/739/737
f 705/705/703 739/739/737 738/738/736
f 706/706/704 707/707/705 740/740/738
f 706/706/704 740/740/738 739/739/737
f 707/707/705 708/708/706 741/741/739
f 707/707/705 741/741/739 740/740/738
f 708/708/706 709/709/707 742/742/740
f 708/708/706 742/742/740 741/741/739
f 709/709/707 710/710/708 743/743/741
f 709/709/707 743/743/741 742/742/740
f 710/710/708 711/711/709 744/744/742
f 710/710/708 744/744/742 743/743/741
f 711/711/709 712/712/710 745/745/743
f 711/711/709 745/745/743 744/744/742
f 712/712/710 713/713/711 746/746/744
f 712/712/710 746/746/744 745/745/743
f 713/713/711 714/714/712 747/747/745
f 713/713/711 747/747/745 746/746/744
f 714/714/712 715/715/713 748/748/746
f 714/714/712 748/748/746 747/747/745
f 715/715/713 716/716/714 749/749/747
f 715/715/713 749/749/747 748/748/746
f 716/716/714 717/717/715 750/750/748
f 716/716/714 750/750/748 749/749/747
f 717/717/715 718/718/716 751/751/749
f 717/717/715 751/751/749 750/750/748
f 718/718/716 719/719/717 752/752/750
f 718/718/716 752/752/750 751/751/749
f 719/719/717 720/720/718 753/753/751
f 719/719/717 753/753/751 752/752/750
f 720/720/718 721/721/719 754/754/752
f 720/720/718 754/754/752 753/753/751
f 721/721/719 722/722/720 755/755/753
f 721/721/719 755/755/753 754/754/752
f 722/722/720 723/723/721 756/756/754
f 722/722/720 756/756/754 755/755/753
f 723/723/721 724/724/722 757/757/755
f 723/723/721 757/757/755 756/756/754
f 724/724/722 725/725/723 758/758/756
f 724/724/722 758/758/756 757/757/755
f 725/725/723 726/726/724 759/759/757
f 725/725/723 759/759/757 758/758/756
f 727/728/726 728/727/725 761/760/758
f 727/728/726 761/760/758 760/761/759
f 728/727/725 729/729/727 762/762/760
f 728/727/725 762/762/760 761/760/758
f 729/729/727 730/730/728 763/763/761
f 729/729/727 763/763/761 762/762/760
f 730/730/728 731/731/729 764/764/762
f 730/730/728 764/764/762 763/763/761
f 731/731/729 732/732/730 765/765/763
f 731/731/729 765/765/763 764/764/762
f 732/732/730 733/733/731 766/766/764
f 732/732/730 766/766/764 765/765/763
f 733/733/731 734/734/732 767/767/765
f 733/733/731 767/767/765 766/766/764
f 734/734/732 735/735/733 768/768/766
f 734/734/732 768/768/766 767/767/765
f 735/735/733 736/736/734 769/769/767
f 735/735/733 769/769/767 768/768/766
f 736/736/734 737/737/735 770/770/768
f 736/736/734 770/770/768 769/769/767
f 737/737/735 738/738/736 771/771/769
f 737/737/735 771/771/769 770/770/768
f 738/738/736 739/739/737 772/772/770
f 738/738/736 772/772/770 771/771/769
f 739/739/737 740/740/738 773/773/771
f 739/739/737 773/773/771 772/772/770
f 740/740/738 741/741/739 774/774/772
f 740/740/738 774/774/772 773/773/771
f 741/741/739 742/742/740 775/775/773
f 741/741/739 775/775/773 774/774/772
f 742/742/740 743/743/741 776/776/774
f 742/742/740 776/776/774 775/775/773
f 743/743/741 744/744/742 777/777/775
f 743/743/741 777/777/775 776/776/774
f 744/744/742 745/745/743 778/778/776
f 744/744/742 778/778/776 777/777/775
f 745/745/743 746/746/744 779/779/777
f 745/745/743 779/779/777 778/778/776
f 746/746/744 747/747/745 780/780/778
f 746/746/744 780/780/778 779/779/777
f 747/747/745 748/748/746 781/781/779
f 747/747/745 781/781/779 780/780/778
f 748/748/746 749/749/747 782/782/780
f 748/748/746 782/782/780 781/781/779
f 749/749/747 750/750/748 783/783/781
f 749/749/747 783/783/781 782/782/780
f 750/750/748 751/751/749 784/784/782
f 750/750/748 784/784/782 783/783/781
f 751/751/749 752/752/750 785/785/783
f 751/751/749 785/785/783 784/784/782
f 752/752/750 753/753/751 786/786/784
f 752/752/750 786/786/784 785/785/783
f 753/753/751 754/754/752 787/787/785
f 753/753/751 787/787/785 786/786/784
f 754/754/752 755/755/753 788/788/786
f 754/754/752 788/788/786 787/787/785
f 755/755/753 756/756/754 789/789/787
f 755/755/753 789/789/787 788/788/786
f 756/756/754 757/757/755 790/790/788
f 756/756/754 790/790/788 789/789/787
f 757/757/755 758/758/756 791/791/789
f 757/757/755 791/791/789 790/790/788
f 758/758/756 759/759/757 792/792/790
f 758/758/756 792/792/790 791/791/789
f 760/761/759 761/760/758 794/793/791
f 760/761/759 794/793/791 793/794/792
f 761/760/758 762/762/760 795/795/793
f 761/760/758 795/795/793 794/793/791
f 762/762/760 763/763/761 796/796/794
f 762/762/760 796/796/794 795/795/793
f 763/763/761 764/764/762 797/797/795
f 763/763/761 797/797/795 796/796/794
f 764/764/762 765/765/763 798/798/796
f 764/764/762 798/798/796 797/797/795
f 765/765/763 766/766/764 799/799/797
f 765/765/763 799/799/797 798/798/796
f 766/766/764 767/767/765 800/800/798
f 766/766/764 800/800/798 799/799/797
f 767/767/765 768/768/766 801/801/799
f 767/767/765 801/801/799 800/800/798
f 768/768/766 769/769/767 802/802/800
f 768/768/766 802/802/800 801/801/799
f 769/769/767 770/770/768 803/803/801
f 769/769/767 803/803/801 802/802/800
f 770/770/768 771/771/769 804/804/802
f 770/770/768 804/804/802 803/803/801
f 771/771/769 772/772/770 805/805/803
f 771/771/769 805/805/803 804/804/802
f 772/772/770 773/773/771 806/806/804
f 772/772/770 806/806/804 805/805/803
f 773/773/771 774/774/772 807/807/805
f 773/773/771 807/807/805 806/806/804
f 774/774/772 775/775/773 808/808/806
f 774/774/772 808/808/806 807/807/805
f 775/775/773 776/776/774 809/809/807
f 775/775/773 809/809/807 808/808/806
f 776/776/774 777/777/775 810/810/808
f 776/776/774 810/810/808 809/809/807
f 777/777/775 778/778/776 811/811/809
f 777/777/775 811/811/809 810/810/808
f 778/778/776 779/779/777 812/812/810
f 778/778/776 812/812/810 811/811/809
f 779/779/777 780/780/778 813/813/811
f 779/779/777 813/813/811 812/812/810
f 780/780/778 781/781/779 814/814/812
f 780/780/778 814/814/812 813/813/811
f 781/781/779 782/782/780 815/815/813
f 781/781/779 815/815/813 814/814/812
f 782/782/780 783/783/781 816/816/814
f 782/782/780 816/816/814 815/815/813
f 783/783/781 784/784/782 817/817/815
f 783/783/781 817/817/815 816/816/814
f 784/784/782 785/785/783 818/818/816
f 784/784/782 818/818/816 817/817/815
f 785/785/783 786/786/784 819/819/817
f 785/785/783 819/819/817 818/818/816
f 786/786/784 787/787/785 820/820/818
f 786/786/784 820/820/818 819/819/817
f 787/787/785 788/788/786 821/821/819
f 787/787/785 821/821/819 820/820/818
f 788/788/786 789/789/787 822/822/820
f 788/788/786 822/822/820 821/821/819
f 789/789/787 790/790/788 823/823/821
f 789/789/787 823/823/821 822/822/820
f 790/790/788 791/791/789 824/824/822
f 790/790/788 824/824/822 823/823/821
f 791/791/789 792/792/790 825/825/823
f 791/791/789 825/825/823 824/824/822
f 793/794/792 794/793/791 827/826/824
f 793/794/792 827/826/824 826/827/825
f 794/793/791 795/795/793 828/828/826
f 794/793/791 828/828/826 827/826/824
f 795/795/793 796/796/794 829/829/827
f 795/795/793 829/829/827 828/828/826
f 796/796/794 797/797/795 830/830/828
f 796/796/794 830/830/828 829/829/827
f 797/797/795 798/798/796 831/831/829
f 797/797/795 831/831/829 830/830/828
f 798/798/796 799/799/797 832/832/830
f 798/798/796 832/832/830 831/831/829
f 799/799/797 800/800/798 833/833/831
f 799/799/797 833/833/831 832/832/830
f 800/800/798 801/801/799 834/834/832
f 800/800/798 834/834/832 833/833/831
f 801/801/799 802/802/800 835/835/833
f 801/801/799 835/835/833 834/834/832
f 802/802/800 803/803/801 836/836/834
f 802/802/800 836/836/834 835/835/833
f 803/803/801 804/804/802 837/837/835
f 803/803/801 837/837/835 836/836/834
f 804/804/802 805/805/803 838/838/836
f 804/804/802 838/838/836 837/837/835
f 805/805/803 806/806/804 839/839/837
f 805/805/803 839/839/837 838/838/836
f 806/806/804 807/807/805 840/840/838
f 806/806/804 840/840/838 839/839/837
f 807/807/805 808/808/806 841/841/839
f 807/807/805 841/841/839 840/840/838
f 808/808/806 809/809/807 842/842/840
f 808/808/806 842/842/840 841/841/839
f 809/809/807 810/810/808 843/843/841
f 809/809/807 843/843/841 842/842/840
f 810/810/808 811/811/809 844/844/842
f 810/810/808 844/844/842 843/843/841
f 811/811/809 812/812/810 845/845/843
f 811/811/809 845/845/843 844/844/842
f 812/812/810 813/813/811 846/846/844
f 812/812/810 846/846/844 845/845/843
f 813/813/811 814/814/812 847/847/845
f 813/813/811 847/847/845 846/846/844
f 814/814/812 815/815/813 848/848/846
f 814/814/812 848/848/846 847/847/845
f 815/815/813 816/816/814 849/849/847
f 815/815/813 849/849/847 848/848/846
f 816/816/814 817/817/815 850/850/848
f 816/816/814 850/850/848 849/849/847
f 817/817/815 818/818/816 851/851/849
f 817/817/815 851/851/849 850/850/848
f 818/818/816 819/819/817 852/852/850
f 818/818/816 852/852/850 851/851/849
f 819/819/817 820/820/818 853/853/851
f 819/819/817 853/853/851 852/852/850
f 820/820/818 821/821/819 854/854/852
f 820/820/818 854/854/852 853/853/851
f 821/821/819 822/822/820 855/855/853
f 821/821/819 855/855/853 854/854/852
f 822/822/820 823/823/821 856/856/854
f 822/822/820 856/856/854 855/855/853
f 823/823/821 824/824/822 857/857/855
f 823/823/821 857/857/855 856/856/854
f 824/824/822 825/825/823 858/858/856
f 824/824/822 858/858/856 857/857/855
f 826/827/825 827/826/824 860/859/857
f 826/827/825 860/859/857 859/860/858
f 827/826/824 828/828/826 861/861/859
f 827/826/824 861/861/859 860/859/857
f 828/828/826 829/829/827 862/862/860
f 828/828/826 862/862/860 861/861/859
f 829/829/827 830/830/828 863/863/861
f 829/829/827 863/863/861 862/862/860
f 830/830/828 831/831/829 864/864/862
f 830/830/828 864/864/862 863/863/861
f 831/831/829 832/832/830 865/865/863
f 831/831/829 865/865/863 864/864/862
f 832/832/830 833/833/831 866/866/864
f 832/832/830 866/866/864 865/865/863
f 833/833/831 834/834/832 867/867/865
f 833/833/831 867/867/865 866/866/864
f 834/834/832 835/835/833 868/868/866
f 834/834/832 868/868/866 867/867/865
f 835/835/833 836/836/834 869/869/867
f 835/835/833 869/869/867 868/868/866
f 836/836/834 837/837/835 870/870/868
f 836/836/834 870/870/868 869/869/867
f 837/837/835 838/838/836 871/871/869
f 837/837/835 871/871/869 870/870/868
f 838/838/836 839/839/837 872/872/870
f 838/838/836 872/872/870 871/871/869
f 839/839/837 840/840/838 873/873/871
f 839/839/837 873/873/871 872/872/870
f 840/840/838 841/841/839 874/874/872
f 840/840/838 874/874/872 873/873/871
f 841/841/839 842/842/840 875/875/873
f 841/841/839 875/875/873 874/874/872
f 842/842/840 843/843/841 876/876/874
f 842/842/840 876/876/874 875/875/873
f 843/843/841 844/844/842 877/877/875
f 843/843/841 877/877/875 876/876/874
f 844/844/842 845/845/843 878/878/876
f 844/844/842 878/878/876 877/877/875
f 845/845/843 846/846/844 879/879/877
f 845/845/843 879/879/877 878/878/876
f 846/846/844 847/847/845 880/880/878
f 846/846/844 880/880/878 879/879/877
f 847/847/845 848/848/846 881/881/879
f 847/847/845 881/881/879 880/880/878
f 848/848/846 849/849/847 882/882/880
f 848/848/846 882/882/880 881/881/879
f 849/849/847 850/850/848 883/883/881
f 849/849/847 883/883/881 882/882/880
f 850/850/848 851/851/849 884/884/882
f 850/850/848 884/884/882 883/883/881
f 851/851/849 852/852/850 885/885/883
f 851/851/849 885/885/883 884/884/882
f 852/852/850 853/853/851 886/886/884
f 852/852/850 886/886/884 885/885/883
f 853/853/851 854/854/852 887/887/885
f 853/853/851 887/887/885 886/886/884
f 854/854/852 855/855/853 888/888/886
f 854/854/852 888/888/886 887/887/885
f 855/855/853 856/856/854 889/889/887
f 855/855/853 889/889/887 888/888/886
f 856/856/854 857/857/855 890/890/888
f 856/856/854 890/890/888 889/889/887
f 857/857/855 858/858/856 891/891/889
f 857/857/855 891/891/889 890/890/888
f 859/860/858 860/859/857 893/892/890
f 859/860/858 893/892/890 892/893/891
f 860/859/857 861/861/859 894/894/892
f 860/859/857 894/894/892 893/892/890
f 861/861/859 862/862/860 895/895/893
f 861/861/859 895/895/893 894/894/892
f 862/862/860 863/863/861 896/896/894
f 862/862/860 896/896/894 895/895/893
f 863/863/861 864/864/862 897/897/895
f 863/863/861 897/897/895 896/896/894
f 864/864/862 865/865/863 898/898/896
f 864/864/862 898/898/896 897/897/895
f 865/865/863 866/866/864 899/899/897
f 865/865/863 899/899/897 898/898/896
f 866/866/864 867/867/865 900/900/898
f 866/866/864 900/900/898 899/899/897
f 867/867/865 868/868/866 901/901/899
f 867/867/865 901/901/899 900/900/898
f 868/868/866 869/869/867 902/902/900
f 868/868/866 902/902/900 901/901/899
f 869/869/867 870/870/868 903/903/901
f 869/869/867 903/903/901 902/902/900
f 870/870/868 871/871/869 904/904/902
f 870/870/868 904/904/902 903/903/901
f 871/871/869 872/872/870 905/905/903
f 871/871/869 905/905/903 904/904/902
f 872/872/870 873/873/871 906/906/904
f 872/872/870 906/906/904 905/905/903
f 873/873/871 874/874/872 907/907/905
f 873/873/871 907/907/905 906/906/904
f 874/874/872 875/875/873 908/908/906
f 874/874/872 908/908/906 907/907/905
f 875/875/873 876/876/874 909/909/907
f 875/875/873 909/909/907 908/908/906
f 876/876/874 877/877/875 910/910/908
f 876/876/874 910/910/908 909/909/907
f 877/877/875 878/878/876 911/911/909
f 877/877/875 911/911/909 910/910/908
f 878/878/876 879/879/877 912/912/910
f 878/878/876 912/912/910 911/911/909
f 879/879/877 880/880/878 913/913/911
f 879/879/877 913/913/911 912/912/910
f 880/880/878 881/881/879 914/914/912
f 880/880/878 914/914/912 913/913/911
f 881/881/879 882/882/880 915/915/913
f 881/881/879 915/915/913 914/914/912
f 882/882/880 883/883/881 916/916/914
f 882/882/880 916/916/914 915/915/913
f 883/883/881 884/884/882 917/917/915
f 883/883/881 917/917/915 916/916/914
f 884/884/882 885/885/883 918/918/916
f 884/884/882 918/918/916 917/917/915
f 885/885/883 886/886/884 919/919/917
f 885/885/883 919/919/917 918/918/916
f 886/886/884 887/887/885 920/920/918
f 886/886/884 920/920/918 919/919/917
f 887/887/885 888/888/886 921/921/919
f 887/887/885 921/921/919 920/920/918
f 888/888/886 889/889/887 922/922/920
f 888/888/886 922/922/920 921/921/919
f 889/889/887 890/890/888 923/923/921
f 889/889/887 923/923/921 922/922/920
f 890/890/888 891/891/889 924/924/922
f 890/890/888 924/924/922 923/923/921
f 892/893/891 893/892/890 926/925/923
f 892/893/891 926/925/923 925/926/924
f 893/892/890 894/894/892 927/927/925
f 893/892/890 927/927/925 926/925/923
f 894/894/892 895/895/893 928/928/926
f 894/894/892 928/928/926 927/927/925
f 895/895/893 896/896/894 929/929/927
f 895/895/893 929/929/927 928/928/926
f 896/896/894 897/897/895 930/930/928
f 896/896/894 930/930/928 929/929/927
f 897/897/895 898/898/896 931/931/929
f 897/897/895 931/931/929 930/930/928
f 898/898/896 899/899/897 932/932/930
f 898/898/896 932/932/930 931/931/929
f 899/899/897 900/900/898 933/933/931
f 899/899/897 933/933/931 932/932/930
f 900/900/898 901/901/899 934/934/932
f 900/900/898 934/934/932 933/933/931
f 901/901/899 902/902/900 935/935/933
f 901/901/899 935/935/933 934/934/932
f 902/902/900 903/903/901 936/936/934
f 902/902/900 936/936/934 935/935/933
f 903/903/901 904/904/902 937/937/935
f 903/903/901 937/937/935 936/936/934
f 904/904/902 905/905/903 938/938/936
f 904/904/902 938/938/936 937/937/935
f 905/905/903 906/906/904 939/939/937
f 905/905/903 939/939/937 938/938/936
f 906/906/904 907/907/905 940/940/938
f 906/906/904 940/940/938 939/939/937
f 907/907/905 908/908/906 941/941/939
f 907/907/905 941/941/939 940/940/938
f 908/908/906 909/909/907 942/942/940
f 908/908/906 942/942/940 941/941/939
f 909/909/907 910/910/908 943/943/941
f 909/909/907 943/943/941 942/942/940
f 910/910/908 911/911/909 944/944/942
f 910/910/908 944/944/942 943/943/941
f 911/911/909 912/912/910 945/945/943
f 911/911/909 945/945/943 944/944/942
f 912/912/910 913/913/911 946/946/944
f 912/912/910 946/946/944 945/945/943
f 913/913/911 914/914/912 947/947/945
f 913/913/911 947/947/945 946/946/944
f 914/914/912 915/915/913 948/948/946
f 914/914/912 948/948/946 947/947/945
f 915/915/913 916/916/914 949/949/947
f 915/915/913 949/949/947 948/948/946
f 916/916/914 917/917/915 950/950/948
f 916/916/914 950/950/948 949/949/947
f 917/917/915 918/918/916 951/951/949
f 917/917/915 951/951/949 950/950/948
f 918/918/916 919/919/917 952/952/950
f 918/918/916 952/952/950 951/951/949
f 919/919/917 920/920/918 953/953/951
f 919/919/917 953/953/951 952/952/950
f 920/920/918 921/921/919 954/954/952
f 920/920/918 954/954/952 953/953/951
f 921/921/919 922/922/920 955/955/953
f 921/921/919 955/955/953 954/954/952
f 922/922/920 923/923/921 956/956/954
f 922/922/920 956/956/954 955/955/953
f 923/923/921 924/924/922 957/957/955
f 923/923/921 957/957/955 956/956/954
f 925/926/924 926/925/923 959/958/956
f 925/926/924 959/958/956 958/959/957
f 926/925/923 927/927/925 960/960/958
f 926/925/923 960/960/958 959/958/956
f 927/927/925 928/928/926 961/961/959
f 927/927/925 961/961/959 960/960/958
f 928/928/926 929/929/927 962/962/960
f 928/928/926 962/962/960 961/961/959
f 929/929/927 930/930/928 963/963/961
f 929/929/927 963/963/961 962/962/960
f 930/930/928 931/931/929 964/964/962
f 930/930/928 964/964/962 963/963/961
f 931/931/929 932/932/930 965/965/963
f 931/931/929 965/965/963 964/964/962
f 932/932/930 933/933/931 966/966/964
f 932/932/930 966/966/964 965/965/963
f 933/933/931 934/934/932 967/967/965
f 933/933/931 967/967/965 966/966/964
f 934/934/932 935/935/933 968/968/966
f 934/934/932 968/968/966 967/967/965
f 935/935/933 936/936/934 969/969/967
f 935/935/933 969/969/967 968/968/966
f 936/936/934 937/937/935 970/970/968
f 936/936/934 970/970/968 969/969/967
f 937/937/935 938/938/936 971/971/969
f 937/937/935 971/971/969 970/970/968
f 938/938/936 939/939/937 972/972/970
f 938/938/936 972/972/970 971/971/969
f 939/939/937 940/940/938 973/973/971
f 939/939/937 973/973/971 972/972/970
f 940/940/938 941/941/939 974/974/972
f 940/940/938 974/974/972 973/973/971
f 941/941/939 942/942/940 975/975/973
f 941/941/939 975/975/973 974/974/972
f 942/942/940 943/943/941 976/976/974
f 942/942/940 976/976/974 975/975/973
f 943/943/941 944/944/942 977/977/975
f 943/943/941 977/977/975 976/976/974
f 944/944/942 945/945/943 978/978/976
f 944/944/942 978/978/976 977/977/975
f 945/945/943 946/946/944 979/979/977
f 945/945/943 979/979/977 978/978/976
f 946/946/944 947/947/945 980/980/978
f 946/946/944 980/980/978 979/979/977
f 947/947/945 948/948/946 981/981/979
f 947/947/945 981/981/979 980/980/978
f 948/948/946 949/949/947 982/982/980
f 948/948/946 982/982/980 981/981/979
f 949/949/947 950/950/948 983/983/981
f 949/949/947 983/983/981 982/982/980
f 950/950/948 951/951/949 984/984/982
f 950/950/948 984/984/982 983/983/981
f 951/951/949 952/952/950 985/985/983
f 951/951/949 985/985/983 984/984/982
f 952/952/950 953/953/951 986/986/984
f 952/952/950 986/986/984 985/985/983
f 953/953/951 954/954/952 987/987/985
f 953/953/951 987/987/985 986/986/984
f 954/954/952 955/955/953 988/988/986
f 954/954/952 988/988/986 987/987/985
f 955/955/953 956/956/954 989/989/987
f 955/955/953 989/989/987 988/988/986
f 956/956/954 957/957/955 990/990/988
f 956/956/954 990/990/988 989/989/987
f 958/959/957 959/958/956 992/991/989
f 958/959/957 992/991/989 991/992/990
f 959/958/956 960/960/958 993/993/991
f 959/958/956 993/993/991 992/991/989
f 960/960/958 961/961/959 994/994/992
f 960/960/958 994/994/992 993/993/991
f 961/961/959 962/962/960 995/995/993
f 961/961/959 995/995/993 994/994/992
f 962/962/960 963/963/961 996/996/994
f 962/962/960 996/996/994 995/995/993
f 963/963/961 964/964/962 997/997/995
f 963/963/961 997/997/995 996/996/994
f 964/964/962 965/965/963 998/998/996
f 964/964/962 998/998/996 997/997/995
f 965/965/963 966/966/964 999/999/997
f 965/965/963 999/999/997 998/998/996
f 966/966/964 967/967/965 1000/1000/998
f 966/966/964 1000/1000/998 999/999/997
f 967/967/965 968/968/966 1001/1001/999
f 967/967/965 1001/1001/999 1000/1000/998
f 968/968/966 969/969/967 1002/1002/1000
f 968/968/966 1002/1002/1000 1001/1001/999
f 969/969/967 970/970/968 1003/1003/1001
f 969/969/967 1003/1003/1001 1002/1002/1000
f 970/970/968 971/971/969 1004/1004/1002
f 970/970/968 1004/1004/1002 1003/1003/1001
f 971/971/969 972/972/970 1005/1005/1003
f 971/971/969 1005/1005/1003 1004/1004/1002
f 972/972/970 973/973/971 1006/1006/1004
f 972/972/970 1006/1006/1004 1005/1005/1003
f 973/973/971 974/974/972 1007/1007/1005
f 973/973/971 1007/1007/1005 1006/1006/1004
f 974/974/972 975/975/973 1008/1008/1006
f 974/974/972 1008/1008/1006 1007/1007/1005
f 975/975/973 976/976/974 1009/1009/1007
f 975/975/973 1009/1009/1007 1008/1008/1006
f 976/976/974 977/977/975 1010/1010/1008
f 976/976/974 1010/1010/1008 1009/1009/1007
f 977/977/975 978/978/976 1011/1011/1009
f 977/977/975 1011/1011/1009 1010/1010/1008
f 978/978/976 979/979/977 1012/1012/1010
f 978/978/976 1012/1012/1010 1011/1011/1009
f 979/979/977 980/980/978 1013/1013/1011
f 979/979/977 1013/1013/1011 1012/1012/1010
f 980/980/978 981/981/979 1014/1014/1012
f 980/980/978 1014/1014/1012 1013/1013/1011
f 981/981/979 982/982/980 1015/1015/1013
f 981/981/979 1015/1015/1013 1014/1014/1012
f 982/982/980 983/983/981 1016/1016/1014
f 982/982/980 1016/1016/1014 1015/1015/1013
f 983/983/981 984/984/982 1017/1017/1015
f 983/983/981 1017/1017/1015 1016/1016/1014
f 984/984/982 985/985/983 1018/1018/1016
f 984/984/982 1018/1018/1016 1017/1017/1015
f 985/985/983 986/986/984 1019/1019/1017
f 985/985/983 1019/1019/1017 1018/1018/1016
f 986/986/984 987/987/985 1020/1020/1018
f 986/986/984 1020/1020/1018 1019/1019/1017
f 987/987/985 988/988/986 1021/1021/1019
f 987/987/985 1021/1021/1019 1020/1020/1018
f 988/988/986 989/989/987 1022/1022/1020
f 988/988/986 1022/1022/1020 1021/1021/1019
f 989/989/987 990/990/988 1023/1023/1021
f 989/989/987 1023/1023/1021 1022/1022/1020
f 991/992/990 992/991/989 1025/1024/1022
f 991/992/990 1025/1024/1022 1024/1025/1023
f 992/991/989 993/993/991 1026/1026/1024
f 992/991/989 1026/1026/1024 1025/1024/1022
f 993/993/991 994/994/992 1027/1027/1025
f 993/993/991 1027/1027/1025 1026/1026/1024
f 994/994/992 995/995/993 1028/1028/1026
f 994/994/992 1028/1028/1026 1027/1027/1025
f 995/995/993 996/996/994 1029/1029/1027
f 995/995/993 1029/1029/1027 1028/1028/1026
f 996/996/994 997/997/995 1030/1030/1028
f 996/996/994 1030/1030/1028 1029/1029/1027
f 997/997/995 998/998/996 1031/1031/1029
f 997/997/995 1031/1031/1029 1030/1030/1028
f 998/998/996 999/999/997 1032/1032/1030
f 998/998/996 1032/1032/1030 1031/1031/1029
f 999/999/997 1000/1000/998 1033/1033/1031
f 999/999/997 1033/1033/1031 1032/1032/1030
f 1000/1000/998 1001/1001/999 1034/1034/1032
f 1000/1000/998 1034/1034/1032 1033/1033/1031
f 1001/1001/999 1002/1002/1000 1035/1035/1033
f 1001/1001/999 1035/1035/1033 1034/1034/1032
f 1002/1002/1000 1003/1003/1001 1036/1036/1034
f 1002/1002/1000 1036/1036/1034 1035/1035/1033
f 1003/1003/1001 1004/1004/1002 1037/1037/1035
f 1003/1003/1001 1037/1037/1035 1036/1036/1034
f 1004/1004/1002 1005/1005/1003 1038/1038/1036
f 1004/1004/1002 1038/1038/1036 1037/1037/1035
f 1005/1005/1003 1006/1006/1004 1039/1039/1037
f 1005/1005/1003 1039/1039/1037 1038/1038/1036
f 1006/1006/1004 1007/1007/1005 1040/1040/1038
f 1006/1006/1004 1040/1040/1038 1039/1039/1037
f 1007/1007/1005 1008/1008/1006 1041/1041/1039
f 1007/1007/1005 1041/1041/1039 1040/1040/1038
f 1008/1008/1006 1009/1009/1007 1042/1042/1040
f 1008/1008/1006 1042/1042/1040 1041/1041/1039
f 1009/1009/1007 1010/1010/1008 1043/1043/1041
f 1009/1009/1007 1043/1043/1041 1042/1042/1040
f 1010/1010/1008 1011/1011/1009 1044/1044/1042
f 1010/1010/1008 1044/1044/1042 1043/1043/1041
f 1011/1011/1009 1012/1012/1010 1045/1045/1043
f 1011/1011/1009 1045/1045/1043 1044/1044/1042
f 1012/1012/1010 1013/1013/1011 1046/1046/1044
f 1012/1012/1010 1046/1046/1044 1045/1045/1043
f 1013/1013/1011 1014/1014/1012 1047/1047/1045
f 1013/1013/1011 1047/1047/1045 1046/1046/1044
f 1014/1014/1012 1015/1015/1013 1048/1048/1046
f 1014/1014/1012 1048/1048/1046 1047/1047/1045
f 1015/1015/1013 1016/1016/1014 1049/1049/1047
f 1015/1015/1013 1049/1049/1047 1048/1048/1046
f 1016/1016/1014 1017/1017/1015 1050/1050/1048
f 1016/1016/1014 1050/1050/1048 1049/1049/1047
f 1017/1017/1015 1018/1018/1016 1051/1051/1049
f 1017/1017/1015 1051/1051/1049 1050/1050/1048
f 1018/1018/1016 1019/1019/1017 1052/1052/1050
f 1018/1018/1016 1052/1052/1050 1051/1051/1049
f 1019/1019/1017 1020/1020/1018 1053/1053/1051
f 1019/1019/1017 1053/1053/1051 1052/1052/1050
f 1020/1020/1018 1021/1021/1019 1054/1054/1052
f 1020/1020/1018 1054/1054/1052 1053/1053/1051
f 1021/1021/1019 1022/1022/1020 1055/1055/1053
f 1021/1021/1019 1055/1055/1053 1054/1054/1052
f 1022/1022/1020 1023/1023/1021 1056/1056/1054
f 1022/1022/1020 1056/1056/1054 1055/1055/1053
f 1024/1025/1023 1025/1024/1022 1058/1057/1055
f 1024/1025/1023 1058/1057/1055 1057/1058/1056
f 1025/1024/1022 1026/1026/1024 1059/1059/1057
f 1025/1024/1022 1059/1059/1057 1058/1057/1055
f 1026/1026/1024 1027/1027/1025 1060/1060/1058
f 1026/1026/1024 1060/1060/1058 1059/1059/1057
f 1027/1027/1025 1028/1028/1026 1061/1061/1059
f 1027/1027/1025 1061/1061/1059 1060/1060/1058
f 1028/1028/1026 1029/1029/1027 1062/1062/1060
f 1028/1028/1026 1062/1062/1060 1061/1061/1059
f 1029/1029/1027 1030/1030/1028 1063/1063/1061
f 1029/1029/1027 1063/1063/1061 1062/1062/1060
f 1030/1030/1028 1031/1031/1029 1064/1064/1062
f 1030/1030/1028 1064/1064/1062 1063/1063/1061
f 1031/1031/1029 1032/1032/1030 1065/1065/1063
f 1031/1031/1029 1065/1065/1063 1064/1064/1062
f 1032/1032/1030 1033/1033/1031 1066/1066/1064
f 1032/1032/1030 1066/1066/1064 1065/1065/1063
f 1033/1033/1031 1034/1034/1032 1067/1067/1065
f 1033/1033/1031 1067/1067/1065 1066/1066/1064
f 1034/1034/1032 1035/1035/1033 1068/1068/1066
f 1034/1034/1032 1068/1068/1066 1067/1067/1065
f 1035/1035/1033 1036/1036/1034 1069/1069/1067
f 1035/1035/1033 1069/1069/1067 1068/1068/1066
f 1036/1036/1034 1037/1037/1035 1070/1070/1068
f 1036/1036/1034 1070/1070/1068 1069/1069/1067
f 1037/1037/1035 1038/1038/1036 1071/1071/1069
f 1037/1037/1035 1071/1071/1069 1070/1070/1068
f 1038/1038/1036 1039/1039/1037 1072/1072/1070
f 1038/1038/1036 1072/1072/1070 1071/1071/1069
f 1039/1039/1037 1040/1040/1038 1073/1073/1071
f 1039/1039/1037 1073/1073/1071 1072/1072/1070
f 1040/1040/1038 1041/1041/1039 1074/1074/1072
f 1040/1040/1038 1074/1074/1072 1073/1073/1071
f 1041/1041/1039 1042/1042/1040 1075/1075/1073
f 1041/1041/1039 1075/1075/1073 1074/1074/1072
f 1042/1042/1040 1043/1043/1041 1076/1076/1074
f 1042/1042/1040 1076/1076/1074 1075/1075/1073
f 1043/1043/1041 1044/1044/1042 1077/1077/1075
f 1043/1043/1041 1077/1077/1075 1076/1076/1074
f 1044/1044/1042 1045/1045/1043 1078/1078/1076
f 1044/1044/1042 1078/1078/1076 1077/1077/1075
f 1045/1045/1043 1046/1046/1044 1079/1079/1077
f 1045/1045/1043 1079/1079/1077 1078/1078/1076
f 1046/1046/1044 1047/1047/1045 1080/1080/1078
f 1046/1046/1044 1080/1080/1078 1079/1079/1077
f 1047/1047/1045 1048/1048/1046 1081/1081/1079
f 1047/1047/1045 1081/1081/1079 1080/1080/1078
f 1048/1048/1046 1049/1049/1047 1082/1082/1080
f 1048/1048/1046 1082/1082/1080 1081/1081/1079
f 1049/1049/1047 1050/1050/1048 1083/1083/1081
f 1049/1049/1047 1083/1083/1081 1082/1082/1080
f 1050/1050/1048 1051/1051/1049 1084/1084/1082
f 1050/1050/1048 1084/1084/1082 1083/1083/1081
f 1051/1051/1049 1052/1052/1050 1085/1085/1083
f 1051/1051/1049 1085/1085/1083 1084/1084/1082
f 1052/1052/1050 1053/1053/1051 1086/1086/1084
f 1052/1052/1050 1086/1086/1084 1085/1085/1083
f 1053/1053/1051 1054/1054/1052 1087/1087/1085
f 1053/1053/1051 1087/1087/1085 1086/1086/1084
f 1054/1054/1052 1055/1055/1053 1088/1088/1086
f 1054/1054/1052 1088/1088/1086 1087/1087/1085
f 1055/1055/1053 1056/1056/1054 1089/1089/1087
f 1055/1055/1053 1089/1089/1087 1088/1088/1086
