mtllib terrain_core_07_05.mtl
usemtl terrain_core_07_05
# Blender 5.1.1
# www.blender.org
o terrain_core_07_05
v -16.000000 -16.000000 0.340763
v -15.000000 -16.000000 0.042545
v -14.000000 -16.000000 -0.255734
v -13.000000 -16.000000 -0.554196
v -12.000000 -16.000000 -0.852780
v -11.000000 -16.000000 -1.151486
v -10.000000 -16.000000 -1.434994
v -9.000000 -16.000000 -1.666928
v -8.000000 -16.000000 -1.898922
v -7.000000 -16.000000 -2.130978
v -6.000000 -16.000000 -2.363034
v -5.000000 -16.000000 -2.595150
v -4.000000 -16.000000 -2.827328
v -3.000000 -16.000000 -3.059567
v -2.000000 -16.000000 -3.291867
v -1.000000 -16.000000 -3.524167
v 0.000000 -16.000000 -3.756588
v 1.000000 -16.000000 -3.989010
v 2.000000 -16.000000 -4.221432
v 3.000000 -16.000000 -4.453976
v 4.000000 -16.000000 -4.686520
v 5.000000 -16.000000 -4.919186
v 6.000000 -16.000000 -5.151852
v 7.000000 -16.000000 -5.384518
v 8.000000 -16.000000 -5.617306
v 9.000000 -16.000000 -5.850094
v 10.000000 -16.000000 -6.083004
v 11.000000 -16.000000 -6.315915
v 12.000000 -16.000000 -6.548825
v 13.000000 -16.000000 -6.781857
v 14.000000 -16.000000 -6.981808
v 15.000000 -16.000000 -6.993161
v 16.000000 -16.000000 -7.004422
v -16.000000 -15.000000 0.575199
v -15.000000 -15.000000 0.273502
v -14.000000 -15.000000 -0.028317
v -13.000000 -15.000000 -0.330258
v -12.000000 -15.000000 -0.632321
v -11.000000 -15.000000 -0.934506
v -10.000000 -15.000000 -1.222287
v -9.000000 -15.000000 -1.455563
v -8.000000 -15.000000 -1.688961
v -7.000000 -15.000000 -1.922421
v -6.000000 -15.000000 -2.155880
v -5.000000 -15.000000 -2.389401
v -4.000000 -15.000000 -2.623044
v -3.000000 -15.000000 -2.856686
v -2.000000 -15.000000 -3.090329
v -1.000000 -15.000000 -3.324032
v 0.000000 -15.000000 -3.557858
v 1.000000 -15.000000 -3.791623
v 2.000000 -15.000000 -4.025509
v 3.000000 -15.000000 -4.259396
v 4.000000 -15.000000 -4.493405
v 5.000000 -15.000000 -4.727414
v 6.000000 -15.000000 -4.961483
v 7.000000 -15.000000 -5.195614
v 8.000000 -15.000000 -5.429806
v 9.000000 -15.000000 -5.663998
v 10.000000 -15.000000 -5.898251
v 11.000000 -15.000000 -6.132565
v 12.000000 -15.000000 -6.366940
v 13.000000 -15.000000 -6.601315
v 14.000000 -15.000000 -6.805905
v 15.000000 -15.000000 -6.813839
v 16.000000 -15.000000 -6.821774
v -16.000000 -14.000000 0.809818
v -15.000000 -14.000000 0.504581
v -14.000000 -14.000000 0.199222
v -13.000000 -14.000000 -0.106198
v -12.000000 -14.000000 -0.411740
v -11.000000 -14.000000 -0.717404
v -10.000000 -14.000000 -1.009518
v -9.000000 -14.000000 -1.244259
v -8.000000 -14.000000 -1.479000
v -7.000000 -14.000000 -1.713864
v -6.000000 -14.000000 -1.948727
v -5.000000 -14.000000 -2.183651
v -4.000000 -14.000000 -2.418637
v -3.000000 -14.000000 -2.653683
v -2.000000 -14.000000 -2.888791
v -1.000000 -14.000000 -3.123898
v 0.000000 -14.000000 -3.359005
v 1.000000 -14.000000 -3.594235
v 2.000000 -14.000000 -3.829525
v 3.000000 -14.000000 -4.064816
v 4.000000 -14.000000 -4.300229
v 5.000000 -14.000000 -4.535641
v 6.000000 -14.000000 -4.771115
v 7.000000 -14.000000 -5.006588
v 8.000000 -14.000000 -5.242184
v 9.000000 -14.000000 -5.477780
v 10.000000 -14.000000 -5.713498
v 11.000000 -14.000000 -5.949215
v 12.000000 -14.000000 -6.184933
v 13.000000 -14.000000 -6.420773
v 14.000000 -14.000000 -6.630063
v 15.000000 -14.000000 -6.634762
v 16.000000 -14.000000 -6.639340
v -16.000000 -13.000000 1.044437
v -15.000000 -13.000000 0.735782
v -14.000000 -13.000000 0.426944
v -13.000000 -13.000000 0.118045
v -12.000000 -13.000000 -0.191037
v -11.000000 -13.000000 -0.500241
v -10.000000 -13.000000 -0.796688
v -9.000000 -13.000000 -1.032833
v -8.000000 -13.000000 -1.269040
v -7.000000 -13.000000 -1.505246
v -6.000000 -13.000000 -1.741513
v -5.000000 -13.000000 -1.977841
v -4.000000 -13.000000 -2.214230
v -3.000000 -13.000000 -2.450680
v -2.000000 -13.000000 -2.687130
v -1.000000 -13.000000 -2.923642
v 0.000000 -13.000000 -3.160214
v 1.000000 -13.000000 -3.396847
v 2.000000 -13.000000 -3.633542
v 3.000000 -13.000000 -3.870236
v 4.000000 -13.000000 -4.106991
v 5.000000 -13.000000 -4.343808
v 6.000000 -13.000000 -4.580685
v 7.000000 -13.000000 -4.817624
v 8.000000 -13.000000 -5.054562
v 9.000000 -13.000000 -5.291562
v 10.000000 -13.000000 -5.528622
v 11.000000 -13.000000 -5.765744
v 12.000000 -13.000000 -6.002926
v 13.000000 -13.000000 -6.240109
v 14.000000 -13.000000 -6.454403
v 15.000000 -13.000000 -6.455685
v 16.000000 -13.000000 -6.456906
v -16.000000 -12.000000 1.279300
v -15.000000 -12.000000 0.967044
v -14.000000 -12.000000 0.654789
v -13.000000 -12.000000 0.342289
v -12.000000 -12.000000 0.029728
v -11.000000 -12.000000 -0.282956
v -10.000000 -12.000000 -0.583859
v -9.000000 -12.000000 -0.821408
v -8.000000 -12.000000 -1.058957
v -7.000000 -12.000000 -1.296566
v -6.000000 -12.000000 -1.534298
v -5.000000 -12.000000 -1.771969
v -4.000000 -12.000000 -2.009762
v -3.000000 -12.000000 -2.247555
v -2.000000 -12.000000 -2.485470
v -1.000000 -12.000000 -2.723385
v 0.000000 -12.000000 -2.961361
v 1.000000 -12.000000 -3.199337
v 2.000000 -12.000000 -3.437436
v 3.000000 -12.000000 -3.675534
v 4.000000 -12.000000 -3.913693
v 5.000000 -12.000000 -4.151974
v 6.000000 -12.000000 -4.390194
v 7.000000 -12.000000 -4.628537
v 8.000000 -12.000000 -4.866879
v 9.000000 -12.000000 -5.105282
v 10.000000 -12.000000 -5.343747
v 11.000000 -12.000000 -5.582272
v 12.000000 -12.000000 -5.820797
v 13.000000 -12.000000 -6.059445
v 14.000000 -12.000000 -6.278805
v 15.000000 -12.000000 -6.276852
v 16.000000 -12.000000 -6.274716
v -16.000000 -11.000000 1.514225
v -15.000000 -11.000000 1.198490
v -14.000000 -11.000000 0.882694
v -13.000000 -11.000000 0.566776
v -12.000000 -11.000000 0.250675
v -11.000000 -11.000000 -0.065548
v -10.000000 -11.000000 -0.370968
v -9.000000 -11.000000 -0.609860
v -8.000000 -11.000000 -0.848873
v -7.000000 -11.000000 -1.087887
v -6.000000 -11.000000 -1.326901
v -5.000000 -11.000000 -1.566037
v -4.000000 -11.000000 -1.805233
v -3.000000 -11.000000 -2.044430
v -2.000000 -11.000000 -2.283749
v -1.000000 -11.000000 -2.523068
v 0.000000 -11.000000 -2.762448
v 1.000000 -11.000000 -3.001828
v 2.000000 -11.000000 -3.241330
v 3.000000 -11.000000 -3.480832
v 4.000000 -11.000000 -3.720395
v 5.000000 -11.000000 -3.960019
v 6.000000 -11.000000 -4.199704
v 7.000000 -11.000000 -4.439389
v 8.000000 -11.000000 -4.679135
v 9.000000 -11.000000 -4.918942
v 10.000000 -11.000000 -5.158810
v 11.000000 -11.000000 -5.398678
v 12.000000 -11.000000 -5.638669
v 13.000000 -11.000000 -5.878659
v 14.000000 -11.000000 -6.103390
v 15.000000 -11.000000 -6.098019
v 16.000000 -11.000000 -6.092526
v -16.000000 -10.000000 1.749271
v -15.000000 -10.000000 1.430057
v -14.000000 -10.000000 1.110721
v -13.000000 -10.000000 0.791263
v -12.000000 -10.000000 0.471683
v -11.000000 -10.000000 0.152042
v -10.000000 -10.000000 -0.157956
v -9.000000 -10.000000 -0.398312
v -8.000000 -10.000000 -0.638668
v -7.000000 -10.000000 -0.879147
v -6.000000 -10.000000 -1.119564
v -5.000000 -10.000000 -1.360104
v -4.000000 -10.000000 -1.600705
v -3.000000 -10.000000 -1.841305
v -2.000000 -10.000000 -2.081967
v -1.000000 -10.000000 -2.322690
v 0.000000 -10.000000 -2.563473
v 1.000000 -10.000000 -2.804318
v 2.000000 -10.000000 -3.045163
v 3.000000 -10.000000 -3.286068
v 4.000000 -10.000000 -3.527035
v 5.000000 -10.000000 -3.768063
v 6.000000 -10.000000 -4.009091
v 7.000000 -10.000000 -4.250241
v 8.000000 -10.000000 -4.491330
v 9.000000 -10.000000 -4.732541
v 10.000000 -10.000000 -4.973874
v 11.000000 -10.000000 -5.215146
v 12.000000 -10.000000 -5.456540
v 13.000000 -10.000000 -5.697873
v 14.000000 -10.000000 -5.928097
v 15.000000 -10.000000 -5.919369
v 16.000000 -10.000000 -5.910580
v -16.000000 -9.000000 1.984501
v -15.000000 -9.000000 1.661747
v -14.000000 -9.000000 1.338932
v -13.000000 -9.000000 1.015995
v -12.000000 -9.000000 0.692875
v -11.000000 -9.000000 0.369693
v -10.000000 -9.000000 0.055057
v -9.000000 -9.000000 -0.186703
v -8.000000 -9.000000 -0.428463
v -7.000000 -9.000000 -0.670285
v -6.000000 -9.000000 -0.912167
v -5.000000 -9.000000 -1.154049
v -4.000000 -9.000000 -1.396054
v -3.000000 -9.000000 -1.638058
v -2.000000 -9.000000 -1.880123
v -1.000000 -9.000000 -2.122311
v 0.000000 -9.000000 -2.364438
v 1.000000 -9.000000 -2.606686
v 2.000000 -9.000000 -2.848935
v 3.000000 -9.000000 -3.091244
v 4.000000 -9.000000 -3.333615
v 5.000000 -9.000000 -3.576046
v 6.000000 -9.000000 -3.818478
v 7.000000 -9.000000 -4.060971
v 8.000000 -9.000000 -4.303586
v 9.000000 -9.000000 -4.546139
v 10.000000 -9.000000 -4.788815
v 11.000000 -9.000000 -5.031491
v 12.000000 -9.000000 -5.274289
v 13.000000 -9.000000 -5.517087
v 14.000000 -9.000000 -5.752926
v 15.000000 -9.000000 -5.740841
v 16.000000 -9.000000 -5.728634
v -16.000000 -8.000000 2.219791
v -15.000000 -8.000000 1.893558
v -14.000000 -8.000000 1.567264
v -13.000000 -8.000000 1.240787
v -12.000000 -8.000000 0.914188
v -11.000000 -8.000000 0.587589
v -10.000000 -8.000000 0.268741
v -9.000000 -8.000000 0.026249
v -8.000000 -8.000000 -0.216183
v -7.000000 -8.000000 -0.458615
v -6.000000 -8.000000 -0.701046
v -5.000000 -8.000000 -0.943478
v -4.000000 -8.000000 -1.185910
v -3.000000 -8.000000 -1.428219
v -2.000000 -8.000000 -1.670529
v -1.000000 -8.000000 -1.912838
v 0.000000 -8.000000 -2.155148
v 1.000000 -8.000000 -2.397458
v 2.000000 -8.000000 -2.639706
v 3.000000 -8.000000 -2.881955
v 4.000000 -8.000000 -3.124142
v 5.000000 -8.000000 -3.366330
v 6.000000 -8.000000 -3.608517
v 7.000000 -8.000000 -3.850644
v 8.000000 -8.000000 -4.092770
v 9.000000 -8.000000 -4.334897
v 10.000000 -8.000000 -4.576962
v 11.000000 -8.000000 -4.819027
v 12.000000 -8.000000 -5.061093
v 13.000000 -8.000000 -5.303097
v 14.000000 -8.000000 -5.542477
v 15.000000 -8.000000 -5.527218
v 16.000000 -8.000000 -5.492459
v -16.000000 -7.000000 2.476200
v -15.000000 -7.000000 2.148380
v -14.000000 -7.000000 1.820438
v -13.000000 -7.000000 1.492435
v -12.000000 -7.000000 1.164371
v -11.000000 -7.000000 0.836246
v -10.000000 -7.000000 0.514164
v -9.000000 -7.000000 0.272342
v -8.000000 -7.000000 0.030399
v -7.000000 -7.000000 -0.211422
v -6.000000 -7.000000 -0.453244
v -5.000000 -7.000000 -0.695004
v -4.000000 -7.000000 -0.936764
v -3.000000 -7.000000 -1.178524
v -2.000000 -7.000000 -1.420285
v -1.000000 -7.000000 -1.661984
v 0.000000 -7.000000 -1.903683
v 1.000000 -7.000000 -2.145321
v 2.000000 -7.000000 -2.386960
v 3.000000 -7.000000 -2.628537
v 4.000000 -7.000000 -2.870175
v 5.000000 -7.000000 -3.111752
v 6.000000 -7.000000 -3.353329
v 7.000000 -7.000000 -3.594845
v 8.000000 -7.000000 -3.836361
v 9.000000 -7.000000 -4.077878
v 10.000000 -7.000000 -4.319333
v 11.000000 -7.000000 -4.560788
v 12.000000 -7.000000 -4.802243
v 13.000000 -7.000000 -5.043637
v 14.000000 -7.000000 -5.285031
v 15.000000 -7.000000 -5.271603
v 16.000000 -7.000000 -5.256283
v -16.000000 -6.000000 2.734745
v -15.000000 -6.000000 2.404911
v -14.000000 -6.000000 2.075016
v -13.000000 -6.000000 1.745060
v -12.000000 -6.000000 1.415043
v -11.000000 -6.000000 1.084964
v -10.000000 -6.000000 0.759586
v -9.000000 -6.000000 0.518314
v -8.000000 -6.000000 0.277103
v -7.000000 -6.000000 0.035892
v -6.000000 -6.000000 -0.205319
v -5.000000 -6.000000 -0.446530
v -4.000000 -6.000000 -0.687741
v -3.000000 -6.000000 -0.928830
v -2.000000 -6.000000 -1.169918
v -1.000000 -6.000000 -1.411068
v 0.000000 -6.000000 -1.652096
v 1.000000 -6.000000 -1.893185
v 2.000000 -6.000000 -2.134213
v 3.000000 -6.000000 -2.375241
v 4.000000 -6.000000 -2.616208
v 5.000000 -6.000000 -2.857174
v 6.000000 -6.000000 -3.098141
v 7.000000 -6.000000 -3.339108
v 8.000000 -6.000000 -3.579953
v 9.000000 -6.000000 -3.820858
v 10.000000 -6.000000 -4.061764
v 11.000000 -6.000000 -4.302609
v 12.000000 -6.000000 -4.543393
v 13.000000 -6.000000 -4.784176
v 14.000000 -6.000000 -5.025021
v 15.000000 -6.000000 -5.015988
v 16.000000 -6.000000 -5.000699
v -16.000000 -5.000000 2.993289
v -15.000000 -5.000000 2.661502
v -14.000000 -5.000000 2.329654
v -13.000000 -5.000000 1.997806
v -12.000000 -5.000000 1.665775
v -11.000000 -5.000000 1.333744
v -10.000000 -5.000000 1.005008
v -9.000000 -5.000000 0.764286
v -8.000000 -5.000000 0.523685
v -7.000000 -5.000000 0.283085
v -6.000000 -5.000000 0.042484
v -5.000000 -5.000000 -0.198117
v -4.000000 -5.000000 -0.438656
v -3.000000 -5.000000 -0.679196
v -2.000000 -5.000000 -0.919674
v -1.000000 -5.000000 -1.160153
v 0.000000 -5.000000 -1.400631
v 1.000000 -5.000000 -1.641110
v 2.000000 -5.000000 -1.881527
v 3.000000 -5.000000 -2.121945
v 4.000000 -5.000000 -2.362301
v 5.000000 -5.000000 -2.602658
v 6.000000 -5.000000 -2.843014
v 7.000000 -5.000000 -3.083310
v 8.000000 -5.000000 -3.323605
v 9.000000 -5.000000 -3.563900
v 10.000000 -5.000000 -3.804135
v 11.000000 -5.000000 -4.044369
v 12.000000 -5.000000 -4.284604
v 13.000000 -5.000000 -4.524777
v 14.000000 -5.000000 -4.764950
v 15.000000 -5.000000 -4.760373
v 16.000000 -5.000000 -4.745114
v -16.000000 -4.000000 3.251834
v -15.000000 -4.000000 2.918155
v -14.000000 -4.000000 2.584354
v -13.000000 -4.000000 2.250492
v -12.000000 -4.000000 1.916629
v -11.000000 -4.000000 1.582645
v -10.000000 -4.000000 1.250370
v -9.000000 -4.000000 1.010318
v -8.000000 -4.000000 0.770267
v -7.000000 -4.000000 0.530277
v -6.000000 -4.000000 0.290287
v -5.000000 -4.000000 0.050296
v -4.000000 -4.000000 -0.189572
v -3.000000 -4.000000 -0.429562
v -2.000000 -4.000000 -0.669430
v -1.000000 -4.000000 -0.909298
v 0.000000 -4.000000 -1.149166
v 1.000000 -4.000000 -1.389035
v 2.000000 -4.000000 -1.628781
v 3.000000 -4.000000 -1.868649
v 4.000000 -4.000000 -2.108395
v 5.000000 -4.000000 -2.348141
v 6.000000 -4.000000 -2.587887
v 7.000000 -4.000000 -2.827572
v 8.000000 -4.000000 -3.067257
v 9.000000 -4.000000 -3.306942
v 10.000000 -4.000000 -3.546628
v 11.000000 -4.000000 -3.786252
v 12.000000 -4.000000 -4.025815
v 13.000000 -4.000000 -4.265378
v 14.000000 -4.000000 -4.504941
v 15.000000 -4.000000 -4.504818
v 16.000000 -4.000000 -4.489499
v -16.000000 -3.000000 3.510501
v -15.000000 -3.000000 3.174869
v -14.000000 -3.000000 2.839115
v -13.000000 -3.000000 2.503360
v -12.000000 -3.000000 2.167484
v -11.000000 -3.000000 1.831546
v -10.000000 -3.000000 1.495731
v -9.000000 -3.000000 1.256229
v -8.000000 -3.000000 1.016849
v -7.000000 -3.000000 0.777469
v -6.000000 -3.000000 0.538089
v -5.000000 -3.000000 0.298710
v -4.000000 -3.000000 0.059391
v -3.000000 -3.000000 -0.179928
v -2.000000 -3.000000 -0.419186
v -1.000000 -3.000000 -0.658444
v 0.000000 -3.000000 -0.897702
v 1.000000 -3.000000 -1.136959
v 2.000000 -3.000000 -1.376156
v 3.000000 -3.000000 -1.615353
v 4.000000 -3.000000 -1.854489
v 5.000000 -3.000000 -2.093625
v 6.000000 -3.000000 -2.332760
v 7.000000 -3.000000 -2.571896
v 8.000000 -3.000000 -2.810910
v 9.000000 -3.000000 -3.050045
v 10.000000 -3.000000 -3.289059
v 11.000000 -3.000000 -3.528073
v 12.000000 -3.000000 -3.767087
v 13.000000 -3.000000 -4.005978
v 14.000000 -3.000000 -4.244992
v 15.000000 -3.000000 -4.249264
v 16.000000 -3.000000 -4.233883
v -16.000000 -2.000000 3.769290
v -15.000000 -2.000000 3.431644
v -14.000000 -2.000000 3.093997
v -13.000000 -2.000000 2.756229
v -12.000000 -2.000000 2.418460
v -11.000000 -2.000000 2.080570
v -10.000000 -2.000000 1.742679
v -9.000000 -2.000000 1.502201
v -8.000000 -2.000000 1.263431
v -7.000000 -2.000000 1.024662
v -6.000000 -2.000000 0.785892
v -5.000000 -2.000000 0.547123
v -4.000000 -2.000000 0.308353
v -3.000000 -2.000000 0.069706
v -2.000000 -2.000000 -0.169003
v -1.000000 -2.000000 -0.407650
v 0.000000 -2.000000 -0.646298
v 1.000000 -2.000000 -0.884884
v 2.000000 -2.000000 -1.123532
v 3.000000 -2.000000 -1.362057
v 4.000000 -2.000000 -1.600644
v 5.000000 -2.000000 -1.839169
v 6.000000 -2.000000 -2.077694
v 7.000000 -2.000000 -2.316159
v 8.000000 -2.000000 -2.554684
v 9.000000 -2.000000 -2.793087
v 10.000000 -2.000000 -3.031491
v 11.000000 -2.000000 -3.269894
v 12.000000 -2.000000 -3.508297
v 13.000000 -2.000000 -3.746701
v 14.000000 -2.000000 -3.984982
v 15.000000 -2.000000 -3.993649
v 16.000000 -2.000000 -3.978268
v -16.000000 -1.000000 4.028080
v -15.000000 -1.000000 3.688541
v -14.000000 -1.000000 3.348880
v -13.000000 -1.000000 3.009281
v -12.000000 -1.000000 2.669437
v -11.000000 -1.000000 2.329654
v -10.000000 -1.000000 1.989750
v -9.000000 -1.000000 1.748172
v -8.000000 -1.000000 1.509891
v -7.000000 -1.000000 1.271732
v -6.000000 -1.000000 1.033573
v -5.000000 -1.000000 0.795475
v -4.000000 -1.000000 0.557377
v -3.000000 -1.000000 0.319217
v -2.000000 -1.000000 0.081180
v -1.000000 -1.000000 -0.156857
v 0.000000 -1.000000 -0.394894
v 1.000000 -1.000000 -0.632931
v 2.000000 -1.000000 -0.870846
v 3.000000 -1.000000 -1.108883
v 4.000000 -1.000000 -1.346798
v 5.000000 -1.000000 -1.584713
v 6.000000 -1.000000 -1.822628
v 7.000000 -1.000000 -2.060544
v 8.000000 -1.000000 -2.298337
v 9.000000 -1.000000 -2.536191
v 10.000000 -1.000000 -2.774045
v 11.000000 -1.000000 -3.011837
v 12.000000 -1.000000 -3.249569
v 13.000000 -1.000000 -3.487301
v 14.000000 -1.000000 -3.725094
v 15.000000 -1.000000 -3.738034
v 16.000000 -1.000000 -3.722653
v -16.000000 0.000000 4.286991
v -15.000000 0.000000 3.945438
v -14.000000 0.000000 3.603885
v -13.000000 0.000000 3.262271
v -12.000000 0.000000 2.920536
v -11.000000 0.000000 2.578800
v -10.000000 0.000000 2.236942
v -9.000000 0.000000 1.994022
v -8.000000 0.000000 1.756473
v -7.000000 0.000000 1.518863
v -6.000000 0.000000 1.281314
v -5.000000 0.000000 1.043827
v -4.000000 0.000000 0.806278
v -3.000000 0.000000 0.568851
v -2.000000 0.000000 0.331363
v -1.000000 0.000000 0.093876
v 0.000000 0.000000 -0.143551
v 1.000000 0.000000 -0.380917
v 2.000000 0.000000 -0.618283
v 3.000000 0.000000 -0.855648
v 4.000000 0.000000 -1.093014
v 5.000000 0.000000 -1.330319
v 6.000000 0.000000 -1.567562
v 7.000000 0.000000 -1.804806
v 8.000000 0.000000 -2.042111
v 9.000000 0.000000 -2.279294
v 10.000000 0.000000 -2.516537
v 11.000000 0.000000 -2.753720
v 12.000000 0.000000 -2.990841
v 13.000000 0.000000 -3.228024
v 14.000000 0.000000 -3.465146
v 15.000000 0.000000 -3.482419
v 16.000000 0.000000 -3.467068
v -16.000000 1.000000 4.545902
v -15.000000 1.000000 4.202518
v -14.000000 1.000000 3.858951
v -13.000000 1.000000 3.515384
v -12.000000 1.000000 3.171756
v -11.000000 1.000000 2.828006
v -10.000000 1.000000 2.484256
v -9.000000 1.000000 2.239872
v -8.000000 1.000000 2.002933
v -7.000000 1.000000 1.765995
v -6.000000 1.000000 1.529056
v -5.000000 1.000000 1.292118
v -4.000000 1.000000 1.055179
v -3.000000 1.000000 0.818363
v -2.000000 1.000000 0.581485
v -1.000000 1.000000 0.344669
v 0.000000 1.000000 0.107853
v 1.000000 1.000000 -0.128903
v 2.000000 1.000000 -0.365719
v 3.000000 1.000000 -0.602414
v 4.000000 1.000000 -0.839169
v 5.000000 1.000000 -1.075863
v 6.000000 1.000000 -1.312558
v 7.000000 1.000000 -1.549191
v 8.000000 1.000000 -1.785885
v 9.000000 1.000000 -2.022458
v 10.000000 1.000000 -2.259030
v 11.000000 1.000000 -2.495663
v 12.000000 1.000000 -2.732174
v 13.000000 1.000000 -2.968747
v 14.000000 1.000000 -3.205258
v 15.000000 1.000000 -3.226864
v 16.000000 1.000000 -3.211483
v -16.000000 2.000000 4.804935
v -15.000000 2.000000 4.459537
v -14.000000 2.000000 4.114078
v -13.000000 2.000000 3.768558
v -12.000000 2.000000 3.422977
v -11.000000 2.000000 3.077274
v -10.000000 2.000000 2.731571
v -9.000000 2.000000 2.485721
v -8.000000 2.000000 2.249393
v -7.000000 2.000000 2.013065
v -6.000000 2.000000 1.776737
v -5.000000 2.000000 1.540409
v -4.000000 2.000000 1.304142
v -3.000000 2.000000 1.067875
v -2.000000 2.000000 0.831607
v -1.000000 2.000000 0.595401
v 0.000000 2.000000 0.359195
v 1.000000 2.000000 0.123050
v 2.000000 2.000000 -0.113156
v 3.000000 2.000000 -0.349240
v 4.000000 2.000000 -0.585385
v 5.000000 2.000000 -0.821469
v 6.000000 2.000000 -1.057553
v 7.000000 2.000000 -1.293576
v 8.000000 2.000000 -1.529660
v 9.000000 2.000000 -1.765622
v 10.000000 2.000000 -2.001645
v 11.000000 2.000000 -2.237607
v 12.000000 2.000000 -2.473507
v 13.000000 2.000000 -2.709469
v 14.000000 2.000000 -2.945370
v 15.000000 2.000000 -2.971310
v 16.000000 2.000000 -2.955899
v -16.000000 3.000000 5.064029
v -15.000000 3.000000 4.716678
v -14.000000 3.000000 4.369266
v -13.000000 3.000000 4.021793
v -12.000000 3.000000 3.674259
v -11.000000 3.000000 3.326663
v -10.000000 3.000000 2.978946
v -9.000000 3.000000 2.731571
v -8.000000 3.000000 2.495853
v -7.000000 3.000000 2.260135
v -6.000000 3.000000 2.024417
v -5.000000 3.000000 1.788700
v -4.000000 3.000000 1.552982
v -3.000000 3.000000 1.317386
v -2.000000 3.000000 1.081730
v -1.000000 3.000000 0.846073
v 0.000000 3.000000 0.610477
v 1.000000 3.000000 0.374942
v 2.000000 3.000000 0.139408
v 3.000000 3.000000 -0.096127
v 4.000000 3.000000 -0.331662
v 5.000000 3.000000 -0.567135
v 6.000000 3.000000 -0.802609
v 7.000000 3.000000 -1.038021
v 8.000000 3.000000 -1.273434
v 9.000000 3.000000 -1.508847
v 10.000000 3.000000 -1.744259
v 11.000000 3.000000 -1.979611
v 12.000000 3.000000 -2.214901
v 13.000000 3.000000 -2.450192
v 14.000000 3.000000 -2.685544
v 15.000000 3.000000 -2.715695
v 16.000000 3.000000 -2.700314
v -16.000000 4.000000 5.323184
v -15.000000 4.000000 4.973880
v -14.000000 4.000000 4.624515
v -13.000000 4.000000 4.275089
v -12.000000 4.000000 3.925601
v -11.000000 4.000000 3.576053
v -10.000000 4.000000 3.226444
v -9.000000 4.000000 2.977420
v -8.000000 4.000000 2.742252
v -7.000000 4.000000 2.507144
v -6.000000 4.000000 2.272037
v -5.000000 4.000000 2.036930
v -4.000000 4.000000 1.801883
v -3.000000 4.000000 1.566837
v -2.000000 4.000000 1.331791
v -1.000000 4.000000 1.096805
v 0.000000 4.000000 0.861820
v 1.000000 4.000000 0.626835
v 2.000000 4.000000 0.391910
v 3.000000 4.000000 0.156986
v 4.000000 4.000000 -0.077877
v 5.000000 4.000000 -0.312741
v 6.000000 4.000000 -0.547604
v 7.000000 4.000000 -0.782467
v 8.000000 4.000000 -1.017269
v 9.000000 4.000000 -1.252072
v 10.000000 4.000000 -1.486813
v 11.000000 4.000000 -1.721554
v 12.000000 4.000000 -1.956295
v 13.000000 4.000000 -2.191037
v 14.000000 4.000000 -2.425656
v 15.000000 4.000000 -2.460080
v 16.000000 4.000000 -2.444699
v -16.000000 5.000000 5.582401
v -15.000000 5.000000 5.231205
v -14.000000 5.000000 4.879886
v -13.000000 5.000000 4.528446
v -12.000000 5.000000 4.177005
v -11.000000 5.000000 3.825565
v -10.000000 5.000000 3.473941
v -9.000000 5.000000 3.223209
v -8.000000 5.000000 2.988651
v -7.000000 5.000000 2.754154
v -6.000000 5.000000 2.519657
v -5.000000 5.000000 2.285160
v -4.000000 5.000000 2.050724
v -3.000000 5.000000 1.816288
v -2.000000 5.000000 1.581852
v -1.000000 5.000000 1.347477
v 0.000000 5.000000 1.113102
v 1.000000 5.000000 0.878788
v 2.000000 5.000000 0.644413
v 3.000000 5.000000 0.410099
v 4.000000 5.000000 0.175785
v 5.000000 5.000000 -0.058468
v 6.000000 5.000000 -0.292721
v 7.000000 5.000000 -0.526913
v 8.000000 5.000000 -0.761105
v 9.000000 5.000000 -0.995297
v 10.000000 5.000000 -1.229489
v 11.000000 5.000000 -1.463620
v 12.000000 5.000000 -1.697689
v 13.000000 5.000000 -1.931759
v 14.000000 5.000000 -2.165890
v 15.000000 5.000000 -2.204464
v 16.000000 5.000000 -2.189084
v -16.000000 6.000000 5.841678
v -15.000000 6.000000 5.488529
v -14.000000 6.000000 5.135257
v -13.000000 6.000000 4.781925
v -12.000000 6.000000 4.428531
v -11.000000 6.000000 4.075077
v -10.000000 6.000000 3.721561
v -9.000000 6.000000 3.468997
v -8.000000 6.000000 3.235050
v -7.000000 6.000000 3.001102
v -6.000000 6.000000 2.767215
v -5.000000 6.000000 2.533390
v -4.000000 6.000000 2.299564
v -3.000000 6.000000 2.065677
v -2.000000 6.000000 1.831913
v -1.000000 6.000000 1.598148
v 0.000000 6.000000 1.364383
v 1.000000 6.000000 1.130619
v 2.000000 6.000000 0.896854
v 3.000000 6.000000 0.663211
v 4.000000 6.000000 0.429508
v 5.000000 6.000000 0.195865
v 6.000000 6.000000 -0.037777
v 7.000000 6.000000 -0.271359
v 8.000000 6.000000 -0.505001
v 9.000000 6.000000 -0.738522
v 10.000000 6.000000 -0.972103
v 11.000000 6.000000 -1.205624
v 12.000000 6.000000 -1.439144
v 13.000000 6.000000 -1.672604
v 14.000000 6.000000 -1.906124
v 15.000000 6.000000 -1.948910
v 16.000000 6.000000 -1.933499
v -16.000000 7.000000 6.101078
v -15.000000 7.000000 5.745914
v -14.000000 7.000000 5.390750
v -13.000000 7.000000 5.035404
v -12.000000 7.000000 4.680057
v -11.000000 7.000000 4.324710
v -10.000000 7.000000 3.969242
v -9.000000 7.000000 3.714725
v -8.000000 7.000000 3.481449
v -7.000000 7.000000 3.248111
v -6.000000 7.000000 3.014835
v -5.000000 7.000000 2.781559
v -4.000000 7.000000 2.548343
v -3.000000 7.000000 2.315067
v -2.000000 7.000000 2.081913
v -1.000000 7.000000 1.848758
v 0.000000 7.000000 1.615604
v 1.000000 7.000000 1.382450
v 2.000000 7.000000 1.149356
v 3.000000 7.000000 0.916263
v 4.000000 7.000000 0.683231
v 5.000000 7.000000 0.450138
v 6.000000 7.000000 0.217167
v 7.000000 7.000000 -0.015866
v 8.000000 7.000000 -0.248898
v 9.000000 7.000000 -0.481808
v 10.000000 7.000000 -0.714718
v 11.000000 7.000000 -0.947689
v 12.000000 7.000000 -1.180539
v 13.000000 7.000000 -1.413449
v 14.000000 7.000000 -1.646298
v 15.000000 7.000000 -1.693356
v 16.000000 7.000000 -1.677914
v -16.000000 8.000000 6.360477
v -15.000000 8.000000 6.003421
v -14.000000 8.000000 5.646244
v -13.000000 8.000000 5.289005
v -12.000000 8.000000 4.931766
v -11.000000 8.000000 4.574344
v -10.000000 8.000000 4.216922
v -9.000000 8.000000 3.960453
v -8.000000 8.000000 3.727787
v -7.000000 8.000000 3.495059
v -6.000000 8.000000 3.262393
v -5.000000 8.000000 3.029727
v -4.000000 8.000000 2.797122
v -3.000000 8.000000 2.564456
v -2.000000 8.000000 2.331913
v -1.000000 8.000000 2.099369
v 0.000000 8.000000 1.866825
v 1.000000 8.000000 1.634281
v 2.000000 8.000000 1.401798
v 3.000000 8.000000 1.169315
v 4.000000 8.000000 0.936893
v 5.000000 8.000000 0.704410
v 6.000000 8.000000 0.471988
v 7.000000 8.000000 0.239627
v 8.000000 8.000000 0.007206
v 9.000000 8.000000 -0.225094
v 10.000000 8.000000 -0.457455
v 11.000000 8.000000 -0.689755
v 12.000000 8.000000 -0.922055
v 13.000000 8.000000 -1.154293
v 14.000000 8.000000 -1.386593
v 15.000000 8.000000 -1.437741
v 16.000000 8.000000 -1.422329
v -16.000000 9.000000 6.619998
v -15.000000 9.000000 6.260929
v -14.000000 9.000000 5.901859
v -13.000000 9.000000 5.542667
v -12.000000 9.000000 5.183475
v -11.000000 9.000000 4.824100
v -10.000000 9.000000 4.464725
v -9.000000 9.000000 4.206180
v -8.000000 9.000000 3.974063
v -7.000000 9.000000 3.741947
v -6.000000 9.000000 3.509891
v -5.000000 9.000000 3.277835
v -4.000000 9.000000 3.045902
v -3.000000 9.000000 2.813846
v -2.000000 9.000000 2.581913
v -1.000000 9.000000 2.349918
v 0.000000 9.000000 2.118045
v 1.000000 9.000000 1.886112
v 2.000000 9.000000 1.654178
v 3.000000 9.000000 1.422367
v 4.000000 9.000000 1.190494
v 5.000000 9.000000 0.958622
v 6.000000 9.000000 0.726810
v 7.000000 9.000000 0.495060
v 8.000000 9.000000 0.263309
v 9.000000 9.000000 0.031559
v 10.000000 9.000000 -0.200192
v 11.000000 9.000000 -0.431881
v 12.000000 9.000000 -0.663571
v 13.000000 9.000000 -0.895199
v 14.000000 9.000000 -1.126828
v 15.000000 9.000000 -1.182125
v 16.000000 9.000000 -1.166745
v -16.000000 10.000000 6.879520
v -15.000000 10.000000 6.518558
v -14.000000 10.000000 6.157474
v -13.000000 10.000000 5.796390
v -12.000000 10.000000 5.435184
v -11.000000 10.000000 5.073978
v -10.000000 10.000000 4.712650
v -9.000000 10.000000 4.451847
v -8.000000 10.000000 4.220340
v -7.000000 10.000000 3.988895
v -6.000000 10.000000 3.757450
v -5.000000 10.000000 3.526004
v -4.000000 10.000000 3.294559
v -3.000000 10.000000 3.063236
v -2.000000 10.000000 2.831851
v -1.000000 10.000000 2.600467
v 0.000000 10.000000 2.369144
v 1.000000 10.000000 2.137882
v 2.000000 10.000000 1.906620
v 3.000000 10.000000 1.675296
v 4.000000 10.000000 1.444095
v 5.000000 10.000000 1.212894
v 6.000000 10.000000 0.981693
v 7.000000 10.000000 0.750492
v 8.000000 10.000000 0.519352
v 9.000000 10.000000 0.288211
v 10.000000 10.000000 0.057132
v 11.000000 10.000000 -0.173947
v 12.000000 10.000000 -0.405026
v 13.000000 10.000000 -0.636105
v 14.000000 10.000000 -0.867123
v 15.000000 10.000000 -0.926510
v 16.000000 10.000000 -0.911129
v -16.000000 11.000000 7.139163
v -15.000000 11.000000 6.776248
v -14.000000 11.000000 6.413211
v -13.000000 11.000000 6.050174
v -12.000000 11.000000 5.687015
v -11.000000 11.000000 5.323856
v -10.000000 11.000000 4.960575
v -9.000000 11.000000 4.697513
v -8.000000 11.000000 4.466617
v -7.000000 11.000000 4.235721
v -6.000000 11.000000 4.004886
v -5.000000 11.000000 3.774112
v -4.000000 11.000000 3.543338
v -3.000000 11.000000 3.312503
v -2.000000 11.000000 3.081790
v -1.000000 11.000000 2.851078
v 0.000000 11.000000 2.620365
v 1.000000 11.000000 2.389652
v 2.000000 11.000000 2.158939
v 3.000000 11.000000 1.928348
v 4.000000 11.000000 1.697635
v 5.000000 11.000000 1.467044
v 6.000000 11.000000 1.236454
v 7.000000 11.000000 1.005924
v 8.000000 11.000000 0.775394
v 9.000000 11.000000 0.544864
v 10.000000 11.000000 0.314335
v 11.000000 11.000000 0.083866
v 12.000000 11.000000 -0.146603
v 13.000000 11.000000 -0.377011
v 14.000000 11.000000 -0.607418
v 15.000000 11.000000 -0.670956
v 16.000000 11.000000 -0.655514
v -16.000000 12.000000 7.398807
v -15.000000 12.000000 7.033939
v -14.000000 12.000000 6.669071
v -13.000000 12.000000 6.304019
v -12.000000 12.000000 5.938968
v -11.000000 12.000000 5.573795
v -10.000000 12.000000 5.208622
v -9.000000 12.000000 4.943119
v -8.000000 12.000000 4.712894
v -7.000000 12.000000 4.482669
v -6.000000 12.000000 4.252384
v -5.000000 12.000000 4.022220
v -4.000000 12.000000 3.791996
v -3.000000 12.000000 3.561832
v -2.000000 12.000000 3.331668
v -1.000000 12.000000 3.101566
v 0.000000 12.000000 2.871463
v 1.000000 12.000000 2.641361
v 2.000000 12.000000 2.411319
v 3.000000 12.000000 2.181278
v 4.000000 12.000000 1.951236
v 5.000000 12.000000 1.721256
v 6.000000 12.000000 1.491275
v 7.000000 12.000000 1.261356
v 8.000000 12.000000 1.031376
v 9.000000 12.000000 0.801456
v 10.000000 12.000000 0.571537
v 11.000000 12.000000 0.341678
v 12.000000 12.000000 0.111820
v 13.000000 12.000000 -0.117978
v 14.000000 12.000000 -0.347775
v 15.000000 12.000000 -0.415402
v 16.000000 12.000000 -0.399929
v -16.000000 13.000000 7.658573
v -15.000000 13.000000 7.291751
v -14.000000 13.000000 6.924930
v -13.000000 13.000000 6.557926
v -12.000000 13.000000 6.190921
v -11.000000 13.000000 5.823856
v -10.000000 13.000000 5.456668
v -9.000000 13.000000 5.188785
v -8.000000 13.000000 4.959110
v -7.000000 13.000000 4.729496
v -6.000000 13.000000 4.499881
v -5.000000 13.000000 4.270267
v -4.000000 13.000000 4.040653
v -3.000000 13.000000 3.811100
v -2.000000 13.000000 3.581546
v -1.000000 13.000000 3.352054
v 0.000000 13.000000 3.122562
v 1.000000 13.000000 2.893070
v 2.000000 13.000000 2.663639
v 3.000000 13.000000 2.434207
v 4.000000 13.000000 2.204837
v 5.000000 13.000000 1.975406
v 6.000000 13.000000 1.746036
v 7.000000 13.000000 1.516727
v 8.000000 13.000000 1.287357
v 9.000000 13.000000 1.058109
v 10.000000 13.000000 0.828739
v 11.000000 13.000000 0.599491
v 12.000000 13.000000 0.370243
v 13.000000 13.000000 0.141056
v 14.000000 13.000000 -0.088131
v 15.000000 13.000000 -0.159787
v 16.000000 13.000000 -0.144345
v -16.000000 14.000000 7.918460
v -15.000000 14.000000 7.549686
v -14.000000 14.000000 7.180789
v -13.000000 14.000000 6.811893
v -12.000000 14.000000 6.442997
v -11.000000 14.000000 6.073917
v -10.000000 14.000000 5.704837
v -9.000000 14.000000 5.434391
v -8.000000 14.000000 5.205326
v -7.000000 14.000000 4.976322
v -6.000000 14.000000 4.747318
v -5.000000 14.000000 4.518314
v -4.000000 14.000000 4.289310
v -3.000000 14.000000 4.060367
v -2.000000 14.000000 3.831424
v -1.000000 14.000000 3.602542
v 0.000000 14.000000 3.373661
v 1.000000 14.000000 3.144779
v 2.000000 14.000000 2.915897
v 3.000000 14.000000 2.687137
v 4.000000 14.000000 2.458316
v 5.000000 14.000000 2.229496
v 6.000000 14.000000 2.000797
v 7.000000 14.000000 1.772037
v 8.000000 14.000000 1.543338
v 9.000000 14.000000 1.314640
v 10.000000 14.000000 1.085941
v 11.000000 14.000000 0.857303
v 12.000000 14.000000 0.628666
v 13.000000 14.000000 0.400089
v 14.000000 14.000000 0.171512
v 15.000000 14.000000 0.095829
v 16.000000 14.000000 0.111240
v -16.000000 15.000000 8.178349
v -15.000000 15.000000 7.807621
v -14.000000 15.000000 7.436832
v -13.000000 15.000000 7.065982
v -12.000000 15.000000 6.695072
v -11.000000 15.000000 6.324100
v -10.000000 15.000000 5.953006
v -9.000000 15.000000 5.679935
v -8.000000 15.000000 5.451541
v -7.000000 15.000000 5.223087
v -6.000000 15.000000 4.994693
v -5.000000 15.000000 4.766300
v -4.000000 15.000000 4.537967
v -3.000000 15.000000 4.309574
v -2.000000 15.000000 4.081302
v -1.000000 15.000000 3.853031
v 0.000000 15.000000 3.624759
v 1.000000 15.000000 3.396488
v 2.000000 15.000000 3.168216
v 3.000000 15.000000 2.940006
v 4.000000 15.000000 2.711795
v 5.000000 15.000000 2.483646
v 6.000000 15.000000 2.255497
v 7.000000 15.000000 2.027347
v 8.000000 15.000000 1.799320
v 9.000000 15.000000 1.571170
v 10.000000 15.000000 1.343143
v 11.000000 15.000000 1.115116
v 12.000000 15.000000 0.887088
v 13.000000 15.000000 0.659061
v 14.000000 15.000000 0.431095
v 15.000000 15.000000 0.351383
v 16.000000 15.000000 0.366825
v -16.000000 16.000000 8.438358
v -15.000000 16.000000 8.065678
v -14.000000 16.000000 7.692874
v -13.000000 16.000000 7.320072
v -12.000000 16.000000 6.947269
v -11.000000 16.000000 6.574344
v -10.000000 16.000000 6.201297
v -9.000000 16.000000 5.925540
v -8.000000 16.000000 5.697635
v -7.000000 16.000000 5.469852
v -6.000000 16.000000 5.242069
v -5.000000 16.000000 5.014286
v -4.000000 16.000000 4.786563
v -3.000000 16.000000 4.558841
v -2.000000 16.000000 4.331119
v -1.000000 16.000000 4.103397
v 0.000000 16.000000 3.875736
v 1.000000 16.000000 3.648075
v 2.000000 16.000000 3.420536
v 3.000000 16.000000 3.192874
v 4.000000 16.000000 2.965335
v 5.000000 16.000000 2.737735
v 6.000000 16.000000 2.510196
v 7.000000 16.000000 2.282718
v 8.000000 16.000000 2.055179
v 9.000000 16.000000 1.827762
v 10.000000 16.000000 1.600223
v 11.000000 16.000000 1.372806
v 12.000000 16.000000 1.145389
v 13.000000 16.000000 0.918033
v 14.000000 16.000000 0.690677
v 15.000000 16.000000 0.606937
v 16.000000 16.000000 0.622440
vn 0.2788 -0.2191 0.9350
vn 0.2791 -0.2160 0.9357
vn 0.2821 -0.2159 0.9348
vn 0.2818 -0.2190 0.9341
vn 0.2794 -0.2129 0.9363
vn 0.2824 -0.2128 0.9354
vn 0.2797 -0.2097 0.9369
vn 0.2827 -0.2097 0.9360
vn 0.2800 -0.2066 0.9375
vn 0.2830 -0.2065 0.9366
vn 0.2737 -0.2038 0.9400
vn 0.2771 -0.2037 0.9390
vn 0.2444 -0.2017 0.9485
vn 0.2468 -0.2017 0.9478
vn 0.2217 -0.2013 0.9541
vn 0.2226 -0.2016 0.9538
vn 0.2218 -0.2000 0.9544
vn 0.2227 -0.2003 0.9541
vn 0.2215 -0.1991 0.9546
vn 0.2228 -0.1990 0.9543
vn 0.2216 -0.1978 0.9549
vn 0.2229 -0.1977 0.9546
vn 0.2218 -0.1964 0.9551
vn 0.2230 -0.1965 0.9548
vn 0.2218 -0.1952 0.9554
vn 0.2231 -0.1952 0.9551
vn 0.2219 -0.1939 0.9556
vn 0.2232 -0.1939 0.9553
vn 0.2224 -0.1923 0.9558
vn 0.2233 -0.1926 0.9555
vn 0.2225 -0.1910 0.9560
vn 0.2234 -0.1913 0.9558
vn 0.2222 -0.1900 0.9563
vn 0.2235 -0.1900 0.9560
vn 0.2227 -0.1884 0.9565
vn 0.2236 -0.1887 0.9562
vn 0.2225 -0.1874 0.9568
vn 0.2237 -0.1874 0.9565
vn 0.2226 -0.1861 0.9570
vn 0.2238 -0.1861 0.9567
vn 0.2226 -0.1849 0.9572
vn 0.2239 -0.1848 0.9569
vn 0.2227 -0.1836 0.9574
vn 0.2240 -0.1835 0.9571
vn 0.2228 -0.1823 0.9577
vn 0.2241 -0.1823 0.9574
vn 0.2229 -0.1809 0.9579
vn 0.2242 -0.1810 0.9576
vn 0.2231 -0.1795 0.9581
vn 0.2243 -0.1796 0.9578
vn 0.2232 -0.1784 0.9583
vn 0.2244 -0.1783 0.9580
vn 0.2236 -0.1767 0.9585
vn 0.2245 -0.1770 0.9583
vn 0.2237 -0.1754 0.9587
vn 0.2246 -0.1757 0.9585
vn 0.2237 -0.1741 0.9590
vn 0.2247 -0.1744 0.9587
vn 0.2084 -0.1737 0.9625
vn 0.2111 -0.1737 0.9619
vn 0.1035 -0.1723 0.9796
vn 0.1040 -0.1723 0.9795
vn 0.0111 -0.1765 0.9842
vn 0.0078 -0.1764 0.9843
vn 0.0111 -0.1797 0.9837
vn 0.0077 -0.1796 0.9837
vn 0.2851 -0.2159 0.9339
vn 0.2848 -0.2189 0.9332
vn 0.2854 -0.2127 0.9345
vn 0.2857 -0.2096 0.9351
vn 0.2860 -0.2065 0.9357
vn 0.2805 -0.2036 0.9380
vn 0.2493 -0.2017 0.9472
vn 0.2238 -0.2015 0.9536
vn 0.2240 -0.2003 0.9538
vn 0.2241 -0.1990 0.9540
vn 0.2242 -0.1977 0.9543
vn 0.2243 -0.1964 0.9545
vn 0.2244 -0.1952 0.9548
vn 0.2245 -0.1939 0.9550
vn 0.2246 -0.1926 0.9552
vn 0.2246 -0.1913 0.9555
vn 0.2248 -0.1900 0.9557
vn 0.2249 -0.1887 0.9559
vn 0.2250 -0.1874 0.9562
vn 0.2251 -0.1861 0.9564
vn 0.2252 -0.1848 0.9566
vn 0.2253 -0.1835 0.9569
vn 0.2254 -0.1822 0.9571
vn 0.2255 -0.1809 0.9573
vn 0.2256 -0.1797 0.9575
vn 0.2257 -0.1784 0.9577
vn 0.2258 -0.1771 0.9580
vn 0.2259 -0.1757 0.9582
vn 0.2260 -0.1744 0.9584
vn 0.2144 -0.1732 0.9613
vn 0.1048 -0.1721 0.9795
vn 0.0046 -0.1763 0.9843
vn 0.0044 -0.1794 0.9838
vn 0.2881 -0.2157 0.9330
vn 0.2878 -0.2188 0.9324
vn 0.2884 -0.2126 0.9336
vn 0.2887 -0.2095 0.9342
vn 0.2890 -0.2064 0.9348
vn 0.2839 -0.2034 0.9370
vn 0.2519 -0.2015 0.9465
vn 0.2251 -0.2016 0.9533
vn 0.2252 -0.2003 0.9535
vn 0.2253 -0.1990 0.9537
vn 0.2254 -0.1977 0.9540
vn 0.2255 -0.1964 0.9542
vn 0.2256 -0.1951 0.9545
vn 0.2257 -0.1939 0.9547
vn 0.2258 -0.1926 0.9549
vn 0.2259 -0.1913 0.9552
vn 0.2260 -0.1900 0.9554
vn 0.2262 -0.1887 0.9556
vn 0.2262 -0.1874 0.9559
vn 0.2263 -0.1861 0.9561
vn 0.2265 -0.1848 0.9563
vn 0.2265 -0.1835 0.9566
vn 0.2267 -0.1822 0.9568
vn 0.2267 -0.1809 0.9570
vn 0.2268 -0.1796 0.9572
vn 0.2269 -0.1783 0.9574
vn 0.2271 -0.1770 0.9577
vn 0.2272 -0.1757 0.9579
vn 0.2272 -0.1744 0.9581
vn 0.2169 -0.1735 0.9607
vn 0.1056 -0.1720 0.9794
vn 0.0012 -0.1761 0.9844
vn 0.0012 -0.1793 0.9838
vn 0.2910 -0.2156 0.9321
vn 0.2908 -0.2188 0.9314
vn 0.2914 -0.2125 0.9327
vn 0.2917 -0.2094 0.9333
vn 0.2920 -0.2063 0.9339
vn 0.2873 -0.2033 0.9360
vn 0.2544 -0.2015 0.9459
vn 0.2264 -0.2015 0.9530
vn 0.2265 -0.2002 0.9532
vn 0.2266 -0.1990 0.9534
vn 0.2267 -0.1977 0.9537
vn 0.2268 -0.1964 0.9539
vn 0.2269 -0.1951 0.9542
vn 0.2270 -0.1939 0.9544
vn 0.2271 -0.1926 0.9546
vn 0.2272 -0.1913 0.9549
vn 0.2273 -0.1900 0.9551
vn 0.2274 -0.1887 0.9553
vn 0.2275 -0.1874 0.9556
vn 0.2276 -0.1861 0.9558
vn 0.2277 -0.1848 0.9560
vn 0.2278 -0.1835 0.9563
vn 0.2279 -0.1822 0.9565
vn 0.2280 -0.1809 0.9567
vn 0.2281 -0.1796 0.9569
vn 0.2282 -0.1783 0.9571
vn 0.2283 -0.1770 0.9574
vn 0.2284 -0.1757 0.9576
vn 0.2285 -0.1744 0.9578
vn 0.2200 -0.1734 0.9600
vn 0.1064 -0.1719 0.9793
vn -0.0020 -0.1761 0.9844
vn -0.0022 -0.1793 0.9838
vn 0.2940 -0.2156 0.9312
vn 0.2938 -0.2186 0.9305
vn 0.2943 -0.2124 0.9318
vn 0.2947 -0.2093 0.9324
vn 0.2950 -0.2062 0.9330
vn 0.2907 -0.2032 0.9350
vn 0.2572 -0.2013 0.9452
vn 0.2276 -0.2015 0.9527
vn 0.2278 -0.2002 0.9529
vn 0.2278 -0.1989 0.9532
vn 0.2279 -0.1977 0.9534
vn 0.2281 -0.1964 0.9536
vn 0.2282 -0.1951 0.9539
vn 0.2283 -0.1938 0.9541
vn 0.2284 -0.1925 0.9543
vn 0.2285 -0.1912 0.9546
vn 0.2286 -0.1899 0.9548
vn 0.2287 -0.1886 0.9551
vn 0.2288 -0.1874 0.9553
vn 0.2289 -0.1861 0.9555
vn 0.2290 -0.1848 0.9557
vn 0.2291 -0.1835 0.9560
vn 0.2292 -0.1822 0.9562
vn 0.2293 -0.1809 0.9564
vn 0.2294 -0.1796 0.9566
vn 0.2295 -0.1783 0.9568
vn 0.2296 -0.1770 0.9571
vn 0.2297 -0.1757 0.9573
vn 0.2298 -0.1744 0.9575
vn 0.2231 -0.1733 0.9593
vn 0.1074 -0.1717 0.9793
vn -0.0053 -0.1759 0.9844
vn -0.0054 -0.1791 0.9838
vn 0.2970 -0.2155 0.9302
vn 0.2968 -0.2185 0.9296
vn 0.2973 -0.2124 0.9309
vn 0.2976 -0.2092 0.9315
vn 0.2979 -0.2061 0.9321
vn 0.2942 -0.2031 0.9339
vn 0.2598 -0.2012 0.9445
vn 0.2289 -0.2015 0.9524
vn 0.2290 -0.2002 0.9526
vn 0.2291 -0.1990 0.9529
vn 0.2292 -0.1976 0.9531
vn 0.2293 -0.1964 0.9533
vn 0.2294 -0.1951 0.9536
vn 0.2295 -0.1938 0.9538
vn 0.2296 -0.1925 0.9540
vn 0.2297 -0.1912 0.9543
vn 0.2299 -0.1900 0.9545
vn 0.2299 -0.1886 0.9547
vn 0.2300 -0.1874 0.9550
vn 0.2301 -0.1861 0.9552
vn 0.2303 -0.1848 0.9554
vn 0.2303 -0.1835 0.9557
vn 0.2305 -0.1822 0.9559
vn 0.2305 -0.1809 0.9561
vn 0.2306 -0.1796 0.9563
vn 0.2308 -0.1783 0.9565
vn 0.2309 -0.1770 0.9568
vn 0.2309 -0.1757 0.9570
vn 0.2310 -0.1744 0.9572
vn 0.2261 -0.1732 0.9586
vn 0.1084 -0.1716 0.9792
vn -0.0086 -0.1758 0.9844
vn -0.0087 -0.1790 0.9838
vn 0.3000 -0.2154 0.9293
vn 0.2997 -0.2184 0.9287
vn 0.3003 -0.2123 0.9299
vn 0.3006 -0.2092 0.9305
vn 0.3009 -0.2060 0.9311
vn 0.2976 -0.2031 0.9329
vn 0.2624 -0.2014 0.9437
vn 0.2301 -0.2022 0.9519
vn 0.2301 -0.2012 0.9521
vn 0.2302 -0.2003 0.9523
vn 0.2303 -0.1994 0.9525
vn 0.2304 -0.1986 0.9526
vn 0.2304 -0.1977 0.9528
vn 0.2305 -0.1970 0.9529
vn 0.2306 -0.1962 0.9531
vn 0.2307 -0.1955 0.9532
vn 0.2307 -0.1948 0.9533
vn 0.2308 -0.1941 0.9534
vn 0.2308 -0.1935 0.9536
vn 0.2309 -0.1929 0.9537
vn 0.2313 -0.1920 0.9537
vn 0.2310 -0.1918 0.9539
vn 0.2313 -0.1910 0.9539
vn 0.2312 -0.1908 0.9540
vn 0.2316 -0.1900 0.9541
vn 0.2315 -0.1897 0.9542
vn 0.2313 -0.1896 0.9542
vn 0.2314 -0.1892 0.9543
vn 0.2314 -0.1889 0.9543
vn 0.2288 -0.1882 0.9551
vn 0.1092 -0.1882 0.9760
vn -0.0119 -0.1924 0.9812
vn -0.0120 -0.1955 0.9806
vn 0.3020 -0.2256 0.9262
vn 0.3024 -0.2276 0.9256
vn 0.3022 -0.2233 0.9267
vn 0.3025 -0.2211 0.9272
vn 0.3027 -0.2189 0.9276
vn 0.2998 -0.2167 0.9291
vn 0.2638 -0.2158 0.9401
vn 0.2298 -0.2178 0.9485
vn 0.2298 -0.2177 0.9486
vn 0.2301 -0.2176 0.9485
vn 0.2298 -0.2179 0.9485
vn 0.2297 -0.2180 0.9485
vn 0.2297 -0.2181 0.9485
vn 0.2297 -0.2183 0.9485
vn 0.2297 -0.2185 0.9484
vn 0.2297 -0.2188 0.9484
vn 0.2296 -0.2190 0.9483
vn 0.2296 -0.2193 0.9482
vn 0.2296 -0.2197 0.9482
vn 0.2296 -0.2200 0.9481
vn 0.2295 -0.2204 0.9480
vn 0.2295 -0.2209 0.9479
vn 0.2295 -0.2213 0.9478
vn 0.2294 -0.2218 0.9477
vn 0.2294 -0.2223 0.9476
vn 0.2294 -0.2229 0.9475
vn 0.2293 -0.2235 0.9474
vn 0.2280 -0.2244 0.9475
vn 0.1085 -0.2265 0.9680
vn -0.0149 -0.2284 0.9735
vn -0.0149 -0.2298 0.9731
vn 0.3028 -0.2360 0.9234
vn 0.3026 -0.2376 0.9230
vn 0.3030 -0.2345 0.9237
vn 0.3032 -0.2329 0.9240
vn 0.3033 -0.2314 0.9244
vn 0.3011 -0.2299 0.9255
vn 0.2641 -0.2299 0.9367
vn 0.2286 -0.2326 0.9453
vn 0.2286 -0.2331 0.9452
vn 0.2285 -0.2337 0.9451
vn 0.2285 -0.2342 0.9450
vn 0.2284 -0.2348 0.9448
vn 0.2284 -0.2353 0.9447
vn 0.2283 -0.2359 0.9446
vn 0.2283 -0.2364 0.9445
vn 0.2282 -0.2369 0.9443
vn 0.2282 -0.2375 0.9442
vn 0.2281 -0.2380 0.9441
vn 0.2281 -0.2386 0.9440
vn 0.2280 -0.2391 0.9438
vn 0.2280 -0.2397 0.9437
vn 0.2279 -0.2402 0.9436
vn 0.2279 -0.2408 0.9435
vn 0.2278 -0.2413 0.9433
vn 0.2278 -0.2418 0.9432
vn 0.2277 -0.2424 0.9431
vn 0.2277 -0.2429 0.9430
vn 0.2276 -0.2435 0.9428
vn 0.2276 -0.2440 0.9427
vn 0.2275 -0.2446 0.9426
vn 0.1096 -0.2490 0.9623
vn -0.0139 -0.2476 0.9688
vn -0.0149 -0.2476 0.9688
vn 0.3044 -0.2367 0.9227
vn 0.3042 -0.2384 0.9223
vn 0.3045 -0.2350 0.9231
vn 0.3047 -0.2333 0.9234
vn 0.3049 -0.2316 0.9238
vn 0.3032 -0.2299 0.9248
vn 0.2652 -0.2299 0.9364
vn 0.2281 -0.2326 0.9455
vn 0.2280 -0.2331 0.9453
vn 0.2280 -0.2337 0.9452
vn 0.2280 -0.2342 0.9451
vn 0.2279 -0.2348 0.9450
vn 0.2278 -0.2353 0.9448
vn 0.2278 -0.2359 0.9447
vn 0.2278 -0.2364 0.9446
vn 0.2277 -0.2370 0.9445
vn 0.2276 -0.2375 0.9443
vn 0.2276 -0.2380 0.9442
vn 0.2276 -0.2386 0.9441
vn 0.2275 -0.2391 0.9440
vn 0.2274 -0.2397 0.9438
vn 0.2274 -0.2402 0.9437
vn 0.2274 -0.2408 0.9436
vn 0.2273 -0.2413 0.9435
vn 0.2272 -0.2418 0.9433
vn 0.2272 -0.2424 0.9432
vn 0.2272 -0.2429 0.9431
vn 0.2271 -0.2435 0.9430
vn 0.2270 -0.2440 0.9428
vn 0.2270 -0.2446 0.9427
vn 0.1115 -0.2501 0.9618
vn -0.0118 -0.2477 0.9688
vn -0.0148 -0.2476 0.9687
vn 0.3060 -0.2366 0.9222
vn 0.3058 -0.2383 0.9218
vn 0.3062 -0.2349 0.9225
vn 0.3063 -0.2332 0.9229
vn 0.3065 -0.2316 0.9233
vn 0.3055 -0.2298 0.9241
vn 0.2665 -0.2297 0.9361
vn 0.2276 -0.2326 0.9456
vn 0.2275 -0.2331 0.9455
vn 0.2274 -0.2337 0.9453
vn 0.2274 -0.2342 0.9452
vn 0.2274 -0.2348 0.9451
vn 0.2273 -0.2354 0.9450
vn 0.2272 -0.2359 0.9448
vn 0.2272 -0.2364 0.9447
vn 0.2272 -0.2370 0.9446
vn 0.2271 -0.2375 0.9445
vn 0.2271 -0.2381 0.9443
vn 0.2270 -0.2386 0.9442
vn 0.2269 -0.2391 0.9441
vn 0.2269 -0.2397 0.9440
vn 0.2269 -0.2402 0.9438
vn 0.2268 -0.2408 0.9437
vn 0.2267 -0.2413 0.9436
vn 0.2267 -0.2419 0.9435
vn 0.2267 -0.2424 0.9433
vn 0.2266 -0.2429 0.9432
vn 0.2266 -0.2435 0.9431
vn 0.2265 -0.2440 0.9429
vn 0.2264 -0.2446 0.9428
vn 0.1132 -0.2500 0.9616
vn -0.0096 -0.2476 0.9688
vn 0.3076 -0.2366 0.9216
vn 0.3075 -0.2381 0.9213
vn 0.3078 -0.2349 0.9220
vn 0.3080 -0.2332 0.9224
vn 0.3081 -0.2315 0.9228
vn 0.3078 -0.2296 0.9233
vn 0.2676 -0.2297 0.9358
vn 0.2270 -0.2326 0.9457
vn 0.2270 -0.2332 0.9456
vn 0.2269 -0.2337 0.9455
vn 0.2269 -0.2343 0.9453
vn 0.2268 -0.2348 0.9452
vn 0.2268 -0.2353 0.9451
vn 0.2267 -0.2359 0.9450
vn 0.2266 -0.2364 0.9448
vn 0.2266 -0.2370 0.9447
vn 0.2266 -0.2375 0.9446
vn 0.2265 -0.2381 0.9445
vn 0.2265 -0.2386 0.9443
vn 0.2264 -0.2392 0.9442
vn 0.2263 -0.2397 0.9441
vn 0.2263 -0.2403 0.9440
vn 0.2263 -0.2408 0.9438
vn 0.2262 -0.2413 0.9437
vn 0.2262 -0.2419 0.9436
vn 0.2261 -0.2424 0.9435
vn 0.2261 -0.2430 0.9433
vn 0.2260 -0.2435 0.9432
vn 0.2259 -0.2440 0.9431
vn 0.2259 -0.2446 0.9429
vn 0.1152 -0.2500 0.9614
vn -0.0075 -0.2476 0.9688
vn 0.3092 -0.2365 0.9211
vn 0.3090 -0.2382 0.9207
vn 0.3094 -0.2348 0.9215
vn 0.3096 -0.2331 0.9219
vn 0.3098 -0.2314 0.9222
vn 0.3099 -0.2297 0.9226
vn 0.2689 -0.2303 0.9352
vn 0.2265 -0.2326 0.9458
vn 0.2264 -0.2332 0.9457
vn 0.2264 -0.2337 0.9456
vn 0.2263 -0.2343 0.9455
vn 0.2263 -0.2348 0.9453
vn 0.2262 -0.2353 0.9452
vn 0.2262 -0.2359 0.9451
vn 0.2261 -0.2364 0.9450
vn 0.2261 -0.2370 0.9448
vn 0.2260 -0.2375 0.9447
vn 0.2260 -0.2381 0.9446
vn 0.2259 -0.2386 0.9445
vn 0.2259 -0.2392 0.9443
vn 0.2258 -0.2397 0.9442
vn 0.2258 -0.2403 0.9441
vn 0.2257 -0.2408 0.9440
vn 0.2257 -0.2413 0.9438
vn 0.2256 -0.2419 0.9437
vn 0.2256 -0.2424 0.9436
vn 0.2255 -0.2430 0.9435
vn 0.2255 -0.2435 0.9433
vn 0.2254 -0.2441 0.9432
vn 0.2253 -0.2446 0.9431
vn 0.1169 -0.2498 0.9612
vn -0.0054 -0.2477 0.9688
vn -0.0149 -0.2476 0.9687
vn 0.3108 -0.2364 0.9206
vn 0.3107 -0.2381 0.9202
vn 0.3110 -0.2347 0.9210
vn 0.3112 -0.2331 0.9213
vn 0.3114 -0.2313 0.9217
vn 0.3116 -0.2296 0.9221
vn 0.2701 -0.2309 0.9347
vn 0.2265 -0.2328 0.9458
vn 0.2258 -0.2332 0.9458
vn 0.2258 -0.2337 0.9457
vn 0.2258 -0.2343 0.9456
vn 0.2257 -0.2348 0.9455
vn 0.2257 -0.2354 0.9453
vn 0.2256 -0.2359 0.9452
vn 0.2256 -0.2365 0.9451
vn 0.2255 -0.2370 0.9450
vn 0.2255 -0.2375 0.9449
vn 0.2254 -0.2381 0.9447
vn 0.2254 -0.2386 0.9446
vn 0.2253 -0.2392 0.9445
vn 0.2253 -0.2397 0.9443
vn 0.2252 -0.2403 0.9442
vn 0.2252 -0.2408 0.9441
vn 0.2251 -0.2414 0.9440
vn 0.2251 -0.2419 0.9438
vn 0.2250 -0.2424 0.9437
vn 0.2250 -0.2430 0.9436
vn 0.2249 -0.2435 0.9435
vn 0.2249 -0.2441 0.9433
vn 0.2248 -0.2446 0.9432
vn 0.1186 -0.2498 0.9610
vn -0.0033 -0.2477 0.9688
vn 0.3125 -0.2364 0.9201
vn 0.3123 -0.2380 0.9197
vn 0.3126 -0.2347 0.9204
vn 0.3128 -0.2330 0.9208
vn 0.3130 -0.2313 0.9212
vn 0.3132 -0.2296 0.9215
vn 0.2715 -0.2309 0.9343
vn 0.2269 -0.2326 0.9457
vn 0.2253 -0.2332 0.9460
vn 0.2253 -0.2337 0.9458
vn 0.2252 -0.2343 0.9457
vn 0.2252 -0.2348 0.9456
vn 0.2251 -0.2354 0.9455
vn 0.2251 -0.2359 0.9453
vn 0.2250 -0.2365 0.9452
vn 0.2250 -0.2370 0.9451
vn 0.2249 -0.2375 0.9450
vn 0.2249 -0.2381 0.9449
vn 0.2248 -0.2387 0.9447
vn 0.2248 -0.2392 0.9446
vn 0.2247 -0.2397 0.9445
vn 0.2247 -0.2403 0.9443
vn 0.2246 -0.2408 0.9442
vn 0.2246 -0.2414 0.9441
vn 0.2245 -0.2419 0.9440
vn 0.2245 -0.2425 0.9438
vn 0.2244 -0.2430 0.9437
vn 0.2244 -0.2435 0.9436
vn 0.2243 -0.2441 0.9435
vn 0.2243 -0.2446 0.9433
vn 0.1203 -0.2496 0.9608
vn -0.0012 -0.2477 0.9688
vn 0.3141 -0.2363 0.9195
vn 0.3140 -0.2379 0.9191
vn 0.3142 -0.2346 0.9199
vn 0.3144 -0.2329 0.9203
vn 0.3146 -0.2312 0.9206
vn 0.3148 -0.2295 0.9210
vn 0.2731 -0.2309 0.9339
vn 0.2272 -0.2325 0.9457
vn 0.2248 -0.2332 0.9461
vn 0.2247 -0.2338 0.9460
vn 0.2247 -0.2343 0.9458
vn 0.2246 -0.2348 0.9457
vn 0.2246 -0.2354 0.9456
vn 0.2245 -0.2359 0.9455
vn 0.2245 -0.2365 0.9453
vn 0.2244 -0.2370 0.9452
vn 0.2244 -0.2376 0.9451
vn 0.2243 -0.2381 0.9450
vn 0.2243 -0.2387 0.9449
vn 0.2242 -0.2392 0.9447
vn 0.2242 -0.2398 0.9446
vn 0.2241 -0.2403 0.9445
vn 0.2240 -0.2408 0.9444
vn 0.2240 -0.2414 0.9442
vn 0.2240 -0.2419 0.9441
vn 0.2239 -0.2425 0.9440
vn 0.2239 -0.2430 0.9438
vn 0.2238 -0.2436 0.9437
vn 0.2238 -0.2441 0.9436
vn 0.2237 -0.2446 0.9435
vn 0.1221 -0.2496 0.9606
vn 0.0009 -0.2477 0.9688
vn 0.3157 -0.2362 0.9190
vn 0.3155 -0.2379 0.9186
vn 0.3159 -0.2345 0.9194
vn 0.3160 -0.2328 0.9197
vn 0.3162 -0.2311 0.9201
vn 0.3164 -0.2294 0.9205
vn 0.2745 -0.2309 0.9335
vn 0.2273 -0.2327 0.9456
vn 0.2242 -0.2332 0.9462
vn 0.2242 -0.2338 0.9461
vn 0.2241 -0.2343 0.9460
vn 0.2241 -0.2349 0.9458
vn 0.2240 -0.2354 0.9457
vn 0.2240 -0.2359 0.9456
vn 0.2239 -0.2365 0.9455
vn 0.2239 -0.2371 0.9453
vn 0.2238 -0.2376 0.9452
vn 0.2238 -0.2381 0.9451
vn 0.2237 -0.2387 0.9450
vn 0.2237 -0.2392 0.9448
vn 0.2236 -0.2398 0.9447
vn 0.2236 -0.2403 0.9446
vn 0.2235 -0.2409 0.9445
vn 0.2235 -0.2414 0.9443
vn 0.2234 -0.2419 0.9442
vn 0.2234 -0.2425 0.9441
vn 0.2233 -0.2430 0.9440
vn 0.2233 -0.2436 0.9438
vn 0.2232 -0.2441 0.9437
vn 0.2232 -0.2446 0.9436
vn 0.1239 -0.2495 0.9604
vn 0.0030 -0.2476 0.9688
vn 0.3173 -0.2361 0.9185
vn 0.3172 -0.2377 0.9181
vn 0.3175 -0.2344 0.9188
vn 0.3176 -0.2327 0.9192
vn 0.3178 -0.2310 0.9196
vn 0.3180 -0.2294 0.9199
vn 0.2758 -0.2308 0.9331
vn 0.2279 -0.2325 0.9455
vn 0.2236 -0.2332 0.9464
vn 0.2236 -0.2338 0.9462
vn 0.2236 -0.2343 0.9461
vn 0.2235 -0.2349 0.9460
vn 0.2235 -0.2354 0.9459
vn 0.2234 -0.2360 0.9457
vn 0.2234 -0.2365 0.9456
vn 0.2233 -0.2370 0.9455
vn 0.2233 -0.2376 0.9454
vn 0.2232 -0.2381 0.9452
vn 0.2232 -0.2387 0.9451
vn 0.2231 -0.2392 0.9450
vn 0.2231 -0.2398 0.9449
vn 0.2230 -0.2403 0.9447
vn 0.2230 -0.2408 0.9446
vn 0.2229 -0.2414 0.9445
vn 0.2229 -0.2420 0.9443
vn 0.2228 -0.2425 0.9442
vn 0.2228 -0.2430 0.9441
vn 0.2227 -0.2436 0.9440
vn 0.2227 -0.2441 0.9438
vn 0.2227 -0.2447 0.9437
vn 0.1257 -0.2495 0.9602
vn 0.0050 -0.2477 0.9688
vn 0.3189 -0.2361 0.9179
vn 0.3188 -0.2376 0.9175
vn 0.3191 -0.2344 0.9183
vn 0.3192 -0.2327 0.9187
vn 0.3194 -0.2310 0.9190
vn 0.3196 -0.2293 0.9194
vn 0.2775 -0.2308 0.9326
vn 0.2285 -0.2323 0.9454
vn 0.2231 -0.2332 0.9465
vn 0.2231 -0.2338 0.9464
vn 0.2230 -0.2343 0.9462
vn 0.2230 -0.2349 0.9461
vn 0.2229 -0.2354 0.9460
vn 0.2229 -0.2360 0.9459
vn 0.2229 -0.2365 0.9457
vn 0.2228 -0.2371 0.9456
vn 0.2227 -0.2376 0.9455
vn 0.2227 -0.2381 0.9454
vn 0.2226 -0.2387 0.9452
vn 0.2226 -0.2392 0.9451
vn 0.2225 -0.2398 0.9450
vn 0.2225 -0.2403 0.9448
vn 0.2224 -0.2409 0.9447
vn 0.2224 -0.2414 0.9446
vn 0.2223 -0.2420 0.9445
vn 0.2223 -0.2425 0.9443
vn 0.2222 -0.2431 0.9442
vn 0.2222 -0.2436 0.9441
vn 0.2221 -0.2441 0.9440
vn 0.2221 -0.2447 0.9438
vn 0.1274 -0.2494 0.9600
vn 0.0070 -0.2478 0.9688
vn 0.3205 -0.2360 0.9174
vn 0.3204 -0.2375 0.9170
vn 0.3207 -0.2343 0.9178
vn 0.3208 -0.2326 0.9181
vn 0.3210 -0.2309 0.9185
vn 0.3212 -0.2292 0.9189
vn 0.2790 -0.2307 0.9322
vn 0.2288 -0.2324 0.9453
vn 0.2226 -0.2332 0.9466
vn 0.2225 -0.2338 0.9465
vn 0.2225 -0.2343 0.9464
vn 0.2224 -0.2349 0.9462
vn 0.2224 -0.2354 0.9461
vn 0.2223 -0.2360 0.9460
vn 0.2223 -0.2365 0.9459
vn 0.2222 -0.2371 0.9457
vn 0.2222 -0.2376 0.9456
vn 0.2221 -0.2382 0.9455
vn 0.2221 -0.2387 0.9454
vn 0.2220 -0.2392 0.9452
vn 0.2220 -0.2398 0.9451
vn 0.2219 -0.2403 0.9450
vn 0.2219 -0.2409 0.9448
vn 0.2218 -0.2414 0.9447
vn 0.2218 -0.2420 0.9446
vn 0.2217 -0.2425 0.9445
vn 0.2217 -0.2431 0.9443
vn 0.2216 -0.2436 0.9442
vn 0.2216 -0.2442 0.9441
vn 0.2215 -0.2447 0.9440
vn 0.1291 -0.2493 0.9598
vn 0.0092 -0.2477 0.9688
vn 0.3221 -0.2359 0.9169
vn 0.3219 -0.2376 0.9165
vn 0.3223 -0.2342 0.9172
vn 0.3225 -0.2325 0.9176
vn 0.3226 -0.2308 0.9180
vn 0.3228 -0.2291 0.9183
vn 0.2805 -0.2307 0.9317
vn 0.2293 -0.2324 0.9452
vn 0.2220 -0.2333 0.9467
vn 0.2220 -0.2338 0.9466
vn 0.2219 -0.2343 0.9465
vn 0.2219 -0.2349 0.9464
vn 0.2218 -0.2355 0.9462
vn 0.2218 -0.2360 0.9461
vn 0.2217 -0.2366 0.9460
vn 0.2217 -0.2371 0.9459
vn 0.2216 -0.2376 0.9457
vn 0.2216 -0.2382 0.9456
vn 0.2216 -0.2387 0.9455
vn 0.2215 -0.2393 0.9453
vn 0.2214 -0.2398 0.9452
vn 0.2214 -0.2403 0.9451
vn 0.2213 -0.2409 0.9450
vn 0.2213 -0.2414 0.9448
vn 0.2212 -0.2420 0.9447
vn 0.2212 -0.2425 0.9446
vn 0.2211 -0.2431 0.9445
vn 0.2211 -0.2436 0.9443
vn 0.2210 -0.2441 0.9442
vn 0.2210 -0.2447 0.9441
vn 0.1307 -0.2491 0.9596
vn 0.0112 -0.2476 0.9688
vn 0.3236 -0.2358 0.9163
vn 0.3236 -0.2374 0.9159
vn 0.3239 -0.2341 0.9167
vn 0.3241 -0.2324 0.9170
vn 0.3242 -0.2308 0.9174
vn 0.3244 -0.2291 0.9178
vn 0.2821 -0.2306 0.9313
vn 0.2296 -0.2326 0.9451
vn 0.2215 -0.2333 0.9468
vn 0.2214 -0.2338 0.9467
vn 0.2214 -0.2344 0.9466
vn 0.2213 -0.2349 0.9465
vn 0.2213 -0.2355 0.9464
vn 0.2212 -0.2360 0.9462
vn 0.2212 -0.2365 0.9461
vn 0.2211 -0.2371 0.9460
vn 0.2211 -0.2376 0.9459
vn 0.2211 -0.2382 0.9457
vn 0.2210 -0.2387 0.9456
vn 0.2209 -0.2393 0.9455
vn 0.2209 -0.2398 0.9453
vn 0.2208 -0.2404 0.9452
vn 0.2208 -0.2409 0.9451
vn 0.2208 -0.2415 0.9450
vn 0.2207 -0.2420 0.9448
vn 0.2206 -0.2426 0.9447
vn 0.2206 -0.2431 0.9446
vn 0.2205 -0.2436 0.9445
vn 0.2205 -0.2442 0.9443
vn 0.2205 -0.2447 0.9442
vn 0.1325 -0.2492 0.9594
vn 0.0133 -0.2475 0.9688
vn 0.3252 -0.2358 0.9158
vn 0.3251 -0.2374 0.9154
vn 0.3255 -0.2341 0.9161
vn 0.3257 -0.2324 0.9165
vn 0.3258 -0.2307 0.9169
vn 0.3260 -0.2290 0.9172
vn 0.2837 -0.2305 0.9308
vn 0.2301 -0.2325 0.9450
vn 0.2209 -0.2333 0.9470
vn 0.2209 -0.2339 0.9468
vn 0.2208 -0.2344 0.9467
vn 0.2208 -0.2349 0.9466
vn 0.2208 -0.2355 0.9465
vn 0.2207 -0.2360 0.9464
vn 0.2206 -0.2366 0.9462
vn 0.2206 -0.2371 0.9461
vn 0.2206 -0.2376 0.9460
vn 0.2205 -0.2382 0.9459
vn 0.2204 -0.2388 0.9457
vn 0.2204 -0.2393 0.9456
vn 0.2204 -0.2399 0.9455
vn 0.2203 -0.2404 0.9454
vn 0.2202 -0.2409 0.9452
vn 0.2202 -0.2415 0.9451
vn 0.2202 -0.2420 0.9450
vn 0.2201 -0.2425 0.9448
vn 0.2201 -0.2431 0.9447
vn 0.2200 -0.2436 0.9446
vn 0.2199 -0.2442 0.9445
vn 0.2199 -0.2447 0.9443
vn 0.1342 -0.2491 0.9591
vn 0.0153 -0.2476 0.9687
vn -0.0150 -0.2476 0.9687
vn 0.3268 -0.2357 0.9152
vn 0.3267 -0.2373 0.9149
vn 0.3270 -0.2340 0.9156
vn 0.3272 -0.2323 0.9159
vn 0.3274 -0.2306 0.9163
vn 0.3276 -0.2289 0.9167
vn 0.2854 -0.2305 0.9303
vn 0.2307 -0.2325 0.9448
vn 0.2204 -0.2333 0.9471
vn 0.2204 -0.2338 0.9470
vn 0.2203 -0.2344 0.9469
vn 0.2202 -0.2349 0.9467
vn 0.2202 -0.2355 0.9466
vn 0.2202 -0.2360 0.9465
vn 0.2201 -0.2366 0.9464
vn 0.2200 -0.2371 0.9462
vn 0.2200 -0.2377 0.9461
vn 0.2200 -0.2382 0.9460
vn 0.2199 -0.2388 0.9459
vn 0.2198 -0.2393 0.9457
vn 0.2198 -0.2398 0.9456
vn 0.2198 -0.2404 0.9455
vn 0.2197 -0.2409 0.9454
vn 0.2197 -0.2415 0.9452
vn 0.2196 -0.2420 0.9451
vn 0.2195 -0.2426 0.9450
vn 0.2195 -0.2431 0.9448
vn 0.2195 -0.2436 0.9447
vn 0.2194 -0.2442 0.9446
vn 0.2194 -0.2447 0.9444
vn 0.1358 -0.2490 0.9589
vn 0.0174 -0.2476 0.9687
vn 0.3284 -0.2356 0.9147
vn 0.3282 -0.2373 0.9143
vn 0.3286 -0.2339 0.9150
vn 0.3288 -0.2322 0.9154
vn 0.3290 -0.2305 0.9158
vn 0.3292 -0.2289 0.9161
vn 0.2872 -0.2304 0.9298
vn 0.2316 -0.2322 0.9447
vn 0.2199 -0.2333 0.9472
vn 0.2198 -0.2339 0.9471
vn 0.2198 -0.2344 0.9470
vn 0.2197 -0.2349 0.9469
vn 0.2196 -0.2355 0.9467
vn 0.2196 -0.2361 0.9466
vn 0.2195 -0.2366 0.9465
vn 0.2195 -0.2371 0.9464
vn 0.2194 -0.2377 0.9462
vn 0.2194 -0.2382 0.9461
vn 0.2194 -0.2388 0.9460
vn 0.2193 -0.2393 0.9459
vn 0.2193 -0.2399 0.9457
vn 0.2192 -0.2404 0.9456
vn 0.2191 -0.2409 0.9455
vn 0.2191 -0.2415 0.9454
vn 0.2191 -0.2420 0.9452
vn 0.2190 -0.2426 0.9451
vn 0.2190 -0.2431 0.9450
vn 0.2189 -0.2437 0.9448
vn 0.2189 -0.2442 0.9447
vn 0.2188 -0.2447 0.9446
vn 0.1374 -0.2488 0.9588
vn 0.0193 -0.2477 0.9687
vn 0.3300 -0.2355 0.9141
vn 0.3299 -0.2371 0.9138
vn 0.3302 -0.2338 0.9145
vn 0.3304 -0.2321 0.9148
vn 0.3306 -0.2304 0.9152
vn 0.3308 -0.2288 0.9156
vn 0.2891 -0.2304 0.9292
vn 0.2325 -0.2321 0.9445
vn 0.2193 -0.2333 0.9474
vn 0.2192 -0.2339 0.9472
vn 0.2192 -0.2344 0.9471
vn 0.2192 -0.2350 0.9470
vn 0.2191 -0.2355 0.9469
vn 0.2190 -0.2360 0.9467
vn 0.2190 -0.2366 0.9466
vn 0.2190 -0.2372 0.9465
vn 0.2189 -0.2377 0.9464
vn 0.2188 -0.2382 0.9462
vn 0.2188 -0.2388 0.9461
vn 0.2188 -0.2393 0.9460
vn 0.2187 -0.2398 0.9459
vn 0.2187 -0.2404 0.9457
vn 0.2186 -0.2410 0.9456
vn 0.2186 -0.2415 0.9455
vn 0.2185 -0.2420 0.9453
vn 0.2185 -0.2426 0.9452
vn 0.2184 -0.2431 0.9451
vn 0.2184 -0.2437 0.9450
vn 0.2183 -0.2442 0.9448
vn 0.2183 -0.2448 0.9447
vn 0.1391 -0.2489 0.9585
vn 0.0213 -0.2476 0.9686
vn 0.3316 -0.2354 0.9136
vn 0.3315 -0.2370 0.9132
vn 0.3318 -0.2338 0.9139
vn 0.3320 -0.2321 0.9143
vn 0.3322 -0.2304 0.9146
vn 0.3323 -0.2287 0.9150
vn 0.2909 -0.2303 0.9286
vn 0.2332 -0.2320 0.9443
vn 0.2188 -0.2333 0.9475
vn 0.2187 -0.2339 0.9473
vn 0.2186 -0.2344 0.9472
vn 0.2186 -0.2350 0.9471
vn 0.2186 -0.2355 0.9470
vn 0.2185 -0.2361 0.9469
vn 0.2184 -0.2366 0.9467
vn 0.2184 -0.2372 0.9466
vn 0.2184 -0.2377 0.9465
vn 0.2183 -0.2382 0.9463
vn 0.2182 -0.2388 0.9462
vn 0.2182 -0.2393 0.9461
vn 0.2182 -0.2399 0.9460
vn 0.2181 -0.2404 0.9458
vn 0.2180 -0.2410 0.9457
vn 0.2180 -0.2415 0.9456
vn 0.2180 -0.2421 0.9455
vn 0.2179 -0.2426 0.9453
vn 0.2179 -0.2431 0.9452
vn 0.2178 -0.2437 0.9451
vn 0.2178 -0.2442 0.9450
vn 0.2177 -0.2448 0.9448
vn 0.1408 -0.2488 0.9583
vn 0.0233 -0.2475 0.9686
vn 0.3331 -0.2353 0.9130
vn 0.3330 -0.2370 0.9127
vn 0.3334 -0.2337 0.9134
vn 0.3336 -0.2320 0.9137
vn 0.3337 -0.2303 0.9141
vn 0.3339 -0.2286 0.9145
vn 0.2926 -0.2302 0.9281
vn 0.2341 -0.2319 0.9442
vn 0.2182 -0.2333 0.9476
vn 0.2182 -0.2339 0.9475
vn 0.2181 -0.2345 0.9473
vn 0.2180 -0.2350 0.9472
vn 0.2180 -0.2355 0.9471
vn 0.2180 -0.2361 0.9470
vn 0.2179 -0.2366 0.9469
vn 0.2178 -0.2371 0.9467
vn 0.2178 -0.2377 0.9466
vn 0.2178 -0.2382 0.9465
vn 0.2177 -0.2388 0.9463
vn 0.2177 -0.2393 0.9462
vn 0.2176 -0.2399 0.9461
vn 0.2176 -0.2404 0.9460
vn 0.2175 -0.2410 0.9458
vn 0.2175 -0.2415 0.9457
vn 0.2174 -0.2421 0.9456
vn 0.2174 -0.2426 0.9455
vn 0.2173 -0.2431 0.9453
vn 0.2173 -0.2437 0.9452
vn 0.2172 -0.2442 0.9451
vn 0.2171 -0.2448 0.9450
vn 0.1425 -0.2488 0.9580
vn 0.0252 -0.2476 0.9685
vn 0.3347 -0.2353 0.9125
vn 0.3347 -0.2369 0.9121
vn 0.3349 -0.2336 0.9128
vn 0.3351 -0.2319 0.9132
vn 0.3353 -0.2302 0.9135
vn 0.3355 -0.2285 0.9139
vn 0.2940 -0.2301 0.9277
vn 0.2347 -0.2320 0.9440
vn 0.2176 -0.2334 0.9477
vn 0.2176 -0.2339 0.9476
vn 0.2176 -0.2345 0.9475
vn 0.2175 -0.2350 0.9473
vn 0.2175 -0.2355 0.9472
vn 0.2174 -0.2361 0.9471
vn 0.2174 -0.2366 0.9470
vn 0.2173 -0.2372 0.9469
vn 0.2173 -0.2377 0.9467
vn 0.2172 -0.2383 0.9466
vn 0.2171 -0.2388 0.9465
vn 0.2171 -0.2394 0.9463
vn 0.2171 -0.2399 0.9462
vn 0.2170 -0.2404 0.9461
vn 0.2170 -0.2410 0.9460
vn 0.2169 -0.2415 0.9458
vn 0.2169 -0.2421 0.9457
vn 0.2168 -0.2426 0.9456
vn 0.2168 -0.2432 0.9454
vn 0.2167 -0.2437 0.9453
vn 0.2167 -0.2443 0.9452
vn 0.2166 -0.2448 0.9451
vn 0.1441 -0.2488 0.9578
vn 0.0272 -0.2475 0.9685
vn 0.3363 -0.2352 0.9119
vn 0.3361 -0.2369 0.9115
vn 0.3365 -0.2335 0.9123
vn 0.3367 -0.2318 0.9126
vn 0.3369 -0.2301 0.9130
vn 0.3371 -0.2284 0.9133
vn 0.2959 -0.2300 0.9271
vn 0.2357 -0.2318 0.9438
vn 0.2171 -0.2334 0.9478
vn 0.2170 -0.2339 0.9477
vn 0.2170 -0.2344 0.9476
vn 0.2170 -0.2350 0.9475
vn 0.2169 -0.2356 0.9473
vn 0.2169 -0.2361 0.9472
vn 0.2168 -0.2367 0.9471
vn 0.2167 -0.2372 0.9470
vn 0.2167 -0.2378 0.9468
vn 0.2167 -0.2383 0.9467
vn 0.2166 -0.2388 0.9466
vn 0.2166 -0.2394 0.9465
vn 0.2165 -0.2399 0.9463
vn 0.2165 -0.2404 0.9462
vn 0.2164 -0.2410 0.9461
vn 0.2164 -0.2415 0.9460
vn 0.2163 -0.2421 0.9458
vn 0.2163 -0.2426 0.9457
vn 0.2162 -0.2432 0.9456
vn 0.2162 -0.2437 0.9454
vn 0.2161 -0.2443 0.9453
vn 0.2160 -0.2448 0.9452
vn 0.1456 -0.2485 0.9576
vn 0.0291 -0.2476 0.9684
vn 0.3379 -0.2351 0.9113
vn 0.3378 -0.2367 0.9110
vn 0.3381 -0.2334 0.9117
vn 0.3383 -0.2318 0.9121
vn 0.3384 -0.2301 0.9124
vn 0.3387 -0.2284 0.9128
vn 0.2979 -0.2299 0.9265
vn 0.2365 -0.2318 0.9436
vn 0.2165 -0.2333 0.9480
vn 0.2165 -0.2339 0.9478
vn 0.2165 -0.2344 0.9477
vn 0.2164 -0.2350 0.9476
vn 0.2164 -0.2356 0.9475
vn 0.2163 -0.2361 0.9473
vn 0.2162 -0.2366 0.9472
vn 0.2162 -0.2372 0.9471
vn 0.2162 -0.2377 0.9470
vn 0.2161 -0.2383 0.9468
vn 0.2161 -0.2389 0.9467
vn 0.2160 -0.2394 0.9466
vn 0.2160 -0.2399 0.9465
vn 0.2159 -0.2405 0.9463
vn 0.2159 -0.2410 0.9462
vn 0.2158 -0.2416 0.9461
vn 0.2158 -0.2421 0.9460
vn 0.2157 -0.2427 0.9458
vn 0.2157 -0.2432 0.9457
vn 0.2156 -0.2437 0.9456
vn 0.2156 -0.2443 0.9454
vn 0.2155 -0.2448 0.9453
vn 0.1473 -0.2485 0.9574
vn 0.0311 -0.2475 0.9684
vn 0.3394 -0.2351 0.9108
vn 0.3393 -0.2367 0.9104
vn 0.3396 -0.2335 0.9112
vn 0.3398 -0.2317 0.9115
vn 0.3399 -0.2301 0.9119
vn 0.3400 -0.2285 0.9122
vn 0.3004 -0.2299 0.9257
vn 0.2376 -0.2317 0.9433
vn 0.2161 -0.2332 0.9481
vn 0.2161 -0.2338 0.9480
vn 0.2161 -0.2343 0.9478
vn 0.2158 -0.2351 0.9477
vn 0.2159 -0.2354 0.9476
vn 0.2159 -0.2360 0.9475
vn 0.2159 -0.2365 0.9473
vn 0.2158 -0.2370 0.9472
vn 0.2158 -0.2376 0.9471
vn 0.2157 -0.2381 0.9470
vn 0.2157 -0.2387 0.9468
vn 0.2156 -0.2393 0.9467
vn 0.2156 -0.2398 0.9466
vn 0.2153 -0.2406 0.9465
vn 0.2154 -0.2409 0.9463
vn 0.2154 -0.2415 0.9462
vn 0.2153 -0.2419 0.9461
vn 0.2154 -0.2425 0.9459
vn 0.2153 -0.2430 0.9458
vn 0.2152 -0.2435 0.9457
vn 0.2152 -0.2441 0.9456
vn 0.2151 -0.2447 0.9454
vn 0.1490 -0.2484 0.9571
vn 0.0330 -0.2476 0.9683
vt 0.015625 0.015625
vt 0.045898 0.015625
vt 0.045898 0.045898
vt 0.015625 0.045898
vt 0.076172 0.015625
vt 0.076172 0.045898
vt 0.106445 0.015625
vt 0.106445 0.045898
vt 0.136719 0.015625
vt 0.136719 0.045898
vt 0.166992 0.015625
vt 0.166992 0.045898
vt 0.197266 0.015625
vt 0.197266 0.045898
vt 0.227539 0.015625
vt 0.227539 0.045898
vt 0.257812 0.015625
vt 0.257812 0.045898
vt 0.288086 0.015625
vt 0.288086 0.045898
vt 0.318359 0.015625
vt 0.318359 0.045898
vt 0.348633 0.015625
vt 0.348633 0.045898
vt 0.378906 0.015625
vt 0.378906 0.045898
vt 0.409180 0.015625
vt 0.409180 0.045898
vt 0.439453 0.015625
vt 0.439453 0.045898
vt 0.469727 0.015625
vt 0.469727 0.045898
vt 0.500000 0.015625
vt 0.500000 0.045898
vt 0.530273 0.015625
vt 0.530273 0.045898
vt 0.560547 0.015625
vt 0.560547 0.045898
vt 0.590820 0.015625
vt 0.590820 0.045898
vt 0.621094 0.015625
vt 0.621094 0.045898
vt 0.651367 0.015625
vt 0.651367 0.045898
vt 0.681641 0.015625
vt 0.681641 0.045898
vt 0.711914 0.015625
vt 0.711914 0.045898
vt 0.742188 0.015625
vt 0.742188 0.045898
vt 0.772461 0.015625
vt 0.772461 0.045898
vt 0.802734 0.015625
vt 0.802734 0.045898
vt 0.833008 0.015625
vt 0.833008 0.045898
vt 0.863281 0.015625
vt 0.863281 0.045898
vt 0.893555 0.015625
vt 0.893555 0.045898
vt 0.923828 0.015625
vt 0.923828 0.045898
vt 0.954102 0.015625
vt 0.954102 0.045898
vt 0.984375 0.015625
vt 0.984375 0.045898
vt 0.045898 0.076172
vt 0.015625 0.076172
vt 0.076172 0.076172
vt 0.106445 0.076172
vt 0.136719 0.076172
vt 0.166992 0.076172
vt 0.197266 0.076172
vt 0.227539 0.076172
vt 0.257812 0.076172
vt 0.288086 0.076172
vt 0.318359 0.076172
vt 0.348633 0.076172
vt 0.378906 0.076172
vt 0.409180 0.076172
vt 0.439453 0.076172
vt 0.469727 0.076172
vt 0.500000 0.076172
vt 0.530273 0.076172
vt 0.560547 0.076172
vt 0.590820 0.076172
vt 0.621094 0.076172
vt 0.651367 0.076172
vt 0.681641 0.076172
vt 0.711914 0.076172
vt 0.742188 0.076172
vt 0.772461 0.076172
vt 0.802734 0.076172
vt 0.833008 0.076172
vt 0.863281 0.076172
vt 0.893555 0.076172
vt 0.923828 0.076172
vt 0.954102 0.076172
vt 0.984375 0.076172
vt 0.045898 0.106445
vt 0.015625 0.106445
vt 0.076172 0.106445
vt 0.106445 0.106445
vt 0.136719 0.106445
vt 0.166992 0.106445
vt 0.197266 0.106445
vt 0.227539 0.106445
vt 0.257812 0.106445
vt 0.288086 0.106445
vt 0.318359 0.106445
vt 0.348633 0.106445
vt 0.378906 0.106445
vt 0.409180 0.106445
vt 0.439453 0.106445
vt 0.469727 0.106445
vt 0.500000 0.106445
vt 0.530273 0.106445
vt 0.560547 0.106445
vt 0.590820 0.106445
vt 0.621094 0.106445
vt 0.651367 0.106445
vt 0.681641 0.106445
vt 0.711914 0.106445
vt 0.742188 0.106445
vt 0.772461 0.106445
vt 0.802734 0.106445
vt 0.833008 0.106445
vt 0.863281 0.106445
vt 0.893555 0.106445
vt 0.923828 0.106445
vt 0.954102 0.106445
vt 0.984375 0.106445
vt 0.045898 0.136719
vt 0.015625 0.136719
vt 0.076172 0.136719
vt 0.106445 0.136719
vt 0.136719 0.136719
vt 0.166992 0.136719
vt 0.197266 0.136719
vt 0.227539 0.136719
vt 0.257812 0.136719
vt 0.288086 0.136719
vt 0.318359 0.136719
vt 0.348633 0.136719
vt 0.378906 0.136719
vt 0.409180 0.136719
vt 0.439453 0.136719
vt 0.469727 0.136719
vt 0.500000 0.136719
vt 0.530273 0.136719
vt 0.560547 0.136719
vt 0.590820 0.136719
vt 0.621094 0.136719
vt 0.651367 0.136719
vt 0.681641 0.136719
vt 0.711914 0.136719
vt 0.742188 0.136719
vt 0.772461 0.136719
vt 0.802734 0.136719
vt 0.833008 0.136719
vt 0.863281 0.136719
vt 0.893555 0.136719
vt 0.923828 0.136719
vt 0.954102 0.136719
vt 0.984375 0.136719
vt 0.045898 0.166992
vt 0.015625 0.166992
vt 0.076172 0.166992
vt 0.106445 0.166992
vt 0.136719 0.166992
vt 0.166992 0.166992
vt 0.197266 0.166992
vt 0.227539 0.166992
vt 0.257812 0.166992
vt 0.288086 0.166992
vt 0.318359 0.166992
vt 0.348633 0.166992
vt 0.378906 0.166992
vt 0.409180 0.166992
vt 0.439453 0.166992
vt 0.469727 0.166992
vt 0.500000 0.166992
vt 0.530273 0.166992
vt 0.560547 0.166992
vt 0.590820 0.166992
vt 0.621094 0.166992
vt 0.651367 0.166992
vt 0.681641 0.166992
vt 0.711914 0.166992
vt 0.742188 0.166992
vt 0.772461 0.166992
vt 0.802734 0.166992
vt 0.833008 0.166992
vt 0.863281 0.166992
vt 0.893555 0.166992
vt 0.923828 0.166992
vt 0.954102 0.166992
vt 0.984375 0.166992
vt 0.045898 0.197266
vt 0.015625 0.197266
vt 0.076172 0.197266
vt 0.106445 0.197266
vt 0.136719 0.197266
vt 0.166992 0.197266
vt 0.197266 0.197266
vt 0.227539 0.197266
vt 0.257812 0.197266
vt 0.288086 0.197266
vt 0.318359 0.197266
vt 0.348633 0.197266
vt 0.378906 0.197266
vt 0.409180 0.197266
vt 0.439453 0.197266
vt 0.469727 0.197266
vt 0.500000 0.197266
vt 0.530273 0.197266
vt 0.560547 0.197266
vt 0.590820 0.197266
vt 0.621094 0.197266
vt 0.651367 0.197266
vt 0.681641 0.197266
vt 0.711914 0.197266
vt 0.742188 0.197266
vt 0.772461 0.197266
vt 0.802734 0.197266
vt 0.833008 0.197266
vt 0.863281 0.197266
vt 0.893555 0.197266
vt 0.923828 0.197266
vt 0.954102 0.197266
vt 0.984375 0.197266
vt 0.045898 0.227539
vt 0.015625 0.227539
vt 0.076172 0.227539
vt 0.106445 0.227539
vt 0.136719 0.227539
vt 0.166992 0.227539
vt 0.197266 0.227539
vt 0.227539 0.227539
vt 0.257812 0.227539
vt 0.288086 0.227539
vt 0.318359 0.227539
vt 0.348633 0.227539
vt 0.378906 0.227539
vt 0.409180 0.227539
vt 0.439453 0.227539
vt 0.469727 0.227539
vt 0.500000 0.227539
vt 0.530273 0.227539
vt 0.560547 0.227539
vt 0.590820 0.227539
vt 0.621094 0.227539
vt 0.651367 0.227539
vt 0.681641 0.227539
vt 0.711914 0.227539
vt 0.742188 0.227539
vt 0.772461 0.227539
vt 0.802734 0.227539
vt 0.833008 0.227539
vt 0.863281 0.227539
vt 0.893555 0.227539
vt 0.923828 0.227539
vt 0.954102 0.227539
vt 0.984375 0.227539
vt 0.045898 0.257812
vt 0.015625 0.257812
vt 0.076172 0.257812
vt 0.106445 0.257812
vt 0.136719 0.257812
vt 0.166992 0.257812
vt 0.197266 0.257812
vt 0.227539 0.257812
vt 0.257812 0.257812
vt 0.288086 0.257812
vt 0.318359 0.257812
vt 0.348633 0.257812
vt 0.378906 0.257812
vt 0.409180 0.257812
vt 0.439453 0.257812
vt 0.469727 0.257812
vt 0.500000 0.257812
vt 0.530273 0.257812
vt 0.560547 0.257812
vt 0.590820 0.257812
vt 0.621094 0.257812
vt 0.651367 0.257812
vt 0.681641 0.257812
vt 0.711914 0.257812
vt 0.742188 0.257812
vt 0.772461 0.257812
vt 0.802734 0.257812
vt 0.833008 0.257812
vt 0.863281 0.257812
vt 0.893555 0.257812
vt 0.923828 0.257812
vt 0.954102 0.257812
vt 0.984375 0.257812
vt 0.045898 0.288086
vt 0.015625 0.288086
vt 0.076172 0.288086
vt 0.106445 0.288086
vt 0.136719 0.288086
vt 0.166992 0.288086
vt 0.197266 0.288086
vt 0.227539 0.288086
vt 0.257812 0.288086
vt 0.288086 0.288086
vt 0.318359 0.288086
vt 0.348633 0.288086
vt 0.378906 0.288086
vt 0.409180 0.288086
vt 0.439453 0.288086
vt 0.469727 0.288086
vt 0.500000 0.288086
vt 0.530273 0.288086
vt 0.560547 0.288086
vt 0.590820 0.288086
vt 0.621094 0.288086
vt 0.651367 0.288086
vt 0.681641 0.288086
vt 0.711914 0.288086
vt 0.742188 0.288086
vt 0.772461 0.288086
vt 0.802734 0.288086
vt 0.833008 0.288086
vt 0.863281 0.288086
vt 0.893555 0.288086
vt 0.923828 0.288086
vt 0.954102 0.288086
vt 0.984375 0.288086
vt 0.045898 0.318359
vt 0.015625 0.318359
vt 0.076172 0.318359
vt 0.106445 0.318359
vt 0.136719 0.318359
vt 0.166992 0.318359
vt 0.197266 0.318359
vt 0.227539 0.318359
vt 0.257812 0.318359
vt 0.288086 0.318359
vt 0.318359 0.318359
vt 0.348633 0.318359
vt 0.378906 0.318359
vt 0.409180 0.318359
vt 0.439453 0.318359
vt 0.469727 0.318359
vt 0.500000 0.318359
vt 0.530273 0.318359
vt 0.560547 0.318359
vt 0.590820 0.318359
vt 0.621094 0.318359
vt 0.651367 0.318359
vt 0.681641 0.318359
vt 0.711914 0.318359
vt 0.742188 0.318359
vt 0.772461 0.318359
vt 0.802734 0.318359
vt 0.833008 0.318359
vt 0.863281 0.318359
vt 0.893555 0.318359
vt 0.923828 0.318359
vt 0.954102 0.318359
vt 0.984375 0.318359
vt 0.045898 0.348633
vt 0.015625 0.348633
vt 0.076172 0.348633
vt 0.106445 0.348633
vt 0.136719 0.348633
vt 0.166992 0.348633
vt 0.197266 0.348633
vt 0.227539 0.348633
vt 0.257812 0.348633
vt 0.288086 0.348633
vt 0.318359 0.348633
vt 0.348633 0.348633
vt 0.378906 0.348633
vt 0.409180 0.348633
vt 0.439453 0.348633
vt 0.469727 0.348633
vt 0.500000 0.348633
vt 0.530273 0.348633
vt 0.560547 0.348633
vt 0.590820 0.348633
vt 0.621094 0.348633
vt 0.651367 0.348633
vt 0.681641 0.348633
vt 0.711914 0.348633
vt 0.742188 0.348633
vt 0.772461 0.348633
vt 0.802734 0.348633
vt 0.833008 0.348633
vt 0.863281 0.348633
vt 0.893555 0.348633
vt 0.923828 0.348633
vt 0.954102 0.348633
vt 0.984375 0.348633
vt 0.045898 0.378906
vt 0.015625 0.378906
vt 0.076172 0.378906
vt 0.106445 0.378906
vt 0.136719 0.378906
vt 0.166992 0.378906
vt 0.197266 0.378906
vt 0.227539 0.378906
vt 0.257812 0.378906
vt 0.288086 0.378906
vt 0.318359 0.378906
vt 0.348633 0.378906
vt 0.378906 0.378906
vt 0.409180 0.378906
vt 0.439453 0.378906
vt 0.469727 0.378906
vt 0.500000 0.378906
vt 0.530273 0.378906
vt 0.560547 0.378906
vt 0.590820 0.378906
vt 0.621094 0.378906
vt 0.651367 0.378906
vt 0.681641 0.378906
vt 0.711914 0.378906
vt 0.742188 0.378906
vt 0.772461 0.378906
vt 0.802734 0.378906
vt 0.833008 0.378906
vt 0.863281 0.378906
vt 0.893555 0.378906
vt 0.923828 0.378906
vt 0.954102 0.378906
vt 0.984375 0.378906
vt 0.045898 0.409180
vt 0.015625 0.409180
vt 0.076172 0.409180
vt 0.106445 0.409180
vt 0.136719 0.409180
vt 0.166992 0.409180
vt 0.197266 0.409180
vt 0.227539 0.409180
vt 0.257812 0.409180
vt 0.288086 0.409180
vt 0.318359 0.409180
vt 0.348633 0.409180
vt 0.378906 0.409180
vt 0.409180 0.409180
vt 0.439453 0.409180
vt 0.469727 0.409180
vt 0.500000 0.409180
vt 0.530273 0.409180
vt 0.560547 0.409180
vt 0.590820 0.409180
vt 0.621094 0.409180
vt 0.651367 0.409180
vt 0.681641 0.409180
vt 0.711914 0.409180
vt 0.742188 0.409180
vt 0.772461 0.409180
vt 0.802734 0.409180
vt 0.833008 0.409180
vt 0.863281 0.409180
vt 0.893555 0.409180
vt 0.923828 0.409180
vt 0.954102 0.409180
vt 0.984375 0.409180
vt 0.045898 0.439453
vt 0.015625 0.439453
vt 0.076172 0.439453
vt 0.106445 0.439453
vt 0.136719 0.439453
vt 0.166992 0.439453
vt 0.197266 0.439453
vt 0.227539 0.439453
vt 0.257812 0.439453
vt 0.288086 0.439453
vt 0.318359 0.439453
vt 0.348633 0.439453
vt 0.378906 0.439453
vt 0.409180 0.439453
vt 0.439453 0.439453
vt 0.469727 0.439453
vt 0.500000 0.439453
vt 0.530273 0.439453
vt 0.560547 0.439453
vt 0.590820 0.439453
vt 0.621094 0.439453
vt 0.651367 0.439453
vt 0.681641 0.439453
vt 0.711914 0.439453
vt 0.742188 0.439453
vt 0.772461 0.439453
vt 0.802734 0.439453
vt 0.833008 0.439453
vt 0.863281 0.439453
vt 0.893555 0.439453
vt 0.923828 0.439453
vt 0.954102 0.439453
vt 0.984375 0.439453
vt 0.045898 0.469727
vt 0.015625 0.469727
vt 0.076172 0.469727
vt 0.106445 0.469727
vt 0.136719 0.469727
vt 0.166992 0.469727
vt 0.197266 0.469727
vt 0.227539 0.469727
vt 0.257812 0.469727
vt 0.288086 0.469727
vt 0.318359 0.469727
vt 0.348633 0.469727
vt 0.378906 0.469727
vt 0.409180 0.469727
vt 0.439453 0.469727
vt 0.469727 0.469727
vt 0.500000 0.469727
vt 0.530273 0.469727
vt 0.560547 0.469727
vt 0.590820 0.469727
vt 0.621094 0.469727
vt 0.651367 0.469727
vt 0.681641 0.469727
vt 0.711914 0.469727
vt 0.742188 0.469727
vt 0.772461 0.469727
vt 0.802734 0.469727
vt 0.833008 0.469727
vt 0.863281 0.469727
vt 0.893555 0.469727
vt 0.923828 0.469727
vt 0.954102 0.469727
vt 0.984375 0.469727
vt 0.045898 0.500000
vt 0.015625 0.500000
vt 0.076172 0.500000
vt 0.106445 0.500000
vt 0.136719 0.500000
vt 0.166992 0.500000
vt 0.197266 0.500000
vt 0.227539 0.500000
vt 0.257812 0.500000
vt 0.288086 0.500000
vt 0.318359 0.500000
vt 0.348633 0.500000
vt 0.378906 0.500000
vt 0.409180 0.500000
vt 0.439453 0.500000
vt 0.469727 0.500000
vt 0.500000 0.500000
vt 0.530273 0.500000
vt 0.560547 0.500000
vt 0.590820 0.500000
vt 0.621094 0.500000
vt 0.651367 0.500000
vt 0.681641 0.500000
vt 0.711914 0.500000
vt 0.742188 0.500000
vt 0.772461 0.500000
vt 0.802734 0.500000
vt 0.833008 0.500000
vt 0.863281 0.500000
vt 0.893555 0.500000
vt 0.923828 0.500000
vt 0.954102 0.500000
vt 0.984375 0.500000
vt 0.045898 0.530273
vt 0.015625 0.530273
vt 0.076172 0.530273
vt 0.106445 0.530273
vt 0.136719 0.530273
vt 0.166992 0.530273
vt 0.197266 0.530273
vt 0.227539 0.530273
vt 0.257812 0.530273
vt 0.288086 0.530273
vt 0.318359 0.530273
vt 0.348633 0.530273
vt 0.378906 0.530273
vt 0.409180 0.530273
vt 0.439453 0.530273
vt 0.469727 0.530273
vt 0.500000 0.530273
vt 0.530273 0.530273
vt 0.560547 0.530273
vt 0.590820 0.530273
vt 0.621094 0.530273
vt 0.651367 0.530273
vt 0.681641 0.530273
vt 0.711914 0.530273
vt 0.742188 0.530273
vt 0.772461 0.530273
vt 0.802734 0.530273
vt 0.833008 0.530273
vt 0.863281 0.530273
vt 0.893555 0.530273
vt 0.923828 0.530273
vt 0.954102 0.530273
vt 0.984375 0.530273
vt 0.045898 0.560547
vt 0.015625 0.560547
vt 0.076172 0.560547
vt 0.106445 0.560547
vt 0.136719 0.560547
vt 0.166992 0.560547
vt 0.197266 0.560547
vt 0.227539 0.560547
vt 0.257812 0.560547
vt 0.288086 0.560547
vt 0.318359 0.560547
vt 0.348633 0.560547
vt 0.378906 0.560547
vt 0.409180 0.560547
vt 0.439453 0.560547
vt 0.469727 0.560547
vt 0.500000 0.560547
vt 0.530273 0.560547
vt 0.560547 0.560547
vt 0.590820 0.560547
vt 0.621094 0.560547
vt 0.651367 0.560547
vt 0.681641 0.560547
vt 0.711914 0.560547
vt 0.742188 0.560547
vt 0.772461 0.560547
vt 0.802734 0.560547
vt 0.833008 0.560547
vt 0.863281 0.560547
vt 0.893555 0.560547
vt 0.923828 0.560547
vt 0.954102 0.560547
vt 0.984375 0.560547
vt 0.045898 0.590820
vt 0.015625 0.590820
vt 0.076172 0.590820
vt 0.106445 0.590820
vt 0.136719 0.590820
vt 0.166992 0.590820
vt 0.197266 0.590820
vt 0.227539 0.590820
vt 0.257812 0.590820
vt 0.288086 0.590820
vt 0.318359 0.590820
vt 0.348633 0.590820
vt 0.378906 0.590820
vt 0.409180 0.590820
vt 0.439453 0.590820
vt 0.469727 0.590820
vt 0.500000 0.590820
vt 0.530273 0.590820
vt 0.560547 0.590820
vt 0.590820 0.590820
vt 0.621094 0.590820
vt 0.651367 0.590820
vt 0.681641 0.590820
vt 0.711914 0.590820
vt 0.742188 0.590820
vt 0.772461 0.590820
vt 0.802734 0.590820
vt 0.833008 0.590820
vt 0.863281 0.590820
vt 0.893555 0.590820
vt 0.923828 0.590820
vt 0.954102 0.590820
vt 0.984375 0.590820
vt 0.045898 0.621094
vt 0.015625 0.621094
vt 0.076172 0.621094
vt 0.106445 0.621094
vt 0.136719 0.621094
vt 0.166992 0.621094
vt 0.197266 0.621094
vt 0.227539 0.621094
vt 0.257812 0.621094
vt 0.288086 0.621094
vt 0.318359 0.621094
vt 0.348633 0.621094
vt 0.378906 0.621094
vt 0.409180 0.621094
vt 0.439453 0.621094
vt 0.469727 0.621094
vt 0.500000 0.621094
vt 0.530273 0.621094
vt 0.560547 0.621094
vt 0.590820 0.621094
vt 0.621094 0.621094
vt 0.651367 0.621094
vt 0.681641 0.621094
vt 0.711914 0.621094
vt 0.742188 0.621094
vt 0.772461 0.621094
vt 0.802734 0.621094
vt 0.833008 0.621094
vt 0.863281 0.621094
vt 0.893555 0.621094
vt 0.923828 0.621094
vt 0.954102 0.621094
vt 0.984375 0.621094
vt 0.045898 0.651367
vt 0.015625 0.651367
vt 0.076172 0.651367
vt 0.106445 0.651367
vt 0.136719 0.651367
vt 0.166992 0.651367
vt 0.197266 0.651367
vt 0.227539 0.651367
vt 0.257812 0.651367
vt 0.288086 0.651367
vt 0.318359 0.651367
vt 0.348633 0.651367
vt 0.378906 0.651367
vt 0.409180 0.651367
vt 0.439453 0.651367
vt 0.469727 0.651367
vt 0.500000 0.651367
vt 0.530273 0.651367
vt 0.560547 0.651367
vt 0.590820 0.651367
vt 0.621094 0.651367
vt 0.651367 0.651367
vt 0.681641 0.651367
vt 0.711914 0.651367
vt 0.742188 0.651367
vt 0.772461 0.651367
vt 0.802734 0.651367
vt 0.833008 0.651367
vt 0.863281 0.651367
vt 0.893555 0.651367
vt 0.923828 0.651367
vt 0.954102 0.651367
vt 0.984375 0.651367
vt 0.045898 0.681641
vt 0.015625 0.681641
vt 0.076172 0.681641
vt 0.106445 0.681641
vt 0.136719 0.681641
vt 0.166992 0.681641
vt 0.197266 0.681641
vt 0.227539 0.681641
vt 0.257812 0.681641
vt 0.288086 0.681641
vt 0.318359 0.681641
vt 0.348633 0.681641
vt 0.378906 0.681641
vt 0.409180 0.681641
vt 0.439453 0.681641
vt 0.469727 0.681641
vt 0.500000 0.681641
vt 0.530273 0.681641
vt 0.560547 0.681641
vt 0.590820 0.681641
vt 0.621094 0.681641
vt 0.651367 0.681641
vt 0.681641 0.681641
vt 0.711914 0.681641
vt 0.742188 0.681641
vt 0.772461 0.681641
vt 0.802734 0.681641
vt 0.833008 0.681641
vt 0.863281 0.681641
vt 0.893555 0.681641
vt 0.923828 0.681641
vt 0.954102 0.681641
vt 0.984375 0.681641
vt 0.045898 0.711914
vt 0.015625 0.711914
vt 0.076172 0.711914
vt 0.106445 0.711914
vt 0.136719 0.711914
vt 0.166992 0.711914
vt 0.197266 0.711914
vt 0.227539 0.711914
vt 0.257812 0.711914
vt 0.288086 0.711914
vt 0.318359 0.711914
vt 0.348633 0.711914
vt 0.378906 0.711914
vt 0.409180 0.711914
vt 0.439453 0.711914
vt 0.469727 0.711914
vt 0.500000 0.711914
vt 0.530273 0.711914
vt 0.560547 0.711914
vt 0.590820 0.711914
vt 0.621094 0.711914
vt 0.651367 0.711914
vt 0.681641 0.711914
vt 0.711914 0.711914
vt 0.742188 0.711914
vt 0.772461 0.711914
vt 0.802734 0.711914
vt 0.833008 0.711914
vt 0.863281 0.711914
vt 0.893555 0.711914
vt 0.923828 0.711914
vt 0.954102 0.711914
vt 0.984375 0.711914
vt 0.045898 0.742188
vt 0.015625 0.742188
vt 0.076172 0.742188
vt 0.106445 0.742188
vt 0.136719 0.742188
vt 0.166992 0.742188
vt 0.197266 0.742188
vt 0.227539 0.742188
vt 0.257812 0.742188
vt 0.288086 0.742188
vt 0.318359 0.742188
vt 0.348633 0.742188
vt 0.378906 0.742188
vt 0.409180 0.742188
vt 0.439453 0.742188
vt 0.469727 0.742188
vt 0.500000 0.742188
vt 0.530273 0.742188
vt 0.560547 0.742188
vt 0.590820 0.742188
vt 0.621094 0.742188
vt 0.651367 0.742188
vt 0.681641 0.742188
vt 0.711914 0.742188
vt 0.742188 0.742188
vt 0.772461 0.742188
vt 0.802734 0.742188
vt 0.833008 0.742188
vt 0.863281 0.742188
vt 0.893555 0.742188
vt 0.923828 0.742188
vt 0.954102 0.742188
vt 0.984375 0.742188
vt 0.045898 0.772461
vt 0.015625 0.772461
vt 0.076172 0.772461
vt 0.106445 0.772461
vt 0.136719 0.772461
vt 0.166992 0.772461
vt 0.197266 0.772461
vt 0.227539 0.772461
vt 0.257812 0.772461
vt 0.288086 0.772461
vt 0.318359 0.772461
vt 0.348633 0.772461
vt 0.378906 0.772461
vt 0.409180 0.772461
vt 0.439453 0.772461
vt 0.469727 0.772461
vt 0.500000 0.772461
vt 0.530273 0.772461
vt 0.560547 0.772461
vt 0.590820 0.772461
vt 0.621094 0.772461
vt 0.651367 0.772461
vt 0.681641 0.772461
vt 0.711914 0.772461
vt 0.742188 0.772461
vt 0.772461 0.772461
vt 0.802734 0.772461
vt 0.833008 0.772461
vt 0.863281 0.772461
vt 0.893555 0.772461
vt 0.923828 0.772461
vt 0.954102 0.772461
vt 0.984375 0.772461
vt 0.045898 0.802734
vt 0.015625 0.802734
vt 0.076172 0.802734
vt 0.106445 0.802734
vt 0.136719 0.802734
vt 0.166992 0.802734
vt 0.197266 0.802734
vt 0.227539 0.802734
vt 0.257812 0.802734
vt 0.288086 0.802734
vt 0.318359 0.802734
vt 0.348633 0.802734
vt 0.378906 0.802734
vt 0.409180 0.802734
vt 0.439453 0.802734
vt 0.469727 0.802734
vt 0.500000 0.802734
vt 0.530273 0.802734
vt 0.560547 0.802734
vt 0.590820 0.802734
vt 0.621094 0.802734
vt 0.651367 0.802734
vt 0.681641 0.802734
vt 0.711914 0.802734
vt 0.742188 0.802734
vt 0.772461 0.802734
vt 0.802734 0.802734
vt 0.833008 0.802734
vt 0.863281 0.802734
vt 0.893555 0.802734
vt 0.923828 0.802734
vt 0.954102 0.802734
vt 0.984375 0.802734
vt 0.045898 0.833008
vt 0.015625 0.833008
vt 0.076172 0.833008
vt 0.106445 0.833008
vt 0.136719 0.833008
vt 0.166992 0.833008
vt 0.197266 0.833008
vt 0.227539 0.833008
vt 0.257812 0.833008
vt 0.288086 0.833008
vt 0.318359 0.833008
vt 0.348633 0.833008
vt 0.378906 0.833008
vt 0.409180 0.833008
vt 0.439453 0.833008
vt 0.469727 0.833008
vt 0.500000 0.833008
vt 0.530273 0.833008
vt 0.560547 0.833008
vt 0.590820 0.833008
vt 0.621094 0.833008
vt 0.651367 0.833008
vt 0.681641 0.833008
vt 0.711914 0.833008
vt 0.742188 0.833008
vt 0.772461 0.833008
vt 0.802734 0.833008
vt 0.833008 0.833008
vt 0.863281 0.833008
vt 0.893555 0.833008
vt 0.923828 0.833008
vt 0.954102 0.833008
vt 0.984375 0.833008
vt 0.045898 0.863281
vt 0.015625 0.863281
vt 0.076172 0.863281
vt 0.106445 0.863281
vt 0.136719 0.863281
vt 0.166992 0.863281
vt 0.197266 0.863281
vt 0.227539 0.863281
vt 0.257812 0.863281
vt 0.288086 0.863281
vt 0.318359 0.863281
vt 0.348633 0.863281
vt 0.378906 0.863281
vt 0.409180 0.863281
vt 0.439453 0.863281
vt 0.469727 0.863281
vt 0.500000 0.863281
vt 0.530273 0.863281
vt 0.560547 0.863281
vt 0.590820 0.863281
vt 0.621094 0.863281
vt 0.651367 0.863281
vt 0.681641 0.863281
vt 0.711914 0.863281
vt 0.742188 0.863281
vt 0.772461 0.863281
vt 0.802734 0.863281
vt 0.833008 0.863281
vt 0.863281 0.863281
vt 0.893555 0.863281
vt 0.923828 0.863281
vt 0.954102 0.863281
vt 0.984375 0.863281
vt 0.045898 0.893555
vt 0.015625 0.893555
vt 0.076172 0.893555
vt 0.106445 0.893555
vt 0.136719 0.893555
vt 0.166992 0.893555
vt 0.197266 0.893555
vt 0.227539 0.893555
vt 0.257812 0.893555
vt 0.288086 0.893555
vt 0.318359 0.893555
vt 0.348633 0.893555
vt 0.378906 0.893555
vt 0.409180 0.893555
vt 0.439453 0.893555
vt 0.469727 0.893555
vt 0.500000 0.893555
vt 0.530273 0.893555
vt 0.560547 0.893555
vt 0.590820 0.893555
vt 0.621094 0.893555
vt 0.651367 0.893555
vt 0.681641 0.893555
vt 0.711914 0.893555
vt 0.742188 0.893555
vt 0.772461 0.893555
vt 0.802734 0.893555
vt 0.833008 0.893555
vt 0.863281 0.893555
vt 0.893555 0.893555
vt 0.923828 0.893555
vt 0.954102 0.893555
vt 0.984375 0.893555
vt 0.045898 0.923828
vt 0.015625 0.923828
vt 0.076172 0.923828
vt 0.106445 0.923828
vt 0.136719 0.923828
vt 0.166992 0.923828
vt 0.197266 0.923828
vt 0.227539 0.923828
vt 0.257812 0.923828
vt 0.288086 0.923828
vt 0.318359 0.923828
vt 0.348633 0.923828
vt 0.378906 0.923828
vt 0.409180 0.923828
vt 0.439453 0.923828
vt 0.469727 0.923828
vt 0.500000 0.923828
vt 0.530273 0.923828
vt 0.560547 0.923828
vt 0.590820 0.923828
vt 0.621094 0.923828
vt 0.651367 0.923828
vt 0.681641 0.923828
vt 0.711914 0.923828
vt 0.742188 0.923828
vt 0.772461 0.923828
vt 0.802734 0.923828
vt 0.833008 0.923828
vt 0.863281 0.923828
vt 0.893555 0.923828
vt 0.923828 0.923828
vt 0.954102 0.923828
vt 0.984375 0.923828
vt 0.045898 0.954102
vt 0.015625 0.954102
vt 0.076172 0.954102
vt 0.106445 0.954102
vt 0.136719 0.954102
vt 0.166992 0.954102
vt 0.197266 0.954102
vt 0.227539 0.954102
vt 0.257812 0.954102
vt 0.288086 0.954102
vt 0.318359 0.954102
vt 0.348633 0.954102
vt 0.378906 0.954102
vt 0.409180 0.954102
vt 0.439453 0.954102
vt 0.469727 0.954102
vt 0.500000 0.954102
vt 0.530273 0.954102
vt 0.560547 0.954102
vt 0.590820 0.954102
vt 0.621094 0.954102
vt 0.651367 0.954102
vt 0.681641 0.954102
vt 0.711914 0.954102
vt 0.742188 0.954102
vt 0.772461 0.954102
vt 0.802734 0.954102
vt 0.833008 0.954102
vt 0.863281 0.954102
vt 0.893555 0.954102
vt 0.923828 0.954102
vt 0.954102 0.954102
vt 0.984375 0.954102
vt 0.045898 0.984375
vt 0.015625 0.984375
vt 0.076172 0.984375
vt 0.106445 0.984375
vt 0.136719 0.984375
vt 0.166992 0.984375
vt 0.197266 0.984375
vt 0.227539 0.984375
vt 0.257812 0.984375
vt 0.288086 0.984375
vt 0.318359 0.984375
vt 0.348633 0.984375
vt 0.378906 0.984375
vt 0.409180 0.984375
vt 0.439453 0.984375
vt 0.469727 0.984375
vt 0.500000 0.984375
vt 0.530273 0.984375
vt 0.560547 0.984375
vt 0.590820 0.984375
vt 0.621094 0.984375
vt 0.651367 0.984375
vt 0.681641 0.984375
vt 0.711914 0.984375
vt 0.742188 0.984375
vt 0.772461 0.984375
vt 0.802734 0.984375
vt 0.833008 0.984375
vt 0.863281 0.984375
vt 0.893555 0.984375
vt 0.923828 0.984375
vt 0.954102 0.984375
vt 0.984375 0.984375
s 1
f 1/1/1 2/2/2 35/3/3
f 1/1/1 35/3/3 34/4/4
f 2/2/2 3/5/5 36/6/6
f 2/2/2 36/6/6 35/3/3
f 3/5/5 4/7/7 37/8/8
f 3/5/5 37/8/8 36/6/6
f 4/7/7 5/9/9 38/10/10
f 4/7/7 38/10/10 37/8/8
f 5/9/9 6/11/11 39/12/12
f 5/9/9 39/12/12 38/10/10
f 6/11/11 7/13/13 40/14/14
f 6/11/11 40/14/14 39/12/12
f 7/13/13 8/15/15 41/16/16
f 7/13/13 41/16/16 40/14/14
f 8/15/15 9/17/17 42/18/18
f 8/15/15 42/18/18 41/16/16
f 9/17/17 10/19/19 43/20/20
f 9/17/17 43/20/20 42/18/18
f 10/19/19 11/21/21 44/22/22
f 10/19/19 44/22/22 43/20/20
f 11/21/21 12/23/23 45/24/24
f 11/21/21 45/24/24 44/22/22
f 12/23/23 13/25/25 46/26/26
f 12/23/23 46/26/26 45/24/24
f 13/25/25 14/27/27 47/28/28
f 13/25/25 47/28/28 46/26/26
f 14/27/27 15/29/29 48/30/30
f 14/27/27 48/30/30 47/28/28
f 15/29/29 16/31/31 49/32/32
f 15/29/29 49/32/32 48/30/30
f 16/31/31 17/33/33 50/34/34
f 16/31/31 50/34/34 49/32/32
f 17/33/33 18/35/35 51/36/36
f 17/33/33 51/36/36 50/34/34
f 18/35/35 19/37/37 52/38/38
f 18/35/35 52/38/38 51/36/36
f 19/37/37 20/39/39 53/40/40
f 19/37/37 53/40/40 52/38/38
f 20/39/39 21/41/41 54/42/42
f 20/39/39 54/42/42 53/40/40
f 21/41/41 22/43/43 55/44/44
f 21/41/41 55/44/44 54/42/42
f 22/43/43 23/45/45 56/46/46
f 22/43/43 56/46/46 55/44/44
f 23/45/45 24/47/47 57/48/48
f 23/45/45 57/48/48 56/46/46
f 24/47/47 25/49/49 58/50/50
f 24/47/47 58/50/50 57/48/48
f 25/49/49 26/51/51 59/52/52
f 25/49/49 59/52/52 58/50/50
f 26/51/51 27/53/53 60/54/54
f 26/51/51 60/54/54 59/52/52
f 27/53/53 28/55/55 61/56/56
f 27/53/53 61/56/56 60/54/54
f 28/55/55 29/57/57 62/58/58
f 28/55/55 62/58/58 61/56/56
f 29/57/57 30/59/59 63/60/60
f 29/57/57 63/60/60 62/58/58
f 30/59/59 31/61/61 64/62/62
f 30/59/59 64/62/62 63/60/60
f 31/61/61 32/63/63 65/64/64
f 31/61/61 65/64/64 64/62/62
f 32/63/63 33/65/65 66/66/66
f 32/63/63 66/66/66 65/64/64
f 34/4/4 35/3/3 68/67/67
f 34/4/4 68/67/67 67/68/68
f 35/3/3 36/6/6 69/69/69
f 35/3/3 69/69/69 68/67/67
f 36/6/6 37/8/8 70/70/70
f 36/6/6 70/70/70 69/69/69
f 37/8/8 38/10/10 71/71/71
f 37/8/8 71/71/71 70/70/70
f 38/10/10 39/12/12 72/72/72
f 38/10/10 72/72/72 71/71/71
f 39/12/12 40/14/14 73/73/73
f 39/12/12 73/73/73 72/72/72
f 40/14/14 41/16/16 74/74/74
f 40/14/14 74/74/74 73/73/73
f 41/16/16 42/18/18 75/75/75
f 41/16/16 75/75/75 74/74/74
f 42/18/18 43/20/20 76/76/76
f 42/18/18 76/76/76 75/75/75
f 43/20/20 44/22/22 77/77/77
f 43/20/20 77/77/77 76/76/76
f 44/22/22 45/24/24 78/78/78
f 44/22/22 78/78/78 77/77/77
f 45/24/24 46/26/26 79/79/79
f 45/24/24 79/79/79 78/78/78
f 46/26/26 47/28/28 80/80/80
f 46/26/26 80/80/80 79/79/79
f 47/28/28 48/30/30 81/81/81
f 47/28/28 81/81/81 80/80/80
f 48/30/30 49/32/32 82/82/82
f 48/30/30 82/82/82 81/81/81
f 49/32/32 50/34/34 83/83/83
f 49/32/32 83/83/83 82/82/82
f 50/34/34 51/36/36 84/84/84
f 50/34/34 84/84/84 83/83/83
f 51/36/36 52/38/38 85/85/85
f 51/36/36 85/85/85 84/84/84
f 52/38/38 53/40/40 86/86/86
f 52/38/38 86/86/86 85/85/85
f 53/40/40 54/42/42 87/87/87
f 53/40/40 87/87/87 86/86/86
f 54/42/42 55/44/44 88/88/88
f 54/42/42 88/88/88 87/87/87
f 55/44/44 56/46/46 89/89/89
f 55/44/44 89/89/89 88/88/88
f 56/46/46 57/48/48 90/90/90
f 56/46/46 90/90/90 89/89/89
f 57/48/48 58/50/50 91/91/91
f 57/48/48 91/91/91 90/90/90
f 58/50/50 59/52/52 92/92/92
f 58/50/50 92/92/92 91/91/91
f 59/52/52 60/54/54 93/93/93
f 59/52/52 93/93/93 92/92/92
f 60/54/54 61/56/56 94/94/94
f 60/54/54 94/94/94 93/93/93
f 61/56/56 62/58/58 95/95/95
f 61/56/56 95/95/95 94/94/94
f 62/58/58 63/60/60 96/96/96
f 62/58/58 96/96/96 95/95/95
f 63/60/60 64/62/62 97/97/97
f 63/60/60 97/97/97 96/96/96
f 64/62/62 65/64/64 98/98/98
f 64/62/62 98/98/98 97/97/97
f 65/64/64 66/66/66 99/99/99
f 65/64/64 99/99/99 98/98/98
f 67/68/68 68/67/67 101/100/100
f 67/68/68 101/100/100 100/101/101
f 68/67/67 69/69/69 102/102/102
f 68/67/67 102/102/102 101/100/100
f 69/69/69 70/70/70 103/103/103
f 69/69/69 103/103/103 102/102/102
f 70/70/70 71/71/71 104/104/104
f 70/70/70 104/104/104 103/103/103
f 71/71/71 72/72/72 105/105/105
f 71/71/71 105/105/105 104/104/104
f 72/72/72 73/73/73 106/106/106
f 72/72/72 106/106/106 105/105/105
f 73/73/73 74/74/74 107/107/107
f 73/73/73 107/107/107 106/106/106
f 74/74/74 75/75/75 108/108/108
f 74/74/74 108/108/108 107/107/107
f 75/75/75 76/76/76 109/109/109
f 75/75/75 109/109/109 108/108/108
f 76/76/76 77/77/77 110/110/110
f 76/76/76 110/110/110 109/109/109
f 77/77/77 78/78/78 111/111/111
f 77/77/77 111/111/111 110/110/110
f 78/78/78 79/79/79 112/112/112
f 78/78/78 112/112/112 111/111/111
f 79/79/79 80/80/80 113/113/113
f 79/79/79 113/113/113 112/112/112
f 80/80/80 81/81/81 114/114/114
f 80/80/80 114/114/114 113/113/113
f 81/81/81 82/82/82 115/115/115
f 81/81/81 115/115/115 114/114/114
f 82/82/82 83/83/83 116/116/116
f 82/82/82 116/116/116 115/115/115
f 83/83/83 84/84/84 117/117/117
f 83/83/83 117/117/117 116/116/116
f 84/84/84 85/85/85 118/118/118
f 84/84/84 118/118/118 117/117/117
f 85/85/85 86/86/86 119/119/119
f 85/85/85 119/119/119 118/118/118
f 86/86/86 87/87/87 120/120/120
f 86/86/86 120/120/120 119/119/119
f 87/87/87 88/88/88 121/121/121
f 87/87/87 121/121/121 120/120/120
f 88/88/88 89/89/89 122/122/122
f 88/88/88 122/122/122 121/121/121
f 89/89/89 90/90/90 123/123/123
f 89/89/89 123/123/123 122/122/122
f 90/90/90 91/91/91 124/124/124
f 90/90/90 124/124/124 123/123/123
f 91/91/91 92/92/92 125/125/125
f 91/91/91 125/125/125 124/124/124
f 92/92/92 93/93/93 126/126/126
f 92/92/92 126/126/126 125/125/125
f 93/93/93 94/94/94 127/127/127
f 93/93/93 127/127/127 126/126/126
f 94/94/94 95/95/95 128/128/128
f 94/94/94 128/128/128 127/127/127
f 95/95/95 96/96/96 129/129/129
f 95/95/95 129/129/129 128/128/128
f 96/96/96 97/97/97 130/130/130
f 96/96/96 130/130/130 129/129/129
f 97/97/97 98/98/98 131/131/131
f 97/97/97 131/131/131 130/130/130
f 98/98/98 99/99/99 132/132/132
f 98/98/98 132/132/132 131/131/131
f 100/101/101 101/100/100 134/133/133
f 100/101/101 134/133/133 133/134/134
f 101/100/100 102/102/102 135/135/135
f 101/100/100 135/135/135 134/133/133
f 102/102/102 103/103/103 136/136/136
f 102/102/102 136/136/136 135/135/135
f 103/103/103 104/104/104 137/137/137
f 103/103/103 137/137/137 136/136/136
f 104/104/104 105/105/105 138/138/138
f 104/104/104 138/138/138 137/137/137
f 105/105/105 106/106/106 139/139/139
f 105/105/105 139/139/139 138/138/138
f 106/106/106 107/107/107 140/140/140
f 106/106/106 140/140/140 139/139/139
f 107/107/107 108/108/108 141/141/141
f 107/107/107 141/141/141 140/140/140
f 108/108/108 109/109/109 142/142/142
f 108/108/108 142/142/142 141/141/141
f 109/109/109 110/110/110 143/143/143
f 109/109/109 143/143/143 142/142/142
f 110/110/110 111/111/111 144/144/144
f 110/110/110 144/144/144 143/143/143
f 111/111/111 112/112/112 145/145/145
f 111/111/111 145/145/145 144/144/144
f 112/112/112 113/113/113 146/146/146
f 112/112/112 146/146/146 145/145/145
f 113/113/113 114/114/114 147/147/147
f 113/113/113 147/147/147 146/146/146
f 114/114/114 115/115/115 148/148/148
f 114/114/114 148/148/148 147/147/147
f 115/115/115 116/116/116 149/149/149
f 115/115/115 149/149/149 148/148/148
f 116/116/116 117/117/117 150/150/150
f 116/116/116 150/150/150 149/149/149
f 117/117/117 118/118/118 151/151/151
f 117/117/117 151/151/151 150/150/150
f 118/118/118 119/119/119 152/152/152
f 118/118/118 152/152/152 151/151/151
f 119/119/119 120/120/120 153/153/153
f 119/119/119 153/153/153 152/152/152
f 120/120/120 121/121/121 154/154/154
f 120/120/120 154/154/154 153/153/153
f 121/121/121 122/122/122 155/155/155
f 121/121/121 155/155/155 154/154/154
f 122/122/122 123/123/123 156/156/156
f 122/122/122 156/156/156 155/155/155
f 123/123/123 124/124/124 157/157/157
f 123/123/123 157/157/157 156/156/156
f 124/124/124 125/125/125 158/158/158
f 124/124/124 158/158/158 157/157/157
f 125/125/125 126/126/126 159/159/159
f 125/125/125 159/159/159 158/158/158
f 126/126/126 127/127/127 160/160/160
f 126/126/126 160/160/160 159/159/159
f 127/127/127 128/128/128 161/161/161
f 127/127/127 161/161/161 160/160/160
f 128/128/128 129/129/129 162/162/162
f 128/128/128 162/162/162 161/161/161
f 129/129/129 130/130/130 163/163/163
f 129/129/129 163/163/163 162/162/162
f 130/130/130 131/131/131 164/164/164
f 130/130/130 164/164/164 163/163/163
f 131/131/131 132/132/132 165/165/165
f 131/131/131 165/165/165 164/164/164
f 133/134/134 134/133/133 167/166/166
f 133/134/134 167/166/166 166/167/167
f 134/133/133 135/135/135 168/168/168
f 134/133/133 168/168/168 167/166/166
f 135/135/135 136/136/136 169/169/169
f 135/135/135 169/169/169 168/168/168
f 136/136/136 137/137/137 170/170/170
f 136/136/136 170/170/170 169/169/169
f 137/137/137 138/138/138 171/171/171
f 137/137/137 171/171/171 170/170/170
f 138/138/138 139/139/139 172/172/172
f 138/138/138 172/172/172 171/171/171
f 139/139/139 140/140/140 173/173/173
f 139/139/139 173/173/173 172/172/172
f 140/140/140 141/141/141 174/174/174
f 140/140/140 174/174/174 173/173/173
f 141/141/141 142/142/142 175/175/175
f 141/141/141 175/175/175 174/174/174
f 142/142/142 143/143/143 176/176/176
f 142/142/142 176/176/176 175/175/175
f 143/143/143 144/144/144 177/177/177
f 143/143/143 177/177/177 176/176/176
f 144/144/144 145/145/145 178/178/178
f 144/144/144 178/178/178 177/177/177
f 145/145/145 146/146/146 179/179/179
f 145/145/145 179/179/179 178/178/178
f 146/146/146 147/147/147 180/180/180
f 146/146/146 180/180/180 179/179/179
f 147/147/147 148/148/148 181/181/181
f 147/147/147 181/181/181 180/180/180
f 148/148/148 149/149/149 182/182/182
f 148/148/148 182/182/182 181/181/181
f 149/149/149 150/150/150 183/183/183
f 149/149/149 183/183/183 182/182/182
f 150/150/150 151/151/151 184/184/184
f 150/150/150 184/184/184 183/183/183
f 151/151/151 152/152/152 185/185/185
f 151/151/151 185/185/185 184/184/184
f 152/152/152 153/153/153 186/186/186
f 152/152/152 186/186/186 185/185/185
f 153/153/153 154/154/154 187/187/187
f 153/153/153 187/187/187 186/186/186
f 154/154/154 155/155/155 188/188/188
f 154/154/154 188/188/188 187/187/187
f 155/155/155 156/156/156 189/189/189
f 155/155/155 189/189/189 188/188/188
f 156/156/156 157/157/157 190/190/190
f 156/156/156 190/190/190 189/189/189
f 157/157/157 158/158/158 191/191/191
f 157/157/157 191/191/191 190/190/190
f 158/158/158 159/159/159 192/192/192
f 158/158/158 192/192/192 191/191/191
f 159/159/159 160/160/160 193/193/193
f 159/159/159 193/193/193 192/192/192
f 160/160/160 161/161/161 194/194/194
f 160/160/160 194/194/194 193/193/193
f 161/161/161 162/162/162 195/195/195
f 161/161/161 195/195/195 194/194/194
f 162/162/162 163/163/163 196/196/196
f 162/162/162 196/196/196 195/195/195
f 163/163/163 164/164/164 197/197/197
f 163/163/163 197/197/197 196/196/196
f 164/164/164 165/165/165 198/198/198
f 164/164/164 198/198/198 197/197/197
f 166/167/167 167/166/166 200/199/199
f 166/167/167 200/199/199 199/200/200
f 167/166/166 168/168/168 201/201/201
f 167/166/166 201/201/201 200/199/199
f 168/168/168 169/169/169 202/202/202
f 168/168/168 202/202/202 201/201/201
f 169/169/169 170/170/170 203/203/203
f 169/169/169 203/203/203 202/202/202
f 170/170/170 171/171/171 204/204/204
f 170/170/170 204/204/204 203/203/203
f 171/171/171 172/172/172 205/205/205
f 171/171/171 205/205/205 204/204/204
f 172/172/172 173/173/173 206/206/206
f 172/172/172 206/206/206 205/205/205
f 173/173/173 174/174/174 207/207/207
f 173/173/173 207/207/207 206/206/206
f 174/174/174 175/175/175 208/208/208
f 174/174/174 208/208/208 207/207/207
f 175/175/175 176/176/176 209/209/209
f 175/175/175 209/209/209 208/208/208
f 176/176/176 177/177/177 210/210/210
f 176/176/176 210/210/210 209/209/209
f 177/177/177 178/178/178 211/211/211
f 177/177/177 211/211/211 210/210/210
f 178/178/178 179/179/179 212/212/212
f 178/178/178 212/212/212 211/211/211
f 179/179/179 180/180/180 213/213/213
f 179/179/179 213/213/213 212/212/212
f 180/180/180 181/181/181 214/214/214
f 180/180/180 214/214/214 213/213/213
f 181/181/181 182/182/182 215/215/215
f 181/181/181 215/215/215 214/214/214
f 182/182/182 183/183/183 216/216/216
f 182/182/182 216/216/216 215/215/215
f 183/183/183 184/184/184 217/217/217
f 183/183/183 217/217/217 216/216/216
f 184/184/184 185/185/185 218/218/218
f 184/184/184 218/218/218 217/217/217
f 185/185/185 186/186/186 219/219/219
f 185/185/185 219/219/219 218/218/218
f 186/186/186 187/187/187 220/220/220
f 186/186/186 220/220/220 219/219/219
f 187/187/187 188/188/188 221/221/221
f 187/187/187 221/221/221 220/220/220
f 188/188/188 189/189/189 222/222/222
f 188/188/188 222/222/222 221/221/221
f 189/189/189 190/190/190 223/223/223
f 189/189/189 223/223/223 222/222/222
f 190/190/190 191/191/191 224/224/224
f 190/190/190 224/224/224 223/223/223
f 191/191/191 192/192/192 225/225/225
f 191/191/191 225/225/225 224/224/224
f 192/192/192 193/193/193 226/226/226
f 192/192/192 226/226/226 225/225/225
f 193/193/193 194/194/194 227/227/227
f 193/193/193 227/227/227 226/226/226
f 194/194/194 195/195/195 228/228/228
f 194/194/194 228/228/228 227/227/227
f 195/195/195 196/196/196 229/229/229
f 195/195/195 229/229/229 228/228/228
f 196/196/196 197/197/197 230/230/230
f 196/196/196 230/230/230 229/229/229
f 197/197/197 198/198/198 231/231/231
f 197/197/197 231/231/231 230/230/230
f 199/200/200 200/199/199 233/232/232
f 199/200/200 233/232/232 232/233/233
f 200/199/199 201/201/201 234/234/234
f 200/199/199 234/234/234 233/232/232
f 201/201/201 202/202/202 235/235/235
f 201/201/201 235/235/235 234/234/234
f 202/202/202 203/203/203 236/236/236
f 202/202/202 236/236/236 235/235/235
f 203/203/203 204/204/204 237/237/237
f 203/203/203 237/237/237 236/236/236
f 204/204/204 205/205/205 238/238/238
f 204/204/204 238/238/238 237/237/237
f 205/205/205 206/206/206 239/239/239
f 205/205/205 239/239/239 238/238/238
f 206/206/206 207/207/207 240/240/240
f 206/206/206 240/240/240 239/239/239
f 207/207/207 208/208/208 241/241/241
f 207/207/207 241/241/241 240/240/240
f 208/208/208 209/209/209 242/242/242
f 208/208/208 242/242/242 241/241/241
f 209/209/209 210/210/210 243/243/243
f 209/209/209 243/243/243 242/242/242
f 210/210/210 211/211/211 244/244/244
f 210/210/210 244/244/244 243/243/243
f 211/211/211 212/212/212 245/245/245
f 211/211/211 245/245/245 244/244/244
f 212/212/212 213/213/213 246/246/246
f 212/212/212 246/246/246 245/245/245
f 213/213/213 214/214/214 247/247/247
f 213/213/213 247/247/247 246/246/246
f 214/214/214 215/215/215 248/248/248
f 214/214/214 248/248/248 247/247/247
f 215/215/215 216/216/216 249/249/249
f 215/215/215 249/249/249 248/248/248
f 216/216/216 217/217/217 250/250/250
f 216/216/216 250/250/250 249/249/249
f 217/217/217 218/218/218 251/251/251
f 217/217/217 251/251/251 250/250/250
f 218/218/218 219/219/219 252/252/252
f 218/218/218 252/252/252 251/251/251
f 219/219/219 220/220/220 253/253/253
f 219/219/219 253/253/253 252/252/252
f 220/220/220 221/221/221 254/254/254
f 220/220/220 254/254/254 253/253/253
f 221/221/221 222/222/222 255/255/255
f 221/221/221 255/255/255 254/254/254
f 222/222/222 223/223/223 256/256/256
f 222/222/222 256/256/256 255/255/255
f 223/223/223 224/224/224 257/257/257
f 223/223/223 257/257/257 256/256/256
f 224/224/224 225/225/225 258/258/258
f 224/224/224 258/258/258 257/257/257
f 225/225/225 226/226/226 259/259/259
f 225/225/225 259/259/259 258/258/258
f 226/226/226 227/227/227 260/260/260
f 226/226/226 260/260/260 259/259/259
f 227/227/227 228/228/228 261/261/261
f 227/227/227 261/261/261 260/260/260
f 228/228/228 229/229/229 262/262/262
f 228/228/228 262/262/262 261/261/261
f 229/229/229 230/230/230 263/263/263
f 229/229/229 263/263/263 262/262/262
f 230/230/230 231/231/231 264/264/264
f 230/230/230 264/264/264 263/263/263
f 232/233/233 233/232/232 266/265/265
f 232/233/233 266/265/265 265/266/266
f 233/232/232 234/234/234 267/267/267
f 233/232/232 267/267/267 266/265/265
f 234/234/234 235/235/235 268/268/268
f 234/234/234 268/268/268 267/267/267
f 235/235/235 236/236/236 269/269/269
f 235/235/235 269/269/269 268/268/268
f 236/236/236 237/237/237 270/270/270
f 236/236/236 270/270/270 269/269/269
f 237/237/237 238/238/238 271/271/271
f 237/237/237 271/271/271 270/270/270
f 238/238/238 239/239/239 272/272/272
f 238/238/238 272/272/272 271/271/271
f 239/239/239 240/240/240 273/273/273
f 239/239/239 273/273/273 272/272/272
f 240/240/240 241/241/241 274/274/273
f 240/240/240 274/274/273 273/273/273
f 241/241/241 242/242/242 275/275/273
f 241/241/241 275/275/273 274/274/273
f 242/242/242 243/243/243 276/276/274
f 242/242/242 276/276/274 275/275/273
f 243/243/243 244/244/244 277/277/275
f 243/243/243 277/277/275 276/276/274
f 244/244/244 245/245/245 278/278/276
f 244/244/244 278/278/276 277/277/275
f 245/245/245 246/246/246 279/279/277
f 245/245/245 279/279/277 278/278/276
f 246/246/246 247/247/247 280/280/278
f 246/246/246 280/280/278 279/279/277
f 247/247/247 248/248/248 281/281/279
f 247/247/247 281/281/279 280/280/278
f 248/248/248 249/249/249 282/282/280
f 248/248/248 282/282/280 281/281/279
f 249/249/249 250/250/250 283/283/281
f 249/249/249 283/283/281 282/282/280
f 250/250/250 251/251/251 284/284/282
f 250/250/250 284/284/282 283/283/281
f 251/251/251 252/252/252 285/285/283
f 251/251/251 285/285/283 284/284/282
f 252/252/252 253/253/253 286/286/284
f 252/252/252 286/286/284 285/285/283
f 253/253/253 254/254/254 287/287/285
f 253/253/253 287/287/285 286/286/284
f 254/254/254 255/255/255 288/288/286
f 254/254/254 288/288/286 287/287/285
f 255/255/255 256/256/256 289/289/287
f 255/255/255 289/289/287 288/288/286
f 256/256/256 257/257/257 290/290/288
f 256/256/256 290/290/288 289/289/287
f 257/257/257 258/258/258 291/291/289
f 257/257/257 291/291/289 290/290/288
f 258/258/258 259/259/259 292/292/290
f 258/258/258 292/292/290 291/291/289
f 259/259/259 260/260/260 293/293/291
f 259/259/259 293/293/291 292/292/290
f 260/260/260 261/261/261 294/294/292
f 260/260/260 294/294/292 293/293/291
f 261/261/261 262/262/262 295/295/293
f 261/261/261 295/295/293 294/294/292
f 262/262/262 263/263/263 296/296/294
f 262/262/262 296/296/294 295/295/293
f 263/263/263 264/264/264 297/297/295
f 263/263/263 297/297/295 296/296/294
f 265/266/266 266/265/265 299/298/296
f 265/266/266 299/298/296 298/299/297
f 266/265/265 267/267/267 300/300/298
f 266/265/265 300/300/298 299/298/296
f 267/267/267 268/268/268 301/301/299
f 267/267/267 301/301/299 300/300/298
f 268/268/268 269/269/269 302/302/300
f 268/268/268 302/302/300 301/301/299
f 269/269/269 270/270/270 303/303/301
f 269/269/269 303/303/301 302/302/300
f 270/270/270 271/271/271 304/304/302
f 270/270/270 304/304/302 303/303/301
f 271/271/271 272/272/272 305/305/303
f 271/271/271 305/305/303 304/304/302
f 272/272/272 273/273/273 306/306/304
f 272/272/272 306/306/304 305/305/303
f 273/273/273 274/274/273 307/307/305
f 273/273/273 307/307/305 306/306/304
f 274/274/273 275/275/273 308/308/306
f 274/274/273 308/308/306 307/307/305
f 275/275/273 276/276/274 309/309/307
f 275/275/273 309/309/307 308/308/306
f 276/276/274 277/277/275 310/310/308
f 276/276/274 310/310/308 309/309/307
f 277/277/275 278/278/276 311/311/309
f 277/277/275 311/311/309 310/310/308
f 278/278/276 279/279/277 312/312/310
f 278/278/276 312/312/310 311/311/309
f 279/279/277 280/280/278 313/313/311
f 279/279/277 313/313/311 312/312/310
f 280/280/278 281/281/279 314/314/312
f 280/280/278 314/314/312 313/313/311
f 281/281/279 282/282/280 315/315/313
f 281/281/279 315/315/313 314/314/312
f 282/282/280 283/283/281 316/316/314
f 282/282/280 316/316/314 315/315/313
f 283/283/281 284/284/282 317/317/315
f 283/283/281 317/317/315 316/316/314
f 284/284/282 285/285/283 318/318/316
f 284/284/282 318/318/316 317/317/315
f 285/285/283 286/286/284 319/319/317
f 285/285/283 319/319/317 318/318/316
f 286/286/284 287/287/285 320/320/318
f 286/286/284 320/320/318 319/319/317
f 287/287/285 288/288/286 321/321/319
f 287/287/285 321/321/319 320/320/318
f 288/288/286 289/289/287 322/322/320
f 288/288/286 322/322/320 321/321/319
f 289/289/287 290/290/288 323/323/321
f 289/289/287 323/323/321 322/322/320
f 290/290/288 291/291/289 324/324/322
f 290/290/288 324/324/322 323/323/321
f 291/291/289 292/292/290 325/325/323
f 291/291/289 325/325/323 324/324/322
f 292/292/290 293/293/291 326/326/324
f 292/292/290 326/326/324 325/325/323
f 293/293/291 294/294/292 327/327/325
f 293/293/291 327/327/325 326/326/324
f 294/294/292 295/295/293 328/328/326
f 294/294/292 328/328/326 327/327/325
f 295/295/293 296/296/294 329/329/327
f 295/295/293 329/329/327 328/328/326
f 296/296/294 297/297/295 330/330/328
f 296/296/294 330/330/328 329/329/327
f 298/299/297 299/298/296 332/331/329
f 298/299/297 332/331/329 331/332/330
f 299/298/296 300/300/298 333/333/331
f 299/298/296 333/333/331 332/331/329
f 300/300/298 301/301/299 334/334/332
f 300/300/298 334/334/332 333/333/331
f 301/301/299 302/302/300 335/335/333
f 301/301/299 335/335/333 334/334/332
f 302/302/300 303/303/301 336/336/334
f 302/302/300 336/336/334 335/335/333
f 303/303/301 304/304/302 337/337/335
f 303/303/301 337/337/335 336/336/334
f 304/304/302 305/305/303 338/338/336
f 304/304/302 338/338/336 337/337/335
f 305/305/303 306/306/304 339/339/337
f 305/305/303 339/339/337 338/338/336
f 306/306/304 307/307/305 340/340/338
f 306/306/304 340/340/338 339/339/337
f 307/307/305 308/308/306 341/341/339
f 307/307/305 341/341/339 340/340/338
f 308/308/306 309/309/307 342/342/340
f 308/308/306 342/342/340 341/341/339
f 309/309/307 310/310/308 343/343/341
f 309/309/307 343/343/341 342/342/340
f 310/310/308 311/311/309 344/344/342
f 310/310/308 344/344/342 343/343/341
f 311/311/309 312/312/310 345/345/343
f 311/311/309 345/345/343 344/344/342
f 312/312/310 313/313/311 346/346/344
f 312/312/310 346/346/344 345/345/343
f 313/313/311 314/314/312 347/347/345
f 313/313/311 347/347/345 346/346/344
f 314/314/312 315/315/313 348/348/346
f 314/314/312 348/348/346 347/347/345
f 315/315/313 316/316/314 349/349/347
f 315/315/313 349/349/347 348/348/346
f 316/316/314 317/317/315 350/350/348
f 316/316/314 350/350/348 349/349/347
f 317/317/315 318/318/316 351/351/349
f 317/317/315 351/351/349 350/350/348
f 318/318/316 319/319/317 352/352/350
f 318/318/316 352/352/350 351/351/349
f 319/319/317 320/320/318 353/353/351
f 319/319/317 353/353/351 352/352/350
f 320/320/318 321/321/319 354/354/352
f 320/320/318 354/354/352 353/353/351
f 321/321/319 322/322/320 355/355/353
f 321/321/319 355/355/353 354/354/352
f 322/322/320 323/323/321 356/356/354
f 322/322/320 356/356/354 355/355/353
f 323/323/321 324/324/322 357/357/355
f 323/323/321 357/357/355 356/356/354
f 324/324/322 325/325/323 358/358/356
f 324/324/322 358/358/356 357/357/355
f 325/325/323 326/326/324 359/359/357
f 325/325/323 359/359/357 358/358/356
f 326/326/324 327/327/325 360/360/358
f 326/326/324 360/360/358 359/359/357
f 327/327/325 328/328/326 361/361/359
f 327/327/325 361/361/359 360/360/358
f 328/328/326 329/329/327 362/362/360
f 328/328/326 362/362/360 361/361/359
f 329/329/327 330/330/328 363/363/361
f 329/329/327 363/363/361 362/362/360
f 331/332/330 332/331/329 365/364/362
f 331/332/330 365/364/362 364/365/363
f 332/331/329 333/333/331 366/366/364
f 332/331/329 366/366/364 365/364/362
f 333/333/331 334/334/332 367/367/365
f 333/333/331 367/367/365 366/366/364
f 334/334/332 335/335/333 368/368/366
f 334/334/332 368/368/366 367/367/365
f 335/335/333 336/336/334 369/369/367
f 335/335/333 369/369/367 368/368/366
f 336/336/334 337/337/335 370/370/368
f 336/336/334 370/370/368 369/369/367
f 337/337/335 338/338/336 371/371/369
f 337/337/335 371/371/369 370/370/368
f 338/338/336 339/339/337 372/372/370
f 338/338/336 372/372/370 371/371/369
f 339/339/337 340/340/338 373/373/371
f 339/339/337 373/373/371 372/372/370
f 340/340/338 341/341/339 374/374/372
f 340/340/338 374/374/372 373/373/371
f 341/341/339 342/342/340 375/375/373
f 341/341/339 375/375/373 374/374/372
f 342/342/340 343/343/341 376/376/374
f 342/342/340 376/376/374 375/375/373
f 343/343/341 344/344/342 377/377/375
f 343/343/341 377/377/375 376/376/374
f 344/344/342 345/345/343 378/378/376
f 344/344/342 378/378/376 377/377/375
f 345/345/343 346/346/344 379/379/377
f 345/345/343 379/379/377 378/378/376
f 346/346/344 347/347/345 380/380/378
f 346/346/344 380/380/378 379/379/377
f 347/347/345 348/348/346 381/381/379
f 347/347/345 381/381/379 380/380/378
f 348/348/346 349/349/347 382/382/380
f 348/348/346 382/382/380 381/381/379
f 349/349/347 350/350/348 383/383/381
f 349/349/347 383/383/381 382/382/380
f 350/350/348 351/351/349 384/384/382
f 350/350/348 384/384/382 383/383/381
f 351/351/349 352/352/350 385/385/383
f 351/351/349 385/385/383 384/384/382
f 352/352/350 353/353/351 386/386/384
f 352/352/350 386/386/384 385/385/383
f 353/353/351 354/354/352 387/387/385
f 353/353/351 387/387/385 386/386/384
f 354/354/352 355/355/353 388/388/386
f 354/354/352 388/388/386 387/387/385
f 355/355/353 356/356/354 389/389/387
f 355/355/353 389/389/387 388/388/386
f 356/356/354 357/357/355 390/390/388
f 356/356/354 390/390/388 389/389/387
f 357/357/355 358/358/356 391/391/389
f 357/357/355 391/391/389 390/390/388
f 358/358/356 359/359/357 392/392/390
f 358/358/356 392/392/390 391/391/389
f 359/359/357 360/360/358 393/393/391
f 359/359/357 393/393/391 392/392/390
f 360/360/358 361/361/359 394/394/392
f 360/360/358 394/394/392 393/393/391
f 361/361/359 362/362/360 395/395/393
f 361/361/359 395/395/393 394/394/392
f 362/362/360 363/363/361 396/396/361
f 362/362/360 396/396/361 395/395/393
f 364/365/363 365/364/362 398/397/394
f 364/365/363 398/397/394 397/398/395
f 365/364/362 366/366/364 399/399/396
f 365/364/362 399/399/396 398/397/394
f 366/366/364 367/367/365 400/400/397
f 366/366/364 400/400/397 399/399/396
f 367/367/365 368/368/366 401/401/398
f 367/367/365 401/401/398 400/400/397
f 368/368/366 369/369/367 402/402/399
f 368/368/366 402/402/399 401/401/398
f 369/369/367 370/370/368 403/403/400
f 369/369/367 403/403/400 402/402/399
f 370/370/368 371/371/369 404/404/401
f 370/370/368 404/404/401 403/403/400
f 371/371/369 372/372/370 405/405/402
f 371/371/369 405/405/402 404/404/401
f 372/372/370 373/373/371 406/406/403
f 372/372/370 406/406/403 405/405/402
f 373/373/371 374/374/372 407/407/404
f 373/373/371 407/407/404 406/406/403
f 374/374/372 375/375/373 408/408/405
f 374/374/372 408/408/405 407/407/404
f 375/375/373 376/376/374 409/409/406
f 375/375/373 409/409/406 408/408/405
f 376/376/374 377/377/375 410/410/407
f 376/376/374 410/410/407 409/409/406
f 377/377/375 378/378/376 411/411/408
f 377/377/375 411/411/408 410/410/407
f 378/378/376 379/379/377 412/412/409
f 378/378/376 412/412/409 411/411/408
f 379/379/377 380/380/378 413/413/410
f 379/379/377 413/413/410 412/412/409
f 380/380/378 381/381/379 414/414/411
f 380/380/378 414/414/411 413/413/410
f 381/381/379 382/382/380 415/415/412
f 381/381/379 415/415/412 414/414/411
f 382/382/380 383/383/381 416/416/413
f 382/382/380 416/416/413 415/415/412
f 383/383/381 384/384/382 417/417/414
f 383/383/381 417/417/414 416/416/413
f 384/384/382 385/385/383 418/418/415
f 384/384/382 418/418/415 417/417/414
f 385/385/383 386/386/384 419/419/416
f 385/385/383 419/419/416 418/418/415
f 386/386/384 387/387/385 420/420/417
f 386/386/384 420/420/417 419/419/416
f 387/387/385 388/388/386 421/421/418
f 387/387/385 421/421/418 420/420/417
f 388/388/386 389/389/387 422/422/419
f 388/388/386 422/422/419 421/421/418
f 389/389/387 390/390/388 423/423/420
f 389/389/387 423/423/420 422/422/419
f 390/390/388 391/391/389 424/424/421
f 390/390/388 424/424/421 423/423/420
f 391/391/389 392/392/390 425/425/422
f 391/391/389 425/425/422 424/424/421
f 392/392/390 393/393/391 426/426/423
f 392/392/390 426/426/423 425/425/422
f 393/393/391 394/394/392 427/427/424
f 393/393/391 427/427/424 426/426/423
f 394/394/392 395/395/393 428/428/425
f 394/394/392 428/428/425 427/427/424
f 395/395/393 396/396/361 429/429/361
f 395/395/393 429/429/361 428/428/425
f 397/398/395 398/397/394 431/430/426
f 397/398/395 431/430/426 430/431/427
f 398/397/394 399/399/396 432/432/428
f 398/397/394 432/432/428 431/430/426
f 399/399/396 400/400/397 433/433/429
f 399/399/396 433/433/429 432/432/428
f 400/400/397 401/401/398 434/434/430
f 400/400/397 434/434/430 433/433/429
f 401/401/398 402/402/399 435/435/431
f 401/401/398 435/435/431 434/434/430
f 402/402/399 403/403/400 436/436/432
f 402/402/399 436/436/432 435/435/431
f 403/403/400 404/404/401 437/437/433
f 403/403/400 437/437/433 436/436/432
f 404/404/401 405/405/402 438/438/434
f 404/404/401 438/438/434 437/437/433
f 405/405/402 406/406/403 439/439/435
f 405/405/402 439/439/435 438/438/434
f 406/406/403 407/407/404 440/440/436
f 406/406/403 440/440/436 439/439/435
f 407/407/404 408/408/405 441/441/437
f 407/407/404 441/441/437 440/440/436
f 408/408/405 409/409/406 442/442/438
f 408/408/405 442/442/438 441/441/437
f 409/409/406 410/410/407 443/443/439
f 409/409/406 443/443/439 442/442/438
f 410/410/407 411/411/408 444/444/440
f 410/410/407 444/444/440 443/443/439
f 411/411/408 412/412/409 445/445/441
f 411/411/408 445/445/441 444/444/440
f 412/412/409 413/413/410 446/446/442
f 412/412/409 446/446/442 445/445/441
f 413/413/410 414/414/411 447/447/443
f 413/413/410 447/447/443 446/446/442
f 414/414/411 415/415/412 448/448/444
f 414/414/411 448/448/444 447/447/443
f 415/415/412 416/416/413 449/449/445
f 415/415/412 449/449/445 448/448/444
f 416/416/413 417/417/414 450/450/446
f 416/416/413 450/450/446 449/449/445
f 417/417/414 418/418/415 451/451/447
f 417/417/414 451/451/447 450/450/446
f 418/418/415 419/419/416 452/452/448
f 418/418/415 452/452/448 451/451/447
f 419/419/416 420/420/417 453/453/449
f 419/419/416 453/453/449 452/452/448
f 420/420/417 421/421/418 454/454/450
f 420/420/417 454/454/450 453/453/449
f 421/421/418 422/422/419 455/455/451
f 421/421/418 455/455/451 454/454/450
f 422/422/419 423/423/420 456/456/452
f 422/422/419 456/456/452 455/455/451
f 423/423/420 424/424/421 457/457/453
f 423/423/420 457/457/453 456/456/452
f 424/424/421 425/425/422 458/458/454
f 424/424/421 458/458/454 457/457/453
f 425/425/422 426/426/423 459/459/455
f 425/425/422 459/459/455 458/458/454
f 426/426/423 427/427/424 460/460/456
f 426/426/423 460/460/456 459/459/455
f 427/427/424 428/428/425 461/461/457
f 427/427/424 461/461/457 460/460/456
f 428/428/425 429/429/361 462/462/458
f 428/428/425 462/462/458 461/461/457
f 430/431/427 431/430/426 464/463/459
f 430/431/427 464/463/459 463/464/460
f 431/430/426 432/432/428 465/465/461
f 431/430/426 465/465/461 464/463/459
f 432/432/428 433/433/429 466/466/462
f 432/432/428 466/466/462 465/465/461
f 433/433/429 434/434/430 467/467/463
f 433/433/429 467/467/463 466/466/462
f 434/434/430 435/435/431 468/468/464
f 434/434/430 468/468/464 467/467/463
f 435/435/431 436/436/432 469/469/465
f 435/435/431 469/469/465 468/468/464
f 436/436/432 437/437/433 470/470/466
f 436/436/432 470/470/466 469/469/465
f 437/437/433 438/438/434 471/471/467
f 437/437/433 471/471/467 470/470/466
f 438/438/434 439/439/435 472/472/468
f 438/438/434 472/472/468 471/471/467
f 439/439/435 440/440/436 473/473/469
f 439/439/435 473/473/469 472/472/468
f 440/440/436 441/441/437 474/474/470
f 440/440/436 474/474/470 473/473/469
f 441/441/437 442/442/438 475/475/471
f 441/441/437 475/475/471 474/474/470
f 442/442/438 443/443/439 476/476/472
f 442/442/438 476/476/472 475/475/471
f 443/443/439 444/444/440 477/477/473
f 443/443/439 477/477/473 476/476/472
f 444/444/440 445/445/441 478/478/474
f 444/444/440 478/478/474 477/477/473
f 445/445/441 446/446/442 479/479/475
f 445/445/441 479/479/475 478/478/474
f 446/446/442 447/447/443 480/480/476
f 446/446/442 480/480/476 479/479/475
f 447/447/443 448/448/444 481/481/477
f 447/447/443 481/481/477 480/480/476
f 448/448/444 449/449/445 482/482/478
f 448/448/444 482/482/478 481/481/477
f 449/449/445 450/450/446 483/483/479
f 449/449/445 483/483/479 482/482/478
f 450/450/446 451/451/447 484/484/480
f 450/450/446 484/484/480 483/483/479
f 451/451/447 452/452/448 485/485/481
f 451/451/447 485/485/481 484/484/480
f 452/452/448 453/453/449 486/486/482
f 452/452/448 486/486/482 485/485/481
f 453/453/449 454/454/450 487/487/483
f 453/453/449 487/487/483 486/486/482
f 454/454/450 455/455/451 488/488/484
f 454/454/450 488/488/484 487/487/483
f 455/455/451 456/456/452 489/489/485
f 455/455/451 489/489/485 488/488/484
f 456/456/452 457/457/453 490/490/486
f 456/456/452 490/490/486 489/489/485
f 457/457/453 458/458/454 491/491/487
f 457/457/453 491/491/487 490/490/486
f 458/458/454 459/459/455 492/492/488
f 458/458/454 492/492/488 491/491/487
f 459/459/455 460/460/456 493/493/489
f 459/459/455 493/493/489 492/492/488
f 460/460/456 461/461/457 494/494/490
f 460/460/456 494/494/490 493/493/489
f 461/461/457 462/462/458 495/495/458
f 461/461/457 495/495/458 494/494/490
f 463/464/460 464/463/459 497/496/491
f 463/464/460 497/496/491 496/497/492
f 464/463/459 465/465/461 498/498/493
f 464/463/459 498/498/493 497/496/491
f 465/465/461 466/466/462 499/499/494
f 465/465/461 499/499/494 498/498/493
f 466/466/462 467/467/463 500/500/495
f 466/466/462 500/500/495 499/499/494
f 467/467/463 468/468/464 501/501/496
f 467/467/463 501/501/496 500/500/495
f 468/468/464 469/469/465 502/502/497
f 468/468/464 502/502/497 501/501/496
f 469/469/465 470/470/466 503/503/498
f 469/469/465 503/503/498 502/502/497
f 470/470/466 471/471/467 504/504/499
f 470/470/466 504/504/499 503/503/498
f 471/471/467 472/472/468 505/505/500
f 471/471/467 505/505/500 504/504/499
f 472/472/468 473/473/469 506/506/501
f 472/472/468 506/506/501 505/505/500
f 473/473/469 474/474/470 507/507/502
f 473/473/469 507/507/502 506/506/501
f 474/474/470 475/475/471 508/508/503
f 474/474/470 508/508/503 507/507/502
f 475/475/471 476/476/472 509/509/504
f 475/475/471 509/509/504 508/508/503
f 476/476/472 477/477/473 510/510/505
f 476/476/472 510/510/505 509/509/504
f 477/477/473 478/478/474 511/511/506
f 477/477/473 511/511/506 510/510/505
f 478/478/474 479/479/475 512/512/507
f 478/478/474 512/512/507 511/511/506
f 479/479/475 480/480/476 513/513/508
f 479/479/475 513/513/508 512/512/507
f 480/480/476 481/481/477 514/514/509
f 480/480/476 514/514/509 513/513/508
f 481/481/477 482/482/478 515/515/510
f 481/481/477 515/515/510 514/514/509
f 482/482/478 483/483/479 516/516/511
f 482/482/478 516/516/511 515/515/510
f 483/483/479 484/484/480 517/517/512
f 483/483/479 517/517/512 516/516/511
f 484/484/480 485/485/481 518/518/513
f 484/484/480 518/518/513 517/517/512
f 485/485/481 486/486/482 519/519/514
f 485/485/481 519/519/514 518/518/513
f 486/486/482 487/487/483 520/520/515
f 486/486/482 520/520/515 519/519/514
f 487/487/483 488/488/484 521/521/516
f 487/487/483 521/521/516 520/520/515
f 488/488/484 489/489/485 522/522/517
f 488/488/484 522/522/517 521/521/516
f 489/489/485 490/490/486 523/523/518
f 489/489/485 523/523/518 522/522/517
f 490/490/486 491/491/487 524/524/519
f 490/490/486 524/524/519 523/523/518
f 491/491/487 492/492/488 525/525/520
f 491/491/487 525/525/520 524/524/519
f 492/492/488 493/493/489 526/526/521
f 492/492/488 526/526/521 525/525/520
f 493/493/489 494/494/490 527/527/522
f 493/493/489 527/527/522 526/526/521
f 494/494/490 495/495/458 528/528/458
f 494/494/490 528/528/458 527/527/522
f 496/497/492 497/496/491 530/529/523
f 496/497/492 530/529/523 529/530/524
f 497/496/491 498/498/493 531/531/525
f 497/496/491 531/531/525 530/529/523
f 498/498/493 499/499/494 532/532/526
f 498/498/493 532/532/526 531/531/525
f 499/499/494 500/500/495 533/533/527
f 499/499/494 533/533/527 532/532/526
f 500/500/495 501/501/496 534/534/528
f 500/500/495 534/534/528 533/533/527
f 501/501/496 502/502/497 535/535/529
f 501/501/496 535/535/529 534/534/528
f 502/502/497 503/503/498 536/536/530
f 502/502/497 536/536/530 535/535/529
f 503/503/498 504/504/499 537/537/531
f 503/503/498 537/537/531 536/536/530
f 504/504/499 505/505/500 538/538/532
f 504/504/499 538/538/532 537/537/531
f 505/505/500 506/506/501 539/539/533
f 505/505/500 539/539/533 538/538/532
f 506/506/501 507/507/502 540/540/534
f 506/506/501 540/540/534 539/539/533
f 507/507/502 508/508/503 541/541/535
f 507/507/502 541/541/535 540/540/534
f 508/508/503 509/509/504 542/542/536
f 508/508/503 542/542/536 541/541/535
f 509/509/504 510/510/505 543/543/537
f 509/509/504 543/543/537 542/542/536
f 510/510/505 511/511/506 544/544/538
f 510/510/505 544/544/538 543/543/537
f 511/511/506 512/512/507 545/545/539
f 511/511/506 545/545/539 544/544/538
f 512/512/507 513/513/508 546/546/540
f 512/512/507 546/546/540 545/545/539
f 513/513/508 514/514/509 547/547/541
f 513/513/508 547/547/541 546/546/540
f 514/514/509 515/515/510 548/548/542
f 514/514/509 548/548/542 547/547/541
f 515/515/510 516/516/511 549/549/543
f 515/515/510 549/549/543 548/548/542
f 516/516/511 517/517/512 550/550/544
f 516/516/511 550/550/544 549/549/543
f 517/517/512 518/518/513 551/551/545
f 517/517/512 551/551/545 550/550/544
f 518/518/513 519/519/514 552/552/546
f 518/518/513 552/552/546 551/551/545
f 519/519/514 520/520/515 553/553/547
f 519/519/514 553/553/547 552/552/546
f 520/520/515 521/521/516 554/554/548
f 520/520/515 554/554/548 553/553/547
f 521/521/516 522/522/517 555/555/549
f 521/521/516 555/555/549 554/554/548
f 522/522/517 523/523/518 556/556/550
f 522/522/517 556/556/550 555/555/549
f 523/523/518 524/524/519 557/557/551
f 523/523/518 557/557/551 556/556/550
f 524/524/519 525/525/520 558/558/552
f 524/524/519 558/558/552 557/557/551
f 525/525/520 526/526/521 559/559/553
f 525/525/520 559/559/553 558/558/552
f 526/526/521 527/527/522 560/560/554
f 526/526/521 560/560/554 559/559/553
f 527/527/522 528/528/458 561/561/458
f 527/527/522 561/561/458 560/560/554
f 529/530/524 530/529/523 563/562/555
f 529/530/524 563/562/555 562/563/556
f 530/529/523 531/531/525 564/564/557
f 530/529/523 564/564/557 563/562/555
f 531/531/525 532/532/526 565/565/558
f 531/531/525 565/565/558 564/564/557
f 532/532/526 533/533/527 566/566/559
f 532/532/526 566/566/559 565/565/558
f 533/533/527 534/534/528 567/567/560
f 533/533/527 567/567/560 566/566/559
f 534/534/528 535/535/529 568/568/561
f 534/534/528 568/568/561 567/567/560
f 535/535/529 536/536/530 569/569/562
f 535/535/529 569/569/562 568/568/561
f 536/536/530 537/537/531 570/570/563
f 536/536/530 570/570/563 569/569/562
f 537/537/531 538/538/532 571/571/564
f 537/537/531 571/571/564 570/570/563
f 538/538/532 539/539/533 572/572/565
f 538/538/532 572/572/565 571/571/564
f 539/539/533 540/540/534 573/573/566
f 539/539/533 573/573/566 572/572/565
f 540/540/534 541/541/535 574/574/567
f 540/540/534 574/574/567 573/573/566
f 541/541/535 542/542/536 575/575/568
f 541/541/535 575/575/568 574/574/567
f 542/542/536 543/543/537 576/576/569
f 542/542/536 576/576/569 575/575/568
f 543/543/537 544/544/538 577/577/570
f 543/543/537 577/577/570 576/576/569
f 544/544/538 545/545/539 578/578/571
f 544/544/538 578/578/571 577/577/570
f 545/545/539 546/546/540 579/579/572
f 545/545/539 579/579/572 578/578/571
f 546/546/540 547/547/541 580/580/573
f 546/546/540 580/580/573 579/579/572
f 547/547/541 548/548/542 581/581/574
f 547/547/541 581/581/574 580/580/573
f 548/548/542 549/549/543 582/582/575
f 548/548/542 582/582/575 581/581/574
f 549/549/543 550/550/544 583/583/576
f 549/549/543 583/583/576 582/582/575
f 550/550/544 551/551/545 584/584/577
f 550/550/544 584/584/577 583/583/576
f 551/551/545 552/552/546 585/585/578
f 551/551/545 585/585/578 584/584/577
f 552/552/546 553/553/547 586/586/579
f 552/552/546 586/586/579 585/585/578
f 553/553/547 554/554/548 587/587/580
f 553/553/547 587/587/580 586/586/579
f 554/554/548 555/555/549 588/588/581
f 554/554/548 588/588/581 587/587/580
f 555/555/549 556/556/550 589/589/582
f 555/555/549 589/589/582 588/588/581
f 556/556/550 557/557/551 590/590/583
f 556/556/550 590/590/583 589/589/582
f 557/557/551 558/558/552 591/591/584
f 557/557/551 591/591/584 590/590/583
f 558/558/552 559/559/553 592/592/585
f 558/558/552 592/592/585 591/591/584
f 559/559/553 560/560/554 593/593/586
f 559/559/553 593/593/586 592/592/585
f 560/560/554 561/561/458 594/594/328
f 560/560/554 594/594/328 593/593/586
f 562/563/556 563/562/555 596/595/587
f 562/563/556 596/595/587 595/596/588
f 563/562/555 564/564/557 597/597/589
f 563/562/555 597/597/589 596/595/587
f 564/564/557 565/565/558 598/598/590
f 564/564/557 598/598/590 597/597/589
f 565/565/558 566/566/559 599/599/591
f 565/565/558 599/599/591 598/598/590
f 566/566/559 567/567/560 600/600/592
f 566/566/559 600/600/592 599/599/591
f 567/567/560 568/568/561 601/601/593
f 567/567/560 601/601/593 600/600/592
f 568/568/561 569/569/562 602/602/594
f 568/568/561 602/602/594 601/601/593
f 569/569/562 570/570/563 603/603/595
f 569/569/562 603/603/595 602/602/594
f 570/570/563 571/571/564 604/604/596
f 570/570/563 604/604/596 603/603/595
f 571/571/564 572/572/565 605/605/597
f 571/571/564 605/605/597 604/604/596
f 572/572/565 573/573/566 606/606/598
f 572/572/565 606/606/598 605/605/597
f 573/573/566 574/574/567 607/607/599
f 573/573/566 607/607/599 606/606/598
f 574/574/567 575/575/568 608/608/600
f 574/574/567 608/608/600 607/607/599
f 575/575/568 576/576/569 609/609/601
f 575/575/568 609/609/601 608/608/600
f 576/576/569 577/577/570 610/610/602
f 576/576/569 610/610/602 609/609/601
f 577/577/570 578/578/571 611/611/603
f 577/577/570 611/611/603 610/610/602
f 578/578/571 579/579/572 612/612/604
f 578/578/571 612/612/604 611/611/603
f 579/579/572 580/580/573 613/613/605
f 579/579/572 613/613/605 612/612/604
f 580/580/573 581/581/574 614/614/606
f 580/580/573 614/614/606 613/613/605
f 581/581/574 582/582/575 615/615/607
f 581/581/574 615/615/607 614/614/606
f 582/582/575 583/583/576 616/616/608
f 582/582/575 616/616/608 615/615/607
f 583/583/576 584/584/577 617/617/609
f 583/583/576 617/617/609 616/616/608
f 584/584/577 585/585/578 618/618/610
f 584/584/577 618/618/610 617/617/609
f 585/585/578 586/586/579 619/619/611
f 585/585/578 619/619/611 618/618/610
f 586/586/579 587/587/580 620/620/612
f 586/586/579 620/620/612 619/619/611
f 587/587/580 588/588/581 621/621/613
f 587/587/580 621/621/613 620/620/612
f 588/588/581 589/589/582 622/622/614
f 588/588/581 622/622/614 621/621/613
f 589/589/582 590/590/583 623/623/615
f 589/589/582 623/623/615 622/622/614
f 590/590/583 591/591/584 624/624/616
f 590/590/583 624/624/616 623/623/615
f 591/591/584 592/592/585 625/625/617
f 591/591/584 625/625/617 624/624/616
f 592/592/585 593/593/586 626/626/618
f 592/592/585 626/626/618 625/625/617
f 593/593/586 594/594/328 627/627/458
f 593/593/586 627/627/458 626/626/618
f 595/596/588 596/595/587 629/628/619
f 595/596/588 629/628/619 628/629/620
f 596/595/587 597/597/589 630/630/621
f 596/595/587 630/630/621 629/628/619
f 597/597/589 598/598/590 631/631/622
f 597/597/589 631/631/622 630/630/621
f 598/598/590 599/599/591 632/632/623
f 598/598/590 632/632/623 631/631/622
f 599/599/591 600/600/592 633/633/624
f 599/599/591 633/633/624 632/632/623
f 600/600/592 601/601/593 634/634/625
f 600/600/592 634/634/625 633/633/624
f 601/601/593 602/602/594 635/635/626
f 601/601/593 635/635/626 634/634/625
f 602/602/594 603/603/595 636/636/627
f 602/602/594 636/636/627 635/635/626
f 603/603/595 604/604/596 637/637/628
f 603/603/595 637/637/628 636/636/627
f 604/604/596 605/605/597 638/638/629
f 604/604/596 638/638/629 637/637/628
f 605/605/597 606/606/598 639/639/630
f 605/605/597 639/639/630 638/638/629
f 606/606/598 607/607/599 640/640/631
f 606/606/598 640/640/631 639/639/630
f 607/607/599 608/608/600 641/641/632
f 607/607/599 641/641/632 640/640/631
f 608/608/600 609/609/601 642/642/633
f 608/608/600 642/642/633 641/641/632
f 609/609/601 610/610/602 643/643/634
f 609/609/601 643/643/634 642/642/633
f 610/610/602 611/611/603 644/644/635
f 610/610/602 644/644/635 643/643/634
f 611/611/603 612/612/604 645/645/636
f 611/611/603 645/645/636 644/644/635
f 612/612/604 613/613/605 646/646/637
f 612/612/604 646/646/637 645/645/636
f 613/613/605 614/614/606 647/647/638
f 613/613/605 647/647/638 646/646/637
f 614/614/606 615/615/607 648/648/639
f 614/614/606 648/648/639 647/647/638
f 615/615/607 616/616/608 649/649/640
f 615/615/607 649/649/640 648/648/639
f 616/616/608 617/617/609 650/650/641
f 616/616/608 650/650/641 649/649/640
f 617/617/609 618/618/610 651/651/642
f 617/617/609 651/651/642 650/650/641
f 618/618/610 619/619/611 652/652/643
f 618/618/610 652/652/643 651/651/642
f 619/619/611 620/620/612 653/653/644
f 619/619/611 653/653/644 652/652/643
f 620/620/612 621/621/613 654/654/645
f 620/620/612 654/654/645 653/653/644
f 621/621/613 622/622/614 655/655/646
f 621/621/613 655/655/646 654/654/645
f 622/622/614 623/623/615 656/656/647
f 622/622/614 656/656/647 655/655/646
f 623/623/615 624/624/616 657/657/648
f 623/623/615 657/657/648 656/656/647
f 624/624/616 625/625/617 658/658/649
f 624/624/616 658/658/649 657/657/648
f 625/625/617 626/626/618 659/659/650
f 625/625/617 659/659/650 658/658/649
f 626/626/618 627/627/458 660/660/458
f 626/626/618 660/660/458 659/659/650
f 628/629/620 629/628/619 662/661/651
f 628/629/620 662/661/651 661/662/652
f 629/628/619 630/630/621 663/663/653
f 629/628/619 663/663/653 662/661/651
f 630/630/621 631/631/622 664/664/654
f 630/630/621 664/664/654 663/663/653
f 631/631/622 632/632/623 665/665/655
f 631/631/622 665/665/655 664/664/654
f 632/632/623 633/633/624 666/666/656
f 632/632/623 666/666/656 665/665/655
f 633/633/624 634/634/625 667/667/657
f 633/633/624 667/667/657 666/666/656
f 634/634/625 635/635/626 668/668/658
f 634/634/625 668/668/658 667/667/657
f 635/635/626 636/636/627 669/669/659
f 635/635/626 669/669/659 668/668/658
f 636/636/627 637/637/628 670/670/660
f 636/636/627 670/670/660 669/669/659
f 637/637/628 638/638/629 671/671/661
f 637/637/628 671/671/661 670/670/660
f 638/638/629 639/639/630 672/672/662
f 638/638/629 672/672/662 671/671/661
f 639/639/630 640/640/631 673/673/663
f 639/639/630 673/673/663 672/672/662
f 640/640/631 641/641/632 674/674/664
f 640/640/631 674/674/664 673/673/663
f 641/641/632 642/642/633 675/675/665
f 641/641/632 675/675/665 674/674/664
f 642/642/633 643/643/634 676/676/666
f 642/642/633 676/676/666 675/675/665
f 643/643/634 644/644/635 677/677/667
f 643/643/634 677/677/667 676/676/666
f 644/644/635 645/645/636 678/678/668
f 644/644/635 678/678/668 677/677/667
f 645/645/636 646/646/637 679/679/669
f 645/645/636 679/679/669 678/678/668
f 646/646/637 647/647/638 680/680/670
f 646/646/637 680/680/670 679/679/669
f 647/647/638 648/648/639 681/681/671
f 647/647/638 681/681/671 680/680/670
f 648/648/639 649/649/640 682/682/672
f 648/648/639 682/682/672 681/681/671
f 649/649/640 650/650/641 683/683/673
f 649/649/640 683/683/673 682/682/672
f 650/650/641 651/651/642 684/684/674
f 650/650/641 684/684/674 683/683/673
f 651/651/642 652/652/643 685/685/675
f 651/651/642 685/685/675 684/684/674
f 652/652/643 653/653/644 686/686/676
f 652/652/643 686/686/676 685/685/675
f 653/653/644 654/654/645 687/687/677
f 653/653/644 687/687/677 686/686/676
f 654/654/645 655/655/646 688/688/678
f 654/654/645 688/688/678 687/687/677
f 655/655/646 656/656/647 689/689/679
f 655/655/646 689/689/679 688/688/678
f 656/656/647 657/657/648 690/690/680
f 656/656/647 690/690/680 689/689/679
f 657/657/648 658/658/649 691/691/681
f 657/657/648 691/691/681 690/690/680
f 658/658/649 659/659/650 692/692/682
f 658/658/649 692/692/682 691/691/681
f 659/659/650 660/660/458 693/693/458
f 659/659/650 693/693/458 692/692/682
f 661/662/652 662/661/651 695/694/683
f 661/662/652 695/694/683 694/695/684
f 662/661/651 663/663/653 696/696/685
f 662/661/651 696/696/685 695/694/683
f 663/663/653 664/664/654 697/697/686
f 663/663/653 697/697/686 696/696/685
f 664/664/654 665/665/655 698/698/687
f 664/664/654 698/698/687 697/697/686
f 665/665/655 666/666/656 699/699/688
f 665/665/655 699/699/688 698/698/687
f 666/666/656 667/667/657 700/700/689
f 666/666/656 700/700/689 699/699/688
f 667/667/657 668/668/658 701/701/690
f 667/667/657 701/701/690 700/700/689
f 668/668/658 669/669/659 702/702/691
f 668/668/658 702/702/691 701/701/690
f 669/669/659 670/670/660 703/703/692
f 669/669/659 703/703/692 702/702/691
f 670/670/660 671/671/661 704/704/693
f 670/670/660 704/704/693 703/703/692
f 671/671/661 672/672/662 705/705/694
f 671/671/661 705/705/694 704/704/693
f 672/672/662 673/673/663 706/706/695
f 672/672/662 706/706/695 705/705/694
f 673/673/663 674/674/664 707/707/696
f 673/673/663 707/707/696 706/706/695
f 674/674/664 675/675/665 708/708/697
f 674/674/664 708/708/697 707/707/696
f 675/675/665 676/676/666 709/709/698
f 675/675/665 709/709/698 708/708/697
f 676/676/666 677/677/667 710/710/699
f 676/676/666 710/710/699 709/709/698
f 677/677/667 678/678/668 711/711/700
f 677/677/667 711/711/700 710/710/699
f 678/678/668 679/679/669 712/712/701
f 678/678/668 712/712/701 711/711/700
f 679/679/669 680/680/670 713/713/702
f 679/679/669 713/713/702 712/712/701
f 680/680/670 681/681/671 714/714/703
f 680/680/670 714/714/703 713/713/702
f 681/681/671 682/682/672 715/715/704
f 681/681/671 715/715/704 714/714/703
f 682/682/672 683/683/673 716/716/705
f 682/682/672 716/716/705 715/715/704
f 683/683/673 684/684/674 717/717/706
f 683/683/673 717/717/706 716/716/705
f 684/684/674 685/685/675 718/718/707
f 684/684/674 718/718/707 717/717/706
f 685/685/675 686/686/676 719/719/708
f 685/685/675 719/719/708 718/718/707
f 686/686/676 687/687/677 720/720/709
f 686/686/676 720/720/709 719/719/708
f 687/687/677 688/688/678 721/721/710
f 687/687/677 721/721/710 720/720/709
f 688/688/678 689/689/679 722/722/711
f 688/688/678 722/722/711 721/721/710
f 689/689/679 690/690/680 723/723/712
f 689/689/679 723/723/712 722/722/711
f 690/690/680 691/691/681 724/724/713
f 690/690/680 724/724/713 723/723/712
f 691/691/681 692/692/682 725/725/714
f 691/691/681 725/725/714 724/724/713
f 692/692/682 693/693/458 726/726/458
f 692/692/682 726/726/458 725/725/714
f 694/695/684 695/694/683 728/727/715
f 694/695/684 728/727/715 727/728/716
f 695/694/683 696/696/685 729/729/717
f 695/694/683 729/729/717 728/727/715
f 696/696/685 697/697/686 730/730/718
f 696/696/685 730/730/718 729/729/717
f 697/697/686 698/698/687 731/731/719
f 697/697/686 731/731/719 730/730/718
f 698/698/687 699/699/688 732/732/720
f 698/698/687 732/732/720 731/731/719
f 699/699/688 700/700/689 733/733/721
f 699/699/688 733/733/721 732/732/720
f 700/700/689 701/701/690 734/734/722
f 700/700/689 734/734/722 733/733/721
f 701/701/690 702/702/691 735/735/723
f 701/701/690 735/735/723 734/734/722
f 702/702/691 703/703/692 736/736/724
f 702/702/691 736/736/724 735/735/723
f 703/703/692 704/704/693 737/737/725
f 703/703/692 737/737/725 736/736/724
f 704/704/693 705/705/694 738/738/726
f 704/704/693 738/738/726 737/737/725
f 705/705/694 706/706/695 739/739/727
f 705/705/694 739/739/727 738/738/726
f 706/706/695 707/707/696 740/740/728
f 706/706/695 740/740/728 739/739/727
f 707/707/696 708/708/697 741/741/729
f 707/707/696 741/741/729 740/740/728
f 708/708/697 709/709/698 742/742/730
f 708/708/697 742/742/730 741/741/729
f 709/709/698 710/710/699 743/743/731
f 709/709/698 743/743/731 742/742/730
f 710/710/699 711/711/700 744/744/732
f 710/710/699 744/744/732 743/743/731
f 711/711/700 712/712/701 745/745/733
f 711/711/700 745/745/733 744/744/732
f 712/712/701 713/713/702 746/746/734
f 712/712/701 746/746/734 745/745/733
f 713/713/702 714/714/703 747/747/735
f 713/713/702 747/747/735 746/746/734
f 714/714/703 715/715/704 748/748/736
f 714/714/703 748/748/736 747/747/735
f 715/715/704 716/716/705 749/749/737
f 715/715/704 749/749/737 748/748/736
f 716/716/705 717/717/706 750/750/738
f 716/716/705 750/750/738 749/749/737
f 717/717/706 718/718/707 751/751/739
f 717/717/706 751/751/739 750/750/738
f 718/718/707 719/719/708 752/752/740
f 718/718/707 752/752/740 751/751/739
f 719/719/708 720/720/709 753/753/741
f 719/719/708 753/753/741 752/752/740
f 720/720/709 721/721/710 754/754/742
f 720/720/709 754/754/742 753/753/741
f 721/721/710 722/722/711 755/755/743
f 721/721/710 755/755/743 754/754/742
f 722/722/711 723/723/712 756/756/744
f 722/722/711 756/756/744 755/755/743
f 723/723/712 724/724/713 757/757/745
f 723/723/712 757/757/745 756/756/744
f 724/724/713 725/725/714 758/758/746
f 724/724/713 758/758/746 757/757/745
f 725/725/714 726/726/458 759/759/458
f 725/725/714 759/759/458 758/758/746
f 727/728/716 728/727/715 761/760/747
f 727/728/716 761/760/747 760/761/748
f 728/727/715 729/729/717 762/762/749
f 728/727/715 762/762/749 761/760/747
f 729/729/717 730/730/718 763/763/750
f 729/729/717 763/763/750 762/762/749
f 730/730/718 731/731/719 764/764/751
f 730/730/718 764/764/751 763/763/750
f 731/731/719 732/732/720 765/765/752
f 731/731/719 765/765/752 764/764/751
f 732/732/720 733/733/721 766/766/753
f 732/732/720 766/766/753 765/765/752
f 733/733/721 734/734/722 767/767/754
f 733/733/721 767/767/754 766/766/753
f 734/734/722 735/735/723 768/768/755
f 734/734/722 768/768/755 767/767/754
f 735/735/723 736/736/724 769/769/756
f 735/735/723 769/769/756 768/768/755
f 736/736/724 737/737/725 770/770/757
f 736/736/724 770/770/757 769/769/756
f 737/737/725 738/738/726 771/771/758
f 737/737/725 771/771/758 770/770/757
f 738/738/726 739/739/727 772/772/759
f 738/738/726 772/772/759 771/771/758
f 739/739/727 740/740/728 773/773/760
f 739/739/727 773/773/760 772/772/759
f 740/740/728 741/741/729 774/774/761
f 740/740/728 774/774/761 773/773/760
f 741/741/729 742/742/730 775/775/762
f 741/741/729 775/775/762 774/774/761
f 742/742/730 743/743/731 776/776/763
f 742/742/730 776/776/763 775/775/762
f 743/743/731 744/744/732 777/777/764
f 743/743/731 777/777/764 776/776/763
f 744/744/732 745/745/733 778/778/765
f 744/744/732 778/778/765 777/777/764
f 745/745/733 746/746/734 779/779/766
f 745/745/733 779/779/766 778/778/765
f 746/746/734 747/747/735 780/780/767
f 746/746/734 780/780/767 779/779/766
f 747/747/735 748/748/736 781/781/768
f 747/747/735 781/781/768 780/780/767
f 748/748/736 749/749/737 782/782/769
f 748/748/736 782/782/769 781/781/768
f 749/749/737 750/750/738 783/783/770
f 749/749/737 783/783/770 782/782/769
f 750/750/738 751/751/739 784/784/771
f 750/750/738 784/784/771 783/783/770
f 751/751/739 752/752/740 785/785/772
f 751/751/739 785/785/772 784/784/771
f 752/752/740 753/753/741 786/786/773
f 752/752/740 786/786/773 785/785/772
f 753/753/741 754/754/742 787/787/774
f 753/753/741 787/787/774 786/786/773
f 754/754/742 755/755/743 788/788/775
f 754/754/742 788/788/775 787/787/774
f 755/755/743 756/756/744 789/789/776
f 755/755/743 789/789/776 788/788/775
f 756/756/744 757/757/745 790/790/777
f 756/756/744 790/790/777 789/789/776
f 757/757/745 758/758/746 791/791/778
f 757/757/745 791/791/778 790/790/777
f 758/758/746 759/759/458 792/792/779
f 758/758/746 792/792/779 791/791/778
f 760/761/748 761/760/747 794/793/780
f 760/761/748 794/793/780 793/794/781
f 761/760/747 762/762/749 795/795/782
f 761/760/747 795/795/782 794/793/780
f 762/762/749 763/763/750 796/796/783
f 762/762/749 796/796/783 795/795/782
f 763/763/750 764/764/751 797/797/784
f 763/763/750 797/797/784 796/796/783
f 764/764/751 765/765/752 798/798/785
f 764/764/751 798/798/785 797/797/784
f 765/765/752 766/766/753 799/799/786
f 765/765/752 799/799/786 798/798/785
f 766/766/753 767/767/754 800/800/787
f 766/766/753 800/800/787 799/799/786
f 767/767/754 768/768/755 801/801/788
f 767/767/754 801/801/788 800/800/787
f 768/768/755 769/769/756 802/802/789
f 768/768/755 802/802/789 801/801/788
f 769/769/756 770/770/757 803/803/790
f 769/769/756 803/803/790 802/802/789
f 770/770/757 771/771/758 804/804/791
f 770/770/757 804/804/791 803/803/790
f 771/771/758 772/772/759 805/805/792
f 771/771/758 805/805/792 804/804/791
f 772/772/759 773/773/760 806/806/793
f 772/772/759 806/806/793 805/805/792
f 773/773/760 774/774/761 807/807/794
f 773/773/760 807/807/794 806/806/793
f 774/774/761 775/775/762 808/808/795
f 774/774/761 808/808/795 807/807/794
f 775/775/762 776/776/763 809/809/796
f 775/775/762 809/809/796 808/808/795
f 776/776/763 777/777/764 810/810/797
f 776/776/763 810/810/797 809/809/796
f 777/777/764 778/778/765 811/811/798
f 777/777/764 811/811/798 810/810/797
f 778/778/765 779/779/766 812/812/799
f 778/778/765 812/812/799 811/811/798
f 779/779/766 780/780/767 813/813/800
f 779/779/766 813/813/800 812/812/799
f 780/780/767 781/781/768 814/814/801
f 780/780/767 814/814/801 813/813/800
f 781/781/768 782/782/769 815/815/802
f 781/781/768 815/815/802 814/814/801
f 782/782/769 783/783/770 816/816/803
f 782/782/769 816/816/803 815/815/802
f 783/783/770 784/784/771 817/817/804
f 783/783/770 817/817/804 816/816/803
f 784/784/771 785/785/772 818/818/805
f 784/784/771 818/818/805 817/817/804
f 785/785/772 786/786/773 819/819/806
f 785/785/772 819/819/806 818/818/805
f 786/786/773 787/787/774 820/820/807
f 786/786/773 820/820/807 819/819/806
f 787/787/774 788/788/775 821/821/808
f 787/787/774 821/821/808 820/820/807
f 788/788/775 789/789/776 822/822/809
f 788/788/775 822/822/809 821/821/808
f 789/789/776 790/790/777 823/823/810
f 789/789/776 823/823/810 822/822/809
f 790/790/777 791/791/778 824/824/811
f 790/790/777 824/824/811 823/823/810
f 791/791/778 792/792/779 825/825/458
f 791/791/778 825/825/458 824/824/811
f 793/794/781 794/793/780 827/826/812
f 793/794/781 827/826/812 826/827/813
f 794/793/780 795/795/782 828/828/814
f 794/793/780 828/828/814 827/826/812
f 795/795/782 796/796/783 829/829/815
f 795/795/782 829/829/815 828/828/814
f 796/796/783 797/797/784 830/830/816
f 796/796/783 830/830/816 829/829/815
f 797/797/784 798/798/785 831/831/817
f 797/797/784 831/831/817 830/830/816
f 798/798/785 799/799/786 832/832/818
f 798/798/785 832/832/818 831/831/817
f 799/799/786 800/800/787 833/833/819
f 799/799/786 833/833/819 832/832/818
f 800/800/787 801/801/788 834/834/820
f 800/800/787 834/834/820 833/833/819
f 801/801/788 802/802/789 835/835/821
f 801/801/788 835/835/821 834/834/820
f 802/802/789 803/803/790 836/836/822
f 802/802/789 836/836/822 835/835/821
f 803/803/790 804/804/791 837/837/823
f 803/803/790 837/837/823 836/836/822
f 804/804/791 805/805/792 838/838/824
f 804/804/791 838/838/824 837/837/823
f 805/805/792 806/806/793 839/839/825
f 805/805/792 839/839/825 838/838/824
f 806/806/793 807/807/794 840/840/826
f 806/806/793 840/840/826 839/839/825
f 807/807/794 808/808/795 841/841/827
f 807/807/794 841/841/827 840/840/826
f 808/808/795 809/809/796 842/842/828
f 808/808/795 842/842/828 841/841/827
f 809/809/796 810/810/797 843/843/829
f 809/809/796 843/843/829 842/842/828
f 810/810/797 811/811/798 844/844/830
f 810/810/797 844/844/830 843/843/829
f 811/811/798 812/812/799 845/845/831
f 811/811/798 845/845/831 844/844/830
f 812/812/799 813/813/800 846/846/832
f 812/812/799 846/846/832 845/845/831
f 813/813/800 814/814/801 847/847/833
f 813/813/800 847/847/833 846/846/832
f 814/814/801 815/815/802 848/848/834
f 814/814/801 848/848/834 847/847/833
f 815/815/802 816/816/803 849/849/835
f 815/815/802 849/849/835 848/848/834
f 816/816/803 817/817/804 850/850/836
f 816/816/803 850/850/836 849/849/835
f 817/817/804 818/818/805 851/851/837
f 817/817/804 851/851/837 850/850/836
f 818/818/805 819/819/806 852/852/838
f 818/818/805 852/852/838 851/851/837
f 819/819/806 820/820/807 853/853/839
f 819/819/806 853/853/839 852/852/838
f 820/820/807 821/821/808 854/854/840
f 820/820/807 854/854/840 853/853/839
f 821/821/808 822/822/809 855/855/841
f 821/821/808 855/855/841 854/854/840
f 822/822/809 823/823/810 856/856/842
f 822/822/809 856/856/842 855/855/841
f 823/823/810 824/824/811 857/857/843
f 823/823/810 857/857/843 856/856/842
f 824/824/811 825/825/458 858/858/458
f 824/824/811 858/858/458 857/857/843
f 826/827/813 827/826/812 860/859/844
f 826/827/813 860/859/844 859/860/845
f 827/826/812 828/828/814 861/861/846
f 827/826/812 861/861/846 860/859/844
f 828/828/814 829/829/815 862/862/847
f 828/828/814 862/862/847 861/861/846
f 829/829/815 830/830/816 863/863/848
f 829/829/815 863/863/848 862/862/847
f 830/830/816 831/831/817 864/864/849
f 830/830/816 864/864/849 863/863/848
f 831/831/817 832/832/818 865/865/850
f 831/831/817 865/865/850 864/864/849
f 832/832/818 833/833/819 866/866/851
f 832/832/818 866/866/851 865/865/850
f 833/833/819 834/834/820 867/867/852
f 833/833/819 867/867/852 866/866/851
f 834/834/820 835/835/821 868/868/853
f 834/834/820 868/868/853 867/867/852
f 835/835/821 836/836/822 869/869/854
f 835/835/821 869/869/854 868/868/853
f 836/836/822 837/837/823 870/870/855
f 836/836/822 870/870/855 869/869/854
f 837/837/823 838/838/824 871/871/856
f 837/837/823 871/871/856 870/870/855
f 838/838/824 839/839/825 872/872/857
f 838/838/824 872/872/857 871/871/856
f 839/839/825 840/840/826 873/873/858
f 839/839/825 873/873/858 872/872/857
f 840/840/826 841/841/827 874/874/859
f 840/840/826 874/874/859 873/873/858
f 841/841/827 842/842/828 875/875/860
f 841/841/827 875/875/860 874/874/859
f 842/842/828 843/843/829 876/876/861
f 842/842/828 876/876/861 875/875/860
f 843/843/829 844/844/830 877/877/862
f 843/843/829 877/877/862 876/876/861
f 844/844/830 845/845/831 878/878/863
f 844/844/830 878/878/863 877/877/862
f 845/845/831 846/846/832 879/879/864
f 845/845/831 879/879/864 878/878/863
f 846/846/832 847/847/833 880/880/865
f 846/846/832 880/880/865 879/879/864
f 847/847/833 848/848/834 881/881/866
f 847/847/833 881/881/866 880/880/865
f 848/848/834 849/849/835 882/882/867
f 848/848/834 882/882/867 881/881/866
f 849/849/835 850/850/836 883/883/868
f 849/849/835 883/883/868 882/882/867
f 850/850/836 851/851/837 884/884/869
f 850/850/836 884/884/869 883/883/868
f 851/851/837 852/852/838 885/885/870
f 851/851/837 885/885/870 884/884/869
f 852/852/838 853/853/839 886/886/871
f 852/852/838 886/886/871 885/885/870
f 853/853/839 854/854/840 887/887/872
f 853/853/839 887/887/872 886/886/871
f 854/854/840 855/855/841 888/888/873
f 854/854/840 888/888/873 887/887/872
f 855/855/841 856/856/842 889/889/874
f 855/855/841 889/889/874 888/888/873
f 856/856/842 857/857/843 890/890/875
f 856/856/842 890/890/875 889/889/874
f 857/857/843 858/858/458 891/891/458
f 857/857/843 891/891/458 890/890/875
f 859/860/845 860/859/844 893/892/876
f 859/860/845 893/892/876 892/893/877
f 860/859/844 861/861/846 894/894/878
f 860/859/844 894/894/878 893/892/876
f 861/861/846 862/862/847 895/895/879
f 861/861/846 895/895/879 894/894/878
f 862/862/847 863/863/848 896/896/880
f 862/862/847 896/896/880 895/895/879
f 863/863/848 864/864/849 897/897/881
f 863/863/848 897/897/881 896/896/880
f 864/864/849 865/865/850 898/898/882
f 864/864/849 898/898/882 897/897/881
f 865/865/850 866/866/851 899/899/883
f 865/865/850 899/899/883 898/898/882
f 866/866/851 867/867/852 900/900/884
f 866/866/851 900/900/884 899/899/883
f 867/867/852 868/868/853 901/901/885
f 867/867/852 901/901/885 900/900/884
f 868/868/853 869/869/854 902/902/886
f 868/868/853 902/902/886 901/901/885
f 869/869/854 870/870/855 903/903/887
f 869/869/854 903/903/887 902/902/886
f 870/870/855 871/871/856 904/904/888
f 870/870/855 904/904/888 903/903/887
f 871/871/856 872/872/857 905/905/889
f 871/871/856 905/905/889 904/904/888
f 872/872/857 873/873/858 906/906/890
f 872/872/857 906/906/890 905/905/889
f 873/873/858 874/874/859 907/907/891
f 873/873/858 907/907/891 906/906/890
f 874/874/859 875/875/860 908/908/892
f 874/874/859 908/908/892 907/907/891
f 875/875/860 876/876/861 909/909/893
f 875/875/860 909/909/893 908/908/892
f 876/876/861 877/877/862 910/910/894
f 876/876/861 910/910/894 909/909/893
f 877/877/862 878/878/863 911/911/895
f 877/877/862 911/911/895 910/910/894
f 878/878/863 879/879/864 912/912/896
f 878/878/863 912/912/896 911/911/895
f 879/879/864 880/880/865 913/913/897
f 879/879/864 913/913/897 912/912/896
f 880/880/865 881/881/866 914/914/898
f 880/880/865 914/914/898 913/913/897
f 881/881/866 882/882/867 915/915/899
f 881/881/866 915/915/899 914/914/898
f 882/882/867 883/883/868 916/916/900
f 882/882/867 916/916/900 915/915/899
f 883/883/868 884/884/869 917/917/901
f 883/883/868 917/917/901 916/916/900
f 884/884/869 885/885/870 918/918/902
f 884/884/869 918/918/902 917/917/901
f 885/885/870 886/886/871 919/919/903
f 885/885/870 919/919/903 918/918/902
f 886/886/871 887/887/872 920/920/904
f 886/886/871 920/920/904 919/919/903
f 887/887/872 888/888/873 921/921/905
f 887/887/872 921/921/905 920/920/904
f 888/888/873 889/889/874 922/922/906
f 888/888/873 922/922/906 921/921/905
f 889/889/874 890/890/875 923/923/907
f 889/889/874 923/923/907 922/922/906
f 890/890/875 891/891/458 924/924/458
f 890/890/875 924/924/458 923/923/907
f 892/893/877 893/892/876 926/925/908
f 892/893/877 926/925/908 925/926/909
f 893/892/876 894/894/878 927/927/910
f 893/892/876 927/927/910 926/925/908
f 894/894/878 895/895/879 928/928/911
f 894/894/878 928/928/911 927/927/910
f 895/895/879 896/896/880 929/929/912
f 895/895/879 929/929/912 928/928/911
f 896/896/880 897/897/881 930/930/913
f 896/896/880 930/930/913 929/929/912
f 897/897/881 898/898/882 931/931/914
f 897/897/881 931/931/914 930/930/913
f 898/898/882 899/899/883 932/932/915
f 898/898/882 932/932/915 931/931/914
f 899/899/883 900/900/884 933/933/916
f 899/899/883 933/933/916 932/932/915
f 900/900/884 901/901/885 934/934/917
f 900/900/884 934/934/917 933/933/916
f 901/901/885 902/902/886 935/935/918
f 901/901/885 935/935/918 934/934/917
f 902/902/886 903/903/887 936/936/919
f 902/902/886 936/936/919 935/935/918
f 903/903/887 904/904/888 937/937/920
f 903/903/887 937/937/920 936/936/919
f 904/904/888 905/905/889 938/938/921
f 904/904/888 938/938/921 937/937/920
f 905/905/889 906/906/890 939/939/922
f 905/905/889 939/939/922 938/938/921
f 906/906/890 907/907/891 940/940/923
f 906/906/890 940/940/923 939/939/922
f 907/907/891 908/908/892 941/941/924
f 907/907/891 941/941/924 940/940/923
f 908/908/892 909/909/893 942/942/925
f 908/908/892 942/942/925 941/941/924
f 909/909/893 910/910/894 943/943/926
f 909/909/893 943/943/926 942/942/925
f 910/910/894 911/911/895 944/944/927
f 910/910/894 944/944/927 943/943/926
f 911/911/895 912/912/896 945/945/928
f 911/911/895 945/945/928 944/944/927
f 912/912/896 913/913/897 946/946/929
f 912/912/896 946/946/929 945/945/928
f 913/913/897 914/914/898 947/947/930
f 913/913/897 947/947/930 946/946/929
f 914/914/898 915/915/899 948/948/931
f 914/914/898 948/948/931 947/947/930
f 915/915/899 916/916/900 949/949/932
f 915/915/899 949/949/932 948/948/931
f 916/916/900 917/917/901 950/950/933
f 916/916/900 950/950/933 949/949/932
f 917/917/901 918/918/902 951/951/934
f 917/917/901 951/951/934 950/950/933
f 918/918/902 919/919/903 952/952/935
f 918/918/902 952/952/935 951/951/934
f 919/919/903 920/920/904 953/953/936
f 919/919/903 953/953/936 952/952/935
f 920/920/904 921/921/905 954/954/937
f 920/920/904 954/954/937 953/953/936
f 921/921/905 922/922/906 955/955/938
f 921/921/905 955/955/938 954/954/937
f 922/922/906 923/923/907 956/956/939
f 922/922/906 956/956/939 955/955/938
f 923/923/907 924/924/458 957/957/779
f 923/923/907 957/957/779 956/956/939
f 925/926/909 926/925/908 959/958/940
f 925/926/909 959/958/940 958/959/941
f 926/925/908 927/927/910 960/960/942
f 926/925/908 960/960/942 959/958/940
f 927/927/910 928/928/911 961/961/943
f 927/927/910 961/961/943 960/960/942
f 928/928/911 929/929/912 962/962/944
f 928/928/911 962/962/944 961/961/943
f 929/929/912 930/930/913 963/963/945
f 929/929/912 963/963/945 962/962/944
f 930/930/913 931/931/914 964/964/946
f 930/930/913 964/964/946 963/963/945
f 931/931/914 932/932/915 965/965/947
f 931/931/914 965/965/947 964/964/946
f 932/932/915 933/933/916 966/966/948
f 932/932/915 966/966/948 965/965/947
f 933/933/916 934/934/917 967/967/949
f 933/933/916 967/967/949 966/966/948
f 934/934/917 935/935/918 968/968/950
f 934/934/917 968/968/950 967/967/949
f 935/935/918 936/936/919 969/969/951
f 935/935/918 969/969/951 968/968/950
f 936/936/919 937/937/920 970/970/952
f 936/936/919 970/970/952 969/969/951
f 937/937/920 938/938/921 971/971/953
f 937/937/920 971/971/953 970/970/952
f 938/938/921 939/939/922 972/972/954
f 938/938/921 972/972/954 971/971/953
f 939/939/922 940/940/923 973/973/955
f 939/939/922 973/973/955 972/972/954
f 940/940/923 941/941/924 974/974/956
f 940/940/923 974/974/956 973/973/955
f 941/941/924 942/942/925 975/975/957
f 941/941/924 975/975/957 974/974/956
f 942/942/925 943/943/926 976/976/958
f 942/942/925 976/976/958 975/975/957
f 943/943/926 944/944/927 977/977/959
f 943/943/926 977/977/959 976/976/958
f 944/944/927 945/945/928 978/978/960
f 944/944/927 978/978/960 977/977/959
f 945/945/928 946/946/929 979/979/961
f 945/945/928 979/979/961 978/978/960
f 946/946/929 947/947/930 980/980/962
f 946/946/929 980/980/962 979/979/961
f 947/947/930 948/948/931 981/981/963
f 947/947/930 981/981/963 980/980/962
f 948/948/931 949/949/932 982/982/964
f 948/948/931 982/982/964 981/981/963
f 949/949/932 950/950/933 983/983/965
f 949/949/932 983/983/965 982/982/964
f 950/950/933 951/951/934 984/984/966
f 950/950/933 984/984/966 983/983/965
f 951/951/934 952/952/935 985/985/967
f 951/951/934 985/985/967 984/984/966
f 952/952/935 953/953/936 986/986/968
f 952/952/935 986/986/968 985/985/967
f 953/953/936 954/954/937 987/987/969
f 953/953/936 987/987/969 986/986/968
f 954/954/937 955/955/938 988/988/970
f 954/954/937 988/988/970 987/987/969
f 955/955/938 956/956/939 989/989/971
f 955/955/938 989/989/971 988/988/970
f 956/956/939 957/957/779 990/990/779
f 956/956/939 990/990/779 989/989/971
f 958/959/941 959/958/940 992/991/972
f 958/959/941 992/991/972 991/992/973
f 959/958/940 960/960/942 993/993/974
f 959/958/940 993/993/974 992/991/972
f 960/960/942 961/961/943 994/994/975
f 960/960/942 994/994/975 993/993/974
f 961/961/943 962/962/944 995/995/976
f 961/961/943 995/995/976 994/994/975
f 962/962/944 963/963/945 996/996/977
f 962/962/944 996/996/977 995/995/976
f 963/963/945 964/964/946 997/997/978
f 963/963/945 997/997/978 996/996/977
f 964/964/946 965/965/947 998/998/979
f 964/964/946 998/998/979 997/997/978
f 965/965/947 966/966/948 999/999/980
f 965/965/947 999/999/980 998/998/979
f 966/966/948 967/967/949 1000/1000/981
f 966/966/948 1000/1000/981 999/999/980
f 967/967/949 968/968/950 1001/1001/982
f 967/967/949 1001/1001/982 1000/1000/981
f 968/968/950 969/969/951 1002/1002/983
f 968/968/950 1002/1002/983 1001/1001/982
f 969/969/951 970/970/952 1003/1003/984
f 969/969/951 1003/1003/984 1002/1002/983
f 970/970/952 971/971/953 1004/1004/985
f 970/970/952 1004/1004/985 1003/1003/984
f 971/971/953 972/972/954 1005/1005/986
f 971/971/953 1005/1005/986 1004/1004/985
f 972/972/954 973/973/955 1006/1006/987
f 972/972/954 1006/1006/987 1005/1005/986
f 973/973/955 974/974/956 1007/1007/988
f 973/973/955 1007/1007/988 1006/1006/987
f 974/974/956 975/975/957 1008/1008/989
f 974/974/956 1008/1008/989 1007/1007/988
f 975/975/957 976/976/958 1009/1009/990
f 975/975/957 1009/1009/990 1008/1008/989
f 976/976/958 977/977/959 1010/1010/991
f 976/976/958 1010/1010/991 1009/1009/990
f 977/977/959 978/978/960 1011/1011/992
f 977/977/959 1011/1011/992 1010/1010/991
f 978/978/960 979/979/961 1012/1012/993
f 978/978/960 1012/1012/993 1011/1011/992
f 979/979/961 980/980/962 1013/1013/994
f 979/979/961 1013/1013/994 1012/1012/993
f 980/980/962 981/981/963 1014/1014/995
f 980/980/962 1014/1014/995 1013/1013/994
f 981/981/963 982/982/964 1015/1015/996
f 981/981/963 1015/1015/996 1014/1014/995
f 982/982/964 983/983/965 1016/1016/997
f 982/982/964 1016/1016/997 1015/1015/996
f 983/983/965 984/984/966 1017/1017/998
f 983/983/965 1017/1017/998 1016/1016/997
f 984/984/966 985/985/967 1018/1018/999
f 984/984/966 1018/1018/999 1017/1017/998
f 985/985/967 986/986/968 1019/1019/1000
f 985/985/967 1019/1019/1000 1018/1018/999
f 986/986/968 987/987/969 1020/1020/1001
f 986/986/968 1020/1020/1001 1019/1019/1000
f 987/987/969 988/988/970 1021/1021/1002
f 987/987/969 1021/1021/1002 1020/1020/1001
f 988/988/970 989/989/971 1022/1022/1003
f 988/988/970 1022/1022/1003 1021/1021/1002
f 989/989/971 990/990/779 1023/1023/458
f 989/989/971 1023/1023/458 1022/1022/1003
f 991/992/973 992/991/972 1025/1024/1004
f 991/992/973 1025/1024/1004 1024/1025/1005
f 992/991/972 993/993/974 1026/1026/1006
f 992/991/972 1026/1026/1006 1025/1024/1004
f 993/993/974 994/994/975 1027/1027/1007
f 993/993/974 1027/1027/1007 1026/1026/1006
f 994/994/975 995/995/976 1028/1028/1008
f 994/994/975 1028/1028/1008 1027/1027/1007
f 995/995/976 996/996/977 1029/1029/1009
f 995/995/976 1029/1029/1009 1028/1028/1008
f 996/996/977 997/997/978 1030/1030/1010
f 996/996/977 1030/1030/1010 1029/1029/1009
f 997/997/978 998/998/979 1031/1031/1011
f 997/997/978 1031/1031/1011 1030/1030/1010
f 998/998/979 999/999/980 1032/1032/1012
f 998/998/979 1032/1032/1012 1031/1031/1011
f 999/999/980 1000/1000/981 1033/1033/1013
f 999/999/980 1033/1033/1013 1032/1032/1012
f 1000/1000/981 1001/1001/982 1034/1034/1014
f 1000/1000/981 1034/1034/1014 1033/1033/1013
f 1001/1001/982 1002/1002/983 1035/1035/1015
f 1001/1001/982 1035/1035/1015 1034/1034/1014
f 1002/1002/983 1003/1003/984 1036/1036/1016
f 1002/1002/983 1036/1036/1016 1035/1035/1015
f 1003/1003/984 1004/1004/985 1037/1037/1017
f 1003/1003/984 1037/1037/1017 1036/1036/1016
f 1004/1004/985 1005/1005/986 1038/1038/1018
f 1004/1004/985 1038/1038/1018 1037/1037/1017
f 1005/1005/986 1006/1006/987 1039/1039/1019
f 1005/1005/986 1039/1039/1019 1038/1038/1018
f 1006/1006/987 1007/1007/988 1040/1040/1020
f 1006/1006/987 1040/1040/1020 1039/1039/1019
f 1007/1007/988 1008/1008/989 1041/1041/1021
f 1007/1007/988 1041/1041/1021 1040/1040/1020
f 1008/1008/989 1009/1009/990 1042/1042/1022
f 1008/1008/989 1042/1042/1022 1041/1041/1021
f 1009/1009/990 1010/1010/991 1043/1043/1023
f 1009/1009/990 1043/1043/1023 1042/1042/1022
f 1010/1010/991 1011/1011/992 1044/1044/1024
f 1010/1010/991 1044/1044/1024 1043/1043/1023
f 1011/1011/992 1012/1012/993 1045/1045/1025
f 1011/1011/992 1045/1045/1025 1044/1044/1024
f 1012/1012/993 1013/1013/994 1046/1046/1026
f 1012/1012/993 1046/1046/1026 1045/1045/1025
f 1013/1013/994 1014/1014/995 1047/1047/1027
f 1013/1013/994 1047/1047/1027 1046/1046/1026
f 1014/1014/995 1015/1015/996 1048/1048/1028
f 1014/1014/995 1048/1048/1028 1047/1047/1027
f 1015/1015/996 1016/1016/997 1049/1049/1029
f 1015/1015/996 1049/1049/1029 1048/1048/1028
f 1016/1016/997 1017/1017/998 1050/1050/1030
f 1016/1016/997 1050/1050/1030 1049/1049/1029
f 1017/1017/998 1018/1018/999 1051/1051/1031
f 1017/1017/998 1051/1051/1031 1050/1050/1030
f 1018/1018/999 1019/1019/1000 1052/1052/1032
f 1018/1018/999 1052/1052/1032 1051/1051/1031
f 1019/1019/1000 1020/1020/1001 1053/1053/1033
f 1019/1019/1000 1053/1053/1033 1052/1052/1032
f 1020/1020/1001 1021/1021/1002 1054/1054/1034
f 1020/1020/1001 1054/1054/1034 1053/1053/1033
f 1021/1021/1002 1022/1022/1003 1055/1055/1035
f 1021/1021/1002 1055/1055/1035 1054/1054/1034
f 1022/1022/1003 1023/1023/458 1056/1056/779
f 1022/1022/1003 1056/1056/779 1055/1055/1035
f 1024/1025/1005 1025/1024/1004 1058/1057/1036
f 1024/1025/1005 1058/1057/1036 1057/1058/1037
f 1025/1024/1004 1026/1026/1006 1059/1059/1038
f 1025/1024/1004 1059/1059/1038 1058/1057/1036
f 1026/1026/1006 1027/1027/1007 1060/1060/1039
f 1026/1026/1006 1060/1060/1039 1059/1059/1038
f 1027/1027/1007 1028/1028/1008 1061/1061/1040
f 1027/1027/1007 1061/1061/1040 1060/1060/1039
f 1028/1028/1008 1029/1029/1009 1062/1062/1041
f 1028/1028/1008 1062/1062/1041 1061/1061/1040
f 1029/1029/1009 1030/1030/1010 1063/1063/1042
f 1029/1029/1009 1063/1063/1042 1062/1062/1041
f 1030/1030/1010 1031/1031/1011 1064/1064/1043
f 1030/1030/1010 1064/1064/1043 1063/1063/1042
f 1031/1031/1011 1032/1032/1012 1065/1065/1044
f 1031/1031/1011 1065/1065/1044 1064/1064/1043
f 1032/1032/1012 1033/1033/1013 1066/1066/1045
f 1032/1032/1012 1066/1066/1045 1065/1065/1044
f 1033/1033/1013 1034/1034/1014 1067/1067/1046
f 1033/1033/1013 1067/1067/1046 1066/1066/1045
f 1034/1034/1014 1035/1035/1015 1068/1068/1047
f 1034/1034/1014 1068/1068/1047 1067/1067/1046
f 1035/1035/1015 1036/1036/1016 1069/1069/1048
f 1035/1035/1015 1069/1069/1048 1068/1068/1047
f 1036/1036/1016 1037/1037/1017 1070/1070/1049
f 1036/1036/1016 1070/1070/1049 1069/1069/1048
f 1037/1037/1017 1038/1038/1018 1071/1071/1050
f 1037/1037/1017 1071/1071/1050 1070/1070/1049
f 1038/1038/1018 1039/1039/1019 1072/1072/1051
f 1038/1038/1018 1072/1072/1051 1071/1071/1050
f 1039/1039/1019 1040/1040/1020 1073/1073/1052
f 1039/1039/1019 1073/1073/1052 1072/1072/1051
f 1040/1040/1020 1041/1041/1021 1074/1074/1053
f 1040/1040/1020 1074/1074/1053 1073/1073/1052
f 1041/1041/1021 1042/1042/1022 1075/1075/1054
f 1041/1041/1021 1075/1075/1054 1074/1074/1053
f 1042/1042/1022 1043/1043/1023 1076/1076/1055
f 1042/1042/1022 1076/1076/1055 1075/1075/1054
f 1043/1043/1023 1044/1044/1024 1077/1077/1056
f 1043/1043/1023 1077/1077/1056 1076/1076/1055
f 1044/1044/1024 1045/1045/1025 1078/1078/1057
f 1044/1044/1024 1078/1078/1057 1077/1077/1056
f 1045/1045/1025 1046/1046/1026 1079/1079/1058
f 1045/1045/1025 1079/1079/1058 1078/1078/1057
f 1046/1046/1026 1047/1047/1027 1080/1080/1059
f 1046/1046/1026 1080/1080/1059 1079/1079/1058
f 1047/1047/1027 1048/1048/1028 1081/1081/1060
f 1047/1047/1027 1081/1081/1060 1080/1080/1059
f 1048/1048/1028 1049/1049/1029 1082/1082/1061
f 1048/1048/1028 1082/1082/1061 1081/1081/1060
f 1049/1049/1029 1050/1050/1030 1083/1083/1062
f 1049/1049/1029 1083/1083/1062 1082/1082/1061
f 1050/1050/1030 1051/1051/1031 1084/1084/1063
f 1050/1050/1030 1084/1084/1063 1083/1083/1062
f 1051/1051/1031 1052/1052/1032 1085/1085/1064
f 1051/1051/1031 1085/1085/1064 1084/1084/1063
f 1052/1052/1032 1053/1053/1033 1086/1086/1065
f 1052/1052/1032 1086/1086/1065 1085/1085/1064
f 1053/1053/1033 1054/1054/1034 1087/1087/1066
f 1053/1053/1033 1087/1087/1066 1086/1086/1065
f 1054/1054/1034 1055/1055/1035 1088/1088/1067
f 1054/1054/1034 1088/1088/1067 1087/1087/1066
f 1055/1055/1035 1056/1056/779 1089/1089/779
f 1055/1055/1035 1089/1089/779 1088/1088/1067
