mtllib terrain_near_02_06.mtl
usemtl terrain_near_02_06
# Blender 5.1.1
# www.blender.org
o terrain_near_02_06
v -32.000000 -32.000000 -18.576855
v -30.000000 -32.000000 -18.159374
v -28.000000 -32.000000 -17.741894
v -26.000000 -32.000000 -17.324413
v -24.000000 -32.000000 -16.906872
v -22.000000 -32.000000 -16.489391
v -20.000000 -32.000000 -16.071850
v -18.000000 -32.000000 -15.744090
v -16.000000 -32.000000 -15.416453
v -14.000000 -32.000000 -15.089000
v -12.000000 -32.000000 -14.761668
v -10.000000 -32.000000 -14.434398
v -8.000000 -32.000000 -14.107371
v -6.000000 -32.000000 -13.780406
v -4.000000 -32.000000 -13.453563
v -2.000000 -32.000000 -13.191783
v 0.000000 -32.000000 -13.109385
v 2.000000 -32.000000 -13.027110
v 4.000000 -32.000000 -12.944896
v 6.000000 -32.000000 -12.862864
v 8.000000 -32.000000 -12.780833
v 10.000000 -32.000000 -12.699046
v 12.000000 -32.000000 -12.617259
v 14.000000 -32.000000 -12.535594
v 16.000000 -32.000000 -12.454112
v 18.000000 -32.000000 -12.372691
v 20.000000 -32.000000 -12.291331
v 22.000000 -32.000000 -12.236094
v 24.000000 -32.000000 -12.269481
v 26.000000 -32.000000 -12.303233
v 28.000000 -32.000000 -12.337230
v 30.000000 -32.000000 -12.371654
v 32.000000 -32.000000 -12.406322
v -32.000000 -30.000000 -17.617443
v -30.000000 -30.000000 -17.199963
v -28.000000 -30.000000 -16.782482
v -26.000000 -30.000000 -16.364941
v -24.000000 -30.000000 -15.947459
v -22.000000 -30.000000 -15.529918
v -20.000000 -30.000000 -15.112437
v -18.000000 -30.000000 -14.788524
v -16.000000 -30.000000 -14.464671
v -14.000000 -30.000000 -14.141002
v -12.000000 -30.000000 -13.817454
v -10.000000 -30.000000 -13.494090
v -8.000000 -30.000000 -13.170726
v -6.000000 -30.000000 -12.847606
v -4.000000 -30.000000 -12.524608
v -2.000000 -30.000000 -12.262156
v 0.000000 -30.000000 -12.182872
v 2.000000 -30.000000 -12.103709
v 4.000000 -30.000000 -12.024608
v 6.000000 -30.000000 -11.945628
v 8.000000 -30.000000 -11.866771
v 10.000000 -30.000000 -11.788035
v 12.000000 -30.000000 -11.709361
v 14.000000 -30.000000 -11.630809
v 16.000000 -30.000000 -11.552379
v 18.000000 -30.000000 -11.474071
v 20.000000 -30.000000 -11.395823
v 22.000000 -30.000000 -11.342845
v 24.000000 -30.000000 -11.385203
v 26.000000 -30.000000 -11.427806
v 28.000000 -30.000000 -11.470775
v 30.000000 -30.000000 -11.513988
v 32.000000 -30.000000 -11.557567
v -32.000000 -28.000000 -16.637646
v -30.000000 -28.000000 -16.233532
v -28.000000 -28.000000 -15.822764
v -26.000000 -28.000000 -15.405345
v -24.000000 -28.000000 -14.987864
v -22.000000 -28.000000 -14.570445
v -20.000000 -28.000000 -14.152904
v -18.000000 -28.000000 -13.832774
v -16.000000 -28.000000 -13.512767
v -14.000000 -28.000000 -13.192882
v -12.000000 -28.000000 -12.873118
v -10.000000 -28.000000 -12.553538
v -8.000000 -28.000000 -12.234080
v -6.000000 -28.000000 -11.914744
v -4.000000 -28.000000 -11.595531
v -2.000000 -28.000000 -11.332469
v 0.000000 -28.000000 -11.256297
v 2.000000 -28.000000 -11.180186
v 4.000000 -28.000000 -11.104198
v 6.000000 -28.000000 -11.028270
v 8.000000 -28.000000 -10.952525
v 10.000000 -28.000000 -10.876903
v 12.000000 -28.000000 -10.801341
v 14.000000 -28.000000 -10.725902
v 16.000000 -28.000000 -10.650523
v 18.000000 -28.000000 -10.575267
v 20.000000 -28.000000 -10.500194
v 22.000000 -28.000000 -10.449290
v 24.000000 -28.000000 -10.500560
v 26.000000 -28.000000 -10.552073
v 28.000000 -28.000000 -10.603953
v 30.000000 -28.000000 -10.656077
v 32.000000 -28.000000 -10.708568
v -32.000000 -26.000000 -15.651195
v -30.000000 -26.000000 -15.247081
v -28.000000 -26.000000 -14.843028
v -26.000000 -26.000000 -14.438914
v -24.000000 -26.000000 -14.028087
v -22.000000 -26.000000 -13.610667
v -20.000000 -26.000000 -13.193187
v -18.000000 -26.000000 -12.876903
v -16.000000 -26.000000 -12.560679
v -14.000000 -26.000000 -12.244578
v -12.000000 -26.000000 -11.928660
v -10.000000 -26.000000 -11.612864
v -8.000000 -26.000000 -11.297191
v -6.000000 -26.000000 -10.981639
v -4.000000 -26.000000 -10.666270
v -2.000000 -26.000000 -10.402659
v 0.000000 -26.000000 -10.329539
v 2.000000 -26.000000 -10.256541
v 4.000000 -26.000000 -10.183665
v 6.000000 -26.000000 -10.110911
v 8.000000 -26.000000 -10.038157
v 10.000000 -26.000000 -9.965648
v 12.000000 -26.000000 -9.893138
v 14.000000 -26.000000 -9.820872
v 16.000000 -26.000000 -9.748607
v 18.000000 -26.000000 -9.676463
v 20.000000 -26.000000 -9.604442
v 22.000000 -26.000000 -9.555491
v 24.000000 -26.000000 -9.615611
v 26.000000 -26.000000 -9.676036
v 28.000000 -26.000000 -9.736766
v 30.000000 -26.000000 -9.797801
v 32.000000 -26.000000 -9.859202
v -32.000000 -24.000000 -14.664744
v -30.000000 -24.000000 -14.260631
v -28.000000 -24.000000 -13.856517
v -26.000000 -24.000000 -13.452464
v -24.000000 -24.000000 -13.048289
v -22.000000 -24.000000 -12.644237
v -20.000000 -24.000000 -12.233409
v -18.000000 -24.000000 -11.920848
v -16.000000 -24.000000 -11.608470
v -14.000000 -24.000000 -11.296214
v -12.000000 -24.000000 -10.984080
v -10.000000 -24.000000 -10.672069
v -8.000000 -24.000000 -10.360240
v -6.000000 -24.000000 -10.048533
v -4.000000 -24.000000 -9.736888
v -2.000000 -24.000000 -9.472728
v 0.000000 -24.000000 -9.402720
v 2.000000 -24.000000 -9.332835
v 4.000000 -24.000000 -9.263011
v 6.000000 -24.000000 -9.193309
v 8.000000 -24.000000 -9.123729
v 10.000000 -24.000000 -9.054271
v 12.000000 -24.000000 -8.984935
v 14.000000 -24.000000 -8.915721
v 16.000000 -24.000000 -8.846507
v 18.000000 -24.000000 -8.777537
v 20.000000 -24.000000 -8.708568
v 22.000000 -24.000000 -8.661326
v 24.000000 -24.000000 -8.730357
v 26.000000 -24.000000 -8.799693
v 28.000000 -24.000000 -8.869334
v 30.000000 -24.000000 -8.939281
v 32.000000 -24.000000 -9.009593
v -32.000000 -22.000000 -13.678294
v -30.000000 -22.000000 -13.274241
v -28.000000 -22.000000 -12.870067
v -26.000000 -22.000000 -12.465953
v -24.000000 -22.000000 -12.061839
v -22.000000 -22.000000 -11.664439
v -20.000000 -22.000000 -11.273509
v -18.000000 -22.000000 -10.964732
v -16.000000 -22.000000 -10.656199
v -14.000000 -22.000000 -10.347728
v -12.000000 -22.000000 -10.039378
v -10.000000 -22.000000 -9.731151
v -8.000000 -22.000000 -9.423106
v -6.000000 -22.000000 -9.115184
v -4.000000 -22.000000 -8.807445
v -2.000000 -22.000000 -8.542674
v 0.000000 -22.000000 -8.475780
v 2.000000 -22.000000 -8.409007
v 4.000000 -22.000000 -8.342235
v 6.000000 -22.000000 -8.275706
v 8.000000 -22.000000 -8.209178
v 10.000000 -22.000000 -8.142833
v 12.000000 -22.000000 -8.076610
v 14.000000 -22.000000 -8.010448
v 16.000000 -22.000000 -7.944408
v 18.000000 -22.000000 -7.878429
v 20.000000 -22.000000 -7.812572
v 22.000000 -22.000000 -7.766857
v 24.000000 -22.000000 -7.844799
v 26.000000 -22.000000 -7.923046
v 28.000000 -22.000000 -8.001536
v 30.000000 -22.000000 -8.080394
v 32.000000 -22.000000 -8.159617
v -32.000000 -20.000000 -12.691905
v -30.000000 -20.000000 -12.287791
v -28.000000 -20.000000 -11.883677
v -26.000000 -20.000000 -11.486217
v -24.000000 -20.000000 -11.095225
v -22.000000 -20.000000 -10.704356
v -20.000000 -20.000000 -10.319407
v -18.000000 -20.000000 -10.015574
v -16.000000 -20.000000 -9.711864
v -14.000000 -20.000000 -9.408397
v -12.000000 -20.000000 -9.105174
v -10.000000 -20.000000 -8.802073
v -8.000000 -20.000000 -8.499217
v -6.000000 -20.000000 -8.196483
v -4.000000 -20.000000 -7.893993
v -2.000000 -20.000000 -7.630260
v 0.000000 -20.000000 -7.567699
v 2.000000 -20.000000 -7.505321
v 4.000000 -20.000000 -7.443065
v 6.000000 -20.000000 -7.380931
v 8.000000 -20.000000 -7.318920
v 10.000000 -20.000000 -7.257091
v 12.000000 -20.000000 -7.195385
v 14.000000 -20.000000 -7.133739
v 16.000000 -20.000000 -7.072338
v 18.000000 -20.000000 -7.010936
v 20.000000 -20.000000 -6.949779
v 22.000000 -20.000000 -6.906749
v 24.000000 -20.000000 -6.993968
v 26.000000 -20.000000 -7.081371
v 28.000000 -20.000000 -7.169017
v 30.000000 -20.000000 -7.257030
v 32.000000 -20.000000 -7.345165
v -32.000000 -18.000000 -11.705455
v -30.000000 -18.000000 -11.307994
v -28.000000 -18.000000 -10.918223
v -26.000000 -18.000000 -10.539012
v -24.000000 -18.000000 -10.161204
v -22.000000 -18.000000 -9.783397
v -20.000000 -18.000000 -9.405589
v -18.000000 -18.000000 -9.107249
v -16.000000 -18.000000 -8.809154
v -14.000000 -18.000000 -8.511180
v -12.000000 -18.000000 -8.213450
v -10.000000 -18.000000 -7.915843
v -8.000000 -18.000000 -7.618480
v -6.000000 -18.000000 -7.321300
v -4.000000 -18.000000 -7.024364
v -2.000000 -18.000000 -6.761669
v 0.000000 -18.000000 -6.702953
v 2.000000 -18.000000 -6.644359
v 4.000000 -18.000000 -6.585887
v 6.000000 -18.000000 -6.527538
v 8.000000 -18.000000 -6.469310
v 10.000000 -18.000000 -6.411266
v 12.000000 -18.000000 -6.353343
v 14.000000 -18.000000 -6.295543
v 16.000000 -18.000000 -6.237865
v 18.000000 -18.000000 -6.180370
v 20.000000 -18.000000 -6.122936
v 22.000000 -18.000000 -6.081493
v 24.000000 -18.000000 -6.175853
v 26.000000 -18.000000 -6.270580
v 28.000000 -18.000000 -6.365428
v 30.000000 -18.000000 -6.460643
v 32.000000 -18.000000 -6.556102
v -32.000000 -16.000000 -10.758433
v -30.000000 -16.000000 -10.380687
v -28.000000 -16.000000 -10.002879
v -26.000000 -16.000000 -9.625010
v -24.000000 -16.000000 -9.247203
v -22.000000 -16.000000 -8.869456
v -20.000000 -16.000000 -8.491588
v -18.000000 -16.000000 -8.198802
v -16.000000 -16.000000 -7.906139
v -14.000000 -16.000000 -7.613719
v -12.000000 -16.000000 -7.321483
v -10.000000 -16.000000 -7.029430
v -8.000000 -16.000000 -6.737621
v -6.000000 -16.000000 -6.445934
v -4.000000 -16.000000 -6.154491
v -2.000000 -16.000000 -5.893016
v 0.000000 -16.000000 -5.838024
v 2.000000 -16.000000 -5.783214
v 4.000000 -16.000000 -5.728588
v 6.000000 -16.000000 -5.674022
v 8.000000 -16.000000 -5.619579
v 10.000000 -16.000000 -5.565319
v 12.000000 -16.000000 -5.511180
v 14.000000 -16.000000 -5.457164
v 16.000000 -16.000000 -5.403270
v 18.000000 -16.000000 -5.349559
v 20.000000 -16.000000 -5.295970
v 22.000000 -16.000000 -5.255931
v 24.000000 -16.000000 -5.357616
v 26.000000 -16.000000 -5.459484
v 28.000000 -16.000000 -5.561595
v 30.000000 -16.000000 -5.664012
v 32.000000 -16.000000 -5.766674
v -32.000000 -14.000000 -9.835093
v -30.000000 -14.000000 -9.466258
v -28.000000 -14.000000 -9.088511
v -26.000000 -14.000000 -8.710765
v -24.000000 -14.000000 -8.333018
v -22.000000 -14.000000 -7.955211
v -20.000000 -14.000000 -7.577343
v -18.000000 -14.000000 -7.290111
v -16.000000 -14.000000 -7.003002
v -14.000000 -14.000000 -6.716075
v -12.000000 -14.000000 -6.429393
v -10.000000 -14.000000 -6.142833
v -8.000000 -14.000000 -5.856517
v -6.000000 -14.000000 -5.570385
v -4.000000 -14.000000 -5.284435
v -2.000000 -14.000000 -5.024120
v 0.000000 -14.000000 -4.972972
v 2.000000 -14.000000 -4.921947
v 4.000000 -14.000000 -4.871105
v 6.000000 -14.000000 -4.820385
v 8.000000 -14.000000 -4.769725
v 10.000000 -14.000000 -4.719249
v 12.000000 -14.000000 -4.668895
v 14.000000 -14.000000 -4.618724
v 16.000000 -14.000000 -4.568614
v 18.000000 -14.000000 -4.518627
v 20.000000 -14.000000 -4.468822
v 22.000000 -14.000000 -4.430126
v 24.000000 -14.000000 -4.539012
v 26.000000 -14.000000 -4.648143
v 28.000000 -14.000000 -4.757518
v 30.000000 -14.000000 -4.867137
v 32.000000 -14.000000 -4.977062
v -32.000000 -12.000000 -8.884898
v -30.000000 -12.000000 -8.524913
v -28.000000 -12.000000 -8.164989
v -26.000000 -12.000000 -7.796215
v -24.000000 -12.000000 -7.418468
v -22.000000 -12.000000 -7.040721
v -20.000000 -12.000000 -6.662975
v -18.000000 -12.000000 -6.381176
v -16.000000 -12.000000 -6.099620
v -14.000000 -12.000000 -5.818187
v -12.000000 -12.000000 -5.537059
v -10.000000 -12.000000 -5.256053
v -8.000000 -12.000000 -4.975231
v -6.000000 -12.000000 -4.694652
v -4.000000 -12.000000 -4.414196
v -2.000000 -12.000000 -4.155162
v 0.000000 -12.000000 -4.107799
v 2.000000 -12.000000 -4.060619
v 4.000000 -12.000000 -4.013500
v 6.000000 -12.000000 -3.966564
v 8.000000 -12.000000 -3.919750
v 10.000000 -12.000000 -3.873058
v 12.000000 -12.000000 -3.826488
v 14.000000 -12.000000 -3.780101
v 16.000000 -12.000000 -3.733776
v 18.000000 -12.000000 -3.687633
v 20.000000 -12.000000 -3.641551
v 22.000000 -12.000000 -3.604076
v 24.000000 -12.000000 -3.720226
v 26.000000 -12.000000 -3.836559
v 28.000000 -12.000000 -3.953197
v 30.000000 -12.000000 -4.070018
v 32.000000 -12.000000 -4.187145
v -32.000000 -10.000000 -7.934825
v -30.000000 -10.000000 -7.574840
v -28.000000 -10.000000 -7.214855
v -26.000000 -10.000000 -6.854869
v -24.000000 -10.000000 -6.494884
v -22.000000 -10.000000 -6.126049
v -20.000000 -10.000000 -5.748363
v -18.000000 -10.000000 -5.472118
v -16.000000 -10.000000 -5.196056
v -14.000000 -10.000000 -4.920238
v -12.000000 -10.000000 -4.644481
v -10.000000 -10.000000 -4.369091
v -8.000000 -10.000000 -4.093761
v -6.000000 -10.000000 -3.818676
v -4.000000 -10.000000 -3.543773
v -2.000000 -10.000000 -3.286083
v 0.000000 -10.000000 -3.242504
v 2.000000 -10.000000 -3.199047
v 4.000000 -10.000000 -3.155773
v 6.000000 -10.000000 -3.112621
v 8.000000 -10.000000 -3.069591
v 10.000000 -10.000000 -3.026683
v 12.000000 -10.000000 -2.983959
v 14.000000 -10.000000 -2.941356
v 16.000000 -10.000000 -2.898815
v 18.000000 -10.000000 -2.856456
v 20.000000 -10.000000 -2.814220
v 22.000000 -10.000000 -2.777782
v 24.000000 -10.000000 -2.901195
v 26.000000 -10.000000 -3.024730
v 28.000000 -10.000000 -3.148571
v 30.000000 -10.000000 -3.272655
v 32.000000 -10.000000 -3.397045
v -32.000000 -8.000000 -6.984691
v -30.000000 -8.000000 -6.624706
v -28.000000 -8.000000 -6.264720
v -26.000000 -8.000000 -5.904735
v -24.000000 -8.000000 -5.544750
v -22.000000 -8.000000 -5.184764
v -20.000000 -8.000000 -4.833568
v -18.000000 -8.000000 -4.562816
v -16.000000 -8.000000 -4.292308
v -14.000000 -8.000000 -4.021984
v -12.000000 -8.000000 -3.751781
v -10.000000 -8.000000 -3.481884
v -8.000000 -8.000000 -3.212108
v -6.000000 -8.000000 -2.942516
v -4.000000 -8.000000 -2.673168
v -2.000000 -8.000000 -2.416820
v 0.000000 -8.000000 -2.377025
v 2.000000 -8.000000 -2.337474
v 4.000000 -8.000000 -2.297924
v 6.000000 -8.000000 -2.258556
v 8.000000 -8.000000 -2.219310
v 10.000000 -8.000000 -2.180248
v 12.000000 -8.000000 -2.141246
v 14.000000 -8.000000 -2.102428
v 16.000000 -8.000000 -2.063732
v 18.000000 -8.000000 -2.025157
v 20.000000 -8.000000 -1.986705
v 22.000000 -8.000000 -1.951244
v 24.000000 -8.000000 -2.081859
v 26.000000 -8.000000 -2.212657
v 28.000000 -8.000000 -2.343700
v 30.000000 -8.000000 -2.475048
v 32.000000 -8.000000 -2.606639
v -32.000000 -6.000000 -6.034557
v -30.000000 -6.000000 -5.674572
v -28.000000 -6.000000 -5.314586
v -26.000000 -6.000000 -4.954662
v -24.000000 -6.000000 -4.603466
v -22.000000 -6.000000 -4.261058
v -20.000000 -6.000000 -3.918651
v -18.000000 -6.000000 -3.653392
v -16.000000 -6.000000 -3.388378
v -14.000000 -6.000000 -3.123546
v -12.000000 -6.000000 -2.858959
v -10.000000 -6.000000 -2.594493
v -8.000000 -6.000000 -2.330272
v -6.000000 -6.000000 -2.066234
v -4.000000 -6.000000 -1.802318
v -2.000000 -6.000000 -1.547435
v 0.000000 -6.000000 -1.511486
v 2.000000 -6.000000 -1.475658
v 4.000000 -6.000000 -1.439952
v 6.000000 -6.000000 -1.404369
v 8.000000 -6.000000 -1.368968
v 10.000000 -6.000000 -1.333629
v 12.000000 -6.000000 -1.298412
v 14.000000 -6.000000 -1.263378
v 16.000000 -6.000000 -1.228466
v 18.000000 -6.000000 -1.193676
v 20.000000 -6.000000 -1.159069
v 22.000000 -6.000000 -1.124584
v 24.000000 -6.000000 -1.262279
v 26.000000 -6.000000 -1.400341
v 28.000000 -6.000000 -1.538646
v 30.000000 -6.000000 -1.677196
v 32.000000 -6.000000 -1.815990
v -32.000000 -4.000000 -5.084423
v -30.000000 -4.000000 -4.724437
v -28.000000 -4.000000 -4.373241
v -26.000000 -4.000000 -4.030895
v -24.000000 -4.000000 -3.688426
v -22.000000 -4.000000 -3.345958
v -20.000000 -4.000000 -3.003429
v -18.000000 -4.000000 -2.743724
v -16.000000 -4.000000 -2.484264
v -14.000000 -4.000000 -2.224926
v -12.000000 -4.000000 -1.965831
v -10.000000 -4.000000 -1.706920
v -8.000000 -4.000000 -1.448192
v -6.000000 -4.000000 -1.189647
v -4.000000 -4.000000 -0.931346
v -2.000000 -4.000000 -0.677928
v 0.000000 -4.000000 -0.645824
v 2.000000 -4.000000 -0.613719
v 4.000000 -4.000000 -0.581859
v 6.000000 -4.000000 -0.550060
v 8.000000 -4.000000 -0.518382
v 10.000000 -4.000000 -0.486888
v 12.000000 -4.000000 -0.455516
v 14.000000 -4.000000 -0.424266
v 16.000000 -4.000000 -0.393138
v 18.000000 -4.000000 -0.362133
v 20.000000 -4.000000 -0.331310
v 22.000000 -4.000000 -0.300609
v 24.000000 -4.000000 -0.442455
v 26.000000 -4.000000 -0.587718
v 28.000000 -4.000000 -0.733226
v 30.000000 -4.000000 -0.879039
v 32.000000 -4.000000 -1.025096
v -32.000000 -2.000000 -4.143077
v -30.000000 -2.000000 -3.800609
v -28.000000 -2.000000 -3.458141
v -26.000000 -2.000000 -3.115673
v -24.000000 -2.000000 -2.773143
v -22.000000 -2.000000 -2.430614
v -20.000000 -2.000000 -2.088085
v -18.000000 -2.000000 -1.833934
v -16.000000 -2.000000 -1.579906
v -14.000000 -2.000000 -1.326122
v -12.000000 -2.000000 -1.072582
v -10.000000 -2.000000 -0.819164
v -8.000000 -2.000000 -0.565990
v -6.000000 -2.000000 -0.312938
v -4.000000 -2.000000 -0.060131
v -2.000000 -2.000000 0.191701
v 0.000000 -2.000000 0.220021
v 2.000000 -2.000000 0.248341
v 4.000000 -2.000000 0.276417
v 6.000000 -2.000000 0.304371
v 8.000000 -2.000000 0.332264
v 10.000000 -2.000000 0.360035
v 12.000000 -2.000000 0.387623
v 14.000000 -2.000000 0.415028
v 16.000000 -2.000000 0.442372
v 18.000000 -2.000000 0.469533
v 20.000000 -2.000000 0.496632
v 22.000000 -2.000000 0.523549
v 24.000000 -2.000000 0.377614
v 26.000000 -2.000000 0.225148
v 28.000000 -2.000000 0.072316
v 30.000000 -2.000000 -0.080638
v 32.000000 -2.000000 -0.233959
v -32.000000 0.000000 -3.227550
v -30.000000 0.000000 -2.885082
v -28.000000 0.000000 -2.542552
v -26.000000 0.000000 -2.200084
v -24.000000 0.000000 -1.857555
v -22.000000 0.000000 -1.515026
v -20.000000 0.000000 -1.172496
v -18.000000 0.000000 -0.923900
v -16.000000 0.000000 -0.675365
v -14.000000 0.000000 -0.427135
v -12.000000 0.000000 -0.179088
v -10.000000 0.000000 0.068776
v -8.000000 0.000000 0.316456
v -6.000000 0.000000 0.564015
v -4.000000 0.000000 0.811268
v -2.000000 0.000000 1.058400
v 0.000000 0.000000 1.085988
v 2.000000 0.000000 1.110524
v 4.000000 0.000000 1.134816
v 6.000000 0.000000 1.158986
v 8.000000 0.000000 1.183033
v 10.000000 0.000000 1.206959
v 12.000000 0.000000 1.230763
v 14.000000 0.000000 1.254445
v 16.000000 0.000000 1.278004
v 18.000000 0.000000 1.301381
v 20.000000 0.000000 1.324635
v 22.000000 0.000000 1.347767
v 24.000000 0.000000 1.197926
v 26.000000 0.000000 1.038197
v 28.000000 0.000000 0.878224
v 30.000000 0.000000 0.717946
v 32.000000 0.000000 0.557484
v -32.000000 2.000000 -2.299816
v -30.000000 2.000000 -1.965099
v -28.000000 2.000000 -1.626598
v -26.000000 2.000000 -1.284130
v -24.000000 2.000000 -0.941722
v -22.000000 2.000000 -0.599254
v -20.000000 2.000000 -0.256786
v -18.000000 2.000000 -0.013622
v -16.000000 2.000000 0.229298
v -14.000000 2.000000 0.472035
v -12.000000 2.000000 0.714589
v -10.000000 2.000000 0.956959
v -8.000000 2.000000 1.199147
v -6.000000 2.000000 1.441090
v -4.000000 2.000000 1.682850
v -2.000000 2.000000 1.924428
v 0.000000 2.000000 1.952137
v 2.000000 2.000000 1.972828
v 4.000000 2.000000 1.993336
v 6.000000 2.000000 2.013722
v 8.000000 2.000000 2.033986
v 10.000000 2.000000 2.054127
v 12.000000 2.000000 2.074147
v 14.000000 2.000000 2.094044
v 16.000000 2.000000 2.113698
v 18.000000 2.000000 2.133351
v 20.000000 2.000000 2.152821
v 22.000000 2.000000 2.172169
v 24.000000 2.000000 2.018483
v 26.000000 2.000000 1.851552
v 28.000000 2.000000 1.684376
v 30.000000 2.000000 1.516896
v 32.000000 2.000000 1.349171
v -32.000000 4.000000 -1.368297
v -30.000000 4.000000 -1.033580
v -28.000000 4.000000 -0.698863
v -26.000000 4.000000 -0.364208
v -24.000000 4.000000 -0.025646
v -22.000000 4.000000 0.316762
v -20.000000 4.000000 0.659230
v -18.000000 4.000000 0.896779
v -16.000000 4.000000 1.134205
v -14.000000 4.000000 1.371388
v -12.000000 4.000000 1.608449
v -10.000000 4.000000 1.845265
v -8.000000 4.000000 2.081959
v -6.000000 4.000000 2.318409
v -4.000000 4.000000 2.554615
v -2.000000 4.000000 2.790699
v 0.000000 4.000000 2.818409
v 2.000000 4.000000 2.835255
v 4.000000 4.000000 2.851979
v 6.000000 4.000000 2.868580
v 8.000000 4.000000 2.885060
v 10.000000 4.000000 2.901417
v 12.000000 4.000000 2.917653
v 14.000000 4.000000 2.933644
v 16.000000 4.000000 2.949635
v 18.000000 4.000000 2.965443
v 20.000000 4.000000 2.981129
v 22.000000 4.000000 2.996632
v 24.000000 4.000000 2.839345
v 26.000000 4.000000 2.665150
v 28.000000 4.000000 2.490712
v 30.000000 4.000000 2.315968
v 32.000000 4.000000 2.141041
v -32.000000 6.000000 -0.436656
v -30.000000 6.000000 -0.102001
v -28.000000 6.000000 0.232716
v -26.000000 6.000000 0.567372
v -24.000000 6.000000 0.902089
v -22.000000 6.000000 1.236805
v -20.000000 6.000000 1.575367
v -18.000000 6.000000 1.807423
v -16.000000 6.000000 2.039296
v -14.000000 6.000000 2.271046
v -12.000000 6.000000 2.502491
v -10.000000 6.000000 2.733815
v -8.000000 6.000000 2.964955
v -6.000000 6.000000 3.195851
v -4.000000 6.000000 3.426564
v -2.000000 6.000000 3.657155
v 0.000000 6.000000 3.684742
v 2.000000 6.000000 3.697804
v 4.000000 6.000000 3.710743
v 6.000000 6.000000 3.723561
v 8.000000 6.000000 3.736256
v 10.000000 6.000000 3.748829
v 12.000000 6.000000 3.761220
v 14.000000 6.000000 3.773488
v 16.000000 6.000000 3.785695
v 18.000000 6.000000 3.797657
v 20.000000 6.000000 3.809559
v 22.000000 6.000000 3.821339
v 24.000000 6.000000 3.660450
v 26.000000 6.000000 3.479054
v 28.000000 6.000000 3.297291
v 30.000000 6.000000 3.115407
v 32.000000 6.000000 2.933217
v -32.000000 8.000000 0.494862
v -30.000000 8.000000 0.829579
v -28.000000 8.000000 1.164296
v -26.000000 8.000000 1.498951
v -24.000000 8.000000 1.833607
v -22.000000 8.000000 2.164540
v -20.000000 8.000000 2.491627
v -18.000000 8.000000 2.718190
v -16.000000 8.000000 2.944630
v -14.000000 8.000000 3.170765
v -12.000000 8.000000 3.396779
v -10.000000 8.000000 3.622548
v -8.000000 8.000000 3.848195
v -6.000000 8.000000 4.073536
v -4.000000 8.000000 4.298756
v -2.000000 8.000000 4.523793
v 0.000000 8.000000 4.551198
v 2.000000 8.000000 4.560536
v 4.000000 8.000000 4.569630
v 6.000000 8.000000 4.578663
v 8.000000 8.000000 4.587574
v 10.000000 8.000000 4.596364
v 12.000000 8.000000 4.604970
v 14.000000 8.000000 4.613453
v 16.000000 8.000000 4.621815
v 18.000000 8.000000 4.630055
v 20.000000 8.000000 4.638112
v 22.000000 8.000000 4.646046
v 24.000000 8.000000 4.481740
v 26.000000 8.000000 4.293141
v 28.000000 8.000000 4.104176
v 30.000000 8.000000 3.915089
v 32.000000 8.000000 3.725636
v -32.000000 10.000000 1.426442
v -30.000000 10.000000 1.761097
v -28.000000 10.000000 2.095814
v -26.000000 10.000000 2.426686
v -24.000000 10.000000 2.753834
v -22.000000 10.000000 3.080922
v -20.000000 10.000000 3.408192
v -18.000000 10.000000 3.629200
v -16.000000 10.000000 3.850087
v -14.000000 10.000000 4.070729
v -12.000000 10.000000 4.291188
v -10.000000 10.000000 4.511464
v -8.000000 10.000000 4.731556
v -6.000000 10.000000 4.951466
v -4.000000 10.000000 5.171132
v -2.000000 10.000000 5.390614
v 0.000000 10.000000 5.417897
v 2.000000 10.000000 5.423390
v 4.000000 10.000000 5.428761
v 6.000000 10.000000 5.433949
v 8.000000 10.000000 5.439015
v 10.000000 10.000000 5.444020
v 12.000000 10.000000 5.448842
v 14.000000 10.000000 5.453175
v 16.000000 10.000000 5.457020
v 18.000000 10.000000 5.460743
v 20.000000 10.000000 5.464406
v 22.000000 10.000000 5.467946
v 24.000000 10.000000 5.300099
v 26.000000 10.000000 5.104298
v 28.000000 10.000000 4.908497
v 30.000000 10.000000 4.712574
v 32.000000 10.000000 4.516652
v -32.000000 12.000000 2.358021
v -30.000000 12.000000 2.688832
v -28.000000 12.000000 3.016041
v -26.000000 12.000000 3.340382
v -24.000000 12.000000 3.653187
v -22.000000 12.000000 3.964833
v -20.000000 12.000000 4.276661
v -18.000000 12.000000 4.492482
v -16.000000 12.000000 4.708180
v -14.000000 12.000000 4.923756
v -12.000000 12.000000 5.139210
v -10.000000 12.000000 5.354542
v -8.000000 12.000000 5.569691
v -6.000000 12.000000 5.784779
v -4.000000 12.000000 5.999745
v -2.000000 12.000000 6.214589
v 0.000000 12.000000 6.241566
v 2.000000 12.000000 6.243153
v 4.000000 12.000000 6.244679
v 6.000000 12.000000 6.246022
v 8.000000 12.000000 6.247365
v 10.000000 12.000000 6.248524
v 12.000000 12.000000 6.249623
v 14.000000 12.000000 6.250599
v 16.000000 12.000000 6.251515
v 18.000000 12.000000 6.252247
v 20.000000 12.000000 6.252919
v 22.000000 12.000000 6.253468
v 24.000000 12.000000 6.087697
v 26.000000 12.000000 5.890797
v 28.000000 12.000000 5.693776
v 30.000000 12.000000 5.496815
v 32.000000 12.000000 5.299733
v -32.000000 14.000000 3.255116
v -30.000000 14.000000 3.566823
v -28.000000 14.000000 3.878590
v -26.000000 14.000000 4.190358
v -24.000000 14.000000 4.502064
v -22.000000 14.000000 4.813832
v -20.000000 14.000000 5.125599
v -18.000000 14.000000 5.337941
v -16.000000 14.000000 5.550099
v -14.000000 14.000000 5.762257
v -12.000000 14.000000 5.974171
v -10.000000 14.000000 6.186024
v -8.000000 14.000000 6.397755
v -6.000000 14.000000 6.609303
v -4.000000 14.000000 6.820851
v -2.000000 14.000000 7.032155
v 0.000000 14.000000 7.059865
v 2.000000 14.000000 7.058461
v 4.000000 14.000000 7.056996
v 6.000000 14.000000 7.055470
v 8.000000 14.000000 7.053761
v 10.000000 14.000000 7.051991
v 12.000000 14.000000 7.050099
v 14.000000 14.000000 7.048146
v 16.000000 14.000000 7.046071
v 18.000000 14.000000 7.043873
v 20.000000 14.000000 7.041554
v 22.000000 14.000000 7.039113
v 24.000000 14.000000 6.875416
v 26.000000 14.000000 6.677296
v 28.000000 14.000000 6.479176
v 30.000000 14.000000 6.281056
v 32.000000 14.000000 6.082814
v -32.000000 16.000000 4.106556
v -30.000000 16.000000 4.416066
v -28.000000 16.000000 4.727711
v -26.000000 16.000000 5.039479
v -24.000000 16.000000 5.351185
v -22.000000 16.000000 5.662892
v -20.000000 16.000000 5.974659
v -18.000000 16.000000 6.183522
v -16.000000 16.000000 6.392262
v -14.000000 16.000000 6.600880
v -12.000000 16.000000 6.809315
v -10.000000 16.000000 7.017628
v -8.000000 16.000000 7.225880
v -6.000000 16.000000 7.434010
v -4.000000 16.000000 7.642018
v -2.000000 16.000000 7.849843
v 0.000000 16.000000 7.878163
v 2.000000 16.000000 7.873829
v 4.000000 16.000000 7.869435
v 6.000000 16.000000 7.864918
v 8.000000 16.000000 7.860280
v 10.000000 16.000000 7.855519
v 12.000000 16.000000 7.850636
v 14.000000 16.000000 7.845753
v 16.000000 16.000000 7.840687
v 18.000000 16.000000 7.835499
v 20.000000 16.000000 7.830250
v 22.000000 16.000000 7.824879
v 24.000000 16.000000 7.663075
v 26.000000 16.000000 7.463856
v 28.000000 16.000000 7.264576
v 30.000000 16.000000 7.065358
v 32.000000 16.000000 6.866017
v -32.000000 18.000000 4.964467
v -30.000000 18.000000 5.271901
v -28.000000 18.000000 5.579274
v -26.000000 18.000000 5.888844
v -24.000000 18.000000 6.200490
v -22.000000 18.000000 6.512196
v -20.000000 18.000000 6.823903
v -18.000000 18.000000 7.029225
v -16.000000 18.000000 7.234486
v -14.000000 18.000000 7.439625
v -12.000000 18.000000 7.644581
v -10.000000 18.000000 7.849415
v -8.000000 18.000000 8.054128
v -6.000000 18.000000 8.258779
v -4.000000 18.000000 8.463307
v -2.000000 18.000000 8.667653
v 0.000000 18.000000 8.696645
v 2.000000 18.000000 8.689382
v 4.000000 18.000000 8.681935
v 6.000000 18.000000 8.674489
v 8.000000 18.000000 8.666860
v 10.000000 18.000000 8.659169
v 12.000000 18.000000 8.651357
v 14.000000 18.000000 8.643483
v 16.000000 18.000000 8.635427
v 18.000000 18.000000 8.627370
v 20.000000 18.000000 8.619069
v 22.000000 18.000000 8.610768
v 24.000000 18.000000 8.450795
v 26.000000 18.000000 8.250417
v 28.000000 18.000000 8.050099
v 30.000000 18.000000 7.849659
v 32.000000 18.000000 7.649159
v -32.000000 20.000000 5.822438
v -30.000000 20.000000 6.129811
v -28.000000 20.000000 6.437184
v -26.000000 20.000000 6.744618
v -24.000000 20.000000 7.052052
v -22.000000 20.000000 7.361500
v -20.000000 20.000000 7.673268
v -18.000000 20.000000 7.875111
v -16.000000 20.000000 8.076833
v -14.000000 20.000000 8.278493
v -12.000000 20.000000 8.479909
v -10.000000 20.000000 8.681325
v -8.000000 20.000000 8.882558
v -6.000000 20.000000 9.083669
v -4.000000 20.000000 9.284719
v -2.000000 20.000000 9.485585
v 0.000000 20.000000 9.515187
v 2.000000 20.000000 9.504964
v 4.000000 20.000000 9.494588
v 6.000000 20.000000 9.484151
v 8.000000 20.000000 9.473592
v 10.000000 20.000000 9.462911
v 12.000000 20.000000 9.452168
v 14.000000 20.000000 9.441274
v 16.000000 20.000000 9.430318
v 18.000000 20.000000 9.419240
v 20.000000 20.000000 9.408040
v 22.000000 20.000000 9.396749
v 24.000000 20.000000 9.238576
v 26.000000 20.000000 9.037099
v 28.000000 20.000000 8.835561
v 30.000000 20.000000 8.633962
v 32.000000 20.000000 8.432424
v -32.000000 22.000000 6.680287
v -30.000000 22.000000 6.987721
v -28.000000 22.000000 7.295094
v -26.000000 22.000000 7.602528
v -24.000000 22.000000 7.909962
v -22.000000 22.000000 8.217397
v -20.000000 22.000000 8.522695
v -18.000000 22.000000 8.721059
v -16.000000 22.000000 8.919362
v -14.000000 22.000000 9.117482
v -12.000000 22.000000 9.315480
v -10.000000 22.000000 9.513326
v -8.000000 22.000000 9.711080
v -6.000000 22.000000 9.908742
v -4.000000 22.000000 10.106252
v -2.000000 22.000000 10.303639
v 0.000000 22.000000 10.333882
v 2.000000 22.000000 10.320668
v 4.000000 22.000000 10.307332
v 6.000000 22.000000 10.293935
v 8.000000 22.000000 10.280416
v 10.000000 22.000000 10.266774
v 12.000000 22.000000 10.253041
v 14.000000 22.000000 10.239217
v 16.000000 22.000000 10.225270
v 18.000000 22.000000 10.211232
v 20.000000 22.000000 10.197103
v 22.000000 22.000000 10.182851
v 24.000000 22.000000 10.026387
v 26.000000 22.000000 9.823781
v 28.000000 22.000000 9.621083
v 30.000000 22.000000 9.418386
v 32.000000 22.000000 9.215627
v -32.000000 24.000000 7.538197
v -30.000000 24.000000 7.845631
v -28.000000 24.000000 8.153066
v -26.000000 24.000000 8.460439
v -24.000000 24.000000 8.765737
v -22.000000 24.000000 9.068959
v -20.000000 24.000000 9.372243
v -18.000000 24.000000 9.567159
v -16.000000 24.000000 9.761922
v -14.000000 24.000000 9.956563
v -12.000000 24.000000 10.151082
v -10.000000 24.000000 10.345479
v -8.000000 24.000000 10.539723
v -6.000000 24.000000 10.733876
v -4.000000 24.000000 10.927907
v -2.000000 24.000000 11.121816
v 0.000000 24.000000 11.152638
v 2.000000 24.000000 11.136464
v 4.000000 24.000000 11.120198
v 6.000000 24.000000 11.103810
v 8.000000 24.000000 11.087331
v 10.000000 24.000000 11.070729
v 12.000000 24.000000 11.054036
v 14.000000 24.000000 11.037251
v 16.000000 24.000000 11.020345
v 18.000000 24.000000 11.003346
v 20.000000 24.000000 10.986226
v 22.000000 24.000000 10.969014
v 24.000000 24.000000 10.814260
v 26.000000 24.000000 10.610494
v 28.000000 24.000000 10.406667
v 30.000000 24.000000 10.202840
v 32.000000 24.000000 9.998952
v -32.000000 26.000000 8.396108
v -30.000000 26.000000 8.703542
v -28.000000 26.000000 9.008840
v -26.000000 26.000000 9.312062
v -24.000000 26.000000 9.615376
v -22.000000 26.000000 9.918630
v -20.000000 26.000000 10.221974
v -18.000000 26.000000 10.413381
v -16.000000 26.000000 10.604634
v -14.000000 26.000000 10.795796
v -12.000000 26.000000 10.986806
v -10.000000 26.000000 11.177724
v -8.000000 26.000000 11.368489
v -6.000000 26.000000 11.559163
v -4.000000 26.000000 11.749684
v -2.000000 26.000000 11.940114
v 0.000000 26.000000 11.971517
v 2.000000 26.000000 11.952382
v 4.000000 26.000000 11.933125
v 6.000000 26.000000 11.913808
v 8.000000 26.000000 11.894338
v 10.000000 26.000000 11.874806
v 12.000000 26.000000 11.855153
v 14.000000 26.000000 11.835378
v 16.000000 26.000000 11.815511
v 18.000000 26.000000 11.795552
v 20.000000 26.000000 11.775502
v 22.000000 26.000000 11.755300
v 24.000000 26.000000 11.602132
v 26.000000 26.000000 11.397237
v 28.000000 26.000000 11.192281
v 30.000000 26.000000 10.987294
v 32.000000 26.000000 10.782277
v -32.000000 28.000000 9.251882
v -30.000000 28.000000 9.555226
v -28.000000 28.000000 9.858510
v -26.000000 28.000000 10.161794
v -24.000000 28.000000 10.465138
v -22.000000 28.000000 10.768422
v -20.000000 28.000000 11.071797
v -18.000000 28.000000 11.259694
v -16.000000 28.000000 11.447499
v -14.000000 28.000000 11.635152
v -12.000000 28.000000 11.822682
v -10.000000 28.000000 12.010091
v -8.000000 28.000000 12.197377
v -6.000000 28.000000 12.384572
v -4.000000 28.000000 12.571614
v -2.000000 28.000000 12.758534
v 0.000000 28.000000 12.790486
v 2.000000 28.000000 12.768392
v 4.000000 28.000000 12.746205
v 6.000000 28.000000 12.723897
v 8.000000 28.000000 12.701467
v 10.000000 28.000000 12.678975
v 12.000000 28.000000 12.656362
v 14.000000 28.000000 12.633626
v 16.000000 28.000000 12.610799
v 18.000000 28.000000 12.587880
v 20.000000 28.000000 12.564839
v 22.000000 28.000000 12.541707
v 24.000000 28.000000 12.390065
v 26.000000 28.000000 12.184041
v 28.000000 28.000000 11.977956
v 30.000000 28.000000 11.771810
v 32.000000 28.000000 11.565663
v -32.000000 30.000000 10.101857
v -30.000000 30.000000 10.405141
v -28.000000 30.000000 10.708486
v -26.000000 30.000000 11.011800
v -24.000000 30.000000 11.315084
v -22.000000 30.000000 11.618428
v -20.000000 30.000000 11.921742
v -18.000000 30.000000 12.106160
v -16.000000 30.000000 12.290456
v -14.000000 30.000000 12.474629
v -12.000000 30.000000 12.658681
v -10.000000 30.000000 12.842610
v -8.000000 30.000000 13.026387
v -6.000000 30.000000 13.210073
v -4.000000 30.000000 13.393636
v -2.000000 30.000000 13.577077
v 0.000000 30.000000 13.609578
v 2.000000 30.000000 13.584523
v 4.000000 30.000000 13.559346
v 6.000000 30.000000 13.534078
v 8.000000 30.000000 13.508718
v 10.000000 30.000000 13.483235
v 12.000000 30.000000 13.457662
v 14.000000 30.000000 13.431966
v 16.000000 30.000000 13.406178
v 18.000000 30.000000 13.380300
v 20.000000 30.000000 13.354299
v 22.000000 30.000000 13.328206
v 24.000000 30.000000 13.178060
v 26.000000 30.000000 12.970876
v 28.000000 30.000000 12.763631
v 30.000000 30.000000 12.556386
v 32.000000 30.000000 12.349080
v -32.000000 32.000000 10.954366
v -30.000000 32.000000 11.256124
v -28.000000 32.000000 11.558675
v -26.000000 32.000000 11.861928
v -24.000000 32.000000 12.165212
v -22.000000 32.000000 12.468495
v -20.000000 32.000000 12.771810
v -18.000000 32.000000 12.952748
v -16.000000 32.000000 13.133534
v -14.000000 32.000000 13.314229
v -12.000000 32.000000 13.494771
v -10.000000 32.000000 13.675221
v -8.000000 32.000000 13.855519
v -6.000000 32.000000 14.035726
v -4.000000 32.000000 14.215779
v -2.000000 32.000000 14.395741
v 0.000000 32.000000 14.428761
v 2.000000 32.000000 14.400746
v 4.000000 32.000000 14.372609
v 6.000000 32.000000 14.344380
v 8.000000 32.000000 14.316030
v 10.000000 32.000000 14.287618
v 12.000000 32.000000 14.259053
v 14.000000 32.000000 14.230428
v 16.000000 32.000000 14.201680
v 18.000000 32.000000 14.172811
v 20.000000 32.000000 14.143849
v 22.000000 32.000000 14.114797
v 24.000000 32.000000 13.966054
v 26.000000 32.000000 13.757741
v 28.000000 32.000000 13.549367
v 30.000000 32.000000 13.340962
v 32.000000 32.000000 13.132527
vn -0.1865 -0.4301 0.8833
vn -0.1848 -0.4267 0.8853
vn -0.1845 -0.4260 0.8857
vn -0.1832 -0.4289 0.8846
vn -0.1850 -0.4251 0.8861
vn -0.1850 -0.4251 0.8860
vn -0.1657 -0.4265 0.8892
vn -0.1646 -0.4265 0.8894
vn -0.1462 -0.4264 0.8926
vn -0.1446 -0.4266 0.8928
vn -0.1459 -0.4248 0.8935
vn -0.1446 -0.4252 0.8935
vn -0.1462 -0.4236 0.8940
vn -0.1447 -0.4238 0.8941
vn -0.1460 -0.4220 0.8948
vn -0.1447 -0.4224 0.8948
vn -0.1461 -0.4206 0.8954
vn -0.1448 -0.4210 0.8954
vn -0.1465 -0.4195 0.8959
vn -0.1448 -0.4196 0.8961
vn -0.1465 -0.4181 0.8965
vn -0.1448 -0.4182 0.8967
vn -0.1326 -0.4176 0.8989
vn -0.1316 -0.4176 0.8991
vn -0.0779 -0.4202 0.9041
vn -0.0769 -0.4201 0.9042
vn -0.0370 -0.4198 0.9069
vn -0.0359 -0.4201 0.9068
vn -0.0370 -0.4186 0.9074
vn -0.0359 -0.4189 0.9073
vn -0.0372 -0.4176 0.9079
vn -0.0359 -0.4178 0.9078
vn -0.0372 -0.4165 0.9084
vn -0.0358 -0.4166 0.9084
vn -0.0371 -0.4153 0.9089
vn -0.0358 -0.4154 0.9089
vn -0.0369 -0.4139 0.9096
vn -0.0358 -0.4143 0.9094
vn -0.0369 -0.4128 0.9101
vn -0.0358 -0.4131 0.9100
vn -0.0368 -0.4116 0.9106
vn -0.0357 -0.4119 0.9105
vn -0.0372 -0.4108 0.9110
vn -0.0357 -0.4108 0.9110
vn -0.0368 -0.4093 0.9117
vn -0.0357 -0.4096 0.9116
vn -0.0312 -0.4085 0.9122
vn -0.0300 -0.4085 0.9122
vn -0.0049 -0.4077 0.9131
vn -0.0021 -0.4075 0.9132
vn 0.0153 -0.4043 0.9145
vn 0.0194 -0.4044 0.9144
vn 0.0155 -0.4009 0.9160
vn 0.0196 -0.4010 0.9159
vn 0.0157 -0.3974 0.9175
vn 0.0198 -0.3975 0.9174
vn 0.0159 -0.3940 0.9190
vn 0.0199 -0.3941 0.9189
vn 0.0160 -0.3906 0.9204
vn 0.0201 -0.3906 0.9203
vn -0.1804 -0.4318 0.8837
vn -0.1784 -0.4340 0.8831
vn -0.1831 -0.4288 0.8846
vn -0.1848 -0.4264 0.8855
vn -0.1849 -0.4252 0.8860
vn -0.1638 -0.4266 0.8895
vn -0.1429 -0.4268 0.8930
vn -0.1430 -0.4254 0.8937
vn -0.1430 -0.4240 0.8943
vn -0.1430 -0.4226 0.8950
vn -0.1431 -0.4212 0.8956
vn -0.1431 -0.4198 0.8963
vn -0.1432 -0.4184 0.8969
vn -0.1311 -0.4179 0.8990
vn -0.0764 -0.4201 0.9042
vn -0.0345 -0.4201 0.9068
vn -0.0345 -0.4190 0.9073
vn -0.0345 -0.4178 0.9079
vn -0.0344 -0.4167 0.9084
vn -0.0344 -0.4155 0.9089
vn -0.0344 -0.4144 0.9095
vn -0.0343 -0.4132 0.9100
vn -0.0343 -0.4120 0.9105
vn -0.0343 -0.4108 0.9111
vn -0.0343 -0.4097 0.9116
vn -0.0288 -0.4086 0.9123
vn 0.0001 -0.4079 0.9130
vn 0.0235 -0.4045 0.9143
vn 0.0237 -0.4010 0.9158
vn 0.0239 -0.3976 0.9172
vn 0.0240 -0.3942 0.9187
vn 0.0241 -0.3908 0.9202
vn -0.1783 -0.4353 0.8825
vn -0.1787 -0.4343 0.8828
vn -0.1845 -0.4261 0.8856
vn -0.1629 -0.4267 0.8896
vn -0.1412 -0.4269 0.8932
vn -0.1413 -0.4255 0.8938
vn -0.1413 -0.4241 0.8945
vn -0.1414 -0.4227 0.8952
vn -0.1414 -0.4214 0.8958
vn -0.1415 -0.4199 0.8965
vn -0.1415 -0.4185 0.8971
vn -0.1303 -0.4180 0.8990
vn -0.0758 -0.4202 0.9043
vn -0.0331 -0.4202 0.9068
vn -0.0331 -0.4191 0.9074
vn -0.0331 -0.4179 0.9079
vn -0.0330 -0.4167 0.9084
vn -0.0330 -0.4156 0.9090
vn -0.0330 -0.4144 0.9095
vn -0.0329 -0.4132 0.9100
vn -0.0329 -0.4121 0.9106
vn -0.0329 -0.4109 0.9111
vn -0.0329 -0.4097 0.9116
vn -0.0277 -0.4087 0.9123
vn 0.0027 -0.4079 0.9130
vn 0.0276 -0.4045 0.9141
vn 0.0277 -0.4011 0.9156
vn 0.0279 -0.3977 0.9171
vn 0.0281 -0.3943 0.9186
vn 0.0283 -0.3908 0.9200
vn -0.1783 -0.4352 0.8825
vn -0.1784 -0.4341 0.8830
vn -0.1801 -0.4303 0.8845
vn -0.1610 -0.4272 0.8897
vn -0.1396 -0.4271 0.8934
vn -0.1396 -0.4257 0.8940
vn -0.1397 -0.4243 0.8947
vn -0.1397 -0.4229 0.8953
vn -0.1397 -0.4215 0.8960
vn -0.1398 -0.4201 0.8966
vn -0.1398 -0.4187 0.8973
vn -0.1296 -0.4181 0.8991
vn -0.0756 -0.4205 0.9041
vn -0.0317 -0.4203 0.9068
vn -0.0317 -0.4191 0.9074
vn -0.0317 -0.4180 0.9079
vn -0.0316 -0.4168 0.9084
vn -0.0316 -0.4156 0.9090
vn -0.0316 -0.4145 0.9095
vn -0.0315 -0.4133 0.9101
vn -0.0315 -0.4121 0.9106
vn -0.0315 -0.4110 0.9111
vn -0.0314 -0.4098 0.9116
vn -0.0266 -0.4088 0.9123
vn 0.0050 -0.4082 0.9129
vn 0.0316 -0.4046 0.9139
vn 0.0318 -0.4012 0.9154
vn 0.0320 -0.3978 0.9169
vn 0.0322 -0.3943 0.9184
vn 0.0324 -0.3909 0.9199
vn -0.1769 -0.4315 0.8846
vn -0.1746 -0.4297 0.8859
vn -0.1559 -0.4264 0.8910
vn -0.1379 -0.4259 0.8942
vn -0.1380 -0.4243 0.8950
vn -0.1381 -0.4227 0.8957
vn -0.1381 -0.4210 0.8965
vn -0.1382 -0.4194 0.8972
vn -0.1382 -0.4177 0.8980
vn -0.1383 -0.4161 0.8988
vn -0.1288 -0.4149 0.9007
vn -0.0751 -0.4172 0.9057
vn -0.0303 -0.4167 0.9085
vn -0.0303 -0.4153 0.9092
vn -0.0302 -0.4139 0.9098
vn -0.0302 -0.4124 0.9105
vn -0.0302 -0.4110 0.9111
vn -0.0301 -0.4096 0.9118
vn -0.0301 -0.4081 0.9124
vn -0.0301 -0.4067 0.9131
vn -0.0301 -0.4052 0.9137
vn -0.0303 -0.4040 0.9143
vn -0.0255 -0.4024 0.9151
vn 0.0074 -0.4017 0.9157
vn 0.0358 -0.3979 0.9167
vn 0.0360 -0.3944 0.9182
vn 0.0362 -0.3909 0.9197
vn 0.0364 -0.3874 0.9212
vn 0.0366 -0.3839 0.9226
vn -0.1772 -0.4316 0.8845
vn -0.1748 -0.4272 0.8871
vn -0.1739 -0.4226 0.8895
vn -0.1728 -0.4191 0.8913
vn -0.1541 -0.4180 0.8953
vn -0.1364 -0.4172 0.8985
vn -0.1365 -0.4152 0.8994
vn -0.1365 -0.4133 0.9003
vn -0.1366 -0.4113 0.9012
vn -0.1366 -0.4093 0.9021
vn -0.1367 -0.4073 0.9030
vn -0.1367 -0.4053 0.9039
vn -0.1284 -0.4039 0.9057
vn -0.0742 -0.4056 0.9110
vn -0.0286 -0.4050 0.9139
vn -0.0285 -0.4035 0.9146
vn -0.0285 -0.4019 0.9152
vn -0.0285 -0.4003 0.9159
vn -0.0284 -0.3987 0.9166
vn -0.0284 -0.3971 0.9173
vn -0.0283 -0.3955 0.9180
vn -0.0283 -0.3939 0.9187
vn -0.0283 -0.3923 0.9194
vn -0.0282 -0.3906 0.9201
vn -0.0242 -0.3891 0.9209
vn 0.0104 -0.3879 0.9216
vn 0.0402 -0.3848 0.9221
vn 0.0403 -0.3816 0.9235
vn 0.0405 -0.3784 0.9248
vn 0.0407 -0.3751 0.9261
vn 0.0410 -0.3718 0.9274
vn -0.1747 -0.4234 0.8889
vn -0.1775 -0.4283 0.8861
vn -0.1714 -0.4192 0.8916
vn -0.1691 -0.4158 0.8936
vn -0.1690 -0.4134 0.8947
vn -0.1692 -0.4110 0.8958
vn -0.1520 -0.4109 0.8989
vn -0.1345 -0.4098 0.9022
vn -0.1346 -0.4077 0.9031
vn -0.1346 -0.4056 0.9041
vn -0.1347 -0.4036 0.9050
vn -0.1347 -0.4015 0.9059
vn -0.1348 -0.3994 0.9068
vn -0.1348 -0.3973 0.9077
vn -0.1271 -0.3954 0.9096
vn -0.0732 -0.3972 0.9148
vn -0.0269 -0.3968 0.9175
vn -0.0269 -0.3953 0.9182
vn -0.0268 -0.3938 0.9188
vn -0.0268 -0.3923 0.9194
vn -0.0267 -0.3909 0.9201
vn -0.0267 -0.3894 0.9207
vn -0.0267 -0.3879 0.9213
vn -0.0266 -0.3864 0.9219
vn -0.0266 -0.3849 0.9226
vn -0.0265 -0.3834 0.9232
vn -0.0230 -0.3821 0.9238
vn 0.0125 -0.3812 0.9244
vn 0.0437 -0.3783 0.9247
vn 0.0439 -0.3754 0.9258
vn 0.0440 -0.3725 0.9270
vn 0.0442 -0.3696 0.9281
vn 0.0444 -0.3667 0.9293
vn -0.1691 -0.4122 0.8952
vn -0.1686 -0.4175 0.8929
vn -0.1693 -0.4100 0.8962
vn -0.1694 -0.4098 0.8963
vn -0.1693 -0.4097 0.8964
vn -0.1508 -0.4110 0.8991
vn -0.1321 -0.4100 0.9025
vn -0.1321 -0.4079 0.9034
vn -0.1322 -0.4058 0.9043
vn -0.1322 -0.4038 0.9053
vn -0.1323 -0.4017 0.9062
vn -0.1323 -0.3996 0.9071
vn -0.1324 -0.3975 0.9080
vn -0.1260 -0.3959 0.9096
vn -0.0721 -0.3973 0.9149
vn -0.0252 -0.3968 0.9175
vn -0.0251 -0.3954 0.9182
vn -0.0251 -0.3939 0.9188
vn -0.0251 -0.3924 0.9194
vn -0.0250 -0.3909 0.9201
vn -0.0250 -0.3895 0.9207
vn -0.0249 -0.3880 0.9213
vn -0.0249 -0.3865 0.9220
vn -0.0248 -0.3850 0.9226
vn -0.0248 -0.3835 0.9232
vn -0.0218 -0.3822 0.9238
vn 0.0142 -0.3816 0.9242
vn 0.0470 -0.3783 0.9245
vn 0.0472 -0.3754 0.9256
vn 0.0474 -0.3726 0.9268
vn 0.0476 -0.3697 0.9279
vn 0.0477 -0.3668 0.9291
vn -0.1668 -0.4148 0.8945
vn -0.1628 -0.4184 0.8935
vn -0.1691 -0.4115 0.8956
vn -0.1693 -0.4098 0.8963
vn -0.1492 -0.4109 0.8994
vn -0.1296 -0.4102 0.9027
vn -0.1297 -0.4081 0.9037
vn -0.1297 -0.4061 0.9046
vn -0.1298 -0.4040 0.9055
vn -0.1298 -0.4019 0.9064
vn -0.1299 -0.3998 0.9074
vn -0.1299 -0.3977 0.9083
vn -0.1245 -0.3961 0.9098
vn -0.0712 -0.3975 0.9148
vn -0.0234 -0.3969 0.9176
vn -0.0234 -0.3954 0.9182
vn -0.0233 -0.3940 0.9188
vn -0.0233 -0.3925 0.9195
vn -0.0233 -0.3910 0.9201
vn -0.0232 -0.3895 0.9207
vn -0.0232 -0.3880 0.9213
vn -0.0231 -0.3866 0.9220
vn -0.0231 -0.3851 0.9226
vn -0.0230 -0.3836 0.9232
vn -0.0203 -0.3820 0.9239
vn 0.0162 -0.3817 0.9242
vn 0.0504 -0.3784 0.9243
vn 0.0506 -0.3755 0.9254
vn 0.0507 -0.3726 0.9266
vn 0.0509 -0.3697 0.9278
vn 0.0511 -0.3668 0.9289
vn -0.1606 -0.4219 0.8923
vn -0.1605 -0.4235 0.8915
vn -0.1627 -0.4185 0.8935
vn -0.1668 -0.4149 0.8944
vn -0.1693 -0.4099 0.8963
vn -0.1482 -0.4112 0.8994
vn -0.1272 -0.4104 0.9030
vn -0.1272 -0.4083 0.9039
vn -0.1273 -0.4063 0.9049
vn -0.1273 -0.4042 0.9058
vn -0.1274 -0.4021 0.9067
vn -0.1274 -0.4000 0.9076
vn -0.1274 -0.3979 0.9085
vn -0.1229 -0.3962 0.9099
vn -0.0702 -0.3976 0.9149
vn -0.0217 -0.3970 0.9176
vn -0.0216 -0.3955 0.9182
vn -0.0216 -0.3940 0.9188
vn -0.0215 -0.3926 0.9195
vn -0.0215 -0.3911 0.9201
vn -0.0215 -0.3896 0.9207
vn -0.0214 -0.3881 0.9214
vn -0.0214 -0.3866 0.9220
vn -0.0213 -0.3851 0.9226
vn -0.0213 -0.3836 0.9232
vn -0.0192 -0.3821 0.9239
vn 0.0185 -0.3814 0.9242
vn 0.0537 -0.3784 0.9241
vn 0.0539 -0.3755 0.9252
vn 0.0541 -0.3726 0.9264
vn 0.0543 -0.3697 0.9276
vn 0.0544 -0.3668 0.9287
vn -0.1605 -0.4235 0.8916
vn -0.1608 -0.4221 0.8922
vn -0.1629 -0.4186 0.8934
vn -0.1669 -0.4149 0.8944
vn -0.1467 -0.4112 0.8997
vn -0.1247 -0.4106 0.9032
vn -0.1247 -0.4085 0.9042
vn -0.1248 -0.4064 0.9051
vn -0.1248 -0.4044 0.9060
vn -0.1249 -0.4023 0.9070
vn -0.1249 -0.4002 0.9079
vn -0.1250 -0.3981 0.9088
vn -0.1214 -0.3963 0.9100
vn -0.0686 -0.3975 0.9150
vn -0.0200 -0.3970 0.9176
vn -0.0199 -0.3956 0.9182
vn -0.0199 -0.3941 0.9189
vn -0.0198 -0.3926 0.9195
vn -0.0198 -0.3911 0.9201
vn -0.0197 -0.3897 0.9207
vn -0.0197 -0.3882 0.9214
vn -0.0196 -0.3867 0.9220
vn -0.0196 -0.3852 0.9226
vn -0.0195 -0.3837 0.9232
vn -0.0183 -0.3824 0.9238
vn 0.0202 -0.3817 0.9241
vn 0.0570 -0.3784 0.9239
vn 0.0572 -0.3755 0.9250
vn 0.0574 -0.3727 0.9262
vn 0.0576 -0.3698 0.9273
vn 0.0578 -0.3669 0.9285
vn -0.1591 -0.4172 0.8948
vn -0.1401 -0.4119 0.9004
vn -0.1223 -0.4108 0.9035
vn -0.1223 -0.4087 0.9044
vn -0.1223 -0.4067 0.9054
vn -0.1224 -0.4046 0.9063
vn -0.1224 -0.4025 0.9072
vn -0.1225 -0.4004 0.9081
vn -0.1225 -0.3983 0.9091
vn -0.1196 -0.3963 0.9103
vn -0.0677 -0.3977 0.9150
vn -0.0182 -0.3971 0.9176
vn -0.0182 -0.3956 0.9182
vn -0.0181 -0.3941 0.9189
vn -0.0181 -0.3927 0.9195
vn -0.0180 -0.3912 0.9201
vn -0.0180 -0.3897 0.9208
vn -0.0179 -0.3883 0.9214
vn -0.0179 -0.3868 0.9220
vn -0.0178 -0.3853 0.9226
vn -0.0178 -0.3838 0.9233
vn -0.0172 -0.3824 0.9238
vn 0.0221 -0.3818 0.9240
vn 0.0604 -0.3784 0.9237
vn 0.0605 -0.3756 0.9248
vn 0.0607 -0.3727 0.9260
vn 0.0609 -0.3698 0.9271
vn 0.0611 -0.3670 0.9282
vn -0.1605 -0.4219 0.8923
vn -0.1589 -0.4188 0.8941
vn -0.1553 -0.4158 0.8961
vn -0.1537 -0.4127 0.8978
vn -0.1369 -0.4123 0.9007
vn -0.1198 -0.4110 0.9037
vn -0.1198 -0.4089 0.9047
vn -0.1199 -0.4069 0.9056
vn -0.1199 -0.4048 0.9065
vn -0.1199 -0.4027 0.9075
vn -0.1200 -0.4006 0.9084
vn -0.1200 -0.3985 0.9093
vn -0.1183 -0.3966 0.9103
vn -0.0667 -0.3979 0.9150
vn -0.0165 -0.3971 0.9176
vn -0.0164 -0.3957 0.9182
vn -0.0164 -0.3942 0.9189
vn -0.0163 -0.3927 0.9195
vn -0.0163 -0.3913 0.9201
vn -0.0162 -0.3898 0.9208
vn -0.0162 -0.3883 0.9214
vn -0.0161 -0.3868 0.9220
vn -0.0161 -0.3853 0.9226
vn -0.0160 -0.3838 0.9233
vn -0.0160 -0.3824 0.9239
vn 0.0240 -0.3812 0.9242
vn 0.0637 -0.3785 0.9234
vn 0.0639 -0.3756 0.9246
vn 0.0641 -0.3727 0.9257
vn 0.0643 -0.3698 0.9269
vn 0.0644 -0.3669 0.9280
vn -0.1554 -0.4159 0.8960
vn -0.1537 -0.4128 0.8978
vn -0.1538 -0.4111 0.8985
vn -0.1539 -0.4112 0.8985
vn -0.1356 -0.4122 0.9009
vn -0.1173 -0.4112 0.9040
vn -0.1174 -0.4091 0.9049
vn -0.1174 -0.4070 0.9058
vn -0.1174 -0.4050 0.9068
vn -0.1175 -0.4029 0.9077
vn -0.1175 -0.4008 0.9086
vn -0.1175 -0.3987 0.9095
vn -0.1165 -0.3966 0.9106
vn -0.0650 -0.3978 0.9152
vn -0.0147 -0.3972 0.9176
vn -0.0147 -0.3958 0.9182
vn -0.0146 -0.3943 0.9189
vn -0.0146 -0.3928 0.9195
vn -0.0145 -0.3913 0.9201
vn -0.0145 -0.3899 0.9208
vn -0.0144 -0.3884 0.9214
vn -0.0144 -0.3869 0.9220
vn -0.0143 -0.3854 0.9226
vn -0.0143 -0.3839 0.9233
vn -0.0142 -0.3824 0.9239
vn 0.0257 -0.3808 0.9243
vn 0.0664 -0.3783 0.9233
vn 0.0672 -0.3756 0.9243
vn 0.0674 -0.3727 0.9255
vn 0.0676 -0.3699 0.9266
vn 0.0678 -0.3669 0.9278
vn -0.1539 -0.4130 0.8976
vn -0.1543 -0.4116 0.8982
vn -0.1539 -0.4112 0.8984
vn -0.1343 -0.4124 0.9011
vn -0.1149 -0.4114 0.9042
vn -0.1149 -0.4093 0.9051
vn -0.1149 -0.4072 0.9061
vn -0.1150 -0.4051 0.9070
vn -0.1150 -0.4030 0.9079
vn -0.1150 -0.4010 0.9088
vn -0.1151 -0.3989 0.9098
vn -0.1149 -0.3968 0.9107
vn -0.0640 -0.3974 0.9154
vn -0.0130 -0.3973 0.9176
vn -0.0129 -0.3958 0.9182
vn -0.0129 -0.3944 0.9189
vn -0.0128 -0.3929 0.9195
vn -0.0128 -0.3914 0.9201
vn -0.0127 -0.3899 0.9208
vn -0.0127 -0.3884 0.9214
vn -0.0126 -0.3870 0.9220
vn -0.0126 -0.3855 0.9226
vn -0.0125 -0.3840 0.9233
vn -0.0125 -0.3825 0.9239
vn 0.0275 -0.3809 0.9242
vn 0.0690 -0.3784 0.9231
vn 0.0705 -0.3756 0.9241
vn 0.0707 -0.3727 0.9252
vn 0.0709 -0.3699 0.9264
vn 0.0711 -0.3670 0.9275
vn -0.1536 -0.4119 0.8982
vn -0.1528 -0.4135 0.8976
vn -0.1538 -0.4114 0.8984
vn -0.1539 -0.4113 0.8984
vn -0.1332 -0.4126 0.9011
vn -0.1124 -0.4116 0.9044
vn -0.1124 -0.4095 0.9054
vn -0.1124 -0.4074 0.9063
vn -0.1125 -0.4053 0.9072
vn -0.1125 -0.4032 0.9081
vn -0.1125 -0.4012 0.9091
vn -0.1126 -0.3990 0.9100
vn -0.1126 -0.3969 0.9109
vn -0.0630 -0.3969 0.9157
vn -0.0118 -0.3972 0.9177
vn -0.0112 -0.3959 0.9182
vn -0.0111 -0.3944 0.9189
vn -0.0111 -0.3929 0.9195
vn -0.0110 -0.3915 0.9201
vn -0.0110 -0.3900 0.9208
vn -0.0109 -0.3885 0.9214
vn -0.0109 -0.3870 0.9220
vn -0.0108 -0.3855 0.9226
vn -0.0108 -0.3840 0.9233
vn -0.0107 -0.3825 0.9239
vn 0.0292 -0.3809 0.9242
vn 0.0716 -0.3784 0.9229
vn 0.0738 -0.3756 0.9238
vn 0.0741 -0.3728 0.9250
vn 0.0743 -0.3699 0.9261
vn 0.0744 -0.3671 0.9272
vn -0.1509 -0.4152 0.8971
vn -0.1500 -0.4167 0.8966
vn -0.1526 -0.4135 0.8976
vn -0.1536 -0.4120 0.8981
vn -0.1320 -0.4127 0.9012
vn -0.1099 -0.4118 0.9046
vn -0.1100 -0.4097 0.9056
vn -0.1100 -0.4076 0.9065
vn -0.1100 -0.4055 0.9074
vn -0.1100 -0.4034 0.9084
vn -0.1101 -0.4013 0.9093
vn -0.1101 -0.3992 0.9102
vn -0.1101 -0.3971 0.9111
vn -0.0618 -0.3969 0.9158
vn -0.0109 -0.3972 0.9177
vn -0.0095 -0.3959 0.9182
vn -0.0094 -0.3945 0.9189
vn -0.0093 -0.3930 0.9195
vn -0.0093 -0.3915 0.9201
vn -0.0092 -0.3900 0.9208
vn -0.0092 -0.3886 0.9214
vn -0.0091 -0.3871 0.9220
vn -0.0091 -0.3856 0.9226
vn -0.0090 -0.3841 0.9233
vn -0.0090 -0.3826 0.9239
vn 0.0310 -0.3809 0.9241
vn 0.0738 -0.3787 0.9226
vn 0.0771 -0.3756 0.9235
vn 0.0774 -0.3728 0.9247
vn 0.0776 -0.3699 0.9258
vn 0.0778 -0.3670 0.9270
vn -0.1500 -0.4174 0.8962
vn -0.1502 -0.4169 0.8965
vn -0.1512 -0.4154 0.8970
vn -0.1307 -0.4129 0.9014
vn -0.1074 -0.4119 0.9049
vn -0.1075 -0.4099 0.9058
vn -0.1075 -0.4078 0.9067
vn -0.1075 -0.4057 0.9077
vn -0.1076 -0.4036 0.9086
vn -0.1076 -0.4015 0.9095
vn -0.1076 -0.3994 0.9104
vn -0.1076 -0.3973 0.9114
vn -0.0605 -0.3970 0.9158
vn -0.0103 -0.3975 0.9176
vn -0.0077 -0.3960 0.9182
vn -0.0077 -0.3945 0.9189
vn -0.0076 -0.3930 0.9195
vn -0.0076 -0.3916 0.9201
vn -0.0075 -0.3901 0.9207
vn -0.0074 -0.3886 0.9214
vn -0.0074 -0.3871 0.9220
vn -0.0073 -0.3856 0.9226
vn -0.0073 -0.3841 0.9232
vn -0.0072 -0.3827 0.9239
vn 0.0327 -0.3810 0.9240
vn 0.0766 -0.3784 0.9224
vn 0.0805 -0.3756 0.9233
vn 0.0807 -0.3728 0.9244
vn 0.0809 -0.3699 0.9256
vn 0.0812 -0.3669 0.9267
vn -0.1500 -0.4175 0.8962
vn -0.1509 -0.4144 0.8975
vn -0.1285 -0.4129 0.9016
vn -0.1050 -0.4121 0.9051
vn -0.1050 -0.4101 0.9060
vn -0.1050 -0.4080 0.9069
vn -0.1050 -0.4059 0.9079
vn -0.1051 -0.4038 0.9088
vn -0.1051 -0.4017 0.9097
vn -0.1051 -0.3996 0.9107
vn -0.1051 -0.3975 0.9116
vn -0.0593 -0.3971 0.9159
vn -0.0091 -0.3973 0.9176
vn -0.0060 -0.3960 0.9182
vn -0.0059 -0.3946 0.9188
vn -0.0059 -0.3931 0.9195
vn -0.0058 -0.3916 0.9201
vn -0.0057 -0.3901 0.9207
vn -0.0057 -0.3887 0.9214
vn -0.0056 -0.3872 0.9220
vn -0.0056 -0.3857 0.9226
vn -0.0055 -0.3842 0.9232
vn -0.0055 -0.3827 0.9239
vn 0.0344 -0.3810 0.9239
vn 0.0791 -0.3784 0.9222
vn 0.0838 -0.3756 0.9230
vn 0.0840 -0.3728 0.9241
vn 0.0842 -0.3699 0.9253
vn 0.0845 -0.3670 0.9264
vn -0.1498 -0.4173 0.8963
vn -0.1499 -0.4166 0.8966
vn -0.1491 -0.4152 0.8974
vn -0.1479 -0.4143 0.8981
vn -0.1250 -0.4136 0.9018
vn -0.1025 -0.4123 0.9053
vn -0.1025 -0.4102 0.9062
vn -0.1025 -0.4081 0.9071
vn -0.1026 -0.4061 0.9081
vn -0.1026 -0.4040 0.9090
vn -0.1026 -0.4019 0.9099
vn -0.1026 -0.3998 0.9109
vn -0.1026 -0.3977 0.9118
vn -0.0580 -0.3972 0.9159
vn -0.0082 -0.3974 0.9176
vn -0.0042 -0.3961 0.9182
vn -0.0042 -0.3946 0.9188
vn -0.0041 -0.3932 0.9195
vn -0.0041 -0.3917 0.9201
vn -0.0040 -0.3902 0.9207
vn -0.0039 -0.3887 0.9214
vn -0.0038 -0.3871 0.9220
vn -0.0038 -0.3855 0.9227
vn -0.0037 -0.3839 0.9234
vn -0.0037 -0.3823 0.9240
vn 0.0361 -0.3804 0.9241
vn 0.0812 -0.3781 0.9222
vn 0.0871 -0.3750 0.9229
vn 0.0873 -0.3722 0.9240
vn 0.0875 -0.3694 0.9251
vn 0.0877 -0.3667 0.9262
vn -0.1499 -0.4174 0.8963
vn -0.1492 -0.4153 0.8974
vn -0.1477 -0.4135 0.8984
vn -0.1472 -0.4095 0.9004
vn -0.1474 -0.4058 0.9020
vn -0.1242 -0.4043 0.9061
vn -0.1005 -0.4034 0.9095
vn -0.1005 -0.4014 0.9104
vn -0.1005 -0.3993 0.9113
vn -0.1005 -0.3973 0.9122
vn -0.1005 -0.3953 0.9130
vn -0.1006 -0.3933 0.9139
vn -0.1006 -0.3913 0.9147
vn -0.1006 -0.3894 0.9156
vn -0.0569 -0.3888 0.9195
vn -0.0076 -0.3893 0.9211
vn -0.0025 -0.3877 0.9218
vn -0.0024 -0.3862 0.9224
vn -0.0024 -0.3847 0.9230
vn -0.0023 -0.3832 0.9237
vn -0.0023 -0.3817 0.9243
vn -0.0021 -0.3803 0.9249
vn -0.0020 -0.3788 0.9255
vn -0.0018 -0.3774 0.9261
vn -0.0018 -0.3759 0.9267
vn -0.0017 -0.3744 0.9273
vn 0.0377 -0.3729 0.9271
vn 0.0842 -0.3712 0.9247
vn 0.0906 -0.3693 0.9249
vn 0.0905 -0.3679 0.9255
vn 0.0904 -0.3665 0.9260
vn 0.0907 -0.3648 0.9267
vn -0.1482 -0.4068 0.9014
vn -0.1496 -0.4111 0.8992
vn -0.1469 -0.4024 0.9036
vn -0.1445 -0.3994 0.9053
vn -0.1417 -0.3965 0.9070
vn -0.1415 -0.3935 0.9084
vn -0.1204 -0.3917 0.9122
vn -0.0988 -0.3910 0.9151
vn -0.0988 -0.3893 0.9158
vn -0.0988 -0.3877 0.9165
vn -0.0989 -0.3860 0.9172
vn -0.0989 -0.3843 0.9179
vn -0.0989 -0.3827 0.9186
vn -0.0989 -0.3811 0.9192
vn -0.0989 -0.3795 0.9199
vn -0.0560 -0.3793 0.9236
vn -0.0065 -0.3796 0.9251
vn -0.0008 -0.3784 0.9256
vn -0.0007 -0.3771 0.9262
vn -0.0007 -0.3757 0.9267
vn -0.0006 -0.3744 0.9273
vn -0.0006 -0.3730 0.9278
vn -0.0005 -0.3717 0.9284
vn -0.0005 -0.3704 0.9289
vn -0.0004 -0.3692 0.9294
vn -0.0003 -0.3680 0.9298
vn -0.0003 -0.3668 0.9303
vn 0.0381 -0.3656 0.9300
vn 0.0839 -0.3653 0.9271
vn 0.0913 -0.3644 0.9267
vn 0.0913 -0.3640 0.9269
vn 0.0913 -0.3635 0.9271
vn 0.0912 -0.3632 0.9272
vn -0.1417 -0.3925 0.9088
vn -0.1414 -0.3965 0.9071
vn -0.1419 -0.3894 0.9101
vn -0.1422 -0.3871 0.9110
vn -0.1421 -0.3868 0.9111
vn -0.1420 -0.3868 0.9112
vn -0.1195 -0.3878 0.9140
vn -0.0973 -0.3875 0.9167
vn -0.0973 -0.3862 0.9173
vn -0.0973 -0.3848 0.9178
vn -0.0973 -0.3835 0.9184
vn -0.0973 -0.3821 0.9190
vn -0.0973 -0.3807 0.9195
vn -0.0973 -0.3794 0.9201
vn -0.0973 -0.3780 0.9207
vn -0.0551 -0.3776 0.9243
vn -0.0059 -0.3785 0.9256
vn 0.0007 -0.3775 0.9260
vn 0.0007 -0.3763 0.9265
vn 0.0008 -0.3752 0.9270
vn 0.0008 -0.3740 0.9274
vn 0.0009 -0.3728 0.9279
vn 0.0009 -0.3716 0.9284
vn 0.0009 -0.3704 0.9289
vn 0.0010 -0.3692 0.9293
vn 0.0011 -0.3680 0.9298
vn 0.0011 -0.3668 0.9303
vn 0.0387 -0.3653 0.9301
vn 0.0840 -0.3650 0.9272
vn 0.0918 -0.3644 0.9267
vn 0.0918 -0.3640 0.9269
vn 0.0919 -0.3635 0.9270
vn 0.0920 -0.3630 0.9273
vn -0.1413 -0.3881 0.9107
vn -0.1405 -0.3890 0.9105
vn -0.1419 -0.3872 0.9110
vn -0.1420 -0.3869 0.9111
vn -0.1187 -0.3879 0.9140
vn -0.0957 -0.3877 0.9168
vn -0.0957 -0.3863 0.9174
vn -0.0957 -0.3849 0.9180
vn -0.0957 -0.3836 0.9185
vn -0.0957 -0.3822 0.9191
vn -0.0957 -0.3808 0.9197
vn -0.0957 -0.3795 0.9202
vn -0.0957 -0.3781 0.9208
vn -0.0547 -0.3781 0.9241
vn -0.0057 -0.3788 0.9254
vn 0.0020 -0.3775 0.9260
vn 0.0021 -0.3764 0.9265
vn 0.0021 -0.3752 0.9269
vn 0.0022 -0.3740 0.9274
vn 0.0022 -0.3728 0.9279
vn 0.0023 -0.3716 0.9284
vn 0.0023 -0.3705 0.9288
vn 0.0024 -0.3693 0.9293
vn 0.0024 -0.3681 0.9298
vn 0.0025 -0.3669 0.9303
vn 0.0385 -0.3657 0.9299
vn 0.0839 -0.3650 0.9272
vn 0.0923 -0.3644 0.9266
vn 0.0923 -0.3640 0.9268
vn 0.0924 -0.3635 0.9270
vn 0.0923 -0.3632 0.9271
vn -0.1400 -0.3900 0.9101
vn -0.1399 -0.3903 0.9100
vn -0.1405 -0.3892 0.9104
vn -0.1179 -0.3880 0.9141
vn -0.0941 -0.3878 0.9169
vn -0.0941 -0.3864 0.9175
vn -0.0941 -0.3850 0.9181
vn -0.0941 -0.3837 0.9187
vn -0.0941 -0.3823 0.9192
vn -0.0941 -0.3809 0.9198
vn -0.0941 -0.3796 0.9204
vn -0.0941 -0.3782 0.9209
vn -0.0540 -0.3782 0.9242
vn -0.0048 -0.3786 0.9256
vn 0.0034 -0.3776 0.9260
vn 0.0034 -0.3764 0.9264
vn 0.0035 -0.3752 0.9269
vn 0.0036 -0.3740 0.9274
vn 0.0036 -0.3729 0.9279
vn 0.0036 -0.3717 0.9283
vn 0.0037 -0.3705 0.9288
vn 0.0037 -0.3693 0.9293
vn 0.0038 -0.3681 0.9298
vn 0.0039 -0.3669 0.9302
vn 0.0392 -0.3654 0.9300
vn 0.0837 -0.3650 0.9272
vn 0.0928 -0.3644 0.9266
vn 0.0929 -0.3640 0.9268
vn 0.0929 -0.3635 0.9269
vn 0.0928 -0.3632 0.9271
vn -0.1398 -0.3898 0.9102
vn -0.1403 -0.3890 0.9105
vn -0.1412 -0.3880 0.9108
vn -0.1171 -0.3880 0.9142
vn -0.0925 -0.3879 0.9171
vn -0.0925 -0.3865 0.9176
vn -0.0925 -0.3852 0.9182
vn -0.0925 -0.3838 0.9188
vn -0.0925 -0.3824 0.9193
vn -0.0925 -0.3811 0.9199
vn -0.0925 -0.3797 0.9205
vn -0.0925 -0.3783 0.9210
vn -0.0531 -0.3778 0.9243
vn -0.0043 -0.3786 0.9255
vn 0.0048 -0.3776 0.9259
vn 0.0048 -0.3764 0.9264
vn 0.0049 -0.3753 0.9269
vn 0.0049 -0.3741 0.9274
vn 0.0050 -0.3729 0.9279
vn 0.0050 -0.3717 0.9283
vn 0.0051 -0.3705 0.9288
vn 0.0051 -0.3693 0.9293
vn 0.0052 -0.3682 0.9298
vn 0.0052 -0.3670 0.9302
vn 0.0391 -0.3658 0.9299
vn 0.0835 -0.3651 0.9272
vn 0.0934 -0.3644 0.9265
vn 0.0934 -0.3640 0.9267
vn 0.0934 -0.3635 0.9269
vn 0.0933 -0.3632 0.9270
vn -0.1399 -0.3904 0.9100
vn -0.1398 -0.3902 0.9100
vn -0.1399 -0.3900 0.9101
vn -0.1395 -0.3888 0.9107
vn -0.1152 -0.3885 0.9142
vn -0.0909 -0.3880 0.9172
vn -0.0910 -0.3866 0.9177
vn -0.0909 -0.3853 0.9183
vn -0.0909 -0.3839 0.9189
vn -0.0909 -0.3825 0.9195
vn -0.0909 -0.3812 0.9200
vn -0.0909 -0.3798 0.9206
vn -0.0909 -0.3784 0.9212
vn -0.0525 -0.3779 0.9244
vn -0.0037 -0.3787 0.9255
vn 0.0061 -0.3777 0.9259
vn 0.0062 -0.3765 0.9264
vn 0.0062 -0.3753 0.9269
vn 0.0063 -0.3741 0.9274
vn 0.0063 -0.3729 0.9278
vn 0.0064 -0.3718 0.9283
vn 0.0065 -0.3706 0.9288
vn 0.0065 -0.3694 0.9293
vn 0.0065 -0.3682 0.9297
vn 0.0066 -0.3670 0.9302
vn 0.0397 -0.3655 0.9300
vn 0.0834 -0.3651 0.9272
vn 0.0939 -0.3644 0.9265
vn 0.0939 -0.3640 0.9267
vn 0.0939 -0.3635 0.9268
vn 0.0938 -0.3632 0.9270
vn -0.1394 -0.3891 0.9106
vn -0.1387 -0.3885 0.9109
vn -0.1382 -0.3876 0.9114
vn -0.1137 -0.3884 0.9145
vn -0.0894 -0.3881 0.9173
vn -0.0894 -0.3867 0.9179
vn -0.0894 -0.3854 0.9184
vn -0.0894 -0.3840 0.9190
vn -0.0893 -0.3826 0.9196
vn -0.0893 -0.3813 0.9201
vn -0.0894 -0.3799 0.9207
vn -0.0893 -0.3785 0.9213
vn -0.0521 -0.3783 0.9242
vn -0.0032 -0.3787 0.9255
vn 0.0075 -0.3777 0.9259
vn 0.0076 -0.3765 0.9264
vn 0.0076 -0.3753 0.9269
vn 0.0077 -0.3742 0.9273
vn 0.0077 -0.3730 0.9278
vn 0.0078 -0.3718 0.9283
vn 0.0078 -0.3706 0.9288
vn 0.0079 -0.3694 0.9292
vn 0.0079 -0.3682 0.9297
vn 0.0080 -0.3670 0.9302
vn 0.0397 -0.3658 0.9298
vn 0.0833 -0.3651 0.9272
vn 0.0944 -0.3644 0.9264
vn 0.0944 -0.3640 0.9266
vn 0.0945 -0.3635 0.9268
vn 0.0944 -0.3632 0.9269
vn -0.1398 -0.3899 0.9102
vn -0.1383 -0.3874 0.9115
vn -0.1382 -0.3873 0.9115
vn -0.1131 -0.3886 0.9145
vn -0.0878 -0.3882 0.9174
vn -0.0878 -0.3868 0.9180
vn -0.0878 -0.3855 0.9185
vn -0.0878 -0.3841 0.9191
vn -0.0878 -0.3827 0.9197
vn -0.0878 -0.3814 0.9203
vn -0.0878 -0.3800 0.9208
vn -0.0878 -0.3786 0.9214
vn -0.0514 -0.3784 0.9242
vn -0.0026 -0.3787 0.9255
vn 0.0089 -0.3777 0.9259
vn 0.0089 -0.3766 0.9263
vn 0.0090 -0.3754 0.9268
vn 0.0090 -0.3742 0.9273
vn 0.0091 -0.3730 0.9278
vn 0.0092 -0.3718 0.9283
vn 0.0092 -0.3707 0.9287
vn 0.0093 -0.3695 0.9292
vn 0.0093 -0.3683 0.9297
vn 0.0094 -0.3671 0.9301
vn 0.0400 -0.3659 0.9298
vn 0.0831 -0.3651 0.9272
vn 0.0949 -0.3644 0.9264
vn 0.0950 -0.3640 0.9266
vn 0.0950 -0.3635 0.9267
vn 0.0949 -0.3632 0.9269
vn -0.1381 -0.3876 0.9114
vn -0.1386 -0.3885 0.9110
vn -0.1123 -0.3886 0.9145
vn -0.0862 -0.3883 0.9175
vn -0.0862 -0.3869 0.9181
vn -0.0862 -0.3856 0.9186
vn -0.0862 -0.3842 0.9192
vn -0.0862 -0.3828 0.9198
vn -0.0862 -0.3815 0.9204
vn -0.0862 -0.3801 0.9209
vn -0.0862 -0.3787 0.9215
vn -0.0507 -0.3785 0.9242
vn -0.0021 -0.3788 0.9255
vn 0.0103 -0.3778 0.9258
vn 0.0103 -0.3766 0.9263
vn 0.0104 -0.3754 0.9268
vn 0.0104 -0.3742 0.9273
vn 0.0105 -0.3731 0.9278
vn 0.0105 -0.3719 0.9282
vn 0.0106 -0.3707 0.9287
vn 0.0106 -0.3695 0.9292
vn 0.0107 -0.3683 0.9296
vn 0.0107 -0.3671 0.9301
vn 0.0406 -0.3657 0.9299
vn 0.0830 -0.3651 0.9272
vn 0.0954 -0.3644 0.9263
vn 0.0955 -0.3640 0.9265
vn 0.0955 -0.3635 0.9267
vn 0.0954 -0.3632 0.9268
vn -0.1382 -0.3875 0.9114
vn -0.1380 -0.3877 0.9114
vn -0.1382 -0.3874 0.9115
vn -0.1113 -0.3885 0.9147
vn -0.0846 -0.3884 0.9176
vn -0.0846 -0.3870 0.9182
vn -0.0846 -0.3857 0.9188
vn -0.0846 -0.3843 0.9193
vn -0.0846 -0.3829 0.9199
vn -0.0846 -0.3816 0.9205
vn -0.0846 -0.3802 0.9210
vn -0.0846 -0.3788 0.9216
vn -0.0499 -0.3783 0.9244
vn -0.0015 -0.3788 0.9255
vn 0.0116 -0.3778 0.9258
vn 0.0117 -0.3766 0.9263
vn 0.0117 -0.3755 0.9268
vn 0.0118 -0.3743 0.9272
vn 0.0118 -0.3731 0.9277
vn 0.0119 -0.3719 0.9282
vn 0.0120 -0.3707 0.9287
vn 0.0120 -0.3695 0.9291
vn 0.0121 -0.3683 0.9296
vn 0.0121 -0.3672 0.9301
vn 0.0407 -0.3659 0.9298
vn 0.0830 -0.3652 0.9272
vn 0.0960 -0.3644 0.9263
vn 0.0960 -0.3640 0.9265
vn 0.0960 -0.3635 0.9266
vn 0.0959 -0.3632 0.9268
vn -0.1378 -0.3879 0.9113
vn -0.1375 -0.3887 0.9110
vn -0.1380 -0.3880 0.9113
vn -0.1106 -0.3888 0.9147
vn -0.0830 -0.3885 0.9177
vn -0.0833 -0.3874 0.9181
vn -0.0830 -0.3858 0.9189
vn -0.0831 -0.3845 0.9194
vn -0.0830 -0.3830 0.9200
vn -0.0830 -0.3817 0.9206
vn -0.0830 -0.3803 0.9211
vn -0.0830 -0.3789 0.9217
vn -0.0491 -0.3787 0.9242
vn -0.0011 -0.3790 0.9254
vn 0.0130 -0.3778 0.9258
vn 0.0130 -0.3767 0.9262
vn 0.0132 -0.3754 0.9268
vn 0.0128 -0.3746 0.9271
vn 0.0132 -0.3731 0.9277
vn 0.0132 -0.3720 0.9281
vn 0.0132 -0.3708 0.9286
vn 0.0131 -0.3699 0.9290
vn 0.0134 -0.3685 0.9295
vn 0.0135 -0.3672 0.9301
vn 0.0414 -0.3657 0.9298
vn 0.0826 -0.3652 0.9273
vn 0.0966 -0.3643 0.9263
vn 0.0966 -0.3639 0.9264
vn 0.0964 -0.3636 0.9265
vn 0.0967 -0.3630 0.9268
vt 0.015625 0.015625
vt 0.045898 0.015625
vt 0.045898 0.045898
vt 0.015625 0.045898
vt 0.076172 0.015625
vt 0.076172 0.045898
vt 0.106445 0.015625
vt 0.106445 0.045898
vt 0.136719 0.015625
vt 0.136719 0.045898
vt 0.166992 0.015625
vt 0.166992 0.045898
vt 0.197266 0.015625
vt 0.197266 0.045898
vt 0.227539 0.015625
vt 0.227539 0.045898
vt 0.257812 0.015625
vt 0.257812 0.045898
vt 0.288086 0.015625
vt 0.288086 0.045898
vt 0.318359 0.015625
vt 0.318359 0.045898
vt 0.348633 0.015625
vt 0.348633 0.045898
vt 0.378906 0.015625
vt 0.378906 0.045898
vt 0.409180 0.015625
vt 0.409180 0.045898
vt 0.439453 0.015625
vt 0.439453 0.045898
vt 0.469727 0.015625
vt 0.469727 0.045898
vt 0.500000 0.015625
vt 0.500000 0.045898
vt 0.530273 0.015625
vt 0.530273 0.045898
vt 0.560547 0.015625
vt 0.560547 0.045898
vt 0.590820 0.015625
vt 0.590820 0.045898
vt 0.621094 0.015625
vt 0.621094 0.045898
vt 0.651367 0.015625
vt 0.651367 0.045898
vt 0.681641 0.015625
vt 0.681641 0.045898
vt 0.711914 0.015625
vt 0.711914 0.045898
vt 0.742188 0.015625
vt 0.742188 0.045898
vt 0.772461 0.015625
vt 0.772461 0.045898
vt 0.802734 0.015625
vt 0.802734 0.045898
vt 0.833008 0.015625
vt 0.833008 0.045898
vt 0.863281 0.015625
vt 0.863281 0.045898
vt 0.893555 0.015625
vt 0.893555 0.045898
vt 0.923828 0.015625
vt 0.923828 0.045898
vt 0.954102 0.015625
vt 0.954102 0.045898
vt 0.984375 0.015625
vt 0.984375 0.045898
vt 0.045898 0.076172
vt 0.015625 0.076172
vt 0.076172 0.076172
vt 0.106445 0.076172
vt 0.136719 0.076172
vt 0.166992 0.076172
vt 0.197266 0.076172
vt 0.227539 0.076172
vt 0.257812 0.076172
vt 0.288086 0.076172
vt 0.318359 0.076172
vt 0.348633 0.076172
vt 0.378906 0.076172
vt 0.409180 0.076172
vt 0.439453 0.076172
vt 0.469727 0.076172
vt 0.500000 0.076172
vt 0.530273 0.076172
vt 0.560547 0.076172
vt 0.590820 0.076172
vt 0.621094 0.076172
vt 0.651367 0.076172
vt 0.681641 0.076172
vt 0.711914 0.076172
vt 0.742188 0.076172
vt 0.772461 0.076172
vt 0.802734 0.076172
vt 0.833008 0.076172
vt 0.863281 0.076172
vt 0.893555 0.076172
vt 0.923828 0.076172
vt 0.954102 0.076172
vt 0.984375 0.076172
vt 0.045898 0.106445
vt 0.015625 0.106445
vt 0.076172 0.106445
vt 0.106445 0.106445
vt 0.136719 0.106445
vt 0.166992 0.106445
vt 0.197266 0.106445
vt 0.227539 0.106445
vt 0.257812 0.106445
vt 0.288086 0.106445
vt 0.318359 0.106445
vt 0.348633 0.106445
vt 0.378906 0.106445
vt 0.409180 0.106445
vt 0.439453 0.106445
vt 0.469727 0.106445
vt 0.500000 0.106445
vt 0.530273 0.106445
vt 0.560547 0.106445
vt 0.590820 0.106445
vt 0.621094 0.106445
vt 0.651367 0.106445
vt 0.681641 0.106445
vt 0.711914 0.106445
vt 0.742188 0.106445
vt 0.772461 0.106445
vt 0.802734 0.106445
vt 0.833008 0.106445
vt 0.863281 0.106445
vt 0.893555 0.106445
vt 0.923828 0.106445
vt 0.954102 0.106445
vt 0.984375 0.106445
vt 0.045898 0.136719
vt 0.015625 0.136719
vt 0.076172 0.136719
vt 0.106445 0.136719
vt 0.136719 0.136719
vt 0.166992 0.136719
vt 0.197266 0.136719
vt 0.227539 0.136719
vt 0.257812 0.136719
vt 0.288086 0.136719
vt 0.318359 0.136719
vt 0.348633 0.136719
vt 0.378906 0.136719
vt 0.409180 0.136719
vt 0.439453 0.136719
vt 0.469727 0.136719
vt 0.500000 0.136719
vt 0.530273 0.136719
vt 0.560547 0.136719
vt 0.590820 0.136719
vt 0.621094 0.136719
vt 0.651367 0.136719
vt 0.681641 0.136719
vt 0.711914 0.136719
vt 0.742188 0.136719
vt 0.772461 0.136719
vt 0.802734 0.136719
vt 0.833008 0.136719
vt 0.863281 0.136719
vt 0.893555 0.136719
vt 0.923828 0.136719
vt 0.954102 0.136719
vt 0.984375 0.136719
vt 0.045898 0.166992
vt 0.015625 0.166992
vt 0.076172 0.166992
vt 0.106445 0.166992
vt 0.136719 0.166992
vt 0.166992 0.166992
vt 0.197266 0.166992
vt 0.227539 0.166992
vt 0.257812 0.166992
vt 0.288086 0.166992
vt 0.318359 0.166992
vt 0.348633 0.166992
vt 0.378906 0.166992
vt 0.409180 0.166992
vt 0.439453 0.166992
vt 0.469727 0.166992
vt 0.500000 0.166992
vt 0.530273 0.166992
vt 0.560547 0.166992
vt 0.590820 0.166992
vt 0.621094 0.166992
vt 0.651367 0.166992
vt 0.681641 0.166992
vt 0.711914 0.166992
vt 0.742188 0.166992
vt 0.772461 0.166992
vt 0.802734 0.166992
vt 0.833008 0.166992
vt 0.863281 0.166992
vt 0.893555 0.166992
vt 0.923828 0.166992
vt 0.954102 0.166992
vt 0.984375 0.166992
vt 0.045898 0.197266
vt 0.015625 0.197266
vt 0.076172 0.197266
vt 0.106445 0.197266
vt 0.136719 0.197266
vt 0.166992 0.197266
vt 0.197266 0.197266
vt 0.227539 0.197266
vt 0.257812 0.197266
vt 0.288086 0.197266
vt 0.318359 0.197266
vt 0.348633 0.197266
vt 0.378906 0.197266
vt 0.409180 0.197266
vt 0.439453 0.197266
vt 0.469727 0.197266
vt 0.500000 0.197266
vt 0.530273 0.197266
vt 0.560547 0.197266
vt 0.590820 0.197266
vt 0.621094 0.197266
vt 0.651367 0.197266
vt 0.681641 0.197266
vt 0.711914 0.197266
vt 0.742188 0.197266
vt 0.772461 0.197266
vt 0.802734 0.197266
vt 0.833008 0.197266
vt 0.863281 0.197266
vt 0.893555 0.197266
vt 0.923828 0.197266
vt 0.954102 0.197266
vt 0.984375 0.197266
vt 0.045898 0.227539
vt 0.015625 0.227539
vt 0.076172 0.227539
vt 0.106445 0.227539
vt 0.136719 0.227539
vt 0.166992 0.227539
vt 0.197266 0.227539
vt 0.227539 0.227539
vt 0.257812 0.227539
vt 0.288086 0.227539
vt 0.318359 0.227539
vt 0.348633 0.227539
vt 0.378906 0.227539
vt 0.409180 0.227539
vt 0.439453 0.227539
vt 0.469727 0.227539
vt 0.500000 0.227539
vt 0.530273 0.227539
vt 0.560547 0.227539
vt 0.590820 0.227539
vt 0.621094 0.227539
vt 0.651367 0.227539
vt 0.681641 0.227539
vt 0.711914 0.227539
vt 0.742188 0.227539
vt 0.772461 0.227539
vt 0.802734 0.227539
vt 0.833008 0.227539
vt 0.863281 0.227539
vt 0.893555 0.227539
vt 0.923828 0.227539
vt 0.954102 0.227539
vt 0.984375 0.227539
vt 0.045898 0.257812
vt 0.015625 0.257812
vt 0.076172 0.257812
vt 0.106445 0.257812
vt 0.136719 0.257812
vt 0.166992 0.257812
vt 0.197266 0.257812
vt 0.227539 0.257812
vt 0.257812 0.257812
vt 0.288086 0.257812
vt 0.318359 0.257812
vt 0.348633 0.257812
vt 0.378906 0.257812
vt 0.409180 0.257812
vt 0.439453 0.257812
vt 0.469727 0.257812
vt 0.500000 0.257812
vt 0.530273 0.257812
vt 0.560547 0.257812
vt 0.590820 0.257812
vt 0.621094 0.257812
vt 0.651367 0.257812
vt 0.681641 0.257812
vt 0.711914 0.257812
vt 0.742188 0.257812
vt 0.772461 0.257812
vt 0.802734 0.257812
vt 0.833008 0.257812
vt 0.863281 0.257812
vt 0.893555 0.257812
vt 0.923828 0.257812
vt 0.954102 0.257812
vt 0.984375 0.257812
vt 0.045898 0.288086
vt 0.015625 0.288086
vt 0.076172 0.288086
vt 0.106445 0.288086
vt 0.136719 0.288086
vt 0.166992 0.288086
vt 0.197266 0.288086
vt 0.227539 0.288086
vt 0.257812 0.288086
vt 0.288086 0.288086
vt 0.318359 0.288086
vt 0.348633 0.288086
vt 0.378906 0.288086
vt 0.409180 0.288086
vt 0.439453 0.288086
vt 0.469727 0.288086
vt 0.500000 0.288086
vt 0.530273 0.288086
vt 0.560547 0.288086
vt 0.590820 0.288086
vt 0.621094 0.288086
vt 0.651367 0.288086
vt 0.681641 0.288086
vt 0.711914 0.288086
vt 0.742188 0.288086
vt 0.772461 0.288086
vt 0.802734 0.288086
vt 0.833008 0.288086
vt 0.863281 0.288086
vt 0.893555 0.288086
vt 0.923828 0.288086
vt 0.954102 0.288086
vt 0.984375 0.288086
vt 0.045898 0.318359
vt 0.015625 0.318359
vt 0.076172 0.318359
vt 0.106445 0.318359
vt 0.136719 0.318359
vt 0.166992 0.318359
vt 0.197266 0.318359
vt 0.227539 0.318359
vt 0.257812 0.318359
vt 0.288086 0.318359
vt 0.318359 0.318359
vt 0.348633 0.318359
vt 0.378906 0.318359
vt 0.409180 0.318359
vt 0.439453 0.318359
vt 0.469727 0.318359
vt 0.500000 0.318359
vt 0.530273 0.318359
vt 0.560547 0.318359
vt 0.590820 0.318359
vt 0.621094 0.318359
vt 0.651367 0.318359
vt 0.681641 0.318359
vt 0.711914 0.318359
vt 0.742188 0.318359
vt 0.772461 0.318359
vt 0.802734 0.318359
vt 0.833008 0.318359
vt 0.863281 0.318359
vt 0.893555 0.318359
vt 0.923828 0.318359
vt 0.954102 0.318359
vt 0.984375 0.318359
vt 0.045898 0.348633
vt 0.015625 0.348633
vt 0.076172 0.348633
vt 0.106445 0.348633
vt 0.136719 0.348633
vt 0.166992 0.348633
vt 0.197266 0.348633
vt 0.227539 0.348633
vt 0.257812 0.348633
vt 0.288086 0.348633
vt 0.318359 0.348633
vt 0.348633 0.348633
vt 0.378906 0.348633
vt 0.409180 0.348633
vt 0.439453 0.348633
vt 0.469727 0.348633
vt 0.500000 0.348633
vt 0.530273 0.348633
vt 0.560547 0.348633
vt 0.590820 0.348633
vt 0.621094 0.348633
vt 0.651367 0.348633
vt 0.681641 0.348633
vt 0.711914 0.348633
vt 0.742188 0.348633
vt 0.772461 0.348633
vt 0.802734 0.348633
vt 0.833008 0.348633
vt 0.863281 0.348633
vt 0.893555 0.348633
vt 0.923828 0.348633
vt 0.954102 0.348633
vt 0.984375 0.348633
vt 0.045898 0.378906
vt 0.015625 0.378906
vt 0.076172 0.378906
vt 0.106445 0.378906
vt 0.136719 0.378906
vt 0.166992 0.378906
vt 0.197266 0.378906
vt 0.227539 0.378906
vt 0.257812 0.378906
vt 0.288086 0.378906
vt 0.318359 0.378906
vt 0.348633 0.378906
vt 0.378906 0.378906
vt 0.409180 0.378906
vt 0.439453 0.378906
vt 0.469727 0.378906
vt 0.500000 0.378906
vt 0.530273 0.378906
vt 0.560547 0.378906
vt 0.590820 0.378906
vt 0.621094 0.378906
vt 0.651367 0.378906
vt 0.681641 0.378906
vt 0.711914 0.378906
vt 0.742188 0.378906
vt 0.772461 0.378906
vt 0.802734 0.378906
vt 0.833008 0.378906
vt 0.863281 0.378906
vt 0.893555 0.378906
vt 0.923828 0.378906
vt 0.954102 0.378906
vt 0.984375 0.378906
vt 0.045898 0.409180
vt 0.015625 0.409180
vt 0.076172 0.409180
vt 0.106445 0.409180
vt 0.136719 0.409180
vt 0.166992 0.409180
vt 0.197266 0.409180
vt 0.227539 0.409180
vt 0.257812 0.409180
vt 0.288086 0.409180
vt 0.318359 0.409180
vt 0.348633 0.409180
vt 0.378906 0.409180
vt 0.409180 0.409180
vt 0.439453 0.409180
vt 0.469727 0.409180
vt 0.500000 0.409180
vt 0.530273 0.409180
vt 0.560547 0.409180
vt 0.590820 0.409180
vt 0.621094 0.409180
vt 0.651367 0.409180
vt 0.681641 0.409180
vt 0.711914 0.409180
vt 0.742188 0.409180
vt 0.772461 0.409180
vt 0.802734 0.409180
vt 0.833008 0.409180
vt 0.863281 0.409180
vt 0.893555 0.409180
vt 0.923828 0.409180
vt 0.954102 0.409180
vt 0.984375 0.409180
vt 0.045898 0.439453
vt 0.015625 0.439453
vt 0.076172 0.439453
vt 0.106445 0.439453
vt 0.136719 0.439453
vt 0.166992 0.439453
vt 0.197266 0.439453
vt 0.227539 0.439453
vt 0.257812 0.439453
vt 0.288086 0.439453
vt 0.318359 0.439453
vt 0.348633 0.439453
vt 0.378906 0.439453
vt 0.409180 0.439453
vt 0.439453 0.439453
vt 0.469727 0.439453
vt 0.500000 0.439453
vt 0.530273 0.439453
vt 0.560547 0.439453
vt 0.590820 0.439453
vt 0.621094 0.439453
vt 0.651367 0.439453
vt 0.681641 0.439453
vt 0.711914 0.439453
vt 0.742188 0.439453
vt 0.772461 0.439453
vt 0.802734 0.439453
vt 0.833008 0.439453
vt 0.863281 0.439453
vt 0.893555 0.439453
vt 0.923828 0.439453
vt 0.954102 0.439453
vt 0.984375 0.439453
vt 0.045898 0.469727
vt 0.015625 0.469727
vt 0.076172 0.469727
vt 0.106445 0.469727
vt 0.136719 0.469727
vt 0.166992 0.469727
vt 0.197266 0.469727
vt 0.227539 0.469727
vt 0.257812 0.469727
vt 0.288086 0.469727
vt 0.318359 0.469727
vt 0.348633 0.469727
vt 0.378906 0.469727
vt 0.409180 0.469727
vt 0.439453 0.469727
vt 0.469727 0.469727
vt 0.500000 0.469727
vt 0.530273 0.469727
vt 0.560547 0.469727
vt 0.590820 0.469727
vt 0.621094 0.469727
vt 0.651367 0.469727
vt 0.681641 0.469727
vt 0.711914 0.469727
vt 0.742188 0.469727
vt 0.772461 0.469727
vt 0.802734 0.469727
vt 0.833008 0.469727
vt 0.863281 0.469727
vt 0.893555 0.469727
vt 0.923828 0.469727
vt 0.954102 0.469727
vt 0.984375 0.469727
vt 0.045898 0.500000
vt 0.015625 0.500000
vt 0.076172 0.500000
vt 0.106445 0.500000
vt 0.136719 0.500000
vt 0.166992 0.500000
vt 0.197266 0.500000
vt 0.227539 0.500000
vt 0.257812 0.500000
vt 0.288086 0.500000
vt 0.318359 0.500000
vt 0.348633 0.500000
vt 0.378906 0.500000
vt 0.409180 0.500000
vt 0.439453 0.500000
vt 0.469727 0.500000
vt 0.500000 0.500000
vt 0.530273 0.500000
vt 0.560547 0.500000
vt 0.590820 0.500000
vt 0.621094 0.500000
vt 0.651367 0.500000
vt 0.681641 0.500000
vt 0.711914 0.500000
vt 0.742188 0.500000
vt 0.772461 0.500000
vt 0.802734 0.500000
vt 0.833008 0.500000
vt 0.863281 0.500000
vt 0.893555 0.500000
vt 0.923828 0.500000
vt 0.954102 0.500000
vt 0.984375 0.500000
vt 0.045898 0.530273
vt 0.015625 0.530273
vt 0.076172 0.530273
vt 0.106445 0.530273
vt 0.136719 0.530273
vt 0.166992 0.530273
vt 0.197266 0.530273
vt 0.227539 0.530273
vt 0.257812 0.530273
vt 0.288086 0.530273
vt 0.318359 0.530273
vt 0.348633 0.530273
vt 0.378906 0.530273
vt 0.409180 0.530273
vt 0.439453 0.530273
vt 0.469727 0.530273
vt 0.500000 0.530273
vt 0.530273 0.530273
vt 0.560547 0.530273
vt 0.590820 0.530273
vt 0.621094 0.530273
vt 0.651367 0.530273
vt 0.681641 0.530273
vt 0.711914 0.530273
vt 0.742188 0.530273
vt 0.772461 0.530273
vt 0.802734 0.530273
vt 0.833008 0.530273
vt 0.863281 0.530273
vt 0.893555 0.530273
vt 0.923828 0.530273
vt 0.954102 0.530273
vt 0.984375 0.530273
vt 0.045898 0.560547
vt 0.015625 0.560547
vt 0.076172 0.560547
vt 0.106445 0.560547
vt 0.136719 0.560547
vt 0.166992 0.560547
vt 0.197266 0.560547
vt 0.227539 0.560547
vt 0.257812 0.560547
vt 0.288086 0.560547
vt 0.318359 0.560547
vt 0.348633 0.560547
vt 0.378906 0.560547
vt 0.409180 0.560547
vt 0.439453 0.560547
vt 0.469727 0.560547
vt 0.500000 0.560547
vt 0.530273 0.560547
vt 0.560547 0.560547
vt 0.590820 0.560547
vt 0.621094 0.560547
vt 0.651367 0.560547
vt 0.681641 0.560547
vt 0.711914 0.560547
vt 0.742188 0.560547
vt 0.772461 0.560547
vt 0.802734 0.560547
vt 0.833008 0.560547
vt 0.863281 0.560547
vt 0.893555 0.560547
vt 0.923828 0.560547
vt 0.954102 0.560547
vt 0.984375 0.560547
vt 0.045898 0.590820
vt 0.015625 0.590820
vt 0.076172 0.590820
vt 0.106445 0.590820
vt 0.136719 0.590820
vt 0.166992 0.590820
vt 0.197266 0.590820
vt 0.227539 0.590820
vt 0.257812 0.590820
vt 0.288086 0.590820
vt 0.318359 0.590820
vt 0.348633 0.590820
vt 0.378906 0.590820
vt 0.409180 0.590820
vt 0.439453 0.590820
vt 0.469727 0.590820
vt 0.500000 0.590820
vt 0.530273 0.590820
vt 0.560547 0.590820
vt 0.590820 0.590820
vt 0.621094 0.590820
vt 0.651367 0.590820
vt 0.681641 0.590820
vt 0.711914 0.590820
vt 0.742188 0.590820
vt 0.772461 0.590820
vt 0.802734 0.590820
vt 0.833008 0.590820
vt 0.863281 0.590820
vt 0.893555 0.590820
vt 0.923828 0.590820
vt 0.954102 0.590820
vt 0.984375 0.590820
vt 0.045898 0.621094
vt 0.015625 0.621094
vt 0.076172 0.621094
vt 0.106445 0.621094
vt 0.136719 0.621094
vt 0.166992 0.621094
vt 0.197266 0.621094
vt 0.227539 0.621094
vt 0.257812 0.621094
vt 0.288086 0.621094
vt 0.318359 0.621094
vt 0.348633 0.621094
vt 0.378906 0.621094
vt 0.409180 0.621094
vt 0.439453 0.621094
vt 0.469727 0.621094
vt 0.500000 0.621094
vt 0.530273 0.621094
vt 0.560547 0.621094
vt 0.590820 0.621094
vt 0.621094 0.621094
vt 0.651367 0.621094
vt 0.681641 0.621094
vt 0.711914 0.621094
vt 0.742188 0.621094
vt 0.772461 0.621094
vt 0.802734 0.621094
vt 0.833008 0.621094
vt 0.863281 0.621094
vt 0.893555 0.621094
vt 0.923828 0.621094
vt 0.954102 0.621094
vt 0.984375 0.621094
vt 0.045898 0.651367
vt 0.015625 0.651367
vt 0.076172 0.651367
vt 0.106445 0.651367
vt 0.136719 0.651367
vt 0.166992 0.651367
vt 0.197266 0.651367
vt 0.227539 0.651367
vt 0.257812 0.651367
vt 0.288086 0.651367
vt 0.318359 0.651367
vt 0.348633 0.651367
vt 0.378906 0.651367
vt 0.409180 0.651367
vt 0.439453 0.651367
vt 0.469727 0.651367
vt 0.500000 0.651367
vt 0.530273 0.651367
vt 0.560547 0.651367
vt 0.590820 0.651367
vt 0.621094 0.651367
vt 0.651367 0.651367
vt 0.681641 0.651367
vt 0.711914 0.651367
vt 0.742188 0.651367
vt 0.772461 0.651367
vt 0.802734 0.651367
vt 0.833008 0.651367
vt 0.863281 0.651367
vt 0.893555 0.651367
vt 0.923828 0.651367
vt 0.954102 0.651367
vt 0.984375 0.651367
vt 0.045898 0.681641
vt 0.015625 0.681641
vt 0.076172 0.681641
vt 0.106445 0.681641
vt 0.136719 0.681641
vt 0.166992 0.681641
vt 0.197266 0.681641
vt 0.227539 0.681641
vt 0.257812 0.681641
vt 0.288086 0.681641
vt 0.318359 0.681641
vt 0.348633 0.681641
vt 0.378906 0.681641
vt 0.409180 0.681641
vt 0.439453 0.681641
vt 0.469727 0.681641
vt 0.500000 0.681641
vt 0.530273 0.681641
vt 0.560547 0.681641
vt 0.590820 0.681641
vt 0.621094 0.681641
vt 0.651367 0.681641
vt 0.681641 0.681641
vt 0.711914 0.681641
vt 0.742188 0.681641
vt 0.772461 0.681641
vt 0.802734 0.681641
vt 0.833008 0.681641
vt 0.863281 0.681641
vt 0.893555 0.681641
vt 0.923828 0.681641
vt 0.954102 0.681641
vt 0.984375 0.681641
vt 0.045898 0.711914
vt 0.015625 0.711914
vt 0.076172 0.711914
vt 0.106445 0.711914
vt 0.136719 0.711914
vt 0.166992 0.711914
vt 0.197266 0.711914
vt 0.227539 0.711914
vt 0.257812 0.711914
vt 0.288086 0.711914
vt 0.318359 0.711914
vt 0.348633 0.711914
vt 0.378906 0.711914
vt 0.409180 0.711914
vt 0.439453 0.711914
vt 0.469727 0.711914
vt 0.500000 0.711914
vt 0.530273 0.711914
vt 0.560547 0.711914
vt 0.590820 0.711914
vt 0.621094 0.711914
vt 0.651367 0.711914
vt 0.681641 0.711914
vt 0.711914 0.711914
vt 0.742188 0.711914
vt 0.772461 0.711914
vt 0.802734 0.711914
vt 0.833008 0.711914
vt 0.863281 0.711914
vt 0.893555 0.711914
vt 0.923828 0.711914
vt 0.954102 0.711914
vt 0.984375 0.711914
vt 0.045898 0.742188
vt 0.015625 0.742188
vt 0.076172 0.742188
vt 0.106445 0.742188
vt 0.136719 0.742188
vt 0.166992 0.742188
vt 0.197266 0.742188
vt 0.227539 0.742188
vt 0.257812 0.742188
vt 0.288086 0.742188
vt 0.318359 0.742188
vt 0.348633 0.742188
vt 0.378906 0.742188
vt 0.409180 0.742188
vt 0.439453 0.742188
vt 0.469727 0.742188
vt 0.500000 0.742188
vt 0.530273 0.742188
vt 0.560547 0.742188
vt 0.590820 0.742188
vt 0.621094 0.742188
vt 0.651367 0.742188
vt 0.681641 0.742188
vt 0.711914 0.742188
vt 0.742188 0.742188
vt 0.772461 0.742188
vt 0.802734 0.742188
vt 0.833008 0.742188
vt 0.863281 0.742188
vt 0.893555 0.742188
vt 0.923828 0.742188
vt 0.954102 0.742188
vt 0.984375 0.742188
vt 0.045898 0.772461
vt 0.015625 0.772461
vt 0.076172 0.772461
vt 0.106445 0.772461
vt 0.136719 0.772461
vt 0.166992 0.772461
vt 0.197266 0.772461
vt 0.227539 0.772461
vt 0.257812 0.772461
vt 0.288086 0.772461
vt 0.318359 0.772461
vt 0.348633 0.772461
vt 0.378906 0.772461
vt 0.409180 0.772461
vt 0.439453 0.772461
vt 0.469727 0.772461
vt 0.500000 0.772461
vt 0.530273 0.772461
vt 0.560547 0.772461
vt 0.590820 0.772461
vt 0.621094 0.772461
vt 0.651367 0.772461
vt 0.681641 0.772461
vt 0.711914 0.772461
vt 0.742188 0.772461
vt 0.772461 0.772461
vt 0.802734 0.772461
vt 0.833008 0.772461
vt 0.863281 0.772461
vt 0.893555 0.772461
vt 0.923828 0.772461
vt 0.954102 0.772461
vt 0.984375 0.772461
vt 0.045898 0.802734
vt 0.015625 0.802734
vt 0.076172 0.802734
vt 0.106445 0.802734
vt 0.136719 0.802734
vt 0.166992 0.802734
vt 0.197266 0.802734
vt 0.227539 0.802734
vt 0.257812 0.802734
vt 0.288086 0.802734
vt 0.318359 0.802734
vt 0.348633 0.802734
vt 0.378906 0.802734
vt 0.409180 0.802734
vt 0.439453 0.802734
vt 0.469727 0.802734
vt 0.500000 0.802734
vt 0.530273 0.802734
vt 0.560547 0.802734
vt 0.590820 0.802734
vt 0.621094 0.802734
vt 0.651367 0.802734
vt 0.681641 0.802734
vt 0.711914 0.802734
vt 0.742188 0.802734
vt 0.772461 0.802734
vt 0.802734 0.802734
vt 0.833008 0.802734
vt 0.863281 0.802734
vt 0.893555 0.802734
vt 0.923828 0.802734
vt 0.954102 0.802734
vt 0.984375 0.802734
vt 0.045898 0.833008
vt 0.015625 0.833008
vt 0.076172 0.833008
vt 0.106445 0.833008
vt 0.136719 0.833008
vt 0.166992 0.833008
vt 0.197266 0.833008
vt 0.227539 0.833008
vt 0.257812 0.833008
vt 0.288086 0.833008
vt 0.318359 0.833008
vt 0.348633 0.833008
vt 0.378906 0.833008
vt 0.409180 0.833008
vt 0.439453 0.833008
vt 0.469727 0.833008
vt 0.500000 0.833008
vt 0.530273 0.833008
vt 0.560547 0.833008
vt 0.590820 0.833008
vt 0.621094 0.833008
vt 0.651367 0.833008
vt 0.681641 0.833008
vt 0.711914 0.833008
vt 0.742188 0.833008
vt 0.772461 0.833008
vt 0.802734 0.833008
vt 0.833008 0.833008
vt 0.863281 0.833008
vt 0.893555 0.833008
vt 0.923828 0.833008
vt 0.954102 0.833008
vt 0.984375 0.833008
vt 0.045898 0.863281
vt 0.015625 0.863281
vt 0.076172 0.863281
vt 0.106445 0.863281
vt 0.136719 0.863281
vt 0.166992 0.863281
vt 0.197266 0.863281
vt 0.227539 0.863281
vt 0.257812 0.863281
vt 0.288086 0.863281
vt 0.318359 0.863281
vt 0.348633 0.863281
vt 0.378906 0.863281
vt 0.409180 0.863281
vt 0.439453 0.863281
vt 0.469727 0.863281
vt 0.500000 0.863281
vt 0.530273 0.863281
vt 0.560547 0.863281
vt 0.590820 0.863281
vt 0.621094 0.863281
vt 0.651367 0.863281
vt 0.681641 0.863281
vt 0.711914 0.863281
vt 0.742188 0.863281
vt 0.772461 0.863281
vt 0.802734 0.863281
vt 0.833008 0.863281
vt 0.863281 0.863281
vt 0.893555 0.863281
vt 0.923828 0.863281
vt 0.954102 0.863281
vt 0.984375 0.863281
vt 0.045898 0.893555
vt 0.015625 0.893555
vt 0.076172 0.893555
vt 0.106445 0.893555
vt 0.136719 0.893555
vt 0.166992 0.893555
vt 0.197266 0.893555
vt 0.227539 0.893555
vt 0.257812 0.893555
vt 0.288086 0.893555
vt 0.318359 0.893555
vt 0.348633 0.893555
vt 0.378906 0.893555
vt 0.409180 0.893555
vt 0.439453 0.893555
vt 0.469727 0.893555
vt 0.500000 0.893555
vt 0.530273 0.893555
vt 0.560547 0.893555
vt 0.590820 0.893555
vt 0.621094 0.893555
vt 0.651367 0.893555
vt 0.681641 0.893555
vt 0.711914 0.893555
vt 0.742188 0.893555
vt 0.772461 0.893555
vt 0.802734 0.893555
vt 0.833008 0.893555
vt 0.863281 0.893555
vt 0.893555 0.893555
vt 0.923828 0.893555
vt 0.954102 0.893555
vt 0.984375 0.893555
vt 0.045898 0.923828
vt 0.015625 0.923828
vt 0.076172 0.923828
vt 0.106445 0.923828
vt 0.136719 0.923828
vt 0.166992 0.923828
vt 0.197266 0.923828
vt 0.227539 0.923828
vt 0.257812 0.923828
vt 0.288086 0.923828
vt 0.318359 0.923828
vt 0.348633 0.923828
vt 0.378906 0.923828
vt 0.409180 0.923828
vt 0.439453 0.923828
vt 0.469727 0.923828
vt 0.500000 0.923828
vt 0.530273 0.923828
vt 0.560547 0.923828
vt 0.590820 0.923828
vt 0.621094 0.923828
vt 0.651367 0.923828
vt 0.681641 0.923828
vt 0.711914 0.923828
vt 0.742188 0.923828
vt 0.772461 0.923828
vt 0.802734 0.923828
vt 0.833008 0.923828
vt 0.863281 0.923828
vt 0.893555 0.923828
vt 0.923828 0.923828
vt 0.954102 0.923828
vt 0.984375 0.923828
vt 0.045898 0.954102
vt 0.015625 0.954102
vt 0.076172 0.954102
vt 0.106445 0.954102
vt 0.136719 0.954102
vt 0.166992 0.954102
vt 0.197266 0.954102
vt 0.227539 0.954102
vt 0.257812 0.954102
vt 0.288086 0.954102
vt 0.318359 0.954102
vt 0.348633 0.954102
vt 0.378906 0.954102
vt 0.409180 0.954102
vt 0.439453 0.954102
vt 0.469727 0.954102
vt 0.500000 0.954102
vt 0.530273 0.954102
vt 0.560547 0.954102
vt 0.590820 0.954102
vt 0.621094 0.954102
vt 0.651367 0.954102
vt 0.681641 0.954102
vt 0.711914 0.954102
vt 0.742188 0.954102
vt 0.772461 0.954102
vt 0.802734 0.954102
vt 0.833008 0.954102
vt 0.863281 0.954102
vt 0.893555 0.954102
vt 0.923828 0.954102
vt 0.954102 0.954102
vt 0.984375 0.954102
vt 0.045898 0.984375
vt 0.015625 0.984375
vt 0.076172 0.984375
vt 0.106445 0.984375
vt 0.136719 0.984375
vt 0.166992 0.984375
vt 0.197266 0.984375
vt 0.227539 0.984375
vt 0.257812 0.984375
vt 0.288086 0.984375
vt 0.318359 0.984375
vt 0.348633 0.984375
vt 0.378906 0.984375
vt 0.409180 0.984375
vt 0.439453 0.984375
vt 0.469727 0.984375
vt 0.500000 0.984375
vt 0.530273 0.984375
vt 0.560547 0.984375
vt 0.590820 0.984375
vt 0.621094 0.984375
vt 0.651367 0.984375
vt 0.681641 0.984375
vt 0.711914 0.984375
vt 0.742188 0.984375
vt 0.772461 0.984375
vt 0.802734 0.984375
vt 0.833008 0.984375
vt 0.863281 0.984375
vt 0.893555 0.984375
vt 0.923828 0.984375
vt 0.954102 0.984375
vt 0.984375 0.984375
s 1
f 1/1/1 2/2/2 35/3/3
f 1/1/1 35/3/3 34/4/4
f 2/2/2 3/5/5 36/6/6
f 2/2/2 36/6/6 35/3/3
f 3/5/5 4/7/5 37/8/6
f 3/5/5 37/8/6 36/6/6
f 4/7/5 5/9/5 38/10/5
f 4/7/5 38/10/5 37/8/6
f 5/9/5 6/11/5 39/12/5
f 5/9/5 39/12/5 38/10/5
f 6/11/5 7/13/7 40/14/8
f 6/11/5 40/14/8 39/12/5
f 7/13/7 8/15/9 41/16/10
f 7/13/7 41/16/10 40/14/8
f 8/15/9 9/17/11 42/18/12
f 8/15/9 42/18/12 41/16/10
f 9/17/11 10/19/13 43/20/14
f 9/17/11 43/20/14 42/18/12
f 10/19/13 11/21/15 44/22/16
f 10/19/13 44/22/16 43/20/14
f 11/21/15 12/23/17 45/24/18
f 11/21/15 45/24/18 44/22/16
f 12/23/17 13/25/19 46/26/20
f 12/23/17 46/26/20 45/24/18
f 13/25/19 14/27/21 47/28/22
f 13/25/19 47/28/22 46/26/20
f 14/27/21 15/29/23 48/30/24
f 14/27/21 48/30/24 47/28/22
f 15/29/23 16/31/25 49/32/26
f 15/29/23 49/32/26 48/30/24
f 16/31/25 17/33/27 50/34/28
f 16/31/25 50/34/28 49/32/26
f 17/33/27 18/35/29 51/36/30
f 17/33/27 51/36/30 50/34/28
f 18/35/29 19/37/31 52/38/32
f 18/35/29 52/38/32 51/36/30
f 19/37/31 20/39/33 53/40/34
f 19/37/31 53/40/34 52/38/32
f 20/39/33 21/41/35 54/42/36
f 20/39/33 54/42/36 53/40/34
f 21/41/35 22/43/37 55/44/38
f 21/41/35 55/44/38 54/42/36
f 22/43/37 23/45/39 56/46/40
f 22/43/37 56/46/40 55/44/38
f 23/45/39 24/47/41 57/48/42
f 23/45/39 57/48/42 56/46/40
f 24/47/41 25/49/43 58/50/44
f 24/47/41 58/50/44 57/48/42
f 25/49/43 26/51/45 59/52/46
f 25/49/43 59/52/46 58/50/44
f 26/51/45 27/53/47 60/54/48
f 26/51/45 60/54/48 59/52/46
f 27/53/47 28/55/49 61/56/50
f 27/53/47 61/56/50 60/54/48
f 28/55/49 29/57/51 62/58/52
f 28/55/49 62/58/52 61/56/50
f 29/57/51 30/59/53 63/60/54
f 29/57/51 63/60/54 62/58/52
f 30/59/53 31/61/55 64/62/56
f 30/59/53 64/62/56 63/60/54
f 31/61/55 32/63/57 65/64/58
f 31/61/55 65/64/58 64/62/56
f 32/63/57 33/65/59 66/66/60
f 32/63/57 66/66/60 65/64/58
f 34/4/4 35/3/3 68/67/61
f 34/4/4 68/67/61 67/68/62
f 35/3/3 36/6/6 69/69/63
f 35/3/3 69/69/63 68/67/61
f 36/6/6 37/8/6 70/70/64
f 36/6/6 70/70/64 69/69/63
f 37/8/6 38/10/5 71/71/65
f 37/8/6 71/71/65 70/70/64
f 38/10/5 39/12/5 72/72/6
f 38/10/5 72/72/6 71/71/65
f 39/12/5 40/14/8 73/73/66
f 39/12/5 73/73/66 72/72/6
f 40/14/8 41/16/10 74/74/67
f 40/14/8 74/74/67 73/73/66
f 41/16/10 42/18/12 75/75/68
f 41/16/10 75/75/68 74/74/67
f 42/18/12 43/20/14 76/76/69
f 42/18/12 76/76/69 75/75/68
f 43/20/14 44/22/16 77/77/70
f 43/20/14 77/77/70 76/76/69
f 44/22/16 45/24/18 78/78/71
f 44/22/16 78/78/71 77/77/70
f 45/24/18 46/26/20 79/79/72
f 45/24/18 79/79/72 78/78/71
f 46/26/20 47/28/22 80/80/73
f 46/26/20 80/80/73 79/79/72
f 47/28/22 48/30/24 81/81/74
f 47/28/22 81/81/74 80/80/73
f 48/30/24 49/32/26 82/82/75
f 48/30/24 82/82/75 81/81/74
f 49/32/26 50/34/28 83/83/76
f 49/32/26 83/83/76 82/82/75
f 50/34/28 51/36/30 84/84/77
f 50/34/28 84/84/77 83/83/76
f 51/36/30 52/38/32 85/85/78
f 51/36/30 85/85/78 84/84/77
f 52/38/32 53/40/34 86/86/79
f 52/38/32 86/86/79 85/85/78
f 53/40/34 54/42/36 87/87/80
f 53/40/34 87/87/80 86/86/79
f 54/42/36 55/44/38 88/88/81
f 54/42/36 88/88/81 87/87/80
f 55/44/38 56/46/40 89/89/82
f 55/44/38 89/89/82 88/88/81
f 56/46/40 57/48/42 90/90/83
f 56/46/40 90/90/83 89/89/82
f 57/48/42 58/50/44 91/91/84
f 57/48/42 91/91/84 90/90/83
f 58/50/44 59/52/46 92/92/85
f 58/50/44 92/92/85 91/91/84
f 59/52/46 60/54/48 93/93/86
f 59/52/46 93/93/86 92/92/85
f 60/54/48 61/56/50 94/94/87
f 60/54/48 94/94/87 93/93/86
f 61/56/50 62/58/52 95/95/88
f 61/56/50 95/95/88 94/94/87
f 62/58/52 63/60/54 96/96/89
f 62/58/52 96/96/89 95/95/88
f 63/60/54 64/62/56 97/97/90
f 63/60/54 97/97/90 96/96/89
f 64/62/56 65/64/58 98/98/91
f 64/62/56 98/98/91 97/97/90
f 65/64/58 66/66/60 99/99/92
f 65/64/58 99/99/92 98/98/91
f 67/68/62 68/67/61 101/100/93
f 67/68/62 101/100/93 100/101/93
f 68/67/61 69/69/63 102/102/94
f 68/67/61 102/102/94 101/100/93
f 69/69/63 70/70/64 103/103/61
f 69/69/63 103/103/61 102/102/94
f 70/70/64 71/71/65 104/104/4
f 70/70/64 104/104/4 103/103/61
f 71/71/65 72/72/6 105/105/95
f 71/71/65 105/105/95 104/104/4
f 72/72/6 73/73/66 106/106/96
f 72/72/6 106/106/96 105/105/95
f 73/73/66 74/74/67 107/107/97
f 73/73/66 107/107/97 106/106/96
f 74/74/67 75/75/68 108/108/98
f 74/74/67 108/108/98 107/107/97
f 75/75/68 76/76/69 109/109/99
f 75/75/68 109/109/99 108/108/98
f 76/76/69 77/77/70 110/110/100
f 76/76/69 110/110/100 109/109/99
f 77/77/70 78/78/71 111/111/101
f 77/77/70 111/111/101 110/110/100
f 78/78/71 79/79/72 112/112/102
f 78/78/71 112/112/102 111/111/101
f 79/79/72 80/80/73 113/113/103
f 79/79/72 113/113/103 112/112/102
f 80/80/73 81/81/74 114/114/104
f 80/80/73 114/114/104 113/113/103
f 81/81/74 82/82/75 115/115/105
f 81/81/74 115/115/105 114/114/104
f 82/82/75 83/83/76 116/116/106
f 82/82/75 116/116/106 115/115/105
f 83/83/76 84/84/77 117/117/107
f 83/83/76 117/117/107 116/116/106
f 84/84/77 85/85/78 118/118/108
f 84/84/77 118/118/108 117/117/107
f 85/85/78 86/86/79 119/119/109
f 85/85/78 119/119/109 118/118/108
f 86/86/79 87/87/80 120/120/110
f 86/86/79 120/120/110 119/119/109
f 87/87/80 88/88/81 121/121/111
f 87/87/80 121/121/111 120/120/110
f 88/88/81 89/89/82 122/122/112
f 88/88/81 122/122/112 121/121/111
f 89/89/82 90/90/83 123/123/113
f 89/89/82 123/123/113 122/122/112
f 90/90/83 91/91/84 124/124/114
f 90/90/83 124/124/114 123/123/113
f 91/91/84 92/92/85 125/125/115
f 91/91/84 125/125/115 124/124/114
f 92/92/85 93/93/86 126/126/116
f 92/92/85 126/126/116 125/125/115
f 93/93/86 94/94/87 127/127/117
f 93/93/86 127/127/117 126/126/116
f 94/94/87 95/95/88 128/128/118
f 94/94/87 128/128/118 127/127/117
f 95/95/88 96/96/89 129/129/119
f 95/95/88 129/129/119 128/128/118
f 96/96/89 97/97/90 130/130/120
f 96/96/89 130/130/120 129/129/119
f 97/97/90 98/98/91 131/131/121
f 97/97/90 131/131/121 130/130/120
f 98/98/91 99/99/92 132/132/122
f 98/98/91 132/132/122 131/131/121
f 100/101/93 101/100/93 134/133/123
f 100/101/93 134/133/123 133/134/93
f 101/100/93 102/102/94 135/135/93
f 101/100/93 135/135/93 134/133/123
f 102/102/94 103/103/61 136/136/93
f 102/102/94 136/136/93 135/135/93
f 103/103/61 104/104/4 137/137/124
f 103/103/61 137/137/124 136/136/93
f 104/104/4 105/105/95 138/138/125
f 104/104/4 138/138/125 137/137/124
f 105/105/95 106/106/96 139/139/126
f 105/105/95 139/139/126 138/138/125
f 106/106/96 107/107/97 140/140/127
f 106/106/96 140/140/127 139/139/126
f 107/107/97 108/108/98 141/141/128
f 107/107/97 141/141/128 140/140/127
f 108/108/98 109/109/99 142/142/129
f 108/108/98 142/142/129 141/141/128
f 109/109/99 110/110/100 143/143/130
f 109/109/99 143/143/130 142/142/129
f 110/110/100 111/111/101 144/144/131
f 110/110/100 144/144/131 143/143/130
f 111/111/101 112/112/102 145/145/132
f 111/111/101 145/145/132 144/144/131
f 112/112/102 113/113/103 146/146/133
f 112/112/102 146/146/133 145/145/132
f 113/113/103 114/114/104 147/147/134
f 113/113/103 147/147/134 146/146/133
f 114/114/104 115/115/105 148/148/135
f 114/114/104 148/148/135 147/147/134
f 115/115/105 116/116/106 149/149/136
f 115/115/105 149/149/136 148/148/135
f 116/116/106 117/117/107 150/150/137
f 116/116/106 150/150/137 149/149/136
f 117/117/107 118/118/108 151/151/138
f 117/117/107 151/151/138 150/150/137
f 118/118/108 119/119/109 152/152/139
f 118/118/108 152/152/139 151/151/138
f 119/119/109 120/120/110 153/153/140
f 119/119/109 153/153/140 152/152/139
f 120/120/110 121/121/111 154/154/141
f 120/120/110 154/154/141 153/153/140
f 121/121/111 122/122/112 155/155/142
f 121/121/111 155/155/142 154/154/141
f 122/122/112 123/123/113 156/156/143
f 122/122/112 156/156/143 155/155/142
f 123/123/113 124/124/114 157/157/144
f 123/123/113 157/157/144 156/156/143
f 124/124/114 125/125/115 158/158/145
f 124/124/114 158/158/145 157/157/144
f 125/125/115 126/126/116 159/159/146
f 125/125/115 159/159/146 158/158/145
f 126/126/116 127/127/117 160/160/147
f 126/126/116 160/160/147 159/159/146
f 127/127/117 128/128/118 161/161/148
f 127/127/117 161/161/148 160/160/147
f 128/128/118 129/129/119 162/162/149
f 128/128/118 162/162/149 161/161/148
f 129/129/119 130/130/120 163/163/150
f 129/129/119 163/163/150 162/162/149
f 130/130/120 131/131/121 164/164/151
f 130/130/120 164/164/151 163/163/150
f 131/131/121 132/132/122 165/165/152
f 131/131/121 165/165/152 164/164/151
f 133/134/93 134/133/123 167/166/123
f 133/134/93 167/166/123 166/167/93
f 134/133/123 135/135/93 168/168/93
f 134/133/123 168/168/93 167/166/123
f 135/135/93 136/136/93 169/169/124
f 135/135/93 169/169/124 168/168/93
f 136/136/93 137/137/124 170/170/153
f 136/136/93 170/170/153 169/169/124
f 137/137/124 138/138/125 171/171/154
f 137/137/124 171/171/154 170/170/153
f 138/138/125 139/139/126 172/172/155
f 138/138/125 172/172/155 171/171/154
f 139/139/126 140/140/127 173/173/156
f 139/139/126 173/173/156 172/172/155
f 140/140/127 141/141/128 174/174/157
f 140/140/127 174/174/157 173/173/156
f 141/141/128 142/142/129 175/175/158
f 141/141/128 175/175/158 174/174/157
f 142/142/129 143/143/130 176/176/159
f 142/142/129 176/176/159 175/175/158
f 143/143/130 144/144/131 177/177/160
f 143/143/130 177/177/160 176/176/159
f 144/144/131 145/145/132 178/178/161
f 144/144/131 178/178/161 177/177/160
f 145/145/132 146/146/133 179/179/162
f 145/145/132 179/179/162 178/178/161
f 146/146/133 147/147/134 180/180/163
f 146/146/133 180/180/163 179/179/162
f 147/147/134 148/148/135 181/181/164
f 147/147/134 181/181/164 180/180/163
f 148/148/135 149/149/136 182/182/165
f 148/148/135 182/182/165 181/181/164
f 149/149/136 150/150/137 183/183/166
f 149/149/136 183/183/166 182/182/165
f 150/150/137 151/151/138 184/184/167
f 150/150/137 184/184/167 183/183/166
f 151/151/138 152/152/139 185/185/168
f 151/151/138 185/185/168 184/184/167
f 152/152/139 153/153/140 186/186/169
f 152/152/139 186/186/169 185/185/168
f 153/153/140 154/154/141 187/187/170
f 153/153/140 187/187/170 186/186/169
f 154/154/141 155/155/142 188/188/171
f 154/154/141 188/188/171 187/187/170
f 155/155/142 156/156/143 189/189/172
f 155/155/142 189/189/172 188/188/171
f 156/156/143 157/157/144 190/190/173
f 156/156/143 190/190/173 189/189/172
f 157/157/144 158/158/145 191/191/174
f 157/157/144 191/191/174 190/190/173
f 158/158/145 159/159/146 192/192/175
f 158/158/145 192/192/175 191/191/174
f 159/159/146 160/160/147 193/193/176
f 159/159/146 193/193/176 192/192/175
f 160/160/147 161/161/148 194/194/177
f 160/160/147 194/194/177 193/193/176
f 161/161/148 162/162/149 195/195/178
f 161/161/148 195/195/178 194/194/177
f 162/162/149 163/163/150 196/196/179
f 162/162/149 196/196/179 195/195/178
f 163/163/150 164/164/151 197/197/180
f 163/163/150 197/197/180 196/196/179
f 164/164/151 165/165/152 198/198/181
f 164/164/151 198/198/181 197/197/180
f 166/167/93 167/166/123 200/199/62
f 166/167/93 200/199/62 199/200/123
f 167/166/123 168/168/93 201/201/182
f 167/166/123 201/201/182 200/199/62
f 168/168/93 169/169/124 202/202/183
f 168/168/93 202/202/183 201/201/182
f 169/169/124 170/170/153 203/203/184
f 169/169/124 203/203/184 202/202/183
f 170/170/153 171/171/154 204/204/185
f 170/170/153 204/204/185 203/203/184
f 171/171/154 172/172/155 205/205/186
f 171/171/154 205/205/186 204/204/185
f 172/172/155 173/173/156 206/206/187
f 172/172/155 206/206/187 205/205/186
f 173/173/156 174/174/157 207/207/188
f 173/173/156 207/207/188 206/206/187
f 174/174/157 175/175/158 208/208/189
f 174/174/157 208/208/189 207/207/188
f 175/175/158 176/176/159 209/209/190
f 175/175/158 209/209/190 208/208/189
f 176/176/159 177/177/160 210/210/191
f 176/176/159 210/210/191 209/209/190
f 177/177/160 178/178/161 211/211/192
f 177/177/160 211/211/192 210/210/191
f 178/178/161 179/179/162 212/212/193
f 178/178/161 212/212/193 211/211/192
f 179/179/162 180/180/163 213/213/194
f 179/179/162 213/213/194 212/212/193
f 180/180/163 181/181/164 214/214/195
f 180/180/163 214/214/195 213/213/194
f 181/181/164 182/182/165 215/215/196
f 181/181/164 215/215/196 214/214/195
f 182/182/165 183/183/166 216/216/197
f 182/182/165 216/216/197 215/215/196
f 183/183/166 184/184/167 217/217/198
f 183/183/166 217/217/198 216/216/197
f 184/184/167 185/185/168 218/218/199
f 184/184/167 218/218/199 217/217/198
f 185/185/168 186/186/169 219/219/200
f 185/185/168 219/219/200 218/218/199
f 186/186/169 187/187/170 220/220/201
f 186/186/169 220/220/201 219/219/200
f 187/187/170 188/188/171 221/221/202
f 187/187/170 221/221/202 220/220/201
f 188/188/171 189/189/172 222/222/203
f 188/188/171 222/222/203 221/221/202
f 189/189/172 190/190/173 223/223/204
f 189/189/172 223/223/204 222/222/203
f 190/190/173 191/191/174 224/224/205
f 190/190/173 224/224/205 223/223/204
f 191/191/174 192/192/175 225/225/206
f 191/191/174 225/225/206 224/224/205
f 192/192/175 193/193/176 226/226/207
f 192/192/175 226/226/207 225/225/206
f 193/193/176 194/194/177 227/227/208
f 193/193/176 227/227/208 226/226/207
f 194/194/177 195/195/178 228/228/209
f 194/194/177 228/228/209 227/227/208
f 195/195/178 196/196/179 229/229/210
f 195/195/178 229/229/210 228/228/209
f 196/196/179 197/197/180 230/230/211
f 196/196/179 230/230/211 229/229/210
f 197/197/180 198/198/181 231/231/212
f 197/197/180 231/231/212 230/230/211
f 199/200/123 200/199/62 233/232/213
f 199/200/123 233/232/213 232/233/214
f 200/199/62 201/201/182 234/234/215
f 200/199/62 234/234/215 233/232/213
f 201/201/182 202/202/183 235/235/216
f 201/201/182 235/235/216 234/234/215
f 202/202/183 203/203/184 236/236/217
f 202/202/183 236/236/217 235/235/216
f 203/203/184 204/204/185 237/237/218
f 203/203/184 237/237/218 236/236/217
f 204/204/185 205/205/186 238/238/219
f 204/204/185 238/238/219 237/237/218
f 205/205/186 206/206/187 239/239/220
f 205/205/186 239/239/220 238/238/219
f 206/206/187 207/207/188 240/240/221
f 206/206/187 240/240/221 239/239/220
f 207/207/188 208/208/189 241/241/222
f 207/207/188 241/241/222 240/240/221
f 208/208/189 209/209/190 242/242/223
f 208/208/189 242/242/223 241/241/222
f 209/209/190 210/210/191 243/243/224
f 209/209/190 243/243/224 242/242/223
f 210/210/191 211/211/192 244/244/225
f 210/210/191 244/244/225 243/243/224
f 211/211/192 212/212/193 245/245/226
f 211/211/192 245/245/226 244/244/225
f 212/212/193 213/213/194 246/246/227
f 212/212/193 246/246/227 245/245/226
f 213/213/194 214/214/195 247/247/228
f 213/213/194 247/247/228 246/246/227
f 214/214/195 215/215/196 248/248/229
f 214/214/195 248/248/229 247/247/228
f 215/215/196 216/216/197 249/249/230
f 215/215/196 249/249/230 248/248/229
f 216/216/197 217/217/198 250/250/231
f 216/216/197 250/250/231 249/249/230
f 217/217/198 218/218/199 251/251/232
f 217/217/198 251/251/232 250/250/231
f 218/218/199 219/219/200 252/252/233
f 218/218/199 252/252/233 251/251/232
f 219/219/200 220/220/201 253/253/234
f 219/219/200 253/253/234 252/252/233
f 220/220/201 221/221/202 254/254/235
f 220/220/201 254/254/235 253/253/234
f 221/221/202 222/222/203 255/255/236
f 221/221/202 255/255/236 254/254/235
f 222/222/203 223/223/204 256/256/237
f 222/222/203 256/256/237 255/255/236
f 223/223/204 224/224/205 257/257/238
f 223/223/204 257/257/238 256/256/237
f 224/224/205 225/225/206 258/258/239
f 224/224/205 258/258/239 257/257/238
f 225/225/206 226/226/207 259/259/240
f 225/225/206 259/259/240 258/258/239
f 226/226/207 227/227/208 260/260/241
f 226/226/207 260/260/241 259/259/240
f 227/227/208 228/228/209 261/261/242
f 227/227/208 261/261/242 260/260/241
f 228/228/209 229/229/210 262/262/243
f 228/228/209 262/262/243 261/261/242
f 229/229/210 230/230/211 263/263/244
f 229/229/210 263/263/244 262/262/243
f 230/230/211 231/231/212 264/264/245
f 230/230/211 264/264/245 263/263/244
f 232/233/214 233/232/213 266/265/246
f 232/233/214 266/265/246 265/266/247
f 233/232/213 234/234/215 267/267/248
f 233/232/213 267/267/248 266/265/246
f 234/234/215 235/235/216 268/268/249
f 234/234/215 268/268/249 267/267/248
f 235/235/216 236/236/217 269/269/250
f 235/235/216 269/269/250 268/268/249
f 236/236/217 237/237/218 270/270/250
f 236/236/217 270/270/250 269/269/250
f 237/237/218 238/238/219 271/271/251
f 237/237/218 271/271/251 270/270/250
f 238/238/219 239/239/220 272/272/252
f 238/238/219 272/272/252 271/271/251
f 239/239/220 240/240/221 273/273/253
f 239/239/220 273/273/253 272/272/252
f 240/240/221 241/241/222 274/274/254
f 240/240/221 274/274/254 273/273/253
f 241/241/222 242/242/223 275/275/255
f 241/241/222 275/275/255 274/274/254
f 242/242/223 243/243/224 276/276/256
f 242/242/223 276/276/256 275/275/255
f 243/243/224 244/244/225 277/277/257
f 243/243/224 277/277/257 276/276/256
f 244/244/225 245/245/226 278/278/258
f 244/244/225 278/278/258 277/277/257
f 245/245/226 246/246/227 279/279/259
f 245/245/226 279/279/259 278/278/258
f 246/246/227 247/247/228 280/280/260
f 246/246/227 280/280/260 279/279/259
f 247/247/228 248/248/229 281/281/261
f 247/247/228 281/281/261 280/280/260
f 248/248/229 249/249/230 282/282/262
f 248/248/229 282/282/262 281/281/261
f 249/249/230 250/250/231 283/283/263
f 249/249/230 283/283/263 282/282/262
f 250/250/231 251/251/232 284/284/264
f 250/250/231 284/284/264 283/283/263
f 251/251/232 252/252/233 285/285/265
f 251/251/232 285/285/265 284/284/264
f 252/252/233 253/253/234 286/286/266
f 252/252/233 286/286/266 285/285/265
f 253/253/234 254/254/235 287/287/267
f 253/253/234 287/287/267 286/286/266
f 254/254/235 255/255/236 288/288/268
f 254/254/235 288/288/268 287/287/267
f 255/255/236 256/256/237 289/289/269
f 255/255/236 289/289/269 288/288/268
f 256/256/237 257/257/238 290/290/270
f 256/256/237 290/290/270 289/289/269
f 257/257/238 258/258/239 291/291/271
f 257/257/238 291/291/271 290/290/270
f 258/258/239 259/259/240 292/292/272
f 258/258/239 292/292/272 291/291/271
f 259/259/240 260/260/241 293/293/273
f 259/259/240 293/293/273 292/292/272
f 260/260/241 261/261/242 294/294/274
f 260/260/241 294/294/274 293/293/273
f 261/261/242 262/262/243 295/295/275
f 261/261/242 295/295/275 294/294/274
f 262/262/243 263/263/244 296/296/276
f 262/262/243 296/296/276 295/295/275
f 263/263/244 264/264/245 297/297/277
f 263/263/244 297/297/277 296/296/276
f 265/266/247 266/265/246 299/298/278
f 265/266/247 299/298/278 298/299/279
f 266/265/246 267/267/248 300/300/280
f 266/265/246 300/300/280 299/298/278
f 267/267/248 268/268/249 301/301/281
f 267/267/248 301/301/281 300/300/280
f 268/268/249 269/269/250 302/302/281
f 268/268/249 302/302/281 301/301/281
f 269/269/250 270/270/250 303/303/281
f 269/269/250 303/303/281 302/302/281
f 270/270/250 271/271/251 304/304/282
f 270/270/250 304/304/282 303/303/281
f 271/271/251 272/272/252 305/305/283
f 271/271/251 305/305/283 304/304/282
f 272/272/252 273/273/253 306/306/284
f 272/272/252 306/306/284 305/305/283
f 273/273/253 274/274/254 307/307/285
f 273/273/253 307/307/285 306/306/284
f 274/274/254 275/275/255 308/308/286
f 274/274/254 308/308/286 307/307/285
f 275/275/255 276/276/256 309/309/287
f 275/275/255 309/309/287 308/308/286
f 276/276/256 277/277/257 310/310/288
f 276/276/256 310/310/288 309/309/287
f 277/277/257 278/278/258 311/311/289
f 277/277/257 311/311/289 310/310/288
f 278/278/258 279/279/259 312/312/290
f 278/278/258 312/312/290 311/311/289
f 279/279/259 280/280/260 313/313/291
f 279/279/259 313/313/291 312/312/290
f 280/280/260 281/281/261 314/314/292
f 280/280/260 314/314/292 313/313/291
f 281/281/261 282/282/262 315/315/293
f 281/281/261 315/315/293 314/314/292
f 282/282/262 283/283/263 316/316/294
f 282/282/262 316/316/294 315/315/293
f 283/283/263 284/284/264 317/317/295
f 283/283/263 317/317/295 316/316/294
f 284/284/264 285/285/265 318/318/296
f 284/284/264 318/318/296 317/317/295
f 285/285/265 286/286/266 319/319/297
f 285/285/265 319/319/297 318/318/296
f 286/286/266 287/287/267 320/320/298
f 286/286/266 320/320/298 319/319/297
f 287/287/267 288/288/268 321/321/299
f 287/287/267 321/321/299 320/320/298
f 288/288/268 289/289/269 322/322/300
f 288/288/268 322/322/300 321/321/299
f 289/289/269 290/290/270 323/323/301
f 289/289/269 323/323/301 322/322/300
f 290/290/270 291/291/271 324/324/302
f 290/290/270 324/324/302 323/323/301
f 291/291/271 292/292/272 325/325/303
f 291/291/271 325/325/303 324/324/302
f 292/292/272 293/293/273 326/326/304
f 292/292/272 326/326/304 325/325/303
f 293/293/273 294/294/274 327/327/305
f 293/293/273 327/327/305 326/326/304
f 294/294/274 295/295/275 328/328/306
f 294/294/274 328/328/306 327/327/305
f 295/295/275 296/296/276 329/329/307
f 295/295/275 329/329/307 328/328/306
f 296/296/276 297/297/277 330/330/308
f 296/296/276 330/330/308 329/329/307
f 298/299/279 299/298/278 332/331/309
f 298/299/279 332/331/309 331/332/310
f 299/298/278 300/300/280 333/333/311
f 299/298/278 333/333/311 332/331/309
f 300/300/280 301/301/281 334/334/312
f 300/300/280 334/334/312 333/333/311
f 301/301/281 302/302/281 335/335/280
f 301/301/281 335/335/280 334/334/312
f 302/302/281 303/303/281 336/336/313
f 302/302/281 336/336/313 335/335/280
f 303/303/281 304/304/282 337/337/314
f 303/303/281 337/337/314 336/336/313
f 304/304/282 305/305/283 338/338/315
f 304/304/282 338/338/315 337/337/314
f 305/305/283 306/306/284 339/339/316
f 305/305/283 339/339/316 338/338/315
f 306/306/284 307/307/285 340/340/317
f 306/306/284 340/340/317 339/339/316
f 307/307/285 308/308/286 341/341/318
f 307/307/285 341/341/318 340/340/317
f 308/308/286 309/309/287 342/342/319
f 308/308/286 342/342/319 341/341/318
f 309/309/287 310/310/288 343/343/320
f 309/309/287 343/343/320 342/342/319
f 310/310/288 311/311/289 344/344/321
f 310/310/288 344/344/321 343/343/320
f 311/311/289 312/312/290 345/345/322
f 311/311/289 345/345/322 344/344/321
f 312/312/290 313/313/291 346/346/323
f 312/312/290 346/346/323 345/345/322
f 313/313/291 314/314/292 347/347/324
f 313/313/291 347/347/324 346/346/323
f 314/314/292 315/315/293 348/348/325
f 314/314/292 348/348/325 347/347/324
f 315/315/293 316/316/294 349/349/326
f 315/315/293 349/349/326 348/348/325
f 316/316/294 317/317/295 350/350/327
f 316/316/294 350/350/327 349/349/326
f 317/317/295 318/318/296 351/351/328
f 317/317/295 351/351/328 350/350/327
f 318/318/296 319/319/297 352/352/329
f 318/318/296 352/352/329 351/351/328
f 319/319/297 320/320/298 353/353/330
f 319/319/297 353/353/330 352/352/329
f 320/320/298 321/321/299 354/354/331
f 320/320/298 354/354/331 353/353/330
f 321/321/299 322/322/300 355/355/332
f 321/321/299 355/355/332 354/354/331
f 322/322/300 323/323/301 356/356/333
f 322/322/300 356/356/333 355/355/332
f 323/323/301 324/324/302 357/357/334
f 323/323/301 357/357/334 356/356/333
f 324/324/302 325/325/303 358/358/335
f 324/324/302 358/358/335 357/357/334
f 325/325/303 326/326/304 359/359/336
f 325/325/303 359/359/336 358/358/335
f 326/326/304 327/327/305 360/360/337
f 326/326/304 360/360/337 359/359/336
f 327/327/305 328/328/306 361/361/338
f 327/327/305 361/361/338 360/360/337
f 328/328/306 329/329/307 362/362/339
f 328/328/306 362/362/339 361/361/338
f 329/329/307 330/330/308 363/363/340
f 329/329/307 363/363/340 362/362/339
f 331/332/310 332/331/309 365/364/341
f 331/332/310 365/364/341 364/365/341
f 332/331/309 333/333/311 366/366/310
f 332/331/309 366/366/310 365/364/341
f 333/333/311 334/334/312 367/367/342
f 333/333/311 367/367/342 366/366/310
f 334/334/312 335/335/280 368/368/343
f 334/334/312 368/368/343 367/367/342
f 335/335/280 336/336/313 369/369/344
f 335/335/280 369/369/344 368/368/343
f 336/336/313 337/337/314 370/370/345
f 336/336/313 370/370/345 369/369/344
f 337/337/314 338/338/315 371/371/346
f 337/337/314 371/371/346 370/370/345
f 338/338/315 339/339/316 372/372/347
f 338/338/315 372/372/347 371/371/346
f 339/339/316 340/340/317 373/373/348
f 339/339/316 373/373/348 372/372/347
f 340/340/317 341/341/318 374/374/349
f 340/340/317 374/374/349 373/373/348
f 341/341/318 342/342/319 375/375/350
f 341/341/318 375/375/350 374/374/349
f 342/342/319 343/343/320 376/376/351
f 342/342/319 376/376/351 375/375/350
f 343/343/320 344/344/321 377/377/352
f 343/343/320 377/377/352 376/376/351
f 344/344/321 345/345/322 378/378/353
f 344/344/321 378/378/353 377/377/352
f 345/345/322 346/346/323 379/379/354
f 345/345/322 379/379/354 378/378/353
f 346/346/323 347/347/324 380/380/355
f 346/346/323 380/380/355 379/379/354
f 347/347/324 348/348/325 381/381/356
f 347/347/324 381/381/356 380/380/355
f 348/348/325 349/349/326 382/382/357
f 348/348/325 382/382/357 381/381/356
f 349/349/326 350/350/327 383/383/358
f 349/349/326 383/383/358 382/382/357
f 350/350/327 351/351/328 384/384/359
f 350/350/327 384/384/359 383/383/358
f 351/351/328 352/352/329 385/385/360
f 351/351/328 385/385/360 384/384/359
f 352/352/329 353/353/330 386/386/361
f 352/352/329 386/386/361 385/385/360
f 353/353/330 354/354/331 387/387/362
f 353/353/330 387/387/362 386/386/361
f 354/354/331 355/355/332 388/388/363
f 354/354/331 388/388/363 387/387/362
f 355/355/332 356/356/333 389/389/364
f 355/355/332 389/389/364 388/388/363
f 356/356/333 357/357/334 390/390/365
f 356/356/333 390/390/365 389/389/364
f 357/357/334 358/358/335 391/391/366
f 357/357/334 391/391/366 390/390/365
f 358/358/335 359/359/336 392/392/367
f 358/358/335 392/392/367 391/391/366
f 359/359/336 360/360/337 393/393/368
f 359/359/336 393/393/368 392/392/367
f 360/360/337 361/361/338 394/394/369
f 360/360/337 394/394/369 393/393/368
f 361/361/338 362/362/339 395/395/370
f 361/361/338 395/395/370 394/394/369
f 362/362/339 363/363/340 396/396/371
f 362/362/339 396/396/371 395/395/370
f 364/365/341 365/364/341 398/397/310
f 364/365/341 398/397/310 397/398/310
f 365/364/341 366/366/310 399/399/310
f 365/364/341 399/399/310 398/397/310
f 366/366/310 367/367/342 400/400/341
f 366/366/310 400/400/341 399/399/310
f 367/367/342 368/368/343 401/401/309
f 367/367/342 401/401/309 400/400/341
f 368/368/343 369/369/344 402/402/372
f 368/368/343 402/402/372 401/401/309
f 369/369/344 370/370/345 403/403/373
f 369/369/344 403/403/373 402/402/372
f 370/370/345 371/371/346 404/404/374
f 370/370/345 404/404/374 403/403/373
f 371/371/346 372/372/347 405/405/375
f 371/371/346 405/405/375 404/404/374
f 372/372/347 373/373/348 406/406/376
f 372/372/347 406/406/376 405/405/375
f 373/373/348 374/374/349 407/407/377
f 373/373/348 407/407/377 406/406/376
f 374/374/349 375/375/350 408/408/378
f 374/374/349 408/408/378 407/407/377
f 375/375/350 376/376/351 409/409/379
f 375/375/350 409/409/379 408/408/378
f 376/376/351 377/377/352 410/410/380
f 376/376/351 410/410/380 409/409/379
f 377/377/352 378/378/353 411/411/381
f 377/377/352 411/411/381 410/410/380
f 378/378/353 379/379/354 412/412/382
f 378/378/353 412/412/382 411/411/381
f 379/379/354 380/380/355 413/413/383
f 379/379/354 413/413/383 412/412/382
f 380/380/355 381/381/356 414/414/384
f 380/380/355 414/414/384 413/413/383
f 381/381/356 382/382/357 415/415/385
f 381/381/356 415/415/385 414/414/384
f 382/382/357 383/383/358 416/416/386
f 382/382/357 416/416/386 415/415/385
f 383/383/358 384/384/359 417/417/387
f 383/383/358 417/417/387 416/416/386
f 384/384/359 385/385/360 418/418/388
f 384/384/359 418/418/388 417/417/387
f 385/385/360 386/386/361 419/419/389
f 385/385/360 419/419/389 418/418/388
f 386/386/361 387/387/362 420/420/390
f 386/386/361 420/420/390 419/419/389
f 387/387/362 388/388/363 421/421/391
f 387/387/362 421/421/391 420/420/390
f 388/388/363 389/389/364 422/422/392
f 388/388/363 422/422/392 421/421/391
f 389/389/364 390/390/365 423/423/393
f 389/389/364 423/423/393 422/422/392
f 390/390/365 391/391/366 424/424/394
f 390/390/365 424/424/394 423/423/393
f 391/391/366 392/392/367 425/425/395
f 391/391/366 425/425/395 424/424/394
f 392/392/367 393/393/368 426/426/396
f 392/392/367 426/426/396 425/425/395
f 393/393/368 394/394/369 427/427/397
f 393/393/368 427/427/397 426/426/396
f 394/394/369 395/395/370 428/428/398
f 394/394/369 428/428/398 427/427/397
f 395/395/370 396/396/371 429/429/399
f 395/395/370 429/429/399 428/428/398
f 397/398/310 398/397/310 431/430/341
f 397/398/310 431/430/341 430/431/310
f 398/397/310 399/399/310 432/432/400
f 398/397/310 432/432/400 431/430/341
f 399/399/310 400/400/341 433/433/401
f 399/399/310 433/433/401 432/432/400
f 400/400/341 401/401/309 434/434/402
f 400/400/341 434/434/402 433/433/401
f 401/401/309 402/402/372 435/435/403
f 401/401/309 435/435/403 434/434/402
f 402/402/372 403/403/373 436/436/404
f 402/402/372 436/436/404 435/435/403
f 403/403/373 404/404/374 437/437/405
f 403/403/373 437/437/405 436/436/404
f 404/404/374 405/405/375 438/438/406
f 404/404/374 438/438/406 437/437/405
f 405/405/375 406/406/376 439/439/407
f 405/405/375 439/439/407 438/438/406
f 406/406/376 407/407/377 440/440/408
f 406/406/376 440/440/408 439/439/407
f 407/407/377 408/408/378 441/441/409
f 407/407/377 441/441/409 440/440/408
f 408/408/378 409/409/379 442/442/410
f 408/408/378 442/442/410 441/441/409
f 409/409/379 410/410/380 443/443/411
f 409/409/379 443/443/411 442/442/410
f 410/410/380 411/411/381 444/444/412
f 410/410/380 444/444/412 443/443/411
f 411/411/381 412/412/382 445/445/413
f 411/411/381 445/445/413 444/444/412
f 412/412/382 413/413/383 446/446/414
f 412/412/382 446/446/414 445/445/413
f 413/413/383 414/414/384 447/447/415
f 413/413/383 447/447/415 446/446/414
f 414/414/384 415/415/385 448/448/416
f 414/414/384 448/448/416 447/447/415
f 415/415/385 416/416/386 449/449/417
f 415/415/385 449/449/417 448/448/416
f 416/416/386 417/417/387 450/450/418
f 416/416/386 450/450/418 449/449/417
f 417/417/387 418/418/388 451/451/419
f 417/417/387 451/451/419 450/450/418
f 418/418/388 419/419/389 452/452/420
f 418/418/388 452/452/420 451/451/419
f 419/419/389 420/420/390 453/453/421
f 419/419/389 453/453/421 452/452/420
f 420/420/390 421/421/391 454/454/422
f 420/420/390 454/454/422 453/453/421
f 421/421/391 422/422/392 455/455/423
f 421/421/391 455/455/423 454/454/422
f 422/422/392 423/423/393 456/456/424
f 422/422/392 456/456/424 455/455/423
f 423/423/393 424/424/394 457/457/425
f 423/423/393 457/457/425 456/456/424
f 424/424/394 425/425/395 458/458/426
f 424/424/394 458/458/426 457/457/425
f 425/425/395 426/426/396 459/459/427
f 425/425/395 459/459/427 458/458/426
f 426/426/396 427/427/397 460/460/428
f 426/426/396 460/460/428 459/459/427
f 427/427/397 428/428/398 461/461/429
f 427/427/397 461/461/429 460/460/428
f 428/428/398 429/429/399 462/462/430
f 428/428/398 462/462/430 461/461/429
f 430/431/310 431/430/341 464/463/401
f 430/431/310 464/463/401 463/464/309
f 431/430/341 432/432/400 465/465/431
f 431/430/341 465/465/431 464/463/401
f 432/432/400 433/433/401 466/466/432
f 432/432/400 466/466/432 465/465/431
f 433/433/401 434/434/402 467/467/433
f 433/433/401 467/467/433 466/466/432
f 434/434/402 435/435/403 468/468/434
f 434/434/402 468/468/434 467/467/433
f 435/435/403 436/436/404 469/469/435
f 435/435/403 469/469/435 468/468/434
f 436/436/404 437/437/405 470/470/436
f 436/436/404 470/470/436 469/469/435
f 437/437/405 438/438/406 471/471/437
f 437/437/405 471/471/437 470/470/436
f 438/438/406 439/439/407 472/472/438
f 438/438/406 472/472/438 471/471/437
f 439/439/407 440/440/408 473/473/439
f 439/439/407 473/473/439 472/472/438
f 440/440/408 441/441/409 474/474/440
f 440/440/408 474/474/440 473/473/439
f 441/441/409 442/442/410 475/475/441
f 441/441/409 475/475/441 474/474/440
f 442/442/410 443/443/411 476/476/442
f 442/442/410 476/476/442 475/475/441
f 443/443/411 444/444/412 477/477/443
f 443/443/411 477/477/443 476/476/442
f 444/444/412 445/445/413 478/478/444
f 444/444/412 478/478/444 477/477/443
f 445/445/413 446/446/414 479/479/445
f 445/445/413 479/479/445 478/478/444
f 446/446/414 447/447/415 480/480/446
f 446/446/414 480/480/446 479/479/445
f 447/447/415 448/448/416 481/481/447
f 447/447/415 481/481/447 480/480/446
f 448/448/416 449/449/417 482/482/448
f 448/448/416 482/482/448 481/481/447
f 449/449/417 450/450/418 483/483/449
f 449/449/417 483/483/449 482/482/448
f 450/450/418 451/451/419 484/484/450
f 450/450/418 484/484/450 483/483/449
f 451/451/419 452/452/420 485/485/451
f 451/451/419 485/485/451 484/484/450
f 452/452/420 453/453/421 486/486/452
f 452/452/420 486/486/452 485/485/451
f 453/453/421 454/454/422 487/487/453
f 453/453/421 487/487/453 486/486/452
f 454/454/422 455/455/423 488/488/454
f 454/454/422 488/488/454 487/487/453
f 455/455/423 456/456/424 489/489/455
f 455/455/423 489/489/455 488/488/454
f 456/456/424 457/457/425 490/490/456
f 456/456/424 490/490/456 489/489/455
f 457/457/425 458/458/426 491/491/457
f 457/457/425 491/491/457 490/490/456
f 458/458/426 459/459/427 492/492/458
f 458/458/426 492/492/458 491/491/457
f 459/459/427 460/460/428 493/493/459
f 459/459/427 493/493/459 492/492/458
f 460/460/428 461/461/429 494/494/460
f 460/460/428 494/494/460 493/493/459
f 461/461/429 462/462/430 495/495/461
f 461/461/429 495/495/461 494/494/460
f 463/464/309 464/463/401 497/496/462
f 463/464/309 497/496/462 496/497/431
f 464/463/401 465/465/431 498/498/463
f 464/463/401 498/498/463 497/496/462
f 465/465/431 466/466/432 499/499/434
f 465/465/431 499/499/434 498/498/463
f 466/466/432 467/467/433 500/500/464
f 466/466/432 500/500/464 499/499/434
f 467/467/433 468/468/434 501/501/464
f 467/467/433 501/501/464 500/500/464
f 468/468/434 469/469/435 502/502/465
f 468/468/434 502/502/465 501/501/464
f 469/469/435 470/470/436 503/503/466
f 469/469/435 503/503/466 502/502/465
f 470/470/436 471/471/437 504/504/467
f 470/470/436 504/504/467 503/503/466
f 471/471/437 472/472/438 505/505/468
f 471/471/437 505/505/468 504/504/467
f 472/472/438 473/473/439 506/506/469
f 472/472/438 506/506/469 505/505/468
f 473/473/439 474/474/440 507/507/470
f 473/473/439 507/507/470 506/506/469
f 474/474/440 475/475/441 508/508/471
f 474/474/440 508/508/471 507/507/470
f 475/475/441 476/476/442 509/509/472
f 475/475/441 509/509/472 508/508/471
f 476/476/442 477/477/443 510/510/473
f 476/476/442 510/510/473 509/509/472
f 477/477/443 478/478/444 511/511/474
f 477/477/443 511/511/474 510/510/473
f 478/478/444 479/479/445 512/512/475
f 478/478/444 512/512/475 511/511/474
f 479/479/445 480/480/446 513/513/476
f 479/479/445 513/513/476 512/512/475
f 480/480/446 481/481/447 514/514/477
f 480/480/446 514/514/477 513/513/476
f 481/481/447 482/482/448 515/515/478
f 481/481/447 515/515/478 514/514/477
f 482/482/448 483/483/449 516/516/479
f 482/482/448 516/516/479 515/515/478
f 483/483/449 484/484/450 517/517/480
f 483/483/449 517/517/480 516/516/479
f 484/484/450 485/485/451 518/518/481
f 484/484/450 518/518/481 517/517/480
f 485/485/451 486/486/452 519/519/482
f 485/485/451 519/519/482 518/518/481
f 486/486/452 487/487/453 520/520/483
f 486/486/452 520/520/483 519/519/482
f 487/487/453 488/488/454 521/521/484
f 487/487/453 521/521/484 520/520/483
f 488/488/454 489/489/455 522/522/485
f 488/488/454 522/522/485 521/521/484
f 489/489/455 490/490/456 523/523/486
f 489/489/455 523/523/486 522/522/485
f 490/490/456 491/491/457 524/524/487
f 490/490/456 524/524/487 523/523/486
f 491/491/457 492/492/458 525/525/488
f 491/491/457 525/525/488 524/524/487
f 492/492/458 493/493/459 526/526/489
f 492/492/458 526/526/489 525/525/488
f 493/493/459 494/494/460 527/527/490
f 493/493/459 527/527/490 526/526/489
f 494/494/460 495/495/461 528/528/491
f 494/494/460 528/528/491 527/527/490
f 496/497/431 497/496/462 530/529/492
f 496/497/431 530/529/492 529/530/493
f 497/496/462 498/498/463 531/531/494
f 497/496/462 531/531/494 530/529/492
f 498/498/463 499/499/434 532/532/494
f 498/498/463 532/532/494 531/531/494
f 499/499/434 500/500/464 533/533/495
f 499/499/434 533/533/495 532/532/494
f 500/500/464 501/501/464 534/534/495
f 500/500/464 534/534/495 533/533/495
f 501/501/464 502/502/465 535/535/496
f 501/501/464 535/535/496 534/534/495
f 502/502/465 503/503/466 536/536/497
f 502/502/465 536/536/497 535/535/496
f 503/503/466 504/504/467 537/537/498
f 503/503/466 537/537/498 536/536/497
f 504/504/467 505/505/468 538/538/499
f 504/504/467 538/538/499 537/537/498
f 505/505/468 506/506/469 539/539/500
f 505/505/468 539/539/500 538/538/499
f 506/506/469 507/507/470 540/540/501
f 506/506/469 540/540/501 539/539/500
f 507/507/470 508/508/471 541/541/502
f 507/507/470 541/541/502 540/540/501
f 508/508/471 509/509/472 542/542/503
f 508/508/471 542/542/503 541/541/502
f 509/509/472 510/510/473 543/543/504
f 509/509/472 543/543/504 542/542/503
f 510/510/473 511/511/474 544/544/505
f 510/510/473 544/544/505 543/543/504
f 511/511/474 512/512/475 545/545/506
f 511/511/474 545/545/506 544/544/505
f 512/512/475 513/513/476 546/546/507
f 512/512/475 546/546/507 545/545/506
f 513/513/476 514/514/477 547/547/508
f 513/513/476 547/547/508 546/546/507
f 514/514/477 515/515/478 548/548/509
f 514/514/477 548/548/509 547/547/508
f 515/515/478 516/516/479 549/549/510
f 515/515/478 549/549/510 548/548/509
f 516/516/479 517/517/480 550/550/511
f 516/516/479 550/550/511 549/549/510
f 517/517/480 518/518/481 551/551/512
f 517/517/480 551/551/512 550/550/511
f 518/518/481 519/519/482 552/552/513
f 518/518/481 552/552/513 551/551/512
f 519/519/482 520/520/483 553/553/514
f 519/519/482 553/553/514 552/552/513
f 520/520/483 521/521/484 554/554/515
f 520/520/483 554/554/515 553/553/514
f 521/521/484 522/522/485 555/555/516
f 521/521/484 555/555/516 554/554/515
f 522/522/485 523/523/486 556/556/517
f 522/522/485 556/556/517 555/555/516
f 523/523/486 524/524/487 557/557/518
f 523/523/486 557/557/518 556/556/517
f 524/524/487 525/525/488 558/558/519
f 524/524/487 558/558/519 557/557/518
f 525/525/488 526/526/489 559/559/520
f 525/525/488 559/559/520 558/558/519
f 526/526/489 527/527/490 560/560/521
f 526/526/489 560/560/521 559/559/520
f 527/527/490 528/528/491 561/561/522
f 527/527/490 561/561/522 560/560/521
f 529/530/493 530/529/492 563/562/523
f 529/530/493 563/562/523 562/563/524
f 530/529/492 531/531/494 564/564/525
f 530/529/492 564/564/525 563/562/523
f 531/531/494 532/532/494 565/565/526
f 531/531/494 565/565/526 564/564/525
f 532/532/494 533/533/495 566/566/494
f 532/532/494 566/566/494 565/565/526
f 533/533/495 534/534/495 567/567/494
f 533/533/495 567/567/494 566/566/494
f 534/534/495 535/535/496 568/568/527
f 534/534/495 568/568/527 567/567/494
f 535/535/496 536/536/497 569/569/528
f 535/535/496 569/569/528 568/568/527
f 536/536/497 537/537/498 570/570/529
f 536/536/497 570/570/529 569/569/528
f 537/537/498 538/538/499 571/571/530
f 537/537/498 571/571/530 570/570/529
f 538/538/499 539/539/500 572/572/531
f 538/538/499 572/572/531 571/571/530
f 539/539/500 540/540/501 573/573/532
f 539/539/500 573/573/532 572/572/531
f 540/540/501 541/541/502 574/574/533
f 540/540/501 574/574/533 573/573/532
f 541/541/502 542/542/503 575/575/534
f 541/541/502 575/575/534 574/574/533
f 542/542/503 543/543/504 576/576/535
f 542/542/503 576/576/535 575/575/534
f 543/543/504 544/544/505 577/577/536
f 543/543/504 577/577/536 576/576/535
f 544/544/505 545/545/506 578/578/537
f 544/544/505 578/578/537 577/577/536
f 545/545/506 546/546/507 579/579/538
f 545/545/506 579/579/538 578/578/537
f 546/546/507 547/547/508 580/580/539
f 546/546/507 580/580/539 579/579/538
f 547/547/508 548/548/509 581/581/540
f 547/547/508 581/581/540 580/580/539
f 548/548/509 549/549/510 582/582/541
f 548/548/509 582/582/541 581/581/540
f 549/549/510 550/550/511 583/583/542
f 549/549/510 583/583/542 582/582/541
f 550/550/511 551/551/512 584/584/543
f 550/550/511 584/584/543 583/583/542
f 551/551/512 552/552/513 585/585/544
f 551/551/512 585/585/544 584/584/543
f 552/552/513 553/553/514 586/586/545
f 552/552/513 586/586/545 585/585/544
f 553/553/514 554/554/515 587/587/546
f 553/553/514 587/587/546 586/586/545
f 554/554/515 555/555/516 588/588/547
f 554/554/515 588/588/547 587/587/546
f 555/555/516 556/556/517 589/589/548
f 555/555/516 589/589/548 588/588/547
f 556/556/517 557/557/518 590/590/549
f 556/556/517 590/590/549 589/589/548
f 557/557/518 558/558/519 591/591/550
f 557/557/518 591/591/550 590/590/549
f 558/558/519 559/559/520 592/592/551
f 558/558/519 592/592/551 591/591/550
f 559/559/520 560/560/521 593/593/552
f 559/559/520 593/593/552 592/592/551
f 560/560/521 561/561/522 594/594/553
f 560/560/521 594/594/553 593/593/552
f 562/563/524 563/562/523 596/595/554
f 562/563/524 596/595/554 595/596/554
f 563/562/523 564/564/525 597/597/555
f 563/562/523 597/597/555 596/595/554
f 564/564/525 565/565/526 598/598/556
f 564/564/525 598/598/556 597/597/555
f 565/565/526 566/566/494 599/599/525
f 565/565/526 599/599/525 598/598/556
f 566/566/494 567/567/494 600/600/526
f 566/566/494 600/600/526 599/599/525
f 567/567/494 568/568/527 601/601/557
f 567/567/494 601/601/557 600/600/526
f 568/568/527 569/569/528 602/602/558
f 568/568/527 602/602/558 601/601/557
f 569/569/528 570/570/529 603/603/559
f 569/569/528 603/603/559 602/602/558
f 570/570/529 571/571/530 604/604/560
f 570/570/529 604/604/560 603/603/559
f 571/571/530 572/572/531 605/605/561
f 571/571/530 605/605/561 604/604/560
f 572/572/531 573/573/532 606/606/562
f 572/572/531 606/606/562 605/605/561
f 573/573/532 574/574/533 607/607/563
f 573/573/532 607/607/563 606/606/562
f 574/574/533 575/575/534 608/608/564
f 574/574/533 608/608/564 607/607/563
f 575/575/534 576/576/535 609/609/565
f 575/575/534 609/609/565 608/608/564
f 576/576/535 577/577/536 610/610/566
f 576/576/535 610/610/566 609/609/565
f 577/577/536 578/578/537 611/611/567
f 577/577/536 611/611/567 610/610/566
f 578/578/537 579/579/538 612/612/568
f 578/578/537 612/612/568 611/611/567
f 579/579/538 580/580/539 613/613/569
f 579/579/538 613/613/569 612/612/568
f 580/580/539 581/581/540 614/614/570
f 580/580/539 614/614/570 613/613/569
f 581/581/540 582/582/541 615/615/571
f 581/581/540 615/615/571 614/614/570
f 582/582/541 583/583/542 616/616/572
f 582/582/541 616/616/572 615/615/571
f 583/583/542 584/584/543 617/617/573
f 583/583/542 617/617/573 616/616/572
f 584/584/543 585/585/544 618/618/574
f 584/584/543 618/618/574 617/617/573
f 585/585/544 586/586/545 619/619/575
f 585/585/544 619/619/575 618/618/574
f 586/586/545 587/587/546 620/620/576
f 586/586/545 620/620/576 619/619/575
f 587/587/546 588/588/547 621/621/577
f 587/587/546 621/621/577 620/620/576
f 588/588/547 589/589/548 622/622/578
f 588/588/547 622/622/578 621/621/577
f 589/589/548 590/590/549 623/623/579
f 589/589/548 623/623/579 622/622/578
f 590/590/549 591/591/550 624/624/580
f 590/590/549 624/624/580 623/623/579
f 591/591/550 592/592/551 625/625/581
f 591/591/550 625/625/581 624/624/580
f 592/592/551 593/593/552 626/626/582
f 592/592/551 626/626/582 625/625/581
f 593/593/552 594/594/553 627/627/583
f 593/593/552 627/627/583 626/626/582
f 595/596/554 596/595/554 629/628/584
f 595/596/554 629/628/584 628/629/584
f 596/595/554 597/597/555 630/630/584
f 596/595/554 630/630/584 629/628/584
f 597/597/555 598/598/556 631/631/584
f 597/597/555 631/631/584 630/630/584
f 598/598/556 599/599/525 632/632/524
f 598/598/556 632/632/524 631/631/584
f 599/599/525 600/600/526 633/633/585
f 599/599/525 633/633/585 632/632/524
f 600/600/526 601/601/557 634/634/586
f 600/600/526 634/634/586 633/633/585
f 601/601/557 602/602/558 635/635/587
f 601/601/557 635/635/587 634/634/586
f 602/602/558 603/603/559 636/636/588
f 602/602/558 636/636/588 635/635/587
f 603/603/559 604/604/560 637/637/589
f 603/603/559 637/637/589 636/636/588
f 604/604/560 605/605/561 638/638/590
f 604/604/560 638/638/590 637/637/589
f 605/605/561 606/606/562 639/639/591
f 605/605/561 639/639/591 638/638/590
f 606/606/562 607/607/563 640/640/592
f 606/606/562 640/640/592 639/639/591
f 607/607/563 608/608/564 641/641/593
f 607/607/563 641/641/593 640/640/592
f 608/608/564 609/609/565 642/642/594
f 608/608/564 642/642/594 641/641/593
f 609/609/565 610/610/566 643/643/595
f 609/609/565 643/643/595 642/642/594
f 610/610/566 611/611/567 644/644/596
f 610/610/566 644/644/596 643/643/595
f 611/611/567 612/612/568 645/645/597
f 611/611/567 645/645/597 644/644/596
f 612/612/568 613/613/569 646/646/598
f 612/612/568 646/646/598 645/645/597
f 613/613/569 614/614/570 647/647/599
f 613/613/569 647/647/599 646/646/598
f 614/614/570 615/615/571 648/648/600
f 614/614/570 648/648/600 647/647/599
f 615/615/571 616/616/572 649/649/601
f 615/615/571 649/649/601 648/648/600
f 616/616/572 617/617/573 650/650/602
f 616/616/572 650/650/602 649/649/601
f 617/617/573 618/618/574 651/651/603
f 617/617/573 651/651/603 650/650/602
f 618/618/574 619/619/575 652/652/604
f 618/618/574 652/652/604 651/651/603
f 619/619/575 620/620/576 653/653/605
f 619/619/575 653/653/605 652/652/604
f 620/620/576 621/621/577 654/654/606
f 620/620/576 654/654/606 653/653/605
f 621/621/577 622/622/578 655/655/607
f 621/621/577 655/655/607 654/654/606
f 622/622/578 623/623/579 656/656/608
f 622/622/578 656/656/608 655/655/607
f 623/623/579 624/624/580 657/657/609
f 623/623/579 657/657/609 656/656/608
f 624/624/580 625/625/581 658/658/610
f 624/624/580 658/658/610 657/657/609
f 625/625/581 626/626/582 659/659/611
f 625/625/581 659/659/611 658/658/610
f 626/626/582 627/627/583 660/660/612
f 626/626/582 660/660/612 659/659/611
f 628/629/584 629/628/584 662/661/554
f 628/629/584 662/661/554 661/662/554
f 629/628/584 630/630/584 663/663/613
f 629/628/584 663/663/613 662/661/554
f 630/630/584 631/631/584 664/664/614
f 630/630/584 664/664/614 663/663/613
f 631/631/584 632/632/524 665/665/615
f 631/631/584 665/665/615 664/664/614
f 632/632/524 633/633/585 666/666/616
f 632/632/524 666/666/616 665/665/615
f 633/633/585 634/634/586 667/667/617
f 633/633/585 667/667/617 666/666/616
f 634/634/586 635/635/587 668/668/618
f 634/634/586 668/668/618 667/667/617
f 635/635/587 636/636/588 669/669/619
f 635/635/587 669/669/619 668/668/618
f 636/636/588 637/637/589 670/670/620
f 636/636/588 670/670/620 669/669/619
f 637/637/589 638/638/590 671/671/621
f 637/637/589 671/671/621 670/670/620
f 638/638/590 639/639/591 672/672/622
f 638/638/590 672/672/622 671/671/621
f 639/639/591 640/640/592 673/673/623
f 639/639/591 673/673/623 672/672/622
f 640/640/592 641/641/593 674/674/624
f 640/640/592 674/674/624 673/673/623
f 641/641/593 642/642/594 675/675/625
f 641/641/593 675/675/625 674/674/624
f 642/642/594 643/643/595 676/676/626
f 642/642/594 676/676/626 675/675/625
f 643/643/595 644/644/596 677/677/627
f 643/643/595 677/677/627 676/676/626
f 644/644/596 645/645/597 678/678/628
f 644/644/596 678/678/628 677/677/627
f 645/645/597 646/646/598 679/679/629
f 645/645/597 679/679/629 678/678/628
f 646/646/598 647/647/599 680/680/630
f 646/646/598 680/680/630 679/679/629
f 647/647/599 648/648/600 681/681/631
f 647/647/599 681/681/631 680/680/630
f 648/648/600 649/649/601 682/682/632
f 648/648/600 682/682/632 681/681/631
f 649/649/601 650/650/602 683/683/633
f 649/649/601 683/683/633 682/682/632
f 650/650/602 651/651/603 684/684/634
f 650/650/602 684/684/634 683/683/633
f 651/651/603 652/652/604 685/685/635
f 651/651/603 685/685/635 684/684/634
f 652/652/604 653/653/605 686/686/636
f 652/652/604 686/686/636 685/685/635
f 653/653/605 654/654/606 687/687/637
f 653/653/605 687/687/637 686/686/636
f 654/654/606 655/655/607 688/688/638
f 654/654/606 688/688/638 687/687/637
f 655/655/607 656/656/608 689/689/639
f 655/655/607 689/689/639 688/688/638
f 656/656/608 657/657/609 690/690/640
f 656/656/608 690/690/640 689/689/639
f 657/657/609 658/658/610 691/691/641
f 657/657/609 691/691/641 690/690/640
f 658/658/610 659/659/611 692/692/642
f 658/658/610 692/692/642 691/691/641
f 659/659/611 660/660/612 693/693/643
f 659/659/611 693/693/643 692/692/642
f 661/662/554 662/661/554 695/694/524
f 661/662/554 695/694/524 694/695/644
f 662/661/554 663/663/613 696/696/645
f 662/661/554 696/696/645 695/694/524
f 663/663/613 664/664/614 697/697/646
f 663/663/613 697/697/646 696/696/645
f 664/664/614 665/665/615 698/698/647
f 664/664/614 698/698/647 697/697/646
f 665/665/615 666/666/616 699/699/648
f 665/665/615 699/699/648 698/698/647
f 666/666/616 667/667/617 700/700/649
f 666/666/616 700/700/649 699/699/648
f 667/667/617 668/668/618 701/701/650
f 667/667/617 701/701/650 700/700/649
f 668/668/618 669/669/619 702/702/651
f 668/668/618 702/702/651 701/701/650
f 669/669/619 670/670/620 703/703/652
f 669/669/619 703/703/652 702/702/651
f 670/670/620 671/671/621 704/704/653
f 670/670/620 704/704/653 703/703/652
f 671/671/621 672/672/622 705/705/654
f 671/671/621 705/705/654 704/704/653
f 672/672/622 673/673/623 706/706/655
f 672/672/622 706/706/655 705/705/654
f 673/673/623 674/674/624 707/707/656
f 673/673/623 707/707/656 706/706/655
f 674/674/624 675/675/625 708/708/657
f 674/674/624 708/708/657 707/707/656
f 675/675/625 676/676/626 709/709/658
f 675/675/625 709/709/658 708/708/657
f 676/676/626 677/677/627 710/710/659
f 676/676/626 710/710/659 709/709/658
f 677/677/627 678/678/628 711/711/660
f 677/677/627 711/711/660 710/710/659
f 678/678/628 679/679/629 712/712/661
f 678/678/628 712/712/661 711/711/660
f 679/679/629 680/680/630 713/713/662
f 679/679/629 713/713/662 712/712/661
f 680/680/630 681/681/631 714/714/663
f 680/680/630 714/714/663 713/713/662
f 681/681/631 682/682/632 715/715/664
f 681/681/631 715/715/664 714/714/663
f 682/682/632 683/683/633 716/716/665
f 682/682/632 716/716/665 715/715/664
f 683/683/633 684/684/634 717/717/666
f 683/683/633 717/717/666 716/716/665
f 684/684/634 685/685/635 718/718/667
f 684/684/634 718/718/667 717/717/666
f 685/685/635 686/686/636 719/719/668
f 685/685/635 719/719/668 718/718/667
f 686/686/636 687/687/637 720/720/669
f 686/686/636 720/720/669 719/719/668
f 687/687/637 688/688/638 721/721/670
f 687/687/637 721/721/670 720/720/669
f 688/688/638 689/689/639 722/722/671
f 688/688/638 722/722/671 721/721/670
f 689/689/639 690/690/640 723/723/672
f 689/689/639 723/723/672 722/722/671
f 690/690/640 691/691/641 724/724/673
f 690/690/640 724/724/673 723/723/672
f 691/691/641 692/692/642 725/725/674
f 691/691/641 725/725/674 724/724/673
f 692/692/642 693/693/643 726/726/675
f 692/692/642 726/726/675 725/725/674
f 694/695/644 695/694/524 728/727/676
f 694/695/644 728/727/676 727/728/677
f 695/694/524 696/696/645 729/729/678
f 695/694/524 729/729/678 728/727/676
f 696/696/645 697/697/646 730/730/679
f 696/696/645 730/730/679 729/729/678
f 697/697/646 698/698/647 731/731/680
f 697/697/646 731/731/680 730/730/679
f 698/698/647 699/699/648 732/732/681
f 698/698/647 732/732/681 731/731/680
f 699/699/648 700/700/649 733/733/682
f 699/699/648 733/733/682 732/732/681
f 700/700/649 701/701/650 734/734/683
f 700/700/649 734/734/683 733/733/682
f 701/701/650 702/702/651 735/735/684
f 701/701/650 735/735/684 734/734/683
f 702/702/651 703/703/652 736/736/685
f 702/702/651 736/736/685 735/735/684
f 703/703/652 704/704/653 737/737/686
f 703/703/652 737/737/686 736/736/685
f 704/704/653 705/705/654 738/738/687
f 704/704/653 738/738/687 737/737/686
f 705/705/654 706/706/655 739/739/688
f 705/705/654 739/739/688 738/738/687
f 706/706/655 707/707/656 740/740/689
f 706/706/655 740/740/689 739/739/688
f 707/707/656 708/708/657 741/741/690
f 707/707/656 741/741/690 740/740/689
f 708/708/657 709/709/658 742/742/691
f 708/708/657 742/742/691 741/741/690
f 709/709/658 710/710/659 743/743/692
f 709/709/658 743/743/692 742/742/691
f 710/710/659 711/711/660 744/744/693
f 710/710/659 744/744/693 743/743/692
f 711/711/660 712/712/661 745/745/694
f 711/711/660 745/745/694 744/744/693
f 712/712/661 713/713/662 746/746/695
f 712/712/661 746/746/695 745/745/694
f 713/713/662 714/714/663 747/747/696
f 713/713/662 747/747/696 746/746/695
f 714/714/663 715/715/664 748/748/697
f 714/714/663 748/748/697 747/747/696
f 715/715/664 716/716/665 749/749/698
f 715/715/664 749/749/698 748/748/697
f 716/716/665 717/717/666 750/750/699
f 716/716/665 750/750/699 749/749/698
f 717/717/666 718/718/667 751/751/700
f 717/717/666 751/751/700 750/750/699
f 718/718/667 719/719/668 752/752/701
f 718/718/667 752/752/701 751/751/700
f 719/719/668 720/720/669 753/753/702
f 719/719/668 753/753/702 752/752/701
f 720/720/669 721/721/670 754/754/703
f 720/720/669 754/754/703 753/753/702
f 721/721/670 722/722/671 755/755/704
f 721/721/670 755/755/704 754/754/703
f 722/722/671 723/723/672 756/756/705
f 722/722/671 756/756/705 755/755/704
f 723/723/672 724/724/673 757/757/706
f 723/723/672 757/757/706 756/756/705
f 724/724/673 725/725/674 758/758/707
f 724/724/673 758/758/707 757/757/706
f 725/725/674 726/726/675 759/759/708
f 725/725/674 759/759/708 758/758/707
f 727/728/677 728/727/676 761/760/709
f 727/728/677 761/760/709 760/761/710
f 728/727/676 729/729/678 762/762/711
f 728/727/676 762/762/711 761/760/709
f 729/729/678 730/730/679 763/763/712
f 729/729/678 763/763/712 762/762/711
f 730/730/679 731/731/680 764/764/713
f 730/730/679 764/764/713 763/763/712
f 731/731/680 732/732/681 765/765/714
f 731/731/680 765/765/714 764/764/713
f 732/732/681 733/733/682 766/766/715
f 732/732/681 766/766/715 765/765/714
f 733/733/682 734/734/683 767/767/716
f 733/733/682 767/767/716 766/766/715
f 734/734/683 735/735/684 768/768/717
f 734/734/683 768/768/717 767/767/716
f 735/735/684 736/736/685 769/769/718
f 735/735/684 769/769/718 768/768/717
f 736/736/685 737/737/686 770/770/719
f 736/736/685 770/770/719 769/769/718
f 737/737/686 738/738/687 771/771/720
f 737/737/686 771/771/720 770/770/719
f 738/738/687 739/739/688 772/772/721
f 738/738/687 772/772/721 771/771/720
f 739/739/688 740/740/689 773/773/722
f 739/739/688 773/773/722 772/772/721
f 740/740/689 741/741/690 774/774/723
f 740/740/689 774/774/723 773/773/722
f 741/741/690 742/742/691 775/775/724
f 741/741/690 775/775/724 774/774/723
f 742/742/691 743/743/692 776/776/725
f 742/742/691 776/776/725 775/775/724
f 743/743/692 744/744/693 777/777/726
f 743/743/692 777/777/726 776/776/725
f 744/744/693 745/745/694 778/778/727
f 744/744/693 778/778/727 777/777/726
f 745/745/694 746/746/695 779/779/728
f 745/745/694 779/779/728 778/778/727
f 746/746/695 747/747/696 780/780/729
f 746/746/695 780/780/729 779/779/728
f 747/747/696 748/748/697 781/781/730
f 747/747/696 781/781/730 780/780/729
f 748/748/697 749/749/698 782/782/731
f 748/748/697 782/782/731 781/781/730
f 749/749/698 750/750/699 783/783/732
f 749/749/698 783/783/732 782/782/731
f 750/750/699 751/751/700 784/784/733
f 750/750/699 784/784/733 783/783/732
f 751/751/700 752/752/701 785/785/734
f 751/751/700 785/785/734 784/784/733
f 752/752/701 753/753/702 786/786/735
f 752/752/701 786/786/735 785/785/734
f 753/753/702 754/754/703 787/787/736
f 753/753/702 787/787/736 786/786/735
f 754/754/703 755/755/704 788/788/737
f 754/754/703 788/788/737 787/787/736
f 755/755/704 756/756/705 789/789/738
f 755/755/704 789/789/738 788/788/737
f 756/756/705 757/757/706 790/790/739
f 756/756/705 790/790/739 789/789/738
f 757/757/706 758/758/707 791/791/740
f 757/757/706 791/791/740 790/790/739
f 758/758/707 759/759/708 792/792/741
f 758/758/707 792/792/741 791/791/740
f 760/761/710 761/760/709 794/793/742
f 760/761/710 794/793/742 793/794/743
f 761/760/709 762/762/711 795/795/744
f 761/760/709 795/795/744 794/793/742
f 762/762/711 763/763/712 796/796/745
f 762/762/711 796/796/745 795/795/744
f 763/763/712 764/764/713 797/797/745
f 763/763/712 797/797/745 796/796/745
f 764/764/713 765/765/714 798/798/745
f 764/764/713 798/798/745 797/797/745
f 765/765/714 766/766/715 799/799/746
f 765/765/714 799/799/746 798/798/745
f 766/766/715 767/767/716 800/800/747
f 766/766/715 800/800/747 799/799/746
f 767/767/716 768/768/717 801/801/748
f 767/767/716 801/801/748 800/800/747
f 768/768/717 769/769/718 802/802/749
f 768/768/717 802/802/749 801/801/748
f 769/769/718 770/770/719 803/803/750
f 769/769/718 803/803/750 802/802/749
f 770/770/719 771/771/720 804/804/751
f 770/770/719 804/804/751 803/803/750
f 771/771/720 772/772/721 805/805/752
f 771/771/720 805/805/752 804/804/751
f 772/772/721 773/773/722 806/806/753
f 772/772/721 806/806/753 805/805/752
f 773/773/722 774/774/723 807/807/754
f 773/773/722 807/807/754 806/806/753
f 774/774/723 775/775/724 808/808/755
f 774/774/723 808/808/755 807/807/754
f 775/775/724 776/776/725 809/809/756
f 775/775/724 809/809/756 808/808/755
f 776/776/725 777/777/726 810/810/757
f 776/776/725 810/810/757 809/809/756
f 777/777/726 778/778/727 811/811/758
f 777/777/726 811/811/758 810/810/757
f 778/778/727 779/779/728 812/812/759
f 778/778/727 812/812/759 811/811/758
f 779/779/728 780/780/729 813/813/760
f 779/779/728 813/813/760 812/812/759
f 780/780/729 781/781/730 814/814/761
f 780/780/729 814/814/761 813/813/760
f 781/781/730 782/782/731 815/815/762
f 781/781/730 815/815/762 814/814/761
f 782/782/731 783/783/732 816/816/763
f 782/782/731 816/816/763 815/815/762
f 783/783/732 784/784/733 817/817/764
f 783/783/732 817/817/764 816/816/763
f 784/784/733 785/785/734 818/818/765
f 784/784/733 818/818/765 817/817/764
f 785/785/734 786/786/735 819/819/766
f 785/785/734 819/819/766 818/818/765
f 786/786/735 787/787/736 820/820/767
f 786/786/735 820/820/767 819/819/766
f 787/787/736 788/788/737 821/821/768
f 787/787/736 821/821/768 820/820/767
f 788/788/737 789/789/738 822/822/769
f 788/788/737 822/822/769 821/821/768
f 789/789/738 790/790/739 823/823/770
f 789/789/738 823/823/770 822/822/769
f 790/790/739 791/791/740 824/824/771
f 790/790/739 824/824/771 823/823/770
f 791/791/740 792/792/741 825/825/772
f 791/791/740 825/825/772 824/824/771
f 793/794/743 794/793/742 827/826/773
f 793/794/743 827/826/773 826/827/774
f 794/793/742 795/795/744 828/828/775
f 794/793/742 828/828/775 827/826/773
f 795/795/744 796/796/745 829/829/742
f 795/795/744 829/829/742 828/828/775
f 796/796/745 797/797/745 830/830/744
f 796/796/745 830/830/744 829/829/742
f 797/797/745 798/798/745 831/831/745
f 797/797/745 831/831/745 830/830/744
f 798/798/745 799/799/746 832/832/776
f 798/798/745 832/832/776 831/831/745
f 799/799/746 800/800/747 833/833/777
f 799/799/746 833/833/777 832/832/776
f 800/800/747 801/801/748 834/834/778
f 800/800/747 834/834/778 833/833/777
f 801/801/748 802/802/749 835/835/779
f 801/801/748 835/835/779 834/834/778
f 802/802/749 803/803/750 836/836/780
f 802/802/749 836/836/780 835/835/779
f 803/803/750 804/804/751 837/837/781
f 803/803/750 837/837/781 836/836/780
f 804/804/751 805/805/752 838/838/782
f 804/804/751 838/838/782 837/837/781
f 805/805/752 806/806/753 839/839/783
f 805/805/752 839/839/783 838/838/782
f 806/806/753 807/807/754 840/840/784
f 806/806/753 840/840/784 839/839/783
f 807/807/754 808/808/755 841/841/785
f 807/807/754 841/841/785 840/840/784
f 808/808/755 809/809/756 842/842/786
f 808/808/755 842/842/786 841/841/785
f 809/809/756 810/810/757 843/843/787
f 809/809/756 843/843/787 842/842/786
f 810/810/757 811/811/758 844/844/788
f 810/810/757 844/844/788 843/843/787
f 811/811/758 812/812/759 845/845/789
f 811/811/758 845/845/789 844/844/788
f 812/812/759 813/813/760 846/846/790
f 812/812/759 846/846/790 845/845/789
f 813/813/760 814/814/761 847/847/791
f 813/813/760 847/847/791 846/846/790
f 814/814/761 815/815/762 848/848/792
f 814/814/761 848/848/792 847/847/791
f 815/815/762 816/816/763 849/849/793
f 815/815/762 849/849/793 848/848/792
f 816/816/763 817/817/764 850/850/794
f 816/816/763 850/850/794 849/849/793
f 817/817/764 818/818/765 851/851/795
f 817/817/764 851/851/795 850/850/794
f 818/818/765 819/819/766 852/852/796
f 818/818/765 852/852/796 851/851/795
f 819/819/766 820/820/767 853/853/797
f 819/819/766 853/853/797 852/852/796
f 820/820/767 821/821/768 854/854/798
f 820/820/767 854/854/798 853/853/797
f 821/821/768 822/822/769 855/855/799
f 821/821/768 855/855/799 854/854/798
f 822/822/769 823/823/770 856/856/800
f 822/822/769 856/856/800 855/855/799
f 823/823/770 824/824/771 857/857/801
f 823/823/770 857/857/801 856/856/800
f 824/824/771 825/825/772 858/858/802
f 824/824/771 858/858/802 857/857/801
f 826/827/774 827/826/773 860/859/774
f 826/827/774 860/859/774 859/860/774
f 827/826/773 828/828/775 861/861/774
f 827/826/773 861/861/774 860/859/774
f 828/828/775 829/829/742 862/862/803
f 828/828/775 862/862/803 861/861/774
f 829/829/742 830/830/744 863/863/804
f 829/829/742 863/863/804 862/862/803
f 830/830/744 831/831/745 864/864/805
f 830/830/744 864/864/805 863/863/804
f 831/831/745 832/832/776 865/865/806
f 831/831/745 865/865/806 864/864/805
f 832/832/776 833/833/777 866/866/807
f 832/832/776 866/866/807 865/865/806
f 833/833/777 834/834/778 867/867/808
f 833/833/777 867/867/808 866/866/807
f 834/834/778 835/835/779 868/868/809
f 834/834/778 868/868/809 867/867/808
f 835/835/779 836/836/780 869/869/810
f 835/835/779 869/869/810 868/868/809
f 836/836/780 837/837/781 870/870/811
f 836/836/780 870/870/811 869/869/810
f 837/837/781 838/838/782 871/871/812
f 837/837/781 871/871/812 870/870/811
f 838/838/782 839/839/783 872/872/813
f 838/838/782 872/872/813 871/871/812
f 839/839/783 840/840/784 873/873/814
f 839/839/783 873/873/814 872/872/813
f 840/840/784 841/841/785 874/874/815
f 840/840/784 874/874/815 873/873/814
f 841/841/785 842/842/786 875/875/816
f 841/841/785 875/875/816 874/874/815
f 842/842/786 843/843/787 876/876/817
f 842/842/786 876/876/817 875/875/816
f 843/843/787 844/844/788 877/877/818
f 843/843/787 877/877/818 876/876/817
f 844/844/788 845/845/789 878/878/819
f 844/844/788 878/878/819 877/877/818
f 845/845/789 846/846/790 879/879/820
f 845/845/789 879/879/820 878/878/819
f 846/846/790 847/847/791 880/880/821
f 846/846/790 880/880/821 879/879/820
f 847/847/791 848/848/792 881/881/822
f 847/847/791 881/881/822 880/880/821
f 848/848/792 849/849/793 882/882/823
f 848/848/792 882/882/823 881/881/822
f 849/849/793 850/850/794 883/883/824
f 849/849/793 883/883/824 882/882/823
f 850/850/794 851/851/795 884/884/825
f 850/850/794 884/884/825 883/883/824
f 851/851/795 852/852/796 885/885/826
f 851/851/795 885/885/826 884/884/825
f 852/852/796 853/853/797 886/886/827
f 852/852/796 886/886/827 885/885/826
f 853/853/797 854/854/798 887/887/828
f 853/853/797 887/887/828 886/886/827
f 854/854/798 855/855/799 888/888/829
f 854/854/798 888/888/829 887/887/828
f 855/855/799 856/856/800 889/889/830
f 855/855/799 889/889/830 888/888/829
f 856/856/800 857/857/801 890/890/831
f 856/856/800 890/890/831 889/889/830
f 857/857/801 858/858/802 891/891/832
f 857/857/801 891/891/832 890/890/831
f 859/860/774 860/859/774 893/892/774
f 859/860/774 893/892/774 892/893/774
f 860/859/774 861/861/774 894/894/833
f 860/859/774 894/894/833 893/892/774
f 861/861/774 862/862/803 895/895/834
f 861/861/774 895/895/834 894/894/833
f 862/862/803 863/863/804 896/896/835
f 862/862/803 896/896/835 895/895/834
f 863/863/804 864/864/805 897/897/836
f 863/863/804 897/897/836 896/896/835
f 864/864/805 865/865/806 898/898/837
f 864/864/805 898/898/837 897/897/836
f 865/865/806 866/866/807 899/899/838
f 865/865/806 899/899/838 898/898/837
f 866/866/807 867/867/808 900/900/839
f 866/866/807 900/900/839 899/899/838
f 867/867/808 868/868/809 901/901/840
f 867/867/808 901/901/840 900/900/839
f 868/868/809 869/869/810 902/902/841
f 868/868/809 902/902/841 901/901/840
f 869/869/810 870/870/811 903/903/842
f 869/869/810 903/903/842 902/902/841
f 870/870/811 871/871/812 904/904/843
f 870/870/811 904/904/843 903/903/842
f 871/871/812 872/872/813 905/905/844
f 871/871/812 905/905/844 904/904/843
f 872/872/813 873/873/814 906/906/845
f 872/872/813 906/906/845 905/905/844
f 873/873/814 874/874/815 907/907/846
f 873/873/814 907/907/846 906/906/845
f 874/874/815 875/875/816 908/908/847
f 874/874/815 908/908/847 907/907/846
f 875/875/816 876/876/817 909/909/848
f 875/875/816 909/909/848 908/908/847
f 876/876/817 877/877/818 910/910/849
f 876/876/817 910/910/849 909/909/848
f 877/877/818 878/878/819 911/911/850
f 877/877/818 911/911/850 910/910/849
f 878/878/819 879/879/820 912/912/851
f 878/878/819 912/912/851 911/911/850
f 879/879/820 880/880/821 913/913/852
f 879/879/820 913/913/852 912/912/851
f 880/880/821 881/881/822 914/914/853
f 880/880/821 914/914/853 913/913/852
f 881/881/822 882/882/823 915/915/854
f 881/881/822 915/915/854 914/914/853
f 882/882/823 883/883/824 916/916/855
f 882/882/823 916/916/855 915/915/854
f 883/883/824 884/884/825 917/917/856
f 883/883/824 917/917/856 916/916/855
f 884/884/825 885/885/826 918/918/857
f 884/884/825 918/918/857 917/917/856
f 885/885/826 886/886/827 919/919/858
f 885/885/826 919/919/858 918/918/857
f 886/886/827 887/887/828 920/920/859
f 886/886/827 920/920/859 919/919/858
f 887/887/828 888/888/829 921/921/860
f 887/887/828 921/921/860 920/920/859
f 888/888/829 889/889/830 922/922/861
f 888/888/829 922/922/861 921/921/860
f 889/889/830 890/890/831 923/923/862
f 889/889/830 923/923/862 922/922/861
f 890/890/831 891/891/832 924/924/863
f 890/890/831 924/924/863 923/923/862
f 892/893/774 893/892/774 926/925/834
f 892/893/774 926/925/834 925/926/774
f 893/892/774 894/894/833 927/927/835
f 893/892/774 927/927/835 926/925/834
f 894/894/833 895/895/834 928/928/864
f 894/894/833 928/928/864 927/927/835
f 895/895/834 896/896/835 929/929/865
f 895/895/834 929/929/865 928/928/864
f 896/896/835 897/897/836 930/930/866
f 896/896/835 930/930/866 929/929/865
f 897/897/836 898/898/837 931/931/867
f 897/897/836 931/931/867 930/930/866
f 898/898/837 899/899/838 932/932/868
f 898/898/837 932/932/868 931/931/867
f 899/899/838 900/900/839 933/933/869
f 899/899/838 933/933/869 932/932/868
f 900/900/839 901/901/840 934/934/870
f 900/900/839 934/934/870 933/933/869
f 901/901/840 902/902/841 935/935/871
f 901/901/840 935/935/871 934/934/870
f 902/902/841 903/903/842 936/936/872
f 902/902/841 936/936/872 935/935/871
f 903/903/842 904/904/843 937/937/873
f 903/903/842 937/937/873 936/936/872
f 904/904/843 905/905/844 938/938/874
f 904/904/843 938/938/874 937/937/873
f 905/905/844 906/906/845 939/939/875
f 905/905/844 939/939/875 938/938/874
f 906/906/845 907/907/846 940/940/876
f 906/906/845 940/940/876 939/939/875
f 907/907/846 908/908/847 941/941/877
f 907/907/846 941/941/877 940/940/876
f 908/908/847 909/909/848 942/942/878
f 908/908/847 942/942/878 941/941/877
f 909/909/848 910/910/849 943/943/879
f 909/909/848 943/943/879 942/942/878
f 910/910/849 911/911/850 944/944/880
f 910/910/849 944/944/880 943/943/879
f 911/911/850 912/912/851 945/945/881
f 911/911/850 945/945/881 944/944/880
f 912/912/851 913/913/852 946/946/882
f 912/912/851 946/946/882 945/945/881
f 913/913/852 914/914/853 947/947/883
f 913/913/852 947/947/883 946/946/882
f 914/914/853 915/915/854 948/948/884
f 914/914/853 948/948/884 947/947/883
f 915/915/854 916/916/855 949/949/885
f 915/915/854 949/949/885 948/948/884
f 916/916/855 917/917/856 950/950/886
f 916/916/855 950/950/886 949/949/885
f 917/917/856 918/918/857 951/951/887
f 917/917/856 951/951/887 950/950/886
f 918/918/857 919/919/858 952/952/888
f 918/918/857 952/952/888 951/951/887
f 919/919/858 920/920/859 953/953/889
f 919/919/858 953/953/889 952/952/888
f 920/920/859 921/921/860 954/954/890
f 920/920/859 954/954/890 953/953/889
f 921/921/860 922/922/861 955/955/891
f 921/921/860 955/955/891 954/954/890
f 922/922/861 923/923/862 956/956/892
f 922/922/861 956/956/892 955/955/891
f 923/923/862 924/924/863 957/957/893
f 923/923/862 957/957/893 956/956/892
f 925/926/774 926/925/834 959/958/864
f 925/926/774 959/958/864 958/959/894
f 926/925/834 927/927/835 960/960/865
f 926/925/834 960/960/865 959/958/864
f 927/927/835 928/928/864 961/961/866
f 927/927/835 961/961/866 960/960/865
f 928/928/864 929/929/865 962/962/895
f 928/928/864 962/962/895 961/961/866
f 929/929/865 930/930/866 963/963/896
f 929/929/865 963/963/896 962/962/895
f 930/930/866 931/931/867 964/964/897
f 930/930/866 964/964/897 963/963/896
f 931/931/867 932/932/868 965/965/898
f 931/931/867 965/965/898 964/964/897
f 932/932/868 933/933/869 966/966/899
f 932/932/868 966/966/899 965/965/898
f 933/933/869 934/934/870 967/967/900
f 933/933/869 967/967/900 966/966/899
f 934/934/870 935/935/871 968/968/901
f 934/934/870 968/968/901 967/967/900
f 935/935/871 936/936/872 969/969/902
f 935/935/871 969/969/902 968/968/901
f 936/936/872 937/937/873 970/970/903
f 936/936/872 970/970/903 969/969/902
f 937/937/873 938/938/874 971/971/904
f 937/937/873 971/971/904 970/970/903
f 938/938/874 939/939/875 972/972/905
f 938/938/874 972/972/905 971/971/904
f 939/939/875 940/940/876 973/973/906
f 939/939/875 973/973/906 972/972/905
f 940/940/876 941/941/877 974/974/907
f 940/940/876 974/974/907 973/973/906
f 941/941/877 942/942/878 975/975/908
f 941/941/877 975/975/908 974/974/907
f 942/942/878 943/943/879 976/976/909
f 942/942/878 976/976/909 975/975/908
f 943/943/879 944/944/880 977/977/910
f 943/943/879 977/977/910 976/976/909
f 944/944/880 945/945/881 978/978/911
f 944/944/880 978/978/911 977/977/910
f 945/945/881 946/946/882 979/979/912
f 945/945/881 979/979/912 978/978/911
f 946/946/882 947/947/883 980/980/913
f 946/946/882 980/980/913 979/979/912
f 947/947/883 948/948/884 981/981/914
f 947/947/883 981/981/914 980/980/913
f 948/948/884 949/949/885 982/982/915
f 948/948/884 982/982/915 981/981/914
f 949/949/885 950/950/886 983/983/916
f 949/949/885 983/983/916 982/982/915
f 950/950/886 951/951/887 984/984/917
f 950/950/886 984/984/917 983/983/916
f 951/951/887 952/952/888 985/985/918
f 951/951/887 985/985/918 984/984/917
f 952/952/888 953/953/889 986/986/919
f 952/952/888 986/986/919 985/985/918
f 953/953/889 954/954/890 987/987/920
f 953/953/889 987/987/920 986/986/919
f 954/954/890 955/955/891 988/988/921
f 954/954/890 988/988/921 987/987/920
f 955/955/891 956/956/892 989/989/922
f 955/955/891 989/989/922 988/988/921
f 956/956/892 957/957/893 990/990/923
f 956/956/892 990/990/923 989/989/922
f 958/959/894 959/958/864 992/991/924
f 958/959/894 992/991/924 991/992/925
f 959/958/864 960/960/865 993/993/895
f 959/958/864 993/993/895 992/991/924
f 960/960/865 961/961/866 994/994/896
f 960/960/865 994/994/896 993/993/895
f 961/961/866 962/962/895 995/995/896
f 961/961/866 995/995/896 994/994/896
f 962/962/895 963/963/896 996/996/896
f 962/962/895 996/996/896 995/995/896
f 963/963/896 964/964/897 997/997/926
f 963/963/896 997/997/926 996/996/896
f 964/964/897 965/965/898 998/998/927
f 964/964/897 998/998/927 997/997/926
f 965/965/898 966/966/899 999/999/928
f 965/965/898 999/999/928 998/998/927
f 966/966/899 967/967/900 1000/1000/929
f 966/966/899 1000/1000/929 999/999/928
f 967/967/900 968/968/901 1001/1001/930
f 967/967/900 1001/1001/930 1000/1000/929
f 968/968/901 969/969/902 1002/1002/931
f 968/968/901 1002/1002/931 1001/1001/930
f 969/969/902 970/970/903 1003/1003/932
f 969/969/902 1003/1003/932 1002/1002/931
f 970/970/903 971/971/904 1004/1004/933
f 970/970/903 1004/1004/933 1003/1003/932
f 971/971/904 972/972/905 1005/1005/934
f 971/971/904 1005/1005/934 1004/1004/933
f 972/972/905 973/973/906 1006/1006/935
f 972/972/905 1006/1006/935 1005/1005/934
f 973/973/906 974/974/907 1007/1007/936
f 973/973/906 1007/1007/936 1006/1006/935
f 974/974/907 975/975/908 1008/1008/937
f 974/974/907 1008/1008/937 1007/1007/936
f 975/975/908 976/976/909 1009/1009/938
f 975/975/908 1009/1009/938 1008/1008/937
f 976/976/909 977/977/910 1010/1010/939
f 976/976/909 1010/1010/939 1009/1009/938
f 977/977/910 978/978/911 1011/1011/940
f 977/977/910 1011/1011/940 1010/1010/939
f 978/978/911 979/979/912 1012/1012/941
f 978/978/911 1012/1012/941 1011/1011/940
f 979/979/912 980/980/913 1013/1013/942
f 979/979/912 1013/1013/942 1012/1012/941
f 980/980/913 981/981/914 1014/1014/943
f 980/980/913 1014/1014/943 1013/1013/942
f 981/981/914 982/982/915 1015/1015/944
f 981/981/914 1015/1015/944 1014/1014/943
f 982/982/915 983/983/916 1016/1016/945
f 982/982/915 1016/1016/945 1015/1015/944
f 983/983/916 984/984/917 1017/1017/946
f 983/983/916 1017/1017/946 1016/1016/945
f 984/984/917 985/985/918 1018/1018/947
f 984/984/917 1018/1018/947 1017/1017/946
f 985/985/918 986/986/919 1019/1019/948
f 985/985/918 1019/1019/948 1018/1018/947
f 986/986/919 987/987/920 1020/1020/949
f 986/986/919 1020/1020/949 1019/1019/948
f 987/987/920 988/988/921 1021/1021/950
f 987/987/920 1021/1021/950 1020/1020/949
f 988/988/921 989/989/922 1022/1022/951
f 988/988/921 1022/1022/951 1021/1021/950
f 989/989/922 990/990/923 1023/1023/952
f 989/989/922 1023/1023/952 1022/1022/951
f 991/992/925 992/991/924 1025/1024/953
f 991/992/925 1025/1024/953 1024/1025/954
f 992/991/924 993/993/895 1026/1026/955
f 992/991/924 1026/1026/955 1025/1024/953
f 993/993/895 994/994/896 1027/1027/955
f 993/993/895 1027/1027/955 1026/1026/955
f 994/994/896 995/995/896 1028/1028/955
f 994/994/896 1028/1028/955 1027/1027/955
f 995/995/896 996/996/896 1029/1029/955
f 995/995/896 1029/1029/955 1028/1028/955
f 996/996/896 997/997/926 1030/1030/956
f 996/996/896 1030/1030/956 1029/1029/955
f 997/997/926 998/998/927 1031/1031/957
f 997/997/926 1031/1031/957 1030/1030/956
f 998/998/927 999/999/928 1032/1032/958
f 998/998/927 1032/1032/958 1031/1031/957
f 999/999/928 1000/1000/929 1033/1033/959
f 999/999/928 1033/1033/959 1032/1032/958
f 1000/1000/929 1001/1001/930 1034/1034/960
f 1000/1000/929 1034/1034/960 1033/1033/959
f 1001/1001/930 1002/1002/931 1035/1035/961
f 1001/1001/930 1035/1035/961 1034/1034/960
f 1002/1002/931 1003/1003/932 1036/1036/962
f 1002/1002/931 1036/1036/962 1035/1035/961
f 1003/1003/932 1004/1004/933 1037/1037/963
f 1003/1003/932 1037/1037/963 1036/1036/962
f 1004/1004/933 1005/1005/934 1038/1038/964
f 1004/1004/933 1038/1038/964 1037/1037/963
f 1005/1005/934 1006/1006/935 1039/1039/965
f 1005/1005/934 1039/1039/965 1038/1038/964
f 1006/1006/935 1007/1007/936 1040/1040/966
f 1006/1006/935 1040/1040/966 1039/1039/965
f 1007/1007/936 1008/1008/937 1041/1041/967
f 1007/1007/936 1041/1041/967 1040/1040/966
f 1008/1008/937 1009/1009/938 1042/1042/968
f 1008/1008/937 1042/1042/968 1041/1041/967
f 1009/1009/938 1010/1010/939 1043/1043/969
f 1009/1009/938 1043/1043/969 1042/1042/968
f 1010/1010/939 1011/1011/940 1044/1044/970
f 1010/1010/939 1044/1044/970 1043/1043/969
f 1011/1011/940 1012/1012/941 1045/1045/971
f 1011/1011/940 1045/1045/971 1044/1044/970
f 1012/1012/941 1013/1013/942 1046/1046/972
f 1012/1012/941 1046/1046/972 1045/1045/971
f 1013/1013/942 1014/1014/943 1047/1047/973
f 1013/1013/942 1047/1047/973 1046/1046/972
f 1014/1014/943 1015/1015/944 1048/1048/974
f 1014/1014/943 1048/1048/974 1047/1047/973
f 1015/1015/944 1016/1016/945 1049/1049/975
f 1015/1015/944 1049/1049/975 1048/1048/974
f 1016/1016/945 1017/1017/946 1050/1050/976
f 1016/1016/945 1050/1050/976 1049/1049/975
f 1017/1017/946 1018/1018/947 1051/1051/977
f 1017/1017/946 1051/1051/977 1050/1050/976
f 1018/1018/947 1019/1019/948 1052/1052/978
f 1018/1018/947 1052/1052/978 1051/1051/977
f 1019/1019/948 1020/1020/949 1053/1053/979
f 1019/1019/948 1053/1053/979 1052/1052/978
f 1020/1020/949 1021/1021/950 1054/1054/980
f 1020/1020/949 1054/1054/980 1053/1053/979
f 1021/1021/950 1022/1022/951 1055/1055/981
f 1021/1021/950 1055/1055/981 1054/1054/980
f 1022/1022/951 1023/1023/952 1056/1056/982
f 1022/1022/951 1056/1056/982 1055/1055/981
f 1024/1025/954 1025/1024/953 1058/1057/983
f 1024/1025/954 1058/1057/983 1057/1058/984
f 1025/1024/953 1026/1026/955 1059/1059/985
f 1025/1024/953 1059/1059/985 1058/1057/983
f 1026/1026/955 1027/1027/955 1060/1060/955
f 1026/1026/955 1060/1060/955 1059/1059/985
f 1027/1027/955 1028/1028/955 1061/1061/955
f 1027/1027/955 1061/1061/955 1060/1060/955
f 1028/1028/955 1029/1029/955 1062/1062/955
f 1028/1028/955 1062/1062/955 1061/1061/955
f 1029/1029/955 1030/1030/956 1063/1063/986
f 1029/1029/955 1063/1063/986 1062/1062/955
f 1030/1030/956 1031/1031/957 1064/1064/987
f 1030/1030/956 1064/1064/987 1063/1063/986
f 1031/1031/957 1032/1032/958 1065/1065/988
f 1031/1031/957 1065/1065/988 1064/1064/987
f 1032/1032/958 1033/1033/959 1066/1066/989
f 1032/1032/958 1066/1066/989 1065/1065/988
f 1033/1033/959 1034/1034/960 1067/1067/990
f 1033/1033/959 1067/1067/990 1066/1066/989
f 1034/1034/960 1035/1035/961 1068/1068/991
f 1034/1034/960 1068/1068/991 1067/1067/990
f 1035/1035/961 1036/1036/962 1069/1069/992
f 1035/1035/961 1069/1069/992 1068/1068/991
f 1036/1036/962 1037/1037/963 1070/1070/993
f 1036/1036/962 1070/1070/993 1069/1069/992
f 1037/1037/963 1038/1038/964 1071/1071/994
f 1037/1037/963 1071/1071/994 1070/1070/993
f 1038/1038/964 1039/1039/965 1072/1072/995
f 1038/1038/964 1072/1072/995 1071/1071/994
f 1039/1039/965 1040/1040/966 1073/1073/996
f 1039/1039/965 1073/1073/996 1072/1072/995
f 1040/1040/966 1041/1041/967 1074/1074/997
f 1040/1040/966 1074/1074/997 1073/1073/996
f 1041/1041/967 1042/1042/968 1075/1075/998
f 1041/1041/967 1075/1075/998 1074/1074/997
f 1042/1042/968 1043/1043/969 1076/1076/999
f 1042/1042/968 1076/1076/999 1075/1075/998
f 1043/1043/969 1044/1044/970 1077/1077/1000
f 1043/1043/969 1077/1077/1000 1076/1076/999
f 1044/1044/970 1045/1045/971 1078/1078/1001
f 1044/1044/970 1078/1078/1001 1077/1077/1000
f 1045/1045/971 1046/1046/972 1079/1079/1002
f 1045/1045/971 1079/1079/1002 1078/1078/1001
f 1046/1046/972 1047/1047/973 1080/1080/1003
f 1046/1046/972 1080/1080/1003 1079/1079/1002
f 1047/1047/973 1048/1048/974 1081/1081/1004
f 1047/1047/973 1081/1081/1004 1080/1080/1003
f 1048/1048/974 1049/1049/975 1082/1082/1005
f 1048/1048/974 1082/1082/1005 1081/1081/1004
f 1049/1049/975 1050/1050/976 1083/1083/1006
f 1049/1049/975 1083/1083/1006 1082/1082/1005
f 1050/1050/976 1051/1051/977 1084/1084/1007
f 1050/1050/976 1084/1084/1007 1083/1083/1006
f 1051/1051/977 1052/1052/978 1085/1085/1008
f 1051/1051/977 1085/1085/1008 1084/1084/1007
f 1052/1052/978 1053/1053/979 1086/1086/1009
f 1052/1052/978 1086/1086/1009 1085/1085/1008
f 1053/1053/979 1054/1054/980 1087/1087/1010
f 1053/1053/979 1087/1087/1010 1086/1086/1009
f 1054/1054/980 1055/1055/981 1088/1088/1011
f 1054/1054/980 1088/1088/1011 1087/1087/1010
f 1055/1055/981 1056/1056/982 1089/1089/1012
f 1055/1055/981 1089/1089/1012 1088/1088/1011
