mtllib terrain_near_08_03.mtl
usemtl terrain_near_08_03
# Blender 5.1.1
# www.blender.org
o terrain_near_08_03
v -32.000000 -32.000000 -5.004369
v -30.000000 -32.000000 -5.027746
v -28.000000 -32.000000 -5.127538
v -26.000000 -32.000000 -5.271642
v -24.000000 -32.000000 -5.383581
v -22.000000 -32.000000 -5.495641
v -20.000000 -32.000000 -5.607641
v -18.000000 -32.000000 -5.719640
v -16.000000 -32.000000 -5.831579
v -14.000000 -32.000000 -5.943639
v -12.000000 -32.000000 -6.052770
v -10.000000 -32.000000 -6.062780
v -8.000000 -32.000000 -6.072729
v -6.000000 -32.000000 -6.082677
v -4.000000 -32.000000 -6.092687
v -2.000000 -32.000000 -6.102697
v 0.000000 -32.000000 -6.112707
v 2.000000 -32.000000 -6.037267
v 4.000000 -32.000000 -5.876501
v 6.000000 -32.000000 -5.715734
v 8.000000 -32.000000 -5.554906
v 10.000000 -32.000000 -5.394079
v 12.000000 -32.000000 -5.233373
v 14.000000 -32.000000 -5.072546
v 16.000000 -32.000000 -5.052343
v 18.000000 -32.000000 -4.811864
v 20.000000 -32.000000 -4.571386
v 22.000000 -32.000000 -4.330907
v 24.000000 -32.000000 -4.090490
v 26.000000 -32.000000 -3.849950
v 28.000000 -32.000000 -3.609533
v 30.000000 -32.000000 -3.402013
v 32.000000 -32.000000 -3.201086
v -32.000000 -30.000000 -4.314489
v -30.000000 -30.000000 -4.337865
v -28.000000 -30.000000 -4.437658
v -26.000000 -30.000000 -4.613866
v -24.000000 -30.000000 -4.757970
v -22.000000 -30.000000 -4.869970
v -20.000000 -30.000000 -4.982030
v -18.000000 -30.000000 -5.093969
v -16.000000 -30.000000 -5.206029
v -14.000000 -30.000000 -5.317968
v -12.000000 -30.000000 -5.427160
v -10.000000 -30.000000 -5.536230
v -8.000000 -30.000000 -5.546239
v -6.000000 -30.000000 -5.556249
v -4.000000 -30.000000 -5.566259
v -2.000000 -30.000000 -5.576269
v 0.000000 -30.000000 -5.586217
v 2.000000 -30.000000 -5.510839
v 4.000000 -30.000000 -5.350072
v 6.000000 -30.000000 -5.189245
v 8.000000 -30.000000 -5.028417
v 10.000000 -30.000000 -4.867651
v 12.000000 -30.000000 -4.706884
v 14.000000 -30.000000 -4.686681
v 16.000000 -30.000000 -4.666479
v 18.000000 -30.000000 -4.425878
v 20.000000 -30.000000 -4.185461
v 22.000000 -30.000000 -3.945043
v 24.000000 -30.000000 -3.704504
v 26.000000 -30.000000 -3.464086
v 28.000000 -30.000000 -3.256567
v 30.000000 -30.000000 -3.082128
v 32.000000 -30.000000 -2.881261
v -32.000000 -28.000000 -3.624670
v -30.000000 -28.000000 -3.647924
v -28.000000 -28.000000 -3.747716
v -26.000000 -28.000000 -3.923986
v -24.000000 -28.000000 -4.100194
v -22.000000 -28.000000 -4.244298
v -20.000000 -28.000000 -4.356298
v -18.000000 -28.000000 -4.468359
v -16.000000 -28.000000 -4.580358
v -14.000000 -28.000000 -4.692358
v -12.000000 -28.000000 -4.801427
v -10.000000 -28.000000 -4.910619
v -8.000000 -28.000000 -5.019811
v -6.000000 -28.000000 -5.029699
v -4.000000 -28.000000 -5.039770
v -2.000000 -28.000000 -5.049718
v 0.000000 -28.000000 -5.059728
v 2.000000 -28.000000 -4.984289
v 4.000000 -28.000000 -4.823522
v 6.000000 -28.000000 -4.662694
v 8.000000 -28.000000 -4.501928
v 10.000000 -28.000000 -4.341161
v 12.000000 -28.000000 -4.320898
v 14.000000 -28.000000 -4.300756
v 16.000000 -28.000000 -4.280492
v 18.000000 -28.000000 -4.040075
v 20.000000 -28.000000 -3.799596
v 22.000000 -28.000000 -3.559118
v 24.000000 -28.000000 -3.318578
v 26.000000 -28.000000 -3.111181
v 28.000000 -28.000000 -2.936742
v 30.000000 -28.000000 -2.762304
v 32.000000 -28.000000 -2.561376
v -32.000000 -26.000000 -2.934728
v -30.000000 -26.000000 -2.957983
v -28.000000 -26.000000 -3.057836
v -26.000000 -26.000000 -3.234106
v -24.000000 -26.000000 -3.410375
v -22.000000 -26.000000 -3.586584
v -20.000000 -26.000000 -3.730688
v -18.000000 -26.000000 -3.842687
v -16.000000 -26.000000 -3.954748
v -14.000000 -26.000000 -4.066747
v -12.000000 -26.000000 -4.175817
v -10.000000 -26.000000 -4.285009
v -8.000000 -26.000000 -4.394079
v -6.000000 -26.000000 -4.503271
v -4.000000 -26.000000 -4.513280
v -2.000000 -26.000000 -4.523290
v 0.000000 -26.000000 -4.533239
v 2.000000 -26.000000 -4.457860
v 4.000000 -26.000000 -4.297033
v 6.000000 -26.000000 -4.136266
v 8.000000 -26.000000 -3.975500
v 10.000000 -26.000000 -3.955236
v 12.000000 -26.000000 -3.935094
v 14.000000 -26.000000 -3.914770
v 16.000000 -26.000000 -3.894567
v 18.000000 -26.000000 -3.654088
v 20.000000 -26.000000 -3.413671
v 22.000000 -26.000000 -3.173131
v 24.000000 -26.000000 -2.965734
v 26.000000 -26.000000 -2.791296
v 28.000000 -26.000000 -2.616857
v 30.000000 -26.000000 -2.442480
v 32.000000 -26.000000 -2.241430
v -32.000000 -24.000000 -2.244787
v -30.000000 -24.000000 -2.268102
v -28.000000 -24.000000 -2.367834
v -26.000000 -24.000000 -2.544103
v -24.000000 -24.000000 -2.720373
v -22.000000 -24.000000 -2.896642
v -20.000000 -24.000000 -3.072912
v -18.000000 -24.000000 -3.217016
v -16.000000 -24.000000 -3.329015
v -14.000000 -24.000000 -3.441015
v -12.000000 -24.000000 -3.550207
v -10.000000 -24.000000 -3.659276
v -8.000000 -24.000000 -3.768468
v -6.000000 -24.000000 -3.877660
v -4.000000 -24.000000 -3.986730
v -2.000000 -24.000000 -3.996740
v 0.000000 -24.000000 -4.006750
v 2.000000 -24.000000 -3.931310
v 4.000000 -24.000000 -3.770544
v 6.000000 -24.000000 -3.609777
v 8.000000 -24.000000 -3.589513
v 10.000000 -24.000000 -3.569372
v 12.000000 -24.000000 -3.549108
v 14.000000 -24.000000 -3.528966
v 16.000000 -24.000000 -3.508703
v 18.000000 -24.000000 -3.268163
v 20.000000 -24.000000 -3.027685
v 22.000000 -24.000000 -2.820287
v 24.000000 -24.000000 -2.645910
v 26.000000 -24.000000 -2.471471
v 28.000000 -24.000000 -2.297033
v 30.000000 -24.000000 -2.122655
v 32.000000 -24.000000 -1.921606
v -32.000000 -22.000000 -1.554906
v -30.000000 -22.000000 -1.578222
v -28.000000 -22.000000 -1.677953
v -26.000000 -22.000000 -1.854223
v -24.000000 -22.000000 -2.030492
v -22.000000 -22.000000 -2.206762
v -20.000000 -22.000000 -2.382970
v -18.000000 -22.000000 -2.559301
v -16.000000 -22.000000 -2.703405
v -14.000000 -22.000000 -2.815404
v -12.000000 -22.000000 -2.924535
v -10.000000 -22.000000 -3.033666
v -8.000000 -22.000000 -3.142797
v -6.000000 -22.000000 -3.251928
v -4.000000 -22.000000 -3.361120
v -2.000000 -22.000000 -3.470190
v 0.000000 -22.000000 -3.480199
v 2.000000 -22.000000 -3.404760
v 4.000000 -22.000000 -3.244054
v 6.000000 -22.000000 -3.223791
v 8.000000 -22.000000 -3.203588
v 10.000000 -22.000000 -3.183385
v 12.000000 -22.000000 -3.163183
v 14.000000 -22.000000 -3.142980
v 16.000000 -22.000000 -3.122716
v 18.000000 -22.000000 -2.882299
v 20.000000 -22.000000 -2.674840
v 22.000000 -22.000000 -2.500402
v 24.000000 -22.000000 -2.326025
v 26.000000 -22.000000 -2.151586
v 28.000000 -22.000000 -1.977148
v 30.000000 -22.000000 -1.802770
v 32.000000 -22.000000 -1.601781
v -32.000000 -20.000000 -0.858862
v -30.000000 -20.000000 -0.888281
v -28.000000 -20.000000 -0.988073
v -26.000000 -20.000000 -1.164343
v -24.000000 -20.000000 -1.340612
v -22.000000 -20.000000 -1.516882
v -20.000000 -20.000000 -1.693151
v -18.000000 -20.000000 -1.869360
v -16.000000 -20.000000 -2.045629
v -14.000000 -20.000000 -2.189733
v -12.000000 -20.000000 -2.298864
v -10.000000 -20.000000 -2.408056
v -8.000000 -20.000000 -2.517126
v -6.000000 -20.000000 -2.626318
v -4.000000 -20.000000 -2.735387
v -2.000000 -20.000000 -2.844579
v 0.000000 -20.000000 -2.953771
v 2.000000 -20.000000 -2.878332
v 4.000000 -20.000000 -2.858129
v 6.000000 -20.000000 -2.837926
v 8.000000 -20.000000 -2.817724
v 10.000000 -20.000000 -2.797521
v 12.000000 -20.000000 -2.777318
v 14.000000 -20.000000 -2.757055
v 16.000000 -20.000000 -2.736852
v 18.000000 -20.000000 -2.529394
v 20.000000 -20.000000 -2.355016
v 22.000000 -20.000000 -2.180578
v 24.000000 -20.000000 -2.006200
v 26.000000 -20.000000 -1.831762
v 28.000000 -20.000000 -1.657262
v 30.000000 -20.000000 -1.482885
v 32.000000 -20.000000 -1.281957
v -32.000000 -18.000000 -0.288915
v -30.000000 -18.000000 -0.342199
v -28.000000 -18.000000 -0.471044
v -26.000000 -18.000000 -0.647314
v -24.000000 -18.000000 -0.823522
v -22.000000 -18.000000 -0.999792
v -20.000000 -18.000000 -1.176061
v -18.000000 -18.000000 -1.352331
v -16.000000 -18.000000 -1.528600
v -14.000000 -18.000000 -1.724523
v -12.000000 -18.000000 -1.833654
v -10.000000 -18.000000 -1.942846
v -8.000000 -18.000000 -2.051916
v -6.000000 -18.000000 -2.161108
v -4.000000 -18.000000 -2.270177
v -2.000000 -18.000000 -2.379369
v 0.000000 -18.000000 -2.488561
v 2.000000 -18.000000 -2.589880
v 4.000000 -18.000000 -2.569677
v 6.000000 -18.000000 -2.549413
v 8.000000 -18.000000 -2.529211
v 10.000000 -18.000000 -2.509008
v 12.000000 -18.000000 -2.488805
v 14.000000 -18.000000 -2.468603
v 16.000000 -18.000000 -2.448400
v 18.000000 -18.000000 -2.334203
v 20.000000 -18.000000 -2.159765
v 22.000000 -18.000000 -1.985387
v 24.000000 -18.000000 -1.811010
v 26.000000 -18.000000 -1.636572
v 28.000000 -18.000000 -1.462133
v 30.000000 -18.000000 -1.287756
v 32.000000 -18.000000 -1.102331
v -32.000000 -16.000000 0.083216
v -30.000000 -16.000000 0.001856
v -28.000000 -16.000000 -0.126867
v -26.000000 -16.000000 -0.303136
v -24.000000 -16.000000 -0.479345
v -22.000000 -16.000000 -0.655614
v -20.000000 -16.000000 -0.831884
v -18.000000 -16.000000 -1.008215
v -16.000000 -16.000000 -1.204137
v -14.000000 -16.000000 -1.419775
v -12.000000 -16.000000 -1.528906
v -10.000000 -16.000000 -1.638036
v -8.000000 -16.000000 -1.747167
v -6.000000 -16.000000 -1.856298
v -4.000000 -16.000000 -1.965490
v -2.000000 -16.000000 -2.074560
v 0.000000 -16.000000 -2.234106
v 2.000000 -16.000000 -2.335485
v 4.000000 -16.000000 -2.378637
v 6.000000 -16.000000 -2.358373
v 8.000000 -16.000000 -2.338171
v 10.000000 -16.000000 -2.317968
v 12.000000 -16.000000 -2.297765
v 14.000000 -16.000000 -2.277563
v 16.000000 -16.000000 -2.257299
v 18.000000 -16.000000 -2.203466
v 20.000000 -16.000000 -2.089391
v 22.000000 -16.000000 -1.915014
v 24.000000 -16.000000 -1.740575
v 26.000000 -16.000000 -1.566198
v 28.000000 -16.000000 -1.391760
v 30.000000 -16.000000 -1.217260
v 32.000000 -16.000000 -1.031896
v -32.000000 -14.000000 0.427271
v -30.000000 -14.000000 0.346033
v -28.000000 -14.000000 0.217310
v -26.000000 -14.000000 0.041041
v -24.000000 -14.000000 -0.135229
v -22.000000 -14.000000 -0.311437
v -20.000000 -14.000000 -0.487768
v -18.000000 -14.000000 -0.683752
v -16.000000 -14.000000 -0.899389
v -14.000000 -14.000000 -1.115026
v -12.000000 -14.000000 -1.224157
v -10.000000 -14.000000 -1.333288
v -8.000000 -14.000000 -1.442419
v -6.000000 -14.000000 -1.551550
v -4.000000 -14.000000 -1.660680
v -2.000000 -14.000000 -1.820226
v 0.000000 -14.000000 -1.979711
v 2.000000 -14.000000 -2.081029
v 4.000000 -14.000000 -2.124242
v 6.000000 -14.000000 -2.167333
v 8.000000 -14.000000 -2.147130
v 10.000000 -14.000000 -2.126928
v 12.000000 -14.000000 -2.106725
v 14.000000 -14.000000 -2.086523
v 16.000000 -14.000000 -2.066320
v 18.000000 -14.000000 -2.012426
v 20.000000 -14.000000 -1.958654
v 22.000000 -14.000000 -1.844518
v 24.000000 -14.000000 -1.670141
v 26.000000 -14.000000 -1.495702
v 28.000000 -14.000000 -1.321325
v 30.000000 -14.000000 -1.146886
v 32.000000 -14.000000 -0.961462
v -32.000000 -12.000000 0.771448
v -30.000000 -12.000000 0.690211
v -28.000000 -12.000000 0.561488
v -26.000000 -12.000000 0.385218
v -24.000000 -12.000000 0.208949
v -22.000000 -12.000000 0.032740
v -20.000000 -12.000000 -0.163305
v -18.000000 -12.000000 -0.378942
v -16.000000 -12.000000 -0.594579
v -14.000000 -12.000000 -0.810217
v -12.000000 -12.000000 -0.919347
v -10.000000 -12.000000 -1.028539
v -8.000000 -12.000000 -1.137548
v -6.000000 -12.000000 -1.246740
v -4.000000 -12.000000 -1.406347
v -2.000000 -12.000000 -1.565771
v 0.000000 -12.000000 -1.725317
v 2.000000 -12.000000 -1.826635
v 4.000000 -12.000000 -1.869787
v 6.000000 -12.000000 -1.913000
v 8.000000 -12.000000 -1.956152
v 10.000000 -12.000000 -1.935888
v 12.000000 -12.000000 -1.915746
v 14.000000 -12.000000 -1.895483
v 16.000000 -12.000000 -1.875280
v 18.000000 -12.000000 -1.821447
v 20.000000 -12.000000 -1.767614
v 22.000000 -12.000000 -1.713842
v 24.000000 -12.000000 -1.599645
v 26.000000 -12.000000 -1.425268
v 28.000000 -12.000000 -1.250829
v 30.000000 -12.000000 -1.076452
v 32.000000 -12.000000 -0.891027
v -32.000000 -10.000000 1.115626
v -30.000000 -10.000000 1.034388
v -28.000000 -10.000000 0.905604
v -26.000000 -10.000000 0.729395
v -24.000000 -10.000000 0.553065
v -22.000000 -10.000000 0.357142
v -20.000000 -10.000000 0.141444
v -18.000000 -10.000000 -0.074194
v -16.000000 -10.000000 -0.289770
v -14.000000 -10.000000 -0.505407
v -12.000000 -10.000000 -0.614538
v -10.000000 -10.000000 -0.723669
v -8.000000 -10.000000 -0.832861
v -6.000000 -10.000000 -0.992284
v -4.000000 -10.000000 -1.151891
v -2.000000 -10.000000 -1.311376
v 0.000000 -10.000000 -1.470922
v 2.000000 -10.000000 -1.572240
v 4.000000 -10.000000 -1.615392
v 6.000000 -10.000000 -1.658544
v 8.000000 -10.000000 -1.701757
v 10.000000 -10.000000 -1.744848
v 12.000000 -10.000000 -1.724645
v 14.000000 -10.000000 -1.704443
v 16.000000 -10.000000 -1.684240
v 18.000000 -10.000000 -1.630407
v 20.000000 -10.000000 -1.576574
v 22.000000 -10.000000 -1.522802
v 24.000000 -10.000000 -1.468969
v 26.000000 -10.000000 -1.354772
v 28.000000 -10.000000 -1.180395
v 30.000000 -10.000000 -1.005956
v 32.000000 -10.000000 -0.820531
v -32.000000 -8.000000 1.459803
v -30.000000 -8.000000 1.378565
v -28.000000 -8.000000 1.249781
v -26.000000 -8.000000 1.073573
v -24.000000 -8.000000 0.877589
v -22.000000 -8.000000 0.661890
v -20.000000 -8.000000 0.446253
v -18.000000 -8.000000 0.230616
v -16.000000 -8.000000 0.014979
v -14.000000 -8.000000 -0.200597
v -12.000000 -8.000000 -0.309789
v -10.000000 -8.000000 -0.418981
v -8.000000 -8.000000 -0.578405
v -6.000000 -8.000000 -0.738012
v -4.000000 -8.000000 -0.897497
v -2.000000 -8.000000 -1.056982
v 0.000000 -8.000000 -1.216528
v 2.000000 -8.000000 -1.317846
v 4.000000 -8.000000 -1.360998
v 6.000000 -8.000000 -1.404150
v 8.000000 -8.000000 -1.447302
v 10.000000 -8.000000 -1.490453
v 12.000000 -8.000000 -1.533666
v 14.000000 -8.000000 -1.513403
v 16.000000 -8.000000 -1.493200
v 18.000000 -8.000000 -1.439367
v 20.000000 -8.000000 -1.385534
v 22.000000 -8.000000 -1.331762
v 24.000000 -8.000000 -1.277929
v 26.000000 -8.000000 -1.224096
v 28.000000 -8.000000 -1.109899
v 30.000000 -8.000000 -0.935583
v 32.000000 -8.000000 -0.750158
v -32.000000 -6.000000 1.803980
v -30.000000 -6.000000 1.722620
v -28.000000 -6.000000 1.593897
v -26.000000 -6.000000 1.397974
v -24.000000 -6.000000 1.182276
v -22.000000 -6.000000 0.966639
v -20.000000 -6.000000 0.751063
v -18.000000 -6.000000 0.535426
v -16.000000 -6.000000 0.319788
v -14.000000 -6.000000 0.104151
v -12.000000 -6.000000 -0.004980
v -10.000000 -6.000000 -0.164526
v -8.000000 -6.000000 -0.324010
v -6.000000 -6.000000 -0.483556
v -4.000000 -6.000000 -0.643041
v -2.000000 -6.000000 -0.802587
v 0.000000 -6.000000 -0.962072
v 2.000000 -6.000000 -1.063451
v 4.000000 -6.000000 -1.106603
v 6.000000 -6.000000 -1.149694
v 8.000000 -6.000000 -1.192968
v 10.000000 -6.000000 -1.236059
v 12.000000 -6.000000 -1.279211
v 14.000000 -6.000000 -1.322363
v 16.000000 -6.000000 -1.302160
v 18.000000 -6.000000 -1.248327
v 20.000000 -6.000000 -1.194494
v 22.000000 -6.000000 -1.140722
v 24.000000 -6.000000 -1.086889
v 26.000000 -6.000000 -1.033056
v 28.000000 -6.000000 -0.979223
v 30.000000 -6.000000 -0.865087
v 32.000000 -6.000000 -0.679662
v -32.000000 -4.000000 2.232813
v -30.000000 -4.000000 2.095118
v -28.000000 -4.000000 1.918421
v -26.000000 -4.000000 1.702723
v -24.000000 -4.000000 1.487086
v -22.000000 -4.000000 1.271448
v -20.000000 -4.000000 1.055811
v -18.000000 -4.000000 0.840235
v -16.000000 -4.000000 0.624598
v -14.000000 -4.000000 0.408961
v -12.000000 -4.000000 0.249476
v -10.000000 -4.000000 0.089930
v -8.000000 -4.000000 -0.069677
v -6.000000 -4.000000 -0.229101
v -4.000000 -4.000000 -0.388708
v -2.000000 -4.000000 -0.548193
v 0.000000 -4.000000 -0.707677
v 2.000000 -4.000000 -0.808996
v 4.000000 -4.000000 -0.852209
v 6.000000 -4.000000 -0.895361
v 8.000000 -4.000000 -0.938512
v 10.000000 -4.000000 -0.981664
v 12.000000 -4.000000 -1.024816
v 14.000000 -4.000000 -1.067968
v 16.000000 -4.000000 -1.111120
v 18.000000 -4.000000 -1.057287
v 20.000000 -4.000000 -1.003454
v 22.000000 -4.000000 -0.949621
v 24.000000 -4.000000 -0.895849
v 26.000000 -4.000000 -0.842016
v 28.000000 -4.000000 -0.788183
v 30.000000 -4.000000 -0.734350
v 32.000000 -4.000000 -0.666174
v -32.000000 -2.000000 2.664149
v -30.000000 -2.000000 2.470912
v -28.000000 -2.000000 2.244349
v -26.000000 -2.000000 2.006678
v -24.000000 -2.000000 1.791041
v -22.000000 -2.000000 1.575343
v -20.000000 -2.000000 1.359705
v -18.000000 -2.000000 1.144129
v -16.000000 -2.000000 0.928492
v -14.000000 -2.000000 0.712855
v -12.000000 -2.000000 0.553309
v -10.000000 -2.000000 0.393824
v -8.000000 -2.000000 0.234217
v -6.000000 -2.000000 0.074793
v -4.000000 -2.000000 -0.084814
v -2.000000 -2.000000 -0.244299
v 0.000000 -2.000000 -0.429113
v 2.000000 -2.000000 -0.588110
v 4.000000 -2.000000 -0.663732
v 6.000000 -2.000000 -0.706884
v 8.000000 -2.000000 -0.749975
v 10.000000 -2.000000 -0.793249
v 12.000000 -2.000000 -0.836340
v 14.000000 -2.000000 -0.879491
v 16.000000 -2.000000 -0.922643
v 18.000000 -2.000000 -0.868810
v 20.000000 -2.000000 -0.814977
v 22.000000 -2.000000 -0.761205
v 24.000000 -2.000000 -0.707372
v 26.000000 -2.000000 -0.653539
v 28.000000 -2.000000 -0.599706
v 30.000000 -2.000000 -0.604650
v 32.000000 -2.000000 -0.654394
v -32.000000 0.000000 3.012171
v -30.000000 0.000000 2.818934
v -28.000000 0.000000 2.592432
v -26.000000 0.000000 2.332667
v -24.000000 0.000000 2.094935
v -22.000000 0.000000 1.879298
v -20.000000 0.000000 1.663660
v -18.000000 0.000000 1.448084
v -16.000000 0.000000 1.232386
v -14.000000 0.000000 1.016749
v -12.000000 0.000000 0.857264
v -10.000000 0.000000 0.697718
v -8.000000 0.000000 0.538172
v -6.000000 0.000000 0.378687
v -4.000000 0.000000 0.219141
v -2.000000 0.000000 0.034327
v 0.000000 0.000000 -0.175878
v 2.000000 0.000000 -0.334936
v 4.000000 0.000000 -0.442846
v 6.000000 0.000000 -0.518407
v 8.000000 0.000000 -0.561498
v 10.000000 0.000000 -0.604711
v 12.000000 0.000000 -0.647863
v 14.000000 0.000000 -0.691015
v 16.000000 0.000000 -0.734228
v 18.000000 0.000000 -0.680334
v 20.000000 0.000000 -0.626623
v 22.000000 0.000000 -0.572729
v 24.000000 0.000000 -0.518896
v 26.000000 0.000000 -0.465063
v 28.000000 0.000000 -0.470068
v 30.000000 0.000000 -0.533788
v 32.000000 0.000000 -0.583532
v -32.000000 2.000000 3.360255
v -30.000000 2.000000 3.167017
v -28.000000 2.000000 2.940516
v -26.000000 2.000000 2.680689
v -24.000000 2.000000 2.420924
v -22.000000 2.000000 2.183192
v -20.000000 2.000000 1.967554
v -18.000000 2.000000 1.751917
v -16.000000 2.000000 1.536341
v -14.000000 2.000000 1.320704
v -12.000000 2.000000 1.161158
v -10.000000 2.000000 1.001673
v -8.000000 2.000000 0.842127
v -6.000000 2.000000 0.682642
v -4.000000 2.000000 0.497706
v -2.000000 2.000000 0.287562
v 0.000000 2.000000 0.077418
v 2.000000 2.000000 -0.081640
v 4.000000 2.000000 -0.189672
v 6.000000 2.000000 -0.297582
v 8.000000 2.000000 -0.373083
v 10.000000 2.000000 -0.416235
v 12.000000 2.000000 -0.459386
v 14.000000 2.000000 -0.502538
v 16.000000 2.000000 -0.545690
v 18.000000 2.000000 -0.491857
v 20.000000 2.000000 -0.438024
v 22.000000 2.000000 -0.384252
v 24.000000 2.000000 -0.330419
v 26.000000 2.000000 -0.335424
v 28.000000 2.000000 -0.399206
v 30.000000 2.000000 -0.462988
v 32.000000 2.000000 -0.512731
v -32.000000 4.000000 3.708338
v -30.000000 4.000000 3.515101
v -28.000000 4.000000 3.288538
v -26.000000 4.000000 3.028834
v -24.000000 4.000000 2.768946
v -22.000000 4.000000 2.509242
v -20.000000 4.000000 2.271449
v -18.000000 4.000000 2.055811
v -16.000000 4.000000 1.840235
v -14.000000 4.000000 1.624598
v -12.000000 4.000000 1.465052
v -10.000000 4.000000 1.305567
v -8.000000 4.000000 1.146021
v -6.000000 4.000000 0.961207
v -4.000000 4.000000 0.751002
v -2.000000 4.000000 0.540797
v 0.000000 4.000000 0.330653
v 2.000000 4.000000 0.171534
v 4.000000 4.000000 0.063685
v 6.000000 4.000000 -0.044286
v 8.000000 4.000000 -0.152197
v 10.000000 4.000000 -0.227758
v 12.000000 4.000000 -0.270910
v 14.000000 4.000000 -0.314123
v 16.000000 4.000000 -0.357275
v 18.000000 4.000000 -0.303381
v 20.000000 4.000000 -0.249609
v 22.000000 4.000000 -0.195776
v 24.000000 4.000000 -0.200780
v 26.000000 4.000000 -0.264501
v 28.000000 4.000000 -0.328344
v 30.000000 4.000000 -0.392126
v 32.000000 4.000000 -0.441869
v -32.000000 6.000000 4.056422
v -30.000000 6.000000 3.863123
v -28.000000 6.000000 3.636622
v -26.000000 6.000000 3.376795
v -24.000000 6.000000 3.117030
v -22.000000 6.000000 2.857264
v -20.000000 6.000000 2.597498
v -18.000000 6.000000 2.359766
v -16.000000 6.000000 2.144190
v -14.000000 6.000000 1.928553
v -12.000000 6.000000 1.769007
v -10.000000 6.000000 1.609522
v -8.000000 6.000000 1.424647
v -6.000000 6.000000 1.214381
v -4.000000 6.000000 1.004237
v -2.000000 6.000000 0.794032
v 0.000000 6.000000 0.583887
v 2.000000 6.000000 0.424769
v 4.000000 6.000000 0.316859
v 6.000000 6.000000 0.208949
v 8.000000 6.000000 0.100977
v 10.000000 6.000000 -0.006872
v 12.000000 6.000000 -0.082433
v 14.000000 6.000000 -0.125646
v 16.000000 6.000000 -0.168737
v 18.000000 6.000000 -0.114904
v 20.000000 6.000000 -0.061132
v 22.000000 6.000000 -0.066137
v 24.000000 6.000000 -0.129919
v 26.000000 6.000000 -0.193700
v 28.000000 6.000000 -0.257482
v 30.000000 6.000000 -0.321325
v 32.000000 6.000000 -0.371069
v -32.000000 8.000000 4.404444
v -30.000000 8.000000 4.211207
v -28.000000 8.000000 3.984705
v -26.000000 8.000000 3.724940
v -24.000000 8.000000 3.465113
v -22.000000 8.000000 3.205348
v -20.000000 8.000000 2.945582
v -18.000000 8.000000 2.685755
v -16.000000 8.000000 2.448084
v -14.000000 8.000000 2.232447
v -12.000000 8.000000 2.072901
v -10.000000 8.000000 1.887965
v -8.000000 8.000000 1.677821
v -6.000000 8.000000 1.467738
v -4.000000 8.000000 1.257532
v -2.000000 8.000000 1.047266
v 0.000000 8.000000 0.837061
v 2.000000 8.000000 0.678004
v 4.000000 8.000000 0.570155
v 6.000000 8.000000 0.462183
v 8.000000 8.000000 0.354212
v 10.000000 8.000000 0.246302
v 12.000000 8.000000 0.138392
v 14.000000 8.000000 0.062830
v 16.000000 8.000000 0.019740
v 18.000000 8.000000 0.073573
v 20.000000 8.000000 0.068568
v 22.000000 8.000000 0.004725
v 24.000000 8.000000 -0.058996
v 26.000000 8.000000 -0.122839
v 28.000000 8.000000 -0.186620
v 30.000000 8.000000 -0.250463
v 32.000000 8.000000 -0.300146
v -32.000000 10.000000 4.780604
v -30.000000 10.000000 4.559290
v -28.000000 10.000000 4.332789
v -26.000000 10.000000 4.072962
v -24.000000 10.000000 3.813197
v -22.000000 10.000000 3.553431
v -20.000000 10.000000 3.293604
v -18.000000 10.000000 3.033839
v -16.000000 10.000000 2.774012
v -14.000000 10.000000 2.536341
v -12.000000 10.000000 2.351466
v -10.000000 10.000000 2.141261
v -8.000000 10.000000 1.931116
v -6.000000 10.000000 1.720911
v -4.000000 10.000000 1.510767
v -2.000000 10.000000 1.300501
v 0.000000 10.000000 1.090357
v 2.000000 10.000000 0.931300
v 4.000000 10.000000 0.823389
v 6.000000 10.000000 0.715479
v 8.000000 10.000000 0.607508
v 10.000000 10.000000 0.499598
v 12.000000 10.000000 0.391688
v 14.000000 10.000000 0.283778
v 16.000000 10.000000 0.208216
v 18.000000 10.000000 0.203272
v 20.000000 10.000000 0.139429
v 22.000000 10.000000 0.075648
v 24.000000 10.000000 0.011805
v 26.000000 10.000000 -0.052038
v 28.000000 10.000000 -0.115759
v 30.000000 10.000000 -0.179601
v 32.000000 10.000000 -0.229284
v -32.000000 12.000000 5.120387
v -30.000000 12.000000 4.856043
v -28.000000 12.000000 4.592005
v -26.000000 12.000000 4.332240
v -24.000000 12.000000 4.072474
v -22.000000 12.000000 3.812647
v -20.000000 12.000000 3.552943
v -18.000000 12.000000 3.293116
v -16.000000 12.000000 3.033350
v -14.000000 12.000000 2.775904
v -12.000000 12.000000 2.558253
v -10.000000 12.000000 2.348048
v -8.000000 12.000000 2.137904
v -6.000000 12.000000 1.927698
v -4.000000 12.000000 1.717554
v -2.000000 12.000000 1.507288
v 0.000000 12.000000 1.297144
v 2.000000 12.000000 1.109461
v 4.000000 12.000000 1.001490
v 6.000000 12.000000 0.893519
v 8.000000 12.000000 0.785609
v 10.000000 12.000000 0.677698
v 12.000000 12.000000 0.569788
v 14.000000 12.000000 0.461878
v 16.000000 12.000000 0.353968
v 18.000000 12.000000 0.290125
v 20.000000 12.000000 0.226344
v 22.000000 12.000000 0.162501
v 24.000000 12.000000 0.098658
v 26.000000 12.000000 0.034937
v 28.000000 12.000000 -0.028905
v 30.000000 12.000000 -0.092626
v 32.000000 12.000000 -0.185705
v -32.000000 14.000000 5.295008
v -30.000000 14.000000 5.026576
v -28.000000 14.000000 4.762476
v -26.000000 14.000000 4.502711
v -24.000000 14.000000 4.242945
v -22.000000 14.000000 3.983119
v -20.000000 14.000000 3.723353
v -18.000000 14.000000 3.463526
v -16.000000 14.000000 3.206202
v -14.000000 14.000000 2.951136
v -12.000000 14.000000 2.726038
v -10.000000 14.000000 2.508387
v -8.000000 14.000000 2.298243
v -6.000000 14.000000 2.088038
v -4.000000 14.000000 1.877833
v -2.000000 14.000000 1.667689
v 0.000000 14.000000 1.457484
v 2.000000 14.000000 1.269740
v 4.000000 14.000000 1.104517
v 6.000000 14.000000 0.996607
v 8.000000 14.000000 0.888697
v 10.000000 14.000000 0.780787
v 12.000000 14.000000 0.672755
v 14.000000 14.000000 0.564844
v 16.000000 14.000000 0.456934
v 18.000000 14.000000 0.393153
v 20.000000 14.000000 0.329310
v 22.000000 14.000000 0.265528
v 24.000000 14.000000 0.201746
v 26.000000 14.000000 0.137965
v 28.000000 14.000000 0.074183
v 30.000000 14.000000 -0.076330
v 32.000000 14.000000 -0.169347
v -32.000000 16.000000 5.465479
v -30.000000 16.000000 5.197108
v -28.000000 16.000000 4.933009
v -26.000000 16.000000 4.673182
v -24.000000 16.000000 4.413416
v -22.000000 16.000000 4.153712
v -20.000000 16.000000 3.893885
v -18.000000 16.000000 3.636439
v -16.000000 16.000000 3.381373
v -14.000000 16.000000 3.126307
v -12.000000 16.000000 2.901270
v -10.000000 16.000000 2.676234
v -8.000000 16.000000 2.458643
v -6.000000 16.000000 2.248377
v -4.000000 16.000000 2.038294
v -2.000000 16.000000 1.828028
v 0.000000 16.000000 1.617823
v 2.000000 16.000000 1.430140
v 4.000000 16.000000 1.264857
v 6.000000 16.000000 1.099635
v 8.000000 16.000000 0.991663
v 10.000000 16.000000 0.883753
v 12.000000 16.000000 0.775843
v 14.000000 16.000000 0.667872
v 16.000000 16.000000 0.559962
v 18.000000 16.000000 0.496180
v 20.000000 16.000000 0.432337
v 22.000000 16.000000 0.368555
v 24.000000 16.000000 0.304713
v 26.000000 16.000000 0.240992
v 28.000000 16.000000 0.090479
v 30.000000 16.000000 -0.059911
v 32.000000 16.000000 -0.152990
v -32.000000 18.000000 5.635951
v -30.000000 18.000000 5.367579
v -28.000000 18.000000 5.103480
v -26.000000 18.000000 4.843775
v -24.000000 18.000000 4.583949
v -22.000000 18.000000 4.324183
v -20.000000 18.000000 4.066737
v -18.000000 18.000000 3.811610
v -16.000000 18.000000 3.556605
v -14.000000 18.000000 3.301478
v -12.000000 18.000000 3.076441
v -10.000000 18.000000 2.851405
v -8.000000 18.000000 2.626368
v -6.000000 18.000000 2.408778
v -4.000000 18.000000 2.198573
v -2.000000 18.000000 1.988428
v 0.000000 18.000000 1.778223
v 2.000000 18.000000 1.590479
v 4.000000 18.000000 1.425196
v 6.000000 18.000000 1.259913
v 8.000000 18.000000 1.094630
v 10.000000 18.000000 0.986719
v 12.000000 18.000000 0.878809
v 14.000000 18.000000 0.770899
v 16.000000 18.000000 0.662989
v 18.000000 18.000000 0.599146
v 20.000000 18.000000 0.535365
v 22.000000 18.000000 0.471522
v 24.000000 18.000000 0.407740
v 26.000000 18.000000 0.257288
v 28.000000 18.000000 0.106898
v 30.000000 18.000000 -0.043615
v 32.000000 18.000000 -0.136694
v -32.000000 20.000000 5.806483
v -30.000000 20.000000 5.538111
v -28.000000 20.000000 5.273951
v -26.000000 20.000000 5.014185
v -24.000000 20.000000 4.754359
v -22.000000 20.000000 4.497035
v -20.000000 20.000000 4.241969
v -18.000000 20.000000 3.986781
v -16.000000 20.000000 3.731837
v -14.000000 20.000000 3.476649
v -12.000000 20.000000 3.251673
v -10.000000 20.000000 3.026576
v -8.000000 20.000000 2.801600
v -6.000000 20.000000 2.576502
v -4.000000 20.000000 2.358912
v -2.000000 20.000000 2.148707
v 0.000000 20.000000 1.938563
v 2.000000 20.000000 1.750758
v 4.000000 20.000000 1.585535
v 6.000000 20.000000 1.420252
v 8.000000 20.000000 1.255030
v 10.000000 20.000000 1.089808
v 12.000000 20.000000 0.981898
v 14.000000 20.000000 0.873988
v 16.000000 20.000000 0.766016
v 18.000000 20.000000 0.702174
v 20.000000 20.000000 0.638392
v 22.000000 20.000000 0.574610
v 24.000000 20.000000 0.424097
v 26.000000 20.000000 0.273707
v 28.000000 20.000000 0.123194
v 30.000000 20.000000 -0.027197
v 32.000000 20.000000 -0.120275
v -32.000000 22.000000 5.976954
v -30.000000 22.000000 5.708521
v -28.000000 22.000000 5.444544
v -26.000000 22.000000 5.184718
v -24.000000 22.000000 4.927271
v -22.000000 22.000000 4.672144
v -20.000000 22.000000 4.417078
v -18.000000 22.000000 4.162013
v -16.000000 22.000000 3.906947
v -14.000000 22.000000 3.651881
v -12.000000 22.000000 3.426783
v -10.000000 22.000000 3.201807
v -8.000000 22.000000 2.976710
v -6.000000 22.000000 2.751734
v -4.000000 22.000000 2.526698
v -2.000000 22.000000 2.309107
v 0.000000 22.000000 2.098902
v 2.000000 22.000000 1.911158
v 4.000000 22.000000 1.745875
v 6.000000 22.000000 1.580653
v 8.000000 22.000000 1.415369
v 10.000000 22.000000 1.250147
v 12.000000 22.000000 1.084864
v 14.000000 22.000000 0.976954
v 16.000000 22.000000 0.868983
v 18.000000 22.000000 0.805201
v 20.000000 22.000000 0.741419
v 22.000000 22.000000 0.590907
v 24.000000 22.000000 0.440516
v 26.000000 22.000000 0.290003
v 28.000000 22.000000 0.139613
v 30.000000 22.000000 -0.010900
v 32.000000 22.000000 -0.103857
v -32.000000 24.000000 6.147425
v -30.000000 24.000000 5.879054
v -28.000000 24.000000 5.614954
v -26.000000 24.000000 5.357508
v -24.000000 24.000000 5.102442
v -22.000000 24.000000 4.847437
v -20.000000 24.000000 4.592310
v -18.000000 24.000000 4.337245
v -16.000000 24.000000 4.082179
v -14.000000 24.000000 3.827113
v -12.000000 24.000000 3.602015
v -10.000000 24.000000 3.376917
v -8.000000 24.000000 3.151942
v -6.000000 24.000000 2.926905
v -4.000000 24.000000 2.701869
v -2.000000 24.000000 2.476832
v 0.000000 24.000000 2.259242
v 2.000000 24.000000 2.071436
v 4.000000 24.000000 1.906275
v 6.000000 24.000000 1.740992
v 8.000000 24.000000 1.575709
v 10.000000 24.000000 1.410487
v 12.000000 24.000000 1.245203
v 14.000000 24.000000 1.079920
v 16.000000 24.000000 0.972010
v 18.000000 24.000000 0.908167
v 20.000000 24.000000 0.757716
v 22.000000 24.000000 0.607264
v 24.000000 24.000000 0.456812
v 26.000000 24.000000 0.306422
v 28.000000 24.000000 0.155909
v 30.000000 24.000000 0.005518
v 32.000000 24.000000 -0.087560
v -32.000000 26.000000 6.339137
v -30.000000 26.000000 6.056605
v -28.000000 26.000000 5.787867
v -26.000000 26.000000 5.532740
v -24.000000 26.000000 5.277613
v -22.000000 26.000000 5.022547
v -20.000000 26.000000 4.767481
v -18.000000 26.000000 4.512415
v -16.000000 26.000000 4.257349
v -14.000000 26.000000 4.002284
v -12.000000 26.000000 3.777247
v -10.000000 26.000000 3.552149
v -8.000000 26.000000 3.327174
v -6.000000 26.000000 3.102076
v -4.000000 26.000000 2.877100
v -2.000000 26.000000 2.652003
v 0.000000 26.000000 2.427027
v 2.000000 26.000000 2.231898
v 4.000000 26.000000 2.066615
v 6.000000 26.000000 1.901331
v 8.000000 26.000000 1.736048
v 10.000000 26.000000 1.570826
v 12.000000 26.000000 1.405543
v 14.000000 26.000000 1.240260
v 16.000000 26.000000 1.074976
v 18.000000 26.000000 0.924586
v 20.000000 26.000000 0.774073
v 22.000000 26.000000 0.623682
v 24.000000 26.000000 0.473170
v 26.000000 26.000000 0.322718
v 28.000000 26.000000 0.172266
v 30.000000 26.000000 0.021876
v 32.000000 26.000000 -0.121069
v -32.000000 28.000000 6.531397
v -30.000000 28.000000 6.234950
v -28.000000 28.000000 5.959193
v -26.000000 28.000000 5.704127
v -24.000000 28.000000 5.448939
v -22.000000 28.000000 5.193873
v -20.000000 28.000000 4.938807
v -18.000000 28.000000 4.683741
v -16.000000 28.000000 4.428675
v -14.000000 28.000000 4.177149
v -12.000000 28.000000 3.939600
v -10.000000 28.000000 3.714503
v -8.000000 28.000000 3.489466
v -6.000000 28.000000 3.264430
v -4.000000 28.000000 3.039393
v -2.000000 28.000000 2.814356
v 0.000000 28.000000 2.589320
v 2.000000 28.000000 2.365504
v 4.000000 28.000000 2.171595
v 6.000000 28.000000 2.006312
v 8.000000 28.000000 1.841029
v 10.000000 28.000000 1.675745
v 12.000000 28.000000 1.510584
v 14.000000 28.000000 1.345301
v 16.000000 28.000000 1.180018
v 18.000000 28.000000 1.029566
v 20.000000 28.000000 0.879115
v 22.000000 28.000000 0.728602
v 24.000000 28.000000 0.578211
v 26.000000 28.000000 0.427698
v 28.000000 28.000000 0.277308
v 30.000000 28.000000 0.085291
v 32.000000 28.000000 -0.147497
v -32.000000 30.000000 6.702723
v -30.000000 30.000000 6.406275
v -28.000000 30.000000 6.130518
v -26.000000 30.000000 5.875391
v -24.000000 30.000000 5.620326
v -22.000000 30.000000 5.365260
v -20.000000 30.000000 5.110194
v -18.000000 30.000000 4.855067
v -16.000000 30.000000 4.603602
v -14.000000 30.000000 4.352137
v -12.000000 30.000000 4.114527
v -10.000000 30.000000 3.876856
v -8.000000 30.000000 3.651820
v -6.000000 30.000000 3.426783
v -4.000000 30.000000 3.201746
v -2.000000 30.000000 2.976710
v 0.000000 30.000000 2.751673
v 2.000000 30.000000 2.527857
v 4.000000 30.000000 2.305201
v 6.000000 30.000000 2.111292
v 8.000000 30.000000 1.946070
v 10.000000 30.000000 1.780848
v 12.000000 30.000000 1.615565
v 14.000000 30.000000 1.450282
v 16.000000 30.000000 1.284998
v 18.000000 30.000000 1.134608
v 20.000000 30.000000 0.984095
v 22.000000 30.000000 0.833704
v 24.000000 30.000000 0.683192
v 26.000000 30.000000 0.532740
v 28.000000 30.000000 0.340723
v 30.000000 30.000000 0.107142
v 32.000000 30.000000 -0.125646
v -32.000000 32.000000 6.874110
v -30.000000 32.000000 6.577662
v -28.000000 32.000000 6.301783
v -26.000000 32.000000 6.046717
v -24.000000 32.000000 5.791651
v -22.000000 32.000000 5.536585
v -20.000000 32.000000 5.281458
v -18.000000 32.000000 5.030055
v -16.000000 32.000000 4.778529
v -14.000000 32.000000 4.527064
v -12.000000 32.000000 4.289393
v -10.000000 32.000000 4.051722
v -8.000000 32.000000 3.814173
v -6.000000 32.000000 3.589198
v -4.000000 32.000000 3.364100
v -2.000000 32.000000 3.139124
v 0.000000 32.000000 2.914027
v 2.000000 32.000000 2.690211
v 4.000000 32.000000 2.467555
v 6.000000 32.000000 2.244959
v 8.000000 32.000000 2.051051
v 10.000000 32.000000 1.885828
v 12.000000 32.000000 1.720545
v 14.000000 32.000000 1.555262
v 16.000000 32.000000 1.390101
v 18.000000 32.000000 1.239588
v 20.000000 32.000000 1.089075
v 22.000000 32.000000 0.938685
v 24.000000 32.000000 0.788172
v 26.000000 32.000000 0.596094
v 28.000000 32.000000 0.362574
v 30.000000 32.000000 0.128931
v 32.000000 32.000000 -0.103796
vn 0.0095 -0.3300 0.9439
vn 0.0291 -0.3271 0.9445
vn 0.0291 -0.3260 0.9449
vn 0.0110 -0.3261 0.9453
vn 0.0577 -0.3187 0.9461
vn 0.0651 -0.3254 0.9433
vn 0.0608 -0.3050 0.9504
vn 0.0756 -0.3183 0.9450
vn 0.0534 -0.2981 0.9530
vn 0.0608 -0.3049 0.9504
vn 0.0527 -0.2981 0.9531
vn 0.0286 -0.2767 0.9605
vn 0.0520 -0.2982 0.9531
vn 0.0048 -0.2546 0.9670
vn 0.0284 -0.2765 0.9606
vn 0.0048 -0.2545 0.9670
vn -0.0157 -0.2545 0.9669
vn -0.0158 -0.2545 0.9669
vn -0.0568 -0.2541 0.9655
vn -0.0570 -0.2542 0.9655
vn -0.0775 -0.2538 0.9642
vn -0.0775 -0.2538 0.9641
vn -0.0774 -0.2539 0.9641
vn -0.0440 -0.2221 0.9740
vn -0.0441 -0.2221 0.9740
vn -0.0099 -0.1894 0.9818
vn -0.0639 -0.1891 0.9799
vn -0.0637 -0.1891 0.9799
vn -0.1172 -0.1882 0.9751
vn -0.1173 -0.1881 0.9751
vn -0.1172 -0.1881 0.9751
vn -0.1094 -0.1805 0.9775
vn -0.1095 -0.1805 0.9775
vn -0.0938 -0.1652 0.9818
vn -0.1002 -0.1650 0.9812
vn -0.0923 -0.1573 0.9832
vn -0.1052 -0.1570 0.9820
vn 0.0830 -0.3250 0.9421
vn 0.0520 -0.2981 0.9531
vn -0.0440 -0.2218 0.9741
vn -0.0099 -0.1895 0.9818
vn -0.1173 -0.1882 0.9751
vn -0.0937 -0.1651 0.9818
vn -0.0858 -0.1573 0.9838
vn -0.0923 -0.1572 0.9832
vn -0.1051 -0.1571 0.9820
vn 0.0757 -0.3183 0.9450
vn -0.0938 -0.1651 0.9818
vn -0.1052 -0.1571 0.9820
vn 0.0757 -0.3184 0.9449
vn 0.0527 -0.2982 0.9531
vn -0.0158 -0.2546 0.9669
vn -0.0858 -0.1574 0.9838
vn 0.0110 -0.3273 0.9448
vn 0.0757 -0.3183 0.9449
vn -0.0569 -0.2542 0.9655
vn 0.0309 -0.2951 0.9550
vn 0.0155 -0.3017 0.9533
vn 0.0659 -0.2882 0.9553
vn 0.0841 -0.2877 0.9540
vn 0.0841 -0.2874 0.9541
vn 0.0766 -0.2810 0.9567
vn 0.0609 -0.2626 0.9630
vn 0.0526 -0.2624 0.9635
vn 0.0526 -0.2629 0.9634
vn 0.0082 -0.2406 0.9706
vn -0.0234 -0.1994 0.9796
vn -0.0100 -0.1662 0.9860
vn -0.0100 -0.1662 0.9861
vn -0.0100 -0.1661 0.9861
vn -0.0560 -0.1660 0.9845
vn -0.0942 -0.1352 0.9863
vn -0.0862 -0.1273 0.9881
vn -0.0862 -0.1271 0.9881
vn -0.0927 -0.1271 0.9875
vn -0.0980 -0.1233 0.9875
vn 0.0445 -0.2170 0.9752
vn 0.0192 -0.2292 0.9732
vn 0.0743 -0.2099 0.9749
vn 0.0858 -0.2093 0.9741
vn 0.0858 -0.2097 0.9740
vn 0.0858 -0.2094 0.9741
vn 0.0859 -0.2094 0.9741
vn 0.0859 -0.2097 0.9740
vn 0.0907 -0.2050 0.9746
vn 0.0746 -0.1885 0.9792
vn 0.0535 -0.1888 0.9806
vn 0.0535 -0.1885 0.9806
vn 0.0517 -0.1770 0.9829
vn 0.0201 -0.1345 0.9907
vn -0.0100 -0.1189 0.9928
vn -0.0100 -0.1190 0.9928
vn -0.0333 -0.1190 0.9923
vn -0.0718 -0.0810 0.9941
vn -0.0867 -0.0659 0.9941
vn -0.0894 -0.0659 0.9938
vn -0.0948 -0.0622 0.9936
vn 0.0517 -0.1694 0.9842
vn 0.0400 -0.1761 0.9836
vn 0.0749 -0.1691 0.9827
vn 0.0865 -0.1690 0.9818
vn 0.0865 -0.1689 0.9818
vn 0.0866 -0.1689 0.9818
vn 0.0914 -0.1642 0.9822
vn 0.1011 -0.1546 0.9828
vn 0.0800 -0.1502 0.9854
vn 0.0539 -0.1504 0.9872
vn 0.0663 -0.1381 0.9882
vn 0.0645 -0.1260 0.9899
vn 0.0358 -0.1261 0.9914
vn 0.0057 -0.1106 0.9938
vn -0.0101 -0.0951 0.9954
vn -0.0184 -0.0951 0.9953
vn -0.0418 -0.0801 0.9959
vn -0.0718 -0.0501 0.9962
vn -0.0868 -0.0351 0.9956
vn -0.0868 -0.0350 0.9956
vn -0.0895 -0.0351 0.9954
vn -0.0949 -0.0350 0.9949
vn 0.0400 -0.1694 0.9847
vn 0.0915 -0.1641 0.9822
vn 0.1060 -0.1498 0.9830
vn 0.0664 -0.1381 0.9882
vn 0.0789 -0.1258 0.9889
vn 0.0645 -0.1259 0.9899
vn 0.0214 -0.1262 0.9918
vn -0.0268 -0.0950 0.9951
vn -0.0896 -0.0350 0.9954
vn 0.0400 -0.1695 0.9847
vn 0.0914 -0.1641 0.9822
vn 0.0539 -0.1504 0.9871
vn 0.0539 -0.1505 0.9871
vn -0.0719 -0.0501 0.9962
vn -0.0950 -0.0351 0.9949
vn 0.1012 -0.1545 0.9828
vn -0.0268 -0.0951 0.9951
vn 0.0517 -0.1693 0.9842
vn 0.1011 -0.1547 0.9828
vn 0.0646 -0.1259 0.9899
vn -0.0950 -0.0350 0.9949
vn 0.0516 -0.1761 0.9830
vn 0.0468 -0.1895 0.9808
vn 0.0797 -0.1644 0.9832
vn 0.0800 -0.1501 0.9854
vn 0.0214 -0.1261 0.9918
vn -0.0746 -0.0501 0.9960
vn -0.0810 -0.0209 0.9965
vn 0.0770 -0.1834 0.9800
vn 0.0672 -0.2097 0.9754
vn 0.0964 -0.1598 0.9824
vn 0.1060 -0.1496 0.9830
vn 0.1060 -0.1496 0.9831
vn 0.0923 -0.1498 0.9844
vn 0.0787 -0.1378 0.9873
vn 0.0788 -0.1378 0.9873
vn 0.0645 -0.1318 0.9892
vn 0.0359 -0.1179 0.9924
vn 0.0215 -0.1100 0.9937
vn 0.0214 -0.1100 0.9937
vn -0.0027 -0.0945 0.9955
vn -0.0268 -0.0944 0.9952
vn -0.0304 -0.0649 0.9974
vn -0.0377 -0.0063 0.9993
vn 0.1028 -0.1771 0.9788
vn 0.0876 -0.1905 0.9778
vn 0.1137 -0.1651 0.9797
vn 0.1113 -0.1546 0.9817
vn 0.1060 -0.1494 0.9831
vn 0.0923 -0.1496 0.9844
vn 0.0786 -0.1498 0.9856
vn 0.0787 -0.1497 0.9856
vn 0.0849 -0.1435 0.9860
vn 0.0849 -0.1313 0.9877
vn 0.0581 -0.1175 0.9914
vn 0.0295 -0.1018 0.9944
vn 0.0215 -0.0938 0.9954
vn -0.0027 -0.0938 0.9956
vn -0.0268 -0.0938 0.9952
vn -0.0122 -0.0793 0.9968
vn 0.0136 -0.0501 0.9987
vn 0.0066 -0.0207 0.9998
vn 0.1028 -0.1705 0.9800
vn 0.0948 -0.1707 0.9808
vn 0.1189 -0.1702 0.9782
vn 0.1217 -0.1649 0.9788
vn 0.0974 -0.1312 0.9866
vn 0.0912 -0.1251 0.9879
vn 0.0661 -0.1253 0.9899
vn 0.0455 -0.1176 0.9920
vn 0.0295 -0.1017 0.9944
vn -0.0121 -0.0792 0.9968
vn 0.0171 -0.0501 0.9986
vn 0.0283 -0.0354 0.9990
vn 0.0214 -0.0354 0.9991
vn 0.1028 -0.1706 0.9800
vn 0.1269 -0.1701 0.9772
vn 0.0849 -0.1436 0.9860
vn 0.1036 -0.1250 0.9867
vn 0.0661 -0.1254 0.9899
vn 0.0535 -0.1255 0.9907
vn 0.0172 -0.0501 0.9986
vn 0.0319 -0.0354 0.9989
vn 0.1037 -0.1250 0.9867
vn 0.1037 -0.1249 0.9867
vn 0.0535 -0.1254 0.9907
vn 0.0284 -0.0354 0.9990
vn 0.0213 -0.0354 0.9991
vn 0.1112 -0.1546 0.9817
vn -0.0121 -0.0793 0.9968
vn 0.0947 -0.1773 0.9796
vn 0.0850 -0.1435 0.9860
vn 0.0534 -0.1254 0.9907
vn 0.1099 -0.1581 0.9813
vn 0.1151 -0.1750 0.9778
vn 0.1193 -0.1490 0.9816
vn 0.1274 -0.1488 0.9806
vn 0.1220 -0.1438 0.9821
vn 0.1041 -0.1339 0.9855
vn 0.0976 -0.1199 0.9880
vn 0.1038 -0.1137 0.9881
vn 0.1038 -0.1136 0.9881
vn 0.1039 -0.1136 0.9881
vn 0.0913 -0.1138 0.9893
vn 0.0662 -0.1070 0.9921
vn 0.0536 -0.1070 0.9928
vn 0.0456 -0.0992 0.9940
vn 0.0201 -0.0832 0.9963
vn 0.0172 -0.0540 0.9984
vn 0.0319 -0.0394 0.9987
vn 0.0318 -0.0394 0.9987
vn 0.0284 -0.0394 0.9988
vn 0.0213 -0.0286 0.9994
vn 0.1301 -0.1150 0.9848
vn 0.1439 -0.1262 0.9815
vn 0.1291 -0.1059 0.9860
vn 0.1281 -0.1059 0.9861
vn 0.1279 -0.1060 0.9861
vn 0.1274 -0.1066 0.9861
vn 0.1172 -0.1025 0.9878
vn 0.1059 -0.0927 0.9900
vn 0.1041 -0.0909 0.9904
vn 0.0986 -0.0909 0.9910
vn 0.0735 -0.0841 0.9938
vn 0.0538 -0.0700 0.9961
vn 0.0537 -0.0700 0.9961
vn 0.0428 -0.0620 0.9972
vn 0.0318 -0.0474 0.9984
vn 0.0319 -0.0474 0.9984
vn 0.0392 -0.0258 0.9989
vn 0.0322 -0.0150 0.9994
vn 0.1316 -0.0841 0.9877
vn 0.1325 -0.0852 0.9875
vn 0.1294 -0.0842 0.9880
vn 0.1283 -0.0842 0.9881
vn 0.1284 -0.0842 0.9881
vn 0.1284 -0.0843 0.9881
vn 0.1282 -0.0844 0.9882
vn 0.1276 -0.0850 0.9882
vn 0.1267 -0.0858 0.9882
vn 0.1189 -0.0865 0.9891
vn 0.1096 -0.0849 0.9903
vn 0.1060 -0.0813 0.9910
vn 0.1042 -0.0795 0.9914
vn 0.0987 -0.0795 0.9919
vn 0.0876 -0.0796 0.9930
vn 0.0680 -0.0655 0.9955
vn 0.0538 -0.0514 0.9972
vn 0.0428 -0.0514 0.9978
vn 0.0319 -0.0514 0.9982
vn 0.0318 -0.0514 0.9982
vn 0.0534 -0.0298 0.9981
vn 0.0608 -0.0082 0.9981
vn 0.0321 -0.0082 0.9994
vn 0.1315 -0.0842 0.9877
vn 0.1325 -0.0842 0.9876
vn 0.1279 -0.0847 0.9882
vn 0.1265 -0.0861 0.9882
vn 0.1259 -0.0867 0.9882
vn 0.1187 -0.0866 0.9891
vn 0.1114 -0.0867 0.9900
vn 0.0821 -0.0796 0.9934
vn 0.0538 -0.0513 0.9972
vn 0.0750 -0.0081 0.9971
vn 0.0607 -0.0082 0.9981
vn 0.0322 -0.0082 0.9994
vn 0.1284 -0.0841 0.9881
vn 0.1268 -0.0858 0.9882
vn 0.1262 -0.0864 0.9882
vn 0.1260 -0.0866 0.9882
vn 0.0750 -0.0081 0.9972
vn 0.0750 -0.0082 0.9971
vn 0.0821 -0.0797 0.9934
vn 0.0750 -0.0082 0.9972
vn 0.1292 -0.0844 0.9880
vn 0.1268 -0.0859 0.9882
vn 0.1187 -0.0867 0.9891
vn 0.0321 -0.0082 0.9995
vn 0.1315 -0.0859 0.9876
vn 0.1342 -0.0893 0.9869
vn 0.1289 -0.0847 0.9880
vn 0.1005 -0.0813 0.9916
vn 0.0429 -0.0514 0.9978
vn 0.0446 0.0043 0.9990
vn 0.1360 -0.0878 0.9868
vn 0.1393 -0.0946 0.9857
vn 0.1291 -0.0853 0.9880
vn 0.1262 -0.0855 0.9883
vn 0.1261 -0.0856 0.9883
vn 0.1260 -0.0856 0.9883
vn 0.1258 -0.0858 0.9883
vn 0.1187 -0.0865 0.9891
vn 0.1114 -0.0836 0.9903
vn 0.1041 -0.0818 0.9912
vn 0.0895 -0.0730 0.9933
vn 0.0822 -0.0660 0.9944
vn 0.0822 -0.0659 0.9944
vn 0.0786 -0.0518 0.9956
vn 0.0750 -0.0302 0.9967
vn 0.0731 -0.0199 0.9971
vn 0.0694 0.0150 0.9975
vn 0.1411 -0.0862 0.9862
vn 0.1444 -0.0896 0.9855
vn 0.1309 -0.0848 0.9878
vn 0.1261 -0.0847 0.9884
vn 0.1252 -0.0856 0.9884
vn 0.1211 -0.0863 0.9889
vn 0.1145 -0.0835 0.9899
vn 0.1115 -0.0804 0.9905
vn 0.1114 -0.0804 0.9905
vn 0.1111 -0.0804 0.9905
vn 0.1036 -0.0734 0.9919
vn 0.0893 -0.0593 0.9942
vn 0.0822 -0.0522 0.9952
vn 0.0822 -0.0523 0.9952
vn 0.0786 -0.0523 0.9955
vn 0.0749 -0.0523 0.9958
vn 0.0852 -0.0419 0.9955
vn 0.1056 -0.0212 0.9942
vn 0.1036 0.0011 0.9946
vn 0.1411 -0.0845 0.9864
vn 0.1461 -0.0844 0.9857
vn 0.1311 -0.0846 0.9878
vn 0.1243 -0.0865 0.9885
vn 0.1209 -0.0865 0.9889
vn 0.1175 -0.0865 0.9893
vn 0.1112 -0.0804 0.9905
vn 0.1106 -0.0804 0.9906
vn 0.1033 -0.0734 0.9919
vn 0.1058 -0.0212 0.9942
vn 0.1158 -0.0108 0.9932
vn 0.1156 -0.0109 0.9932
vn 0.1412 -0.0845 0.9864
vn 0.1461 -0.0845 0.9857
vn 0.1311 -0.0846 0.9877
vn 0.1252 -0.0855 0.9884
vn 0.1243 -0.0864 0.9885
vn 0.1176 -0.0865 0.9893
vn 0.1103 -0.0804 0.9906
vn 0.0853 -0.0419 0.9955
vn 0.1160 -0.0108 0.9932
vn 0.1156 -0.0108 0.9932
vt 0.015625 0.015625
vt 0.045898 0.015625
vt 0.045898 0.045898
vt 0.015625 0.045898
vt 0.076172 0.015625
vt 0.076172 0.045898
vt 0.106445 0.015625
vt 0.106445 0.045898
vt 0.136719 0.015625
vt 0.136719 0.045898
vt 0.166992 0.015625
vt 0.166992 0.045898
vt 0.197266 0.015625
vt 0.197266 0.045898
vt 0.227539 0.015625
vt 0.227539 0.045898
vt 0.257812 0.015625
vt 0.257812 0.045898
vt 0.288086 0.015625
vt 0.288086 0.045898
vt 0.318359 0.015625
vt 0.318359 0.045898
vt 0.348633 0.015625
vt 0.348633 0.045898
vt 0.378906 0.015625
vt 0.378906 0.045898
vt 0.409180 0.015625
vt 0.409180 0.045898
vt 0.439453 0.015625
vt 0.439453 0.045898
vt 0.469727 0.015625
vt 0.469727 0.045898
vt 0.500000 0.015625
vt 0.500000 0.045898
vt 0.530273 0.015625
vt 0.530273 0.045898
vt 0.560547 0.015625
vt 0.560547 0.045898
vt 0.590820 0.015625
vt 0.590820 0.045898
vt 0.621094 0.015625
vt 0.621094 0.045898
vt 0.651367 0.015625
vt 0.651367 0.045898
vt 0.681641 0.015625
vt 0.681641 0.045898
vt 0.711914 0.015625
vt 0.711914 0.045898
vt 0.742188 0.015625
vt 0.742188 0.045898
vt 0.772461 0.015625
vt 0.772461 0.045898
vt 0.802734 0.015625
vt 0.802734 0.045898
vt 0.833008 0.015625
vt 0.833008 0.045898
vt 0.863281 0.015625
vt 0.863281 0.045898
vt 0.893555 0.015625
vt 0.893555 0.045898
vt 0.923828 0.015625
vt 0.923828 0.045898
vt 0.954102 0.015625
vt 0.954102 0.045898
vt 0.984375 0.015625
vt 0.984375 0.045898
vt 0.045898 0.076172
vt 0.015625 0.076172
vt 0.076172 0.076172
vt 0.106445 0.076172
vt 0.136719 0.076172
vt 0.166992 0.076172
vt 0.197266 0.076172
vt 0.227539 0.076172
vt 0.257812 0.076172
vt 0.288086 0.076172
vt 0.318359 0.076172
vt 0.348633 0.076172
vt 0.378906 0.076172
vt 0.409180 0.076172
vt 0.439453 0.076172
vt 0.469727 0.076172
vt 0.500000 0.076172
vt 0.530273 0.076172
vt 0.560547 0.076172
vt 0.590820 0.076172
vt 0.621094 0.076172
vt 0.651367 0.076172
vt 0.681641 0.076172
vt 0.711914 0.076172
vt 0.742188 0.076172
vt 0.772461 0.076172
vt 0.802734 0.076172
vt 0.833008 0.076172
vt 0.863281 0.076172
vt 0.893555 0.076172
vt 0.923828 0.076172
vt 0.954102 0.076172
vt 0.984375 0.076172
vt 0.045898 0.106445
vt 0.015625 0.106445
vt 0.076172 0.106445
vt 0.106445 0.106445
vt 0.136719 0.106445
vt 0.166992 0.106445
vt 0.197266 0.106445
vt 0.227539 0.106445
vt 0.257812 0.106445
vt 0.288086 0.106445
vt 0.318359 0.106445
vt 0.348633 0.106445
vt 0.378906 0.106445
vt 0.409180 0.106445
vt 0.439453 0.106445
vt 0.469727 0.106445
vt 0.500000 0.106445
vt 0.530273 0.106445
vt 0.560547 0.106445
vt 0.590820 0.106445
vt 0.621094 0.106445
vt 0.651367 0.106445
vt 0.681641 0.106445
vt 0.711914 0.106445
vt 0.742188 0.106445
vt 0.772461 0.106445
vt 0.802734 0.106445
vt 0.833008 0.106445
vt 0.863281 0.106445
vt 0.893555 0.106445
vt 0.923828 0.106445
vt 0.954102 0.106445
vt 0.984375 0.106445
vt 0.045898 0.136719
vt 0.015625 0.136719
vt 0.076172 0.136719
vt 0.106445 0.136719
vt 0.136719 0.136719
vt 0.166992 0.136719
vt 0.197266 0.136719
vt 0.227539 0.136719
vt 0.257812 0.136719
vt 0.288086 0.136719
vt 0.318359 0.136719
vt 0.348633 0.136719
vt 0.378906 0.136719
vt 0.409180 0.136719
vt 0.439453 0.136719
vt 0.469727 0.136719
vt 0.500000 0.136719
vt 0.530273 0.136719
vt 0.560547 0.136719
vt 0.590820 0.136719
vt 0.621094 0.136719
vt 0.651367 0.136719
vt 0.681641 0.136719
vt 0.711914 0.136719
vt 0.742188 0.136719
vt 0.772461 0.136719
vt 0.802734 0.136719
vt 0.833008 0.136719
vt 0.863281 0.136719
vt 0.893555 0.136719
vt 0.923828 0.136719
vt 0.954102 0.136719
vt 0.984375 0.136719
vt 0.045898 0.166992
vt 0.015625 0.166992
vt 0.076172 0.166992
vt 0.106445 0.166992
vt 0.136719 0.166992
vt 0.166992 0.166992
vt 0.197266 0.166992
vt 0.227539 0.166992
vt 0.257812 0.166992
vt 0.288086 0.166992
vt 0.318359 0.166992
vt 0.348633 0.166992
vt 0.378906 0.166992
vt 0.409180 0.166992
vt 0.439453 0.166992
vt 0.469727 0.166992
vt 0.500000 0.166992
vt 0.530273 0.166992
vt 0.560547 0.166992
vt 0.590820 0.166992
vt 0.621094 0.166992
vt 0.651367 0.166992
vt 0.681641 0.166992
vt 0.711914 0.166992
vt 0.742188 0.166992
vt 0.772461 0.166992
vt 0.802734 0.166992
vt 0.833008 0.166992
vt 0.863281 0.166992
vt 0.893555 0.166992
vt 0.923828 0.166992
vt 0.954102 0.166992
vt 0.984375 0.166992
vt 0.045898 0.197266
vt 0.015625 0.197266
vt 0.076172 0.197266
vt 0.106445 0.197266
vt 0.136719 0.197266
vt 0.166992 0.197266
vt 0.197266 0.197266
vt 0.227539 0.197266
vt 0.257812 0.197266
vt 0.288086 0.197266
vt 0.318359 0.197266
vt 0.348633 0.197266
vt 0.378906 0.197266
vt 0.409180 0.197266
vt 0.439453 0.197266
vt 0.469727 0.197266
vt 0.500000 0.197266
vt 0.530273 0.197266
vt 0.560547 0.197266
vt 0.590820 0.197266
vt 0.621094 0.197266
vt 0.651367 0.197266
vt 0.681641 0.197266
vt 0.711914 0.197266
vt 0.742188 0.197266
vt 0.772461 0.197266
vt 0.802734 0.197266
vt 0.833008 0.197266
vt 0.863281 0.197266
vt 0.893555 0.197266
vt 0.923828 0.197266
vt 0.954102 0.197266
vt 0.984375 0.197266
vt 0.045898 0.227539
vt 0.015625 0.227539
vt 0.076172 0.227539
vt 0.106445 0.227539
vt 0.136719 0.227539
vt 0.166992 0.227539
vt 0.197266 0.227539
vt 0.227539 0.227539
vt 0.257812 0.227539
vt 0.288086 0.227539
vt 0.318359 0.227539
vt 0.348633 0.227539
vt 0.378906 0.227539
vt 0.409180 0.227539
vt 0.439453 0.227539
vt 0.469727 0.227539
vt 0.500000 0.227539
vt 0.530273 0.227539
vt 0.560547 0.227539
vt 0.590820 0.227539
vt 0.621094 0.227539
vt 0.651367 0.227539
vt 0.681641 0.227539
vt 0.711914 0.227539
vt 0.742188 0.227539
vt 0.772461 0.227539
vt 0.802734 0.227539
vt 0.833008 0.227539
vt 0.863281 0.227539
vt 0.893555 0.227539
vt 0.923828 0.227539
vt 0.954102 0.227539
vt 0.984375 0.227539
vt 0.045898 0.257812
vt 0.015625 0.257812
vt 0.076172 0.257812
vt 0.106445 0.257812
vt 0.136719 0.257812
vt 0.166992 0.257812
vt 0.197266 0.257812
vt 0.227539 0.257812
vt 0.257812 0.257812
vt 0.288086 0.257812
vt 0.318359 0.257812
vt 0.348633 0.257812
vt 0.378906 0.257812
vt 0.409180 0.257812
vt 0.439453 0.257812
vt 0.469727 0.257812
vt 0.500000 0.257812
vt 0.530273 0.257812
vt 0.560547 0.257812
vt 0.590820 0.257812
vt 0.621094 0.257812
vt 0.651367 0.257812
vt 0.681641 0.257812
vt 0.711914 0.257812
vt 0.742188 0.257812
vt 0.772461 0.257812
vt 0.802734 0.257812
vt 0.833008 0.257812
vt 0.863281 0.257812
vt 0.893555 0.257812
vt 0.923828 0.257812
vt 0.954102 0.257812
vt 0.984375 0.257812
vt 0.045898 0.288086
vt 0.015625 0.288086
vt 0.076172 0.288086
vt 0.106445 0.288086
vt 0.136719 0.288086
vt 0.166992 0.288086
vt 0.197266 0.288086
vt 0.227539 0.288086
vt 0.257812 0.288086
vt 0.288086 0.288086
vt 0.318359 0.288086
vt 0.348633 0.288086
vt 0.378906 0.288086
vt 0.409180 0.288086
vt 0.439453 0.288086
vt 0.469727 0.288086
vt 0.500000 0.288086
vt 0.530273 0.288086
vt 0.560547 0.288086
vt 0.590820 0.288086
vt 0.621094 0.288086
vt 0.651367 0.288086
vt 0.681641 0.288086
vt 0.711914 0.288086
vt 0.742188 0.288086
vt 0.772461 0.288086
vt 0.802734 0.288086
vt 0.833008 0.288086
vt 0.863281 0.288086
vt 0.893555 0.288086
vt 0.923828 0.288086
vt 0.954102 0.288086
vt 0.984375 0.288086
vt 0.045898 0.318359
vt 0.015625 0.318359
vt 0.076172 0.318359
vt 0.106445 0.318359
vt 0.136719 0.318359
vt 0.166992 0.318359
vt 0.197266 0.318359
vt 0.227539 0.318359
vt 0.257812 0.318359
vt 0.288086 0.318359
vt 0.318359 0.318359
vt 0.348633 0.318359
vt 0.378906 0.318359
vt 0.409180 0.318359
vt 0.439453 0.318359
vt 0.469727 0.318359
vt 0.500000 0.318359
vt 0.530273 0.318359
vt 0.560547 0.318359
vt 0.590820 0.318359
vt 0.621094 0.318359
vt 0.651367 0.318359
vt 0.681641 0.318359
vt 0.711914 0.318359
vt 0.742188 0.318359
vt 0.772461 0.318359
vt 0.802734 0.318359
vt 0.833008 0.318359
vt 0.863281 0.318359
vt 0.893555 0.318359
vt 0.923828 0.318359
vt 0.954102 0.318359
vt 0.984375 0.318359
vt 0.045898 0.348633
vt 0.015625 0.348633
vt 0.076172 0.348633
vt 0.106445 0.348633
vt 0.136719 0.348633
vt 0.166992 0.348633
vt 0.197266 0.348633
vt 0.227539 0.348633
vt 0.257812 0.348633
vt 0.288086 0.348633
vt 0.318359 0.348633
vt 0.348633 0.348633
vt 0.378906 0.348633
vt 0.409180 0.348633
vt 0.439453 0.348633
vt 0.469727 0.348633
vt 0.500000 0.348633
vt 0.530273 0.348633
vt 0.560547 0.348633
vt 0.590820 0.348633
vt 0.621094 0.348633
vt 0.651367 0.348633
vt 0.681641 0.348633
vt 0.711914 0.348633
vt 0.742188 0.348633
vt 0.772461 0.348633
vt 0.802734 0.348633
vt 0.833008 0.348633
vt 0.863281 0.348633
vt 0.893555 0.348633
vt 0.923828 0.348633
vt 0.954102 0.348633
vt 0.984375 0.348633
vt 0.045898 0.378906
vt 0.015625 0.378906
vt 0.076172 0.378906
vt 0.106445 0.378906
vt 0.136719 0.378906
vt 0.166992 0.378906
vt 0.197266 0.378906
vt 0.227539 0.378906
vt 0.257812 0.378906
vt 0.288086 0.378906
vt 0.318359 0.378906
vt 0.348633 0.378906
vt 0.378906 0.378906
vt 0.409180 0.378906
vt 0.439453 0.378906
vt 0.469727 0.378906
vt 0.500000 0.378906
vt 0.530273 0.378906
vt 0.560547 0.378906
vt 0.590820 0.378906
vt 0.621094 0.378906
vt 0.651367 0.378906
vt 0.681641 0.378906
vt 0.711914 0.378906
vt 0.742188 0.378906
vt 0.772461 0.378906
vt 0.802734 0.378906
vt 0.833008 0.378906
vt 0.863281 0.378906
vt 0.893555 0.378906
vt 0.923828 0.378906
vt 0.954102 0.378906
vt 0.984375 0.378906
vt 0.045898 0.409180
vt 0.015625 0.409180
vt 0.076172 0.409180
vt 0.106445 0.409180
vt 0.136719 0.409180
vt 0.166992 0.409180
vt 0.197266 0.409180
vt 0.227539 0.409180
vt 0.257812 0.409180
vt 0.288086 0.409180
vt 0.318359 0.409180
vt 0.348633 0.409180
vt 0.378906 0.409180
vt 0.409180 0.409180
vt 0.439453 0.409180
vt 0.469727 0.409180
vt 0.500000 0.409180
vt 0.530273 0.409180
vt 0.560547 0.409180
vt 0.590820 0.409180
vt 0.621094 0.409180
vt 0.651367 0.409180
vt 0.681641 0.409180
vt 0.711914 0.409180
vt 0.742188 0.409180
vt 0.772461 0.409180
vt 0.802734 0.409180
vt 0.833008 0.409180
vt 0.863281 0.409180
vt 0.893555 0.409180
vt 0.923828 0.409180
vt 0.954102 0.409180
vt 0.984375 0.409180
vt 0.045898 0.439453
vt 0.015625 0.439453
vt 0.076172 0.439453
vt 0.106445 0.439453
vt 0.136719 0.439453
vt 0.166992 0.439453
vt 0.197266 0.439453
vt 0.227539 0.439453
vt 0.257812 0.439453
vt 0.288086 0.439453
vt 0.318359 0.439453
vt 0.348633 0.439453
vt 0.378906 0.439453
vt 0.409180 0.439453
vt 0.439453 0.439453
vt 0.469727 0.439453
vt 0.500000 0.439453
vt 0.530273 0.439453
vt 0.560547 0.439453
vt 0.590820 0.439453
vt 0.621094 0.439453
vt 0.651367 0.439453
vt 0.681641 0.439453
vt 0.711914 0.439453
vt 0.742188 0.439453
vt 0.772461 0.439453
vt 0.802734 0.439453
vt 0.833008 0.439453
vt 0.863281 0.439453
vt 0.893555 0.439453
vt 0.923828 0.439453
vt 0.954102 0.439453
vt 0.984375 0.439453
vt 0.045898 0.469727
vt 0.015625 0.469727
vt 0.076172 0.469727
vt 0.106445 0.469727
vt 0.136719 0.469727
vt 0.166992 0.469727
vt 0.197266 0.469727
vt 0.227539 0.469727
vt 0.257812 0.469727
vt 0.288086 0.469727
vt 0.318359 0.469727
vt 0.348633 0.469727
vt 0.378906 0.469727
vt 0.409180 0.469727
vt 0.439453 0.469727
vt 0.469727 0.469727
vt 0.500000 0.469727
vt 0.530273 0.469727
vt 0.560547 0.469727
vt 0.590820 0.469727
vt 0.621094 0.469727
vt 0.651367 0.469727
vt 0.681641 0.469727
vt 0.711914 0.469727
vt 0.742188 0.469727
vt 0.772461 0.469727
vt 0.802734 0.469727
vt 0.833008 0.469727
vt 0.863281 0.469727
vt 0.893555 0.469727
vt 0.923828 0.469727
vt 0.954102 0.469727
vt 0.984375 0.469727
vt 0.045898 0.500000
vt 0.015625 0.500000
vt 0.076172 0.500000
vt 0.106445 0.500000
vt 0.136719 0.500000
vt 0.166992 0.500000
vt 0.197266 0.500000
vt 0.227539 0.500000
vt 0.257812 0.500000
vt 0.288086 0.500000
vt 0.318359 0.500000
vt 0.348633 0.500000
vt 0.378906 0.500000
vt 0.409180 0.500000
vt 0.439453 0.500000
vt 0.469727 0.500000
vt 0.500000 0.500000
vt 0.530273 0.500000
vt 0.560547 0.500000
vt 0.590820 0.500000
vt 0.621094 0.500000
vt 0.651367 0.500000
vt 0.681641 0.500000
vt 0.711914 0.500000
vt 0.742188 0.500000
vt 0.772461 0.500000
vt 0.802734 0.500000
vt 0.833008 0.500000
vt 0.863281 0.500000
vt 0.893555 0.500000
vt 0.923828 0.500000
vt 0.954102 0.500000
vt 0.984375 0.500000
vt 0.045898 0.530273
vt 0.015625 0.530273
vt 0.076172 0.530273
vt 0.106445 0.530273
vt 0.136719 0.530273
vt 0.166992 0.530273
vt 0.197266 0.530273
vt 0.227539 0.530273
vt 0.257812 0.530273
vt 0.288086 0.530273
vt 0.318359 0.530273
vt 0.348633 0.530273
vt 0.378906 0.530273
vt 0.409180 0.530273
vt 0.439453 0.530273
vt 0.469727 0.530273
vt 0.500000 0.530273
vt 0.530273 0.530273
vt 0.560547 0.530273
vt 0.590820 0.530273
vt 0.621094 0.530273
vt 0.651367 0.530273
vt 0.681641 0.530273
vt 0.711914 0.530273
vt 0.742188 0.530273
vt 0.772461 0.530273
vt 0.802734 0.530273
vt 0.833008 0.530273
vt 0.863281 0.530273
vt 0.893555 0.530273
vt 0.923828 0.530273
vt 0.954102 0.530273
vt 0.984375 0.530273
vt 0.045898 0.560547
vt 0.015625 0.560547
vt 0.076172 0.560547
vt 0.106445 0.560547
vt 0.136719 0.560547
vt 0.166992 0.560547
vt 0.197266 0.560547
vt 0.227539 0.560547
vt 0.257812 0.560547
vt 0.288086 0.560547
vt 0.318359 0.560547
vt 0.348633 0.560547
vt 0.378906 0.560547
vt 0.409180 0.560547
vt 0.439453 0.560547
vt 0.469727 0.560547
vt 0.500000 0.560547
vt 0.530273 0.560547
vt 0.560547 0.560547
vt 0.590820 0.560547
vt 0.621094 0.560547
vt 0.651367 0.560547
vt 0.681641 0.560547
vt 0.711914 0.560547
vt 0.742188 0.560547
vt 0.772461 0.560547
vt 0.802734 0.560547
vt 0.833008 0.560547
vt 0.863281 0.560547
vt 0.893555 0.560547
vt 0.923828 0.560547
vt 0.954102 0.560547
vt 0.984375 0.560547
vt 0.045898 0.590820
vt 0.015625 0.590820
vt 0.076172 0.590820
vt 0.106445 0.590820
vt 0.136719 0.590820
vt 0.166992 0.590820
vt 0.197266 0.590820
vt 0.227539 0.590820
vt 0.257812 0.590820
vt 0.288086 0.590820
vt 0.318359 0.590820
vt 0.348633 0.590820
vt 0.378906 0.590820
vt 0.409180 0.590820
vt 0.439453 0.590820
vt 0.469727 0.590820
vt 0.500000 0.590820
vt 0.530273 0.590820
vt 0.560547 0.590820
vt 0.590820 0.590820
vt 0.621094 0.590820
vt 0.651367 0.590820
vt 0.681641 0.590820
vt 0.711914 0.590820
vt 0.742188 0.590820
vt 0.772461 0.590820
vt 0.802734 0.590820
vt 0.833008 0.590820
vt 0.863281 0.590820
vt 0.893555 0.590820
vt 0.923828 0.590820
vt 0.954102 0.590820
vt 0.984375 0.590820
vt 0.045898 0.621094
vt 0.015625 0.621094
vt 0.076172 0.621094
vt 0.106445 0.621094
vt 0.136719 0.621094
vt 0.166992 0.621094
vt 0.197266 0.621094
vt 0.227539 0.621094
vt 0.257812 0.621094
vt 0.288086 0.621094
vt 0.318359 0.621094
vt 0.348633 0.621094
vt 0.378906 0.621094
vt 0.409180 0.621094
vt 0.439453 0.621094
vt 0.469727 0.621094
vt 0.500000 0.621094
vt 0.530273 0.621094
vt 0.560547 0.621094
vt 0.590820 0.621094
vt 0.621094 0.621094
vt 0.651367 0.621094
vt 0.681641 0.621094
vt 0.711914 0.621094
vt 0.742188 0.621094
vt 0.772461 0.621094
vt 0.802734 0.621094
vt 0.833008 0.621094
vt 0.863281 0.621094
vt 0.893555 0.621094
vt 0.923828 0.621094
vt 0.954102 0.621094
vt 0.984375 0.621094
vt 0.045898 0.651367
vt 0.015625 0.651367
vt 0.076172 0.651367
vt 0.106445 0.651367
vt 0.136719 0.651367
vt 0.166992 0.651367
vt 0.197266 0.651367
vt 0.227539 0.651367
vt 0.257812 0.651367
vt 0.288086 0.651367
vt 0.318359 0.651367
vt 0.348633 0.651367
vt 0.378906 0.651367
vt 0.409180 0.651367
vt 0.439453 0.651367
vt 0.469727 0.651367
vt 0.500000 0.651367
vt 0.530273 0.651367
vt 0.560547 0.651367
vt 0.590820 0.651367
vt 0.621094 0.651367
vt 0.651367 0.651367
vt 0.681641 0.651367
vt 0.711914 0.651367
vt 0.742188 0.651367
vt 0.772461 0.651367
vt 0.802734 0.651367
vt 0.833008 0.651367
vt 0.863281 0.651367
vt 0.893555 0.651367
vt 0.923828 0.651367
vt 0.954102 0.651367
vt 0.984375 0.651367
vt 0.045898 0.681641
vt 0.015625 0.681641
vt 0.076172 0.681641
vt 0.106445 0.681641
vt 0.136719 0.681641
vt 0.166992 0.681641
vt 0.197266 0.681641
vt 0.227539 0.681641
vt 0.257812 0.681641
vt 0.288086 0.681641
vt 0.318359 0.681641
vt 0.348633 0.681641
vt 0.378906 0.681641
vt 0.409180 0.681641
vt 0.439453 0.681641
vt 0.469727 0.681641
vt 0.500000 0.681641
vt 0.530273 0.681641
vt 0.560547 0.681641
vt 0.590820 0.681641
vt 0.621094 0.681641
vt 0.651367 0.681641
vt 0.681641 0.681641
vt 0.711914 0.681641
vt 0.742188 0.681641
vt 0.772461 0.681641
vt 0.802734 0.681641
vt 0.833008 0.681641
vt 0.863281 0.681641
vt 0.893555 0.681641
vt 0.923828 0.681641
vt 0.954102 0.681641
vt 0.984375 0.681641
vt 0.045898 0.711914
vt 0.015625 0.711914
vt 0.076172 0.711914
vt 0.106445 0.711914
vt 0.136719 0.711914
vt 0.166992 0.711914
vt 0.197266 0.711914
vt 0.227539 0.711914
vt 0.257812 0.711914
vt 0.288086 0.711914
vt 0.318359 0.711914
vt 0.348633 0.711914
vt 0.378906 0.711914
vt 0.409180 0.711914
vt 0.439453 0.711914
vt 0.469727 0.711914
vt 0.500000 0.711914
vt 0.530273 0.711914
vt 0.560547 0.711914
vt 0.590820 0.711914
vt 0.621094 0.711914
vt 0.651367 0.711914
vt 0.681641 0.711914
vt 0.711914 0.711914
vt 0.742188 0.711914
vt 0.772461 0.711914
vt 0.802734 0.711914
vt 0.833008 0.711914
vt 0.863281 0.711914
vt 0.893555 0.711914
vt 0.923828 0.711914
vt 0.954102 0.711914
vt 0.984375 0.711914
vt 0.045898 0.742188
vt 0.015625 0.742188
vt 0.076172 0.742188
vt 0.106445 0.742188
vt 0.136719 0.742188
vt 0.166992 0.742188
vt 0.197266 0.742188
vt 0.227539 0.742188
vt 0.257812 0.742188
vt 0.288086 0.742188
vt 0.318359 0.742188
vt 0.348633 0.742188
vt 0.378906 0.742188
vt 0.409180 0.742188
vt 0.439453 0.742188
vt 0.469727 0.742188
vt 0.500000 0.742188
vt 0.530273 0.742188
vt 0.560547 0.742188
vt 0.590820 0.742188
vt 0.621094 0.742188
vt 0.651367 0.742188
vt 0.681641 0.742188
vt 0.711914 0.742188
vt 0.742188 0.742188
vt 0.772461 0.742188
vt 0.802734 0.742188
vt 0.833008 0.742188
vt 0.863281 0.742188
vt 0.893555 0.742188
vt 0.923828 0.742188
vt 0.954102 0.742188
vt 0.984375 0.742188
vt 0.045898 0.772461
vt 0.015625 0.772461
vt 0.076172 0.772461
vt 0.106445 0.772461
vt 0.136719 0.772461
vt 0.166992 0.772461
vt 0.197266 0.772461
vt 0.227539 0.772461
vt 0.257812 0.772461
vt 0.288086 0.772461
vt 0.318359 0.772461
vt 0.348633 0.772461
vt 0.378906 0.772461
vt 0.409180 0.772461
vt 0.439453 0.772461
vt 0.469727 0.772461
vt 0.500000 0.772461
vt 0.530273 0.772461
vt 0.560547 0.772461
vt 0.590820 0.772461
vt 0.621094 0.772461
vt 0.651367 0.772461
vt 0.681641 0.772461
vt 0.711914 0.772461
vt 0.742188 0.772461
vt 0.772461 0.772461
vt 0.802734 0.772461
vt 0.833008 0.772461
vt 0.863281 0.772461
vt 0.893555 0.772461
vt 0.923828 0.772461
vt 0.954102 0.772461
vt 0.984375 0.772461
vt 0.045898 0.802734
vt 0.015625 0.802734
vt 0.076172 0.802734
vt 0.106445 0.802734
vt 0.136719 0.802734
vt 0.166992 0.802734
vt 0.197266 0.802734
vt 0.227539 0.802734
vt 0.257812 0.802734
vt 0.288086 0.802734
vt 0.318359 0.802734
vt 0.348633 0.802734
vt 0.378906 0.802734
vt 0.409180 0.802734
vt 0.439453 0.802734
vt 0.469727 0.802734
vt 0.500000 0.802734
vt 0.530273 0.802734
vt 0.560547 0.802734
vt 0.590820 0.802734
vt 0.621094 0.802734
vt 0.651367 0.802734
vt 0.681641 0.802734
vt 0.711914 0.802734
vt 0.742188 0.802734
vt 0.772461 0.802734
vt 0.802734 0.802734
vt 0.833008 0.802734
vt 0.863281 0.802734
vt 0.893555 0.802734
vt 0.923828 0.802734
vt 0.954102 0.802734
vt 0.984375 0.802734
vt 0.045898 0.833008
vt 0.015625 0.833008
vt 0.076172 0.833008
vt 0.106445 0.833008
vt 0.136719 0.833008
vt 0.166992 0.833008
vt 0.197266 0.833008
vt 0.227539 0.833008
vt 0.257812 0.833008
vt 0.288086 0.833008
vt 0.318359 0.833008
vt 0.348633 0.833008
vt 0.378906 0.833008
vt 0.409180 0.833008
vt 0.439453 0.833008
vt 0.469727 0.833008
vt 0.500000 0.833008
vt 0.530273 0.833008
vt 0.560547 0.833008
vt 0.590820 0.833008
vt 0.621094 0.833008
vt 0.651367 0.833008
vt 0.681641 0.833008
vt 0.711914 0.833008
vt 0.742188 0.833008
vt 0.772461 0.833008
vt 0.802734 0.833008
vt 0.833008 0.833008
vt 0.863281 0.833008
vt 0.893555 0.833008
vt 0.923828 0.833008
vt 0.954102 0.833008
vt 0.984375 0.833008
vt 0.045898 0.863281
vt 0.015625 0.863281
vt 0.076172 0.863281
vt 0.106445 0.863281
vt 0.136719 0.863281
vt 0.166992 0.863281
vt 0.197266 0.863281
vt 0.227539 0.863281
vt 0.257812 0.863281
vt 0.288086 0.863281
vt 0.318359 0.863281
vt 0.348633 0.863281
vt 0.378906 0.863281
vt 0.409180 0.863281
vt 0.439453 0.863281
vt 0.469727 0.863281
vt 0.500000 0.863281
vt 0.530273 0.863281
vt 0.560547 0.863281
vt 0.590820 0.863281
vt 0.621094 0.863281
vt 0.651367 0.863281
vt 0.681641 0.863281
vt 0.711914 0.863281
vt 0.742188 0.863281
vt 0.772461 0.863281
vt 0.802734 0.863281
vt 0.833008 0.863281
vt 0.863281 0.863281
vt 0.893555 0.863281
vt 0.923828 0.863281
vt 0.954102 0.863281
vt 0.984375 0.863281
vt 0.045898 0.893555
vt 0.015625 0.893555
vt 0.076172 0.893555
vt 0.106445 0.893555
vt 0.136719 0.893555
vt 0.166992 0.893555
vt 0.197266 0.893555
vt 0.227539 0.893555
vt 0.257812 0.893555
vt 0.288086 0.893555
vt 0.318359 0.893555
vt 0.348633 0.893555
vt 0.378906 0.893555
vt 0.409180 0.893555
vt 0.439453 0.893555
vt 0.469727 0.893555
vt 0.500000 0.893555
vt 0.530273 0.893555
vt 0.560547 0.893555
vt 0.590820 0.893555
vt 0.621094 0.893555
vt 0.651367 0.893555
vt 0.681641 0.893555
vt 0.711914 0.893555
vt 0.742188 0.893555
vt 0.772461 0.893555
vt 0.802734 0.893555
vt 0.833008 0.893555
vt 0.863281 0.893555
vt 0.893555 0.893555
vt 0.923828 0.893555
vt 0.954102 0.893555
vt 0.984375 0.893555
vt 0.045898 0.923828
vt 0.015625 0.923828
vt 0.076172 0.923828
vt 0.106445 0.923828
vt 0.136719 0.923828
vt 0.166992 0.923828
vt 0.197266 0.923828
vt 0.227539 0.923828
vt 0.257812 0.923828
vt 0.288086 0.923828
vt 0.318359 0.923828
vt 0.348633 0.923828
vt 0.378906 0.923828
vt 0.409180 0.923828
vt 0.439453 0.923828
vt 0.469727 0.923828
vt 0.500000 0.923828
vt 0.530273 0.923828
vt 0.560547 0.923828
vt 0.590820 0.923828
vt 0.621094 0.923828
vt 0.651367 0.923828
vt 0.681641 0.923828
vt 0.711914 0.923828
vt 0.742188 0.923828
vt 0.772461 0.923828
vt 0.802734 0.923828
vt 0.833008 0.923828
vt 0.863281 0.923828
vt 0.893555 0.923828
vt 0.923828 0.923828
vt 0.954102 0.923828
vt 0.984375 0.923828
vt 0.045898 0.954102
vt 0.015625 0.954102
vt 0.076172 0.954102
vt 0.106445 0.954102
vt 0.136719 0.954102
vt 0.166992 0.954102
vt 0.197266 0.954102
vt 0.227539 0.954102
vt 0.257812 0.954102
vt 0.288086 0.954102
vt 0.318359 0.954102
vt 0.348633 0.954102
vt 0.378906 0.954102
vt 0.409180 0.954102
vt 0.439453 0.954102
vt 0.469727 0.954102
vt 0.500000 0.954102
vt 0.530273 0.954102
vt 0.560547 0.954102
vt 0.590820 0.954102
vt 0.621094 0.954102
vt 0.651367 0.954102
vt 0.681641 0.954102
vt 0.711914 0.954102
vt 0.742188 0.954102
vt 0.772461 0.954102
vt 0.802734 0.954102
vt 0.833008 0.954102
vt 0.863281 0.954102
vt 0.893555 0.954102
vt 0.923828 0.954102
vt 0.954102 0.954102
vt 0.984375 0.954102
vt 0.045898 0.984375
vt 0.015625 0.984375
vt 0.076172 0.984375
vt 0.106445 0.984375
vt 0.136719 0.984375
vt 0.166992 0.984375
vt 0.197266 0.984375
vt 0.227539 0.984375
vt 0.257812 0.984375
vt 0.288086 0.984375
vt 0.318359 0.984375
vt 0.348633 0.984375
vt 0.378906 0.984375
vt 0.409180 0.984375
vt 0.439453 0.984375
vt 0.469727 0.984375
vt 0.500000 0.984375
vt 0.530273 0.984375
vt 0.560547 0.984375
vt 0.590820 0.984375
vt 0.621094 0.984375
vt 0.651367 0.984375
vt 0.681641 0.984375
vt 0.711914 0.984375
vt 0.742188 0.984375
vt 0.772461 0.984375
vt 0.802734 0.984375
vt 0.833008 0.984375
vt 0.863281 0.984375
vt 0.893555 0.984375
vt 0.923828 0.984375
vt 0.954102 0.984375
vt 0.984375 0.984375
s 1
f 1/1/1 2/2/2 35/3/3
f 1/1/1 35/3/3 34/4/4
f 2/2/2 3/5/5 36/6/6
f 2/2/2 36/6/6 35/3/3
f 3/5/5 4/7/7 37/8/8
f 3/5/5 37/8/8 36/6/6
f 4/7/7 5/9/9 38/10/10
f 4/7/7 38/10/10 37/8/8
f 5/9/9 6/11/9 39/12/9
f 5/9/9 39/12/9 38/10/10
f 6/11/9 7/13/9 40/14/9
f 6/11/9 40/14/9 39/12/9
f 7/13/9 8/15/9 41/16/9
f 7/13/9 41/16/9 40/14/9
f 8/15/9 9/17/9 42/18/9
f 8/15/9 42/18/9 41/16/9
f 9/17/9 10/19/11 43/20/11
f 9/17/9 43/20/11 42/18/9
f 10/19/11 11/21/12 44/22/13
f 10/19/11 44/22/13 43/20/11
f 11/21/12 12/23/14 45/24/15
f 11/21/12 45/24/15 44/22/13
f 12/23/14 13/25/14 46/26/14
f 12/23/14 46/26/14 45/24/15
f 13/25/14 14/27/16 47/28/14
f 13/25/14 47/28/14 46/26/14
f 14/27/16 15/29/16 48/30/14
f 14/27/16 48/30/14 47/28/14
f 15/29/16 16/31/16 49/32/14
f 15/29/16 49/32/14 48/30/14
f 16/31/16 17/33/17 50/34/18
f 16/31/16 50/34/18 49/32/14
f 17/33/17 18/35/19 51/36/20
f 17/33/17 51/36/20 50/34/18
f 18/35/19 19/37/21 52/38/22
f 18/35/19 52/38/22 51/36/20
f 19/37/21 20/39/22 53/40/22
f 19/37/21 53/40/22 52/38/22
f 20/39/22 21/41/22 54/42/22
f 20/39/22 54/42/22 53/40/22
f 21/41/22 22/43/21 55/44/23
f 21/41/22 55/44/23 54/42/22
f 22/43/21 23/45/22 56/46/24
f 22/43/21 56/46/24 55/44/23
f 23/45/22 24/47/25 57/48/26
f 23/45/22 57/48/26 56/46/24
f 24/47/25 25/49/27 58/50/28
f 24/47/25 58/50/28 57/48/26
f 25/49/27 26/51/29 59/52/30
f 25/49/27 59/52/30 58/50/28
f 26/51/29 27/53/29 60/54/29
f 26/51/29 60/54/29 59/52/30
f 27/53/29 28/55/31 61/56/30
f 27/53/29 61/56/30 60/54/29
f 28/55/31 29/57/29 62/58/29
f 28/55/31 62/58/29 61/56/30
f 29/57/29 30/59/31 63/60/32
f 29/57/29 63/60/32 62/58/29
f 30/59/31 31/61/33 64/62/34
f 30/59/31 64/62/34 63/60/32
f 31/61/33 32/63/35 65/64/36
f 31/61/33 65/64/36 64/62/34
f 32/63/35 33/65/37 66/66/37
f 32/63/35 66/66/37 65/64/36
f 34/4/4 35/3/3 68/67/3
f 34/4/4 68/67/3 67/68/4
f 35/3/3 36/6/6 69/69/6
f 35/3/3 69/69/6 68/67/3
f 36/6/6 37/8/8 70/70/38
f 36/6/6 70/70/38 69/69/6
f 37/8/8 38/10/10 71/71/8
f 37/8/8 71/71/8 70/70/38
f 38/10/10 39/12/9 72/72/10
f 38/10/10 72/72/10 71/71/8
f 39/12/9 40/14/9 73/73/9
f 39/12/9 73/73/9 72/72/10
f 40/14/9 41/16/9 74/74/9
f 40/14/9 74/74/9 73/73/9
f 41/16/9 42/18/9 75/75/9
f 41/16/9 75/75/9 74/74/9
f 42/18/9 43/20/11 76/76/11
f 42/18/9 76/76/11 75/75/9
f 43/20/11 44/22/13 77/77/13
f 43/20/11 77/77/13 76/76/11
f 44/22/13 45/24/15 78/78/39
f 44/22/13 78/78/39 77/77/13
f 45/24/15 46/26/14 79/79/15
f 45/24/15 79/79/15 78/78/39
f 46/26/14 47/28/14 80/80/14
f 46/26/14 80/80/14 79/79/15
f 47/28/14 48/30/14 81/81/14
f 47/28/14 81/81/14 80/80/14
f 48/30/14 49/32/14 82/82/14
f 48/30/14 82/82/14 81/81/14
f 49/32/14 50/34/18 83/83/18
f 49/32/14 83/83/18 82/82/14
f 50/34/18 51/36/20 84/84/20
f 50/34/18 84/84/20 83/83/18
f 51/36/20 52/38/22 85/85/22
f 51/36/20 85/85/22 84/84/20
f 52/38/22 53/40/22 86/86/22
f 52/38/22 86/86/22 85/85/22
f 53/40/22 54/42/22 87/87/23
f 53/40/22 87/87/23 86/86/22
f 54/42/22 55/44/23 88/88/40
f 54/42/22 88/88/40 87/87/23
f 55/44/23 56/46/24 89/89/41
f 55/44/23 89/89/41 88/88/40
f 56/46/24 57/48/26 90/90/41
f 56/46/24 90/90/41 89/89/41
f 57/48/26 58/50/28 91/91/28
f 57/48/26 91/91/28 90/90/41
f 58/50/28 59/52/30 92/92/29
f 58/50/28 92/92/29 91/91/28
f 59/52/30 60/54/29 93/93/31
f 59/52/30 93/93/31 92/92/29
f 60/54/29 61/56/30 94/94/42
f 60/54/29 94/94/42 93/93/31
f 61/56/30 62/58/29 95/95/33
f 61/56/30 95/95/33 94/94/42
f 62/58/29 63/60/32 96/96/43
f 62/58/29 96/96/43 95/95/33
f 63/60/32 64/62/34 97/97/44
f 63/60/32 97/97/44 96/96/43
f 64/62/34 65/64/36 98/98/45
f 64/62/34 98/98/45 97/97/44
f 65/64/36 66/66/37 99/99/46
f 65/64/36 99/99/46 98/98/45
f 67/68/4 68/67/3 101/100/3
f 67/68/4 101/100/3 100/101/4
f 68/67/3 69/69/6 102/102/6
f 68/67/3 102/102/6 101/100/3
f 69/69/6 70/70/38 103/103/38
f 69/69/6 103/103/38 102/102/6
f 70/70/38 71/71/8 104/104/38
f 70/70/38 104/104/38 103/103/38
f 71/71/8 72/72/10 105/105/47
f 71/71/8 105/105/47 104/104/38
f 72/72/10 73/73/9 106/106/10
f 72/72/10 106/106/10 105/105/47
f 73/73/9 74/74/9 107/107/9
f 73/73/9 107/107/9 106/106/10
f 74/74/9 75/75/9 108/108/9
f 74/74/9 108/108/9 107/107/9
f 75/75/9 76/76/11 109/109/11
f 75/75/9 109/109/11 108/108/9
f 76/76/11 77/77/13 110/110/39
f 76/76/11 110/110/39 109/109/11
f 77/77/13 78/78/39 111/111/13
f 77/77/13 111/111/13 110/110/39
f 78/78/39 79/79/15 112/112/13
f 78/78/39 112/112/13 111/111/13
f 79/79/15 80/80/14 113/113/15
f 79/79/15 113/113/15 112/112/13
f 80/80/14 81/81/14 114/114/14
f 80/80/14 114/114/14 113/113/15
f 81/81/14 82/82/14 115/115/14
f 81/81/14 115/115/14 114/114/14
f 82/82/14 83/83/18 116/116/18
f 82/82/14 116/116/18 115/115/14
f 83/83/18 84/84/20 117/117/20
f 83/83/18 117/117/20 116/116/18
f 84/84/20 85/85/22 118/118/22
f 84/84/20 118/118/22 117/117/20
f 85/85/22 86/86/22 119/119/23
f 85/85/22 119/119/23 118/118/22
f 86/86/22 87/87/23 120/120/40
f 86/86/22 120/120/40 119/119/23
f 87/87/23 88/88/40 121/121/41
f 87/87/23 121/121/41 120/120/40
f 88/88/40 89/89/41 122/122/26
f 88/88/40 122/122/26 121/121/41
f 89/89/41 90/90/41 123/123/26
f 89/89/41 123/123/26 122/122/26
f 90/90/41 91/91/28 124/124/28
f 90/90/41 124/124/28 123/123/26
f 91/91/28 92/92/29 125/125/29
f 91/91/28 125/125/29 124/124/28
f 92/92/29 93/93/31 126/126/42
f 92/92/29 126/126/42 125/125/29
f 93/93/31 94/94/42 127/127/32
f 93/93/31 127/127/32 126/126/42
f 94/94/42 95/95/33 128/128/48
f 94/94/42 128/128/48 127/127/32
f 95/95/33 96/96/43 129/129/44
f 95/95/33 129/129/44 128/128/48
f 96/96/43 97/97/44 130/130/44
f 96/96/43 130/130/44 129/129/44
f 97/97/44 98/98/45 131/131/45
f 97/97/44 131/131/45 130/130/44
f 98/98/45 99/99/46 132/132/49
f 98/98/45 132/132/49 131/131/45
f 100/101/4 101/100/3 134/133/3
f 100/101/4 134/133/3 133/134/4
f 101/100/3 102/102/6 135/135/6
f 101/100/3 135/135/6 134/133/3
f 102/102/6 103/103/38 136/136/38
f 102/102/6 136/136/38 135/135/6
f 103/103/38 104/104/38 137/137/38
f 103/103/38 137/137/38 136/136/38
f 104/104/38 105/105/47 138/138/38
f 104/104/38 138/138/38 137/137/38
f 105/105/47 106/106/10 139/139/50
f 105/105/47 139/139/50 138/138/38
f 106/106/10 107/107/9 140/140/10
f 106/106/10 140/140/10 139/139/50
f 107/107/9 108/108/9 141/141/9
f 107/107/9 141/141/9 140/140/10
f 108/108/9 109/109/11 142/142/51
f 108/108/9 142/142/51 141/141/9
f 109/109/11 110/110/39 143/143/13
f 109/109/11 143/143/13 142/142/51
f 110/110/39 111/111/13 144/144/13
f 110/110/39 144/144/13 143/143/13
f 111/111/13 112/112/13 145/145/13
f 111/111/13 145/145/13 144/144/13
f 112/112/13 113/113/15 146/146/13
f 112/112/13 146/146/13 145/145/13
f 113/113/15 114/114/14 147/147/15
f 113/113/15 147/147/15 146/146/13
f 114/114/14 115/115/14 148/148/14
f 114/114/14 148/148/14 147/147/15
f 115/115/14 116/116/18 149/149/52
f 115/115/14 149/149/52 148/148/14
f 116/116/18 117/117/20 150/150/20
f 116/116/18 150/150/20 149/149/52
f 117/117/20 118/118/22 151/151/23
f 117/117/20 151/151/23 150/150/20
f 118/118/22 119/119/23 152/152/25
f 118/118/22 152/152/25 151/151/23
f 119/119/23 120/120/40 153/153/41
f 119/119/23 153/153/41 152/152/25
f 120/120/40 121/121/41 154/154/41
f 120/120/40 154/154/41 153/153/41
f 121/121/41 122/122/26 155/155/41
f 121/121/41 155/155/41 154/154/41
f 122/122/26 123/123/26 156/156/41
f 122/122/26 156/156/41 155/155/41
f 123/123/26 124/124/28 157/157/28
f 123/123/26 157/157/28 156/156/41
f 124/124/28 125/125/29 158/158/42
f 124/124/28 158/158/42 157/157/28
f 125/125/29 126/126/42 159/159/32
f 125/125/29 159/159/32 158/158/42
f 126/126/42 127/127/32 160/160/43
f 126/126/42 160/160/43 159/159/32
f 127/127/32 128/128/48 161/161/53
f 127/127/32 161/161/53 160/160/43
f 128/128/48 129/129/44 162/162/44
f 128/128/48 162/162/44 161/161/53
f 129/129/44 130/130/44 163/163/44
f 129/129/44 163/163/44 162/162/44
f 130/130/44 131/131/45 164/164/45
f 130/130/44 164/164/45 163/163/44
f 131/131/45 132/132/49 165/165/37
f 131/131/45 165/165/37 164/164/45
f 133/134/4 134/133/3 167/166/3
f 133/134/4 167/166/3 166/167/54
f 134/133/3 135/135/6 168/168/6
f 134/133/3 168/168/6 167/166/3
f 135/135/6 136/136/38 169/169/38
f 135/135/6 169/169/38 168/168/6
f 136/136/38 137/137/38 170/170/38
f 136/136/38 170/170/38 169/169/38
f 137/137/38 138/138/38 171/171/38
f 137/137/38 171/171/38 170/170/38
f 138/138/38 139/139/50 172/172/38
f 138/138/38 172/172/38 171/171/38
f 139/139/50 140/140/10 173/173/55
f 139/139/50 173/173/55 172/172/38
f 140/140/10 141/141/9 174/174/10
f 140/140/10 174/174/10 173/173/55
f 141/141/9 142/142/51 175/175/11
f 141/141/9 175/175/11 174/174/10
f 142/142/51 143/143/13 176/176/13
f 142/142/51 176/176/13 175/175/11
f 143/143/13 144/144/13 177/177/39
f 143/143/13 177/177/39 176/176/13
f 144/144/13 145/145/13 178/178/13
f 144/144/13 178/178/13 177/177/39
f 145/145/13 146/146/13 179/179/13
f 145/145/13 179/179/13 178/178/13
f 146/146/13 147/147/15 180/180/13
f 146/146/13 180/180/13 179/179/13
f 147/147/15 148/148/14 181/181/15
f 147/147/15 181/181/15 180/180/13
f 148/148/14 149/149/52 182/182/18
f 148/148/14 182/182/18 181/181/15
f 149/149/52 150/150/20 183/183/56
f 149/149/52 183/183/56 182/182/18
f 150/150/20 151/151/23 184/184/25
f 150/150/20 184/184/25 183/183/56
f 151/151/23 152/152/25 185/185/41
f 151/151/23 185/185/41 184/184/25
f 152/152/25 153/153/41 186/186/26
f 152/152/25 186/186/26 185/185/41
f 153/153/41 154/154/41 187/187/41
f 153/153/41 187/187/41 186/186/26
f 154/154/41 155/155/41 188/188/41
f 154/154/41 188/188/41 187/187/41
f 155/155/41 156/156/41 189/189/41
f 155/155/41 189/189/41 188/188/41
f 156/156/41 157/157/28 190/190/27
f 156/156/41 190/190/27 189/189/41
f 157/157/28 158/158/42 191/191/32
f 157/157/28 191/191/32 190/190/27
f 158/158/42 159/159/32 192/192/43
f 158/158/42 192/192/43 191/191/32
f 159/159/32 160/160/43 193/193/44
f 159/159/32 193/193/44 192/192/43
f 160/160/43 161/161/53 194/194/44
f 160/160/43 194/194/44 193/193/44
f 161/161/53 162/162/44 195/195/44
f 161/161/53 195/195/44 194/194/44
f 162/162/44 163/163/44 196/196/53
f 162/162/44 196/196/53 195/195/44
f 163/163/44 164/164/45 197/197/36
f 163/163/44 197/197/36 196/196/53
f 164/164/45 165/165/37 198/198/37
f 164/164/45 198/198/37 197/197/36
f 166/167/54 167/166/3 200/199/57
f 166/167/54 200/199/57 199/200/58
f 167/166/3 168/168/6 201/201/59
f 167/166/3 201/201/59 200/199/57
f 168/168/6 169/169/38 202/202/60
f 168/168/6 202/202/60 201/201/59
f 169/169/38 170/170/38 203/203/60
f 169/169/38 203/203/60 202/202/60
f 170/170/38 171/171/38 204/204/61
f 170/170/38 204/204/61 203/203/60
f 171/171/38 172/172/38 205/205/60
f 171/171/38 205/205/60 204/204/61
f 172/172/38 173/173/55 206/206/60
f 172/172/38 206/206/60 205/205/60
f 173/173/55 174/174/10 207/207/62
f 173/173/55 207/207/62 206/206/60
f 174/174/10 175/175/11 208/208/63
f 174/174/10 208/208/63 207/207/62
f 175/175/11 176/176/13 209/209/64
f 175/175/11 209/209/64 208/208/63
f 176/176/13 177/177/39 210/210/64
f 176/176/13 210/210/64 209/209/64
f 177/177/39 178/178/13 211/211/64
f 177/177/39 211/211/64 210/210/64
f 178/178/13 179/179/13 212/212/64
f 178/178/13 212/212/64 211/211/64
f 179/179/13 180/180/13 213/213/65
f 179/179/13 213/213/65 212/212/64
f 180/180/13 181/181/15 214/214/64
f 180/180/13 214/214/64 213/213/65
f 181/181/15 182/182/18 215/215/66
f 181/181/15 215/215/66 214/214/64
f 182/182/18 183/183/56 216/216/67
f 182/182/18 216/216/67 215/215/66
f 183/183/56 184/184/25 217/217/68
f 183/183/56 217/217/68 216/216/67
f 184/184/25 185/185/41 218/218/69
f 184/184/25 218/218/69 217/217/68
f 185/185/41 186/186/26 219/219/70
f 185/185/41 219/219/70 218/218/69
f 186/186/26 187/187/41 220/220/70
f 186/186/26 220/220/70 219/219/70
f 187/187/41 188/188/41 221/221/70
f 187/187/41 221/221/70 220/220/70
f 188/188/41 189/189/41 222/222/70
f 188/188/41 222/222/70 221/221/70
f 189/189/41 190/190/27 223/223/71
f 189/189/41 223/223/71 222/222/70
f 190/190/27 191/191/32 224/224/72
f 190/190/27 224/224/72 223/223/71
f 191/191/32 192/192/43 225/225/73
f 191/191/32 225/225/73 224/224/72
f 192/192/43 193/193/44 226/226/74
f 192/192/43 226/226/74 225/225/73
f 193/193/44 194/194/44 227/227/74
f 193/193/44 227/227/74 226/226/74
f 194/194/44 195/195/44 228/228/74
f 194/194/44 228/228/74 227/227/74
f 195/195/44 196/196/53 229/229/74
f 195/195/44 229/229/74 228/228/74
f 196/196/53 197/197/36 230/230/75
f 196/196/53 230/230/75 229/229/74
f 197/197/36 198/198/37 231/231/76
f 197/197/36 231/231/76 230/230/75
f 199/200/58 200/199/57 233/232/77
f 199/200/58 233/232/77 232/233/78
f 200/199/57 201/201/59 234/234/79
f 200/199/57 234/234/79 233/232/77
f 201/201/59 202/202/60 235/235/80
f 201/201/59 235/235/80 234/234/79
f 202/202/60 203/203/60 236/236/81
f 202/202/60 236/236/81 235/235/80
f 203/203/60 204/204/61 237/237/82
f 203/203/60 237/237/82 236/236/81
f 204/204/61 205/205/60 238/238/83
f 204/204/61 238/238/83 237/237/82
f 205/205/60 206/206/60 239/239/84
f 205/205/60 239/239/84 238/238/83
f 206/206/60 207/207/62 240/240/85
f 206/206/60 240/240/85 239/239/84
f 207/207/62 208/208/63 241/241/86
f 207/207/62 241/241/86 240/240/85
f 208/208/63 209/209/64 242/242/87
f 208/208/63 242/242/87 241/241/86
f 209/209/64 210/210/64 243/243/88
f 209/209/64 243/243/88 242/242/87
f 210/210/64 211/211/64 244/244/88
f 210/210/64 244/244/88 243/243/88
f 211/211/64 212/212/64 245/245/88
f 211/211/64 245/245/88 244/244/88
f 212/212/64 213/213/65 246/246/87
f 212/212/64 246/246/87 245/245/88
f 213/213/65 214/214/64 247/247/87
f 213/213/65 247/247/87 246/246/87
f 214/214/64 215/215/66 248/248/89
f 214/214/64 248/248/89 247/247/87
f 215/215/66 216/216/67 249/249/90
f 215/215/66 249/249/90 248/248/89
f 216/216/67 217/217/68 250/250/91
f 216/216/67 250/250/91 249/249/90
f 217/217/68 218/218/69 251/251/92
f 217/217/68 251/251/92 250/250/91
f 218/218/69 219/219/70 252/252/92
f 218/218/69 252/252/92 251/251/92
f 219/219/70 220/220/70 253/253/92
f 219/219/70 253/253/92 252/252/92
f 220/220/70 221/221/70 254/254/92
f 220/220/70 254/254/92 253/253/92
f 221/221/70 222/222/70 255/255/92
f 221/221/70 255/255/92 254/254/92
f 222/222/70 223/223/71 256/256/93
f 222/222/70 256/256/93 255/255/92
f 223/223/71 224/224/72 257/257/94
f 223/223/71 257/257/94 256/256/93
f 224/224/72 225/225/73 258/258/95
f 224/224/72 258/258/95 257/257/94
f 225/225/73 226/226/74 259/259/95
f 225/225/73 259/259/95 258/258/95
f 226/226/74 227/227/74 260/260/95
f 226/226/74 260/260/95 259/259/95
f 227/227/74 228/228/74 261/261/95
f 227/227/74 261/261/95 260/260/95
f 228/228/74 229/229/74 262/262/95
f 228/228/74 262/262/95 261/261/95
f 229/229/74 230/230/75 263/263/96
f 229/229/74 263/263/96 262/262/95
f 230/230/75 231/231/76 264/264/97
f 230/230/75 264/264/97 263/263/96
f 232/233/78 233/232/77 266/265/98
f 232/233/78 266/265/98 265/266/99
f 233/232/77 234/234/79 267/267/100
f 233/232/77 267/267/100 266/265/98
f 234/234/79 235/235/80 268/268/101
f 234/234/79 268/268/101 267/267/100
f 235/235/80 236/236/81 269/269/102
f 235/235/80 269/269/102 268/268/101
f 236/236/81 237/237/82 270/270/101
f 236/236/81 270/270/101 269/269/102
f 237/237/82 238/238/83 271/271/103
f 237/237/82 271/271/103 270/270/101
f 238/238/83 239/239/84 272/272/104
f 238/238/83 272/272/104 271/271/103
f 239/239/84 240/240/85 273/273/105
f 239/239/84 273/273/105 272/272/104
f 240/240/85 241/241/86 274/274/106
f 240/240/85 274/274/106 273/273/105
f 241/241/86 242/242/87 275/275/107
f 241/241/86 275/275/107 274/274/106
f 242/242/87 243/243/88 276/276/107
f 242/242/87 276/276/107 275/275/107
f 243/243/88 244/244/88 277/277/107
f 243/243/88 277/277/107 276/276/107
f 244/244/88 245/245/88 278/278/107
f 244/244/88 278/278/107 277/277/107
f 245/245/88 246/246/87 279/279/107
f 245/245/88 279/279/107 278/278/107
f 246/246/87 247/247/87 280/280/108
f 246/246/87 280/280/108 279/279/107
f 247/247/87 248/248/89 281/281/109
f 247/247/87 281/281/109 280/280/108
f 248/248/89 249/249/90 282/282/110
f 248/248/89 282/282/110 281/281/109
f 249/249/90 250/250/91 283/283/111
f 249/249/90 283/283/111 282/282/110
f 250/250/91 251/251/92 284/284/112
f 250/250/91 284/284/112 283/283/111
f 251/251/92 252/252/92 285/285/112
f 251/251/92 285/285/112 284/284/112
f 252/252/92 253/253/92 286/286/112
f 252/252/92 286/286/112 285/285/112
f 253/253/92 254/254/92 287/287/112
f 253/253/92 287/287/112 286/286/112
f 254/254/92 255/255/92 288/288/112
f 254/254/92 288/288/112 287/287/112
f 255/255/92 256/256/93 289/289/113
f 255/255/92 289/289/113 288/288/112
f 256/256/93 257/257/94 290/290/114
f 256/256/93 290/290/114 289/289/113
f 257/257/94 258/258/95 291/291/115
f 257/257/94 291/291/115 290/290/114
f 258/258/95 259/259/95 292/292/116
f 258/258/95 292/292/116 291/291/115
f 259/259/95 260/260/95 293/293/116
f 259/259/95 293/293/116 292/292/116
f 260/260/95 261/261/95 294/294/116
f 260/260/95 294/294/116 293/293/116
f 261/261/95 262/262/95 295/295/117
f 261/261/95 295/295/117 294/294/116
f 262/262/95 263/263/96 296/296/118
f 262/262/95 296/296/118 295/295/117
f 263/263/96 264/264/97 297/297/119
f 263/263/96 297/297/119 296/296/118
f 265/266/99 266/265/98 299/298/98
f 265/266/99 299/298/98 298/299/120
f 266/265/98 267/267/100 300/300/100
f 266/265/98 300/300/100 299/298/98
f 267/267/100 268/268/101 301/301/101
f 267/267/100 301/301/101 300/300/100
f 268/268/101 269/269/102 302/302/102
f 268/268/101 302/302/102 301/301/101
f 269/269/102 270/270/101 303/303/103
f 269/269/102 303/303/103 302/302/102
f 270/270/101 271/271/103 304/304/121
f 270/270/101 304/304/121 303/303/103
f 271/271/103 272/272/104 305/305/105
f 271/271/103 305/305/105 304/304/121
f 272/272/104 273/273/105 306/306/122
f 272/272/104 306/306/122 305/305/105
f 273/273/105 274/274/106 307/307/106
f 273/273/105 307/307/106 306/306/122
f 274/274/106 275/275/107 308/308/107
f 274/274/106 308/308/107 307/307/106
f 275/275/107 276/276/107 309/309/107
f 275/275/107 309/309/107 308/308/107
f 276/276/107 277/277/107 310/310/107
f 276/276/107 310/310/107 309/309/107
f 277/277/107 278/278/107 311/311/107
f 277/277/107 311/311/107 310/310/107
f 278/278/107 279/279/107 312/312/123
f 278/278/107 312/312/123 311/311/107
f 279/279/107 280/280/108 313/313/124
f 279/279/107 313/313/124 312/312/123
f 280/280/108 281/281/109 314/314/125
f 280/280/108 314/314/125 313/313/124
f 281/281/109 282/282/110 315/315/110
f 281/281/109 315/315/110 314/314/125
f 282/282/110 283/283/111 316/316/126
f 282/282/110 316/316/126 315/315/110
f 283/283/111 284/284/112 317/317/111
f 283/283/111 317/317/111 316/316/126
f 284/284/112 285/285/112 318/318/112
f 284/284/112 318/318/112 317/317/111
f 285/285/112 286/286/112 319/319/112
f 285/285/112 319/319/112 318/318/112
f 286/286/112 287/287/112 320/320/112
f 286/286/112 320/320/112 319/319/112
f 287/287/112 288/288/112 321/321/112
f 287/287/112 321/321/112 320/320/112
f 288/288/112 289/289/113 322/322/113
f 288/288/112 322/322/113 321/321/112
f 289/289/113 290/290/114 323/323/127
f 289/289/113 323/323/127 322/322/113
f 290/290/114 291/291/115 324/324/114
f 290/290/114 324/324/114 323/323/127
f 291/291/115 292/292/116 325/325/115
f 291/291/115 325/325/115 324/324/114
f 292/292/116 293/293/116 326/326/116
f 292/292/116 326/326/116 325/325/115
f 293/293/116 294/294/116 327/327/116
f 293/293/116 327/327/116 326/326/116
f 294/294/116 295/295/117 328/328/116
f 294/294/116 328/328/116 327/327/116
f 295/295/117 296/296/118 329/329/128
f 295/295/117 329/329/128 328/328/116
f 296/296/118 297/297/119 330/330/119
f 296/296/118 330/330/119 329/329/128
f 298/299/120 299/298/98 332/331/98
f 298/299/120 332/331/98 331/332/129
f 299/298/98 300/300/100 333/333/100
f 299/298/98 333/333/100 332/331/98
f 300/300/100 301/301/101 334/334/101
f 300/300/100 334/334/101 333/333/100
f 301/301/101 302/302/102 335/335/103
f 301/301/101 335/335/103 334/334/101
f 302/302/102 303/303/103 336/336/130
f 302/302/102 336/336/130 335/335/103
f 303/303/103 304/304/121 337/337/105
f 303/303/103 337/337/105 336/336/130
f 304/304/121 305/305/105 338/338/122
f 304/304/121 338/338/122 337/337/105
f 305/305/105 306/306/122 339/339/122
f 305/305/105 339/339/122 338/338/122
f 306/306/122 307/307/106 340/340/106
f 306/306/122 340/340/106 339/339/122
f 307/307/106 308/308/107 341/341/131
f 307/307/106 341/341/131 340/340/106
f 308/308/107 309/309/107 342/342/107
f 308/308/107 342/342/107 341/341/131
f 309/309/107 310/310/107 343/343/132
f 309/309/107 343/343/132 342/342/107
f 310/310/107 311/311/107 344/344/123
f 310/310/107 344/344/123 343/343/132
f 311/311/107 312/312/123 345/345/124
f 311/311/107 345/345/124 344/344/123
f 312/312/123 313/313/124 346/346/124
f 312/312/123 346/346/124 345/345/124
f 313/313/124 314/314/125 347/347/125
f 313/313/124 347/347/125 346/346/124
f 314/314/125 315/315/110 348/348/110
f 314/314/125 348/348/110 347/347/125
f 315/315/110 316/316/126 349/349/126
f 315/315/110 349/349/126 348/348/110
f 316/316/126 317/317/111 350/350/126
f 316/316/126 350/350/126 349/349/126
f 317/317/111 318/318/112 351/351/111
f 317/317/111 351/351/111 350/350/126
f 318/318/112 319/319/112 352/352/112
f 318/318/112 352/352/112 351/351/111
f 319/319/112 320/320/112 353/353/112
f 319/319/112 353/353/112 352/352/112
f 320/320/112 321/321/112 354/354/112
f 320/320/112 354/354/112 353/353/112
f 321/321/112 322/322/113 355/355/113
f 321/321/112 355/355/113 354/354/112
f 322/322/113 323/323/127 356/356/127
f 322/322/113 356/356/127 355/355/113
f 323/323/127 324/324/114 357/357/127
f 323/323/127 357/357/127 356/356/127
f 324/324/114 325/325/115 358/358/114
f 324/324/114 358/358/114 357/357/127
f 325/325/115 326/326/116 359/359/133
f 325/325/115 359/359/133 358/358/114
f 326/326/116 327/327/116 360/360/116
f 326/326/116 360/360/116 359/359/133
f 327/327/116 328/328/116 361/361/116
f 327/327/116 361/361/116 360/360/116
f 328/328/116 329/329/128 362/362/118
f 328/328/116 362/362/118 361/361/116
f 329/329/128 330/330/119 363/363/134
f 329/329/128 363/363/134 362/362/118
f 331/332/129 332/331/98 365/364/98
f 331/332/129 365/364/98 364/365/129
f 332/331/98 333/333/100 366/366/100
f 332/331/98 366/366/100 365/364/98
f 333/333/100 334/334/101 367/367/103
f 333/333/100 367/367/103 366/366/100
f 334/334/101 335/335/103 368/368/104
f 334/334/101 368/368/104 367/367/103
f 335/335/103 336/336/130 369/369/135
f 335/335/103 369/369/135 368/368/104
f 336/336/130 337/337/105 370/370/122
f 336/336/130 370/370/122 369/369/135
f 337/337/105 338/338/122 371/371/122
f 337/337/105 371/371/122 370/370/122
f 338/338/122 339/339/122 372/372/122
f 338/338/122 372/372/122 371/371/122
f 339/339/122 340/340/106 373/373/106
f 339/339/122 373/373/106 372/372/122
f 340/340/106 341/341/131 374/374/107
f 340/340/106 374/374/107 373/373/106
f 341/341/131 342/342/107 375/375/107
f 341/341/131 375/375/107 374/374/107
f 342/342/107 343/343/132 376/376/108
f 342/342/107 376/376/108 375/375/107
f 343/343/132 344/344/123 377/377/124
f 343/343/132 377/377/124 376/376/108
f 344/344/123 345/345/124 378/378/124
f 344/344/123 378/378/124 377/377/124
f 345/345/124 346/346/124 379/379/124
f 345/345/124 379/379/124 378/378/124
f 346/346/124 347/347/125 380/380/125
f 346/346/124 380/380/125 379/379/124
f 347/347/125 348/348/110 381/381/110
f 347/347/125 381/381/110 380/380/125
f 348/348/110 349/349/126 382/382/126
f 348/348/110 382/382/126 381/381/110
f 349/349/126 350/350/126 383/383/126
f 349/349/126 383/383/126 382/382/126
f 350/350/126 351/351/111 384/384/126
f 350/350/126 384/384/126 383/383/126
f 351/351/111 352/352/112 385/385/111
f 351/351/111 385/385/111 384/384/126
f 352/352/112 353/353/112 386/386/112
f 352/352/112 386/386/112 385/385/111
f 353/353/112 354/354/112 387/387/112
f 353/353/112 387/387/112 386/386/112
f 354/354/112 355/355/113 388/388/113
f 354/354/112 388/388/113 387/387/112
f 355/355/113 356/356/127 389/389/136
f 355/355/113 389/389/136 388/388/113
f 356/356/127 357/357/127 390/390/136
f 356/356/127 390/390/136 389/389/136
f 357/357/127 358/358/114 391/391/136
f 357/357/127 391/391/136 390/390/136
f 358/358/114 359/359/133 392/392/114
f 358/358/114 392/392/114 391/391/136
f 359/359/133 360/360/116 393/393/133
f 359/359/133 393/393/133 392/392/114
f 360/360/116 361/361/116 394/394/116
f 360/360/116 394/394/116 393/393/133
f 361/361/116 362/362/118 395/395/118
f 361/361/116 395/395/118 394/394/116
f 362/362/118 363/363/134 396/396/119
f 362/362/118 396/396/119 395/395/118
f 364/365/129 365/364/98 398/397/137
f 364/365/129 398/397/137 397/398/120
f 365/364/98 366/366/100 399/399/100
f 365/364/98 399/399/100 398/397/137
f 366/366/100 367/367/103 400/400/130
f 366/366/100 400/400/130 399/399/100
f 367/367/103 368/368/104 401/401/138
f 367/367/103 401/401/138 400/400/130
f 368/368/104 369/369/135 402/402/122
f 368/368/104 402/402/122 401/401/138
f 369/369/135 370/370/122 403/403/122
f 369/369/135 403/403/122 402/402/122
f 370/370/122 371/371/122 404/404/122
f 370/370/122 404/404/122 403/403/122
f 371/371/122 372/372/122 405/405/122
f 371/371/122 405/405/122 404/404/122
f 372/372/122 373/373/106 406/406/106
f 372/372/122 406/406/106 405/405/122
f 373/373/106 374/374/107 407/407/132
f 373/373/106 407/407/132 406/406/106
f 374/374/107 375/375/107 408/408/108
f 374/374/107 408/408/108 407/407/132
f 375/375/107 376/376/108 409/409/124
f 375/375/107 409/409/124 408/408/108
f 376/376/108 377/377/124 410/410/124
f 376/376/108 410/410/124 409/409/124
f 377/377/124 378/378/124 411/411/124
f 377/377/124 411/411/124 410/410/124
f 378/378/124 379/379/124 412/412/124
f 378/378/124 412/412/124 411/411/124
f 379/379/124 380/380/125 413/413/139
f 379/379/124 413/413/139 412/412/124
f 380/380/125 381/381/110 414/414/110
f 380/380/125 414/414/110 413/413/139
f 381/381/110 382/382/126 415/415/126
f 381/381/110 415/415/126 414/414/110
f 382/382/126 383/383/126 416/416/126
f 382/382/126 416/416/126 415/415/126
f 383/383/126 384/384/126 417/417/126
f 383/383/126 417/417/126 416/416/126
f 384/384/126 385/385/111 418/418/126
f 384/384/126 418/418/126 417/417/126
f 385/385/111 386/386/112 419/419/111
f 385/385/111 419/419/111 418/418/126
f 386/386/112 387/387/112 420/420/112
f 386/386/112 420/420/112 419/419/111
f 387/387/112 388/388/113 421/421/113
f 387/387/112 421/421/113 420/420/112
f 388/388/113 389/389/136 422/422/136
f 388/388/113 422/422/136 421/421/113
f 389/389/136 390/390/136 423/423/136
f 389/389/136 423/423/136 422/422/136
f 390/390/136 391/391/136 424/424/136
f 390/390/136 424/424/136 423/423/136
f 391/391/136 392/392/114 425/425/136
f 391/391/136 425/425/136 424/424/136
f 392/392/114 393/393/133 426/426/114
f 392/392/114 426/426/114 425/425/136
f 393/393/133 394/394/116 427/427/115
f 393/393/133 427/427/115 426/426/114
f 394/394/116 395/395/118 428/428/118
f 394/394/116 428/428/118 427/427/115
f 395/395/118 396/396/119 429/429/140
f 395/395/118 429/429/140 428/428/118
f 397/398/120 398/397/137 431/430/141
f 397/398/120 431/430/141 430/431/142
f 398/397/137 399/399/100 432/432/143
f 398/397/137 432/432/143 431/430/141
f 399/399/100 400/400/130 433/433/135
f 399/399/100 433/433/135 432/432/143
f 400/400/130 401/401/138 434/434/122
f 400/400/130 434/434/122 433/433/135
f 401/401/138 402/402/122 435/435/122
f 401/401/138 435/435/122 434/434/122
f 402/402/122 403/403/122 436/436/122
f 402/402/122 436/436/122 435/435/122
f 403/403/122 404/404/122 437/437/122
f 403/403/122 437/437/122 436/436/122
f 404/404/122 405/405/122 438/438/122
f 404/404/122 438/438/122 437/437/122
f 405/405/122 406/406/106 439/439/144
f 405/405/122 439/439/144 438/438/122
f 406/406/106 407/407/132 440/440/123
f 406/406/106 440/440/123 439/439/144
f 407/407/132 408/408/108 441/441/124
f 407/407/132 441/441/124 440/440/123
f 408/408/108 409/409/124 442/442/124
f 408/408/108 442/442/124 441/441/124
f 409/409/124 410/410/124 443/443/124
f 409/409/124 443/443/124 442/442/124
f 410/410/124 411/411/124 444/444/124
f 410/410/124 444/444/124 443/443/124
f 411/411/124 412/412/124 445/445/124
f 411/411/124 445/445/124 444/444/124
f 412/412/124 413/413/139 446/446/125
f 412/412/124 446/446/125 445/445/124
f 413/413/139 414/414/110 447/447/110
f 413/413/139 447/447/110 446/446/125
f 414/414/110 415/415/126 448/448/145
f 414/414/110 448/448/145 447/447/110
f 415/415/126 416/416/126 449/449/126
f 415/415/126 449/449/126 448/448/145
f 416/416/126 417/417/126 450/450/126
f 416/416/126 450/450/126 449/449/126
f 417/417/126 418/418/126 451/451/145
f 417/417/126 451/451/145 450/450/126
f 418/418/126 419/419/111 452/452/126
f 418/418/126 452/452/126 451/451/145
f 419/419/111 420/420/112 453/453/111
f 419/419/111 453/453/111 452/452/126
f 420/420/112 421/421/113 454/454/113
f 420/420/112 454/454/113 453/453/111
f 421/421/113 422/422/136 455/455/136
f 421/421/113 455/455/136 454/454/113
f 422/422/136 423/423/136 456/456/136
f 422/422/136 456/456/136 455/455/136
f 423/423/136 424/424/136 457/457/136
f 423/423/136 457/457/136 456/456/136
f 424/424/136 425/425/136 458/458/136
f 424/424/136 458/458/136 457/457/136
f 425/425/136 426/426/114 459/459/136
f 425/425/136 459/459/136 458/458/136
f 426/426/114 427/427/115 460/460/114
f 426/426/114 460/460/114 459/459/136
f 427/427/115 428/428/118 461/461/146
f 427/427/115 461/461/146 460/460/114
f 428/428/118 429/429/140 462/462/147
f 428/428/118 462/462/147 461/461/146
f 430/431/142 431/430/141 464/463/148
f 430/431/142 464/463/148 463/464/149
f 431/430/141 432/432/143 465/465/150
f 431/430/141 465/465/150 464/463/148
f 432/432/143 433/433/135 466/466/151
f 432/432/143 466/466/151 465/465/150
f 433/433/135 434/434/122 467/467/151
f 433/433/135 467/467/151 466/466/151
f 434/434/122 435/435/122 468/468/151
f 434/434/122 468/468/151 467/467/151
f 435/435/122 436/436/122 469/469/152
f 435/435/122 469/469/152 468/468/151
f 436/436/122 437/437/122 470/470/152
f 436/436/122 470/470/152 469/469/152
f 437/437/122 438/438/122 471/471/151
f 437/437/122 471/471/151 470/470/152
f 438/438/122 439/439/144 472/472/153
f 438/438/122 472/472/153 471/471/151
f 439/439/144 440/440/123 473/473/154
f 439/439/144 473/473/154 472/472/153
f 440/440/123 441/441/124 474/474/155
f 440/440/123 474/474/155 473/473/154
f 441/441/124 442/442/124 475/475/154
f 441/441/124 475/475/154 474/474/155
f 442/442/124 443/443/124 476/476/155
f 442/442/124 476/476/155 475/475/154
f 443/443/124 444/444/124 477/477/155
f 443/443/124 477/477/155 476/476/155
f 444/444/124 445/445/124 478/478/155
f 444/444/124 478/478/155 477/477/155
f 445/445/124 446/446/125 479/479/156
f 445/445/124 479/479/156 478/478/155
f 446/446/125 447/447/110 480/480/157
f 446/446/125 480/480/157 479/479/156
f 447/447/110 448/448/145 481/481/158
f 447/447/110 481/481/158 480/480/157
f 448/448/145 449/449/126 482/482/159
f 448/448/145 482/482/159 481/481/158
f 449/449/126 450/450/126 483/483/158
f 449/449/126 483/483/158 482/482/159
f 450/450/126 451/451/145 484/484/159
f 450/450/126 484/484/159 483/483/158
f 451/451/145 452/452/126 485/485/159
f 451/451/145 485/485/159 484/484/159
f 452/452/126 453/453/111 486/486/159
f 452/452/126 486/486/159 485/485/159
f 453/453/111 454/454/113 487/487/160
f 453/453/111 487/487/160 486/486/159
f 454/454/113 455/455/136 488/488/161
f 454/454/113 488/488/161 487/487/160
f 455/455/136 456/456/136 489/489/161
f 455/455/136 489/489/161 488/488/161
f 456/456/136 457/457/136 490/490/161
f 456/456/136 490/490/161 489/489/161
f 457/457/136 458/458/136 491/491/161
f 457/457/136 491/491/161 490/490/161
f 458/458/136 459/459/136 492/492/161
f 458/458/136 492/492/161 491/491/161
f 459/459/136 460/460/114 493/493/161
f 459/459/136 493/493/161 492/492/161
f 460/460/114 461/461/146 494/494/162
f 460/460/114 494/494/162 493/493/161
f 461/461/146 462/462/147 495/495/163
f 461/461/146 495/495/163 494/494/162
f 463/464/149 464/463/148 497/496/164
f 463/464/149 497/496/164 496/497/165
f 464/463/148 465/465/150 498/498/166
f 464/463/148 498/498/166 497/496/164
f 465/465/150 466/466/151 499/499/167
f 465/465/150 499/499/167 498/498/166
f 466/466/151 467/467/151 500/500/168
f 466/466/151 500/500/168 499/499/167
f 467/467/151 468/468/151 501/501/168
f 467/467/151 501/501/168 500/500/168
f 468/468/151 469/469/152 502/502/168
f 468/468/151 502/502/168 501/501/168
f 469/469/152 470/470/152 503/503/168
f 469/469/152 503/503/168 502/502/168
f 470/470/152 471/471/151 504/504/168
f 470/470/152 504/504/168 503/503/168
f 471/471/151 472/472/153 505/505/169
f 471/471/151 505/505/169 504/504/168
f 472/472/153 473/473/154 506/506/170
f 472/472/153 506/506/170 505/505/169
f 473/473/154 474/474/155 507/507/170
f 473/473/154 507/507/170 506/506/170
f 474/474/155 475/475/154 508/508/170
f 474/474/155 508/508/170 507/507/170
f 475/475/154 476/476/155 509/509/170
f 475/475/154 509/509/170 508/508/170
f 476/476/155 477/477/155 510/510/171
f 476/476/155 510/510/171 509/509/170
f 477/477/155 478/478/155 511/511/172
f 477/477/155 511/511/172 510/510/171
f 478/478/155 479/479/156 512/512/173
f 478/478/155 512/512/173 511/511/172
f 479/479/156 480/480/157 513/513/174
f 479/479/156 513/513/174 512/512/173
f 480/480/157 481/481/158 514/514/175
f 480/480/157 514/514/175 513/513/174
f 481/481/158 482/482/159 515/515/176
f 481/481/158 515/515/176 514/514/175
f 482/482/159 483/483/158 516/516/176
f 482/482/159 516/516/176 515/515/176
f 483/483/158 484/484/159 517/517/176
f 483/483/158 517/517/176 516/516/176
f 484/484/159 485/485/159 518/518/176
f 484/484/159 518/518/176 517/517/176
f 485/485/159 486/486/159 519/519/176
f 485/485/159 519/519/176 518/518/176
f 486/486/159 487/487/160 520/520/177
f 486/486/159 520/520/177 519/519/176
f 487/487/160 488/488/161 521/521/178
f 487/487/160 521/521/178 520/520/177
f 488/488/161 489/489/161 522/522/178
f 488/488/161 522/522/178 521/521/178
f 489/489/161 490/490/161 523/523/178
f 489/489/161 523/523/178 522/522/178
f 490/490/161 491/491/161 524/524/178
f 490/490/161 524/524/178 523/523/178
f 491/491/161 492/492/161 525/525/178
f 491/491/161 525/525/178 524/524/178
f 492/492/161 493/493/161 526/526/179
f 492/492/161 526/526/179 525/525/178
f 493/493/161 494/494/162 527/527/180
f 493/493/161 527/527/180 526/526/179
f 494/494/162 495/495/163 528/528/181
f 494/494/162 528/528/181 527/527/180
f 496/497/165 497/496/164 530/529/182
f 496/497/165 530/529/182 529/530/183
f 497/496/164 498/498/166 531/531/184
f 497/496/164 531/531/184 530/529/182
f 498/498/166 499/499/167 532/532/185
f 498/498/166 532/532/185 531/531/184
f 499/499/167 500/500/168 533/533/167
f 499/499/167 533/533/167 532/532/185
f 500/500/168 501/501/168 534/534/168
f 500/500/168 534/534/168 533/533/167
f 501/501/168 502/502/168 535/535/168
f 501/501/168 535/535/168 534/534/168
f 502/502/168 503/503/168 536/536/168
f 502/502/168 536/536/168 535/535/168
f 503/503/168 504/504/168 537/537/168
f 503/503/168 537/537/168 536/536/168
f 504/504/168 505/505/169 538/538/169
f 504/504/168 538/538/169 537/537/168
f 505/505/169 506/506/170 539/539/170
f 505/505/169 539/539/170 538/538/169
f 506/506/170 507/507/170 540/540/170
f 506/506/170 540/540/170 539/539/170
f 507/507/170 508/508/170 541/541/170
f 507/507/170 541/541/170 540/540/170
f 508/508/170 509/509/170 542/542/170
f 508/508/170 542/542/170 541/541/170
f 509/509/170 510/510/171 543/543/172
f 509/509/170 543/543/172 542/542/170
f 510/510/171 511/511/172 544/544/186
f 510/510/171 544/544/186 543/543/172
f 511/511/172 512/512/173 545/545/187
f 511/511/172 545/545/187 544/544/186
f 512/512/173 513/513/174 546/546/188
f 512/512/173 546/546/188 545/545/187
f 513/513/174 514/514/175 547/547/189
f 513/513/174 547/547/189 546/546/188
f 514/514/175 515/515/176 548/548/190
f 514/514/175 548/548/190 547/547/189
f 515/515/176 516/516/176 549/549/176
f 515/515/176 549/549/176 548/548/190
f 516/516/176 517/517/176 550/550/176
f 516/516/176 550/550/176 549/549/176
f 517/517/176 518/518/176 551/551/176
f 517/517/176 551/551/176 550/550/176
f 518/518/176 519/519/176 552/552/176
f 518/518/176 552/552/176 551/551/176
f 519/519/176 520/520/177 553/553/177
f 519/519/176 553/553/177 552/552/176
f 520/520/177 521/521/178 554/554/178
f 520/520/177 554/554/178 553/553/177
f 521/521/178 522/522/178 555/555/178
f 521/521/178 555/555/178 554/554/178
f 522/522/178 523/523/178 556/556/178
f 522/522/178 556/556/178 555/555/178
f 523/523/178 524/524/178 557/557/178
f 523/523/178 557/557/178 556/556/178
f 524/524/178 525/525/178 558/558/191
f 524/524/178 558/558/191 557/557/178
f 525/525/178 526/526/179 559/559/192
f 525/525/178 559/559/192 558/558/191
f 526/526/179 527/527/180 560/560/193
f 526/526/179 560/560/193 559/559/192
f 527/527/180 528/528/181 561/561/194
f 527/527/180 561/561/194 560/560/193
f 529/530/183 530/529/182 563/562/195
f 529/530/183 563/562/195 562/563/183
f 530/529/182 531/531/184 564/564/184
f 530/529/182 564/564/184 563/562/195
f 531/531/184 532/532/185 565/565/196
f 531/531/184 565/565/196 564/564/184
f 532/532/185 533/533/167 566/566/185
f 532/532/185 566/566/185 565/565/196
f 533/533/167 534/534/168 567/567/167
f 533/533/167 567/567/167 566/566/185
f 534/534/168 535/535/168 568/568/168
f 534/534/168 568/568/168 567/567/167
f 535/535/168 536/536/168 569/569/168
f 535/535/168 569/569/168 568/568/168
f 536/536/168 537/537/168 570/570/168
f 536/536/168 570/570/168 569/569/168
f 537/537/168 538/538/169 571/571/169
f 537/537/168 571/571/169 570/570/168
f 538/538/169 539/539/170 572/572/170
f 538/538/169 572/572/170 571/571/169
f 539/539/170 540/540/170 573/573/170
f 539/539/170 573/573/170 572/572/170
f 540/540/170 541/541/170 574/574/170
f 540/540/170 574/574/170 573/573/170
f 541/541/170 542/542/170 575/575/197
f 541/541/170 575/575/197 574/574/170
f 542/542/170 543/543/172 576/576/186
f 542/542/170 576/576/186 575/575/197
f 543/543/172 544/544/186 577/577/198
f 543/543/172 577/577/198 576/576/186
f 544/544/186 545/545/187 578/578/187
f 544/544/186 578/578/187 577/577/198
f 545/545/187 546/546/188 579/579/199
f 545/545/187 579/579/199 578/578/187
f 546/546/188 547/547/189 580/580/200
f 546/546/188 580/580/200 579/579/199
f 547/547/189 548/548/190 581/581/189
f 547/547/189 581/581/189 580/580/200
f 548/548/190 549/549/176 582/582/190
f 548/548/190 582/582/190 581/581/189
f 549/549/176 550/550/176 583/583/176
f 549/549/176 583/583/176 582/582/190
f 550/550/176 551/551/176 584/584/176
f 550/550/176 584/584/176 583/583/176
f 551/551/176 552/552/176 585/585/176
f 551/551/176 585/585/176 584/584/176
f 552/552/176 553/553/177 586/586/177
f 552/552/176 586/586/177 585/585/176
f 553/553/177 554/554/178 587/587/178
f 553/553/177 587/587/178 586/586/177
f 554/554/178 555/555/178 588/588/178
f 554/554/178 588/588/178 587/587/178
f 555/555/178 556/556/178 589/589/178
f 555/555/178 589/589/178 588/588/178
f 556/556/178 557/557/178 590/590/179
f 556/556/178 590/590/179 589/589/178
f 557/557/178 558/558/191 591/591/201
f 557/557/178 591/591/201 590/590/179
f 558/558/191 559/559/192 592/592/202
f 558/558/191 592/592/202 591/591/201
f 559/559/192 560/560/193 593/593/193
f 559/559/192 593/593/193 592/592/202
f 560/560/193 561/561/194 594/594/194
f 560/560/193 594/594/194 593/593/193
f 562/563/183 563/562/195 596/595/182
f 562/563/183 596/595/182 595/596/183
f 563/562/195 564/564/184 597/597/184
f 563/562/195 597/597/184 596/595/182
f 564/564/184 565/565/196 598/598/196
f 564/564/184 598/598/196 597/597/184
f 565/565/196 566/566/185 599/599/196
f 565/565/196 599/599/196 598/598/196
f 566/566/185 567/567/167 600/600/185
f 566/566/185 600/600/185 599/599/196
f 567/567/167 568/568/168 601/601/167
f 567/567/167 601/601/167 600/600/185
f 568/568/168 569/569/168 602/602/168
f 568/568/168 602/602/168 601/601/167
f 569/569/168 570/570/168 603/603/168
f 569/569/168 603/603/168 602/602/168
f 570/570/168 571/571/169 604/604/169
f 570/570/168 604/604/169 603/603/168
f 571/571/169 572/572/170 605/605/170
f 571/571/169 605/605/170 604/604/169
f 572/572/170 573/573/170 606/606/170
f 572/572/170 606/606/170 605/605/170
f 573/573/170 574/574/170 607/607/172
f 573/573/170 607/607/172 606/606/170
f 574/574/170 575/575/197 608/608/186
f 574/574/170 608/608/186 607/607/172
f 575/575/197 576/576/186 609/609/203
f 575/575/197 609/609/203 608/608/186
f 576/576/186 577/577/198 610/610/204
f 576/576/186 610/610/204 609/609/203
f 577/577/198 578/578/187 611/611/187
f 577/577/198 611/611/187 610/610/204
f 578/578/187 579/579/199 612/612/188
f 578/578/187 612/612/188 611/611/187
f 579/579/199 580/580/200 613/613/205
f 579/579/199 613/613/205 612/612/188
f 580/580/200 581/581/189 614/614/205
f 580/580/200 614/614/205 613/613/205
f 581/581/189 582/582/190 615/615/189
f 581/581/189 615/615/189 614/614/205
f 582/582/190 583/583/176 616/616/175
f 582/582/190 616/616/175 615/615/189
f 583/583/176 584/584/176 617/617/176
f 583/583/176 617/617/176 616/616/175
f 584/584/176 585/585/176 618/618/176
f 584/584/176 618/618/176 617/617/176
f 585/585/176 586/586/177 619/619/177
f 585/585/176 619/619/177 618/618/176
f 586/586/177 587/587/178 620/620/178
f 586/586/177 620/620/178 619/619/177
f 587/587/178 588/588/178 621/621/178
f 587/587/178 621/621/178 620/620/178
f 588/588/178 589/589/178 622/622/191
f 588/588/178 622/622/191 621/621/178
f 589/589/178 590/590/179 623/623/192
f 589/589/178 623/623/192 622/622/191
f 590/590/179 591/591/201 624/624/202
f 590/590/179 624/624/202 623/623/192
f 591/591/201 592/592/202 625/625/202
f 591/591/201 625/625/202 624/624/202
f 592/592/202 593/593/193 626/626/206
f 592/592/202 626/626/206 625/625/202
f 593/593/193 594/594/194 627/627/207
f 593/593/193 627/627/207 626/626/206
f 595/596/183 596/595/182 629/628/182
f 595/596/183 629/628/182 628/629/183
f 596/595/182 597/597/184 630/630/184
f 596/595/182 630/630/184 629/628/182
f 597/597/184 598/598/196 631/631/196
f 597/597/184 631/631/196 630/630/184
f 598/598/196 599/599/196 632/632/196
f 598/598/196 632/632/196 631/631/196
f 599/599/196 600/600/185 633/633/196
f 599/599/196 633/633/196 632/632/196
f 600/600/185 601/601/167 634/634/185
f 600/600/185 634/634/185 633/633/196
f 601/601/167 602/602/168 635/635/208
f 601/601/167 635/635/208 634/634/185
f 602/602/168 603/603/168 636/636/168
f 602/602/168 636/636/168 635/635/208
f 603/603/168 604/604/169 637/637/169
f 603/603/168 637/637/169 636/636/168
f 604/604/169 605/605/170 638/638/170
f 604/604/169 638/638/170 637/637/169
f 605/605/170 606/606/170 639/639/197
f 605/605/170 639/639/197 638/638/170
f 606/606/170 607/607/172 640/640/186
f 606/606/170 640/640/186 639/639/197
f 607/607/172 608/608/186 641/641/204
f 607/607/172 641/641/204 640/640/186
f 608/608/186 609/609/203 642/642/204
f 608/608/186 642/642/204 641/641/204
f 609/609/203 610/610/204 643/643/204
f 609/609/203 643/643/204 642/642/204
f 610/610/204 611/611/187 644/644/187
f 610/610/204 644/644/187 643/643/204
f 611/611/187 612/612/188 645/645/188
f 611/611/187 645/645/188 644/644/187
f 612/612/188 613/613/205 646/646/205
f 612/612/188 646/646/205 645/645/188
f 613/613/205 614/614/205 647/647/205
f 613/613/205 647/647/205 646/646/205
f 614/614/205 615/615/189 648/648/205
f 614/614/205 648/648/205 647/647/205
f 615/615/189 616/616/175 649/649/189
f 615/615/189 649/649/189 648/648/205
f 616/616/175 617/617/176 650/650/190
f 616/616/175 650/650/190 649/649/189
f 617/617/176 618/618/176 651/651/176
f 617/617/176 651/651/176 650/650/190
f 618/618/176 619/619/177 652/652/177
f 618/618/176 652/652/177 651/651/176
f 619/619/177 620/620/178 653/653/178
f 619/619/177 653/653/178 652/652/177
f 620/620/178 621/621/178 654/654/209
f 620/620/178 654/654/209 653/653/178
f 621/621/178 622/622/191 655/655/201
f 621/621/178 655/655/201 654/654/209
f 622/622/191 623/623/192 656/656/202
f 622/622/191 656/656/202 655/655/201
f 623/623/192 624/624/202 657/657/202
f 623/623/192 657/657/202 656/656/202
f 624/624/202 625/625/202 658/658/202
f 624/624/202 658/658/202 657/657/202
f 625/625/202 626/626/206 659/659/206
f 625/625/202 659/659/206 658/658/202
f 626/626/206 627/627/207 660/660/194
f 626/626/206 660/660/194 659/659/206
f 628/629/183 629/628/182 662/661/195
f 628/629/183 662/661/195 661/662/210
f 629/628/182 630/630/184 663/663/184
f 629/628/182 663/663/184 662/661/195
f 630/630/184 631/631/196 664/664/196
f 630/630/184 664/664/196 663/663/184
f 631/631/196 632/632/196 665/665/196
f 631/631/196 665/665/196 664/664/196
f 632/632/196 633/633/196 666/666/196
f 632/632/196 666/666/196 665/665/196
f 633/633/196 634/634/185 667/667/196
f 633/633/196 667/667/196 666/666/196
f 634/634/185 635/635/208 668/668/185
f 634/634/185 668/668/185 667/667/196
f 635/635/208 636/636/168 669/669/208
f 635/635/208 669/669/208 668/668/185
f 636/636/168 637/637/169 670/670/169
f 636/636/168 670/670/169 669/669/208
f 637/637/169 638/638/170 671/671/211
f 637/637/169 671/671/211 670/670/169
f 638/638/170 639/639/197 672/672/186
f 638/638/170 672/672/186 671/671/211
f 639/639/197 640/640/186 673/673/204
f 639/639/197 673/673/204 672/672/186
f 640/640/186 641/641/204 674/674/204
f 640/640/186 674/674/204 673/673/204
f 641/641/204 642/642/204 675/675/203
f 641/641/204 675/675/203 674/674/204
f 642/642/204 643/643/204 676/676/204
f 642/642/204 676/676/204 675/675/203
f 643/643/204 644/644/187 677/677/187
f 643/643/204 677/677/187 676/676/204
f 644/644/187 645/645/188 678/678/188
f 644/644/187 678/678/188 677/677/187
f 645/645/188 646/646/205 679/679/205
f 645/645/188 679/679/205 678/678/188
f 646/646/205 647/647/205 680/680/200
f 646/646/205 680/680/200 679/679/205
f 647/647/205 648/648/205 681/681/205
f 647/647/205 681/681/205 680/680/200
f 648/648/205 649/649/189 682/682/212
f 648/648/205 682/682/212 681/681/205
f 649/649/189 650/650/190 683/683/189
f 649/649/189 683/683/189 682/682/212
f 650/650/190 651/651/176 684/684/175
f 650/650/190 684/684/175 683/683/189
f 651/651/176 652/652/177 685/685/177
f 651/651/176 685/685/177 684/684/175
f 652/652/177 653/653/178 686/686/179
f 652/652/177 686/686/179 685/685/177
f 653/653/178 654/654/209 687/687/201
f 653/653/178 687/687/201 686/686/179
f 654/654/209 655/655/201 688/688/202
f 654/654/209 688/688/202 687/687/201
f 655/655/201 656/656/202 689/689/202
f 655/655/201 689/689/202 688/688/202
f 656/656/202 657/657/202 690/690/202
f 656/656/202 690/690/202 689/689/202
f 657/657/202 658/658/202 691/691/202
f 657/657/202 691/691/202 690/690/202
f 658/658/202 659/659/206 692/692/206
f 658/658/202 692/692/206 691/691/202
f 659/659/206 660/660/194 693/693/207
f 659/659/206 693/693/207 692/692/206
f 661/662/210 662/661/195 695/694/213
f 661/662/210 695/694/213 694/695/214
f 662/661/195 663/663/184 696/696/215
f 662/661/195 696/696/215 695/694/213
f 663/663/184 664/664/196 697/697/216
f 663/663/184 697/697/216 696/696/215
f 664/664/196 665/665/196 698/698/216
f 664/664/196 698/698/216 697/697/216
f 665/665/196 666/666/196 699/699/216
f 665/665/196 699/699/216 698/698/216
f 666/666/196 667/667/196 700/700/216
f 666/666/196 700/700/216 699/699/216
f 667/667/196 668/668/185 701/701/216
f 667/667/196 701/701/216 700/700/216
f 668/668/185 669/669/208 702/702/217
f 668/668/185 702/702/217 701/701/216
f 669/669/208 670/670/169 703/703/218
f 669/669/208 703/703/218 702/702/217
f 670/670/169 671/671/211 704/704/219
f 670/670/169 704/704/219 703/703/218
f 671/671/211 672/672/186 705/705/220
f 671/671/211 705/705/220 704/704/219
f 672/672/186 673/673/204 706/706/221
f 672/672/186 706/706/221 705/705/220
f 673/673/204 674/674/204 707/707/221
f 673/673/204 707/707/221 706/706/221
f 674/674/204 675/675/203 708/708/222
f 674/674/204 708/708/222 707/707/221
f 675/675/203 676/676/204 709/709/221
f 675/675/203 709/709/221 708/708/222
f 676/676/204 677/677/187 710/710/223
f 676/676/204 710/710/223 709/709/221
f 677/677/187 678/678/188 711/711/224
f 677/677/187 711/711/224 710/710/223
f 678/678/188 679/679/205 712/712/225
f 678/678/188 712/712/225 711/711/224
f 679/679/205 680/680/200 713/713/225
f 679/679/205 713/713/225 712/712/225
f 680/680/200 681/681/205 714/714/225
f 680/680/200 714/714/225 713/713/225
f 681/681/205 682/682/212 715/715/225
f 681/681/205 715/715/225 714/714/225
f 682/682/212 683/683/189 716/716/225
f 682/682/212 716/716/225 715/715/225
f 683/683/189 684/684/175 717/717/226
f 683/683/189 717/717/226 716/716/225
f 684/684/175 685/685/177 718/718/227
f 684/684/175 718/718/227 717/717/226
f 685/685/177 686/686/179 719/719/228
f 685/685/177 719/719/228 718/718/227
f 686/686/179 687/687/201 720/720/229
f 686/686/179 720/720/229 719/719/228
f 687/687/201 688/688/202 721/721/229
f 687/687/201 721/721/229 720/720/229
f 688/688/202 689/689/202 722/722/229
f 688/688/202 722/722/229 721/721/229
f 689/689/202 690/690/202 723/723/229
f 689/689/202 723/723/229 722/722/229
f 690/690/202 691/691/202 724/724/230
f 690/690/202 724/724/230 723/723/229
f 691/691/202 692/692/206 725/725/231
f 691/691/202 725/725/231 724/724/230
f 692/692/206 693/693/207 726/726/232
f 692/692/206 726/726/232 725/725/231
f 694/695/214 695/694/213 728/727/233
f 694/695/214 728/727/233 727/728/234
f 695/694/213 696/696/215 729/729/235
f 695/694/213 729/729/235 728/727/233
f 696/696/215 697/697/216 730/730/236
f 696/696/215 730/730/236 729/729/235
f 697/697/216 698/698/216 731/731/236
f 697/697/216 731/731/236 730/730/236
f 698/698/216 699/699/216 732/732/236
f 698/698/216 732/732/236 731/731/236
f 699/699/216 700/700/216 733/733/236
f 699/699/216 733/733/236 732/732/236
f 700/700/216 701/701/216 734/734/237
f 700/700/216 734/734/237 733/733/236
f 701/701/216 702/702/217 735/735/238
f 701/701/216 735/735/238 734/734/237
f 702/702/217 703/703/218 736/736/239
f 702/702/217 736/736/239 735/735/238
f 703/703/218 704/704/219 737/737/240
f 703/703/218 737/737/240 736/736/239
f 704/704/219 705/705/220 738/738/241
f 704/704/219 738/738/241 737/737/240
f 705/705/220 706/706/221 739/739/241
f 705/705/220 739/739/241 738/738/241
f 706/706/221 707/707/221 740/740/241
f 706/706/221 740/740/241 739/739/241
f 707/707/221 708/708/222 741/741/241
f 707/707/221 741/741/241 740/740/241
f 708/708/222 709/709/221 742/742/241
f 708/708/222 742/742/241 741/741/241
f 709/709/221 710/710/223 743/743/242
f 709/709/221 743/743/242 742/742/241
f 710/710/223 711/711/224 744/744/243
f 710/710/223 744/744/243 743/743/242
f 711/711/224 712/712/225 745/745/244
f 711/711/224 745/745/244 744/744/243
f 712/712/225 713/713/225 746/746/244
f 712/712/225 746/746/244 745/745/244
f 713/713/225 714/714/225 747/747/245
f 713/713/225 747/747/245 746/746/244
f 714/714/225 715/715/225 748/748/244
f 714/714/225 748/748/244 747/747/245
f 715/715/225 716/716/225 749/749/245
f 715/715/225 749/749/245 748/748/244
f 716/716/225 717/717/226 750/750/245
f 716/716/225 750/750/245 749/749/245
f 717/717/226 718/718/227 751/751/246
f 717/717/226 751/751/246 750/750/245
f 718/718/227 719/719/228 752/752/247
f 718/718/227 752/752/247 751/751/246
f 719/719/228 720/720/229 753/753/248
f 719/719/228 753/753/248 752/752/247
f 720/720/229 721/721/229 754/754/248
f 720/720/229 754/754/248 753/753/248
f 721/721/229 722/722/229 755/755/247
f 721/721/229 755/755/247 754/754/248
f 722/722/229 723/723/229 756/756/247
f 722/722/229 756/756/247 755/755/247
f 723/723/229 724/724/230 757/757/248
f 723/723/229 757/757/248 756/756/247
f 724/724/230 725/725/231 758/758/249
f 724/724/230 758/758/249 757/757/248
f 725/725/231 726/726/232 759/759/250
f 725/725/231 759/759/250 758/758/249
f 727/728/234 728/727/233 761/760/251
f 727/728/234 761/760/251 760/761/252
f 728/727/233 729/729/235 762/762/253
f 728/727/233 762/762/253 761/760/251
f 729/729/235 730/730/236 763/763/254
f 729/729/235 763/763/254 762/762/253
f 730/730/236 731/731/236 764/764/255
f 730/730/236 764/764/255 763/763/254
f 731/731/236 732/732/236 765/765/256
f 731/731/236 765/765/256 764/764/255
f 732/732/236 733/733/236 766/766/257
f 732/732/236 766/766/257 765/765/256
f 733/733/236 734/734/237 767/767/258
f 733/733/236 767/767/258 766/766/257
f 734/734/237 735/735/238 768/768/259
f 734/734/237 768/768/259 767/767/258
f 735/735/238 736/736/239 769/769/260
f 735/735/238 769/769/260 768/768/259
f 736/736/239 737/737/240 770/770/261
f 736/736/239 770/770/261 769/769/260
f 737/737/240 738/738/241 771/771/262
f 737/737/240 771/771/262 770/770/261
f 738/738/241 739/739/241 772/772/263
f 738/738/241 772/772/263 771/771/262
f 739/739/241 740/740/241 773/773/263
f 739/739/241 773/773/263 772/772/263
f 740/740/241 741/741/241 774/774/263
f 740/740/241 774/774/263 773/773/263
f 741/741/241 742/742/241 775/775/263
f 741/741/241 775/775/263 774/774/263
f 742/742/241 743/743/242 776/776/264
f 742/742/241 776/776/264 775/775/263
f 743/743/242 744/744/243 777/777/265
f 743/743/242 777/777/265 776/776/264
f 744/744/243 745/745/244 778/778/266
f 744/744/243 778/778/266 777/777/265
f 745/745/244 746/746/244 779/779/267
f 745/745/244 779/779/267 778/778/266
f 746/746/244 747/747/245 780/780/267
f 746/746/244 780/780/267 779/779/267
f 747/747/245 748/748/244 781/781/267
f 747/747/245 781/781/267 780/780/267
f 748/748/244 749/749/245 782/782/267
f 748/748/244 782/782/267 781/781/267
f 749/749/245 750/750/245 783/783/267
f 749/749/245 783/783/267 782/782/267
f 750/750/245 751/751/246 784/784/268
f 750/750/245 784/784/268 783/783/267
f 751/751/246 752/752/247 785/785/269
f 751/751/246 785/785/269 784/784/268
f 752/752/247 753/753/248 786/786/270
f 752/752/247 786/786/270 785/785/269
f 753/753/248 754/754/248 787/787/270
f 753/753/248 787/787/270 786/786/270
f 754/754/248 755/755/247 788/788/270
f 754/754/248 788/788/270 787/787/270
f 755/755/247 756/756/247 789/789/270
f 755/755/247 789/789/270 788/788/270
f 756/756/247 757/757/248 790/790/271
f 756/756/247 790/790/271 789/789/270
f 757/757/248 758/758/249 791/791/272
f 757/757/248 791/791/272 790/790/271
f 758/758/249 759/759/250 792/792/273
f 758/758/249 792/792/273 791/791/272
f 760/761/252 761/760/251 794/793/274
f 760/761/252 794/793/274 793/794/275
f 761/760/251 762/762/253 795/795/253
f 761/760/251 795/795/253 794/793/274
f 762/762/253 763/763/254 796/796/256
f 762/762/253 796/796/256 795/795/253
f 763/763/254 764/764/255 797/797/254
f 763/763/254 797/797/254 796/796/256
f 764/764/255 765/765/256 798/798/257
f 764/764/255 798/798/257 797/797/254
f 765/765/256 766/766/257 799/799/276
f 765/765/256 799/799/276 798/798/257
f 766/766/257 767/767/258 800/800/277
f 766/766/257 800/800/277 799/799/276
f 767/767/258 768/768/259 801/801/278
f 767/767/258 801/801/278 800/800/277
f 768/768/259 769/769/260 802/802/279
f 768/768/259 802/802/279 801/801/278
f 769/769/260 770/770/261 803/803/280
f 769/769/260 803/803/280 802/802/279
f 770/770/261 771/771/262 804/804/261
f 770/770/261 804/804/261 803/803/280
f 771/771/262 772/772/263 805/805/262
f 771/771/262 805/805/262 804/804/261
f 772/772/263 773/773/263 806/806/263
f 772/772/263 806/806/263 805/805/262
f 773/773/263 774/774/263 807/807/263
f 773/773/263 807/807/263 806/806/263
f 774/774/263 775/775/263 808/808/263
f 774/774/263 808/808/263 807/807/263
f 775/775/263 776/776/264 809/809/264
f 775/775/263 809/809/264 808/808/263
f 776/776/264 777/777/265 810/810/265
f 776/776/264 810/810/265 809/809/264
f 777/777/265 778/778/266 811/811/281
f 777/777/265 811/811/281 810/810/265
f 778/778/266 779/779/267 812/812/266
f 778/778/266 812/812/266 811/811/281
f 779/779/267 780/780/267 813/813/282
f 779/779/267 813/813/282 812/812/266
f 780/780/267 781/781/267 814/814/282
f 780/780/267 814/814/282 813/813/282
f 781/781/267 782/782/267 815/815/267
f 781/781/267 815/815/267 814/814/282
f 782/782/267 783/783/267 816/816/267
f 782/782/267 816/816/267 815/815/267
f 783/783/267 784/784/268 817/817/268
f 783/783/267 817/817/268 816/816/267
f 784/784/268 785/785/269 818/818/270
f 784/784/268 818/818/270 817/817/268
f 785/785/269 786/786/270 819/819/269
f 785/785/269 819/819/269 818/818/270
f 786/786/270 787/787/270 820/820/270
f 786/786/270 820/820/270 819/819/269
f 787/787/270 788/788/270 821/821/270
f 787/787/270 821/821/270 820/820/270
f 788/788/270 789/789/270 822/822/271
f 788/788/270 822/822/271 821/821/270
f 789/789/270 790/790/271 823/823/283
f 789/789/270 823/823/283 822/822/271
f 790/790/271 791/791/272 824/824/284
f 790/790/271 824/824/284 823/823/283
f 791/791/272 792/792/273 825/825/285
f 791/791/272 825/825/285 824/824/284
f 793/794/275 794/793/274 827/826/274
f 793/794/275 827/826/274 826/827/275
f 794/793/274 795/795/253 828/828/253
f 794/793/274 828/828/253 827/826/274
f 795/795/253 796/796/256 829/829/255
f 795/795/253 829/829/255 828/828/253
f 796/796/256 797/797/254 830/830/286
f 796/796/256 830/830/286 829/829/255
f 797/797/254 798/798/257 831/831/258
f 797/797/254 831/831/258 830/830/286
f 798/798/257 799/799/276 832/832/287
f 798/798/257 832/832/287 831/831/258
f 799/799/276 800/800/277 833/833/288
f 799/799/276 833/833/288 832/832/287
f 800/800/277 801/801/278 834/834/289
f 800/800/277 834/834/289 833/833/288
f 801/801/278 802/802/279 835/835/279
f 801/801/278 835/835/279 834/834/289
f 802/802/279 803/803/280 836/836/280
f 802/802/279 836/836/280 835/835/279
f 803/803/280 804/804/261 837/837/280
f 803/803/280 837/837/280 836/836/280
f 804/804/261 805/805/262 838/838/261
f 804/804/261 838/838/261 837/837/280
f 805/805/262 806/806/263 839/839/262
f 805/805/262 839/839/262 838/838/261
f 806/806/263 807/807/263 840/840/263
f 806/806/263 840/840/263 839/839/262
f 807/807/263 808/808/263 841/841/263
f 807/807/263 841/841/263 840/840/263
f 808/808/263 809/809/264 842/842/264
f 808/808/263 842/842/264 841/841/263
f 809/809/264 810/810/265 843/843/265
f 809/809/264 843/843/265 842/842/264
f 810/810/265 811/811/281 844/844/281
f 810/810/265 844/844/281 843/843/265
f 811/811/281 812/812/266 845/845/281
f 811/811/281 845/845/281 844/844/281
f 812/812/266 813/813/282 846/846/266
f 812/812/266 846/846/266 845/845/281
f 813/813/282 814/814/282 847/847/267
f 813/813/282 847/847/267 846/846/266
f 814/814/282 815/815/267 848/848/267
f 814/814/282 848/848/267 847/847/267
f 815/815/267 816/816/267 849/849/267
f 815/815/267 849/849/267 848/848/267
f 816/816/267 817/817/268 850/850/268
f 816/816/267 850/850/268 849/849/267
f 817/817/268 818/818/270 851/851/270
f 817/817/268 851/851/270 850/850/268
f 818/818/270 819/819/269 852/852/270
f 818/818/270 852/852/270 851/851/270
f 819/819/269 820/820/270 853/853/269
f 819/819/269 853/853/269 852/852/270
f 820/820/270 821/821/270 854/854/271
f 820/820/270 854/854/271 853/853/269
f 821/821/270 822/822/271 855/855/290
f 821/821/270 855/855/290 854/854/271
f 822/822/271 823/823/283 856/856/291
f 822/822/271 856/856/291 855/855/290
f 823/823/283 824/824/284 857/857/272
f 823/823/283 857/857/272 856/856/291
f 824/824/284 825/825/285 858/858/285
f 824/824/284 858/858/285 857/857/272
f 826/827/275 827/826/274 860/859/274
f 826/827/275 860/859/274 859/860/275
f 827/826/274 828/828/253 861/861/253
f 827/826/274 861/861/253 860/859/274
f 828/828/253 829/829/255 862/862/257
f 828/828/253 862/862/257 861/861/253
f 829/829/255 830/830/286 863/863/258
f 829/829/255 863/863/258 862/862/257
f 830/830/286 831/831/258 864/864/259
f 830/830/286 864/864/259 863/863/258
f 831/831/258 832/832/287 865/865/288
f 831/831/258 865/865/288 864/864/259
f 832/832/287 833/833/288 866/866/289
f 832/832/287 866/866/289 865/865/288
f 833/833/288 834/834/289 867/867/289
f 833/833/288 867/867/289 866/866/289
f 834/834/289 835/835/279 868/868/279
f 834/834/289 868/868/279 867/867/289
f 835/835/279 836/836/280 869/869/280
f 835/835/279 869/869/280 868/868/279
f 836/836/280 837/837/280 870/870/280
f 836/836/280 870/870/280 869/869/280
f 837/837/280 838/838/261 871/871/280
f 837/837/280 871/871/280 870/870/280
f 838/838/261 839/839/262 872/872/261
f 838/838/261 872/872/261 871/871/280
f 839/839/262 840/840/263 873/873/262
f 839/839/262 873/873/262 872/872/261
f 840/840/263 841/841/263 874/874/263
f 840/840/263 874/874/263 873/873/262
f 841/841/263 842/842/264 875/875/264
f 841/841/263 875/875/264 874/874/263
f 842/842/264 843/843/265 876/876/265
f 842/842/264 876/876/265 875/875/264
f 843/843/265 844/844/281 877/877/281
f 843/843/265 877/877/281 876/876/265
f 844/844/281 845/845/281 878/878/292
f 844/844/281 878/878/292 877/877/281
f 845/845/281 846/846/266 879/879/292
f 845/845/281 879/879/292 878/878/292
f 846/846/266 847/847/267 880/880/266
f 846/846/266 880/880/266 879/879/292
f 847/847/267 848/848/267 881/881/267
f 847/847/267 881/881/267 880/880/266
f 848/848/267 849/849/267 882/882/267
f 848/848/267 882/882/267 881/881/267
f 849/849/267 850/850/268 883/883/268
f 849/849/267 883/883/268 882/882/267
f 850/850/268 851/851/270 884/884/270
f 850/850/268 884/884/270 883/883/268
f 851/851/270 852/852/270 885/885/270
f 851/851/270 885/885/270 884/884/270
f 852/852/270 853/853/269 886/886/271
f 852/852/270 886/886/271 885/885/270
f 853/853/269 854/854/271 887/887/293
f 853/853/269 887/887/293 886/886/271
f 854/854/271 855/855/290 888/888/291
f 854/854/271 888/888/291 887/887/293
f 855/855/290 856/856/291 889/889/291
f 855/855/290 889/889/291 888/888/291
f 856/856/291 857/857/272 890/890/284
f 856/856/291 890/890/284 889/889/291
f 857/857/272 858/858/285 891/891/285
f 857/857/272 891/891/285 890/890/284
f 859/860/275 860/859/274 893/892/274
f 859/860/275 893/892/274 892/893/275
f 860/859/274 861/861/253 894/894/294
f 860/859/274 894/894/294 893/892/274
f 861/861/253 862/862/257 895/895/258
f 861/861/253 895/895/258 894/894/294
f 862/862/257 863/863/258 896/896/295
f 862/862/257 896/896/295 895/895/258
f 863/863/258 864/864/259 897/897/288
f 863/863/258 897/897/288 896/896/295
f 864/864/259 865/865/288 898/898/289
f 864/864/259 898/898/289 897/897/288
f 865/865/288 866/866/289 899/899/289
f 865/865/288 899/899/289 898/898/289
f 866/866/289 867/867/289 900/900/289
f 866/866/289 900/900/289 899/899/289
f 867/867/289 868/868/279 901/901/296
f 867/867/289 901/901/296 900/900/289
f 868/868/279 869/869/280 902/902/280
f 868/868/279 902/902/280 901/901/296
f 869/869/280 870/870/280 903/903/280
f 869/869/280 903/903/280 902/902/280
f 870/870/280 871/871/280 904/904/280
f 870/870/280 904/904/280 903/903/280
f 871/871/280 872/872/261 905/905/280
f 871/871/280 905/905/280 904/904/280
f 872/872/261 873/873/262 906/906/261
f 872/872/261 906/906/261 905/905/280
f 873/873/262 874/874/263 907/907/262
f 873/873/262 907/907/262 906/906/261
f 874/874/263 875/875/264 908/908/264
f 874/874/263 908/908/264 907/907/262
f 875/875/264 876/876/265 909/909/265
f 875/875/264 909/909/265 908/908/264
f 876/876/265 877/877/281 910/910/292
f 876/876/265 910/910/292 909/909/265
f 877/877/281 878/878/292 911/911/292
f 877/877/281 911/911/292 910/910/292
f 878/878/292 879/879/292 912/912/281
f 878/878/292 912/912/281 911/911/292
f 879/879/292 880/880/266 913/913/281
f 879/879/292 913/913/281 912/912/281
f 880/880/266 881/881/267 914/914/266
f 880/880/266 914/914/266 913/913/281
f 881/881/267 882/882/267 915/915/282
f 881/881/267 915/915/282 914/914/266
f 882/882/267 883/883/268 916/916/268
f 882/882/267 916/916/268 915/915/282
f 883/883/268 884/884/270 917/917/270
f 883/883/268 917/917/270 916/916/268
f 884/884/270 885/885/270 918/918/271
f 884/884/270 918/918/271 917/917/270
f 885/885/270 886/886/271 919/919/283
f 885/885/270 919/919/283 918/918/271
f 886/886/271 887/887/293 920/920/291
f 886/886/271 920/920/291 919/919/283
f 887/887/293 888/888/291 921/921/291
f 887/887/293 921/921/291 920/920/291
f 888/888/291 889/889/291 922/922/291
f 888/888/291 922/922/291 921/921/291
f 889/889/291 890/890/284 923/923/284
f 889/889/291 923/923/284 922/922/291
f 890/890/284 891/891/285 924/924/297
f 890/890/284 924/924/297 923/923/284
f 892/893/275 893/892/274 926/925/298
f 892/893/275 926/925/298 925/926/299
f 893/892/274 894/894/294 927/927/300
f 893/892/274 927/927/300 926/925/298
f 894/894/294 895/895/258 928/928/287
f 894/894/294 928/928/287 927/927/300
f 895/895/258 896/896/295 929/929/288
f 895/895/258 929/929/288 928/928/287
f 896/896/295 897/897/288 930/930/289
f 896/896/295 930/930/289 929/929/288
f 897/897/288 898/898/289 931/931/289
f 897/897/288 931/931/289 930/930/289
f 898/898/289 899/899/289 932/932/289
f 898/898/289 932/932/289 931/931/289
f 899/899/289 900/900/289 933/933/289
f 899/899/289 933/933/289 932/932/289
f 900/900/289 901/901/296 934/934/296
f 900/900/289 934/934/296 933/933/289
f 901/901/296 902/902/280 935/935/280
f 901/901/296 935/935/280 934/934/296
f 902/902/280 903/903/280 936/936/280
f 902/902/280 936/936/280 935/935/280
f 903/903/280 904/904/280 937/937/280
f 903/903/280 937/937/280 936/936/280
f 904/904/280 905/905/280 938/938/280
f 904/904/280 938/938/280 937/937/280
f 905/905/280 906/906/261 939/939/280
f 905/905/280 939/939/280 938/938/280
f 906/906/261 907/907/262 940/940/261
f 906/906/261 940/940/261 939/939/280
f 907/907/262 908/908/264 941/941/301
f 907/907/262 941/941/301 940/940/261
f 908/908/264 909/909/265 942/942/265
f 908/908/264 942/942/265 941/941/301
f 909/909/265 910/910/292 943/943/292
f 909/909/265 943/943/292 942/942/265
f 910/910/292 911/911/292 944/944/281
f 910/910/292 944/944/281 943/943/292
f 911/911/292 912/912/281 945/945/281
f 911/911/292 945/945/281 944/944/281
f 912/912/281 913/913/281 946/946/281
f 912/912/281 946/946/281 945/945/281
f 913/913/281 914/914/266 947/947/281
f 913/913/281 947/947/281 946/946/281
f 914/914/266 915/915/282 948/948/266
f 914/914/266 948/948/266 947/947/281
f 915/915/282 916/916/268 949/949/302
f 915/915/282 949/949/302 948/948/266
f 916/916/268 917/917/270 950/950/271
f 916/916/268 950/950/271 949/949/302
f 917/917/270 918/918/271 951/951/283
f 917/917/270 951/951/283 950/950/271
f 918/918/271 919/919/283 952/952/291
f 918/918/271 952/952/291 951/951/283
f 919/919/283 920/920/291 953/953/290
f 919/919/283 953/953/290 952/952/291
f 920/920/291 921/921/291 954/954/291
f 920/920/291 954/954/291 953/953/290
f 921/921/291 922/922/291 955/955/283
f 921/921/291 955/955/283 954/954/291
f 922/922/291 923/923/284 956/956/284
f 922/922/291 956/956/284 955/955/283
f 923/923/284 924/924/297 957/957/303
f 923/923/284 957/957/303 956/956/284
f 925/926/299 926/925/298 959/958/304
f 925/926/299 959/958/304 958/959/305
f 926/925/298 927/927/300 960/960/306
f 926/925/298 960/960/306 959/958/304
f 927/927/300 928/928/287 961/961/307
f 927/927/300 961/961/307 960/960/306
f 928/928/287 929/929/288 962/962/308
f 928/928/287 962/962/308 961/961/307
f 929/929/288 930/930/289 963/963/309
f 929/929/288 963/963/309 962/962/308
f 930/930/289 931/931/289 964/964/309
f 930/930/289 964/964/309 963/963/309
f 931/931/289 932/932/289 965/965/309
f 931/931/289 965/965/309 964/964/309
f 932/932/289 933/933/289 966/966/310
f 932/932/289 966/966/310 965/965/309
f 933/933/289 934/934/296 967/967/311
f 933/933/289 967/967/311 966/966/310
f 934/934/296 935/935/280 968/968/312
f 934/934/296 968/968/312 967/967/311
f 935/935/280 936/936/280 969/969/312
f 935/935/280 969/969/312 968/968/312
f 936/936/280 937/937/280 970/970/312
f 936/936/280 970/970/312 969/969/312
f 937/937/280 938/938/280 971/971/312
f 937/937/280 971/971/312 970/970/312
f 938/938/280 939/939/280 972/972/312
f 938/938/280 972/972/312 971/971/312
f 939/939/280 940/940/261 973/973/312
f 939/939/280 973/973/312 972/972/312
f 940/940/261 941/941/301 974/974/313
f 940/940/261 974/974/313 973/973/312
f 941/941/301 942/942/265 975/975/314
f 941/941/301 975/975/314 974/974/313
f 942/942/265 943/943/292 976/976/315
f 942/942/265 976/976/315 975/975/314
f 943/943/292 944/944/281 977/977/316
f 943/943/292 977/977/316 976/976/315
f 944/944/281 945/945/281 978/978/316
f 944/944/281 978/978/316 977/977/316
f 945/945/281 946/946/281 979/979/316
f 945/945/281 979/979/316 978/978/316
f 946/946/281 947/947/281 980/980/315
f 946/946/281 980/980/315 979/979/316
f 947/947/281 948/948/266 981/981/315
f 947/947/281 981/981/315 980/980/315
f 948/948/266 949/949/302 982/982/317
f 948/948/266 982/982/317 981/981/315
f 949/949/302 950/950/271 983/983/318
f 949/949/302 983/983/318 982/982/317
f 950/950/271 951/951/283 984/984/318
f 950/950/271 984/984/318 983/983/318
f 951/951/283 952/952/291 985/985/318
f 951/951/283 985/985/318 984/984/318
f 952/952/291 953/953/290 986/986/318
f 952/952/291 986/986/318 985/985/318
f 953/953/290 954/954/291 987/987/318
f 953/953/290 987/987/318 986/986/318
f 954/954/291 955/955/283 988/988/318
f 954/954/291 988/988/318 987/987/318
f 955/955/283 956/956/284 989/989/319
f 955/955/283 989/989/319 988/988/318
f 956/956/284 957/957/303 990/990/320
f 956/956/284 990/990/320 989/989/319
f 958/959/305 959/958/304 992/991/321
f 958/959/305 992/991/321 991/992/322
f 959/958/304 960/960/306 993/993/323
f 959/958/304 993/993/323 992/991/321
f 960/960/306 961/961/307 994/994/324
f 960/960/306 994/994/324 993/993/323
f 961/961/307 962/962/308 995/995/324
f 961/961/307 995/995/324 994/994/324
f 962/962/308 963/963/309 996/996/324
f 962/962/308 996/996/324 995/995/324
f 963/963/309 964/964/309 997/997/324
f 963/963/309 997/997/324 996/996/324
f 964/964/309 965/965/309 998/998/324
f 964/964/309 998/998/324 997/997/324
f 965/965/309 966/966/310 999/999/325
f 965/965/309 999/999/325 998/998/324
f 966/966/310 967/967/311 1000/1000/326
f 966/966/310 1000/1000/326 999/999/325
f 967/967/311 968/968/312 1001/1001/327
f 967/967/311 1001/1001/327 1000/1000/326
f 968/968/312 969/969/312 1002/1002/328
f 968/968/312 1002/1002/328 1001/1001/327
f 969/969/312 970/970/312 1003/1003/329
f 969/969/312 1003/1003/329 1002/1002/328
f 970/970/312 971/971/312 1004/1004/328
f 970/970/312 1004/1004/328 1003/1003/329
f 971/971/312 972/972/312 1005/1005/329
f 971/971/312 1005/1005/329 1004/1004/328
f 972/972/312 973/973/312 1006/1006/328
f 972/972/312 1006/1006/328 1005/1005/329
f 973/973/312 974/974/313 1007/1007/330
f 973/973/312 1007/1007/330 1006/1006/328
f 974/974/313 975/975/314 1008/1008/331
f 974/974/313 1008/1008/331 1007/1007/330
f 975/975/314 976/976/315 1009/1009/332
f 975/975/314 1009/1009/332 1008/1008/331
f 976/976/315 977/977/316 1010/1010/333
f 976/976/315 1010/1010/333 1009/1009/332
f 977/977/316 978/978/316 1011/1011/334
f 977/977/316 1011/1011/334 1010/1010/333
f 978/978/316 979/979/316 1012/1012/334
f 978/978/316 1012/1012/334 1011/1011/334
f 979/979/316 980/980/315 1013/1013/333
f 979/979/316 1013/1013/333 1012/1012/334
f 980/980/315 981/981/315 1014/1014/334
f 980/980/315 1014/1014/334 1013/1013/333
f 981/981/315 982/982/317 1015/1015/335
f 981/981/315 1015/1015/335 1014/1014/334
f 982/982/317 983/983/318 1016/1016/336
f 982/982/317 1016/1016/336 1015/1015/335
f 983/983/318 984/984/318 1017/1017/336
f 983/983/318 1017/1017/336 1016/1016/336
f 984/984/318 985/985/318 1018/1018/336
f 984/984/318 1018/1018/336 1017/1017/336
f 985/985/318 986/986/318 1019/1019/336
f 985/985/318 1019/1019/336 1018/1018/336
f 986/986/318 987/987/318 1020/1020/336
f 986/986/318 1020/1020/336 1019/1019/336
f 987/987/318 988/988/318 1021/1021/337
f 987/987/318 1021/1021/337 1020/1020/336
f 988/988/318 989/989/319 1022/1022/338
f 988/988/318 1022/1022/338 1021/1021/337
f 989/989/319 990/990/320 1023/1023/339
f 989/989/319 1023/1023/339 1022/1022/338
f 991/992/322 992/991/321 1025/1024/340
f 991/992/322 1025/1024/340 1024/1025/341
f 992/991/321 993/993/323 1026/1026/342
f 992/991/321 1026/1026/342 1025/1024/340
f 993/993/323 994/994/324 1027/1027/324
f 993/993/323 1027/1027/324 1026/1026/342
f 994/994/324 995/995/324 1028/1028/324
f 994/994/324 1028/1028/324 1027/1027/324
f 995/995/324 996/996/324 1029/1029/324
f 995/995/324 1029/1029/324 1028/1028/324
f 996/996/324 997/997/324 1030/1030/324
f 996/996/324 1030/1030/324 1029/1029/324
f 997/997/324 998/998/324 1031/1031/325
f 997/997/324 1031/1031/325 1030/1030/324
f 998/998/324 999/999/325 1032/1032/343
f 998/998/324 1032/1032/343 1031/1031/325
f 999/999/325 1000/1000/326 1033/1033/344
f 999/999/325 1033/1033/344 1032/1032/343
f 1000/1000/326 1001/1001/327 1034/1034/345
f 1000/1000/326 1034/1034/345 1033/1033/344
f 1001/1001/327 1002/1002/328 1035/1035/327
f 1001/1001/327 1035/1035/327 1034/1034/345
f 1002/1002/328 1003/1003/329 1036/1036/329
f 1002/1002/328 1036/1036/329 1035/1035/327
f 1003/1003/329 1004/1004/328 1037/1037/328
f 1003/1003/329 1037/1037/328 1036/1036/329
f 1004/1004/328 1005/1005/329 1038/1038/329
f 1004/1004/328 1038/1038/329 1037/1037/328
f 1005/1005/329 1006/1006/328 1039/1039/328
f 1005/1005/329 1039/1039/328 1038/1038/329
f 1006/1006/328 1007/1007/330 1040/1040/346
f 1006/1006/328 1040/1040/346 1039/1039/328
f 1007/1007/330 1008/1008/331 1041/1041/347
f 1007/1007/330 1041/1041/347 1040/1040/346
f 1008/1008/331 1009/1009/332 1042/1042/348
f 1008/1008/331 1042/1042/348 1041/1041/347
f 1009/1009/332 1010/1010/333 1043/1043/332
f 1009/1009/332 1043/1043/332 1042/1042/348
f 1010/1010/333 1011/1011/334 1044/1044/334
f 1010/1010/333 1044/1044/334 1043/1043/332
f 1011/1011/334 1012/1012/334 1045/1045/334
f 1011/1011/334 1045/1045/334 1044/1044/334
f 1012/1012/334 1013/1013/333 1046/1046/333
f 1012/1012/334 1046/1046/333 1045/1045/334
f 1013/1013/333 1014/1014/334 1047/1047/333
f 1013/1013/333 1047/1047/333 1046/1046/333
f 1014/1014/334 1015/1015/335 1048/1048/335
f 1014/1014/334 1048/1048/335 1047/1047/333
f 1015/1015/335 1016/1016/336 1049/1049/336
f 1015/1015/335 1049/1049/336 1048/1048/335
f 1016/1016/336 1017/1017/336 1050/1050/336
f 1016/1016/336 1050/1050/336 1049/1049/336
f 1017/1017/336 1018/1018/336 1051/1051/336
f 1017/1017/336 1051/1051/336 1050/1050/336
f 1018/1018/336 1019/1019/336 1052/1052/336
f 1018/1018/336 1052/1052/336 1051/1051/336
f 1019/1019/336 1020/1020/336 1053/1053/337
f 1019/1019/336 1053/1053/337 1052/1052/336
f 1020/1020/336 1021/1021/337 1054/1054/349
f 1020/1020/336 1054/1054/349 1053/1053/337
f 1021/1021/337 1022/1022/338 1055/1055/350
f 1021/1021/337 1055/1055/350 1054/1054/349
f 1022/1022/338 1023/1023/339 1056/1056/351
f 1022/1022/338 1056/1056/351 1055/1055/350
f 1024/1025/341 1025/1024/340 1058/1057/352
f 1024/1025/341 1058/1057/352 1057/1058/353
f 1025/1024/340 1026/1026/342 1059/1059/354
f 1025/1024/340 1059/1059/354 1058/1057/352
f 1026/1026/342 1027/1027/324 1060/1060/324
f 1026/1026/342 1060/1060/324 1059/1059/354
f 1027/1027/324 1028/1028/324 1061/1061/324
f 1027/1027/324 1061/1061/324 1060/1060/324
f 1028/1028/324 1029/1029/324 1062/1062/324
f 1028/1028/324 1062/1062/324 1061/1061/324
f 1029/1029/324 1030/1030/324 1063/1063/355
f 1029/1029/324 1063/1063/355 1062/1062/324
f 1030/1030/324 1031/1031/325 1064/1064/356
f 1030/1030/324 1064/1064/356 1063/1063/355
f 1031/1031/325 1032/1032/343 1065/1065/343
f 1031/1031/325 1065/1065/343 1064/1064/356
f 1032/1032/343 1033/1033/344 1066/1066/344
f 1032/1032/343 1066/1066/344 1065/1065/343
f 1033/1033/344 1034/1034/345 1067/1067/357
f 1033/1033/344 1067/1067/357 1066/1066/344
f 1034/1034/345 1035/1035/327 1068/1068/345
f 1034/1034/345 1068/1068/345 1067/1067/357
f 1035/1035/327 1036/1036/329 1069/1069/327
f 1035/1035/327 1069/1069/327 1068/1068/345
f 1036/1036/329 1037/1037/328 1070/1070/328
f 1036/1036/329 1070/1070/328 1069/1069/327
f 1037/1037/328 1038/1038/329 1071/1071/329
f 1037/1037/328 1071/1071/329 1070/1070/328
f 1038/1038/329 1039/1039/328 1072/1072/328
f 1038/1038/329 1072/1072/328 1071/1071/329
f 1039/1039/328 1040/1040/346 1073/1073/346
f 1039/1039/328 1073/1073/346 1072/1072/328
f 1040/1040/346 1041/1041/347 1074/1074/347
f 1040/1040/346 1074/1074/347 1073/1073/346
f 1041/1041/347 1042/1042/348 1075/1075/358
f 1041/1041/347 1075/1075/358 1074/1074/347
f 1042/1042/348 1043/1043/332 1076/1076/348
f 1042/1042/348 1076/1076/348 1075/1075/358
f 1043/1043/332 1044/1044/334 1077/1077/332
f 1043/1043/332 1077/1077/332 1076/1076/348
f 1044/1044/334 1045/1045/334 1078/1078/333
f 1044/1044/334 1078/1078/333 1077/1077/332
f 1045/1045/334 1046/1046/333 1079/1079/333
f 1045/1045/334 1079/1079/333 1078/1078/333
f 1046/1046/333 1047/1047/333 1080/1080/333
f 1046/1046/333 1080/1080/333 1079/1079/333
f 1047/1047/333 1048/1048/335 1081/1081/335
f 1047/1047/333 1081/1081/335 1080/1080/333
f 1048/1048/335 1049/1049/336 1082/1082/336
f 1048/1048/335 1082/1082/336 1081/1081/335
f 1049/1049/336 1050/1050/336 1083/1083/336
f 1049/1049/336 1083/1083/336 1082/1082/336
f 1050/1050/336 1051/1051/336 1084/1084/336
f 1050/1050/336 1084/1084/336 1083/1083/336
f 1051/1051/336 1052/1052/336 1085/1085/359
f 1051/1051/336 1085/1085/359 1084/1084/336
f 1052/1052/336 1053/1053/337 1086/1086/349
f 1052/1052/336 1086/1086/349 1085/1085/359
f 1053/1053/337 1054/1054/349 1087/1087/360
f 1053/1053/337 1087/1087/360 1086/1086/349
f 1054/1054/349 1055/1055/350 1088/1088/350
f 1054/1054/349 1088/1088/350 1087/1087/360
f 1055/1055/350 1056/1056/351 1089/1089/361
f 1055/1055/350 1089/1089/361 1088/1088/350
