mtllib terrain_core_05_07.mtl
usemtl terrain_core_05_07
# Blender 5.1.1
# www.blender.org
o terrain_core_05_07
v -16.000000 -16.000000 -2.241177
v -15.000000 -16.000000 -2.347745
v -14.000000 -16.000000 -2.454312
v -13.000000 -16.000000 -2.561002
v -12.000000 -16.000000 -2.667691
v -11.000000 -16.000000 -2.774441
v -10.000000 -16.000000 -2.881192
v -9.000000 -16.000000 -2.988065
v -8.000000 -16.000000 -3.094937
v -7.000000 -16.000000 -3.201871
v -6.000000 -16.000000 -3.308865
v -5.000000 -16.000000 -3.415860
v -4.000000 -16.000000 -3.522916
v -3.000000 -16.000000 -3.630032
v -2.000000 -16.000000 -3.737149
v -1.000000 -16.000000 -3.844388
v 0.000000 -16.000000 -3.951627
v 1.000000 -16.000000 -4.058927
v 2.000000 -16.000000 -4.166226
v 3.000000 -16.000000 -4.273648
v 4.000000 -16.000000 -4.381070
v 5.000000 -16.000000 -4.488492
v 6.000000 -16.000000 -4.596036
v 7.000000 -16.000000 -4.722257
v 8.000000 -16.000000 -4.899137
v 9.000000 -16.000000 -5.076016
v 10.000000 -16.000000 -5.252896
v 11.000000 -16.000000 -5.429654
v 12.000000 -16.000000 -5.606290
v 13.000000 -16.000000 -5.782926
v 14.000000 -16.000000 -5.959561
v 15.000000 -16.000000 -6.136075
v 16.000000 -16.000000 -6.312528
v -16.000000 -15.000000 -2.041043
v -15.000000 -15.000000 -2.148892
v -14.000000 -15.000000 -2.256802
v -13.000000 -15.000000 -2.364774
v -12.000000 -15.000000 -2.472745
v -11.000000 -15.000000 -2.580777
v -10.000000 -15.000000 -2.688870
v -9.000000 -15.000000 -2.796963
v -8.000000 -15.000000 -2.905179
v -7.000000 -15.000000 -3.013394
v -6.000000 -15.000000 -3.121670
v -5.000000 -15.000000 -3.229947
v -4.000000 -15.000000 -3.338345
v -3.000000 -15.000000 -3.446744
v -2.000000 -15.000000 -3.555142
v -1.000000 -15.000000 -3.663663
v 0.000000 -15.000000 -3.772183
v 1.000000 -15.000000 -3.880765
v 2.000000 -15.000000 -3.989407
v 3.000000 -15.000000 -4.098111
v 4.000000 -15.000000 -4.206754
v 5.000000 -15.000000 -4.315518
v 6.000000 -15.000000 -4.424344
v 7.000000 -15.000000 -4.549893
v 8.000000 -15.000000 -4.725064
v 9.000000 -15.000000 -4.900235
v 10.000000 -15.000000 -5.075284
v 11.000000 -15.000000 -5.250333
v 12.000000 -15.000000 -5.425382
v 13.000000 -15.000000 -5.600308
v 14.000000 -15.000000 -5.775113
v 15.000000 -15.000000 -5.949918
v 16.000000 -15.000000 -6.124661
v -16.000000 -14.000000 -1.840909
v -15.000000 -14.000000 -1.950040
v -14.000000 -14.000000 -2.059293
v -13.000000 -14.000000 -2.168484
v -12.000000 -14.000000 -2.277798
v -11.000000 -14.000000 -2.387112
v -10.000000 -14.000000 -2.496487
v -9.000000 -14.000000 -2.605923
v -8.000000 -14.000000 -2.715359
v -7.000000 -14.000000 -2.824918
v -6.000000 -14.000000 -2.934415
v -5.000000 -14.000000 -3.044034
v -4.000000 -14.000000 -3.153653
v -3.000000 -14.000000 -3.263394
v -2.000000 -14.000000 -3.373135
v -1.000000 -14.000000 -3.482877
v 0.000000 -14.000000 -3.592740
v 1.000000 -14.000000 -3.702603
v 2.000000 -14.000000 -3.812466
v 3.000000 -14.000000 -3.922452
v 4.000000 -14.000000 -4.032437
v 5.000000 -14.000000 -4.142545
v 6.000000 -14.000000 -4.252652
v 7.000000 -14.000000 -4.377530
v 8.000000 -14.000000 -4.550992
v 9.000000 -14.000000 -4.724454
v 10.000000 -14.000000 -4.897855
v 11.000000 -14.000000 -5.071134
v 12.000000 -14.000000 -5.244473
v 13.000000 -14.000000 -5.417630
v 14.000000 -14.000000 -5.590787
v 15.000000 -14.000000 -5.763883
v 16.000000 -14.000000 -5.936856
v -16.000000 -13.000000 -1.640713
v -15.000000 -13.000000 -1.751187
v -14.000000 -13.000000 -1.861661
v -13.000000 -13.000000 -1.972134
v -12.000000 -13.000000 -2.082730
v -11.000000 -13.000000 -2.193387
v -10.000000 -13.000000 -2.304044
v -9.000000 -13.000000 -2.414761
v -8.000000 -13.000000 -2.525479
v -7.000000 -13.000000 -2.636319
v -6.000000 -13.000000 -2.747159
v -5.000000 -13.000000 -2.858060
v -4.000000 -13.000000 -2.968961
v -3.000000 -13.000000 -3.079922
v -2.000000 -13.000000 -3.191006
v -1.000000 -13.000000 -3.302090
v 0.000000 -13.000000 -3.413174
v 1.000000 -13.000000 -3.524380
v 2.000000 -13.000000 -3.635587
v 3.000000 -13.000000 -3.746793
v 4.000000 -13.000000 -3.858121
v 5.000000 -13.000000 -3.969449
v 6.000000 -13.000000 -4.080777
v 7.000000 -13.000000 -4.205289
v 8.000000 -13.000000 -4.377042
v 9.000000 -13.000000 -4.548795
v 10.000000 -13.000000 -4.720426
v 11.000000 -13.000000 -4.892056
v 12.000000 -13.000000 -5.063565
v 13.000000 -13.000000 -5.235074
v 14.000000 -13.000000 -5.406461
v 15.000000 -13.000000 -5.577847
v 16.000000 -13.000000 -5.749112
v -16.000000 -12.000000 -1.440518
v -15.000000 -12.000000 -1.552212
v -14.000000 -12.000000 -1.664029
v -13.000000 -12.000000 -1.775845
v -12.000000 -12.000000 -1.887662
v -11.000000 -12.000000 -1.999600
v -10.000000 -12.000000 -2.111539
v -9.000000 -12.000000 -2.223599
v -8.000000 -12.000000 -2.335599
v -7.000000 -12.000000 -2.447720
v -6.000000 -12.000000 -2.559842
v -5.000000 -12.000000 -2.672024
v -4.000000 -12.000000 -2.784268
v -3.000000 -12.000000 -2.896512
v -2.000000 -12.000000 -3.008816
v -1.000000 -12.000000 -3.121182
v 0.000000 -12.000000 -3.233609
v 1.000000 -12.000000 -3.346036
v 2.000000 -12.000000 -3.458585
v 3.000000 -12.000000 -3.571133
v 4.000000 -12.000000 -3.683682
v 5.000000 -12.000000 -3.796353
v 6.000000 -12.000000 -3.909024
v 7.000000 -12.000000 -4.033109
v 8.000000 -12.000000 -4.203153
v 9.000000 -12.000000 -4.373136
v 10.000000 -12.000000 -4.543057
v 11.000000 -12.000000 -4.712979
v 12.000000 -12.000000 -4.882779
v 13.000000 -12.000000 -5.052579
v 14.000000 -12.000000 -5.222257
v 15.000000 -12.000000 -5.391873
v 16.000000 -12.000000 -5.561429
v -16.000000 -11.000000 -1.240201
v -15.000000 -11.000000 -1.353238
v -14.000000 -11.000000 -1.466275
v -13.000000 -11.000000 -1.579434
v -12.000000 -11.000000 -1.692593
v -11.000000 -11.000000 -1.805753
v -10.000000 -11.000000 -1.919034
v -9.000000 -11.000000 -2.032315
v -8.000000 -11.000000 -2.145657
v -7.000000 -11.000000 -2.259000
v -6.000000 -11.000000 -2.372464
v -5.000000 -11.000000 -2.485928
v -4.000000 -11.000000 -2.599454
v -3.000000 -11.000000 -2.712979
v -2.000000 -11.000000 -2.826627
v -1.000000 -11.000000 -2.940274
v 0.000000 -11.000000 -3.053982
v 1.000000 -11.000000 -3.167691
v 2.000000 -11.000000 -3.281522
v 3.000000 -11.000000 -3.395352
v 4.000000 -11.000000 -3.509244
v 5.000000 -11.000000 -3.623135
v 6.000000 -11.000000 -3.737149
v 7.000000 -11.000000 -3.860928
v 8.000000 -11.000000 -4.029263
v 9.000000 -11.000000 -4.197598
v 10.000000 -11.000000 -4.365811
v 11.000000 -11.000000 -4.533963
v 12.000000 -11.000000 -4.702054
v 13.000000 -11.000000 -4.870084
v 14.000000 -11.000000 -5.038053
v 15.000000 -11.000000 -5.205960
v 16.000000 -11.000000 -5.373868
v -16.000000 -10.000000 -1.039883
v -15.000000 -10.000000 -1.154202
v -14.000000 -10.000000 -1.268521
v -13.000000 -10.000000 -1.382962
v -12.000000 -10.000000 -1.497403
v -11.000000 -10.000000 -1.611905
v -10.000000 -10.000000 -1.726407
v -9.000000 -10.000000 -1.841031
v -8.000000 -10.000000 -1.955655
v -7.000000 -10.000000 -2.070340
v -6.000000 -10.000000 -2.185025
v -5.000000 -10.000000 -2.299771
v -4.000000 -10.000000 -2.414639
v -3.000000 -10.000000 -2.529507
v -2.000000 -10.000000 -2.644376
v -1.000000 -10.000000 -2.759366
v 0.000000 -10.000000 -2.874356
v 1.000000 -10.000000 -2.989346
v 2.000000 -10.000000 -3.104459
v 3.000000 -10.000000 -3.219571
v 4.000000 -10.000000 -3.334683
v 5.000000 -10.000000 -3.449918
v 6.000000 -10.000000 -3.565152
v 7.000000 -10.000000 -3.688931
v 8.000000 -10.000000 -3.855496
v 9.000000 -10.000000 -4.022061
v 10.000000 -10.000000 -4.188565
v 11.000000 -10.000000 -4.355008
v 12.000000 -10.000000 -4.521329
v 13.000000 -10.000000 -4.687711
v 14.000000 -10.000000 -4.853971
v 15.000000 -10.000000 -5.020108
v 16.000000 -10.000000 -5.186246
v -16.000000 -9.000000 -0.824002
v -15.000000 -9.000000 -0.937589
v -14.000000 -9.000000 -1.051175
v -13.000000 -9.000000 -1.164883
v -12.000000 -9.000000 -1.278653
v -11.000000 -9.000000 -1.392545
v -10.000000 -9.000000 -1.506436
v -9.000000 -9.000000 -1.620450
v -8.000000 -9.000000 -1.734524
v -7.000000 -9.000000 -1.848660
v -6.000000 -9.000000 -1.962857
v -5.000000 -9.000000 -2.077237
v -4.000000 -9.000000 -2.191617
v -3.000000 -9.000000 -2.305997
v -2.000000 -9.000000 -2.420560
v -1.000000 -9.000000 -2.535123
v 0.000000 -9.000000 -2.649869
v 1.000000 -9.000000 -2.764615
v 2.000000 -9.000000 -2.879422
v 3.000000 -9.000000 -2.994351
v 4.000000 -9.000000 -3.109341
v 5.000000 -9.000000 -3.224332
v 6.000000 -9.000000 -3.339444
v 7.000000 -9.000000 -3.461880
v 8.000000 -9.000000 -3.626370
v 9.000000 -9.000000 -3.790860
v 10.000000 -9.000000 -3.955411
v 11.000000 -9.000000 -4.120023
v 12.000000 -9.000000 -4.284635
v 13.000000 -9.000000 -4.449307
v 14.000000 -9.000000 -4.613980
v 15.000000 -9.000000 -4.778653
v 16.000000 -9.000000 -4.943387
v -16.000000 -8.000000 -0.498990
v -15.000000 -8.000000 -0.614713
v -14.000000 -8.000000 -0.730435
v -13.000000 -8.000000 -0.846280
v -12.000000 -8.000000 -0.962247
v -11.000000 -8.000000 -1.078213
v -10.000000 -8.000000 -1.194302
v -9.000000 -8.000000 -1.310452
v -8.000000 -8.000000 -1.426724
v -7.000000 -8.000000 -1.542996
v -6.000000 -8.000000 -1.659390
v -5.000000 -8.000000 -1.775845
v -4.000000 -8.000000 -1.892300
v -3.000000 -8.000000 -2.008939
v -2.000000 -8.000000 -2.125577
v -1.000000 -8.000000 -2.242398
v 0.000000 -8.000000 -2.359219
v 1.000000 -8.000000 -2.476102
v 2.000000 -8.000000 -2.593106
v 3.000000 -8.000000 -2.710171
v 4.000000 -8.000000 -2.827237
v 5.000000 -8.000000 -2.944424
v 6.000000 -8.000000 -3.061734
v 7.000000 -8.000000 -3.185269
v 8.000000 -8.000000 -3.350674
v 9.000000 -8.000000 -3.516080
v 10.000000 -8.000000 -3.681485
v 11.000000 -8.000000 -3.846951
v 12.000000 -8.000000 -4.012418
v 13.000000 -8.000000 -4.178006
v 14.000000 -8.000000 -4.343595
v 15.000000 -8.000000 -4.509122
v 16.000000 -8.000000 -4.674771
v -16.000000 -7.000000 -0.173856
v -15.000000 -7.000000 -0.291714
v -14.000000 -7.000000 -0.409634
v -13.000000 -7.000000 -0.527676
v -12.000000 -7.000000 -0.645718
v -11.000000 -7.000000 -0.763882
v -10.000000 -7.000000 -0.882108
v -9.000000 -7.000000 -1.000394
v -8.000000 -7.000000 -1.118741
v -7.000000 -7.000000 -1.237210
v -6.000000 -7.000000 -1.355740
v -5.000000 -7.000000 -1.474332
v -4.000000 -7.000000 -1.592984
v -3.000000 -7.000000 -1.711758
v -2.000000 -7.000000 -1.830594
v -1.000000 -7.000000 -1.949551
v 0.000000 -7.000000 -2.068448
v 1.000000 -7.000000 -2.187527
v 2.000000 -7.000000 -2.306668
v 3.000000 -7.000000 -2.425870
v 4.000000 -7.000000 -2.545132
v 5.000000 -7.000000 -2.664517
v 6.000000 -7.000000 -2.783902
v 7.000000 -7.000000 -2.908658
v 8.000000 -7.000000 -3.074918
v 9.000000 -7.000000 -3.241177
v 10.000000 -7.000000 -3.407498
v 11.000000 -7.000000 -3.573880
v 12.000000 -7.000000 -3.740262
v 13.000000 -7.000000 -3.906705
v 14.000000 -7.000000 -4.073148
v 15.000000 -7.000000 -4.239591
v 16.000000 -7.000000 -4.406095
v -16.000000 -6.000000 0.151279
v -15.000000 -6.000000 0.031284
v -14.000000 -6.000000 -0.088773
v -13.000000 -6.000000 -0.208951
v -12.000000 -6.000000 -0.329129
v -11.000000 -6.000000 -0.449429
v -10.000000 -6.000000 -0.569791
v -9.000000 -6.000000 -0.690274
v -8.000000 -6.000000 -0.810757
v -7.000000 -6.000000 -0.931363
v -6.000000 -6.000000 -1.052090
v -5.000000 -6.000000 -1.172818
v -4.000000 -6.000000 -1.293668
v -3.000000 -6.000000 -1.414517
v -2.000000 -6.000000 -1.535489
v -1.000000 -6.000000 -1.656583
v 0.000000 -6.000000 -1.777676
v 1.000000 -6.000000 -1.898892
v 2.000000 -6.000000 -2.020169
v 3.000000 -6.000000 -2.141507
v 4.000000 -6.000000 -2.262906
v 5.000000 -6.000000 -2.384488
v 6.000000 -6.000000 -2.506009
v 7.000000 -6.000000 -2.631924
v 8.000000 -6.000000 -2.799100
v 9.000000 -6.000000 -2.966275
v 10.000000 -6.000000 -3.133511
v 11.000000 -6.000000 -3.300748
v 12.000000 -6.000000 -3.467984
v 13.000000 -6.000000 -3.635342
v 14.000000 -6.000000 -3.802701
v 15.000000 -6.000000 -3.970059
v 16.000000 -6.000000 -4.137418
v -16.000000 -5.000000 0.476596
v -15.000000 -5.000000 0.354404
v -14.000000 -5.000000 0.232211
v -13.000000 -5.000000 0.109897
v -12.000000 -5.000000 -0.012479
v -11.000000 -5.000000 -0.134915
v -10.000000 -5.000000 -0.257413
v -9.000000 -5.000000 -0.380093
v -8.000000 -5.000000 -0.502713
v -7.000000 -5.000000 -0.625455
v -6.000000 -5.000000 -0.748257
v -5.000000 -5.000000 -0.871182
v -4.000000 -5.000000 -0.994168
v -3.000000 -5.000000 -1.117215
v -2.000000 -5.000000 -1.240323
v -1.000000 -5.000000 -1.363553
v 0.000000 -5.000000 -1.486783
v 1.000000 -5.000000 -1.610196
v 2.000000 -5.000000 -1.733609
v 3.000000 -5.000000 -1.857083
v 4.000000 -5.000000 -1.980679
v 5.000000 -5.000000 -2.104337
v 6.000000 -5.000000 -2.228055
v 7.000000 -5.000000 -2.355191
v 8.000000 -5.000000 -2.523282
v 9.000000 -5.000000 -2.691373
v 10.000000 -5.000000 -2.859463
v 11.000000 -5.000000 -3.027554
v 12.000000 -5.000000 -3.195767
v 13.000000 -5.000000 -3.363980
v 14.000000 -5.000000 -3.532193
v 15.000000 -5.000000 -3.700467
v 16.000000 -5.000000 -3.868741
v -16.000000 -4.000000 0.801913
v -15.000000 -4.000000 0.677646
v -14.000000 -4.000000 0.553256
v -13.000000 -4.000000 0.428744
v -12.000000 -4.000000 0.304233
v -11.000000 -4.000000 0.179660
v -10.000000 -4.000000 0.054965
v -9.000000 -4.000000 -0.069791
v -8.000000 -4.000000 -0.194547
v -7.000000 -4.000000 -0.319485
v -6.000000 -4.000000 -0.444424
v -5.000000 -4.000000 -0.569547
v -4.000000 -4.000000 -0.694669
v -3.000000 -4.000000 -0.819791
v -2.000000 -4.000000 -0.945096
v -1.000000 -4.000000 -1.070462
v 0.000000 -4.000000 -1.195889
v 1.000000 -4.000000 -1.321378
v 2.000000 -4.000000 -1.446988
v 3.000000 -4.000000 -1.572598
v 4.000000 -4.000000 -1.698331
v 5.000000 -4.000000 -1.824124
v 6.000000 -4.000000 -1.950040
v 7.000000 -4.000000 -2.078458
v 8.000000 -4.000000 -2.247403
v 9.000000 -4.000000 -2.416348
v 10.000000 -4.000000 -2.585416
v 11.000000 -4.000000 -2.754361
v 12.000000 -4.000000 -2.923428
v 13.000000 -4.000000 -3.092557
v 14.000000 -4.000000 -3.261685
v 15.000000 -4.000000 -3.430875
v 16.000000 -4.000000 -3.600003
v -16.000000 -3.000000 1.131320
v -15.000000 -3.000000 1.000888
v -14.000000 -3.000000 0.874301
v -13.000000 -3.000000 0.747714
v -12.000000 -3.000000 0.621066
v -11.000000 -3.000000 0.494296
v -10.000000 -3.000000 0.367465
v -9.000000 -3.000000 0.240634
v -8.000000 -3.000000 0.113620
v -7.000000 -3.000000 -0.013394
v -6.000000 -3.000000 -0.140591
v -5.000000 -3.000000 -0.267789
v -4.000000 -3.000000 -0.394986
v -3.000000 -3.000000 -0.522366
v -2.000000 -3.000000 -0.649747
v -1.000000 -3.000000 -0.777310
v 0.000000 -3.000000 -0.904874
v 1.000000 -3.000000 -1.032498
v 2.000000 -3.000000 -1.160245
v 3.000000 -3.000000 -1.288052
v 4.000000 -3.000000 -1.415860
v 5.000000 -3.000000 -1.543851
v 6.000000 -3.000000 -1.671841
v 7.000000 -3.000000 -1.801724
v 8.000000 -3.000000 -1.971524
v 9.000000 -3.000000 -2.141385
v 10.000000 -3.000000 -2.311246
v 11.000000 -3.000000 -2.481168
v 12.000000 -3.000000 -2.651150
v 13.000000 -3.000000 -2.821133
v 14.000000 -3.000000 -2.991116
v 15.000000 -3.000000 -3.161160
v 16.000000 -3.000000 -3.331265
v -16.000000 -2.000000 1.456821
v -15.000000 -2.000000 1.324191
v -14.000000 -2.000000 1.195529
v -13.000000 -2.000000 1.066806
v -12.000000 -2.000000 0.937961
v -11.000000 -2.000000 0.809055
v -10.000000 -2.000000 0.680087
v -9.000000 -2.000000 0.551059
v -8.000000 -2.000000 0.421909
v -7.000000 -2.000000 0.292758
v -6.000000 -2.000000 0.163486
v -5.000000 -2.000000 0.034091
v -4.000000 -2.000000 -0.095303
v -3.000000 -2.000000 -0.224820
v -2.000000 -2.000000 -0.354398
v -1.000000 -2.000000 -0.484036
v 0.000000 -2.000000 -0.613736
v 1.000000 -2.000000 -0.743558
v 2.000000 -2.000000 -0.873441
v 3.000000 -2.000000 -1.003384
v 4.000000 -2.000000 -1.133389
v 5.000000 -2.000000 -1.263516
v 6.000000 -2.000000 -1.393643
v 7.000000 -2.000000 -1.524869
v 8.000000 -2.000000 -1.695645
v 9.000000 -2.000000 -1.866360
v 10.000000 -2.000000 -2.037137
v 11.000000 -2.000000 -2.207974
v 12.000000 -2.000000 -2.378751
v 13.000000 -2.000000 -2.549649
v 14.000000 -2.000000 -2.720547
v 15.000000 -2.000000 -2.891446
v 16.000000 -2.000000 -3.062466
v -16.000000 -1.000000 1.782382
v -15.000000 -1.000000 1.651584
v -14.000000 -1.000000 1.516757
v -13.000000 -1.000000 1.385898
v -12.000000 -1.000000 1.254916
v -11.000000 -1.000000 1.123874
v -10.000000 -1.000000 0.992709
v -9.000000 -1.000000 0.861545
v -8.000000 -1.000000 0.730258
v -7.000000 -1.000000 0.598911
v -6.000000 -1.000000 0.467502
v -5.000000 -1.000000 0.335971
v -4.000000 -1.000000 0.204440
v -3.000000 -1.000000 0.072787
v -2.000000 -1.000000 -0.058926
v -1.000000 -1.000000 -0.190762
v 0.000000 -1.000000 -0.322598
v 1.000000 -1.000000 -0.454556
v 2.000000 -1.000000 -0.586575
v 3.000000 -1.000000 -0.718655
v 4.000000 -1.000000 -0.850797
v 5.000000 -1.000000 -0.983121
v 6.000000 -1.000000 -1.115445
v 7.000000 -1.000000 -1.248074
v 8.000000 -1.000000 -1.419644
v 9.000000 -1.000000 -1.591275
v 10.000000 -1.000000 -1.762967
v 11.000000 -1.000000 -1.934659
v 12.000000 -1.000000 -2.106412
v 13.000000 -1.000000 -2.278165
v 14.000000 -1.000000 -2.449918
v 15.000000 -1.000000 -2.621793
v 16.000000 -1.000000 -2.793607
v -16.000000 0.000000 2.108005
v -15.000000 0.000000 1.975070
v -14.000000 0.000000 1.842136
v -13.000000 0.000000 1.705051
v -12.000000 0.000000 1.571933
v -11.000000 0.000000 1.438754
v -10.000000 0.000000 1.305454
v -9.000000 0.000000 1.172153
v -8.000000 0.000000 1.038730
v -7.000000 0.000000 0.905185
v -6.000000 0.000000 0.771640
v -5.000000 0.000000 0.637973
v -4.000000 0.000000 0.504306
v -3.000000 0.000000 0.370517
v -2.000000 0.000000 0.236606
v -1.000000 0.000000 0.102695
v 0.000000 0.000000 -0.031338
v 1.000000 0.000000 -0.165494
v 2.000000 0.000000 -0.299649
v 3.000000 0.000000 -0.433865
v 4.000000 0.000000 -0.568204
v 5.000000 0.000000 -0.702603
v 6.000000 0.000000 -0.837064
v 7.000000 0.000000 -0.971646
v 8.000000 0.000000 -1.143643
v 9.000000 0.000000 -1.316251
v 10.000000 0.000000 -1.488736
v 11.000000 0.000000 -1.661343
v 12.000000 0.000000 -1.833951
v 13.000000 0.000000 -2.006619
v 14.000000 0.000000 -2.179288
v 15.000000 0.000000 -2.352017
v 16.000000 0.000000 -2.524747
v -16.000000 1.000000 2.433688
v -15.000000 1.000000 2.298618
v -14.000000 1.000000 2.163547
v -13.000000 1.000000 2.028354
v -12.000000 1.000000 1.889072
v -11.000000 1.000000 1.753696
v -10.000000 1.000000 1.618320
v -9.000000 1.000000 1.482822
v -8.000000 1.000000 1.347202
v -7.000000 1.000000 1.211581
v -6.000000 1.000000 1.075839
v -5.000000 1.000000 0.940097
v -4.000000 1.000000 0.804233
v -3.000000 1.000000 0.668246
v -2.000000 1.000000 0.532260
v -1.000000 1.000000 0.396152
v 0.000000 1.000000 0.259921
v 1.000000 1.000000 0.123691
v 2.000000 1.000000 -0.012601
v 3.000000 1.000000 -0.149014
v 4.000000 1.000000 -0.285489
v 5.000000 1.000000 -0.422025
v 6.000000 1.000000 -0.558621
v 7.000000 1.000000 -0.695340
v 8.000000 1.000000 -0.867642
v 9.000000 1.000000 -1.041104
v 10.000000 1.000000 -1.214566
v 11.000000 1.000000 -1.388028
v 12.000000 1.000000 -1.561490
v 13.000000 1.000000 -1.735074
v 14.000000 1.000000 -1.908658
v 15.000000 1.000000 -2.082242
v 16.000000 1.000000 -2.255826
v -16.000000 2.000000 2.755466
v -15.000000 2.000000 2.622287
v -14.000000 2.000000 2.485019
v -13.000000 2.000000 2.347690
v -12.000000 2.000000 2.210239
v -11.000000 2.000000 2.068759
v -10.000000 2.000000 1.931186
v -9.000000 2.000000 1.793491
v -8.000000 2.000000 1.655795
v -7.000000 2.000000 1.517978
v -6.000000 2.000000 1.380161
v -5.000000 2.000000 1.242221
v -4.000000 2.000000 1.104160
v -3.000000 2.000000 0.966098
v -2.000000 2.000000 0.827914
v -1.000000 2.000000 0.689670
v 0.000000 2.000000 0.551364
v 1.000000 2.000000 0.412997
v 2.000000 2.000000 0.274448
v 3.000000 2.000000 0.135959
v 4.000000 2.000000 -0.002652
v 5.000000 2.000000 -0.141324
v 6.000000 2.000000 -0.280118
v 7.000000 2.000000 -0.418973
v 8.000000 2.000000 -0.591641
v 9.000000 2.000000 -0.765958
v 10.000000 2.000000 -0.940274
v 11.000000 2.000000 -1.114651
v 12.000000 2.000000 -1.289029
v 13.000000 2.000000 -1.463467
v 14.000000 2.000000 -1.637906
v 15.000000 2.000000 -1.812405
v 16.000000 2.000000 -1.986905
v -16.000000 3.000000 3.081332
v -15.000000 3.000000 2.941928
v -14.000000 3.000000 2.806552
v -13.000000 3.000000 2.667087
v -12.000000 3.000000 2.527499
v -11.000000 3.000000 2.387851
v -10.000000 3.000000 2.248142
v -9.000000 3.000000 2.108371
v -8.000000 3.000000 1.964511
v -7.000000 3.000000 1.824497
v -6.000000 3.000000 1.684482
v -5.000000 3.000000 1.544406
v -4.000000 3.000000 1.404208
v -3.000000 3.000000 1.264011
v -2.000000 3.000000 1.123691
v -1.000000 3.000000 0.983310
v 0.000000 3.000000 0.842807
v 1.000000 3.000000 0.702304
v 2.000000 3.000000 0.561679
v 3.000000 3.000000 0.420932
v 4.000000 3.000000 0.280185
v 5.000000 3.000000 0.139316
v 6.000000 3.000000 -0.001553
v 7.000000 3.000000 -0.142545
v 8.000000 3.000000 -0.315579
v 9.000000 3.000000 -0.490750
v 10.000000 3.000000 -0.665982
v 11.000000 3.000000 -0.841275
v 12.000000 3.000000 -1.016568
v 13.000000 3.000000 -1.191861
v 14.000000 3.000000 -1.367154
v 15.000000 3.000000 -1.538541
v 16.000000 3.000000 -1.713956
v -16.000000 4.000000 3.407260
v -15.000000 4.000000 3.265781
v -14.000000 4.000000 3.124179
v -13.000000 4.000000 2.986545
v -12.000000 4.000000 2.844821
v -11.000000 4.000000 2.703037
v -10.000000 4.000000 2.561191
v -9.000000 4.000000 2.419223
v -8.000000 4.000000 2.277194
v -7.000000 4.000000 2.135104
v -6.000000 4.000000 1.992954
v -5.000000 4.000000 1.850742
v -4.000000 4.000000 1.708408
v -3.000000 4.000000 1.561984
v -2.000000 4.000000 1.419528
v -1.000000 4.000000 1.277011
v 0.000000 4.000000 1.134372
v 1.000000 4.000000 0.991672
v 2.000000 4.000000 0.848911
v 3.000000 4.000000 0.706088
v 4.000000 4.000000 0.563144
v 5.000000 4.000000 0.420139
v 6.000000 4.000000 0.277072
v 7.000000 4.000000 0.133945
v 8.000000 4.000000 -0.039456
v 9.000000 4.000000 -0.215543
v 10.000000 4.000000 -0.387662
v 11.000000 4.000000 -0.563809
v 12.000000 4.000000 -0.739957
v 13.000000 4.000000 -0.916165
v 14.000000 4.000000 -1.092435
v 15.000000 4.000000 -1.268704
v 16.000000 4.000000 -1.444974
v -16.000000 5.000000 3.733249
v -15.000000 5.000000 3.589633
v -14.000000 5.000000 3.445895
v -13.000000 5.000000 3.302097
v -12.000000 5.000000 3.158237
v -11.000000 5.000000 3.018283
v -10.000000 5.000000 2.874301
v -9.000000 5.000000 2.730197
v -8.000000 5.000000 2.586032
v -7.000000 5.000000 2.441806
v -6.000000 5.000000 2.297458
v -5.000000 5.000000 2.153110
v -4.000000 5.000000 2.008640
v -3.000000 5.000000 1.864047
v -2.000000 5.000000 1.719455
v -1.000000 5.000000 1.574741
v 0.000000 5.000000 1.430026
v 1.000000 5.000000 1.285129
v 2.000000 5.000000 1.140231
v 3.000000 5.000000 0.995273
v 4.000000 5.000000 0.850192
v 5.000000 5.000000 0.705051
v 6.000000 5.000000 0.559848
v 7.000000 5.000000 0.414523
v 8.000000 5.000000 0.240695
v 9.000000 5.000000 0.063693
v 10.000000 5.000000 -0.113309
v 11.000000 5.000000 -0.290311
v 12.000000 5.000000 -0.467374
v 13.000000 5.000000 -0.644498
v 14.000000 5.000000 -0.821622
v 15.000000 5.000000 -0.998807
v 16.000000 5.000000 -1.175992
v -16.000000 6.000000 4.059360
v -15.000000 6.000000 3.913547
v -14.000000 6.000000 3.767673
v -13.000000 6.000000 3.621738
v -12.000000 6.000000 3.475742
v -11.000000 6.000000 3.329623
v -10.000000 6.000000 3.183505
v -9.000000 6.000000 3.037265
v -8.000000 6.000000 2.894931
v -7.000000 6.000000 2.748508
v -6.000000 6.000000 2.602084
v -5.000000 6.000000 2.455539
v -4.000000 6.000000 2.308933
v -3.000000 6.000000 2.162204
v -2.000000 6.000000 2.015476
v -1.000000 6.000000 1.868625
v 0.000000 6.000000 1.721713
v 1.000000 6.000000 1.574680
v 2.000000 6.000000 1.427646
v 3.000000 6.000000 1.280490
v 4.000000 6.000000 1.133273
v 5.000000 6.000000 0.985995
v 6.000000 6.000000 0.838596
v 7.000000 6.000000 0.691196
v 8.000000 6.000000 0.516879
v 9.000000 6.000000 0.338962
v 10.000000 6.000000 0.161105
v 11.000000 6.000000 -0.016812
v 12.000000 6.000000 -0.194791
v 13.000000 6.000000 -0.372769
v 14.000000 6.000000 -0.550809
v 15.000000 6.000000 -0.732877
v 16.000000 6.000000 -0.910977
v -16.000000 7.000000 4.385531
v -15.000000 7.000000 4.237582
v -14.000000 7.000000 4.089511
v -13.000000 7.000000 3.941440
v -12.000000 7.000000 3.793247
v -11.000000 7.000000 3.645053
v -10.000000 7.000000 3.496738
v -9.000000 7.000000 3.348300
v -8.000000 7.000000 3.199863
v -7.000000 7.000000 3.051303
v -6.000000 7.000000 2.902744
v -5.000000 7.000000 2.754062
v -4.000000 7.000000 2.605258
v -3.000000 7.000000 2.456455
v -2.000000 7.000000 2.311496
v -1.000000 7.000000 2.162509
v 0.000000 7.000000 2.013461
v 1.000000 7.000000 1.864291
v 2.000000 7.000000 1.715122
v 3.000000 7.000000 1.565830
v 4.000000 7.000000 1.416476
v 5.000000 7.000000 1.267001
v 6.000000 7.000000 1.117465
v 7.000000 7.000000 0.967929
v 8.000000 7.000000 0.793063
v 9.000000 7.000000 0.610263
v 10.000000 7.000000 0.431491
v 11.000000 7.000000 0.252719
v 12.000000 7.000000 0.073825
v 13.000000 7.000000 -0.105069
v 14.000000 7.000000 -0.283902
v 15.000000 7.000000 -0.462857
v 16.000000 7.000000 -0.641812
v -16.000000 8.000000 4.711703
v -15.000000 8.000000 4.561618
v -14.000000 8.000000 4.411471
v -13.000000 8.000000 4.261264
v -12.000000 8.000000 4.110873
v -11.000000 8.000000 3.960483
v -10.000000 8.000000 3.810092
v -9.000000 8.000000 3.659518
v -8.000000 8.000000 3.508945
v -7.000000 8.000000 3.358188
v -6.000000 8.000000 3.207431
v -5.000000 8.000000 3.056613
v -4.000000 8.000000 2.905673
v -3.000000 8.000000 2.754672
v -2.000000 8.000000 2.603671
v -1.000000 8.000000 2.452548
v 0.000000 8.000000 2.301303
v 1.000000 8.000000 2.149997
v 2.000000 8.000000 1.998630
v 3.000000 8.000000 1.847202
v 4.000000 8.000000 1.695712
v 5.000000 8.000000 1.544101
v 6.000000 8.000000 1.392429
v 7.000000 8.000000 1.240695
v 8.000000 8.000000 1.065219
v 9.000000 8.000000 0.885654
v 10.000000 8.000000 0.705966
v 11.000000 8.000000 0.526279
v 12.000000 8.000000 0.346469
v 13.000000 8.000000 0.166782
v 14.000000 8.000000 -0.013028
v 15.000000 8.000000 -0.192899
v 16.000000 8.000000 -0.372769
v -16.000000 9.000000 5.037997
v -15.000000 9.000000 4.885776
v -14.000000 9.000000 4.733432
v -13.000000 9.000000 4.581088
v -12.000000 9.000000 4.428622
v -11.000000 9.000000 4.276095
v -10.000000 9.000000 4.123446
v -9.000000 9.000000 3.970798
v -8.000000 9.000000 3.818027
v -7.000000 9.000000 3.665195
v -6.000000 9.000000 3.512241
v -5.000000 9.000000 3.359287
v -4.000000 9.000000 3.206210
v -3.000000 9.000000 3.053073
v -2.000000 9.000000 2.899875
v -1.000000 9.000000 2.746616
v 0.000000 9.000000 2.593173
v 1.000000 9.000000 2.439731
v 2.000000 9.000000 2.286288
v 3.000000 9.000000 2.132663
v 4.000000 9.000000 1.979038
v 5.000000 9.000000 1.825229
v 6.000000 9.000000 1.671420
v 7.000000 9.000000 1.517551
v 8.000000 9.000000 1.341525
v 9.000000 9.000000 1.160983
v 10.000000 9.000000 0.980380
v 11.000000 9.000000 0.799838
v 12.000000 9.000000 0.619174
v 13.000000 9.000000 0.438510
v 14.000000 9.000000 0.257846
v 15.000000 9.000000 0.077182
v 16.000000 9.000000 -0.103604
v -16.000000 10.000000 5.364413
v -15.000000 10.000000 5.209994
v -14.000000 10.000000 5.055575
v -13.000000 10.000000 4.901034
v -12.000000 10.000000 4.746371
v -11.000000 10.000000 4.591708
v -10.000000 10.000000 4.436923
v -9.000000 10.000000 4.282138
v -8.000000 10.000000 4.127231
v -7.000000 10.000000 3.972202
v -6.000000 10.000000 3.817172
v -5.000000 10.000000 3.662021
v -4.000000 10.000000 3.506809
v -3.000000 10.000000 3.351474
v -2.000000 10.000000 3.196140
v -1.000000 10.000000 3.040683
v 0.000000 10.000000 2.885165
v 1.000000 10.000000 2.729648
v 2.000000 10.000000 2.573947
v 3.000000 10.000000 2.418247
v 4.000000 10.000000 2.262363
v 5.000000 10.000000 2.106479
v 6.000000 10.000000 1.950534
v 7.000000 10.000000 1.794467
v 8.000000 10.000000 1.617831
v 9.000000 10.000000 1.436374
v 10.000000 10.000000 1.254916
v 11.000000 10.000000 1.073459
v 12.000000 10.000000 0.891940
v 13.000000 10.000000 0.710361
v 14.000000 10.000000 0.528842
v 15.000000 10.000000 0.347202
v 16.000000 10.000000 0.165561
v -16.000000 11.000000 5.690829
v -15.000000 11.000000 5.534335
v -14.000000 11.000000 5.377719
v -13.000000 11.000000 5.221042
v -12.000000 11.000000 5.064242
v -11.000000 11.000000 4.907443
v -10.000000 11.000000 4.750522
v -9.000000 11.000000 4.593539
v -8.000000 11.000000 4.436435
v -7.000000 11.000000 4.279330
v -6.000000 11.000000 4.122104
v -5.000000 11.000000 3.964877
v -4.000000 11.000000 3.807468
v -3.000000 11.000000 3.650058
v -2.000000 11.000000 3.492526
v -1.000000 11.000000 3.334934
v 0.000000 11.000000 3.177280
v 1.000000 11.000000 3.019565
v 2.000000 11.000000 2.861728
v 3.000000 11.000000 2.703830
v 4.000000 11.000000 2.545871
v 5.000000 11.000000 2.387851
v 6.000000 11.000000 2.229709
v 7.000000 11.000000 2.071567
v 8.000000 11.000000 1.894138
v 9.000000 11.000000 1.711826
v 10.000000 11.000000 1.529453
v 11.000000 11.000000 1.347080
v 12.000000 11.000000 1.164706
v 13.000000 11.000000 0.982272
v 14.000000 11.000000 0.799838
v 15.000000 11.000000 0.617343
v 16.000000 11.000000 0.434726
v -16.000000 12.000000 6.017367
v -15.000000 12.000000 5.858676
v -14.000000 12.000000 5.699985
v -13.000000 12.000000 5.541110
v -12.000000 12.000000 5.382236
v -11.000000 12.000000 5.223178
v -10.000000 12.000000 5.064120
v -9.000000 12.000000 4.905063
v -8.000000 12.000000 4.745822
v -7.000000 12.000000 4.586520
v -6.000000 12.000000 4.427157
v -5.000000 12.000000 4.267734
v -4.000000 12.000000 4.108188
v -3.000000 12.000000 3.948642
v -2.000000 12.000000 3.788974
v -1.000000 12.000000 3.629184
v 0.000000 12.000000 3.469394
v 1.000000 12.000000 3.309482
v 2.000000 12.000000 3.149570
v 3.000000 12.000000 2.989536
v 4.000000 12.000000 2.829379
v 5.000000 12.000000 2.669223
v 6.000000 12.000000 2.508945
v 7.000000 12.000000 2.348666
v 8.000000 12.000000 2.170444
v 9.000000 12.000000 1.987277
v 10.000000 12.000000 1.804050
v 11.000000 12.000000 1.620761
v 12.000000 12.000000 1.437534
v 13.000000 12.000000 1.254184
v 14.000000 12.000000 1.070834
v 15.000000 12.000000 0.887424
v 16.000000 12.000000 0.704013
v -16.000000 13.000000 6.344028
v -15.000000 13.000000 6.183139
v -14.000000 13.000000 6.022250
v -13.000000 13.000000 5.861239
v -12.000000 13.000000 5.700229
v -11.000000 13.000000 5.539096
v -10.000000 13.000000 5.377841
v -9.000000 13.000000 5.216586
v -8.000000 13.000000 5.055209
v -7.000000 13.000000 4.893771
v -6.000000 13.000000 4.732272
v -5.000000 13.000000 4.570712
v -4.000000 13.000000 4.409030
v -3.000000 13.000000 4.247287
v -2.000000 13.000000 4.085483
v -1.000000 13.000000 3.923618
v 0.000000 13.000000 3.761630
v 1.000000 13.000000 3.599582
v 2.000000 13.000000 3.437473
v 3.000000 13.000000 3.275302
v 4.000000 13.000000 3.113071
v 5.000000 13.000000 2.950717
v 6.000000 13.000000 2.788303
v 7.000000 13.000000 2.625766
v 8.000000 13.000000 2.446872
v 9.000000 13.000000 2.262729
v 10.000000 13.000000 2.078647
v 11.000000 13.000000 1.894504
v 12.000000 13.000000 1.710300
v 13.000000 13.000000 1.526096
v 14.000000 13.000000 1.341830
v 15.000000 13.000000 1.157565
v 16.000000 13.000000 0.973300
v -16.000000 14.000000 6.670688
v -15.000000 14.000000 6.507724
v -14.000000 14.000000 6.344638
v -13.000000 14.000000 6.181491
v -12.000000 14.000000 6.018283
v -11.000000 14.000000 5.855014
v -10.000000 14.000000 5.691684
v -9.000000 14.000000 5.528232
v -8.000000 14.000000 5.364718
v -7.000000 14.000000 5.201083
v -6.000000 14.000000 5.037448
v -5.000000 14.000000 4.873691
v -4.000000 14.000000 4.709872
v -3.000000 14.000000 4.546054
v -2.000000 14.000000 4.382113
v -1.000000 14.000000 4.218051
v 0.000000 14.000000 4.053927
v 1.000000 14.000000 3.889743
v 2.000000 14.000000 3.725497
v 3.000000 14.000000 3.561191
v 4.000000 14.000000 3.396762
v 5.000000 14.000000 3.232211
v 6.000000 14.000000 3.067661
v 7.000000 14.000000 2.903049
v 8.000000 14.000000 2.723300
v 9.000000 14.000000 2.538303
v 10.000000 14.000000 2.353305
v 11.000000 14.000000 2.168247
v 12.000000 14.000000 1.983188
v 13.000000 14.000000 1.798068
v 14.000000 14.000000 1.612949
v 15.000000 14.000000 1.427768
v 16.000000 14.000000 1.242587
v -16.000000 15.000000 6.997470
v -15.000000 15.000000 6.832309
v -14.000000 15.000000 6.667087
v -13.000000 15.000000 6.501803
v -12.000000 15.000000 6.336459
v -11.000000 15.000000 6.171054
v -10.000000 15.000000 6.005527
v -9.000000 15.000000 5.839938
v -8.000000 15.000000 5.674228
v -7.000000 15.000000 5.508578
v -6.000000 15.000000 5.342685
v -5.000000 15.000000 5.176852
v -4.000000 15.000000 5.010898
v -3.000000 15.000000 4.844882
v -2.000000 15.000000 4.678744
v -1.000000 15.000000 4.512546
v 0.000000 15.000000 4.346286
v 1.000000 15.000000 4.179965
v 2.000000 15.000000 4.013583
v 3.000000 15.000000 3.847080
v 4.000000 15.000000 3.680515
v 5.000000 15.000000 3.513828
v 6.000000 15.000000 3.347202
v 7.000000 15.000000 3.180331
v 8.000000 15.000000 2.999728
v 9.000000 15.000000 2.813876
v 10.000000 15.000000 2.627963
v 11.000000 15.000000 2.442050
v 12.000000 15.000000 2.256015
v 13.000000 15.000000 2.070102
v 14.000000 15.000000 1.884067
v 15.000000 15.000000 1.697971
v 16.000000 15.000000 1.511874
v -16.000000 16.000000 7.324252
v -15.000000 16.000000 7.156955
v -14.000000 16.000000 6.989657
v -13.000000 16.000000 6.822177
v -12.000000 16.000000 6.654696
v -11.000000 16.000000 6.487094
v -10.000000 16.000000 6.319491
v -9.000000 16.000000 6.151706
v -8.000000 16.000000 5.983920
v -7.000000 16.000000 5.816012
v -6.000000 16.000000 5.648105
v -5.000000 16.000000 5.480014
v -4.000000 16.000000 5.311923
v -3.000000 16.000000 5.143710
v -2.000000 16.000000 4.975497
v -1.000000 16.000000 4.807101
v 0.000000 16.000000 4.638705
v 1.000000 16.000000 4.470187
v 2.000000 16.000000 4.301669
v 3.000000 16.000000 4.133029
v 4.000000 16.000000 3.964389
v 5.000000 16.000000 3.795566
v 6.000000 16.000000 3.626743
v 7.000000 16.000000 3.451450
v 8.000000 16.000000 3.276157
v 9.000000 16.000000 3.089389
v 10.000000 16.000000 2.902622
v 11.000000 16.000000 2.715793
v 12.000000 16.000000 2.528964
v 13.000000 16.000000 2.342075
v 14.000000 16.000000 2.155185
v 15.000000 16.000000 1.968234
v 16.000000 16.000000 1.781284
vn 0.1039 -0.1952 0.9752
vn 0.1039 -0.1940 0.9755
vn 0.1052 -0.1939 0.9754
vn 0.1052 -0.1951 0.9751
vn 0.1040 -0.1927 0.9757
vn 0.1053 -0.1927 0.9756
vn 0.1044 -0.1912 0.9760
vn 0.1054 -0.1915 0.9758
vn 0.1041 -0.1904 0.9762
vn 0.1054 -0.1903 0.9761
vn 0.1046 -0.1888 0.9764
vn 0.1055 -0.1891 0.9763
vn 0.1046 -0.1875 0.9767
vn 0.1056 -0.1878 0.9765
vn 0.1047 -0.1863 0.9769
vn 0.1056 -0.1866 0.9767
vn 0.1048 -0.1851 0.9771
vn 0.1057 -0.1854 0.9770
vn 0.1046 -0.1841 0.9773
vn 0.1058 -0.1842 0.9772
vn 0.1049 -0.1827 0.9776
vn 0.1058 -0.1830 0.9774
vn 0.1047 -0.1817 0.9778
vn 0.1059 -0.1818 0.9776
vn 0.1050 -0.1802 0.9780
vn 0.1060 -0.1805 0.9778
vn 0.1048 -0.1793 0.9782
vn 0.1060 -0.1793 0.9781
vn 0.1052 -0.1778 0.9784
vn 0.1061 -0.1781 0.9783
vn 0.1049 -0.1769 0.9786
vn 0.1062 -0.1769 0.9785
vn 0.1053 -0.1753 0.9789
vn 0.1062 -0.1756 0.9787
vn 0.1054 -0.1741 0.9791
vn 0.1063 -0.1744 0.9789
vn 0.1052 -0.1731 0.9793
vn 0.1064 -0.1732 0.9791
vn 0.1055 -0.1716 0.9795
vn 0.1064 -0.1720 0.9793
vn 0.1052 -0.1707 0.9797
vn 0.1065 -0.1707 0.9795
vn 0.1054 -0.1694 0.9799
vn 0.1066 -0.1695 0.9798
vn 0.1144 -0.1683 0.9791
vn 0.1145 -0.1683 0.9791
vn 0.1476 -0.1684 0.9746
vn 0.1464 -0.1682 0.9748
vn 0.1712 -0.1694 0.9706
vn 0.1701 -0.1690 0.9708
vn 0.1715 -0.1707 0.9703
vn 0.1700 -0.1706 0.9706
vn 0.1714 -0.1724 0.9700
vn 0.1699 -0.1722 0.9703
vn 0.1713 -0.1739 0.9697
vn 0.1698 -0.1739 0.9700
vn 0.1713 -0.1754 0.9695
vn 0.1697 -0.1755 0.9698
vn 0.1711 -0.1771 0.9692
vn 0.1695 -0.1771 0.9695
vn 0.1710 -0.1788 0.9689
vn 0.1694 -0.1787 0.9692
vn 0.1709 -0.1804 0.9686
vn 0.1693 -0.1803 0.9689
vn 0.1709 -0.1819 0.9684
vn 0.1693 -0.1818 0.9686
vn 0.1065 -0.1939 0.9752
vn 0.1064 -0.1952 0.9750
vn 0.1065 -0.1927 0.9755
vn 0.1066 -0.1915 0.9757
vn 0.1067 -0.1903 0.9759
vn 0.1067 -0.1891 0.9761
vn 0.1068 -0.1879 0.9764
vn 0.1069 -0.1866 0.9766
vn 0.1070 -0.1854 0.9768
vn 0.1070 -0.1842 0.9770
vn 0.1071 -0.1830 0.9773
vn 0.1071 -0.1818 0.9775
vn 0.1072 -0.1806 0.9777
vn 0.1073 -0.1794 0.9779
vn 0.1073 -0.1781 0.9781
vn 0.1074 -0.1769 0.9784
vn 0.1075 -0.1757 0.9786
vn 0.1075 -0.1744 0.9788
vn 0.1076 -0.1732 0.9790
vn 0.1077 -0.1720 0.9792
vn 0.1078 -0.1707 0.9794
vn 0.1078 -0.1695 0.9796
vn 0.1148 -0.1684 0.9790
vn 0.1452 -0.1681 0.9750
vn 0.1685 -0.1690 0.9711
vn 0.1684 -0.1706 0.9708
vn 0.1682 -0.1722 0.9706
vn 0.1682 -0.1738 0.9703
vn 0.1681 -0.1755 0.9700
vn 0.1679 -0.1771 0.9698
vn 0.1678 -0.1787 0.9695
vn 0.1677 -0.1803 0.9692
vn 0.1676 -0.1819 0.9689
vn 0.1077 -0.1940 0.9751
vn 0.1077 -0.1951 0.9749
vn 0.1078 -0.1927 0.9753
vn 0.1078 -0.1915 0.9755
vn 0.1079 -0.1903 0.9758
vn 0.1080 -0.1891 0.9760
vn 0.1081 -0.1879 0.9762
vn 0.1081 -0.1867 0.9765
vn 0.1082 -0.1855 0.9767
vn 0.1083 -0.1842 0.9769
vn 0.1083 -0.1830 0.9771
vn 0.1084 -0.1818 0.9773
vn 0.1084 -0.1805 0.9776
vn 0.1086 -0.1794 0.9778
vn 0.1086 -0.1782 0.9780
vn 0.1087 -0.1769 0.9782
vn 0.1087 -0.1757 0.9784
vn 0.1088 -0.1745 0.9786
vn 0.1089 -0.1732 0.9789
vn 0.1089 -0.1720 0.9791
vn 0.1090 -0.1708 0.9793
vn 0.1091 -0.1695 0.9795
vn 0.1152 -0.1684 0.9790
vn 0.1442 -0.1681 0.9752
vn 0.1668 -0.1690 0.9714
vn 0.1667 -0.1706 0.9711
vn 0.1666 -0.1722 0.9709
vn 0.1665 -0.1738 0.9706
vn 0.1664 -0.1755 0.9703
vn 0.1663 -0.1771 0.9700
vn 0.1662 -0.1787 0.9698
vn 0.1661 -0.1803 0.9695
vn 0.1661 -0.1818 0.9692
vn 0.1090 -0.1940 0.9749
vn 0.1089 -0.1952 0.9747
vn 0.1090 -0.1928 0.9752
vn 0.1091 -0.1915 0.9754
vn 0.1092 -0.1903 0.9756
vn 0.1092 -0.1891 0.9759
vn 0.1093 -0.1879 0.9761
vn 0.1094 -0.1867 0.9763
vn 0.1094 -0.1855 0.9765
vn 0.1095 -0.1843 0.9768
vn 0.1096 -0.1830 0.9770
vn 0.1097 -0.1818 0.9772
vn 0.1097 -0.1806 0.9774
vn 0.1098 -0.1794 0.9776
vn 0.1099 -0.1781 0.9779
vn 0.1099 -0.1769 0.9781
vn 0.1100 -0.1757 0.9783
vn 0.1101 -0.1745 0.9785
vn 0.1101 -0.1733 0.9787
vn 0.1102 -0.1720 0.9789
vn 0.1103 -0.1708 0.9791
vn 0.1103 -0.1696 0.9793
vn 0.1157 -0.1684 0.9789
vn 0.1435 -0.1679 0.9753
vn 0.1652 -0.1690 0.9717
vn 0.1651 -0.1706 0.9714
vn 0.1650 -0.1722 0.9711
vn 0.1649 -0.1738 0.9709
vn 0.1648 -0.1754 0.9706
vn 0.1647 -0.1771 0.9703
vn 0.1646 -0.1787 0.9700
vn 0.1645 -0.1803 0.9698
vn 0.1646 -0.1817 0.9695
vn 0.1102 -0.1940 0.9748
vn 0.1102 -0.1951 0.9746
vn 0.1103 -0.1928 0.9750
vn 0.1104 -0.1916 0.9753
vn 0.1104 -0.1903 0.9755
vn 0.1105 -0.1891 0.9757
vn 0.1106 -0.1879 0.9759
vn 0.1106 -0.1867 0.9762
vn 0.1107 -0.1855 0.9764
vn 0.1108 -0.1843 0.9766
vn 0.1108 -0.1831 0.9768
vn 0.1109 -0.1818 0.9771
vn 0.1110 -0.1806 0.9773
vn 0.1110 -0.1794 0.9775
vn 0.1111 -0.1782 0.9777
vn 0.1112 -0.1769 0.9779
vn 0.1112 -0.1757 0.9781
vn 0.1113 -0.1745 0.9783
vn 0.1114 -0.1733 0.9786
vn 0.1114 -0.1721 0.9788
vn 0.1115 -0.1708 0.9790
vn 0.1116 -0.1696 0.9792
vn 0.1162 -0.1685 0.9788
vn 0.1425 -0.1678 0.9755
vn 0.1636 -0.1690 0.9719
vn 0.1635 -0.1706 0.9717
vn 0.1634 -0.1722 0.9714
vn 0.1633 -0.1738 0.9711
vn 0.1632 -0.1755 0.9709
vn 0.1631 -0.1771 0.9706
vn 0.1629 -0.1787 0.9703
vn 0.1629 -0.1803 0.9700
vn 0.1630 -0.1817 0.9698
vn 0.1110 -0.2024 0.9730
vn 0.1110 -0.2027 0.9729
vn 0.1110 -0.2022 0.9730
vn 0.1114 -0.2017 0.9731
vn 0.1112 -0.2016 0.9731
vn 0.1112 -0.2013 0.9732
vn 0.1113 -0.2010 0.9733
vn 0.1113 -0.2006 0.9733
vn 0.1116 -0.2001 0.9734
vn 0.1118 -0.1996 0.9735
vn 0.1115 -0.1995 0.9735
vn 0.1116 -0.1991 0.9736
vn 0.1116 -0.1987 0.9737
vn 0.1117 -0.1983 0.9738
vn 0.1117 -0.1978 0.9738
vn 0.1118 -0.1974 0.9739
vn 0.1121 -0.1968 0.9740
vn 0.1119 -0.1964 0.9741
vn 0.1120 -0.1959 0.9742
vn 0.1120 -0.1954 0.9743
vn 0.1120 -0.1949 0.9744
vn 0.1124 -0.1943 0.9745
vn 0.1164 -0.1937 0.9741
vn 0.1407 -0.1939 0.9709
vn 0.1611 -0.1948 0.9675
vn 0.1610 -0.1966 0.9672
vn 0.1609 -0.1983 0.9668
vn 0.1608 -0.1999 0.9665
vn 0.1607 -0.2015 0.9662
vn 0.1607 -0.2031 0.9659
vn 0.1605 -0.2046 0.9656
vn 0.1604 -0.2060 0.9653
vn 0.1604 -0.2076 0.9650
vn 0.1090 -0.2589 0.9597
vn 0.1089 -0.2596 0.9596
vn 0.1091 -0.2582 0.9599
vn 0.1092 -0.2576 0.9601
vn 0.1093 -0.2569 0.9602
vn 0.1094 -0.2562 0.9604
vn 0.1095 -0.2554 0.9606
vn 0.1096 -0.2548 0.9608
vn 0.1097 -0.2541 0.9609
vn 0.1097 -0.2535 0.9611
vn 0.1099 -0.2527 0.9613
vn 0.1100 -0.2519 0.9615
vn 0.1100 -0.2512 0.9617
vn 0.1101 -0.2504 0.9619
vn 0.1102 -0.2496 0.9621
vn 0.1104 -0.2486 0.9623
vn 0.1106 -0.2477 0.9625
vn 0.1106 -0.2468 0.9627
vn 0.1109 -0.2457 0.9630
vn 0.1108 -0.2452 0.9631
vn 0.1108 -0.2444 0.9633
vn 0.1109 -0.2435 0.9635
vn 0.1146 -0.2422 0.9634
vn 0.1378 -0.2418 0.9605
vn 0.1577 -0.2415 0.9575
vn 0.1577 -0.2420 0.9574
vn 0.1579 -0.2423 0.9573
vn 0.1576 -0.2431 0.9571
vn 0.1575 -0.2436 0.9570
vn 0.1579 -0.2435 0.9570
vn 0.1576 -0.2441 0.9569
vn 0.1579 -0.2441 0.9568
vn 0.1577 -0.2446 0.9567
vn 0.1095 -0.3055 0.9459
vn 0.1095 -0.3072 0.9453
vn 0.1096 -0.3036 0.9465
vn 0.1098 -0.3017 0.9471
vn 0.1099 -0.2999 0.9476
vn 0.1100 -0.2980 0.9482
vn 0.1102 -0.2962 0.9488
vn 0.1103 -0.2943 0.9493
vn 0.1104 -0.2925 0.9499
vn 0.1106 -0.2906 0.9504
vn 0.1107 -0.2887 0.9510
vn 0.1108 -0.2868 0.9515
vn 0.1110 -0.2850 0.9521
vn 0.1111 -0.2831 0.9526
vn 0.1113 -0.2812 0.9532
vn 0.1114 -0.2793 0.9537
vn 0.1115 -0.2774 0.9543
vn 0.1117 -0.2755 0.9548
vn 0.1118 -0.2736 0.9553
vn 0.1119 -0.2717 0.9559
vn 0.1120 -0.2698 0.9564
vn 0.1122 -0.2679 0.9569
vn 0.1151 -0.2660 0.9571
vn 0.1378 -0.2641 0.9546
vn 0.1575 -0.2625 0.9520
vn 0.1575 -0.2617 0.9522
vn 0.1576 -0.2609 0.9524
vn 0.1576 -0.2601 0.9526
vn 0.1577 -0.2593 0.9528
vn 0.1578 -0.2586 0.9530
vn 0.1578 -0.2578 0.9532
vn 0.1579 -0.2570 0.9534
vn 0.1577 -0.2564 0.9536
vn 0.1115 -0.3054 0.9457
vn 0.1113 -0.3073 0.9451
vn 0.1116 -0.3036 0.9462
vn 0.1118 -0.3017 0.9468
vn 0.1119 -0.2999 0.9474
vn 0.1120 -0.2980 0.9480
vn 0.1122 -0.2962 0.9485
vn 0.1123 -0.2943 0.9491
vn 0.1125 -0.2925 0.9496
vn 0.1126 -0.2906 0.9502
vn 0.1127 -0.2887 0.9508
vn 0.1129 -0.2868 0.9513
vn 0.1130 -0.2849 0.9519
vn 0.1132 -0.2831 0.9524
vn 0.1133 -0.2812 0.9529
vn 0.1134 -0.2793 0.9535
vn 0.1135 -0.2774 0.9540
vn 0.1137 -0.2755 0.9546
vn 0.1138 -0.2736 0.9551
vn 0.1139 -0.2717 0.9556
vn 0.1141 -0.2698 0.9561
vn 0.1142 -0.2678 0.9567
vn 0.1167 -0.2660 0.9569
vn 0.1388 -0.2641 0.9545
vn 0.1583 -0.2625 0.9519
vn 0.1583 -0.2617 0.9521
vn 0.1584 -0.2609 0.9523
vn 0.1585 -0.2601 0.9525
vn 0.1585 -0.2593 0.9527
vn 0.1586 -0.2585 0.9529
vn 0.1586 -0.2578 0.9531
vn 0.1587 -0.2570 0.9533
vn 0.1586 -0.2564 0.9535
vn 0.1135 -0.3054 0.9454
vn 0.1135 -0.3072 0.9449
vn 0.1136 -0.3036 0.9460
vn 0.1138 -0.3017 0.9466
vn 0.1139 -0.2999 0.9472
vn 0.1140 -0.2980 0.9477
vn 0.1142 -0.2962 0.9483
vn 0.1143 -0.2943 0.9489
vn 0.1144 -0.2924 0.9494
vn 0.1146 -0.2906 0.9500
vn 0.1148 -0.2887 0.9505
vn 0.1149 -0.2868 0.9511
vn 0.1150 -0.2849 0.9516
vn 0.1151 -0.2830 0.9522
vn 0.1153 -0.2812 0.9527
vn 0.1154 -0.2793 0.9532
vn 0.1156 -0.2774 0.9538
vn 0.1157 -0.2755 0.9543
vn 0.1158 -0.2736 0.9548
vn 0.1160 -0.2717 0.9554
vn 0.1161 -0.2698 0.9559
vn 0.1163 -0.2679 0.9564
vn 0.1183 -0.2660 0.9567
vn 0.1398 -0.2641 0.9543
vn 0.1591 -0.2625 0.9517
vn 0.1592 -0.2617 0.9519
vn 0.1592 -0.2609 0.9521
vn 0.1593 -0.2601 0.9523
vn 0.1594 -0.2593 0.9526
vn 0.1594 -0.2585 0.9527
vn 0.1595 -0.2578 0.9530
vn 0.1595 -0.2569 0.9532
vn 0.1593 -0.2564 0.9534
vn 0.1155 -0.3055 0.9452
vn 0.1155 -0.3072 0.9446
vn 0.1156 -0.3036 0.9458
vn 0.1158 -0.3017 0.9463
vn 0.1159 -0.2999 0.9469
vn 0.1160 -0.2980 0.9475
vn 0.1162 -0.2962 0.9480
vn 0.1163 -0.2943 0.9486
vn 0.1165 -0.2924 0.9492
vn 0.1166 -0.2906 0.9497
vn 0.1168 -0.2887 0.9503
vn 0.1169 -0.2868 0.9508
vn 0.1170 -0.2849 0.9514
vn 0.1172 -0.2831 0.9519
vn 0.1173 -0.2812 0.9525
vn 0.1174 -0.2793 0.9530
vn 0.1176 -0.2774 0.9535
vn 0.1177 -0.2755 0.9541
vn 0.1178 -0.2736 0.9546
vn 0.1180 -0.2717 0.9551
vn 0.1181 -0.2698 0.9556
vn 0.1183 -0.2679 0.9562
vn 0.1201 -0.2658 0.9565
vn 0.1408 -0.2641 0.9542
vn 0.1599 -0.2625 0.9516
vn 0.1600 -0.2617 0.9518
vn 0.1600 -0.2609 0.9520
vn 0.1601 -0.2601 0.9522
vn 0.1602 -0.2593 0.9524
vn 0.1603 -0.2585 0.9526
vn 0.1603 -0.2577 0.9528
vn 0.1604 -0.2569 0.9530
vn 0.1602 -0.2564 0.9532
vn 0.1175 -0.3054 0.9449
vn 0.1191 -0.3089 0.9436
vn 0.1177 -0.3036 0.9455
vn 0.1178 -0.3017 0.9461
vn 0.1179 -0.2999 0.9467
vn 0.1181 -0.2980 0.9472
vn 0.1182 -0.2961 0.9478
vn 0.1183 -0.2943 0.9484
vn 0.1185 -0.2924 0.9489
vn 0.1186 -0.2906 0.9495
vn 0.1188 -0.2887 0.9500
vn 0.1189 -0.2868 0.9506
vn 0.1190 -0.2849 0.9511
vn 0.1192 -0.2831 0.9517
vn 0.1193 -0.2812 0.9522
vn 0.1195 -0.2793 0.9528
vn 0.1196 -0.2774 0.9533
vn 0.1198 -0.2755 0.9538
vn 0.1199 -0.2736 0.9543
vn 0.1200 -0.2717 0.9549
vn 0.1202 -0.2698 0.9554
vn 0.1203 -0.2679 0.9559
vn 0.1215 -0.2660 0.9563
vn 0.1417 -0.2641 0.9540
vn 0.1608 -0.2625 0.9515
vn 0.1608 -0.2617 0.9517
vn 0.1609 -0.2609 0.9519
vn 0.1609 -0.2601 0.9521
vn 0.1610 -0.2593 0.9523
vn 0.1611 -0.2585 0.9525
vn 0.1611 -0.2577 0.9527
vn 0.1612 -0.2569 0.9529
vn 0.1610 -0.2563 0.9531
vn 0.1213 -0.3054 0.9445
vn 0.1212 -0.3089 0.9433
vn 0.1197 -0.3036 0.9453
vn 0.1198 -0.3017 0.9458
vn 0.1199 -0.2999 0.9464
vn 0.1201 -0.2980 0.9470
vn 0.1202 -0.2962 0.9475
vn 0.1203 -0.2943 0.9481
vn 0.1205 -0.2924 0.9487
vn 0.1207 -0.2906 0.9492
vn 0.1208 -0.2887 0.9498
vn 0.1209 -0.2868 0.9503
vn 0.1210 -0.2850 0.9509
vn 0.1212 -0.2830 0.9514
vn 0.1213 -0.2812 0.9520
vn 0.1215 -0.2793 0.9525
vn 0.1216 -0.2774 0.9530
vn 0.1218 -0.2755 0.9536
vn 0.1219 -0.2736 0.9541
vn 0.1220 -0.2717 0.9546
vn 0.1222 -0.2698 0.9551
vn 0.1223 -0.2679 0.9557
vn 0.1232 -0.2661 0.9561
vn 0.1428 -0.2641 0.9539
vn 0.1616 -0.2625 0.9513
vn 0.1616 -0.2617 0.9515
vn 0.1617 -0.2609 0.9517
vn 0.1618 -0.2601 0.9519
vn 0.1618 -0.2593 0.9521
vn 0.1619 -0.2585 0.9523
vn 0.1619 -0.2577 0.9525
vn 0.1620 -0.2570 0.9527
vn 0.1621 -0.2561 0.9530
vn 0.1234 -0.3069 0.9437
vn 0.1233 -0.3072 0.9436
vn 0.1216 -0.3036 0.9450
vn 0.1218 -0.3017 0.9456
vn 0.1219 -0.2999 0.9462
vn 0.1221 -0.2980 0.9467
vn 0.1222 -0.2961 0.9473
vn 0.1224 -0.2943 0.9479
vn 0.1225 -0.2924 0.9484
vn 0.1226 -0.2905 0.9490
vn 0.1228 -0.2887 0.9495
vn 0.1229 -0.2868 0.9501
vn 0.1231 -0.2849 0.9506
vn 0.1232 -0.2830 0.9512
vn 0.1233 -0.2811 0.9517
vn 0.1235 -0.2793 0.9522
vn 0.1236 -0.2774 0.9528
vn 0.1238 -0.2755 0.9533
vn 0.1239 -0.2736 0.9538
vn 0.1240 -0.2717 0.9544
vn 0.1242 -0.2698 0.9549
vn 0.1243 -0.2679 0.9554
vn 0.1248 -0.2660 0.9559
vn 0.1439 -0.2641 0.9537
vn 0.1624 -0.2625 0.9512
vn 0.1625 -0.2617 0.9514
vn 0.1625 -0.2609 0.9516
vn 0.1626 -0.2601 0.9518
vn 0.1626 -0.2593 0.9520
vn 0.1627 -0.2585 0.9522
vn 0.1628 -0.2577 0.9524
vn 0.1629 -0.2569 0.9526
vn 0.1627 -0.2564 0.9528
vn 0.1253 -0.3070 0.9434
vn 0.1234 -0.3072 0.9436
vn 0.1254 -0.3052 0.9440
vn 0.1238 -0.3017 0.9453
vn 0.1239 -0.2998 0.9459
vn 0.1241 -0.2980 0.9465
vn 0.1242 -0.2961 0.9470
vn 0.1243 -0.2943 0.9476
vn 0.1245 -0.2924 0.9482
vn 0.1246 -0.2905 0.9487
vn 0.1248 -0.2887 0.9493
vn 0.1249 -0.2868 0.9498
vn 0.1251 -0.2849 0.9504
vn 0.1252 -0.2830 0.9509
vn 0.1254 -0.2812 0.9514
vn 0.1255 -0.2793 0.9520
vn 0.1256 -0.2774 0.9525
vn 0.1258 -0.2755 0.9530
vn 0.1259 -0.2736 0.9536
vn 0.1261 -0.2717 0.9541
vn 0.1262 -0.2698 0.9546
vn 0.1264 -0.2679 0.9551
vn 0.1266 -0.2660 0.9556
vn 0.1449 -0.2639 0.9536
vn 0.1632 -0.2625 0.9510
vn 0.1633 -0.2617 0.9512
vn 0.1634 -0.2609 0.9514
vn 0.1634 -0.2601 0.9517
vn 0.1635 -0.2593 0.9519
vn 0.1635 -0.2585 0.9521
vn 0.1636 -0.2577 0.9523
vn 0.1637 -0.2569 0.9525
vn 0.1638 -0.2561 0.9527
vn 0.1255 -0.3054 0.9439
vn 0.1254 -0.3071 0.9434
vn 0.1274 -0.3052 0.9437
vn 0.1276 -0.3033 0.9443
vn 0.1259 -0.2998 0.9456
vn 0.1261 -0.2980 0.9462
vn 0.1262 -0.2961 0.9468
vn 0.1263 -0.2943 0.9473
vn 0.1265 -0.2924 0.9479
vn 0.1267 -0.2905 0.9484
vn 0.1268 -0.2887 0.9490
vn 0.1269 -0.2868 0.9495
vn 0.1271 -0.2849 0.9501
vn 0.1272 -0.2830 0.9506
vn 0.1274 -0.2812 0.9512
vn 0.1275 -0.2793 0.9517
vn 0.1277 -0.2774 0.9522
vn 0.1278 -0.2755 0.9528
vn 0.1279 -0.2736 0.9533
vn 0.1281 -0.2717 0.9538
vn 0.1282 -0.2698 0.9544
vn 0.1284 -0.2679 0.9549
vn 0.1285 -0.2660 0.9554
vn 0.1459 -0.2637 0.9535
vn 0.1639 -0.2624 0.9509
vn 0.1641 -0.2616 0.9511
vn 0.1642 -0.2608 0.9513
vn 0.1642 -0.2601 0.9515
vn 0.1643 -0.2593 0.9517
vn 0.1644 -0.2585 0.9519
vn 0.1644 -0.2577 0.9521
vn 0.1645 -0.2569 0.9523
vn 0.1643 -0.2563 0.9525
vn 0.1275 -0.3054 0.9437
vn 0.1255 -0.3056 0.9439
vn 0.1276 -0.3035 0.9442
vn 0.1296 -0.3033 0.9440
vn 0.1297 -0.3015 0.9446
vn 0.1281 -0.2980 0.9459
vn 0.1282 -0.2961 0.9465
vn 0.1284 -0.2942 0.9471
vn 0.1285 -0.2924 0.9476
vn 0.1287 -0.2905 0.9482
vn 0.1288 -0.2887 0.9487
vn 0.1289 -0.2868 0.9493
vn 0.1291 -0.2849 0.9498
vn 0.1292 -0.2830 0.9504
vn 0.1294 -0.2811 0.9509
vn 0.1295 -0.2793 0.9514
vn 0.1297 -0.2774 0.9520
vn 0.1298 -0.2755 0.9525
vn 0.1299 -0.2736 0.9530
vn 0.1301 -0.2717 0.9536
vn 0.1302 -0.2698 0.9541
vn 0.1304 -0.2679 0.9546
vn 0.1305 -0.2660 0.9551
vn 0.1470 -0.2637 0.9533
vn 0.1645 -0.2624 0.9509
vn 0.1650 -0.2617 0.9510
vn 0.1650 -0.2608 0.9512
vn 0.1650 -0.2601 0.9514
vn 0.1651 -0.2593 0.9516
vn 0.1652 -0.2585 0.9518
vn 0.1653 -0.2577 0.9520
vn 0.1653 -0.2569 0.9522
vn 0.1651 -0.2563 0.9524
vn 0.1277 -0.3037 0.9442
vn 0.1275 -0.3055 0.9436
vn 0.1296 -0.3035 0.9440
vn 0.1298 -0.3017 0.9445
vn 0.1317 -0.3014 0.9443
vn 0.1318 -0.2996 0.9449
vn 0.1301 -0.2978 0.9457
vn 0.1303 -0.2960 0.9463
vn 0.1305 -0.2924 0.9474
vn 0.1306 -0.2905 0.9479
vn 0.1308 -0.2886 0.9485
vn 0.1310 -0.2868 0.9490
vn 0.1311 -0.2849 0.9496
vn 0.1312 -0.2830 0.9501
vn 0.1314 -0.2811 0.9506
vn 0.1315 -0.2792 0.9512
vn 0.1317 -0.2774 0.9517
vn 0.1318 -0.2755 0.9522
vn 0.1320 -0.2736 0.9528
vn 0.1321 -0.2717 0.9533
vn 0.1322 -0.2698 0.9538
vn 0.1324 -0.2679 0.9543
vn 0.1325 -0.2660 0.9548
vn 0.1482 -0.2637 0.9532
vn 0.1650 -0.2624 0.9508
vn 0.1658 -0.2616 0.9508
vn 0.1658 -0.2609 0.9510
vn 0.1659 -0.2600 0.9512
vn 0.1659 -0.2592 0.9515
vn 0.1660 -0.2585 0.9516
vn 0.1659 -0.2579 0.9518
vn 0.1661 -0.2587 0.9516
vn 0.1661 -0.2579 0.9518
vn 0.1297 -0.3037 0.9439
vn 0.1314 -0.3071 0.9426
vn 0.1298 -0.3018 0.9445
vn 0.1318 -0.3016 0.9443
vn 0.1319 -0.2998 0.9448
vn 0.1321 -0.2995 0.9449
vn 0.1321 -0.2978 0.9454
vn 0.1341 -0.2960 0.9457
vn 0.1344 -0.2940 0.9463
vn 0.1326 -0.2922 0.9471
vn 0.1327 -0.2904 0.9477
vn 0.1329 -0.2885 0.9482
vn 0.1330 -0.2866 0.9488
vn 0.1332 -0.2830 0.9498
vn 0.1334 -0.2811 0.9504
vn 0.1335 -0.2792 0.9509
vn 0.1337 -0.2773 0.9514
vn 0.1338 -0.2754 0.9520
vn 0.1340 -0.2736 0.9525
vn 0.1341 -0.2717 0.9530
vn 0.1343 -0.2697 0.9535
vn 0.1344 -0.2678 0.9540
vn 0.1345 -0.2659 0.9546
vn 0.1494 -0.2637 0.9530
vn 0.1656 -0.2624 0.9506
vn 0.1665 -0.2617 0.9507
vn 0.1666 -0.2626 0.9504
vn 0.1666 -0.2618 0.9506
vn 0.1667 -0.2610 0.9508
vn 0.1667 -0.2602 0.9510
vn 0.1650 -0.2595 0.9515
vn 0.1650 -0.2587 0.9517
vn 0.1667 -0.2581 0.9516
vn 0.1335 -0.3053 0.9428
vn 0.1335 -0.3071 0.9423
vn 0.1318 -0.3018 0.9442
vn 0.1321 -0.2998 0.9448
vn 0.1338 -0.2982 0.9451
vn 0.1340 -0.2979 0.9451
vn 0.1342 -0.2961 0.9457
vn 0.1344 -0.2942 0.9462
vn 0.1345 -0.2940 0.9463
vn 0.1346 -0.2922 0.9468
vn 0.1347 -0.2904 0.9474
vn 0.1349 -0.2885 0.9479
vn 0.1369 -0.2866 0.9482
vn 0.1370 -0.2847 0.9488
vn 0.1353 -0.2829 0.9496
vn 0.1355 -0.2810 0.9501
vn 0.1356 -0.2791 0.9506
vn 0.1358 -0.2772 0.9512
vn 0.1359 -0.2753 0.9517
vn 0.1361 -0.2734 0.9522
vn 0.1362 -0.2715 0.9527
vn 0.1363 -0.2696 0.9533
vn 0.1365 -0.2677 0.9538
vn 0.1507 -0.2652 0.9523
vn 0.1661 -0.2642 0.9501
vn 0.1655 -0.2635 0.9504
vn 0.1655 -0.2627 0.9506
vn 0.1674 -0.2618 0.9505
vn 0.1675 -0.2610 0.9507
vn 0.1676 -0.2602 0.9509
vn 0.1676 -0.2594 0.9511
vn 0.1676 -0.2570 0.9518
vn 0.1676 -0.2563 0.9520
vn 0.1354 -0.3053 0.9426
vn 0.1365 -0.3071 0.9418
vn 0.1356 -0.3035 0.9431
vn 0.1357 -0.3000 0.9442
vn 0.1343 -0.2980 0.9451
vn 0.1344 -0.2961 0.9456
vn 0.1363 -0.2943 0.9459
vn 0.1363 -0.2926 0.9465
vn 0.1365 -0.2923 0.9465
vn 0.1366 -0.2905 0.9471
vn 0.1368 -0.2886 0.9476
vn 0.1369 -0.2867 0.9482
vn 0.1371 -0.2849 0.9487
vn 0.1372 -0.2847 0.9487
vn 0.1373 -0.2829 0.9493
vn 0.1375 -0.2810 0.9498
vn 0.1376 -0.2791 0.9504
vn 0.1378 -0.2772 0.9509
vn 0.1379 -0.2753 0.9514
vn 0.1381 -0.2734 0.9519
vn 0.1382 -0.2715 0.9525
vn 0.1384 -0.2696 0.9530
vn 0.1385 -0.2677 0.9535
vn 0.1520 -0.2653 0.9521
vn 0.1667 -0.2642 0.9500
vn 0.1681 -0.2634 0.9499
vn 0.1682 -0.2609 0.9506
vn 0.1683 -0.2600 0.9508
vn 0.1684 -0.2592 0.9510
vn 0.1685 -0.2584 0.9512
vn 0.1686 -0.2576 0.9514
vn 0.1687 -0.2551 0.9521
vn 0.1685 -0.2545 0.9523
vn 0.1374 -0.3053 0.9423
vn 0.1394 -0.3070 0.9414
vn 0.1376 -0.3034 0.9429
vn 0.1377 -0.3016 0.9434
vn 0.1379 -0.2997 0.9440
vn 0.1380 -0.2962 0.9451
vn 0.1382 -0.2943 0.9457
vn 0.1366 -0.2925 0.9465
vn 0.1369 -0.2905 0.9470
vn 0.1387 -0.2887 0.9473
vn 0.1389 -0.2869 0.9479
vn 0.1390 -0.2850 0.9484
vn 0.1392 -0.2831 0.9489
vn 0.1392 -0.2813 0.9495
vn 0.1394 -0.2811 0.9495
vn 0.1395 -0.2792 0.9500
vn 0.1397 -0.2773 0.9506
vn 0.1398 -0.2754 0.9511
vn 0.1400 -0.2735 0.9516
vn 0.1401 -0.2716 0.9521
vn 0.1403 -0.2697 0.9527
vn 0.1404 -0.2678 0.9532
vn 0.1406 -0.2659 0.9537
vn 0.1530 -0.2637 0.9524
vn 0.1676 -0.2623 0.9503
vn 0.1691 -0.2598 0.9507
vn 0.1692 -0.2590 0.9509
vn 0.1693 -0.2582 0.9511
vn 0.1693 -0.2574 0.9513
vn 0.1694 -0.2567 0.9515
vn 0.1714 -0.2558 0.9514
vn 0.1712 -0.2552 0.9516
vn 0.1696 -0.2543 0.9521
vn 0.1394 -0.3053 0.9420
vn 0.1423 -0.3069 0.9410
vn 0.1396 -0.3034 0.9426
vn 0.1397 -0.3016 0.9431
vn 0.1399 -0.2997 0.9437
vn 0.1400 -0.2979 0.9443
vn 0.1402 -0.2960 0.9448
vn 0.1403 -0.2941 0.9454
vn 0.1406 -0.2905 0.9465
vn 0.1407 -0.2887 0.9470
vn 0.1408 -0.2868 0.9476
vn 0.1410 -0.2849 0.9481
vn 0.1412 -0.2831 0.9487
vn 0.1396 -0.2811 0.9495
vn 0.1397 -0.2793 0.9500
vn 0.1416 -0.2774 0.9503
vn 0.1418 -0.2755 0.9508
vn 0.1419 -0.2736 0.9513
vn 0.1420 -0.2717 0.9518
vn 0.1422 -0.2699 0.9523
vn 0.1424 -0.2680 0.9529
vn 0.1425 -0.2660 0.9534
vn 0.1426 -0.2641 0.9539
vn 0.1543 -0.2619 0.9527
vn 0.1698 -0.2607 0.9504
vn 0.1719 -0.2597 0.9503
vn 0.1700 -0.2590 0.9508
vn 0.1701 -0.2582 0.9510
vn 0.1701 -0.2574 0.9512
vn 0.1702 -0.2567 0.9514
vn 0.1703 -0.2559 0.9516
vn 0.1703 -0.2568 0.9513
vn 0.1701 -0.2563 0.9515
vn 0.1414 -0.3052 0.9417
vn 0.1452 -0.3069 0.9406
vn 0.1415 -0.3034 0.9423
vn 0.1417 -0.3016 0.9429
vn 0.1419 -0.2997 0.9434
vn 0.1420 -0.2978 0.9440
vn 0.1421 -0.2960 0.9446
vn 0.1423 -0.2942 0.9451
vn 0.1425 -0.2923 0.9457
vn 0.1426 -0.2904 0.9462
vn 0.1428 -0.2885 0.9468
vn 0.1429 -0.2867 0.9473
vn 0.1431 -0.2848 0.9478
vn 0.1432 -0.2829 0.9484
vn 0.1434 -0.2794 0.9494
vn 0.1436 -0.2774 0.9500
vn 0.1438 -0.2755 0.9505
vn 0.1439 -0.2736 0.9510
vn 0.1441 -0.2717 0.9515
vn 0.1442 -0.2698 0.9521
vn 0.1444 -0.2679 0.9526
vn 0.1445 -0.2660 0.9531
vn 0.1447 -0.2641 0.9536
vn 0.1556 -0.2620 0.9525
vn 0.1688 -0.2606 0.9506
vn 0.1707 -0.2616 0.9500
vn 0.1707 -0.2608 0.9502
vn 0.1708 -0.2600 0.9504
vn 0.1709 -0.2592 0.9506
vn 0.1709 -0.2584 0.9508
vn 0.1710 -0.2576 0.9510
vn 0.1711 -0.2568 0.9512
vn 0.1709 -0.2562 0.9514
vn 0.1434 -0.3052 0.9414
vn 0.1479 -0.3068 0.9402
vn 0.1435 -0.3034 0.9420
vn 0.1437 -0.3015 0.9426
vn 0.1438 -0.2997 0.9431
vn 0.1440 -0.2978 0.9437
vn 0.1441 -0.2960 0.9443
vn 0.1443 -0.2941 0.9448
vn 0.1445 -0.2923 0.9454
vn 0.1446 -0.2904 0.9459
vn 0.1448 -0.2885 0.9465
vn 0.1449 -0.2867 0.9470
vn 0.1451 -0.2848 0.9475
vn 0.1452 -0.2829 0.9481
vn 0.1454 -0.2810 0.9486
vn 0.1455 -0.2791 0.9492
vn 0.1457 -0.2773 0.9497
vn 0.1458 -0.2754 0.9502
vn 0.1460 -0.2735 0.9507
vn 0.1461 -0.2716 0.9513
vn 0.1463 -0.2697 0.9518
vn 0.1465 -0.2678 0.9523
vn 0.1466 -0.2659 0.9528
vn 0.1568 -0.2637 0.9518
vn 0.1694 -0.2624 0.9500
vn 0.1715 -0.2616 0.9498
vn 0.1716 -0.2608 0.9500
vn 0.1716 -0.2600 0.9502
vn 0.1717 -0.2592 0.9504
vn 0.1717 -0.2584 0.9507
vn 0.1718 -0.2576 0.9509
vn 0.1719 -0.2568 0.9511
vn 0.1717 -0.2563 0.9512
vn 0.1453 -0.3052 0.9411
vn 0.1508 -0.3068 0.9398
vn 0.1455 -0.3034 0.9417
vn 0.1457 -0.3015 0.9423
vn 0.1458 -0.2997 0.9428
vn 0.1460 -0.2978 0.9434
vn 0.1461 -0.2960 0.9440
vn 0.1463 -0.2941 0.9445
vn 0.1464 -0.2922 0.9451
vn 0.1466 -0.2904 0.9456
vn 0.1467 -0.2885 0.9462
vn 0.1469 -0.2867 0.9467
vn 0.1471 -0.2848 0.9472
vn 0.1472 -0.2829 0.9478
vn 0.1474 -0.2810 0.9483
vn 0.1475 -0.2791 0.9489
vn 0.1477 -0.2773 0.9494
vn 0.1478 -0.2754 0.9499
vn 0.1480 -0.2735 0.9504
vn 0.1482 -0.2716 0.9509
vn 0.1483 -0.2697 0.9515
vn 0.1484 -0.2678 0.9520
vn 0.1486 -0.2659 0.9525
vn 0.1584 -0.2635 0.9516
vn 0.1701 -0.2624 0.9498
vn 0.1723 -0.2616 0.9497
vn 0.1724 -0.2608 0.9499
vn 0.1724 -0.2600 0.9501
vn 0.1725 -0.2592 0.9503
vn 0.1726 -0.2584 0.9505
vn 0.1726 -0.2576 0.9507
vn 0.1727 -0.2568 0.9509
vn 0.1726 -0.2562 0.9511
vn 0.1473 -0.3052 0.9408
vn 0.1535 -0.3067 0.9393
vn 0.1475 -0.3033 0.9414
vn 0.1476 -0.3015 0.9420
vn 0.1478 -0.2996 0.9425
vn 0.1479 -0.2978 0.9431
vn 0.1481 -0.2959 0.9437
vn 0.1483 -0.2941 0.9442
vn 0.1484 -0.2922 0.9448
vn 0.1486 -0.2904 0.9453
vn 0.1487 -0.2885 0.9459
vn 0.1489 -0.2866 0.9464
vn 0.1491 -0.2847 0.9469
vn 0.1492 -0.2829 0.9475
vn 0.1494 -0.2810 0.9480
vn 0.1495 -0.2791 0.9485
vn 0.1497 -0.2772 0.9491
vn 0.1498 -0.2753 0.9496
vn 0.1500 -0.2735 0.9501
vn 0.1501 -0.2715 0.9506
vn 0.1503 -0.2697 0.9512
vn 0.1504 -0.2678 0.9517
vn 0.1506 -0.2659 0.9522
vn 0.1598 -0.2634 0.9513
vn 0.1708 -0.2624 0.9497
vn 0.1731 -0.2616 0.9495
vn 0.1732 -0.2608 0.9497
vn 0.1732 -0.2600 0.9500
vn 0.1733 -0.2592 0.9501
vn 0.1734 -0.2584 0.9504
vn 0.1734 -0.2576 0.9506
vn 0.1736 -0.2568 0.9507
vn 0.1734 -0.2563 0.9509
vn 0.1493 -0.3051 0.9405
vn 0.1563 -0.3066 0.9389
vn 0.1494 -0.3033 0.9411
vn 0.1496 -0.3014 0.9417
vn 0.1498 -0.2996 0.9422
vn 0.1500 -0.2978 0.9428
vn 0.1501 -0.2959 0.9434
vn 0.1502 -0.2940 0.9439
vn 0.1504 -0.2922 0.9445
vn 0.1506 -0.2903 0.9450
vn 0.1507 -0.2885 0.9456
vn 0.1509 -0.2866 0.9461
vn 0.1510 -0.2847 0.9466
vn 0.1512 -0.2828 0.9472
vn 0.1514 -0.2810 0.9477
vn 0.1515 -0.2791 0.9482
vn 0.1517 -0.2772 0.9488
vn 0.1518 -0.2753 0.9493
vn 0.1520 -0.2734 0.9498
vn 0.1521 -0.2715 0.9503
vn 0.1523 -0.2697 0.9508
vn 0.1524 -0.2677 0.9514
vn 0.1526 -0.2658 0.9519
vn 0.1608 -0.2637 0.9511
vn 0.1716 -0.2624 0.9496
vn 0.1739 -0.2615 0.9494
vn 0.1740 -0.2608 0.9496
vn 0.1741 -0.2600 0.9498
vn 0.1741 -0.2592 0.9500
vn 0.1742 -0.2584 0.9502
vn 0.1743 -0.2576 0.9504
vn 0.1743 -0.2568 0.9506
vn 0.1742 -0.2562 0.9508
vn 0.1513 -0.3051 0.9402
vn 0.1589 -0.3066 0.9385
vn 0.1514 -0.3033 0.9408
vn 0.1516 -0.3014 0.9414
vn 0.1517 -0.2996 0.9419
vn 0.1519 -0.2977 0.9425
vn 0.1521 -0.2959 0.9430
vn 0.1522 -0.2940 0.9436
vn 0.1524 -0.2922 0.9441
vn 0.1525 -0.2903 0.9447
vn 0.1527 -0.2884 0.9452
vn 0.1529 -0.2866 0.9458
vn 0.1530 -0.2847 0.9463
vn 0.1532 -0.2828 0.9469
vn 0.1533 -0.2810 0.9474
vn 0.1535 -0.2791 0.9479
vn 0.1537 -0.2772 0.9484
vn 0.1538 -0.2753 0.9490
vn 0.1539 -0.2734 0.9495
vn 0.1541 -0.2715 0.9500
vn 0.1543 -0.2696 0.9505
vn 0.1544 -0.2677 0.9510
vn 0.1546 -0.2658 0.9515
vn 0.1621 -0.2637 0.9509
vn 0.1724 -0.2624 0.9494
vn 0.1748 -0.2615 0.9492
vn 0.1748 -0.2607 0.9495
vn 0.1749 -0.2600 0.9496
vn 0.1750 -0.2592 0.9499
vn 0.1750 -0.2584 0.9501
vn 0.1751 -0.2576 0.9503
vn 0.1751 -0.2568 0.9505
vn 0.1750 -0.2562 0.9507
vn 0.1532 -0.3051 0.9399
vn 0.1615 -0.3065 0.9381
vn 0.1534 -0.3032 0.9405
vn 0.1536 -0.3014 0.9411
vn 0.1537 -0.2996 0.9416
vn 0.1539 -0.2977 0.9422
vn 0.1540 -0.2959 0.9427
vn 0.1542 -0.2940 0.9433
vn 0.1544 -0.2921 0.9438
vn 0.1545 -0.2903 0.9444
vn 0.1547 -0.2884 0.9449
vn 0.1548 -0.2866 0.9455
vn 0.1550 -0.2847 0.9460
vn 0.1551 -0.2828 0.9465
vn 0.1553 -0.2809 0.9471
vn 0.1555 -0.2790 0.9476
vn 0.1556 -0.2772 0.9481
vn 0.1558 -0.2753 0.9487
vn 0.1559 -0.2734 0.9492
vn 0.1561 -0.2715 0.9497
vn 0.1563 -0.2696 0.9502
vn 0.1564 -0.2677 0.9507
vn 0.1566 -0.2658 0.9512
vn 0.1635 -0.2637 0.9506
vn 0.1731 -0.2624 0.9493
vn 0.1756 -0.2615 0.9491
vn 0.1756 -0.2607 0.9493
vn 0.1757 -0.2599 0.9495
vn 0.1758 -0.2591 0.9497
vn 0.1758 -0.2584 0.9499
vn 0.1759 -0.2576 0.9501
vn 0.1760 -0.2568 0.9503
vn 0.1758 -0.2562 0.9505
vn 0.1552 -0.3050 0.9396
vn 0.1641 -0.3064 0.9376
vn 0.1554 -0.3032 0.9402
vn 0.1555 -0.3014 0.9407
vn 0.1557 -0.2995 0.9413
vn 0.1558 -0.2977 0.9419
vn 0.1560 -0.2958 0.9424
vn 0.1562 -0.2940 0.9430
vn 0.1563 -0.2921 0.9435
vn 0.1565 -0.2903 0.9441
vn 0.1567 -0.2884 0.9446
vn 0.1568 -0.2865 0.9452
vn 0.1570 -0.2847 0.9457
vn 0.1571 -0.2828 0.9462
vn 0.1573 -0.2809 0.9468
vn 0.1575 -0.2790 0.9473
vn 0.1576 -0.2771 0.9478
vn 0.1578 -0.2752 0.9483
vn 0.1579 -0.2734 0.9489
vn 0.1581 -0.2715 0.9494
vn 0.1583 -0.2696 0.9499
vn 0.1584 -0.2677 0.9504
vn 0.1587 -0.2657 0.9509
vn 0.1651 -0.2636 0.9504
vn 0.1739 -0.2624 0.9492
vn 0.1764 -0.2615 0.9490
vn 0.1765 -0.2607 0.9492
vn 0.1765 -0.2599 0.9494
vn 0.1766 -0.2591 0.9496
vn 0.1766 -0.2583 0.9498
vn 0.1767 -0.2576 0.9500
vn 0.1768 -0.2568 0.9502
vn 0.1766 -0.2562 0.9503
vn 0.1571 -0.3050 0.9393
vn 0.1667 -0.3063 0.9372
vn 0.1573 -0.3032 0.9399
vn 0.1575 -0.3014 0.9404
vn 0.1575 -0.2996 0.9410
vn 0.1576 -0.2978 0.9415
vn 0.1580 -0.2958 0.9421
vn 0.1580 -0.2940 0.9426
vn 0.1580 -0.2924 0.9432
vn 0.1584 -0.2902 0.9437
vn 0.1586 -0.2885 0.9443
vn 0.1587 -0.2866 0.9448
vn 0.1589 -0.2847 0.9454
vn 0.1589 -0.2829 0.9459
vn 0.1593 -0.2809 0.9464
vn 0.1594 -0.2790 0.9470
vn 0.1595 -0.2772 0.9475
vn 0.1598 -0.2753 0.9480
vn 0.1599 -0.2733 0.9485
vn 0.1600 -0.2715 0.9491
vn 0.1601 -0.2697 0.9495
vn 0.1603 -0.2677 0.9501
vn 0.1606 -0.2658 0.9506
vn 0.1666 -0.2636 0.9501
vn 0.1748 -0.2624 0.9490
vn 0.1770 -0.2616 0.9488
vn 0.1771 -0.2609 0.9490
vn 0.1771 -0.2601 0.9492
vn 0.1775 -0.2591 0.9494
vn 0.1772 -0.2585 0.9496
vn 0.1773 -0.2577 0.9498
vn 0.1774 -0.2570 0.9500
vn 0.1776 -0.2560 0.9502
vt 0.015625 0.015625
vt 0.045898 0.015625
vt 0.045898 0.045898
vt 0.015625 0.045898
vt 0.076172 0.015625
vt 0.076172 0.045898
vt 0.106445 0.015625
vt 0.106445 0.045898
vt 0.136719 0.015625
vt 0.136719 0.045898
vt 0.166992 0.015625
vt 0.166992 0.045898
vt 0.197266 0.015625
vt 0.197266 0.045898
vt 0.227539 0.015625
vt 0.227539 0.045898
vt 0.257812 0.015625
vt 0.257812 0.045898
vt 0.288086 0.015625
vt 0.288086 0.045898
vt 0.318359 0.015625
vt 0.318359 0.045898
vt 0.348633 0.015625
vt 0.348633 0.045898
vt 0.378906 0.015625
vt 0.378906 0.045898
vt 0.409180 0.015625
vt 0.409180 0.045898
vt 0.439453 0.015625
vt 0.439453 0.045898
vt 0.469727 0.015625
vt 0.469727 0.045898
vt 0.500000 0.015625
vt 0.500000 0.045898
vt 0.530273 0.015625
vt 0.530273 0.045898
vt 0.560547 0.015625
vt 0.560547 0.045898
vt 0.590820 0.015625
vt 0.590820 0.045898
vt 0.621094 0.015625
vt 0.621094 0.045898
vt 0.651367 0.015625
vt 0.651367 0.045898
vt 0.681641 0.015625
vt 0.681641 0.045898
vt 0.711914 0.015625
vt 0.711914 0.045898
vt 0.742188 0.015625
vt 0.742188 0.045898
vt 0.772461 0.015625
vt 0.772461 0.045898
vt 0.802734 0.015625
vt 0.802734 0.045898
vt 0.833008 0.015625
vt 0.833008 0.045898
vt 0.863281 0.015625
vt 0.863281 0.045898
vt 0.893555 0.015625
vt 0.893555 0.045898
vt 0.923828 0.015625
vt 0.923828 0.045898
vt 0.954102 0.015625
vt 0.954102 0.045898
vt 0.984375 0.015625
vt 0.984375 0.045898
vt 0.045898 0.076172
vt 0.015625 0.076172
vt 0.076172 0.076172
vt 0.106445 0.076172
vt 0.136719 0.076172
vt 0.166992 0.076172
vt 0.197266 0.076172
vt 0.227539 0.076172
vt 0.257812 0.076172
vt 0.288086 0.076172
vt 0.318359 0.076172
vt 0.348633 0.076172
vt 0.378906 0.076172
vt 0.409180 0.076172
vt 0.439453 0.076172
vt 0.469727 0.076172
vt 0.500000 0.076172
vt 0.530273 0.076172
vt 0.560547 0.076172
vt 0.590820 0.076172
vt 0.621094 0.076172
vt 0.651367 0.076172
vt 0.681641 0.076172
vt 0.711914 0.076172
vt 0.742188 0.076172
vt 0.772461 0.076172
vt 0.802734 0.076172
vt 0.833008 0.076172
vt 0.863281 0.076172
vt 0.893555 0.076172
vt 0.923828 0.076172
vt 0.954102 0.076172
vt 0.984375 0.076172
vt 0.045898 0.106445
vt 0.015625 0.106445
vt 0.076172 0.106445
vt 0.106445 0.106445
vt 0.136719 0.106445
vt 0.166992 0.106445
vt 0.197266 0.106445
vt 0.227539 0.106445
vt 0.257812 0.106445
vt 0.288086 0.106445
vt 0.318359 0.106445
vt 0.348633 0.106445
vt 0.378906 0.106445
vt 0.409180 0.106445
vt 0.439453 0.106445
vt 0.469727 0.106445
vt 0.500000 0.106445
vt 0.530273 0.106445
vt 0.560547 0.106445
vt 0.590820 0.106445
vt 0.621094 0.106445
vt 0.651367 0.106445
vt 0.681641 0.106445
vt 0.711914 0.106445
vt 0.742188 0.106445
vt 0.772461 0.106445
vt 0.802734 0.106445
vt 0.833008 0.106445
vt 0.863281 0.106445
vt 0.893555 0.106445
vt 0.923828 0.106445
vt 0.954102 0.106445
vt 0.984375 0.106445
vt 0.045898 0.136719
vt 0.015625 0.136719
vt 0.076172 0.136719
vt 0.106445 0.136719
vt 0.136719 0.136719
vt 0.166992 0.136719
vt 0.197266 0.136719
vt 0.227539 0.136719
vt 0.257812 0.136719
vt 0.288086 0.136719
vt 0.318359 0.136719
vt 0.348633 0.136719
vt 0.378906 0.136719
vt 0.409180 0.136719
vt 0.439453 0.136719
vt 0.469727 0.136719
vt 0.500000 0.136719
vt 0.530273 0.136719
vt 0.560547 0.136719
vt 0.590820 0.136719
vt 0.621094 0.136719
vt 0.651367 0.136719
vt 0.681641 0.136719
vt 0.711914 0.136719
vt 0.742188 0.136719
vt 0.772461 0.136719
vt 0.802734 0.136719
vt 0.833008 0.136719
vt 0.863281 0.136719
vt 0.893555 0.136719
vt 0.923828 0.136719
vt 0.954102 0.136719
vt 0.984375 0.136719
vt 0.045898 0.166992
vt 0.015625 0.166992
vt 0.076172 0.166992
vt 0.106445 0.166992
vt 0.136719 0.166992
vt 0.166992 0.166992
vt 0.197266 0.166992
vt 0.227539 0.166992
vt 0.257812 0.166992
vt 0.288086 0.166992
vt 0.318359 0.166992
vt 0.348633 0.166992
vt 0.378906 0.166992
vt 0.409180 0.166992
vt 0.439453 0.166992
vt 0.469727 0.166992
vt 0.500000 0.166992
vt 0.530273 0.166992
vt 0.560547 0.166992
vt 0.590820 0.166992
vt 0.621094 0.166992
vt 0.651367 0.166992
vt 0.681641 0.166992
vt 0.711914 0.166992
vt 0.742188 0.166992
vt 0.772461 0.166992
vt 0.802734 0.166992
vt 0.833008 0.166992
vt 0.863281 0.166992
vt 0.893555 0.166992
vt 0.923828 0.166992
vt 0.954102 0.166992
vt 0.984375 0.166992
vt 0.045898 0.197266
vt 0.015625 0.197266
vt 0.076172 0.197266
vt 0.106445 0.197266
vt 0.136719 0.197266
vt 0.166992 0.197266
vt 0.197266 0.197266
vt 0.227539 0.197266
vt 0.257812 0.197266
vt 0.288086 0.197266
vt 0.318359 0.197266
vt 0.348633 0.197266
vt 0.378906 0.197266
vt 0.409180 0.197266
vt 0.439453 0.197266
vt 0.469727 0.197266
vt 0.500000 0.197266
vt 0.530273 0.197266
vt 0.560547 0.197266
vt 0.590820 0.197266
vt 0.621094 0.197266
vt 0.651367 0.197266
vt 0.681641 0.197266
vt 0.711914 0.197266
vt 0.742188 0.197266
vt 0.772461 0.197266
vt 0.802734 0.197266
vt 0.833008 0.197266
vt 0.863281 0.197266
vt 0.893555 0.197266
vt 0.923828 0.197266
vt 0.954102 0.197266
vt 0.984375 0.197266
vt 0.045898 0.227539
vt 0.015625 0.227539
vt 0.076172 0.227539
vt 0.106445 0.227539
vt 0.136719 0.227539
vt 0.166992 0.227539
vt 0.197266 0.227539
vt 0.227539 0.227539
vt 0.257812 0.227539
vt 0.288086 0.227539
vt 0.318359 0.227539
vt 0.348633 0.227539
vt 0.378906 0.227539
vt 0.409180 0.227539
vt 0.439453 0.227539
vt 0.469727 0.227539
vt 0.500000 0.227539
vt 0.530273 0.227539
vt 0.560547 0.227539
vt 0.590820 0.227539
vt 0.621094 0.227539
vt 0.651367 0.227539
vt 0.681641 0.227539
vt 0.711914 0.227539
vt 0.742188 0.227539
vt 0.772461 0.227539
vt 0.802734 0.227539
vt 0.833008 0.227539
vt 0.863281 0.227539
vt 0.893555 0.227539
vt 0.923828 0.227539
vt 0.954102 0.227539
vt 0.984375 0.227539
vt 0.045898 0.257812
vt 0.015625 0.257812
vt 0.076172 0.257812
vt 0.106445 0.257812
vt 0.136719 0.257812
vt 0.166992 0.257812
vt 0.197266 0.257812
vt 0.227539 0.257812
vt 0.257812 0.257812
vt 0.288086 0.257812
vt 0.318359 0.257812
vt 0.348633 0.257812
vt 0.378906 0.257812
vt 0.409180 0.257812
vt 0.439453 0.257812
vt 0.469727 0.257812
vt 0.500000 0.257812
vt 0.530273 0.257812
vt 0.560547 0.257812
vt 0.590820 0.257812
vt 0.621094 0.257812
vt 0.651367 0.257812
vt 0.681641 0.257812
vt 0.711914 0.257812
vt 0.742188 0.257812
vt 0.772461 0.257812
vt 0.802734 0.257812
vt 0.833008 0.257812
vt 0.863281 0.257812
vt 0.893555 0.257812
vt 0.923828 0.257812
vt 0.954102 0.257812
vt 0.984375 0.257812
vt 0.045898 0.288086
vt 0.015625 0.288086
vt 0.076172 0.288086
vt 0.106445 0.288086
vt 0.136719 0.288086
vt 0.166992 0.288086
vt 0.197266 0.288086
vt 0.227539 0.288086
vt 0.257812 0.288086
vt 0.288086 0.288086
vt 0.318359 0.288086
vt 0.348633 0.288086
vt 0.378906 0.288086
vt 0.409180 0.288086
vt 0.439453 0.288086
vt 0.469727 0.288086
vt 0.500000 0.288086
vt 0.530273 0.288086
vt 0.560547 0.288086
vt 0.590820 0.288086
vt 0.621094 0.288086
vt 0.651367 0.288086
vt 0.681641 0.288086
vt 0.711914 0.288086
vt 0.742188 0.288086
vt 0.772461 0.288086
vt 0.802734 0.288086
vt 0.833008 0.288086
vt 0.863281 0.288086
vt 0.893555 0.288086
vt 0.923828 0.288086
vt 0.954102 0.288086
vt 0.984375 0.288086
vt 0.045898 0.318359
vt 0.015625 0.318359
vt 0.076172 0.318359
vt 0.106445 0.318359
vt 0.136719 0.318359
vt 0.166992 0.318359
vt 0.197266 0.318359
vt 0.227539 0.318359
vt 0.257812 0.318359
vt 0.288086 0.318359
vt 0.318359 0.318359
vt 0.348633 0.318359
vt 0.378906 0.318359
vt 0.409180 0.318359
vt 0.439453 0.318359
vt 0.469727 0.318359
vt 0.500000 0.318359
vt 0.530273 0.318359
vt 0.560547 0.318359
vt 0.590820 0.318359
vt 0.621094 0.318359
vt 0.651367 0.318359
vt 0.681641 0.318359
vt 0.711914 0.318359
vt 0.742188 0.318359
vt 0.772461 0.318359
vt 0.802734 0.318359
vt 0.833008 0.318359
vt 0.863281 0.318359
vt 0.893555 0.318359
vt 0.923828 0.318359
vt 0.954102 0.318359
vt 0.984375 0.318359
vt 0.045898 0.348633
vt 0.015625 0.348633
vt 0.076172 0.348633
vt 0.106445 0.348633
vt 0.136719 0.348633
vt 0.166992 0.348633
vt 0.197266 0.348633
vt 0.227539 0.348633
vt 0.257812 0.348633
vt 0.288086 0.348633
vt 0.318359 0.348633
vt 0.348633 0.348633
vt 0.378906 0.348633
vt 0.409180 0.348633
vt 0.439453 0.348633
vt 0.469727 0.348633
vt 0.500000 0.348633
vt 0.530273 0.348633
vt 0.560547 0.348633
vt 0.590820 0.348633
vt 0.621094 0.348633
vt 0.651367 0.348633
vt 0.681641 0.348633
vt 0.711914 0.348633
vt 0.742188 0.348633
vt 0.772461 0.348633
vt 0.802734 0.348633
vt 0.833008 0.348633
vt 0.863281 0.348633
vt 0.893555 0.348633
vt 0.923828 0.348633
vt 0.954102 0.348633
vt 0.984375 0.348633
vt 0.045898 0.378906
vt 0.015625 0.378906
vt 0.076172 0.378906
vt 0.106445 0.378906
vt 0.136719 0.378906
vt 0.166992 0.378906
vt 0.197266 0.378906
vt 0.227539 0.378906
vt 0.257812 0.378906
vt 0.288086 0.378906
vt 0.318359 0.378906
vt 0.348633 0.378906
vt 0.378906 0.378906
vt 0.409180 0.378906
vt 0.439453 0.378906
vt 0.469727 0.378906
vt 0.500000 0.378906
vt 0.530273 0.378906
vt 0.560547 0.378906
vt 0.590820 0.378906
vt 0.621094 0.378906
vt 0.651367 0.378906
vt 0.681641 0.378906
vt 0.711914 0.378906
vt 0.742188 0.378906
vt 0.772461 0.378906
vt 0.802734 0.378906
vt 0.833008 0.378906
vt 0.863281 0.378906
vt 0.893555 0.378906
vt 0.923828 0.378906
vt 0.954102 0.378906
vt 0.984375 0.378906
vt 0.045898 0.409180
vt 0.015625 0.409180
vt 0.076172 0.409180
vt 0.106445 0.409180
vt 0.136719 0.409180
vt 0.166992 0.409180
vt 0.197266 0.409180
vt 0.227539 0.409180
vt 0.257812 0.409180
vt 0.288086 0.409180
vt 0.318359 0.409180
vt 0.348633 0.409180
vt 0.378906 0.409180
vt 0.409180 0.409180
vt 0.439453 0.409180
vt 0.469727 0.409180
vt 0.500000 0.409180
vt 0.530273 0.409180
vt 0.560547 0.409180
vt 0.590820 0.409180
vt 0.621094 0.409180
vt 0.651367 0.409180
vt 0.681641 0.409180
vt 0.711914 0.409180
vt 0.742188 0.409180
vt 0.772461 0.409180
vt 0.802734 0.409180
vt 0.833008 0.409180
vt 0.863281 0.409180
vt 0.893555 0.409180
vt 0.923828 0.409180
vt 0.954102 0.409180
vt 0.984375 0.409180
vt 0.045898 0.439453
vt 0.015625 0.439453
vt 0.076172 0.439453
vt 0.106445 0.439453
vt 0.136719 0.439453
vt 0.166992 0.439453
vt 0.197266 0.439453
vt 0.227539 0.439453
vt 0.257812 0.439453
vt 0.288086 0.439453
vt 0.318359 0.439453
vt 0.348633 0.439453
vt 0.378906 0.439453
vt 0.409180 0.439453
vt 0.439453 0.439453
vt 0.469727 0.439453
vt 0.500000 0.439453
vt 0.530273 0.439453
vt 0.560547 0.439453
vt 0.590820 0.439453
vt 0.621094 0.439453
vt 0.651367 0.439453
vt 0.681641 0.439453
vt 0.711914 0.439453
vt 0.742188 0.439453
vt 0.772461 0.439453
vt 0.802734 0.439453
vt 0.833008 0.439453
vt 0.863281 0.439453
vt 0.893555 0.439453
vt 0.923828 0.439453
vt 0.954102 0.439453
vt 0.984375 0.439453
vt 0.045898 0.469727
vt 0.015625 0.469727
vt 0.076172 0.469727
vt 0.106445 0.469727
vt 0.136719 0.469727
vt 0.166992 0.469727
vt 0.197266 0.469727
vt 0.227539 0.469727
vt 0.257812 0.469727
vt 0.288086 0.469727
vt 0.318359 0.469727
vt 0.348633 0.469727
vt 0.378906 0.469727
vt 0.409180 0.469727
vt 0.439453 0.469727
vt 0.469727 0.469727
vt 0.500000 0.469727
vt 0.530273 0.469727
vt 0.560547 0.469727
vt 0.590820 0.469727
vt 0.621094 0.469727
vt 0.651367 0.469727
vt 0.681641 0.469727
vt 0.711914 0.469727
vt 0.742188 0.469727
vt 0.772461 0.469727
vt 0.802734 0.469727
vt 0.833008 0.469727
vt 0.863281 0.469727
vt 0.893555 0.469727
vt 0.923828 0.469727
vt 0.954102 0.469727
vt 0.984375 0.469727
vt 0.045898 0.500000
vt 0.015625 0.500000
vt 0.076172 0.500000
vt 0.106445 0.500000
vt 0.136719 0.500000
vt 0.166992 0.500000
vt 0.197266 0.500000
vt 0.227539 0.500000
vt 0.257812 0.500000
vt 0.288086 0.500000
vt 0.318359 0.500000
vt 0.348633 0.500000
vt 0.378906 0.500000
vt 0.409180 0.500000
vt 0.439453 0.500000
vt 0.469727 0.500000
vt 0.500000 0.500000
vt 0.530273 0.500000
vt 0.560547 0.500000
vt 0.590820 0.500000
vt 0.621094 0.500000
vt 0.651367 0.500000
vt 0.681641 0.500000
vt 0.711914 0.500000
vt 0.742188 0.500000
vt 0.772461 0.500000
vt 0.802734 0.500000
vt 0.833008 0.500000
vt 0.863281 0.500000
vt 0.893555 0.500000
vt 0.923828 0.500000
vt 0.954102 0.500000
vt 0.984375 0.500000
vt 0.045898 0.530273
vt 0.015625 0.530273
vt 0.076172 0.530273
vt 0.106445 0.530273
vt 0.136719 0.530273
vt 0.166992 0.530273
vt 0.197266 0.530273
vt 0.227539 0.530273
vt 0.257812 0.530273
vt 0.288086 0.530273
vt 0.318359 0.530273
vt 0.348633 0.530273
vt 0.378906 0.530273
vt 0.409180 0.530273
vt 0.439453 0.530273
vt 0.469727 0.530273
vt 0.500000 0.530273
vt 0.530273 0.530273
vt 0.560547 0.530273
vt 0.590820 0.530273
vt 0.621094 0.530273
vt 0.651367 0.530273
vt 0.681641 0.530273
vt 0.711914 0.530273
vt 0.742188 0.530273
vt 0.772461 0.530273
vt 0.802734 0.530273
vt 0.833008 0.530273
vt 0.863281 0.530273
vt 0.893555 0.530273
vt 0.923828 0.530273
vt 0.954102 0.530273
vt 0.984375 0.530273
vt 0.045898 0.560547
vt 0.015625 0.560547
vt 0.076172 0.560547
vt 0.106445 0.560547
vt 0.136719 0.560547
vt 0.166992 0.560547
vt 0.197266 0.560547
vt 0.227539 0.560547
vt 0.257812 0.560547
vt 0.288086 0.560547
vt 0.318359 0.560547
vt 0.348633 0.560547
vt 0.378906 0.560547
vt 0.409180 0.560547
vt 0.439453 0.560547
vt 0.469727 0.560547
vt 0.500000 0.560547
vt 0.530273 0.560547
vt 0.560547 0.560547
vt 0.590820 0.560547
vt 0.621094 0.560547
vt 0.651367 0.560547
vt 0.681641 0.560547
vt 0.711914 0.560547
vt 0.742188 0.560547
vt 0.772461 0.560547
vt 0.802734 0.560547
vt 0.833008 0.560547
vt 0.863281 0.560547
vt 0.893555 0.560547
vt 0.923828 0.560547
vt 0.954102 0.560547
vt 0.984375 0.560547
vt 0.045898 0.590820
vt 0.015625 0.590820
vt 0.076172 0.590820
vt 0.106445 0.590820
vt 0.136719 0.590820
vt 0.166992 0.590820
vt 0.197266 0.590820
vt 0.227539 0.590820
vt 0.257812 0.590820
vt 0.288086 0.590820
vt 0.318359 0.590820
vt 0.348633 0.590820
vt 0.378906 0.590820
vt 0.409180 0.590820
vt 0.439453 0.590820
vt 0.469727 0.590820
vt 0.500000 0.590820
vt 0.530273 0.590820
vt 0.560547 0.590820
vt 0.590820 0.590820
vt 0.621094 0.590820
vt 0.651367 0.590820
vt 0.681641 0.590820
vt 0.711914 0.590820
vt 0.742188 0.590820
vt 0.772461 0.590820
vt 0.802734 0.590820
vt 0.833008 0.590820
vt 0.863281 0.590820
vt 0.893555 0.590820
vt 0.923828 0.590820
vt 0.954102 0.590820
vt 0.984375 0.590820
vt 0.045898 0.621094
vt 0.015625 0.621094
vt 0.076172 0.621094
vt 0.106445 0.621094
vt 0.136719 0.621094
vt 0.166992 0.621094
vt 0.197266 0.621094
vt 0.227539 0.621094
vt 0.257812 0.621094
vt 0.288086 0.621094
vt 0.318359 0.621094
vt 0.348633 0.621094
vt 0.378906 0.621094
vt 0.409180 0.621094
vt 0.439453 0.621094
vt 0.469727 0.621094
vt 0.500000 0.621094
vt 0.530273 0.621094
vt 0.560547 0.621094
vt 0.590820 0.621094
vt 0.621094 0.621094
vt 0.651367 0.621094
vt 0.681641 0.621094
vt 0.711914 0.621094
vt 0.742188 0.621094
vt 0.772461 0.621094
vt 0.802734 0.621094
vt 0.833008 0.621094
vt 0.863281 0.621094
vt 0.893555 0.621094
vt 0.923828 0.621094
vt 0.954102 0.621094
vt 0.984375 0.621094
vt 0.045898 0.651367
vt 0.015625 0.651367
vt 0.076172 0.651367
vt 0.106445 0.651367
vt 0.136719 0.651367
vt 0.166992 0.651367
vt 0.197266 0.651367
vt 0.227539 0.651367
vt 0.257812 0.651367
vt 0.288086 0.651367
vt 0.318359 0.651367
vt 0.348633 0.651367
vt 0.378906 0.651367
vt 0.409180 0.651367
vt 0.439453 0.651367
vt 0.469727 0.651367
vt 0.500000 0.651367
vt 0.530273 0.651367
vt 0.560547 0.651367
vt 0.590820 0.651367
vt 0.621094 0.651367
vt 0.651367 0.651367
vt 0.681641 0.651367
vt 0.711914 0.651367
vt 0.742188 0.651367
vt 0.772461 0.651367
vt 0.802734 0.651367
vt 0.833008 0.651367
vt 0.863281 0.651367
vt 0.893555 0.651367
vt 0.923828 0.651367
vt 0.954102 0.651367
vt 0.984375 0.651367
vt 0.045898 0.681641
vt 0.015625 0.681641
vt 0.076172 0.681641
vt 0.106445 0.681641
vt 0.136719 0.681641
vt 0.166992 0.681641
vt 0.197266 0.681641
vt 0.227539 0.681641
vt 0.257812 0.681641
vt 0.288086 0.681641
vt 0.318359 0.681641
vt 0.348633 0.681641
vt 0.378906 0.681641
vt 0.409180 0.681641
vt 0.439453 0.681641
vt 0.469727 0.681641
vt 0.500000 0.681641
vt 0.530273 0.681641
vt 0.560547 0.681641
vt 0.590820 0.681641
vt 0.621094 0.681641
vt 0.651367 0.681641
vt 0.681641 0.681641
vt 0.711914 0.681641
vt 0.742188 0.681641
vt 0.772461 0.681641
vt 0.802734 0.681641
vt 0.833008 0.681641
vt 0.863281 0.681641
vt 0.893555 0.681641
vt 0.923828 0.681641
vt 0.954102 0.681641
vt 0.984375 0.681641
vt 0.045898 0.711914
vt 0.015625 0.711914
vt 0.076172 0.711914
vt 0.106445 0.711914
vt 0.136719 0.711914
vt 0.166992 0.711914
vt 0.197266 0.711914
vt 0.227539 0.711914
vt 0.257812 0.711914
vt 0.288086 0.711914
vt 0.318359 0.711914
vt 0.348633 0.711914
vt 0.378906 0.711914
vt 0.409180 0.711914
vt 0.439453 0.711914
vt 0.469727 0.711914
vt 0.500000 0.711914
vt 0.530273 0.711914
vt 0.560547 0.711914
vt 0.590820 0.711914
vt 0.621094 0.711914
vt 0.651367 0.711914
vt 0.681641 0.711914
vt 0.711914 0.711914
vt 0.742188 0.711914
vt 0.772461 0.711914
vt 0.802734 0.711914
vt 0.833008 0.711914
vt 0.863281 0.711914
vt 0.893555 0.711914
vt 0.923828 0.711914
vt 0.954102 0.711914
vt 0.984375 0.711914
vt 0.045898 0.742188
vt 0.015625 0.742188
vt 0.076172 0.742188
vt 0.106445 0.742188
vt 0.136719 0.742188
vt 0.166992 0.742188
vt 0.197266 0.742188
vt 0.227539 0.742188
vt 0.257812 0.742188
vt 0.288086 0.742188
vt 0.318359 0.742188
vt 0.348633 0.742188
vt 0.378906 0.742188
vt 0.409180 0.742188
vt 0.439453 0.742188
vt 0.469727 0.742188
vt 0.500000 0.742188
vt 0.530273 0.742188
vt 0.560547 0.742188
vt 0.590820 0.742188
vt 0.621094 0.742188
vt 0.651367 0.742188
vt 0.681641 0.742188
vt 0.711914 0.742188
vt 0.742188 0.742188
vt 0.772461 0.742188
vt 0.802734 0.742188
vt 0.833008 0.742188
vt 0.863281 0.742188
vt 0.893555 0.742188
vt 0.923828 0.742188
vt 0.954102 0.742188
vt 0.984375 0.742188
vt 0.045898 0.772461
vt 0.015625 0.772461
vt 0.076172 0.772461
vt 0.106445 0.772461
vt 0.136719 0.772461
vt 0.166992 0.772461
vt 0.197266 0.772461
vt 0.227539 0.772461
vt 0.257812 0.772461
vt 0.288086 0.772461
vt 0.318359 0.772461
vt 0.348633 0.772461
vt 0.378906 0.772461
vt 0.409180 0.772461
vt 0.439453 0.772461
vt 0.469727 0.772461
vt 0.500000 0.772461
vt 0.530273 0.772461
vt 0.560547 0.772461
vt 0.590820 0.772461
vt 0.621094 0.772461
vt 0.651367 0.772461
vt 0.681641 0.772461
vt 0.711914 0.772461
vt 0.742188 0.772461
vt 0.772461 0.772461
vt 0.802734 0.772461
vt 0.833008 0.772461
vt 0.863281 0.772461
vt 0.893555 0.772461
vt 0.923828 0.772461
vt 0.954102 0.772461
vt 0.984375 0.772461
vt 0.045898 0.802734
vt 0.015625 0.802734
vt 0.076172 0.802734
vt 0.106445 0.802734
vt 0.136719 0.802734
vt 0.166992 0.802734
vt 0.197266 0.802734
vt 0.227539 0.802734
vt 0.257812 0.802734
vt 0.288086 0.802734
vt 0.318359 0.802734
vt 0.348633 0.802734
vt 0.378906 0.802734
vt 0.409180 0.802734
vt 0.439453 0.802734
vt 0.469727 0.802734
vt 0.500000 0.802734
vt 0.530273 0.802734
vt 0.560547 0.802734
vt 0.590820 0.802734
vt 0.621094 0.802734
vt 0.651367 0.802734
vt 0.681641 0.802734
vt 0.711914 0.802734
vt 0.742188 0.802734
vt 0.772461 0.802734
vt 0.802734 0.802734
vt 0.833008 0.802734
vt 0.863281 0.802734
vt 0.893555 0.802734
vt 0.923828 0.802734
vt 0.954102 0.802734
vt 0.984375 0.802734
vt 0.045898 0.833008
vt 0.015625 0.833008
vt 0.076172 0.833008
vt 0.106445 0.833008
vt 0.136719 0.833008
vt 0.166992 0.833008
vt 0.197266 0.833008
vt 0.227539 0.833008
vt 0.257812 0.833008
vt 0.288086 0.833008
vt 0.318359 0.833008
vt 0.348633 0.833008
vt 0.378906 0.833008
vt 0.409180 0.833008
vt 0.439453 0.833008
vt 0.469727 0.833008
vt 0.500000 0.833008
vt 0.530273 0.833008
vt 0.560547 0.833008
vt 0.590820 0.833008
vt 0.621094 0.833008
vt 0.651367 0.833008
vt 0.681641 0.833008
vt 0.711914 0.833008
vt 0.742188 0.833008
vt 0.772461 0.833008
vt 0.802734 0.833008
vt 0.833008 0.833008
vt 0.863281 0.833008
vt 0.893555 0.833008
vt 0.923828 0.833008
vt 0.954102 0.833008
vt 0.984375 0.833008
vt 0.045898 0.863281
vt 0.015625 0.863281
vt 0.076172 0.863281
vt 0.106445 0.863281
vt 0.136719 0.863281
vt 0.166992 0.863281
vt 0.197266 0.863281
vt 0.227539 0.863281
vt 0.257812 0.863281
vt 0.288086 0.863281
vt 0.318359 0.863281
vt 0.348633 0.863281
vt 0.378906 0.863281
vt 0.409180 0.863281
vt 0.439453 0.863281
vt 0.469727 0.863281
vt 0.500000 0.863281
vt 0.530273 0.863281
vt 0.560547 0.863281
vt 0.590820 0.863281
vt 0.621094 0.863281
vt 0.651367 0.863281
vt 0.681641 0.863281
vt 0.711914 0.863281
vt 0.742188 0.863281
vt 0.772461 0.863281
vt 0.802734 0.863281
vt 0.833008 0.863281
vt 0.863281 0.863281
vt 0.893555 0.863281
vt 0.923828 0.863281
vt 0.954102 0.863281
vt 0.984375 0.863281
vt 0.045898 0.893555
vt 0.015625 0.893555
vt 0.076172 0.893555
vt 0.106445 0.893555
vt 0.136719 0.893555
vt 0.166992 0.893555
vt 0.197266 0.893555
vt 0.227539 0.893555
vt 0.257812 0.893555
vt 0.288086 0.893555
vt 0.318359 0.893555
vt 0.348633 0.893555
vt 0.378906 0.893555
vt 0.409180 0.893555
vt 0.439453 0.893555
vt 0.469727 0.893555
vt 0.500000 0.893555
vt 0.530273 0.893555
vt 0.560547 0.893555
vt 0.590820 0.893555
vt 0.621094 0.893555
vt 0.651367 0.893555
vt 0.681641 0.893555
vt 0.711914 0.893555
vt 0.742188 0.893555
vt 0.772461 0.893555
vt 0.802734 0.893555
vt 0.833008 0.893555
vt 0.863281 0.893555
vt 0.893555 0.893555
vt 0.923828 0.893555
vt 0.954102 0.893555
vt 0.984375 0.893555
vt 0.045898 0.923828
vt 0.015625 0.923828
vt 0.076172 0.923828
vt 0.106445 0.923828
vt 0.136719 0.923828
vt 0.166992 0.923828
vt 0.197266 0.923828
vt 0.227539 0.923828
vt 0.257812 0.923828
vt 0.288086 0.923828
vt 0.318359 0.923828
vt 0.348633 0.923828
vt 0.378906 0.923828
vt 0.409180 0.923828
vt 0.439453 0.923828
vt 0.469727 0.923828
vt 0.500000 0.923828
vt 0.530273 0.923828
vt 0.560547 0.923828
vt 0.590820 0.923828
vt 0.621094 0.923828
vt 0.651367 0.923828
vt 0.681641 0.923828
vt 0.711914 0.923828
vt 0.742188 0.923828
vt 0.772461 0.923828
vt 0.802734 0.923828
vt 0.833008 0.923828
vt 0.863281 0.923828
vt 0.893555 0.923828
vt 0.923828 0.923828
vt 0.954102 0.923828
vt 0.984375 0.923828
vt 0.045898 0.954102
vt 0.015625 0.954102
vt 0.076172 0.954102
vt 0.106445 0.954102
vt 0.136719 0.954102
vt 0.166992 0.954102
vt 0.197266 0.954102
vt 0.227539 0.954102
vt 0.257812 0.954102
vt 0.288086 0.954102
vt 0.318359 0.954102
vt 0.348633 0.954102
vt 0.378906 0.954102
vt 0.409180 0.954102
vt 0.439453 0.954102
vt 0.469727 0.954102
vt 0.500000 0.954102
vt 0.530273 0.954102
vt 0.560547 0.954102
vt 0.590820 0.954102
vt 0.621094 0.954102
vt 0.651367 0.954102
vt 0.681641 0.954102
vt 0.711914 0.954102
vt 0.742188 0.954102
vt 0.772461 0.954102
vt 0.802734 0.954102
vt 0.833008 0.954102
vt 0.863281 0.954102
vt 0.893555 0.954102
vt 0.923828 0.954102
vt 0.954102 0.954102
vt 0.984375 0.954102
vt 0.045898 0.984375
vt 0.015625 0.984375
vt 0.076172 0.984375
vt 0.106445 0.984375
vt 0.136719 0.984375
vt 0.166992 0.984375
vt 0.197266 0.984375
vt 0.227539 0.984375
vt 0.257812 0.984375
vt 0.288086 0.984375
vt 0.318359 0.984375
vt 0.348633 0.984375
vt 0.378906 0.984375
vt 0.409180 0.984375
vt 0.439453 0.984375
vt 0.469727 0.984375
vt 0.500000 0.984375
vt 0.530273 0.984375
vt 0.560547 0.984375
vt 0.590820 0.984375
vt 0.621094 0.984375
vt 0.651367 0.984375
vt 0.681641 0.984375
vt 0.711914 0.984375
vt 0.742188 0.984375
vt 0.772461 0.984375
vt 0.802734 0.984375
vt 0.833008 0.984375
vt 0.863281 0.984375
vt 0.893555 0.984375
vt 0.923828 0.984375
vt 0.954102 0.984375
vt 0.984375 0.984375
s 1
f 1/1/1 2/2/2 35/3/3
f 1/1/1 35/3/3 34/4/4
f 2/2/2 3/5/5 36/6/6
f 2/2/2 36/6/6 35/3/3
f 3/5/5 4/7/7 37/8/8
f 3/5/5 37/8/8 36/6/6
f 4/7/7 5/9/9 38/10/10
f 4/7/7 38/10/10 37/8/8
f 5/9/9 6/11/11 39/12/12
f 5/9/9 39/12/12 38/10/10
f 6/11/11 7/13/13 40/14/14
f 6/11/11 40/14/14 39/12/12
f 7/13/13 8/15/15 41/16/16
f 7/13/13 41/16/16 40/14/14
f 8/15/15 9/17/17 42/18/18
f 8/15/15 42/18/18 41/16/16
f 9/17/17 10/19/19 43/20/20
f 9/17/17 43/20/20 42/18/18
f 10/19/19 11/21/21 44/22/22
f 10/19/19 44/22/22 43/20/20
f 11/21/21 12/23/23 45/24/24
f 11/21/21 45/24/24 44/22/22
f 12/23/23 13/25/25 46/26/26
f 12/23/23 46/26/26 45/24/24
f 13/25/25 14/27/27 47/28/28
f 13/25/25 47/28/28 46/26/26
f 14/27/27 15/29/29 48/30/30
f 14/27/27 48/30/30 47/28/28
f 15/29/29 16/31/31 49/32/32
f 15/29/29 49/32/32 48/30/30
f 16/31/31 17/33/33 50/34/34
f 16/31/31 50/34/34 49/32/32
f 17/33/33 18/35/35 51/36/36
f 17/33/33 51/36/36 50/34/34
f 18/35/35 19/37/37 52/38/38
f 18/35/35 52/38/38 51/36/36
f 19/37/37 20/39/39 53/40/40
f 19/37/37 53/40/40 52/38/38
f 20/39/39 21/41/41 54/42/42
f 20/39/39 54/42/42 53/40/40
f 21/41/41 22/43/43 55/44/44
f 21/41/41 55/44/44 54/42/42
f 22/43/43 23/45/45 56/46/46
f 22/43/43 56/46/46 55/44/44
f 23/45/45 24/47/47 57/48/48
f 23/45/45 57/48/48 56/46/46
f 24/47/47 25/49/49 58/50/50
f 24/47/47 58/50/50 57/48/48
f 25/49/49 26/51/51 59/52/52
f 25/49/49 59/52/52 58/50/50
f 26/51/51 27/53/53 60/54/54
f 26/51/51 60/54/54 59/52/52
f 27/53/53 28/55/55 61/56/56
f 27/53/53 61/56/56 60/54/54
f 28/55/55 29/57/57 62/58/58
f 28/55/55 62/58/58 61/56/56
f 29/57/57 30/59/59 63/60/60
f 29/57/57 63/60/60 62/58/58
f 30/59/59 31/61/61 64/62/62
f 30/59/59 64/62/62 63/60/60
f 31/61/61 32/63/63 65/64/64
f 31/61/61 65/64/64 64/62/62
f 32/63/63 33/65/65 66/66/66
f 32/63/63 66/66/66 65/64/64
f 34/4/4 35/3/3 68/67/67
f 34/4/4 68/67/67 67/68/68
f 35/3/3 36/6/6 69/69/69
f 35/3/3 69/69/69 68/67/67
f 36/6/6 37/8/8 70/70/70
f 36/6/6 70/70/70 69/69/69
f 37/8/8 38/10/10 71/71/71
f 37/8/8 71/71/71 70/70/70
f 38/10/10 39/12/12 72/72/72
f 38/10/10 72/72/72 71/71/71
f 39/12/12 40/14/14 73/73/73
f 39/12/12 73/73/73 72/72/72
f 40/14/14 41/16/16 74/74/74
f 40/14/14 74/74/74 73/73/73
f 41/16/16 42/18/18 75/75/75
f 41/16/16 75/75/75 74/74/74
f 42/18/18 43/20/20 76/76/76
f 42/18/18 76/76/76 75/75/75
f 43/20/20 44/22/22 77/77/77
f 43/20/20 77/77/77 76/76/76
f 44/22/22 45/24/24 78/78/78
f 44/22/22 78/78/78 77/77/77
f 45/24/24 46/26/26 79/79/79
f 45/24/24 79/79/79 78/78/78
f 46/26/26 47/28/28 80/80/80
f 46/26/26 80/80/80 79/79/79
f 47/28/28 48/30/30 81/81/81
f 47/28/28 81/81/81 80/80/80
f 48/30/30 49/32/32 82/82/82
f 48/30/30 82/82/82 81/81/81
f 49/32/32 50/34/34 83/83/83
f 49/32/32 83/83/83 82/82/82
f 50/34/34 51/36/36 84/84/84
f 50/34/34 84/84/84 83/83/83
f 51/36/36 52/38/38 85/85/85
f 51/36/36 85/85/85 84/84/84
f 52/38/38 53/40/40 86/86/86
f 52/38/38 86/86/86 85/85/85
f 53/40/40 54/42/42 87/87/87
f 53/40/40 87/87/87 86/86/86
f 54/42/42 55/44/44 88/88/88
f 54/42/42 88/88/88 87/87/87
f 55/44/44 56/46/46 89/89/89
f 55/44/44 89/89/89 88/88/88
f 56/46/46 57/48/48 90/90/90
f 56/46/46 90/90/90 89/89/89
f 57/48/48 58/50/50 91/91/91
f 57/48/48 91/91/91 90/90/90
f 58/50/50 59/52/52 92/92/92
f 58/50/50 92/92/92 91/91/91
f 59/52/52 60/54/54 93/93/93
f 59/52/52 93/93/93 92/92/92
f 60/54/54 61/56/56 94/94/94
f 60/54/54 94/94/94 93/93/93
f 61/56/56 62/58/58 95/95/95
f 61/56/56 95/95/95 94/94/94
f 62/58/58 63/60/60 96/96/96
f 62/58/58 96/96/96 95/95/95
f 63/60/60 64/62/62 97/97/97
f 63/60/60 97/97/97 96/96/96
f 64/62/62 65/64/64 98/98/98
f 64/62/62 98/98/98 97/97/97
f 65/64/64 66/66/66 99/99/99
f 65/64/64 99/99/99 98/98/98
f 67/68/68 68/67/67 101/100/100
f 67/68/68 101/100/100 100/101/101
f 68/67/67 69/69/69 102/102/102
f 68/67/67 102/102/102 101/100/100
f 69/69/69 70/70/70 103/103/103
f 69/69/69 103/103/103 102/102/102
f 70/70/70 71/71/71 104/104/104
f 70/70/70 104/104/104 103/103/103
f 71/71/71 72/72/72 105/105/105
f 71/71/71 105/105/105 104/104/104
f 72/72/72 73/73/73 106/106/106
f 72/72/72 106/106/106 105/105/105
f 73/73/73 74/74/74 107/107/107
f 73/73/73 107/107/107 106/106/106
f 74/74/74 75/75/75 108/108/108
f 74/74/74 108/108/108 107/107/107
f 75/75/75 76/76/76 109/109/109
f 75/75/75 109/109/109 108/108/108
f 76/76/76 77/77/77 110/110/110
f 76/76/76 110/110/110 109/109/109
f 77/77/77 78/78/78 111/111/111
f 77/77/77 111/111/111 110/110/110
f 78/78/78 79/79/79 112/112/112
f 78/78/78 112/112/112 111/111/111
f 79/79/79 80/80/80 113/113/113
f 79/79/79 113/113/113 112/112/112
f 80/80/80 81/81/81 114/114/114
f 80/80/80 114/114/114 113/113/113
f 81/81/81 82/82/82 115/115/115
f 81/81/81 115/115/115 114/114/114
f 82/82/82 83/83/83 116/116/116
f 82/82/82 116/116/116 115/115/115
f 83/83/83 84/84/84 117/117/117
f 83/83/83 117/117/117 116/116/116
f 84/84/84 85/85/85 118/118/118
f 84/84/84 118/118/118 117/117/117
f 85/85/85 86/86/86 119/119/119
f 85/85/85 119/119/119 118/118/118
f 86/86/86 87/87/87 120/120/120
f 86/86/86 120/120/120 119/119/119
f 87/87/87 88/88/88 121/121/121
f 87/87/87 121/121/121 120/120/120
f 88/88/88 89/89/89 122/122/122
f 88/88/88 122/122/122 121/121/121
f 89/89/89 90/90/90 123/123/123
f 89/89/89 123/123/123 122/122/122
f 90/90/90 91/91/91 124/124/124
f 90/90/90 124/124/124 123/123/123
f 91/91/91 92/92/92 125/125/125
f 91/91/91 125/125/125 124/124/124
f 92/92/92 93/93/93 126/126/126
f 92/92/92 126/126/126 125/125/125
f 93/93/93 94/94/94 127/127/127
f 93/93/93 127/127/127 126/126/126
f 94/94/94 95/95/95 128/128/128
f 94/94/94 128/128/128 127/127/127
f 95/95/95 96/96/96 129/129/129
f 95/95/95 129/129/129 128/128/128
f 96/96/96 97/97/97 130/130/130
f 96/96/96 130/130/130 129/129/129
f 97/97/97 98/98/98 131/131/131
f 97/97/97 131/131/131 130/130/130
f 98/98/98 99/99/99 132/132/132
f 98/98/98 132/132/132 131/131/131
f 100/101/101 101/100/100 134/133/133
f 100/101/101 134/133/133 133/134/134
f 101/100/100 102/102/102 135/135/135
f 101/100/100 135/135/135 134/133/133
f 102/102/102 103/103/103 136/136/136
f 102/102/102 136/136/136 135/135/135
f 103/103/103 104/104/104 137/137/137
f 103/103/103 137/137/137 136/136/136
f 104/104/104 105/105/105 138/138/138
f 104/104/104 138/138/138 137/137/137
f 105/105/105 106/106/106 139/139/139
f 105/105/105 139/139/139 138/138/138
f 106/106/106 107/107/107 140/140/140
f 106/106/106 140/140/140 139/139/139
f 107/107/107 108/108/108 141/141/141
f 107/107/107 141/141/141 140/140/140
f 108/108/108 109/109/109 142/142/142
f 108/108/108 142/142/142 141/141/141
f 109/109/109 110/110/110 143/143/143
f 109/109/109 143/143/143 142/142/142
f 110/110/110 111/111/111 144/144/144
f 110/110/110 144/144/144 143/143/143
f 111/111/111 112/112/112 145/145/145
f 111/111/111 145/145/145 144/144/144
f 112/112/112 113/113/113 146/146/146
f 112/112/112 146/146/146 145/145/145
f 113/113/113 114/114/114 147/147/147
f 113/113/113 147/147/147 146/146/146
f 114/114/114 115/115/115 148/148/148
f 114/114/114 148/148/148 147/147/147
f 115/115/115 116/116/116 149/149/149
f 115/115/115 149/149/149 148/148/148
f 116/116/116 117/117/117 150/150/150
f 116/116/116 150/150/150 149/149/149
f 117/117/117 118/118/118 151/151/151
f 117/117/117 151/151/151 150/150/150
f 118/118/118 119/119/119 152/152/152
f 118/118/118 152/152/152 151/151/151
f 119/119/119 120/120/120 153/153/153
f 119/119/119 153/153/153 152/152/152
f 120/120/120 121/121/121 154/154/154
f 120/120/120 154/154/154 153/153/153
f 121/121/121 122/122/122 155/155/155
f 121/121/121 155/155/155 154/154/154
f 122/122/122 123/123/123 156/156/156
f 122/122/122 156/156/156 155/155/155
f 123/123/123 124/124/124 157/157/157
f 123/123/123 157/157/157 156/156/156
f 124/124/124 125/125/125 158/158/158
f 124/124/124 158/158/158 157/157/157
f 125/125/125 126/126/126 159/159/159
f 125/125/125 159/159/159 158/158/158
f 126/126/126 127/127/127 160/160/160
f 126/126/126 160/160/160 159/159/159
f 127/127/127 128/128/128 161/161/161
f 127/127/127 161/161/161 160/160/160
f 128/128/128 129/129/129 162/162/162
f 128/128/128 162/162/162 161/161/161
f 129/129/129 130/130/130 163/163/163
f 129/129/129 163/163/163 162/162/162
f 130/130/130 131/131/131 164/164/164
f 130/130/130 164/164/164 163/163/163
f 131/131/131 132/132/132 165/165/165
f 131/131/131 165/165/165 164/164/164
f 133/134/134 134/133/133 167/166/166
f 133/134/134 167/166/166 166/167/167
f 134/133/133 135/135/135 168/168/168
f 134/133/133 168/168/168 167/166/166
f 135/135/135 136/136/136 169/169/169
f 135/135/135 169/169/169 168/168/168
f 136/136/136 137/137/137 170/170/170
f 136/136/136 170/170/170 169/169/169
f 137/137/137 138/138/138 171/171/171
f 137/137/137 171/171/171 170/170/170
f 138/138/138 139/139/139 172/172/172
f 138/138/138 172/172/172 171/171/171
f 139/139/139 140/140/140 173/173/173
f 139/139/139 173/173/173 172/172/172
f 140/140/140 141/141/141 174/174/174
f 140/140/140 174/174/174 173/173/173
f 141/141/141 142/142/142 175/175/175
f 141/141/141 175/175/175 174/174/174
f 142/142/142 143/143/143 176/176/176
f 142/142/142 176/176/176 175/175/175
f 143/143/143 144/144/144 177/177/177
f 143/143/143 177/177/177 176/176/176
f 144/144/144 145/145/145 178/178/178
f 144/144/144 178/178/178 177/177/177
f 145/145/145 146/146/146 179/179/179
f 145/145/145 179/179/179 178/178/178
f 146/146/146 147/147/147 180/180/180
f 146/146/146 180/180/180 179/179/179
f 147/147/147 148/148/148 181/181/181
f 147/147/147 181/181/181 180/180/180
f 148/148/148 149/149/149 182/182/182
f 148/148/148 182/182/182 181/181/181
f 149/149/149 150/150/150 183/183/183
f 149/149/149 183/183/183 182/182/182
f 150/150/150 151/151/151 184/184/184
f 150/150/150 184/184/184 183/183/183
f 151/151/151 152/152/152 185/185/185
f 151/151/151 185/185/185 184/184/184
f 152/152/152 153/153/153 186/186/186
f 152/152/152 186/186/186 185/185/185
f 153/153/153 154/154/154 187/187/187
f 153/153/153 187/187/187 186/186/186
f 154/154/154 155/155/155 188/188/188
f 154/154/154 188/188/188 187/187/187
f 155/155/155 156/156/156 189/189/189
f 155/155/155 189/189/189 188/188/188
f 156/156/156 157/157/157 190/190/190
f 156/156/156 190/190/190 189/189/189
f 157/157/157 158/158/158 191/191/191
f 157/157/157 191/191/191 190/190/190
f 158/158/158 159/159/159 192/192/192
f 158/158/158 192/192/192 191/191/191
f 159/159/159 160/160/160 193/193/193
f 159/159/159 193/193/193 192/192/192
f 160/160/160 161/161/161 194/194/194
f 160/160/160 194/194/194 193/193/193
f 161/161/161 162/162/162 195/195/195
f 161/161/161 195/195/195 194/194/194
f 162/162/162 163/163/163 196/196/196
f 162/162/162 196/196/196 195/195/195
f 163/163/163 164/164/164 197/197/197
f 163/163/163 197/197/197 196/196/196
f 164/164/164 165/165/165 198/198/198
f 164/164/164 198/198/198 197/197/197
f 166/167/167 167/166/166 200/199/199
f 166/167/167 200/199/199 199/200/200
f 167/166/166 168/168/168 201/201/201
f 167/166/166 201/201/201 200/199/199
f 168/168/168 169/169/169 202/202/202
f 168/168/168 202/202/202 201/201/201
f 169/169/169 170/170/170 203/203/203
f 169/169/169 203/203/203 202/202/202
f 170/170/170 171/171/171 204/204/204
f 170/170/170 204/204/204 203/203/203
f 171/171/171 172/172/172 205/205/205
f 171/171/171 205/205/205 204/204/204
f 172/172/172 173/173/173 206/206/206
f 172/172/172 206/206/206 205/205/205
f 173/173/173 174/174/174 207/207/207
f 173/173/173 207/207/207 206/206/206
f 174/174/174 175/175/175 208/208/208
f 174/174/174 208/208/208 207/207/207
f 175/175/175 176/176/176 209/209/209
f 175/175/175 209/209/209 208/208/208
f 176/176/176 177/177/177 210/210/210
f 176/176/176 210/210/210 209/209/209
f 177/177/177 178/178/178 211/211/211
f 177/177/177 211/211/211 210/210/210
f 178/178/178 179/179/179 212/212/212
f 178/178/178 212/212/212 211/211/211
f 179/179/179 180/180/180 213/213/213
f 179/179/179 213/213/213 212/212/212
f 180/180/180 181/181/181 214/214/214
f 180/180/180 214/214/214 213/213/213
f 181/181/181 182/182/182 215/215/215
f 181/181/181 215/215/215 214/214/214
f 182/182/182 183/183/183 216/216/216
f 182/182/182 216/216/216 215/215/215
f 183/183/183 184/184/184 217/217/217
f 183/183/183 217/217/217 216/216/216
f 184/184/184 185/185/185 218/218/218
f 184/184/184 218/218/218 217/217/217
f 185/185/185 186/186/186 219/219/219
f 185/185/185 219/219/219 218/218/218
f 186/186/186 187/187/187 220/220/220
f 186/186/186 220/220/220 219/219/219
f 187/187/187 188/188/188 221/221/221
f 187/187/187 221/221/221 220/220/220
f 188/188/188 189/189/189 222/222/222
f 188/188/188 222/222/222 221/221/221
f 189/189/189 190/190/190 223/223/223
f 189/189/189 223/223/223 222/222/222
f 190/190/190 191/191/191 224/224/224
f 190/190/190 224/224/224 223/223/223
f 191/191/191 192/192/192 225/225/225
f 191/191/191 225/225/225 224/224/224
f 192/192/192 193/193/193 226/226/226
f 192/192/192 226/226/226 225/225/225
f 193/193/193 194/194/194 227/227/227
f 193/193/193 227/227/227 226/226/226
f 194/194/194 195/195/195 228/228/228
f 194/194/194 228/228/228 227/227/227
f 195/195/195 196/196/196 229/229/229
f 195/195/195 229/229/229 228/228/228
f 196/196/196 197/197/197 230/230/230
f 196/196/196 230/230/230 229/229/229
f 197/197/197 198/198/198 231/231/231
f 197/197/197 231/231/231 230/230/230
f 199/200/200 200/199/199 233/232/232
f 199/200/200 233/232/232 232/233/233
f 200/199/199 201/201/201 234/234/234
f 200/199/199 234/234/234 233/232/232
f 201/201/201 202/202/202 235/235/235
f 201/201/201 235/235/235 234/234/234
f 202/202/202 203/203/203 236/236/236
f 202/202/202 236/236/236 235/235/235
f 203/203/203 204/204/204 237/237/237
f 203/203/203 237/237/237 236/236/236
f 204/204/204 205/205/205 238/238/238
f 204/204/204 238/238/238 237/237/237
f 205/205/205 206/206/206 239/239/239
f 205/205/205 239/239/239 238/238/238
f 206/206/206 207/207/207 240/240/240
f 206/206/206 240/240/240 239/239/239
f 207/207/207 208/208/208 241/241/241
f 207/207/207 241/241/241 240/240/240
f 208/208/208 209/209/209 242/242/242
f 208/208/208 242/242/242 241/241/241
f 209/209/209 210/210/210 243/243/243
f 209/209/209 243/243/243 242/242/242
f 210/210/210 211/211/211 244/244/244
f 210/210/210 244/244/244 243/243/243
f 211/211/211 212/212/212 245/245/245
f 211/211/211 245/245/245 244/244/244
f 212/212/212 213/213/213 246/246/246
f 212/212/212 246/246/246 245/245/245
f 213/213/213 214/214/214 247/247/247
f 213/213/213 247/247/247 246/246/246
f 214/214/214 215/215/215 248/248/248
f 214/214/214 248/248/248 247/247/247
f 215/215/215 216/216/216 249/249/249
f 215/215/215 249/249/249 248/248/248
f 216/216/216 217/217/217 250/250/250
f 216/216/216 250/250/250 249/249/249
f 217/217/217 218/218/218 251/251/251
f 217/217/217 251/251/251 250/250/250
f 218/218/218 219/219/219 252/252/252
f 218/218/218 252/252/252 251/251/251
f 219/219/219 220/220/220 253/253/253
f 219/219/219 253/253/253 252/252/252
f 220/220/220 221/221/221 254/254/254
f 220/220/220 254/254/254 253/253/253
f 221/221/221 222/222/222 255/255/255
f 221/221/221 255/255/255 254/254/254
f 222/222/222 223/223/223 256/256/256
f 222/222/222 256/256/256 255/255/255
f 223/223/223 224/224/224 257/257/257
f 223/223/223 257/257/257 256/256/256
f 224/224/224 225/225/225 258/258/258
f 224/224/224 258/258/258 257/257/257
f 225/225/225 226/226/226 259/259/259
f 225/225/225 259/259/259 258/258/258
f 226/226/226 227/227/227 260/260/260
f 226/226/226 260/260/260 259/259/259
f 227/227/227 228/228/228 261/261/261
f 227/227/227 261/261/261 260/260/260
f 228/228/228 229/229/229 262/262/262
f 228/228/228 262/262/262 261/261/261
f 229/229/229 230/230/230 263/263/263
f 229/229/229 263/263/263 262/262/262
f 230/230/230 231/231/231 264/264/264
f 230/230/230 264/264/264 263/263/263
f 232/233/233 233/232/232 266/265/265
f 232/233/233 266/265/265 265/266/266
f 233/232/232 234/234/234 267/267/267
f 233/232/232 267/267/267 266/265/265
f 234/234/234 235/235/235 268/268/268
f 234/234/234 268/268/268 267/267/267
f 235/235/235 236/236/236 269/269/269
f 235/235/235 269/269/269 268/268/268
f 236/236/236 237/237/237 270/270/270
f 236/236/236 270/270/270 269/269/269
f 237/237/237 238/238/238 271/271/271
f 237/237/237 271/271/271 270/270/270
f 238/238/238 239/239/239 272/272/272
f 238/238/238 272/272/272 271/271/271
f 239/239/239 240/240/240 273/273/273
f 239/239/239 273/273/273 272/272/272
f 240/240/240 241/241/241 274/274/274
f 240/240/240 274/274/274 273/273/273
f 241/241/241 242/242/242 275/275/275
f 241/241/241 275/275/275 274/274/274
f 242/242/242 243/243/243 276/276/276
f 242/242/242 276/276/276 275/275/275
f 243/243/243 244/244/244 277/277/277
f 243/243/243 277/277/277 276/276/276
f 244/244/244 245/245/245 278/278/278
f 244/244/244 278/278/278 277/277/277
f 245/245/245 246/246/246 279/279/279
f 245/245/245 279/279/279 278/278/278
f 246/246/246 247/247/247 280/280/280
f 246/246/246 280/280/280 279/279/279
f 247/247/247 248/248/248 281/281/281
f 247/247/247 281/281/281 280/280/280
f 248/248/248 249/249/249 282/282/282
f 248/248/248 282/282/282 281/281/281
f 249/249/249 250/250/250 283/283/283
f 249/249/249 283/283/283 282/282/282
f 250/250/250 251/251/251 284/284/284
f 250/250/250 284/284/284 283/283/283
f 251/251/251 252/252/252 285/285/285
f 251/251/251 285/285/285 284/284/284
f 252/252/252 253/253/253 286/286/286
f 252/252/252 286/286/286 285/285/285
f 253/253/253 254/254/254 287/287/287
f 253/253/253 287/287/287 286/286/286
f 254/254/254 255/255/255 288/288/288
f 254/254/254 288/288/288 287/287/287
f 255/255/255 256/256/256 289/289/289
f 255/255/255 289/289/289 288/288/288
f 256/256/256 257/257/257 290/290/290
f 256/256/256 290/290/290 289/289/289
f 257/257/257 258/258/258 291/291/291
f 257/257/257 291/291/291 290/290/290
f 258/258/258 259/259/259 292/292/292
f 258/258/258 292/292/292 291/291/291
f 259/259/259 260/260/260 293/293/293
f 259/259/259 293/293/293 292/292/292
f 260/260/260 261/261/261 294/294/294
f 260/260/260 294/294/294 293/293/293
f 261/261/261 262/262/262 295/295/295
f 261/261/261 295/295/295 294/294/294
f 262/262/262 263/263/263 296/296/296
f 262/262/262 296/296/296 295/295/295
f 263/263/263 264/264/264 297/297/297
f 263/263/263 297/297/297 296/296/296
f 265/266/266 266/265/265 299/298/298
f 265/266/266 299/298/298 298/299/299
f 266/265/265 267/267/267 300/300/300
f 266/265/265 300/300/300 299/298/298
f 267/267/267 268/268/268 301/301/301
f 267/267/267 301/301/301 300/300/300
f 268/268/268 269/269/269 302/302/302
f 268/268/268 302/302/302 301/301/301
f 269/269/269 270/270/270 303/303/303
f 269/269/269 303/303/303 302/302/302
f 270/270/270 271/271/271 304/304/304
f 270/270/270 304/304/304 303/303/303
f 271/271/271 272/272/272 305/305/305
f 271/271/271 305/305/305 304/304/304
f 272/272/272 273/273/273 306/306/306
f 272/272/272 306/306/306 305/305/305
f 273/273/273 274/274/274 307/307/307
f 273/273/273 307/307/307 306/306/306
f 274/274/274 275/275/275 308/308/308
f 274/274/274 308/308/308 307/307/307
f 275/275/275 276/276/276 309/309/309
f 275/275/275 309/309/309 308/308/308
f 276/276/276 277/277/277 310/310/310
f 276/276/276 310/310/310 309/309/309
f 277/277/277 278/278/278 311/311/311
f 277/277/277 311/311/311 310/310/310
f 278/278/278 279/279/279 312/312/312
f 278/278/278 312/312/312 311/311/311
f 279/279/279 280/280/280 313/313/313
f 279/279/279 313/313/313 312/312/312
f 280/280/280 281/281/281 314/314/314
f 280/280/280 314/314/314 313/313/313
f 281/281/281 282/282/282 315/315/315
f 281/281/281 315/315/315 314/314/314
f 282/282/282 283/283/283 316/316/316
f 282/282/282 316/316/316 315/315/315
f 283/283/283 284/284/284 317/317/317
f 283/283/283 317/317/317 316/316/316
f 284/284/284 285/285/285 318/318/318
f 284/284/284 318/318/318 317/317/317
f 285/285/285 286/286/286 319/319/319
f 285/285/285 319/319/319 318/318/318
f 286/286/286 287/287/287 320/320/320
f 286/286/286 320/320/320 319/319/319
f 287/287/287 288/288/288 321/321/321
f 287/287/287 321/321/321 320/320/320
f 288/288/288 289/289/289 322/322/322
f 288/288/288 322/322/322 321/321/321
f 289/289/289 290/290/290 323/323/323
f 289/289/289 323/323/323 322/322/322
f 290/290/290 291/291/291 324/324/324
f 290/290/290 324/324/324 323/323/323
f 291/291/291 292/292/292 325/325/325
f 291/291/291 325/325/325 324/324/324
f 292/292/292 293/293/293 326/326/326
f 292/292/292 326/326/326 325/325/325
f 293/293/293 294/294/294 327/327/327
f 293/293/293 327/327/327 326/326/326
f 294/294/294 295/295/295 328/328/328
f 294/294/294 328/328/328 327/327/327
f 295/295/295 296/296/296 329/329/329
f 295/295/295 329/329/329 328/328/328
f 296/296/296 297/297/297 330/330/330
f 296/296/296 330/330/330 329/329/329
f 298/299/299 299/298/298 332/331/331
f 298/299/299 332/331/331 331/332/332
f 299/298/298 300/300/300 333/333/333
f 299/298/298 333/333/333 332/331/331
f 300/300/300 301/301/301 334/334/334
f 300/300/300 334/334/334 333/333/333
f 301/301/301 302/302/302 335/335/335
f 301/301/301 335/335/335 334/334/334
f 302/302/302 303/303/303 336/336/336
f 302/302/302 336/336/336 335/335/335
f 303/303/303 304/304/304 337/337/337
f 303/303/303 337/337/337 336/336/336
f 304/304/304 305/305/305 338/338/338
f 304/304/304 338/338/338 337/337/337
f 305/305/305 306/306/306 339/339/339
f 305/305/305 339/339/339 338/338/338
f 306/306/306 307/307/307 340/340/340
f 306/306/306 340/340/340 339/339/339
f 307/307/307 308/308/308 341/341/341
f 307/307/307 341/341/341 340/340/340
f 308/308/308 309/309/309 342/342/342
f 308/308/308 342/342/342 341/341/341
f 309/309/309 310/310/310 343/343/343
f 309/309/309 343/343/343 342/342/342
f 310/310/310 311/311/311 344/344/344
f 310/310/310 344/344/344 343/343/343
f 311/311/311 312/312/312 345/345/345
f 311/311/311 345/345/345 344/344/344
f 312/312/312 313/313/313 346/346/346
f 312/312/312 346/346/346 345/345/345
f 313/313/313 314/314/314 347/347/347
f 313/313/313 347/347/347 346/346/346
f 314/314/314 315/315/315 348/348/348
f 314/314/314 348/348/348 347/347/347
f 315/315/315 316/316/316 349/349/349
f 315/315/315 349/349/349 348/348/348
f 316/316/316 317/317/317 350/350/350
f 316/316/316 350/350/350 349/349/349
f 317/317/317 318/318/318 351/351/351
f 317/317/317 351/351/351 350/350/350
f 318/318/318 319/319/319 352/352/352
f 318/318/318 352/352/352 351/351/351
f 319/319/319 320/320/320 353/353/353
f 319/319/319 353/353/353 352/352/352
f 320/320/320 321/321/321 354/354/354
f 320/320/320 354/354/354 353/353/353
f 321/321/321 322/322/322 355/355/355
f 321/321/321 355/355/355 354/354/354
f 322/322/322 323/323/323 356/356/356
f 322/322/322 356/356/356 355/355/355
f 323/323/323 324/324/324 357/357/357
f 323/323/323 357/357/357 356/356/356
f 324/324/324 325/325/325 358/358/358
f 324/324/324 358/358/358 357/357/357
f 325/325/325 326/326/326 359/359/359
f 325/325/325 359/359/359 358/358/358
f 326/326/326 327/327/327 360/360/360
f 326/326/326 360/360/360 359/359/359
f 327/327/327 328/328/328 361/361/361
f 327/327/327 361/361/361 360/360/360
f 328/328/328 329/329/329 362/362/362
f 328/328/328 362/362/362 361/361/361
f 329/329/329 330/330/330 363/363/363
f 329/329/329 363/363/363 362/362/362
f 331/332/332 332/331/331 365/364/364
f 331/332/332 365/364/364 364/365/365
f 332/331/331 333/333/333 366/366/366
f 332/331/331 366/366/366 365/364/364
f 333/333/333 334/334/334 367/367/367
f 333/333/333 367/367/367 366/366/366
f 334/334/334 335/335/335 368/368/368
f 334/334/334 368/368/368 367/367/367
f 335/335/335 336/336/336 369/369/369
f 335/335/335 369/369/369 368/368/368
f 336/336/336 337/337/337 370/370/370
f 336/336/336 370/370/370 369/369/369
f 337/337/337 338/338/338 371/371/371
f 337/337/337 371/371/371 370/370/370
f 338/338/338 339/339/339 372/372/372
f 338/338/338 372/372/372 371/371/371
f 339/339/339 340/340/340 373/373/373
f 339/339/339 373/373/373 372/372/372
f 340/340/340 341/341/341 374/374/374
f 340/340/340 374/374/374 373/373/373
f 341/341/341 342/342/342 375/375/375
f 341/341/341 375/375/375 374/374/374
f 342/342/342 343/343/343 376/376/376
f 342/342/342 376/376/376 375/375/375
f 343/343/343 344/344/344 377/377/377
f 343/343/343 377/377/377 376/376/376
f 344/344/344 345/345/345 378/378/378
f 344/344/344 378/378/378 377/377/377
f 345/345/345 346/346/346 379/379/379
f 345/345/345 379/379/379 378/378/378
f 346/346/346 347/347/347 380/380/380
f 346/346/346 380/380/380 379/379/379
f 347/347/347 348/348/348 381/381/381
f 347/347/347 381/381/381 380/380/380
f 348/348/348 349/349/349 382/382/382
f 348/348/348 382/382/382 381/381/381
f 349/349/349 350/350/350 383/383/383
f 349/349/349 383/383/383 382/382/382
f 350/350/350 351/351/351 384/384/384
f 350/350/350 384/384/384 383/383/383
f 351/351/351 352/352/352 385/385/385
f 351/351/351 385/385/385 384/384/384
f 352/352/352 353/353/353 386/386/386
f 352/352/352 386/386/386 385/385/385
f 353/353/353 354/354/354 387/387/387
f 353/353/353 387/387/387 386/386/386
f 354/354/354 355/355/355 388/388/388
f 354/354/354 388/388/388 387/387/387
f 355/355/355 356/356/356 389/389/389
f 355/355/355 389/389/389 388/388/388
f 356/356/356 357/357/357 390/390/390
f 356/356/356 390/390/390 389/389/389
f 357/357/357 358/358/358 391/391/391
f 357/357/357 391/391/391 390/390/390
f 358/358/358 359/359/359 392/392/392
f 358/358/358 392/392/392 391/391/391
f 359/359/359 360/360/360 393/393/393
f 359/359/359 393/393/393 392/392/392
f 360/360/360 361/361/361 394/394/394
f 360/360/360 394/394/394 393/393/393
f 361/361/361 362/362/362 395/395/395
f 361/361/361 395/395/395 394/394/394
f 362/362/362 363/363/363 396/396/396
f 362/362/362 396/396/396 395/395/395
f 364/365/365 365/364/364 398/397/397
f 364/365/365 398/397/397 397/398/398
f 365/364/364 366/366/366 399/399/399
f 365/364/364 399/399/399 398/397/397
f 366/366/366 367/367/367 400/400/400
f 366/366/366 400/400/400 399/399/399
f 367/367/367 368/368/368 401/401/401
f 367/367/367 401/401/401 400/400/400
f 368/368/368 369/369/369 402/402/402
f 368/368/368 402/402/402 401/401/401
f 369/369/369 370/370/370 403/403/403
f 369/369/369 403/403/403 402/402/402
f 370/370/370 371/371/371 404/404/404
f 370/370/370 404/404/404 403/403/403
f 371/371/371 372/372/372 405/405/405
f 371/371/371 405/405/405 404/404/404
f 372/372/372 373/373/373 406/406/406
f 372/372/372 406/406/406 405/405/405
f 373/373/373 374/374/374 407/407/407
f 373/373/373 407/407/407 406/406/406
f 374/374/374 375/375/375 408/408/408
f 374/374/374 408/408/408 407/407/407
f 375/375/375 376/376/376 409/409/409
f 375/375/375 409/409/409 408/408/408
f 376/376/376 377/377/377 410/410/410
f 376/376/376 410/410/410 409/409/409
f 377/377/377 378/378/378 411/411/411
f 377/377/377 411/411/411 410/410/410
f 378/378/378 379/379/379 412/412/412
f 378/378/378 412/412/412 411/411/411
f 379/379/379 380/380/380 413/413/413
f 379/379/379 413/413/413 412/412/412
f 380/380/380 381/381/381 414/414/414
f 380/380/380 414/414/414 413/413/413
f 381/381/381 382/382/382 415/415/415
f 381/381/381 415/415/415 414/414/414
f 382/382/382 383/383/383 416/416/416
f 382/382/382 416/416/416 415/415/415
f 383/383/383 384/384/384 417/417/417
f 383/383/383 417/417/417 416/416/416
f 384/384/384 385/385/385 418/418/418
f 384/384/384 418/418/418 417/417/417
f 385/385/385 386/386/386 419/419/419
f 385/385/385 419/419/419 418/418/418
f 386/386/386 387/387/387 420/420/420
f 386/386/386 420/420/420 419/419/419
f 387/387/387 388/388/388 421/421/421
f 387/387/387 421/421/421 420/420/420
f 388/388/388 389/389/389 422/422/422
f 388/388/388 422/422/422 421/421/421
f 389/389/389 390/390/390 423/423/423
f 389/389/389 423/423/423 422/422/422
f 390/390/390 391/391/391 424/424/424
f 390/390/390 424/424/424 423/423/423
f 391/391/391 392/392/392 425/425/425
f 391/391/391 425/425/425 424/424/424
f 392/392/392 393/393/393 426/426/426
f 392/392/392 426/426/426 425/425/425
f 393/393/393 394/394/394 427/427/427
f 393/393/393 427/427/427 426/426/426
f 394/394/394 395/395/395 428/428/428
f 394/394/394 428/428/428 427/427/427
f 395/395/395 396/396/396 429/429/429
f 395/395/395 429/429/429 428/428/428
f 397/398/398 398/397/397 431/430/430
f 397/398/398 431/430/430 430/431/431
f 398/397/397 399/399/399 432/432/432
f 398/397/397 432/432/432 431/430/430
f 399/399/399 400/400/400 433/433/433
f 399/399/399 433/433/433 432/432/432
f 400/400/400 401/401/401 434/434/434
f 400/400/400 434/434/434 433/433/433
f 401/401/401 402/402/402 435/435/435
f 401/401/401 435/435/435 434/434/434
f 402/402/402 403/403/403 436/436/436
f 402/402/402 436/436/436 435/435/435
f 403/403/403 404/404/404 437/437/437
f 403/403/403 437/437/437 436/436/436
f 404/404/404 405/405/405 438/438/438
f 404/404/404 438/438/438 437/437/437
f 405/405/405 406/406/406 439/439/439
f 405/405/405 439/439/439 438/438/438
f 406/406/406 407/407/407 440/440/440
f 406/406/406 440/440/440 439/439/439
f 407/407/407 408/408/408 441/441/441
f 407/407/407 441/441/441 440/440/440
f 408/408/408 409/409/409 442/442/442
f 408/408/408 442/442/442 441/441/441
f 409/409/409 410/410/410 443/443/443
f 409/409/409 443/443/443 442/442/442
f 410/410/410 411/411/411 444/444/444
f 410/410/410 444/444/444 443/443/443
f 411/411/411 412/412/412 445/445/445
f 411/411/411 445/445/445 444/444/444
f 412/412/412 413/413/413 446/446/446
f 412/412/412 446/446/446 445/445/445
f 413/413/413 414/414/414 447/447/447
f 413/413/413 447/447/447 446/446/446
f 414/414/414 415/415/415 448/448/448
f 414/414/414 448/448/448 447/447/447
f 415/415/415 416/416/416 449/449/449
f 415/415/415 449/449/449 448/448/448
f 416/416/416 417/417/417 450/450/450
f 416/416/416 450/450/450 449/449/449
f 417/417/417 418/418/418 451/451/451
f 417/417/417 451/451/451 450/450/450
f 418/418/418 419/419/419 452/452/452
f 418/418/418 452/452/452 451/451/451
f 419/419/419 420/420/420 453/453/453
f 419/419/419 453/453/453 452/452/452
f 420/420/420 421/421/421 454/454/454
f 420/420/420 454/454/454 453/453/453
f 421/421/421 422/422/422 455/455/455
f 421/421/421 455/455/455 454/454/454
f 422/422/422 423/423/423 456/456/456
f 422/422/422 456/456/456 455/455/455
f 423/423/423 424/424/424 457/457/457
f 423/423/423 457/457/457 456/456/456
f 424/424/424 425/425/425 458/458/458
f 424/424/424 458/458/458 457/457/457
f 425/425/425 426/426/426 459/459/459
f 425/425/425 459/459/459 458/458/458
f 426/426/426 427/427/427 460/460/460
f 426/426/426 460/460/460 459/459/459
f 427/427/427 428/428/428 461/461/461
f 427/427/427 461/461/461 460/460/460
f 428/428/428 429/429/429 462/462/462
f 428/428/428 462/462/462 461/461/461
f 430/431/431 431/430/430 464/463/463
f 430/431/431 464/463/463 463/464/464
f 431/430/430 432/432/432 465/465/465
f 431/430/430 465/465/465 464/463/463
f 432/432/432 433/433/433 466/466/466
f 432/432/432 466/466/466 465/465/465
f 433/433/433 434/434/434 467/467/467
f 433/433/433 467/467/467 466/466/466
f 434/434/434 435/435/435 468/468/468
f 434/434/434 468/468/468 467/467/467
f 435/435/435 436/436/436 469/469/469
f 435/435/435 469/469/469 468/468/468
f 436/436/436 437/437/437 470/470/470
f 436/436/436 470/470/470 469/469/469
f 437/437/437 438/438/438 471/471/471
f 437/437/437 471/471/471 470/470/470
f 438/438/438 439/439/439 472/472/472
f 438/438/438 472/472/472 471/471/471
f 439/439/439 440/440/440 473/473/473
f 439/439/439 473/473/473 472/472/472
f 440/440/440 441/441/441 474/474/474
f 440/440/440 474/474/474 473/473/473
f 441/441/441 442/442/442 475/475/475
f 441/441/441 475/475/475 474/474/474
f 442/442/442 443/443/443 476/476/476
f 442/442/442 476/476/476 475/475/475
f 443/443/443 444/444/444 477/477/477
f 443/443/443 477/477/477 476/476/476
f 444/444/444 445/445/445 478/478/478
f 444/444/444 478/478/478 477/477/477
f 445/445/445 446/446/446 479/479/479
f 445/445/445 479/479/479 478/478/478
f 446/446/446 447/447/447 480/480/480
f 446/446/446 480/480/480 479/479/479
f 447/447/447 448/448/448 481/481/481
f 447/447/447 481/481/481 480/480/480
f 448/448/448 449/449/449 482/482/482
f 448/448/448 482/482/482 481/481/481
f 449/449/449 450/450/450 483/483/483
f 449/449/449 483/483/483 482/482/482
f 450/450/450 451/451/451 484/484/484
f 450/450/450 484/484/484 483/483/483
f 451/451/451 452/452/452 485/485/485
f 451/451/451 485/485/485 484/484/484
f 452/452/452 453/453/453 486/486/486
f 452/452/452 486/486/486 485/485/485
f 453/453/453 454/454/454 487/487/487
f 453/453/453 487/487/487 486/486/486
f 454/454/454 455/455/455 488/488/488
f 454/454/454 488/488/488 487/487/487
f 455/455/455 456/456/456 489/489/489
f 455/455/455 489/489/489 488/488/488
f 456/456/456 457/457/457 490/490/490
f 456/456/456 490/490/490 489/489/489
f 457/457/457 458/458/458 491/491/491
f 457/457/457 491/491/491 490/490/490
f 458/458/458 459/459/459 492/492/492
f 458/458/458 492/492/492 491/491/491
f 459/459/459 460/460/460 493/493/493
f 459/459/459 493/493/493 492/492/492
f 460/460/460 461/461/461 494/494/494
f 460/460/460 494/494/494 493/493/493
f 461/461/461 462/462/462 495/495/495
f 461/461/461 495/495/495 494/494/494
f 463/464/464 464/463/463 497/496/496
f 463/464/464 497/496/496 496/497/497
f 464/463/463 465/465/465 498/498/498
f 464/463/463 498/498/498 497/496/496
f 465/465/465 466/466/466 499/499/499
f 465/465/465 499/499/499 498/498/498
f 466/466/466 467/467/467 500/500/500
f 466/466/466 500/500/500 499/499/499
f 467/467/467 468/468/468 501/501/501
f 467/467/467 501/501/501 500/500/500
f 468/468/468 469/469/469 502/502/502
f 468/468/468 502/502/502 501/501/501
f 469/469/469 470/470/470 503/503/503
f 469/469/469 503/503/503 502/502/502
f 470/470/470 471/471/471 504/504/504
f 470/470/470 504/504/504 503/503/503
f 471/471/471 472/472/472 505/505/505
f 471/471/471 505/505/505 504/504/504
f 472/472/472 473/473/473 506/506/506
f 472/472/472 506/506/506 505/505/505
f 473/473/473 474/474/474 507/507/507
f 473/473/473 507/507/507 506/506/506
f 474/474/474 475/475/475 508/508/508
f 474/474/474 508/508/508 507/507/507
f 475/475/475 476/476/476 509/509/509
f 475/475/475 509/509/509 508/508/508
f 476/476/476 477/477/477 510/510/510
f 476/476/476 510/510/510 509/509/509
f 477/477/477 478/478/478 511/511/511
f 477/477/477 511/511/511 510/510/510
f 478/478/478 479/479/479 512/512/512
f 478/478/478 512/512/512 511/511/511
f 479/479/479 480/480/480 513/513/513
f 479/479/479 513/513/513 512/512/512
f 480/480/480 481/481/481 514/514/514
f 480/480/480 514/514/514 513/513/513
f 481/481/481 482/482/482 515/515/515
f 481/481/481 515/515/515 514/514/514
f 482/482/482 483/483/483 516/516/516
f 482/482/482 516/516/516 515/515/515
f 483/483/483 484/484/484 517/517/517
f 483/483/483 517/517/517 516/516/516
f 484/484/484 485/485/485 518/518/518
f 484/484/484 518/518/518 517/517/517
f 485/485/485 486/486/486 519/519/519
f 485/485/485 519/519/519 518/518/518
f 486/486/486 487/487/487 520/520/520
f 486/486/486 520/520/520 519/519/519
f 487/487/487 488/488/488 521/521/521
f 487/487/487 521/521/521 520/520/520
f 488/488/488 489/489/489 522/522/522
f 488/488/488 522/522/522 521/521/521
f 489/489/489 490/490/490 523/523/523
f 489/489/489 523/523/523 522/522/522
f 490/490/490 491/491/491 524/524/524
f 490/490/490 524/524/524 523/523/523
f 491/491/491 492/492/492 525/525/525
f 491/491/491 525/525/525 524/524/524
f 492/492/492 493/493/493 526/526/526
f 492/492/492 526/526/526 525/525/525
f 493/493/493 494/494/494 527/527/527
f 493/493/493 527/527/527 526/526/526
f 494/494/494 495/495/495 528/528/528
f 494/494/494 528/528/528 527/527/527
f 496/497/497 497/496/496 530/529/529
f 496/497/497 530/529/529 529/530/530
f 497/496/496 498/498/498 531/531/531
f 497/496/496 531/531/531 530/529/529
f 498/498/498 499/499/499 532/532/532
f 498/498/498 532/532/532 531/531/531
f 499/499/499 500/500/500 533/533/533
f 499/499/499 533/533/533 532/532/532
f 500/500/500 501/501/501 534/534/534
f 500/500/500 534/534/534 533/533/533
f 501/501/501 502/502/502 535/535/535
f 501/501/501 535/535/535 534/534/534
f 502/502/502 503/503/503 536/536/536
f 502/502/502 536/536/536 535/535/535
f 503/503/503 504/504/504 537/537/537
f 503/503/503 537/537/537 536/536/536
f 504/504/504 505/505/505 538/538/538
f 504/504/504 538/538/538 537/537/537
f 505/505/505 506/506/506 539/539/539
f 505/505/505 539/539/539 538/538/538
f 506/506/506 507/507/507 540/540/540
f 506/506/506 540/540/540 539/539/539
f 507/507/507 508/508/508 541/541/541
f 507/507/507 541/541/541 540/540/540
f 508/508/508 509/509/509 542/542/542
f 508/508/508 542/542/542 541/541/541
f 509/509/509 510/510/510 543/543/543
f 509/509/509 543/543/543 542/542/542
f 510/510/510 511/511/511 544/544/544
f 510/510/510 544/544/544 543/543/543
f 511/511/511 512/512/512 545/545/545
f 511/511/511 545/545/545 544/544/544
f 512/512/512 513/513/513 546/546/546
f 512/512/512 546/546/546 545/545/545
f 513/513/513 514/514/514 547/547/547
f 513/513/513 547/547/547 546/546/546
f 514/514/514 515/515/515 548/548/548
f 514/514/514 548/548/548 547/547/547
f 515/515/515 516/516/516 549/549/549
f 515/515/515 549/549/549 548/548/548
f 516/516/516 517/517/517 550/550/550
f 516/516/516 550/550/550 549/549/549
f 517/517/517 518/518/518 551/551/551
f 517/517/517 551/551/551 550/550/550
f 518/518/518 519/519/519 552/552/552
f 518/518/518 552/552/552 551/551/551
f 519/519/519 520/520/520 553/553/553
f 519/519/519 553/553/553 552/552/552
f 520/520/520 521/521/521 554/554/554
f 520/520/520 554/554/554 553/553/553
f 521/521/521 522/522/522 555/555/555
f 521/521/521 555/555/555 554/554/554
f 522/522/522 523/523/523 556/556/556
f 522/522/522 556/556/556 555/555/555
f 523/523/523 524/524/524 557/557/557
f 523/523/523 557/557/557 556/556/556
f 524/524/524 525/525/525 558/558/558
f 524/524/524 558/558/558 557/557/557
f 525/525/525 526/526/526 559/559/559
f 525/525/525 559/559/559 558/558/558
f 526/526/526 527/527/527 560/560/560
f 526/526/526 560/560/560 559/559/559
f 527/527/527 528/528/528 561/561/561
f 527/527/527 561/561/561 560/560/560
f 529/530/530 530/529/529 563/562/562
f 529/530/530 563/562/562 562/563/563
f 530/529/529 531/531/531 564/564/564
f 530/529/529 564/564/564 563/562/562
f 531/531/531 532/532/532 565/565/565
f 531/531/531 565/565/565 564/564/564
f 532/532/532 533/533/533 566/566/566
f 532/532/532 566/566/566 565/565/565
f 533/533/533 534/534/534 567/567/567
f 533/533/533 567/567/567 566/566/566
f 534/534/534 535/535/535 568/568/568
f 534/534/534 568/568/568 567/567/567
f 535/535/535 536/536/536 569/569/569
f 535/535/535 569/569/569 568/568/568
f 536/536/536 537/537/537 570/570/570
f 536/536/536 570/570/570 569/569/569
f 537/537/537 538/538/538 571/571/571
f 537/537/537 571/571/571 570/570/570
f 538/538/538 539/539/539 572/572/572
f 538/538/538 572/572/572 571/571/571
f 539/539/539 540/540/540 573/573/573
f 539/539/539 573/573/573 572/572/572
f 540/540/540 541/541/541 574/574/574
f 540/540/540 574/574/574 573/573/573
f 541/541/541 542/542/542 575/575/575
f 541/541/541 575/575/575 574/574/574
f 542/542/542 543/543/543 576/576/576
f 542/542/542 576/576/576 575/575/575
f 543/543/543 544/544/544 577/577/577
f 543/543/543 577/577/577 576/576/576
f 544/544/544 545/545/545 578/578/578
f 544/544/544 578/578/578 577/577/577
f 545/545/545 546/546/546 579/579/579
f 545/545/545 579/579/579 578/578/578
f 546/546/546 547/547/547 580/580/580
f 546/546/546 580/580/580 579/579/579
f 547/547/547 548/548/548 581/581/581
f 547/547/547 581/581/581 580/580/580
f 548/548/548 549/549/549 582/582/582
f 548/548/548 582/582/582 581/581/581
f 549/549/549 550/550/550 583/583/583
f 549/549/549 583/583/583 582/582/582
f 550/550/550 551/551/551 584/584/584
f 550/550/550 584/584/584 583/583/583
f 551/551/551 552/552/552 585/585/585
f 551/551/551 585/585/585 584/584/584
f 552/552/552 553/553/553 586/586/586
f 552/552/552 586/586/586 585/585/585
f 553/553/553 554/554/554 587/587/587
f 553/553/553 587/587/587 586/586/586
f 554/554/554 555/555/555 588/588/588
f 554/554/554 588/588/588 587/587/587
f 555/555/555 556/556/556 589/589/589
f 555/555/555 589/589/589 588/588/588
f 556/556/556 557/557/557 590/590/590
f 556/556/556 590/590/590 589/589/589
f 557/557/557 558/558/558 591/591/591
f 557/557/557 591/591/591 590/590/590
f 558/558/558 559/559/559 592/592/592
f 558/558/558 592/592/592 591/591/591
f 559/559/559 560/560/560 593/593/593
f 559/559/559 593/593/593 592/592/592
f 560/560/560 561/561/561 594/594/594
f 560/560/560 594/594/594 593/593/593
f 562/563/563 563/562/562 596/595/595
f 562/563/563 596/595/595 595/596/596
f 563/562/562 564/564/564 597/597/597
f 563/562/562 597/597/597 596/595/595
f 564/564/564 565/565/565 598/598/598
f 564/564/564 598/598/598 597/597/597
f 565/565/565 566/566/566 599/599/599
f 565/565/565 599/599/599 598/598/598
f 566/566/566 567/567/567 600/600/600
f 566/566/566 600/600/600 599/599/599
f 567/567/567 568/568/568 601/601/601
f 567/567/567 601/601/601 600/600/600
f 568/568/568 569/569/569 602/602/602
f 568/568/568 602/602/602 601/601/601
f 569/569/569 570/570/570 603/603/603
f 569/569/569 603/603/603 602/602/602
f 570/570/570 571/571/571 604/604/604
f 570/570/570 604/604/604 603/603/603
f 571/571/571 572/572/572 605/605/605
f 571/571/571 605/605/605 604/604/604
f 572/572/572 573/573/573 606/606/606
f 572/572/572 606/606/606 605/605/605
f 573/573/573 574/574/574 607/607/607
f 573/573/573 607/607/607 606/606/606
f 574/574/574 575/575/575 608/608/608
f 574/574/574 608/608/608 607/607/607
f 575/575/575 576/576/576 609/609/609
f 575/575/575 609/609/609 608/608/608
f 576/576/576 577/577/577 610/610/610
f 576/576/576 610/610/610 609/609/609
f 577/577/577 578/578/578 611/611/611
f 577/577/577 611/611/611 610/610/610
f 578/578/578 579/579/579 612/612/612
f 578/578/578 612/612/612 611/611/611
f 579/579/579 580/580/580 613/613/613
f 579/579/579 613/613/613 612/612/612
f 580/580/580 581/581/581 614/614/614
f 580/580/580 614/614/614 613/613/613
f 581/581/581 582/582/582 615/615/615
f 581/581/581 615/615/615 614/614/614
f 582/582/582 583/583/583 616/616/616
f 582/582/582 616/616/616 615/615/615
f 583/583/583 584/584/584 617/617/617
f 583/583/583 617/617/617 616/616/616
f 584/584/584 585/585/585 618/618/618
f 584/584/584 618/618/618 617/617/617
f 585/585/585 586/586/586 619/619/619
f 585/585/585 619/619/619 618/618/618
f 586/586/586 587/587/587 620/620/620
f 586/586/586 620/620/620 619/619/619
f 587/587/587 588/588/588 621/621/621
f 587/587/587 621/621/621 620/620/620
f 588/588/588 589/589/589 622/622/622
f 588/588/588 622/622/622 621/621/621
f 589/589/589 590/590/590 623/623/623
f 589/589/589 623/623/623 622/622/622
f 590/590/590 591/591/591 624/624/624
f 590/590/590 624/624/624 623/623/623
f 591/591/591 592/592/592 625/625/625
f 591/591/591 625/625/625 624/624/624
f 592/592/592 593/593/593 626/626/626
f 592/592/592 626/626/626 625/625/625
f 593/593/593 594/594/594 627/627/627
f 593/593/593 627/627/627 626/626/626
f 595/596/596 596/595/595 629/628/628
f 595/596/596 629/628/628 628/629/629
f 596/595/595 597/597/597 630/630/630
f 596/595/595 630/630/630 629/628/628
f 597/597/597 598/598/598 631/631/631
f 597/597/597 631/631/631 630/630/630
f 598/598/598 599/599/599 632/632/632
f 598/598/598 632/632/632 631/631/631
f 599/599/599 600/600/600 633/633/633
f 599/599/599 633/633/633 632/632/632
f 600/600/600 601/601/601 634/634/634
f 600/600/600 634/634/634 633/633/633
f 601/601/601 602/602/602 635/635/635
f 601/601/601 635/635/635 634/634/634
f 602/602/602 603/603/603 636/636/636
f 602/602/602 636/636/636 635/635/635
f 603/603/603 604/604/604 637/637/637
f 603/603/603 637/637/637 636/636/636
f 604/604/604 605/605/605 638/638/638
f 604/604/604 638/638/638 637/637/637
f 605/605/605 606/606/606 639/639/639
f 605/605/605 639/639/639 638/638/638
f 606/606/606 607/607/607 640/640/640
f 606/606/606 640/640/640 639/639/639
f 607/607/607 608/608/608 641/641/641
f 607/607/607 641/641/641 640/640/640
f 608/608/608 609/609/609 642/642/642
f 608/608/608 642/642/642 641/641/641
f 609/609/609 610/610/610 643/643/643
f 609/609/609 643/643/643 642/642/642
f 610/610/610 611/611/611 644/644/644
f 610/610/610 644/644/644 643/643/643
f 611/611/611 612/612/612 645/645/645
f 611/611/611 645/645/645 644/644/644
f 612/612/612 613/613/613 646/646/646
f 612/612/612 646/646/646 645/645/645
f 613/613/613 614/614/614 647/647/647
f 613/613/613 647/647/647 646/646/646
f 614/614/614 615/615/615 648/648/648
f 614/614/614 648/648/648 647/647/647
f 615/615/615 616/616/616 649/649/649
f 615/615/615 649/649/649 648/648/648
f 616/616/616 617/617/617 650/650/650
f 616/616/616 650/650/650 649/649/649
f 617/617/617 618/618/618 651/651/651
f 617/617/617 651/651/651 650/650/650
f 618/618/618 619/619/619 652/652/652
f 618/618/618 652/652/652 651/651/651
f 619/619/619 620/620/620 653/653/653
f 619/619/619 653/653/653 652/652/652
f 620/620/620 621/621/621 654/654/654
f 620/620/620 654/654/654 653/653/653
f 621/621/621 622/622/622 655/655/655
f 621/621/621 655/655/655 654/654/654
f 622/622/622 623/623/623 656/656/656
f 622/622/622 656/656/656 655/655/655
f 623/623/623 624/624/624 657/657/657
f 623/623/623 657/657/657 656/656/656
f 624/624/624 625/625/625 658/658/658
f 624/624/624 658/658/658 657/657/657
f 625/625/625 626/626/626 659/659/659
f 625/625/625 659/659/659 658/658/658
f 626/626/626 627/627/627 660/660/660
f 626/626/626 660/660/660 659/659/659
f 628/629/629 629/628/628 662/661/661
f 628/629/629 662/661/661 661/662/662
f 629/628/628 630/630/630 663/663/663
f 629/628/628 663/663/663 662/661/661
f 630/630/630 631/631/631 664/664/664
f 630/630/630 664/664/664 663/663/663
f 631/631/631 632/632/632 665/665/665
f 631/631/631 665/665/665 664/664/664
f 632/632/632 633/633/633 666/666/666
f 632/632/632 666/666/666 665/665/665
f 633/633/633 634/634/634 667/667/667
f 633/633/633 667/667/667 666/666/666
f 634/634/634 635/635/635 668/668/668
f 634/634/634 668/668/668 667/667/667
f 635/635/635 636/636/636 669/669/669
f 635/635/635 669/669/669 668/668/668
f 636/636/636 637/637/637 670/670/670
f 636/636/636 670/670/670 669/669/669
f 637/637/637 638/638/638 671/671/671
f 637/637/637 671/671/671 670/670/670
f 638/638/638 639/639/639 672/672/672
f 638/638/638 672/672/672 671/671/671
f 639/639/639 640/640/640 673/673/673
f 639/639/639 673/673/673 672/672/672
f 640/640/640 641/641/641 674/674/674
f 640/640/640 674/674/674 673/673/673
f 641/641/641 642/642/642 675/675/675
f 641/641/641 675/675/675 674/674/674
f 642/642/642 643/643/643 676/676/676
f 642/642/642 676/676/676 675/675/675
f 643/643/643 644/644/644 677/677/677
f 643/643/643 677/677/677 676/676/676
f 644/644/644 645/645/645 678/678/678
f 644/644/644 678/678/678 677/677/677
f 645/645/645 646/646/646 679/679/679
f 645/645/645 679/679/679 678/678/678
f 646/646/646 647/647/647 680/680/680
f 646/646/646 680/680/680 679/679/679
f 647/647/647 648/648/648 681/681/681
f 647/647/647 681/681/681 680/680/680
f 648/648/648 649/649/649 682/682/682
f 648/648/648 682/682/682 681/681/681
f 649/649/649 650/650/650 683/683/683
f 649/649/649 683/683/683 682/682/682
f 650/650/650 651/651/651 684/684/684
f 650/650/650 684/684/684 683/683/683
f 651/651/651 652/652/652 685/685/685
f 651/651/651 685/685/685 684/684/684
f 652/652/652 653/653/653 686/686/686
f 652/652/652 686/686/686 685/685/685
f 653/653/653 654/654/654 687/687/687
f 653/653/653 687/687/687 686/686/686
f 654/654/654 655/655/655 688/688/688
f 654/654/654 688/688/688 687/687/687
f 655/655/655 656/656/656 689/689/689
f 655/655/655 689/689/689 688/688/688
f 656/656/656 657/657/657 690/690/690
f 656/656/656 690/690/690 689/689/689
f 657/657/657 658/658/658 691/691/691
f 657/657/657 691/691/691 690/690/690
f 658/658/658 659/659/659 692/692/692
f 658/658/658 692/692/692 691/691/691
f 659/659/659 660/660/660 693/693/693
f 659/659/659 693/693/693 692/692/692
f 661/662/662 662/661/661 695/694/694
f 661/662/662 695/694/694 694/695/695
f 662/661/661 663/663/663 696/696/696
f 662/661/661 696/696/696 695/694/694
f 663/663/663 664/664/664 697/697/697
f 663/663/663 697/697/697 696/696/696
f 664/664/664 665/665/665 698/698/698
f 664/664/664 698/698/698 697/697/697
f 665/665/665 666/666/666 699/699/699
f 665/665/665 699/699/699 698/698/698
f 666/666/666 667/667/667 700/700/700
f 666/666/666 700/700/700 699/699/699
f 667/667/667 668/668/668 701/701/701
f 667/667/667 701/701/701 700/700/700
f 668/668/668 669/669/669 702/702/702
f 668/668/668 702/702/702 701/701/701
f 669/669/669 670/670/670 703/703/703
f 669/669/669 703/703/703 702/702/702
f 670/670/670 671/671/671 704/704/704
f 670/670/670 704/704/704 703/703/703
f 671/671/671 672/672/672 705/705/705
f 671/671/671 705/705/705 704/704/704
f 672/672/672 673/673/673 706/706/706
f 672/672/672 706/706/706 705/705/705
f 673/673/673 674/674/674 707/707/707
f 673/673/673 707/707/707 706/706/706
f 674/674/674 675/675/675 708/708/708
f 674/674/674 708/708/708 707/707/707
f 675/675/675 676/676/676 709/709/709
f 675/675/675 709/709/709 708/708/708
f 676/676/676 677/677/677 710/710/710
f 676/676/676 710/710/710 709/709/709
f 677/677/677 678/678/678 711/711/711
f 677/677/677 711/711/711 710/710/710
f 678/678/678 679/679/679 712/712/712
f 678/678/678 712/712/712 711/711/711
f 679/679/679 680/680/680 713/713/713
f 679/679/679 713/713/713 712/712/712
f 680/680/680 681/681/681 714/714/714
f 680/680/680 714/714/714 713/713/713
f 681/681/681 682/682/682 715/715/715
f 681/681/681 715/715/715 714/714/714
f 682/682/682 683/683/683 716/716/716
f 682/682/682 716/716/716 715/715/715
f 683/683/683 684/684/684 717/717/717
f 683/683/683 717/717/717 716/716/716
f 684/684/684 685/685/685 718/718/718
f 684/684/684 718/718/718 717/717/717
f 685/685/685 686/686/686 719/719/719
f 685/685/685 719/719/719 718/718/718
f 686/686/686 687/687/687 720/720/720
f 686/686/686 720/720/720 719/719/719
f 687/687/687 688/688/688 721/721/721
f 687/687/687 721/721/721 720/720/720
f 688/688/688 689/689/689 722/722/722
f 688/688/688 722/722/722 721/721/721
f 689/689/689 690/690/690 723/723/723
f 689/689/689 723/723/723 722/722/722
f 690/690/690 691/691/691 724/724/724
f 690/690/690 724/724/724 723/723/723
f 691/691/691 692/692/692 725/725/725
f 691/691/691 725/725/725 724/724/724
f 692/692/692 693/693/693 726/726/726
f 692/692/692 726/726/726 725/725/725
f 694/695/695 695/694/694 728/727/727
f 694/695/695 728/727/727 727/728/728
f 695/694/694 696/696/696 729/729/729
f 695/694/694 729/729/729 728/727/727
f 696/696/696 697/697/697 730/730/730
f 696/696/696 730/730/730 729/729/729
f 697/697/697 698/698/698 731/731/731
f 697/697/697 731/731/731 730/730/730
f 698/698/698 699/699/699 732/732/732
f 698/698/698 732/732/732 731/731/731
f 699/699/699 700/700/700 733/733/733
f 699/699/699 733/733/733 732/732/732
f 700/700/700 701/701/701 734/734/734
f 700/700/700 734/734/734 733/733/733
f 701/701/701 702/702/702 735/735/735
f 701/701/701 735/735/735 734/734/734
f 702/702/702 703/703/703 736/736/736
f 702/702/702 736/736/736 735/735/735
f 703/703/703 704/704/704 737/737/737
f 703/703/703 737/737/737 736/736/736
f 704/704/704 705/705/705 738/738/738
f 704/704/704 738/738/738 737/737/737
f 705/705/705 706/706/706 739/739/739
f 705/705/705 739/739/739 738/738/738
f 706/706/706 707/707/707 740/740/740
f 706/706/706 740/740/740 739/739/739
f 707/707/707 708/708/708 741/741/741
f 707/707/707 741/741/741 740/740/740
f 708/708/708 709/709/709 742/742/742
f 708/708/708 742/742/742 741/741/741
f 709/709/709 710/710/710 743/743/743
f 709/709/709 743/743/743 742/742/742
f 710/710/710 711/711/711 744/744/744
f 710/710/710 744/744/744 743/743/743
f 711/711/711 712/712/712 745/745/745
f 711/711/711 745/745/745 744/744/744
f 712/712/712 713/713/713 746/746/746
f 712/712/712 746/746/746 745/745/745
f 713/713/713 714/714/714 747/747/747
f 713/713/713 747/747/747 746/746/746
f 714/714/714 715/715/715 748/748/748
f 714/714/714 748/748/748 747/747/747
f 715/715/715 716/716/716 749/749/749
f 715/715/715 749/749/749 748/748/748
f 716/716/716 717/717/717 750/750/750
f 716/716/716 750/750/750 749/749/749
f 717/717/717 718/718/718 751/751/751
f 717/717/717 751/751/751 750/750/750
f 718/718/718 719/719/719 752/752/752
f 718/718/718 752/752/752 751/751/751
f 719/719/719 720/720/720 753/753/753
f 719/719/719 753/753/753 752/752/752
f 720/720/720 721/721/721 754/754/754
f 720/720/720 754/754/754 753/753/753
f 721/721/721 722/722/722 755/755/755
f 721/721/721 755/755/755 754/754/754
f 722/722/722 723/723/723 756/756/756
f 722/722/722 756/756/756 755/755/755
f 723/723/723 724/724/724 757/757/757
f 723/723/723 757/757/757 756/756/756
f 724/724/724 725/725/725 758/758/758
f 724/724/724 758/758/758 757/757/757
f 725/725/725 726/726/726 759/759/759
f 725/725/725 759/759/759 758/758/758
f 727/728/728 728/727/727 761/760/760
f 727/728/728 761/760/760 760/761/761
f 728/727/727 729/729/729 762/762/762
f 728/727/727 762/762/762 761/760/760
f 729/729/729 730/730/730 763/763/763
f 729/729/729 763/763/763 762/762/762
f 730/730/730 731/731/731 764/764/764
f 730/730/730 764/764/764 763/763/763
f 731/731/731 732/732/732 765/765/765
f 731/731/731 765/765/765 764/764/764
f 732/732/732 733/733/733 766/766/766
f 732/732/732 766/766/766 765/765/765
f 733/733/733 734/734/734 767/767/767
f 733/733/733 767/767/767 766/766/766
f 734/734/734 735/735/735 768/768/768
f 734/734/734 768/768/768 767/767/767
f 735/735/735 736/736/736 769/769/769
f 735/735/735 769/769/769 768/768/768
f 736/736/736 737/737/737 770/770/770
f 736/736/736 770/770/770 769/769/769
f 737/737/737 738/738/738 771/771/771
f 737/737/737 771/771/771 770/770/770
f 738/738/738 739/739/739 772/772/772
f 738/738/738 772/772/772 771/771/771
f 739/739/739 740/740/740 773/773/773
f 739/739/739 773/773/773 772/772/772
f 740/740/740 741/741/741 774/774/774
f 740/740/740 774/774/774 773/773/773
f 741/741/741 742/742/742 775/775/775
f 741/741/741 775/775/775 774/774/774
f 742/742/742 743/743/743 776/776/776
f 742/742/742 776/776/776 775/775/775
f 743/743/743 744/744/744 777/777/777
f 743/743/743 777/777/777 776/776/776
f 744/744/744 745/745/745 778/778/778
f 744/744/744 778/778/778 777/777/777
f 745/745/745 746/746/746 779/779/779
f 745/745/745 779/779/779 778/778/778
f 746/746/746 747/747/747 780/780/780
f 746/746/746 780/780/780 779/779/779
f 747/747/747 748/748/748 781/781/781
f 747/747/747 781/781/781 780/780/780
f 748/748/748 749/749/749 782/782/782
f 748/748/748 782/782/782 781/781/781
f 749/749/749 750/750/750 783/783/783
f 749/749/749 783/783/783 782/782/782
f 750/750/750 751/751/751 784/784/784
f 750/750/750 784/784/784 783/783/783
f 751/751/751 752/752/752 785/785/785
f 751/751/751 785/785/785 784/784/784
f 752/752/752 753/753/753 786/786/786
f 752/752/752 786/786/786 785/785/785
f 753/753/753 754/754/754 787/787/787
f 753/753/753 787/787/787 786/786/786
f 754/754/754 755/755/755 788/788/788
f 754/754/754 788/788/788 787/787/787
f 755/755/755 756/756/756 789/789/789
f 755/755/755 789/789/789 788/788/788
f 756/756/756 757/757/757 790/790/790
f 756/756/756 790/790/790 789/789/789
f 757/757/757 758/758/758 791/791/791
f 757/757/757 791/791/791 790/790/790
f 758/758/758 759/759/759 792/792/792
f 758/758/758 792/792/792 791/791/791
f 760/761/761 761/760/760 794/793/793
f 760/761/761 794/793/793 793/794/794
f 761/760/760 762/762/762 795/795/795
f 761/760/760 795/795/795 794/793/793
f 762/762/762 763/763/763 796/796/796
f 762/762/762 796/796/796 795/795/795
f 763/763/763 764/764/764 797/797/797
f 763/763/763 797/797/797 796/796/796
f 764/764/764 765/765/765 798/798/798
f 764/764/764 798/798/798 797/797/797
f 765/765/765 766/766/766 799/799/799
f 765/765/765 799/799/799 798/798/798
f 766/766/766 767/767/767 800/800/800
f 766/766/766 800/800/800 799/799/799
f 767/767/767 768/768/768 801/801/801
f 767/767/767 801/801/801 800/800/800
f 768/768/768 769/769/769 802/802/802
f 768/768/768 802/802/802 801/801/801
f 769/769/769 770/770/770 803/803/803
f 769/769/769 803/803/803 802/802/802
f 770/770/770 771/771/771 804/804/804
f 770/770/770 804/804/804 803/803/803
f 771/771/771 772/772/772 805/805/805
f 771/771/771 805/805/805 804/804/804
f 772/772/772 773/773/773 806/806/806
f 772/772/772 806/806/806 805/805/805
f 773/773/773 774/774/774 807/807/807
f 773/773/773 807/807/807 806/806/806
f 774/774/774 775/775/775 808/808/808
f 774/774/774 808/808/808 807/807/807
f 775/775/775 776/776/776 809/809/809
f 775/775/775 809/809/809 808/808/808
f 776/776/776 777/777/777 810/810/810
f 776/776/776 810/810/810 809/809/809
f 777/777/777 778/778/778 811/811/811
f 777/777/777 811/811/811 810/810/810
f 778/778/778 779/779/779 812/812/812
f 778/778/778 812/812/812 811/811/811
f 779/779/779 780/780/780 813/813/813
f 779/779/779 813/813/813 812/812/812
f 780/780/780 781/781/781 814/814/814
f 780/780/780 814/814/814 813/813/813
f 781/781/781 782/782/782 815/815/815
f 781/781/781 815/815/815 814/814/814
f 782/782/782 783/783/783 816/816/816
f 782/782/782 816/816/816 815/815/815
f 783/783/783 784/784/784 817/817/817
f 783/783/783 817/817/817 816/816/816
f 784/784/784 785/785/785 818/818/818
f 784/784/784 818/818/818 817/817/817
f 785/785/785 786/786/786 819/819/819
f 785/785/785 819/819/819 818/818/818
f 786/786/786 787/787/787 820/820/820
f 786/786/786 820/820/820 819/819/819
f 787/787/787 788/788/788 821/821/821
f 787/787/787 821/821/821 820/820/820
f 788/788/788 789/789/789 822/822/822
f 788/788/788 822/822/822 821/821/821
f 789/789/789 790/790/790 823/823/823
f 789/789/789 823/823/823 822/822/822
f 790/790/790 791/791/791 824/824/824
f 790/790/790 824/824/824 823/823/823
f 791/791/791 792/792/792 825/825/825
f 791/791/791 825/825/825 824/824/824
f 793/794/794 794/793/793 827/826/826
f 793/794/794 827/826/826 826/827/827
f 794/793/793 795/795/795 828/828/828
f 794/793/793 828/828/828 827/826/826
f 795/795/795 796/796/796 829/829/829
f 795/795/795 829/829/829 828/828/828
f 796/796/796 797/797/797 830/830/830
f 796/796/796 830/830/830 829/829/829
f 797/797/797 798/798/798 831/831/831
f 797/797/797 831/831/831 830/830/830
f 798/798/798 799/799/799 832/832/832
f 798/798/798 832/832/832 831/831/831
f 799/799/799 800/800/800 833/833/833
f 799/799/799 833/833/833 832/832/832
f 800/800/800 801/801/801 834/834/834
f 800/800/800 834/834/834 833/833/833
f 801/801/801 802/802/802 835/835/835
f 801/801/801 835/835/835 834/834/834
f 802/802/802 803/803/803 836/836/836
f 802/802/802 836/836/836 835/835/835
f 803/803/803 804/804/804 837/837/837
f 803/803/803 837/837/837 836/836/836
f 804/804/804 805/805/805 838/838/838
f 804/804/804 838/838/838 837/837/837
f 805/805/805 806/806/806 839/839/839
f 805/805/805 839/839/839 838/838/838
f 806/806/806 807/807/807 840/840/840
f 806/806/806 840/840/840 839/839/839
f 807/807/807 808/808/808 841/841/841
f 807/807/807 841/841/841 840/840/840
f 808/808/808 809/809/809 842/842/842
f 808/808/808 842/842/842 841/841/841
f 809/809/809 810/810/810 843/843/843
f 809/809/809 843/843/843 842/842/842
f 810/810/810 811/811/811 844/844/844
f 810/810/810 844/844/844 843/843/843
f 811/811/811 812/812/812 845/845/845
f 811/811/811 845/845/845 844/844/844
f 812/812/812 813/813/813 846/846/846
f 812/812/812 846/846/846 845/845/845
f 813/813/813 814/814/814 847/847/847
f 813/813/813 847/847/847 846/846/846
f 814/814/814 815/815/815 848/848/848
f 814/814/814 848/848/848 847/847/847
f 815/815/815 816/816/816 849/849/849
f 815/815/815 849/849/849 848/848/848
f 816/816/816 817/817/817 850/850/850
f 816/816/816 850/850/850 849/849/849
f 817/817/817 818/818/818 851/851/851
f 817/817/817 851/851/851 850/850/850
f 818/818/818 819/819/819 852/852/852
f 818/818/818 852/852/852 851/851/851
f 819/819/819 820/820/820 853/853/853
f 819/819/819 853/853/853 852/852/852
f 820/820/820 821/821/821 854/854/854
f 820/820/820 854/854/854 853/853/853
f 821/821/821 822/822/822 855/855/855
f 821/821/821 855/855/855 854/854/854
f 822/822/822 823/823/823 856/856/856
f 822/822/822 856/856/856 855/855/855
f 823/823/823 824/824/824 857/857/857
f 823/823/823 857/857/857 856/856/856
f 824/824/824 825/825/825 858/858/858
f 824/824/824 858/858/858 857/857/857
f 826/827/827 827/826/826 860/859/859
f 826/827/827 860/859/859 859/860/860
f 827/826/826 828/828/828 861/861/861
f 827/826/826 861/861/861 860/859/859
f 828/828/828 829/829/829 862/862/862
f 828/828/828 862/862/862 861/861/861
f 829/829/829 830/830/830 863/863/863
f 829/829/829 863/863/863 862/862/862
f 830/830/830 831/831/831 864/864/864
f 830/830/830 864/864/864 863/863/863
f 831/831/831 832/832/832 865/865/865
f 831/831/831 865/865/865 864/864/864
f 832/832/832 833/833/833 866/866/866
f 832/832/832 866/866/866 865/865/865
f 833/833/833 834/834/834 867/867/867
f 833/833/833 867/867/867 866/866/866
f 834/834/834 835/835/835 868/868/868
f 834/834/834 868/868/868 867/867/867
f 835/835/835 836/836/836 869/869/869
f 835/835/835 869/869/869 868/868/868
f 836/836/836 837/837/837 870/870/870
f 836/836/836 870/870/870 869/869/869
f 837/837/837 838/838/838 871/871/871
f 837/837/837 871/871/871 870/870/870
f 838/838/838 839/839/839 872/872/872
f 838/838/838 872/872/872 871/871/871
f 839/839/839 840/840/840 873/873/873
f 839/839/839 873/873/873 872/872/872
f 840/840/840 841/841/841 874/874/874
f 840/840/840 874/874/874 873/873/873
f 841/841/841 842/842/842 875/875/875
f 841/841/841 875/875/875 874/874/874
f 842/842/842 843/843/843 876/876/876
f 842/842/842 876/876/876 875/875/875
f 843/843/843 844/844/844 877/877/877
f 843/843/843 877/877/877 876/876/876
f 844/844/844 845/845/845 878/878/878
f 844/844/844 878/878/878 877/877/877
f 845/845/845 846/846/846 879/879/879
f 845/845/845 879/879/879 878/878/878
f 846/846/846 847/847/847 880/880/880
f 846/846/846 880/880/880 879/879/879
f 847/847/847 848/848/848 881/881/881
f 847/847/847 881/881/881 880/880/880
f 848/848/848 849/849/849 882/882/882
f 848/848/848 882/882/882 881/881/881
f 849/849/849 850/850/850 883/883/883
f 849/849/849 883/883/883 882/882/882
f 850/850/850 851/851/851 884/884/884
f 850/850/850 884/884/884 883/883/883
f 851/851/851 852/852/852 885/885/885
f 851/851/851 885/885/885 884/884/884
f 852/852/852 853/853/853 886/886/886
f 852/852/852 886/886/886 885/885/885
f 853/853/853 854/854/854 887/887/887
f 853/853/853 887/887/887 886/886/886
f 854/854/854 855/855/855 888/888/888
f 854/854/854 888/888/888 887/887/887
f 855/855/855 856/856/856 889/889/889
f 855/855/855 889/889/889 888/888/888
f 856/856/856 857/857/857 890/890/890
f 856/856/856 890/890/890 889/889/889
f 857/857/857 858/858/858 891/891/891
f 857/857/857 891/891/891 890/890/890
f 859/860/860 860/859/859 893/892/892
f 859/860/860 893/892/892 892/893/893
f 860/859/859 861/861/861 894/894/894
f 860/859/859 894/894/894 893/892/892
f 861/861/861 862/862/862 895/895/895
f 861/861/861 895/895/895 894/894/894
f 862/862/862 863/863/863 896/896/896
f 862/862/862 896/896/896 895/895/895
f 863/863/863 864/864/864 897/897/897
f 863/863/863 897/897/897 896/896/896
f 864/864/864 865/865/865 898/898/898
f 864/864/864 898/898/898 897/897/897
f 865/865/865 866/866/866 899/899/899
f 865/865/865 899/899/899 898/898/898
f 866/866/866 867/867/867 900/900/900
f 866/866/866 900/900/900 899/899/899
f 867/867/867 868/868/868 901/901/901
f 867/867/867 901/901/901 900/900/900
f 868/868/868 869/869/869 902/902/902
f 868/868/868 902/902/902 901/901/901
f 869/869/869 870/870/870 903/903/903
f 869/869/869 903/903/903 902/902/902
f 870/870/870 871/871/871 904/904/904
f 870/870/870 904/904/904 903/903/903
f 871/871/871 872/872/872 905/905/905
f 871/871/871 905/905/905 904/904/904
f 872/872/872 873/873/873 906/906/906
f 872/872/872 906/906/906 905/905/905
f 873/873/873 874/874/874 907/907/907
f 873/873/873 907/907/907 906/906/906
f 874/874/874 875/875/875 908/908/908
f 874/874/874 908/908/908 907/907/907
f 875/875/875 876/876/876 909/909/909
f 875/875/875 909/909/909 908/908/908
f 876/876/876 877/877/877 910/910/910
f 876/876/876 910/910/910 909/909/909
f 877/877/877 878/878/878 911/911/911
f 877/877/877 911/911/911 910/910/910
f 878/878/878 879/879/879 912/912/912
f 878/878/878 912/912/912 911/911/911
f 879/879/879 880/880/880 913/913/913
f 879/879/879 913/913/913 912/912/912
f 880/880/880 881/881/881 914/914/914
f 880/880/880 914/914/914 913/913/913
f 881/881/881 882/882/882 915/915/915
f 881/881/881 915/915/915 914/914/914
f 882/882/882 883/883/883 916/916/916
f 882/882/882 916/916/916 915/915/915
f 883/883/883 884/884/884 917/917/917
f 883/883/883 917/917/917 916/916/916
f 884/884/884 885/885/885 918/918/918
f 884/884/884 918/918/918 917/917/917
f 885/885/885 886/886/886 919/919/919
f 885/885/885 919/919/919 918/918/918
f 886/886/886 887/887/887 920/920/920
f 886/886/886 920/920/920 919/919/919
f 887/887/887 888/888/888 921/921/921
f 887/887/887 921/921/921 920/920/920
f 888/888/888 889/889/889 922/922/922
f 888/888/888 922/922/922 921/921/921
f 889/889/889 890/890/890 923/923/923
f 889/889/889 923/923/923 922/922/922
f 890/890/890 891/891/891 924/924/924
f 890/890/890 924/924/924 923/923/923
f 892/893/893 893/892/892 926/925/925
f 892/893/893 926/925/925 925/926/926
f 893/892/892 894/894/894 927/927/927
f 893/892/892 927/927/927 926/925/925
f 894/894/894 895/895/895 928/928/928
f 894/894/894 928/928/928 927/927/927
f 895/895/895 896/896/896 929/929/929
f 895/895/895 929/929/929 928/928/928
f 896/896/896 897/897/897 930/930/930
f 896/896/896 930/930/930 929/929/929
f 897/897/897 898/898/898 931/931/931
f 897/897/897 931/931/931 930/930/930
f 898/898/898 899/899/899 932/932/932
f 898/898/898 932/932/932 931/931/931
f 899/899/899 900/900/900 933/933/933
f 899/899/899 933/933/933 932/932/932
f 900/900/900 901/901/901 934/934/934
f 900/900/900 934/934/934 933/933/933
f 901/901/901 902/902/902 935/935/935
f 901/901/901 935/935/935 934/934/934
f 902/902/902 903/903/903 936/936/936
f 902/902/902 936/936/936 935/935/935
f 903/903/903 904/904/904 937/937/937
f 903/903/903 937/937/937 936/936/936
f 904/904/904 905/905/905 938/938/938
f 904/904/904 938/938/938 937/937/937
f 905/905/905 906/906/906 939/939/939
f 905/905/905 939/939/939 938/938/938
f 906/906/906 907/907/907 940/940/940
f 906/906/906 940/940/940 939/939/939
f 907/907/907 908/908/908 941/941/941
f 907/907/907 941/941/941 940/940/940
f 908/908/908 909/909/909 942/942/942
f 908/908/908 942/942/942 941/941/941
f 909/909/909 910/910/910 943/943/943
f 909/909/909 943/943/943 942/942/942
f 910/910/910 911/911/911 944/944/944
f 910/910/910 944/944/944 943/943/943
f 911/911/911 912/912/912 945/945/945
f 911/911/911 945/945/945 944/944/944
f 912/912/912 913/913/913 946/946/946
f 912/912/912 946/946/946 945/945/945
f 913/913/913 914/914/914 947/947/947
f 913/913/913 947/947/947 946/946/946
f 914/914/914 915/915/915 948/948/948
f 914/914/914 948/948/948 947/947/947
f 915/915/915 916/916/916 949/949/949
f 915/915/915 949/949/949 948/948/948
f 916/916/916 917/917/917 950/950/950
f 916/916/916 950/950/950 949/949/949
f 917/917/917 918/918/918 951/951/951
f 917/917/917 951/951/951 950/950/950
f 918/918/918 919/919/919 952/952/952
f 918/918/918 952/952/952 951/951/951
f 919/919/919 920/920/920 953/953/953
f 919/919/919 953/953/953 952/952/952
f 920/920/920 921/921/921 954/954/954
f 920/920/920 954/954/954 953/953/953
f 921/921/921 922/922/922 955/955/955
f 921/921/921 955/955/955 954/954/954
f 922/922/922 923/923/923 956/956/956
f 922/922/922 956/956/956 955/955/955
f 923/923/923 924/924/924 957/957/957
f 923/923/923 957/957/957 956/956/956
f 925/926/926 926/925/925 959/958/958
f 925/926/926 959/958/958 958/959/959
f 926/925/925 927/927/927 960/960/960
f 926/925/925 960/960/960 959/958/958
f 927/927/927 928/928/928 961/961/961
f 927/927/927 961/961/961 960/960/960
f 928/928/928 929/929/929 962/962/962
f 928/928/928 962/962/962 961/961/961
f 929/929/929 930/930/930 963/963/963
f 929/929/929 963/963/963 962/962/962
f 930/930/930 931/931/931 964/964/964
f 930/930/930 964/964/964 963/963/963
f 931/931/931 932/932/932 965/965/965
f 931/931/931 965/965/965 964/964/964
f 932/932/932 933/933/933 966/966/966
f 932/932/932 966/966/966 965/965/965
f 933/933/933 934/934/934 967/967/967
f 933/933/933 967/967/967 966/966/966
f 934/934/934 935/935/935 968/968/968
f 934/934/934 968/968/968 967/967/967
f 935/935/935 936/936/936 969/969/969
f 935/935/935 969/969/969 968/968/968
f 936/936/936 937/937/937 970/970/970
f 936/936/936 970/970/970 969/969/969
f 937/937/937 938/938/938 971/971/971
f 937/937/937 971/971/971 970/970/970
f 938/938/938 939/939/939 972/972/972
f 938/938/938 972/972/972 971/971/971
f 939/939/939 940/940/940 973/973/973
f 939/939/939 973/973/973 972/972/972
f 940/940/940 941/941/941 974/974/974
f 940/940/940 974/974/974 973/973/973
f 941/941/941 942/942/942 975/975/975
f 941/941/941 975/975/975 974/974/974
f 942/942/942 943/943/943 976/976/976
f 942/942/942 976/976/976 975/975/975
f 943/943/943 944/944/944 977/977/977
f 943/943/943 977/977/977 976/976/976
f 944/944/944 945/945/945 978/978/978
f 944/944/944 978/978/978 977/977/977
f 945/945/945 946/946/946 979/979/979
f 945/945/945 979/979/979 978/978/978
f 946/946/946 947/947/947 980/980/980
f 946/946/946 980/980/980 979/979/979
f 947/947/947 948/948/948 981/981/981
f 947/947/947 981/981/981 980/980/980
f 948/948/948 949/949/949 982/982/982
f 948/948/948 982/982/982 981/981/981
f 949/949/949 950/950/950 983/983/983
f 949/949/949 983/983/983 982/982/982
f 950/950/950 951/951/951 984/984/984
f 950/950/950 984/984/984 983/983/983
f 951/951/951 952/952/952 985/985/985
f 951/951/951 985/985/985 984/984/984
f 952/952/952 953/953/953 986/986/986
f 952/952/952 986/986/986 985/985/985
f 953/953/953 954/954/954 987/987/987
f 953/953/953 987/987/987 986/986/986
f 954/954/954 955/955/955 988/988/988
f 954/954/954 988/988/988 987/987/987
f 955/955/955 956/956/956 989/989/989
f 955/955/955 989/989/989 988/988/988
f 956/956/956 957/957/957 990/990/990
f 956/956/956 990/990/990 989/989/989
f 958/959/959 959/958/958 992/991/991
f 958/959/959 992/991/991 991/992/992
f 959/958/958 960/960/960 993/993/993
f 959/958/958 993/993/993 992/991/991
f 960/960/960 961/961/961 994/994/994
f 960/960/960 994/994/994 993/993/993
f 961/961/961 962/962/962 995/995/995
f 961/961/961 995/995/995 994/994/994
f 962/962/962 963/963/963 996/996/996
f 962/962/962 996/996/996 995/995/995
f 963/963/963 964/964/964 997/997/997
f 963/963/963 997/997/997 996/996/996
f 964/964/964 965/965/965 998/998/998
f 964/964/964 998/998/998 997/997/997
f 965/965/965 966/966/966 999/999/999
f 965/965/965 999/999/999 998/998/998
f 966/966/966 967/967/967 1000/1000/1000
f 966/966/966 1000/1000/1000 999/999/999
f 967/967/967 968/968/968 1001/1001/1001
f 967/967/967 1001/1001/1001 1000/1000/1000
f 968/968/968 969/969/969 1002/1002/1002
f 968/968/968 1002/1002/1002 1001/1001/1001
f 969/969/969 970/970/970 1003/1003/1003
f 969/969/969 1003/1003/1003 1002/1002/1002
f 970/970/970 971/971/971 1004/1004/1004
f 970/970/970 1004/1004/1004 1003/1003/1003
f 971/971/971 972/972/972 1005/1005/1005
f 971/971/971 1005/1005/1005 1004/1004/1004
f 972/972/972 973/973/973 1006/1006/1006
f 972/972/972 1006/1006/1006 1005/1005/1005
f 973/973/973 974/974/974 1007/1007/1007
f 973/973/973 1007/1007/1007 1006/1006/1006
f 974/974/974 975/975/975 1008/1008/1008
f 974/974/974 1008/1008/1008 1007/1007/1007
f 975/975/975 976/976/976 1009/1009/1009
f 975/975/975 1009/1009/1009 1008/1008/1008
f 976/976/976 977/977/977 1010/1010/1010
f 976/976/976 1010/1010/1010 1009/1009/1009
f 977/977/977 978/978/978 1011/1011/1011
f 977/977/977 1011/1011/1011 1010/1010/1010
f 978/978/978 979/979/979 1012/1012/1012
f 978/978/978 1012/1012/1012 1011/1011/1011
f 979/979/979 980/980/980 1013/1013/1013
f 979/979/979 1013/1013/1013 1012/1012/1012
f 980/980/980 981/981/981 1014/1014/1014
f 980/980/980 1014/1014/1014 1013/1013/1013
f 981/981/981 982/982/982 1015/1015/1015
f 981/981/981 1015/1015/1015 1014/1014/1014
f 982/982/982 983/983/983 1016/1016/1016
f 982/982/982 1016/1016/1016 1015/1015/1015
f 983/983/983 984/984/984 1017/1017/1017
f 983/983/983 1017/1017/1017 1016/1016/1016
f 984/984/984 985/985/985 1018/1018/1018
f 984/984/984 1018/1018/1018 1017/1017/1017
f 985/985/985 986/986/986 1019/1019/1019
f 985/985/985 1019/1019/1019 1018/1018/1018
f 986/986/986 987/987/987 1020/1020/1020
f 986/986/986 1020/1020/1020 1019/1019/1019
f 987/987/987 988/988/988 1021/1021/1021
f 987/987/987 1021/1021/1021 1020/1020/1020
f 988/988/988 989/989/989 1022/1022/1022
f 988/988/988 1022/1022/1022 1021/1021/1021
f 989/989/989 990/990/990 1023/1023/1023
f 989/989/989 1023/1023/1023 1022/1022/1022
f 991/992/992 992/991/991 1025/1024/1024
f 991/992/992 1025/1024/1024 1024/1025/1025
f 992/991/991 993/993/993 1026/1026/1026
f 992/991/991 1026/1026/1026 1025/1024/1024
f 993/993/993 994/994/994 1027/1027/1027
f 993/993/993 1027/1027/1027 1026/1026/1026
f 994/994/994 995/995/995 1028/1028/1028
f 994/994/994 1028/1028/1028 1027/1027/1027
f 995/995/995 996/996/996 1029/1029/1029
f 995/995/995 1029/1029/1029 1028/1028/1028
f 996/996/996 997/997/997 1030/1030/1030
f 996/996/996 1030/1030/1030 1029/1029/1029
f 997/997/997 998/998/998 1031/1031/1031
f 997/997/997 1031/1031/1031 1030/1030/1030
f 998/998/998 999/999/999 1032/1032/1032
f 998/998/998 1032/1032/1032 1031/1031/1031
f 999/999/999 1000/1000/1000 1033/1033/1033
f 999/999/999 1033/1033/1033 1032/1032/1032
f 1000/1000/1000 1001/1001/1001 1034/1034/1034
f 1000/1000/1000 1034/1034/1034 1033/1033/1033
f 1001/1001/1001 1002/1002/1002 1035/1035/1035
f 1001/1001/1001 1035/1035/1035 1034/1034/1034
f 1002/1002/1002 1003/1003/1003 1036/1036/1036
f 1002/1002/1002 1036/1036/1036 1035/1035/1035
f 1003/1003/1003 1004/1004/1004 1037/1037/1037
f 1003/1003/1003 1037/1037/1037 1036/1036/1036
f 1004/1004/1004 1005/1005/1005 1038/1038/1038
f 1004/1004/1004 1038/1038/1038 1037/1037/1037
f 1005/1005/1005 1006/1006/1006 1039/1039/1039
f 1005/1005/1005 1039/1039/1039 1038/1038/1038
f 1006/1006/1006 1007/1007/1007 1040/1040/1040
f 1006/1006/1006 1040/1040/1040 1039/1039/1039
f 1007/1007/1007 1008/1008/1008 1041/1041/1041
f 1007/1007/1007 1041/1041/1041 1040/1040/1040
f 1008/1008/1008 1009/1009/1009 1042/1042/1042
f 1008/1008/1008 1042/1042/1042 1041/1041/1041
f 1009/1009/1009 1010/1010/1010 1043/1043/1043
f 1009/1009/1009 1043/1043/1043 1042/1042/1042
f 1010/1010/1010 1011/1011/1011 1044/1044/1044
f 1010/1010/1010 1044/1044/1044 1043/1043/1043
f 1011/1011/1011 1012/1012/1012 1045/1045/1045
f 1011/1011/1011 1045/1045/1045 1044/1044/1044
f 1012/1012/1012 1013/1013/1013 1046/1046/1046
f 1012/1012/1012 1046/1046/1046 1045/1045/1045
f 1013/1013/1013 1014/1014/1014 1047/1047/1047
f 1013/1013/1013 1047/1047/1047 1046/1046/1046
f 1014/1014/1014 1015/1015/1015 1048/1048/1048
f 1014/1014/1014 1048/1048/1048 1047/1047/1047
f 1015/1015/1015 1016/1016/1016 1049/1049/1049
f 1015/1015/1015 1049/1049/1049 1048/1048/1048
f 1016/1016/1016 1017/1017/1017 1050/1050/1050
f 1016/1016/1016 1050/1050/1050 1049/1049/1049
f 1017/1017/1017 1018/1018/1018 1051/1051/1051
f 1017/1017/1017 1051/1051/1051 1050/1050/1050
f 1018/1018/1018 1019/1019/1019 1052/1052/1052
f 1018/1018/1018 1052/1052/1052 1051/1051/1051
f 1019/1019/1019 1020/1020/1020 1053/1053/1053
f 1019/1019/1019 1053/1053/1053 1052/1052/1052
f 1020/1020/1020 1021/1021/1021 1054/1054/1054
f 1020/1020/1020 1054/1054/1054 1053/1053/1053
f 1021/1021/1021 1022/1022/1022 1055/1055/1055
f 1021/1021/1021 1055/1055/1055 1054/1054/1054
f 1022/1022/1022 1023/1023/1023 1056/1056/1056
f 1022/1022/1022 1056/1056/1056 1055/1055/1055
f 1024/1025/1025 1025/1024/1024 1058/1057/1057
f 1024/1025/1025 1058/1057/1057 1057/1058/1058
f 1025/1024/1024 1026/1026/1026 1059/1059/1059
f 1025/1024/1024 1059/1059/1059 1058/1057/1057
f 1026/1026/1026 1027/1027/1027 1060/1060/1060
f 1026/1026/1026 1060/1060/1060 1059/1059/1059
f 1027/1027/1027 1028/1028/1028 1061/1061/1061
f 1027/1027/1027 1061/1061/1061 1060/1060/1060
f 1028/1028/1028 1029/1029/1029 1062/1062/1062
f 1028/1028/1028 1062/1062/1062 1061/1061/1061
f 1029/1029/1029 1030/1030/1030 1063/1063/1063
f 1029/1029/1029 1063/1063/1063 1062/1062/1062
f 1030/1030/1030 1031/1031/1031 1064/1064/1064
f 1030/1030/1030 1064/1064/1064 1063/1063/1063
f 1031/1031/1031 1032/1032/1032 1065/1065/1065
f 1031/1031/1031 1065/1065/1065 1064/1064/1064
f 1032/1032/1032 1033/1033/1033 1066/1066/1066
f 1032/1032/1032 1066/1066/1066 1065/1065/1065
f 1033/1033/1033 1034/1034/1034 1067/1067/1067
f 1033/1033/1033 1067/1067/1067 1066/1066/1066
f 1034/1034/1034 1035/1035/1035 1068/1068/1068
f 1034/1034/1034 1068/1068/1068 1067/1067/1067
f 1035/1035/1035 1036/1036/1036 1069/1069/1069
f 1035/1035/1035 1069/1069/1069 1068/1068/1068
f 1036/1036/1036 1037/1037/1037 1070/1070/1070
f 1036/1036/1036 1070/1070/1070 1069/1069/1069
f 1037/1037/1037 1038/1038/1038 1071/1071/1071
f 1037/1037/1037 1071/1071/1071 1070/1070/1070
f 1038/1038/1038 1039/1039/1039 1072/1072/1072
f 1038/1038/1038 1072/1072/1072 1071/1071/1071
f 1039/1039/1039 1040/1040/1040 1073/1073/1073
f 1039/1039/1039 1073/1073/1073 1072/1072/1072
f 1040/1040/1040 1041/1041/1041 1074/1074/1074
f 1040/1040/1040 1074/1074/1074 1073/1073/1073
f 1041/1041/1041 1042/1042/1042 1075/1075/1075
f 1041/1041/1041 1075/1075/1075 1074/1074/1074
f 1042/1042/1042 1043/1043/1043 1076/1076/1076
f 1042/1042/1042 1076/1076/1076 1075/1075/1075
f 1043/1043/1043 1044/1044/1044 1077/1077/1077
f 1043/1043/1043 1077/1077/1077 1076/1076/1076
f 1044/1044/1044 1045/1045/1045 1078/1078/1078
f 1044/1044/1044 1078/1078/1078 1077/1077/1077
f 1045/1045/1045 1046/1046/1046 1079/1079/1079
f 1045/1045/1045 1079/1079/1079 1078/1078/1078
f 1046/1046/1046 1047/1047/1047 1080/1080/1080
f 1046/1046/1046 1080/1080/1080 1079/1079/1079
f 1047/1047/1047 1048/1048/1048 1081/1081/1081
f 1047/1047/1047 1081/1081/1081 1080/1080/1080
f 1048/1048/1048 1049/1049/1049 1082/1082/1082
f 1048/1048/1048 1082/1082/1082 1081/1081/1081
f 1049/1049/1049 1050/1050/1050 1083/1083/1083
f 1049/1049/1049 1083/1083/1083 1082/1082/1082
f 1050/1050/1050 1051/1051/1051 1084/1084/1084
f 1050/1050/1050 1084/1084/1084 1083/1083/1083
f 1051/1051/1051 1052/1052/1052 1085/1085/1085
f 1051/1051/1051 1085/1085/1085 1084/1084/1084
f 1052/1052/1052 1053/1053/1053 1086/1086/1086
f 1052/1052/1052 1086/1086/1086 1085/1085/1085
f 1053/1053/1053 1054/1054/1054 1087/1087/1087
f 1053/1053/1053 1087/1087/1087 1086/1086/1086
f 1054/1054/1054 1055/1055/1055 1088/1088/1088
f 1054/1054/1054 1088/1088/1088 1087/1087/1087
f 1055/1055/1055 1056/1056/1056 1089/1089/1089
f 1055/1055/1055 1089/1089/1089 1088/1088/1088
