mtllib terrain_near_07_08.mtl
usemtl terrain_near_07_08
# Blender 5.1.1
# www.blender.org
o terrain_near_07_08
v -32.000000 -32.000000 3.795451
v -30.000000 -32.000000 3.089335
v -28.000000 -32.000000 2.401103
v -26.000000 -32.000000 1.747539
v -24.000000 -32.000000 1.093913
v -22.000000 -32.000000 0.440227
v -20.000000 -32.000000 -0.215901
v -18.000000 -32.000000 -0.874471
v -16.000000 -32.000000 -1.532979
v -14.000000 -32.000000 -2.191487
v -12.000000 -32.000000 -2.845418
v -10.000000 -32.000000 -3.499227
v -8.000000 -32.000000 -4.061727
v -6.000000 -32.000000 -4.418172
v -4.000000 -32.000000 -4.814412
v -2.000000 -32.000000 -5.210713
v 0.000000 -32.000000 -5.606954
v 2.000000 -32.000000 -5.983235
v 4.000000 -32.000000 -6.339192
v 6.000000 -32.000000 -6.694905
v 8.000000 -32.000000 -7.050252
v 10.000000 -32.000000 -7.367635
v 12.000000 -32.000000 -7.647176
v 14.000000 -32.000000 -7.926717
v 16.000000 -32.000000 -8.206197
v 18.000000 -32.000000 -8.561116
v 20.000000 -32.000000 -8.706624
v 22.000000 -32.000000 -8.824300
v 24.000000 -32.000000 -8.941915
v 26.000000 -32.000000 -9.059590
v 28.000000 -32.000000 -9.177144
v 30.000000 -32.000000 -9.242085
v 32.000000 -32.000000 -9.307027
v -32.000000 -30.000000 4.130046
v -30.000000 -30.000000 3.423930
v -28.000000 -30.000000 2.717875
v -26.000000 -30.000000 2.057963
v -24.000000 -30.000000 1.404338
v -22.000000 -30.000000 0.750590
v -20.000000 -30.000000 0.092082
v -18.000000 -30.000000 -0.566487
v -16.000000 -30.000000 -1.224996
v -14.000000 -30.000000 -1.883565
v -12.000000 -30.000000 -2.539754
v -10.000000 -30.000000 -3.193563
v -8.000000 -30.000000 -3.704671
v -6.000000 -30.000000 -4.080953
v -4.000000 -30.000000 -4.477193
v -2.000000 -30.000000 -4.873494
v 0.000000 -30.000000 -5.269795
v 2.000000 -30.000000 -5.666036
v 4.000000 -30.000000 -6.022115
v 6.000000 -30.000000 -6.377828
v 8.000000 -30.000000 -6.733052
v 10.000000 -30.000000 -7.012593
v 12.000000 -30.000000 -7.292134
v 14.000000 -30.000000 -7.571675
v 16.000000 -30.000000 -7.851216
v 18.000000 -30.000000 -8.168477
v 20.000000 -30.000000 -8.366292
v 22.000000 -30.000000 -8.483968
v 24.000000 -30.000000 -8.601521
v 26.000000 -30.000000 -8.719197
v 28.000000 -30.000000 -8.784139
v 30.000000 -30.000000 -8.849019
v 32.000000 -30.000000 -8.913960
v -32.000000 -28.000000 4.464580
v -30.000000 -28.000000 3.758464
v -28.000000 -28.000000 3.052348
v -26.000000 -28.000000 2.368388
v -24.000000 -28.000000 1.714763
v -22.000000 -28.000000 1.058635
v -20.000000 -28.000000 0.400065
v -18.000000 -28.000000 -0.258504
v -16.000000 -28.000000 -0.917012
v -14.000000 -28.000000 -1.575582
v -12.000000 -28.000000 -2.234090
v -10.000000 -28.000000 -2.887959
v -8.000000 -28.000000 -3.347432
v -6.000000 -28.000000 -3.743672
v -4.000000 -28.000000 -4.139974
v -2.000000 -28.000000 -4.536214
v 0.000000 -28.000000 -4.932515
v 2.000000 -28.000000 -5.328816
v 4.000000 -28.000000 -5.705037
v 6.000000 -28.000000 -6.060689
v 8.000000 -28.000000 -6.378072
v 10.000000 -28.000000 -6.657613
v 12.000000 -28.000000 -6.937154
v 14.000000 -28.000000 -7.216634
v 16.000000 -28.000000 -7.496175
v 18.000000 -28.000000 -7.775655
v 20.000000 -28.000000 -8.025899
v 22.000000 -28.000000 -8.143514
v 24.000000 -28.000000 -8.261189
v 26.000000 -28.000000 -8.326070
v 28.000000 -28.000000 -8.391011
v 30.000000 -28.000000 -8.455953
v 32.000000 -28.000000 -8.520833
v -32.000000 -26.000000 4.799113
v -30.000000 -26.000000 4.093059
v -28.000000 -26.000000 3.386943
v -26.000000 -26.000000 2.680888
v -24.000000 -26.000000 2.025126
v -22.000000 -26.000000 1.366557
v -20.000000 -26.000000 0.707988
v -18.000000 -26.000000 0.049480
v -16.000000 -26.000000 -0.609029
v -14.000000 -26.000000 -1.267598
v -12.000000 -26.000000 -1.926106
v -10.000000 -26.000000 -2.582356
v -8.000000 -26.000000 -3.010213
v -6.000000 -26.000000 -3.406453
v -4.000000 -26.000000 -3.802754
v -2.000000 -26.000000 -4.198995
v 0.000000 -26.000000 -4.595235
v 2.000000 -26.000000 -4.991597
v 4.000000 -26.000000 -5.387837
v 6.000000 -26.000000 -5.743550
v 8.000000 -26.000000 -6.023091
v 10.000000 -26.000000 -6.302571
v 12.000000 -26.000000 -6.582112
v 14.000000 -26.000000 -6.861653
v 16.000000 -26.000000 -7.141133
v 18.000000 -26.000000 -7.420674
v 20.000000 -26.000000 -7.685567
v 22.000000 -26.000000 -7.803182
v 24.000000 -26.000000 -7.868062
v 26.000000 -26.000000 -7.933003
v 28.000000 -26.000000 -7.997884
v 30.000000 -26.000000 -8.062825
v 32.000000 -26.000000 -8.127706
v -32.000000 -24.000000 5.133708
v -30.000000 -24.000000 4.427592
v -28.000000 -24.000000 3.721538
v -26.000000 -24.000000 3.015422
v -24.000000 -24.000000 2.333110
v -22.000000 -24.000000 1.674541
v -20.000000 -24.000000 1.016032
v -18.000000 -24.000000 0.357463
v -16.000000 -24.000000 -0.301045
v -14.000000 -24.000000 -0.959615
v -12.000000 -24.000000 -1.618184
v -10.000000 -24.000000 -2.276692
v -8.000000 -24.000000 -2.672994
v -6.000000 -24.000000 -3.069234
v -4.000000 -24.000000 -3.465474
v -2.000000 -24.000000 -3.861775
v 0.000000 -24.000000 -4.258077
v 2.000000 -24.000000 -4.654317
v 4.000000 -24.000000 -5.050618
v 6.000000 -24.000000 -5.388509
v 8.000000 -24.000000 -5.668050
v 10.000000 -24.000000 -5.947530
v 12.000000 -24.000000 -6.227071
v 14.000000 -24.000000 -6.506612
v 16.000000 -24.000000 -6.786153
v 18.000000 -24.000000 -7.065694
v 20.000000 -24.000000 -7.345174
v 22.000000 -24.000000 -7.410115
v 24.000000 -24.000000 -7.474996
v 26.000000 -24.000000 -7.539937
v 28.000000 -24.000000 -7.604817
v 30.000000 -24.000000 -7.669698
v 32.000000 -24.000000 -7.734639
v -32.000000 -22.000000 5.439738
v -30.000000 -22.000000 4.733623
v -28.000000 -22.000000 4.027568
v -26.000000 -22.000000 3.321452
v -24.000000 -22.000000 2.639201
v -22.000000 -22.000000 1.980632
v -20.000000 -22.000000 1.322062
v -18.000000 -22.000000 0.663554
v -16.000000 -22.000000 0.005046
v -14.000000 -22.000000 -0.653523
v -12.000000 -22.000000 -1.312093
v -10.000000 -22.000000 -1.970418
v -8.000000 -22.000000 -2.366719
v -6.000000 -22.000000 -2.762959
v -4.000000 -22.000000 -3.159200
v -2.000000 -22.000000 -3.555562
v 0.000000 -22.000000 -3.951802
v 2.000000 -22.000000 -4.348042
v 4.000000 -22.000000 -4.744710
v 6.000000 -22.000000 -5.082967
v 8.000000 -22.000000 -5.362508
v 10.000000 -22.000000 -5.642049
v 12.000000 -22.000000 -5.921529
v 14.000000 -22.000000 -6.201070
v 16.000000 -22.000000 -6.480611
v 18.000000 -22.000000 -6.760152
v 20.000000 -22.000000 -7.029988
v 22.000000 -22.000000 -7.045064
v 24.000000 -22.000000 -7.109944
v 26.000000 -22.000000 -7.174886
v 28.000000 -22.000000 -7.239827
v 30.000000 -22.000000 -7.304708
v 32.000000 -22.000000 -7.369588
v -32.000000 -20.000000 5.745830
v -30.000000 -20.000000 5.039714
v -28.000000 -20.000000 4.333659
v -26.000000 -20.000000 3.627604
v -24.000000 -20.000000 2.945292
v -22.000000 -20.000000 2.286723
v -20.000000 -20.000000 1.628154
v -18.000000 -20.000000 0.969584
v -16.000000 -20.000000 0.311076
v -14.000000 -20.000000 -0.347493
v -12.000000 -20.000000 -1.005818
v -10.000000 -20.000000 -1.664144
v -8.000000 -20.000000 -2.060445
v -6.000000 -20.000000 -2.456746
v -4.000000 -20.000000 -2.852986
v -2.000000 -20.000000 -3.249227
v 0.000000 -20.000000 -3.645528
v 2.000000 -20.000000 -4.042195
v 4.000000 -20.000000 -4.439168
v 6.000000 -20.000000 -4.777425
v 8.000000 -20.000000 -5.057027
v 10.000000 -20.000000 -5.336507
v 12.000000 -20.000000 -5.616048
v 14.000000 -20.000000 -5.895528
v 16.000000 -20.000000 -6.175069
v 18.000000 -20.000000 -6.444966
v 20.000000 -20.000000 -6.714864
v 22.000000 -20.000000 -6.729878
v 24.000000 -20.000000 -6.744954
v 26.000000 -20.000000 -6.809896
v 28.000000 -20.000000 -6.874776
v 30.000000 -20.000000 -6.939717
v 32.000000 -20.000000 -7.004537
v -32.000000 -18.000000 6.051921
v -30.000000 -18.000000 5.345805
v -28.000000 -18.000000 4.639689
v -26.000000 -18.000000 3.933635
v -24.000000 -18.000000 3.251323
v -22.000000 -18.000000 2.592753
v -20.000000 -18.000000 1.934245
v -18.000000 -18.000000 1.275737
v -16.000000 -18.000000 0.617167
v -14.000000 -18.000000 -0.041219
v -12.000000 -18.000000 -0.699544
v -10.000000 -18.000000 -1.357869
v -8.000000 -18.000000 -1.754170
v -6.000000 -18.000000 -2.150472
v -4.000000 -18.000000 -2.546712
v -2.000000 -18.000000 -2.943013
v 0.000000 -18.000000 -3.339620
v 2.000000 -18.000000 -3.736592
v 4.000000 -18.000000 -4.133626
v 6.000000 -18.000000 -4.471944
v 8.000000 -18.000000 -4.751424
v 10.000000 -18.000000 -5.030965
v 12.000000 -18.000000 -5.310445
v 14.000000 -18.000000 -5.590047
v 16.000000 -18.000000 -5.859883
v 18.000000 -18.000000 -6.129781
v 20.000000 -18.000000 -6.399678
v 22.000000 -18.000000 -6.414754
v 24.000000 -18.000000 -6.429830
v 26.000000 -18.000000 -6.444844
v 28.000000 -18.000000 -6.509725
v 30.000000 -18.000000 -6.574666
v 32.000000 -18.000000 -6.639546
v -32.000000 -16.000000 6.358012
v -30.000000 -16.000000 5.651896
v -28.000000 -16.000000 4.945842
v -26.000000 -16.000000 4.239726
v -24.000000 -16.000000 3.557414
v -22.000000 -16.000000 2.898845
v -20.000000 -16.000000 2.240275
v -18.000000 -16.000000 1.581767
v -16.000000 -16.000000 0.923442
v -14.000000 -16.000000 0.265117
v -12.000000 -16.000000 -0.393331
v -10.000000 -16.000000 -1.051656
v -8.000000 -16.000000 -1.447896
v -6.000000 -16.000000 -1.844197
v -4.000000 -16.000000 -2.240438
v -2.000000 -16.000000 -2.637105
v 0.000000 -16.000000 -3.034139
v 2.000000 -16.000000 -3.431111
v 4.000000 -16.000000 -3.828084
v 6.000000 -16.000000 -4.166402
v 8.000000 -16.000000 -4.445882
v 10.000000 -16.000000 -4.725423
v 12.000000 -16.000000 -5.004964
v 14.000000 -16.000000 -5.274861
v 16.000000 -16.000000 -5.544759
v 18.000000 -16.000000 -5.814656
v 20.000000 -16.000000 -6.084554
v 22.000000 -16.000000 -6.099629
v 24.000000 -16.000000 -6.114644
v 26.000000 -16.000000 -6.129659
v 28.000000 -16.000000 -6.144734
v 30.000000 -16.000000 -6.209676
v 32.000000 -16.000000 -6.274556
v -32.000000 -14.000000 6.672526
v -30.000000 -14.000000 5.957927
v -28.000000 -14.000000 5.251872
v -26.000000 -14.000000 4.545756
v -24.000000 -14.000000 3.863505
v -22.000000 -14.000000 3.204936
v -20.000000 -14.000000 2.546367
v -18.000000 -14.000000 1.888041
v -16.000000 -14.000000 1.229655
v -14.000000 -14.000000 0.571330
v -12.000000 -14.000000 -0.087056
v -10.000000 -14.000000 -0.745381
v -8.000000 -14.000000 -1.141622
v -6.000000 -14.000000 -1.537923
v -4.000000 -14.000000 -1.934529
v -2.000000 -14.000000 -2.331563
v 0.000000 -14.000000 -2.728536
v 2.000000 -14.000000 -3.125569
v 4.000000 -14.000000 -3.522542
v 6.000000 -14.000000 -3.860860
v 8.000000 -14.000000 -4.140340
v 10.000000 -14.000000 -4.419942
v 12.000000 -14.000000 -4.689839
v 14.000000 -14.000000 -4.959676
v 16.000000 -14.000000 -5.229573
v 18.000000 -14.000000 -5.499471
v 20.000000 -14.000000 -5.769368
v 22.000000 -14.000000 -5.784444
v 24.000000 -14.000000 -5.799459
v 26.000000 -14.000000 -5.814534
v 28.000000 -14.000000 -5.829610
v 30.000000 -14.000000 -5.844625
v 32.000000 -14.000000 -5.909505
v -32.000000 -12.000000 6.987163
v -30.000000 -12.000000 6.272502
v -28.000000 -12.000000 5.557963
v -26.000000 -12.000000 4.851848
v -24.000000 -12.000000 4.169536
v -22.000000 -12.000000 3.510966
v -20.000000 -12.000000 2.852641
v -18.000000 -12.000000 2.194316
v -16.000000 -12.000000 1.535930
v -14.000000 -12.000000 0.877604
v -12.000000 -12.000000 0.219279
v -10.000000 -12.000000 -0.439107
v -8.000000 -12.000000 -0.835408
v -6.000000 -12.000000 -1.232015
v -4.000000 -12.000000 -1.628987
v -2.000000 -12.000000 -2.026021
v 0.000000 -12.000000 -2.422994
v 2.000000 -12.000000 -2.820027
v 4.000000 -12.000000 -3.217061
v 6.000000 -12.000000 -3.555318
v 8.000000 -12.000000 -3.834859
v 10.000000 -12.000000 -4.104756
v 12.000000 -12.000000 -4.374654
v 14.000000 -12.000000 -4.644551
v 16.000000 -12.000000 -4.914449
v 18.000000 -12.000000 -5.184285
v 20.000000 -12.000000 -5.454244
v 22.000000 -12.000000 -5.469258
v 24.000000 -12.000000 -5.484273
v 26.000000 -12.000000 -5.499349
v 28.000000 -12.000000 -5.514424
v 30.000000 -12.000000 -5.529439
v 32.000000 -12.000000 -5.544515
v -32.000000 -10.000000 7.301677
v -30.000000 -10.000000 6.587077
v -28.000000 -10.000000 5.872478
v -26.000000 -10.000000 5.157878
v -24.000000 -10.000000 4.475627
v -22.000000 -10.000000 3.817302
v -20.000000 -10.000000 3.158916
v -18.000000 -10.000000 2.500590
v -16.000000 -10.000000 1.842265
v -14.000000 -10.000000 1.183879
v -12.000000 -10.000000 0.525493
v -10.000000 -10.000000 -0.132833
v -8.000000 -10.000000 -0.529500
v -6.000000 -10.000000 -0.926534
v -4.000000 -10.000000 -1.323506
v -2.000000 -10.000000 -1.720479
v 0.000000 -10.000000 -2.117513
v 2.000000 -10.000000 -2.514485
v 4.000000 -10.000000 -2.911519
v 6.000000 -10.000000 -3.249776
v 8.000000 -10.000000 -3.519673
v 10.000000 -10.000000 -3.789571
v 12.000000 -10.000000 -4.059468
v 14.000000 -10.000000 -4.329366
v 16.000000 -10.000000 -4.599263
v 18.000000 -10.000000 -4.869161
v 20.000000 -10.000000 -5.139058
v 22.000000 -10.000000 -5.154073
v 24.000000 -10.000000 -5.169148
v 26.000000 -10.000000 -5.184224
v 28.000000 -10.000000 -5.199239
v 30.000000 -10.000000 -5.214314
v 32.000000 -10.000000 -5.229329
v -32.000000 -8.000000 7.584636
v -30.000000 -8.000000 6.870036
v -28.000000 -8.000000 6.155437
v -26.000000 -8.000000 5.440837
v -24.000000 -8.000000 4.763713
v -22.000000 -8.000000 4.105388
v -20.000000 -8.000000 3.447001
v -18.000000 -8.000000 2.788676
v -16.000000 -8.000000 2.130290
v -14.000000 -8.000000 1.471965
v -12.000000 -8.000000 0.813640
v -10.000000 -8.000000 0.155253
v -8.000000 -8.000000 -0.241780
v -6.000000 -8.000000 -0.638753
v -4.000000 -8.000000 -1.035726
v -2.000000 -8.000000 -1.432759
v 0.000000 -8.000000 -1.829793
v 2.000000 -8.000000 -2.226766
v 4.000000 -8.000000 -2.623738
v 6.000000 -8.000000 -2.956685
v 8.000000 -8.000000 -3.226583
v 10.000000 -8.000000 -3.496480
v 12.000000 -8.000000 -3.766377
v 14.000000 -8.000000 -4.036275
v 16.000000 -8.000000 -4.306172
v 18.000000 -8.000000 -4.576070
v 20.000000 -8.000000 -4.845967
v 22.000000 -8.000000 -4.861043
v 24.000000 -8.000000 -4.876058
v 26.000000 -8.000000 -4.891072
v 28.000000 -8.000000 -4.906148
v 30.000000 -8.000000 -4.921224
v 32.000000 -8.000000 -4.936238
v -32.000000 -6.000000 7.835979
v -30.000000 -6.000000 7.121379
v -28.000000 -6.000000 6.406779
v -26.000000 -6.000000 5.702189
v -24.000000 -6.000000 5.025065
v -22.000000 -6.000000 4.375285
v -20.000000 -6.000000 3.716960
v -18.000000 -6.000000 3.058635
v -16.000000 -6.000000 2.400249
v -14.000000 -6.000000 1.741923
v -12.000000 -6.000000 1.083537
v -10.000000 -6.000000 0.425212
v -8.000000 -6.000000 0.028239
v -6.000000 -6.000000 -0.368794
v -4.000000 -6.000000 -0.765828
v -2.000000 -6.000000 -1.162801
v 0.000000 -6.000000 -1.559834
v 2.000000 -6.000000 -1.956807
v 4.000000 -6.000000 -2.354451
v 6.000000 -6.000000 -2.687337
v 8.000000 -6.000000 -2.955586
v 10.000000 -6.000000 -3.225484
v 12.000000 -6.000000 -3.495381
v 14.000000 -6.000000 -3.765279
v 16.000000 -6.000000 -4.035176
v 18.000000 -6.000000 -4.305074
v 20.000000 -6.000000 -4.574971
v 22.000000 -6.000000 -4.590047
v 24.000000 -6.000000 -4.605062
v 26.000000 -6.000000 -4.620137
v 28.000000 -6.000000 -4.635152
v 30.000000 -6.000000 -4.650167
v 32.000000 -6.000000 -4.665242
v -32.000000 -4.000000 8.087321
v -30.000000 -4.000000 7.372722
v -28.000000 -4.000000 6.668132
v -26.000000 -4.000000 5.963603
v -24.000000 -4.000000 5.286418
v -22.000000 -4.000000 4.636638
v -20.000000 -4.000000 3.986918
v -18.000000 -4.000000 3.328532
v -16.000000 -4.000000 2.670207
v -14.000000 -4.000000 2.011882
v -12.000000 -4.000000 1.353496
v -10.000000 -4.000000 0.695170
v -8.000000 -4.000000 0.298137
v -6.000000 -4.000000 -0.098897
v -4.000000 -4.000000 -0.495870
v -2.000000 -4.000000 -0.892842
v 0.000000 -4.000000 -1.289815
v 2.000000 -4.000000 -1.687459
v 4.000000 -4.000000 -2.085103
v 6.000000 -4.000000 -2.417989
v 8.000000 -4.000000 -2.686238
v 10.000000 -4.000000 -2.954488
v 12.000000 -4.000000 -3.224385
v 14.000000 -4.000000 -3.494283
v 16.000000 -4.000000 -3.764180
v 18.000000 -4.000000 -4.034078
v 20.000000 -4.000000 -4.303914
v 22.000000 -4.000000 -4.318990
v 24.000000 -4.000000 -4.334065
v 26.000000 -4.000000 -4.349141
v 28.000000 -4.000000 -4.364156
v 30.000000 -4.000000 -4.379231
v 32.000000 -4.000000 -4.372884
v -32.000000 -2.000000 8.338603
v -30.000000 -2.000000 7.634074
v -28.000000 -2.000000 6.929545
v -26.000000 -2.000000 6.224956
v -24.000000 -2.000000 5.547771
v -22.000000 -2.000000 4.898051
v -20.000000 -2.000000 4.248271
v -18.000000 -2.000000 3.598491
v -16.000000 -2.000000 2.940166
v -14.000000 -2.000000 2.281840
v -12.000000 -2.000000 1.623454
v -10.000000 -2.000000 0.965068
v -8.000000 -2.000000 0.568095
v -6.000000 -2.000000 0.171123
v -4.000000 -2.000000 -0.225911
v -2.000000 -2.000000 -0.622884
v 0.000000 -2.000000 -1.020528
v 2.000000 -2.000000 -1.418172
v 4.000000 -2.000000 -1.815755
v 6.000000 -2.000000 -2.148641
v 8.000000 -2.000000 -2.416890
v 10.000000 -2.000000 -2.685140
v 12.000000 -2.000000 -2.953389
v 14.000000 -2.000000 -3.223287
v 16.000000 -2.000000 -3.493184
v 18.000000 -2.000000 -3.763082
v 20.000000 -2.000000 -4.032979
v 22.000000 -2.000000 -4.047994
v 24.000000 -2.000000 -4.063008
v 26.000000 -2.000000 -4.078084
v 28.000000 -2.000000 -4.093160
v 30.000000 -2.000000 -4.086873
v 32.000000 -2.000000 -4.080586
v -32.000000 0.000000 8.599956
v -30.000000 0.000000 7.895427
v -28.000000 0.000000 7.190837
v -26.000000 0.000000 6.486308
v -24.000000 0.000000 5.809123
v -22.000000 0.000000 5.159343
v -20.000000 0.000000 4.509624
v -18.000000 0.000000 3.859904
v -16.000000 0.000000 3.210063
v -14.000000 0.000000 2.551738
v -12.000000 0.000000 1.893413
v -10.000000 0.000000 1.235026
v -8.000000 0.000000 0.838054
v -6.000000 0.000000 0.441081
v -4.000000 0.000000 0.044047
v -2.000000 0.000000 -0.353597
v 0.000000 0.000000 -0.751180
v 2.000000 0.000000 -1.148824
v 4.000000 0.000000 -1.546407
v 6.000000 0.000000 -1.879354
v 8.000000 0.000000 -2.147542
v 10.000000 0.000000 -2.415792
v 12.000000 0.000000 -2.684041
v 14.000000 0.000000 -2.952291
v 16.000000 0.000000 -3.222188
v 18.000000 0.000000 -3.492085
v 20.000000 0.000000 -3.761983
v 22.000000 0.000000 -3.776998
v 24.000000 0.000000 -3.792073
v 26.000000 0.000000 -3.807149
v 28.000000 0.000000 -3.800801
v 30.000000 0.000000 -3.794576
v 32.000000 0.000000 -3.788228
v -32.000000 2.000000 8.861308
v -30.000000 2.000000 8.156779
v -28.000000 2.000000 7.452250
v -26.000000 2.000000 6.747661
v -24.000000 2.000000 6.070537
v -22.000000 2.000000 5.420756
v -20.000000 2.000000 4.770976
v -18.000000 2.000000 4.121196
v -16.000000 2.000000 3.471477
v -14.000000 2.000000 2.821696
v -12.000000 2.000000 2.163371
v -10.000000 2.000000 1.505046
v -8.000000 2.000000 1.108012
v -6.000000 2.000000 0.710979
v -4.000000 2.000000 0.313396
v -2.000000 2.000000 -0.084249
v 0.000000 2.000000 -0.481832
v 2.000000 2.000000 -0.879476
v 4.000000 2.000000 -1.277059
v 6.000000 2.000000 -1.610005
v 8.000000 2.000000 -1.878194
v 10.000000 2.000000 -2.146443
v 12.000000 2.000000 -2.414693
v 14.000000 2.000000 -2.682942
v 16.000000 2.000000 -2.951192
v 18.000000 2.000000 -3.221089
v 20.000000 2.000000 -3.490926
v 22.000000 2.000000 -3.506001
v 24.000000 2.000000 -3.521077
v 26.000000 2.000000 -3.514791
v 28.000000 2.000000 -3.508504
v 30.000000 2.000000 -3.502217
v 32.000000 2.000000 -3.495931
v -32.000000 4.000000 9.122661
v -30.000000 4.000000 8.418132
v -28.000000 4.000000 7.713603
v -26.000000 4.000000 7.009013
v -24.000000 4.000000 6.331828
v -22.000000 4.000000 5.682109
v -20.000000 4.000000 5.032390
v -18.000000 4.000000 4.382609
v -16.000000 4.000000 3.732829
v -14.000000 4.000000 3.083049
v -12.000000 4.000000 2.433269
v -10.000000 4.000000 1.774943
v -8.000000 4.000000 1.377910
v -6.000000 4.000000 0.980327
v -4.000000 4.000000 0.582744
v -2.000000 4.000000 0.185100
v 0.000000 4.000000 -0.212483
v 2.000000 4.000000 -0.610127
v 4.000000 4.000000 -1.007710
v 6.000000 4.000000 -1.340657
v 8.000000 4.000000 -1.608846
v 10.000000 4.000000 -1.877156
v 12.000000 4.000000 -2.145345
v 14.000000 4.000000 -2.413594
v 16.000000 4.000000 -2.681844
v 18.000000 4.000000 -2.950032
v 20.000000 4.000000 -3.219930
v 22.000000 4.000000 -3.235005
v 24.000000 4.000000 -3.228719
v 26.000000 4.000000 -3.222432
v 28.000000 4.000000 -3.216146
v 30.000000 4.000000 -3.209859
v 32.000000 4.000000 -3.203572
v -32.000000 6.000000 9.384074
v -30.000000 6.000000 8.679545
v -28.000000 6.000000 7.974956
v -26.000000 6.000000 7.270427
v -24.000000 6.000000 6.593242
v -22.000000 6.000000 5.943461
v -20.000000 6.000000 5.293681
v -18.000000 6.000000 4.643962
v -16.000000 6.000000 3.994182
v -14.000000 6.000000 3.344401
v -12.000000 6.000000 2.694621
v -10.000000 6.000000 2.044902
v -8.000000 6.000000 1.647258
v -6.000000 6.000000 1.249675
v -4.000000 6.000000 0.852092
v -2.000000 6.000000 0.454448
v 0.000000 6.000000 0.056804
v 2.000000 6.000000 -0.340779
v 4.000000 6.000000 -0.738362
v 6.000000 6.000000 -1.071248
v 8.000000 6.000000 -1.339559
v 10.000000 6.000000 -1.607747
v 12.000000 6.000000 -1.875997
v 14.000000 6.000000 -2.144246
v 16.000000 6.000000 -2.412496
v 18.000000 6.000000 -2.680684
v 20.000000 6.000000 -2.948934
v 22.000000 6.000000 -2.942647
v 24.000000 6.000000 -2.936360
v 26.000000 6.000000 -2.930135
v 28.000000 6.000000 -2.923787
v 30.000000 6.000000 -2.917562
v 32.000000 6.000000 -2.911214
v -32.000000 8.000000 9.517802
v -30.000000 8.000000 8.813273
v -28.000000 8.000000 8.108684
v -26.000000 8.000000 7.429790
v -24.000000 8.000000 6.791911
v -22.000000 8.000000 6.155742
v -20.000000 8.000000 5.505961
v -18.000000 8.000000 4.856181
v -16.000000 8.000000 4.206462
v -14.000000 8.000000 3.556682
v -12.000000 8.000000 2.906901
v -10.000000 8.000000 2.257121
v -8.000000 8.000000 1.863933
v -6.000000 8.000000 1.466350
v -4.000000 8.000000 1.068706
v -2.000000 8.000000 0.671062
v 0.000000 8.000000 0.273479
v 2.000000 8.000000 -0.124166
v 4.000000 8.000000 -0.521749
v 6.000000 8.000000 -0.854634
v 8.000000 8.000000 -1.122884
v 10.000000 8.000000 -1.391133
v 12.000000 8.000000 -1.659383
v 14.000000 8.000000 -1.927632
v 16.000000 8.000000 -2.195821
v 18.000000 8.000000 -2.464070
v 20.000000 8.000000 -2.735799
v 22.000000 8.000000 -2.740376
v 24.000000 8.000000 -2.734090
v 26.000000 8.000000 -2.727803
v 28.000000 8.000000 -2.721517
v 30.000000 8.000000 -2.715230
v 32.000000 8.000000 -2.708943
v -32.000000 10.000000 9.651591
v -30.000000 10.000000 8.947001
v -28.000000 10.000000 8.268168
v -26.000000 10.000000 7.614909
v -24.000000 10.000000 6.977031
v -22.000000 10.000000 6.354411
v -20.000000 10.000000 5.718242
v -18.000000 10.000000 5.068461
v -16.000000 10.000000 4.418681
v -14.000000 10.000000 3.768901
v -12.000000 10.000000 3.119121
v -10.000000 10.000000 2.469401
v -8.000000 10.000000 2.076152
v -6.000000 10.000000 1.682963
v -4.000000 10.000000 1.285380
v -2.000000 10.000000 0.887736
v 0.000000 10.000000 0.490092
v 2.000000 10.000000 0.092509
v 4.000000 10.000000 -0.305074
v 6.000000 10.000000 -0.638021
v 8.000000 10.000000 -0.906209
v 10.000000 10.000000 -1.174459
v 12.000000 10.000000 -1.442708
v 14.000000 10.000000 -1.710958
v 16.000000 10.000000 -1.979207
v 18.000000 10.000000 -2.250936
v 20.000000 10.000000 -2.522725
v 22.000000 10.000000 -2.527303
v 24.000000 10.000000 -2.531758
v 26.000000 10.000000 -2.525533
v 28.000000 10.000000 -2.519246
v 30.000000 10.000000 -2.512959
v 32.000000 10.000000 -2.506673
v -32.000000 12.000000 9.785319
v -30.000000 12.000000 9.106425
v -28.000000 12.000000 8.453227
v -26.000000 12.000000 7.799968
v -24.000000 12.000000 7.162089
v -22.000000 12.000000 6.539470
v -20.000000 12.000000 5.916911
v -18.000000 12.000000 5.280742
v -16.000000 12.000000 4.630900
v -14.000000 12.000000 3.981120
v -12.000000 12.000000 3.331401
v -10.000000 12.000000 2.681621
v -8.000000 12.000000 2.288432
v -6.000000 12.000000 1.895244
v -4.000000 12.000000 1.501994
v -2.000000 12.000000 1.104350
v 0.000000 12.000000 0.706767
v 2.000000 12.000000 0.309123
v 4.000000 12.000000 -0.088460
v 6.000000 12.000000 -0.421346
v 8.000000 12.000000 -0.689595
v 10.000000 12.000000 -0.957845
v 12.000000 12.000000 -1.226033
v 14.000000 12.000000 -1.494344
v 16.000000 12.000000 -1.766072
v 18.000000 12.000000 -2.037801
v 20.000000 12.000000 -2.309651
v 22.000000 12.000000 -2.314168
v 24.000000 12.000000 -2.318685
v 26.000000 12.000000 -2.323262
v 28.000000 12.000000 -2.316976
v 30.000000 12.000000 -2.310689
v 32.000000 12.000000 -2.304402
v -32.000000 14.000000 9.944743
v -30.000000 14.000000 9.291484
v -28.000000 14.000000 8.638286
v -26.000000 14.000000 7.985087
v -24.000000 14.000000 7.347148
v -22.000000 14.000000 6.724589
v -20.000000 14.000000 6.101970
v -18.000000 14.000000 5.479350
v -16.000000 14.000000 4.843181
v -14.000000 14.000000 4.193400
v -12.000000 14.000000 3.543681
v -10.000000 14.000000 2.893901
v -8.000000 14.000000 2.500651
v -6.000000 14.000000 2.107463
v -4.000000 14.000000 1.714213
v -2.000000 14.000000 1.321086
v 0.000000 14.000000 0.923442
v 2.000000 14.000000 0.525798
v 4.000000 14.000000 0.128215
v 6.000000 14.000000 -0.204732
v 8.000000 14.000000 -0.472920
v 10.000000 14.000000 -0.741170
v 12.000000 14.000000 -1.009419
v 14.000000 14.000000 -1.281209
v 16.000000 14.000000 -1.552938
v 18.000000 14.000000 -1.824727
v 20.000000 14.000000 -2.096517
v 22.000000 14.000000 -2.101033
v 24.000000 14.000000 -2.105550
v 26.000000 14.000000 -2.110127
v 28.000000 14.000000 -2.114644
v 30.000000 14.000000 -2.108357
v 32.000000 14.000000 -2.102071
v -32.000000 16.000000 10.129863
v -30.000000 16.000000 9.476604
v -28.000000 16.000000 8.823405
v -26.000000 16.000000 8.170207
v -24.000000 16.000000 7.532329
v -22.000000 16.000000 6.909648
v -20.000000 16.000000 6.287089
v -18.000000 16.000000 5.664470
v -16.000000 16.000000 5.041850
v -14.000000 16.000000 4.405681
v -12.000000 16.000000 3.755900
v -10.000000 16.000000 3.106120
v -8.000000 16.000000 2.712932
v -6.000000 16.000000 2.319682
v -4.000000 16.000000 1.926494
v -2.000000 16.000000 1.533305
v 0.000000 16.000000 1.140117
v 2.000000 16.000000 0.742473
v 4.000000 16.000000 0.344829
v 6.000000 16.000000 0.011943
v 8.000000 16.000000 -0.256307
v 10.000000 16.000000 -0.524556
v 12.000000 16.000000 -0.796285
v 14.000000 16.000000 -1.068074
v 16.000000 16.000000 -1.339864
v 18.000000 16.000000 -1.611653
v 20.000000 16.000000 -1.883382
v 22.000000 16.000000 -1.887959
v 24.000000 16.000000 -1.892476
v 26.000000 16.000000 -1.897054
v 28.000000 16.000000 -1.901509
v 30.000000 16.000000 -1.906087
v 32.000000 16.000000 -1.899861
v -32.000000 18.000000 10.314921
v -30.000000 18.000000 9.661662
v -28.000000 18.000000 9.008464
v -26.000000 18.000000 8.355266
v -24.000000 18.000000 7.717387
v -22.000000 18.000000 7.094768
v -20.000000 18.000000 6.472148
v -18.000000 18.000000 5.849528
v -16.000000 18.000000 5.226909
v -14.000000 18.000000 4.604350
v -12.000000 18.000000 3.968120
v -10.000000 18.000000 3.318339
v -8.000000 18.000000 2.925212
v -6.000000 18.000000 2.531962
v -4.000000 18.000000 2.138713
v -2.000000 18.000000 1.745524
v 0.000000 18.000000 1.352336
v 2.000000 18.000000 0.959086
v 4.000000 18.000000 0.561503
v 6.000000 18.000000 0.228557
v 8.000000 18.000000 -0.039693
v 10.000000 18.000000 -0.311421
v 12.000000 18.000000 -0.583150
v 14.000000 18.000000 -0.855000
v 16.000000 18.000000 -1.126729
v 18.000000 18.000000 -1.398519
v 20.000000 18.000000 -1.670247
v 22.000000 18.000000 -1.674825
v 24.000000 18.000000 -1.679341
v 26.000000 18.000000 -1.683858
v 28.000000 18.000000 -1.688436
v 30.000000 18.000000 -1.692952
v 32.000000 18.000000 -1.697530
v -32.000000 20.000000 10.500041
v -30.000000 20.000000 9.846782
v -28.000000 20.000000 9.193583
v -26.000000 20.000000 8.540385
v -24.000000 20.000000 7.902446
v -22.000000 20.000000 7.279826
v -20.000000 20.000000 6.657268
v -18.000000 20.000000 6.034587
v -16.000000 20.000000 5.412028
v -14.000000 20.000000 4.789409
v -12.000000 20.000000 4.166850
v -10.000000 20.000000 3.530620
v -8.000000 20.000000 3.137370
v -6.000000 20.000000 2.744243
v -4.000000 20.000000 2.350993
v -2.000000 20.000000 1.957805
v 0.000000 20.000000 1.564555
v 2.000000 20.000000 1.171367
v 4.000000 20.000000 0.778117
v 6.000000 20.000000 0.445231
v 8.000000 20.000000 0.173442
v 10.000000 20.000000 -0.098287
v 12.000000 20.000000 -0.370076
v 14.000000 20.000000 -0.641866
v 16.000000 20.000000 -0.913655
v 18.000000 20.000000 -1.185384
v 20.000000 20.000000 -1.457173
v 22.000000 20.000000 -1.461690
v 24.000000 20.000000 -1.466207
v 26.000000 20.000000 -1.470784
v 28.000000 20.000000 -1.475301
v 30.000000 20.000000 -1.479878
v 32.000000 20.000000 -1.484456
v -32.000000 22.000000 10.650065
v -30.000000 22.000000 9.996867
v -28.000000 22.000000 9.343669
v -26.000000 22.000000 8.690410
v -24.000000 22.000000 8.052531
v -22.000000 22.000000 7.429912
v -20.000000 22.000000 6.807292
v -18.000000 22.000000 6.184733
v -16.000000 22.000000 5.562114
v -14.000000 22.000000 4.939494
v -12.000000 22.000000 4.316875
v -10.000000 22.000000 3.712993
v -8.000000 22.000000 3.319804
v -6.000000 22.000000 2.926616
v -4.000000 22.000000 2.533366
v -2.000000 22.000000 2.140178
v 0.000000 22.000000 1.746989
v 2.000000 22.000000 1.353740
v 4.000000 22.000000 0.960551
v 6.000000 22.000000 0.617290
v 8.000000 22.000000 0.345500
v 10.000000 22.000000 0.073771
v 12.000000 22.000000 -0.198018
v 14.000000 22.000000 -0.469808
v 16.000000 22.000000 -0.741536
v 18.000000 22.000000 -1.013326
v 20.000000 22.000000 -1.285115
v 22.000000 22.000000 -1.310201
v 24.000000 22.000000 -1.314717
v 26.000000 22.000000 -1.319295
v 28.000000 22.000000 -1.323812
v 30.000000 22.000000 -1.328389
v 32.000000 22.000000 -1.332906
v -32.000000 24.000000 10.765178
v -30.000000 24.000000 10.111979
v -28.000000 24.000000 9.458720
v -26.000000 24.000000 8.805522
v -24.000000 24.000000 8.167644
v -22.000000 24.000000 7.545024
v -20.000000 24.000000 6.922465
v -18.000000 24.000000 6.299785
v -16.000000 24.000000 5.677165
v -14.000000 24.000000 5.054606
v -12.000000 24.000000 4.450664
v -10.000000 24.000000 3.865581
v -8.000000 24.000000 3.472392
v -6.000000 24.000000 3.079204
v -4.000000 24.000000 2.685954
v -2.000000 24.000000 2.292766
v 0.000000 24.000000 1.899516
v 2.000000 24.000000 1.506328
v 4.000000 24.000000 1.111064
v 6.000000 24.000000 0.767802
v 8.000000 24.000000 0.476543
v 10.000000 24.000000 0.204753
v 12.000000 24.000000 -0.066976
v 14.000000 24.000000 -0.338765
v 16.000000 24.000000 -0.610494
v 18.000000 24.000000 -0.882283
v 20.000000 24.000000 -1.154073
v 22.000000 24.000000 -1.199727
v 24.000000 24.000000 -1.224751
v 26.000000 24.000000 -1.229329
v 28.000000 24.000000 -1.233846
v 30.000000 24.000000 -1.238484
v 32.000000 24.000000 -1.242940
v -32.000000 26.000000 10.880290
v -30.000000 26.000000 10.227031
v -28.000000 26.000000 9.573833
v -26.000000 26.000000 8.920634
v -24.000000 26.000000 8.282756
v -22.000000 26.000000 7.660075
v -20.000000 26.000000 7.037517
v -18.000000 26.000000 6.414897
v -16.000000 26.000000 5.792216
v -14.000000 26.000000 5.188396
v -12.000000 26.000000 4.603251
v -10.000000 26.000000 4.018168
v -8.000000 26.000000 3.624919
v -6.000000 26.000000 3.231730
v -4.000000 26.000000 2.838481
v -2.000000 26.000000 2.445292
v 0.000000 26.000000 2.052043
v 2.000000 26.000000 1.656840
v 4.000000 26.000000 1.261577
v 6.000000 26.000000 0.918315
v 8.000000 26.000000 0.627116
v 10.000000 26.000000 0.335795
v 12.000000 26.000000 0.064067
v 14.000000 26.000000 -0.207723
v 16.000000 26.000000 -0.479512
v 18.000000 26.000000 -0.751302
v 20.000000 26.000000 -1.023030
v 22.000000 26.000000 -1.068685
v 24.000000 26.000000 -1.114339
v 26.000000 26.000000 -1.139424
v 28.000000 26.000000 -1.143941
v 30.000000 26.000000 -1.148519
v 32.000000 26.000000 -1.153035
v -32.000000 28.000000 10.995341
v -30.000000 28.000000 10.342143
v -28.000000 28.000000 9.688884
v -26.000000 28.000000 9.035686
v -24.000000 28.000000 8.397807
v -22.000000 28.000000 7.775126
v -20.000000 28.000000 7.152568
v -18.000000 28.000000 6.529948
v -16.000000 28.000000 5.926066
v -14.000000 28.000000 5.340983
v -12.000000 28.000000 4.755839
v -10.000000 28.000000 4.170695
v -8.000000 28.000000 3.777507
v -6.000000 28.000000 3.384318
v -4.000000 28.000000 2.991069
v -2.000000 28.000000 2.597880
v 0.000000 28.000000 2.202617
v 2.000000 28.000000 1.807353
v 4.000000 28.000000 1.412089
v 6.000000 28.000000 1.068828
v 8.000000 28.000000 0.777629
v 10.000000 28.000000 0.486308
v 12.000000 28.000000 0.195109
v 14.000000 28.000000 -0.076680
v 16.000000 28.000000 -0.348470
v 18.000000 28.000000 -0.620259
v 20.000000 28.000000 -0.891988
v 22.000000 28.000000 -0.937642
v 24.000000 28.000000 -0.983296
v 26.000000 28.000000 -1.028951
v 28.000000 28.000000 -1.054036
v 30.000000 28.000000 -1.058614
v 32.000000 28.000000 -1.063130
v -32.000000 30.000000 11.078166
v -30.000000 30.000000 10.457194
v -28.000000 30.000000 9.803996
v -26.000000 30.000000 9.150737
v -24.000000 30.000000 8.512858
v -22.000000 30.000000 7.890239
v -20.000000 30.000000 7.267680
v -18.000000 30.000000 6.663737
v -16.000000 30.000000 6.078654
v -14.000000 30.000000 5.493510
v -12.000000 30.000000 4.908366
v -10.000000 30.000000 4.323222
v -8.000000 30.000000 3.930034
v -6.000000 30.000000 3.536845
v -4.000000 30.000000 3.143596
v -2.000000 30.000000 2.748332
v 0.000000 30.000000 2.353129
v 2.000000 30.000000 1.957866
v 4.000000 30.000000 1.562602
v 6.000000 30.000000 1.219401
v 8.000000 30.000000 0.928081
v 10.000000 30.000000 0.636882
v 12.000000 30.000000 0.345561
v 14.000000 30.000000 0.054301
v 16.000000 30.000000 -0.217427
v 18.000000 30.000000 -0.489217
v 20.000000 30.000000 -0.760945
v 22.000000 30.000000 -0.806600
v 24.000000 30.000000 -0.852254
v 26.000000 30.000000 -0.897908
v 28.000000 30.000000 -0.943501
v 30.000000 30.000000 -0.968648
v 32.000000 30.000000 -0.973165
v -32.000000 32.000000 11.128886
v -30.000000 32.000000 10.540080
v -28.000000 32.000000 9.919108
v -26.000000 32.000000 9.265849
v -24.000000 32.000000 8.627910
v -22.000000 32.000000 8.005351
v -20.000000 32.000000 7.401469
v -18.000000 32.000000 6.816325
v -16.000000 32.000000 6.231181
v -14.000000 32.000000 5.646037
v -12.000000 32.000000 5.060893
v -10.000000 32.000000 4.475810
v -8.000000 32.000000 4.082561
v -6.000000 32.000000 3.689372
v -4.000000 32.000000 3.294108
v -2.000000 32.000000 2.898906
v 0.000000 32.000000 2.503642
v 2.000000 32.000000 2.108439
v 4.000000 32.000000 1.713115
v 6.000000 32.000000 1.369853
v 8.000000 32.000000 1.078654
v 10.000000 32.000000 0.787395
v 12.000000 32.000000 0.496135
v 14.000000 32.000000 0.204875
v 16.000000 32.000000 -0.086385
v 18.000000 32.000000 -0.358174
v 20.000000 32.000000 -0.629964
v 22.000000 32.000000 -0.675557
v 24.000000 32.000000 -0.721211
v 26.000000 32.000000 -0.766866
v 28.000000 32.000000 -0.812459
v 30.000000 32.000000 -0.858113
v 32.000000 32.000000 -0.883260
vn 0.3289 -0.1558 0.9314
vn 0.3252 -0.1560 0.9327
vn 0.3288 -0.1558 0.9314
vn 0.3146 -0.1471 0.9377
vn 0.3194 -0.1523 0.9353
vn 0.3073 -0.1460 0.9404
vn 0.3087 -0.1459 0.9399
vn 0.3073 -0.1459 0.9403
vn 0.3075 -0.1458 0.9403
vn 0.3078 -0.1460 0.9402
vn 0.3084 -0.1453 0.9401
vn 0.3090 -0.1448 0.9400
vn 0.3093 -0.1449 0.9399
vn 0.3095 -0.1447 0.9398
vn 0.3084 -0.1441 0.9403
vn 0.3091 -0.1446 0.9400
vn 0.3075 -0.1438 0.9406
vn 0.3081 -0.1436 0.9404
vn 0.2879 -0.1447 0.9467
vn 0.2766 -0.1452 0.9499
vn 0.2206 -0.1714 0.9602
vn 0.2134 -0.1717 0.9618
vn 0.1823 -0.1682 0.9688
vn 0.1870 -0.1634 0.9687
vn 0.1918 -0.1632 0.9678
vn 0.1917 -0.1632 0.9678
vn 0.1871 -0.1633 0.9687
vn 0.1778 -0.1541 0.9719
vn 0.1825 -0.1587 0.9703
vn 0.1731 -0.1542 0.9728
vn 0.1729 -0.1542 0.9728
vn 0.1639 -0.1545 0.9743
vn 0.1546 -0.1637 0.9743
vn 0.1452 -0.1729 0.9742
vn 0.1364 -0.1731 0.9754
vn 0.1363 -0.1732 0.9754
vn 0.1363 -0.1731 0.9754
vn 0.1540 -0.1815 0.9712
vn 0.1453 -0.1729 0.9742
vn 0.1220 -0.1852 0.9751
vn 0.1253 -0.1911 0.9735
vn 0.0647 -0.1674 0.9838
vn 0.0775 -0.1673 0.9829
vn 0.0579 -0.1675 0.9842
vn 0.0448 -0.1801 0.9826
vn 0.0448 -0.1802 0.9826
vn 0.0319 -0.1927 0.9807
vn 0.0318 -0.1927 0.9807
vn 0.0318 -0.1928 0.9807
vn 0.3243 -0.1560 0.9330
vn 0.3138 -0.1461 0.9382
vn 0.3080 -0.1458 0.9402
vn 0.3088 -0.1449 0.9400
vn 0.3085 -0.1442 0.9402
vn 0.2653 -0.1456 0.9531
vn 0.2062 -0.1673 0.9641
vn 0.1454 -0.1729 0.9742
vn 0.1291 -0.1822 0.9747
vn 0.0903 -0.1671 0.9818
vn 0.0319 -0.1928 0.9807
vn 0.3186 -0.1513 0.9357
vn 0.3087 -0.1454 0.9400
vn 0.3094 -0.1447 0.9398
vn 0.2588 -0.1459 0.9549
vn 0.1991 -0.1629 0.9663
vn 0.1824 -0.1588 0.9703
vn 0.1547 -0.1637 0.9743
vn 0.1328 -0.1732 0.9759
vn 0.0938 -0.1670 0.9815
vn 0.3292 -0.1493 0.9324
vn 0.3292 -0.1491 0.9324
vn 0.3242 -0.1496 0.9341
vn 0.3145 -0.1440 0.9383
vn 0.3095 -0.1443 0.9399
vn 0.2522 -0.1463 0.9565
vn 0.1920 -0.1558 0.9689
vn 0.1920 -0.1559 0.9689
vn 0.1783 -0.1562 0.9715
vn 0.1505 -0.1611 0.9754
vn 0.1366 -0.1614 0.9774
vn 0.0847 -0.1612 0.9833
vn 0.0319 -0.1861 0.9820
vn 0.3295 -0.1428 0.9333
vn 0.3245 -0.1431 0.9350
vn 0.3145 -0.1436 0.9383
vn 0.3095 -0.1439 0.9400
vn 0.3095 -0.1438 0.9400
vn 0.2521 -0.1465 0.9566
vn 0.1922 -0.1485 0.9700
vn 0.1922 -0.1485 0.9701
vn 0.1923 -0.1484 0.9700
vn 0.1786 -0.1487 0.9726
vn 0.1509 -0.1493 0.9772
vn 0.1369 -0.1496 0.9792
vn 0.1345 -0.1519 0.9792
vn 0.0702 -0.1552 0.9854
vn 0.0197 -0.1676 0.9857
vn 0.0319 -0.1795 0.9832
vn 0.0319 -0.1794 0.9833
vn 0.3094 -0.1439 0.9400
vn 0.1924 -0.1483 0.9700
vn 0.1787 -0.1486 0.9726
vn 0.1345 -0.1520 0.9792
vn 0.1321 -0.1543 0.9791
vn 0.0699 -0.1553 0.9854
vn 0.0074 -0.1556 0.9878
vn 0.2522 -0.1465 0.9565
vn 0.1922 -0.1486 0.9700
vn 0.1925 -0.1482 0.9700
vn 0.1788 -0.1486 0.9726
vn 0.1322 -0.1542 0.9792
vn 0.0074 -0.1557 0.9878
vn 0.3312 -0.1446 0.9324
vn 0.1925 -0.1483 0.9700
vn 0.1367 -0.1497 0.9792
vn 0.0703 -0.1553 0.9854
vn 0.3312 -0.1447 0.9324
vn 0.3328 -0.1465 0.9315
vn 0.3094 -0.1440 0.9400
vn 0.2520 -0.1465 0.9566
vn 0.1926 -0.1482 0.9700
vn 0.1321 -0.1543 0.9792
vn 0.3329 -0.1465 0.9315
vn 0.1510 -0.1493 0.9772
vn 0.3332 -0.1393 0.9325
vn 0.3332 -0.1391 0.9325
vn 0.3266 -0.1377 0.9351
vn 0.3147 -0.1395 0.9389
vn 0.3096 -0.1398 0.9405
vn 0.3096 -0.1397 0.9405
vn 0.2524 -0.1422 0.9571
vn 0.1926 -0.1441 0.9706
vn 0.1926 -0.1440 0.9706
vn 0.1927 -0.1440 0.9706
vn 0.1927 -0.1439 0.9706
vn 0.1788 -0.1445 0.9732
vn 0.1487 -0.1464 0.9780
vn 0.1322 -0.1490 0.9800
vn 0.0700 -0.1500 0.9862
vn 0.0074 -0.1503 0.9886
vn 0.3338 -0.1248 0.9343
vn 0.3338 -0.1246 0.9344
vn 0.3337 -0.1249 0.9344
vn 0.3259 -0.1275 0.9368
vn 0.3138 -0.1294 0.9406
vn 0.3100 -0.1314 0.9416
vn 0.2528 -0.1337 0.9582
vn 0.1929 -0.1355 0.9718
vn 0.1929 -0.1354 0.9718
vn 0.1778 -0.1357 0.9747
vn 0.1476 -0.1377 0.9794
vn 0.1324 -0.1384 0.9815
vn 0.0701 -0.1393 0.9878
vn 0.0074 -0.1396 0.9902
vn 0.0075 -0.1396 0.9902
vn 0.3341 -0.1176 0.9352
vn 0.3341 -0.1175 0.9352
vn 0.3320 -0.1199 0.9356
vn 0.3242 -0.1224 0.9380
vn 0.3124 -0.1231 0.9419
vn 0.3084 -0.1252 0.9430
vn 0.3101 -0.1272 0.9422
vn 0.3101 -0.1272 0.9421
vn 0.2530 -0.1294 0.9588
vn 0.1930 -0.1312 0.9724
vn 0.1930 -0.1313 0.9724
vn 0.1931 -0.1312 0.9724
vn 0.1932 -0.1311 0.9724
vn 0.1780 -0.1314 0.9752
vn 0.1473 -0.1320 0.9802
vn 0.1322 -0.1327 0.9823
vn 0.1325 -0.1331 0.9822
vn 0.0701 -0.1340 0.9885
vn 0.0075 -0.1343 0.9909
vn 0.0074 -0.1343 0.9909
vn 0.0022 -0.1395 0.9902
vn 0.3299 -0.1222 0.9361
vn 0.3240 -0.1226 0.9381
vn 0.3125 -0.1231 0.9419
vn 0.3066 -0.1233 0.9438
vn 0.3084 -0.1253 0.9430
vn 0.2529 -0.1294 0.9588
vn 0.1933 -0.1310 0.9724
vn 0.1781 -0.1313 0.9752
vn 0.1318 -0.1323 0.9824
vn 0.0701 -0.1339 0.9885
vn 0.0022 -0.1394 0.9902
vn -0.0031 -0.1446 0.9895
vn 0.3298 -0.1223 0.9361
vn 0.1933 -0.1309 0.9724
vn 0.0705 -0.1339 0.9885
vn 0.3066 -0.1234 0.9438
vn 0.2528 -0.1294 0.9588
vn 0.0705 -0.1340 0.9885
vn -0.0031 -0.1447 0.9895
vn 0.1321 -0.1327 0.9823
vn 0.0704 -0.1339 0.9885
vn 0.3308 -0.0927 0.9391
vn 0.3308 -0.0926 0.9391
vn 0.3308 -0.0928 0.9391
vn 0.3249 -0.0989 0.9406
vn 0.3130 -0.1085 0.9435
vn 0.3070 -0.1119 0.9451
vn 0.3071 -0.1119 0.9451
vn 0.2514 -0.1158 0.9609
vn 0.1936 -0.1184 0.9739
vn 0.1936 -0.1183 0.9739
vn 0.1784 -0.1187 0.9768
vn 0.1476 -0.1193 0.9818
vn 0.1320 -0.1195 0.9840
vn 0.1320 -0.1196 0.9840
vn 0.0649 -0.1199 0.9907
vn -0.0031 -0.1227 0.9924
vn -0.0031 -0.1226 0.9924
vn 0.3317 -0.0629 0.9413
vn 0.3316 -0.0629 0.9413
vn 0.3261 -0.0691 0.9428
vn 0.3117 -0.0815 0.9467
vn 0.3022 -0.0911 0.9489
vn 0.3046 -0.0973 0.9475
vn 0.3074 -0.1004 0.9463
vn 0.2508 -0.1022 0.9626
vn 0.1929 -0.1046 0.9756
vn 0.1939 -0.1057 0.9753
vn 0.1939 -0.1056 0.9753
vn 0.1786 -0.1060 0.9782
vn 0.1477 -0.1065 0.9833
vn 0.1322 -0.1068 0.9855
vn 0.1322 -0.1067 0.9855
vn 0.1321 -0.1068 0.9855
vn 0.1330 -0.1059 0.9854
vn 0.0683 -0.1058 0.9920
vn -0.0004 -0.1033 0.9947
vn -0.0031 -0.1006 0.9949
vn 0.3316 -0.0630 0.9413
vn 0.3149 -0.0814 0.9456
vn 0.3060 -0.0877 0.9480
vn 0.2994 -0.0879 0.9501
vn 0.2989 -0.0911 0.9499
vn 0.2509 -0.1022 0.9626
vn 0.1919 -0.1036 0.9759
vn 0.1324 -0.1065 0.9855
vn 0.1340 -0.1049 0.9854
vn 0.0682 -0.1057 0.9921
vn 0.0022 -0.1059 0.9944
vn 0.3093 -0.0876 0.9469
vn 0.2961 -0.0880 0.9511
vn 0.1337 -0.1052 0.9854
vn 0.1339 -0.1050 0.9854
vn 0.0022 -0.1060 0.9944
vn 0.0023 -0.1060 0.9944
vn 0.3149 -0.0815 0.9456
vn 0.0686 -0.1057 0.9920
vn -0.0004 -0.1033 0.9946
vn 0.2509 -0.1021 0.9626
vn 0.1480 -0.1063 0.9833
vn 0.0023 -0.1059 0.9944
vn -0.0004 -0.1034 0.9946
vn 0.3095 -0.0794 0.9476
vn 0.3095 -0.0793 0.9476
vn 0.3062 -0.0795 0.9486
vn 0.2996 -0.0797 0.9507
vn 0.2963 -0.0797 0.9518
vn 0.2963 -0.0798 0.9518
vn 0.2991 -0.0830 0.9506
vn 0.2481 -0.0950 0.9641
vn 0.1920 -0.0963 0.9767
vn 0.1920 -0.0964 0.9766
vn 0.1920 -0.0964 0.9767
vn 0.1778 -0.0976 0.9792
vn 0.1488 -0.0956 0.9842
vn 0.1338 -0.0952 0.9864
vn 0.1340 -0.0950 0.9864
vn 0.0686 -0.0956 0.9931
vn 0.0023 -0.0908 0.9959
vn 0.0023 -0.0907 0.9959
vn 0.3099 -0.0629 0.9487
vn 0.3098 -0.0628 0.9487
vn 0.3066 -0.0630 0.9498
vn 0.3000 -0.0631 0.9519
vn 0.2966 -0.0632 0.9529
vn 0.2924 -0.0677 0.9539
vn 0.2411 -0.0810 0.9671
vn 0.1923 -0.0819 0.9779
vn 0.1924 -0.0818 0.9779
vn 0.1805 -0.0816 0.9802
vn 0.1516 -0.0793 0.9853
vn 0.1343 -0.0749 0.9881
vn 0.0738 -0.0753 0.9944
vn 0.0074 -0.0653 0.9978
vn 0.0023 -0.0602 0.9982
vn 0.3100 -0.0546 0.9492
vn 0.3067 -0.0547 0.9502
vn 0.3001 -0.0548 0.9523
vn 0.2968 -0.0549 0.9534
vn 0.2968 -0.0548 0.9534
vn 0.2926 -0.0594 0.9544
vn 0.2843 -0.0685 0.9563
vn 0.2369 -0.0739 0.9687
vn 0.1924 -0.0746 0.9785
vn 0.1923 -0.0747 0.9785
vn 0.1929 -0.0741 0.9784
vn 0.1809 -0.0739 0.9807
vn 0.1562 -0.0741 0.9849
vn 0.1390 -0.0695 0.9878
vn 0.1344 -0.0648 0.9888
vn 0.0787 -0.0652 0.9948
vn 0.0176 -0.0603 0.9980
vn 0.0074 -0.0500 0.9987
vn 0.0023 -0.0449 0.9990
vn 0.0022 -0.0449 0.9990
vn 0.2926 -0.0595 0.9544
vn 0.2843 -0.0684 0.9563
vn 0.2801 -0.0730 0.9572
vn 0.1925 -0.0745 0.9785
vn 0.1932 -0.0738 0.9784
vn 0.1810 -0.0738 0.9807
vn 0.1437 -0.0743 0.9868
vn 0.0790 -0.0652 0.9947
vn 0.0228 -0.0654 0.9976
vn 0.0176 -0.0602 0.9980
vn 0.3032 -0.0471 0.9518
vn 0.2800 -0.0730 0.9572
vn 0.2368 -0.0739 0.9688
vn 0.1934 -0.0736 0.9784
vn 0.2893 -0.0319 0.9567
vn 0.1922 -0.0748 0.9785
vn 0.1933 -0.0736 0.9784
vn 0.0074 -0.0501 0.9987
vn 0.2894 -0.0319 0.9567
vn 0.2823 -0.0243 0.9590
vn 0.3068 -0.0547 0.9502
vn 0.2370 -0.0739 0.9687
vn 0.1928 -0.0746 0.9784
vn 0.1931 -0.0739 0.9784
vn 0.1933 -0.0737 0.9784
vn 0.1934 -0.0737 0.9784
vn 0.1812 -0.0738 0.9807
vn 0.1563 -0.0741 0.9849
vn 0.0789 -0.0652 0.9948
vn 0.0177 -0.0603 0.9980
vt 0.015625 0.015625
vt 0.045898 0.015625
vt 0.045898 0.045898
vt 0.015625 0.045898
vt 0.076172 0.015625
vt 0.076172 0.045898
vt 0.106445 0.015625
vt 0.106445 0.045898
vt 0.136719 0.015625
vt 0.136719 0.045898
vt 0.166992 0.015625
vt 0.166992 0.045898
vt 0.197266 0.015625
vt 0.197266 0.045898
vt 0.227539 0.015625
vt 0.227539 0.045898
vt 0.257812 0.015625
vt 0.257812 0.045898
vt 0.288086 0.015625
vt 0.288086 0.045898
vt 0.318359 0.015625
vt 0.318359 0.045898
vt 0.348633 0.015625
vt 0.348633 0.045898
vt 0.378906 0.015625
vt 0.378906 0.045898
vt 0.409180 0.015625
vt 0.409180 0.045898
vt 0.439453 0.015625
vt 0.439453 0.045898
vt 0.469727 0.015625
vt 0.469727 0.045898
vt 0.500000 0.015625
vt 0.500000 0.045898
vt 0.530273 0.015625
vt 0.530273 0.045898
vt 0.560547 0.015625
vt 0.560547 0.045898
vt 0.590820 0.015625
vt 0.590820 0.045898
vt 0.621094 0.015625
vt 0.621094 0.045898
vt 0.651367 0.015625
vt 0.651367 0.045898
vt 0.681641 0.015625
vt 0.681641 0.045898
vt 0.711914 0.015625
vt 0.711914 0.045898
vt 0.742188 0.015625
vt 0.742188 0.045898
vt 0.772461 0.015625
vt 0.772461 0.045898
vt 0.802734 0.015625
vt 0.802734 0.045898
vt 0.833008 0.015625
vt 0.833008 0.045898
vt 0.863281 0.015625
vt 0.863281 0.045898
vt 0.893555 0.015625
vt 0.893555 0.045898
vt 0.923828 0.015625
vt 0.923828 0.045898
vt 0.954102 0.015625
vt 0.954102 0.045898
vt 0.984375 0.015625
vt 0.984375 0.045898
vt 0.045898 0.076172
vt 0.015625 0.076172
vt 0.076172 0.076172
vt 0.106445 0.076172
vt 0.136719 0.076172
vt 0.166992 0.076172
vt 0.197266 0.076172
vt 0.227539 0.076172
vt 0.257812 0.076172
vt 0.288086 0.076172
vt 0.318359 0.076172
vt 0.348633 0.076172
vt 0.378906 0.076172
vt 0.409180 0.076172
vt 0.439453 0.076172
vt 0.469727 0.076172
vt 0.500000 0.076172
vt 0.530273 0.076172
vt 0.560547 0.076172
vt 0.590820 0.076172
vt 0.621094 0.076172
vt 0.651367 0.076172
vt 0.681641 0.076172
vt 0.711914 0.076172
vt 0.742188 0.076172
vt 0.772461 0.076172
vt 0.802734 0.076172
vt 0.833008 0.076172
vt 0.863281 0.076172
vt 0.893555 0.076172
vt 0.923828 0.076172
vt 0.954102 0.076172
vt 0.984375 0.076172
vt 0.045898 0.106445
vt 0.015625 0.106445
vt 0.076172 0.106445
vt 0.106445 0.106445
vt 0.136719 0.106445
vt 0.166992 0.106445
vt 0.197266 0.106445
vt 0.227539 0.106445
vt 0.257812 0.106445
vt 0.288086 0.106445
vt 0.318359 0.106445
vt 0.348633 0.106445
vt 0.378906 0.106445
vt 0.409180 0.106445
vt 0.439453 0.106445
vt 0.469727 0.106445
vt 0.500000 0.106445
vt 0.530273 0.106445
vt 0.560547 0.106445
vt 0.590820 0.106445
vt 0.621094 0.106445
vt 0.651367 0.106445
vt 0.681641 0.106445
vt 0.711914 0.106445
vt 0.742188 0.106445
vt 0.772461 0.106445
vt 0.802734 0.106445
vt 0.833008 0.106445
vt 0.863281 0.106445
vt 0.893555 0.106445
vt 0.923828 0.106445
vt 0.954102 0.106445
vt 0.984375 0.106445
vt 0.045898 0.136719
vt 0.015625 0.136719
vt 0.076172 0.136719
vt 0.106445 0.136719
vt 0.136719 0.136719
vt 0.166992 0.136719
vt 0.197266 0.136719
vt 0.227539 0.136719
vt 0.257812 0.136719
vt 0.288086 0.136719
vt 0.318359 0.136719
vt 0.348633 0.136719
vt 0.378906 0.136719
vt 0.409180 0.136719
vt 0.439453 0.136719
vt 0.469727 0.136719
vt 0.500000 0.136719
vt 0.530273 0.136719
vt 0.560547 0.136719
vt 0.590820 0.136719
vt 0.621094 0.136719
vt 0.651367 0.136719
vt 0.681641 0.136719
vt 0.711914 0.136719
vt 0.742188 0.136719
vt 0.772461 0.136719
vt 0.802734 0.136719
vt 0.833008 0.136719
vt 0.863281 0.136719
vt 0.893555 0.136719
vt 0.923828 0.136719
vt 0.954102 0.136719
vt 0.984375 0.136719
vt 0.045898 0.166992
vt 0.015625 0.166992
vt 0.076172 0.166992
vt 0.106445 0.166992
vt 0.136719 0.166992
vt 0.166992 0.166992
vt 0.197266 0.166992
vt 0.227539 0.166992
vt 0.257812 0.166992
vt 0.288086 0.166992
vt 0.318359 0.166992
vt 0.348633 0.166992
vt 0.378906 0.166992
vt 0.409180 0.166992
vt 0.439453 0.166992
vt 0.469727 0.166992
vt 0.500000 0.166992
vt 0.530273 0.166992
vt 0.560547 0.166992
vt 0.590820 0.166992
vt 0.621094 0.166992
vt 0.651367 0.166992
vt 0.681641 0.166992
vt 0.711914 0.166992
vt 0.742188 0.166992
vt 0.772461 0.166992
vt 0.802734 0.166992
vt 0.833008 0.166992
vt 0.863281 0.166992
vt 0.893555 0.166992
vt 0.923828 0.166992
vt 0.954102 0.166992
vt 0.984375 0.166992
vt 0.045898 0.197266
vt 0.015625 0.197266
vt 0.076172 0.197266
vt 0.106445 0.197266
vt 0.136719 0.197266
vt 0.166992 0.197266
vt 0.197266 0.197266
vt 0.227539 0.197266
vt 0.257812 0.197266
vt 0.288086 0.197266
vt 0.318359 0.197266
vt 0.348633 0.197266
vt 0.378906 0.197266
vt 0.409180 0.197266
vt 0.439453 0.197266
vt 0.469727 0.197266
vt 0.500000 0.197266
vt 0.530273 0.197266
vt 0.560547 0.197266
vt 0.590820 0.197266
vt 0.621094 0.197266
vt 0.651367 0.197266
vt 0.681641 0.197266
vt 0.711914 0.197266
vt 0.742188 0.197266
vt 0.772461 0.197266
vt 0.802734 0.197266
vt 0.833008 0.197266
vt 0.863281 0.197266
vt 0.893555 0.197266
vt 0.923828 0.197266
vt 0.954102 0.197266
vt 0.984375 0.197266
vt 0.045898 0.227539
vt 0.015625 0.227539
vt 0.076172 0.227539
vt 0.106445 0.227539
vt 0.136719 0.227539
vt 0.166992 0.227539
vt 0.197266 0.227539
vt 0.227539 0.227539
vt 0.257812 0.227539
vt 0.288086 0.227539
vt 0.318359 0.227539
vt 0.348633 0.227539
vt 0.378906 0.227539
vt 0.409180 0.227539
vt 0.439453 0.227539
vt 0.469727 0.227539
vt 0.500000 0.227539
vt 0.530273 0.227539
vt 0.560547 0.227539
vt 0.590820 0.227539
vt 0.621094 0.227539
vt 0.651367 0.227539
vt 0.681641 0.227539
vt 0.711914 0.227539
vt 0.742188 0.227539
vt 0.772461 0.227539
vt 0.802734 0.227539
vt 0.833008 0.227539
vt 0.863281 0.227539
vt 0.893555 0.227539
vt 0.923828 0.227539
vt 0.954102 0.227539
vt 0.984375 0.227539
vt 0.045898 0.257812
vt 0.015625 0.257812
vt 0.076172 0.257812
vt 0.106445 0.257812
vt 0.136719 0.257812
vt 0.166992 0.257812
vt 0.197266 0.257812
vt 0.227539 0.257812
vt 0.257812 0.257812
vt 0.288086 0.257812
vt 0.318359 0.257812
vt 0.348633 0.257812
vt 0.378906 0.257812
vt 0.409180 0.257812
vt 0.439453 0.257812
vt 0.469727 0.257812
vt 0.500000 0.257812
vt 0.530273 0.257812
vt 0.560547 0.257812
vt 0.590820 0.257812
vt 0.621094 0.257812
vt 0.651367 0.257812
vt 0.681641 0.257812
vt 0.711914 0.257812
vt 0.742188 0.257812
vt 0.772461 0.257812
vt 0.802734 0.257812
vt 0.833008 0.257812
vt 0.863281 0.257812
vt 0.893555 0.257812
vt 0.923828 0.257812
vt 0.954102 0.257812
vt 0.984375 0.257812
vt 0.045898 0.288086
vt 0.015625 0.288086
vt 0.076172 0.288086
vt 0.106445 0.288086
vt 0.136719 0.288086
vt 0.166992 0.288086
vt 0.197266 0.288086
vt 0.227539 0.288086
vt 0.257812 0.288086
vt 0.288086 0.288086
vt 0.318359 0.288086
vt 0.348633 0.288086
vt 0.378906 0.288086
vt 0.409180 0.288086
vt 0.439453 0.288086
vt 0.469727 0.288086
vt 0.500000 0.288086
vt 0.530273 0.288086
vt 0.560547 0.288086
vt 0.590820 0.288086
vt 0.621094 0.288086
vt 0.651367 0.288086
vt 0.681641 0.288086
vt 0.711914 0.288086
vt 0.742188 0.288086
vt 0.772461 0.288086
vt 0.802734 0.288086
vt 0.833008 0.288086
vt 0.863281 0.288086
vt 0.893555 0.288086
vt 0.923828 0.288086
vt 0.954102 0.288086
vt 0.984375 0.288086
vt 0.045898 0.318359
vt 0.015625 0.318359
vt 0.076172 0.318359
vt 0.106445 0.318359
vt 0.136719 0.318359
vt 0.166992 0.318359
vt 0.197266 0.318359
vt 0.227539 0.318359
vt 0.257812 0.318359
vt 0.288086 0.318359
vt 0.318359 0.318359
vt 0.348633 0.318359
vt 0.378906 0.318359
vt 0.409180 0.318359
vt 0.439453 0.318359
vt 0.469727 0.318359
vt 0.500000 0.318359
vt 0.530273 0.318359
vt 0.560547 0.318359
vt 0.590820 0.318359
vt 0.621094 0.318359
vt 0.651367 0.318359
vt 0.681641 0.318359
vt 0.711914 0.318359
vt 0.742188 0.318359
vt 0.772461 0.318359
vt 0.802734 0.318359
vt 0.833008 0.318359
vt 0.863281 0.318359
vt 0.893555 0.318359
vt 0.923828 0.318359
vt 0.954102 0.318359
vt 0.984375 0.318359
vt 0.045898 0.348633
vt 0.015625 0.348633
vt 0.076172 0.348633
vt 0.106445 0.348633
vt 0.136719 0.348633
vt 0.166992 0.348633
vt 0.197266 0.348633
vt 0.227539 0.348633
vt 0.257812 0.348633
vt 0.288086 0.348633
vt 0.318359 0.348633
vt 0.348633 0.348633
vt 0.378906 0.348633
vt 0.409180 0.348633
vt 0.439453 0.348633
vt 0.469727 0.348633
vt 0.500000 0.348633
vt 0.530273 0.348633
vt 0.560547 0.348633
vt 0.590820 0.348633
vt 0.621094 0.348633
vt 0.651367 0.348633
vt 0.681641 0.348633
vt 0.711914 0.348633
vt 0.742188 0.348633
vt 0.772461 0.348633
vt 0.802734 0.348633
vt 0.833008 0.348633
vt 0.863281 0.348633
vt 0.893555 0.348633
vt 0.923828 0.348633
vt 0.954102 0.348633
vt 0.984375 0.348633
vt 0.045898 0.378906
vt 0.015625 0.378906
vt 0.076172 0.378906
vt 0.106445 0.378906
vt 0.136719 0.378906
vt 0.166992 0.378906
vt 0.197266 0.378906
vt 0.227539 0.378906
vt 0.257812 0.378906
vt 0.288086 0.378906
vt 0.318359 0.378906
vt 0.348633 0.378906
vt 0.378906 0.378906
vt 0.409180 0.378906
vt 0.439453 0.378906
vt 0.469727 0.378906
vt 0.500000 0.378906
vt 0.530273 0.378906
vt 0.560547 0.378906
vt 0.590820 0.378906
vt 0.621094 0.378906
vt 0.651367 0.378906
vt 0.681641 0.378906
vt 0.711914 0.378906
vt 0.742188 0.378906
vt 0.772461 0.378906
vt 0.802734 0.378906
vt 0.833008 0.378906
vt 0.863281 0.378906
vt 0.893555 0.378906
vt 0.923828 0.378906
vt 0.954102 0.378906
vt 0.984375 0.378906
vt 0.045898 0.409180
vt 0.015625 0.409180
vt 0.076172 0.409180
vt 0.106445 0.409180
vt 0.136719 0.409180
vt 0.166992 0.409180
vt 0.197266 0.409180
vt 0.227539 0.409180
vt 0.257812 0.409180
vt 0.288086 0.409180
vt 0.318359 0.409180
vt 0.348633 0.409180
vt 0.378906 0.409180
vt 0.409180 0.409180
vt 0.439453 0.409180
vt 0.469727 0.409180
vt 0.500000 0.409180
vt 0.530273 0.409180
vt 0.560547 0.409180
vt 0.590820 0.409180
vt 0.621094 0.409180
vt 0.651367 0.409180
vt 0.681641 0.409180
vt 0.711914 0.409180
vt 0.742188 0.409180
vt 0.772461 0.409180
vt 0.802734 0.409180
vt 0.833008 0.409180
vt 0.863281 0.409180
vt 0.893555 0.409180
vt 0.923828 0.409180
vt 0.954102 0.409180
vt 0.984375 0.409180
vt 0.045898 0.439453
vt 0.015625 0.439453
vt 0.076172 0.439453
vt 0.106445 0.439453
vt 0.136719 0.439453
vt 0.166992 0.439453
vt 0.197266 0.439453
vt 0.227539 0.439453
vt 0.257812 0.439453
vt 0.288086 0.439453
vt 0.318359 0.439453
vt 0.348633 0.439453
vt 0.378906 0.439453
vt 0.409180 0.439453
vt 0.439453 0.439453
vt 0.469727 0.439453
vt 0.500000 0.439453
vt 0.530273 0.439453
vt 0.560547 0.439453
vt 0.590820 0.439453
vt 0.621094 0.439453
vt 0.651367 0.439453
vt 0.681641 0.439453
vt 0.711914 0.439453
vt 0.742188 0.439453
vt 0.772461 0.439453
vt 0.802734 0.439453
vt 0.833008 0.439453
vt 0.863281 0.439453
vt 0.893555 0.439453
vt 0.923828 0.439453
vt 0.954102 0.439453
vt 0.984375 0.439453
vt 0.045898 0.469727
vt 0.015625 0.469727
vt 0.076172 0.469727
vt 0.106445 0.469727
vt 0.136719 0.469727
vt 0.166992 0.469727
vt 0.197266 0.469727
vt 0.227539 0.469727
vt 0.257812 0.469727
vt 0.288086 0.469727
vt 0.318359 0.469727
vt 0.348633 0.469727
vt 0.378906 0.469727
vt 0.409180 0.469727
vt 0.439453 0.469727
vt 0.469727 0.469727
vt 0.500000 0.469727
vt 0.530273 0.469727
vt 0.560547 0.469727
vt 0.590820 0.469727
vt 0.621094 0.469727
vt 0.651367 0.469727
vt 0.681641 0.469727
vt 0.711914 0.469727
vt 0.742188 0.469727
vt 0.772461 0.469727
vt 0.802734 0.469727
vt 0.833008 0.469727
vt 0.863281 0.469727
vt 0.893555 0.469727
vt 0.923828 0.469727
vt 0.954102 0.469727
vt 0.984375 0.469727
vt 0.045898 0.500000
vt 0.015625 0.500000
vt 0.076172 0.500000
vt 0.106445 0.500000
vt 0.136719 0.500000
vt 0.166992 0.500000
vt 0.197266 0.500000
vt 0.227539 0.500000
vt 0.257812 0.500000
vt 0.288086 0.500000
vt 0.318359 0.500000
vt 0.348633 0.500000
vt 0.378906 0.500000
vt 0.409180 0.500000
vt 0.439453 0.500000
vt 0.469727 0.500000
vt 0.500000 0.500000
vt 0.530273 0.500000
vt 0.560547 0.500000
vt 0.590820 0.500000
vt 0.621094 0.500000
vt 0.651367 0.500000
vt 0.681641 0.500000
vt 0.711914 0.500000
vt 0.742188 0.500000
vt 0.772461 0.500000
vt 0.802734 0.500000
vt 0.833008 0.500000
vt 0.863281 0.500000
vt 0.893555 0.500000
vt 0.923828 0.500000
vt 0.954102 0.500000
vt 0.984375 0.500000
vt 0.045898 0.530273
vt 0.015625 0.530273
vt 0.076172 0.530273
vt 0.106445 0.530273
vt 0.136719 0.530273
vt 0.166992 0.530273
vt 0.197266 0.530273
vt 0.227539 0.530273
vt 0.257812 0.530273
vt 0.288086 0.530273
vt 0.318359 0.530273
vt 0.348633 0.530273
vt 0.378906 0.530273
vt 0.409180 0.530273
vt 0.439453 0.530273
vt 0.469727 0.530273
vt 0.500000 0.530273
vt 0.530273 0.530273
vt 0.560547 0.530273
vt 0.590820 0.530273
vt 0.621094 0.530273
vt 0.651367 0.530273
vt 0.681641 0.530273
vt 0.711914 0.530273
vt 0.742188 0.530273
vt 0.772461 0.530273
vt 0.802734 0.530273
vt 0.833008 0.530273
vt 0.863281 0.530273
vt 0.893555 0.530273
vt 0.923828 0.530273
vt 0.954102 0.530273
vt 0.984375 0.530273
vt 0.045898 0.560547
vt 0.015625 0.560547
vt 0.076172 0.560547
vt 0.106445 0.560547
vt 0.136719 0.560547
vt 0.166992 0.560547
vt 0.197266 0.560547
vt 0.227539 0.560547
vt 0.257812 0.560547
vt 0.288086 0.560547
vt 0.318359 0.560547
vt 0.348633 0.560547
vt 0.378906 0.560547
vt 0.409180 0.560547
vt 0.439453 0.560547
vt 0.469727 0.560547
vt 0.500000 0.560547
vt 0.530273 0.560547
vt 0.560547 0.560547
vt 0.590820 0.560547
vt 0.621094 0.560547
vt 0.651367 0.560547
vt 0.681641 0.560547
vt 0.711914 0.560547
vt 0.742188 0.560547
vt 0.772461 0.560547
vt 0.802734 0.560547
vt 0.833008 0.560547
vt 0.863281 0.560547
vt 0.893555 0.560547
vt 0.923828 0.560547
vt 0.954102 0.560547
vt 0.984375 0.560547
vt 0.045898 0.590820
vt 0.015625 0.590820
vt 0.076172 0.590820
vt 0.106445 0.590820
vt 0.136719 0.590820
vt 0.166992 0.590820
vt 0.197266 0.590820
vt 0.227539 0.590820
vt 0.257812 0.590820
vt 0.288086 0.590820
vt 0.318359 0.590820
vt 0.348633 0.590820
vt 0.378906 0.590820
vt 0.409180 0.590820
vt 0.439453 0.590820
vt 0.469727 0.590820
vt 0.500000 0.590820
vt 0.530273 0.590820
vt 0.560547 0.590820
vt 0.590820 0.590820
vt 0.621094 0.590820
vt 0.651367 0.590820
vt 0.681641 0.590820
vt 0.711914 0.590820
vt 0.742188 0.590820
vt 0.772461 0.590820
vt 0.802734 0.590820
vt 0.833008 0.590820
vt 0.863281 0.590820
vt 0.893555 0.590820
vt 0.923828 0.590820
vt 0.954102 0.590820
vt 0.984375 0.590820
vt 0.045898 0.621094
vt 0.015625 0.621094
vt 0.076172 0.621094
vt 0.106445 0.621094
vt 0.136719 0.621094
vt 0.166992 0.621094
vt 0.197266 0.621094
vt 0.227539 0.621094
vt 0.257812 0.621094
vt 0.288086 0.621094
vt 0.318359 0.621094
vt 0.348633 0.621094
vt 0.378906 0.621094
vt 0.409180 0.621094
vt 0.439453 0.621094
vt 0.469727 0.621094
vt 0.500000 0.621094
vt 0.530273 0.621094
vt 0.560547 0.621094
vt 0.590820 0.621094
vt 0.621094 0.621094
vt 0.651367 0.621094
vt 0.681641 0.621094
vt 0.711914 0.621094
vt 0.742188 0.621094
vt 0.772461 0.621094
vt 0.802734 0.621094
vt 0.833008 0.621094
vt 0.863281 0.621094
vt 0.893555 0.621094
vt 0.923828 0.621094
vt 0.954102 0.621094
vt 0.984375 0.621094
vt 0.045898 0.651367
vt 0.015625 0.651367
vt 0.076172 0.651367
vt 0.106445 0.651367
vt 0.136719 0.651367
vt 0.166992 0.651367
vt 0.197266 0.651367
vt 0.227539 0.651367
vt 0.257812 0.651367
vt 0.288086 0.651367
vt 0.318359 0.651367
vt 0.348633 0.651367
vt 0.378906 0.651367
vt 0.409180 0.651367
vt 0.439453 0.651367
vt 0.469727 0.651367
vt 0.500000 0.651367
vt 0.530273 0.651367
vt 0.560547 0.651367
vt 0.590820 0.651367
vt 0.621094 0.651367
vt 0.651367 0.651367
vt 0.681641 0.651367
vt 0.711914 0.651367
vt 0.742188 0.651367
vt 0.772461 0.651367
vt 0.802734 0.651367
vt 0.833008 0.651367
vt 0.863281 0.651367
vt 0.893555 0.651367
vt 0.923828 0.651367
vt 0.954102 0.651367
vt 0.984375 0.651367
vt 0.045898 0.681641
vt 0.015625 0.681641
vt 0.076172 0.681641
vt 0.106445 0.681641
vt 0.136719 0.681641
vt 0.166992 0.681641
vt 0.197266 0.681641
vt 0.227539 0.681641
vt 0.257812 0.681641
vt 0.288086 0.681641
vt 0.318359 0.681641
vt 0.348633 0.681641
vt 0.378906 0.681641
vt 0.409180 0.681641
vt 0.439453 0.681641
vt 0.469727 0.681641
vt 0.500000 0.681641
vt 0.530273 0.681641
vt 0.560547 0.681641
vt 0.590820 0.681641
vt 0.621094 0.681641
vt 0.651367 0.681641
vt 0.681641 0.681641
vt 0.711914 0.681641
vt 0.742188 0.681641
vt 0.772461 0.681641
vt 0.802734 0.681641
vt 0.833008 0.681641
vt 0.863281 0.681641
vt 0.893555 0.681641
vt 0.923828 0.681641
vt 0.954102 0.681641
vt 0.984375 0.681641
vt 0.045898 0.711914
vt 0.015625 0.711914
vt 0.076172 0.711914
vt 0.106445 0.711914
vt 0.136719 0.711914
vt 0.166992 0.711914
vt 0.197266 0.711914
vt 0.227539 0.711914
vt 0.257812 0.711914
vt 0.288086 0.711914
vt 0.318359 0.711914
vt 0.348633 0.711914
vt 0.378906 0.711914
vt 0.409180 0.711914
vt 0.439453 0.711914
vt 0.469727 0.711914
vt 0.500000 0.711914
vt 0.530273 0.711914
vt 0.560547 0.711914
vt 0.590820 0.711914
vt 0.621094 0.711914
vt 0.651367 0.711914
vt 0.681641 0.711914
vt 0.711914 0.711914
vt 0.742188 0.711914
vt 0.772461 0.711914
vt 0.802734 0.711914
vt 0.833008 0.711914
vt 0.863281 0.711914
vt 0.893555 0.711914
vt 0.923828 0.711914
vt 0.954102 0.711914
vt 0.984375 0.711914
vt 0.045898 0.742188
vt 0.015625 0.742188
vt 0.076172 0.742188
vt 0.106445 0.742188
vt 0.136719 0.742188
vt 0.166992 0.742188
vt 0.197266 0.742188
vt 0.227539 0.742188
vt 0.257812 0.742188
vt 0.288086 0.742188
vt 0.318359 0.742188
vt 0.348633 0.742188
vt 0.378906 0.742188
vt 0.409180 0.742188
vt 0.439453 0.742188
vt 0.469727 0.742188
vt 0.500000 0.742188
vt 0.530273 0.742188
vt 0.560547 0.742188
vt 0.590820 0.742188
vt 0.621094 0.742188
vt 0.651367 0.742188
vt 0.681641 0.742188
vt 0.711914 0.742188
vt 0.742188 0.742188
vt 0.772461 0.742188
vt 0.802734 0.742188
vt 0.833008 0.742188
vt 0.863281 0.742188
vt 0.893555 0.742188
vt 0.923828 0.742188
vt 0.954102 0.742188
vt 0.984375 0.742188
vt 0.045898 0.772461
vt 0.015625 0.772461
vt 0.076172 0.772461
vt 0.106445 0.772461
vt 0.136719 0.772461
vt 0.166992 0.772461
vt 0.197266 0.772461
vt 0.227539 0.772461
vt 0.257812 0.772461
vt 0.288086 0.772461
vt 0.318359 0.772461
vt 0.348633 0.772461
vt 0.378906 0.772461
vt 0.409180 0.772461
vt 0.439453 0.772461
vt 0.469727 0.772461
vt 0.500000 0.772461
vt 0.530273 0.772461
vt 0.560547 0.772461
vt 0.590820 0.772461
vt 0.621094 0.772461
vt 0.651367 0.772461
vt 0.681641 0.772461
vt 0.711914 0.772461
vt 0.742188 0.772461
vt 0.772461 0.772461
vt 0.802734 0.772461
vt 0.833008 0.772461
vt 0.863281 0.772461
vt 0.893555 0.772461
vt 0.923828 0.772461
vt 0.954102 0.772461
vt 0.984375 0.772461
vt 0.045898 0.802734
vt 0.015625 0.802734
vt 0.076172 0.802734
vt 0.106445 0.802734
vt 0.136719 0.802734
vt 0.166992 0.802734
vt 0.197266 0.802734
vt 0.227539 0.802734
vt 0.257812 0.802734
vt 0.288086 0.802734
vt 0.318359 0.802734
vt 0.348633 0.802734
vt 0.378906 0.802734
vt 0.409180 0.802734
vt 0.439453 0.802734
vt 0.469727 0.802734
vt 0.500000 0.802734
vt 0.530273 0.802734
vt 0.560547 0.802734
vt 0.590820 0.802734
vt 0.621094 0.802734
vt 0.651367 0.802734
vt 0.681641 0.802734
vt 0.711914 0.802734
vt 0.742188 0.802734
vt 0.772461 0.802734
vt 0.802734 0.802734
vt 0.833008 0.802734
vt 0.863281 0.802734
vt 0.893555 0.802734
vt 0.923828 0.802734
vt 0.954102 0.802734
vt 0.984375 0.802734
vt 0.045898 0.833008
vt 0.015625 0.833008
vt 0.076172 0.833008
vt 0.106445 0.833008
vt 0.136719 0.833008
vt 0.166992 0.833008
vt 0.197266 0.833008
vt 0.227539 0.833008
vt 0.257812 0.833008
vt 0.288086 0.833008
vt 0.318359 0.833008
vt 0.348633 0.833008
vt 0.378906 0.833008
vt 0.409180 0.833008
vt 0.439453 0.833008
vt 0.469727 0.833008
vt 0.500000 0.833008
vt 0.530273 0.833008
vt 0.560547 0.833008
vt 0.590820 0.833008
vt 0.621094 0.833008
vt 0.651367 0.833008
vt 0.681641 0.833008
vt 0.711914 0.833008
vt 0.742188 0.833008
vt 0.772461 0.833008
vt 0.802734 0.833008
vt 0.833008 0.833008
vt 0.863281 0.833008
vt 0.893555 0.833008
vt 0.923828 0.833008
vt 0.954102 0.833008
vt 0.984375 0.833008
vt 0.045898 0.863281
vt 0.015625 0.863281
vt 0.076172 0.863281
vt 0.106445 0.863281
vt 0.136719 0.863281
vt 0.166992 0.863281
vt 0.197266 0.863281
vt 0.227539 0.863281
vt 0.257812 0.863281
vt 0.288086 0.863281
vt 0.318359 0.863281
vt 0.348633 0.863281
vt 0.378906 0.863281
vt 0.409180 0.863281
vt 0.439453 0.863281
vt 0.469727 0.863281
vt 0.500000 0.863281
vt 0.530273 0.863281
vt 0.560547 0.863281
vt 0.590820 0.863281
vt 0.621094 0.863281
vt 0.651367 0.863281
vt 0.681641 0.863281
vt 0.711914 0.863281
vt 0.742188 0.863281
vt 0.772461 0.863281
vt 0.802734 0.863281
vt 0.833008 0.863281
vt 0.863281 0.863281
vt 0.893555 0.863281
vt 0.923828 0.863281
vt 0.954102 0.863281
vt 0.984375 0.863281
vt 0.045898 0.893555
vt 0.015625 0.893555
vt 0.076172 0.893555
vt 0.106445 0.893555
vt 0.136719 0.893555
vt 0.166992 0.893555
vt 0.197266 0.893555
vt 0.227539 0.893555
vt 0.257812 0.893555
vt 0.288086 0.893555
vt 0.318359 0.893555
vt 0.348633 0.893555
vt 0.378906 0.893555
vt 0.409180 0.893555
vt 0.439453 0.893555
vt 0.469727 0.893555
vt 0.500000 0.893555
vt 0.530273 0.893555
vt 0.560547 0.893555
vt 0.590820 0.893555
vt 0.621094 0.893555
vt 0.651367 0.893555
vt 0.681641 0.893555
vt 0.711914 0.893555
vt 0.742188 0.893555
vt 0.772461 0.893555
vt 0.802734 0.893555
vt 0.833008 0.893555
vt 0.863281 0.893555
vt 0.893555 0.893555
vt 0.923828 0.893555
vt 0.954102 0.893555
vt 0.984375 0.893555
vt 0.045898 0.923828
vt 0.015625 0.923828
vt 0.076172 0.923828
vt 0.106445 0.923828
vt 0.136719 0.923828
vt 0.166992 0.923828
vt 0.197266 0.923828
vt 0.227539 0.923828
vt 0.257812 0.923828
vt 0.288086 0.923828
vt 0.318359 0.923828
vt 0.348633 0.923828
vt 0.378906 0.923828
vt 0.409180 0.923828
vt 0.439453 0.923828
vt 0.469727 0.923828
vt 0.500000 0.923828
vt 0.530273 0.923828
vt 0.560547 0.923828
vt 0.590820 0.923828
vt 0.621094 0.923828
vt 0.651367 0.923828
vt 0.681641 0.923828
vt 0.711914 0.923828
vt 0.742188 0.923828
vt 0.772461 0.923828
vt 0.802734 0.923828
vt 0.833008 0.923828
vt 0.863281 0.923828
vt 0.893555 0.923828
vt 0.923828 0.923828
vt 0.954102 0.923828
vt 0.984375 0.923828
vt 0.045898 0.954102
vt 0.015625 0.954102
vt 0.076172 0.954102
vt 0.106445 0.954102
vt 0.136719 0.954102
vt 0.166992 0.954102
vt 0.197266 0.954102
vt 0.227539 0.954102
vt 0.257812 0.954102
vt 0.288086 0.954102
vt 0.318359 0.954102
vt 0.348633 0.954102
vt 0.378906 0.954102
vt 0.409180 0.954102
vt 0.439453 0.954102
vt 0.469727 0.954102
vt 0.500000 0.954102
vt 0.530273 0.954102
vt 0.560547 0.954102
vt 0.590820 0.954102
vt 0.621094 0.954102
vt 0.651367 0.954102
vt 0.681641 0.954102
vt 0.711914 0.954102
vt 0.742188 0.954102
vt 0.772461 0.954102
vt 0.802734 0.954102
vt 0.833008 0.954102
vt 0.863281 0.954102
vt 0.893555 0.954102
vt 0.923828 0.954102
vt 0.954102 0.954102
vt 0.984375 0.954102
vt 0.045898 0.984375
vt 0.015625 0.984375
vt 0.076172 0.984375
vt 0.106445 0.984375
vt 0.136719 0.984375
vt 0.166992 0.984375
vt 0.197266 0.984375
vt 0.227539 0.984375
vt 0.257812 0.984375
vt 0.288086 0.984375
vt 0.318359 0.984375
vt 0.348633 0.984375
vt 0.378906 0.984375
vt 0.409180 0.984375
vt 0.439453 0.984375
vt 0.469727 0.984375
vt 0.500000 0.984375
vt 0.530273 0.984375
vt 0.560547 0.984375
vt 0.590820 0.984375
vt 0.621094 0.984375
vt 0.651367 0.984375
vt 0.681641 0.984375
vt 0.711914 0.984375
vt 0.742188 0.984375
vt 0.772461 0.984375
vt 0.802734 0.984375
vt 0.833008 0.984375
vt 0.863281 0.984375
vt 0.893555 0.984375
vt 0.923828 0.984375
vt 0.954102 0.984375
vt 0.984375 0.984375
s 1
f 1/1/1 2/2/2 35/3/3
f 1/1/1 35/3/3 34/4/1
f 2/2/2 3/5/4 36/6/5
f 2/2/2 36/6/5 35/3/3
f 3/5/4 4/7/6 37/8/7
f 3/5/4 37/8/7 36/6/5
f 4/7/6 5/9/8 38/10/9
f 4/7/6 38/10/9 37/8/7
f 5/9/8 6/11/10 39/12/11
f 5/9/8 39/12/11 38/10/9
f 6/11/10 7/13/12 40/14/13
f 6/11/10 40/14/13 39/12/11
f 7/13/12 8/15/14 41/16/14
f 7/13/12 41/16/14 40/14/13
f 8/15/14 9/17/14 42/18/14
f 8/15/14 42/18/14 41/16/14
f 9/17/14 10/19/15 43/20/16
f 9/17/14 43/20/16 42/18/14
f 10/19/15 11/21/17 44/22/18
f 10/19/15 44/22/18 43/20/16
f 11/21/17 12/23/19 45/24/20
f 11/21/17 45/24/20 44/22/18
f 12/23/19 13/25/21 46/26/22
f 12/23/19 46/26/22 45/24/20
f 13/25/21 14/27/23 47/28/24
f 13/25/21 47/28/24 46/26/22
f 14/27/23 15/29/25 48/30/26
f 14/27/23 48/30/26 47/28/24
f 15/29/25 16/31/25 49/32/25
f 15/29/25 49/32/25 48/30/26
f 16/31/25 17/33/27 50/34/25
f 16/31/25 50/34/25 49/32/25
f 17/33/27 18/35/28 51/36/29
f 17/33/27 51/36/29 50/34/25
f 18/35/28 19/37/30 52/38/30
f 18/35/28 52/38/30 51/36/29
f 19/37/30 20/39/31 53/40/31
f 19/37/30 53/40/31 52/38/30
f 20/39/31 21/41/32 54/42/33
f 20/39/31 54/42/33 53/40/31
f 21/41/32 22/43/34 55/44/35
f 21/41/32 55/44/35 54/42/33
f 22/43/34 23/45/36 56/46/37
f 22/43/34 56/46/37 55/44/35
f 23/45/36 24/47/37 57/48/36
f 23/45/36 57/48/36 56/46/37
f 24/47/37 25/49/38 58/50/39
f 24/47/37 58/50/39 57/48/36
f 25/49/38 26/51/40 59/52/41
f 25/49/38 59/52/41 58/50/39
f 26/51/40 27/53/42 60/54/43
f 26/51/40 60/54/43 59/52/41
f 27/53/42 28/55/44 61/56/44
f 27/53/42 61/56/44 60/54/43
f 28/55/44 29/57/44 62/58/44
f 28/55/44 62/58/44 61/56/44
f 29/57/44 30/59/44 63/60/45
f 29/57/44 63/60/45 62/58/44
f 30/59/44 31/61/46 64/62/47
f 30/59/44 64/62/47 63/60/45
f 31/61/46 32/63/48 65/64/48
f 31/61/46 65/64/48 64/62/47
f 32/63/48 33/65/48 66/66/49
f 32/63/48 66/66/49 65/64/48
f 34/4/1 35/3/3 68/67/1
f 34/4/1 68/67/1 67/68/3
f 35/3/3 36/6/5 69/69/50
f 35/3/3 69/69/50 68/67/1
f 36/6/5 37/8/7 70/70/51
f 36/6/5 70/70/51 69/69/50
f 37/8/7 38/10/9 71/71/52
f 37/8/7 71/71/52 70/70/51
f 38/10/9 39/12/11 72/72/53
f 38/10/9 72/72/53 71/71/52
f 39/12/11 40/14/13 73/73/14
f 39/12/11 73/73/14 72/72/53
f 40/14/13 41/16/14 74/74/14
f 40/14/13 74/74/14 73/73/14
f 41/16/14 42/18/14 75/75/14
f 41/16/14 75/75/14 74/74/14
f 42/18/14 43/20/16 76/76/14
f 42/18/14 76/76/14 75/75/14
f 43/20/16 44/22/18 77/77/54
f 43/20/16 77/77/54 76/76/14
f 44/22/18 45/24/20 78/78/55
f 44/22/18 78/78/55 77/77/54
f 45/24/20 46/26/22 79/79/56
f 45/24/20 79/79/56 78/78/55
f 46/26/22 47/28/24 80/80/26
f 46/26/22 80/80/26 79/79/56
f 47/28/24 48/30/26 81/81/26
f 47/28/24 81/81/26 80/80/26
f 48/30/26 49/32/25 82/82/25
f 48/30/26 82/82/25 81/81/26
f 49/32/25 50/34/25 83/83/25
f 49/32/25 83/83/25 82/82/25
f 50/34/25 51/36/29 84/84/27
f 50/34/25 84/84/27 83/83/25
f 51/36/29 52/38/30 85/85/28
f 51/36/29 85/85/28 84/84/27
f 52/38/30 53/40/31 86/86/32
f 52/38/30 86/86/32 85/85/28
f 53/40/31 54/42/33 87/87/57
f 53/40/31 87/87/57 86/86/32
f 54/42/33 55/44/35 88/88/37
f 54/42/33 88/88/37 87/87/57
f 55/44/35 56/46/37 89/89/37
f 55/44/35 89/89/37 88/88/37
f 56/46/37 57/48/36 90/90/37
f 56/46/37 90/90/37 89/89/37
f 57/48/36 58/50/39 91/91/36
f 57/48/36 91/91/36 90/90/37
f 58/50/39 59/52/41 92/92/58
f 58/50/39 92/92/58 91/91/36
f 59/52/41 60/54/43 93/93/59
f 59/52/41 93/93/59 92/92/58
f 60/54/43 61/56/44 94/94/44
f 60/54/43 94/94/44 93/93/59
f 61/56/44 62/58/44 95/95/45
f 61/56/44 95/95/45 94/94/44
f 62/58/44 63/60/45 96/96/60
f 62/58/44 96/96/60 95/95/45
f 63/60/45 64/62/47 97/97/49
f 63/60/45 97/97/49 96/96/60
f 64/62/47 65/64/48 98/98/49
f 64/62/47 98/98/49 97/97/49
f 65/64/48 66/66/49 99/99/49
f 65/64/48 99/99/49 98/98/49
f 67/68/3 68/67/1 101/100/3
f 67/68/3 101/100/3 100/101/3
f 68/67/1 69/69/50 102/102/3
f 68/67/1 102/102/3 101/100/3
f 69/69/50 70/70/51 103/103/61
f 69/69/50 103/103/61 102/102/3
f 70/70/51 71/71/52 104/104/62
f 70/70/51 104/104/62 103/103/61
f 71/71/52 72/72/53 105/105/13
f 71/71/52 105/105/13 104/104/62
f 72/72/53 73/73/14 106/106/14
f 72/72/53 106/106/14 105/105/13
f 73/73/14 74/74/14 107/107/63
f 73/73/14 107/107/63 106/106/14
f 74/74/14 75/75/14 108/108/14
f 74/74/14 108/108/14 107/107/63
f 75/75/14 76/76/14 109/109/14
f 75/75/14 109/109/14 108/108/14
f 76/76/14 77/77/54 110/110/16
f 76/76/14 110/110/16 109/109/14
f 77/77/54 78/78/55 111/111/64
f 77/77/54 111/111/64 110/110/16
f 78/78/55 79/79/56 112/112/65
f 78/78/55 112/112/65 111/111/64
f 79/79/56 80/80/26 113/113/26
f 79/79/56 113/113/26 112/112/65
f 80/80/26 81/81/26 114/114/25
f 80/80/26 114/114/25 113/113/26
f 81/81/26 82/82/25 115/115/26
f 81/81/26 115/115/26 114/114/25
f 82/82/25 83/83/25 116/116/25
f 82/82/25 116/116/25 115/115/26
f 83/83/25 84/84/27 117/117/25
f 83/83/25 117/117/25 116/116/25
f 84/84/27 85/85/28 118/118/66
f 84/84/27 118/118/66 117/117/25
f 85/85/28 86/86/32 119/119/67
f 85/85/28 119/119/67 118/118/66
f 86/86/32 87/87/57 120/120/37
f 86/86/32 120/120/37 119/119/67
f 87/87/57 88/88/37 121/121/36
f 87/87/57 121/121/36 120/120/37
f 88/88/37 89/89/37 122/122/36
f 88/88/37 122/122/36 121/121/36
f 89/89/37 90/90/37 123/123/37
f 89/89/37 123/123/37 122/122/36
f 90/90/37 91/91/36 124/124/37
f 90/90/37 124/124/37 123/123/37
f 91/91/36 92/92/58 125/125/68
f 91/91/36 125/125/68 124/124/37
f 92/92/58 93/93/59 126/126/69
f 92/92/58 126/126/69 125/125/68
f 93/93/59 94/94/44 127/127/45
f 93/93/59 127/127/45 126/126/69
f 94/94/44 95/95/45 128/128/60
f 94/94/44 128/128/60 127/127/45
f 95/95/45 96/96/60 129/129/49
f 95/95/45 129/129/49 128/128/60
f 96/96/60 97/97/49 130/130/49
f 96/96/60 130/130/49 129/129/49
f 97/97/49 98/98/49 131/131/49
f 97/97/49 131/131/49 130/130/49
f 98/98/49 99/99/49 132/132/49
f 98/98/49 132/132/49 131/131/49
f 100/101/3 101/100/3 134/133/70
f 100/101/3 134/133/70 133/134/71
f 101/100/3 102/102/3 135/135/70
f 101/100/3 135/135/70 134/133/70
f 102/102/3 103/103/61 136/136/72
f 102/102/3 136/136/72 135/135/70
f 103/103/61 104/104/62 137/137/73
f 103/103/61 137/137/73 136/136/72
f 104/104/62 105/105/13 138/138/74
f 104/104/62 138/138/74 137/137/73
f 105/105/13 106/106/14 139/139/74
f 105/105/13 139/139/74 138/138/74
f 106/106/14 107/107/63 140/140/74
f 106/106/14 140/140/74 139/139/74
f 107/107/63 108/108/14 141/141/74
f 107/107/63 141/141/74 140/140/74
f 108/108/14 109/109/14 142/142/74
f 108/108/14 142/142/74 141/141/74
f 109/109/14 110/110/16 143/143/74
f 109/109/14 143/143/74 142/142/74
f 110/110/16 111/111/64 144/144/75
f 110/110/16 144/144/75 143/143/74
f 111/111/64 112/112/65 145/145/76
f 111/111/64 145/145/76 144/144/75
f 112/112/65 113/113/26 146/146/77
f 112/112/65 146/146/77 145/145/76
f 113/113/26 114/114/25 147/147/77
f 113/113/26 147/147/77 146/146/77
f 114/114/25 115/115/26 148/148/77
f 114/114/25 148/148/77 147/147/77
f 115/115/26 116/116/25 149/149/77
f 115/115/26 149/149/77 148/148/77
f 116/116/25 117/117/25 150/150/77
f 116/116/25 150/150/77 149/149/77
f 117/117/25 118/118/66 151/151/78
f 117/117/25 151/151/78 150/150/77
f 118/118/66 119/119/67 152/152/79
f 118/118/66 152/152/79 151/151/78
f 119/119/67 120/120/37 153/153/80
f 119/119/67 153/153/80 152/152/79
f 120/120/37 121/121/36 154/154/80
f 120/120/37 154/154/80 153/153/80
f 121/121/36 122/122/36 155/155/80
f 121/121/36 155/155/80 154/154/80
f 122/122/36 123/123/37 156/156/80
f 122/122/36 156/156/80 155/155/80
f 123/123/37 124/124/37 157/157/80
f 123/123/37 157/157/80 156/156/80
f 124/124/37 125/125/68 158/158/80
f 124/124/37 158/158/80 157/157/80
f 125/125/68 126/126/69 159/159/81
f 125/125/68 159/159/81 158/158/80
f 126/126/69 127/127/45 160/160/82
f 126/126/69 160/160/82 159/159/81
f 127/127/45 128/128/60 161/161/82
f 127/127/45 161/161/82 160/160/82
f 128/128/60 129/129/49 162/162/82
f 128/128/60 162/162/82 161/161/82
f 129/129/49 130/130/49 163/163/82
f 129/129/49 163/163/82 162/162/82
f 130/130/49 131/131/49 164/164/82
f 130/130/49 164/164/82 163/163/82
f 131/131/49 132/132/49 165/165/82
f 131/131/49 165/165/82 164/164/82
f 133/134/71 134/133/70 167/166/83
f 133/134/71 167/166/83 166/167/83
f 134/133/70 135/135/70 168/168/83
f 134/133/70 168/168/83 167/166/83
f 135/135/70 136/136/72 169/169/84
f 135/135/70 169/169/84 168/168/83
f 136/136/72 137/137/73 170/170/85
f 136/136/72 170/170/85 169/169/84
f 137/137/73 138/138/74 171/171/86
f 137/137/73 171/171/86 170/170/85
f 138/138/74 139/139/74 172/172/87
f 138/138/74 172/172/87 171/171/86
f 139/139/74 140/140/74 173/173/87
f 139/139/74 173/173/87 172/172/87
f 140/140/74 141/141/74 174/174/87
f 140/140/74 174/174/87 173/173/87
f 141/141/74 142/142/74 175/175/86
f 141/141/74 175/175/86 174/174/87
f 142/142/74 143/143/74 176/176/86
f 142/142/74 176/176/86 175/175/86
f 143/143/74 144/144/75 177/177/88
f 143/143/74 177/177/88 176/176/86
f 144/144/75 145/145/76 178/178/89
f 144/144/75 178/178/89 177/177/88
f 145/145/76 146/146/77 179/179/90
f 145/145/76 179/179/90 178/178/89
f 146/146/77 147/147/77 180/180/89
f 146/146/77 180/180/89 179/179/90
f 147/147/77 148/148/77 181/181/89
f 147/147/77 181/181/89 180/180/89
f 148/148/77 149/149/77 182/182/89
f 148/148/77 182/182/89 181/181/89
f 149/149/77 150/150/77 183/183/91
f 149/149/77 183/183/91 182/182/89
f 150/150/77 151/151/78 184/184/92
f 150/150/77 184/184/92 183/183/91
f 151/151/78 152/152/79 185/185/93
f 151/151/78 185/185/93 184/184/92
f 152/152/79 153/153/80 186/186/94
f 152/152/79 186/186/94 185/185/93
f 153/153/80 154/154/80 187/187/94
f 153/153/80 187/187/94 186/186/94
f 154/154/80 155/155/80 188/188/94
f 154/154/80 188/188/94 187/187/94
f 155/155/80 156/156/80 189/189/94
f 155/155/80 189/189/94 188/188/94
f 156/156/80 157/157/80 190/190/94
f 156/156/80 190/190/94 189/189/94
f 157/157/80 158/158/80 191/191/95
f 157/157/80 191/191/95 190/190/94
f 158/158/80 159/159/81 192/192/96
f 158/158/80 192/192/96 191/191/95
f 159/159/81 160/160/82 193/193/97
f 159/159/81 193/193/97 192/192/96
f 160/160/82 161/161/82 194/194/98
f 160/160/82 194/194/98 193/193/97
f 161/161/82 162/162/82 195/195/98
f 161/161/82 195/195/98 194/194/98
f 162/162/82 163/163/82 196/196/98
f 162/162/82 196/196/98 195/195/98
f 163/163/82 164/164/82 197/197/99
f 163/163/82 197/197/99 196/196/98
f 164/164/82 165/165/82 198/198/98
f 164/164/82 198/198/98 197/197/99
f 166/167/83 167/166/83 200/199/83
f 166/167/83 200/199/83 199/200/83
f 167/166/83 168/168/83 201/201/83
f 167/166/83 201/201/83 200/199/83
f 168/168/83 169/169/84 202/202/84
f 168/168/83 202/202/84 201/201/83
f 169/169/84 170/170/85 203/203/85
f 169/169/84 203/203/85 202/202/84
f 170/170/85 171/171/86 204/204/87
f 170/170/85 204/204/87 203/203/85
f 171/171/86 172/172/87 205/205/86
f 171/171/86 205/205/86 204/204/87
f 172/172/87 173/173/87 206/206/86
f 172/172/87 206/206/86 205/205/86
f 173/173/87 174/174/87 207/207/86
f 173/173/87 207/207/86 206/206/86
f 174/174/87 175/175/86 208/208/86
f 174/174/87 208/208/86 207/207/86
f 175/175/86 176/176/86 209/209/100
f 175/175/86 209/209/100 208/208/86
f 176/176/86 177/177/88 210/210/88
f 176/176/86 210/210/88 209/209/100
f 177/177/88 178/178/89 211/211/89
f 177/177/88 211/211/89 210/210/88
f 178/178/89 179/179/90 212/212/89
f 178/178/89 212/212/89 211/211/89
f 179/179/90 180/180/89 213/213/90
f 179/179/90 213/213/90 212/212/89
f 180/180/89 181/181/89 214/214/89
f 180/180/89 214/214/89 213/213/90
f 181/181/89 182/182/89 215/215/91
f 181/181/89 215/215/91 214/214/89
f 182/182/89 183/183/91 216/216/101
f 182/182/89 216/216/101 215/215/91
f 183/183/91 184/184/92 217/217/102
f 183/183/91 217/217/102 216/216/101
f 184/184/92 185/185/93 218/218/93
f 184/184/92 218/218/93 217/217/102
f 185/185/93 186/186/94 219/219/94
f 185/185/93 219/219/94 218/218/93
f 186/186/94 187/187/94 220/220/94
f 186/186/94 220/220/94 219/219/94
f 187/187/94 188/188/94 221/221/94
f 187/187/94 221/221/94 220/220/94
f 188/188/94 189/189/94 222/222/94
f 188/188/94 222/222/94 221/221/94
f 189/189/94 190/190/94 223/223/103
f 189/189/94 223/223/103 222/222/94
f 190/190/94 191/191/95 224/224/104
f 190/190/94 224/224/104 223/223/103
f 191/191/95 192/192/96 225/225/105
f 191/191/95 225/225/105 224/224/104
f 192/192/96 193/193/97 226/226/106
f 192/192/96 226/226/106 225/225/105
f 193/193/97 194/194/98 227/227/97
f 193/193/97 227/227/97 226/226/106
f 194/194/98 195/195/98 228/228/98
f 194/194/98 228/228/98 227/227/97
f 195/195/98 196/196/98 229/229/98
f 195/195/98 229/229/98 228/228/98
f 196/196/98 197/197/99 230/230/98
f 196/196/98 230/230/98 229/229/98
f 197/197/99 198/198/98 231/231/99
f 197/197/99 231/231/99 230/230/98
f 199/200/83 200/199/83 233/232/83
f 199/200/83 233/232/83 232/233/83
f 200/199/83 201/201/83 234/234/83
f 200/199/83 234/234/83 233/232/83
f 201/201/83 202/202/84 235/235/84
f 201/201/83 235/235/84 234/234/83
f 202/202/84 203/203/85 236/236/85
f 202/202/84 236/236/85 235/235/84
f 203/203/85 204/204/87 237/237/87
f 203/203/85 237/237/87 236/236/85
f 204/204/87 205/205/86 238/238/87
f 204/204/87 238/238/87 237/237/87
f 205/205/86 206/206/86 239/239/86
f 205/205/86 239/239/86 238/238/87
f 206/206/86 207/207/86 240/240/86
f 206/206/86 240/240/86 239/239/86
f 207/207/86 208/208/86 241/241/100
f 207/207/86 241/241/100 240/240/86
f 208/208/86 209/209/100 242/242/100
f 208/208/86 242/242/100 241/241/100
f 209/209/100 210/210/88 243/243/107
f 209/209/100 243/243/107 242/242/100
f 210/210/88 211/211/89 244/244/89
f 210/210/88 244/244/89 243/243/107
f 211/211/89 212/212/89 245/245/108
f 211/211/89 245/245/108 244/244/89
f 212/212/89 213/213/90 246/246/89
f 212/212/89 246/246/89 245/245/108
f 213/213/90 214/214/89 247/247/91
f 213/213/90 247/247/91 246/246/89
f 214/214/89 215/215/91 248/248/101
f 214/214/89 248/248/101 247/247/91
f 215/215/91 216/216/101 249/249/109
f 215/215/91 249/249/109 248/248/101
f 216/216/101 217/217/102 250/250/110
f 216/216/101 250/250/110 249/249/109
f 217/217/102 218/218/93 251/251/93
f 217/217/102 251/251/93 250/250/110
f 218/218/93 219/219/94 252/252/94
f 218/218/93 252/252/94 251/251/93
f 219/219/94 220/220/94 253/253/94
f 219/219/94 253/253/94 252/252/94
f 220/220/94 221/221/94 254/254/94
f 220/220/94 254/254/94 253/253/94
f 221/221/94 222/222/94 255/255/95
f 221/221/94 255/255/95 254/254/94
f 222/222/94 223/223/103 256/256/111
f 222/222/94 256/256/111 255/255/95
f 223/223/103 224/224/104 257/257/104
f 223/223/103 257/257/104 256/256/111
f 224/224/104 225/225/105 258/258/105
f 224/224/104 258/258/105 257/257/104
f 225/225/105 226/226/106 259/259/106
f 225/225/105 259/259/106 258/258/105
f 226/226/106 227/227/97 260/260/112
f 226/226/106 260/260/112 259/259/106
f 227/227/97 228/228/98 261/261/97
f 227/227/97 261/261/97 260/260/112
f 228/228/98 229/229/98 262/262/98
f 228/228/98 262/262/98 261/261/97
f 229/229/98 230/230/98 263/263/98
f 229/229/98 263/263/98 262/262/98
f 230/230/98 231/231/99 264/264/99
f 230/230/98 264/264/99 263/263/98
f 232/233/83 233/232/83 266/265/83
f 232/233/83 266/265/83 265/266/113
f 233/232/83 234/234/83 267/267/83
f 233/232/83 267/267/83 266/265/83
f 234/234/83 235/235/84 268/268/84
f 234/234/83 268/268/84 267/267/83
f 235/235/84 236/236/85 269/269/85
f 235/235/84 269/269/85 268/268/84
f 236/236/85 237/237/87 270/270/86
f 236/236/85 270/270/86 269/269/85
f 237/237/87 238/238/87 271/271/86
f 237/237/87 271/271/86 270/270/86
f 238/238/87 239/239/86 272/272/100
f 238/238/87 272/272/100 271/271/86
f 239/239/86 240/240/86 273/273/100
f 239/239/86 273/273/100 272/272/100
f 240/240/86 241/241/100 274/274/100
f 240/240/86 274/274/100 273/273/100
f 241/241/100 242/242/100 275/275/100
f 241/241/100 275/275/100 274/274/100
f 242/242/100 243/243/107 276/276/107
f 242/242/100 276/276/107 275/275/100
f 243/243/107 244/244/89 277/277/89
f 243/243/107 277/277/89 276/276/107
f 244/244/89 245/245/108 278/278/89
f 244/244/89 278/278/89 277/277/89
f 245/245/108 246/246/89 279/279/91
f 245/245/108 279/279/91 278/278/89
f 246/246/89 247/247/91 280/280/114
f 246/246/89 280/280/114 279/279/91
f 247/247/91 248/248/101 281/281/109
f 247/247/91 281/281/109 280/280/114
f 248/248/101 249/249/109 282/282/109
f 248/248/101 282/282/109 281/281/109
f 249/249/109 250/250/110 283/283/110
f 249/249/109 283/283/110 282/282/109
f 250/250/110 251/251/93 284/284/93
f 250/250/110 284/284/93 283/283/110
f 251/251/93 252/252/94 285/285/94
f 251/251/93 285/285/94 284/284/93
f 252/252/94 253/253/94 286/286/115
f 252/252/94 286/286/115 285/285/94
f 253/253/94 254/254/94 287/287/95
f 253/253/94 287/287/95 286/286/115
f 254/254/94 255/255/95 288/288/104
f 254/254/94 288/288/104 287/287/95
f 255/255/95 256/256/111 289/289/104
f 255/255/95 289/289/104 288/288/104
f 256/256/111 257/257/104 290/290/104
f 256/256/111 290/290/104 289/289/104
f 257/257/104 258/258/105 291/291/116
f 257/257/104 291/291/116 290/290/104
f 258/258/105 259/259/106 292/292/112
f 258/258/105 292/292/112 291/291/116
f 259/259/106 260/260/112 293/293/112
f 259/259/106 293/293/112 292/292/112
f 260/260/112 261/261/97 294/294/112
f 260/260/112 294/294/112 293/293/112
f 261/261/97 262/262/98 295/295/97
f 261/261/97 295/295/97 294/294/112
f 262/262/98 263/263/98 296/296/98
f 262/262/98 296/296/98 295/295/97
f 263/263/98 264/264/99 297/297/98
f 263/263/98 297/297/98 296/296/98
f 265/266/113 266/265/83 299/298/117
f 265/266/113 299/298/117 298/299/118
f 266/265/83 267/267/83 300/300/83
f 266/265/83 300/300/83 299/298/117
f 267/267/83 268/268/84 301/301/84
f 267/267/83 301/301/84 300/300/83
f 268/268/84 269/269/85 302/302/85
f 268/268/84 302/302/85 301/301/84
f 269/269/85 270/270/86 303/303/86
f 269/269/85 303/303/86 302/302/85
f 270/270/86 271/271/86 304/304/86
f 270/270/86 304/304/86 303/303/86
f 271/271/86 272/272/100 305/305/100
f 271/271/86 305/305/100 304/304/86
f 272/272/100 273/273/100 306/306/100
f 272/272/100 306/306/100 305/305/100
f 273/273/100 274/274/100 307/307/100
f 273/273/100 307/307/100 306/306/100
f 274/274/100 275/275/100 308/308/119
f 274/274/100 308/308/119 307/307/100
f 275/275/100 276/276/107 309/309/120
f 275/275/100 309/309/120 308/308/119
f 276/276/107 277/277/89 310/310/89
f 276/276/107 310/310/89 309/309/120
f 277/277/89 278/278/89 311/311/91
f 277/277/89 311/311/91 310/310/89
f 278/278/89 279/279/91 312/312/101
f 278/278/89 312/312/101 311/311/91
f 279/279/91 280/280/114 313/313/109
f 279/279/91 313/313/109 312/312/101
f 280/280/114 281/281/109 314/314/121
f 280/280/114 314/314/121 313/313/109
f 281/281/109 282/282/109 315/315/121
f 281/281/109 315/315/121 314/314/121
f 282/282/109 283/283/110 316/316/102
f 282/282/109 316/316/102 315/315/121
f 283/283/110 284/284/93 317/317/93
f 283/283/110 317/317/93 316/316/102
f 284/284/93 285/285/94 318/318/115
f 284/284/93 318/318/115 317/317/93
f 285/285/94 286/286/115 319/319/95
f 285/285/94 319/319/95 318/318/115
f 286/286/115 287/287/95 320/320/111
f 286/286/115 320/320/111 319/319/95
f 287/287/95 288/288/104 321/321/122
f 287/287/95 321/321/122 320/320/111
f 288/288/104 289/289/104 322/322/104
f 288/288/104 322/322/104 321/321/122
f 289/289/104 290/290/104 323/323/104
f 289/289/104 323/323/104 322/322/104
f 290/290/104 291/291/116 324/324/105
f 290/290/104 324/324/105 323/323/104
f 291/291/116 292/292/112 325/325/112
f 291/291/116 325/325/112 324/324/105
f 292/292/112 293/293/112 326/326/112
f 292/292/112 326/326/112 325/325/112
f 293/293/112 294/294/112 327/327/112
f 293/293/112 327/327/112 326/326/112
f 294/294/112 295/295/97 328/328/112
f 294/294/112 328/328/112 327/327/112
f 295/295/97 296/296/98 329/329/97
f 295/295/97 329/329/97 328/328/112
f 296/296/98 297/297/98 330/330/98
f 296/296/98 330/330/98 329/329/97
f 298/299/118 299/298/117 332/331/118
f 298/299/118 332/331/118 331/332/123
f 299/298/117 300/300/83 333/333/117
f 299/298/117 333/333/117 332/331/118
f 300/300/83 301/301/84 334/334/84
f 300/300/83 334/334/84 333/333/117
f 301/301/84 302/302/85 335/335/85
f 301/301/84 335/335/85 334/334/84
f 302/302/85 303/303/86 336/336/86
f 302/302/85 336/336/86 335/335/85
f 303/303/86 304/304/86 337/337/100
f 303/303/86 337/337/100 336/336/86
f 304/304/86 305/305/100 338/338/100
f 304/304/86 338/338/100 337/337/100
f 305/305/100 306/306/100 339/339/119
f 305/305/100 339/339/119 338/338/100
f 306/306/100 307/307/100 340/340/100
f 306/306/100 340/340/100 339/339/119
f 307/307/100 308/308/119 341/341/100
f 307/307/100 341/341/100 340/340/100
f 308/308/119 309/309/120 342/342/107
f 308/308/119 342/342/107 341/341/100
f 309/309/120 310/310/89 343/343/91
f 309/309/120 343/343/91 342/342/107
f 310/310/89 311/311/91 344/344/101
f 310/310/89 344/344/101 343/343/91
f 311/311/91 312/312/101 345/345/109
f 311/311/91 345/345/109 344/344/101
f 312/312/101 313/313/109 346/346/121
f 312/312/101 346/346/121 345/345/109
f 313/313/109 314/314/121 347/347/109
f 313/313/109 347/347/109 346/346/121
f 314/314/121 315/315/121 348/348/121
f 314/314/121 348/348/121 347/347/109
f 315/315/121 316/316/102 349/349/102
f 315/315/121 349/349/102 348/348/121
f 316/316/102 317/317/93 350/350/124
f 316/316/102 350/350/124 349/349/102
f 317/317/93 318/318/115 351/351/95
f 317/317/93 351/351/95 350/350/124
f 318/318/115 319/319/95 352/352/104
f 318/318/115 352/352/104 351/351/95
f 319/319/95 320/320/111 353/353/104
f 319/319/95 353/353/104 352/352/104
f 320/320/111 321/321/122 354/354/104
f 320/320/111 354/354/104 353/353/104
f 321/321/122 322/322/104 355/355/122
f 321/321/122 355/355/122 354/354/104
f 322/322/104 323/323/104 356/356/104
f 322/322/104 356/356/104 355/355/122
f 323/323/104 324/324/105 357/357/105
f 323/323/104 357/357/105 356/356/104
f 324/324/105 325/325/112 358/358/112
f 324/324/105 358/358/112 357/357/105
f 325/325/112 326/326/112 359/359/112
f 325/325/112 359/359/112 358/358/112
f 326/326/112 327/327/112 360/360/112
f 326/326/112 360/360/112 359/359/112
f 327/327/112 328/328/112 361/361/112
f 327/327/112 361/361/112 360/360/112
f 328/328/112 329/329/97 362/362/112
f 328/328/112 362/362/112 361/361/112
f 329/329/97 330/330/98 363/363/97
f 329/329/97 363/363/97 362/362/112
f 331/332/123 332/331/118 365/364/125
f 331/332/123 365/364/125 364/365/126
f 332/331/118 333/333/117 366/366/125
f 332/331/118 366/366/125 365/364/125
f 333/333/117 334/334/84 367/367/127
f 333/333/117 367/367/127 366/366/125
f 334/334/84 335/335/85 368/368/128
f 334/334/84 368/368/128 367/367/127
f 335/335/85 336/336/86 369/369/129
f 335/335/85 369/369/129 368/368/128
f 336/336/86 337/337/100 370/370/129
f 336/336/86 370/370/129 369/369/129
f 337/337/100 338/338/100 371/371/130
f 337/337/100 371/371/130 370/370/129
f 338/338/100 339/339/119 372/372/129
f 338/338/100 372/372/129 371/371/130
f 339/339/119 340/340/100 373/373/129
f 339/339/119 373/373/129 372/372/129
f 340/340/100 341/341/100 374/374/129
f 340/340/100 374/374/129 373/373/129
f 341/341/100 342/342/107 375/375/131
f 341/341/100 375/375/131 374/374/129
f 342/342/107 343/343/91 376/376/132
f 342/342/107 376/376/132 375/375/131
f 343/343/91 344/344/101 377/377/133
f 343/343/91 377/377/133 376/376/132
f 344/344/101 345/345/109 378/378/134
f 344/344/101 378/378/134 377/377/133
f 345/345/109 346/346/121 379/379/134
f 345/345/109 379/379/134 378/378/134
f 346/346/121 347/347/109 380/380/135
f 346/346/121 380/380/135 379/379/134
f 347/347/109 348/348/121 381/381/134
f 347/347/109 381/381/134 380/380/135
f 348/348/121 349/349/102 382/382/136
f 348/348/121 382/382/136 381/381/134
f 349/349/102 350/350/124 383/383/137
f 349/349/102 383/383/137 382/382/136
f 350/350/124 351/351/95 384/384/138
f 350/350/124 384/384/138 383/383/137
f 351/351/95 352/352/104 385/385/138
f 351/351/95 385/385/138 384/384/138
f 352/352/104 353/353/104 386/386/138
f 352/352/104 386/386/138 385/385/138
f 353/353/104 354/354/104 387/387/138
f 353/353/104 387/387/138 386/386/138
f 354/354/104 355/355/122 388/388/138
f 354/354/104 388/388/138 387/387/138
f 355/355/122 356/356/104 389/389/138
f 355/355/122 389/389/138 388/388/138
f 356/356/104 357/357/105 390/390/139
f 356/356/104 390/390/139 389/389/138
f 357/357/105 358/358/112 391/391/140
f 357/357/105 391/391/140 390/390/139
f 358/358/112 359/359/112 392/392/140
f 358/358/112 392/392/140 391/391/140
f 359/359/112 360/360/112 393/393/140
f 359/359/112 393/393/140 392/392/140
f 360/360/112 361/361/112 394/394/140
f 360/360/112 394/394/140 393/393/140
f 361/361/112 362/362/112 395/395/140
f 361/361/112 395/395/140 394/394/140
f 362/362/112 363/363/97 396/396/140
f 362/362/112 396/396/140 395/395/140
f 364/365/126 365/364/125 398/397/141
f 364/365/126 398/397/141 397/398/142
f 365/364/125 366/366/125 399/399/143
f 365/364/125 399/399/143 398/397/141
f 366/366/125 367/367/127 400/400/144
f 366/366/125 400/400/144 399/399/143
f 367/367/127 368/368/128 401/401/145
f 367/367/127 401/401/145 400/400/144
f 368/368/128 369/369/129 402/402/146
f 368/368/128 402/402/146 401/401/145
f 369/369/129 370/370/129 403/403/146
f 369/369/129 403/403/146 402/402/146
f 370/370/129 371/371/130 404/404/146
f 370/370/129 404/404/146 403/403/146
f 371/371/130 372/372/129 405/405/146
f 371/371/130 405/405/146 404/404/146
f 372/372/129 373/373/129 406/406/146
f 372/372/129 406/406/146 405/405/146
f 373/373/129 374/374/129 407/407/146
f 373/373/129 407/407/146 406/406/146
f 374/374/129 375/375/131 408/408/147
f 374/374/129 408/408/147 407/407/146
f 375/375/131 376/376/132 409/409/148
f 375/375/131 409/409/148 408/408/147
f 376/376/132 377/377/133 410/410/148
f 376/376/132 410/410/148 409/409/148
f 377/377/133 378/378/134 411/411/148
f 377/377/133 411/411/148 410/410/148
f 378/378/134 379/379/134 412/412/148
f 378/378/134 412/412/148 411/411/148
f 379/379/134 380/380/135 413/413/148
f 379/379/134 413/413/148 412/412/148
f 380/380/135 381/381/134 414/414/149
f 380/380/135 414/414/149 413/413/148
f 381/381/134 382/382/136 415/415/150
f 381/381/134 415/415/150 414/414/149
f 382/382/136 383/383/137 416/416/151
f 382/382/136 416/416/151 415/415/150
f 383/383/137 384/384/138 417/417/152
f 383/383/137 417/417/152 416/416/151
f 384/384/138 385/385/138 418/418/152
f 384/384/138 418/418/152 417/417/152
f 385/385/138 386/386/138 419/419/152
f 385/385/138 419/419/152 418/418/152
f 386/386/138 387/387/138 420/420/152
f 386/386/138 420/420/152 419/419/152
f 387/387/138 388/388/138 421/421/152
f 387/387/138 421/421/152 420/420/152
f 388/388/138 389/389/138 422/422/152
f 388/388/138 422/422/152 421/421/152
f 389/389/138 390/390/139 423/423/153
f 389/389/138 423/423/153 422/422/152
f 390/390/139 391/391/140 424/424/154
f 390/390/139 424/424/154 423/423/153
f 391/391/140 392/392/140 425/425/154
f 391/391/140 425/425/154 424/424/154
f 392/392/140 393/393/140 426/426/154
f 392/392/140 426/426/154 425/425/154
f 393/393/140 394/394/140 427/427/155
f 393/393/140 427/427/155 426/426/154
f 394/394/140 395/395/140 428/428/155
f 394/394/140 428/428/155 427/427/155
f 395/395/140 396/396/140 429/429/154
f 395/395/140 429/429/154 428/428/155
f 397/398/142 398/397/141 431/430/156
f 397/398/142 431/430/156 430/431/157
f 398/397/141 399/399/143 432/432/158
f 398/397/141 432/432/158 431/430/156
f 399/399/143 400/400/144 433/433/159
f 399/399/143 433/433/159 432/432/158
f 400/400/144 401/401/145 434/434/160
f 400/400/144 434/434/160 433/433/159
f 401/401/145 402/402/146 435/435/161
f 401/401/145 435/435/161 434/434/160
f 402/402/146 403/403/146 436/436/162
f 402/402/146 436/436/162 435/435/161
f 403/403/146 404/404/146 437/437/162
f 403/403/146 437/437/162 436/436/162
f 404/404/146 405/405/146 438/438/163
f 404/404/146 438/438/163 437/437/162
f 405/405/146 406/406/146 439/439/163
f 405/405/146 439/439/163 438/438/163
f 406/406/146 407/407/146 440/440/162
f 406/406/146 440/440/162 439/439/163
f 407/407/146 408/408/147 441/441/164
f 407/407/146 441/441/164 440/440/162
f 408/408/147 409/409/148 442/442/165
f 408/408/147 442/442/165 441/441/164
f 409/409/148 410/410/148 443/443/165
f 409/409/148 443/443/165 442/442/165
f 410/410/148 411/411/148 444/444/165
f 410/410/148 444/444/165 443/443/165
f 411/411/148 412/412/148 445/445/166
f 411/411/148 445/445/166 444/444/165
f 412/412/148 413/413/148 446/446/167
f 412/412/148 446/446/167 445/445/166
f 413/413/148 414/414/149 447/447/168
f 413/413/148 447/447/168 446/446/167
f 414/414/149 415/415/150 448/448/169
f 414/414/149 448/448/169 447/447/168
f 415/415/150 416/416/151 449/449/170
f 415/415/150 449/449/170 448/448/169
f 416/416/151 417/417/152 450/450/171
f 416/416/151 450/450/171 449/449/170
f 417/417/152 418/418/152 451/451/172
f 417/417/152 451/451/172 450/450/171
f 418/418/152 419/419/152 452/452/172
f 418/418/152 452/452/172 451/451/172
f 419/419/152 420/420/152 453/453/172
f 419/419/152 453/453/172 452/452/172
f 420/420/152 421/421/152 454/454/172
f 420/420/152 454/454/172 453/453/172
f 421/421/152 422/422/152 455/455/172
f 421/421/152 455/455/172 454/454/172
f 422/422/152 423/423/153 456/456/173
f 422/422/152 456/456/173 455/455/172
f 423/423/153 424/424/154 457/457/174
f 423/423/153 457/457/174 456/456/173
f 424/424/154 425/425/154 458/458/174
f 424/424/154 458/458/174 457/457/174
f 425/425/154 426/426/154 459/459/174
f 425/425/154 459/459/174 458/458/174
f 426/426/154 427/427/155 460/460/175
f 426/426/154 460/460/175 459/459/174
f 427/427/155 428/428/155 461/461/174
f 427/427/155 461/461/174 460/460/175
f 428/428/155 429/429/154 462/462/176
f 428/428/155 462/462/176 461/461/174
f 430/431/157 431/430/156 464/463/158
f 430/431/157 464/463/158 463/464/157
f 431/430/156 432/432/158 465/465/177
f 431/430/156 465/465/177 464/463/158
f 432/432/158 433/433/159 466/466/178
f 432/432/158 466/466/178 465/465/177
f 433/433/159 434/434/160 467/467/179
f 433/433/159 467/467/179 466/466/178
f 434/434/160 435/435/161 468/468/180
f 434/434/160 468/468/180 467/467/179
f 435/435/161 436/436/162 469/469/181
f 435/435/161 469/469/181 468/468/180
f 436/436/162 437/437/162 470/470/162
f 436/436/162 470/470/162 469/469/181
f 437/437/162 438/438/163 471/471/162
f 437/437/162 471/471/162 470/470/162
f 438/438/163 439/439/163 472/472/163
f 438/438/163 472/472/163 471/471/162
f 439/439/163 440/440/162 473/473/163
f 439/439/163 473/473/163 472/472/163
f 440/440/162 441/441/164 474/474/182
f 440/440/162 474/474/182 473/473/163
f 441/441/164 442/442/165 475/475/165
f 441/441/164 475/475/165 474/474/182
f 442/442/165 443/443/165 476/476/165
f 442/442/165 476/476/165 475/475/165
f 443/443/165 444/444/165 477/477/165
f 443/443/165 477/477/165 476/476/165
f 444/444/165 445/445/166 478/478/165
f 444/444/165 478/478/165 477/477/165
f 445/445/166 446/446/167 479/479/168
f 445/445/166 479/479/168 478/478/165
f 446/446/167 447/447/168 480/480/183
f 446/446/167 480/480/183 479/479/168
f 447/447/168 448/448/169 481/481/184
f 447/447/168 481/481/184 480/480/183
f 448/448/169 449/449/170 482/482/170
f 448/448/169 482/482/170 481/481/184
f 449/449/170 450/450/171 483/483/185
f 449/449/170 483/483/185 482/482/170
f 450/450/171 451/451/172 484/484/171
f 450/450/171 484/484/171 483/483/185
f 451/451/172 452/452/172 485/485/172
f 451/451/172 485/485/172 484/484/171
f 452/452/172 453/453/172 486/486/172
f 452/452/172 486/486/172 485/485/172
f 453/453/172 454/454/172 487/487/172
f 453/453/172 487/487/172 486/486/172
f 454/454/172 455/455/172 488/488/172
f 454/454/172 488/488/172 487/487/172
f 455/455/172 456/456/173 489/489/186
f 455/455/172 489/489/186 488/488/172
f 456/456/173 457/457/174 490/490/174
f 456/456/173 490/490/174 489/489/186
f 457/457/174 458/458/174 491/491/174
f 457/457/174 491/491/174 490/490/174
f 458/458/174 459/459/174 492/492/174
f 458/458/174 492/492/174 491/491/174
f 459/459/174 460/460/175 493/493/174
f 459/459/174 493/493/174 492/492/174
f 460/460/175 461/461/174 494/494/187
f 460/460/175 494/494/187 493/493/174
f 461/461/174 462/462/176 495/495/188
f 461/461/174 495/495/188 494/494/187
f 463/464/157 464/463/158 497/496/177
f 463/464/157 497/496/177 496/497/158
f 464/463/158 465/465/177 498/498/189
f 464/463/158 498/498/189 497/496/177
f 465/465/177 466/466/178 499/499/178
f 465/465/177 499/499/178 498/498/189
f 466/466/178 467/467/179 500/500/179
f 466/466/178 500/500/179 499/499/178
f 467/467/179 468/468/180 501/501/180
f 467/467/179 501/501/180 500/500/179
f 468/468/180 469/469/181 502/502/180
f 468/468/180 502/502/180 501/501/180
f 469/469/181 470/470/162 503/503/181
f 469/469/181 503/503/181 502/502/180
f 470/470/162 471/471/162 504/504/162
f 470/470/162 504/504/162 503/503/181
f 471/471/162 472/472/163 505/505/162
f 471/471/162 505/505/162 504/504/162
f 472/472/163 473/473/163 506/506/163
f 472/472/163 506/506/163 505/505/162
f 473/473/163 474/474/182 507/507/182
f 473/473/163 507/507/182 506/506/163
f 474/474/182 475/475/165 508/508/165
f 474/474/182 508/508/165 507/507/182
f 475/475/165 476/476/165 509/509/166
f 475/475/165 509/509/166 508/508/165
f 476/476/165 477/477/165 510/510/167
f 476/476/165 510/510/167 509/509/166
f 477/477/165 478/478/165 511/511/168
f 477/477/165 511/511/168 510/510/167
f 478/478/165 479/479/168 512/512/183
f 478/478/165 512/512/183 511/511/168
f 479/479/168 480/480/183 513/513/190
f 479/479/168 513/513/190 512/512/183
f 480/480/183 481/481/184 514/514/184
f 480/480/183 514/514/184 513/513/190
f 481/481/184 482/482/170 515/515/170
f 481/481/184 515/515/170 514/514/184
f 482/482/170 483/483/185 516/516/185
f 482/482/170 516/516/185 515/515/170
f 483/483/185 484/484/171 517/517/185
f 483/483/185 517/517/185 516/516/185
f 484/484/171 485/485/172 518/518/171
f 484/484/171 518/518/171 517/517/185
f 485/485/172 486/486/172 519/519/172
f 485/485/172 519/519/172 518/518/171
f 486/486/172 487/487/172 520/520/172
f 486/486/172 520/520/172 519/519/172
f 487/487/172 488/488/172 521/521/172
f 487/487/172 521/521/172 520/520/172
f 488/488/172 489/489/186 522/522/191
f 488/488/172 522/522/191 521/521/172
f 489/489/186 490/490/174 523/523/175
f 489/489/186 523/523/175 522/522/191
f 490/490/174 491/491/174 524/524/174
f 490/490/174 524/524/174 523/523/175
f 491/491/174 492/492/174 525/525/174
f 491/491/174 525/525/174 524/524/174
f 492/492/174 493/493/174 526/526/176
f 492/492/174 526/526/176 525/525/174
f 493/493/174 494/494/187 527/527/188
f 493/493/174 527/527/188 526/526/176
f 494/494/187 495/495/188 528/528/188
f 494/494/187 528/528/188 527/527/188
f 496/497/158 497/496/177 530/529/189
f 496/497/158 530/529/189 529/530/189
f 497/496/177 498/498/189 531/531/189
f 497/496/177 531/531/189 530/529/189
f 498/498/189 499/499/178 532/532/178
f 498/498/189 532/532/178 531/531/189
f 499/499/178 500/500/179 533/533/179
f 499/499/178 533/533/179 532/532/178
f 500/500/179 501/501/180 534/534/180
f 500/500/179 534/534/180 533/533/179
f 501/501/180 502/502/180 535/535/180
f 501/501/180 535/535/180 534/534/180
f 502/502/180 503/503/181 536/536/180
f 502/502/180 536/536/180 535/535/180
f 503/503/181 504/504/162 537/537/181
f 503/503/181 537/537/181 536/536/180
f 504/504/162 505/505/162 538/538/162
f 504/504/162 538/538/162 537/537/181
f 505/505/162 506/506/163 539/539/163
f 505/505/162 539/539/163 538/538/162
f 506/506/163 507/507/182 540/540/182
f 506/506/163 540/540/182 539/539/163
f 507/507/182 508/508/165 541/541/165
f 507/507/182 541/541/165 540/540/182
f 508/508/165 509/509/166 542/542/167
f 508/508/165 542/542/167 541/541/165
f 509/509/166 510/510/167 543/543/168
f 509/509/166 543/543/168 542/542/167
f 510/510/167 511/511/168 544/544/183
f 510/510/167 544/544/183 543/543/168
f 511/511/168 512/512/183 545/545/190
f 511/511/168 545/545/190 544/544/183
f 512/512/183 513/513/190 546/546/183
f 512/512/183 546/546/183 545/545/190
f 513/513/190 514/514/184 547/547/184
f 513/513/190 547/547/184 546/546/183
f 514/514/184 515/515/170 548/548/170
f 514/514/184 548/548/170 547/547/184
f 515/515/170 516/516/185 549/549/185
f 515/515/170 549/549/185 548/548/170
f 516/516/185 517/517/185 550/550/185
f 516/516/185 550/550/185 549/549/185
f 517/517/185 518/518/171 551/551/185
f 517/517/185 551/551/185 550/550/185
f 518/518/171 519/519/172 552/552/171
f 518/518/171 552/552/171 551/551/185
f 519/519/172 520/520/172 553/553/172
f 519/519/172 553/553/172 552/552/171
f 520/520/172 521/521/172 554/554/172
f 520/520/172 554/554/172 553/553/172
f 521/521/172 522/522/191 555/555/173
f 521/521/172 555/555/173 554/554/172
f 522/522/191 523/523/175 556/556/174
f 522/522/191 556/556/174 555/555/173
f 523/523/175 524/524/174 557/557/174
f 523/523/175 557/557/174 556/556/174
f 524/524/174 525/525/174 558/558/187
f 524/524/174 558/558/187 557/557/174
f 525/525/174 526/526/176 559/559/188
f 525/525/174 559/559/188 558/558/187
f 526/526/176 527/527/188 560/560/188
f 526/526/176 560/560/188 559/559/188
f 527/527/188 528/528/188 561/561/188
f 527/527/188 561/561/188 560/560/188
f 529/530/189 530/529/189 563/562/189
f 529/530/189 563/562/189 562/563/189
f 530/529/189 531/531/189 564/564/189
f 530/529/189 564/564/189 563/562/189
f 531/531/189 532/532/178 565/565/178
f 531/531/189 565/565/178 564/564/189
f 532/532/178 533/533/179 566/566/160
f 532/532/178 566/566/160 565/565/178
f 533/533/179 534/534/180 567/567/192
f 533/533/179 567/567/192 566/566/160
f 534/534/180 535/535/180 568/568/192
f 534/534/180 568/568/192 567/567/192
f 535/535/180 536/536/180 569/569/180
f 535/535/180 569/569/180 568/568/192
f 536/536/180 537/537/181 570/570/180
f 536/536/180 570/570/180 569/569/180
f 537/537/181 538/538/162 571/571/181
f 537/537/181 571/571/181 570/570/180
f 538/538/162 539/539/163 572/572/162
f 538/538/162 572/572/162 571/571/181
f 539/539/163 540/540/182 573/573/193
f 539/539/163 573/573/193 572/572/162
f 540/540/182 541/541/165 574/574/167
f 540/540/182 574/574/167 573/573/193
f 541/541/165 542/542/167 575/575/168
f 541/541/165 575/575/168 574/574/167
f 542/542/167 543/543/168 576/576/183
f 542/542/167 576/576/183 575/575/168
f 543/543/168 544/544/183 577/577/183
f 543/543/168 577/577/183 576/576/183
f 544/544/183 545/545/190 578/578/183
f 544/544/183 578/578/183 577/577/183
f 545/545/190 546/546/183 579/579/183
f 545/545/190 579/579/183 578/578/183
f 546/546/183 547/547/184 580/580/184
f 546/546/183 580/580/184 579/579/183
f 547/547/184 548/548/170 581/581/170
f 547/547/184 581/581/170 580/580/184
f 548/548/170 549/549/185 582/582/185
f 548/548/170 582/582/185 581/581/170
f 549/549/185 550/550/185 583/583/185
f 549/549/185 583/583/185 582/582/185
f 550/550/185 551/551/185 584/584/185
f 550/550/185 584/584/185 583/583/185
f 551/551/185 552/552/171 585/585/185
f 551/551/185 585/585/185 584/584/185
f 552/552/171 553/553/172 586/586/171
f 552/552/171 586/586/171 585/585/185
f 553/553/172 554/554/172 587/587/172
f 553/553/172 587/587/172 586/586/171
f 554/554/172 555/555/173 588/588/194
f 554/554/172 588/588/194 587/587/172
f 555/555/173 556/556/174 589/589/174
f 555/555/173 589/589/174 588/588/194
f 556/556/174 557/557/174 590/590/176
f 556/556/174 590/590/176 589/589/174
f 557/557/174 558/558/187 591/591/195
f 557/557/174 591/591/195 590/590/176
f 558/558/187 559/559/188 592/592/188
f 558/558/187 592/592/188 591/591/195
f 559/559/188 560/560/188 593/593/188
f 559/559/188 593/593/188 592/592/188
f 560/560/188 561/561/188 594/594/188
f 560/560/188 594/594/188 593/593/188
f 562/563/189 563/562/189 596/595/189
f 562/563/189 596/595/189 595/596/189
f 563/562/189 564/564/189 597/597/189
f 563/562/189 597/597/189 596/595/189
f 564/564/189 565/565/178 598/598/178
f 564/564/189 598/598/178 597/597/189
f 565/565/178 566/566/160 599/599/160
f 565/565/178 599/599/160 598/598/178
f 566/566/160 567/567/192 600/600/180
f 566/566/160 600/600/180 599/599/160
f 567/567/192 568/568/192 601/601/180
f 567/567/192 601/601/180 600/600/180
f 568/568/192 569/569/180 602/602/180
f 568/568/192 602/602/180 601/601/180
f 569/569/180 570/570/180 603/603/180
f 569/569/180 603/603/180 602/602/180
f 570/570/180 571/571/181 604/604/180
f 570/570/180 604/604/180 603/603/180
f 571/571/181 572/572/162 605/605/161
f 571/571/181 605/605/161 604/604/180
f 572/572/162 573/573/193 606/606/193
f 572/572/162 606/606/193 605/605/161
f 573/573/193 574/574/167 607/607/168
f 573/573/193 607/607/168 606/606/193
f 574/574/167 575/575/168 608/608/183
f 574/574/167 608/608/183 607/607/168
f 575/575/168 576/576/183 609/609/183
f 575/575/168 609/609/183 608/608/183
f 576/576/183 577/577/183 610/610/190
f 576/576/183 610/610/190 609/609/183
f 577/577/183 578/578/183 611/611/190
f 577/577/183 611/611/190 610/610/190
f 578/578/183 579/579/183 612/612/183
f 578/578/183 612/612/183 611/611/190
f 579/579/183 580/580/184 613/613/184
f 579/579/183 613/613/184 612/612/183
f 580/580/184 581/581/170 614/614/170
f 580/580/184 614/614/170 613/613/184
f 581/581/170 582/582/185 615/615/185
f 581/581/170 615/615/185 614/614/170
f 582/582/185 583/583/185 616/616/185
f 582/582/185 616/616/185 615/615/185
f 583/583/185 584/584/185 617/617/185
f 583/583/185 617/617/185 616/616/185
f 584/584/185 585/585/185 618/618/185
f 584/584/185 618/618/185 617/617/185
f 585/585/185 586/586/171 619/619/185
f 585/585/185 619/619/185 618/618/185
f 586/586/171 587/587/172 620/620/196
f 586/586/171 620/620/196 619/619/185
f 587/587/172 588/588/194 621/621/197
f 587/587/172 621/621/197 620/620/196
f 588/588/194 589/589/174 622/622/176
f 588/588/194 622/622/176 621/621/197
f 589/589/174 590/590/176 623/623/188
f 589/589/174 623/623/188 622/622/176
f 590/590/176 591/591/195 624/624/188
f 590/590/176 624/624/188 623/623/188
f 591/591/195 592/592/188 625/625/188
f 591/591/195 625/625/188 624/624/188
f 592/592/188 593/593/188 626/626/188
f 592/592/188 626/626/188 625/625/188
f 593/593/188 594/594/188 627/627/188
f 593/593/188 627/627/188 626/626/188
f 595/596/189 596/595/189 629/628/198
f 595/596/189 629/628/198 628/629/199
f 596/595/189 597/597/189 630/630/200
f 596/595/189 630/630/200 629/628/198
f 597/597/189 598/598/178 631/631/201
f 597/597/189 631/631/201 630/630/200
f 598/598/178 599/599/160 632/632/202
f 598/598/178 632/632/202 631/631/201
f 599/599/160 600/600/180 633/633/203
f 599/599/160 633/633/203 632/632/202
f 600/600/180 601/601/180 634/634/203
f 600/600/180 634/634/203 633/633/203
f 601/601/180 602/602/180 635/635/203
f 601/601/180 635/635/203 634/634/203
f 602/602/180 603/603/180 636/636/204
f 602/602/180 636/636/204 635/635/203
f 603/603/180 604/604/180 637/637/204
f 603/603/180 637/637/204 636/636/204
f 604/604/180 605/605/161 638/638/203
f 604/604/180 638/638/203 637/637/204
f 605/605/161 606/606/193 639/639/205
f 605/605/161 639/639/205 638/638/203
f 606/606/193 607/607/168 640/640/206
f 606/606/193 640/640/206 639/639/205
f 607/607/168 608/608/183 641/641/207
f 607/607/168 641/641/207 640/640/206
f 608/608/183 609/609/183 642/642/207
f 608/608/183 642/642/207 641/641/207
f 609/609/183 610/610/190 643/643/207
f 609/609/183 643/643/207 642/642/207
f 610/610/190 611/611/190 644/644/207
f 610/610/190 644/644/207 643/643/207
f 611/611/190 612/612/183 645/645/207
f 611/611/190 645/645/207 644/644/207
f 612/612/183 613/613/184 646/646/208
f 612/612/183 646/646/208 645/645/207
f 613/613/184 614/614/170 647/647/209
f 613/613/184 647/647/209 646/646/208
f 614/614/170 615/615/185 648/648/210
f 614/614/170 648/648/210 647/647/209
f 615/615/185 616/616/185 649/649/210
f 615/615/185 649/649/210 648/648/210
f 616/616/185 617/617/185 650/650/210
f 616/616/185 650/650/210 649/649/210
f 617/617/185 618/618/185 651/651/210
f 617/617/185 651/651/210 650/650/210
f 618/618/185 619/619/185 652/652/210
f 618/618/185 652/652/210 651/651/210
f 619/619/185 620/620/196 653/653/211
f 619/619/185 653/653/211 652/652/210
f 620/620/196 621/621/197 654/654/212
f 620/620/196 654/654/212 653/653/211
f 621/621/197 622/622/176 655/655/213
f 621/621/197 655/655/213 654/654/212
f 622/622/176 623/623/188 656/656/213
f 622/622/176 656/656/213 655/655/213
f 623/623/188 624/624/188 657/657/213
f 623/623/188 657/657/213 656/656/213
f 624/624/188 625/625/188 658/658/213
f 624/624/188 658/658/213 657/657/213
f 625/625/188 626/626/188 659/659/213
f 625/625/188 659/659/213 658/658/213
f 626/626/188 627/627/188 660/660/214
f 626/626/188 660/660/214 659/659/213
f 628/629/199 629/628/198 662/661/215
f 628/629/199 662/661/215 661/662/216
f 629/628/198 630/630/200 663/663/217
f 629/628/198 663/663/217 662/661/215
f 630/630/200 631/631/201 664/664/218
f 630/630/200 664/664/218 663/663/217
f 631/631/201 632/632/202 665/665/219
f 631/631/201 665/665/219 664/664/218
f 632/632/202 633/633/203 666/666/220
f 632/632/202 666/666/220 665/665/219
f 633/633/203 634/634/203 667/667/221
f 633/633/203 667/667/221 666/666/220
f 634/634/203 635/635/203 668/668/221
f 634/634/203 668/668/221 667/667/221
f 635/635/203 636/636/204 669/669/221
f 635/635/203 669/669/221 668/668/221
f 636/636/204 637/637/204 670/670/221
f 636/636/204 670/670/221 669/669/221
f 637/637/204 638/638/203 671/671/221
f 637/637/204 671/671/221 670/670/221
f 638/638/203 639/639/205 672/672/222
f 638/638/203 672/672/222 671/671/221
f 639/639/205 640/640/206 673/673/223
f 639/639/205 673/673/223 672/672/222
f 640/640/206 641/641/207 674/674/224
f 640/640/206 674/674/224 673/673/223
f 641/641/207 642/642/207 675/675/224
f 641/641/207 675/675/224 674/674/224
f 642/642/207 643/643/207 676/676/225
f 642/642/207 676/676/225 675/675/224
f 643/643/207 644/644/207 677/677/225
f 643/643/207 677/677/225 676/676/225
f 644/644/207 645/645/207 678/678/224
f 644/644/207 678/678/224 677/677/225
f 645/645/207 646/646/208 679/679/226
f 645/645/207 679/679/226 678/678/224
f 646/646/208 647/647/209 680/680/227
f 646/646/208 680/680/227 679/679/226
f 647/647/209 648/648/210 681/681/228
f 647/647/209 681/681/228 680/680/227
f 648/648/210 649/649/210 682/682/228
f 648/648/210 682/682/228 681/681/228
f 649/649/210 650/650/210 683/683/229
f 649/649/210 683/683/229 682/682/228
f 650/650/210 651/651/210 684/684/229
f 650/650/210 684/684/229 683/683/229
f 651/651/210 652/652/210 685/685/230
f 651/651/210 685/685/230 684/684/229
f 652/652/210 653/653/211 686/686/231
f 652/652/210 686/686/231 685/685/230
f 653/653/211 654/654/212 687/687/232
f 653/653/211 687/687/232 686/686/231
f 654/654/212 655/655/213 688/688/233
f 654/654/212 688/688/233 687/687/232
f 655/655/213 656/656/213 689/689/234
f 655/655/213 689/689/234 688/688/233
f 656/656/213 657/657/213 690/690/234
f 656/656/213 690/690/234 689/689/234
f 657/657/213 658/658/213 691/691/234
f 657/657/213 691/691/234 690/690/234
f 658/658/213 659/659/213 692/692/234
f 658/658/213 692/692/234 691/691/234
f 659/659/213 660/660/214 693/693/234
f 659/659/213 693/693/234 692/692/234
f 661/662/216 662/661/215 695/694/217
f 661/662/216 695/694/217 694/695/235
f 662/661/215 663/663/217 696/696/236
f 662/661/215 696/696/236 695/694/217
f 663/663/217 664/664/218 697/697/237
f 663/663/217 697/697/237 696/696/236
f 664/664/218 665/665/219 698/698/238
f 664/664/218 698/698/238 697/697/237
f 665/665/219 666/666/220 699/699/239
f 665/665/219 699/699/239 698/698/238
f 666/666/220 667/667/221 700/700/220
f 666/666/220 700/700/220 699/699/239
f 667/667/221 668/668/221 701/701/221
f 667/667/221 701/701/221 700/700/220
f 668/668/221 669/669/221 702/702/221
f 668/668/221 702/702/221 701/701/221
f 669/669/221 670/670/221 703/703/221
f 669/669/221 703/703/221 702/702/221
f 670/670/221 671/671/221 704/704/221
f 670/670/221 704/704/221 703/703/221
f 671/671/221 672/672/222 705/705/240
f 671/671/221 705/705/240 704/704/221
f 672/672/222 673/673/223 706/706/241
f 672/672/222 706/706/241 705/705/240
f 673/673/223 674/674/224 707/707/223
f 673/673/223 707/707/223 706/706/241
f 674/674/224 675/675/224 708/708/225
f 674/674/224 708/708/225 707/707/223
f 675/675/224 676/676/225 709/709/224
f 675/675/224 709/709/224 708/708/225
f 676/676/225 677/677/225 710/710/225
f 676/676/225 710/710/225 709/709/224
f 677/677/225 678/678/224 711/711/225
f 677/677/225 711/711/225 710/710/225
f 678/678/224 679/679/226 712/712/226
f 678/678/224 712/712/226 711/711/225
f 679/679/226 680/680/227 713/713/227
f 679/679/226 713/713/227 712/712/226
f 680/680/227 681/681/228 714/714/229
f 680/680/227 714/714/229 713/713/227
f 681/681/228 682/682/228 715/715/228
f 681/681/228 715/715/228 714/714/229
f 682/682/228 683/683/229 716/716/228
f 682/682/228 716/716/228 715/715/228
f 683/683/229 684/684/229 717/717/242
f 683/683/229 717/717/242 716/716/228
f 684/684/229 685/685/230 718/718/231
f 684/684/229 718/718/231 717/717/242
f 685/685/230 686/686/231 719/719/243
f 685/685/230 719/719/243 718/718/231
f 686/686/231 687/687/232 720/720/244
f 686/686/231 720/720/244 719/719/243
f 687/687/232 688/688/233 721/721/245
f 687/687/232 721/721/245 720/720/244
f 688/688/233 689/689/234 722/722/233
f 688/688/233 722/722/233 721/721/245
f 689/689/234 690/690/234 723/723/234
f 689/689/234 723/723/234 722/722/233
f 690/690/234 691/691/234 724/724/234
f 690/690/234 724/724/234 723/723/234
f 691/691/234 692/692/234 725/725/234
f 691/691/234 725/725/234 724/724/234
f 692/692/234 693/693/234 726/726/234
f 692/692/234 726/726/234 725/725/234
f 694/695/235 695/694/217 728/727/236
f 694/695/235 728/727/236 727/728/217
f 695/694/217 696/696/236 729/729/246
f 695/694/217 729/729/246 728/727/236
f 696/696/236 697/697/237 730/730/237
f 696/696/236 730/730/237 729/729/246
f 697/697/237 698/698/238 731/731/238
f 697/697/237 731/731/238 730/730/237
f 698/698/238 699/699/239 732/732/247
f 698/698/238 732/732/247 731/731/238
f 699/699/239 700/700/220 733/733/239
f 699/699/239 733/733/239 732/732/247
f 700/700/220 701/701/221 734/734/220
f 700/700/220 734/734/220 733/733/239
f 701/701/221 702/702/221 735/735/221
f 701/701/221 735/735/221 734/734/220
f 702/702/221 703/703/221 736/736/221
f 702/702/221 736/736/221 735/735/221
f 703/703/221 704/704/221 737/737/221
f 703/703/221 737/737/221 736/736/221
f 704/704/221 705/705/240 738/738/222
f 704/704/221 738/738/222 737/737/221
f 705/705/240 706/706/241 739/739/241
f 705/705/240 739/739/241 738/738/222
f 706/706/241 707/707/223 740/740/241
f 706/706/241 740/740/241 739/739/241
f 707/707/223 708/708/225 741/741/223
f 707/707/223 741/741/223 740/740/241
f 708/708/225 709/709/224 742/742/224
f 708/708/225 742/742/224 741/741/223
f 709/709/224 710/710/225 743/743/224
f 709/709/224 743/743/224 742/742/224
f 710/710/225 711/711/225 744/744/224
f 710/710/225 744/744/224 743/743/224
f 711/711/225 712/712/226 745/745/226
f 711/711/225 745/745/226 744/744/224
f 712/712/226 713/713/227 746/746/227
f 712/712/226 746/746/227 745/745/226
f 713/713/227 714/714/229 747/747/228
f 713/713/227 747/747/228 746/746/227
f 714/714/229 715/715/228 748/748/229
f 714/714/229 748/748/229 747/747/228
f 715/715/228 716/716/228 749/749/242
f 715/715/228 749/749/242 748/748/229
f 716/716/228 717/717/242 750/750/231
f 716/716/228 750/750/231 749/749/242
f 717/717/242 718/718/231 751/751/248
f 717/717/242 751/751/248 750/750/231
f 718/718/231 719/719/243 752/752/249
f 718/718/231 752/752/249 751/751/248
f 719/719/243 720/720/244 753/753/244
f 719/719/243 753/753/244 752/752/249
f 720/720/244 721/721/245 754/754/250
f 720/720/244 754/754/250 753/753/244
f 721/721/245 722/722/233 755/755/251
f 721/721/245 755/755/251 754/754/250
f 722/722/233 723/723/234 756/756/233
f 722/722/233 756/756/233 755/755/251
f 723/723/234 724/724/234 757/757/234
f 723/723/234 757/757/234 756/756/233
f 724/724/234 725/725/234 758/758/234
f 724/724/234 758/758/234 757/757/234
f 725/725/234 726/726/234 759/759/234
f 725/725/234 759/759/234 758/758/234
f 727/728/217 728/727/236 761/760/246
f 727/728/217 761/760/246 760/761/252
f 728/727/236 729/729/246 762/762/246
f 728/727/236 762/762/246 761/760/246
f 729/729/246 730/730/237 763/763/237
f 729/729/246 763/763/237 762/762/246
f 730/730/237 731/731/238 764/764/238
f 730/730/237 764/764/238 763/763/237
f 731/731/238 732/732/247 765/765/247
f 731/731/238 765/765/247 764/764/238
f 732/732/247 733/733/239 766/766/247
f 732/732/247 766/766/247 765/765/247
f 733/733/239 734/734/220 767/767/239
f 733/733/239 767/767/239 766/766/247
f 734/734/220 735/735/221 768/768/220
f 734/734/220 768/768/220 767/767/239
f 735/735/221 736/736/221 769/769/221
f 735/735/221 769/769/221 768/768/220
f 736/736/221 737/737/221 770/770/221
f 736/736/221 770/770/221 769/769/221
f 737/737/221 738/738/222 771/771/222
f 737/737/221 771/771/222 770/770/221
f 738/738/222 739/739/241 772/772/241
f 738/738/222 772/772/241 771/771/222
f 739/739/241 740/740/241 773/773/241
f 739/739/241 773/773/241 772/772/241
f 740/740/241 741/741/223 774/774/241
f 740/740/241 774/774/241 773/773/241
f 741/741/223 742/742/224 775/775/223
f 741/741/223 775/775/223 774/774/241
f 742/742/224 743/743/224 776/776/224
f 742/742/224 776/776/224 775/775/223
f 743/743/224 744/744/224 777/777/224
f 743/743/224 777/777/224 776/776/224
f 744/744/224 745/745/226 778/778/226
f 744/744/224 778/778/226 777/777/224
f 745/745/226 746/746/227 779/779/227
f 745/745/226 779/779/227 778/778/226
f 746/746/227 747/747/228 780/780/229
f 746/746/227 780/780/229 779/779/227
f 747/747/228 748/748/229 781/781/242
f 747/747/228 781/781/242 780/780/229
f 748/748/229 749/749/242 782/782/231
f 748/748/229 782/782/231 781/781/242
f 749/749/242 750/750/231 783/783/249
f 749/749/242 783/783/249 782/782/231
f 750/750/231 751/751/248 784/784/249
f 750/750/231 784/784/249 783/783/249
f 751/751/248 752/752/249 785/785/249
f 751/751/248 785/785/249 784/784/249
f 752/752/249 753/753/244 786/786/253
f 752/752/249 786/786/253 785/785/249
f 753/753/244 754/754/250 787/787/250
f 753/753/244 787/787/250 786/786/253
f 754/754/250 755/755/251 788/788/251
f 754/754/250 788/788/251 787/787/250
f 755/755/251 756/756/233 789/789/251
f 755/755/251 789/789/251 788/788/251
f 756/756/233 757/757/234 790/790/254
f 756/756/233 790/790/254 789/789/251
f 757/757/234 758/758/234 791/791/234
f 757/757/234 791/791/234 790/790/254
f 758/758/234 759/759/234 792/792/234
f 758/758/234 792/792/234 791/791/234
f 760/761/252 761/760/246 794/793/246
f 760/761/252 794/793/246 793/794/246
f 761/760/246 762/762/246 795/795/246
f 761/760/246 795/795/246 794/793/246
f 762/762/246 763/763/237 796/796/237
f 762/762/246 796/796/237 795/795/246
f 763/763/237 764/764/238 797/797/238
f 763/763/237 797/797/238 796/796/237
f 764/764/238 765/765/247 798/798/247
f 764/764/238 798/798/247 797/797/238
f 765/765/247 766/766/247 799/799/247
f 765/765/247 799/799/247 798/798/247
f 766/766/247 767/767/239 800/800/247
f 766/766/247 800/800/247 799/799/247
f 767/767/239 768/768/220 801/801/239
f 767/767/239 801/801/239 800/800/247
f 768/768/220 769/769/221 802/802/220
f 768/768/220 802/802/220 801/801/239
f 769/769/221 770/770/221 803/803/221
f 769/769/221 803/803/221 802/802/220
f 770/770/221 771/771/222 804/804/255
f 770/770/221 804/804/255 803/803/221
f 771/771/222 772/772/241 805/805/241
f 771/771/222 805/805/241 804/804/255
f 772/772/241 773/773/241 806/806/241
f 772/772/241 806/806/241 805/805/241
f 773/773/241 774/774/241 807/807/241
f 773/773/241 807/807/241 806/806/241
f 774/774/241 775/775/223 808/808/241
f 774/774/241 808/808/241 807/807/241
f 775/775/223 776/776/224 809/809/223
f 775/775/223 809/809/223 808/808/241
f 776/776/224 777/777/224 810/810/224
f 776/776/224 810/810/224 809/809/223
f 777/777/224 778/778/226 811/811/226
f 777/777/224 811/811/226 810/810/224
f 778/778/226 779/779/227 812/812/227
f 778/778/226 812/812/227 811/811/226
f 779/779/227 780/780/229 813/813/230
f 779/779/227 813/813/230 812/812/227
f 780/780/229 781/781/242 814/814/231
f 780/780/229 814/814/231 813/813/230
f 781/781/242 782/782/231 815/815/243
f 781/781/242 815/815/243 814/814/231
f 782/782/231 783/783/249 816/816/249
f 782/782/231 816/816/249 815/815/243
f 783/783/249 784/784/249 817/817/249
f 783/783/249 817/817/249 816/816/249
f 784/784/249 785/785/249 818/818/249
f 784/784/249 818/818/249 817/817/249
f 785/785/249 786/786/253 819/819/253
f 785/785/249 819/819/253 818/818/249
f 786/786/253 787/787/250 820/820/251
f 786/786/253 820/820/251 819/819/253
f 787/787/250 788/788/251 821/821/251
f 787/787/250 821/821/251 820/820/251
f 788/788/251 789/789/251 822/822/251
f 788/788/251 822/822/251 821/821/251
f 789/789/251 790/790/254 823/823/250
f 789/789/251 823/823/250 822/822/251
f 790/790/254 791/791/234 824/824/233
f 790/790/254 824/824/233 823/823/250
f 791/791/234 792/792/234 825/825/234
f 791/791/234 825/825/234 824/824/233
f 793/794/246 794/793/246 827/826/246
f 793/794/246 827/826/246 826/827/246
f 794/793/246 795/795/246 828/828/246
f 794/793/246 828/828/246 827/826/246
f 795/795/246 796/796/237 829/829/237
f 795/795/246 829/829/237 828/828/246
f 796/796/237 797/797/238 830/830/238
f 796/796/237 830/830/238 829/829/237
f 797/797/238 798/798/247 831/831/247
f 797/797/238 831/831/247 830/830/238
f 798/798/247 799/799/247 832/832/247
f 798/798/247 832/832/247 831/831/247
f 799/799/247 800/800/247 833/833/247
f 799/799/247 833/833/247 832/832/247
f 800/800/247 801/801/239 834/834/247
f 800/800/247 834/834/247 833/833/247
f 801/801/239 802/802/220 835/835/239
f 801/801/239 835/835/239 834/834/247
f 802/802/220 803/803/221 836/836/220
f 802/802/220 836/836/220 835/835/239
f 803/803/221 804/804/255 837/837/240
f 803/803/221 837/837/240 836/836/220
f 804/804/255 805/805/241 838/838/241
f 804/804/255 838/838/241 837/837/240
f 805/805/241 806/806/241 839/839/241
f 805/805/241 839/839/241 838/838/241
f 806/806/241 807/807/241 840/840/241
f 806/806/241 840/840/241 839/839/241
f 807/807/241 808/808/241 841/841/241
f 807/807/241 841/841/241 840/840/241
f 808/808/241 809/809/223 842/842/241
f 808/808/241 842/842/241 841/841/241
f 809/809/223 810/810/224 843/843/223
f 809/809/223 843/843/223 842/842/241
f 810/810/224 811/811/226 844/844/226
f 810/810/224 844/844/226 843/843/223
f 811/811/226 812/812/227 845/845/256
f 811/811/226 845/845/256 844/844/226
f 812/812/227 813/813/230 846/846/231
f 812/812/227 846/846/231 845/845/256
f 813/813/230 814/814/231 847/847/248
f 813/813/230 847/847/248 846/846/231
f 814/814/231 815/815/243 848/848/249
f 814/814/231 848/848/249 847/847/248
f 815/815/243 816/816/249 849/849/249
f 815/815/243 849/849/249 848/848/249
f 816/816/249 817/817/249 850/850/249
f 816/816/249 850/850/249 849/849/249
f 817/817/249 818/818/249 851/851/249
f 817/817/249 851/851/249 850/850/249
f 818/818/249 819/819/253 852/852/244
f 818/818/249 852/852/244 851/851/249
f 819/819/253 820/820/251 853/853/251
f 819/819/253 853/853/251 852/852/244
f 820/820/251 821/821/251 854/854/250
f 820/820/251 854/854/250 853/853/251
f 821/821/251 822/822/251 855/855/251
f 821/821/251 855/855/251 854/854/250
f 822/822/251 823/823/250 856/856/251
f 822/822/251 856/856/251 855/855/251
f 823/823/250 824/824/233 857/857/257
f 823/823/250 857/857/257 856/856/251
f 824/824/233 825/825/234 858/858/258
f 824/824/233 858/858/258 857/857/257
f 826/827/246 827/826/246 860/859/259
f 826/827/246 860/859/259 859/860/260
f 827/826/246 828/828/246 861/861/259
f 827/826/246 861/861/259 860/859/259
f 828/828/246 829/829/237 862/862/261
f 828/828/246 862/862/261 861/861/259
f 829/829/237 830/830/238 863/863/262
f 829/829/237 863/863/262 862/862/261
f 830/830/238 831/831/247 864/864/263
f 830/830/238 864/864/263 863/863/262
f 831/831/247 832/832/247 865/865/263
f 831/831/247 865/865/263 864/864/263
f 832/832/247 833/833/247 866/866/264
f 832/832/247 866/866/264 865/865/263
f 833/833/247 834/834/247 867/867/263
f 833/833/247 867/867/263 866/866/264
f 834/834/247 835/835/239 868/868/263
f 834/834/247 868/868/263 867/867/263
f 835/835/239 836/836/220 869/869/265
f 835/835/239 869/869/265 868/868/263
f 836/836/220 837/837/240 870/870/266
f 836/836/220 870/870/266 869/869/265
f 837/837/240 838/838/241 871/871/267
f 837/837/240 871/871/267 870/870/266
f 838/838/241 839/839/241 872/872/267
f 838/838/241 872/872/267 871/871/267
f 839/839/241 840/840/241 873/873/268
f 839/839/241 873/873/268 872/872/267
f 840/840/241 841/841/241 874/874/269
f 840/840/241 874/874/269 873/873/268
f 841/841/241 842/842/241 875/875/268
f 841/841/241 875/875/268 874/874/269
f 842/842/241 843/843/223 876/876/268
f 842/842/241 876/876/268 875/875/268
f 843/843/223 844/844/226 877/877/270
f 843/843/223 877/877/270 876/876/268
f 844/844/226 845/845/256 878/878/271
f 844/844/226 878/878/271 877/877/270
f 845/845/256 846/846/231 879/879/272
f 845/845/256 879/879/272 878/878/271
f 846/846/231 847/847/248 880/880/273
f 846/846/231 880/880/273 879/879/272
f 847/847/248 848/848/249 881/881/273
f 847/847/248 881/881/273 880/880/273
f 848/848/249 849/849/249 882/882/273
f 848/848/249 882/882/273 881/881/273
f 849/849/249 850/850/249 883/883/273
f 849/849/249 883/883/273 882/882/273
f 850/850/249 851/851/249 884/884/273
f 850/850/249 884/884/273 883/883/273
f 851/851/249 852/852/244 885/885/274
f 851/851/249 885/885/274 884/884/273
f 852/852/244 853/853/251 886/886/275
f 852/852/244 886/886/275 885/885/274
f 853/853/251 854/854/250 887/887/275
f 853/853/251 887/887/275 886/886/275
f 854/854/250 855/855/251 888/888/276
f 854/854/250 888/888/276 887/887/275
f 855/855/251 856/856/251 889/889/275
f 855/855/251 889/889/275 888/888/276
f 856/856/251 857/857/257 890/890/275
f 856/856/251 890/890/275 889/889/275
f 857/857/257 858/858/258 891/891/275
f 857/857/257 891/891/275 890/890/275
f 859/860/260 860/859/259 893/892/277
f 859/860/260 893/892/277 892/893/278
f 860/859/259 861/861/259 894/894/277
f 860/859/259 894/894/277 893/892/277
f 861/861/259 862/862/261 895/895/279
f 861/861/259 895/895/279 894/894/277
f 862/862/261 863/863/262 896/896/280
f 862/862/261 896/896/280 895/895/279
f 863/863/262 864/864/263 897/897/281
f 863/863/262 897/897/281 896/896/280
f 864/864/263 865/865/263 898/898/281
f 864/864/263 898/898/281 897/897/281
f 865/865/263 866/866/264 899/899/281
f 865/865/263 899/899/281 898/898/281
f 866/866/264 867/867/263 900/900/281
f 866/866/264 900/900/281 899/899/281
f 867/867/263 868/868/263 901/901/281
f 867/867/263 901/901/281 900/900/281
f 868/868/263 869/869/265 902/902/282
f 868/868/263 902/902/282 901/901/281
f 869/869/265 870/870/266 903/903/283
f 869/869/265 903/903/283 902/902/282
f 870/870/266 871/871/267 904/904/284
f 870/870/266 904/904/284 903/903/283
f 871/871/267 872/872/267 905/905/284
f 871/871/267 905/905/284 904/904/284
f 872/872/267 873/873/268 906/906/284
f 872/872/267 906/906/284 905/905/284
f 873/873/268 874/874/269 907/907/284
f 873/873/268 907/907/284 906/906/284
f 874/874/269 875/875/268 908/908/284
f 874/874/269 908/908/284 907/907/284
f 875/875/268 876/876/268 909/909/285
f 875/875/268 909/909/285 908/908/284
f 876/876/268 877/877/270 910/910/286
f 876/876/268 910/910/286 909/909/285
f 877/877/270 878/878/271 911/911/287
f 877/877/270 911/911/287 910/910/286
f 878/878/271 879/879/272 912/912/288
f 878/878/271 912/912/288 911/911/287
f 879/879/272 880/880/273 913/913/288
f 879/879/272 913/913/288 912/912/288
f 880/880/273 881/881/273 914/914/288
f 880/880/273 914/914/288 913/913/288
f 881/881/273 882/882/273 915/915/288
f 881/881/273 915/915/288 914/914/288
f 882/882/273 883/883/273 916/916/288
f 882/882/273 916/916/288 915/915/288
f 883/883/273 884/884/273 917/917/288
f 883/883/273 917/917/288 916/916/288
f 884/884/273 885/885/274 918/918/289
f 884/884/273 918/918/289 917/917/288
f 885/885/274 886/886/275 919/919/290
f 885/885/274 919/919/290 918/918/289
f 886/886/275 887/887/275 920/920/291
f 886/886/275 920/920/291 919/919/290
f 887/887/275 888/888/276 921/921/291
f 887/887/275 921/921/291 920/920/291
f 888/888/276 889/889/275 922/922/291
f 888/888/276 922/922/291 921/921/291
f 889/889/275 890/890/275 923/923/291
f 889/889/275 923/923/291 922/922/291
f 890/890/275 891/891/275 924/924/291
f 890/890/275 924/924/291 923/923/291
f 892/893/278 893/892/277 926/925/292
f 892/893/278 926/925/292 925/926/292
f 893/892/277 894/894/277 927/927/292
f 893/892/277 927/927/292 926/925/292
f 894/894/277 895/895/279 928/928/293
f 894/894/277 928/928/293 927/927/292
f 895/895/279 896/896/280 929/929/294
f 895/895/279 929/929/294 928/928/293
f 896/896/280 897/897/281 930/930/295
f 896/896/280 930/930/295 929/929/294
f 897/897/281 898/898/281 931/931/295
f 897/897/281 931/931/295 930/930/295
f 898/898/281 899/899/281 932/932/295
f 898/898/281 932/932/295 931/931/295
f 899/899/281 900/900/281 933/933/296
f 899/899/281 933/933/296 932/932/295
f 900/900/281 901/901/281 934/934/297
f 900/900/281 934/934/297 933/933/296
f 901/901/281 902/902/282 935/935/298
f 901/901/281 935/935/298 934/934/297
f 902/902/282 903/903/283 936/936/299
f 902/902/282 936/936/299 935/935/298
f 903/903/283 904/904/284 937/937/300
f 903/903/283 937/937/300 936/936/299
f 904/904/284 905/905/284 938/938/300
f 904/904/284 938/938/300 937/937/300
f 905/905/284 906/906/284 939/939/300
f 905/905/284 939/939/300 938/938/300
f 906/906/284 907/907/284 940/940/300
f 906/906/284 940/940/300 939/939/300
f 907/907/284 908/908/284 941/941/301
f 907/907/284 941/941/301 940/940/300
f 908/908/284 909/909/285 942/942/302
f 908/908/284 942/942/302 941/941/301
f 909/909/285 910/910/286 943/943/303
f 909/909/285 943/943/303 942/942/302
f 910/910/286 911/911/287 944/944/304
f 910/910/286 944/944/304 943/943/303
f 911/911/287 912/912/288 945/945/305
f 911/911/287 945/945/305 944/944/304
f 912/912/288 913/913/288 946/946/306
f 912/912/288 946/946/306 945/945/305
f 913/913/288 914/914/288 947/947/306
f 913/913/288 947/947/306 946/946/306
f 914/914/288 915/915/288 948/948/306
f 914/914/288 948/948/306 947/947/306
f 915/915/288 916/916/288 949/949/306
f 915/915/288 949/949/306 948/948/306
f 916/916/288 917/917/288 950/950/306
f 916/916/288 950/950/306 949/949/306
f 917/917/288 918/918/289 951/951/307
f 917/917/288 951/951/307 950/950/306
f 918/918/289 919/919/290 952/952/308
f 918/918/289 952/952/308 951/951/307
f 919/919/290 920/920/291 953/953/309
f 919/919/290 953/953/309 952/952/308
f 920/920/291 921/921/291 954/954/310
f 920/920/291 954/954/310 953/953/309
f 921/921/291 922/922/291 955/955/310
f 921/921/291 955/955/310 954/954/310
f 922/922/291 923/923/291 956/956/310
f 922/922/291 956/956/310 955/955/310
f 923/923/291 924/924/291 957/957/311
f 923/923/291 957/957/311 956/956/310
f 925/926/292 926/925/292 959/958/292
f 925/926/292 959/958/292 958/959/292
f 926/925/292 927/927/292 960/960/292
f 926/925/292 960/960/292 959/958/292
f 927/927/292 928/928/293 961/961/293
f 927/927/292 961/961/293 960/960/292
f 928/928/293 929/929/294 962/962/294
f 928/928/293 962/962/294 961/961/293
f 929/929/294 930/930/295 963/963/296
f 929/929/294 963/963/296 962/962/294
f 930/930/295 931/931/295 964/964/296
f 930/930/295 964/964/296 963/963/296
f 931/931/295 932/932/295 965/965/295
f 931/931/295 965/965/295 964/964/296
f 932/932/295 933/933/296 966/966/312
f 932/932/295 966/966/312 965/965/295
f 933/933/296 934/934/297 967/967/313
f 933/933/296 967/967/313 966/966/312
f 934/934/297 935/935/298 968/968/314
f 934/934/297 968/968/314 967/967/313
f 935/935/298 936/936/299 969/969/299
f 935/935/298 969/969/299 968/968/314
f 936/936/299 937/937/300 970/970/300
f 936/936/299 970/970/300 969/969/299
f 937/937/300 938/938/300 971/971/300
f 937/937/300 971/971/300 970/970/300
f 938/938/300 939/939/300 972/972/300
f 938/938/300 972/972/300 971/971/300
f 939/939/300 940/940/300 973/973/315
f 939/939/300 973/973/315 972/972/300
f 940/940/300 941/941/301 974/974/302
f 940/940/300 974/974/302 973/973/315
f 941/941/301 942/942/302 975/975/316
f 941/941/301 975/975/316 974/974/302
f 942/942/302 943/943/303 976/976/317
f 942/942/302 976/976/317 975/975/316
f 943/943/303 944/944/304 977/977/304
f 943/943/303 977/977/304 976/976/317
f 944/944/304 945/945/305 978/978/318
f 944/944/304 978/978/318 977/977/304
f 945/945/305 946/946/306 979/979/305
f 945/945/305 979/979/305 978/978/318
f 946/946/306 947/947/306 980/980/306
f 946/946/306 980/980/306 979/979/305
f 947/947/306 948/948/306 981/981/306
f 947/947/306 981/981/306 980/980/306
f 948/948/306 949/949/306 982/982/306
f 948/948/306 982/982/306 981/981/306
f 949/949/306 950/950/306 983/983/306
f 949/949/306 983/983/306 982/982/306
f 950/950/306 951/951/307 984/984/319
f 950/950/306 984/984/319 983/983/306
f 951/951/307 952/952/308 985/985/320
f 951/951/307 985/985/320 984/984/319
f 952/952/308 953/953/309 986/986/321
f 952/952/308 986/986/321 985/985/320
f 953/953/309 954/954/310 987/987/309
f 953/953/309 987/987/309 986/986/321
f 954/954/310 955/955/310 988/988/310
f 954/954/310 988/988/310 987/987/309
f 955/955/310 956/956/310 989/989/310
f 955/955/310 989/989/310 988/988/310
f 956/956/310 957/957/311 990/990/311
f 956/956/310 990/990/311 989/989/310
f 958/959/292 959/958/292 992/991/292
f 958/959/292 992/991/292 991/992/322
f 959/958/292 960/960/292 993/993/292
f 959/958/292 993/993/292 992/991/292
f 960/960/292 961/961/293 994/994/293
f 960/960/292 994/994/293 993/993/292
f 961/961/293 962/962/294 995/995/294
f 961/961/293 995/995/294 994/994/293
f 962/962/294 963/963/296 996/996/295
f 962/962/294 996/996/295 995/995/294
f 963/963/296 964/964/296 997/997/296
f 963/963/296 997/997/296 996/996/295
f 964/964/296 965/965/295 998/998/297
f 964/964/296 998/998/297 997/997/296
f 965/965/295 966/966/312 999/999/313
f 965/965/295 999/999/313 998/998/297
f 966/966/312 967/967/313 1000/1000/323
f 966/966/312 1000/1000/323 999/999/313
f 967/967/313 968/968/314 1001/1001/314
f 967/967/313 1001/1001/314 1000/1000/323
f 968/968/314 969/969/299 1002/1002/324
f 968/968/314 1002/1002/324 1001/1001/314
f 969/969/299 970/970/300 1003/1003/300
f 969/969/299 1003/1003/300 1002/1002/324
f 970/970/300 971/971/300 1004/1004/300
f 970/970/300 1004/1004/300 1003/1003/300
f 971/971/300 972/972/300 1005/1005/301
f 971/971/300 1005/1005/301 1004/1004/300
f 972/972/300 973/973/315 1006/1006/302
f 972/972/300 1006/1006/302 1005/1005/301
f 973/973/315 974/974/302 1007/1007/316
f 973/973/315 1007/1007/316 1006/1006/302
f 974/974/302 975/975/316 1008/1008/325
f 974/974/302 1008/1008/325 1007/1007/316
f 975/975/316 976/976/317 1009/1009/317
f 975/975/316 1009/1009/317 1008/1008/325
f 976/976/317 977/977/304 1010/1010/304
f 976/976/317 1010/1010/304 1009/1009/317
f 977/977/304 978/978/318 1011/1011/318
f 977/977/304 1011/1011/318 1010/1010/304
f 978/978/318 979/979/305 1012/1012/318
f 978/978/318 1012/1012/318 1011/1011/318
f 979/979/305 980/980/306 1013/1013/305
f 979/979/305 1013/1013/305 1012/1012/318
f 980/980/306 981/981/306 1014/1014/306
f 980/980/306 1014/1014/306 1013/1013/305
f 981/981/306 982/982/306 1015/1015/306
f 981/981/306 1015/1015/306 1014/1014/306
f 982/982/306 983/983/306 1016/1016/306
f 982/982/306 1016/1016/306 1015/1015/306
f 983/983/306 984/984/319 1017/1017/319
f 983/983/306 1017/1017/319 1016/1016/306
f 984/984/319 985/985/320 1018/1018/320
f 984/984/319 1018/1018/320 1017/1017/319
f 985/985/320 986/986/321 1019/1019/320
f 985/985/320 1019/1019/320 1018/1018/320
f 986/986/321 987/987/309 1020/1020/308
f 986/986/321 1020/1020/308 1019/1019/320
f 987/987/309 988/988/310 1021/1021/309
f 987/987/309 1021/1021/309 1020/1020/308
f 988/988/310 989/989/310 1022/1022/310
f 988/988/310 1022/1022/310 1021/1021/309
f 989/989/310 990/990/311 1023/1023/310
f 989/989/310 1023/1023/310 1022/1022/310
f 991/992/322 992/991/292 1025/1024/322
f 991/992/322 1025/1024/322 1024/1025/326
f 992/991/292 993/993/292 1026/1026/292
f 992/991/292 1026/1026/292 1025/1024/322
f 993/993/292 994/994/293 1027/1027/293
f 993/993/292 1027/1027/293 1026/1026/292
f 994/994/293 995/995/294 1028/1028/294
f 994/994/293 1028/1028/294 1027/1027/293
f 995/995/294 996/996/295 1029/1029/295
f 995/995/294 1029/1029/295 1028/1028/294
f 996/996/295 997/997/296 1030/1030/297
f 996/996/295 1030/1030/297 1029/1029/295
f 997/997/296 998/998/297 1031/1031/313
f 997/997/296 1031/1031/313 1030/1030/297
f 998/998/297 999/999/313 1032/1032/314
f 998/998/297 1032/1032/314 1031/1031/313
f 999/999/313 1000/1000/323 1033/1033/323
f 999/999/313 1033/1033/323 1032/1032/314
f 1000/1000/323 1001/1001/314 1034/1034/323
f 1000/1000/323 1034/1034/323 1033/1033/323
f 1001/1001/314 1002/1002/324 1035/1035/299
f 1001/1001/314 1035/1035/299 1034/1034/323
f 1002/1002/324 1003/1003/300 1036/1036/300
f 1002/1002/324 1036/1036/300 1035/1035/299
f 1003/1003/300 1004/1004/300 1037/1037/327
f 1003/1003/300 1037/1037/327 1036/1036/300
f 1004/1004/300 1005/1005/301 1038/1038/302
f 1004/1004/300 1038/1038/302 1037/1037/327
f 1005/1005/301 1006/1006/302 1039/1039/316
f 1005/1005/301 1039/1039/316 1038/1038/302
f 1006/1006/302 1007/1007/316 1040/1040/328
f 1006/1006/302 1040/1040/328 1039/1039/316
f 1007/1007/316 1008/1008/325 1041/1041/325
f 1007/1007/316 1041/1041/325 1040/1040/328
f 1008/1008/325 1009/1009/317 1042/1042/317
f 1008/1008/325 1042/1042/317 1041/1041/325
f 1009/1009/317 1010/1010/304 1043/1043/304
f 1009/1009/317 1043/1043/304 1042/1042/317
f 1010/1010/304 1011/1011/318 1044/1044/318
f 1010/1010/304 1044/1044/318 1043/1043/304
f 1011/1011/318 1012/1012/318 1045/1045/318
f 1011/1011/318 1045/1045/318 1044/1044/318
f 1012/1012/318 1013/1013/305 1046/1046/318
f 1012/1012/318 1046/1046/318 1045/1045/318
f 1013/1013/305 1014/1014/306 1047/1047/305
f 1013/1013/305 1047/1047/305 1046/1046/318
f 1014/1014/306 1015/1015/306 1048/1048/306
f 1014/1014/306 1048/1048/306 1047/1047/305
f 1015/1015/306 1016/1016/306 1049/1049/306
f 1015/1015/306 1049/1049/306 1048/1048/306
f 1016/1016/306 1017/1017/319 1050/1050/307
f 1016/1016/306 1050/1050/307 1049/1049/306
f 1017/1017/319 1018/1018/320 1051/1051/320
f 1017/1017/319 1051/1051/320 1050/1050/307
f 1018/1018/320 1019/1019/320 1052/1052/320
f 1018/1018/320 1052/1052/320 1051/1051/320
f 1019/1019/320 1020/1020/308 1053/1053/320
f 1019/1019/320 1053/1053/320 1052/1052/320
f 1020/1020/308 1021/1021/309 1054/1054/308
f 1020/1020/308 1054/1054/308 1053/1053/320
f 1021/1021/309 1022/1022/310 1055/1055/329
f 1021/1021/309 1055/1055/329 1054/1054/308
f 1022/1022/310 1023/1023/310 1056/1056/310
f 1022/1022/310 1056/1056/310 1055/1055/329
f 1024/1025/326 1025/1024/322 1058/1057/330
f 1024/1025/326 1058/1057/330 1057/1058/331
f 1025/1024/322 1026/1026/292 1059/1059/322
f 1025/1024/322 1059/1059/322 1058/1057/330
f 1026/1026/292 1027/1027/293 1060/1060/332
f 1026/1026/292 1060/1060/332 1059/1059/322
f 1027/1027/293 1028/1028/294 1061/1061/294
f 1027/1027/293 1061/1061/294 1060/1060/332
f 1028/1028/294 1029/1029/295 1062/1062/297
f 1028/1028/294 1062/1062/297 1061/1061/294
f 1029/1029/295 1030/1030/297 1063/1063/298
f 1029/1029/295 1063/1063/298 1062/1062/297
f 1030/1030/297 1031/1031/313 1064/1064/314
f 1030/1030/297 1064/1064/314 1063/1063/298
f 1031/1031/313 1032/1032/314 1065/1065/323
f 1031/1031/313 1065/1065/323 1064/1064/314
f 1032/1032/314 1033/1033/323 1066/1066/314
f 1032/1032/314 1066/1066/314 1065/1065/323
f 1033/1033/323 1034/1034/323 1067/1067/323
f 1033/1033/323 1067/1067/323 1066/1066/314
f 1034/1034/323 1035/1035/299 1068/1068/333
f 1034/1034/323 1068/1068/333 1067/1067/323
f 1035/1035/299 1036/1036/300 1069/1069/300
f 1035/1035/299 1069/1069/300 1068/1068/333
f 1036/1036/300 1037/1037/327 1070/1070/334
f 1036/1036/300 1070/1070/334 1069/1069/300
f 1037/1037/327 1038/1038/302 1071/1071/335
f 1037/1037/327 1071/1071/335 1070/1070/334
f 1038/1038/302 1039/1039/316 1072/1072/336
f 1038/1038/302 1072/1072/336 1071/1071/335
f 1039/1039/316 1040/1040/328 1073/1073/328
f 1039/1039/316 1073/1073/328 1072/1072/336
f 1040/1040/328 1041/1041/325 1074/1074/337
f 1040/1040/328 1074/1074/337 1073/1073/328
f 1041/1041/325 1042/1042/317 1075/1075/338
f 1041/1041/325 1075/1075/338 1074/1074/337
f 1042/1042/317 1043/1043/304 1076/1076/339
f 1042/1042/317 1076/1076/339 1075/1075/338
f 1043/1043/304 1044/1044/318 1077/1077/318
f 1043/1043/304 1077/1077/318 1076/1076/339
f 1044/1044/318 1045/1045/318 1078/1078/318
f 1044/1044/318 1078/1078/318 1077/1077/318
f 1045/1045/318 1046/1046/318 1079/1079/318
f 1045/1045/318 1079/1079/318 1078/1078/318
f 1046/1046/318 1047/1047/305 1080/1080/318
f 1046/1046/318 1080/1080/318 1079/1079/318
f 1047/1047/305 1048/1048/306 1081/1081/305
f 1047/1047/305 1081/1081/305 1080/1080/318
f 1048/1048/306 1049/1049/306 1082/1082/306
f 1048/1048/306 1082/1082/306 1081/1081/305
f 1049/1049/306 1050/1050/307 1083/1083/340
f 1049/1049/306 1083/1083/340 1082/1082/306
f 1050/1050/307 1051/1051/320 1084/1084/320
f 1050/1050/307 1084/1084/320 1083/1083/340
f 1051/1051/320 1052/1052/320 1085/1085/320
f 1051/1051/320 1085/1085/320 1084/1084/320
f 1052/1052/320 1053/1053/320 1086/1086/320
f 1052/1052/320 1086/1086/320 1085/1085/320
f 1053/1053/320 1054/1054/308 1087/1087/320
f 1053/1053/320 1087/1087/320 1086/1086/320
f 1054/1054/308 1055/1055/329 1088/1088/341
f 1054/1054/308 1088/1088/341 1087/1087/320
f 1055/1055/329 1056/1056/310 1089/1089/309
f 1055/1055/329 1089/1089/309 1088/1088/341
