mtllib terrain_near_07_03.mtl
usemtl terrain_near_07_03
# Blender 5.1.1
# www.blender.org
o terrain_near_07_03
v -32.000000 -32.000000 -8.930421
v -30.000000 -32.000000 -9.046388
v -28.000000 -32.000000 -9.161866
v -26.000000 -32.000000 -9.276734
v -24.000000 -32.000000 -9.391114
v -22.000000 -32.000000 -9.505006
v -20.000000 -32.000000 -9.618287
v -18.000000 -32.000000 -9.730958
v -16.000000 -32.000000 -9.843202
v -14.000000 -32.000000 -9.954835
v -12.000000 -32.000000 -9.966920
v -10.000000 -32.000000 -9.847657
v -8.000000 -32.000000 -9.728333
v -6.000000 -32.000000 -9.608888
v -4.000000 -32.000000 -9.489259
v -2.000000 -32.000000 -9.369508
v 0.000000 -32.000000 -9.249635
v 2.000000 -32.000000 -9.129640
v 4.000000 -32.000000 -9.009583
v 6.000000 -32.000000 -8.889344
v 8.000000 -32.000000 -8.768983
v 10.000000 -32.000000 -8.648561
v 12.000000 -32.000000 -8.579591
v 14.000000 -32.000000 -8.591065
v 16.000000 -32.000000 -8.602540
v 18.000000 -32.000000 -8.614015
v 20.000000 -32.000000 -8.625489
v 22.000000 -32.000000 -8.636537
v 24.000000 -32.000000 -8.647645
v 26.000000 -32.000000 -8.658631
v 28.000000 -32.000000 -8.669679
v 30.000000 -32.000000 -8.680787
v 32.000000 -32.000000 -8.697816
v -32.000000 -30.000000 -8.404298
v -30.000000 -30.000000 -8.504701
v -28.000000 -30.000000 -8.604554
v -26.000000 -30.000000 -8.703858
v -24.000000 -30.000000 -8.802613
v -22.000000 -30.000000 -8.900880
v -20.000000 -30.000000 -8.998536
v -18.000000 -30.000000 -9.095704
v -16.000000 -30.000000 -9.192262
v -14.000000 -30.000000 -9.288331
v -12.000000 -30.000000 -9.293824
v -10.000000 -30.000000 -9.171021
v -8.000000 -30.000000 -9.048097
v -6.000000 -30.000000 -8.925050
v -4.000000 -30.000000 -8.801881
v -2.000000 -30.000000 -8.678590
v 0.000000 -30.000000 -8.555116
v 2.000000 -30.000000 -8.431581
v 4.000000 -30.000000 -8.307923
v 6.000000 -30.000000 -8.184083
v 8.000000 -30.000000 -8.060182
v 10.000000 -30.000000 -7.936158
v 12.000000 -30.000000 -7.862855
v 14.000000 -30.000000 -7.874879
v 16.000000 -30.000000 -7.886964
v 18.000000 -30.000000 -7.899049
v 20.000000 -30.000000 -7.911195
v 22.000000 -30.000000 -7.922181
v 24.000000 -30.000000 -7.933167
v 26.000000 -30.000000 -7.944276
v 28.000000 -30.000000 -7.961366
v 30.000000 -30.000000 -7.984681
v 32.000000 -30.000000 -8.007936
v -32.000000 -28.000000 -7.878724
v -30.000000 -28.000000 -7.963502
v -28.000000 -28.000000 -8.047791
v -26.000000 -28.000000 -8.131532
v -24.000000 -28.000000 -8.214723
v -22.000000 -28.000000 -8.297303
v -20.000000 -28.000000 -8.379395
v -18.000000 -28.000000 -8.460938
v -16.000000 -28.000000 -8.541932
v -14.000000 -28.000000 -8.622376
v -12.000000 -28.000000 -8.620790
v -10.000000 -28.000000 -8.494447
v -8.000000 -28.000000 -8.367921
v -6.000000 -28.000000 -8.241334
v -4.000000 -28.000000 -8.114625
v -2.000000 -28.000000 -7.987672
v 0.000000 -28.000000 -7.860719
v 2.000000 -28.000000 -7.733644
v 4.000000 -28.000000 -7.606385
v 6.000000 -28.000000 -7.479005
v 8.000000 -28.000000 -7.351563
v 10.000000 -28.000000 -7.223878
v 12.000000 -28.000000 -7.146119
v 14.000000 -28.000000 -7.158753
v 16.000000 -28.000000 -7.171388
v 18.000000 -28.000000 -7.184022
v 20.000000 -28.000000 -7.196656
v 22.000000 -28.000000 -7.207704
v 24.000000 -28.000000 -7.224854
v 26.000000 -28.000000 -7.248170
v 28.000000 -28.000000 -7.271485
v 30.000000 -28.000000 -7.294740
v 32.000000 -28.000000 -7.318116
v -32.000000 -26.000000 -7.353761
v -30.000000 -26.000000 -7.422975
v -28.000000 -26.000000 -7.491578
v -26.000000 -26.000000 -7.559693
v -24.000000 -26.000000 -7.627320
v -22.000000 -26.000000 -7.694337
v -20.000000 -26.000000 -7.760743
v -18.000000 -26.000000 -7.826722
v -16.000000 -26.000000 -7.892091
v -14.000000 -26.000000 -7.956971
v -12.000000 -26.000000 -7.947938
v -10.000000 -26.000000 -7.817994
v -8.000000 -26.000000 -7.687928
v -6.000000 -26.000000 -7.557740
v -4.000000 -26.000000 -7.427430
v -2.000000 -26.000000 -7.296998
v 0.000000 -26.000000 -7.166444
v 2.000000 -26.000000 -7.035768
v 4.000000 -26.000000 -6.904969
v 6.000000 -26.000000 -6.774049
v 8.000000 -26.000000 -6.642945
v 10.000000 -26.000000 -6.511842
v 12.000000 -26.000000 -6.429444
v 14.000000 -26.000000 -6.442628
v 16.000000 -26.000000 -6.455812
v 18.000000 -26.000000 -6.468995
v 20.000000 -26.000000 -6.482179
v 22.000000 -26.000000 -6.511720
v 24.000000 -26.000000 -6.534974
v 26.000000 -26.000000 -6.558228
v 28.000000 -26.000000 -6.581544
v 30.000000 -26.000000 -6.604920
v 32.000000 -26.000000 -6.628175
v -32.000000 -24.000000 -6.829225
v -30.000000 -24.000000 -6.882874
v -28.000000 -24.000000 -6.935914
v -26.000000 -24.000000 -6.988404
v -24.000000 -24.000000 -7.040406
v -22.000000 -24.000000 -7.091798
v -20.000000 -24.000000 -7.142701
v -18.000000 -24.000000 -7.193055
v -16.000000 -24.000000 -7.242860
v -14.000000 -24.000000 -7.292115
v -12.000000 -24.000000 -7.275147
v -10.000000 -24.000000 -7.141725
v -8.000000 -24.000000 -7.008058
v -6.000000 -24.000000 -6.874269
v -4.000000 -24.000000 -6.740418
v -2.000000 -24.000000 -6.606446
v 0.000000 -24.000000 -6.472291
v 2.000000 -24.000000 -6.338014
v 4.000000 -24.000000 -6.203675
v 6.000000 -24.000000 -6.069215
v 8.000000 -24.000000 -5.934571
v 10.000000 -24.000000 -5.799806
v 12.000000 -24.000000 -5.712647
v 14.000000 -24.000000 -5.726441
v 16.000000 -24.000000 -5.740174
v 18.000000 -24.000000 -5.753907
v 20.000000 -24.000000 -5.767762
v 22.000000 -24.000000 -5.803346
v 24.000000 -24.000000 -5.838929
v 26.000000 -24.000000 -5.868348
v 28.000000 -24.000000 -5.891664
v 30.000000 -24.000000 -5.914979
v 32.000000 -24.000000 -5.938233
v -32.000000 -22.000000 -6.305360
v -30.000000 -22.000000 -6.343385
v -28.000000 -22.000000 -6.380799
v -26.000000 -22.000000 -6.417726
v -24.000000 -22.000000 -6.454103
v -22.000000 -22.000000 -6.489930
v -20.000000 -22.000000 -6.525208
v -18.000000 -22.000000 -6.559937
v -16.000000 -22.000000 -6.594117
v -14.000000 -22.000000 -6.627809
v -12.000000 -22.000000 -6.602540
v -10.000000 -22.000000 -6.465455
v -8.000000 -22.000000 -6.328309
v -6.000000 -22.000000 -6.190980
v -4.000000 -22.000000 -6.053529
v -2.000000 -22.000000 -5.915956
v 0.000000 -22.000000 -5.778260
v 2.000000 -22.000000 -5.640443
v 4.000000 -22.000000 -5.502503
v 6.000000 -22.000000 -5.364442
v 8.000000 -22.000000 -5.226258
v 10.000000 -22.000000 -5.087953
v 12.000000 -22.000000 -4.995912
v 14.000000 -22.000000 -5.010255
v 16.000000 -22.000000 -5.024537
v 18.000000 -22.000000 -5.038880
v 20.000000 -22.000000 -5.053224
v 22.000000 -22.000000 -5.088868
v 24.000000 -22.000000 -5.124452
v 26.000000 -22.000000 -5.159974
v 28.000000 -22.000000 -5.195619
v 30.000000 -22.000000 -5.225038
v 32.000000 -22.000000 -5.248353
v -32.000000 -20.000000 -5.781983
v -30.000000 -20.000000 -5.804383
v -28.000000 -20.000000 -5.826234
v -26.000000 -20.000000 -5.847535
v -24.000000 -20.000000 -5.868287
v -22.000000 -20.000000 -5.888551
v -20.000000 -20.000000 -5.908204
v -18.000000 -20.000000 -5.927369
v -16.000000 -20.000000 -5.945924
v -14.000000 -20.000000 -5.963990
v -12.000000 -20.000000 -5.930055
v -10.000000 -20.000000 -5.789430
v -8.000000 -20.000000 -5.648683
v -6.000000 -20.000000 -5.507813
v -4.000000 -20.000000 -5.366761
v -2.000000 -20.000000 -5.225587
v 0.000000 -20.000000 -5.084352
v 2.000000 -20.000000 -4.942994
v 4.000000 -20.000000 -4.801515
v 6.000000 -20.000000 -4.659852
v 8.000000 -20.000000 -4.518067
v 10.000000 -20.000000 -4.376222
v 12.000000 -20.000000 -4.279115
v 14.000000 -20.000000 -4.294007
v 16.000000 -20.000000 -4.308839
v 18.000000 -20.000000 -4.323792
v 20.000000 -20.000000 -4.338807
v 22.000000 -20.000000 -4.374391
v 24.000000 -20.000000 -4.409913
v 26.000000 -20.000000 -4.445558
v 28.000000 -20.000000 -4.481141
v 30.000000 -20.000000 -4.516725
v 32.000000 -20.000000 -4.552308
v -32.000000 -18.000000 -5.221925
v -30.000000 -18.000000 -5.231324
v -28.000000 -18.000000 -5.240724
v -26.000000 -18.000000 -5.250001
v -24.000000 -18.000000 -5.259217
v -22.000000 -18.000000 -5.268312
v -20.000000 -18.000000 -5.277345
v -18.000000 -18.000000 -5.286378
v -16.000000 -18.000000 -5.295228
v -14.000000 -18.000000 -5.304078
v -12.000000 -18.000000 -5.268067
v -10.000000 -18.000000 -5.132203
v -8.000000 -18.000000 -4.996644
v -6.000000 -18.000000 -4.861573
v -4.000000 -18.000000 -4.726808
v -2.000000 -18.000000 -4.592530
v 0.000000 -18.000000 -4.458619
v 2.000000 -18.000000 -4.325135
v 4.000000 -18.000000 -4.192079
v 6.000000 -18.000000 -4.059388
v 8.000000 -18.000000 -3.927125
v 10.000000 -18.000000 -3.795289
v 12.000000 -18.000000 -3.706910
v 14.000000 -18.000000 -3.736451
v 16.000000 -18.000000 -3.766358
v 18.000000 -18.000000 -3.796876
v 20.000000 -18.000000 -3.827943
v 22.000000 -18.000000 -3.853760
v 24.000000 -18.000000 -3.879456
v 26.000000 -18.000000 -3.905274
v 28.000000 -18.000000 -3.931031
v 30.000000 -18.000000 -3.956666
v 32.000000 -18.000000 -3.982362
v -32.000000 -16.000000 -4.586305
v -30.000000 -16.000000 -4.593507
v -28.000000 -16.000000 -4.600526
v -26.000000 -16.000000 -4.607545
v -24.000000 -16.000000 -4.614381
v -22.000000 -16.000000 -4.621217
v -20.000000 -16.000000 -4.627992
v -18.000000 -16.000000 -4.634645
v -16.000000 -16.000000 -4.641236
v -14.000000 -16.000000 -4.647767
v -12.000000 -16.000000 -4.616090
v -10.000000 -16.000000 -4.491822
v -8.000000 -16.000000 -4.367921
v -6.000000 -16.000000 -4.244386
v -4.000000 -16.000000 -4.121339
v -2.000000 -16.000000 -3.998658
v 0.000000 -16.000000 -3.876405
v 2.000000 -16.000000 -3.754517
v 4.000000 -16.000000 -3.633057
v 6.000000 -16.000000 -3.512086
v 8.000000 -16.000000 -3.391419
v 10.000000 -16.000000 -3.271180
v 12.000000 -16.000000 -3.192506
v 14.000000 -16.000000 -3.236939
v 16.000000 -16.000000 -3.281861
v 18.000000 -16.000000 -3.327271
v 20.000000 -16.000000 -3.373292
v 22.000000 -16.000000 -3.398988
v 24.000000 -16.000000 -3.424622
v 26.000000 -16.000000 -3.450196
v 28.000000 -16.000000 -3.475709
v 30.000000 -16.000000 -3.528992
v 32.000000 -16.000000 -3.610230
v -32.000000 -14.000000 -3.950806
v -30.000000 -14.000000 -3.955689
v -28.000000 -14.000000 -3.960450
v -26.000000 -14.000000 -3.965089
v -24.000000 -14.000000 -3.969727
v -22.000000 -14.000000 -3.974244
v -20.000000 -14.000000 -3.978699
v -18.000000 -14.000000 -3.983033
v -16.000000 -14.000000 -3.987305
v -14.000000 -14.000000 -3.991578
v -12.000000 -14.000000 -3.963685
v -10.000000 -14.000000 -3.851014
v -8.000000 -14.000000 -3.738770
v -6.000000 -14.000000 -3.626893
v -4.000000 -14.000000 -3.515443
v -2.000000 -14.000000 -3.404420
v 0.000000 -14.000000 -3.293763
v 2.000000 -14.000000 -3.183533
v 4.000000 -14.000000 -3.073731
v 6.000000 -14.000000 -2.964295
v 8.000000 -14.000000 -2.855286
v 10.000000 -14.000000 -2.746705
v 12.000000 -14.000000 -2.677613
v 14.000000 -14.000000 -2.736939
v 16.000000 -14.000000 -2.796754
v 18.000000 -14.000000 -2.857117
v 20.000000 -14.000000 -2.918031
v 22.000000 -14.000000 -2.943543
v 24.000000 -14.000000 -2.968995
v 26.000000 -14.000000 -3.022279
v 28.000000 -14.000000 -3.103577
v 30.000000 -14.000000 -3.184876
v 32.000000 -14.000000 -3.266175
v -32.000000 -12.000000 -3.315369
v -30.000000 -12.000000 -3.317872
v -28.000000 -12.000000 -3.320374
v -26.000000 -12.000000 -3.322755
v -24.000000 -12.000000 -3.325074
v -22.000000 -12.000000 -3.327271
v -20.000000 -12.000000 -3.329468
v -18.000000 -12.000000 -3.331544
v -16.000000 -12.000000 -3.333497
v -14.000000 -12.000000 -3.335450
v -12.000000 -12.000000 -3.310853
v -10.000000 -12.000000 -3.209840
v -8.000000 -12.000000 -3.109193
v -6.000000 -12.000000 -3.008973
v -4.000000 -12.000000 -2.909180
v -2.000000 -12.000000 -2.809693
v 0.000000 -12.000000 -2.710694
v 2.000000 -12.000000 -2.612122
v 4.000000 -12.000000 -2.513917
v 6.000000 -12.000000 -2.416138
v 8.000000 -12.000000 -2.318726
v 10.000000 -12.000000 -2.221802
v 12.000000 -12.000000 -2.162110
v 14.000000 -12.000000 -2.236329
v 16.000000 -12.000000 -2.311158
v 18.000000 -12.000000 -2.386475
v 20.000000 -12.000000 -2.462281
v 22.000000 -12.000000 -2.515626
v 24.000000 -12.000000 -2.596864
v 26.000000 -12.000000 -2.678101
v 28.000000 -12.000000 -2.759400
v 30.000000 -12.000000 -2.840760
v 32.000000 -12.000000 -2.921998
v -32.000000 -10.000000 -2.679993
v -30.000000 -10.000000 -2.680299
v -28.000000 -10.000000 -2.680421
v -26.000000 -10.000000 -2.680543
v -24.000000 -10.000000 -2.680543
v -22.000000 -10.000000 -2.680421
v -20.000000 -10.000000 -2.680299
v -18.000000 -10.000000 -2.680054
v -16.000000 -10.000000 -2.679749
v -14.000000 -10.000000 -2.679383
v -12.000000 -10.000000 -2.657593
v -10.000000 -10.000000 -2.568238
v -8.000000 -10.000000 -2.479249
v -6.000000 -10.000000 -2.390626
v -4.000000 -10.000000 -2.302430
v -2.000000 -10.000000 -2.214661
v 0.000000 -10.000000 -2.127320
v 2.000000 -10.000000 -2.040284
v 4.000000 -10.000000 -1.953736
v 6.000000 -10.000000 -1.867555
v 8.000000 -10.000000 -1.781861
v 10.000000 -10.000000 -1.696473
v 12.000000 -10.000000 -1.646119
v 14.000000 -10.000000 -1.735352
v 16.000000 -10.000000 -1.825013
v 18.000000 -10.000000 -1.915284
v 20.000000 -10.000000 -2.006043
v 22.000000 -10.000000 -2.143494
v 24.000000 -10.000000 -2.252747
v 26.000000 -10.000000 -2.333924
v 28.000000 -10.000000 -2.415223
v 30.000000 -10.000000 -2.496583
v 32.000000 -10.000000 -2.577821
v -32.000000 -8.000000 -2.044739
v -30.000000 -8.000000 -2.042664
v -28.000000 -8.000000 -2.040528
v -26.000000 -8.000000 -2.038331
v -24.000000 -8.000000 -2.036011
v -22.000000 -8.000000 -2.033692
v -20.000000 -8.000000 -2.031251
v -18.000000 -8.000000 -2.028687
v -16.000000 -8.000000 -2.026124
v -14.000000 -8.000000 -2.023438
v -12.000000 -8.000000 -2.004029
v -10.000000 -8.000000 -1.926209
v -8.000000 -8.000000 -1.848878
v -6.000000 -8.000000 -1.771851
v -4.000000 -8.000000 -1.695313
v -2.000000 -8.000000 -1.619141
v 0.000000 -8.000000 -1.543458
v 2.000000 -8.000000 -1.468079
v 4.000000 -8.000000 -1.393189
v 6.000000 -8.000000 -1.318604
v 8.000000 -8.000000 -1.244508
v 10.000000 -8.000000 -1.170777
v 12.000000 -8.000000 -1.129640
v 14.000000 -8.000000 -1.233765
v 16.000000 -8.000000 -1.338380
v 18.000000 -8.000000 -1.443543
v 20.000000 -8.000000 -1.549256
v 22.000000 -8.000000 -1.686829
v 24.000000 -8.000000 -1.824403
v 26.000000 -8.000000 -1.961854
v 28.000000 -8.000000 -2.071168
v 30.000000 -8.000000 -2.152406
v 32.000000 -8.000000 -2.233643
v -32.000000 -6.000000 -1.409547
v -30.000000 -6.000000 -1.405152
v -28.000000 -6.000000 -1.400758
v -26.000000 -6.000000 -1.396241
v -24.000000 -6.000000 -1.391663
v -22.000000 -6.000000 -1.386964
v -20.000000 -6.000000 -1.382203
v -18.000000 -6.000000 -1.377442
v -16.000000 -6.000000 -1.372498
v -14.000000 -6.000000 -1.367555
v -12.000000 -6.000000 -1.349976
v -10.000000 -6.000000 -1.283814
v -8.000000 -6.000000 -1.218079
v -6.000000 -6.000000 -1.152711
v -4.000000 -6.000000 -1.087769
v -2.000000 -6.000000 -1.023316
v 0.000000 -6.000000 -0.959168
v 2.000000 -6.000000 -0.895448
v 4.000000 -6.000000 -0.832154
v 6.000000 -6.000000 -0.769288
v 8.000000 -6.000000 -0.706788
v 10.000000 -6.000000 -0.644654
v 12.000000 -6.000000 -0.612611
v 14.000000 -6.000000 -0.731690
v 16.000000 -6.000000 -0.851197
v 18.000000 -6.000000 -0.971314
v 20.000000 -6.000000 -1.091981
v 22.000000 -6.000000 -1.229676
v 24.000000 -6.000000 -1.367371
v 26.000000 -6.000000 -1.505006
v 28.000000 -6.000000 -1.642640
v 30.000000 -6.000000 -1.780213
v 32.000000 -6.000000 -1.889466
v -32.000000 -4.000000 -0.774415
v -30.000000 -4.000000 -0.767762
v -28.000000 -4.000000 -0.761048
v -26.000000 -4.000000 -0.754273
v -24.000000 -4.000000 -0.747315
v -22.000000 -4.000000 -0.740357
v -20.000000 -4.000000 -0.733338
v -18.000000 -4.000000 -0.726197
v -16.000000 -4.000000 -0.718995
v -14.000000 -4.000000 -0.711671
v -12.000000 -4.000000 -0.695557
v -10.000000 -4.000000 -0.640992
v -8.000000 -4.000000 -0.586915
v -6.000000 -4.000000 -0.533204
v -4.000000 -4.000000 -0.479859
v -2.000000 -4.000000 -0.427003
v 0.000000 -4.000000 -0.374512
v 2.000000 -4.000000 -0.322388
v 4.000000 -4.000000 -0.270753
v 6.000000 -4.000000 -0.219483
v 8.000000 -4.000000 -0.168580
v 10.000000 -4.000000 -0.118165
v 12.000000 -4.000000 -0.095094
v 14.000000 -4.000000 -0.229005
v 16.000000 -4.000000 -0.363526
v 18.000000 -4.000000 -0.498536
v 20.000000 -4.000000 -0.634156
v 22.000000 -4.000000 -0.771851
v 24.000000 -4.000000 -0.909669
v 26.000000 -4.000000 -1.047364
v 28.000000 -4.000000 -1.185120
v 30.000000 -4.000000 -1.322877
v 32.000000 -4.000000 -1.460633
v -32.000000 -2.000000 -0.139405
v -30.000000 -2.000000 -0.130433
v -28.000000 -2.000000 -0.121400
v -26.000000 -2.000000 -0.112305
v -24.000000 -2.000000 -0.103150
v -22.000000 -2.000000 -0.093873
v -20.000000 -2.000000 -0.084473
v -18.000000 -2.000000 -0.075074
v -16.000000 -2.000000 -0.065553
v -14.000000 -2.000000 -0.055970
v -12.000000 -2.000000 -0.040650
v -10.000000 -2.000000 0.002196
v -8.000000 -2.000000 0.044677
v -6.000000 -2.000000 0.086791
v -4.000000 -2.000000 0.128417
v -2.000000 -2.000000 0.169677
v 0.000000 -2.000000 0.210570
v 2.000000 -2.000000 0.250976
v 4.000000 -2.000000 0.291076
v 6.000000 -2.000000 0.330688
v 8.000000 -2.000000 0.369933
v 10.000000 -2.000000 0.408813
v 12.000000 -2.000000 0.422973
v 14.000000 -2.000000 0.274108
v 16.000000 -2.000000 0.124633
v 18.000000 -2.000000 -0.025269
v 20.000000 -2.000000 -0.175843
v 22.000000 -2.000000 -0.313477
v 24.000000 -2.000000 -0.451234
v 26.000000 -2.000000 -0.588868
v 28.000000 -2.000000 -0.726502
v 30.000000 -2.000000 -0.864014
v 32.000000 -2.000000 -1.029298
v -32.000000 0.000000 0.495605
v -30.000000 0.000000 0.506835
v -28.000000 0.000000 0.518188
v -26.000000 0.000000 0.529540
v -24.000000 0.000000 0.541015
v -22.000000 0.000000 0.552612
v -20.000000 0.000000 0.564208
v -18.000000 0.000000 0.575988
v -16.000000 0.000000 0.587768
v -14.000000 0.000000 0.599670
v -12.000000 0.000000 0.614623
v -10.000000 0.000000 0.645873
v -8.000000 0.000000 0.676696
v -6.000000 0.000000 0.707153
v -4.000000 0.000000 0.737182
v -2.000000 0.000000 0.766845
v 0.000000 0.000000 0.796020
v 2.000000 0.000000 0.824828
v 4.000000 0.000000 0.853271
v 6.000000 0.000000 0.881286
v 8.000000 0.000000 0.908935
v 10.000000 0.000000 0.936095
v 12.000000 0.000000 0.941589
v 14.000000 0.000000 0.777709
v 16.000000 0.000000 0.613403
v 18.000000 0.000000 0.448486
v 20.000000 0.000000 0.283019
v 22.000000 0.000000 0.145507
v 24.000000 0.000000 0.007995
v 26.000000 0.000000 -0.129456
v 28.000000 0.000000 -0.294740
v 30.000000 0.000000 -0.487977
v 32.000000 0.000000 -0.681275
v -32.000000 2.000000 1.130492
v -30.000000 2.000000 1.144042
v -28.000000 2.000000 1.157592
v -26.000000 2.000000 1.171325
v -24.000000 2.000000 1.185119
v -22.000000 2.000000 1.198974
v -20.000000 2.000000 1.212890
v -18.000000 2.000000 1.226928
v -16.000000 2.000000 1.241088
v -14.000000 2.000000 1.255248
v -12.000000 2.000000 1.270263
v -10.000000 2.000000 1.289916
v -8.000000 2.000000 1.309081
v -6.000000 2.000000 1.327880
v -4.000000 2.000000 1.346313
v -2.000000 2.000000 1.364318
v 0.000000 2.000000 1.381957
v 2.000000 2.000000 1.399108
v 4.000000 2.000000 1.415893
v 6.000000 2.000000 1.432250
v 8.000000 2.000000 1.448241
v 10.000000 2.000000 1.463866
v 12.000000 2.000000 1.460693
v 14.000000 2.000000 1.281921
v 16.000000 2.000000 1.102660
v 18.000000 2.000000 0.922851
v 20.000000 2.000000 0.742553
v 22.000000 2.000000 0.605102
v 24.000000 2.000000 0.439819
v 26.000000 2.000000 0.246642
v 28.000000 2.000000 0.053344
v 30.000000 2.000000 -0.139954
v 32.000000 2.000000 -0.333192
v -32.000000 4.000000 1.765258
v -30.000000 4.000000 1.781127
v -28.000000 4.000000 1.796996
v -26.000000 4.000000 1.812987
v -24.000000 4.000000 1.829101
v -22.000000 4.000000 1.845275
v -20.000000 4.000000 1.861510
v -18.000000 4.000000 1.877807
v -16.000000 4.000000 1.894225
v -14.000000 4.000000 1.910766
v -12.000000 4.000000 1.926269
v -10.000000 4.000000 1.934325
v -8.000000 4.000000 1.941894
v -6.000000 4.000000 1.949096
v -4.000000 4.000000 1.955871
v -2.000000 4.000000 1.962279
v 0.000000 4.000000 1.968200
v 2.000000 4.000000 1.973754
v 4.000000 4.000000 1.978942
v 6.000000 4.000000 1.983642
v 8.000000 4.000000 1.988036
v 10.000000 4.000000 1.991943
v 12.000000 4.000000 1.980346
v 14.000000 4.000000 1.786620
v 16.000000 4.000000 1.592406
v 18.000000 4.000000 1.397704
v 20.000000 4.000000 1.202392
v 22.000000 4.000000 0.981139
v 24.000000 4.000000 0.787902
v 26.000000 4.000000 0.594665
v 28.000000 4.000000 0.401427
v 30.000000 4.000000 0.208129
v 32.000000 4.000000 0.014892
v -32.000000 6.000000 2.399963
v -30.000000 6.000000 2.418090
v -28.000000 6.000000 2.436340
v -26.000000 6.000000 2.454650
v -24.000000 6.000000 2.473022
v -22.000000 6.000000 2.491454
v -20.000000 6.000000 2.510009
v -18.000000 6.000000 2.528686
v -16.000000 6.000000 2.547363
v -14.000000 6.000000 2.566161
v -12.000000 6.000000 2.582763
v -10.000000 6.000000 2.579162
v -8.000000 6.000000 2.575073
v -6.000000 6.000000 2.570678
v -4.000000 6.000000 2.565795
v -2.000000 6.000000 2.560546
v 0.000000 6.000000 2.554931
v 2.000000 6.000000 2.548827
v 4.000000 6.000000 2.542358
v 6.000000 6.000000 2.535522
v 8.000000 6.000000 2.528198
v 10.000000 6.000000 2.520507
v 12.000000 6.000000 2.500488
v 14.000000 6.000000 2.291869
v 16.000000 6.000000 2.082702
v 18.000000 6.000000 1.873046
v 20.000000 6.000000 1.662780
v 22.000000 6.000000 1.413390
v 24.000000 6.000000 1.163940
v 26.000000 6.000000 0.942748
v 28.000000 6.000000 0.749450
v 30.000000 6.000000 0.556213
v 32.000000 6.000000 0.362975
v -32.000000 8.000000 3.034606
v -30.000000 8.000000 3.055053
v -28.000000 8.000000 3.075561
v -26.000000 8.000000 3.096191
v -24.000000 8.000000 3.116821
v -22.000000 8.000000 3.137573
v -20.000000 8.000000 3.158447
v -18.000000 8.000000 3.179382
v -16.000000 8.000000 3.200378
v -14.000000 8.000000 3.221435
v -12.000000 8.000000 3.239623
v -10.000000 8.000000 3.224365
v -8.000000 8.000000 3.208740
v -6.000000 8.000000 3.192626
v -4.000000 8.000000 3.176147
v -2.000000 8.000000 3.159301
v 0.000000 8.000000 3.141967
v 2.000000 8.000000 3.124267
v 4.000000 8.000000 3.106200
v 6.000000 8.000000 3.087707
v 8.000000 8.000000 3.068786
v 10.000000 8.000000 3.049438
v 12.000000 8.000000 3.021117
v 14.000000 8.000000 2.797607
v 16.000000 8.000000 2.573486
v 18.000000 8.000000 2.348876
v 20.000000 8.000000 2.123718
v 22.000000 8.000000 1.874206
v 24.000000 8.000000 1.624511
v 26.000000 8.000000 1.374938
v 28.000000 8.000000 1.125548
v 30.000000 8.000000 0.904235
v 32.000000 8.000000 0.710998
v -32.000000 10.000000 3.669189
v -30.000000 10.000000 3.691894
v -28.000000 10.000000 3.714721
v -26.000000 10.000000 3.737609
v -24.000000 10.000000 3.760619
v -22.000000 10.000000 3.783691
v -20.000000 10.000000 3.806762
v -18.000000 10.000000 3.830016
v -16.000000 10.000000 3.853332
v -14.000000 10.000000 3.876708
v -12.000000 10.000000 3.896972
v -10.000000 10.000000 3.870055
v -8.000000 10.000000 3.842773
v -6.000000 10.000000 3.815063
v -4.000000 10.000000 3.786926
v -2.000000 10.000000 3.758422
v 0.000000 10.000000 3.802306
v 2.000000 10.000000 3.841369
v 4.000000 10.000000 3.842162
v 6.000000 10.000000 3.815917
v 8.000000 10.000000 3.783324
v 10.000000 10.000000 3.747741
v 12.000000 10.000000 3.699218
v 14.000000 10.000000 3.455871
v 16.000000 10.000000 3.213073
v 18.000000 10.000000 2.991210
v 20.000000 10.000000 2.585265
v 22.000000 10.000000 2.335510
v 24.000000 10.000000 2.085754
v 26.000000 10.000000 1.836120
v 28.000000 10.000000 1.586425
v 30.000000 10.000000 1.336669
v 32.000000 10.000000 1.087157
v -32.000000 12.000000 4.303649
v -30.000000 12.000000 4.328673
v -28.000000 12.000000 4.353759
v -26.000000 12.000000 4.379027
v -24.000000 12.000000 4.404296
v -22.000000 12.000000 4.429626
v -20.000000 12.000000 4.451781
v -18.000000 12.000000 4.473327
v -16.000000 12.000000 4.494750
v -14.000000 12.000000 4.515990
v -12.000000 12.000000 4.534118
v -10.000000 12.000000 4.497252
v -8.000000 12.000000 4.571471
v -6.000000 12.000000 4.594176
v -4.000000 12.000000 4.577025
v -2.000000 12.000000 4.552917
v 0.000000 12.000000 4.473998
v 2.000000 12.000000 4.388854
v 4.000000 12.000000 4.315795
v 6.000000 12.000000 4.250915
v 8.000000 12.000000 4.187438
v 10.000000 12.000000 4.124022
v 12.000000 12.000000 4.042968
v 14.000000 12.000000 3.784057
v 16.000000 12.000000 3.530883
v 18.000000 12.000000 3.424682
v 20.000000 12.000000 3.153075
v 22.000000 12.000000 2.877502
v 24.000000 12.000000 2.601928
v 26.000000 12.000000 2.326537
v 28.000000 12.000000 2.047363
v 30.000000 12.000000 1.749084
v 32.000000 12.000000 1.426940
v -32.000000 14.000000 4.780089
v -30.000000 14.000000 4.798217
v -28.000000 14.000000 4.816161
v -26.000000 14.000000 4.833861
v -24.000000 14.000000 4.851562
v -22.000000 14.000000 4.869018
v -20.000000 14.000000 4.886352
v -18.000000 14.000000 4.903502
v -16.000000 14.000000 4.970031
v -14.000000 14.000000 5.148925
v -12.000000 14.000000 5.214965
v -10.000000 14.000000 5.192565
v -8.000000 14.000000 5.061584
v -6.000000 14.000000 4.924743
v -4.000000 14.000000 4.791320
v -2.000000 14.000000 4.691710
v 0.000000 14.000000 4.612060
v 2.000000 14.000000 4.518798
v 4.000000 14.000000 4.439574
v 6.000000 14.000000 4.371459
v 8.000000 14.000000 4.293273
v 10.000000 14.000000 4.228393
v 12.000000 14.000000 4.146056
v 14.000000 14.000000 3.886047
v 16.000000 14.000000 3.632324
v 18.000000 14.000000 3.525939
v 20.000000 14.000000 3.348876
v 22.000000 14.000000 3.035094
v 24.000000 14.000000 2.719909
v 26.000000 14.000000 2.394347
v 28.000000 14.000000 2.131347
v 30.000000 14.000000 1.869872
v 32.000000 14.000000 1.601562
v -32.000000 16.000000 5.241210
v -30.000000 16.000000 5.254943
v -28.000000 16.000000 5.268432
v -26.000000 16.000000 5.281859
v -24.000000 16.000000 5.295043
v -22.000000 16.000000 5.308105
v -20.000000 16.000000 5.486022
v -18.000000 16.000000 5.629455
v -16.000000 16.000000 5.671752
v -14.000000 16.000000 5.581420
v -12.000000 16.000000 5.493346
v -10.000000 16.000000 5.350524
v -8.000000 16.000000 5.203673
v -6.000000 16.000000 5.053893
v -4.000000 16.000000 4.919799
v -2.000000 16.000000 4.805297
v 0.000000 16.000000 4.693480
v 2.000000 16.000000 4.613708
v 4.000000 16.000000 4.554870
v 6.000000 16.000000 4.492553
v 8.000000 16.000000 4.428405
v 10.000000 16.000000 4.363280
v 12.000000 16.000000 4.296508
v 14.000000 16.000000 4.055358
v 16.000000 16.000000 3.761657
v 18.000000 16.000000 3.614867
v 20.000000 16.000000 3.361877
v 22.000000 16.000000 3.093078
v 24.000000 16.000000 2.838561
v 26.000000 16.000000 2.577209
v 28.000000 16.000000 2.308837
v 30.000000 16.000000 2.040466
v 32.000000 16.000000 1.772033
v -32.000000 18.000000 5.702575
v -30.000000 18.000000 5.711852
v -28.000000 18.000000 5.720946
v -26.000000 18.000000 5.757567
v -24.000000 18.000000 5.974425
v -22.000000 18.000000 6.084105
v -20.000000 18.000000 6.027526
v -18.000000 18.000000 5.889953
v -16.000000 18.000000 5.841613
v -14.000000 18.000000 5.736266
v -12.000000 18.000000 5.618224
v -10.000000 18.000000 5.471679
v -8.000000 18.000000 5.320800
v -6.000000 18.000000 5.261474
v -4.000000 18.000000 5.239440
v -2.000000 18.000000 5.202331
v 0.000000 18.000000 5.170897
v 2.000000 18.000000 5.109252
v 4.000000 18.000000 5.009704
v 6.000000 18.000000 4.909545
v 8.000000 18.000000 4.808837
v 10.000000 18.000000 4.707519
v 12.000000 18.000000 4.605590
v 14.000000 18.000000 4.346374
v 16.000000 18.000000 4.079711
v 18.000000 18.000000 3.812865
v 20.000000 18.000000 3.545837
v 22.000000 18.000000 3.284484
v 24.000000 18.000000 3.016052
v 26.000000 18.000000 2.747741
v 28.000000 18.000000 2.479308
v 30.000000 18.000000 2.210937
v 32.000000 18.000000 1.942504
v -32.000000 20.000000 6.164062
v -30.000000 20.000000 6.225890
v -28.000000 20.000000 6.426513
v -26.000000 20.000000 6.492370
v -24.000000 20.000000 6.411498
v -22.000000 20.000000 6.281859
v -20.000000 20.000000 6.194640
v -18.000000 20.000000 6.045287
v -16.000000 20.000000 5.982116
v -14.000000 20.000000 5.897765
v -12.000000 20.000000 5.955565
v -10.000000 20.000000 5.968749
v -8.000000 20.000000 5.978637
v -6.000000 20.000000 5.868773
v -4.000000 20.000000 5.754394
v -2.000000 20.000000 5.639281
v 0.000000 20.000000 5.523681
v 2.000000 20.000000 5.407409
v 4.000000 20.000000 5.290526
v 6.000000 20.000000 5.173095
v 8.000000 20.000000 5.055053
v 10.000000 20.000000 4.936400
v 12.000000 20.000000 4.817138
v 14.000000 20.000000 4.556151
v 16.000000 20.000000 4.285705
v 18.000000 20.000000 4.015136
v 20.000000 20.000000 3.744384
v 22.000000 20.000000 3.461913
v 24.000000 20.000000 3.186584
v 26.000000 20.000000 2.918151
v 28.000000 20.000000 2.649841
v 30.000000 20.000000 2.381408
v 32.000000 20.000000 2.113036
v -32.000000 22.000000 6.931579
v -30.000000 22.000000 6.980956
v -28.000000 22.000000 6.843932
v -26.000000 22.000000 6.737548
v -24.000000 22.000000 6.585570
v -22.000000 22.000000 6.433898
v -20.000000 22.000000 6.332397
v -18.000000 22.000000 6.343505
v -16.000000 22.000000 6.458922
v -14.000000 22.000000 6.624267
v -12.000000 22.000000 6.623412
v -10.000000 22.000000 6.498656
v -8.000000 22.000000 6.368041
v -6.000000 22.000000 6.236938
v -4.000000 22.000000 6.105102
v -2.000000 22.000000 5.972777
v 0.000000 22.000000 5.839782
v 2.000000 22.000000 5.706176
v 4.000000 22.000000 5.572021
v 6.000000 22.000000 5.437255
v 8.000000 22.000000 5.301879
v 10.000000 22.000000 5.165832
v 12.000000 22.000000 5.029235
v 14.000000 22.000000 4.766112
v 16.000000 22.000000 4.491881
v 18.000000 22.000000 4.217528
v 20.000000 22.000000 3.943053
v 22.000000 22.000000 3.660583
v 24.000000 22.000000 3.378112
v 26.000000 22.000000 3.095702
v 28.000000 22.000000 2.820312
v 30.000000 22.000000 2.551879
v 32.000000 22.000000 2.283508
v -32.000000 24.000000 7.268065
v -30.000000 24.000000 7.168273
v -28.000000 24.000000 7.020690
v -26.000000 24.000000 6.898742
v -24.000000 24.000000 6.750365
v -22.000000 24.000000 6.837707
v -20.000000 24.000000 6.989806
v -18.000000 24.000000 7.056640
v -16.000000 24.000000 7.051635
v -14.000000 24.000000 7.046447
v -12.000000 24.000000 7.041137
v -10.000000 24.000000 6.901977
v -8.000000 24.000000 6.754149
v -6.000000 24.000000 6.605590
v -4.000000 24.000000 6.456542
v -2.000000 24.000000 6.306823
v 0.000000 24.000000 6.156493
v 2.000000 24.000000 6.005614
v 4.000000 24.000000 5.854125
v 6.000000 24.000000 5.701964
v 8.000000 24.000000 5.549193
v 10.000000 24.000000 5.395873
v 12.000000 24.000000 5.241942
v 14.000000 24.000000 4.976134
v 16.000000 24.000000 4.698180
v 18.000000 24.000000 4.420104
v 20.000000 24.000000 4.141845
v 22.000000 24.000000 3.859313
v 24.000000 24.000000 3.576843
v 26.000000 24.000000 3.294372
v 28.000000 24.000000 3.011901
v 30.000000 24.000000 2.729369
v 32.000000 24.000000 2.453979
v -32.000000 26.000000 7.394897
v -30.000000 26.000000 7.320495
v -28.000000 26.000000 7.204650
v -26.000000 26.000000 7.299804
v -24.000000 26.000000 7.483214
v -22.000000 26.000000 7.506103
v -20.000000 26.000000 7.496947
v -18.000000 26.000000 7.487670
v -16.000000 26.000000 7.478271
v -14.000000 26.000000 7.468749
v -12.000000 26.000000 7.458983
v -10.000000 26.000000 7.306029
v -8.000000 26.000000 7.140746
v -6.000000 26.000000 6.974975
v -4.000000 26.000000 6.808471
v -2.000000 26.000000 6.641479
v 0.000000 26.000000 6.473876
v 2.000000 26.000000 6.305602
v 4.000000 26.000000 6.136718
v 6.000000 26.000000 5.967284
v 8.000000 26.000000 5.797240
v 10.000000 26.000000 5.626586
v 12.000000 26.000000 5.455321
v 14.000000 26.000000 5.186278
v 16.000000 26.000000 4.904662
v 18.000000 26.000000 4.622802
v 20.000000 26.000000 4.340758
v 22.000000 26.000000 4.058288
v 24.000000 26.000000 3.775756
v 26.000000 26.000000 3.493224
v 28.000000 26.000000 3.210693
v 30.000000 26.000000 2.928222
v 32.000000 26.000000 2.645690
v -32.000000 28.000000 7.706481
v -30.000000 28.000000 7.802184
v -28.000000 28.000000 7.985778
v -26.000000 28.000000 7.972716
v -24.000000 28.000000 7.959472
v -22.000000 28.000000 7.946166
v -20.000000 28.000000 7.932616
v -18.000000 28.000000 7.918944
v -16.000000 28.000000 7.905150
v -14.000000 28.000000 7.891112
v -12.000000 28.000000 7.877013
v -10.000000 28.000000 7.710570
v -8.000000 28.000000 7.528014
v -6.000000 28.000000 7.344848
v -4.000000 28.000000 7.161132
v -2.000000 28.000000 6.976745
v 0.000000 28.000000 6.791747
v 2.000000 28.000000 6.606200
v 4.000000 28.000000 6.420043
v 6.000000 28.000000 6.233214
v 8.000000 28.000000 6.045836
v 10.000000 28.000000 5.857848
v 12.000000 28.000000 5.669250
v 14.000000 28.000000 5.396605
v 16.000000 28.000000 5.111205
v 18.000000 28.000000 4.825561
v 20.000000 28.000000 4.539855
v 22.000000 28.000000 4.257323
v 24.000000 28.000000 3.974853
v 26.000000 28.000000 3.692321
v 28.000000 28.000000 3.409850
v 30.000000 28.000000 3.127380
v 32.000000 28.000000 2.837951
v -32.000000 30.000000 8.473632
v -30.000000 30.000000 8.456542
v -28.000000 30.000000 8.439208
v -26.000000 30.000000 8.421752
v -24.000000 30.000000 8.404113
v -22.000000 30.000000 8.386352
v -20.000000 30.000000 8.368407
v -18.000000 30.000000 8.350341
v -16.000000 30.000000 8.332152
v -14.000000 30.000000 8.313720
v -12.000000 30.000000 8.295165
v -10.000000 30.000000 8.115722
v -8.000000 30.000000 7.915893
v -6.000000 30.000000 7.715392
v -4.000000 30.000000 7.514281
v -2.000000 30.000000 7.312621
v 0.000000 30.000000 7.110290
v 2.000000 30.000000 6.907348
v 4.000000 30.000000 6.703856
v 6.000000 30.000000 6.499755
v 8.000000 30.000000 6.295043
v 10.000000 30.000000 6.089721
v 12.000000 30.000000 5.883788
v 14.000000 30.000000 5.607055
v 16.000000 30.000000 5.317870
v 18.000000 30.000000 5.028563
v 20.000000 30.000000 4.739013
v 22.000000 30.000000 4.456542
v 24.000000 30.000000 4.174071
v 26.000000 30.000000 3.891662
v 28.000000 30.000000 3.602172
v 30.000000 30.000000 3.305785
v 32.000000 30.000000 3.009277
v -32.000000 32.000000 8.936034
v -30.000000 32.000000 8.914489
v -28.000000 32.000000 8.892760
v -26.000000 32.000000 8.870910
v -24.000000 32.000000 8.848876
v -22.000000 32.000000 8.826659
v -20.000000 32.000000 8.804381
v -18.000000 32.000000 8.781859
v -16.000000 32.000000 8.759276
v -14.000000 32.000000 8.736449
v -12.000000 32.000000 8.713500
v -10.000000 32.000000 8.521544
v -8.000000 32.000000 8.304320
v -6.000000 32.000000 8.086547
v -4.000000 32.000000 7.868102
v -2.000000 32.000000 7.649047
v 0.000000 32.000000 7.429442
v 2.000000 32.000000 7.209228
v 4.000000 32.000000 6.988402
v 6.000000 32.000000 6.766906
v 8.000000 32.000000 6.544860
v 10.000000 32.000000 6.322204
v 12.000000 32.000000 6.098937
v 14.000000 32.000000 5.817626
v 16.000000 32.000000 5.524657
v 18.000000 32.000000 5.231566
v 20.000000 32.000000 4.938293
v 22.000000 32.000000 4.655883
v 24.000000 32.000000 4.366515
v 26.000000 32.000000 4.069945
v 28.000000 32.000000 3.773559
v 30.000000 32.000000 3.477111
v 32.000000 32.000000 3.180663
vn 0.0561 -0.2541 0.9655
vn 0.0557 -0.2612 0.9637
vn 0.0483 -0.2610 0.9641
vn 0.0486 -0.2540 0.9660
vn 0.0554 -0.2681 0.9618
vn 0.0479 -0.2680 0.9622
vn 0.0550 -0.2751 0.9598
vn 0.0476 -0.2749 0.9603
vn 0.0546 -0.2820 0.9579
vn 0.0472 -0.2818 0.9583
vn 0.0543 -0.2888 0.9558
vn 0.0468 -0.2887 0.9563
vn 0.0538 -0.2957 0.9538
vn 0.0465 -0.2955 0.9542
vn 0.0535 -0.3024 0.9517
vn 0.0461 -0.3023 0.9521
vn 0.0531 -0.3092 0.9495
vn 0.0458 -0.3090 0.9500
vn 0.0293 -0.3162 0.9483
vn 0.0241 -0.3160 0.9485
vn -0.0256 -0.3193 0.9473
vn -0.0278 -0.3189 0.9474
vn -0.0568 -0.3203 0.9456
vn -0.0581 -0.3199 0.9457
vn -0.0565 -0.3216 0.9452
vn -0.0581 -0.3214 0.9451
vn -0.0564 -0.3230 0.9447
vn -0.0581 -0.3230 0.9446
vn -0.0565 -0.3246 0.9442
vn -0.0582 -0.3245 0.9441
vn -0.0566 -0.3261 0.9436
vn -0.0582 -0.3260 0.9436
vn -0.0566 -0.3276 0.9431
vn -0.0582 -0.3275 0.9431
vn -0.0565 -0.3290 0.9426
vn -0.0583 -0.3290 0.9425
vn -0.0567 -0.3307 0.9420
vn -0.0583 -0.3305 0.9420
vn -0.0566 -0.3320 0.9416
vn -0.0583 -0.3320 0.9415
vn -0.0570 -0.3339 0.9409
vn -0.0583 -0.3334 0.9410
vn -0.0446 -0.3353 0.9411
vn -0.0465 -0.3352 0.9410
vn -0.0135 -0.3373 0.9413
vn -0.0141 -0.3371 0.9414
vn 0.0055 -0.3371 0.9415
vn 0.0057 -0.3371 0.9414
vn 0.0055 -0.3368 0.9416
vn 0.0057 -0.3369 0.9415
vn 0.0055 -0.3365 0.9417
vn 0.0057 -0.3366 0.9416
vn 0.0053 -0.3363 0.9417
vn 0.0054 -0.3364 0.9417
vn 0.0052 -0.3364 0.9417
vn 0.0053 -0.3351 0.9422
vn 0.0070 -0.3322 0.9432
vn 0.0052 -0.3351 0.9422
vn 0.0094 -0.3301 0.9439
vn 0.0066 -0.3325 0.9431
vn 0.0110 -0.3274 0.9448
vn 0.0095 -0.3299 0.9440
vn 0.0110 -0.3261 0.9453
vn 0.0408 -0.2608 0.9645
vn 0.0411 -0.2538 0.9664
vn 0.0404 -0.2678 0.9626
vn 0.0401 -0.2748 0.9607
vn 0.0397 -0.2817 0.9587
vn 0.0394 -0.2886 0.9567
vn 0.0391 -0.2954 0.9546
vn 0.0387 -0.3022 0.9525
vn 0.0384 -0.3089 0.9503
vn 0.0188 -0.3156 0.9487
vn -0.0303 -0.3188 0.9473
vn -0.0598 -0.3198 0.9456
vn -0.0598 -0.3214 0.9451
vn -0.0598 -0.3229 0.9445
vn -0.0599 -0.3244 0.9440
vn -0.0599 -0.3259 0.9435
vn -0.0599 -0.3274 0.9430
vn -0.0599 -0.3289 0.9425
vn -0.0600 -0.3304 0.9419
vn -0.0600 -0.3319 0.9414
vn -0.0600 -0.3334 0.9409
vn -0.0484 -0.3351 0.9409
vn -0.0154 -0.3374 0.9413
vn 0.0059 -0.3371 0.9414
vn 0.0059 -0.3369 0.9415
vn 0.0059 -0.3366 0.9416
vn 0.0057 -0.3363 0.9417
vn 0.0068 -0.3324 0.9431
vn 0.0095 -0.3300 0.9439
vn 0.0109 -0.3275 0.9448
vn 0.0107 -0.3264 0.9452
vn 0.0332 -0.2607 0.9649
vn 0.0336 -0.2537 0.9667
vn 0.0329 -0.2677 0.9629
vn 0.0326 -0.2746 0.9610
vn 0.0323 -0.2815 0.9590
vn 0.0319 -0.2884 0.9570
vn 0.0316 -0.2952 0.9549
vn 0.0313 -0.3020 0.9528
vn 0.0310 -0.3087 0.9506
vn 0.0132 -0.3156 0.9488
vn -0.0327 -0.3185 0.9474
vn -0.0615 -0.3198 0.9455
vn -0.0615 -0.3213 0.9450
vn -0.0615 -0.3228 0.9445
vn -0.0615 -0.3243 0.9440
vn -0.0616 -0.3258 0.9434
vn -0.0616 -0.3273 0.9429
vn -0.0616 -0.3288 0.9424
vn -0.0616 -0.3303 0.9419
vn -0.0617 -0.3318 0.9413
vn -0.0617 -0.3333 0.9408
vn -0.0503 -0.3350 0.9409
vn -0.0163 -0.3374 0.9412
vn 0.0062 -0.3371 0.9414
vn 0.0062 -0.3369 0.9415
vn 0.0062 -0.3366 0.9416
vn 0.0104 -0.3361 0.9418
vn 0.0124 -0.3313 0.9435
vn 0.0257 -0.2605 0.9651
vn 0.0261 -0.2534 0.9670
vn 0.0254 -0.2675 0.9632
vn 0.0251 -0.2744 0.9613
vn 0.0248 -0.2814 0.9593
vn 0.0245 -0.2882 0.9572
vn 0.0242 -0.2950 0.9552
vn 0.0239 -0.3018 0.9531
vn 0.0236 -0.3086 0.9509
vn 0.0077 -0.3153 0.9490
vn -0.0357 -0.3187 0.9472
vn -0.0631 -0.3197 0.9454
vn -0.0632 -0.3212 0.9449
vn -0.0632 -0.3227 0.9444
vn -0.0632 -0.3242 0.9439
vn -0.0632 -0.3257 0.9434
vn -0.0633 -0.3272 0.9428
vn -0.0633 -0.3287 0.9423
vn -0.0633 -0.3302 0.9418
vn -0.0633 -0.3317 0.9413
vn -0.0634 -0.3332 0.9407
vn -0.0523 -0.3350 0.9408
vn -0.0170 -0.3370 0.9413
vn 0.0065 -0.3371 0.9414
vn 0.0065 -0.3369 0.9415
vn 0.0065 -0.3367 0.9416
vn 0.0116 -0.3364 0.9416
vn 0.0168 -0.3351 0.9420
vn 0.0154 -0.3325 0.9430
vn 0.0125 -0.3299 0.9439
vn 0.0114 -0.3270 0.9449
vn 0.0182 -0.2603 0.9654
vn 0.0185 -0.2532 0.9672
vn 0.0179 -0.2673 0.9635
vn 0.0176 -0.2742 0.9615
vn 0.0173 -0.2812 0.9595
vn 0.0170 -0.2880 0.9575
vn 0.0167 -0.2949 0.9554
vn 0.0164 -0.3016 0.9533
vn 0.0161 -0.3084 0.9511
vn 0.0020 -0.3151 0.9490
vn -0.0384 -0.3184 0.9472
vn -0.0648 -0.3196 0.9453
vn -0.0648 -0.3211 0.9448
vn -0.0649 -0.3226 0.9443
vn -0.0649 -0.3241 0.9438
vn -0.0649 -0.3256 0.9433
vn -0.0649 -0.3271 0.9427
vn -0.0650 -0.3286 0.9422
vn -0.0650 -0.3301 0.9417
vn -0.0650 -0.3316 0.9412
vn -0.0650 -0.3331 0.9406
vn -0.0543 -0.3349 0.9407
vn -0.0180 -0.3370 0.9413
vn 0.0067 -0.3371 0.9414
vn 0.0067 -0.3369 0.9415
vn 0.0068 -0.3366 0.9416
vn 0.0117 -0.3364 0.9416
vn 0.0168 -0.3364 0.9416
vn 0.0167 -0.3364 0.9416
vn 0.0166 -0.3352 0.9420
vn 0.0152 -0.3326 0.9429
vn 0.0106 -0.2679 0.9634
vn 0.0109 -0.2614 0.9652
vn 0.0106 -0.2739 0.9617
vn 0.0101 -0.2802 0.9599
vn 0.0101 -0.2859 0.9582
vn 0.0096 -0.2920 0.9564
vn 0.0093 -0.2978 0.9546
vn 0.0093 -0.3030 0.9529
vn 0.0087 -0.3088 0.9511
vn -0.0038 -0.3142 0.9494
vn -0.0414 -0.3162 0.9478
vn -0.0665 -0.3154 0.9466
vn -0.0667 -0.3152 0.9467
vn -0.0666 -0.3145 0.9469
vn -0.0667 -0.3140 0.9471
vn -0.0669 -0.3134 0.9473
vn -0.0669 -0.3126 0.9475
vn -0.0670 -0.3116 0.9478
vn -0.0671 -0.3106 0.9482
vn -0.0673 -0.3095 0.9485
vn -0.0673 -0.3082 0.9489
vn -0.0567 -0.3070 0.9500
vn -0.0196 -0.3067 0.9516
vn 0.0071 -0.3034 0.9528
vn 0.0071 -0.3000 0.9539
vn 0.0072 -0.2965 0.9550
vn 0.0121 -0.2929 0.9561
vn 0.0169 -0.2950 0.9554
vn 0.0169 -0.2971 0.9547
vn 0.0169 -0.2993 0.9540
vn 0.0169 -0.3014 0.9533
vn 0.0169 -0.3023 0.9531
vn 0.0155 -0.3017 0.9533
vn 0.0045 -0.2897 0.9571
vn 0.0042 -0.2866 0.9580
vn 0.0045 -0.2929 0.9561
vn 0.0044 -0.2961 0.9551
vn 0.0044 -0.2990 0.9542
vn 0.0042 -0.3021 0.9533
vn 0.0044 -0.3047 0.9524
vn 0.0042 -0.3075 0.9515
vn 0.0044 -0.3099 0.9508
vn -0.0064 -0.3125 0.9499
vn -0.0407 -0.3118 0.9493
vn -0.0643 -0.3078 0.9493
vn -0.0643 -0.3044 0.9504
vn -0.0643 -0.3006 0.9516
vn -0.0638 -0.2964 0.9529
vn -0.0639 -0.2926 0.9541
vn -0.0639 -0.2886 0.9553
vn -0.0635 -0.2840 0.9567
vn -0.0634 -0.2796 0.9580
vn -0.0634 -0.2751 0.9593
vn -0.0633 -0.2704 0.9607
vn -0.0530 -0.2658 0.9626
vn -0.0142 -0.2621 0.9649
vn 0.0144 -0.2554 0.9667
vn 0.0146 -0.2486 0.9685
vn 0.0149 -0.2417 0.9702
vn 0.0138 -0.2346 0.9720
vn 0.0126 -0.2368 0.9715
vn 0.0125 -0.2392 0.9709
vn 0.0126 -0.2414 0.9703
vn 0.0125 -0.2437 0.9698
vn 0.0124 -0.2397 0.9708
vn 0.0192 -0.2292 0.9732
vn 0.0034 -0.3038 0.9527
vn 0.0032 -0.3031 0.9529
vn 0.0033 -0.3048 0.9524
vn 0.0033 -0.3058 0.9521
vn 0.0033 -0.3068 0.9518
vn 0.0032 -0.3078 0.9514
vn 0.0032 -0.3088 0.9511
vn 0.0032 -0.3098 0.9508
vn 0.0031 -0.3108 0.9505
vn -0.0060 -0.3118 0.9501
vn -0.0370 -0.3097 0.9501
vn -0.0590 -0.3045 0.9507
vn -0.0589 -0.2995 0.9523
vn -0.0588 -0.2944 0.9539
vn -0.0587 -0.2893 0.9554
vn -0.0586 -0.2842 0.9570
vn -0.0585 -0.2791 0.9585
vn -0.0584 -0.2740 0.9600
vn -0.0583 -0.2688 0.9614
vn -0.0582 -0.2636 0.9629
vn -0.0581 -0.2584 0.9643
vn -0.0482 -0.2534 0.9662
vn -0.0083 -0.2492 0.9684
vn 0.0217 -0.2424 0.9699
vn 0.0219 -0.2355 0.9716
vn 0.0222 -0.2287 0.9733
vn 0.0174 -0.2218 0.9749
vn 0.0125 -0.2219 0.9750
vn 0.0125 -0.2220 0.9750
vn 0.0125 -0.2156 0.9764
vn 0.0194 -0.2025 0.9791
vn 0.0330 -0.1894 0.9814
vn 0.0400 -0.1761 0.9836
vn 0.0023 -0.3038 0.9527
vn 0.0023 -0.3029 0.9530
vn 0.0022 -0.3048 0.9524
vn 0.0022 -0.3058 0.9521
vn 0.0022 -0.3068 0.9518
vn 0.0021 -0.3078 0.9515
vn 0.0021 -0.3088 0.9511
vn 0.0020 -0.3098 0.9508
vn 0.0020 -0.3107 0.9505
vn -0.0056 -0.3117 0.9501
vn -0.0333 -0.3099 0.9502
vn -0.0535 -0.3048 0.9509
vn -0.0534 -0.2997 0.9525
vn -0.0533 -0.2947 0.9541
vn -0.0532 -0.2896 0.9557
vn -0.0530 -0.2845 0.9572
vn -0.0529 -0.2794 0.9587
vn -0.0528 -0.2742 0.9602
vn -0.0527 -0.2691 0.9617
vn -0.0526 -0.2639 0.9631
vn -0.0525 -0.2587 0.9645
vn -0.0428 -0.2534 0.9664
vn -0.0020 -0.2491 0.9685
vn 0.0289 -0.2426 0.9697
vn 0.0292 -0.2357 0.9714
vn 0.0295 -0.2289 0.9730
vn 0.0212 -0.2219 0.9748
vn 0.0125 -0.2157 0.9764
vn 0.0193 -0.2026 0.9791
vn 0.0330 -0.1894 0.9813
vn 0.0400 -0.1695 0.9847
vn 0.0400 -0.1694 0.9847
vn 0.0012 -0.3038 0.9527
vn 0.0009 -0.3030 0.9530
vn 0.0012 -0.3048 0.9524
vn 0.0011 -0.3058 0.9521
vn 0.0011 -0.3068 0.9518
vn 0.0010 -0.3078 0.9515
vn 0.0010 -0.3087 0.9511
vn 0.0010 -0.3097 0.9508
vn 0.0009 -0.3107 0.9505
vn -0.0053 -0.3116 0.9502
vn -0.0297 -0.3101 0.9502
vn -0.0480 -0.3050 0.9511
vn -0.0478 -0.3000 0.9527
vn -0.0477 -0.2950 0.9543
vn -0.0476 -0.2899 0.9559
vn -0.0475 -0.2848 0.9574
vn -0.0474 -0.2796 0.9589
vn -0.0472 -0.2745 0.9604
vn -0.0471 -0.2693 0.9619
vn -0.0470 -0.2641 0.9633
vn -0.0469 -0.2589 0.9648
vn -0.0377 -0.2537 0.9666
vn 0.0035 -0.2497 0.9683
vn 0.0361 -0.2427 0.9694
vn 0.0364 -0.2359 0.9711
vn 0.0368 -0.2290 0.9727
vn 0.0315 -0.2222 0.9745
vn 0.0330 -0.1959 0.9801
vn 0.0399 -0.1761 0.9836
vn 0.0001 -0.3037 0.9528
vn -0.0001 -0.3030 0.9530
vn 0.0001 -0.3047 0.9524
vn -0.0000 -0.3057 0.9521
vn -0.0000 -0.3067 0.9518
vn -0.0001 -0.3077 0.9515
vn -0.0001 -0.3087 0.9512
vn -0.0001 -0.3097 0.9508
vn -0.0002 -0.3107 0.9505
vn -0.0050 -0.3114 0.9503
vn -0.0264 -0.3105 0.9502
vn -0.0424 -0.3053 0.9513
vn -0.0423 -0.3002 0.9529
vn -0.0422 -0.2952 0.9545
vn -0.0421 -0.2901 0.9561
vn -0.0419 -0.2850 0.9576
vn -0.0418 -0.2799 0.9591
vn -0.0417 -0.2747 0.9606
vn -0.0415 -0.2696 0.9621
vn -0.0414 -0.2644 0.9635
vn -0.0413 -0.2591 0.9650
vn -0.0329 -0.2541 0.9666
vn 0.0095 -0.2498 0.9682
vn 0.0433 -0.2429 0.9691
vn 0.0437 -0.2361 0.9708
vn 0.0440 -0.2292 0.9724
vn 0.0555 -0.2222 0.9734
vn 0.0603 -0.2025 0.9774
vn 0.0467 -0.1894 0.9808
vn -0.0010 -0.3037 0.9528
vn -0.0010 -0.3028 0.9531
vn -0.0010 -0.3047 0.9524
vn -0.0011 -0.3057 0.9521
vn -0.0011 -0.3067 0.9518
vn -0.0011 -0.3077 0.9515
vn -0.0012 -0.3087 0.9512
vn -0.0012 -0.3097 0.9508
vn -0.0012 -0.3106 0.9505
vn -0.0230 -0.3106 0.9503
vn -0.0369 -0.3055 0.9515
vn -0.0368 -0.3005 0.9531
vn -0.0366 -0.2954 0.9547
vn -0.0365 -0.2904 0.9562
vn -0.0364 -0.2853 0.9578
vn -0.0362 -0.2801 0.9593
vn -0.0361 -0.2750 0.9608
vn -0.0360 -0.2698 0.9622
vn -0.0358 -0.2646 0.9637
vn -0.0357 -0.2594 0.9651
vn -0.0279 -0.2544 0.9667
vn 0.0154 -0.2500 0.9681
vn 0.0506 -0.2431 0.9687
vn 0.0509 -0.2362 0.9704
vn 0.0512 -0.2294 0.9720
vn 0.0592 -0.2224 0.9732
vn 0.0669 -0.2222 0.9727
vn 0.0670 -0.2156 0.9742
vn 0.0603 -0.2026 0.9774
vn -0.0021 -0.3037 0.9528
vn -0.0021 -0.3027 0.9531
vn -0.0021 -0.3047 0.9525
vn -0.0022 -0.3057 0.9521
vn -0.0022 -0.3067 0.9518
vn -0.0022 -0.3076 0.9515
vn -0.0023 -0.3086 0.9512
vn -0.0023 -0.3096 0.9509
vn -0.0023 -0.3106 0.9505
vn -0.0051 -0.3114 0.9503
vn -0.0199 -0.3108 0.9503
vn -0.0314 -0.3058 0.9516
vn -0.0312 -0.3007 0.9532
vn -0.0311 -0.2957 0.9548
vn -0.0309 -0.2906 0.9563
vn -0.0308 -0.2855 0.9579
vn -0.0307 -0.2804 0.9594
vn -0.0305 -0.2752 0.9609
vn -0.0304 -0.2700 0.9624
vn -0.0302 -0.2648 0.9638
vn -0.0301 -0.2596 0.9652
vn -0.0229 -0.2546 0.9668
vn 0.0212 -0.2502 0.9680
vn 0.0578 -0.2432 0.9683
vn 0.0581 -0.2364 0.9699
vn 0.0585 -0.2295 0.9715
vn 0.0628 -0.2226 0.9729
vn 0.0670 -0.2225 0.9726
vn 0.0669 -0.2224 0.9726
vn 0.0669 -0.2224 0.9727
vn 0.0670 -0.2158 0.9741
vn 0.0603 -0.2027 0.9774
vn 0.0467 -0.1895 0.9808
vn -0.0032 -0.3036 0.9528
vn -0.0034 -0.3029 0.9530
vn -0.0032 -0.3046 0.9525
vn -0.0033 -0.3056 0.9521
vn -0.0033 -0.3066 0.9518
vn -0.0033 -0.3076 0.9515
vn -0.0034 -0.3086 0.9512
vn -0.0034 -0.3096 0.9509
vn -0.0035 -0.3106 0.9505
vn -0.0054 -0.3114 0.9503
vn -0.0167 -0.3110 0.9503
vn -0.0258 -0.3060 0.9517
vn -0.0257 -0.3009 0.9533
vn -0.0256 -0.2959 0.9549
vn -0.0254 -0.2908 0.9564
vn -0.0252 -0.2857 0.9580
vn -0.0251 -0.2806 0.9595
vn -0.0249 -0.2754 0.9610
vn -0.0248 -0.2703 0.9625
vn -0.0246 -0.2651 0.9639
vn -0.0245 -0.2599 0.9653
vn -0.0179 -0.2548 0.9668
vn 0.0269 -0.2504 0.9678
vn 0.0650 -0.2433 0.9678
vn 0.0653 -0.2365 0.9694
vn 0.0657 -0.2297 0.9711
vn 0.0664 -0.2228 0.9726
vn 0.0670 -0.2228 0.9726
vn 0.0672 -0.2098 0.9754
vn -0.0043 -0.3036 0.9528
vn -0.0043 -0.3027 0.9531
vn -0.0043 -0.3046 0.9525
vn -0.0043 -0.3056 0.9522
vn -0.0044 -0.3066 0.9518
vn -0.0044 -0.3076 0.9515
vn -0.0045 -0.3086 0.9512
vn -0.0045 -0.3096 0.9509
vn -0.0045 -0.3105 0.9506
vn -0.0058 -0.3114 0.9503
vn -0.0138 -0.3113 0.9502
vn -0.0203 -0.3062 0.9518
vn -0.0202 -0.3012 0.9534
vn -0.0200 -0.2961 0.9549
vn -0.0198 -0.2910 0.9565
vn -0.0197 -0.2859 0.9580
vn -0.0195 -0.2808 0.9596
vn -0.0193 -0.2756 0.9611
vn -0.0192 -0.2705 0.9625
vn -0.0190 -0.2653 0.9640
vn -0.0189 -0.2601 0.9654
vn -0.0130 -0.2550 0.9669
vn 0.0327 -0.2506 0.9675
vn 0.0721 -0.2434 0.9672
vn 0.0725 -0.2366 0.9689
vn 0.0729 -0.2298 0.9705
vn 0.0700 -0.2230 0.9723
vn 0.0669 -0.2230 0.9725
vn 0.0669 -0.2231 0.9725
vn 0.0670 -0.2231 0.9725
vn 0.0670 -0.2168 0.9739
vn 0.0739 -0.2038 0.9762
vn 0.0876 -0.1905 0.9778
vn -0.0054 -0.3036 0.9528
vn -0.0053 -0.3025 0.9531
vn -0.0054 -0.3046 0.9525
vn -0.0054 -0.3056 0.9522
vn -0.0055 -0.3066 0.9518
vn -0.0055 -0.3075 0.9515
vn -0.0056 -0.3085 0.9512
vn -0.0056 -0.3095 0.9509
vn -0.0056 -0.3105 0.9506
vn -0.0063 -0.3114 0.9503
vn -0.0109 -0.3114 0.9502
vn -0.0148 -0.3064 0.9518
vn -0.0146 -0.3014 0.9534
vn -0.0144 -0.2963 0.9550
vn -0.0143 -0.2912 0.9565
vn -0.0141 -0.2861 0.9581
vn -0.0139 -0.2810 0.9596
vn -0.0138 -0.2759 0.9611
vn -0.0136 -0.2707 0.9626
vn -0.0134 -0.2655 0.9640
vn -0.0132 -0.2603 0.9654
vn -0.0081 -0.2552 0.9669
vn 0.0386 -0.2506 0.9673
vn 0.0793 -0.2436 0.9666
vn 0.0797 -0.2368 0.9683
vn 0.0801 -0.2299 0.9699
vn 0.0736 -0.2232 0.9720
vn 0.0669 -0.2233 0.9724
vn 0.0670 -0.2169 0.9739
vn 0.0739 -0.2039 0.9762
vn 0.0876 -0.1906 0.9777
vn 0.0947 -0.1773 0.9796
vn 0.0948 -0.1707 0.9808
vn -0.0065 -0.3035 0.9528
vn -0.0067 -0.3028 0.9530
vn -0.0065 -0.3045 0.9525
vn -0.0065 -0.3055 0.9522
vn -0.0066 -0.3065 0.9518
vn -0.0066 -0.3075 0.9515
vn -0.0066 -0.3085 0.9512
vn -0.0067 -0.3095 0.9509
vn -0.0067 -0.3105 0.9506
vn -0.0068 -0.3114 0.9503
vn -0.0082 -0.3115 0.9502
vn -0.0092 -0.3066 0.9518
vn -0.0091 -0.3016 0.9534
vn -0.0089 -0.2965 0.9550
vn -0.0087 -0.2914 0.9566
vn -0.0085 -0.2863 0.9581
vn -0.0083 -0.2812 0.9596
vn -0.0082 -0.2761 0.9611
vn -0.0080 -0.2709 0.9626
vn -0.0078 -0.2657 0.9640
vn -0.0076 -0.2605 0.9655
vn -0.0032 -0.2554 0.9668
vn 0.0439 -0.2512 0.9669
vn 0.0865 -0.2436 0.9660
vn 0.0869 -0.2368 0.9677
vn 0.0873 -0.2300 0.9693
vn 0.0772 -0.2234 0.9717
vn -0.0076 -0.3035 0.9528
vn -0.0078 -0.3027 0.9530
vn -0.0076 -0.3045 0.9525
vn -0.0076 -0.3055 0.9522
vn -0.0077 -0.3065 0.9518
vn -0.0077 -0.3075 0.9515
vn -0.0077 -0.3085 0.9512
vn -0.0078 -0.3095 0.9509
vn -0.0078 -0.3104 0.9506
vn -0.0075 -0.3114 0.9503
vn -0.0054 -0.3116 0.9502
vn -0.0037 -0.3068 0.9518
vn -0.0035 -0.3017 0.9534
vn -0.0033 -0.2967 0.9550
vn -0.0032 -0.2916 0.9565
vn -0.0030 -0.2865 0.9581
vn -0.0028 -0.2814 0.9596
vn -0.0026 -0.2762 0.9611
vn -0.0024 -0.2711 0.9626
vn -0.0022 -0.2659 0.9640
vn -0.0020 -0.2607 0.9654
vn 0.0017 -0.2556 0.9668
vn 0.0497 -0.2512 0.9667
vn 0.0936 -0.2437 0.9653
vn 0.0940 -0.2369 0.9670
vn 0.0944 -0.2301 0.9686
vn 0.1010 -0.2230 0.9696
vn 0.1010 -0.1971 0.9752
vn 0.0946 -0.1773 0.9796
vn -0.0087 -0.3035 0.9528
vn -0.0089 -0.3027 0.9530
vn -0.0087 -0.3045 0.9525
vn -0.0087 -0.3055 0.9522
vn -0.0088 -0.3064 0.9519
vn -0.0088 -0.3074 0.9515
vn -0.0089 -0.3084 0.9512
vn -0.0089 -0.3094 0.9509
vn -0.0089 -0.3104 0.9506
vn -0.0084 -0.3113 0.9503
vn -0.0031 -0.3120 0.9501
vn 0.0018 -0.3069 0.9517
vn 0.0020 -0.3019 0.9533
vn 0.0022 -0.2969 0.9549
vn 0.0024 -0.2918 0.9565
vn 0.0026 -0.2867 0.9580
vn 0.0028 -0.2816 0.9595
vn 0.0030 -0.2764 0.9610
vn 0.0032 -0.2712 0.9625
vn 0.0034 -0.2661 0.9639
vn 0.0036 -0.2608 0.9654
vn 0.0067 -0.2555 0.9668
vn 0.0552 -0.2515 0.9663
vn 0.1008 -0.2438 0.9646
vn 0.1012 -0.2370 0.9662
vn 0.1016 -0.2301 0.9678
vn 0.1112 -0.2231 0.9684
vn 0.1208 -0.2163 0.9688
vn 0.1144 -0.2034 0.9724
vn 0.1012 -0.1905 0.9765
vn -0.0098 -0.3034 0.9528
vn -0.0098 -0.3025 0.9531
vn -0.0098 -0.3044 0.9525
vn -0.0098 -0.3054 0.9522
vn -0.0099 -0.3064 0.9519
vn -0.0099 -0.3074 0.9515
vn -0.0099 -0.3084 0.9512
vn -0.0100 -0.3094 0.9509
vn -0.0100 -0.3104 0.9506
vn -0.0093 -0.3113 0.9503
vn -0.0007 -0.3122 0.9500
vn 0.0073 -0.3071 0.9516
vn 0.0076 -0.3021 0.9532
vn 0.0078 -0.2970 0.9548
vn 0.0080 -0.2920 0.9564
vn 0.0082 -0.2869 0.9579
vn 0.0083 -0.2977 0.9546
vn 0.0085 -0.3075 0.9515
vn 0.0084 -0.3088 0.9511
vn 0.0089 -0.3046 0.9524
vn 0.0091 -0.2993 0.9541
vn 0.0114 -0.2933 0.9560
vn 0.0603 -0.2865 0.9562
vn 0.1069 -0.2777 0.9547
vn 0.1073 -0.2704 0.9567
vn 0.1075 -0.2675 0.9575
vn 0.1149 -0.2232 0.9680
vn 0.1207 -0.2230 0.9673
vn 0.1207 -0.2229 0.9673
vn 0.1208 -0.2164 0.9688
vn 0.1144 -0.2035 0.9724
vn -0.0108 -0.3034 0.9528
vn -0.0111 -0.3026 0.9530
vn -0.0109 -0.3044 0.9525
vn -0.0109 -0.3054 0.9522
vn -0.0110 -0.3064 0.9519
vn -0.0110 -0.3074 0.9515
vn -0.0110 -0.3076 0.9514
vn -0.0108 -0.3075 0.9515
vn -0.0109 -0.3076 0.9515
vn -0.0104 -0.3079 0.9514
vn 0.0016 -0.3079 0.9514
vn 0.0129 -0.3032 0.9528
vn 0.0130 -0.3225 0.9465
vn 0.0132 -0.3306 0.9437
vn 0.0134 -0.3305 0.9437
vn -0.0036 -0.3290 0.9443
vn -0.0197 -0.3159 0.9486
vn -0.0096 -0.3013 0.9535
vn 0.0061 -0.2894 0.9572
vn 0.0141 -0.2792 0.9601
vn 0.0164 -0.2693 0.9629
vn 0.0203 -0.2594 0.9656
vn 0.0705 -0.2469 0.9665
vn 0.1172 -0.2378 0.9642
vn 0.1123 -0.2313 0.9664
vn 0.1498 -0.2568 0.9548
vn 0.1568 -0.2462 0.9565
vn 0.1203 -0.2415 0.9629
vn 0.1204 -0.2356 0.9644
vn 0.1206 -0.2297 0.9658
vn 0.1208 -0.2229 0.9673
vn 0.1213 -0.2052 0.9712
vn 0.1151 -0.1750 0.9778
vn -0.0121 -0.2666 0.9637
vn -0.0120 -0.2675 0.9635
vn -0.0121 -0.2655 0.9640
vn -0.0122 -0.2643 0.9644
vn -0.0122 -0.2630 0.9647
vn -0.0114 -0.2617 0.9651
vn -0.0105 -0.2605 0.9654
vn -0.0104 -0.2592 0.9658
vn -0.0103 -0.2689 0.9631
vn -0.0094 -0.3031 0.9529
vn 0.0044 -0.3130 0.9497
vn -0.0088 -0.3140 0.9494
vn -0.0233 -0.2912 0.9564
vn -0.0013 -0.2673 0.9636
vn 0.0100 -0.2435 0.9698
vn 0.0251 -0.2271 0.9735
vn 0.0402 -0.1982 0.9793
vn 0.0390 -0.1669 0.9852
vn 0.0341 -0.1476 0.9885
vn 0.0318 -0.1375 0.9900
vn 0.0315 -0.1264 0.9915
vn 0.0358 -0.1192 0.9922
vn 0.0841 -0.1106 0.9903
vn 0.1262 -0.1061 0.9863
vn 0.0890 -0.1038 0.9906
vn 0.0932 -0.1319 0.9869
vn 0.1332 -0.1858 0.9735
vn 0.1345 -0.1707 0.9761
vn 0.1348 -0.1551 0.9787
vn 0.1360 -0.1369 0.9812
vn 0.1416 -0.1336 0.9809
vn 0.1520 -0.1306 0.9797
vn 0.1439 -0.1263 0.9815
vn -0.0089 -0.2257 0.9741
vn -0.0088 -0.2281 0.9736
vn -0.0089 -0.2231 0.9748
vn -0.0088 -0.2203 0.9754
vn -0.0088 -0.2175 0.9760
vn -0.0085 -0.2145 0.9767
vn -0.0084 -0.2503 0.9681
vn -0.0201 -0.2776 0.9605
vn -0.0588 -0.2818 0.9577
vn -0.0592 -0.2568 0.9646
vn -0.0106 -0.2332 0.9724
vn 0.0375 -0.2085 0.9773
vn 0.0660 -0.1558 0.9856
vn 0.0670 -0.1139 0.9912
vn 0.0579 -0.0853 0.9947
vn 0.0447 -0.0629 0.9970
vn 0.0431 -0.0547 0.9976
vn 0.0430 -0.0561 0.9975
vn 0.0367 -0.0596 0.9975
vn 0.0365 -0.0603 0.9975
vn 0.0356 -0.0602 0.9976
vn 0.0367 -0.0597 0.9975
vn 0.0851 -0.0630 0.9944
vn 0.1271 -0.0671 0.9896
vn 0.0895 -0.0573 0.9943
vn 0.0706 -0.0474 0.9964
vn 0.1217 -0.0517 0.9912
vn 0.1551 -0.0532 0.9865
vn 0.1579 -0.0583 0.9857
vn 0.1453 -0.0619 0.9875
vn 0.1297 -0.0647 0.9894
vn 0.1309 -0.0720 0.9888
vn 0.1325 -0.0852 0.9875
vn -0.0066 -0.2227 0.9749
vn -0.0067 -0.2247 0.9744
vn -0.0065 -0.2206 0.9753
vn -0.0065 -0.2250 0.9743
vn -0.0063 -0.2703 0.9628
vn -0.0456 -0.2903 0.9558
vn -0.0768 -0.2738 0.9587
vn -0.0450 -0.2392 0.9699
vn 0.0117 -0.2129 0.9770
vn 0.0441 -0.1451 0.9884
vn 0.0573 -0.1001 0.9933
vn 0.0721 -0.0694 0.9950
vn 0.0738 -0.0645 0.9952
vn 0.0706 -0.0837 0.9940
vn 0.0617 -0.1111 0.9919
vn 0.0561 -0.1264 0.9904
vn 0.0474 -0.1382 0.9893
vn 0.0343 -0.1459 0.9887
vn 0.0300 -0.1410 0.9896
vn 0.0313 -0.1332 0.9906
vn 0.0320 -0.1278 0.9913
vn 0.0327 -0.1189 0.9924
vn 0.0763 -0.1138 0.9906
vn 0.1317 -0.1134 0.9848
vn 0.1088 -0.1105 0.9879
vn 0.0992 -0.0712 0.9925
vn 0.1292 -0.0488 0.9904
vn 0.1295 -0.0617 0.9897
vn 0.1275 -0.0732 0.9891
vn 0.1308 -0.0872 0.9876
vn 0.1325 -0.0859 0.9875
vn 0.1325 -0.0842 0.9876
vn -0.0045 -0.2359 0.9718
vn -0.0046 -0.2248 0.9744
vn -0.0110 -0.2781 0.9605
vn -0.0605 -0.2891 0.9554
vn -0.0785 -0.2679 0.9602
vn -0.0129 -0.2365 0.9715
vn 0.0477 -0.1742 0.9835
vn 0.0462 -0.1033 0.9936
vn 0.0383 -0.0773 0.9963
vn 0.0556 -0.0787 0.9953
vn 0.0656 -0.1146 0.9913
vn 0.0733 -0.1523 0.9856
vn 0.0515 -0.1899 0.9804
vn 0.0199 -0.1996 0.9797
vn 0.0145 -0.2042 0.9788
vn 0.0168 -0.2041 0.9788
vn 0.0228 -0.2031 0.9789
vn 0.0395 -0.1945 0.9801
vn 0.0490 -0.1807 0.9823
vn 0.0494 -0.1675 0.9846
vn 0.0497 -0.1547 0.9867
vn 0.0503 -0.1416 0.9886
vn 0.0892 -0.1286 0.9877
vn 0.1293 -0.1233 0.9839
vn 0.1311 -0.1288 0.9830
vn 0.1316 -0.0987 0.9864
vn 0.1305 -0.0943 0.9870
vn 0.1308 -0.0910 0.9872
vn 0.1324 -0.0860 0.9875
vn 0.1326 -0.0842 0.9876
vn -0.0624 -0.3018 0.9513
vn -0.0160 -0.2937 0.9558
vn -0.0640 -0.2697 0.9608
vn 0.0036 -0.2380 0.9713
vn 0.0520 -0.1508 0.9872
vn 0.0539 -0.0870 0.9947
vn 0.0589 -0.0759 0.9954
vn 0.0527 -0.1125 0.9923
vn 0.0364 -0.1524 0.9876
vn 0.0065 -0.2167 0.9762
vn -0.0172 -0.2437 0.9697
vn -0.0055 -0.2487 0.9686
vn 0.0242 -0.2532 0.9671
vn 0.0543 -0.2366 0.9701
vn 0.0560 -0.2112 0.9758
vn 0.0565 -0.1888 0.9804
vn 0.0571 -0.1647 0.9847
vn 0.0576 -0.1473 0.9874
vn 0.0579 -0.1390 0.9886
vn 0.0583 -0.1306 0.9897
vn 0.0586 -0.1221 0.9908
vn 0.0590 -0.1136 0.9918
vn 0.0941 -0.1049 0.9900
vn 0.1311 -0.1033 0.9860
vn 0.1333 -0.1016 0.9859
vn 0.1334 -0.0998 0.9860
vn 0.1361 -0.0981 0.9858
vn 0.1375 -0.0927 0.9861
vn 0.1342 -0.0893 0.9869
vn 0.0213 -0.2293 0.9731
vn -0.0417 -0.2658 0.9631
vn 0.0601 -0.1467 0.9874
vn 0.0641 -0.1009 0.9928
vn 0.0754 -0.0842 0.9936
vn 0.0626 -0.1374 0.9885
vn 0.0221 -0.1949 0.9806
vn -0.0307 -0.2450 0.9690
vn -0.0677 -0.2576 0.9639
vn -0.0395 -0.2758 0.9604
vn 0.0303 -0.2618 0.9646
vn 0.0621 -0.2268 0.9720
vn 0.0641 -0.1900 0.9797
vn 0.0645 -0.1808 0.9814
vn 0.0649 -0.1725 0.9829
vn 0.0653 -0.1642 0.9843
vn 0.0657 -0.1559 0.9856
vn 0.0661 -0.1476 0.9868
vn 0.0664 -0.1392 0.9880
vn 0.0668 -0.1308 0.9892
vn 0.0672 -0.1223 0.9902
vn 0.0676 -0.1139 0.9912
vn 0.0989 -0.1051 0.9895
vn 0.1325 -0.1034 0.9858
vn 0.1352 -0.1016 0.9856
vn 0.1353 -0.0998 0.9858
vn 0.1370 -0.0982 0.9857
vn 0.1392 -0.0979 0.9854
vn 0.1392 -0.0962 0.9856
vn 0.1373 -0.0929 0.9862
vn 0.1343 -0.0892 0.9869
vn 0.1326 -0.0858 0.9874
vn 0.0615 -0.0844 0.9945
vn 0.0514 -0.1149 0.9920
vn 0.0670 -0.0896 0.9937
vn 0.0668 -0.1389 0.9881
vn 0.0149 -0.2189 0.9756
vn -0.0577 -0.2585 0.9643
vn -0.0525 -0.2791 0.9588
vn -0.0148 -0.2750 0.9613
vn 0.0025 -0.2469 0.9690
vn 0.0026 -0.2066 0.9784
vn 0.0355 -0.2041 0.9783
vn 0.0703 -0.1972 0.9778
vn 0.0726 -0.1892 0.9793
vn 0.0730 -0.1810 0.9808
vn 0.0734 -0.1727 0.9822
vn 0.0738 -0.1644 0.9836
vn 0.0742 -0.1561 0.9849
vn 0.0746 -0.1478 0.9862
vn 0.0750 -0.1394 0.9874
vn 0.0754 -0.1310 0.9885
vn 0.0757 -0.1226 0.9896
vn 0.0761 -0.1141 0.9906
vn 0.1038 -0.1054 0.9890
vn 0.1340 -0.1035 0.9856
vn 0.1370 -0.1017 0.9853
vn 0.1371 -0.0998 0.9855
vn 0.1382 -0.0980 0.9855
vn 0.1392 -0.0980 0.9854
vn 0.1394 -0.0960 0.9856
vn 0.1375 -0.0929 0.9861
vn 0.1341 -0.0893 0.9869
vn 0.0469 -0.1564 0.9866
vn 0.0551 -0.1088 0.9925
vn 0.0050 -0.2345 0.9721
vn -0.0671 -0.2587 0.9636
vn -0.0493 -0.2890 0.9561
vn -0.0033 -0.2671 0.9637
vn 0.0045 -0.2294 0.9733
vn 0.0046 -0.2107 0.9775
vn 0.0046 -0.2087 0.9780
vn 0.0047 -0.2066 0.9784
vn 0.0398 -0.2044 0.9781
vn 0.0777 -0.1976 0.9772
vn 0.0810 -0.1893 0.9786
vn 0.0814 -0.1811 0.9801
vn 0.0818 -0.1729 0.9815
vn 0.0822 -0.1646 0.9829
vn 0.0826 -0.1563 0.9842
vn 0.0831 -0.1480 0.9855
vn 0.0835 -0.1396 0.9867
vn 0.0838 -0.1312 0.9878
vn 0.0842 -0.1228 0.9889
vn 0.0846 -0.1143 0.9898
vn 0.1088 -0.1056 0.9884
vn 0.1357 -0.1035 0.9853
vn 0.1388 -0.1017 0.9851
vn 0.1389 -0.0999 0.9853
vn 0.1391 -0.0980 0.9854
vn 0.1392 -0.0981 0.9854
vn 0.1391 -0.0981 0.9854
vn 0.1392 -0.0947 0.9857
vn -0.0673 -0.2723 0.9598
vn -0.0355 -0.2602 0.9649
vn -0.0407 -0.2947 0.9547
vn 0.0063 -0.2701 0.9628
vn 0.0065 -0.2243 0.9745
vn 0.0065 -0.2149 0.9766
vn 0.0066 -0.2129 0.9771
vn 0.0067 -0.2108 0.9775
vn 0.0068 -0.2088 0.9779
vn 0.0069 -0.2067 0.9784
vn 0.0441 -0.2045 0.9779
vn 0.0854 -0.1974 0.9766
vn 0.0894 -0.1895 0.9778
vn 0.0898 -0.1813 0.9793
vn 0.0903 -0.1731 0.9808
vn 0.0907 -0.1648 0.9821
vn 0.0911 -0.1565 0.9835
vn 0.0915 -0.1481 0.9847
vn 0.0919 -0.1398 0.9859
vn 0.0923 -0.1314 0.9870
vn 0.0927 -0.1230 0.9881
vn 0.0931 -0.1145 0.9890
vn 0.1139 -0.1058 0.9878
vn 0.1374 -0.1036 0.9851
vn 0.1406 -0.1017 0.9848
vn 0.1407 -0.0999 0.9850
vn 0.1397 -0.0983 0.9853
vn 0.1393 -0.0981 0.9854
vn 0.1392 -0.0964 0.9856
vn 0.1410 -0.0929 0.9856
vn 0.1443 -0.0896 0.9855
vn 0.0083 -0.2679 0.9634
vn 0.0023 -0.2938 0.9559
vn 0.0085 -0.2211 0.9752
vn 0.0086 -0.2191 0.9757
vn 0.0086 -0.2170 0.9761
vn 0.0087 -0.2150 0.9766
vn 0.0088 -0.2129 0.9770
vn 0.0089 -0.2109 0.9775
vn 0.0090 -0.2088 0.9779
vn 0.0090 -0.2068 0.9784
vn 0.0485 -0.2043 0.9777
vn 0.0928 -0.1976 0.9759
vn 0.0978 -0.1896 0.9770
vn 0.0982 -0.1814 0.9785
vn 0.0987 -0.1732 0.9799
vn 0.0991 -0.1649 0.9813
vn 0.0996 -0.1567 0.9826
vn 0.1000 -0.1483 0.9839
vn 0.1004 -0.1400 0.9851
vn 0.1008 -0.1316 0.9862
vn 0.1012 -0.1232 0.9872
vn 0.1016 -0.1147 0.9882
vn 0.1191 -0.1061 0.9872
vn 0.1393 -0.1037 0.9848
vn 0.1424 -0.1018 0.9846
vn 0.1425 -0.0999 0.9847
vn 0.1406 -0.0984 0.9852
vn 0.1392 -0.0982 0.9854
vn 0.1392 -0.0965 0.9856
vn 0.1409 -0.0930 0.9856
vn 0.1461 -0.0862 0.9855
vn 0.1460 -0.0845 0.9857
vn 0.0104 -0.2233 0.9747
vn 0.0105 -0.2252 0.9742
vn 0.0104 -0.2213 0.9751
vn 0.0107 -0.2192 0.9756
vn 0.0108 -0.2171 0.9761
vn 0.0108 -0.2151 0.9765
vn 0.0108 -0.2131 0.9770
vn 0.0108 -0.2111 0.9774
vn 0.0111 -0.2089 0.9779
vn 0.0111 -0.2069 0.9783
vn 0.0525 -0.2045 0.9775
vn 0.0998 -0.1980 0.9751
vn 0.1062 -0.1897 0.9761
vn 0.1066 -0.1816 0.9776
vn 0.1071 -0.1734 0.9790
vn 0.1075 -0.1651 0.9804
vn 0.1079 -0.1568 0.9817
vn 0.1084 -0.1485 0.9830
vn 0.1088 -0.1401 0.9841
vn 0.1092 -0.1318 0.9852
vn 0.1097 -0.1233 0.9863
vn 0.1100 -0.1149 0.9873
vn 0.1244 -0.1063 0.9865
vn 0.1413 -0.1037 0.9845
vn 0.1440 -0.1020 0.9843
vn 0.1442 -0.1001 0.9845
vn 0.1417 -0.0983 0.9850
vn 0.1409 -0.0931 0.9856
vn 0.1444 -0.0896 0.9855
vn 0.1461 -0.0861 0.9855
vn 0.1461 -0.0845 0.9857
vn 0.1461 -0.0844 0.9857
vt 0.015625 0.015625
vt 0.045898 0.015625
vt 0.045898 0.045898
vt 0.015625 0.045898
vt 0.076172 0.015625
vt 0.076172 0.045898
vt 0.106445 0.015625
vt 0.106445 0.045898
vt 0.136719 0.015625
vt 0.136719 0.045898
vt 0.166992 0.015625
vt 0.166992 0.045898
vt 0.197266 0.015625
vt 0.197266 0.045898
vt 0.227539 0.015625
vt 0.227539 0.045898
vt 0.257812 0.015625
vt 0.257812 0.045898
vt 0.288086 0.015625
vt 0.288086 0.045898
vt 0.318359 0.015625
vt 0.318359 0.045898
vt 0.348633 0.015625
vt 0.348633 0.045898
vt 0.378906 0.015625
vt 0.378906 0.045898
vt 0.409180 0.015625
vt 0.409180 0.045898
vt 0.439453 0.015625
vt 0.439453 0.045898
vt 0.469727 0.015625
vt 0.469727 0.045898
vt 0.500000 0.015625
vt 0.500000 0.045898
vt 0.530273 0.015625
vt 0.530273 0.045898
vt 0.560547 0.015625
vt 0.560547 0.045898
vt 0.590820 0.015625
vt 0.590820 0.045898
vt 0.621094 0.015625
vt 0.621094 0.045898
vt 0.651367 0.015625
vt 0.651367 0.045898
vt 0.681641 0.015625
vt 0.681641 0.045898
vt 0.711914 0.015625
vt 0.711914 0.045898
vt 0.742188 0.015625
vt 0.742188 0.045898
vt 0.772461 0.015625
vt 0.772461 0.045898
vt 0.802734 0.015625
vt 0.802734 0.045898
vt 0.833008 0.015625
vt 0.833008 0.045898
vt 0.863281 0.015625
vt 0.863281 0.045898
vt 0.893555 0.015625
vt 0.893555 0.045898
vt 0.923828 0.015625
vt 0.923828 0.045898
vt 0.954102 0.015625
vt 0.954102 0.045898
vt 0.984375 0.015625
vt 0.984375 0.045898
vt 0.045898 0.076172
vt 0.015625 0.076172
vt 0.076172 0.076172
vt 0.106445 0.076172
vt 0.136719 0.076172
vt 0.166992 0.076172
vt 0.197266 0.076172
vt 0.227539 0.076172
vt 0.257812 0.076172
vt 0.288086 0.076172
vt 0.318359 0.076172
vt 0.348633 0.076172
vt 0.378906 0.076172
vt 0.409180 0.076172
vt 0.439453 0.076172
vt 0.469727 0.076172
vt 0.500000 0.076172
vt 0.530273 0.076172
vt 0.560547 0.076172
vt 0.590820 0.076172
vt 0.621094 0.076172
vt 0.651367 0.076172
vt 0.681641 0.076172
vt 0.711914 0.076172
vt 0.742188 0.076172
vt 0.772461 0.076172
vt 0.802734 0.076172
vt 0.833008 0.076172
vt 0.863281 0.076172
vt 0.893555 0.076172
vt 0.923828 0.076172
vt 0.954102 0.076172
vt 0.984375 0.076172
vt 0.045898 0.106445
vt 0.015625 0.106445
vt 0.076172 0.106445
vt 0.106445 0.106445
vt 0.136719 0.106445
vt 0.166992 0.106445
vt 0.197266 0.106445
vt 0.227539 0.106445
vt 0.257812 0.106445
vt 0.288086 0.106445
vt 0.318359 0.106445
vt 0.348633 0.106445
vt 0.378906 0.106445
vt 0.409180 0.106445
vt 0.439453 0.106445
vt 0.469727 0.106445
vt 0.500000 0.106445
vt 0.530273 0.106445
vt 0.560547 0.106445
vt 0.590820 0.106445
vt 0.621094 0.106445
vt 0.651367 0.106445
vt 0.681641 0.106445
vt 0.711914 0.106445
vt 0.742188 0.106445
vt 0.772461 0.106445
vt 0.802734 0.106445
vt 0.833008 0.106445
vt 0.863281 0.106445
vt 0.893555 0.106445
vt 0.923828 0.106445
vt 0.954102 0.106445
vt 0.984375 0.106445
vt 0.045898 0.136719
vt 0.015625 0.136719
vt 0.076172 0.136719
vt 0.106445 0.136719
vt 0.136719 0.136719
vt 0.166992 0.136719
vt 0.197266 0.136719
vt 0.227539 0.136719
vt 0.257812 0.136719
vt 0.288086 0.136719
vt 0.318359 0.136719
vt 0.348633 0.136719
vt 0.378906 0.136719
vt 0.409180 0.136719
vt 0.439453 0.136719
vt 0.469727 0.136719
vt 0.500000 0.136719
vt 0.530273 0.136719
vt 0.560547 0.136719
vt 0.590820 0.136719
vt 0.621094 0.136719
vt 0.651367 0.136719
vt 0.681641 0.136719
vt 0.711914 0.136719
vt 0.742188 0.136719
vt 0.772461 0.136719
vt 0.802734 0.136719
vt 0.833008 0.136719
vt 0.863281 0.136719
vt 0.893555 0.136719
vt 0.923828 0.136719
vt 0.954102 0.136719
vt 0.984375 0.136719
vt 0.045898 0.166992
vt 0.015625 0.166992
vt 0.076172 0.166992
vt 0.106445 0.166992
vt 0.136719 0.166992
vt 0.166992 0.166992
vt 0.197266 0.166992
vt 0.227539 0.166992
vt 0.257812 0.166992
vt 0.288086 0.166992
vt 0.318359 0.166992
vt 0.348633 0.166992
vt 0.378906 0.166992
vt 0.409180 0.166992
vt 0.439453 0.166992
vt 0.469727 0.166992
vt 0.500000 0.166992
vt 0.530273 0.166992
vt 0.560547 0.166992
vt 0.590820 0.166992
vt 0.621094 0.166992
vt 0.651367 0.166992
vt 0.681641 0.166992
vt 0.711914 0.166992
vt 0.742188 0.166992
vt 0.772461 0.166992
vt 0.802734 0.166992
vt 0.833008 0.166992
vt 0.863281 0.166992
vt 0.893555 0.166992
vt 0.923828 0.166992
vt 0.954102 0.166992
vt 0.984375 0.166992
vt 0.045898 0.197266
vt 0.015625 0.197266
vt 0.076172 0.197266
vt 0.106445 0.197266
vt 0.136719 0.197266
vt 0.166992 0.197266
vt 0.197266 0.197266
vt 0.227539 0.197266
vt 0.257812 0.197266
vt 0.288086 0.197266
vt 0.318359 0.197266
vt 0.348633 0.197266
vt 0.378906 0.197266
vt 0.409180 0.197266
vt 0.439453 0.197266
vt 0.469727 0.197266
vt 0.500000 0.197266
vt 0.530273 0.197266
vt 0.560547 0.197266
vt 0.590820 0.197266
vt 0.621094 0.197266
vt 0.651367 0.197266
vt 0.681641 0.197266
vt 0.711914 0.197266
vt 0.742188 0.197266
vt 0.772461 0.197266
vt 0.802734 0.197266
vt 0.833008 0.197266
vt 0.863281 0.197266
vt 0.893555 0.197266
vt 0.923828 0.197266
vt 0.954102 0.197266
vt 0.984375 0.197266
vt 0.045898 0.227539
vt 0.015625 0.227539
vt 0.076172 0.227539
vt 0.106445 0.227539
vt 0.136719 0.227539
vt 0.166992 0.227539
vt 0.197266 0.227539
vt 0.227539 0.227539
vt 0.257812 0.227539
vt 0.288086 0.227539
vt 0.318359 0.227539
vt 0.348633 0.227539
vt 0.378906 0.227539
vt 0.409180 0.227539
vt 0.439453 0.227539
vt 0.469727 0.227539
vt 0.500000 0.227539
vt 0.530273 0.227539
vt 0.560547 0.227539
vt 0.590820 0.227539
vt 0.621094 0.227539
vt 0.651367 0.227539
vt 0.681641 0.227539
vt 0.711914 0.227539
vt 0.742188 0.227539
vt 0.772461 0.227539
vt 0.802734 0.227539
vt 0.833008 0.227539
vt 0.863281 0.227539
vt 0.893555 0.227539
vt 0.923828 0.227539
vt 0.954102 0.227539
vt 0.984375 0.227539
vt 0.045898 0.257812
vt 0.015625 0.257812
vt 0.076172 0.257812
vt 0.106445 0.257812
vt 0.136719 0.257812
vt 0.166992 0.257812
vt 0.197266 0.257812
vt 0.227539 0.257812
vt 0.257812 0.257812
vt 0.288086 0.257812
vt 0.318359 0.257812
vt 0.348633 0.257812
vt 0.378906 0.257812
vt 0.409180 0.257812
vt 0.439453 0.257812
vt 0.469727 0.257812
vt 0.500000 0.257812
vt 0.530273 0.257812
vt 0.560547 0.257812
vt 0.590820 0.257812
vt 0.621094 0.257812
vt 0.651367 0.257812
vt 0.681641 0.257812
vt 0.711914 0.257812
vt 0.742188 0.257812
vt 0.772461 0.257812
vt 0.802734 0.257812
vt 0.833008 0.257812
vt 0.863281 0.257812
vt 0.893555 0.257812
vt 0.923828 0.257812
vt 0.954102 0.257812
vt 0.984375 0.257812
vt 0.045898 0.288086
vt 0.015625 0.288086
vt 0.076172 0.288086
vt 0.106445 0.288086
vt 0.136719 0.288086
vt 0.166992 0.288086
vt 0.197266 0.288086
vt 0.227539 0.288086
vt 0.257812 0.288086
vt 0.288086 0.288086
vt 0.318359 0.288086
vt 0.348633 0.288086
vt 0.378906 0.288086
vt 0.409180 0.288086
vt 0.439453 0.288086
vt 0.469727 0.288086
vt 0.500000 0.288086
vt 0.530273 0.288086
vt 0.560547 0.288086
vt 0.590820 0.288086
vt 0.621094 0.288086
vt 0.651367 0.288086
vt 0.681641 0.288086
vt 0.711914 0.288086
vt 0.742188 0.288086
vt 0.772461 0.288086
vt 0.802734 0.288086
vt 0.833008 0.288086
vt 0.863281 0.288086
vt 0.893555 0.288086
vt 0.923828 0.288086
vt 0.954102 0.288086
vt 0.984375 0.288086
vt 0.045898 0.318359
vt 0.015625 0.318359
vt 0.076172 0.318359
vt 0.106445 0.318359
vt 0.136719 0.318359
vt 0.166992 0.318359
vt 0.197266 0.318359
vt 0.227539 0.318359
vt 0.257812 0.318359
vt 0.288086 0.318359
vt 0.318359 0.318359
vt 0.348633 0.318359
vt 0.378906 0.318359
vt 0.409180 0.318359
vt 0.439453 0.318359
vt 0.469727 0.318359
vt 0.500000 0.318359
vt 0.530273 0.318359
vt 0.560547 0.318359
vt 0.590820 0.318359
vt 0.621094 0.318359
vt 0.651367 0.318359
vt 0.681641 0.318359
vt 0.711914 0.318359
vt 0.742188 0.318359
vt 0.772461 0.318359
vt 0.802734 0.318359
vt 0.833008 0.318359
vt 0.863281 0.318359
vt 0.893555 0.318359
vt 0.923828 0.318359
vt 0.954102 0.318359
vt 0.984375 0.318359
vt 0.045898 0.348633
vt 0.015625 0.348633
vt 0.076172 0.348633
vt 0.106445 0.348633
vt 0.136719 0.348633
vt 0.166992 0.348633
vt 0.197266 0.348633
vt 0.227539 0.348633
vt 0.257812 0.348633
vt 0.288086 0.348633
vt 0.318359 0.348633
vt 0.348633 0.348633
vt 0.378906 0.348633
vt 0.409180 0.348633
vt 0.439453 0.348633
vt 0.469727 0.348633
vt 0.500000 0.348633
vt 0.530273 0.348633
vt 0.560547 0.348633
vt 0.590820 0.348633
vt 0.621094 0.348633
vt 0.651367 0.348633
vt 0.681641 0.348633
vt 0.711914 0.348633
vt 0.742188 0.348633
vt 0.772461 0.348633
vt 0.802734 0.348633
vt 0.833008 0.348633
vt 0.863281 0.348633
vt 0.893555 0.348633
vt 0.923828 0.348633
vt 0.954102 0.348633
vt 0.984375 0.348633
vt 0.045898 0.378906
vt 0.015625 0.378906
vt 0.076172 0.378906
vt 0.106445 0.378906
vt 0.136719 0.378906
vt 0.166992 0.378906
vt 0.197266 0.378906
vt 0.227539 0.378906
vt 0.257812 0.378906
vt 0.288086 0.378906
vt 0.318359 0.378906
vt 0.348633 0.378906
vt 0.378906 0.378906
vt 0.409180 0.378906
vt 0.439453 0.378906
vt 0.469727 0.378906
vt 0.500000 0.378906
vt 0.530273 0.378906
vt 0.560547 0.378906
vt 0.590820 0.378906
vt 0.621094 0.378906
vt 0.651367 0.378906
vt 0.681641 0.378906
vt 0.711914 0.378906
vt 0.742188 0.378906
vt 0.772461 0.378906
vt 0.802734 0.378906
vt 0.833008 0.378906
vt 0.863281 0.378906
vt 0.893555 0.378906
vt 0.923828 0.378906
vt 0.954102 0.378906
vt 0.984375 0.378906
vt 0.045898 0.409180
vt 0.015625 0.409180
vt 0.076172 0.409180
vt 0.106445 0.409180
vt 0.136719 0.409180
vt 0.166992 0.409180
vt 0.197266 0.409180
vt 0.227539 0.409180
vt 0.257812 0.409180
vt 0.288086 0.409180
vt 0.318359 0.409180
vt 0.348633 0.409180
vt 0.378906 0.409180
vt 0.409180 0.409180
vt 0.439453 0.409180
vt 0.469727 0.409180
vt 0.500000 0.409180
vt 0.530273 0.409180
vt 0.560547 0.409180
vt 0.590820 0.409180
vt 0.621094 0.409180
vt 0.651367 0.409180
vt 0.681641 0.409180
vt 0.711914 0.409180
vt 0.742188 0.409180
vt 0.772461 0.409180
vt 0.802734 0.409180
vt 0.833008 0.409180
vt 0.863281 0.409180
vt 0.893555 0.409180
vt 0.923828 0.409180
vt 0.954102 0.409180
vt 0.984375 0.409180
vt 0.045898 0.439453
vt 0.015625 0.439453
vt 0.076172 0.439453
vt 0.106445 0.439453
vt 0.136719 0.439453
vt 0.166992 0.439453
vt 0.197266 0.439453
vt 0.227539 0.439453
vt 0.257812 0.439453
vt 0.288086 0.439453
vt 0.318359 0.439453
vt 0.348633 0.439453
vt 0.378906 0.439453
vt 0.409180 0.439453
vt 0.439453 0.439453
vt 0.469727 0.439453
vt 0.500000 0.439453
vt 0.530273 0.439453
vt 0.560547 0.439453
vt 0.590820 0.439453
vt 0.621094 0.439453
vt 0.651367 0.439453
vt 0.681641 0.439453
vt 0.711914 0.439453
vt 0.742188 0.439453
vt 0.772461 0.439453
vt 0.802734 0.439453
vt 0.833008 0.439453
vt 0.863281 0.439453
vt 0.893555 0.439453
vt 0.923828 0.439453
vt 0.954102 0.439453
vt 0.984375 0.439453
vt 0.045898 0.469727
vt 0.015625 0.469727
vt 0.076172 0.469727
vt 0.106445 0.469727
vt 0.136719 0.469727
vt 0.166992 0.469727
vt 0.197266 0.469727
vt 0.227539 0.469727
vt 0.257812 0.469727
vt 0.288086 0.469727
vt 0.318359 0.469727
vt 0.348633 0.469727
vt 0.378906 0.469727
vt 0.409180 0.469727
vt 0.439453 0.469727
vt 0.469727 0.469727
vt 0.500000 0.469727
vt 0.530273 0.469727
vt 0.560547 0.469727
vt 0.590820 0.469727
vt 0.621094 0.469727
vt 0.651367 0.469727
vt 0.681641 0.469727
vt 0.711914 0.469727
vt 0.742188 0.469727
vt 0.772461 0.469727
vt 0.802734 0.469727
vt 0.833008 0.469727
vt 0.863281 0.469727
vt 0.893555 0.469727
vt 0.923828 0.469727
vt 0.954102 0.469727
vt 0.984375 0.469727
vt 0.045898 0.500000
vt 0.015625 0.500000
vt 0.076172 0.500000
vt 0.106445 0.500000
vt 0.136719 0.500000
vt 0.166992 0.500000
vt 0.197266 0.500000
vt 0.227539 0.500000
vt 0.257812 0.500000
vt 0.288086 0.500000
vt 0.318359 0.500000
vt 0.348633 0.500000
vt 0.378906 0.500000
vt 0.409180 0.500000
vt 0.439453 0.500000
vt 0.469727 0.500000
vt 0.500000 0.500000
vt 0.530273 0.500000
vt 0.560547 0.500000
vt 0.590820 0.500000
vt 0.621094 0.500000
vt 0.651367 0.500000
vt 0.681641 0.500000
vt 0.711914 0.500000
vt 0.742188 0.500000
vt 0.772461 0.500000
vt 0.802734 0.500000
vt 0.833008 0.500000
vt 0.863281 0.500000
vt 0.893555 0.500000
vt 0.923828 0.500000
vt 0.954102 0.500000
vt 0.984375 0.500000
vt 0.045898 0.530273
vt 0.015625 0.530273
vt 0.076172 0.530273
vt 0.106445 0.530273
vt 0.136719 0.530273
vt 0.166992 0.530273
vt 0.197266 0.530273
vt 0.227539 0.530273
vt 0.257812 0.530273
vt 0.288086 0.530273
vt 0.318359 0.530273
vt 0.348633 0.530273
vt 0.378906 0.530273
vt 0.409180 0.530273
vt 0.439453 0.530273
vt 0.469727 0.530273
vt 0.500000 0.530273
vt 0.530273 0.530273
vt 0.560547 0.530273
vt 0.590820 0.530273
vt 0.621094 0.530273
vt 0.651367 0.530273
vt 0.681641 0.530273
vt 0.711914 0.530273
vt 0.742188 0.530273
vt 0.772461 0.530273
vt 0.802734 0.530273
vt 0.833008 0.530273
vt 0.863281 0.530273
vt 0.893555 0.530273
vt 0.923828 0.530273
vt 0.954102 0.530273
vt 0.984375 0.530273
vt 0.045898 0.560547
vt 0.015625 0.560547
vt 0.076172 0.560547
vt 0.106445 0.560547
vt 0.136719 0.560547
vt 0.166992 0.560547
vt 0.197266 0.560547
vt 0.227539 0.560547
vt 0.257812 0.560547
vt 0.288086 0.560547
vt 0.318359 0.560547
vt 0.348633 0.560547
vt 0.378906 0.560547
vt 0.409180 0.560547
vt 0.439453 0.560547
vt 0.469727 0.560547
vt 0.500000 0.560547
vt 0.530273 0.560547
vt 0.560547 0.560547
vt 0.590820 0.560547
vt 0.621094 0.560547
vt 0.651367 0.560547
vt 0.681641 0.560547
vt 0.711914 0.560547
vt 0.742188 0.560547
vt 0.772461 0.560547
vt 0.802734 0.560547
vt 0.833008 0.560547
vt 0.863281 0.560547
vt 0.893555 0.560547
vt 0.923828 0.560547
vt 0.954102 0.560547
vt 0.984375 0.560547
vt 0.045898 0.590820
vt 0.015625 0.590820
vt 0.076172 0.590820
vt 0.106445 0.590820
vt 0.136719 0.590820
vt 0.166992 0.590820
vt 0.197266 0.590820
vt 0.227539 0.590820
vt 0.257812 0.590820
vt 0.288086 0.590820
vt 0.318359 0.590820
vt 0.348633 0.590820
vt 0.378906 0.590820
vt 0.409180 0.590820
vt 0.439453 0.590820
vt 0.469727 0.590820
vt 0.500000 0.590820
vt 0.530273 0.590820
vt 0.560547 0.590820
vt 0.590820 0.590820
vt 0.621094 0.590820
vt 0.651367 0.590820
vt 0.681641 0.590820
vt 0.711914 0.590820
vt 0.742188 0.590820
vt 0.772461 0.590820
vt 0.802734 0.590820
vt 0.833008 0.590820
vt 0.863281 0.590820
vt 0.893555 0.590820
vt 0.923828 0.590820
vt 0.954102 0.590820
vt 0.984375 0.590820
vt 0.045898 0.621094
vt 0.015625 0.621094
vt 0.076172 0.621094
vt 0.106445 0.621094
vt 0.136719 0.621094
vt 0.166992 0.621094
vt 0.197266 0.621094
vt 0.227539 0.621094
vt 0.257812 0.621094
vt 0.288086 0.621094
vt 0.318359 0.621094
vt 0.348633 0.621094
vt 0.378906 0.621094
vt 0.409180 0.621094
vt 0.439453 0.621094
vt 0.469727 0.621094
vt 0.500000 0.621094
vt 0.530273 0.621094
vt 0.560547 0.621094
vt 0.590820 0.621094
vt 0.621094 0.621094
vt 0.651367 0.621094
vt 0.681641 0.621094
vt 0.711914 0.621094
vt 0.742188 0.621094
vt 0.772461 0.621094
vt 0.802734 0.621094
vt 0.833008 0.621094
vt 0.863281 0.621094
vt 0.893555 0.621094
vt 0.923828 0.621094
vt 0.954102 0.621094
vt 0.984375 0.621094
vt 0.045898 0.651367
vt 0.015625 0.651367
vt 0.076172 0.651367
vt 0.106445 0.651367
vt 0.136719 0.651367
vt 0.166992 0.651367
vt 0.197266 0.651367
vt 0.227539 0.651367
vt 0.257812 0.651367
vt 0.288086 0.651367
vt 0.318359 0.651367
vt 0.348633 0.651367
vt 0.378906 0.651367
vt 0.409180 0.651367
vt 0.439453 0.651367
vt 0.469727 0.651367
vt 0.500000 0.651367
vt 0.530273 0.651367
vt 0.560547 0.651367
vt 0.590820 0.651367
vt 0.621094 0.651367
vt 0.651367 0.651367
vt 0.681641 0.651367
vt 0.711914 0.651367
vt 0.742188 0.651367
vt 0.772461 0.651367
vt 0.802734 0.651367
vt 0.833008 0.651367
vt 0.863281 0.651367
vt 0.893555 0.651367
vt 0.923828 0.651367
vt 0.954102 0.651367
vt 0.984375 0.651367
vt 0.045898 0.681641
vt 0.015625 0.681641
vt 0.076172 0.681641
vt 0.106445 0.681641
vt 0.136719 0.681641
vt 0.166992 0.681641
vt 0.197266 0.681641
vt 0.227539 0.681641
vt 0.257812 0.681641
vt 0.288086 0.681641
vt 0.318359 0.681641
vt 0.348633 0.681641
vt 0.378906 0.681641
vt 0.409180 0.681641
vt 0.439453 0.681641
vt 0.469727 0.681641
vt 0.500000 0.681641
vt 0.530273 0.681641
vt 0.560547 0.681641
vt 0.590820 0.681641
vt 0.621094 0.681641
vt 0.651367 0.681641
vt 0.681641 0.681641
vt 0.711914 0.681641
vt 0.742188 0.681641
vt 0.772461 0.681641
vt 0.802734 0.681641
vt 0.833008 0.681641
vt 0.863281 0.681641
vt 0.893555 0.681641
vt 0.923828 0.681641
vt 0.954102 0.681641
vt 0.984375 0.681641
vt 0.045898 0.711914
vt 0.015625 0.711914
vt 0.076172 0.711914
vt 0.106445 0.711914
vt 0.136719 0.711914
vt 0.166992 0.711914
vt 0.197266 0.711914
vt 0.227539 0.711914
vt 0.257812 0.711914
vt 0.288086 0.711914
vt 0.318359 0.711914
vt 0.348633 0.711914
vt 0.378906 0.711914
vt 0.409180 0.711914
vt 0.439453 0.711914
vt 0.469727 0.711914
vt 0.500000 0.711914
vt 0.530273 0.711914
vt 0.560547 0.711914
vt 0.590820 0.711914
vt 0.621094 0.711914
vt 0.651367 0.711914
vt 0.681641 0.711914
vt 0.711914 0.711914
vt 0.742188 0.711914
vt 0.772461 0.711914
vt 0.802734 0.711914
vt 0.833008 0.711914
vt 0.863281 0.711914
vt 0.893555 0.711914
vt 0.923828 0.711914
vt 0.954102 0.711914
vt 0.984375 0.711914
vt 0.045898 0.742188
vt 0.015625 0.742188
vt 0.076172 0.742188
vt 0.106445 0.742188
vt 0.136719 0.742188
vt 0.166992 0.742188
vt 0.197266 0.742188
vt 0.227539 0.742188
vt 0.257812 0.742188
vt 0.288086 0.742188
vt 0.318359 0.742188
vt 0.348633 0.742188
vt 0.378906 0.742188
vt 0.409180 0.742188
vt 0.439453 0.742188
vt 0.469727 0.742188
vt 0.500000 0.742188
vt 0.530273 0.742188
vt 0.560547 0.742188
vt 0.590820 0.742188
vt 0.621094 0.742188
vt 0.651367 0.742188
vt 0.681641 0.742188
vt 0.711914 0.742188
vt 0.742188 0.742188
vt 0.772461 0.742188
vt 0.802734 0.742188
vt 0.833008 0.742188
vt 0.863281 0.742188
vt 0.893555 0.742188
vt 0.923828 0.742188
vt 0.954102 0.742188
vt 0.984375 0.742188
vt 0.045898 0.772461
vt 0.015625 0.772461
vt 0.076172 0.772461
vt 0.106445 0.772461
vt 0.136719 0.772461
vt 0.166992 0.772461
vt 0.197266 0.772461
vt 0.227539 0.772461
vt 0.257812 0.772461
vt 0.288086 0.772461
vt 0.318359 0.772461
vt 0.348633 0.772461
vt 0.378906 0.772461
vt 0.409180 0.772461
vt 0.439453 0.772461
vt 0.469727 0.772461
vt 0.500000 0.772461
vt 0.530273 0.772461
vt 0.560547 0.772461
vt 0.590820 0.772461
vt 0.621094 0.772461
vt 0.651367 0.772461
vt 0.681641 0.772461
vt 0.711914 0.772461
vt 0.742188 0.772461
vt 0.772461 0.772461
vt 0.802734 0.772461
vt 0.833008 0.772461
vt 0.863281 0.772461
vt 0.893555 0.772461
vt 0.923828 0.772461
vt 0.954102 0.772461
vt 0.984375 0.772461
vt 0.045898 0.802734
vt 0.015625 0.802734
vt 0.076172 0.802734
vt 0.106445 0.802734
vt 0.136719 0.802734
vt 0.166992 0.802734
vt 0.197266 0.802734
vt 0.227539 0.802734
vt 0.257812 0.802734
vt 0.288086 0.802734
vt 0.318359 0.802734
vt 0.348633 0.802734
vt 0.378906 0.802734
vt 0.409180 0.802734
vt 0.439453 0.802734
vt 0.469727 0.802734
vt 0.500000 0.802734
vt 0.530273 0.802734
vt 0.560547 0.802734
vt 0.590820 0.802734
vt 0.621094 0.802734
vt 0.651367 0.802734
vt 0.681641 0.802734
vt 0.711914 0.802734
vt 0.742188 0.802734
vt 0.772461 0.802734
vt 0.802734 0.802734
vt 0.833008 0.802734
vt 0.863281 0.802734
vt 0.893555 0.802734
vt 0.923828 0.802734
vt 0.954102 0.802734
vt 0.984375 0.802734
vt 0.045898 0.833008
vt 0.015625 0.833008
vt 0.076172 0.833008
vt 0.106445 0.833008
vt 0.136719 0.833008
vt 0.166992 0.833008
vt 0.197266 0.833008
vt 0.227539 0.833008
vt 0.257812 0.833008
vt 0.288086 0.833008
vt 0.318359 0.833008
vt 0.348633 0.833008
vt 0.378906 0.833008
vt 0.409180 0.833008
vt 0.439453 0.833008
vt 0.469727 0.833008
vt 0.500000 0.833008
vt 0.530273 0.833008
vt 0.560547 0.833008
vt 0.590820 0.833008
vt 0.621094 0.833008
vt 0.651367 0.833008
vt 0.681641 0.833008
vt 0.711914 0.833008
vt 0.742188 0.833008
vt 0.772461 0.833008
vt 0.802734 0.833008
vt 0.833008 0.833008
vt 0.863281 0.833008
vt 0.893555 0.833008
vt 0.923828 0.833008
vt 0.954102 0.833008
vt 0.984375 0.833008
vt 0.045898 0.863281
vt 0.015625 0.863281
vt 0.076172 0.863281
vt 0.106445 0.863281
vt 0.136719 0.863281
vt 0.166992 0.863281
vt 0.197266 0.863281
vt 0.227539 0.863281
vt 0.257812 0.863281
vt 0.288086 0.863281
vt 0.318359 0.863281
vt 0.348633 0.863281
vt 0.378906 0.863281
vt 0.409180 0.863281
vt 0.439453 0.863281
vt 0.469727 0.863281
vt 0.500000 0.863281
vt 0.530273 0.863281
vt 0.560547 0.863281
vt 0.590820 0.863281
vt 0.621094 0.863281
vt 0.651367 0.863281
vt 0.681641 0.863281
vt 0.711914 0.863281
vt 0.742188 0.863281
vt 0.772461 0.863281
vt 0.802734 0.863281
vt 0.833008 0.863281
vt 0.863281 0.863281
vt 0.893555 0.863281
vt 0.923828 0.863281
vt 0.954102 0.863281
vt 0.984375 0.863281
vt 0.045898 0.893555
vt 0.015625 0.893555
vt 0.076172 0.893555
vt 0.106445 0.893555
vt 0.136719 0.893555
vt 0.166992 0.893555
vt 0.197266 0.893555
vt 0.227539 0.893555
vt 0.257812 0.893555
vt 0.288086 0.893555
vt 0.318359 0.893555
vt 0.348633 0.893555
vt 0.378906 0.893555
vt 0.409180 0.893555
vt 0.439453 0.893555
vt 0.469727 0.893555
vt 0.500000 0.893555
vt 0.530273 0.893555
vt 0.560547 0.893555
vt 0.590820 0.893555
vt 0.621094 0.893555
vt 0.651367 0.893555
vt 0.681641 0.893555
vt 0.711914 0.893555
vt 0.742188 0.893555
vt 0.772461 0.893555
vt 0.802734 0.893555
vt 0.833008 0.893555
vt 0.863281 0.893555
vt 0.893555 0.893555
vt 0.923828 0.893555
vt 0.954102 0.893555
vt 0.984375 0.893555
vt 0.045898 0.923828
vt 0.015625 0.923828
vt 0.076172 0.923828
vt 0.106445 0.923828
vt 0.136719 0.923828
vt 0.166992 0.923828
vt 0.197266 0.923828
vt 0.227539 0.923828
vt 0.257812 0.923828
vt 0.288086 0.923828
vt 0.318359 0.923828
vt 0.348633 0.923828
vt 0.378906 0.923828
vt 0.409180 0.923828
vt 0.439453 0.923828
vt 0.469727 0.923828
vt 0.500000 0.923828
vt 0.530273 0.923828
vt 0.560547 0.923828
vt 0.590820 0.923828
vt 0.621094 0.923828
vt 0.651367 0.923828
vt 0.681641 0.923828
vt 0.711914 0.923828
vt 0.742188 0.923828
vt 0.772461 0.923828
vt 0.802734 0.923828
vt 0.833008 0.923828
vt 0.863281 0.923828
vt 0.893555 0.923828
vt 0.923828 0.923828
vt 0.954102 0.923828
vt 0.984375 0.923828
vt 0.045898 0.954102
vt 0.015625 0.954102
vt 0.076172 0.954102
vt 0.106445 0.954102
vt 0.136719 0.954102
vt 0.166992 0.954102
vt 0.197266 0.954102
vt 0.227539 0.954102
vt 0.257812 0.954102
vt 0.288086 0.954102
vt 0.318359 0.954102
vt 0.348633 0.954102
vt 0.378906 0.954102
vt 0.409180 0.954102
vt 0.439453 0.954102
vt 0.469727 0.954102
vt 0.500000 0.954102
vt 0.530273 0.954102
vt 0.560547 0.954102
vt 0.590820 0.954102
vt 0.621094 0.954102
vt 0.651367 0.954102
vt 0.681641 0.954102
vt 0.711914 0.954102
vt 0.742188 0.954102
vt 0.772461 0.954102
vt 0.802734 0.954102
vt 0.833008 0.954102
vt 0.863281 0.954102
vt 0.893555 0.954102
vt 0.923828 0.954102
vt 0.954102 0.954102
vt 0.984375 0.954102
vt 0.045898 0.984375
vt 0.015625 0.984375
vt 0.076172 0.984375
vt 0.106445 0.984375
vt 0.136719 0.984375
vt 0.166992 0.984375
vt 0.197266 0.984375
vt 0.227539 0.984375
vt 0.257812 0.984375
vt 0.288086 0.984375
vt 0.318359 0.984375
vt 0.348633 0.984375
vt 0.378906 0.984375
vt 0.409180 0.984375
vt 0.439453 0.984375
vt 0.469727 0.984375
vt 0.500000 0.984375
vt 0.530273 0.984375
vt 0.560547 0.984375
vt 0.590820 0.984375
vt 0.621094 0.984375
vt 0.651367 0.984375
vt 0.681641 0.984375
vt 0.711914 0.984375
vt 0.742188 0.984375
vt 0.772461 0.984375
vt 0.802734 0.984375
vt 0.833008 0.984375
vt 0.863281 0.984375
vt 0.893555 0.984375
vt 0.923828 0.984375
vt 0.954102 0.984375
vt 0.984375 0.984375
s 1
f 1/1/1 2/2/2 35/3/3
f 1/1/1 35/3/3 34/4/4
f 2/2/2 3/5/5 36/6/6
f 2/2/2 36/6/6 35/3/3
f 3/5/5 4/7/7 37/8/8
f 3/5/5 37/8/8 36/6/6
f 4/7/7 5/9/9 38/10/10
f 4/7/7 38/10/10 37/8/8
f 5/9/9 6/11/11 39/12/12
f 5/9/9 39/12/12 38/10/10
f 6/11/11 7/13/13 40/14/14
f 6/11/11 40/14/14 39/12/12
f 7/13/13 8/15/15 41/16/16
f 7/13/13 41/16/16 40/14/14
f 8/15/15 9/17/17 42/18/18
f 8/15/15 42/18/18 41/16/16
f 9/17/17 10/19/19 43/20/20
f 9/17/17 43/20/20 42/18/18
f 10/19/19 11/21/21 44/22/22
f 10/19/19 44/22/22 43/20/20
f 11/21/21 12/23/23 45/24/24
f 11/21/21 45/24/24 44/22/22
f 12/23/23 13/25/25 46/26/26
f 12/23/23 46/26/26 45/24/24
f 13/25/25 14/27/27 47/28/28
f 13/25/25 47/28/28 46/26/26
f 14/27/27 15/29/29 48/30/30
f 14/27/27 48/30/30 47/28/28
f 15/29/29 16/31/31 49/32/32
f 15/29/29 49/32/32 48/30/30
f 16/31/31 17/33/33 50/34/34
f 16/31/31 50/34/34 49/32/32
f 17/33/33 18/35/35 51/36/36
f 17/33/33 51/36/36 50/34/34
f 18/35/35 19/37/37 52/38/38
f 18/35/35 52/38/38 51/36/36
f 19/37/37 20/39/39 53/40/40
f 19/37/37 53/40/40 52/38/38
f 20/39/39 21/41/41 54/42/42
f 20/39/39 54/42/42 53/40/40
f 21/41/41 22/43/43 55/44/44
f 21/41/41 55/44/44 54/42/42
f 22/43/43 23/45/45 56/46/46
f 22/43/43 56/46/46 55/44/44
f 23/45/45 24/47/47 57/48/48
f 23/45/45 57/48/48 56/46/46
f 24/47/47 25/49/49 58/50/50
f 24/47/47 58/50/50 57/48/48
f 25/49/49 26/51/51 59/52/52
f 25/49/49 59/52/52 58/50/50
f 26/51/51 27/53/53 60/54/54
f 26/51/51 60/54/54 59/52/52
f 27/53/53 28/55/55 61/56/55
f 27/53/53 61/56/55 60/54/54
f 28/55/55 29/57/55 62/58/56
f 28/55/55 62/58/56 61/56/55
f 29/57/55 30/59/55 63/60/57
f 29/57/55 63/60/57 62/58/56
f 30/59/55 31/61/58 64/62/59
f 30/59/55 64/62/59 63/60/57
f 31/61/58 32/63/60 65/64/61
f 31/61/58 65/64/61 64/62/59
f 32/63/60 33/65/62 66/66/63
f 32/63/60 66/66/63 65/64/61
f 34/4/4 35/3/3 68/67/64
f 34/4/4 68/67/64 67/68/65
f 35/3/3 36/6/6 69/69/66
f 35/3/3 69/69/66 68/67/64
f 36/6/6 37/8/8 70/70/67
f 36/6/6 70/70/67 69/69/66
f 37/8/8 38/10/10 71/71/68
f 37/8/8 71/71/68 70/70/67
f 38/10/10 39/12/12 72/72/69
f 38/10/10 72/72/69 71/71/68
f 39/12/12 40/14/14 73/73/70
f 39/12/12 73/73/70 72/72/69
f 40/14/14 41/16/16 74/74/71
f 40/14/14 74/74/71 73/73/70
f 41/16/16 42/18/18 75/75/72
f 41/16/16 75/75/72 74/74/71
f 42/18/18 43/20/20 76/76/73
f 42/18/18 76/76/73 75/75/72
f 43/20/20 44/22/22 77/77/74
f 43/20/20 77/77/74 76/76/73
f 44/22/22 45/24/24 78/78/75
f 44/22/22 78/78/75 77/77/74
f 45/24/24 46/26/26 79/79/76
f 45/24/24 79/79/76 78/78/75
f 46/26/26 47/28/28 80/80/77
f 46/26/26 80/80/77 79/79/76
f 47/28/28 48/30/30 81/81/78
f 47/28/28 81/81/78 80/80/77
f 48/30/30 49/32/32 82/82/79
f 48/30/30 82/82/79 81/81/78
f 49/32/32 50/34/34 83/83/80
f 49/32/32 83/83/80 82/82/79
f 50/34/34 51/36/36 84/84/81
f 50/34/34 84/84/81 83/83/80
f 51/36/36 52/38/38 85/85/82
f 51/36/36 85/85/82 84/84/81
f 52/38/38 53/40/40 86/86/83
f 52/38/38 86/86/83 85/85/82
f 53/40/40 54/42/42 87/87/84
f 53/40/40 87/87/84 86/86/83
f 54/42/42 55/44/44 88/88/85
f 54/42/42 88/88/85 87/87/84
f 55/44/44 56/46/46 89/89/86
f 55/44/44 89/89/86 88/88/85
f 56/46/46 57/48/48 90/90/87
f 56/46/46 90/90/87 89/89/86
f 57/48/48 58/50/50 91/91/88
f 57/48/48 91/91/88 90/90/87
f 58/50/50 59/52/52 92/92/89
f 58/50/50 92/92/89 91/91/88
f 59/52/52 60/54/54 93/93/90
f 59/52/52 93/93/90 92/92/89
f 60/54/54 61/56/55 94/94/91
f 60/54/54 94/94/91 93/93/90
f 61/56/55 62/58/56 95/95/92
f 61/56/55 95/95/92 94/94/91
f 62/58/56 63/60/57 96/96/93
f 62/58/56 96/96/93 95/95/92
f 63/60/57 64/62/59 97/97/94
f 63/60/57 97/97/94 96/96/93
f 64/62/59 65/64/61 98/98/63
f 64/62/59 98/98/63 97/97/94
f 65/64/61 66/66/63 99/99/63
f 65/64/61 99/99/63 98/98/63
f 67/68/65 68/67/64 101/100/95
f 67/68/65 101/100/95 100/101/96
f 68/67/64 69/69/66 102/102/97
f 68/67/64 102/102/97 101/100/95
f 69/69/66 70/70/67 103/103/98
f 69/69/66 103/103/98 102/102/97
f 70/70/67 71/71/68 104/104/99
f 70/70/67 104/104/99 103/103/98
f 71/71/68 72/72/69 105/105/100
f 71/71/68 105/105/100 104/104/99
f 72/72/69 73/73/70 106/106/101
f 72/72/69 106/106/101 105/105/100
f 73/73/70 74/74/71 107/107/102
f 73/73/70 107/107/102 106/106/101
f 74/74/71 75/75/72 108/108/103
f 74/74/71 108/108/103 107/107/102
f 75/75/72 76/76/73 109/109/104
f 75/75/72 109/109/104 108/108/103
f 76/76/73 77/77/74 110/110/105
f 76/76/73 110/110/105 109/109/104
f 77/77/74 78/78/75 111/111/106
f 77/77/74 111/111/106 110/110/105
f 78/78/75 79/79/76 112/112/107
f 78/78/75 112/112/107 111/111/106
f 79/79/76 80/80/77 113/113/108
f 79/79/76 113/113/108 112/112/107
f 80/80/77 81/81/78 114/114/109
f 80/80/77 114/114/109 113/113/108
f 81/81/78 82/82/79 115/115/110
f 81/81/78 115/115/110 114/114/109
f 82/82/79 83/83/80 116/116/111
f 82/82/79 116/116/111 115/115/110
f 83/83/80 84/84/81 117/117/112
f 83/83/80 117/117/112 116/116/111
f 84/84/81 85/85/82 118/118/113
f 84/84/81 118/118/113 117/117/112
f 85/85/82 86/86/83 119/119/114
f 85/85/82 119/119/114 118/118/113
f 86/86/83 87/87/84 120/120/115
f 86/86/83 120/120/115 119/119/114
f 87/87/84 88/88/85 121/121/116
f 87/87/84 121/121/116 120/120/115
f 88/88/85 89/89/86 122/122/117
f 88/88/85 122/122/117 121/121/116
f 89/89/86 90/90/87 123/123/118
f 89/89/86 123/123/118 122/122/117
f 90/90/87 91/91/88 124/124/119
f 90/90/87 124/124/119 123/123/118
f 91/91/88 92/92/89 125/125/120
f 91/91/88 125/125/120 124/124/119
f 92/92/89 93/93/90 126/126/121
f 92/92/89 126/126/121 125/125/120
f 93/93/90 94/94/91 127/127/122
f 93/93/90 127/127/122 126/126/121
f 94/94/91 95/95/92 128/128/61
f 94/94/91 128/128/61 127/127/122
f 95/95/92 96/96/93 129/129/63
f 95/95/92 129/129/63 128/128/61
f 96/96/93 97/97/94 130/130/63
f 96/96/93 130/130/63 129/129/63
f 97/97/94 98/98/63 131/131/63
f 97/97/94 131/131/63 130/130/63
f 98/98/63 99/99/63 132/132/63
f 98/98/63 132/132/63 131/131/63
f 100/101/96 101/100/95 134/133/123
f 100/101/96 134/133/123 133/134/124
f 101/100/95 102/102/97 135/135/125
f 101/100/95 135/135/125 134/133/123
f 102/102/97 103/103/98 136/136/126
f 102/102/97 136/136/126 135/135/125
f 103/103/98 104/104/99 137/137/127
f 103/103/98 137/137/127 136/136/126
f 104/104/99 105/105/100 138/138/128
f 104/104/99 138/138/128 137/137/127
f 105/105/100 106/106/101 139/139/129
f 105/105/100 139/139/129 138/138/128
f 106/106/101 107/107/102 140/140/130
f 106/106/101 140/140/130 139/139/129
f 107/107/102 108/108/103 141/141/131
f 107/107/102 141/141/131 140/140/130
f 108/108/103 109/109/104 142/142/132
f 108/108/103 142/142/132 141/141/131
f 109/109/104 110/110/105 143/143/133
f 109/109/104 143/143/133 142/142/132
f 110/110/105 111/111/106 144/144/134
f 110/110/105 144/144/134 143/143/133
f 111/111/106 112/112/107 145/145/135
f 111/111/106 145/145/135 144/144/134
f 112/112/107 113/113/108 146/146/136
f 112/112/107 146/146/136 145/145/135
f 113/113/108 114/114/109 147/147/137
f 113/113/108 147/147/137 146/146/136
f 114/114/109 115/115/110 148/148/138
f 114/114/109 148/148/138 147/147/137
f 115/115/110 116/116/111 149/149/139
f 115/115/110 149/149/139 148/148/138
f 116/116/111 117/117/112 150/150/140
f 116/116/111 150/150/140 149/149/139
f 117/117/112 118/118/113 151/151/141
f 117/117/112 151/151/141 150/150/140
f 118/118/113 119/119/114 152/152/142
f 118/118/113 152/152/142 151/151/141
f 119/119/114 120/120/115 153/153/143
f 119/119/114 153/153/143 152/152/142
f 120/120/115 121/121/116 154/154/144
f 120/120/115 154/154/144 153/153/143
f 121/121/116 122/122/117 155/155/145
f 121/121/116 155/155/145 154/154/144
f 122/122/117 123/123/118 156/156/146
f 122/122/117 156/156/146 155/155/145
f 123/123/118 124/124/119 157/157/147
f 123/123/118 157/157/147 156/156/146
f 124/124/119 125/125/120 158/158/148
f 124/124/119 158/158/148 157/157/147
f 125/125/120 126/126/121 159/159/149
f 125/125/120 159/159/149 158/158/148
f 126/126/121 127/127/122 160/160/150
f 126/126/121 160/160/150 159/159/149
f 127/127/122 128/128/61 161/161/151
f 127/127/122 161/161/151 160/160/150
f 128/128/61 129/129/63 162/162/152
f 128/128/61 162/162/152 161/161/151
f 129/129/63 130/130/63 163/163/153
f 129/129/63 163/163/153 162/162/152
f 130/130/63 131/131/63 164/164/63
f 130/130/63 164/164/63 163/163/153
f 131/131/63 132/132/63 165/165/63
f 131/131/63 165/165/63 164/164/63
f 133/134/124 134/133/123 167/166/154
f 133/134/124 167/166/154 166/167/155
f 134/133/123 135/135/125 168/168/156
f 134/133/123 168/168/156 167/166/154
f 135/135/125 136/136/126 169/169/157
f 135/135/125 169/169/157 168/168/156
f 136/136/126 137/137/127 170/170/158
f 136/136/126 170/170/158 169/169/157
f 137/137/127 138/138/128 171/171/159
f 137/137/127 171/171/159 170/170/158
f 138/138/128 139/139/129 172/172/160
f 138/138/128 172/172/160 171/171/159
f 139/139/129 140/140/130 173/173/161
f 139/139/129 173/173/161 172/172/160
f 140/140/130 141/141/131 174/174/162
f 140/140/130 174/174/162 173/173/161
f 141/141/131 142/142/132 175/175/163
f 141/141/131 175/175/163 174/174/162
f 142/142/132 143/143/133 176/176/164
f 142/142/132 176/176/164 175/175/163
f 143/143/133 144/144/134 177/177/165
f 143/143/133 177/177/165 176/176/164
f 144/144/134 145/145/135 178/178/166
f 144/144/134 178/178/166 177/177/165
f 145/145/135 146/146/136 179/179/167
f 145/145/135 179/179/167 178/178/166
f 146/146/136 147/147/137 180/180/168
f 146/146/136 180/180/168 179/179/167
f 147/147/137 148/148/138 181/181/169
f 147/147/137 181/181/169 180/180/168
f 148/148/138 149/149/139 182/182/170
f 148/148/138 182/182/170 181/181/169
f 149/149/139 150/150/140 183/183/171
f 149/149/139 183/183/171 182/182/170
f 150/150/140 151/151/141 184/184/172
f 150/150/140 184/184/172 183/183/171
f 151/151/141 152/152/142 185/185/173
f 151/151/141 185/185/173 184/184/172
f 152/152/142 153/153/143 186/186/174
f 152/152/142 186/186/174 185/185/173
f 153/153/143 154/154/144 187/187/175
f 153/153/143 187/187/175 186/186/174
f 154/154/144 155/155/145 188/188/176
f 154/154/144 188/188/176 187/187/175
f 155/155/145 156/156/146 189/189/177
f 155/155/145 189/189/177 188/188/176
f 156/156/146 157/157/147 190/190/178
f 156/156/146 190/190/178 189/189/177
f 157/157/147 158/158/148 191/191/179
f 157/157/147 191/191/179 190/190/178
f 158/158/148 159/159/149 192/192/180
f 158/158/148 192/192/180 191/191/179
f 159/159/149 160/160/150 193/193/181
f 159/159/149 193/193/181 192/192/180
f 160/160/150 161/161/151 194/194/182
f 160/160/150 194/194/182 193/193/181
f 161/161/151 162/162/152 195/195/183
f 161/161/151 195/195/183 194/194/182
f 162/162/152 163/163/153 196/196/184
f 162/162/152 196/196/184 195/195/183
f 163/163/153 164/164/63 197/197/152
f 163/163/153 197/197/152 196/196/184
f 164/164/63 165/165/63 198/198/61
f 164/164/63 198/198/61 197/197/152
f 166/167/155 167/166/154 200/199/185
f 166/167/155 200/199/185 199/200/186
f 167/166/154 168/168/156 201/201/187
f 167/166/154 201/201/187 200/199/185
f 168/168/156 169/169/157 202/202/188
f 168/168/156 202/202/188 201/201/187
f 169/169/157 170/170/158 203/203/189
f 169/169/157 203/203/189 202/202/188
f 170/170/158 171/171/159 204/204/190
f 170/170/158 204/204/190 203/203/189
f 171/171/159 172/172/160 205/205/191
f 171/171/159 205/205/191 204/204/190
f 172/172/160 173/173/161 206/206/192
f 172/172/160 206/206/192 205/205/191
f 173/173/161 174/174/162 207/207/193
f 173/173/161 207/207/193 206/206/192
f 174/174/162 175/175/163 208/208/194
f 174/174/162 208/208/194 207/207/193
f 175/175/163 176/176/164 209/209/195
f 175/175/163 209/209/195 208/208/194
f 176/176/164 177/177/165 210/210/196
f 176/176/164 210/210/196 209/209/195
f 177/177/165 178/178/166 211/211/197
f 177/177/165 211/211/197 210/210/196
f 178/178/166 179/179/167 212/212/198
f 178/178/166 212/212/198 211/211/197
f 179/179/167 180/180/168 213/213/199
f 179/179/167 213/213/199 212/212/198
f 180/180/168 181/181/169 214/214/200
f 180/180/168 214/214/200 213/213/199
f 181/181/169 182/182/170 215/215/201
f 181/181/169 215/215/201 214/214/200
f 182/182/170 183/183/171 216/216/202
f 182/182/170 216/216/202 215/215/201
f 183/183/171 184/184/172 217/217/203
f 183/183/171 217/217/203 216/216/202
f 184/184/172 185/185/173 218/218/204
f 184/184/172 218/218/204 217/217/203
f 185/185/173 186/186/174 219/219/205
f 185/185/173 219/219/205 218/218/204
f 186/186/174 187/187/175 220/220/206
f 186/186/174 220/220/206 219/219/205
f 187/187/175 188/188/176 221/221/207
f 187/187/175 221/221/207 220/220/206
f 188/188/176 189/189/177 222/222/208
f 188/188/176 222/222/208 221/221/207
f 189/189/177 190/190/178 223/223/209
f 189/189/177 223/223/209 222/222/208
f 190/190/178 191/191/179 224/224/210
f 190/190/178 224/224/210 223/223/209
f 191/191/179 192/192/180 225/225/211
f 191/191/179 225/225/211 224/224/210
f 192/192/180 193/193/181 226/226/212
f 192/192/180 226/226/212 225/225/211
f 193/193/181 194/194/182 227/227/213
f 193/193/181 227/227/213 226/226/212
f 194/194/182 195/195/183 228/228/214
f 194/194/182 228/228/214 227/227/213
f 195/195/183 196/196/184 229/229/215
f 195/195/183 229/229/215 228/228/214
f 196/196/184 197/197/152 230/230/216
f 196/196/184 230/230/216 229/229/215
f 197/197/152 198/198/61 231/231/217
f 197/197/152 231/231/217 230/230/216
f 199/200/186 200/199/185 233/232/218
f 199/200/186 233/232/218 232/233/219
f 200/199/185 201/201/187 234/234/220
f 200/199/185 234/234/220 233/232/218
f 201/201/187 202/202/188 235/235/221
f 201/201/187 235/235/221 234/234/220
f 202/202/188 203/203/189 236/236/222
f 202/202/188 236/236/222 235/235/221
f 203/203/189 204/204/190 237/237/223
f 203/203/189 237/237/223 236/236/222
f 204/204/190 205/205/191 238/238/224
f 204/204/190 238/238/224 237/237/223
f 205/205/191 206/206/192 239/239/225
f 205/205/191 239/239/225 238/238/224
f 206/206/192 207/207/193 240/240/226
f 206/206/192 240/240/226 239/239/225
f 207/207/193 208/208/194 241/241/227
f 207/207/193 241/241/227 240/240/226
f 208/208/194 209/209/195 242/242/228
f 208/208/194 242/242/228 241/241/227
f 209/209/195 210/210/196 243/243/229
f 209/209/195 243/243/229 242/242/228
f 210/210/196 211/211/197 244/244/230
f 210/210/196 244/244/230 243/243/229
f 211/211/197 212/212/198 245/245/231
f 211/211/197 245/245/231 244/244/230
f 212/212/198 213/213/199 246/246/232
f 212/212/198 246/246/232 245/245/231
f 213/213/199 214/214/200 247/247/233
f 213/213/199 247/247/233 246/246/232
f 214/214/200 215/215/201 248/248/234
f 214/214/200 248/248/234 247/247/233
f 215/215/201 216/216/202 249/249/235
f 215/215/201 249/249/235 248/248/234
f 216/216/202 217/217/203 250/250/236
f 216/216/202 250/250/236 249/249/235
f 217/217/203 218/218/204 251/251/237
f 217/217/203 251/251/237 250/250/236
f 218/218/204 219/219/205 252/252/238
f 218/218/204 252/252/238 251/251/237
f 219/219/205 220/220/206 253/253/239
f 219/219/205 253/253/239 252/252/238
f 220/220/206 221/221/207 254/254/240
f 220/220/206 254/254/240 253/253/239
f 221/221/207 222/222/208 255/255/241
f 221/221/207 255/255/241 254/254/240
f 222/222/208 223/223/209 256/256/242
f 222/222/208 256/256/242 255/255/241
f 223/223/209 224/224/210 257/257/243
f 223/223/209 257/257/243 256/256/242
f 224/224/210 225/225/211 258/258/244
f 224/224/210 258/258/244 257/257/243
f 225/225/211 226/226/212 259/259/245
f 225/225/211 259/259/245 258/258/244
f 226/226/212 227/227/213 260/260/246
f 226/226/212 260/260/246 259/259/245
f 227/227/213 228/228/214 261/261/247
f 227/227/213 261/261/247 260/260/246
f 228/228/214 229/229/215 262/262/248
f 228/228/214 262/262/248 261/261/247
f 229/229/215 230/230/216 263/263/249
f 229/229/215 263/263/249 262/262/248
f 230/230/216 231/231/217 264/264/250
f 230/230/216 264/264/250 263/263/249
f 232/233/219 233/232/218 266/265/251
f 232/233/219 266/265/251 265/266/252
f 233/232/218 234/234/220 267/267/253
f 233/232/218 267/267/253 266/265/251
f 234/234/220 235/235/221 268/268/254
f 234/234/220 268/268/254 267/267/253
f 235/235/221 236/236/222 269/269/255
f 235/235/221 269/269/255 268/268/254
f 236/236/222 237/237/223 270/270/256
f 236/236/222 270/270/256 269/269/255
f 237/237/223 238/238/224 271/271/257
f 237/237/223 271/271/257 270/270/256
f 238/238/224 239/239/225 272/272/258
f 238/238/224 272/272/258 271/271/257
f 239/239/225 240/240/226 273/273/259
f 239/239/225 273/273/259 272/272/258
f 240/240/226 241/241/227 274/274/260
f 240/240/226 274/274/260 273/273/259
f 241/241/227 242/242/228 275/275/261
f 241/241/227 275/275/261 274/274/260
f 242/242/228 243/243/229 276/276/262
f 242/242/228 276/276/262 275/275/261
f 243/243/229 244/244/230 277/277/263
f 243/243/229 277/277/263 276/276/262
f 244/244/230 245/245/231 278/278/264
f 244/244/230 278/278/264 277/277/263
f 245/245/231 246/246/232 279/279/265
f 245/245/231 279/279/265 278/278/264
f 246/246/232 247/247/233 280/280/266
f 246/246/232 280/280/266 279/279/265
f 247/247/233 248/248/234 281/281/267
f 247/247/233 281/281/267 280/280/266
f 248/248/234 249/249/235 282/282/268
f 248/248/234 282/282/268 281/281/267
f 249/249/235 250/250/236 283/283/269
f 249/249/235 283/283/269 282/282/268
f 250/250/236 251/251/237 284/284/270
f 250/250/236 284/284/270 283/283/269
f 251/251/237 252/252/238 285/285/271
f 251/251/237 285/285/271 284/284/270
f 252/252/238 253/253/239 286/286/272
f 252/252/238 286/286/272 285/285/271
f 253/253/239 254/254/240 287/287/273
f 253/253/239 287/287/273 286/286/272
f 254/254/240 255/255/241 288/288/274
f 254/254/240 288/288/274 287/287/273
f 255/255/241 256/256/242 289/289/275
f 255/255/241 289/289/275 288/288/274
f 256/256/242 257/257/243 290/290/276
f 256/256/242 290/290/276 289/289/275
f 257/257/243 258/258/244 291/291/277
f 257/257/243 291/291/277 290/290/276
f 258/258/244 259/259/245 292/292/278
f 258/258/244 292/292/278 291/291/277
f 259/259/245 260/260/246 293/293/279
f 259/259/245 293/293/279 292/292/278
f 260/260/246 261/261/247 294/294/280
f 260/260/246 294/294/280 293/293/279
f 261/261/247 262/262/248 295/295/281
f 261/261/247 295/295/281 294/294/280
f 262/262/248 263/263/249 296/296/282
f 262/262/248 296/296/282 295/295/281
f 263/263/249 264/264/250 297/297/283
f 263/263/249 297/297/283 296/296/282
f 265/266/252 266/265/251 299/298/284
f 265/266/252 299/298/284 298/299/285
f 266/265/251 267/267/253 300/300/286
f 266/265/251 300/300/286 299/298/284
f 267/267/253 268/268/254 301/301/287
f 267/267/253 301/301/287 300/300/286
f 268/268/254 269/269/255 302/302/288
f 268/268/254 302/302/288 301/301/287
f 269/269/255 270/270/256 303/303/289
f 269/269/255 303/303/289 302/302/288
f 270/270/256 271/271/257 304/304/290
f 270/270/256 304/304/290 303/303/289
f 271/271/257 272/272/258 305/305/291
f 271/271/257 305/305/291 304/304/290
f 272/272/258 273/273/259 306/306/292
f 272/272/258 306/306/292 305/305/291
f 273/273/259 274/274/260 307/307/293
f 273/273/259 307/307/293 306/306/292
f 274/274/260 275/275/261 308/308/294
f 274/274/260 308/308/294 307/307/293
f 275/275/261 276/276/262 309/309/295
f 275/275/261 309/309/295 308/308/294
f 276/276/262 277/277/263 310/310/296
f 276/276/262 310/310/296 309/309/295
f 277/277/263 278/278/264 311/311/297
f 277/277/263 311/311/297 310/310/296
f 278/278/264 279/279/265 312/312/298
f 278/278/264 312/312/298 311/311/297
f 279/279/265 280/280/266 313/313/299
f 279/279/265 313/313/299 312/312/298
f 280/280/266 281/281/267 314/314/300
f 280/280/266 314/314/300 313/313/299
f 281/281/267 282/282/268 315/315/301
f 281/281/267 315/315/301 314/314/300
f 282/282/268 283/283/269 316/316/302
f 282/282/268 316/316/302 315/315/301
f 283/283/269 284/284/270 317/317/303
f 283/283/269 317/317/303 316/316/302
f 284/284/270 285/285/271 318/318/304
f 284/284/270 318/318/304 317/317/303
f 285/285/271 286/286/272 319/319/305
f 285/285/271 319/319/305 318/318/304
f 286/286/272 287/287/273 320/320/306
f 286/286/272 320/320/306 319/319/305
f 287/287/273 288/288/274 321/321/307
f 287/287/273 321/321/307 320/320/306
f 288/288/274 289/289/275 322/322/308
f 288/288/274 322/322/308 321/321/307
f 289/289/275 290/290/276 323/323/309
f 289/289/275 323/323/309 322/322/308
f 290/290/276 291/291/277 324/324/310
f 290/290/276 324/324/310 323/323/309
f 291/291/277 292/292/278 325/325/311
f 291/291/277 325/325/311 324/324/310
f 292/292/278 293/293/279 326/326/312
f 292/292/278 326/326/312 325/325/311
f 293/293/279 294/294/280 327/327/313
f 293/293/279 327/327/313 326/326/312
f 294/294/280 295/295/281 328/328/283
f 294/294/280 328/328/283 327/327/313
f 295/295/281 296/296/282 329/329/314
f 295/295/281 329/329/314 328/328/283
f 296/296/282 297/297/283 330/330/315
f 296/296/282 330/330/315 329/329/314
f 298/299/285 299/298/284 332/331/316
f 298/299/285 332/331/316 331/332/317
f 299/298/284 300/300/286 333/333/318
f 299/298/284 333/333/318 332/331/316
f 300/300/286 301/301/287 334/334/319
f 300/300/286 334/334/319 333/333/318
f 301/301/287 302/302/288 335/335/320
f 301/301/287 335/335/320 334/334/319
f 302/302/288 303/303/289 336/336/321
f 302/302/288 336/336/321 335/335/320
f 303/303/289 304/304/290 337/337/322
f 303/303/289 337/337/322 336/336/321
f 304/304/290 305/305/291 338/338/323
f 304/304/290 338/338/323 337/337/322
f 305/305/291 306/306/292 339/339/324
f 305/305/291 339/339/324 338/338/323
f 306/306/292 307/307/293 340/340/325
f 306/306/292 340/340/325 339/339/324
f 307/307/293 308/308/294 341/341/326
f 307/307/293 341/341/326 340/340/325
f 308/308/294 309/309/295 342/342/327
f 308/308/294 342/342/327 341/341/326
f 309/309/295 310/310/296 343/343/328
f 309/309/295 343/343/328 342/342/327
f 310/310/296 311/311/297 344/344/329
f 310/310/296 344/344/329 343/343/328
f 311/311/297 312/312/298 345/345/330
f 311/311/297 345/345/330 344/344/329
f 312/312/298 313/313/299 346/346/331
f 312/312/298 346/346/331 345/345/330
f 313/313/299 314/314/300 347/347/332
f 313/313/299 347/347/332 346/346/331
f 314/314/300 315/315/301 348/348/333
f 314/314/300 348/348/333 347/347/332
f 315/315/301 316/316/302 349/349/334
f 315/315/301 349/349/334 348/348/333
f 316/316/302 317/317/303 350/350/335
f 316/316/302 350/350/335 349/349/334
f 317/317/303 318/318/304 351/351/336
f 317/317/303 351/351/336 350/350/335
f 318/318/304 319/319/305 352/352/337
f 318/318/304 352/352/337 351/351/336
f 319/319/305 320/320/306 353/353/338
f 319/319/305 353/353/338 352/352/337
f 320/320/306 321/321/307 354/354/339
f 320/320/306 354/354/339 353/353/338
f 321/321/307 322/322/308 355/355/340
f 321/321/307 355/355/340 354/354/339
f 322/322/308 323/323/309 356/356/341
f 322/322/308 356/356/341 355/355/340
f 323/323/309 324/324/310 357/357/342
f 323/323/309 357/357/342 356/356/341
f 324/324/310 325/325/311 358/358/343
f 324/324/310 358/358/343 357/357/342
f 325/325/311 326/326/312 359/359/344
f 325/325/311 359/359/344 358/358/343
f 326/326/312 327/327/313 360/360/314
f 326/326/312 360/360/314 359/359/344
f 327/327/313 328/328/283 361/361/314
f 327/327/313 361/361/314 360/360/314
f 328/328/283 329/329/314 362/362/315
f 328/328/283 362/362/315 361/361/314
f 329/329/314 330/330/315 363/363/314
f 329/329/314 363/363/314 362/362/315
f 331/332/317 332/331/316 365/364/345
f 331/332/317 365/364/345 364/365/346
f 332/331/316 333/333/318 366/366/347
f 332/331/316 366/366/347 365/364/345
f 333/333/318 334/334/319 367/367/348
f 333/333/318 367/367/348 366/366/347
f 334/334/319 335/335/320 368/368/349
f 334/334/319 368/368/349 367/367/348
f 335/335/320 336/336/321 369/369/350
f 335/335/320 369/369/350 368/368/349
f 336/336/321 337/337/322 370/370/351
f 336/336/321 370/370/351 369/369/350
f 337/337/322 338/338/323 371/371/352
f 337/337/322 371/371/352 370/370/351
f 338/338/323 339/339/324 372/372/353
f 338/338/323 372/372/353 371/371/352
f 339/339/324 340/340/325 373/373/354
f 339/339/324 373/373/354 372/372/353
f 340/340/325 341/341/326 374/374/355
f 340/340/325 374/374/355 373/373/354
f 341/341/326 342/342/327 375/375/356
f 341/341/326 375/375/356 374/374/355
f 342/342/327 343/343/328 376/376/357
f 342/342/327 376/376/357 375/375/356
f 343/343/328 344/344/329 377/377/358
f 343/343/328 377/377/358 376/376/357
f 344/344/329 345/345/330 378/378/359
f 344/344/329 378/378/359 377/377/358
f 345/345/330 346/346/331 379/379/360
f 345/345/330 379/379/360 378/378/359
f 346/346/331 347/347/332 380/380/361
f 346/346/331 380/380/361 379/379/360
f 347/347/332 348/348/333 381/381/362
f 347/347/332 381/381/362 380/380/361
f 348/348/333 349/349/334 382/382/363
f 348/348/333 382/382/363 381/381/362
f 349/349/334 350/350/335 383/383/364
f 349/349/334 383/383/364 382/382/363
f 350/350/335 351/351/336 384/384/365
f 350/350/335 384/384/365 383/383/364
f 351/351/336 352/352/337 385/385/366
f 351/351/336 385/385/366 384/384/365
f 352/352/337 353/353/338 386/386/367
f 352/352/337 386/386/367 385/385/366
f 353/353/338 354/354/339 387/387/368
f 353/353/338 387/387/368 386/386/367
f 354/354/339 355/355/340 388/388/369
f 354/354/339 388/388/369 387/387/368
f 355/355/340 356/356/341 389/389/370
f 355/355/340 389/389/370 388/388/369
f 356/356/341 357/357/342 390/390/371
f 356/356/341 390/390/371 389/389/370
f 357/357/342 358/358/343 391/391/372
f 357/357/342 391/391/372 390/390/371
f 358/358/343 359/359/344 392/392/373
f 358/358/343 392/392/373 391/391/372
f 359/359/344 360/360/314 393/393/283
f 359/359/344 393/393/283 392/392/373
f 360/360/314 361/361/314 394/394/315
f 360/360/314 394/394/315 393/393/283
f 361/361/314 362/362/315 395/395/314
f 361/361/314 395/395/314 394/394/315
f 362/362/315 363/363/314 396/396/314
f 362/362/315 396/396/314 395/395/314
f 364/365/346 365/364/345 398/397/374
f 364/365/346 398/397/374 397/398/375
f 365/364/345 366/366/347 399/399/376
f 365/364/345 399/399/376 398/397/374
f 366/366/347 367/367/348 400/400/377
f 366/366/347 400/400/377 399/399/376
f 367/367/348 368/368/349 401/401/378
f 367/367/348 401/401/378 400/400/377
f 368/368/349 369/369/350 402/402/379
f 368/368/349 402/402/379 401/401/378
f 369/369/350 370/370/351 403/403/380
f 369/369/350 403/403/380 402/402/379
f 370/370/351 371/371/352 404/404/381
f 370/370/351 404/404/381 403/403/380
f 371/371/352 372/372/353 405/405/382
f 371/371/352 405/405/382 404/404/381
f 372/372/353 373/373/354 406/406/354
f 372/372/353 406/406/354 405/405/382
f 373/373/354 374/374/355 407/407/383
f 373/373/354 407/407/383 406/406/354
f 374/374/355 375/375/356 408/408/384
f 374/374/355 408/408/384 407/407/383
f 375/375/356 376/376/357 409/409/385
f 375/375/356 409/409/385 408/408/384
f 376/376/357 377/377/358 410/410/386
f 376/376/357 410/410/386 409/409/385
f 377/377/358 378/378/359 411/411/387
f 377/377/358 411/411/387 410/410/386
f 378/378/359 379/379/360 412/412/388
f 378/378/359 412/412/388 411/411/387
f 379/379/360 380/380/361 413/413/389
f 379/379/360 413/413/389 412/412/388
f 380/380/361 381/381/362 414/414/390
f 380/380/361 414/414/390 413/413/389
f 381/381/362 382/382/363 415/415/391
f 381/381/362 415/415/391 414/414/390
f 382/382/363 383/383/364 416/416/392
f 382/382/363 416/416/392 415/415/391
f 383/383/364 384/384/365 417/417/393
f 383/383/364 417/417/393 416/416/392
f 384/384/365 385/385/366 418/418/394
f 384/384/365 418/418/394 417/417/393
f 385/385/366 386/386/367 419/419/395
f 385/385/366 419/419/395 418/418/394
f 386/386/367 387/387/368 420/420/396
f 386/386/367 420/420/396 419/419/395
f 387/387/368 388/388/369 421/421/397
f 387/387/368 421/421/397 420/420/396
f 388/388/369 389/389/370 422/422/398
f 388/388/369 422/422/398 421/421/397
f 389/389/370 390/390/371 423/423/399
f 389/389/370 423/423/399 422/422/398
f 390/390/371 391/391/372 424/424/400
f 390/390/371 424/424/400 423/423/399
f 391/391/372 392/392/373 425/425/401
f 391/391/372 425/425/401 424/424/400
f 392/392/373 393/393/283 426/426/402
f 392/392/373 426/426/402 425/425/401
f 393/393/283 394/394/315 427/427/373
f 393/393/283 427/427/373 426/426/402
f 394/394/315 395/395/314 428/428/283
f 394/394/315 428/428/283 427/427/373
f 395/395/314 396/396/314 429/429/314
f 395/395/314 429/429/314 428/428/283
f 397/398/375 398/397/374 431/430/403
f 397/398/375 431/430/403 430/431/404
f 398/397/374 399/399/376 432/432/405
f 398/397/374 432/432/405 431/430/403
f 399/399/376 400/400/377 433/433/406
f 399/399/376 433/433/406 432/432/405
f 400/400/377 401/401/378 434/434/407
f 400/400/377 434/434/407 433/433/406
f 401/401/378 402/402/379 435/435/408
f 401/401/378 435/435/408 434/434/407
f 402/402/379 403/403/380 436/436/409
f 402/402/379 436/436/409 435/435/408
f 403/403/380 404/404/381 437/437/410
f 403/403/380 437/437/410 436/436/409
f 404/404/381 405/405/382 438/438/411
f 404/404/381 438/438/411 437/437/410
f 405/405/382 406/406/354 439/439/412
f 405/405/382 439/439/412 438/438/411
f 406/406/354 407/407/383 440/440/413
f 406/406/354 440/440/413 439/439/412
f 407/407/383 408/408/384 441/441/414
f 407/407/383 441/441/414 440/440/413
f 408/408/384 409/409/385 442/442/415
f 408/408/384 442/442/415 441/441/414
f 409/409/385 410/410/386 443/443/416
f 409/409/385 443/443/416 442/442/415
f 410/410/386 411/411/387 444/444/417
f 410/410/386 444/444/417 443/443/416
f 411/411/387 412/412/388 445/445/418
f 411/411/387 445/445/418 444/444/417
f 412/412/388 413/413/389 446/446/419
f 412/412/388 446/446/419 445/445/418
f 413/413/389 414/414/390 447/447/420
f 413/413/389 447/447/420 446/446/419
f 414/414/390 415/415/391 448/448/421
f 414/414/390 448/448/421 447/447/420
f 415/415/391 416/416/392 449/449/422
f 415/415/391 449/449/422 448/448/421
f 416/416/392 417/417/393 450/450/423
f 416/416/392 450/450/423 449/449/422
f 417/417/393 418/418/394 451/451/424
f 417/417/393 451/451/424 450/450/423
f 418/418/394 419/419/395 452/452/425
f 418/418/394 452/452/425 451/451/424
f 419/419/395 420/420/396 453/453/426
f 419/419/395 453/453/426 452/452/425
f 420/420/396 421/421/397 454/454/427
f 420/420/396 454/454/427 453/453/426
f 421/421/397 422/422/398 455/455/428
f 421/421/397 455/455/428 454/454/427
f 422/422/398 423/423/399 456/456/429
f 422/422/398 456/456/429 455/455/428
f 423/423/399 424/424/400 457/457/430
f 423/423/399 457/457/430 456/456/429
f 424/424/400 425/425/401 458/458/431
f 424/424/400 458/458/431 457/457/430
f 425/425/401 426/426/402 459/459/432
f 425/425/401 459/459/432 458/458/431
f 426/426/402 427/427/373 460/460/433
f 426/426/402 460/460/433 459/459/432
f 427/427/373 428/428/283 461/461/434
f 427/427/373 461/461/434 460/460/433
f 428/428/283 429/429/314 462/462/435
f 428/428/283 462/462/435 461/461/434
f 430/431/404 431/430/403 464/463/436
f 430/431/404 464/463/436 463/464/437
f 431/430/403 432/432/405 465/465/438
f 431/430/403 465/465/438 464/463/436
f 432/432/405 433/433/406 466/466/439
f 432/432/405 466/466/439 465/465/438
f 433/433/406 434/434/407 467/467/440
f 433/433/406 467/467/440 466/466/439
f 434/434/407 435/435/408 468/468/441
f 434/434/407 468/468/441 467/467/440
f 435/435/408 436/436/409 469/469/442
f 435/435/408 469/469/442 468/468/441
f 436/436/409 437/437/410 470/470/443
f 436/436/409 470/470/443 469/469/442
f 437/437/410 438/438/411 471/471/444
f 437/437/410 471/471/444 470/470/443
f 438/438/411 439/439/412 472/472/445
f 438/438/411 472/472/445 471/471/444
f 439/439/412 440/440/413 473/473/446
f 439/439/412 473/473/446 472/472/445
f 440/440/413 441/441/414 474/474/447
f 440/440/413 474/474/447 473/473/446
f 441/441/414 442/442/415 475/475/448
f 441/441/414 475/475/448 474/474/447
f 442/442/415 443/443/416 476/476/449
f 442/442/415 476/476/449 475/475/448
f 443/443/416 444/444/417 477/477/450
f 443/443/416 477/477/450 476/476/449
f 444/444/417 445/445/418 478/478/451
f 444/444/417 478/478/451 477/477/450
f 445/445/418 446/446/419 479/479/452
f 445/445/418 479/479/452 478/478/451
f 446/446/419 447/447/420 480/480/453
f 446/446/419 480/480/453 479/479/452
f 447/447/420 448/448/421 481/481/454
f 447/447/420 481/481/454 480/480/453
f 448/448/421 449/449/422 482/482/455
f 448/448/421 482/482/455 481/481/454
f 449/449/422 450/450/423 483/483/456
f 449/449/422 483/483/456 482/482/455
f 450/450/423 451/451/424 484/484/457
f 450/450/423 484/484/457 483/483/456
f 451/451/424 452/452/425 485/485/458
f 451/451/424 485/485/458 484/484/457
f 452/452/425 453/453/426 486/486/459
f 452/452/425 486/486/459 485/485/458
f 453/453/426 454/454/427 487/487/460
f 453/453/426 487/487/460 486/486/459
f 454/454/427 455/455/428 488/488/461
f 454/454/427 488/488/461 487/487/460
f 455/455/428 456/456/429 489/489/462
f 455/455/428 489/489/462 488/488/461
f 456/456/429 457/457/430 490/490/463
f 456/456/429 490/490/463 489/489/462
f 457/457/430 458/458/431 491/491/463
f 457/457/430 491/491/463 490/490/463
f 458/458/431 459/459/432 492/492/463
f 458/458/431 492/492/463 491/491/463
f 459/459/432 460/460/433 493/493/463
f 459/459/432 493/493/463 492/492/463
f 460/460/433 461/461/434 494/494/463
f 460/460/433 494/494/463 493/493/463
f 461/461/434 462/462/435 495/495/464
f 461/461/434 495/495/464 494/494/463
f 463/464/437 464/463/436 497/496/465
f 463/464/437 497/496/465 496/497/466
f 464/463/436 465/465/438 498/498/467
f 464/463/436 498/498/467 497/496/465
f 465/465/438 466/466/439 499/499/468
f 465/465/438 499/499/468 498/498/467
f 466/466/439 467/467/440 500/500/469
f 466/466/439 500/500/469 499/499/468
f 467/467/440 468/468/441 501/501/470
f 467/467/440 501/501/470 500/500/469
f 468/468/441 469/469/442 502/502/471
f 468/468/441 502/502/471 501/501/470
f 469/469/442 470/470/443 503/503/472
f 469/469/442 503/503/472 502/502/471
f 470/470/443 471/471/444 504/504/473
f 470/470/443 504/504/473 503/503/472
f 471/471/444 472/472/445 505/505/474
f 471/471/444 505/505/474 504/504/473
f 472/472/445 473/473/446 506/506/475
f 472/472/445 506/506/475 505/505/474
f 473/473/446 474/474/447 507/507/476
f 473/473/446 507/507/476 506/506/475
f 474/474/447 475/475/448 508/508/477
f 474/474/447 508/508/477 507/507/476
f 475/475/448 476/476/449 509/509/478
f 475/475/448 509/509/478 508/508/477
f 476/476/449 477/477/450 510/510/479
f 476/476/449 510/510/479 509/509/478
f 477/477/450 478/478/451 511/511/480
f 477/477/450 511/511/480 510/510/479
f 478/478/451 479/479/452 512/512/481
f 478/478/451 512/512/481 511/511/480
f 479/479/452 480/480/453 513/513/482
f 479/479/452 513/513/482 512/512/481
f 480/480/453 481/481/454 514/514/483
f 480/480/453 514/514/483 513/513/482
f 481/481/454 482/482/455 515/515/484
f 481/481/454 515/515/484 514/514/483
f 482/482/455 483/483/456 516/516/485
f 482/482/455 516/516/485 515/515/484
f 483/483/456 484/484/457 517/517/486
f 483/483/456 517/517/486 516/516/485
f 484/484/457 485/485/458 518/518/487
f 484/484/457 518/518/487 517/517/486
f 485/485/458 486/486/459 519/519/488
f 485/485/458 519/519/488 518/518/487
f 486/486/459 487/487/460 520/520/489
f 486/486/459 520/520/489 519/519/488
f 487/487/460 488/488/461 521/521/490
f 487/487/460 521/521/490 520/520/489
f 488/488/461 489/489/462 522/522/491
f 488/488/461 522/522/491 521/521/490
f 489/489/462 490/490/463 523/523/492
f 489/489/462 523/523/492 522/522/491
f 490/490/463 491/491/463 524/524/493
f 490/490/463 524/524/493 523/523/492
f 491/491/463 492/492/463 525/525/494
f 491/491/463 525/525/494 524/524/493
f 492/492/463 493/493/463 526/526/495
f 492/492/463 526/526/495 525/525/494
f 493/493/463 494/494/463 527/527/496
f 493/493/463 527/527/496 526/526/495
f 494/494/463 495/495/464 528/528/497
f 494/494/463 528/528/497 527/527/496
f 496/497/466 497/496/465 530/529/498
f 496/497/466 530/529/498 529/530/499
f 497/496/465 498/498/467 531/531/500
f 497/496/465 531/531/500 530/529/498
f 498/498/467 499/499/468 532/532/501
f 498/498/467 532/532/501 531/531/500
f 499/499/468 500/500/469 533/533/502
f 499/499/468 533/533/502 532/532/501
f 500/500/469 501/501/470 534/534/503
f 500/500/469 534/534/503 533/533/502
f 501/501/470 502/502/471 535/535/504
f 501/501/470 535/535/504 534/534/503
f 502/502/471 503/503/472 536/536/505
f 502/502/471 536/536/505 535/535/504
f 503/503/472 504/504/473 537/537/506
f 503/503/472 537/537/506 536/536/505
f 504/504/473 505/505/474 538/538/507
f 504/504/473 538/538/507 537/537/506
f 505/505/474 506/506/475 539/539/508
f 505/505/474 539/539/508 538/538/507
f 506/506/475 507/507/476 540/540/509
f 506/506/475 540/540/509 539/539/508
f 507/507/476 508/508/477 541/541/510
f 507/507/476 541/541/510 540/540/509
f 508/508/477 509/509/478 542/542/511
f 508/508/477 542/542/511 541/541/510
f 509/509/478 510/510/479 543/543/512
f 509/509/478 543/543/512 542/542/511
f 510/510/479 511/511/480 544/544/513
f 510/510/479 544/544/513 543/543/512
f 511/511/480 512/512/481 545/545/514
f 511/511/480 545/545/514 544/544/513
f 512/512/481 513/513/482 546/546/515
f 512/512/481 546/546/515 545/545/514
f 513/513/482 514/514/483 547/547/516
f 513/513/482 547/547/516 546/546/515
f 514/514/483 515/515/484 548/548/517
f 514/514/483 548/548/517 547/547/516
f 515/515/484 516/516/485 549/549/518
f 515/515/484 549/549/518 548/548/517
f 516/516/485 517/517/486 550/550/519
f 516/516/485 550/550/519 549/549/518
f 517/517/486 518/518/487 551/551/520
f 517/517/486 551/551/520 550/550/519
f 518/518/487 519/519/488 552/552/521
f 518/518/487 552/552/521 551/551/520
f 519/519/488 520/520/489 553/553/522
f 519/519/488 553/553/522 552/552/521
f 520/520/489 521/521/490 554/554/523
f 520/520/489 554/554/523 553/553/522
f 521/521/490 522/522/491 555/555/524
f 521/521/490 555/555/524 554/554/523
f 522/522/491 523/523/492 556/556/525
f 522/522/491 556/556/525 555/555/524
f 523/523/492 524/524/493 557/557/526
f 523/523/492 557/557/526 556/556/525
f 524/524/493 525/525/494 558/558/527
f 524/524/493 558/558/527 557/557/526
f 525/525/494 526/526/495 559/559/528
f 525/525/494 559/559/528 558/558/527
f 526/526/495 527/527/496 560/560/529
f 526/526/495 560/560/529 559/559/528
f 527/527/496 528/528/497 561/561/530
f 527/527/496 561/561/530 560/560/529
f 529/530/499 530/529/498 563/562/531
f 529/530/499 563/562/531 562/563/532
f 530/529/498 531/531/500 564/564/533
f 530/529/498 564/564/533 563/562/531
f 531/531/500 532/532/501 565/565/534
f 531/531/500 565/565/534 564/564/533
f 532/532/501 533/533/502 566/566/535
f 532/532/501 566/566/535 565/565/534
f 533/533/502 534/534/503 567/567/536
f 533/533/502 567/567/536 566/566/535
f 534/534/503 535/535/504 568/568/537
f 534/534/503 568/568/537 567/567/536
f 535/535/504 536/536/505 569/569/538
f 535/535/504 569/569/538 568/568/537
f 536/536/505 537/537/506 570/570/539
f 536/536/505 570/570/539 569/569/538
f 537/537/506 538/538/507 571/571/540
f 537/537/506 571/571/540 570/570/539
f 538/538/507 539/539/508 572/572/541
f 538/538/507 572/572/541 571/571/540
f 539/539/508 540/540/509 573/573/542
f 539/539/508 573/573/542 572/572/541
f 540/540/509 541/541/510 574/574/543
f 540/540/509 574/574/543 573/573/542
f 541/541/510 542/542/511 575/575/544
f 541/541/510 575/575/544 574/574/543
f 542/542/511 543/543/512 576/576/545
f 542/542/511 576/576/545 575/575/544
f 543/543/512 544/544/513 577/577/546
f 543/543/512 577/577/546 576/576/545
f 544/544/513 545/545/514 578/578/547
f 544/544/513 578/578/547 577/577/546
f 545/545/514 546/546/515 579/579/548
f 545/545/514 579/579/548 578/578/547
f 546/546/515 547/547/516 580/580/549
f 546/546/515 580/580/549 579/579/548
f 547/547/516 548/548/517 581/581/550
f 547/547/516 581/581/550 580/580/549
f 548/548/517 549/549/518 582/582/551
f 548/548/517 582/582/551 581/581/550
f 549/549/518 550/550/519 583/583/552
f 549/549/518 583/583/552 582/582/551
f 550/550/519 551/551/520 584/584/553
f 550/550/519 584/584/553 583/583/552
f 551/551/520 552/552/521 585/585/554
f 551/551/520 585/585/554 584/584/553
f 552/552/521 553/553/522 586/586/555
f 552/552/521 586/586/555 585/585/554
f 553/553/522 554/554/523 587/587/556
f 553/553/522 587/587/556 586/586/555
f 554/554/523 555/555/524 588/588/557
f 554/554/523 588/588/557 587/587/556
f 555/555/524 556/556/525 589/589/527
f 555/555/524 589/589/527 588/588/557
f 556/556/525 557/557/526 590/590/528
f 556/556/525 590/590/528 589/589/527
f 557/557/526 558/558/527 591/591/529
f 557/557/526 591/591/529 590/590/528
f 558/558/527 559/559/528 592/592/530
f 558/558/527 592/592/530 591/591/529
f 559/559/528 560/560/529 593/593/530
f 559/559/528 593/593/530 592/592/530
f 560/560/529 561/561/530 594/594/530
f 560/560/529 594/594/530 593/593/530
f 562/563/532 563/562/531 596/595/558
f 562/563/532 596/595/558 595/596/559
f 563/562/531 564/564/533 597/597/560
f 563/562/531 597/597/560 596/595/558
f 564/564/533 565/565/534 598/598/561
f 564/564/533 598/598/561 597/597/560
f 565/565/534 566/566/535 599/599/562
f 565/565/534 599/599/562 598/598/561
f 566/566/535 567/567/536 600/600/563
f 566/566/535 600/600/563 599/599/562
f 567/567/536 568/568/537 601/601/564
f 567/567/536 601/601/564 600/600/563
f 568/568/537 569/569/538 602/602/565
f 568/568/537 602/602/565 601/601/564
f 569/569/538 570/570/539 603/603/566
f 569/569/538 603/603/566 602/602/565
f 570/570/539 571/571/540 604/604/567
f 570/570/539 604/604/567 603/603/566
f 571/571/540 572/572/541 605/605/568
f 571/571/540 605/605/568 604/604/567
f 572/572/541 573/573/542 606/606/569
f 572/572/541 606/606/569 605/605/568
f 573/573/542 574/574/543 607/607/570
f 573/573/542 607/607/570 606/606/569
f 574/574/543 575/575/544 608/608/571
f 574/574/543 608/608/571 607/607/570
f 575/575/544 576/576/545 609/609/572
f 575/575/544 609/609/572 608/608/571
f 576/576/545 577/577/546 610/610/573
f 576/576/545 610/610/573 609/609/572
f 577/577/546 578/578/547 611/611/574
f 577/577/546 611/611/574 610/610/573
f 578/578/547 579/579/548 612/612/575
f 578/578/547 612/612/575 611/611/574
f 579/579/548 580/580/549 613/613/576
f 579/579/548 613/613/576 612/612/575
f 580/580/549 581/581/550 614/614/577
f 580/580/549 614/614/577 613/613/576
f 581/581/550 582/582/551 615/615/578
f 581/581/550 615/615/578 614/614/577
f 582/582/551 583/583/552 616/616/579
f 582/582/551 616/616/579 615/615/578
f 583/583/552 584/584/553 617/617/580
f 583/583/552 617/617/580 616/616/579
f 584/584/553 585/585/554 618/618/581
f 584/584/553 618/618/581 617/617/580
f 585/585/554 586/586/555 619/619/582
f 585/585/554 619/619/582 618/618/581
f 586/586/555 587/587/556 620/620/583
f 586/586/555 620/620/583 619/619/582
f 587/587/556 588/588/557 621/621/584
f 587/587/556 621/621/584 620/620/583
f 588/588/557 589/589/527 622/622/585
f 588/588/557 622/622/585 621/621/584
f 589/589/527 590/590/528 623/623/586
f 589/589/527 623/623/586 622/622/585
f 590/590/528 591/591/529 624/624/530
f 590/590/528 624/624/530 623/623/586
f 591/591/529 592/592/530 625/625/530
f 591/591/529 625/625/530 624/624/530
f 592/592/530 593/593/530 626/626/530
f 592/592/530 626/626/530 625/625/530
f 593/593/530 594/594/530 627/627/530
f 593/593/530 627/627/530 626/626/530
f 595/596/559 596/595/558 629/628/587
f 595/596/559 629/628/587 628/629/588
f 596/595/558 597/597/560 630/630/589
f 596/595/558 630/630/589 629/628/587
f 597/597/560 598/598/561 631/631/590
f 597/597/560 631/631/590 630/630/589
f 598/598/561 599/599/562 632/632/591
f 598/598/561 632/632/591 631/631/590
f 599/599/562 600/600/563 633/633/592
f 599/599/562 633/633/592 632/632/591
f 600/600/563 601/601/564 634/634/593
f 600/600/563 634/634/593 633/633/592
f 601/601/564 602/602/565 635/635/594
f 601/601/564 635/635/594 634/634/593
f 602/602/565 603/603/566 636/636/595
f 602/602/565 636/636/595 635/635/594
f 603/603/566 604/604/567 637/637/596
f 603/603/566 637/637/596 636/636/595
f 604/604/567 605/605/568 638/638/597
f 604/604/567 638/638/597 637/637/596
f 605/605/568 606/606/569 639/639/598
f 605/605/568 639/639/598 638/638/597
f 606/606/569 607/607/570 640/640/599
f 606/606/569 640/640/599 639/639/598
f 607/607/570 608/608/571 641/641/600
f 607/607/570 641/641/600 640/640/599
f 608/608/571 609/609/572 642/642/601
f 608/608/571 642/642/601 641/641/600
f 609/609/572 610/610/573 643/643/602
f 609/609/572 643/643/602 642/642/601
f 610/610/573 611/611/574 644/644/603
f 610/610/573 644/644/603 643/643/602
f 611/611/574 612/612/575 645/645/604
f 611/611/574 645/645/604 644/644/603
f 612/612/575 613/613/576 646/646/605
f 612/612/575 646/646/605 645/645/604
f 613/613/576 614/614/577 647/647/606
f 613/613/576 647/647/606 646/646/605
f 614/614/577 615/615/578 648/648/607
f 614/614/577 648/648/607 647/647/606
f 615/615/578 616/616/579 649/649/608
f 615/615/578 649/649/608 648/648/607
f 616/616/579 617/617/580 650/650/609
f 616/616/579 650/650/609 649/649/608
f 617/617/580 618/618/581 651/651/610
f 617/617/580 651/651/610 650/650/609
f 618/618/581 619/619/582 652/652/611
f 618/618/581 652/652/611 651/651/610
f 619/619/582 620/620/583 653/653/612
f 619/619/582 653/653/612 652/652/611
f 620/620/583 621/621/584 654/654/613
f 620/620/583 654/654/613 653/653/612
f 621/621/584 622/622/585 655/655/614
f 621/621/584 655/655/614 654/654/613
f 622/622/585 623/623/586 656/656/615
f 622/622/585 656/656/615 655/655/614
f 623/623/586 624/624/530 657/657/616
f 623/623/586 657/657/616 656/656/615
f 624/624/530 625/625/530 658/658/529
f 624/624/530 658/658/529 657/657/616
f 625/625/530 626/626/530 659/659/530
f 625/625/530 659/659/530 658/658/529
f 626/626/530 627/627/530 660/660/530
f 626/626/530 660/660/530 659/659/530
f 628/629/588 629/628/587 662/661/617
f 628/629/588 662/661/617 661/662/618
f 629/628/587 630/630/589 663/663/619
f 629/628/587 663/663/619 662/661/617
f 630/630/589 631/631/590 664/664/620
f 630/630/589 664/664/620 663/663/619
f 631/631/590 632/632/591 665/665/621
f 631/631/590 665/665/621 664/664/620
f 632/632/591 633/633/592 666/666/622
f 632/632/591 666/666/622 665/665/621
f 633/633/592 634/634/593 667/667/623
f 633/633/592 667/667/623 666/666/622
f 634/634/593 635/635/594 668/668/624
f 634/634/593 668/668/624 667/667/623
f 635/635/594 636/636/595 669/669/625
f 635/635/594 669/669/625 668/668/624
f 636/636/595 637/637/596 670/670/626
f 636/636/595 670/670/626 669/669/625
f 637/637/596 638/638/597 671/671/627
f 637/637/596 671/671/627 670/670/626
f 638/638/597 639/639/598 672/672/628
f 638/638/597 672/672/628 671/671/627
f 639/639/598 640/640/599 673/673/629
f 639/639/598 673/673/629 672/672/628
f 640/640/599 641/641/600 674/674/630
f 640/640/599 674/674/630 673/673/629
f 641/641/600 642/642/601 675/675/631
f 641/641/600 675/675/631 674/674/630
f 642/642/601 643/643/602 676/676/632
f 642/642/601 676/676/632 675/675/631
f 643/643/602 644/644/603 677/677/633
f 643/643/602 677/677/633 676/676/632
f 644/644/603 645/645/604 678/678/634
f 644/644/603 678/678/634 677/677/633
f 645/645/604 646/646/605 679/679/635
f 645/645/604 679/679/635 678/678/634
f 646/646/605 647/647/606 680/680/636
f 646/646/605 680/680/636 679/679/635
f 647/647/606 648/648/607 681/681/637
f 647/647/606 681/681/637 680/680/636
f 648/648/607 649/649/608 682/682/638
f 648/648/607 682/682/638 681/681/637
f 649/649/608 650/650/609 683/683/639
f 649/649/608 683/683/639 682/682/638
f 650/650/609 651/651/610 684/684/640
f 650/650/609 684/684/640 683/683/639
f 651/651/610 652/652/611 685/685/641
f 651/651/610 685/685/641 684/684/640
f 652/652/611 653/653/612 686/686/642
f 652/652/611 686/686/642 685/685/641
f 653/653/612 654/654/613 687/687/643
f 653/653/612 687/687/643 686/686/642
f 654/654/613 655/655/614 688/688/644
f 654/654/613 688/688/644 687/687/643
f 655/655/614 656/656/615 689/689/645
f 655/655/614 689/689/645 688/688/644
f 656/656/615 657/657/616 690/690/646
f 656/656/615 690/690/646 689/689/645
f 657/657/616 658/658/529 691/691/647
f 657/657/616 691/691/647 690/690/646
f 658/658/529 659/659/530 692/692/616
f 658/658/529 692/692/616 691/691/647
f 659/659/530 660/660/530 693/693/586
f 659/659/530 693/693/586 692/692/616
f 661/662/618 662/661/617 695/694/648
f 661/662/618 695/694/648 694/695/649
f 662/661/617 663/663/619 696/696/650
f 662/661/617 696/696/650 695/694/648
f 663/663/619 664/664/620 697/697/651
f 663/663/619 697/697/651 696/696/650
f 664/664/620 665/665/621 698/698/652
f 664/664/620 698/698/652 697/697/651
f 665/665/621 666/666/622 699/699/653
f 665/665/621 699/699/653 698/698/652
f 666/666/622 667/667/623 700/700/654
f 666/666/622 700/700/654 699/699/653
f 667/667/623 668/668/624 701/701/655
f 667/667/623 701/701/655 700/700/654
f 668/668/624 669/669/625 702/702/656
f 668/668/624 702/702/656 701/701/655
f 669/669/625 670/670/626 703/703/657
f 669/669/625 703/703/657 702/702/656
f 670/670/626 671/671/627 704/704/658
f 670/670/626 704/704/658 703/703/657
f 671/671/627 672/672/628 705/705/659
f 671/671/627 705/705/659 704/704/658
f 672/672/628 673/673/629 706/706/660
f 672/672/628 706/706/660 705/705/659
f 673/673/629 674/674/630 707/707/661
f 673/673/629 707/707/661 706/706/660
f 674/674/630 675/675/631 708/708/662
f 674/674/630 708/708/662 707/707/661
f 675/675/631 676/676/632 709/709/663
f 675/675/631 709/709/663 708/708/662
f 676/676/632 677/677/633 710/710/664
f 676/676/632 710/710/664 709/709/663
f 677/677/633 678/678/634 711/711/665
f 677/677/633 711/711/665 710/710/664
f 678/678/634 679/679/635 712/712/666
f 678/678/634 712/712/666 711/711/665
f 679/679/635 680/680/636 713/713/667
f 679/679/635 713/713/667 712/712/666
f 680/680/636 681/681/637 714/714/668
f 680/680/636 714/714/668 713/713/667
f 681/681/637 682/682/638 715/715/669
f 681/681/637 715/715/669 714/714/668
f 682/682/638 683/683/639 716/716/670
f 682/682/638 716/716/670 715/715/669
f 683/683/639 684/684/640 717/717/671
f 683/683/639 717/717/671 716/716/670
f 684/684/640 685/685/641 718/718/672
f 684/684/640 718/718/672 717/717/671
f 685/685/641 686/686/642 719/719/673
f 685/685/641 719/719/673 718/718/672
f 686/686/642 687/687/643 720/720/674
f 686/686/642 720/720/674 719/719/673
f 687/687/643 688/688/644 721/721/675
f 687/687/643 721/721/675 720/720/674
f 688/688/644 689/689/645 722/722/676
f 688/688/644 722/722/676 721/721/675
f 689/689/645 690/690/646 723/723/677
f 689/689/645 723/723/677 722/722/676
f 690/690/646 691/691/647 724/724/678
f 690/690/646 724/724/678 723/723/677
f 691/691/647 692/692/616 725/725/679
f 691/691/647 725/725/679 724/724/678
f 692/692/616 693/693/586 726/726/680
f 692/692/616 726/726/680 725/725/679
f 694/695/649 695/694/648 728/727/681
f 694/695/649 728/727/681 727/728/682
f 695/694/648 696/696/650 729/729/683
f 695/694/648 729/729/683 728/727/681
f 696/696/650 697/697/651 730/730/684
f 696/696/650 730/730/684 729/729/683
f 697/697/651 698/698/652 731/731/685
f 697/697/651 731/731/685 730/730/684
f 698/698/652 699/699/653 732/732/686
f 698/698/652 732/732/686 731/731/685
f 699/699/653 700/700/654 733/733/687
f 699/699/653 733/733/687 732/732/686
f 700/700/654 701/701/655 734/734/688
f 700/700/654 734/734/688 733/733/687
f 701/701/655 702/702/656 735/735/689
f 701/701/655 735/735/689 734/734/688
f 702/702/656 703/703/657 736/736/690
f 702/702/656 736/736/690 735/735/689
f 703/703/657 704/704/658 737/737/691
f 703/703/657 737/737/691 736/736/690
f 704/704/658 705/705/659 738/738/692
f 704/704/658 738/738/692 737/737/691
f 705/705/659 706/706/660 739/739/693
f 705/705/659 739/739/693 738/738/692
f 706/706/660 707/707/661 740/740/694
f 706/706/660 740/740/694 739/739/693
f 707/707/661 708/708/662 741/741/695
f 707/707/661 741/741/695 740/740/694
f 708/708/662 709/709/663 742/742/696
f 708/708/662 742/742/696 741/741/695
f 709/709/663 710/710/664 743/743/697
f 709/709/663 743/743/697 742/742/696
f 710/710/664 711/711/665 744/744/698
f 710/710/664 744/744/698 743/743/697
f 711/711/665 712/712/666 745/745/699
f 711/711/665 745/745/699 744/744/698
f 712/712/666 713/713/667 746/746/700
f 712/712/666 746/746/700 745/745/699
f 713/713/667 714/714/668 747/747/701
f 713/713/667 747/747/701 746/746/700
f 714/714/668 715/715/669 748/748/702
f 714/714/668 748/748/702 747/747/701
f 715/715/669 716/716/670 749/749/703
f 715/715/669 749/749/703 748/748/702
f 716/716/670 717/717/671 750/750/704
f 716/716/670 750/750/704 749/749/703
f 717/717/671 718/718/672 751/751/705
f 717/717/671 751/751/705 750/750/704
f 718/718/672 719/719/673 752/752/706
f 718/718/672 752/752/706 751/751/705
f 719/719/673 720/720/674 753/753/707
f 719/719/673 753/753/707 752/752/706
f 720/720/674 721/721/675 754/754/708
f 720/720/674 754/754/708 753/753/707
f 721/721/675 722/722/676 755/755/709
f 721/721/675 755/755/709 754/754/708
f 722/722/676 723/723/677 756/756/710
f 722/722/676 756/756/710 755/755/709
f 723/723/677 724/724/678 757/757/711
f 723/723/677 757/757/711 756/756/710
f 724/724/678 725/725/679 758/758/712
f 724/724/678 758/758/712 757/757/711
f 725/725/679 726/726/680 759/759/713
f 725/725/679 759/759/713 758/758/712
f 727/728/682 728/727/681 761/760/714
f 727/728/682 761/760/714 760/761/715
f 728/727/681 729/729/683 762/762/716
f 728/727/681 762/762/716 761/760/714
f 729/729/683 730/730/684 763/763/717
f 729/729/683 763/763/717 762/762/716
f 730/730/684 731/731/685 764/764/718
f 730/730/684 764/764/718 763/763/717
f 731/731/685 732/732/686 765/765/719
f 731/731/685 765/765/719 764/764/718
f 732/732/686 733/733/687 766/766/720
f 732/732/686 766/766/720 765/765/719
f 733/733/687 734/734/688 767/767/721
f 733/733/687 767/767/721 766/766/720
f 734/734/688 735/735/689 768/768/722
f 734/734/688 768/768/722 767/767/721
f 735/735/689 736/736/690 769/769/723
f 735/735/689 769/769/723 768/768/722
f 736/736/690 737/737/691 770/770/724
f 736/736/690 770/770/724 769/769/723
f 737/737/691 738/738/692 771/771/725
f 737/737/691 771/771/725 770/770/724
f 738/738/692 739/739/693 772/772/726
f 738/738/692 772/772/726 771/771/725
f 739/739/693 740/740/694 773/773/727
f 739/739/693 773/773/727 772/772/726
f 740/740/694 741/741/695 774/774/728
f 740/740/694 774/774/728 773/773/727
f 741/741/695 742/742/696 775/775/729
f 741/741/695 775/775/729 774/774/728
f 742/742/696 743/743/697 776/776/730
f 742/742/696 776/776/730 775/775/729
f 743/743/697 744/744/698 777/777/731
f 743/743/697 777/777/731 776/776/730
f 744/744/698 745/745/699 778/778/732
f 744/744/698 778/778/732 777/777/731
f 745/745/699 746/746/700 779/779/733
f 745/745/699 779/779/733 778/778/732
f 746/746/700 747/747/701 780/780/734
f 746/746/700 780/780/734 779/779/733
f 747/747/701 748/748/702 781/781/735
f 747/747/701 781/781/735 780/780/734
f 748/748/702 749/749/703 782/782/736
f 748/748/702 782/782/736 781/781/735
f 749/749/703 750/750/704 783/783/737
f 749/749/703 783/783/737 782/782/736
f 750/750/704 751/751/705 784/784/738
f 750/750/704 784/784/738 783/783/737
f 751/751/705 752/752/706 785/785/739
f 751/751/705 785/785/739 784/784/738
f 752/752/706 753/753/707 786/786/740
f 752/752/706 786/786/740 785/785/739
f 753/753/707 754/754/708 787/787/741
f 753/753/707 787/787/741 786/786/740
f 754/754/708 755/755/709 788/788/742
f 754/754/708 788/788/742 787/787/741
f 755/755/709 756/756/710 789/789/743
f 755/755/709 789/789/743 788/788/742
f 756/756/710 757/757/711 790/790/744
f 756/756/710 790/790/744 789/789/743
f 757/757/711 758/758/712 791/791/745
f 757/757/711 791/791/745 790/790/744
f 758/758/712 759/759/713 792/792/746
f 758/758/712 792/792/746 791/791/745
f 760/761/715 761/760/714 794/793/747
f 760/761/715 794/793/747 793/794/748
f 761/760/714 762/762/716 795/795/749
f 761/760/714 795/795/749 794/793/747
f 762/762/716 763/763/717 796/796/750
f 762/762/716 796/796/750 795/795/749
f 763/763/717 764/764/718 797/797/751
f 763/763/717 797/797/751 796/796/750
f 764/764/718 765/765/719 798/798/752
f 764/764/718 798/798/752 797/797/751
f 765/765/719 766/766/720 799/799/753
f 765/765/719 799/799/753 798/798/752
f 766/766/720 767/767/721 800/800/754
f 766/766/720 800/800/754 799/799/753
f 767/767/721 768/768/722 801/801/755
f 767/767/721 801/801/755 800/800/754
f 768/768/722 769/769/723 802/802/756
f 768/768/722 802/802/756 801/801/755
f 769/769/723 770/770/724 803/803/757
f 769/769/723 803/803/757 802/802/756
f 770/770/724 771/771/725 804/804/758
f 770/770/724 804/804/758 803/803/757
f 771/771/725 772/772/726 805/805/759
f 771/771/725 805/805/759 804/804/758
f 772/772/726 773/773/727 806/806/760
f 772/772/726 806/806/760 805/805/759
f 773/773/727 774/774/728 807/807/761
f 773/773/727 807/807/761 806/806/760
f 774/774/728 775/775/729 808/808/762
f 774/774/728 808/808/762 807/807/761
f 775/775/729 776/776/730 809/809/763
f 775/775/729 809/809/763 808/808/762
f 776/776/730 777/777/731 810/810/764
f 776/776/730 810/810/764 809/809/763
f 777/777/731 778/778/732 811/811/765
f 777/777/731 811/811/765 810/810/764
f 778/778/732 779/779/733 812/812/766
f 778/778/732 812/812/766 811/811/765
f 779/779/733 780/780/734 813/813/767
f 779/779/733 813/813/767 812/812/766
f 780/780/734 781/781/735 814/814/768
f 780/780/734 814/814/768 813/813/767
f 781/781/735 782/782/736 815/815/769
f 781/781/735 815/815/769 814/814/768
f 782/782/736 783/783/737 816/816/770
f 782/782/736 816/816/770 815/815/769
f 783/783/737 784/784/738 817/817/771
f 783/783/737 817/817/771 816/816/770
f 784/784/738 785/785/739 818/818/772
f 784/784/738 818/818/772 817/817/771
f 785/785/739 786/786/740 819/819/773
f 785/785/739 819/819/773 818/818/772
f 786/786/740 787/787/741 820/820/774
f 786/786/740 820/820/774 819/819/773
f 787/787/741 788/788/742 821/821/775
f 787/787/741 821/821/775 820/820/774
f 788/788/742 789/789/743 822/822/776
f 788/788/742 822/822/776 821/821/775
f 789/789/743 790/790/744 823/823/777
f 789/789/743 823/823/777 822/822/776
f 790/790/744 791/791/745 824/824/778
f 790/790/744 824/824/778 823/823/777
f 791/791/745 792/792/746 825/825/778
f 791/791/745 825/825/778 824/824/778
f 793/794/748 794/793/747 827/826/779
f 793/794/748 827/826/779 826/827/780
f 794/793/747 795/795/749 828/828/781
f 794/793/747 828/828/781 827/826/779
f 795/795/749 796/796/750 829/829/782
f 795/795/749 829/829/782 828/828/781
f 796/796/750 797/797/751 830/830/783
f 796/796/750 830/830/783 829/829/782
f 797/797/751 798/798/752 831/831/784
f 797/797/751 831/831/784 830/830/783
f 798/798/752 799/799/753 832/832/785
f 798/798/752 832/832/785 831/831/784
f 799/799/753 800/800/754 833/833/786
f 799/799/753 833/833/786 832/832/785
f 800/800/754 801/801/755 834/834/787
f 800/800/754 834/834/787 833/833/786
f 801/801/755 802/802/756 835/835/788
f 801/801/755 835/835/788 834/834/787
f 802/802/756 803/803/757 836/836/789
f 802/802/756 836/836/789 835/835/788
f 803/803/757 804/804/758 837/837/790
f 803/803/757 837/837/790 836/836/789
f 804/804/758 805/805/759 838/838/791
f 804/804/758 838/838/791 837/837/790
f 805/805/759 806/806/760 839/839/792
f 805/805/759 839/839/792 838/838/791
f 806/806/760 807/807/761 840/840/793
f 806/806/760 840/840/793 839/839/792
f 807/807/761 808/808/762 841/841/794
f 807/807/761 841/841/794 840/840/793
f 808/808/762 809/809/763 842/842/795
f 808/808/762 842/842/795 841/841/794
f 809/809/763 810/810/764 843/843/796
f 809/809/763 843/843/796 842/842/795
f 810/810/764 811/811/765 844/844/797
f 810/810/764 844/844/797 843/843/796
f 811/811/765 812/812/766 845/845/798
f 811/811/765 845/845/798 844/844/797
f 812/812/766 813/813/767 846/846/799
f 812/812/766 846/846/799 845/845/798
f 813/813/767 814/814/768 847/847/800
f 813/813/767 847/847/800 846/846/799
f 814/814/768 815/815/769 848/848/801
f 814/814/768 848/848/801 847/847/800
f 815/815/769 816/816/770 849/849/802
f 815/815/769 849/849/802 848/848/801
f 816/816/770 817/817/771 850/850/803
f 816/816/770 850/850/803 849/849/802
f 817/817/771 818/818/772 851/851/804
f 817/817/771 851/851/804 850/850/803
f 818/818/772 819/819/773 852/852/805
f 818/818/772 852/852/805 851/851/804
f 819/819/773 820/820/774 853/853/806
f 819/819/773 853/853/806 852/852/805
f 820/820/774 821/821/775 854/854/807
f 820/820/774 854/854/807 853/853/806
f 821/821/775 822/822/776 855/855/778
f 821/821/775 855/855/778 854/854/807
f 822/822/776 823/823/777 856/856/778
f 822/822/776 856/856/778 855/855/778
f 823/823/777 824/824/778 857/857/778
f 823/823/777 857/857/778 856/856/778
f 824/824/778 825/825/778 858/858/808
f 824/824/778 858/858/808 857/857/778
f 826/827/780 827/826/779 860/859/809
f 826/827/780 860/859/809 859/860/810
f 827/826/779 828/828/781 861/861/811
f 827/826/779 861/861/811 860/859/809
f 828/828/781 829/829/782 862/862/812
f 828/828/781 862/862/812 861/861/811
f 829/829/782 830/830/783 863/863/813
f 829/829/782 863/863/813 862/862/812
f 830/830/783 831/831/784 864/864/814
f 830/830/783 864/864/814 863/863/813
f 831/831/784 832/832/785 865/865/815
f 831/831/784 865/865/815 864/864/814
f 832/832/785 833/833/786 866/866/816
f 832/832/785 866/866/816 865/865/815
f 833/833/786 834/834/787 867/867/817
f 833/833/786 867/867/817 866/866/816
f 834/834/787 835/835/788 868/868/818
f 834/834/787 868/868/818 867/867/817
f 835/835/788 836/836/789 869/869/819
f 835/835/788 869/869/819 868/868/818
f 836/836/789 837/837/790 870/870/820
f 836/836/789 870/870/820 869/869/819
f 837/837/790 838/838/791 871/871/821
f 837/837/790 871/871/821 870/870/820
f 838/838/791 839/839/792 872/872/822
f 838/838/791 872/872/822 871/871/821
f 839/839/792 840/840/793 873/873/823
f 839/839/792 873/873/823 872/872/822
f 840/840/793 841/841/794 874/874/824
f 840/840/793 874/874/824 873/873/823
f 841/841/794 842/842/795 875/875/825
f 841/841/794 875/875/825 874/874/824
f 842/842/795 843/843/796 876/876/826
f 842/842/795 876/876/826 875/875/825
f 843/843/796 844/844/797 877/877/827
f 843/843/796 877/877/827 876/876/826
f 844/844/797 845/845/798 878/878/828
f 844/844/797 878/878/828 877/877/827
f 845/845/798 846/846/799 879/879/829
f 845/845/798 879/879/829 878/878/828
f 846/846/799 847/847/800 880/880/830
f 846/846/799 880/880/830 879/879/829
f 847/847/800 848/848/801 881/881/831
f 847/847/800 881/881/831 880/880/830
f 848/848/801 849/849/802 882/882/832
f 848/848/801 882/882/832 881/881/831
f 849/849/802 850/850/803 883/883/833
f 849/849/802 883/883/833 882/882/832
f 850/850/803 851/851/804 884/884/834
f 850/850/803 884/884/834 883/883/833
f 851/851/804 852/852/805 885/885/835
f 851/851/804 885/885/835 884/884/834
f 852/852/805 853/853/806 886/886/836
f 852/852/805 886/886/836 885/885/835
f 853/853/806 854/854/807 887/887/837
f 853/853/806 887/887/837 886/886/836
f 854/854/807 855/855/778 888/888/777
f 854/854/807 888/888/777 887/887/837
f 855/855/778 856/856/778 889/889/778
f 855/855/778 889/889/778 888/888/777
f 856/856/778 857/857/778 890/890/778
f 856/856/778 890/890/778 889/889/778
f 857/857/778 858/858/808 891/891/778
f 857/857/778 891/891/778 890/890/778
f 859/860/810 860/859/809 893/892/838
f 859/860/810 893/892/838 892/893/839
f 860/859/809 861/861/811 894/894/840
f 860/859/809 894/894/840 893/892/838
f 861/861/811 862/862/812 895/895/841
f 861/861/811 895/895/841 894/894/840
f 862/862/812 863/863/813 896/896/842
f 862/862/812 896/896/842 895/895/841
f 863/863/813 864/864/814 897/897/843
f 863/863/813 897/897/843 896/896/842
f 864/864/814 865/865/815 898/898/844
f 864/864/814 898/898/844 897/897/843
f 865/865/815 866/866/816 899/899/845
f 865/865/815 899/899/845 898/898/844
f 866/866/816 867/867/817 900/900/846
f 866/866/816 900/900/846 899/899/845
f 867/867/817 868/868/818 901/901/847
f 867/867/817 901/901/847 900/900/846
f 868/868/818 869/869/819 902/902/848
f 868/868/818 902/902/848 901/901/847
f 869/869/819 870/870/820 903/903/849
f 869/869/819 903/903/849 902/902/848
f 870/870/820 871/871/821 904/904/850
f 870/870/820 904/904/850 903/903/849
f 871/871/821 872/872/822 905/905/851
f 871/871/821 905/905/851 904/904/850
f 872/872/822 873/873/823 906/906/852
f 872/872/822 906/906/852 905/905/851
f 873/873/823 874/874/824 907/907/853
f 873/873/823 907/907/853 906/906/852
f 874/874/824 875/875/825 908/908/854
f 874/874/824 908/908/854 907/907/853
f 875/875/825 876/876/826 909/909/855
f 875/875/825 909/909/855 908/908/854
f 876/876/826 877/877/827 910/910/856
f 876/876/826 910/910/856 909/909/855
f 877/877/827 878/878/828 911/911/857
f 877/877/827 911/911/857 910/910/856
f 878/878/828 879/879/829 912/912/858
f 878/878/828 912/912/858 911/911/857
f 879/879/829 880/880/830 913/913/859
f 879/879/829 913/913/859 912/912/858
f 880/880/830 881/881/831 914/914/860
f 880/880/830 914/914/860 913/913/859
f 881/881/831 882/882/832 915/915/861
f 881/881/831 915/915/861 914/914/860
f 882/882/832 883/883/833 916/916/862
f 882/882/832 916/916/862 915/915/861
f 883/883/833 884/884/834 917/917/863
f 883/883/833 917/917/863 916/916/862
f 884/884/834 885/885/835 918/918/864
f 884/884/834 918/918/864 917/917/863
f 885/885/835 886/886/836 919/919/865
f 885/885/835 919/919/865 918/918/864
f 886/886/836 887/887/837 920/920/866
f 886/886/836 920/920/866 919/919/865
f 887/887/837 888/888/777 921/921/867
f 887/887/837 921/921/867 920/920/866
f 888/888/777 889/889/778 922/922/868
f 888/888/777 922/922/868 921/921/867
f 889/889/778 890/890/778 923/923/869
f 889/889/778 923/923/869 922/922/868
f 890/890/778 891/891/778 924/924/778
f 890/890/778 924/924/778 923/923/869
f 892/893/839 893/892/838 926/925/870
f 892/893/839 926/925/870 925/926/871
f 893/892/838 894/894/840 927/927/872
f 893/892/838 927/927/872 926/925/870
f 894/894/840 895/895/841 928/928/873
f 894/894/840 928/928/873 927/927/872
f 895/895/841 896/896/842 929/929/874
f 895/895/841 929/929/874 928/928/873
f 896/896/842 897/897/843 930/930/875
f 896/896/842 930/930/875 929/929/874
f 897/897/843 898/898/844 931/931/876
f 897/897/843 931/931/876 930/930/875
f 898/898/844 899/899/845 932/932/877
f 898/898/844 932/932/877 931/931/876
f 899/899/845 900/900/846 933/933/878
f 899/899/845 933/933/878 932/932/877
f 900/900/846 901/901/847 934/934/879
f 900/900/846 934/934/879 933/933/878
f 901/901/847 902/902/848 935/935/880
f 901/901/847 935/935/880 934/934/879
f 902/902/848 903/903/849 936/936/881
f 902/902/848 936/936/881 935/935/880
f 903/903/849 904/904/850 937/937/882
f 903/903/849 937/937/882 936/936/881
f 904/904/850 905/905/851 938/938/883
f 904/904/850 938/938/883 937/937/882
f 905/905/851 906/906/852 939/939/884
f 905/905/851 939/939/884 938/938/883
f 906/906/852 907/907/853 940/940/885
f 906/906/852 940/940/885 939/939/884
f 907/907/853 908/908/854 941/941/886
f 907/907/853 941/941/886 940/940/885
f 908/908/854 909/909/855 942/942/887
f 908/908/854 942/942/887 941/941/886
f 909/909/855 910/910/856 943/943/888
f 909/909/855 943/943/888 942/942/887
f 910/910/856 911/911/857 944/944/889
f 910/910/856 944/944/889 943/943/888
f 911/911/857 912/912/858 945/945/890
f 911/911/857 945/945/890 944/944/889
f 912/912/858 913/913/859 946/946/891
f 912/912/858 946/946/891 945/945/890
f 913/913/859 914/914/860 947/947/892
f 913/913/859 947/947/892 946/946/891
f 914/914/860 915/915/861 948/948/893
f 914/914/860 948/948/893 947/947/892
f 915/915/861 916/916/862 949/949/894
f 915/915/861 949/949/894 948/948/893
f 916/916/862 917/917/863 950/950/895
f 916/916/862 950/950/895 949/949/894
f 917/917/863 918/918/864 951/951/896
f 917/917/863 951/951/896 950/950/895
f 918/918/864 919/919/865 952/952/897
f 918/918/864 952/952/897 951/951/896
f 919/919/865 920/920/866 953/953/897
f 919/919/865 953/953/897 952/952/897
f 920/920/866 921/921/867 954/954/865
f 920/920/866 954/954/865 953/953/897
f 921/921/867 922/922/868 955/955/898
f 921/921/867 955/955/898 954/954/865
f 922/922/868 923/923/869 956/956/899
f 922/922/868 956/956/899 955/955/898
f 923/923/869 924/924/778 957/957/900
f 923/923/869 957/957/900 956/956/899
f 925/926/871 926/925/870 959/958/901
f 925/926/871 959/958/901 958/959/902
f 926/925/870 927/927/872 960/960/903
f 926/925/870 960/960/903 959/958/901
f 927/927/872 928/928/873 961/961/904
f 927/927/872 961/961/904 960/960/903
f 928/928/873 929/929/874 962/962/905
f 928/928/873 962/962/905 961/961/904
f 929/929/874 930/930/875 963/963/906
f 929/929/874 963/963/906 962/962/905
f 930/930/875 931/931/876 964/964/907
f 930/930/875 964/964/907 963/963/906
f 931/931/876 932/932/877 965/965/908
f 931/931/876 965/965/908 964/964/907
f 932/932/877 933/933/878 966/966/909
f 932/932/877 966/966/909 965/965/908
f 933/933/878 934/934/879 967/967/910
f 933/933/878 967/967/910 966/966/909
f 934/934/879 935/935/880 968/968/911
f 934/934/879 968/968/911 967/967/910
f 935/935/880 936/936/881 969/969/912
f 935/935/880 969/969/912 968/968/911
f 936/936/881 937/937/882 970/970/913
f 936/936/881 970/970/913 969/969/912
f 937/937/882 938/938/883 971/971/914
f 937/937/882 971/971/914 970/970/913
f 938/938/883 939/939/884 972/972/915
f 938/938/883 972/972/915 971/971/914
f 939/939/884 940/940/885 973/973/916
f 939/939/884 973/973/916 972/972/915
f 940/940/885 941/941/886 974/974/917
f 940/940/885 974/974/917 973/973/916
f 941/941/886 942/942/887 975/975/918
f 941/941/886 975/975/918 974/974/917
f 942/942/887 943/943/888 976/976/919
f 942/942/887 976/976/919 975/975/918
f 943/943/888 944/944/889 977/977/920
f 943/943/888 977/977/920 976/976/919
f 944/944/889 945/945/890 978/978/921
f 944/944/889 978/978/921 977/977/920
f 945/945/890 946/946/891 979/979/922
f 945/945/890 979/979/922 978/978/921
f 946/946/891 947/947/892 980/980/923
f 946/946/891 980/980/923 979/979/922
f 947/947/892 948/948/893 981/981/924
f 947/947/892 981/981/924 980/980/923
f 948/948/893 949/949/894 982/982/925
f 948/948/893 982/982/925 981/981/924
f 949/949/894 950/950/895 983/983/926
f 949/949/894 983/983/926 982/982/925
f 950/950/895 951/951/896 984/984/927
f 950/950/895 984/984/927 983/983/926
f 951/951/896 952/952/897 985/985/897
f 951/951/896 985/985/897 984/984/927
f 952/952/897 953/953/897 986/986/928
f 952/952/897 986/986/928 985/985/897
f 953/953/897 954/954/865 987/987/897
f 953/953/897 987/987/897 986/986/928
f 954/954/865 955/955/898 988/988/897
f 954/954/865 988/988/897 987/987/897
f 955/955/898 956/956/899 989/989/929
f 955/955/898 989/989/929 988/988/897
f 956/956/899 957/957/900 990/990/930
f 956/956/899 990/990/930 989/989/929
f 958/959/902 959/958/901 992/991/931
f 958/959/902 992/991/931 991/992/932
f 959/958/901 960/960/903 993/993/933
f 959/958/901 993/993/933 992/991/931
f 960/960/903 961/961/904 994/994/934
f 960/960/903 994/994/934 993/993/933
f 961/961/904 962/962/905 995/995/935
f 961/961/904 995/995/935 994/994/934
f 962/962/905 963/963/906 996/996/936
f 962/962/905 996/996/936 995/995/935
f 963/963/906 964/964/907 997/997/937
f 963/963/906 997/997/937 996/996/936
f 964/964/907 965/965/908 998/998/938
f 964/964/907 998/998/938 997/997/937
f 965/965/908 966/966/909 999/999/939
f 965/965/908 999/999/939 998/998/938
f 966/966/909 967/967/910 1000/1000/940
f 966/966/909 1000/1000/940 999/999/939
f 967/967/910 968/968/911 1001/1001/941
f 967/967/910 1001/1001/941 1000/1000/940
f 968/968/911 969/969/912 1002/1002/942
f 968/968/911 1002/1002/942 1001/1001/941
f 969/969/912 970/970/913 1003/1003/943
f 969/969/912 1003/1003/943 1002/1002/942
f 970/970/913 971/971/914 1004/1004/944
f 970/970/913 1004/1004/944 1003/1003/943
f 971/971/914 972/972/915 1005/1005/945
f 971/971/914 1005/1005/945 1004/1004/944
f 972/972/915 973/973/916 1006/1006/946
f 972/972/915 1006/1006/946 1005/1005/945
f 973/973/916 974/974/917 1007/1007/947
f 973/973/916 1007/1007/947 1006/1006/946
f 974/974/917 975/975/918 1008/1008/948
f 974/974/917 1008/1008/948 1007/1007/947
f 975/975/918 976/976/919 1009/1009/949
f 975/975/918 1009/1009/949 1008/1008/948
f 976/976/919 977/977/920 1010/1010/950
f 976/976/919 1010/1010/950 1009/1009/949
f 977/977/920 978/978/921 1011/1011/951
f 977/977/920 1011/1011/951 1010/1010/950
f 978/978/921 979/979/922 1012/1012/952
f 978/978/921 1012/1012/952 1011/1011/951
f 979/979/922 980/980/923 1013/1013/953
f 979/979/922 1013/1013/953 1012/1012/952
f 980/980/923 981/981/924 1014/1014/954
f 980/980/923 1014/1014/954 1013/1013/953
f 981/981/924 982/982/925 1015/1015/955
f 981/981/924 1015/1015/955 1014/1014/954
f 982/982/925 983/983/926 1016/1016/956
f 982/982/925 1016/1016/956 1015/1015/955
f 983/983/926 984/984/927 1017/1017/957
f 983/983/926 1017/1017/957 1016/1016/956
f 984/984/927 985/985/897 1018/1018/928
f 984/984/927 1018/1018/928 1017/1017/957
f 985/985/897 986/986/928 1019/1019/928
f 985/985/897 1019/1019/928 1018/1018/928
f 986/986/928 987/987/897 1020/1020/958
f 986/986/928 1020/1020/958 1019/1019/928
f 987/987/897 988/988/897 1021/1021/959
f 987/987/897 1021/1021/959 1020/1020/958
f 988/988/897 989/989/929 1022/1022/960
f 988/988/897 1022/1022/960 1021/1021/959
f 989/989/929 990/990/930 1023/1023/961
f 989/989/929 1023/1023/961 1022/1022/960
f 991/992/932 992/991/931 1025/1024/962
f 991/992/932 1025/1024/962 1024/1025/963
f 992/991/931 993/993/933 1026/1026/964
f 992/991/931 1026/1026/964 1025/1024/962
f 993/993/933 994/994/934 1027/1027/965
f 993/993/933 1027/1027/965 1026/1026/964
f 994/994/934 995/995/935 1028/1028/966
f 994/994/934 1028/1028/966 1027/1027/965
f 995/995/935 996/996/936 1029/1029/967
f 995/995/935 1029/1029/967 1028/1028/966
f 996/996/936 997/997/937 1030/1030/968
f 996/996/936 1030/1030/968 1029/1029/967
f 997/997/937 998/998/938 1031/1031/969
f 997/997/937 1031/1031/969 1030/1030/968
f 998/998/938 999/999/939 1032/1032/970
f 998/998/938 1032/1032/970 1031/1031/969
f 999/999/939 1000/1000/940 1033/1033/971
f 999/999/939 1033/1033/971 1032/1032/970
f 1000/1000/940 1001/1001/941 1034/1034/972
f 1000/1000/940 1034/1034/972 1033/1033/971
f 1001/1001/941 1002/1002/942 1035/1035/973
f 1001/1001/941 1035/1035/973 1034/1034/972
f 1002/1002/942 1003/1003/943 1036/1036/974
f 1002/1002/942 1036/1036/974 1035/1035/973
f 1003/1003/943 1004/1004/944 1037/1037/975
f 1003/1003/943 1037/1037/975 1036/1036/974
f 1004/1004/944 1005/1005/945 1038/1038/976
f 1004/1004/944 1038/1038/976 1037/1037/975
f 1005/1005/945 1006/1006/946 1039/1039/977
f 1005/1005/945 1039/1039/977 1038/1038/976
f 1006/1006/946 1007/1007/947 1040/1040/978
f 1006/1006/946 1040/1040/978 1039/1039/977
f 1007/1007/947 1008/1008/948 1041/1041/979
f 1007/1007/947 1041/1041/979 1040/1040/978
f 1008/1008/948 1009/1009/949 1042/1042/980
f 1008/1008/948 1042/1042/980 1041/1041/979
f 1009/1009/949 1010/1010/950 1043/1043/981
f 1009/1009/949 1043/1043/981 1042/1042/980
f 1010/1010/950 1011/1011/951 1044/1044/982
f 1010/1010/950 1044/1044/982 1043/1043/981
f 1011/1011/951 1012/1012/952 1045/1045/983
f 1011/1011/951 1045/1045/983 1044/1044/982
f 1012/1012/952 1013/1013/953 1046/1046/984
f 1012/1012/952 1046/1046/984 1045/1045/983
f 1013/1013/953 1014/1014/954 1047/1047/985
f 1013/1013/953 1047/1047/985 1046/1046/984
f 1014/1014/954 1015/1015/955 1048/1048/986
f 1014/1014/954 1048/1048/986 1047/1047/985
f 1015/1015/955 1016/1016/956 1049/1049/987
f 1015/1015/955 1049/1049/987 1048/1048/986
f 1016/1016/956 1017/1017/957 1050/1050/988
f 1016/1016/956 1050/1050/988 1049/1049/987
f 1017/1017/957 1018/1018/928 1051/1051/989
f 1017/1017/957 1051/1051/989 1050/1050/988
f 1018/1018/928 1019/1019/928 1052/1052/990
f 1018/1018/928 1052/1052/990 1051/1051/989
f 1019/1019/928 1020/1020/958 1053/1053/991
f 1019/1019/928 1053/1053/991 1052/1052/990
f 1020/1020/958 1021/1021/959 1054/1054/961
f 1020/1020/958 1054/1054/961 1053/1053/991
f 1021/1021/959 1022/1022/960 1055/1055/992
f 1021/1021/959 1055/1055/992 1054/1054/961
f 1022/1022/960 1023/1023/961 1056/1056/993
f 1022/1022/960 1056/1056/993 1055/1055/992
f 1024/1025/963 1025/1024/962 1058/1057/994
f 1024/1025/963 1058/1057/994 1057/1058/995
f 1025/1024/962 1026/1026/964 1059/1059/996
f 1025/1024/962 1059/1059/996 1058/1057/994
f 1026/1026/964 1027/1027/965 1060/1060/997
f 1026/1026/964 1060/1060/997 1059/1059/996
f 1027/1027/965 1028/1028/966 1061/1061/998
f 1027/1027/965 1061/1061/998 1060/1060/997
f 1028/1028/966 1029/1029/967 1062/1062/999
f 1028/1028/966 1062/1062/999 1061/1061/998
f 1029/1029/967 1030/1030/968 1063/1063/1000
f 1029/1029/967 1063/1063/1000 1062/1062/999
f 1030/1030/968 1031/1031/969 1064/1064/1001
f 1030/1030/968 1064/1064/1001 1063/1063/1000
f 1031/1031/969 1032/1032/970 1065/1065/1002
f 1031/1031/969 1065/1065/1002 1064/1064/1001
f 1032/1032/970 1033/1033/971 1066/1066/1003
f 1032/1032/970 1066/1066/1003 1065/1065/1002
f 1033/1033/971 1034/1034/972 1067/1067/1004
f 1033/1033/971 1067/1067/1004 1066/1066/1003
f 1034/1034/972 1035/1035/973 1068/1068/1005
f 1034/1034/972 1068/1068/1005 1067/1067/1004
f 1035/1035/973 1036/1036/974 1069/1069/1006
f 1035/1035/973 1069/1069/1006 1068/1068/1005
f 1036/1036/974 1037/1037/975 1070/1070/1007
f 1036/1036/974 1070/1070/1007 1069/1069/1006
f 1037/1037/975 1038/1038/976 1071/1071/1008
f 1037/1037/975 1071/1071/1008 1070/1070/1007
f 1038/1038/976 1039/1039/977 1072/1072/1009
f 1038/1038/976 1072/1072/1009 1071/1071/1008
f 1039/1039/977 1040/1040/978 1073/1073/1010
f 1039/1039/977 1073/1073/1010 1072/1072/1009
f 1040/1040/978 1041/1041/979 1074/1074/1011
f 1040/1040/978 1074/1074/1011 1073/1073/1010
f 1041/1041/979 1042/1042/980 1075/1075/1012
f 1041/1041/979 1075/1075/1012 1074/1074/1011
f 1042/1042/980 1043/1043/981 1076/1076/1013
f 1042/1042/980 1076/1076/1013 1075/1075/1012
f 1043/1043/981 1044/1044/982 1077/1077/1014
f 1043/1043/981 1077/1077/1014 1076/1076/1013
f 1044/1044/982 1045/1045/983 1078/1078/1015
f 1044/1044/982 1078/1078/1015 1077/1077/1014
f 1045/1045/983 1046/1046/984 1079/1079/1016
f 1045/1045/983 1079/1079/1016 1078/1078/1015
f 1046/1046/984 1047/1047/985 1080/1080/1017
f 1046/1046/984 1080/1080/1017 1079/1079/1016
f 1047/1047/985 1048/1048/986 1081/1081/1018
f 1047/1047/985 1081/1081/1018 1080/1080/1017
f 1048/1048/986 1049/1049/987 1082/1082/1019
f 1048/1048/986 1082/1082/1019 1081/1081/1018
f 1049/1049/987 1050/1050/988 1083/1083/1020
f 1049/1049/987 1083/1083/1020 1082/1082/1019
f 1050/1050/988 1051/1051/989 1084/1084/1021
f 1050/1050/988 1084/1084/1021 1083/1083/1020
f 1051/1051/989 1052/1052/990 1085/1085/1022
f 1051/1051/989 1085/1085/1022 1084/1084/1021
f 1052/1052/990 1053/1053/991 1086/1086/1023
f 1052/1052/990 1086/1086/1023 1085/1085/1022
f 1053/1053/991 1054/1054/961 1087/1087/1024
f 1053/1053/991 1087/1087/1024 1086/1086/1023
f 1054/1054/961 1055/1055/992 1088/1088/1025
f 1054/1054/961 1088/1088/1025 1087/1087/1024
f 1055/1055/992 1056/1056/993 1089/1089/1025
f 1055/1055/992 1089/1089/1025 1088/1088/1025
