mtllib tree_m0_far.mtl
v 0.48832 0.05311 0.93177
v 0.64988 0.05311 0.87898
v 0.48832 0.05311 0.95657
v 0.48832 0.05311 0.95657
v 0.59593 -0.08183 0.88455
v 0.48832 0.05311 0.96574
v 0.64988 0.05311 0.87898
v 0.59248 0.18373 0.88176
v 0.58799 0.17809 0.71695
v 0.58799 0.17809 0.71695
v 0.48832 0.05311 0.65556
v 0.48832 0.05311 0.64872
v 0.64806 0.05311 0.71701
v 0.48832 0.05311 0.64872
v 0.48832 0.05311 0.64028
v 0.64806 0.05311 0.71701
v 0.48832 0.05311 0.65102
v 0.58498 -0.06810 0.71938
v 0.64806 0.05311 0.71701
v 0.48832 0.05311 0.64028
v 0.48832 0.05311 0.65102
v 0.45783 0.18670 0.72846
v 0.48832 0.05311 0.66151
v 0.48832 0.05311 0.65556
v 0.35182 -0.01262 0.72117
v 0.48832 0.05311 0.63226
v 0.48832 0.05311 0.66151
v 0.36884 0.11065 0.86439
v 0.35182 -0.01262 0.72117
v 0.35035 0.11955 0.72034
v 0.48832 0.05311 0.95268
v 0.34495 -0.01593 0.87775
v 0.36884 0.11065 0.86439
v 0.48832 0.05311 0.95531
v 0.36884 0.11065 0.86439
v 0.45632 0.19332 0.87004
v 0.48832 0.05311 0.95531
v 0.45632 0.19332 0.87004
v 0.48832 0.05311 0.96390
v 0.48832 0.05311 0.95268
v 0.36884 0.11065 0.86439
v 0.48832 0.05311 0.95531
v 0.36884 0.11065 0.86439
v 0.34495 -0.01593 0.87775
v 0.35182 -0.01262 0.72117
v 0.35182 -0.01262 0.72117
v 0.48832 0.05311 0.66151
v 0.35035 0.11955 0.72034
v 0.36884 0.11065 0.86439
v 0.35035 0.11955 0.72034
v 0.45783 0.18670 0.72846
v 0.45783 0.18670 0.72846
v 0.35035 0.11955 0.72034
v 0.48832 0.05311 0.66151
v 0.36884 0.11065 0.86439
v 0.45783 0.18670 0.72846
v 0.45632 0.19332 0.87004
v 0.45632 0.19332 0.87004
v 0.45783 0.18670 0.72846
v 0.58799 0.17809 0.71695
v 0.64806 0.05311 0.71701
v 0.58799 0.17809 0.71695
v 0.48832 0.05311 0.64872
v 0.58799 0.17809 0.71695
v 0.45783 0.18670 0.72846
v 0.48832 0.05311 0.65556
v 0.45632 0.19332 0.87004
v 0.58799 0.17809 0.71695
v 0.59248 0.18373 0.88176
v 0.64988 0.05311 0.87898
v 0.58799 0.17809 0.71695
v 0.64806 0.05311 0.71701
v 0.48832 0.05311 0.95657
v 0.64988 0.05311 0.87898
v 0.59593 -0.08183 0.88455
v 0.48832 0.05311 0.93177
v 0.48832 0.05311 0.96390
v 0.45632 0.19332 0.87004
v 0.48832 0.05311 0.93177
v 0.59248 0.18373 0.88176
v 0.64988 0.05311 0.87898
v 0.48832 0.05311 0.93177
v 0.45632 0.19332 0.87004
v 0.59248 0.18373 0.88176
v 0.45569 0.07090 0.93024
v 0.59965 0.07090 0.86428
v 0.45569 0.07090 0.94554
v 0.55157 -0.04934 0.86924
v 0.59965 0.07090 0.86428
v 0.59376 0.07090 0.72211
v 0.54109 0.17799 0.86076
v 0.55092 0.19032 0.71471
v 0.59376 0.07090 0.72211
v 0.55092 0.19032 0.71471
v 0.45569 0.07090 0.63793
v 0.45569 0.07090 0.62424
v 0.42071 0.22413 0.71248
v 0.45569 0.07090 0.65303
v 0.45569 0.07090 0.63793
v 0.33578 0.01315 0.72462
v 0.45569 0.07090 0.63075
v 0.45569 0.07090 0.65303
v 0.33578 0.01315 0.72462
v 0.42222 -0.07574 0.71589
v 0.45569 0.07090 0.65121
v 0.42222 -0.07574 0.71589
v 0.45569 0.07090 0.65122
v 0.45569 0.07090 0.65121
v 0.42222 -0.07574 0.71589
v 0.55414 -0.05257 0.71211
v 0.45569 0.07090 0.65122
v 0.30936 0.14136 0.87359
v 0.33578 0.01315 0.72462
v 0.31446 0.13890 0.71269
v 0.45569 0.07090 0.94711
v 0.31922 0.00517 0.86807
v 0.30936 0.14136 0.87359
v 0.45569 0.07090 0.94711
v 0.45569 0.07090 0.95559
v 0.41761 -0.09595 0.87798
v 0.45569 0.07090 0.94711
v 0.41761 -0.09595 0.87798
v 0.31922 0.00517 0.86807
v 0.45569 0.07090 0.93721
v 0.45569 0.07090 0.95868
v 0.30936 0.14136 0.87359
v 0.42457 0.20723 0.86221
v 0.30936 0.14136 0.87359
v 0.31446 0.13890 0.71269
v 0.45569 0.07090 0.93721
v 0.30936 0.14136 0.87359
v 0.42457 0.20723 0.86221
v 0.45569 0.07090 0.94711
v 0.30936 0.14136 0.87359
v 0.45569 0.07090 0.95868
v 0.33578 0.01315 0.72462
v 0.45569 0.07090 0.65121
v 0.45569 0.07090 0.63075
v 0.30936 0.14136 0.87359
v 0.31922 0.00517 0.86807
v 0.33578 0.01315 0.72462
v 0.33578 0.01315 0.72462
v 0.45569 0.07090 0.65303
v 0.31446 0.13890 0.71269
v 0.42071 0.22413 0.71248
v 0.31446 0.13890 0.71269
v 0.45569 0.07090 0.65303
v 0.42457 0.20723 0.86221
v 0.31446 0.13890 0.71269
v 0.42071 0.22413 0.71248
v 0.42457 0.20723 0.86221
v 0.42071 0.22413 0.71248
v 0.55092 0.19032 0.71471
v 0.55092 0.19032 0.71471
v 0.45569 0.07090 0.62424
v 0.45569 0.07090 0.63451
v 0.55092 0.19032 0.71471
v 0.42071 0.22413 0.71248
v 0.45569 0.07090 0.63793
v 0.42457 0.20723 0.86221
v 0.55092 0.19032 0.71471
v 0.54109 0.17799 0.86076
v 0.59376 0.07090 0.72211
v 0.45569 0.07090 0.63451
v 0.45569 0.07090 0.65122
v 0.55092 0.19032 0.71471
v 0.45569 0.07090 0.63451
v 0.59376 0.07090 0.72211
v 0.59376 0.07090 0.72211
v 0.45569 0.07090 0.65122
v 0.55414 -0.05257 0.71211
v 0.55157 -0.04934 0.86924
v 0.59376 0.07090 0.72211
v 0.55414 -0.05257 0.71211
v 0.45569 0.07090 0.93796
v 0.59965 0.07090 0.86428
v 0.55157 -0.04934 0.86924
v 0.54109 0.17799 0.86076
v 0.59376 0.07090 0.72211
v 0.59965 0.07090 0.86428
v 0.45569 0.07090 0.93796
v 0.45569 0.07090 0.94554
v 0.59965 0.07090 0.86428
v 0.45569 0.07090 0.93024
v 0.45569 0.07090 0.93721
v 0.42457 0.20723 0.86221
v 0.45569 0.07090 0.93024
v 0.54109 0.17799 0.86076
v 0.59965 0.07090 0.86428
v 0.45569 0.07090 0.93024
v 0.42457 0.20723 0.86221
v 0.54109 0.17799 0.86076
v 0.44072 0.05531 0.71602
v 0.56072 0.02069 0.57114
v 0.58042 0.04539 0.72800
v 0.34228 -0.02537 0.71507
v 0.43808 0.06691 0.56120
v 0.44072 0.05531 0.71602
v 0.34228 -0.02537 0.71507
v 0.33118 -0.02002 0.56194
v 0.43808 0.06691 0.56120
v 0.44072 0.05531 0.71602
v 0.43808 0.06691 0.56120
v 0.56072 0.02069 0.57114
v 0.52074 -0.01740 0.97022
v 0.61000 0.09454 0.90631
v 0.68263 -0.01740 0.91575
v 0.61000 0.09454 0.90631
v 0.48542 0.13733 0.75413
v 0.61232 0.09745 0.76008
v 0.65344 -0.01740 0.76724
v 0.61232 0.09745 0.76008
v 0.52074 -0.01740 0.68377
v 0.65344 -0.01740 0.76724
v 0.52074 -0.01740 0.68377
v 0.52074 -0.01740 0.67320
v 0.48542 0.13733 0.75413
v 0.52074 -0.01740 0.66625
v 0.52074 -0.01740 0.66505
v 0.48542 0.13733 0.75413
v 0.52074 -0.01740 0.68377
v 0.61232 0.09745 0.76008
v 0.40225 0.03966 0.90043
v 0.39460 0.04335 0.76356
v 0.48542 0.13733 0.75413
v 0.52074 -0.01740 0.97058
v 0.40225 0.03966 0.90043
v 0.48509 0.13877 0.91488
v 0.52074 -0.01740 0.97058
v 0.52074 -0.01740 0.98659
v 0.40225 0.03966 0.90043
v 0.48542 0.13733 0.75413
v 0.52074 -0.01740 0.66505
v 0.52074 -0.01740 0.68377
v 0.48542 0.13733 0.75413
v 0.39460 0.04335 0.76356
v 0.52074 -0.01740 0.66625
v 0.40225 0.03966 0.90043
v 0.48542 0.13733 0.75413
v 0.48509 0.13877 0.91488
v 0.61000 0.09454 0.90631
v 0.65344 -0.01740 0.76724
v 0.68263 -0.01740 0.91575
v 0.52074 -0.01740 0.97058
v 0.48509 0.13877 0.91488
v 0.61000 0.09454 0.90631
v 0.61000 0.09454 0.90631
v 0.61232 0.09745 0.76008
v 0.65344 -0.01740 0.76724
v 0.61000 0.09454 0.90631
v 0.48509 0.13877 0.91488
v 0.48542 0.13733 0.75413
v 0.52074 -0.01740 0.97058
v 0.61000 0.09454 0.90631
v 0.52074 -0.01740 1.00000
v 0.52074 -0.01740 0.97022
v 0.52074 -0.01740 1.00000
v 0.61000 0.09454 0.90631
v 0.51968 0.01882 0.87908
v 0.62656 0.15285 0.79373
v 0.69174 0.01882 0.79405
v 0.62656 0.15285 0.79373
v 0.66556 0.01882 0.63377
v 0.69174 0.01882 0.79405
v 0.61507 0.13843 0.63019
v 0.51968 0.01882 0.56685
v 0.66556 0.01882 0.63377
v 0.61507 0.13843 0.63019
v 0.51968 0.01882 0.56557
v 0.51968 0.01882 0.55973
v 0.39129 0.08064 0.63548
v 0.51968 0.01882 0.53799
v 0.51968 0.01882 0.56557
v 0.39129 0.08064 0.63548
v 0.51968 0.01882 0.54402
v 0.51968 0.01882 0.53799
v 0.37650 -0.05014 0.78742
v 0.38296 -0.04702 0.63082
v 0.39129 0.08064 0.63548
v 0.51968 0.01882 0.87321
v 0.37650 -0.05014 0.78742
v 0.37504 0.08847 0.78824
v 0.51968 0.01882 0.86511
v 0.37504 0.08847 0.78824
v 0.48879 0.15412 0.77727
v 0.51968 0.01882 0.86511
v 0.51968 0.01882 0.87321
v 0.37504 0.08847 0.78824
v 0.51968 0.01882 0.87321
v 0.51968 0.01882 0.87611
v 0.37650 -0.05014 0.78742
v 0.48879 0.15412 0.77727
v 0.37504 0.08847 0.78824
v 0.39129 0.08064 0.63548
v 0.39129 0.08064 0.63548
v 0.38296 -0.04702 0.63082
v 0.51968 0.01882 0.54402
v 0.48879 0.15412 0.77727
v 0.39129 0.08064 0.63548
v 0.48180 0.18475 0.62151
v 0.37650 -0.05014 0.78742
v 0.39129 0.08064 0.63548
v 0.37504 0.08847 0.78824
v 0.39129 0.08064 0.63548
v 0.51968 0.01882 0.56557
v 0.48180 0.18475 0.62151
v 0.48879 0.15412 0.77727
v 0.48180 0.18475 0.62151
v 0.61507 0.13843 0.63019
v 0.61507 0.13843 0.63019
v 0.51968 0.01882 0.55973
v 0.51968 0.01882 0.56685
v 0.61507 0.13843 0.63019
v 0.48180 0.18475 0.62151
v 0.51968 0.01882 0.56557
v 0.51968 0.01882 0.86511
v 0.48879 0.15412 0.77727
v 0.62656 0.15285 0.79373
v 0.62656 0.15285 0.79373
v 0.61507 0.13843 0.63019
v 0.66556 0.01882 0.63377
v 0.48879 0.15412 0.77727
v 0.61507 0.13843 0.63019
v 0.62656 0.15285 0.79373
v 0.51968 0.01882 0.86511
v 0.62656 0.15285 0.79373
v 0.51968 0.01882 0.88046
v 0.51968 0.01882 0.87908
v 0.51968 0.01882 0.88046
v 0.62656 0.15285 0.79373
v 0.12712 -0.05555 0.63176
v 0.08626 0.07691 0.47251
v 0.14071 -0.05555 0.47722
v 0.07822 0.06683 0.63682
v -0.05508 0.10092 0.47701
v 0.08626 0.07691 0.47251
v 0.07822 0.06683 0.63682
v -0.05499 0.10052 0.63861
v -0.05508 0.10092 0.47701
v 0.12712 -0.05555 0.63176
v 0.07822 0.06683 0.63682
v 0.08626 0.07691 0.47251
v 0.27419 0.48387 0.48355
v 0.38471 0.48387 0.43959
v 0.27419 0.48387 0.48791
v 0.27419 0.48387 0.48791
v 0.35106 0.38748 0.44603
v 0.27419 0.48387 0.50818
v 0.35106 0.38748 0.44603
v 0.37735 0.48387 0.33188
v 0.34964 0.38926 0.32288
v 0.24622 0.36129 0.32050
v 0.34964 0.38926 0.32288
v 0.27419 0.48387 0.28173
v 0.24622 0.36129 0.32050
v 0.27419 0.48387 0.28173
v 0.27419 0.48387 0.27440
v 0.18456 0.44071 0.33373
v 0.27419 0.48387 0.27440
v 0.27419 0.48387 0.25976
v 0.17874 0.52984 0.33047
v 0.27419 0.48387 0.25976
v 0.27419 0.48387 0.25838
v 0.24962 0.59156 0.32820
v 0.27419 0.48387 0.25838
v 0.27419 0.48387 0.25801
v 0.24962 0.59156 0.32820
v 0.27419 0.48387 0.27794
v 0.33754 0.56330 0.33267
v 0.24941 0.59244 0.44002
v 0.33754 0.56330 0.33267
v 0.34559 0.57339 0.44160
v 0.27419 0.48387 0.49067
v 0.18341 0.52759 0.43468
v 0.24941 0.59244 0.44002
v 0.27419 0.48387 0.49067
v 0.27419 0.48387 0.49287
v 0.18507 0.44095 0.43374
v 0.27419 0.48387 0.48835
v 0.24990 0.37744 0.43892
v 0.18507 0.44095 0.43374
v 0.27419 0.48387 0.48835
v 0.18507 0.44095 0.43374
v 0.27419 0.48387 0.49287
v 0.27419 0.48387 0.49067
v 0.18507 0.44095 0.43374
v 0.18341 0.52759 0.43468
v 0.27419 0.48387 0.49067
v 0.24941 0.59244 0.44002
v 0.27419 0.48387 0.50454
v 0.24962 0.59156 0.32820
v 0.27419 0.48387 0.25801
v 0.27419 0.48387 0.27794
v 0.24941 0.59244 0.44002
v 0.24962 0.59156 0.32820
v 0.33754 0.56330 0.33267
v 0.18341 0.52759 0.43468
v 0.24962 0.59156 0.32820
v 0.24941 0.59244 0.44002
v 0.24962 0.59156 0.32820
v 0.17874 0.52984 0.33047
v 0.27419 0.48387 0.25838
v 0.18341 0.52759 0.43468
v 0.17874 0.52984 0.33047
v 0.24962 0.59156 0.32820
v 0.18341 0.52759 0.43468
v 0.18507 0.44095 0.43374
v 0.18456 0.44071 0.33373
v 0.17874 0.52984 0.33047
v 0.18456 0.44071 0.33373
v 0.27419 0.48387 0.25976
v 0.18341 0.52759 0.43468
v 0.18456 0.44071 0.33373
v 0.17874 0.52984 0.33047
v 0.24990 0.37744 0.43892
v 0.18456 0.44071 0.33373
v 0.18507 0.44095 0.43374
v 0.18456 0.44071 0.33373
v 0.24622 0.36129 0.32050
v 0.27419 0.48387 0.27440
v 0.24990 0.37744 0.43892
v 0.24622 0.36129 0.32050
v 0.18456 0.44071 0.33373
v 0.24990 0.37744 0.43892
v 0.34964 0.38926 0.32288
v 0.24622 0.36129 0.32050
v 0.37735 0.48387 0.33188
v 0.27419 0.48387 0.26778
v 0.27419 0.48387 0.28173
v 0.37735 0.48387 0.33188
v 0.33754 0.56330 0.33267
v 0.27419 0.48387 0.27794
v 0.37735 0.48387 0.33188
v 0.27419 0.48387 0.28173
v 0.34964 0.38926 0.32288
v 0.37735 0.48387 0.33188
v 0.27419 0.48387 0.27794
v 0.27419 0.48387 0.26778
v 0.27419 0.48387 0.48835
v 0.27419 0.48387 0.50818
v 0.35106 0.38748 0.44603
v 0.24990 0.37744 0.43892
v 0.35106 0.38748 0.44603
v 0.34964 0.38926 0.32288
v 0.27419 0.48387 0.48835
v 0.35106 0.38748 0.44603
v 0.24990 0.37744 0.43892
v 0.38471 0.48387 0.43959
v 0.34559 0.57339 0.44160
v 0.33754 0.56330 0.33267
v 0.38471 0.48387 0.43959
v 0.33754 0.56330 0.33267
v 0.37735 0.48387 0.33188
v 0.35106 0.38748 0.44603
v 0.38471 0.48387 0.43959
v 0.37735 0.48387 0.33188
v 0.27419 0.48387 0.48791
v 0.38471 0.48387 0.43959
v 0.35106 0.38748 0.44603
v 0.27419 0.48387 0.48355
v 0.27419 0.48387 0.50454
v 0.24941 0.59244 0.44002
v 0.27419 0.48387 0.48355
v 0.34559 0.57339 0.44160
v 0.38471 0.48387 0.43959
v 0.27419 0.48387 0.48355
v 0.24941 0.59244 0.44002
v 0.34559 0.57339 0.44160
v 0.12111 0.47338 0.57390
v 0.22998 0.47338 0.51146
v 0.12111 0.47338 0.58091
v 0.22998 0.47338 0.51146
v 0.23808 0.47338 0.39762
v 0.18540 0.39276 0.40460
v 0.18540 0.39276 0.40460
v 0.12111 0.47338 0.34702
v 0.12111 0.47338 0.33680
v 0.19707 0.56863 0.39516
v 0.12111 0.47338 0.33076
v 0.12111 0.47338 0.34702
v 0.09756 0.57655 0.40323
v 0.12111 0.47338 0.33021
v 0.12111 0.47338 0.33076
v 0.09756 0.57655 0.40323
v 0.12111 0.47338 0.35296
v 0.12111 0.47338 0.33021
v 0.01460 0.42209 0.39699
v 0.12111 0.47338 0.35218
v 0.12111 0.47338 0.35296
v 0.01460 0.42209 0.39699
v 0.12111 0.47338 0.35877
v 0.12111 0.47338 0.35218
v 0.01460 0.42209 0.39699
v 0.09572 0.36213 0.39906
v 0.12111 0.47338 0.35877
v 0.01728 0.42338 0.51467
v 0.09529 0.36027 0.51506
v 0.09572 0.36213 0.39906
v 0.12111 0.47338 0.57139
v 0.19187 0.38464 0.51379
v 0.09529 0.36027 0.51506
v 0.12111 0.47338 0.57139
v 0.12111 0.47338 0.57488
v 0.19187 0.38464 0.51379
v 0.01728 0.42338 0.51467
v 0.02238 0.52092 0.40134
v 0.01018 0.52680 0.51865
v 0.12111 0.47338 0.57404
v 0.12111 0.47338 0.55500
v 0.01018 0.52680 0.51865
v 0.12111 0.47338 0.57404
v 0.01018 0.52680 0.51865
v 0.09960 0.56761 0.50530
v 0.09960 0.56761 0.50530
v 0.01018 0.52680 0.51865
v 0.02238 0.52092 0.40134
v 0.12111 0.47338 0.57139
v 0.09529 0.36027 0.51506
v 0.01728 0.42338 0.51467
v 0.12111 0.47338 0.55500
v 0.12111 0.47338 0.58320
v 0.01728 0.42338 0.51467
v 0.12111 0.47338 0.55500
v 0.01728 0.42338 0.51467
v 0.01018 0.52680 0.51865
v 0.12111 0.47338 0.57139
v 0.01728 0.42338 0.51467
v 0.12111 0.47338 0.58320
v 0.01728 0.42338 0.51467
v 0.01460 0.42209 0.39699
v 0.02238 0.52092 0.40134
v 0.01728 0.42338 0.51467
v 0.09572 0.36213 0.39906
v 0.01460 0.42209 0.39699
v 0.01460 0.42209 0.39699
v 0.12111 0.47338 0.35296
v 0.02238 0.52092 0.40134
v 0.18637 0.55521 0.50934
v 0.09960 0.56761 0.50530
v 0.09756 0.57655 0.40323
v 0.09756 0.57655 0.40323
v 0.02238 0.52092 0.40134
v 0.12111 0.47338 0.35296
v 0.09960 0.56761 0.50530
v 0.02238 0.52092 0.40134
v 0.09756 0.57655 0.40323
v 0.09756 0.57655 0.40323
v 0.12111 0.47338 0.33076
v 0.19707 0.56863 0.39516
v 0.18637 0.55521 0.50934
v 0.09756 0.57655 0.40323
v 0.19707 0.56863 0.39516
v 0.18540 0.39276 0.40460
v 0.12111 0.47338 0.35877
v 0.09572 0.36213 0.39906
v 0.09529 0.36027 0.51506
v 0.19187 0.38464 0.51379
v 0.18540 0.39276 0.40460
v 0.18540 0.39276 0.40460
v 0.12111 0.47338 0.33680
v 0.12111 0.47338 0.35877
v 0.09529 0.36027 0.51506
v 0.18540 0.39276 0.40460
v 0.09572 0.36213 0.39906
v 0.19707 0.56863 0.39516
v 0.12111 0.47338 0.34702
v 0.23808 0.47338 0.39762
v 0.18637 0.55521 0.50934
v 0.19707 0.56863 0.39516
v 0.23808 0.47338 0.39762
v 0.18540 0.39276 0.40460
v 0.23808 0.47338 0.39762
v 0.12111 0.47338 0.34702
v 0.12111 0.47338 0.57488
v 0.22998 0.47338 0.51146
v 0.19187 0.38464 0.51379
v 0.18637 0.55521 0.50934
v 0.23808 0.47338 0.39762
v 0.22998 0.47338 0.51146
v 0.22998 0.47338 0.51146
v 0.18540 0.39276 0.40460
v 0.19187 0.38464 0.51379
v 0.12111 0.47338 0.57488
v 0.12111 0.47338 0.58091
v 0.22998 0.47338 0.51146
v 0.12111 0.47338 0.57390
v 0.12111 0.47338 0.57404
v 0.09960 0.56761 0.50530
v 0.12111 0.47338 0.57390
v 0.18637 0.55521 0.50934
v 0.22998 0.47338 0.51146
v 0.12111 0.47338 0.57390
v 0.09960 0.56761 0.50530
v 0.18637 0.55521 0.50934
v 0.16383 0.45167 0.56118
v 0.23144 0.53646 0.51412
v 0.27222 0.45167 0.51409
v 0.22676 0.37276 0.51033
v 0.27222 0.45167 0.51409
v 0.26440 0.45167 0.40875
v 0.26440 0.45167 0.40875
v 0.16383 0.45167 0.33628
v 0.16383 0.45167 0.34755
v 0.14044 0.34923 0.40648
v 0.23893 0.35749 0.39872
v 0.16383 0.45167 0.34755
v 0.14044 0.34923 0.40648
v 0.16383 0.45167 0.35227
v 0.05044 0.39707 0.39601
v 0.07703 0.40987 0.50801
v 0.05044 0.39707 0.39601
v 0.05923 0.50204 0.40092
v 0.14213 0.54670 0.41031
v 0.05923 0.50204 0.40092
v 0.16383 0.45167 0.34681
v 0.14213 0.54670 0.41031
v 0.16383 0.45167 0.34681
v 0.16383 0.45167 0.34368
v 0.23060 0.53540 0.40546
v 0.16383 0.45167 0.34368
v 0.16383 0.45167 0.33428
v 0.23060 0.53540 0.40546
v 0.14213 0.54670 0.41031
v 0.16383 0.45167 0.34368
v 0.14218 0.54652 0.50850
v 0.14213 0.54670 0.41031
v 0.23060 0.53540 0.40546
v 0.16383 0.45167 0.56778
v 0.16383 0.45167 0.57719
v 0.14218 0.54652 0.50850
v 0.16383 0.45167 0.57719
v 0.16383 0.45167 0.58571
v 0.06075 0.50131 0.51712
v 0.16383 0.45167 0.58155
v 0.06075 0.50131 0.51712
v 0.16383 0.45167 0.58571
v 0.16383 0.45167 0.57719
v 0.06075 0.50131 0.51712
v 0.14218 0.54652 0.50850
v 0.06075 0.50131 0.51712
v 0.14213 0.54670 0.41031
v 0.14218 0.54652 0.50850
v 0.06075 0.50131 0.51712
v 0.05923 0.50204 0.40092
v 0.14213 0.54670 0.41031
v 0.07703 0.40987 0.50801
v 0.05923 0.50204 0.40092
v 0.06075 0.50131 0.51712
v 0.16383 0.45167 0.56595
v 0.13699 0.33411 0.52023
v 0.07703 0.40987 0.50801
v 0.16383 0.45167 0.58155
v 0.07703 0.40987 0.50801
v 0.06075 0.50131 0.51712
v 0.16383 0.45167 0.56595
v 0.07703 0.40987 0.50801
v 0.16383 0.45167 0.58155
v 0.05923 0.50204 0.40092
v 0.05044 0.39707 0.39601
v 0.16383 0.45167 0.35227
v 0.05923 0.50204 0.40092
v 0.16383 0.45167 0.35227
v 0.16383 0.45167 0.34681
v 0.07703 0.40987 0.50801
v 0.13699 0.33411 0.52023
v 0.14044 0.34923 0.40648
v 0.14044 0.34923 0.40648
v 0.16383 0.45167 0.34745
v 0.16383 0.45167 0.35227
v 0.07703 0.40987 0.50801
v 0.14044 0.34923 0.40648
v 0.05044 0.39707 0.39601
v 0.14044 0.34923 0.40648
v 0.16383 0.45167 0.34755
v 0.16383 0.45167 0.34745
v 0.23060 0.53540 0.40546
v 0.16383 0.45167 0.33428
v 0.16383 0.45167 0.33628
v 0.23060 0.53540 0.40546
v 0.16383 0.45167 0.33628
v 0.26440 0.45167 0.40875
v 0.26440 0.45167 0.40875
v 0.16383 0.45167 0.34755
v 0.23893 0.35749 0.39872
v 0.22676 0.37276 0.51033
v 0.26440 0.45167 0.40875
v 0.23893 0.35749 0.39872
v 0.22676 0.37276 0.51033
v 0.14044 0.34923 0.40648
v 0.13699 0.33411 0.52023
v 0.16383 0.45167 0.56595
v 0.16383 0.45167 0.57459
v 0.22676 0.37276 0.51033
v 0.22676 0.37276 0.51033
v 0.23893 0.35749 0.39872
v 0.14044 0.34923 0.40648
v 0.16383 0.45167 0.56595
v 0.22676 0.37276 0.51033
v 0.13699 0.33411 0.52023
v 0.23144 0.53646 0.51412
v 0.26440 0.45167 0.40875
v 0.27222 0.45167 0.51409
v 0.23144 0.53646 0.51412
v 0.23060 0.53540 0.40546
v 0.26440 0.45167 0.40875
v 0.14218 0.54652 0.50850
v 0.23060 0.53540 0.40546
v 0.23144 0.53646 0.51412
v 0.16383 0.45167 0.56778
v 0.14218 0.54652 0.50850
v 0.23144 0.53646 0.51412
v 0.16383 0.45167 0.56118
v 0.22676 0.37276 0.51033
v 0.16383 0.45167 0.57459
v 0.16383 0.45167 0.56118
v 0.16383 0.45167 0.56778
v 0.23144 0.53646 0.51412
v 0.16383 0.45167 0.56118
v 0.27222 0.45167 0.51409
v 0.22676 0.37276 0.51033
v 0.25772 0.52338 0.43740
v 0.33273 0.61744 0.38770
v 0.35426 0.52338 0.37571
v 0.32156 0.44332 0.37866
v 0.35426 0.52338 0.37571
v 0.36126 0.52338 0.27485
v 0.36126 0.52338 0.27485
v 0.25772 0.52338 0.22433
v 0.25772 0.52338 0.22465
v 0.23121 0.40722 0.26699
v 0.33064 0.43193 0.26808
v 0.25772 0.52338 0.22465
v 0.23121 0.40722 0.26699
v 0.25772 0.52338 0.22108
v 0.15196 0.47244 0.26787
v 0.15196 0.47244 0.26787
v 0.25772 0.52338 0.22753
v 0.15655 0.57210 0.27044
v 0.16026 0.57031 0.38158
v 0.15655 0.57210 0.27044
v 0.23455 0.62487 0.27457
v 0.23455 0.62487 0.27457
v 0.25772 0.52338 0.21381
v 0.33321 0.61804 0.26601
v 0.23455 0.62487 0.27457
v 0.25772 0.52338 0.20977
v 0.25772 0.52338 0.21381
v 0.16026 0.57031 0.38158
v 0.23455 0.62487 0.27457
v 0.23281 0.63251 0.38348
v 0.25772 0.52338 0.43005
v 0.14561 0.46939 0.38977
v 0.16026 0.57031 0.38158
v 0.25772 0.52338 0.43005
v 0.25772 0.52338 0.43127
v 0.23008 0.40230 0.38965
v 0.25772 0.52338 0.42734
v 0.23008 0.40230 0.38965
v 0.25772 0.52338 0.43127
v 0.25772 0.52338 0.43005
v 0.23008 0.40230 0.38965
v 0.14561 0.46939 0.38977
v 0.25772 0.52338 0.44181
v 0.25772 0.52338 0.44691
v 0.16026 0.57031 0.38158
v 0.25772 0.52338 0.44181
v 0.16026 0.57031 0.38158
v 0.23281 0.63251 0.38348
v 0.25772 0.52338 0.43005
v 0.16026 0.57031 0.38158
v 0.25772 0.52338 0.44691
v 0.23455 0.62487 0.27457
v 0.15655 0.57210 0.27044
v 0.25772 0.52338 0.22753
v 0.23455 0.62487 0.27457
v 0.25772 0.52338 0.22753
v 0.25772 0.52338 0.20977
v 0.16026 0.57031 0.38158
v 0.14561 0.46939 0.38977
v 0.15196 0.47244 0.26787
v 0.16026 0.57031 0.38158
v 0.15196 0.47244 0.26787
v 0.15655 0.57210 0.27044
v 0.23008 0.40230 0.38965
v 0.15196 0.47244 0.26787
v 0.14561 0.46939 0.38977
v 0.15196 0.47244 0.26787
v 0.25772 0.52338 0.22108
v 0.25772 0.52338 0.22753
v 0.23121 0.40722 0.26699
v 0.25772 0.52338 0.20747
v 0.25772 0.52338 0.22108
v 0.23008 0.40230 0.38965
v 0.23121 0.40722 0.26699
v 0.15196 0.47244 0.26787
v 0.23121 0.40722 0.26699
v 0.25772 0.52338 0.22465
v 0.25772 0.52338 0.20747
v 0.33321 0.61804 0.26601
v 0.25772 0.52338 0.21381
v 0.25772 0.52338 0.22433
v 0.33321 0.61804 0.26601
v 0.25772 0.52338 0.22433
v 0.36126 0.52338 0.27485
v 0.36126 0.52338 0.27485
v 0.25772 0.52338 0.22465
v 0.33064 0.43193 0.26808
v 0.32156 0.44332 0.37866
v 0.36126 0.52338 0.27485
v 0.33064 0.43193 0.26808
v 0.32156 0.44332 0.37866
v 0.23121 0.40722 0.26699
v 0.23008 0.40230 0.38965
v 0.32156 0.44332 0.37866
v 0.33064 0.43193 0.26808
v 0.23121 0.40722 0.26699
v 0.25772 0.52338 0.42734
v 0.32156 0.44332 0.37866
v 0.23008 0.40230 0.38965
v 0.25772 0.52338 0.42734
v 0.35426 0.52338 0.37571
v 0.32156 0.44332 0.37866
v 0.35426 0.52338 0.37571
v 0.33321 0.61804 0.26601
v 0.36126 0.52338 0.27485
v 0.33273 0.61744 0.38770
v 0.23455 0.62487 0.27457
v 0.33321 0.61804 0.26601
v 0.25772 0.52338 0.44181
v 0.23281 0.63251 0.38348
v 0.33273 0.61744 0.38770
v 0.35426 0.52338 0.37571
v 0.33273 0.61744 0.38770
v 0.33321 0.61804 0.26601
v 0.33273 0.61744 0.38770
v 0.23281 0.63251 0.38348
v 0.23455 0.62487 0.27457
v 0.25772 0.52338 0.44181
v 0.33273 0.61744 0.38770
v 0.25772 0.52338 0.45152
v 0.25772 0.52338 0.43740
v 0.25772 0.52338 0.45152
v 0.33273 0.61744 0.38770
v 0.25772 0.52338 0.42734
v 0.25772 0.52338 0.43740
v 0.35426 0.52338 0.37571
v 0.23252 0.57484 0.50366
v 0.30955 0.67143 0.46895
v 0.35479 0.57484 0.46831
v 0.29257 0.49954 0.45523
v 0.35479 0.57484 0.46831
v 0.34617 0.57484 0.34938
v 0.34617 0.57484 0.34938
v 0.23252 0.57484 0.28111
v 0.23252 0.57484 0.29310
v 0.20785 0.46675 0.35078
v 0.29274 0.49933 0.35798
v 0.23252 0.57484 0.29310
v 0.13136 0.52613 0.35007
v 0.20785 0.46675 0.35078
v 0.23252 0.57484 0.29010
v 0.13136 0.52613 0.35007
v 0.23252 0.57484 0.29010
v 0.23252 0.57484 0.28183
v 0.13136 0.52613 0.35007
v 0.23252 0.57484 0.28547
v 0.13807 0.62032 0.35383
v 0.13807 0.62032 0.35383
v 0.23252 0.57484 0.30477
v 0.20713 0.68607 0.34916
v 0.20854 0.67990 0.46100
v 0.20713 0.68607 0.34916
v 0.30474 0.66540 0.34828
v 0.23252 0.57484 0.51092
v 0.23252 0.57484 0.51826
v 0.20854 0.67990 0.46100
v 0.23252 0.57484 0.51826
v 0.23252 0.57484 0.53032
v 0.14348 0.61772 0.45650
v 0.23252 0.57484 0.51938
v 0.12772 0.52437 0.46531
v 0.14348 0.61772 0.45650
v 0.23252 0.57484 0.51938
v 0.23252 0.57484 0.53125
v 0.20922 0.47275 0.45946
v 0.23252 0.57484 0.52667
v 0.20922 0.47275 0.45946
v 0.23252 0.57484 0.53125
v 0.23252 0.57484 0.51938
v 0.20922 0.47275 0.45946
v 0.12772 0.52437 0.46531
v 0.23252 0.57484 0.51938
v 0.14348 0.61772 0.45650
v 0.23252 0.57484 0.53032
v 0.23252 0.57484 0.51826
v 0.14348 0.61772 0.45650
v 0.20854 0.67990 0.46100
v 0.30474 0.66540 0.34828
v 0.20713 0.68607 0.34916
v 0.23252 0.57484 0.30477
v 0.30474 0.66540 0.34828
v 0.23252 0.57484 0.30477
v 0.23252 0.57484 0.29982
v 0.20854 0.67990 0.46100
v 0.14348 0.61772 0.45650
v 0.13807 0.62032 0.35383
v 0.20854 0.67990 0.46100
v 0.13807 0.62032 0.35383
v 0.20713 0.68607 0.34916
v 0.13807 0.62032 0.35383
v 0.23252 0.57484 0.28547
v 0.23252 0.57484 0.30477
v 0.14348 0.61772 0.45650
v 0.12772 0.52437 0.46531
v 0.13136 0.52613 0.35007
v 0.13136 0.52613 0.35007
v 0.23252 0.57484 0.28183
v 0.23252 0.57484 0.28547
v 0.14348 0.61772 0.45650
v 0.13136 0.52613 0.35007
v 0.13807 0.62032 0.35383
v 0.20922 0.47275 0.45946
v 0.13136 0.52613 0.35007
v 0.12772 0.52437 0.46531
v 0.20922 0.47275 0.45946
v 0.20785 0.46675 0.35078
v 0.13136 0.52613 0.35007
v 0.20922 0.47275 0.45946
v 0.29274 0.49933 0.35798
v 0.20785 0.46675 0.35078
v 0.20785 0.46675 0.35078
v 0.23252 0.57484 0.29310
v 0.23252 0.57484 0.29010
v 0.34617 0.57484 0.34938
v 0.30474 0.66540 0.34828
v 0.23252 0.57484 0.29982
v 0.34617 0.57484 0.34938
v 0.23252 0.57484 0.29310
v 0.29274 0.49933 0.35798
v 0.34617 0.57484 0.34938
v 0.23252 0.57484 0.29982
v 0.23252 0.57484 0.28111
v 0.29257 0.49954 0.45523
v 0.34617 0.57484 0.34938
v 0.29274 0.49933 0.35798
v 0.20922 0.47275 0.45946
v 0.29257 0.49954 0.45523
v 0.29274 0.49933 0.35798
v 0.23252 0.57484 0.52667
v 0.29257 0.49954 0.45523
v 0.20922 0.47275 0.45946
v 0.23252 0.57484 0.52667
v 0.35479 0.57484 0.46831
v 0.29257 0.49954 0.45523
v 0.30955 0.67143 0.46895
v 0.34617 0.57484 0.34938
v 0.35479 0.57484 0.46831
v 0.30955 0.67143 0.46895
v 0.30474 0.66540 0.34828
v 0.34617 0.57484 0.34938
v 0.20854 0.67990 0.46100
v 0.30474 0.66540 0.34828
v 0.30955 0.67143 0.46895
v 0.23252 0.57484 0.51092
v 0.20854 0.67990 0.46100
v 0.30955 0.67143 0.46895
v 0.23252 0.57484 0.50366
v 0.23252 0.57484 0.51092
v 0.30955 0.67143 0.46895
v 0.23252 0.57484 0.52667
v 0.23252 0.57484 0.50366
v 0.35479 0.57484 0.46831
v 0.05831 0.48657 0.31822
v -0.00914 0.58444 0.18177
v 0.05329 0.48657 0.17406
v 0.01263 0.36140 0.32558
v 0.05329 0.48657 0.17406
v 0.01265 0.36137 0.16415
v 0.05831 0.48657 0.31822
v 0.00163 0.59794 0.31669
v -0.00914 0.58444 0.18177
v 0.01263 0.36140 0.32558
v 0.05831 0.48657 0.31822
v 0.05329 0.48657 0.17406
v 0.03467 0.42183 0.52738
v 0.12609 0.53647 0.45436
v 0.16155 0.42183 0.44441
v 0.12586 0.30748 0.45418
v 0.16155 0.42183 0.44441
v 0.16432 0.42183 0.31509
v 0.16432 0.42183 0.31509
v 0.03467 0.42183 0.22811
v 0.03467 0.42183 0.25095
v 0.00668 0.29923 0.31705
v 0.13384 0.29748 0.30026
v 0.03467 0.42183 0.25095
v 0.00668 0.29923 0.31705
v 0.03467 0.42183 0.25095
v 0.03467 0.42183 0.24443
v 0.13049 0.54200 0.30297
v 0.03467 0.42183 0.22153
v 0.03467 0.42183 0.22811
v 0.13049 0.54200 0.30297
v 0.03467 0.42183 0.24011
v 0.03467 0.42183 0.22153
v 0.13049 0.54200 0.30297
v 0.00049 0.57159 0.30301
v 0.03467 0.42183 0.24011
v 0.13049 0.54200 0.30297
v 0.03467 0.42183 0.22811
v 0.16432 0.42183 0.31509
v 0.16432 0.42183 0.31509
v 0.03467 0.42183 0.25095
v 0.13384 0.29748 0.30026
v 0.12586 0.30748 0.45418
v 0.16432 0.42183 0.31509
v 0.13384 0.29748 0.30026
v 0.12586 0.30748 0.45418
v 0.00668 0.29923 0.31705
v 0.00649 0.29838 0.44428
v 0.03467 0.42183 0.51212
v 0.00649 0.29838 0.44428
v 0.03467 0.42183 0.53581
v 0.12586 0.30748 0.45418
v 0.13384 0.29748 0.30026
v 0.00668 0.29923 0.31705
v 0.03467 0.42183 0.51212
v 0.12586 0.30748 0.45418
v 0.00649 0.29838 0.44428
v 0.03467 0.42183 0.51212
v 0.16155 0.42183 0.44441
v 0.12586 0.30748 0.45418
v 0.12609 0.53647 0.45436
v 0.00049 0.57159 0.30301
v 0.13049 0.54200 0.30297
v 0.12609 0.53647 0.45436
v 0.16432 0.42183 0.31509
v 0.16155 0.42183 0.44441
v 0.03467 0.42183 0.53063
v 0.00034 0.57224 0.45822
v 0.12609 0.53647 0.45436
v 0.12609 0.53647 0.45436
v 0.13049 0.54200 0.30297
v 0.16432 0.42183 0.31509
v 0.12609 0.53647 0.45436
v 0.00034 0.57224 0.45822
v 0.00049 0.57159 0.30301
v 0.03467 0.42183 0.53063
v 0.12609 0.53647 0.45436
v 0.03467 0.42183 0.53401
v 0.03467 0.42183 0.52738
v 0.03467 0.42183 0.53401
v 0.12609 0.53647 0.45436
v 0.03467 0.42183 0.51212
v 0.03467 0.42183 0.52738
v 0.16155 0.42183 0.44441
v -0.02196 0.42666 0.58773
v 0.11325 0.42666 0.52494
v -0.02196 0.42666 0.60180
v 0.11325 0.42666 0.52494
v 0.11906 0.42666 0.38569
v 0.06569 0.31676 0.38591
v -0.05150 0.29724 0.52370
v 0.07784 0.30151 0.53747
v 0.06569 0.31676 0.38591
v -0.05150 0.29724 0.52370
v 0.06569 0.31676 0.38591
v -0.05369 0.28767 0.38490
v 0.07461 0.54776 0.37869
v -0.02196 0.42666 0.31847
v 0.11906 0.42666 0.38569
v 0.07461 0.54776 0.37869
v -0.02196 0.42666 0.29700
v -0.02196 0.42666 0.31847
v 0.06644 0.53751 0.52825
v -0.05456 0.56950 0.38292
v 0.07461 0.54776 0.37869
v 0.06644 0.53751 0.52825
v -0.05585 0.57513 0.53354
v -0.05456 0.56950 0.38292
v 0.11906 0.42666 0.38569
v -0.02196 0.42666 0.31970
v 0.06569 0.31676 0.38591
v 0.06644 0.53751 0.52825
v 0.07461 0.54776 0.37869
v 0.11906 0.42666 0.38569
v 0.11906 0.42666 0.38569
v -0.02196 0.42666 0.31847
v -0.02196 0.42666 0.31970
v -0.02196 0.42666 0.58714
v 0.11325 0.42666 0.52494
v 0.07784 0.30151 0.53747
v 0.06644 0.53751 0.52825
v 0.11906 0.42666 0.38569
v 0.11325 0.42666 0.52494
v 0.11325 0.42666 0.52494
v 0.06569 0.31676 0.38591
v 0.07784 0.30151 0.53747
v -0.02196 0.42666 0.58714
v -0.02196 0.42666 0.60180
v 0.11325 0.42666 0.52494
v -0.02196 0.42666 0.58773
v 0.06644 0.53751 0.52825
v 0.11325 0.42666 0.52494
v 0.39533 -0.03205 0.73959
v 0.36338 0.10791 0.69056
v 0.48213 0.07679 0.68837
v 0.48213 0.07679 0.68837
v 0.36510 0.10037 0.54972
v 0.48873 0.08507 0.54267
v 0.36510 0.10037 0.54972
v 0.39533 -0.03205 0.47694
v 0.39533 -0.03205 0.46483
v 0.36510 0.10037 0.54972
v 0.39533 -0.03205 0.47458
v 0.48873 0.08507 0.54267
v 0.28367 0.02172 0.68066
v 0.27573 0.02554 0.55127
v 0.36510 0.10037 0.54972
v 0.39533 -0.03205 0.76028
v 0.39533 -0.03205 0.76225
v 0.28367 0.02172 0.68066
v 0.36510 0.10037 0.54972
v 0.39533 -0.03205 0.46483
v 0.39533 -0.03205 0.47458
v 0.36510 0.10037 0.54972
v 0.27573 0.02554 0.55127
v 0.39533 -0.03205 0.47694
v 0.48213 0.07679 0.68837
v 0.53579 -0.03205 0.54738
v 0.53768 -0.03205 0.68995
v 0.48213 0.07679 0.68837
v 0.48873 0.08507 0.54267
v 0.53579 -0.03205 0.54738
v 0.48213 0.07679 0.68837
v 0.36338 0.10791 0.69056
v 0.36510 0.10037 0.54972
v 0.28367 0.02172 0.68066
v 0.36510 0.10037 0.54972
v 0.36338 0.10791 0.69056
v 0.39533 -0.03205 0.76028
v 0.28367 0.02172 0.68066
v 0.36338 0.10791 0.69056
v 0.39533 -0.03205 0.73959
v 0.39533 -0.03205 0.76028
v 0.36338 0.10791 0.69056
v 0.42767 0.08720 0.75147
v 0.51968 0.20258 0.68949
v 0.55904 0.08720 0.68132
v 0.55904 0.08720 0.68132
v 0.58102 0.08720 0.53779
v 0.50475 -0.00946 0.55277
v 0.50475 -0.00946 0.55277
v 0.42767 0.08720 0.49177
v 0.40017 -0.03327 0.55280
v 0.28790 0.01989 0.53689
v 0.40017 -0.03327 0.55280
v 0.42767 0.08720 0.49177
v 0.31120 0.14329 0.54993
v 0.28790 0.01989 0.53689
v 0.42767 0.08720 0.48969
v 0.31120 0.14329 0.54993
v 0.42767 0.08720 0.48969
v 0.42767 0.08720 0.46627
v 0.31120 0.14329 0.54993
v 0.42767 0.08720 0.48419
v 0.39350 0.23689 0.53770
v 0.39744 0.21967 0.68359
v 0.39350 0.23689 0.53770
v 0.51947 0.20232 0.54087
v 0.51947 0.20232 0.54087
v 0.42767 0.08720 0.45973
v 0.42767 0.08720 0.45979
v 0.42767 0.08720 0.75186
v 0.30690 0.14536 0.68267
v 0.39744 0.21967 0.68359
v 0.42767 0.08720 0.74560
v 0.31388 0.03240 0.67877
v 0.30690 0.14536 0.68267
v 0.42767 0.08720 0.74560
v 0.42767 0.08720 0.76963
v 0.39361 -0.06200 0.69225
v 0.42767 0.08720 0.75052
v 0.52473 -0.03451 0.69357
v 0.39361 -0.06200 0.69225
v 0.42767 0.08720 0.75052
v 0.39361 -0.06200 0.69225
v 0.42767 0.08720 0.76963
v 0.42767 0.08720 0.74560
v 0.39361 -0.06200 0.69225
v 0.31388 0.03240 0.67877
v 0.42767 0.08720 0.74560
v 0.30690 0.14536 0.68267
v 0.42767 0.08720 0.75265
v 0.42767 0.08720 0.75186
v 0.42767 0.08720 0.75265
v 0.30690 0.14536 0.68267
v 0.51947 0.20232 0.54087
v 0.39350 0.23689 0.53770
v 0.42767 0.08720 0.48419
v 0.51947 0.20232 0.54087
v 0.42767 0.08720 0.48419
v 0.42767 0.08720 0.45973
v 0.39744 0.21967 0.68359
v 0.30690 0.14536 0.68267
v 0.31120 0.14329 0.54993
v 0.31120 0.14329 0.54993
v 0.42767 0.08720 0.46627
v 0.42767 0.08720 0.48419
v 0.39744 0.21967 0.68359
v 0.31120 0.14329 0.54993
v 0.39350 0.23689 0.53770
v 0.31388 0.03240 0.67877
v 0.31120 0.14329 0.54993
v 0.30690 0.14536 0.68267
v 0.31388 0.03240 0.67877
v 0.28790 0.01989 0.53689
v 0.31120 0.14329 0.54993
v 0.28790 0.01989 0.53689
v 0.42767 0.08720 0.49177
v 0.42767 0.08720 0.48969
v 0.50475 -0.00946 0.55277
v 0.42767 0.08720 0.46787
v 0.42767 0.08720 0.49177
v 0.51947 0.20232 0.54087
v 0.42767 0.08720 0.45979
v 0.58102 0.08720 0.53779
v 0.58102 0.08720 0.53779
v 0.42767 0.08720 0.46787
v 0.50475 -0.00946 0.55277
v 0.58102 0.08720 0.53779
v 0.42767 0.08720 0.45979
v 0.42767 0.08720 0.46787
v 0.42767 0.08720 0.75052
v 0.55904 0.08720 0.68132
v 0.52473 -0.03451 0.69357
v 0.55904 0.08720 0.68132
v 0.50475 -0.00946 0.55277
v 0.52473 -0.03451 0.69357
v 0.55904 0.08720 0.68132
v 0.51947 0.20232 0.54087
v 0.58102 0.08720 0.53779
v 0.42767 0.08720 0.75186
v 0.39744 0.21967 0.68359
v 0.51968 0.20258 0.68949
v 0.55904 0.08720 0.68132
v 0.51968 0.20258 0.68949
v 0.51947 0.20232 0.54087
v 0.39744 0.21967 0.68359
v 0.51947 0.20232 0.54087
v 0.51968 0.20258 0.68949
v 0.42767 0.08720 0.75186
v 0.51968 0.20258 0.68949
v 0.42767 0.08720 0.76948
v 0.42767 0.08720 0.75147
v 0.42767 0.08720 0.76948
v 0.51968 0.20258 0.68949
v 0.42767 0.08720 0.75052
v 0.42767 0.08720 0.75147
v 0.55904 0.08720 0.68132
v 0.37762 0.07646 0.66594
v 0.50057 0.07646 0.59969
v 0.37762 0.07646 0.69532
v 0.50057 0.07646 0.59969
v 0.51206 0.07646 0.46994
v 0.46442 -0.03238 0.46754
v 0.46442 -0.03238 0.46754
v 0.37762 0.07646 0.41003
v 0.37762 0.07646 0.39983
v 0.46442 -0.03238 0.46754
v 0.37762 0.07646 0.41430
v 0.34699 -0.05774 0.46832
v 0.26489 0.02217 0.47464
v 0.34699 -0.05774 0.46832
v 0.37762 0.07646 0.41430
v 0.26489 0.02217 0.47464
v 0.37762 0.07646 0.41306
v 0.25117 0.13735 0.46696
v 0.24560 0.14004 0.61158
v 0.25117 0.13735 0.46696
v 0.35081 0.19395 0.47697
v 0.35081 0.19395 0.47697
v 0.37762 0.07646 0.41689
v 0.45527 0.17382 0.47494
v 0.34611 0.21451 0.60910
v 0.45527 0.17382 0.47494
v 0.46955 0.19172 0.61204
v 0.37762 0.07646 0.66617
v 0.34611 0.21451 0.60910
v 0.37762 0.07646 0.67313
v 0.37762 0.07646 0.66617
v 0.37762 0.07646 0.69361
v 0.26154 0.02055 0.60267
v 0.37762 0.07646 0.67726
v 0.34450 -0.06866 0.61275
v 0.26154 0.02055 0.60267
v 0.37762 0.07646 0.67726
v 0.37762 0.07646 0.69024
v 0.46859 -0.03761 0.61126
v 0.37762 0.07646 0.67726
v 0.46859 -0.03761 0.61126
v 0.34450 -0.06866 0.61275
v 0.37762 0.07646 0.67726
v 0.26154 0.02055 0.60267
v 0.37762 0.07646 0.69361
v 0.35081 0.19395 0.47697
v 0.37762 0.07646 0.39609
v 0.37762 0.07646 0.41689
v 0.34611 0.21451 0.60910
v 0.35081 0.19395 0.47697
v 0.45527 0.17382 0.47494
v 0.24560 0.14004 0.61158
v 0.35081 0.19395 0.47697
v 0.34611 0.21451 0.60910
v 0.37762 0.07646 0.66617
v 0.24560 0.14004 0.61158
v 0.34611 0.21451 0.60910
v 0.37762 0.07646 0.66617
v 0.26154 0.02055 0.60267
v 0.24560 0.14004 0.61158
v 0.26154 0.02055 0.60267
v 0.25117 0.13735 0.46696
v 0.24560 0.14004 0.61158
v 0.35081 0.19395 0.47697
v 0.25117 0.13735 0.46696
v 0.37762 0.07646 0.41306
v 0.35081 0.19395 0.47697
v 0.37762 0.07646 0.41306
v 0.37762 0.07646 0.39609
v 0.26489 0.02217 0.47464
v 0.37762 0.07646 0.38965
v 0.37762 0.07646 0.41306
v 0.26154 0.02055 0.60267
v 0.26489 0.02217 0.47464
v 0.25117 0.13735 0.46696
v 0.26489 0.02217 0.47464
v 0.37762 0.07646 0.41430
v 0.37762 0.07646 0.38965
v 0.46442 -0.03238 0.46754
v 0.37762 0.07646 0.39983
v 0.37762 0.07646 0.41430
v 0.51206 0.07646 0.46994
v 0.45527 0.17382 0.47494
v 0.37762 0.07646 0.41689
v 0.51206 0.07646 0.46994
v 0.37762 0.07646 0.41689
v 0.37762 0.07646 0.41003
v 0.46442 -0.03238 0.46754
v 0.51206 0.07646 0.46994
v 0.37762 0.07646 0.41003
v 0.37762 0.07646 0.69024
v 0.50057 0.07646 0.59969
v 0.46859 -0.03761 0.61126
v 0.50057 0.07646 0.59969
v 0.46955 0.19172 0.61204
v 0.45527 0.17382 0.47494
v 0.50057 0.07646 0.59969
v 0.46442 -0.03238 0.46754
v 0.46859 -0.03761 0.61126
v 0.50057 0.07646 0.59969
v 0.45527 0.17382 0.47494
v 0.51206 0.07646 0.46994
v 0.37762 0.07646 0.69024
v 0.37762 0.07646 0.69532
v 0.50057 0.07646 0.59969
v 0.37762 0.07646 0.66594
v 0.37762 0.07646 0.67313
v 0.34611 0.21451 0.60910
v 0.37762 0.07646 0.66594
v 0.46955 0.19172 0.61204
v 0.50057 0.07646 0.59969
v 0.37762 0.07646 0.66594
v 0.34611 0.21451 0.60910
v 0.46955 0.19172 0.61204
v 0.30041 0.18865 0.79169
v 0.38893 0.29965 0.73132
v 0.43926 0.18865 0.72975
v 0.43926 0.18865 0.72975
v 0.38676 0.29693 0.58993
v 0.43952 0.18865 0.58962
v 0.43952 0.18865 0.58962
v 0.30041 0.18865 0.51248
v 0.30041 0.18865 0.52267
v 0.27380 0.07206 0.59947
v 0.39395 0.07135 0.58412
v 0.30041 0.18865 0.52267
v 0.27380 0.07206 0.59947
v 0.30041 0.18865 0.52626
v 0.19144 0.13617 0.59878
v 0.16704 0.25288 0.73438
v 0.17873 0.13005 0.72783
v 0.19144 0.13617 0.59878
v 0.30041 0.18865 0.79377
v 0.27174 0.06306 0.72469
v 0.17873 0.13005 0.72783
v 0.30041 0.18865 0.79824
v 0.38215 0.08614 0.72584
v 0.27174 0.06306 0.72469
v 0.30041 0.18865 0.79824
v 0.30041 0.18865 0.80594
v 0.38215 0.08614 0.72584
v 0.30041 0.18865 0.79377
v 0.30041 0.18865 0.79824
v 0.27174 0.06306 0.72469
v 0.30041 0.18865 0.79377
v 0.17873 0.13005 0.72783
v 0.16704 0.25288 0.73438
v 0.30041 0.18865 0.79268
v 0.30041 0.18865 0.81323
v 0.16704 0.25288 0.73438
v 0.26938 0.32458 0.73004
v 0.16704 0.25288 0.73438
v 0.16457 0.25406 0.58375
v 0.16457 0.25406 0.58375
v 0.30041 0.18865 0.53070
v 0.26750 0.33283 0.58520
v 0.16457 0.25406 0.58375
v 0.30041 0.18865 0.50681
v 0.30041 0.18865 0.53070
v 0.26938 0.32458 0.73004
v 0.16457 0.25406 0.58375
v 0.26750 0.33283 0.58520
v 0.30041 0.18865 0.79268
v 0.16704 0.25288 0.73438
v 0.26938 0.32458 0.73004
v 0.30041 0.18865 0.79377
v 0.16704 0.25288 0.73438
v 0.30041 0.18865 0.81323
v 0.16704 0.25288 0.73438
v 0.19144 0.13617 0.59878
v 0.16457 0.25406 0.58375
v 0.27174 0.06306 0.72469
v 0.19144 0.13617 0.59878
v 0.17873 0.13005 0.72783
v 0.16457 0.25406 0.58375
v 0.19144 0.13617 0.59878
v 0.30041 0.18865 0.52626
v 0.16457 0.25406 0.58375
v 0.30041 0.18865 0.52626
v 0.30041 0.18865 0.50681
v 0.38215 0.08614 0.72584
v 0.39395 0.07135 0.58412
v 0.27380 0.07206 0.59947
v 0.27380 0.07206 0.59947
v 0.30041 0.18865 0.51861
v 0.30041 0.18865 0.52626
v 0.27174 0.06306 0.72469
v 0.27380 0.07206 0.59947
v 0.19144 0.13617 0.59878
v 0.38215 0.08614 0.72584
v 0.27380 0.07206 0.59947
v 0.27174 0.06306 0.72469
v 0.27380 0.07206 0.59947
v 0.30041 0.18865 0.52267
v 0.30041 0.18865 0.51861
v 0.38215 0.08614 0.72584
v 0.43952 0.18865 0.58962
v 0.39395 0.07135 0.58412
v 0.43952 0.18865 0.58962
v 0.30041 0.18865 0.52267
v 0.39395 0.07135 0.58412
v 0.43952 0.18865 0.58962
v 0.30041 0.18865 0.51852
v 0.30041 0.18865 0.51248
v 0.38676 0.29693 0.58993
v 0.30041 0.18865 0.53070
v 0.30041 0.18865 0.51852
v 0.26938 0.32458 0.73004
v 0.26750 0.33283 0.58520
v 0.38676 0.29693 0.58993
v 0.43952 0.18865 0.58962
v 0.38676 0.29693 0.58993
v 0.30041 0.18865 0.51852
v 0.38676 0.29693 0.58993
v 0.26750 0.33283 0.58520
v 0.30041 0.18865 0.53070
v 0.38215 0.08614 0.72584
v 0.43926 0.18865 0.72975
v 0.43952 0.18865 0.58962
v 0.30041 0.18865 0.79268
v 0.26938 0.32458 0.73004
v 0.38893 0.29965 0.73132
v 0.43926 0.18865 0.72975
v 0.38893 0.29965 0.73132
v 0.38676 0.29693 0.58993
v 0.26938 0.32458 0.73004
v 0.38676 0.29693 0.58993
v 0.38893 0.29965 0.73132
v 0.30041 0.18865 0.79268
v 0.38893 0.29965 0.73132
v 0.30041 0.18865 0.80347
v 0.30041 0.18865 0.79169
v 0.38215 0.08614 0.72584
v 0.30041 0.18865 0.80594
v 0.30041 0.18865 0.79169
v 0.30041 0.18865 0.80347
v 0.38893 0.29965 0.73132
v 0.30041 0.18865 0.79169
v 0.43926 0.18865 0.72975
v 0.38215 0.08614 0.72584
v 0.43120 0.06430 0.78904
v 0.51311 0.16702 0.70767
v 0.56348 0.06430 0.70812
v 0.51059 -0.03525 0.70563
v 0.56348 0.06430 0.70812
v 0.56340 0.06430 0.57479
v 0.52175 -0.04924 0.56823
v 0.56340 0.06430 0.57479
v 0.43120 0.06430 0.51017
v 0.52834 0.18612 0.56289
v 0.43120 0.06430 0.49112
v 0.43120 0.06430 0.51017
v 0.39725 0.21303 0.56453
v 0.43120 0.06430 0.49014
v 0.43120 0.06430 0.49112
v 0.39725 0.21303 0.56453
v 0.43120 0.06430 0.49883
v 0.43120 0.06430 0.49014
v 0.29408 0.13033 0.56472
v 0.43120 0.06430 0.51686
v 0.43120 0.06430 0.49883
v 0.39970 -0.07368 0.57009
v 0.43120 0.06430 0.50837
v 0.43120 0.06430 0.51686
v 0.39970 -0.07368 0.57009
v 0.43120 0.06430 0.51686
v 0.30823 0.00509 0.57264
v 0.29804 0.12843 0.71594
v 0.31223 0.00701 0.70800
v 0.30823 0.00509 0.57264
v 0.43120 0.06430 0.76959
v 0.39861 -0.07846 0.71526
v 0.31223 0.00701 0.70800
v 0.43120 0.06430 0.76959
v 0.31223 0.00701 0.70800
v 0.43120 0.06430 0.77212
v 0.43120 0.06430 0.77212
v 0.31223 0.00701 0.70800
v 0.29804 0.12843 0.71594
v 0.43120 0.06430 0.77003
v 0.43120 0.06430 0.78590
v 0.29804 0.12843 0.71594
v 0.43120 0.06430 0.77003
v 0.29804 0.12843 0.71594
v 0.40369 0.18482 0.70376
v 0.43120 0.06430 0.77212
v 0.29804 0.12843 0.71594
v 0.43120 0.06430 0.78590
v 0.40369 0.18482 0.70376
v 0.29804 0.12843 0.71594
v 0.29408 0.13033 0.56472
v 0.29408 0.13033 0.56472
v 0.30823 0.00509 0.57264
v 0.43120 0.06430 0.51686
v 0.29804 0.12843 0.71594
v 0.30823 0.00509 0.57264
v 0.29408 0.13033 0.56472
v 0.39725 0.21303 0.56453
v 0.29408 0.13033 0.56472
v 0.43120 0.06430 0.49883
v 0.40369 0.18482 0.70376
v 0.29408 0.13033 0.56472
v 0.39725 0.21303 0.56453
v 0.40369 0.18482 0.70376
v 0.39725 0.21303 0.56453
v 0.52834 0.18612 0.56289
v 0.39725 0.21303 0.56453
v 0.43120 0.06430 0.49112
v 0.52834 0.18612 0.56289
v 0.52175 -0.04924 0.56823
v 0.43120 0.06430 0.51017
v 0.43120 0.06430 0.49857
v 0.52175 -0.04924 0.56823
v 0.43120 0.06430 0.50837
v 0.39970 -0.07368 0.57009
v 0.52175 -0.04924 0.56823
v 0.43120 0.06430 0.49857
v 0.43120 0.06430 0.50837
v 0.52834 0.18612 0.56289
v 0.43120 0.06430 0.51017
v 0.56340 0.06430 0.57479
v 0.51059 -0.03525 0.70563
v 0.56340 0.06430 0.57479
v 0.52175 -0.04924 0.56823
v 0.43120 0.06430 0.76959
v 0.43120 0.06430 0.77712
v 0.51059 -0.03525 0.70563
v 0.43120 0.06430 0.76959
v 0.51059 -0.03525 0.70563
v 0.39861 -0.07846 0.71526
v 0.43120 0.06430 0.77712
v 0.56348 0.06430 0.70812
v 0.51059 -0.03525 0.70563
v 0.51311 0.16702 0.70767
v 0.56340 0.06430 0.57479
v 0.56348 0.06430 0.70812
v 0.43120 0.06430 0.77003
v 0.40369 0.18482 0.70376
v 0.51311 0.16702 0.70767
v 0.51311 0.16702 0.70767
v 0.52834 0.18612 0.56289
v 0.56340 0.06430 0.57479
v 0.40369 0.18482 0.70376
v 0.52834 0.18612 0.56289
v 0.51311 0.16702 0.70767
v 0.43120 0.06430 0.77003
v 0.51311 0.16702 0.70767
v 0.43120 0.06430 0.78969
v 0.43120 0.06430 0.78904
v 0.43120 0.06430 0.78969
v 0.51311 0.16702 0.70767
v 0.43120 0.06430 0.77712
v 0.43120 0.06430 0.78904
v 0.56348 0.06430 0.70812
v 0.32617 0.44095 0.63713
v 0.48638 0.44095 0.54658
v 0.32617 0.44095 0.64671
v 0.48638 0.44095 0.54658
v 0.49630 0.44095 0.38005
v 0.43230 0.30787 0.38001
v 0.43230 0.30787 0.38001
v 0.32617 0.44095 0.28561
v 0.32617 0.44095 0.28421
v 0.43230 0.30787 0.38001
v 0.32617 0.44095 0.28633
v 0.28681 0.26849 0.37664
v 0.28681 0.26849 0.37664
v 0.32617 0.44095 0.29539
v 0.18761 0.37423 0.38829
v 0.18761 0.37423 0.38829
v 0.32617 0.44095 0.30353
v 0.18817 0.50741 0.38860
v 0.16839 0.51694 0.55410
v 0.18817 0.50741 0.38860
v 0.29478 0.57848 0.39470
v 0.29478 0.57848 0.39470
v 0.32617 0.44095 0.31268
v 0.42159 0.56060 0.38867
v 0.42465 0.56444 0.54544
v 0.28846 0.60617 0.55125
v 0.29478 0.57848 0.39470
v 0.32617 0.44095 0.60884
v 0.28846 0.60617 0.55125
v 0.32617 0.44095 0.61635
v 0.32617 0.44095 0.60884
v 0.32617 0.44095 0.61011
v 0.18267 0.37185 0.54611
v 0.32617 0.44095 0.61011
v 0.29157 0.28938 0.54419
v 0.18267 0.37185 0.54611
v 0.32617 0.44095 0.60864
v 0.42816 0.31307 0.54828
v 0.29157 0.28938 0.54419
v 0.32617 0.44095 0.60864
v 0.29157 0.28938 0.54419
v 0.32617 0.44095 0.62887
v 0.32617 0.44095 0.61011
v 0.32617 0.44095 0.62887
v 0.29157 0.28938 0.54419
v 0.32617 0.44095 0.61635
v 0.28846 0.60617 0.55125
v 0.42465 0.56444 0.54544
v 0.29478 0.57848 0.39470
v 0.32617 0.44095 0.29809
v 0.32617 0.44095 0.31268
v 0.42465 0.56444 0.54544
v 0.29478 0.57848 0.39470
v 0.42159 0.56060 0.38867
v 0.16839 0.51694 0.55410
v 0.29478 0.57848 0.39470
v 0.28846 0.60617 0.55125
v 0.32617 0.44095 0.60884
v 0.16839 0.51694 0.55410
v 0.28846 0.60617 0.55125
v 0.32617 0.44095 0.60884
v 0.18267 0.37185 0.54611
v 0.16839 0.51694 0.55410
v 0.18267 0.37185 0.54611
v 0.18817 0.50741 0.38860
v 0.16839 0.51694 0.55410
v 0.29478 0.57848 0.39470
v 0.18817 0.50741 0.38860
v 0.32617 0.44095 0.30353
v 0.29478 0.57848 0.39470
v 0.32617 0.44095 0.30353
v 0.32617 0.44095 0.29809
v 0.18267 0.37185 0.54611
v 0.18761 0.37423 0.38829
v 0.18817 0.50741 0.38860
v 0.29157 0.28938 0.54419
v 0.18761 0.37423 0.38829
v 0.18267 0.37185 0.54611
v 0.18761 0.37423 0.38829
v 0.32617 0.44095 0.29539
v 0.32617 0.44095 0.30353
v 0.29157 0.28938 0.54419
v 0.28681 0.26849 0.37664
v 0.18761 0.37423 0.38829
v 0.28681 0.26849 0.37664
v 0.32617 0.44095 0.28633
v 0.32617 0.44095 0.29539
v 0.29157 0.28938 0.54419
v 0.42816 0.31307 0.54828
v 0.43230 0.30787 0.38001
v 0.43230 0.30787 0.38001
v 0.32617 0.44095 0.28421
v 0.32617 0.44095 0.28633
v 0.29157 0.28938 0.54419
v 0.43230 0.30787 0.38001
v 0.28681 0.26849 0.37664
v 0.49630 0.44095 0.38005
v 0.42159 0.56060 0.38867
v 0.32617 0.44095 0.31268
v 0.49630 0.44095 0.38005
v 0.32617 0.44095 0.31268
v 0.32617 0.44095 0.28561
v 0.43230 0.30787 0.38001
v 0.49630 0.44095 0.38005
v 0.32617 0.44095 0.28561
v 0.32617 0.44095 0.60864
v 0.48638 0.44095 0.54658
v 0.42816 0.31307 0.54828
v 0.48638 0.44095 0.54658
v 0.42465 0.56444 0.54544
v 0.42159 0.56060 0.38867
v 0.48638 0.44095 0.54658
v 0.43230 0.30787 0.38001
v 0.42816 0.31307 0.54828
v 0.48638 0.44095 0.54658
v 0.42159 0.56060 0.38867
v 0.49630 0.44095 0.38005
v 0.32617 0.44095 0.60864
v 0.32617 0.44095 0.64671
v 0.48638 0.44095 0.54658
v 0.32617 0.44095 0.61635
v 0.42465 0.56444 0.54544
v 0.32617 0.44095 0.63713
v 0.32617 0.44095 0.63713
v 0.42465 0.56444 0.54544
v 0.48638 0.44095 0.54658
v 0.18372 0.17531 0.67230
v 0.27860 0.29428 0.60226
v 0.33992 0.17531 0.60429
v 0.27715 0.05816 0.60109
v 0.33992 0.17531 0.60429
v 0.33230 0.17531 0.45065
v 0.33230 0.17531 0.45065
v 0.18372 0.17531 0.36927
v 0.18372 0.17531 0.38334
v 0.14817 0.01953 0.44500
v 0.27547 0.06026 0.45137
v 0.18372 0.17531 0.38334
v 0.05400 0.11284 0.45297
v 0.14817 0.01953 0.44500
v 0.18372 0.17531 0.34929
v 0.05400 0.11284 0.45297
v 0.18372 0.17531 0.34929
v 0.18372 0.17531 0.34886
v 0.05400 0.11284 0.45297
v 0.18372 0.17531 0.37585
v 0.05538 0.23712 0.45374
v 0.14564 0.34215 0.61182
v 0.02504 0.25173 0.61434
v 0.05538 0.23712 0.45374
v 0.18372 0.17531 0.67640
v 0.02456 0.09866 0.61461
v 0.02504 0.25173 0.61434
v 0.18372 0.17531 0.67640
v 0.18372 0.17531 0.68041
v 0.14393 0.00098 0.61569
v 0.18372 0.17531 0.66902
v 0.14393 0.00098 0.61569
v 0.18372 0.17531 0.68041
v 0.18372 0.17531 0.67640
v 0.14393 0.00098 0.61569
v 0.02456 0.09866 0.61461
v 0.18372 0.17531 0.69928
v 0.18372 0.17531 0.70060
v 0.02504 0.25173 0.61434
v 0.18372 0.17531 0.67640
v 0.02504 0.25173 0.61434
v 0.18372 0.17531 0.70060
v 0.18372 0.17531 0.68778
v 0.18372 0.17531 0.69928
v 0.14564 0.34215 0.61182
v 0.18372 0.17531 0.69928
v 0.02504 0.25173 0.61434
v 0.14564 0.34215 0.61182
v 0.14564 0.34215 0.61182
v 0.05538 0.23712 0.45374
v 0.14541 0.34318 0.43875
v 0.14541 0.34318 0.43875
v 0.18372 0.17531 0.38151
v 0.29437 0.31406 0.43609
v 0.14541 0.34318 0.43875
v 0.18372 0.17531 0.36140
v 0.18372 0.17531 0.38151
v 0.02456 0.09866 0.61461
v 0.05538 0.23712 0.45374
v 0.02504 0.25173 0.61434
v 0.14541 0.34318 0.43875
v 0.05538 0.23712 0.45374
v 0.18372 0.17531 0.37585
v 0.14541 0.34318 0.43875
v 0.18372 0.17531 0.37585
v 0.18372 0.17531 0.36140
v 0.05400 0.11284 0.45297
v 0.18372 0.17531 0.34886
v 0.18372 0.17531 0.37585
v 0.02456 0.09866 0.61461
v 0.05400 0.11284 0.45297
v 0.05538 0.23712 0.45374
v 0.14393 0.00098 0.61569
v 0.05400 0.11284 0.45297
v 0.02456 0.09866 0.61461
v 0.14393 0.00098 0.61569
v 0.14817 0.01953 0.44500
v 0.05400 0.11284 0.45297
v 0.14817 0.01953 0.44500
v 0.18372 0.17531 0.38334
v 0.18372 0.17531 0.34929
v 0.33230 0.17531 0.45065
v 0.29437 0.31406 0.43609
v 0.18372 0.17531 0.38151
v 0.33230 0.17531 0.45065
v 0.18372 0.17531 0.38334
v 0.27547 0.06026 0.45137
v 0.33230 0.17531 0.45065
v 0.18372 0.17531 0.38151
v 0.18372 0.17531 0.36927
v 0.27715 0.05816 0.60109
v 0.33230 0.17531 0.45065
v 0.27547 0.06026 0.45137
v 0.27715 0.05816 0.60109
v 0.14817 0.01953 0.44500
v 0.14393 0.00098 0.61569
v 0.27715 0.05816 0.60109
v 0.27547 0.06026 0.45137
v 0.14817 0.01953 0.44500
v 0.18372 0.17531 0.66902
v 0.27715 0.05816 0.60109
v 0.14393 0.00098 0.61569
v 0.18372 0.17531 0.66902
v 0.33992 0.17531 0.60429
v 0.27715 0.05816 0.60109
v 0.27860 0.29428 0.60226
v 0.14541 0.34318 0.43875
v 0.29437 0.31406 0.43609
v 0.27860 0.29428 0.60226
v 0.33230 0.17531 0.45065
v 0.33992 0.17531 0.60429
v 0.27860 0.29428 0.60226
v 0.29437 0.31406 0.43609
v 0.33230 0.17531 0.45065
v 0.27860 0.29428 0.60226
v 0.14564 0.34215 0.61182
v 0.14541 0.34318 0.43875
v 0.18372 0.17531 0.68778
v 0.14564 0.34215 0.61182
v 0.27860 0.29428 0.60226
v 0.18372 0.17531 0.67230
v 0.18372 0.17531 0.68778
v 0.27860 0.29428 0.60226
v 0.18372 0.17531 0.66902
v 0.18372 0.17531 0.67230
v 0.33992 0.17531 0.60429
v 0.11848 0.32185 0.54561
v 0.21017 0.43683 0.47464
v 0.30025 0.32185 0.49213
v 0.21824 0.19676 0.48116
v 0.30025 0.32185 0.49213
v 0.27803 0.32185 0.32007
v 0.27803 0.32185 0.32007
v 0.11848 0.32185 0.21713
v 0.11848 0.32185 0.23008
v 0.21499 0.20084 0.32248
v 0.11848 0.32185 0.23008
v 0.11848 0.32185 0.24278
v -0.01014 0.25991 0.32853
v 0.08593 0.17921 0.32675
v 0.11848 0.32185 0.24278
v 0.08573 0.17836 0.47470
v 0.08593 0.17921 0.32675
v -0.01014 0.25991 0.32853
v 0.11848 0.32185 0.54267
v 0.08573 0.17836 0.47470
v -0.01548 0.25734 0.47546
v 0.11848 0.32185 0.55425
v -0.01548 0.25734 0.47546
v -0.01098 0.38420 0.47294
v -0.01098 0.38420 0.47294
v 0.08379 0.47384 0.32191
v 0.07805 0.49900 0.49210
v 0.11848 0.32185 0.57560
v 0.11848 0.32185 0.54388
v 0.07805 0.49900 0.49210
v 0.08379 0.47384 0.32191
v 0.11848 0.32185 0.22938
v 0.11848 0.32185 0.22909
v 0.22336 0.45336 0.31571
v 0.11848 0.32185 0.22909
v 0.11848 0.32185 0.22564
v -0.03488 0.39571 0.31469
v 0.11848 0.32185 0.23514
v 0.11848 0.32185 0.22938
v 0.22336 0.45336 0.31571
v 0.08379 0.47384 0.32191
v 0.11848 0.32185 0.22909
v 0.08379 0.47384 0.32191
v -0.03488 0.39571 0.31469
v 0.11848 0.32185 0.22938
v 0.11848 0.32185 0.54388
v 0.11848 0.32185 0.57685
v -0.01098 0.38420 0.47294
v -0.01098 0.38420 0.47294
v -0.03488 0.39571 0.31469
v 0.08379 0.47384 0.32191
v 0.11848 0.32185 0.54388
v -0.01098 0.38420 0.47294
v 0.07805 0.49900 0.49210
v 0.11848 0.32185 0.55425
v -0.01098 0.38420 0.47294
v 0.11848 0.32185 0.57685
v 0.11848 0.32185 0.54267
v -0.01548 0.25734 0.47546
v 0.11848 0.32185 0.55425
v -0.03488 0.39571 0.31469
v -0.01014 0.25991 0.32853
v 0.11848 0.32185 0.23514
v 0.08573 0.17836 0.47470
v -0.01014 0.25991 0.32853
v -0.01548 0.25734 0.47546
v -0.01014 0.25991 0.32853
v 0.11848 0.32185 0.24278
v 0.11848 0.32185 0.23514
v 0.21499 0.20084 0.32248
v 0.11848 0.32185 0.24278
v 0.08593 0.17921 0.32675
v 0.08573 0.17836 0.47470
v 0.21499 0.20084 0.32248
v 0.08593 0.17921 0.32675
v 0.27803 0.32185 0.32007
v 0.22336 0.45336 0.31571
v 0.11848 0.32185 0.22564
v 0.27803 0.32185 0.32007
v 0.11848 0.32185 0.23008
v 0.21499 0.20084 0.32248
v 0.27803 0.32185 0.32007
v 0.11848 0.32185 0.22564
v 0.11848 0.32185 0.21713
v 0.21824 0.19676 0.48116
v 0.27803 0.32185 0.32007
v 0.21499 0.20084 0.32248
v 0.11848 0.32185 0.54267
v 0.11848 0.32185 0.58297
v 0.21824 0.19676 0.48116
v 0.08573 0.17836 0.47470
v 0.21824 0.19676 0.48116
v 0.21499 0.20084 0.32248
v 0.11848 0.32185 0.54267
v 0.21824 0.19676 0.48116
v 0.08573 0.17836 0.47470
v 0.21017 0.43683 0.47464
v 0.08379 0.47384 0.32191
v 0.22336 0.45336 0.31571
v 0.21017 0.43683 0.47464
v 0.27803 0.32185 0.32007
v 0.30025 0.32185 0.49213
v 0.21017 0.43683 0.47464
v 0.22336 0.45336 0.31571
v 0.27803 0.32185 0.32007
v 0.21017 0.43683 0.47464
v 0.07805 0.49900 0.49210
v 0.08379 0.47384 0.32191
v 0.11848 0.32185 0.57560
v 0.07805 0.49900 0.49210
v 0.21017 0.43683 0.47464
v 0.11848 0.32185 0.54561
v 0.21824 0.19676 0.48116
v 0.11848 0.32185 0.58297
v 0.11848 0.32185 0.54561
v 0.11848 0.32185 0.57560
v 0.21017 0.43683 0.47464
v 0.11848 0.32185 0.54561
v 0.30025 0.32185 0.49213
v 0.21824 0.19676 0.48116
v 0.26226 0.42195 0.70989
v 0.37118 0.55854 0.65486
v 0.41328 0.42195 0.64292
v 0.41328 0.42195 0.64292
v 0.35258 0.30869 0.49376
v 0.36216 0.29667 0.64757
v 0.26226 0.42195 0.71941
v 0.36216 0.29667 0.64757
v 0.22936 0.27784 0.64130
v 0.22936 0.27784 0.64130
v 0.10496 0.34620 0.47878
v 0.09858 0.34313 0.65837
v 0.09858 0.34313 0.65837
v 0.12255 0.48923 0.48862
v 0.10352 0.49839 0.65560
v 0.26226 0.42195 0.72698
v 0.26226 0.42195 0.72862
v 0.10352 0.49839 0.65560
v 0.26226 0.42195 0.71315
v 0.26226 0.42195 0.72698
v 0.22933 0.56619 0.64137
v 0.22933 0.56619 0.64137
v 0.22350 0.59177 0.47898
v 0.36851 0.55519 0.48088
v 0.36851 0.55519 0.48088
v 0.26226 0.42195 0.40102
v 0.26226 0.42195 0.39202
v 0.36851 0.55519 0.48088
v 0.26226 0.42195 0.42100
v 0.42300 0.42195 0.48575
v 0.36851 0.55519 0.48088
v 0.26226 0.42195 0.39202
v 0.26226 0.42195 0.42100
v 0.22350 0.59177 0.47898
v 0.26226 0.42195 0.41327
v 0.26226 0.42195 0.40102
v 0.36851 0.55519 0.48088
v 0.22350 0.59177 0.47898
v 0.26226 0.42195 0.40102
v 0.26226 0.42195 0.72698
v 0.10352 0.49839 0.65560
v 0.22933 0.56619 0.64137
v 0.26226 0.42195 0.70877
v 0.10352 0.49839 0.65560
v 0.26226 0.42195 0.72862
v 0.12255 0.48923 0.48862
v 0.26226 0.42195 0.42517
v 0.26226 0.42195 0.41327
v 0.22191 0.24518 0.47539
v 0.26226 0.42195 0.42252
v 0.26226 0.42195 0.42517
v 0.22191 0.24518 0.47539
v 0.26226 0.42195 0.41001
v 0.26226 0.42195 0.42252
v 0.22933 0.56619 0.64137
v 0.10352 0.49839 0.65560
v 0.12255 0.48923 0.48862
v 0.22350 0.59177 0.47898
v 0.12255 0.48923 0.48862
v 0.26226 0.42195 0.41327
v 0.22933 0.56619 0.64137
v 0.12255 0.48923 0.48862
v 0.22350 0.59177 0.47898
v 0.26226 0.42195 0.70877
v 0.09858 0.34313 0.65837
v 0.10352 0.49839 0.65560
v 0.12255 0.48923 0.48862
v 0.10496 0.34620 0.47878
v 0.26226 0.42195 0.42517
v 0.22191 0.24518 0.47539
v 0.26226 0.42195 0.42517
v 0.10496 0.34620 0.47878
v 0.09858 0.34313 0.65837
v 0.10496 0.34620 0.47878
v 0.12255 0.48923 0.48862
v 0.26226 0.42195 0.70877
v 0.26226 0.42195 0.72824
v 0.22936 0.27784 0.64130
v 0.22936 0.27784 0.64130
v 0.22191 0.24518 0.47539
v 0.10496 0.34620 0.47878
v 0.26226 0.42195 0.70877
v 0.22936 0.27784 0.64130
v 0.09858 0.34313 0.65837
v 0.26226 0.42195 0.71941
v 0.22936 0.27784 0.64130
v 0.26226 0.42195 0.72824
v 0.35258 0.30869 0.49376
v 0.26226 0.42195 0.42100
v 0.26226 0.42195 0.41001
v 0.22936 0.27784 0.64130
v 0.36216 0.29667 0.64757
v 0.35258 0.30869 0.49376
v 0.22191 0.24518 0.47539
v 0.35258 0.30869 0.49376
v 0.26226 0.42195 0.41001
v 0.35258 0.30869 0.49376
v 0.42300 0.42195 0.48575
v 0.26226 0.42195 0.42100
v 0.22936 0.27784 0.64130
v 0.35258 0.30869 0.49376
v 0.22191 0.24518 0.47539
v 0.41328 0.42195 0.64292
v 0.36851 0.55519 0.48088
v 0.42300 0.42195 0.48575
v 0.41328 0.42195 0.64292
v 0.42300 0.42195 0.48575
v 0.35258 0.30869 0.49376
v 0.41328 0.42195 0.64292
v 0.37118 0.55854 0.65486
v 0.36851 0.55519 0.48088
v 0.22933 0.56619 0.64137
v 0.36851 0.55519 0.48088
v 0.37118 0.55854 0.65486
v 0.26226 0.42195 0.71315
v 0.22933 0.56619 0.64137
v 0.37118 0.55854 0.65486
v 0.26226 0.42195 0.70989
v 0.36216 0.29667 0.64757
v 0.26226 0.42195 0.71941
v 0.26226 0.42195 0.70989
v 0.26226 0.42195 0.71315
v 0.37118 0.55854 0.65486
v 0.26226 0.42195 0.70989
v 0.41328 0.42195 0.64292
v 0.36216 0.29667 0.64757
v 0.25815 0.45133 0.68482
v 0.41083 0.45133 0.60275
v 0.25815 0.45133 0.69777
v 0.41083 0.45133 0.60275
v 0.40065 0.45133 0.45394
v 0.34482 0.34264 0.45570
v 0.34482 0.34264 0.45570
v 0.25815 0.45133 0.38431
v 0.25815 0.45133 0.38361
v 0.21777 0.27440 0.43430
v 0.25815 0.45133 0.38361
v 0.25815 0.45133 0.37254
v 0.13209 0.39062 0.45525
v 0.25815 0.45133 0.37254
v 0.25815 0.45133 0.36589
v 0.13209 0.39062 0.45525
v 0.25815 0.45133 0.36870
v 0.12904 0.51350 0.45354
v 0.21808 0.62688 0.61655
v 0.11345 0.52101 0.60674
v 0.12904 0.51350 0.45354
v 0.25815 0.45133 0.68489
v 0.11603 0.38289 0.60530
v 0.11345 0.52101 0.60674
v 0.25815 0.45133 0.67281
v 0.22512 0.30660 0.60062
v 0.11603 0.38289 0.60530
v 0.25815 0.45133 0.67281
v 0.25815 0.45133 0.69029
v 0.35873 0.32520 0.60711
v 0.25815 0.45133 0.67281
v 0.35873 0.32520 0.60711
v 0.22512 0.30660 0.60062
v 0.25815 0.45133 0.67281
v 0.11603 0.38289 0.60530
v 0.25815 0.45133 0.70501
v 0.25815 0.45133 0.68489
v 0.25815 0.45133 0.70501
v 0.11603 0.38289 0.60530
v 0.25815 0.45133 0.68489
v 0.11345 0.52101 0.60674
v 0.21808 0.62688 0.61655
v 0.36721 0.58808 0.61396
v 0.21808 0.62688 0.61655
v 0.22024 0.61742 0.43990
v 0.22024 0.61742 0.43990
v 0.25815 0.45133 0.36811
v 0.37174 0.59377 0.43394
v 0.22024 0.61742 0.43990
v 0.25815 0.45133 0.36350
v 0.25815 0.45133 0.36811
v 0.36721 0.58808 0.61396
v 0.22024 0.61742 0.43990
v 0.37174 0.59377 0.43394
v 0.25815 0.45133 0.68489
v 0.21808 0.62688 0.61655
v 0.25815 0.45133 0.69251
v 0.21808 0.62688 0.61655
v 0.12904 0.51350 0.45354
v 0.22024 0.61742 0.43990
v 0.22024 0.61742 0.43990
v 0.12904 0.51350 0.45354
v 0.25815 0.45133 0.36870
v 0.22024 0.61742 0.43990
v 0.25815 0.45133 0.36870
v 0.25815 0.45133 0.36350
v 0.11345 0.52101 0.60674
v 0.11603 0.38289 0.60530
v 0.13209 0.39062 0.45525
v 0.13209 0.39062 0.45525
v 0.25815 0.45133 0.36589
v 0.25815 0.45133 0.36870
v 0.11345 0.52101 0.60674
v 0.13209 0.39062 0.45525
v 0.12904 0.51350 0.45354
v 0.22512 0.30660 0.60062
v 0.13209 0.39062 0.45525
v 0.11603 0.38289 0.60530
v 0.13209 0.39062 0.45525
v 0.21777 0.27440 0.43430
v 0.25815 0.45133 0.37254
v 0.22512 0.30660 0.60062
v 0.21777 0.27440 0.43430
v 0.13209 0.39062 0.45525
v 0.37174 0.59377 0.43394
v 0.25815 0.45133 0.36811
v 0.25815 0.45133 0.38431
v 0.22512 0.30660 0.60062
v 0.35873 0.32520 0.60711
v 0.34482 0.34264 0.45570
v 0.21777 0.27440 0.43430
v 0.34482 0.34264 0.45570
v 0.25815 0.45133 0.38361
v 0.22512 0.30660 0.60062
v 0.34482 0.34264 0.45570
v 0.21777 0.27440 0.43430
v 0.37174 0.59377 0.43394
v 0.25815 0.45133 0.38431
v 0.40065 0.45133 0.45394
v 0.36721 0.58808 0.61396
v 0.37174 0.59377 0.43394
v 0.40065 0.45133 0.45394
v 0.34482 0.34264 0.45570
v 0.40065 0.45133 0.45394
v 0.25815 0.45133 0.38431
v 0.25815 0.45133 0.69029
v 0.41083 0.45133 0.60275
v 0.35873 0.32520 0.60711
v 0.36721 0.58808 0.61396
v 0.40065 0.45133 0.45394
v 0.41083 0.45133 0.60275
v 0.41083 0.45133 0.60275
v 0.34482 0.34264 0.45570
v 0.35873 0.32520 0.60711
v 0.25815 0.45133 0.69029
v 0.25815 0.45133 0.69777
v 0.41083 0.45133 0.60275
v 0.25815 0.45133 0.68482
v 0.25815 0.45133 0.69251
v 0.21808 0.62688 0.61655
v 0.25815 0.45133 0.68482
v 0.36721 0.58808 0.61396
v 0.41083 0.45133 0.60275
v 0.25815 0.45133 0.68482
v 0.21808 0.62688 0.61655
v 0.36721 0.58808 0.61396
v 0.52309 -0.00623 0.45722
v 0.39896 0.01332 0.31155
v 0.51573 -0.01546 0.31271
v 0.52309 -0.00623 0.45722
v 0.39408 0.03470 0.46348
v 0.39896 0.01332 0.31155
v 0.22743 0.07362 0.37044
v 0.34374 0.03430 0.22852
v 0.36505 0.06103 0.38070
v 0.22743 0.07362 0.37044
v 0.13392 -0.00949 0.36670
v 0.14291 -0.01382 0.23032
v 0.22743 0.07362 0.37044
v 0.22551 0.08205 0.21720
v 0.34374 0.03430 0.22852
v 0.22743 0.07362 0.37044
v 0.14291 -0.01382 0.23032
v 0.22551 0.08205 0.21720
v 0.47547 -0.03889 0.59142
v 0.43798 0.12534 0.51494
v 0.57562 0.08670 0.51100
v 0.57562 0.08670 0.51100
v 0.44261 0.10507 0.35558
v 0.57990 0.09207 0.34558
v 0.44261 0.10507 0.35558
v 0.47547 -0.03889 0.27450
v 0.47547 -0.03889 0.26817
v 0.44261 0.10507 0.35558
v 0.47547 -0.03889 0.26854
v 0.57990 0.09207 0.34558
v 0.33074 0.03081 0.51100
v 0.34120 0.02578 0.35489
v 0.44261 0.10507 0.35558
v 0.44261 0.10507 0.35558
v 0.47547 -0.03889 0.26817
v 0.47547 -0.03889 0.26854
v 0.44261 0.10507 0.35558
v 0.34120 0.02578 0.35489
v 0.47547 -0.03889 0.27450
v 0.57562 0.08670 0.51100
v 0.61390 -0.03889 0.36023
v 0.62947 -0.03889 0.50766
v 0.57562 0.08670 0.51100
v 0.57990 0.09207 0.34558
v 0.61390 -0.03889 0.36023
v 0.47547 -0.03889 0.58292
v 0.33074 0.03081 0.51100
v 0.43798 0.12534 0.51494
v 0.57562 0.08670 0.51100
v 0.43798 0.12534 0.51494
v 0.44261 0.10507 0.35558
v 0.33074 0.03081 0.51100
v 0.44261 0.10507 0.35558
v 0.43798 0.12534 0.51494
v 0.47547 -0.03889 0.58292
v 0.43798 0.12534 0.51494
v 0.47547 -0.03889 0.59515
v 0.47547 -0.03889 0.59142
v 0.47547 -0.03889 0.59515
v 0.43798 0.12534 0.51494
v 0.35281 -0.03651 0.37777
v 0.32298 0.09419 0.29974
v 0.45358 0.08985 0.31364
v 0.45358 0.08985 0.31364
v 0.32352 0.09182 0.16581
v 0.45287 0.08895 0.15126
v 0.45287 0.08895 0.15126
v 0.35281 -0.03651 0.09555
v 0.35281 -0.03651 0.08628
v 0.21155 0.03152 0.15312
v 0.35281 -0.03651 0.08775
v 0.35281 -0.03651 0.09555
v 0.49180 -0.03651 0.30223
v 0.45287 0.08895 0.15126
v 0.52084 -0.03651 0.14746
v 0.45287 0.08895 0.15126
v 0.32352 0.09182 0.16581
v 0.35281 -0.03651 0.09555
v 0.21155 0.03152 0.15312
v 0.35281 -0.03651 0.09555
v 0.32352 0.09182 0.16581
v 0.49180 -0.03651 0.30223
v 0.45358 0.08985 0.31364
v 0.45287 0.08895 0.15126
v 0.32298 0.09419 0.29974
v 0.21155 0.03152 0.15312
v 0.32352 0.09182 0.16581
v 0.45358 0.08985 0.31364
v 0.32298 0.09419 0.29974
v 0.32352 0.09182 0.16581
v 0.32298 0.09419 0.29974
v 0.20279 0.03574 0.31610
v 0.21155 0.03152 0.15312
v 0.35281 -0.03651 0.38752
v 0.35281 -0.03651 0.39674
v 0.20279 0.03574 0.31610
v 0.35281 -0.03651 0.38752
v 0.20279 0.03574 0.31610
v 0.32298 0.09419 0.29974
v 0.35281 -0.03651 0.37777
v 0.35281 -0.03651 0.38752
v 0.32298 0.09419 0.29974
v 0.44238 0.01396 0.33340
v 0.32484 0.03370 0.19515
v 0.45626 0.03136 0.18007
v 0.22803 -0.03534 0.33311
v 0.20871 -0.02603 0.18077
v 0.32484 0.03370 0.19515
v 0.22803 -0.03534 0.33311
v 0.32484 0.03370 0.19515
v 0.32486 0.03362 0.32949
v 0.44238 0.01396 0.33340
v 0.32486 0.03362 0.32949
v 0.32484 0.03370 0.19515
v 0.19448 0.03197 0.97299
v 0.30579 0.03197 0.91885
v 0.19448 0.03197 0.97916
v 0.19448 0.03197 0.97011
v 0.30579 0.03197 0.91885
v 0.26124 -0.05175 0.91672
v 0.30579 0.03197 0.91885
v 0.27475 0.13262 0.92764
v 0.26302 0.11792 0.80732
v 0.26302 0.11792 0.80732
v 0.19448 0.03197 0.75797
v 0.19448 0.03197 0.74631
v 0.08233 0.08598 0.79999
v 0.19448 0.03197 0.73589
v 0.19448 0.03197 0.75797
v 0.08233 0.08598 0.79999
v 0.19448 0.03197 0.76000
v 0.19448 0.03197 0.73589
v 0.10505 -0.01110 0.91278
v 0.08418 -0.02115 0.80102
v 0.08233 0.08598 0.79999
v 0.19448 0.03197 0.97288
v 0.10505 -0.01110 0.91278
v 0.09041 0.08208 0.92097
v 0.09041 0.08208 0.92097
v 0.16781 0.14881 0.80232
v 0.16971 0.14049 0.91885
v 0.19448 0.03197 0.97288
v 0.09041 0.08208 0.92097
v 0.16971 0.14049 0.91885
v 0.19448 0.03197 0.97288
v 0.16971 0.14049 0.91885
v 0.19448 0.03197 0.98161
v 0.19448 0.03197 0.97288
v 0.19448 0.03197 0.97673
v 0.10505 -0.01110 0.91278
v 0.08233 0.08598 0.79999
v 0.08418 -0.02115 0.80102
v 0.19448 0.03197 0.76000
v 0.09041 0.08208 0.92097
v 0.08233 0.08598 0.79999
v 0.16781 0.14881 0.80232
v 0.10505 -0.01110 0.91278
v 0.08233 0.08598 0.79999
v 0.09041 0.08208 0.92097
v 0.08233 0.08598 0.79999
v 0.19448 0.03197 0.75797
v 0.16781 0.14881 0.80232
v 0.26302 0.11792 0.80732
v 0.19448 0.03197 0.76089
v 0.30740 0.03197 0.80581
v 0.26373 -0.05487 0.80674
v 0.19448 0.03197 0.76089
v 0.19448 0.03197 0.73279
v 0.26373 -0.05487 0.80674
v 0.30740 0.03197 0.80581
v 0.19448 0.03197 0.76089
v 0.16971 0.14049 0.91885
v 0.16781 0.14881 0.80232
v 0.26302 0.11792 0.80732
v 0.26302 0.11792 0.80732
v 0.19448 0.03197 0.74631
v 0.19448 0.03197 0.76089
v 0.26302 0.11792 0.80732
v 0.16781 0.14881 0.80232
v 0.19448 0.03197 0.75797
v 0.16971 0.14049 0.91885
v 0.26302 0.11792 0.80732
v 0.27475 0.13262 0.92764
v 0.30579 0.03197 0.91885
v 0.26302 0.11792 0.80732
v 0.30740 0.03197 0.80581
v 0.19448 0.03197 0.97011
v 0.19448 0.03197 0.97916
v 0.30579 0.03197 0.91885
v 0.19448 0.03197 0.97299
v 0.19448 0.03197 0.98161
v 0.16971 0.14049 0.91885
v 0.19448 0.03197 0.97299
v 0.27475 0.13262 0.92764
v 0.30579 0.03197 0.91885
v 0.19448 0.03197 0.97299
v 0.16971 0.14049 0.91885
v 0.27475 0.13262 0.92764
v 0.21997 0.05652 0.81189
v 0.32591 0.05652 0.75873
v 0.21997 0.05652 0.81907
v 0.21997 0.05652 0.81907
v 0.29119 -0.03278 0.76290
v 0.21997 0.05652 0.83339
v 0.21997 0.05652 0.83339
v 0.19380 -0.05816 0.76462
v 0.21997 0.05652 0.83422
v 0.21997 0.05652 0.81880
v 0.21997 0.05652 0.83422
v 0.19380 -0.05816 0.76462
v 0.21997 0.05652 0.81880
v 0.11480 0.00587 0.76417
v 0.11932 0.10499 0.76164
v 0.11932 0.10499 0.76164
v 0.12115 0.00893 0.65003
v 0.11442 0.10735 0.64627
v 0.11442 0.10735 0.64627
v 0.21997 0.05652 0.59272
v 0.21997 0.05652 0.59066
v 0.19550 -0.05069 0.64989
v 0.21997 0.05652 0.58222
v 0.21997 0.05652 0.59272
v 0.19550 -0.05069 0.64989
v 0.29529 -0.03793 0.64443
v 0.21997 0.05652 0.60025
v 0.32549 0.05652 0.65213
v 0.21997 0.05652 0.58693
v 0.21997 0.05652 0.60025
v 0.32549 0.05652 0.65213
v 0.29323 0.14838 0.64610
v 0.21997 0.05652 0.59035
v 0.29323 0.14838 0.64610
v 0.21997 0.05652 0.59994
v 0.21997 0.05652 0.59035
v 0.29323 0.14838 0.64610
v 0.19427 0.16912 0.64710
v 0.21997 0.05652 0.59994
v 0.29557 0.15132 0.76645
v 0.19221 0.17814 0.76821
v 0.19427 0.16912 0.64710
v 0.29557 0.15132 0.76645
v 0.19427 0.16912 0.64710
v 0.29323 0.14838 0.64610
v 0.32549 0.05652 0.65213
v 0.21997 0.05652 0.59035
v 0.21997 0.05652 0.58693
v 0.32549 0.05652 0.65213
v 0.21997 0.05652 0.60025
v 0.29529 -0.03793 0.64443
v 0.19550 -0.05069 0.64989
v 0.21997 0.05652 0.60025
v 0.21997 0.05652 0.58222
v 0.11442 0.10735 0.64627
v 0.21997 0.05652 0.59994
v 0.19427 0.16912 0.64710
v 0.11442 0.10735 0.64627
v 0.21997 0.05652 0.59066
v 0.21997 0.05652 0.59994
v 0.19550 -0.05069 0.64989
v 0.21997 0.05652 0.59272
v 0.12115 0.00893 0.65003
v 0.11442 0.10735 0.64627
v 0.12115 0.00893 0.65003
v 0.21997 0.05652 0.59272
v 0.11932 0.10499 0.76164
v 0.19427 0.16912 0.64710
v 0.19221 0.17814 0.76821
v 0.21997 0.05652 0.82278
v 0.21997 0.05652 0.82914
v 0.11932 0.10499 0.76164
v 0.11932 0.10499 0.76164
v 0.11442 0.10735 0.64627
v 0.19427 0.16912 0.64710
v 0.21997 0.05652 0.82278
v 0.11932 0.10499 0.76164
v 0.19221 0.17814 0.76821
v 0.11932 0.10499 0.76164
v 0.11480 0.00587 0.76417
v 0.12115 0.00893 0.65003
v 0.21997 0.05652 0.81880
v 0.11932 0.10499 0.76164
v 0.21997 0.05652 0.82914
v 0.21997 0.05652 0.81880
v 0.19380 -0.05816 0.76462
v 0.11480 0.00587 0.76417
v 0.29119 -0.03278 0.76290
v 0.32549 0.05652 0.65213
v 0.29529 -0.03793 0.64443
v 0.21997 0.05652 0.83339
v 0.29119 -0.03278 0.76290
v 0.19380 -0.05816 0.76462
v 0.32591 0.05652 0.75873
v 0.29557 0.15132 0.76645
v 0.29323 0.14838 0.64610
v 0.32591 0.05652 0.75873
v 0.29323 0.14838 0.64610
v 0.32549 0.05652 0.65213
v 0.29119 -0.03278 0.76290
v 0.32591 0.05652 0.75873
v 0.32549 0.05652 0.65213
v 0.21997 0.05652 0.81907
v 0.32591 0.05652 0.75873
v 0.29119 -0.03278 0.76290
v 0.21997 0.05652 0.81189
v 0.21997 0.05652 0.82278
v 0.19221 0.17814 0.76821
v 0.21997 0.05652 0.81189
v 0.29557 0.15132 0.76645
v 0.32591 0.05652 0.75873
v 0.21997 0.05652 0.81189
v 0.19221 0.17814 0.76821
v 0.29557 0.15132 0.76645
v 0.20964 0.16575 0.82219
v 0.28047 0.25458 0.77807
v 0.30939 0.16575 0.77108
v 0.30939 0.16575 0.77108
v 0.28748 0.06815 0.65786
v 0.27876 0.07908 0.77668
v 0.27876 0.07908 0.77668
v 0.18306 0.04930 0.66058
v 0.18270 0.04774 0.78182
v 0.18270 0.04774 0.78182
v 0.10269 0.11425 0.66095
v 0.09444 0.11028 0.78525
v 0.20964 0.16575 0.82747
v 0.20964 0.16575 0.83903
v 0.09444 0.11028 0.78525
v 0.20964 0.16575 0.82009
v 0.20964 0.16575 0.82747
v 0.11987 0.20899 0.77102
v 0.18509 0.27330 0.77641
v 0.11987 0.20899 0.77102
v 0.11115 0.21319 0.66568
v 0.11115 0.21319 0.66568
v 0.20964 0.16575 0.62027
v 0.20964 0.16575 0.60505
v 0.11115 0.21319 0.66568
v 0.20964 0.16575 0.61213
v 0.18185 0.28752 0.65783
v 0.18185 0.28752 0.65783
v 0.20964 0.16575 0.61671
v 0.27749 0.25084 0.66593
v 0.32867 0.16575 0.66079
v 0.27749 0.25084 0.66593
v 0.20964 0.16575 0.61671
v 0.32867 0.16575 0.66079
v 0.20964 0.16575 0.61671
v 0.20964 0.16575 0.61358
v 0.18185 0.28752 0.65783
v 0.20964 0.16575 0.61213
v 0.20964 0.16575 0.61671
v 0.11115 0.21319 0.66568
v 0.20964 0.16575 0.60505
v 0.20964 0.16575 0.61213
v 0.18509 0.27330 0.77641
v 0.11115 0.21319 0.66568
v 0.18185 0.28752 0.65783
v 0.18509 0.27330 0.77641
v 0.18185 0.28752 0.65783
v 0.27749 0.25084 0.66593
v 0.20964 0.16575 0.82009
v 0.11987 0.20899 0.77102
v 0.18509 0.27330 0.77641
v 0.20964 0.16575 0.82747
v 0.09444 0.11028 0.78525
v 0.11987 0.20899 0.77102
v 0.20964 0.16575 0.82640
v 0.09444 0.11028 0.78525
v 0.20964 0.16575 0.83903
v 0.10269 0.11425 0.66095
v 0.20964 0.16575 0.62086
v 0.20964 0.16575 0.62027
v 0.11987 0.20899 0.77102
v 0.09444 0.11028 0.78525
v 0.10269 0.11425 0.66095
v 0.11115 0.21319 0.66568
v 0.10269 0.11425 0.66095
v 0.20964 0.16575 0.62027
v 0.11987 0.20899 0.77102
v 0.10269 0.11425 0.66095
v 0.11115 0.21319 0.66568
v 0.20964 0.16575 0.82640
v 0.18270 0.04774 0.78182
v 0.09444 0.11028 0.78525
v 0.20964 0.16575 0.82527
v 0.18270 0.04774 0.78182
v 0.20964 0.16575 0.82640
v 0.10269 0.11425 0.66095
v 0.18306 0.04930 0.66058
v 0.20964 0.16575 0.62086
v 0.18270 0.04774 0.78182
v 0.18306 0.04930 0.66058
v 0.10269 0.11425 0.66095
v 0.20964 0.16575 0.82527
v 0.27876 0.07908 0.77668
v 0.18270 0.04774 0.78182
v 0.28748 0.06815 0.65786
v 0.20964 0.16575 0.61358
v 0.20964 0.16575 0.59770
v 0.28748 0.06815 0.65786
v 0.20964 0.16575 0.62086
v 0.18306 0.04930 0.66058
v 0.28748 0.06815 0.65786
v 0.20964 0.16575 0.59770
v 0.20964 0.16575 0.62086
v 0.28748 0.06815 0.65786
v 0.32867 0.16575 0.66079
v 0.20964 0.16575 0.61358
v 0.27876 0.07908 0.77668
v 0.28748 0.06815 0.65786
v 0.18306 0.04930 0.66058
v 0.30939 0.16575 0.77108
v 0.27749 0.25084 0.66593
v 0.32867 0.16575 0.66079
v 0.30939 0.16575 0.77108
v 0.32867 0.16575 0.66079
v 0.28748 0.06815 0.65786
v 0.20964 0.16575 0.82009
v 0.18509 0.27330 0.77641
v 0.28047 0.25458 0.77807
v 0.30939 0.16575 0.77108
v 0.28047 0.25458 0.77807
v 0.27749 0.25084 0.66593
v 0.18509 0.27330 0.77641
v 0.27749 0.25084 0.66593
v 0.28047 0.25458 0.77807
v 0.20964 0.16575 0.82009
v 0.28047 0.25458 0.77807
v 0.20964 0.16575 0.84003
v 0.20964 0.16575 0.82219
v 0.27876 0.07908 0.77668
v 0.20964 0.16575 0.82527
v 0.20964 0.16575 0.82219
v 0.20964 0.16575 0.84003
v 0.28047 0.25458 0.77807
v 0.20964 0.16575 0.82219
v 0.30939 0.16575 0.77108
v 0.27876 0.07908 0.77668
v 0.23288 0.20324 0.88052
v 0.34982 0.20324 0.82262
v 0.23288 0.20324 0.88795
v 0.34982 0.20324 0.82262
v 0.35886 0.20324 0.70017
v 0.30666 0.11073 0.70403
v 0.20765 0.09267 0.70650
v 0.30666 0.11073 0.70403
v 0.23288 0.20324 0.65270
v 0.20765 0.09267 0.70650
v 0.23288 0.20324 0.65270
v 0.23288 0.20324 0.63667
v 0.20765 0.09267 0.70650
v 0.23288 0.20324 0.63954
v 0.12780 0.15263 0.70488
v 0.12780 0.15263 0.70488
v 0.23288 0.20324 0.64796
v 0.13696 0.24943 0.71001
v 0.14189 0.24706 0.81459
v 0.13696 0.24943 0.71001
v 0.20810 0.31181 0.70754
v 0.29785 0.28470 0.81620
v 0.20831 0.31087 0.81933
v 0.20810 0.31181 0.70754
v 0.23288 0.20324 0.87058
v 0.20831 0.31087 0.81933
v 0.29785 0.28470 0.81620
v 0.31055 0.30063 0.70088
v 0.20810 0.31181 0.70754
v 0.23288 0.20324 0.64026
v 0.31055 0.30063 0.70088
v 0.23288 0.20324 0.64026
v 0.23288 0.20324 0.63688
v 0.31055 0.30063 0.70088
v 0.23288 0.20324 0.63688
v 0.23288 0.20324 0.65215
v 0.29785 0.28470 0.81620
v 0.20810 0.31181 0.70754
v 0.31055 0.30063 0.70088
v 0.14189 0.24706 0.81459
v 0.20810 0.31181 0.70754
v 0.20831 0.31087 0.81933
v 0.23288 0.20324 0.87058
v 0.23288 0.20324 0.87432
v 0.14189 0.24706 0.81459
v 0.23288 0.20324 0.87432
v 0.23288 0.20324 0.87864
v 0.11738 0.14762 0.82830
v 0.23288 0.20324 0.87864
v 0.20479 0.08016 0.82732
v 0.11738 0.14762 0.82830
v 0.23288 0.20324 0.87636
v 0.31089 0.10542 0.82675
v 0.20479 0.08016 0.82732
v 0.23288 0.20324 0.87636
v 0.20479 0.08016 0.82732
v 0.23288 0.20324 0.88426
v 0.23288 0.20324 0.87864
v 0.23288 0.20324 0.88426
v 0.20479 0.08016 0.82732
v 0.23288 0.20324 0.87058
v 0.14189 0.24706 0.81459
v 0.20831 0.31087 0.81933
v 0.23288 0.20324 0.87432
v 0.11738 0.14762 0.82830
v 0.14189 0.24706 0.81459
v 0.20810 0.31181 0.70754
v 0.13696 0.24943 0.71001
v 0.23288 0.20324 0.64796
v 0.20810 0.31181 0.70754
v 0.23288 0.20324 0.64796
v 0.23288 0.20324 0.64026
v 0.14189 0.24706 0.81459
v 0.11738 0.14762 0.82830
v 0.12780 0.15263 0.70488
v 0.14189 0.24706 0.81459
v 0.12780 0.15263 0.70488
v 0.13696 0.24943 0.71001
v 0.12780 0.15263 0.70488
v 0.23288 0.20324 0.63954
v 0.23288 0.20324 0.64796
v 0.11738 0.14762 0.82830
v 0.20479 0.08016 0.82732
v 0.20765 0.09267 0.70650
v 0.20765 0.09267 0.70650
v 0.23288 0.20324 0.63667
v 0.23288 0.20324 0.63954
v 0.11738 0.14762 0.82830
v 0.20765 0.09267 0.70650
v 0.12780 0.15263 0.70488
v 0.31089 0.10542 0.82675
v 0.20765 0.09267 0.70650
v 0.20479 0.08016 0.82732
v 0.31089 0.10542 0.82675
v 0.30666 0.11073 0.70403
v 0.20765 0.09267 0.70650
v 0.31055 0.30063 0.70088
v 0.23288 0.20324 0.65215
v 0.35886 0.20324 0.70017
v 0.35886 0.20324 0.70017
v 0.23288 0.20324 0.65270
v 0.30666 0.11073 0.70403
v 0.29785 0.28470 0.81620
v 0.31055 0.30063 0.70088
v 0.35886 0.20324 0.70017
v 0.35886 0.20324 0.70017
v 0.23288 0.20324 0.65215
v 0.23288 0.20324 0.65270
v 0.23288 0.20324 0.87636
v 0.34982 0.20324 0.82262
v 0.31089 0.10542 0.82675
v 0.29785 0.28470 0.81620
v 0.35886 0.20324 0.70017
v 0.34982 0.20324 0.82262
v 0.34982 0.20324 0.82262
v 0.30666 0.11073 0.70403
v 0.31089 0.10542 0.82675
v 0.23288 0.20324 0.87636
v 0.23288 0.20324 0.88795
v 0.34982 0.20324 0.82262
v 0.23288 0.20324 0.87058
v 0.29785 0.28470 0.81620
v 0.23288 0.20324 0.88052
v 0.23288 0.20324 0.88052
v 0.29785 0.28470 0.81620
v 0.34982 0.20324 0.82262
v 0.30304 0.01388 0.87361
v 0.37290 0.10148 0.82865
v 0.42174 0.01388 0.83201
v 0.37290 0.10148 0.82865
v 0.40873 0.01388 0.71889
v 0.42174 0.01388 0.83201
v 0.40873 0.01388 0.71889
v 0.30304 0.01388 0.66098
v 0.30304 0.01388 0.64574
v 0.27644 0.13044 0.71190
v 0.30304 0.01388 0.64804
v 0.30304 0.01388 0.66098
v 0.20756 0.05986 0.71875
v 0.30304 0.01388 0.64464
v 0.30304 0.01388 0.64804
v 0.20756 0.05986 0.71875
v 0.30304 0.01388 0.64774
v 0.30304 0.01388 0.64464
v 0.20385 -0.03389 0.82767
v 0.18812 -0.04146 0.70787
v 0.20756 0.05986 0.71875
v 0.30304 0.01388 0.87452
v 0.20385 -0.03389 0.82767
v 0.19542 0.06571 0.83239
v 0.30304 0.01388 0.87676
v 0.30304 0.01388 0.88797
v 0.19542 0.06571 0.83239
v 0.30304 0.01388 0.87676
v 0.19542 0.06571 0.83239
v 0.27884 0.11994 0.82701
v 0.30304 0.01388 0.87452
v 0.19542 0.06571 0.83239
v 0.30304 0.01388 0.88797
v 0.27884 0.11994 0.82701
v 0.19542 0.06571 0.83239
v 0.20756 0.05986 0.71875
v 0.20756 0.05986 0.71875
v 0.18812 -0.04146 0.70787
v 0.30304 0.01388 0.64774
v 0.20385 -0.03389 0.82767
v 0.20756 0.05986 0.71875
v 0.19542 0.06571 0.83239
v 0.20756 0.05986 0.71875
v 0.30304 0.01388 0.64804
v 0.27644 0.13044 0.71190
v 0.27884 0.11994 0.82701
v 0.27644 0.13044 0.71190
v 0.37311 0.10174 0.71552
v 0.27884 0.11994 0.82701
v 0.20756 0.05986 0.71875
v 0.27644 0.13044 0.71190
v 0.27644 0.13044 0.71190
v 0.30304 0.01388 0.66098
v 0.37311 0.10174 0.71552
v 0.40873 0.01388 0.71889
v 0.37311 0.10174 0.71552
v 0.30304 0.01388 0.66098
v 0.30304 0.01388 0.87676
v 0.27884 0.11994 0.82701
v 0.37290 0.10148 0.82865
v 0.37290 0.10148 0.82865
v 0.37311 0.10174 0.71552
v 0.40873 0.01388 0.71889
v 0.27884 0.11994 0.82701
v 0.37311 0.10174 0.71552
v 0.37290 0.10148 0.82865
v 0.30304 0.01388 0.87676
v 0.37290 0.10148 0.82865
v 0.30304 0.01388 0.88274
v 0.30304 0.01388 0.87361
v 0.30304 0.01388 0.88274
v 0.37290 0.10148 0.82865
v 0.48832 0.05311 0.95268
v 0.45342 -0.09980 0.87660
v 0.34495 -0.01593 0.87775
v 0.45342 -0.09980 0.87660
v 0.58498 -0.06810 0.71938
v 0.45049 -0.11262 0.71184
v 0.45049 -0.11262 0.71184
v 0.48832 0.05311 0.65102
v 0.48832 0.05311 0.62854
v 0.45049 -0.11262 0.71184
v 0.48832 0.05311 0.63226
v 0.35182 -0.01262 0.72117
v 0.45049 -0.11262 0.71184
v 0.48832 0.05311 0.62854
v 0.48832 0.05311 0.63226
v 0.64988 0.05311 0.87898
v 0.64806 0.05311 0.71701
v 0.58498 -0.06810 0.71938
v 0.45049 -0.11262 0.71184
v 0.58498 -0.06810 0.71938
v 0.48832 0.05311 0.65102
v 0.64988 0.05311 0.87898
v 0.58498 -0.06810 0.71938
v 0.59593 -0.08183 0.88455
v 0.48832 0.05311 0.96401
v 0.48832 0.05311 0.96574
v 0.59593 -0.08183 0.88455
v 0.45342 -0.09980 0.87660
v 0.35182 -0.01262 0.72117
v 0.34495 -0.01593 0.87775
v 0.45342 -0.09980 0.87660
v 0.45049 -0.11262 0.71184
v 0.35182 -0.01262 0.72117
v 0.45342 -0.09980 0.87660
v 0.59593 -0.08183 0.88455
v 0.58498 -0.06810 0.71938
v 0.48832 0.05311 0.96401
v 0.59593 -0.08183 0.88455
v 0.45342 -0.09980 0.87660
v 0.48832 0.05311 0.95268
v 0.48832 0.05311 0.96401
v 0.45342 -0.09980 0.87660
v 0.45569 0.07090 0.93796
v 0.41761 -0.09595 0.87798
v 0.45569 0.07090 0.95559
v 0.31922 0.00517 0.86807
v 0.41761 -0.09595 0.87798
v 0.42222 -0.07574 0.71589
v 0.55157 -0.04934 0.86924
v 0.55414 -0.05257 0.71211
v 0.42222 -0.07574 0.71589
v 0.31922 0.00517 0.86807
v 0.42222 -0.07574 0.71589
v 0.33578 0.01315 0.72462
v 0.55157 -0.04934 0.86924
v 0.42222 -0.07574 0.71589
v 0.41761 -0.09595 0.87798
v 0.45569 0.07090 0.93796
v 0.55157 -0.04934 0.86924
v 0.41761 -0.09595 0.87798
v 0.47357 -0.08859 0.78502
v 0.58042 0.04539 0.72800
v 0.62246 -0.08859 0.71667
v 0.62246 -0.08859 0.71667
v 0.56072 0.02069 0.57114
v 0.60944 -0.08859 0.57311
v 0.60944 -0.08859 0.57311
v 0.47357 -0.08859 0.47457
v 0.47357 -0.08859 0.49305
v 0.43640 -0.25143 0.55741
v 0.57848 -0.22015 0.55678
v 0.47357 -0.08859 0.49305
v 0.44140 -0.22955 0.71449
v 0.56764 -0.20656 0.71767
v 0.57848 -0.22015 0.55678
v 0.44140 -0.22955 0.71449
v 0.33593 -0.15488 0.56460
v 0.32200 -0.16158 0.72641
v 0.47357 -0.08859 0.78195
v 0.47357 -0.08859 0.78557
v 0.32200 -0.16158 0.72641
v 0.47357 -0.08859 0.78195
v 0.34228 -0.02537 0.71507
v 0.44072 0.05531 0.71602
v 0.47357 -0.08859 0.78195
v 0.44072 0.05531 0.71602
v 0.47357 -0.08859 0.79910
v 0.47357 -0.08859 0.78195
v 0.32200 -0.16158 0.72641
v 0.34228 -0.02537 0.71507
v 0.33593 -0.15488 0.56460
v 0.47357 -0.08859 0.50489
v 0.33118 -0.02002 0.56194
v 0.43808 0.06691 0.56120
v 0.33118 -0.02002 0.56194
v 0.47357 -0.08859 0.50489
v 0.43808 0.06691 0.56120
v 0.47357 -0.08859 0.50489
v 0.47357 -0.08859 0.48732
v 0.34228 -0.02537 0.71507
v 0.32200 -0.16158 0.72641
v 0.33593 -0.15488 0.56460
v 0.33593 -0.15488 0.56460
v 0.47357 -0.08859 0.47987
v 0.47357 -0.08859 0.50489
v 0.34228 -0.02537 0.71507
v 0.33593 -0.15488 0.56460
v 0.33118 -0.02002 0.56194
v 0.47357 -0.08859 0.79213
v 0.56764 -0.20656 0.71767
v 0.44140 -0.22955 0.71449
v 0.47357 -0.08859 0.78557
v 0.47357 -0.08859 0.79753
v 0.44140 -0.22955 0.71449
v 0.47357 -0.08859 0.78557
v 0.44140 -0.22955 0.71449
v 0.32200 -0.16158 0.72641
v 0.47357 -0.08859 0.79213
v 0.44140 -0.22955 0.71449
v 0.47357 -0.08859 0.79753
v 0.43640 -0.25143 0.55741
v 0.47357 -0.08859 0.47987
v 0.33593 -0.15488 0.56460
v 0.43640 -0.25143 0.55741
v 0.47357 -0.08859 0.47173
v 0.47357 -0.08859 0.47987
v 0.44140 -0.22955 0.71449
v 0.43640 -0.25143 0.55741
v 0.33593 -0.15488 0.56460
v 0.44140 -0.22955 0.71449
v 0.57848 -0.22015 0.55678
v 0.43640 -0.25143 0.55741
v 0.43640 -0.25143 0.55741
v 0.47357 -0.08859 0.49305
v 0.47357 -0.08859 0.47173
v 0.56764 -0.20656 0.71767
v 0.60944 -0.08859 0.57311
v 0.57848 -0.22015 0.55678
v 0.60944 -0.08859 0.57311
v 0.47357 -0.08859 0.49305
v 0.57848 -0.22015 0.55678
v 0.60944 -0.08859 0.57311
v 0.47357 -0.08859 0.48026
v 0.47357 -0.08859 0.47457
v 0.56072 0.02069 0.57114
v 0.43808 0.06691 0.56120
v 0.47357 -0.08859 0.48732
v 0.60944 -0.08859 0.57311
v 0.56072 0.02069 0.57114
v 0.47357 -0.08859 0.48026
v 0.56072 0.02069 0.57114
v 0.47357 -0.08859 0.48732
v 0.47357 -0.08859 0.48026
v 0.56764 -0.20656 0.71767
v 0.62246 -0.08859 0.71667
v 0.60944 -0.08859 0.57311
v 0.47357 -0.08859 0.79910
v 0.44072 0.05531 0.71602
v 0.58042 0.04539 0.72800
v 0.62246 -0.08859 0.71667
v 0.58042 0.04539 0.72800
v 0.56072 0.02069 0.57114
v 0.47357 -0.08859 0.79910
v 0.58042 0.04539 0.72800
v 0.47357 -0.08859 0.80801
v 0.47357 -0.08859 0.78502
v 0.56764 -0.20656 0.71767
v 0.47357 -0.08859 0.79213
v 0.47357 -0.08859 0.78502
v 0.47357 -0.08859 0.80801
v 0.58042 0.04539 0.72800
v 0.47357 -0.08859 0.78502
v 0.62246 -0.08859 0.71667
v 0.56764 -0.20656 0.71767
v 0.52074 -0.01740 0.98659
v 0.39121 -0.07977 0.90660
v 0.40225 0.03966 0.90043
v 0.40225 0.03966 0.90043
v 0.39122 -0.07977 0.76167
v 0.39460 0.04335 0.76356
v 0.39460 0.04335 0.76356
v 0.52074 -0.01740 0.68165
v 0.52074 -0.01740 0.66625
v 0.48485 -0.17460 0.75285
v 0.52074 -0.01740 0.67254
v 0.52074 -0.01740 0.68165
v 0.62404 -0.14694 0.75060
v 0.52074 -0.01740 0.66536
v 0.52074 -0.01740 0.67254
v 0.62404 -0.14694 0.75060
v 0.52074 -0.01740 0.67320
v 0.52074 -0.01740 0.66536
v 0.62404 -0.14694 0.75060
v 0.65344 -0.01740 0.76724
v 0.52074 -0.01740 0.67320
v 0.61482 -0.13537 0.91020
v 0.68263 -0.01740 0.91575
v 0.65344 -0.01740 0.76724
v 0.52074 -0.01740 0.97022
v 0.68263 -0.01740 0.91575
v 0.61482 -0.13537 0.91020
v 0.52074 -0.01740 0.98294
v 0.52074 -0.01740 0.98458
v 0.61482 -0.13537 0.91020
v 0.52074 -0.01740 0.98294
v 0.61482 -0.13537 0.91020
v 0.48330 -0.18143 0.91895
v 0.52074 -0.01740 0.97022
v 0.61482 -0.13537 0.91020
v 0.52074 -0.01740 0.98458
v 0.61482 -0.13537 0.91020
v 0.65344 -0.01740 0.76724
v 0.62404 -0.14694 0.75060
v 0.61482 -0.13537 0.91020
v 0.62404 -0.14694 0.75060
v 0.48485 -0.17460 0.75285
v 0.62404 -0.14694 0.75060
v 0.52074 -0.01740 0.67254
v 0.48485 -0.17460 0.75285
v 0.61482 -0.13537 0.91020
v 0.48485 -0.17460 0.75285
v 0.48330 -0.18143 0.91895
v 0.39460 0.04335 0.76356
v 0.39122 -0.07977 0.76167
v 0.52074 -0.01740 0.68165
v 0.48485 -0.17460 0.75285
v 0.52074 -0.01740 0.68165
v 0.39122 -0.07977 0.76167
v 0.39121 -0.07977 0.90660
v 0.48485 -0.17460 0.75285
v 0.39122 -0.07977 0.76167
v 0.52074 -0.01740 0.98294
v 0.48330 -0.18143 0.91895
v 0.39121 -0.07977 0.90660
v 0.40225 0.03966 0.90043
v 0.39121 -0.07977 0.90660
v 0.39122 -0.07977 0.76167
v 0.39121 -0.07977 0.90660
v 0.48330 -0.18143 0.91895
v 0.48485 -0.17460 0.75285
v 0.52074 -0.01740 0.98294
v 0.39121 -0.07977 0.90660
v 0.52074 -0.01740 0.99722
v 0.52074 -0.01740 0.98659
v 0.52074 -0.01740 0.99722
v 0.39121 -0.07977 0.90660
v 0.51968 0.01882 0.87611
v 0.48585 -0.12937 0.78393
v 0.37650 -0.05014 0.78742
v 0.48585 -0.12937 0.78393
v 0.38296 -0.04702 0.63082
v 0.37650 -0.05014 0.78742
v 0.48605 -0.12849 0.63115
v 0.51968 0.01882 0.54402
v 0.38296 -0.04702 0.63082
v 0.48605 -0.12849 0.63115
v 0.51968 0.01882 0.54066
v 0.51968 0.01882 0.53671
v 0.61945 -0.10630 0.62664
v 0.51968 0.01882 0.56685
v 0.51968 0.01882 0.54066
v 0.61945 -0.10630 0.62664
v 0.66556 0.01882 0.63377
v 0.51968 0.01882 0.56685
v 0.61450 -0.10009 0.78398
v 0.69174 0.01882 0.79405
v 0.66556 0.01882 0.63377
v 0.51968 0.01882 0.85775
v 0.51968 0.01882 0.87908
v 0.69174 0.01882 0.79405
v 0.51968 0.01882 0.85775
v 0.69174 0.01882 0.79405
v 0.61450 -0.10009 0.78398
v 0.61450 -0.10009 0.78398
v 0.66556 0.01882 0.63377
v 0.61945 -0.10630 0.62664
v 0.61450 -0.10009 0.78398
v 0.61945 -0.10630 0.62664
v 0.48605 -0.12849 0.63115
v 0.48605 -0.12849 0.63115
v 0.51968 0.01882 0.53671
v 0.51968 0.01882 0.54402
v 0.48605 -0.12849 0.63115
v 0.61945 -0.10630 0.62664
v 0.51968 0.01882 0.54066
v 0.51968 0.01882 0.85775
v 0.61450 -0.10009 0.78398
v 0.48585 -0.12937 0.78393
v 0.48585 -0.12937 0.78393
v 0.48605 -0.12849 0.63115
v 0.38296 -0.04702 0.63082
v 0.61450 -0.10009 0.78398
v 0.48605 -0.12849 0.63115
v 0.48585 -0.12937 0.78393
v 0.51968 0.01882 0.85775
v 0.48585 -0.12937 0.78393
v 0.51968 0.01882 0.87738
v 0.51968 0.01882 0.87611
v 0.51968 0.01882 0.87738
v 0.48585 -0.12937 0.78393
v 0.02315 -0.29127 0.52815
v -0.02566 -0.18189 0.38904
v 0.05953 -0.29127 0.37265
v 0.02315 -0.29127 0.52815
v -0.01541 -0.41351 0.38075
v -0.01720 -0.41126 0.53693
v 0.02315 -0.29127 0.52815
v -0.00814 -0.15993 0.54426
v -0.02566 -0.18189 0.38904
v 0.02315 -0.29127 0.52815
v 0.05953 -0.29127 0.37265
v -0.01541 -0.41351 0.38075
v -0.04867 -0.18082 0.58585
v 0.12104 -0.18082 0.50640
v -0.04867 -0.18082 0.58887
v -0.04867 -0.18082 0.58887
v 0.05472 -0.31046 0.50444
v -0.04867 -0.18082 0.59784
v 0.04058 -0.06891 0.49301
v 0.10324 -0.18082 0.34428
v 0.12104 -0.18082 0.50640
v 0.10324 -0.18082 0.34428
v 0.05533 -0.05042 0.33677
v -0.04867 -0.18082 0.26134
v 0.10324 -0.18082 0.34428
v -0.04867 -0.18082 0.26087
v 0.03515 -0.28592 0.35309
v 0.10324 -0.18082 0.34428
v -0.04867 -0.18082 0.26134
v -0.04867 -0.18082 0.24690
v 0.10324 -0.18082 0.34428
v -0.04867 -0.18082 0.24690
v -0.04867 -0.18082 0.26087
v 0.04058 -0.06891 0.49301
v 0.05533 -0.05042 0.33677
v 0.10324 -0.18082 0.34428
v 0.12104 -0.18082 0.50640
v 0.03515 -0.28592 0.35309
v 0.05472 -0.31046 0.50444
v 0.12104 -0.18082 0.50640
v 0.10324 -0.18082 0.34428
v 0.03515 -0.28592 0.35309
v -0.04867 -0.18082 0.58887
v 0.12104 -0.18082 0.50640
v 0.05472 -0.31046 0.50444
v -0.04867 -0.18082 0.58585
v 0.04058 -0.06891 0.49301
v 0.12104 -0.18082 0.50640
v -0.01937 -0.05555 0.69829
v 0.12712 -0.05555 0.63176
v -0.01937 -0.05555 0.72224
v 0.12712 -0.05555 0.63176
v 0.14071 -0.05555 0.47722
v 0.08192 -0.18256 0.47602
v 0.08577 -0.18739 0.64292
v 0.08192 -0.18256 0.47602
v -0.05612 -0.21655 0.47466
v 0.08577 -0.18739 0.64292
v -0.05612 -0.21655 0.47466
v -0.05793 -0.22449 0.64527
v 0.14071 -0.05555 0.47722
v -0.01937 -0.05555 0.38984
v 0.08192 -0.18256 0.47602
v 0.14071 -0.05555 0.47722
v -0.01937 -0.05555 0.38796
v -0.01937 -0.05555 0.38182
v 0.14071 -0.05555 0.47722
v 0.08626 0.07691 0.47251
v -0.01937 -0.05555 0.38796
v 0.14071 -0.05555 0.47722
v -0.01937 -0.05555 0.38182
v -0.01937 -0.05555 0.38984
v -0.01937 -0.05555 0.69555
v 0.12712 -0.05555 0.63176
v 0.08577 -0.18739 0.64292
v 0.12712 -0.05555 0.63176
v 0.08192 -0.18256 0.47602
v 0.08577 -0.18739 0.64292
v -0.01937 -0.05555 0.69555
v -0.01937 -0.05555 0.72224
v 0.12712 -0.05555 0.63176
v -0.01937 -0.05555 0.69829
v 0.07822 0.06683 0.63682
v 0.12712 -0.05555 0.63176
v -0.02509 -0.35087 0.71124
v 0.05943 -0.24488 0.63066
v 0.14247 -0.35087 0.64679
v 0.14247 -0.35087 0.64679
v 0.06337 -0.46179 0.49080
v 0.07755 -0.47958 0.64531
v 0.06337 -0.46179 0.49080
v -0.02509 -0.35087 0.41881
v -0.02509 -0.35087 0.39827
v 0.08232 -0.21618 0.47548
v -0.02509 -0.35087 0.40613
v -0.02509 -0.35087 0.41881
v 0.08232 -0.21618 0.47548
v -0.02509 -0.35087 0.41881
v 0.12829 -0.35087 0.48500
v -0.05538 -0.48356 0.63094
v 0.07755 -0.47958 0.64531
v 0.06337 -0.46179 0.49080
v 0.06337 -0.46179 0.49080
v 0.12829 -0.35087 0.48500
v -0.02509 -0.35087 0.41881
v -0.05538 -0.48356 0.63094
v 0.06337 -0.46179 0.49080
v -0.05623 -0.48731 0.49177
v 0.14247 -0.35087 0.64679
v 0.12829 -0.35087 0.48500
v 0.06337 -0.46179 0.49080
v 0.05943 -0.24488 0.63066
v -0.05841 -0.20490 0.63780
v -0.05774 -0.20780 0.48835
v 0.05943 -0.24488 0.63066
v 0.08232 -0.21618 0.47548
v 0.12829 -0.35087 0.48500
v 0.05943 -0.24488 0.63066
v -0.05774 -0.20780 0.48835
v 0.08232 -0.21618 0.47548
v 0.05943 -0.24488 0.63066
v 0.12829 -0.35087 0.48500
v 0.14247 -0.35087 0.64679
v -0.02509 -0.35087 0.71124
v 0.07755 -0.47958 0.64531
v -0.02509 -0.35087 0.73720
v -0.02509 -0.35087 0.71124
v -0.02509 -0.35087 0.72160
v 0.05943 -0.24488 0.63066
v -0.02509 -0.35087 0.71124
v 0.14247 -0.35087 0.64679
v 0.07755 -0.47958 0.64531
v 0.43677 -0.41734 0.96853
v 0.55501 -0.41734 0.89314
v 0.43677 -0.41734 0.97720
v 0.55501 -0.41734 0.89314
v 0.57870 -0.41734 0.76199
v 0.52800 -0.53174 0.75977
v 0.52800 -0.53174 0.75977
v 0.43677 -0.41734 0.71822
v 0.43677 -0.41734 0.69549
v 0.52545 -0.30613 0.76183
v 0.43677 -0.41734 0.68474
v 0.43677 -0.41734 0.71822
v 0.52545 -0.30613 0.76183
v 0.43677 -0.41734 0.70127
v 0.43677 -0.41734 0.68474
v 0.31175 -0.35713 0.76358
v 0.43677 -0.41734 0.68924
v 0.43677 -0.41734 0.70127
v 0.32812 -0.46966 0.77274
v 0.43677 -0.41734 0.68564
v 0.43677 -0.41734 0.68924
v 0.32812 -0.46966 0.77274
v 0.43677 -0.41734 0.70336
v 0.43677 -0.41734 0.68564
v 0.40946 -0.53696 0.89539
v 0.40920 -0.53813 0.77107
v 0.32812 -0.46966 0.77274
v 0.43677 -0.41734 0.96060
v 0.51803 -0.51924 0.89924
v 0.40946 -0.53696 0.89539
v 0.43677 -0.41734 0.96327
v 0.43677 -0.41734 0.98440
v 0.40946 -0.53696 0.89539
v 0.43677 -0.41734 0.95107
v 0.43677 -0.41734 0.96327
v 0.31101 -0.47790 0.90390
v 0.43677 -0.41734 0.95107
v 0.32026 -0.36123 0.89873
v 0.41123 -0.30543 0.89140
v 0.43677 -0.41734 0.95728
v 0.41123 -0.30543 0.89140
v 0.52095 -0.31178 0.90160
v 0.43677 -0.41734 0.95107
v 0.31101 -0.47790 0.90390
v 0.32026 -0.36123 0.89873
v 0.43677 -0.41734 0.95107
v 0.41123 -0.30543 0.89140
v 0.43677 -0.41734 0.95728
v 0.51803 -0.51924 0.89924
v 0.40920 -0.53813 0.77107
v 0.40946 -0.53696 0.89539
v 0.43677 -0.41734 0.96327
v 0.40946 -0.53696 0.89539
v 0.31101 -0.47790 0.90390
v 0.43677 -0.41734 0.96060
v 0.40946 -0.53696 0.89539
v 0.43677 -0.41734 0.98440
v 0.32026 -0.36123 0.89873
v 0.31101 -0.47790 0.90390
v 0.32812 -0.46966 0.77274
v 0.32812 -0.46966 0.77274
v 0.40920 -0.53813 0.77107
v 0.43677 -0.41734 0.70336
v 0.40946 -0.53696 0.89539
v 0.32812 -0.46966 0.77274
v 0.31101 -0.47790 0.90390
v 0.41123 -0.30543 0.89140
v 0.32026 -0.36123 0.89873
v 0.31175 -0.35713 0.76358
v 0.32812 -0.46966 0.77274
v 0.43677 -0.41734 0.68924
v 0.31175 -0.35713 0.76358
v 0.41123 -0.30543 0.89140
v 0.31175 -0.35713 0.76358
v 0.40673 -0.28571 0.76548
v 0.32026 -0.36123 0.89873
v 0.32812 -0.46966 0.77274
v 0.31175 -0.35713 0.76358
v 0.31175 -0.35713 0.76358
v 0.43677 -0.41734 0.70127
v 0.40673 -0.28571 0.76548
v 0.41123 -0.30543 0.89140
v 0.40673 -0.28571 0.76548
v 0.52545 -0.30613 0.76183
v 0.52545 -0.30613 0.76183
v 0.40673 -0.28571 0.76548
v 0.43677 -0.41734 0.70127
v 0.41123 -0.30543 0.89140
v 0.52545 -0.30613 0.76183
v 0.52095 -0.31178 0.90160
v 0.52800 -0.53174 0.75977
v 0.43677 -0.41734 0.70336
v 0.40920 -0.53813 0.77107
v 0.52800 -0.53174 0.75977
v 0.43677 -0.41734 0.69549
v 0.43677 -0.41734 0.70336
v 0.51803 -0.51924 0.89924
v 0.52800 -0.53174 0.75977
v 0.40920 -0.53813 0.77107
v 0.52545 -0.30613 0.76183
v 0.43677 -0.41734 0.71822
v 0.57870 -0.41734 0.76199
v 0.52800 -0.53174 0.75977
v 0.57870 -0.41734 0.76199
v 0.43677 -0.41734 0.71822
v 0.43677 -0.41734 0.96060
v 0.55501 -0.41734 0.89314
v 0.51803 -0.51924 0.89924
v 0.55501 -0.41734 0.89314
v 0.52095 -0.31178 0.90160
v 0.52545 -0.30613 0.76183
v 0.55501 -0.41734 0.89314
v 0.52800 -0.53174 0.75977
v 0.51803 -0.51924 0.89924
v 0.55501 -0.41734 0.89314
v 0.52545 -0.30613 0.76183
v 0.57870 -0.41734 0.76199
v 0.43677 -0.41734 0.96060
v 0.43677 -0.41734 0.97720
v 0.55501 -0.41734 0.89314
v 0.43677 -0.41734 0.95728
v 0.52095 -0.31178 0.90160
v 0.43677 -0.41734 0.96853
v 0.43677 -0.41734 0.96853
v 0.52095 -0.31178 0.90160
v 0.55501 -0.41734 0.89314
v 0.52595 -0.32997 0.95326
v 0.65465 -0.32997 0.89374
v 0.52595 -0.32997 0.97812
v 0.59924 -0.42187 0.88811
v 0.65465 -0.32997 0.89374
v 0.65762 -0.32997 0.76248
v 0.60191 -0.23471 0.89028
v 0.60975 -0.22488 0.76110
v 0.65762 -0.32997 0.76248
v 0.60975 -0.22488 0.76110
v 0.52595 -0.32997 0.68131
v 0.52595 -0.32997 0.67815
v 0.49609 -0.19914 0.76121
v 0.52595 -0.32997 0.71163
v 0.52595 -0.32997 0.68131
v 0.39541 -0.26710 0.75582
v 0.52595 -0.32997 0.71286
v 0.52595 -0.32997 0.71163
v 0.49854 -0.45006 0.76676
v 0.52595 -0.32997 0.71259
v 0.52595 -0.32997 0.71286
v 0.60923 -0.43440 0.76152
v 0.52595 -0.32997 0.71075
v 0.52595 -0.32997 0.71259
v 0.41554 -0.38314 0.89063
v 0.49977 -0.44467 0.88817
v 0.49854 -0.45006 0.76676
v 0.52595 -0.32997 0.95929
v 0.52595 -0.32997 0.97692
v 0.49977 -0.44467 0.88817
v 0.52595 -0.32997 0.95929
v 0.39924 -0.26895 0.89975
v 0.52595 -0.32997 0.97318
v 0.52595 -0.32997 0.97247
v 0.52595 -0.32997 0.97318
v 0.39924 -0.26895 0.89975
v 0.52595 -0.32997 0.97247
v 0.39924 -0.26895 0.89975
v 0.49300 -0.18560 0.90351
v 0.52595 -0.32997 0.94960
v 0.49977 -0.44467 0.88817
v 0.52595 -0.32997 0.97692
v 0.52595 -0.32997 0.95929
v 0.41554 -0.38314 0.89063
v 0.39924 -0.26895 0.89975
v 0.52595 -0.32997 0.95929
v 0.49977 -0.44467 0.88817
v 0.41554 -0.38314 0.89063
v 0.60923 -0.43440 0.76152
v 0.52595 -0.32997 0.71259
v 0.49854 -0.45006 0.76676
v 0.41554 -0.38314 0.89063
v 0.49854 -0.45006 0.76676
v 0.39875 -0.39122 0.75769
v 0.49854 -0.45006 0.76676
v 0.52595 -0.32997 0.71286
v 0.39875 -0.39122 0.75769
v 0.41554 -0.38314 0.89063
v 0.39875 -0.39122 0.75769
v 0.39541 -0.26710 0.75582
v 0.39541 -0.26710 0.75582
v 0.39875 -0.39122 0.75769
v 0.52595 -0.32997 0.71286
v 0.41554 -0.38314 0.89063
v 0.39541 -0.26710 0.75582
v 0.39924 -0.26895 0.89975
v 0.39924 -0.26895 0.89975
v 0.39541 -0.26710 0.75582
v 0.49609 -0.19914 0.76121
v 0.49609 -0.19914 0.76121
v 0.39541 -0.26710 0.75582
v 0.52595 -0.32997 0.71163
v 0.39924 -0.26895 0.89975
v 0.49609 -0.19914 0.76121
v 0.49300 -0.18560 0.90351
v 0.60975 -0.22488 0.76110
v 0.49609 -0.19914 0.76121
v 0.52595 -0.32997 0.68131
v 0.60191 -0.23471 0.89028
v 0.49609 -0.19914 0.76121
v 0.60975 -0.22488 0.76110
v 0.60191 -0.23471 0.89028
v 0.49300 -0.18560 0.90351
v 0.49609 -0.19914 0.76121
v 0.65762 -0.32997 0.76248
v 0.52595 -0.32997 0.67752
v 0.52595 -0.32997 0.71075
v 0.65762 -0.32997 0.76248
v 0.60975 -0.22488 0.76110
v 0.52595 -0.32997 0.67815
v 0.65762 -0.32997 0.76248
v 0.52595 -0.32997 0.71075
v 0.60923 -0.43440 0.76152
v 0.65762 -0.32997 0.76248
v 0.52595 -0.32997 0.67815
v 0.52595 -0.32997 0.67752
v 0.59924 -0.42187 0.88811
v 0.65762 -0.32997 0.76248
v 0.60923 -0.43440 0.76152
v 0.59924 -0.42187 0.88811
v 0.49854 -0.45006 0.76676
v 0.49977 -0.44467 0.88817
v 0.59924 -0.42187 0.88811
v 0.60923 -0.43440 0.76152
v 0.49854 -0.45006 0.76676
v 0.52595 -0.32997 0.94960
v 0.59924 -0.42187 0.88811
v 0.49977 -0.44467 0.88817
v 0.52595 -0.32997 0.94960
v 0.65465 -0.32997 0.89374
v 0.59924 -0.42187 0.88811
v 0.60191 -0.23471 0.89028
v 0.65762 -0.32997 0.76248
v 0.65465 -0.32997 0.89374
v 0.52595 -0.32997 0.94960
v 0.52595 -0.32997 0.97812
v 0.65465 -0.32997 0.89374
v 0.52595 -0.32997 0.95326
v 0.52595 -0.32997 0.97247
v 0.49300 -0.18560 0.90351
v 0.52595 -0.32997 0.95326
v 0.60191 -0.23471 0.89028
v 0.65465 -0.32997 0.89374
v 0.52595 -0.32997 0.95326
v 0.49300 -0.18560 0.90351
v 0.60191 -0.23471 0.89028
v 0.40363 -0.37170 0.96091
v 0.55313 -0.37170 0.90230
v 0.40363 -0.37170 0.96439
v 0.55313 -0.37170 0.90230
v 0.53961 -0.37170 0.75839
v 0.48080 -0.46847 0.76454
v 0.48080 -0.46847 0.76454
v 0.40363 -0.37170 0.69426
v 0.40363 -0.37170 0.68599
v 0.49716 -0.25441 0.75132
v 0.40363 -0.37170 0.68844
v 0.40363 -0.37170 0.69426
v 0.49716 -0.25441 0.75132
v 0.40363 -0.37170 0.68857
v 0.40363 -0.37170 0.68844
v 0.37572 -0.24943 0.76372
v 0.40363 -0.37170 0.69249
v 0.40363 -0.37170 0.68857
v 0.28861 -0.31630 0.76258
v 0.40363 -0.37170 0.69292
v 0.40363 -0.37170 0.69249
v 0.28219 -0.43018 0.75899
v 0.40363 -0.37170 0.70120
v 0.40363 -0.37170 0.69292
v 0.28219 -0.43018 0.75899
v 0.37684 -0.48909 0.76624
v 0.40363 -0.37170 0.70120
v 0.28739 -0.42768 0.89198
v 0.37386 -0.50212 0.89438
v 0.37684 -0.48909 0.76624
v 0.40363 -0.37170 0.94636
v 0.49215 -0.48270 0.89851
v 0.37386 -0.50212 0.89438
v 0.40363 -0.37170 0.95094
v 0.40363 -0.37170 0.97453
v 0.37386 -0.50212 0.89438
v 0.40363 -0.37170 0.95094
v 0.28459 -0.31437 0.89355
v 0.40363 -0.37170 0.95652
v 0.40363 -0.37170 0.95652
v 0.37210 -0.23356 0.89837
v 0.40363 -0.37170 0.96203
v 0.40363 -0.37170 0.95652
v 0.28459 -0.31437 0.89355
v 0.37210 -0.23356 0.89837
v 0.40363 -0.37170 0.94636
v 0.37386 -0.50212 0.89438
v 0.40363 -0.37170 0.97453
v 0.40363 -0.37170 0.95094
v 0.28739 -0.42768 0.89198
v 0.28459 -0.31437 0.89355
v 0.40363 -0.37170 0.95094
v 0.37386 -0.50212 0.89438
v 0.28739 -0.42768 0.89198
v 0.28739 -0.42768 0.89198
v 0.37684 -0.48909 0.76624
v 0.28219 -0.43018 0.75899
v 0.28739 -0.42768 0.89198
v 0.28219 -0.43018 0.75899
v 0.28861 -0.31630 0.76258
v 0.28861 -0.31630 0.76258
v 0.28219 -0.43018 0.75899
v 0.40363 -0.37170 0.69292
v 0.28739 -0.42768 0.89198
v 0.28861 -0.31630 0.76258
v 0.28459 -0.31437 0.89355
v 0.28459 -0.31437 0.89355
v 0.28861 -0.31630 0.76258
v 0.37572 -0.24943 0.76372
v 0.48581 -0.26865 0.89338
v 0.37210 -0.23356 0.89837
v 0.37572 -0.24943 0.76372
v 0.37572 -0.24943 0.76372
v 0.28861 -0.31630 0.76258
v 0.40363 -0.37170 0.69249
v 0.28459 -0.31437 0.89355
v 0.37572 -0.24943 0.76372
v 0.37210 -0.23356 0.89837
v 0.49716 -0.25441 0.75132
v 0.37572 -0.24943 0.76372
v 0.40363 -0.37170 0.68857
v 0.48581 -0.26865 0.89338
v 0.37572 -0.24943 0.76372
v 0.49716 -0.25441 0.75132
v 0.48080 -0.46847 0.76454
v 0.40363 -0.37170 0.70120
v 0.37684 -0.48909 0.76624
v 0.37386 -0.50212 0.89438
v 0.49215 -0.48270 0.89851
v 0.48080 -0.46847 0.76454
v 0.48080 -0.46847 0.76454
v 0.40363 -0.37170 0.68599
v 0.40363 -0.37170 0.70120
v 0.37386 -0.50212 0.89438
v 0.48080 -0.46847 0.76454
v 0.37684 -0.48909 0.76624
v 0.49716 -0.25441 0.75132
v 0.40363 -0.37170 0.69426
v 0.53961 -0.37170 0.75839
v 0.48581 -0.26865 0.89338
v 0.49716 -0.25441 0.75132
v 0.53961 -0.37170 0.75839
v 0.48080 -0.46847 0.76454
v 0.53961 -0.37170 0.75839
v 0.40363 -0.37170 0.69426
v 0.40363 -0.37170 0.94636
v 0.55313 -0.37170 0.90230
v 0.49215 -0.48270 0.89851
v 0.48581 -0.26865 0.89338
v 0.53961 -0.37170 0.75839
v 0.55313 -0.37170 0.90230
v 0.55313 -0.37170 0.90230
v 0.48080 -0.46847 0.76454
v 0.49215 -0.48270 0.89851
v 0.40363 -0.37170 0.94636
v 0.40363 -0.37170 0.96439
v 0.55313 -0.37170 0.90230
v 0.40363 -0.37170 0.96091
v 0.40363 -0.37170 0.96203
v 0.37210 -0.23356 0.89837
v 0.40363 -0.37170 0.96091
v 0.48581 -0.26865 0.89338
v 0.55313 -0.37170 0.90230
v 0.40363 -0.37170 0.96091
v 0.37210 -0.23356 0.89837
v 0.48581 -0.26865 0.89338
v 0.45340 -0.50028 0.84355
v 0.54469 -0.38581 0.80177
v 0.57418 -0.50028 0.78885
v 0.57418 -0.50028 0.78885
v 0.53828 -0.60671 0.65934
v 0.53589 -0.60372 0.79466
v 0.53589 -0.60372 0.79466
v 0.42419 -0.62827 0.66178
v 0.42088 -0.64279 0.80165
v 0.45340 -0.50028 0.87925
v 0.45340 -0.50028 0.85370
v 0.42088 -0.64279 0.80165
v 0.45340 -0.50028 0.87278
v 0.45340 -0.50028 0.87925
v 0.34981 -0.55017 0.78593
v 0.34981 -0.55017 0.78593
v 0.32666 -0.43924 0.65705
v 0.33839 -0.44489 0.79232
v 0.45340 -0.50028 0.84694
v 0.33839 -0.44489 0.79232
v 0.42734 -0.38610 0.78701
v 0.42734 -0.38610 0.78701
v 0.42409 -0.37184 0.66155
v 0.52705 -0.40793 0.66842
v 0.60321 -0.50028 0.65245
v 0.52705 -0.40793 0.66842
v 0.45340 -0.50028 0.61016
v 0.60321 -0.50028 0.65245
v 0.45340 -0.50028 0.61016
v 0.45340 -0.50028 0.59590
v 0.42409 -0.37184 0.66155
v 0.45340 -0.50028 0.61016
v 0.52705 -0.40793 0.66842
v 0.42409 -0.37184 0.66155
v 0.45340 -0.50028 0.59376
v 0.45340 -0.50028 0.61016
v 0.32666 -0.43924 0.65705
v 0.45340 -0.50028 0.59080
v 0.45340 -0.50028 0.58449
v 0.32380 -0.56269 0.65545
v 0.45340 -0.50028 0.59875
v 0.45340 -0.50028 0.59080
v 0.32666 -0.43924 0.65705
v 0.45340 -0.50028 0.59376
v 0.42409 -0.37184 0.66155
v 0.42734 -0.38610 0.78701
v 0.33839 -0.44489 0.79232
v 0.32666 -0.43924 0.65705
v 0.32666 -0.43924 0.65705
v 0.45340 -0.50028 0.58449
v 0.45340 -0.50028 0.59376
v 0.32666 -0.43924 0.65705
v 0.32380 -0.56269 0.65545
v 0.45340 -0.50028 0.59080
v 0.42734 -0.38610 0.78701
v 0.32666 -0.43924 0.65705
v 0.42409 -0.37184 0.66155
v 0.34981 -0.55017 0.78593
v 0.32380 -0.56269 0.65545
v 0.32666 -0.43924 0.65705
v 0.45340 -0.50028 0.87278
v 0.34981 -0.55017 0.78593
v 0.33839 -0.44489 0.79232
v 0.45340 -0.50028 0.84694
v 0.45340 -0.50028 0.87278
v 0.33839 -0.44489 0.79232
v 0.45340 -0.50028 0.87925
v 0.42088 -0.64279 0.80165
v 0.34981 -0.55017 0.78593
v 0.34981 -0.55017 0.78593
v 0.42088 -0.64279 0.80165
v 0.42419 -0.62827 0.66178
v 0.32380 -0.56269 0.65545
v 0.42419 -0.62827 0.66178
v 0.45340 -0.50028 0.59875
v 0.34981 -0.55017 0.78593
v 0.42419 -0.62827 0.66178
v 0.32380 -0.56269 0.65545
v 0.45340 -0.50028 0.85370
v 0.45340 -0.50028 0.86484
v 0.53589 -0.60372 0.79466
v 0.45340 -0.50028 0.85370
v 0.53589 -0.60372 0.79466
v 0.42088 -0.64279 0.80165
v 0.53828 -0.60671 0.65934
v 0.45340 -0.50028 0.59590
v 0.45340 -0.50028 0.59423
v 0.53828 -0.60671 0.65934
v 0.45340 -0.50028 0.59875
v 0.42419 -0.62827 0.66178
v 0.53828 -0.60671 0.65934
v 0.45340 -0.50028 0.59423
v 0.45340 -0.50028 0.59875
v 0.53828 -0.60671 0.65934
v 0.60321 -0.50028 0.65245
v 0.45340 -0.50028 0.59590
v 0.53589 -0.60372 0.79466
v 0.53828 -0.60671 0.65934
v 0.42419 -0.62827 0.66178
v 0.57418 -0.50028 0.78885
v 0.52705 -0.40793 0.66842
v 0.60321 -0.50028 0.65245
v 0.57418 -0.50028 0.78885
v 0.60321 -0.50028 0.65245
v 0.53828 -0.60671 0.65934
v 0.45340 -0.50028 0.84694
v 0.42734 -0.38610 0.78701
v 0.54469 -0.38581 0.80177
v 0.57418 -0.50028 0.78885
v 0.54469 -0.38581 0.80177
v 0.52705 -0.40793 0.66842
v 0.42734 -0.38610 0.78701
v 0.52705 -0.40793 0.66842
v 0.54469 -0.38581 0.80177
v 0.45340 -0.50028 0.84694
v 0.54469 -0.38581 0.80177
v 0.45340 -0.50028 0.85512
v 0.45340 -0.50028 0.84355
v 0.53589 -0.60372 0.79466
v 0.45340 -0.50028 0.86484
v 0.45340 -0.50028 0.84355
v 0.45340 -0.50028 0.85512
v 0.54469 -0.38581 0.80177
v 0.45340 -0.50028 0.84355
v 0.57418 -0.50028 0.78885
v 0.53589 -0.60372 0.79466
v 0.53955 -0.35498 0.94679
v 0.68138 -0.35498 0.90022
v 0.53955 -0.35498 0.95195
v 0.68138 -0.35498 0.90022
v 0.66359 -0.35498 0.76619
v 0.61817 -0.45355 0.76516
v 0.51182 -0.47649 0.89155
v 0.63206 -0.47098 0.90352
v 0.61817 -0.45355 0.76516
v 0.51182 -0.47649 0.89155
v 0.43371 -0.40595 0.76950
v 0.43303 -0.40627 0.88833
v 0.43303 -0.40627 0.88833
v 0.43482 -0.30454 0.77012
v 0.41459 -0.29480 0.89864
v 0.53955 -0.35498 0.94702
v 0.53955 -0.35498 0.96805
v 0.41459 -0.29480 0.89864
v 0.53955 -0.35498 0.94702
v 0.41459 -0.29480 0.89864
v 0.51245 -0.23625 0.89011
v 0.51245 -0.23625 0.89011
v 0.61148 -0.26478 0.77057
v 0.62920 -0.24256 0.90121
v 0.61148 -0.26478 0.77057
v 0.53955 -0.35498 0.70719
v 0.53955 -0.35498 0.68670
v 0.61148 -0.26478 0.77057
v 0.53955 -0.35498 0.68670
v 0.53955 -0.35498 0.68867
v 0.61148 -0.26478 0.77057
v 0.50910 -0.22154 0.75973
v 0.53955 -0.35498 0.70719
v 0.51245 -0.23625 0.89011
v 0.50910 -0.22154 0.75973
v 0.61148 -0.26478 0.77057
v 0.43482 -0.30454 0.77012
v 0.53955 -0.35498 0.70374
v 0.53955 -0.35498 0.69916
v 0.50625 -0.50087 0.75329
v 0.53955 -0.35498 0.67849
v 0.53955 -0.35498 0.70374
v 0.50625 -0.50087 0.75329
v 0.53955 -0.35498 0.71226
v 0.53955 -0.35498 0.67849
v 0.43482 -0.30454 0.77012
v 0.53955 -0.35498 0.70719
v 0.50910 -0.22154 0.75973
v 0.51245 -0.23625 0.89011
v 0.41459 -0.29480 0.89864
v 0.43482 -0.30454 0.77012
v 0.43482 -0.30454 0.77012
v 0.53955 -0.35498 0.69916
v 0.53955 -0.35498 0.70719
v 0.51245 -0.23625 0.89011
v 0.43482 -0.30454 0.77012
v 0.50910 -0.22154 0.75973
v 0.53955 -0.35498 0.96805
v 0.53955 -0.35498 0.97741
v 0.43303 -0.40627 0.88833
v 0.53955 -0.35498 0.96805
v 0.43303 -0.40627 0.88833
v 0.41459 -0.29480 0.89864
v 0.53955 -0.35498 0.96107
v 0.43303 -0.40627 0.88833
v 0.53955 -0.35498 0.97741
v 0.43482 -0.30454 0.77012
v 0.43371 -0.40595 0.76950
v 0.53955 -0.35498 0.70374
v 0.50625 -0.50087 0.75329
v 0.53955 -0.35498 0.70374
v 0.43371 -0.40595 0.76950
v 0.43303 -0.40627 0.88833
v 0.43371 -0.40595 0.76950
v 0.43482 -0.30454 0.77012
v 0.53955 -0.35498 0.94910
v 0.63206 -0.47098 0.90352
v 0.51182 -0.47649 0.89155
v 0.51182 -0.47649 0.89155
v 0.50625 -0.50087 0.75329
v 0.43371 -0.40595 0.76950
v 0.53955 -0.35498 0.96107
v 0.51182 -0.47649 0.89155
v 0.43303 -0.40627 0.88833
v 0.53955 -0.35498 0.94910
v 0.51182 -0.47649 0.89155
v 0.53955 -0.35498 0.96107
v 0.50625 -0.50087 0.75329
v 0.61817 -0.45355 0.76516
v 0.53955 -0.35498 0.71226
v 0.51182 -0.47649 0.89155
v 0.61817 -0.45355 0.76516
v 0.50625 -0.50087 0.75329
v 0.61148 -0.26478 0.77057
v 0.53955 -0.35498 0.68867
v 0.66359 -0.35498 0.76619
v 0.66359 -0.35498 0.76619
v 0.53955 -0.35498 0.71226
v 0.61817 -0.45355 0.76516
v 0.66359 -0.35498 0.76619
v 0.53955 -0.35498 0.68867
v 0.53955 -0.35498 0.71226
v 0.53955 -0.35498 0.94910
v 0.68138 -0.35498 0.90022
v 0.63206 -0.47098 0.90352
v 0.68138 -0.35498 0.90022
v 0.62920 -0.24256 0.90121
v 0.61148 -0.26478 0.77057
v 0.68138 -0.35498 0.90022
v 0.61817 -0.45355 0.76516
v 0.63206 -0.47098 0.90352
v 0.68138 -0.35498 0.90022
v 0.61148 -0.26478 0.77057
v 0.66359 -0.35498 0.76619
v 0.53955 -0.35498 0.94910
v 0.53955 -0.35498 0.95195
v 0.68138 -0.35498 0.90022
v 0.53955 -0.35498 0.94679
v 0.53955 -0.35498 0.94702
v 0.51245 -0.23625 0.89011
v 0.53955 -0.35498 0.94679
v 0.62920 -0.24256 0.90121
v 0.68138 -0.35498 0.90022
v 0.53955 -0.35498 0.94679
v 0.51245 -0.23625 0.89011
v 0.62920 -0.24256 0.90121
v 0.39533 -0.03205 0.73959
v 0.53768 -0.03205 0.68995
v 0.39533 -0.03205 0.76596
v 0.53768 -0.03205 0.68995
v 0.53579 -0.03205 0.54738
v 0.47584 -0.13300 0.55310
v 0.47584 -0.13300 0.55310
v 0.39533 -0.03205 0.49140
v 0.36247 -0.17602 0.54375
v 0.27828 -0.08842 0.68368
v 0.36748 -0.15405 0.68127
v 0.36247 -0.17602 0.54375
v 0.39533 -0.03205 0.76115
v 0.48683 -0.14679 0.69217
v 0.36748 -0.15405 0.68127
v 0.39533 -0.03205 0.76629
v 0.39533 -0.03205 0.76997
v 0.36748 -0.15405 0.68127
v 0.39533 -0.03205 0.76115
v 0.36748 -0.15405 0.68127
v 0.39533 -0.03205 0.76997
v 0.27828 -0.08842 0.68368
v 0.27573 0.02554 0.55127
v 0.28367 0.02172 0.68066
v 0.27573 0.02554 0.55127
v 0.39533 -0.03205 0.48374
v 0.39533 -0.03205 0.47694
v 0.27573 0.02554 0.55127
v 0.25667 -0.09882 0.54061
v 0.39533 -0.03205 0.48374
v 0.39533 -0.03205 0.76225
v 0.39533 -0.03205 0.76629
v 0.27828 -0.08842 0.68368
v 0.27828 -0.08842 0.68368
v 0.25667 -0.09882 0.54061
v 0.27573 0.02554 0.55127
v 0.39533 -0.03205 0.76225
v 0.27828 -0.08842 0.68368
v 0.28367 0.02172 0.68066
v 0.39533 -0.03205 0.76629
v 0.36748 -0.15405 0.68127
v 0.27828 -0.08842 0.68368
v 0.27828 -0.08842 0.68368
v 0.36247 -0.17602 0.54375
v 0.25667 -0.09882 0.54061
v 0.25667 -0.09882 0.54061
v 0.36247 -0.17602 0.54375
v 0.39533 -0.03205 0.49140
v 0.25667 -0.09882 0.54061
v 0.39533 -0.03205 0.49140
v 0.39533 -0.03205 0.48374
v 0.36748 -0.15405 0.68127
v 0.48683 -0.14679 0.69217
v 0.47584 -0.13300 0.55310
v 0.47584 -0.13300 0.55310
v 0.39533 -0.03205 0.47075
v 0.39533 -0.03205 0.49140
v 0.36748 -0.15405 0.68127
v 0.47584 -0.13300 0.55310
v 0.36247 -0.17602 0.54375
v 0.53579 -0.03205 0.54738
v 0.39533 -0.03205 0.47075
v 0.47584 -0.13300 0.55310
v 0.53579 -0.03205 0.54738
v 0.39533 -0.03205 0.47458
v 0.39533 -0.03205 0.46131
v 0.53579 -0.03205 0.54738
v 0.48873 0.08507 0.54267
v 0.39533 -0.03205 0.47458
v 0.53579 -0.03205 0.54738
v 0.39533 -0.03205 0.46131
v 0.39533 -0.03205 0.47075
v 0.39533 -0.03205 0.76115
v 0.53768 -0.03205 0.68995
v 0.48683 -0.14679 0.69217
v 0.53768 -0.03205 0.68995
v 0.47584 -0.13300 0.55310
v 0.48683 -0.14679 0.69217
v 0.39533 -0.03205 0.76115
v 0.39533 -0.03205 0.76596
v 0.53768 -0.03205 0.68995
v 0.39533 -0.03205 0.73959
v 0.48213 0.07679 0.68837
v 0.53768 -0.03205 0.68995
v 0.31388 0.03240 0.67877
v 0.40017 -0.03327 0.55280
v 0.28790 0.01989 0.53689
v 0.39361 -0.06200 0.69225
v 0.50475 -0.00946 0.55277
v 0.40017 -0.03327 0.55280
v 0.39361 -0.06200 0.69225
v 0.52473 -0.03451 0.69357
v 0.50475 -0.00946 0.55277
v 0.31388 0.03240 0.67877
v 0.39361 -0.06200 0.69225
v 0.40017 -0.03327 0.55280
v 0.26154 0.02055 0.60267
v 0.34699 -0.05774 0.46832
v 0.26489 0.02217 0.47464
v 0.46859 -0.03761 0.61126
v 0.46442 -0.03238 0.46754
v 0.34699 -0.05774 0.46832
v 0.46859 -0.03761 0.61126
v 0.34699 -0.05774 0.46832
v 0.34450 -0.06866 0.61275
v 0.26154 0.02055 0.60267
v 0.34450 -0.06866 0.61275
v 0.34699 -0.05774 0.46832
v 0.31223 0.00701 0.70800
v 0.39970 -0.07368 0.57009
v 0.30823 0.00509 0.57264
v 0.51059 -0.03525 0.70563
v 0.52175 -0.04924 0.56823
v 0.39970 -0.07368 0.57009
v 0.51059 -0.03525 0.70563
v 0.39970 -0.07368 0.57009
v 0.39861 -0.07846 0.71526
v 0.31223 0.00701 0.70800
v 0.39861 -0.07846 0.71526
v 0.39970 -0.07368 0.57009
v 0.30245 -0.64169 0.42882
v 0.41611 -0.64169 0.38093
v 0.30245 -0.64169 0.44535
v 0.37503 -0.73271 0.38232
v 0.41611 -0.64169 0.38093
v 0.40980 -0.64169 0.26952
v 0.37998 -0.73892 0.26095
v 0.40980 -0.64169 0.26952
v 0.30245 -0.64169 0.21192
v 0.37379 -0.55222 0.26595
v 0.30245 -0.64169 0.20731
v 0.30245 -0.64169 0.21192
v 0.37379 -0.55222 0.26595
v 0.30245 -0.64169 0.22428
v 0.30245 -0.64169 0.20731
v 0.21587 -0.60000 0.27520
v 0.30245 -0.64169 0.20935
v 0.30245 -0.64169 0.22428
v 0.21431 -0.68413 0.27432
v 0.30245 -0.64169 0.20912
v 0.30245 -0.64169 0.20935
v 0.21431 -0.68413 0.27432
v 0.30245 -0.64169 0.21024
v 0.30245 -0.64169 0.20912
v 0.21431 -0.68413 0.27432
v 0.27751 -0.75094 0.26714
v 0.30245 -0.64169 0.21024
v 0.20562 -0.68832 0.37781
v 0.27540 -0.76018 0.38491
v 0.27751 -0.75094 0.26714
v 0.30245 -0.64169 0.44091
v 0.30245 -0.64169 0.44979
v 0.27540 -0.76018 0.38491
v 0.30245 -0.64169 0.44091
v 0.18928 -0.58719 0.38696
v 0.30245 -0.64169 0.44400
v 0.30245 -0.64169 0.44400
v 0.27601 -0.52587 0.38353
v 0.30245 -0.64169 0.44955
v 0.38073 -0.54353 0.38693
v 0.27601 -0.52587 0.38353
v 0.27933 -0.54040 0.27126
v 0.30245 -0.64169 0.44400
v 0.18928 -0.58719 0.38696
v 0.27601 -0.52587 0.38353
v 0.30245 -0.64169 0.43912
v 0.27540 -0.76018 0.38491
v 0.30245 -0.64169 0.44979
v 0.30245 -0.64169 0.44091
v 0.20562 -0.68832 0.37781
v 0.18928 -0.58719 0.38696
v 0.30245 -0.64169 0.44091
v 0.27540 -0.76018 0.38491
v 0.20562 -0.68832 0.37781
v 0.20562 -0.68832 0.37781
v 0.27751 -0.75094 0.26714
v 0.21431 -0.68413 0.27432
v 0.20562 -0.68832 0.37781
v 0.21431 -0.68413 0.27432
v 0.21587 -0.60000 0.27520
v 0.27601 -0.52587 0.38353
v 0.18928 -0.58719 0.38696
v 0.21587 -0.60000 0.27520
v 0.21431 -0.68413 0.27432
v 0.30245 -0.64169 0.20935
v 0.21587 -0.60000 0.27520
v 0.27601 -0.52587 0.38353
v 0.21587 -0.60000 0.27520
v 0.27933 -0.54040 0.27126
v 0.20562 -0.68832 0.37781
v 0.21587 -0.60000 0.27520
v 0.18928 -0.58719 0.38696
v 0.21587 -0.60000 0.27520
v 0.30245 -0.64169 0.22428
v 0.27933 -0.54040 0.27126
v 0.37379 -0.55222 0.26595
v 0.27933 -0.54040 0.27126
v 0.30245 -0.64169 0.22428
v 0.38073 -0.54353 0.38693
v 0.27933 -0.54040 0.27126
v 0.37379 -0.55222 0.26595
v 0.37998 -0.73892 0.26095
v 0.30245 -0.64169 0.21192
v 0.30245 -0.64169 0.20961
v 0.37998 -0.73892 0.26095
v 0.30245 -0.64169 0.21024
v 0.27751 -0.75094 0.26714
v 0.37998 -0.73892 0.26095
v 0.30245 -0.64169 0.20961
v 0.30245 -0.64169 0.21024
v 0.37379 -0.55222 0.26595
v 0.30245 -0.64169 0.21192
v 0.40980 -0.64169 0.26952
v 0.37503 -0.73271 0.38232
v 0.40980 -0.64169 0.26952
v 0.37998 -0.73892 0.26095
v 0.37503 -0.73271 0.38232
v 0.27751 -0.75094 0.26714
v 0.27540 -0.76018 0.38491
v 0.37503 -0.73271 0.38232
v 0.37998 -0.73892 0.26095
v 0.27751 -0.75094 0.26714
v 0.30245 -0.64169 0.43912
v 0.37503 -0.73271 0.38232
v 0.27540 -0.76018 0.38491
v 0.30245 -0.64169 0.43912
v 0.41611 -0.64169 0.38093
v 0.37503 -0.73271 0.38232
v 0.41611 -0.64169 0.38093
v 0.38073 -0.54353 0.38693
v 0.37379 -0.55222 0.26595
v 0.41611 -0.64169 0.38093
v 0.37379 -0.55222 0.26595
v 0.40980 -0.64169 0.26952
v 0.30245 -0.64169 0.43912
v 0.30245 -0.64169 0.44535
v 0.41611 -0.64169 0.38093
v 0.30245 -0.64169 0.42882
v 0.30245 -0.64169 0.44955
v 0.27601 -0.52587 0.38353
v 0.30245 -0.64169 0.42882
v 0.38073 -0.54353 0.38693
v 0.41611 -0.64169 0.38093
v 0.30245 -0.64169 0.42882
v 0.27601 -0.52587 0.38353
v 0.38073 -0.54353 0.38693
v 0.20426 -0.46567 0.46944
v 0.32678 -0.46567 0.41101
v 0.20426 -0.46567 0.47425
v 0.32678 -0.46567 0.41101
v 0.32903 -0.46567 0.28634
v 0.27254 -0.55130 0.29403
v 0.17735 -0.58354 0.41019
v 0.27639 -0.55612 0.40756
v 0.27254 -0.55130 0.29403
v 0.20426 -0.46567 0.45994
v 0.27639 -0.55612 0.40756
v 0.17735 -0.58354 0.41019
v 0.11659 -0.50789 0.39830
v 0.17735 -0.58354 0.41019
v 0.17820 -0.57983 0.29021
v 0.17820 -0.57983 0.29021
v 0.20426 -0.46567 0.25175
v 0.20426 -0.46567 0.23894
v 0.10407 -0.51392 0.29319
v 0.20426 -0.46567 0.23894
v 0.20426 -0.46567 0.23456
v 0.10407 -0.51392 0.29319
v 0.20426 -0.46567 0.24738
v 0.10809 -0.41935 0.29543
v 0.17862 -0.35333 0.40733
v 0.10435 -0.41755 0.40515
v 0.10809 -0.41935 0.29543
v 0.20426 -0.46567 0.45459
v 0.20426 -0.46567 0.47200
v 0.10435 -0.41755 0.40515
v 0.17862 -0.35333 0.40733
v 0.26848 -0.38513 0.29732
v 0.27120 -0.38172 0.40337
v 0.17659 -0.34443 0.28655
v 0.20426 -0.46567 0.24999
v 0.26848 -0.38513 0.29732
v 0.17659 -0.34443 0.28655
v 0.20426 -0.46567 0.24627
v 0.20426 -0.46567 0.24999
v 0.17862 -0.35333 0.40733
v 0.17659 -0.34443 0.28655
v 0.26848 -0.38513 0.29732
v 0.20426 -0.46567 0.45459
v 0.17862 -0.35333 0.40733
v 0.27120 -0.38172 0.40337
v 0.20426 -0.46567 0.45459
v 0.10435 -0.41755 0.40515
v 0.17862 -0.35333 0.40733
v 0.17862 -0.35333 0.40733
v 0.10809 -0.41935 0.29543
v 0.17659 -0.34443 0.28655
v 0.17659 -0.34443 0.28655
v 0.10809 -0.41935 0.29543
v 0.20426 -0.46567 0.24738
v 0.17659 -0.34443 0.28655
v 0.20426 -0.46567 0.24738
v 0.20426 -0.46567 0.24627
v 0.10407 -0.51392 0.29319
v 0.20426 -0.46567 0.23456
v 0.20426 -0.46567 0.24738
v 0.10407 -0.51392 0.29319
v 0.17820 -0.57983 0.29021
v 0.20426 -0.46567 0.23894
v 0.11659 -0.50789 0.39830
v 0.17820 -0.57983 0.29021
v 0.10407 -0.51392 0.29319
v 0.11659 -0.50789 0.39830
v 0.10809 -0.41935 0.29543
v 0.10435 -0.41755 0.40515
v 0.20426 -0.46567 0.47200
v 0.20426 -0.46567 0.47514
v 0.11659 -0.50789 0.39830
v 0.11659 -0.50789 0.39830
v 0.10407 -0.51392 0.29319
v 0.10809 -0.41935 0.29543
v 0.20426 -0.46567 0.47200
v 0.11659 -0.50789 0.39830
v 0.10435 -0.41755 0.40515
v 0.20426 -0.46567 0.47007
v 0.11659 -0.50789 0.39830
v 0.20426 -0.46567 0.47514
v 0.20426 -0.46567 0.47007
v 0.17735 -0.58354 0.41019
v 0.11659 -0.50789 0.39830
v 0.20426 -0.46567 0.45994
v 0.17735 -0.58354 0.41019
v 0.20426 -0.46567 0.47007
v 0.17820 -0.57983 0.29021
v 0.27254 -0.55130 0.29403
v 0.20426 -0.46567 0.25175
v 0.17735 -0.58354 0.41019
v 0.27254 -0.55130 0.29403
v 0.17820 -0.57983 0.29021
v 0.32903 -0.46567 0.28634
v 0.26848 -0.38513 0.29732
v 0.20426 -0.46567 0.24999
v 0.32903 -0.46567 0.28634
v 0.20426 -0.46567 0.25175
v 0.27254 -0.55130 0.29403
v 0.32903 -0.46567 0.28634
v 0.20426 -0.46567 0.24999
v 0.20426 -0.46567 0.23791
v 0.32903 -0.46567 0.28634
v 0.20426 -0.46567 0.23791
v 0.20426 -0.46567 0.25175
v 0.20426 -0.46567 0.45994
v 0.32678 -0.46567 0.41101
v 0.27639 -0.55612 0.40756
v 0.32678 -0.46567 0.41101
v 0.27120 -0.38172 0.40337
v 0.26848 -0.38513 0.29732
v 0.32678 -0.46567 0.41101
v 0.27254 -0.55130 0.29403
v 0.27639 -0.55612 0.40756
v 0.32678 -0.46567 0.41101
v 0.26848 -0.38513 0.29732
v 0.32903 -0.46567 0.28634
v 0.20426 -0.46567 0.45994
v 0.20426 -0.46567 0.47425
v 0.32678 -0.46567 0.41101
v 0.20426 -0.46567 0.45459
v 0.27120 -0.38172 0.40337
v 0.20426 -0.46567 0.46944
v 0.20426 -0.46567 0.46944
v 0.27120 -0.38172 0.40337
v 0.32678 -0.46567 0.41101
v 0.36190 -0.58377 0.42127
v 0.43880 -0.48733 0.38217
v 0.48530 -0.58377 0.38220
v 0.42391 -0.66152 0.37012
v 0.48530 -0.58377 0.38220
v 0.47330 -0.58377 0.26383
v 0.43447 -0.67477 0.26131
v 0.47330 -0.58377 0.26383
v 0.36190 -0.58377 0.22179
v 0.43161 -0.49635 0.26362
v 0.36190 -0.58377 0.21639
v 0.36190 -0.58377 0.22179
v 0.33408 -0.46187 0.25695
v 0.36190 -0.58377 0.20652
v 0.36190 -0.58377 0.21639
v 0.33408 -0.46187 0.25695
v 0.36190 -0.58377 0.21298
v 0.36190 -0.58377 0.20652
v 0.25371 -0.63587 0.25945
v 0.36190 -0.58377 0.20348
v 0.36190 -0.58377 0.21298
v 0.25371 -0.63587 0.25945
v 0.36190 -0.58377 0.20677
v 0.36190 -0.58377 0.20348
v 0.25371 -0.63587 0.25945
v 0.33966 -0.68118 0.26961
v 0.36190 -0.58377 0.20677
v 0.25915 -0.63325 0.37748
v 0.33565 -0.69877 0.37945
v 0.33966 -0.68118 0.26961
v 0.25915 -0.63325 0.37748
v 0.27370 -0.54129 0.27064
v 0.25086 -0.53029 0.38212
v 0.36190 -0.58377 0.43716
v 0.36190 -0.58377 0.44341
v 0.25086 -0.53029 0.38212
v 0.36190 -0.58377 0.43716
v 0.25086 -0.53029 0.38212
v 0.33667 -0.47324 0.37714
v 0.33667 -0.47324 0.37714
v 0.25086 -0.53029 0.38212
v 0.27370 -0.54129 0.27064
v 0.36190 -0.58377 0.41973
v 0.33565 -0.69877 0.37945
v 0.25915 -0.63325 0.37748
v 0.36190 -0.58377 0.44341
v 0.36190 -0.58377 0.44649
v 0.25915 -0.63325 0.37748
v 0.36190 -0.58377 0.44341
v 0.25915 -0.63325 0.37748
v 0.25086 -0.53029 0.38212
v 0.36190 -0.58377 0.41973
v 0.25915 -0.63325 0.37748
v 0.36190 -0.58377 0.44649
v 0.25915 -0.63325 0.37748
v 0.25371 -0.63587 0.25945
v 0.27370 -0.54129 0.27064
v 0.25915 -0.63325 0.37748
v 0.33966 -0.68118 0.26961
v 0.25371 -0.63587 0.25945
v 0.25371 -0.63587 0.25945
v 0.36190 -0.58377 0.21298
v 0.27370 -0.54129 0.27064
v 0.33408 -0.46187 0.25695
v 0.27370 -0.54129 0.27064
v 0.36190 -0.58377 0.21298
v 0.33667 -0.47324 0.37714
v 0.27370 -0.54129 0.27064
v 0.33408 -0.46187 0.25695
v 0.33667 -0.47324 0.37714
v 0.33408 -0.46187 0.25695
v 0.43161 -0.49635 0.26362
v 0.33408 -0.46187 0.25695
v 0.36190 -0.58377 0.21639
v 0.43161 -0.49635 0.26362
v 0.43447 -0.67477 0.26131
v 0.36190 -0.58377 0.22179
v 0.36190 -0.58377 0.19337
v 0.43447 -0.67477 0.26131
v 0.36190 -0.58377 0.20677
v 0.33966 -0.68118 0.26961
v 0.43447 -0.67477 0.26131
v 0.36190 -0.58377 0.19337
v 0.36190 -0.58377 0.20677
v 0.43161 -0.49635 0.26362
v 0.36190 -0.58377 0.22179
v 0.47330 -0.58377 0.26383
v 0.42391 -0.66152 0.37012
v 0.47330 -0.58377 0.26383
v 0.43447 -0.67477 0.26131
v 0.42391 -0.66152 0.37012
v 0.33966 -0.68118 0.26961
v 0.33565 -0.69877 0.37945
v 0.36190 -0.58377 0.41973
v 0.36190 -0.58377 0.44001
v 0.42391 -0.66152 0.37012
v 0.42391 -0.66152 0.37012
v 0.43447 -0.67477 0.26131
v 0.33966 -0.68118 0.26961
v 0.36190 -0.58377 0.41973
v 0.42391 -0.66152 0.37012
v 0.33565 -0.69877 0.37945
v 0.36190 -0.58377 0.44001
v 0.48530 -0.58377 0.38220
v 0.42391 -0.66152 0.37012
v 0.43880 -0.48733 0.38217
v 0.47330 -0.58377 0.26383
v 0.48530 -0.58377 0.38220
v 0.36190 -0.58377 0.43716
v 0.33667 -0.47324 0.37714
v 0.43880 -0.48733 0.38217
v 0.43880 -0.48733 0.38217
v 0.43161 -0.49635 0.26362
v 0.47330 -0.58377 0.26383
v 0.33667 -0.47324 0.37714
v 0.43161 -0.49635 0.26362
v 0.43880 -0.48733 0.38217
v 0.36190 -0.58377 0.43716
v 0.43880 -0.48733 0.38217
v 0.36190 -0.58377 0.44137
v 0.36190 -0.58377 0.42127
v 0.36190 -0.58377 0.44137
v 0.43880 -0.48733 0.38217
v 0.36190 -0.58377 0.44001
v 0.36190 -0.58377 0.42127
v 0.48530 -0.58377 0.38220
v 0.35540 -0.58120 0.51598
v 0.46034 -0.58120 0.46694
v 0.35540 -0.58120 0.51994
v 0.35540 -0.58120 0.51994
v 0.41808 -0.65980 0.46472
v 0.35540 -0.58120 0.52376
v 0.35540 -0.58120 0.52376
v 0.33272 -0.68058 0.46542
v 0.35540 -0.58120 0.52505
v 0.35540 -0.58120 0.52505
v 0.24631 -0.63373 0.47507
v 0.35540 -0.58120 0.53170
v 0.35540 -0.58120 0.51922
v 0.35540 -0.58120 0.53170
v 0.24631 -0.63373 0.47507
v 0.35540 -0.58120 0.51922
v 0.26391 -0.53714 0.46523
v 0.32795 -0.46095 0.47621
v 0.41978 -0.50047 0.46609
v 0.32795 -0.46095 0.47621
v 0.33240 -0.48043 0.36193
v 0.33240 -0.48043 0.36193
v 0.35540 -0.58120 0.30724
v 0.35540 -0.58120 0.29695
v 0.25216 -0.53148 0.35627
v 0.35540 -0.58120 0.31701
v 0.35540 -0.58120 0.30724
v 0.33224 -0.68265 0.36158
v 0.35540 -0.58120 0.30347
v 0.35540 -0.58120 0.31701
v 0.33224 -0.68265 0.36158
v 0.35540 -0.58120 0.31714
v 0.35540 -0.58120 0.30347
v 0.45170 -0.58120 0.36549
v 0.35540 -0.58120 0.31211
v 0.35540 -0.58120 0.31714
v 0.45170 -0.58120 0.36549
v 0.42661 -0.49190 0.35646
v 0.35540 -0.58120 0.31280
v 0.45170 -0.58120 0.36549
v 0.35540 -0.58120 0.31280
v 0.35540 -0.58120 0.31211
v 0.45170 -0.58120 0.36549
v 0.35540 -0.58120 0.31714
v 0.42461 -0.66798 0.35808
v 0.33224 -0.68265 0.36158
v 0.42461 -0.66798 0.35808
v 0.35540 -0.58120 0.31714
v 0.33224 -0.68265 0.36158
v 0.35540 -0.58120 0.31701
v 0.26575 -0.62437 0.36387
v 0.25216 -0.53148 0.35627
v 0.26575 -0.62437 0.36387
v 0.35540 -0.58120 0.31701
v 0.33240 -0.48043 0.36193
v 0.35540 -0.58120 0.31280
v 0.42661 -0.49190 0.35646
v 0.33240 -0.48043 0.36193
v 0.35540 -0.58120 0.29695
v 0.35540 -0.58120 0.31280
v 0.33240 -0.48043 0.36193
v 0.25216 -0.53148 0.35627
v 0.35540 -0.58120 0.30724
v 0.41978 -0.50047 0.46609
v 0.33240 -0.48043 0.36193
v 0.42661 -0.49190 0.35646
v 0.41978 -0.50047 0.46609
v 0.42661 -0.49190 0.35646
v 0.45170 -0.58120 0.36549
v 0.26391 -0.53714 0.46523
v 0.26575 -0.62437 0.36387
v 0.25216 -0.53148 0.35627
v 0.26391 -0.53714 0.46523
v 0.33240 -0.48043 0.36193
v 0.32795 -0.46095 0.47621
v 0.26391 -0.53714 0.46523
v 0.25216 -0.53148 0.35627
v 0.33240 -0.48043 0.36193
v 0.35540 -0.58120 0.51922
v 0.32795 -0.46095 0.47621
v 0.35540 -0.58120 0.53643
v 0.26391 -0.53714 0.46523
v 0.24631 -0.63373 0.47507
v 0.26575 -0.62437 0.36387
v 0.35540 -0.58120 0.51922
v 0.24631 -0.63373 0.47507
v 0.26391 -0.53714 0.46523
v 0.33272 -0.68058 0.46542
v 0.26575 -0.62437 0.36387
v 0.24631 -0.63373 0.47507
v 0.33272 -0.68058 0.46542
v 0.33224 -0.68265 0.36158
v 0.26575 -0.62437 0.36387
v 0.35540 -0.58120 0.52505
v 0.33272 -0.68058 0.46542
v 0.24631 -0.63373 0.47507
v 0.41808 -0.65980 0.46472
v 0.45170 -0.58120 0.36549
v 0.42461 -0.66798 0.35808
v 0.41808 -0.65980 0.46472
v 0.33224 -0.68265 0.36158
v 0.33272 -0.68058 0.46542
v 0.41808 -0.65980 0.46472
v 0.42461 -0.66798 0.35808
v 0.33224 -0.68265 0.36158
v 0.35540 -0.58120 0.52376
v 0.41808 -0.65980 0.46472
v 0.33272 -0.68058 0.46542
v 0.41978 -0.50047 0.46609
v 0.45170 -0.58120 0.36549
v 0.46034 -0.58120 0.46694
v 0.41808 -0.65980 0.46472
v 0.46034 -0.58120 0.46694
v 0.45170 -0.58120 0.36549
v 0.35540 -0.58120 0.51994
v 0.46034 -0.58120 0.46694
v 0.41808 -0.65980 0.46472
v 0.35540 -0.58120 0.51598
v 0.35540 -0.58120 0.53643
v 0.32795 -0.46095 0.47621
v 0.35540 -0.58120 0.51598
v 0.41978 -0.50047 0.46609
v 0.46034 -0.58120 0.46694
v 0.35540 -0.58120 0.51598
v 0.32795 -0.46095 0.47621
v 0.41978 -0.50047 0.46609
v 0.37339 -0.51401 0.45160
v 0.47562 -0.51401 0.40015
v 0.37339 -0.51401 0.47044
v 0.47562 -0.51401 0.40015
v 0.49048 -0.51401 0.28959
v 0.43774 -0.59471 0.29658
v 0.43774 -0.59471 0.29658
v 0.37339 -0.51401 0.24321
v 0.37339 -0.51401 0.23995
v 0.35136 -0.61052 0.29871
v 0.37339 -0.51401 0.23995
v 0.37339 -0.51401 0.22910
v 0.35136 -0.61052 0.29871
v 0.37339 -0.51401 0.23713
v 0.27265 -0.56252 0.29225
v 0.27265 -0.56252 0.29225
v 0.37339 -0.51401 0.23782
v 0.26833 -0.46341 0.28984
v 0.26833 -0.46341 0.28984
v 0.37339 -0.51401 0.24080
v 0.34957 -0.40968 0.29467
v 0.43988 -0.43063 0.40238
v 0.34677 -0.39738 0.40892
v 0.34957 -0.40968 0.29467
v 0.37339 -0.51401 0.45641
v 0.27200 -0.46518 0.40535
v 0.34677 -0.39738 0.40892
v 0.37339 -0.51401 0.46458
v 0.26833 -0.56460 0.40740
v 0.27200 -0.46518 0.40535
v 0.37339 -0.51401 0.44706
v 0.34561 -0.63570 0.41154
v 0.26833 -0.56460 0.40740
v 0.37339 -0.51401 0.44706
v 0.37339 -0.51401 0.46794
v 0.43659 -0.59326 0.39972
v 0.37339 -0.51401 0.44706
v 0.43659 -0.59326 0.39972
v 0.34561 -0.63570 0.41154
v 0.37339 -0.51401 0.44706
v 0.26833 -0.56460 0.40740
v 0.37339 -0.51401 0.46458
v 0.37339 -0.51401 0.46458
v 0.27200 -0.46518 0.40535
v 0.37339 -0.51401 0.46731
v 0.37339 -0.51401 0.45641
v 0.37339 -0.51401 0.46731
v 0.27200 -0.46518 0.40535
v 0.43988 -0.43063 0.40238
v 0.34957 -0.40968 0.29467
v 0.44930 -0.41881 0.28724
v 0.27200 -0.46518 0.40535
v 0.34957 -0.40968 0.29467
v 0.34677 -0.39738 0.40892
v 0.44930 -0.41881 0.28724
v 0.34957 -0.40968 0.29467
v 0.37339 -0.51401 0.24080
v 0.44930 -0.41881 0.28724
v 0.37339 -0.51401 0.24080
v 0.37339 -0.51401 0.23838
v 0.27200 -0.46518 0.40535
v 0.26833 -0.46341 0.28984
v 0.34957 -0.40968 0.29467
v 0.26833 -0.46341 0.28984
v 0.37339 -0.51401 0.23782
v 0.37339 -0.51401 0.24080
v 0.27200 -0.46518 0.40535
v 0.26833 -0.56460 0.40740
v 0.27265 -0.56252 0.29225
v 0.27200 -0.46518 0.40535
v 0.27265 -0.56252 0.29225
v 0.26833 -0.46341 0.28984
v 0.27265 -0.56252 0.29225
v 0.37339 -0.51401 0.23713
v 0.37339 -0.51401 0.23782
v 0.26833 -0.56460 0.40740
v 0.34561 -0.63570 0.41154
v 0.35136 -0.61052 0.29871
v 0.35136 -0.61052 0.29871
v 0.37339 -0.51401 0.22910
v 0.37339 -0.51401 0.23713
v 0.26833 -0.56460 0.40740
v 0.35136 -0.61052 0.29871
v 0.27265 -0.56252 0.29225
v 0.43659 -0.59326 0.39972
v 0.35136 -0.61052 0.29871
v 0.34561 -0.63570 0.41154
v 0.44930 -0.41881 0.28724
v 0.37339 -0.51401 0.23838
v 0.37339 -0.51401 0.24321
v 0.35136 -0.61052 0.29871
v 0.43774 -0.59471 0.29658
v 0.37339 -0.51401 0.23995
v 0.43659 -0.59326 0.39972
v 0.43774 -0.59471 0.29658
v 0.35136 -0.61052 0.29871
v 0.44930 -0.41881 0.28724
v 0.37339 -0.51401 0.24321
v 0.49048 -0.51401 0.28959
v 0.43988 -0.43063 0.40238
v 0.44930 -0.41881 0.28724
v 0.49048 -0.51401 0.28959
v 0.43774 -0.59471 0.29658
v 0.49048 -0.51401 0.28959
v 0.37339 -0.51401 0.24321
v 0.37339 -0.51401 0.46794
v 0.47562 -0.51401 0.40015
v 0.43659 -0.59326 0.39972
v 0.43988 -0.43063 0.40238
v 0.49048 -0.51401 0.28959
v 0.47562 -0.51401 0.40015
v 0.47562 -0.51401 0.40015
v 0.43774 -0.59471 0.29658
v 0.43659 -0.59326 0.39972
v 0.37339 -0.51401 0.46794
v 0.37339 -0.51401 0.47044
v 0.47562 -0.51401 0.40015
v 0.37339 -0.51401 0.45160
v 0.37339 -0.51401 0.45641
v 0.34677 -0.39738 0.40892
v 0.37339 -0.51401 0.45160
v 0.43988 -0.43063 0.40238
v 0.47562 -0.51401 0.40015
v 0.37339 -0.51401 0.45160
v 0.34677 -0.39738 0.40892
v 0.43988 -0.43063 0.40238
v 0.43005 -0.12291 0.52535
v 0.59874 -0.12291 0.46703
v 0.43005 -0.12291 0.53140
v 0.43005 -0.12291 0.53140
v 0.51451 -0.22882 0.45028
v 0.43005 -0.12291 0.54146
v 0.51451 -0.22882 0.45028
v 0.58395 -0.12291 0.30440
v 0.53435 -0.25369 0.29766
v 0.53435 -0.25369 0.29766
v 0.43005 -0.12291 0.24831
v 0.43005 -0.12291 0.22733
v 0.51573 -0.01546 0.31271
v 0.43005 -0.12291 0.21747
v 0.43005 -0.12291 0.24831
v 0.51573 -0.01546 0.31271
v 0.43005 -0.12291 0.23890
v 0.43005 -0.12291 0.21747
v 0.39896 0.01332 0.31155
v 0.43005 -0.12291 0.24300
v 0.43005 -0.12291 0.23890
v 0.28197 -0.19422 0.29913
v 0.43005 -0.12291 0.23439
v 0.43005 -0.12291 0.24300
v 0.28197 -0.19422 0.29913
v 0.43005 -0.12291 0.24765
v 0.43005 -0.12291 0.23439
v 0.31157 -0.06585 0.44828
v 0.29080 -0.18997 0.45990
v 0.28197 -0.19422 0.29913
v 0.43005 -0.12291 0.52987
v 0.39774 -0.26447 0.45519
v 0.29080 -0.18997 0.45990
v 0.43005 -0.12291 0.51317
v 0.43005 -0.12291 0.54215
v 0.29080 -0.18997 0.45990
v 0.43005 -0.12291 0.51317
v 0.39408 0.03470 0.46348
v 0.43005 -0.12291 0.54372
v 0.29080 -0.18997 0.45990
v 0.39774 -0.26447 0.45519
v 0.39687 -0.26828 0.30682
v 0.43005 -0.12291 0.52987
v 0.29080 -0.18997 0.45990
v 0.43005 -0.12291 0.54215
v 0.43005 -0.12291 0.51317
v 0.31157 -0.06585 0.44828
v 0.39408 0.03470 0.46348
v 0.43005 -0.12291 0.51317
v 0.29080 -0.18997 0.45990
v 0.31157 -0.06585 0.44828
v 0.28197 -0.19422 0.29913
v 0.39687 -0.26828 0.30682
v 0.43005 -0.12291 0.24765
v 0.31157 -0.06585 0.44828
v 0.28197 -0.19422 0.29913
v 0.29614 -0.05842 0.30706
v 0.29080 -0.18997 0.45990
v 0.39687 -0.26828 0.30682
v 0.28197 -0.19422 0.29913
v 0.28197 -0.19422 0.29913
v 0.43005 -0.12291 0.24300
v 0.29614 -0.05842 0.30706
v 0.31157 -0.06585 0.44828
v 0.29614 -0.05842 0.30706
v 0.39896 0.01332 0.31155
v 0.39896 0.01332 0.31155
v 0.29614 -0.05842 0.30706
v 0.43005 -0.12291 0.24300
v 0.31157 -0.06585 0.44828
v 0.39896 0.01332 0.31155
v 0.39408 0.03470 0.46348
v 0.51573 -0.01546 0.31271
v 0.39896 0.01332 0.31155
v 0.43005 -0.12291 0.23890
v 0.53435 -0.25369 0.29766
v 0.43005 -0.12291 0.24765
v 0.39687 -0.26828 0.30682
v 0.53435 -0.25369 0.29766
v 0.43005 -0.12291 0.22733
v 0.43005 -0.12291 0.24765
v 0.52309 -0.00623 0.45722
v 0.51573 -0.01546 0.31271
v 0.58395 -0.12291 0.30440
v 0.53435 -0.25369 0.29766
v 0.58395 -0.12291 0.30440
v 0.43005 -0.12291 0.24831
v 0.51573 -0.01546 0.31271
v 0.43005 -0.12291 0.24831
v 0.58395 -0.12291 0.30440
v 0.51451 -0.22882 0.45028
v 0.39687 -0.26828 0.30682
v 0.39774 -0.26447 0.45519
v 0.43005 -0.12291 0.52987
v 0.43005 -0.12291 0.54146
v 0.51451 -0.22882 0.45028
v 0.51451 -0.22882 0.45028
v 0.53435 -0.25369 0.29766
v 0.39687 -0.26828 0.30682
v 0.43005 -0.12291 0.52987
v 0.51451 -0.22882 0.45028
v 0.39774 -0.26447 0.45519
v 0.52309 -0.00623 0.45722
v 0.58395 -0.12291 0.30440
v 0.59874 -0.12291 0.46703
v 0.51451 -0.22882 0.45028
v 0.59874 -0.12291 0.46703
v 0.58395 -0.12291 0.30440
v 0.43005 -0.12291 0.53140
v 0.59874 -0.12291 0.46703
v 0.51451 -0.22882 0.45028
v 0.43005 -0.12291 0.52535
v 0.43005 -0.12291 0.54372
v 0.39408 0.03470 0.46348
v 0.43005 -0.12291 0.52535
v 0.52309 -0.00623 0.45722
v 0.59874 -0.12291 0.46703
v 0.43005 -0.12291 0.52535
v 0.39408 0.03470 0.46348
v 0.52309 -0.00623 0.45722
v 0.26029 -0.07034 0.44865
v 0.41482 -0.07034 0.37390
v 0.26029 -0.07034 0.45334
v 0.26029 -0.07034 0.45334
v 0.36186 -0.19770 0.37812
v 0.26029 -0.07034 0.45639
v 0.26029 -0.07034 0.45639
v 0.22387 -0.22993 0.37852
v 0.26029 -0.07034 0.45908
v 0.22387 -0.22993 0.37852
v 0.13849 -0.12900 0.22785
v 0.12005 -0.13788 0.37446
v 0.26029 -0.07034 0.45286
v 0.12005 -0.13788 0.37446
v 0.13392 -0.00949 0.36670
v 0.26029 -0.07034 0.43015
v 0.26029 -0.07034 0.46344
v 0.13392 -0.00949 0.36670
v 0.26029 -0.07034 0.43015
v 0.22743 0.07362 0.37044
v 0.36505 0.06103 0.38070
v 0.26029 -0.07034 0.43015
v 0.13392 -0.00949 0.36670
v 0.22743 0.07362 0.37044
v 0.26029 -0.07034 0.45286
v 0.13392 -0.00949 0.36670
v 0.26029 -0.07034 0.46344
v 0.13849 -0.12900 0.22785
v 0.26029 -0.07034 0.16381
v 0.14291 -0.01382 0.23032
v 0.22551 0.08205 0.21720
v 0.14291 -0.01382 0.23032
v 0.26029 -0.07034 0.16381
v 0.34374 0.03430 0.22852
v 0.22551 0.08205 0.21720
v 0.26029 -0.07034 0.15908
v 0.42183 -0.07034 0.21456
v 0.34374 0.03430 0.22852
v 0.26029 -0.07034 0.15390
v 0.42183 -0.07034 0.21456
v 0.26029 -0.07034 0.15390
v 0.26029 -0.07034 0.14523
v 0.35957 -0.19483 0.21573
v 0.26029 -0.07034 0.14523
v 0.26029 -0.07034 0.14318
v 0.35957 -0.19483 0.21573
v 0.26029 -0.07034 0.14705
v 0.22800 -0.21180 0.22285
v 0.22800 -0.21180 0.22285
v 0.26029 -0.07034 0.14705
v 0.26029 -0.07034 0.15797
v 0.35957 -0.19483 0.21573
v 0.26029 -0.07034 0.14318
v 0.26029 -0.07034 0.14705
v 0.35957 -0.19483 0.21573
v 0.42183 -0.07034 0.21456
v 0.26029 -0.07034 0.14523
v 0.34374 0.03430 0.22852
v 0.26029 -0.07034 0.15908
v 0.26029 -0.07034 0.15390
v 0.22551 0.08205 0.21720
v 0.26029 -0.07034 0.16381
v 0.26029 -0.07034 0.15908
v 0.13392 -0.00949 0.36670
v 0.12005 -0.13788 0.37446
v 0.13849 -0.12900 0.22785
v 0.13849 -0.12900 0.22785
v 0.26029 -0.07034 0.15797
v 0.26029 -0.07034 0.16381
v 0.22800 -0.21180 0.22285
v 0.26029 -0.07034 0.15797
v 0.13849 -0.12900 0.22785
v 0.13392 -0.00949 0.36670
v 0.13849 -0.12900 0.22785
v 0.14291 -0.01382 0.23032
v 0.26029 -0.07034 0.45286
v 0.26029 -0.07034 0.45908
v 0.22387 -0.22993 0.37852
v 0.22387 -0.22993 0.37852
v 0.22800 -0.21180 0.22285
v 0.13849 -0.12900 0.22785
v 0.26029 -0.07034 0.45286
v 0.22387 -0.22993 0.37852
v 0.12005 -0.13788 0.37446
v 0.36186 -0.19770 0.37812
v 0.22800 -0.21180 0.22285
v 0.22387 -0.22993 0.37852
v 0.36186 -0.19770 0.37812
v 0.35957 -0.19483 0.21573
v 0.22800 -0.21180 0.22285
v 0.26029 -0.07034 0.45639
v 0.36186 -0.19770 0.37812
v 0.22387 -0.22993 0.37852
v 0.41482 -0.07034 0.37390
v 0.36505 0.06103 0.38070
v 0.34374 0.03430 0.22852
v 0.41482 -0.07034 0.37390
v 0.35957 -0.19483 0.21573
v 0.36186 -0.19770 0.37812
v 0.41482 -0.07034 0.37390
v 0.34374 0.03430 0.22852
v 0.42183 -0.07034 0.21456
v 0.41482 -0.07034 0.37390
v 0.42183 -0.07034 0.21456
v 0.35957 -0.19483 0.21573
v 0.26029 -0.07034 0.45334
v 0.41482 -0.07034 0.37390
v 0.36186 -0.19770 0.37812
v 0.26029 -0.07034 0.43015
v 0.36505 0.06103 0.38070
v 0.26029 -0.07034 0.44865
v 0.26029 -0.07034 0.44865
v 0.36505 0.06103 0.38070
v 0.41482 -0.07034 0.37390
v 0.47547 -0.03889 0.56667
v 0.57562 0.08670 0.51100
v 0.62947 -0.03889 0.50766
v 0.56922 -0.15645 0.50582
v 0.62947 -0.03889 0.50766
v 0.61390 -0.03889 0.36023
v 0.57990 0.09207 0.34558
v 0.47547 -0.03889 0.27085
v 0.61390 -0.03889 0.36023
v 0.57990 0.09207 0.34558
v 0.47547 -0.03889 0.26854
v 0.47547 -0.03889 0.27085
v 0.61390 -0.03889 0.36023
v 0.47547 -0.03889 0.27085
v 0.47547 -0.03889 0.27152
v 0.56900 -0.15617 0.35440
v 0.47547 -0.03889 0.27152
v 0.47547 -0.03889 0.29283
v 0.34284 -0.10275 0.35582
v 0.44156 -0.18746 0.35320
v 0.47547 -0.03889 0.29283
v 0.35025 -0.09919 0.50008
v 0.43946 -0.19665 0.51160
v 0.44156 -0.18746 0.35320
v 0.47547 -0.03889 0.60065
v 0.47547 -0.03889 0.60134
v 0.43946 -0.19665 0.51160
v 0.47547 -0.03889 0.56930
v 0.43946 -0.19665 0.51160
v 0.47547 -0.03889 0.60134
v 0.35025 -0.09919 0.50008
v 0.34120 0.02578 0.35489
v 0.33074 0.03081 0.51100
v 0.34120 0.02578 0.35489
v 0.47547 -0.03889 0.29234
v 0.47547 -0.03889 0.27450
v 0.47547 -0.03889 0.58292
v 0.47547 -0.03889 0.60065
v 0.35025 -0.09919 0.50008
v 0.47547 -0.03889 0.58292
v 0.35025 -0.09919 0.50008
v 0.33074 0.03081 0.51100
v 0.47547 -0.03889 0.60065
v 0.43946 -0.19665 0.51160
v 0.35025 -0.09919 0.50008
v 0.34120 0.02578 0.35489
v 0.34284 -0.10275 0.35582
v 0.47547 -0.03889 0.29234
v 0.35025 -0.09919 0.50008
v 0.34284 -0.10275 0.35582
v 0.34120 0.02578 0.35489
v 0.35025 -0.09919 0.50008
v 0.44156 -0.18746 0.35320
v 0.34284 -0.10275 0.35582
v 0.34284 -0.10275 0.35582
v 0.47547 -0.03889 0.29283
v 0.47547 -0.03889 0.29234
v 0.56900 -0.15617 0.35440
v 0.47547 -0.03889 0.29283
v 0.44156 -0.18746 0.35320
v 0.61390 -0.03889 0.36023
v 0.47547 -0.03889 0.27152
v 0.56900 -0.15617 0.35440
v 0.56922 -0.15645 0.50582
v 0.61390 -0.03889 0.36023
v 0.56900 -0.15617 0.35440
v 0.56922 -0.15645 0.50582
v 0.44156 -0.18746 0.35320
v 0.43946 -0.19665 0.51160
v 0.56922 -0.15645 0.50582
v 0.56900 -0.15617 0.35440
v 0.44156 -0.18746 0.35320
v 0.47547 -0.03889 0.56930
v 0.56922 -0.15645 0.50582
v 0.43946 -0.19665 0.51160
v 0.47547 -0.03889 0.56667
v 0.56922 -0.15645 0.50582
v 0.47547 -0.03889 0.56930
v 0.47547 -0.03889 0.56667
v 0.47547 -0.03889 0.59142
v 0.57562 0.08670 0.51100
v 0.47547 -0.03889 0.56667
v 0.62947 -0.03889 0.50766
v 0.56922 -0.15645 0.50582
v 0.35281 -0.03651 0.37777
v 0.49180 -0.03651 0.30223
v 0.35281 -0.03651 0.40300
v 0.49180 -0.03651 0.30223
v 0.52084 -0.03651 0.14746
v 0.43965 -0.14540 0.16195
v 0.43965 -0.14540 0.16195
v 0.35281 -0.03651 0.09605
v 0.35281 -0.03651 0.06560
v 0.32130 -0.17458 0.16077
v 0.35281 -0.03651 0.06560
v 0.35281 -0.03651 0.06341
v 0.32130 -0.17458 0.16077
v 0.35281 -0.03651 0.08139
v 0.22583 -0.09766 0.16111
v 0.22583 -0.09766 0.16111
v 0.35281 -0.03651 0.08775
v 0.21155 0.03152 0.15312
v 0.22598 -0.09759 0.30313
v 0.21155 0.03152 0.15312
v 0.20279 0.03574 0.31610
v 0.35281 -0.03651 0.38654
v 0.20279 0.03574 0.31610
v 0.35281 -0.03651 0.39674
v 0.35281 -0.03651 0.38654
v 0.35281 -0.03651 0.39382
v 0.31859 -0.18646 0.30970
v 0.35281 -0.03651 0.37165
v 0.43788 -0.14318 0.30094
v 0.31859 -0.18646 0.30970
v 0.35281 -0.03651 0.37165
v 0.31859 -0.18646 0.30970
v 0.35281 -0.03651 0.39382
v 0.35281 -0.03651 0.38654
v 0.22598 -0.09759 0.30313
v 0.20279 0.03574 0.31610
v 0.35281 -0.03651 0.38654
v 0.31859 -0.18646 0.30970
v 0.22598 -0.09759 0.30313
v 0.22598 -0.09759 0.30313
v 0.22583 -0.09766 0.16111
v 0.21155 0.03152 0.15312
v 0.22583 -0.09766 0.16111
v 0.35281 -0.03651 0.08139
v 0.35281 -0.03651 0.08775
v 0.22598 -0.09759 0.30313
v 0.31859 -0.18646 0.30970
v 0.32130 -0.17458 0.16077
v 0.32130 -0.17458 0.16077
v 0.35281 -0.03651 0.06341
v 0.35281 -0.03651 0.08139
v 0.22598 -0.09759 0.30313
v 0.32130 -0.17458 0.16077
v 0.22583 -0.09766 0.16111
v 0.43788 -0.14318 0.30094
v 0.32130 -0.17458 0.16077
v 0.31859 -0.18646 0.30970
v 0.45287 0.08895 0.15126
v 0.35281 -0.03651 0.08628
v 0.35281 -0.03651 0.09605
v 0.32130 -0.17458 0.16077
v 0.43965 -0.14540 0.16195
v 0.35281 -0.03651 0.06560
v 0.43788 -0.14318 0.30094
v 0.43965 -0.14540 0.16195
v 0.32130 -0.17458 0.16077
v 0.45287 0.08895 0.15126
v 0.35281 -0.03651 0.09605
v 0.52084 -0.03651 0.14746
v 0.43965 -0.14540 0.16195
v 0.52084 -0.03651 0.14746
v 0.35281 -0.03651 0.09605
v 0.35281 -0.03651 0.37165
v 0.49180 -0.03651 0.30223
v 0.43788 -0.14318 0.30094
v 0.49180 -0.03651 0.30223
v 0.43965 -0.14540 0.16195
v 0.43788 -0.14318 0.30094
v 0.35281 -0.03651 0.37165
v 0.35281 -0.03651 0.40300
v 0.49180 -0.03651 0.30223
v 0.35281 -0.03651 0.37777
v 0.45358 0.08985 0.31364
v 0.49180 -0.03651 0.30223
v 0.35450 -0.09624 0.41549
v 0.51532 -0.09624 0.34342
v 0.35450 -0.09624 0.43291
v 0.51532 -0.09624 0.34342
v 0.50784 -0.09624 0.18505
v 0.45170 -0.21813 0.18376
v 0.45170 -0.21813 0.18376
v 0.35450 -0.09624 0.13056
v 0.35450 -0.09624 0.09081
v 0.45626 0.03136 0.18007
v 0.35450 -0.09624 0.12991
v 0.35450 -0.09624 0.13056
v 0.32484 0.03370 0.19515
v 0.35450 -0.09624 0.10280
v 0.35450 -0.09624 0.12991
v 0.32484 0.03370 0.19515
v 0.20871 -0.02603 0.18077
v 0.35450 -0.09624 0.11319
v 0.20871 -0.02603 0.18077
v 0.35450 -0.09624 0.11977
v 0.35450 -0.09624 0.11319
v 0.31720 -0.25967 0.17784
v 0.35450 -0.09624 0.09365
v 0.35450 -0.09624 0.11977
v 0.32266 -0.23574 0.33448
v 0.31720 -0.25967 0.17784
v 0.21985 -0.16109 0.18700
v 0.22803 -0.03534 0.33311
v 0.22023 -0.16090 0.33748
v 0.21985 -0.16109 0.18700
v 0.35450 -0.09624 0.40144
v 0.22023 -0.16090 0.33748
v 0.22803 -0.03534 0.33311
v 0.35450 -0.09624 0.40557
v 0.35450 -0.09624 0.42397
v 0.22803 -0.03534 0.33311
v 0.35450 -0.09624 0.40557
v 0.32486 0.03362 0.32949
v 0.44238 0.01396 0.33340
v 0.35450 -0.09624 0.40557
v 0.22803 -0.03534 0.33311
v 0.32486 0.03362 0.32949
v 0.35450 -0.09624 0.40144
v 0.22803 -0.03534 0.33311
v 0.35450 -0.09624 0.42397
v 0.32266 -0.23574 0.33448
v 0.21985 -0.16109 0.18700
v 0.22023 -0.16090 0.33748
v 0.35450 -0.09624 0.39474
v 0.45903 -0.22731 0.34686
v 0.32266 -0.23574 0.33448
v 0.35450 -0.09624 0.40144
v 0.35450 -0.09624 0.41789
v 0.32266 -0.23574 0.33448
v 0.35450 -0.09624 0.40144
v 0.32266 -0.23574 0.33448
v 0.22023 -0.16090 0.33748
v 0.35450 -0.09624 0.39474
v 0.32266 -0.23574 0.33448
v 0.35450 -0.09624 0.41789
v 0.31720 -0.25967 0.17784
v 0.35450 -0.09624 0.11977
v 0.21985 -0.16109 0.18700
v 0.20871 -0.02603 0.18077
v 0.21985 -0.16109 0.18700
v 0.35450 -0.09624 0.11977
v 0.22803 -0.03534 0.33311
v 0.21985 -0.16109 0.18700
v 0.20871 -0.02603 0.18077
v 0.32484 0.03370 0.19515
v 0.35450 -0.09624 0.11319
v 0.35450 -0.09624 0.10280
v 0.32484 0.03370 0.19515
v 0.35450 -0.09624 0.12991
v 0.45626 0.03136 0.18007
v 0.45170 -0.21813 0.18376
v 0.35450 -0.09624 0.09365
v 0.31720 -0.25967 0.17784
v 0.32266 -0.23574 0.33448
v 0.45903 -0.22731 0.34686
v 0.45170 -0.21813 0.18376
v 0.45170 -0.21813 0.18376
v 0.35450 -0.09624 0.09081
v 0.35450 -0.09624 0.09365
v 0.32266 -0.23574 0.33448
v 0.45170 -0.21813 0.18376
v 0.31720 -0.25967 0.17784
v 0.45626 0.03136 0.18007
v 0.35450 -0.09624 0.13056
v 0.50784 -0.09624 0.18505
v 0.44238 0.01396 0.33340
v 0.45626 0.03136 0.18007
v 0.50784 -0.09624 0.18505
v 0.45170 -0.21813 0.18376
v 0.50784 -0.09624 0.18505
v 0.35450 -0.09624 0.13056
v 0.35450 -0.09624 0.39474
v 0.51532 -0.09624 0.34342
v 0.45903 -0.22731 0.34686
v 0.44238 0.01396 0.33340
v 0.50784 -0.09624 0.18505
v 0.51532 -0.09624 0.34342
v 0.51532 -0.09624 0.34342
v 0.45170 -0.21813 0.18376
v 0.45903 -0.22731 0.34686
v 0.35450 -0.09624 0.39474
v 0.35450 -0.09624 0.43291
v 0.51532 -0.09624 0.34342
v 0.35450 -0.09624 0.40557
v 0.44238 0.01396 0.33340
v 0.35450 -0.09624 0.41549
v 0.35450 -0.09624 0.41549
v 0.44238 0.01396 0.33340
v 0.51532 -0.09624 0.34342
v -0.01295 -0.43020 0.60726
v 0.08023 -0.31334 0.55170
v 0.13205 -0.43020 0.54945
v 0.07661 -0.54250 0.54877
v 0.13205 -0.43020 0.54945
v 0.12290 -0.43020 0.40787
v 0.12290 -0.43020 0.40787
v -0.01295 -0.43020 0.31748
v -0.01295 -0.43020 0.34054
v -0.04384 -0.56553 0.40638
v 0.07664 -0.54254 0.40392
v -0.01295 -0.43020 0.34054
v -0.04337 -0.56344 0.54525
v 0.07664 -0.54254 0.40392
v -0.04384 -0.56553 0.40638
v -0.04384 -0.56553 0.40638
v -0.01295 -0.43020 0.34054
v -0.01295 -0.43020 0.32561
v 0.08218 -0.31090 0.39943
v -0.01295 -0.43020 0.30973
v -0.01295 -0.43020 0.31748
v 0.08218 -0.31090 0.39943
v -0.01295 -0.43020 0.31712
v -0.01295 -0.43020 0.30973
v 0.08218 -0.31090 0.39943
v -0.04255 -0.30052 0.40930
v -0.01295 -0.43020 0.31712
v 0.08218 -0.31090 0.39943
v -0.01295 -0.43020 0.31748
v 0.12290 -0.43020 0.40787
v 0.12290 -0.43020 0.40787
v -0.01295 -0.43020 0.34054
v 0.07664 -0.54254 0.40392
v 0.07661 -0.54250 0.54877
v 0.12290 -0.43020 0.40787
v 0.07664 -0.54254 0.40392
v -0.01295 -0.43020 0.63144
v -0.01295 -0.43020 0.64467
v 0.07661 -0.54250 0.54877
v -0.04337 -0.56344 0.54525
v 0.07661 -0.54250 0.54877
v 0.07664 -0.54254 0.40392
v -0.01295 -0.43020 0.63144
v 0.07661 -0.54250 0.54877
v -0.04337 -0.56344 0.54525
v 0.08023 -0.31334 0.55170
v -0.04255 -0.30052 0.40930
v 0.08218 -0.31090 0.39943
v 0.08023 -0.31334 0.55170
v 0.12290 -0.43020 0.40787
v 0.13205 -0.43020 0.54945
v -0.01295 -0.43020 0.63522
v -0.05063 -0.26514 0.56170
v 0.08023 -0.31334 0.55170
v 0.08023 -0.31334 0.55170
v 0.08218 -0.31090 0.39943
v 0.12290 -0.43020 0.40787
v 0.08023 -0.31334 0.55170
v -0.05063 -0.26514 0.56170
v -0.04255 -0.30052 0.40930
v -0.01295 -0.43020 0.63522
v 0.08023 -0.31334 0.55170
v -0.01295 -0.43020 0.63926
v -0.01295 -0.43020 0.60726
v 0.07661 -0.54250 0.54877
v -0.01295 -0.43020 0.64467
v -0.01295 -0.43020 0.60726
v -0.01295 -0.43020 0.63926
v 0.08023 -0.31334 0.55170
v -0.01295 -0.43020 0.60726
v 0.13205 -0.43020 0.54945
v 0.07661 -0.54250 0.54877
v 0.02111 -0.18330 0.63909
v -0.03429 -0.08040 0.50344
v 0.03316 -0.18330 0.49442
v -0.03250 -0.28845 0.63759
v 0.03316 -0.18330 0.49442
v -0.01764 -0.30709 0.48998
v 0.02111 -0.18330 0.63909
v -0.01152 -0.05185 0.65455
v -0.03429 -0.08040 0.50344
v -0.03250 -0.28845 0.63759
v 0.02111 -0.18330 0.63909
v 0.03316 -0.18330 0.49442
v -0.03405 -0.29422 0.80148
v 0.11103 -0.29422 0.73936
v -0.03405 -0.29422 0.83530
v 0.11103 -0.29422 0.73936
v 0.12226 -0.29422 0.58742
v 0.05703 -0.40843 0.59258
v 0.05703 -0.40843 0.59258
v -0.03405 -0.29422 0.51761
v -0.03405 -0.29422 0.50456
v 0.12226 -0.29422 0.58742
v 0.04961 -0.18932 0.59858
v -0.03405 -0.29422 0.53392
v 0.12226 -0.29422 0.58742
v -0.03405 -0.29422 0.53392
v -0.03405 -0.29422 0.51761
v 0.05703 -0.40843 0.59258
v 0.12226 -0.29422 0.58742
v -0.03405 -0.29422 0.51761
v -0.03405 -0.29422 0.80020
v 0.11103 -0.29422 0.73936
v 0.05678 -0.40812 0.73966
v 0.11103 -0.29422 0.73936
v 0.05649 -0.18069 0.73942
v 0.04961 -0.18932 0.59858
v 0.11103 -0.29422 0.73936
v 0.05703 -0.40843 0.59258
v 0.05678 -0.40812 0.73966
v 0.11103 -0.29422 0.73936
v 0.04961 -0.18932 0.59858
v 0.12226 -0.29422 0.58742
v -0.03405 -0.29422 0.80020
v -0.03405 -0.29422 0.83530
v 0.11103 -0.29422 0.73936
v -0.03405 -0.29422 0.80148
v 0.05649 -0.18069 0.73942
v 0.11103 -0.29422 0.73936
v -0.01432 -0.24311 0.57323
v 0.11534 -0.24311 0.49950
v -0.01432 -0.24311 0.58880
v -0.01432 -0.24311 0.58880
v 0.06824 -0.34665 0.50090
v -0.01432 -0.24311 0.59991
v 0.06824 -0.34665 0.50090
v -0.04550 -0.37969 0.36352
v -0.05205 -0.40842 0.51961
v 0.06824 -0.34665 0.50090
v 0.06803 -0.34638 0.36755
v -0.04550 -0.37969 0.36352
v 0.12925 -0.24311 0.36176
v -0.01432 -0.24311 0.28857
v 0.06803 -0.34638 0.36755
v 0.12925 -0.24311 0.36176
v 0.08314 -0.12090 0.35533
v -0.01432 -0.24311 0.29474
v -0.04429 -0.11181 0.36625
v -0.01432 -0.24311 0.27375
v -0.01432 -0.24311 0.29474
v 0.08539 -0.11808 0.51476
v -0.05146 -0.08041 0.51826
v -0.04429 -0.11181 0.36625
v -0.04429 -0.11181 0.36625
v -0.01432 -0.24311 0.29474
v 0.08314 -0.12090 0.35533
v 0.08539 -0.11808 0.51476
v -0.04429 -0.11181 0.36625
v 0.08314 -0.12090 0.35533
v 0.12925 -0.24311 0.36176
v -0.01432 -0.24311 0.29474
v -0.01432 -0.24311 0.26944
v 0.12925 -0.24311 0.36176
v -0.01432 -0.24311 0.26944
v -0.01432 -0.24311 0.28857
v 0.11534 -0.24311 0.49950
v 0.08539 -0.11808 0.51476
v 0.08314 -0.12090 0.35533
v 0.11534 -0.24311 0.49950
v 0.06803 -0.34638 0.36755
v 0.06824 -0.34665 0.50090
v 0.11534 -0.24311 0.49950
v 0.08314 -0.12090 0.35533
v 0.12925 -0.24311 0.36176
v 0.11534 -0.24311 0.49950
v 0.12925 -0.24311 0.36176
v 0.06803 -0.34638 0.36755
v -0.01432 -0.24311 0.58880
v 0.11534 -0.24311 0.49950
v 0.06824 -0.34665 0.50090
v -0.01432 -0.24311 0.57323
v -0.01432 -0.24311 0.60207
v -0.05146 -0.08041 0.51826
v -0.01432 -0.24311 0.57323
v 0.08539 -0.11808 0.51476
v 0.11534 -0.24311 0.49950
v -0.01432 -0.24311 0.57323
v -0.05146 -0.08041 0.51826
v 0.08539 -0.11808 0.51476
v 0.19448 0.03197 0.97673
v 0.16596 -0.09299 0.92735
v 0.10505 -0.01110 0.91278
v 0.10505 -0.01110 0.91278
v 0.17163 -0.06812 0.81098
v 0.08418 -0.02115 0.80102
v 0.17163 -0.06812 0.81098
v 0.19448 0.03197 0.76000
v 0.08418 -0.02115 0.80102
v 0.26124 -0.05175 0.91672
v 0.26373 -0.05487 0.80674
v 0.17163 -0.06812 0.81098
v 0.26373 -0.05487 0.80674
v 0.19448 0.03197 0.73279
v 0.19448 0.03197 0.73519
v 0.26124 -0.05175 0.91672
v 0.30740 0.03197 0.80581
v 0.26373 -0.05487 0.80674
v 0.26124 -0.05175 0.91672
v 0.30579 0.03197 0.91885
v 0.30740 0.03197 0.80581
v 0.17163 -0.06812 0.81098
v 0.19448 0.03197 0.73519
v 0.19448 0.03197 0.76000
v 0.26373 -0.05487 0.80674
v 0.19448 0.03197 0.73519
v 0.17163 -0.06812 0.81098
v 0.19448 0.03197 0.97011
v 0.26124 -0.05175 0.91672
v 0.16596 -0.09299 0.92735
v 0.10505 -0.01110 0.91278
v 0.16596 -0.09299 0.92735
v 0.17163 -0.06812 0.81098
v 0.26124 -0.05175 0.91672
v 0.17163 -0.06812 0.81098
v 0.16596 -0.09299 0.92735
v 0.19448 0.03197 0.97011
v 0.16596 -0.09299 0.92735
v 0.19448 0.03197 0.97518
v 0.19448 0.03197 0.97673
v 0.19448 0.03197 0.97518
v 0.16596 -0.09299 0.92735
v 0.11480 0.00587 0.76417
v 0.19550 -0.05069 0.64989
v 0.12115 0.00893 0.65003
v 0.29119 -0.03278 0.76290
v 0.29529 -0.03793 0.64443
v 0.19550 -0.05069 0.64989
v 0.29119 -0.03278 0.76290
v 0.19550 -0.05069 0.64989
v 0.19380 -0.05816 0.76462
v 0.11480 0.00587 0.76417
v 0.19380 -0.05816 0.76462
v 0.19550 -0.05069 0.64989
v 0.30304 0.01388 0.87452
v 0.27856 -0.09339 0.82764
v 0.20385 -0.03389 0.82767
v 0.20385 -0.03389 0.82767
v 0.27984 -0.08779 0.71960
v 0.18812 -0.04146 0.70787
v 0.18812 -0.04146 0.70787
v 0.30304 0.01388 0.67194
v 0.30304 0.01388 0.64774
v 0.38266 -0.08596 0.70780
v 0.30304 0.01388 0.67167
v 0.30304 0.01388 0.67194
v 0.40873 0.01388 0.71889
v 0.30304 0.01388 0.64574
v 0.30304 0.01388 0.67167
v 0.37867 -0.08095 0.83332
v 0.42174 0.01388 0.83201
v 0.40873 0.01388 0.71889
v 0.30304 0.01388 0.87134
v 0.30304 0.01388 0.87361
v 0.42174 0.01388 0.83201
v 0.30304 0.01388 0.87134
v 0.42174 0.01388 0.83201
v 0.37867 -0.08095 0.83332
v 0.40873 0.01388 0.71889
v 0.30304 0.01388 0.67167
v 0.38266 -0.08596 0.70780
v 0.37867 -0.08095 0.83332
v 0.40873 0.01388 0.71889
v 0.38266 -0.08596 0.70780
v 0.37867 -0.08095 0.83332
v 0.38266 -0.08596 0.70780
v 0.27984 -0.08779 0.71960
v 0.18812 -0.04146 0.70787
v 0.27984 -0.08779 0.71960
v 0.30304 0.01388 0.67194
v 0.38266 -0.08596 0.70780
v 0.30304 0.01388 0.67194
v 0.27984 -0.08779 0.71960
v 0.30304 0.01388 0.87134
v 0.37867 -0.08095 0.83332
v 0.27856 -0.09339 0.82764
v 0.20385 -0.03389 0.82767
v 0.27856 -0.09339 0.82764
v 0.27984 -0.08779 0.71960
v 0.37867 -0.08095 0.83332
v 0.27984 -0.08779 0.71960
v 0.27856 -0.09339 0.82764
v 0.30304 0.01388 0.87134
v 0.27856 -0.09339 0.82764
v 0.30304 0.01388 0.87609
v 0.30304 0.01388 0.87452
v 0.30304 0.01388 0.87609
v 0.27856 -0.09339 0.82764
v -0.63649 0.46234 0.80391
v -0.47521 0.46234 0.72256
v -0.63649 0.46234 0.80908
v -0.54958 0.35337 0.71152
v -0.47521 0.46234 0.72256
v -0.49504 0.46234 0.56995
v -0.55303 0.56700 0.70873
v -0.55279 0.56730 0.57358
v -0.49504 0.46234 0.56995
v -0.66622 0.59263 0.70862
v -0.67276 0.62126 0.55908
v -0.55279 0.56730 0.57358
v -0.67276 0.62126 0.55908
v -0.63649 0.46234 0.48890
v -0.63649 0.46234 0.49365
v -0.76133 0.52246 0.57140
v -0.63649 0.46234 0.48648
v -0.63649 0.46234 0.48890
v -0.76133 0.52246 0.57140
v -0.63649 0.46234 0.50272
v -0.63649 0.46234 0.48648
v -0.66840 0.32252 0.56895
v -0.63649 0.46234 0.47216
v -0.63649 0.46234 0.50272
v -0.66840 0.32252 0.56895
v -0.63649 0.46234 0.47801
v -0.63649 0.46234 0.47216
v -0.53567 0.33592 0.55974
v -0.63649 0.46234 0.49841
v -0.63649 0.46234 0.47801
v -0.66840 0.32252 0.56895
v -0.53567 0.33592 0.55974
v -0.63649 0.46234 0.47801
v -0.66961 0.31723 0.71629
v -0.66840 0.32252 0.56895
v -0.75679 0.40441 0.57394
v -0.76003 0.52184 0.71038
v -0.76293 0.40145 0.71200
v -0.75679 0.40441 0.57394
v -0.63649 0.46234 0.78758
v -0.76293 0.40145 0.71200
v -0.76003 0.52184 0.71038
v -0.63649 0.46234 0.79112
v -0.63649 0.46234 0.79826
v -0.76003 0.52184 0.71038
v -0.63649 0.46234 0.78758
v -0.76003 0.52184 0.71038
v -0.63649 0.46234 0.79826
v -0.66961 0.31723 0.71629
v -0.75679 0.40441 0.57394
v -0.76293 0.40145 0.71200
v -0.63649 0.46234 0.78758
v -0.63649 0.46234 0.80379
v -0.66961 0.31723 0.71629
v -0.63649 0.46234 0.78758
v -0.66961 0.31723 0.71629
v -0.76293 0.40145 0.71200
v -0.63649 0.46234 0.79367
v -0.66961 0.31723 0.71629
v -0.63649 0.46234 0.80379
v -0.66840 0.32252 0.56895
v -0.63649 0.46234 0.50272
v -0.75679 0.40441 0.57394
v -0.76133 0.52246 0.57140
v -0.75679 0.40441 0.57394
v -0.63649 0.46234 0.50272
v -0.76003 0.52184 0.71038
v -0.75679 0.40441 0.57394
v -0.76133 0.52246 0.57140
v -0.76133 0.52246 0.57140
v -0.63649 0.46234 0.48890
v -0.67276 0.62126 0.55908
v -0.66622 0.59263 0.70862
v -0.76133 0.52246 0.57140
v -0.67276 0.62126 0.55908
v -0.66622 0.59263 0.70862
v -0.76003 0.52184 0.71038
v -0.76133 0.52246 0.57140
v -0.63649 0.46234 0.79112
v -0.76003 0.52184 0.71038
v -0.66622 0.59263 0.70862
v -0.55279 0.56730 0.57358
v -0.63649 0.46234 0.49365
v -0.63649 0.46234 0.49841
v -0.67276 0.62126 0.55908
v -0.63649 0.46234 0.49365
v -0.55279 0.56730 0.57358
v -0.63649 0.46234 0.79112
v -0.66622 0.59263 0.70862
v -0.55303 0.56700 0.70873
v -0.66622 0.59263 0.70862
v -0.55279 0.56730 0.57358
v -0.55303 0.56700 0.70873
v -0.53567 0.33592 0.55974
v -0.49504 0.46234 0.56995
v -0.63649 0.46234 0.49841
v -0.55279 0.56730 0.57358
v -0.63649 0.46234 0.49841
v -0.49504 0.46234 0.56995
v -0.54958 0.35337 0.71152
v -0.49504 0.46234 0.56995
v -0.53567 0.33592 0.55974
v -0.54958 0.35337 0.71152
v -0.66840 0.32252 0.56895
v -0.66961 0.31723 0.71629
v -0.54958 0.35337 0.71152
v -0.53567 0.33592 0.55974
v -0.66840 0.32252 0.56895
v -0.63649 0.46234 0.79367
v -0.54958 0.35337 0.71152
v -0.66961 0.31723 0.71629
v -0.63649 0.46234 0.79367
v -0.47521 0.46234 0.72256
v -0.54958 0.35337 0.71152
v -0.55303 0.56700 0.70873
v -0.49504 0.46234 0.56995
v -0.47521 0.46234 0.72256
v -0.63649 0.46234 0.79367
v -0.63649 0.46234 0.80908
v -0.47521 0.46234 0.72256
v -0.63649 0.46234 0.79112
v -0.55303 0.56700 0.70873
v -0.63649 0.46234 0.80391
v -0.63649 0.46234 0.80391
v -0.55303 0.56700 0.70873
v -0.47521 0.46234 0.72256
v -0.45856 0.39209 0.82770
v -0.36193 0.51325 0.77153
v -0.32498 0.39209 0.76075
v -0.32498 0.39209 0.76075
v -0.37790 0.29095 0.62820
v -0.37284 0.28459 0.76272
v -0.45856 0.39209 0.83745
v -0.45856 0.39209 0.84936
v -0.37284 0.28459 0.76272
v -0.45856 0.39209 0.83745
v -0.49021 0.25342 0.76511
v -0.59397 0.32688 0.76917
v -0.59397 0.32688 0.76917
v -0.58948 0.45514 0.62015
v -0.60944 0.46474 0.77783
v -0.60944 0.46474 0.77783
v -0.48779 0.52017 0.62718
v -0.49436 0.54891 0.77450
v -0.45856 0.39209 0.82535
v -0.49436 0.54891 0.77450
v -0.45856 0.39209 0.82849
v -0.48779 0.52017 0.62718
v -0.45856 0.39209 0.55785
v -0.45856 0.39209 0.55057
v -0.36703 0.50686 0.61940
v -0.45856 0.39209 0.55057
v -0.45856 0.39209 0.52760
v -0.36703 0.50686 0.61940
v -0.45856 0.39209 0.55031
v -0.29567 0.39209 0.61129
v -0.36703 0.50686 0.61940
v -0.45856 0.39209 0.52760
v -0.45856 0.39209 0.55031
v -0.59830 0.32479 0.61522
v -0.45856 0.39209 0.54569
v -0.45856 0.39209 0.55785
v -0.59830 0.32479 0.61522
v -0.45856 0.39209 0.56211
v -0.45856 0.39209 0.54569
v -0.49511 0.23194 0.61060
v -0.45856 0.39209 0.53004
v -0.45856 0.39209 0.56211
v -0.59830 0.32479 0.61522
v -0.49511 0.23194 0.61060
v -0.45856 0.39209 0.56211
v -0.36703 0.50686 0.61940
v -0.48779 0.52017 0.62718
v -0.45856 0.39209 0.55057
v -0.45856 0.39209 0.82535
v -0.60944 0.46474 0.77783
v -0.49436 0.54891 0.77450
v -0.48779 0.52017 0.62718
v -0.58948 0.45514 0.62015
v -0.45856 0.39209 0.55785
v -0.59830 0.32479 0.61522
v -0.45856 0.39209 0.55785
v -0.58948 0.45514 0.62015
v -0.60944 0.46474 0.77783
v -0.58948 0.45514 0.62015
v -0.48779 0.52017 0.62718
v -0.45856 0.39209 0.82535
v -0.45856 0.39209 0.86093
v -0.59397 0.32688 0.76917
v -0.59397 0.32688 0.76917
v -0.59830 0.32479 0.61522
v -0.58948 0.45514 0.62015
v -0.45856 0.39209 0.82535
v -0.59397 0.32688 0.76917
v -0.60944 0.46474 0.77783
v -0.49021 0.25342 0.76511
v -0.59830 0.32479 0.61522
v -0.59397 0.32688 0.76917
v -0.49021 0.25342 0.76511
v -0.49511 0.23194 0.61060
v -0.59830 0.32479 0.61522
v -0.45856 0.39209 0.83745
v -0.59397 0.32688 0.76917
v -0.45856 0.39209 0.86093
v -0.45856 0.39209 0.83745
v -0.37284 0.28459 0.76272
v -0.49021 0.25342 0.76511
v -0.37790 0.29095 0.62820
v -0.45856 0.39209 0.55031
v -0.45856 0.39209 0.53004
v -0.49021 0.25342 0.76511
v -0.37284 0.28459 0.76272
v -0.37790 0.29095 0.62820
v -0.49511 0.23194 0.61060
v -0.37790 0.29095 0.62820
v -0.45856 0.39209 0.53004
v -0.37790 0.29095 0.62820
v -0.29567 0.39209 0.61129
v -0.45856 0.39209 0.55031
v -0.49021 0.25342 0.76511
v -0.37790 0.29095 0.62820
v -0.49511 0.23194 0.61060
v -0.32498 0.39209 0.76075
v -0.36703 0.50686 0.61940
v -0.29567 0.39209 0.61129
v -0.32498 0.39209 0.76075
v -0.29567 0.39209 0.61129
v -0.37790 0.29095 0.62820
v -0.36193 0.51325 0.77153
v -0.48779 0.52017 0.62718
v -0.36703 0.50686 0.61940
v -0.45856 0.39209 0.82849
v -0.49436 0.54891 0.77450
v -0.36193 0.51325 0.77153
v -0.32498 0.39209 0.76075
v -0.36193 0.51325 0.77153
v -0.36703 0.50686 0.61940
v -0.36193 0.51325 0.77153
v -0.49436 0.54891 0.77450
v -0.48779 0.52017 0.62718
v -0.45856 0.39209 0.82849
v -0.36193 0.51325 0.77153
v -0.45856 0.39209 0.84687
v -0.45856 0.39209 0.82770
v -0.37284 0.28459 0.76272
v -0.45856 0.39209 0.84936
v -0.45856 0.39209 0.82770
v -0.45856 0.39209 0.84687
v -0.36193 0.51325 0.77153
v -0.45856 0.39209 0.82770
v -0.32498 0.39209 0.76075
v -0.37284 0.28459 0.76272
v -0.46248 0.47298 0.90668
v -0.31769 0.47298 0.84291
v -0.46248 0.47298 0.90917
v -0.31769 0.47298 0.84291
v -0.31805 0.47298 0.69711
v -0.37216 0.35971 0.69689
v -0.37216 0.35971 0.69689
v -0.46248 0.47298 0.63394
v -0.46248 0.47298 0.60261
v -0.36278 0.59800 0.68931
v -0.46248 0.47298 0.60377
v -0.46248 0.47298 0.63394
v -0.36278 0.59800 0.68931
v -0.46248 0.47298 0.61651
v -0.46248 0.47298 0.60377
v -0.49794 0.62832 0.68960
v -0.46248 0.47298 0.61911
v -0.46248 0.47298 0.61651
v -0.57857 0.41708 0.70497
v -0.46248 0.47298 0.60411
v -0.46248 0.47298 0.61911
v -0.57857 0.41708 0.70497
v -0.46248 0.47298 0.63183
v -0.46248 0.47298 0.60411
v -0.49155 0.34564 0.83577
v -0.49218 0.34287 0.70264
v -0.57857 0.41708 0.70497
v -0.46248 0.47298 0.89912
v -0.49155 0.34564 0.83577
v -0.61126 0.40134 0.85316
v -0.46248 0.47298 0.92618
v -0.46248 0.47298 0.93533
v -0.61126 0.40134 0.85316
v -0.46248 0.47298 0.91318
v -0.46248 0.47298 0.92618
v -0.60212 0.54023 0.84805
v -0.49329 0.60794 0.83971
v -0.60212 0.54023 0.84805
v -0.58270 0.53088 0.70265
v -0.46248 0.47298 0.91318
v -0.60212 0.54023 0.84805
v -0.49329 0.60794 0.83971
v -0.46248 0.47298 0.92618
v -0.61126 0.40134 0.85316
v -0.60212 0.54023 0.84805
v -0.46248 0.47298 0.89912
v -0.46248 0.47298 0.90334
v -0.36639 0.35248 0.84762
v -0.46248 0.47298 0.89912
v -0.61126 0.40134 0.85316
v -0.46248 0.47298 0.93533
v -0.46248 0.47298 0.89912
v -0.36639 0.35248 0.84762
v -0.49155 0.34564 0.83577
v -0.60212 0.54023 0.84805
v -0.61126 0.40134 0.85316
v -0.57857 0.41708 0.70497
v -0.57857 0.41708 0.70497
v -0.49218 0.34287 0.70264
v -0.46248 0.47298 0.63183
v -0.60212 0.54023 0.84805
v -0.57857 0.41708 0.70497
v -0.58270 0.53088 0.70265
v -0.49155 0.34564 0.83577
v -0.57857 0.41708 0.70497
v -0.61126 0.40134 0.85316
v -0.57857 0.41708 0.70497
v -0.46248 0.47298 0.61911
v -0.58270 0.53088 0.70265
v -0.49794 0.62832 0.68960
v -0.58270 0.53088 0.70265
v -0.46248 0.47298 0.61911
v -0.49329 0.60794 0.83971
v -0.58270 0.53088 0.70265
v -0.49794 0.62832 0.68960
v -0.49329 0.60794 0.83971
v -0.49794 0.62832 0.68960
v -0.36278 0.59800 0.68931
v -0.36278 0.59800 0.68931
v -0.49794 0.62832 0.68960
v -0.46248 0.47298 0.61651
v -0.49329 0.60794 0.83971
v -0.36278 0.59800 0.68931
v -0.37092 0.58779 0.84395
v -0.37216 0.35971 0.69689
v -0.46248 0.47298 0.63183
v -0.49218 0.34287 0.70264
v -0.49155 0.34564 0.83577
v -0.36639 0.35248 0.84762
v -0.37216 0.35971 0.69689
v -0.37216 0.35971 0.69689
v -0.46248 0.47298 0.60261
v -0.46248 0.47298 0.63183
v -0.49155 0.34564 0.83577
v -0.37216 0.35971 0.69689
v -0.49218 0.34287 0.70264
v -0.36278 0.59800 0.68931
v -0.46248 0.47298 0.63394
v -0.31805 0.47298 0.69711
v -0.37092 0.58779 0.84395
v -0.36278 0.59800 0.68931
v -0.31805 0.47298 0.69711
v -0.37216 0.35971 0.69689
v -0.31805 0.47298 0.69711
v -0.46248 0.47298 0.63394
v -0.46248 0.47298 0.90334
v -0.31769 0.47298 0.84291
v -0.36639 0.35248 0.84762
v -0.37092 0.58779 0.84395
v -0.31805 0.47298 0.69711
v -0.31769 0.47298 0.84291
v -0.31769 0.47298 0.84291
v -0.37216 0.35971 0.69689
v -0.36639 0.35248 0.84762
v -0.46248 0.47298 0.90334
v -0.46248 0.47298 0.90917
v -0.31769 0.47298 0.84291
v -0.46248 0.47298 0.90668
v -0.46248 0.47298 0.91318
v -0.49329 0.60794 0.83971
v -0.46248 0.47298 0.90668
v -0.37092 0.58779 0.84395
v -0.31769 0.47298 0.84291
v -0.46248 0.47298 0.90668
v -0.49329 0.60794 0.83971
v -0.37092 0.58779 0.84395
v -0.54808 0.28214 0.96629
v -0.38718 0.28214 0.88545
v -0.54808 0.28214 0.96847
v -0.46749 0.18109 0.86949
v -0.38718 0.28214 0.88545
v -0.38116 0.28214 0.72020
v -0.38116 0.28214 0.72020
v -0.54808 0.28214 0.64556
v -0.54808 0.28214 0.65378
v -0.45172 0.16131 0.72643
v -0.54808 0.28214 0.65378
v -0.54808 0.28214 0.66019
v -0.69020 0.21370 0.72482
v -0.57723 0.15442 0.73830
v -0.54808 0.28214 0.66019
v -0.69889 0.20951 0.88873
v -0.58316 0.12843 0.88382
v -0.57723 0.15442 0.73830
v -0.54808 0.28214 0.93677
v -0.58316 0.12843 0.88382
v -0.54808 0.28214 0.94503
v -0.54808 0.28214 0.94503
v -0.58316 0.12843 0.88382
v -0.69889 0.20951 0.88873
v -0.54808 0.28214 0.95830
v -0.54808 0.28214 0.97032
v -0.69889 0.20951 0.88873
v -0.54808 0.28214 0.93655
v -0.54808 0.28214 0.95830
v -0.67242 0.34202 0.87391
v -0.67242 0.34202 0.87391
v -0.58303 0.43527 0.72516
v -0.58385 0.43886 0.88538
v -0.58385 0.43886 0.88538
v -0.46266 0.38925 0.73528
v -0.45527 0.39851 0.87938
v -0.58303 0.43527 0.72516
v -0.54808 0.28214 0.65290
v -0.54808 0.28214 0.64499
v -0.58303 0.43527 0.72516
v -0.54808 0.28214 0.67020
v -0.46266 0.38925 0.73528
v -0.58303 0.43527 0.72516
v -0.54808 0.28214 0.64499
v -0.54808 0.28214 0.67020
v -0.58303 0.43527 0.72516
v -0.68326 0.34724 0.72870
v -0.54808 0.28214 0.65290
v -0.58385 0.43886 0.88538
v -0.58303 0.43527 0.72516
v -0.46266 0.38925 0.73528
v -0.67242 0.34202 0.87391
v -0.68326 0.34724 0.72870
v -0.58303 0.43527 0.72516
v -0.54808 0.28214 0.93655
v -0.58385 0.43886 0.88538
v -0.45527 0.39851 0.87938
v -0.54808 0.28214 0.93655
v -0.67242 0.34202 0.87391
v -0.58385 0.43886 0.88538
v -0.54808 0.28214 0.95830
v -0.69889 0.20951 0.88873
v -0.67242 0.34202 0.87391
v -0.54808 0.28214 0.94503
v -0.69889 0.20951 0.88873
v -0.54808 0.28214 0.97032
v -0.69020 0.21370 0.72482
v -0.54808 0.28214 0.65290
v -0.68326 0.34724 0.72870
v -0.67242 0.34202 0.87391
v -0.69889 0.20951 0.88873
v -0.69020 0.21370 0.72482
v -0.69020 0.21370 0.72482
v -0.54808 0.28214 0.63693
v -0.54808 0.28214 0.65290
v -0.67242 0.34202 0.87391
v -0.69020 0.21370 0.72482
v -0.68326 0.34724 0.72870
v -0.69889 0.20951 0.88873
v -0.57723 0.15442 0.73830
v -0.69020 0.21370 0.72482
v -0.69020 0.21370 0.72482
v -0.54808 0.28214 0.66019
v -0.54808 0.28214 0.63693
v -0.45172 0.16131 0.72643
v -0.54808 0.28214 0.66019
v -0.57723 0.15442 0.73830
v -0.38116 0.28214 0.72020
v -0.46266 0.38925 0.73528
v -0.54808 0.28214 0.67020
v -0.38116 0.28214 0.72020
v -0.54808 0.28214 0.65378
v -0.45172 0.16131 0.72643
v -0.38116 0.28214 0.72020
v -0.54808 0.28214 0.67020
v -0.54808 0.28214 0.64556
v -0.46749 0.18109 0.86949
v -0.38116 0.28214 0.72020
v -0.45172 0.16131 0.72643
v -0.46749 0.18109 0.86949
v -0.57723 0.15442 0.73830
v -0.58316 0.12843 0.88382
v -0.46749 0.18109 0.86949
v -0.45172 0.16131 0.72643
v -0.57723 0.15442 0.73830
v -0.54808 0.28214 0.93677
v -0.46749 0.18109 0.86949
v -0.58316 0.12843 0.88382
v -0.54808 0.28214 0.93677
v -0.38718 0.28214 0.88545
v -0.46749 0.18109 0.86949
v -0.38718 0.28214 0.88545
v -0.45527 0.39851 0.87938
v -0.46266 0.38925 0.73528
v -0.38718 0.28214 0.88545
v -0.46266 0.38925 0.73528
v -0.38116 0.28214 0.72020
v -0.54808 0.28214 0.93677
v -0.54808 0.28214 0.96847
v -0.38718 0.28214 0.88545
v -0.54808 0.28214 0.93655
v -0.45527 0.39851 0.87938
v -0.54808 0.28214 0.96629
v -0.54808 0.28214 0.96629
v -0.45527 0.39851 0.87938
v -0.38718 0.28214 0.88545
v -0.52094 0.52965 0.93246
v -0.37688 0.52965 0.84752
v -0.52094 0.52965 0.93766
v -0.43726 0.42472 0.84256
v -0.37688 0.52965 0.84752
v -0.38655 0.52965 0.70715
v -0.43538 0.63694 0.84407
v -0.41790 0.65887 0.69158
v -0.38655 0.52965 0.70715
v -0.41790 0.65887 0.69158
v -0.52094 0.52965 0.61929
v -0.52094 0.52965 0.61889
v -0.66972 0.60130 0.69165
v -0.52094 0.52965 0.61789
v -0.52094 0.52965 0.61929
v -0.66363 0.46094 0.69506
v -0.52094 0.52965 0.61157
v -0.52094 0.52965 0.61789
v -0.66363 0.46094 0.69506
v -0.52094 0.52965 0.64390
v -0.52094 0.52965 0.61157
v -0.43632 0.42354 0.70648
v -0.52094 0.52965 0.64278
v -0.52094 0.52965 0.64390
v -0.55541 0.37864 0.85298
v -0.43632 0.42354 0.70648
v -0.55680 0.37254 0.69366
v -0.52094 0.52965 0.92291
v -0.52094 0.52965 0.93423
v -0.55541 0.37864 0.85298
v -0.52094 0.52965 0.92291
v -0.65627 0.46449 0.85061
v -0.65306 0.59328 0.84882
v -0.65306 0.59328 0.84882
v -0.55818 0.69278 0.69055
v -0.55812 0.69254 0.85912
v -0.52094 0.52965 0.92997
v -0.52094 0.52965 0.93488
v -0.65306 0.59328 0.84882
v -0.52094 0.52965 0.92997
v -0.65306 0.59328 0.84882
v -0.55812 0.69254 0.85912
v -0.52094 0.52965 0.92291
v -0.65306 0.59328 0.84882
v -0.52094 0.52965 0.93488
v -0.65627 0.46449 0.85061
v -0.55541 0.37864 0.85298
v -0.55680 0.37254 0.69366
v -0.52094 0.52965 0.92291
v -0.55541 0.37864 0.85298
v -0.65627 0.46449 0.85061
v -0.52094 0.52965 0.93020
v -0.55541 0.37864 0.85298
v -0.52094 0.52965 0.93423
v -0.43632 0.42354 0.70648
v -0.52094 0.52965 0.64390
v -0.55680 0.37254 0.69366
v -0.65306 0.59328 0.84882
v -0.65627 0.46449 0.85061
v -0.66363 0.46094 0.69506
v -0.66363 0.46094 0.69506
v -0.55680 0.37254 0.69366
v -0.52094 0.52965 0.64390
v -0.65627 0.46449 0.85061
v -0.55680 0.37254 0.69366
v -0.66363 0.46094 0.69506
v -0.66363 0.46094 0.69506
v -0.52094 0.52965 0.61789
v -0.66972 0.60130 0.69165
v -0.65306 0.59328 0.84882
v -0.66972 0.60130 0.69165
v -0.55818 0.69278 0.69055
v -0.65306 0.59328 0.84882
v -0.66363 0.46094 0.69506
v -0.66972 0.60130 0.69165
v -0.66972 0.60130 0.69165
v -0.52094 0.52965 0.61929
v -0.55818 0.69278 0.69055
v -0.41790 0.65887 0.69158
v -0.52094 0.52965 0.61889
v -0.52094 0.52965 0.63897
v -0.41790 0.65887 0.69158
v -0.55818 0.69278 0.69055
v -0.52094 0.52965 0.61929
v -0.43538 0.63694 0.84407
v -0.55818 0.69278 0.69055
v -0.41790 0.65887 0.69158
v -0.52094 0.52965 0.92997
v -0.55812 0.69254 0.85912
v -0.43538 0.63694 0.84407
v -0.43538 0.63694 0.84407
v -0.55812 0.69254 0.85912
v -0.55818 0.69278 0.69055
v -0.38655 0.52965 0.70715
v -0.52094 0.52965 0.63897
v -0.52094 0.52965 0.64278
v -0.41790 0.65887 0.69158
v -0.52094 0.52965 0.63897
v -0.38655 0.52965 0.70715
v -0.38655 0.52965 0.70715
v -0.52094 0.52965 0.64278
v -0.43632 0.42354 0.70648
v -0.43726 0.42472 0.84256
v -0.38655 0.52965 0.70715
v -0.43632 0.42354 0.70648
v -0.55541 0.37864 0.85298
v -0.43726 0.42472 0.84256
v -0.43632 0.42354 0.70648
v -0.52094 0.52965 0.93020
v -0.43726 0.42472 0.84256
v -0.55541 0.37864 0.85298
v -0.52094 0.52965 0.93020
v -0.37688 0.52965 0.84752
v -0.43726 0.42472 0.84256
v -0.43538 0.63694 0.84407
v -0.38655 0.52965 0.70715
v -0.37688 0.52965 0.84752
v -0.52094 0.52965 0.93020
v -0.52094 0.52965 0.93766
v -0.37688 0.52965 0.84752
v -0.52094 0.52965 0.92997
v -0.43538 0.63694 0.84407
v -0.52094 0.52965 0.93246
v -0.52094 0.52965 0.93246
v -0.43538 0.63694 0.84407
v -0.37688 0.52965 0.84752
v -0.01937 -0.05555 0.69829
v -0.05499 0.10052 0.63861
v 0.07822 0.06683 0.63682
v -0.14064 0.00285 0.62577
v -0.05508 0.10092 0.47701
v -0.05499 0.10052 0.63861
v -0.05508 0.10092 0.47701
v -0.01937 -0.05555 0.41830
v -0.01937 -0.05555 0.38991
v 0.08626 0.07691 0.47251
v -0.01937 -0.05555 0.38991
v -0.01937 -0.05555 0.38796
v 0.08626 0.07691 0.47251
v -0.05508 0.10092 0.47701
v -0.01937 -0.05555 0.38991
v -0.05508 0.10092 0.47701
v -0.15879 0.01159 0.47991
v -0.01937 -0.05555 0.41830
v -0.14064 0.00285 0.62577
v -0.15879 0.01159 0.47991
v -0.05508 0.10092 0.47701
v -0.01937 -0.05555 0.69829
v -0.01937 -0.05555 0.72052
v -0.05499 0.10052 0.63861
v -0.33822 0.06018 0.54059
v -0.26439 0.15276 0.46267
v -0.22551 0.06018 0.45979
v -0.22551 0.06018 0.45979
v -0.20553 0.06018 0.33608
v -0.25553 -0.04351 0.33611
v -0.36840 -0.07204 0.33460
v -0.25553 -0.04351 0.33611
v -0.33822 0.06018 0.28743
v -0.36840 -0.07204 0.33460
v -0.33822 0.06018 0.27734
v -0.33822 0.06018 0.28913
v -0.44590 0.11204 0.34273
v -0.44542 0.00856 0.34300
v -0.33822 0.06018 0.28913
v -0.44267 0.11048 0.46141
v -0.45491 0.00399 0.46826
v -0.44542 0.00856 0.34300
v -0.33822 0.06018 0.51888
v -0.36588 -0.06100 0.46564
v -0.45491 0.00399 0.46826
v -0.33822 0.06018 0.51888
v -0.33822 0.06018 0.53734
v -0.26114 -0.03647 0.46529
v -0.33822 0.06018 0.51888
v -0.26114 -0.03647 0.46529
v -0.36588 -0.06100 0.46564
v -0.33822 0.06018 0.53166
v -0.33822 0.06018 0.53609
v -0.45491 0.00399 0.46826
v -0.33822 0.06018 0.53166
v -0.36912 0.19555 0.47297
v -0.33822 0.06018 0.53921
v -0.33822 0.06018 0.51888
v -0.45491 0.00399 0.46826
v -0.33822 0.06018 0.53609
v -0.44267 0.11048 0.46141
v -0.36529 0.17878 0.34165
v -0.36912 0.19555 0.47297
v -0.25988 0.15842 0.33963
v -0.36529 0.17878 0.34165
v -0.33822 0.06018 0.28707
v -0.25988 0.15842 0.33963
v -0.33822 0.06018 0.28707
v -0.33822 0.06018 0.27937
v -0.25988 0.15842 0.33963
v -0.33822 0.06018 0.27937
v -0.33822 0.06018 0.28433
v -0.33822 0.06018 0.53166
v -0.44267 0.11048 0.46141
v -0.36912 0.19555 0.47297
v -0.33822 0.06018 0.53166
v -0.45491 0.00399 0.46826
v -0.44267 0.11048 0.46141
v -0.44590 0.11204 0.34273
v -0.33822 0.06018 0.28707
v -0.36529 0.17878 0.34165
v -0.44590 0.11204 0.34273
v -0.33822 0.06018 0.26950
v -0.33822 0.06018 0.28707
v -0.44267 0.11048 0.46141
v -0.44590 0.11204 0.34273
v -0.36529 0.17878 0.34165
v -0.44267 0.11048 0.46141
v -0.44542 0.00856 0.34300
v -0.44590 0.11204 0.34273
v -0.44590 0.11204 0.34273
v -0.33822 0.06018 0.28913
v -0.33822 0.06018 0.26950
v -0.36840 -0.07204 0.33460
v -0.33822 0.06018 0.28743
v -0.33822 0.06018 0.27734
v -0.36840 -0.07204 0.33460
v -0.33822 0.06018 0.28913
v -0.44542 0.00856 0.34300
v -0.25988 0.15842 0.33963
v -0.33822 0.06018 0.28433
v -0.20553 0.06018 0.33608
v -0.20553 0.06018 0.33608
v -0.33822 0.06018 0.28743
v -0.25553 -0.04351 0.33611
v -0.20553 0.06018 0.33608
v -0.33822 0.06018 0.28433
v -0.33822 0.06018 0.28743
v -0.33822 0.06018 0.53734
v -0.22551 0.06018 0.45979
v -0.26114 -0.03647 0.46529
v -0.22551 0.06018 0.45979
v -0.25553 -0.04351 0.33611
v -0.26114 -0.03647 0.46529
v -0.22551 0.06018 0.45979
v -0.25988 0.15842 0.33963
v -0.20553 0.06018 0.33608
v -0.26439 0.15276 0.46267
v -0.36529 0.17878 0.34165
v -0.25988 0.15842 0.33963
v -0.33822 0.06018 0.53921
v -0.36912 0.19555 0.47297
v -0.26439 0.15276 0.46267
v -0.22551 0.06018 0.45979
v -0.26439 0.15276 0.46267
v -0.25988 0.15842 0.33963
v -0.26439 0.15276 0.46267
v -0.36912 0.19555 0.47297
v -0.36529 0.17878 0.34165
v -0.33822 0.06018 0.53921
v -0.26439 0.15276 0.46267
v -0.33822 0.06018 0.54805
v -0.33822 0.06018 0.54059
v -0.33822 0.06018 0.54805
v -0.26439 0.15276 0.46267
v -0.33822 0.06018 0.53734
v -0.33822 0.06018 0.54059
v -0.22551 0.06018 0.45979
v -0.31767 -0.06047 0.52234
v -0.34832 0.07380 0.47537
v -0.22827 0.05164 0.47823
v -0.34832 0.07380 0.47537
v -0.42645 -0.00809 0.46680
v -0.42029 -0.01105 0.34853
v -0.34832 0.07380 0.47537
v -0.34851 0.07463 0.33608
v -0.22934 0.05029 0.33452
v -0.34851 0.07463 0.33608
v -0.31767 -0.06047 0.26369
v -0.22934 0.05029 0.33452
v -0.34851 0.07463 0.33608
v -0.31767 -0.06047 0.26275
v -0.31767 -0.06047 0.26369
v -0.34832 0.07380 0.47537
v -0.42029 -0.01105 0.34853
v -0.34851 0.07463 0.33608
v -0.34832 0.07380 0.47537
v -0.22934 0.05029 0.33452
v -0.22827 0.05164 0.47823
v -0.31767 -0.06047 0.52234
v -0.31767 -0.06047 0.54775
v -0.34832 0.07380 0.47537
v -0.23020 -0.03994 0.35417
v -0.14890 0.06200 0.30462
v -0.23020 -0.03994 0.38104
v -0.14890 0.06200 0.30462
v -0.25744 0.07940 0.17719
v -0.14477 0.06718 0.16982
v -0.14477 0.06718 0.16982
v -0.23020 -0.03994 0.11331
v -0.23020 -0.03994 0.09768
v -0.34500 0.01534 0.17466
v -0.23020 -0.03994 0.10294
v -0.23020 -0.03994 0.11331
v -0.35406 0.01971 0.30820
v -0.34500 0.01534 0.17466
v -0.25744 0.07940 0.17719
v -0.14477 0.06718 0.16982
v -0.25744 0.07940 0.17719
v -0.23020 -0.03994 0.11331
v -0.34500 0.01534 0.17466
v -0.23020 -0.03994 0.11331
v -0.25744 0.07940 0.17719
v -0.35406 0.01971 0.30820
v -0.25744 0.07940 0.17719
v -0.26133 0.09646 0.30942
v -0.14890 0.06200 0.30462
v -0.11377 -0.03994 0.18020
v -0.10369 -0.03994 0.30267
v -0.14890 0.06200 0.30462
v -0.14477 0.06718 0.16982
v -0.11377 -0.03994 0.18020
v -0.14890 0.06200 0.30462
v -0.26133 0.09646 0.30942
v -0.25744 0.07940 0.17719
v -0.23020 -0.03994 0.35417
v -0.23020 -0.03994 0.37761
v -0.35406 0.01971 0.30820
v -0.23020 -0.03994 0.35417
v -0.26133 0.09646 0.30942
v -0.14890 0.06200 0.30462
v -0.23020 -0.03994 0.35417
v -0.35406 0.01971 0.30820
v -0.26133 0.09646 0.30942
v -0.24549 -0.01134 0.55697
v -0.11973 -0.01134 0.50770
v -0.24549 -0.01134 0.57920
v -0.16954 0.08390 0.50572
v -0.13004 -0.01134 0.38611
v -0.11973 -0.01134 0.50770
v -0.13004 -0.01134 0.38611
v -0.24549 -0.01134 0.31194
v -0.24549 -0.01134 0.31167
v -0.16973 0.08366 0.38305
v -0.24549 -0.01134 0.31339
v -0.24549 -0.01134 0.31194
v -0.27059 0.09864 0.38743
v -0.24549 -0.01134 0.32219
v -0.24549 -0.01134 0.31339
v -0.36079 0.04418 0.50882
v -0.36299 0.04524 0.37856
v -0.27059 0.09864 0.38743
v -0.24549 -0.01134 0.57691
v -0.36079 0.04418 0.50882
v -0.27670 0.12541 0.51502
v -0.24549 -0.01134 0.57691
v -0.24549 -0.01134 0.58270
v -0.36079 0.04418 0.50882
v -0.27059 0.09864 0.38743
v -0.36299 0.04524 0.37856
v -0.24549 -0.01134 0.32219
v -0.36079 0.04418 0.50882
v -0.27059 0.09864 0.38743
v -0.27670 0.12541 0.51502
v -0.16973 0.08366 0.38305
v -0.27059 0.09864 0.38743
v -0.24549 -0.01134 0.31339
v -0.13004 -0.01134 0.38611
v -0.16973 0.08366 0.38305
v -0.24549 -0.01134 0.31194
v -0.16954 0.08390 0.50572
v -0.27059 0.09864 0.38743
v -0.16973 0.08366 0.38305
v -0.16954 0.08390 0.50572
v -0.16973 0.08366 0.38305
v -0.13004 -0.01134 0.38611
v -0.16954 0.08390 0.50572
v -0.27670 0.12541 0.51502
v -0.27059 0.09864 0.38743
v -0.24549 -0.01134 0.55697
v -0.24549 -0.01134 0.57691
v -0.27670 0.12541 0.51502
v -0.24549 -0.01134 0.55697
v -0.16954 0.08390 0.50572
v -0.11973 -0.01134 0.50770
v -0.24549 -0.01134 0.55697
v -0.27670 0.12541 0.51502
v -0.16954 0.08390 0.50572
v -0.15271 0.05778 0.50561
v -0.06614 0.16633 0.45933
v -0.01671 0.05778 0.45789
v -0.01671 0.05778 0.45789
v -0.06364 -0.05392 0.31731
v -0.06223 -0.05568 0.46249
v -0.15271 0.05778 0.53433
v -0.06223 -0.05568 0.46249
v -0.17900 -0.05740 0.44889
v -0.15271 0.05778 0.52512
v -0.15271 0.05778 0.53486
v -0.17900 -0.05740 0.44889
v -0.15271 0.05778 0.50703
v -0.15271 0.05778 0.52512
v -0.25550 0.00827 0.44685
v -0.25550 0.00827 0.44685
v -0.26181 0.11031 0.32829
v -0.25844 0.10869 0.44849
v -0.15271 0.05778 0.50700
v -0.25844 0.10869 0.44849
v -0.18149 0.18385 0.45452
v -0.18149 0.18385 0.45452
v -0.18341 0.19229 0.31978
v -0.07721 0.15246 0.32829
v -0.01783 0.05778 0.32134
v -0.07721 0.15246 0.32829
v -0.15271 0.05778 0.27013
v -0.01783 0.05778 0.32134
v -0.15271 0.05778 0.27013
v -0.15271 0.05778 0.24957
v -0.01783 0.05778 0.32134
v -0.15271 0.05778 0.24957
v -0.15271 0.05778 0.26390
v -0.18341 0.19229 0.31978
v -0.15271 0.05778 0.25191
v -0.15271 0.05778 0.24594
v -0.18341 0.19229 0.31978
v -0.15271 0.05778 0.27013
v -0.07721 0.15246 0.32829
v -0.18341 0.19229 0.31978
v -0.15271 0.05778 0.24594
v -0.15271 0.05778 0.27013
v -0.26181 0.11031 0.32829
v -0.15271 0.05778 0.25193
v -0.15271 0.05778 0.25191
v -0.28366 -0.00529 0.31606
v -0.15271 0.05778 0.26593
v -0.15271 0.05778 0.25193
v -0.28366 -0.00529 0.31606
v -0.18148 -0.06827 0.32416
v -0.15271 0.05778 0.26593
v -0.18149 0.18385 0.45452
v -0.25844 0.10869 0.44849
v -0.26181 0.11031 0.32829
v -0.18341 0.19229 0.31978
v -0.26181 0.11031 0.32829
v -0.15271 0.05778 0.25191
v -0.26181 0.11031 0.32829
v -0.28366 -0.00529 0.31606
v -0.15271 0.05778 0.25193
v -0.18149 0.18385 0.45452
v -0.26181 0.11031 0.32829
v -0.18341 0.19229 0.31978
v -0.25550 0.00827 0.44685
v -0.28366 -0.00529 0.31606
v -0.26181 0.11031 0.32829
v -0.15271 0.05778 0.50703
v -0.25550 0.00827 0.44685
v -0.25844 0.10869 0.44849
v -0.15271 0.05778 0.50700
v -0.15271 0.05778 0.50703
v -0.25844 0.10869 0.44849
v -0.15271 0.05778 0.52512
v -0.17900 -0.05740 0.44889
v -0.25550 0.00827 0.44685
v -0.15271 0.05778 0.53433
v -0.17900 -0.05740 0.44889
v -0.15271 0.05778 0.53486
v -0.01783 0.05778 0.32134
v -0.15271 0.05778 0.26390
v -0.06364 -0.05392 0.31731
v -0.01671 0.05778 0.45789
v -0.07721 0.15246 0.32829
v -0.01783 0.05778 0.32134
v -0.01671 0.05778 0.45789
v -0.01783 0.05778 0.32134
v -0.06364 -0.05392 0.31731
v -0.15271 0.05778 0.50700
v -0.18149 0.18385 0.45452
v -0.06614 0.16633 0.45933
v -0.01671 0.05778 0.45789
v -0.06614 0.16633 0.45933
v -0.07721 0.15246 0.32829
v -0.18149 0.18385 0.45452
v -0.07721 0.15246 0.32829
v -0.06614 0.16633 0.45933
v -0.15271 0.05778 0.50700
v -0.06614 0.16633 0.45933
v -0.15271 0.05778 0.51556
v -0.15271 0.05778 0.50561
v -0.06223 -0.05568 0.46249
v -0.15271 0.05778 0.53433
v -0.15271 0.05778 0.50561
v -0.15271 0.05778 0.51556
v -0.06614 0.16633 0.45933
v -0.15271 0.05778 0.50561
v -0.01671 0.05778 0.45789
v -0.06223 -0.05568 0.46249
v -0.08719 0.48657 0.37033
v 0.05831 0.48657 0.31822
v -0.08719 0.48657 0.38077
v -0.08719 0.48657 0.38077
v 0.01263 0.36140 0.32558
v -0.08719 0.48657 0.39020
v -0.08719 0.48657 0.39020
v -0.12295 0.32989 0.32589
v -0.08719 0.48657 0.39450
v -0.08719 0.48657 0.38344
v -0.08719 0.48657 0.39450
v -0.12295 0.32989 0.32589
v -0.08719 0.48657 0.38344
v -0.19745 0.43347 0.30657
v -0.20756 0.54454 0.31223
v -0.20756 0.54454 0.31223
v -0.11605 0.61302 0.17949
v -0.11810 0.62198 0.31489
v -0.11810 0.62198 0.31489
v -0.00914 0.58444 0.18177
v 0.00163 0.59794 0.31669
v -0.00914 0.58444 0.18177
v -0.08719 0.48657 0.09781
v -0.08719 0.48657 0.08613
v -0.00914 0.58444 0.18177
v -0.08719 0.48657 0.08646
v 0.05329 0.48657 0.17406
v 0.05329 0.48657 0.17406
v -0.08719 0.48657 0.12093
v 0.01265 0.36137 0.16415
v -0.11474 0.36585 0.18246
v 0.01265 0.36137 0.16415
v -0.08719 0.48657 0.12093
v -0.11474 0.36585 0.18246
v -0.08719 0.48657 0.10041
v -0.20005 0.43222 0.18173
v -0.20005 0.43222 0.18173
v -0.08719 0.48657 0.11692
v -0.20454 0.54308 0.17922
v -0.20005 0.43222 0.18173
v -0.08719 0.48657 0.10041
v -0.08719 0.48657 0.11692
v -0.11474 0.36585 0.18246
v -0.08719 0.48657 0.09073
v -0.08719 0.48657 0.10041
v -0.11474 0.36585 0.18246
v -0.08719 0.48657 0.12093
v -0.08719 0.48657 0.09073
v 0.05329 0.48657 0.17406
v -0.08719 0.48657 0.08646
v -0.08719 0.48657 0.12093
v -0.00914 0.58444 0.18177
v -0.08719 0.48657 0.08613
v -0.08719 0.48657 0.08646
v -0.11605 0.61302 0.17949
v -0.08719 0.48657 0.11692
v -0.08719 0.48657 0.09781
v -0.00914 0.58444 0.18177
v -0.11605 0.61302 0.17949
v -0.08719 0.48657 0.09781
v -0.11605 0.61302 0.17949
v -0.20454 0.54308 0.17922
v -0.08719 0.48657 0.11692
v -0.11810 0.62198 0.31489
v -0.11605 0.61302 0.17949
v -0.00914 0.58444 0.18177
v -0.08719 0.48657 0.40164
v -0.08719 0.48657 0.40570
v -0.20756 0.54454 0.31223
v -0.20756 0.54454 0.31223
v -0.20454 0.54308 0.17922
v -0.11605 0.61302 0.17949
v -0.08719 0.48657 0.40164
v -0.20756 0.54454 0.31223
v -0.11810 0.62198 0.31489
v -0.19745 0.43347 0.30657
v -0.11474 0.36585 0.18246
v -0.20005 0.43222 0.18173
v -0.19745 0.43347 0.30657
v -0.20454 0.54308 0.17922
v -0.20756 0.54454 0.31223
v -0.19745 0.43347 0.30657
v -0.20005 0.43222 0.18173
v -0.20454 0.54308 0.17922
v -0.08719 0.48657 0.38344
v -0.20756 0.54454 0.31223
v -0.08719 0.48657 0.40570
v -0.19745 0.43347 0.30657
v -0.12295 0.32989 0.32589
v -0.11474 0.36585 0.18246
v -0.08719 0.48657 0.38344
v -0.12295 0.32989 0.32589
v -0.19745 0.43347 0.30657
v 0.01263 0.36140 0.32558
v -0.11474 0.36585 0.18246
v -0.12295 0.32989 0.32589
v 0.01263 0.36140 0.32558
v 0.01265 0.36137 0.16415
v -0.11474 0.36585 0.18246
v -0.08719 0.48657 0.39020
v 0.01263 0.36140 0.32558
v -0.12295 0.32989 0.32589
v -0.08719 0.48657 0.38077
v 0.05831 0.48657 0.31822
v 0.01263 0.36140 0.32558
v -0.08719 0.48657 0.37033
v -0.08719 0.48657 0.40164
v -0.11810 0.62198 0.31489
v -0.08719 0.48657 0.37033
v 0.00163 0.59794 0.31669
v 0.05831 0.48657 0.31822
v -0.08719 0.48657 0.37033
v -0.11810 0.62198 0.31489
v 0.00163 0.59794 0.31669
v -0.13644 0.37120 0.59409
v -0.05831 0.46917 0.51943
v -0.00494 0.37120 0.52255
v -0.04808 0.26040 0.52770
v -0.00494 0.37120 0.52255
v -0.01322 0.37120 0.39414
v -0.04801 0.26031 0.38476
v -0.01322 0.37120 0.39414
v -0.13644 0.37120 0.32272
v -0.04353 0.48771 0.38114
v -0.13644 0.37120 0.30846
v -0.13644 0.37120 0.32272
v -0.16575 0.49959 0.38987
v -0.13644 0.37120 0.29514
v -0.13644 0.37120 0.30846
v -0.16575 0.49959 0.38987
v -0.13644 0.37120 0.30325
v -0.13644 0.37120 0.29514
v -0.25611 0.42883 0.38930
v -0.13644 0.37120 0.32861
v -0.13644 0.37120 0.30325
v -0.16821 0.23200 0.38429
v -0.13644 0.37120 0.32790
v -0.13644 0.37120 0.32861
v -0.16501 0.24604 0.52098
v -0.16821 0.23200 0.38429
v -0.25308 0.31503 0.39100
v -0.16501 0.24604 0.52098
v -0.25308 0.31503 0.39100
v -0.27637 0.30381 0.53455
v -0.13644 0.37120 0.58704
v -0.27637 0.30381 0.53455
v -0.27906 0.43988 0.53606
v -0.13644 0.37120 0.59639
v -0.13644 0.37120 0.61824
v -0.27906 0.43988 0.53606
v -0.13644 0.37120 0.59639
v -0.27906 0.43988 0.53606
v -0.16383 0.49120 0.51831
v -0.13644 0.37120 0.58704
v -0.27906 0.43988 0.53606
v -0.13644 0.37120 0.61824
v -0.13644 0.37120 0.58704
v -0.13644 0.37120 0.60547
v -0.16501 0.24604 0.52098
v -0.13644 0.37120 0.58704
v -0.16501 0.24604 0.52098
v -0.27637 0.30381 0.53455
v -0.13644 0.37120 0.60179
v -0.16501 0.24604 0.52098
v -0.13644 0.37120 0.60547
v -0.16821 0.23200 0.38429
v -0.13644 0.37120 0.32861
v -0.25308 0.31503 0.39100
v -0.27637 0.30381 0.53455
v -0.25308 0.31503 0.39100
v -0.25611 0.42883 0.38930
v -0.16383 0.49120 0.51831
v -0.27906 0.43988 0.53606
v -0.25611 0.42883 0.38930
v -0.25611 0.42883 0.38930
v -0.25308 0.31503 0.39100
v -0.13644 0.37120 0.32861
v -0.27637 0.30381 0.53455
v -0.25611 0.42883 0.38930
v -0.27906 0.43988 0.53606
v -0.16575 0.49959 0.38987
v -0.25611 0.42883 0.38930
v -0.13644 0.37120 0.30325
v -0.16383 0.49120 0.51831
v -0.25611 0.42883 0.38930
v -0.16575 0.49959 0.38987
v -0.16575 0.49959 0.38987
v -0.13644 0.37120 0.30846
v -0.04353 0.48771 0.38114
v -0.04801 0.26031 0.38476
v -0.13644 0.37120 0.32272
v -0.13644 0.37120 0.31873
v -0.04801 0.26031 0.38476
v -0.13644 0.37120 0.32790
v -0.16821 0.23200 0.38429
v -0.04801 0.26031 0.38476
v -0.13644 0.37120 0.31873
v -0.13644 0.37120 0.32790
v -0.16501 0.24604 0.52098
v -0.04801 0.26031 0.38476
v -0.16821 0.23200 0.38429
v -0.04353 0.48771 0.38114
v -0.13644 0.37120 0.32272
v -0.01322 0.37120 0.39414
v -0.04808 0.26040 0.52770
v -0.01322 0.37120 0.39414
v -0.04801 0.26031 0.38476
v -0.16501 0.24604 0.52098
v -0.04808 0.26040 0.52770
v -0.04801 0.26031 0.38476
v -0.13644 0.37120 0.60179
v -0.04808 0.26040 0.52770
v -0.16501 0.24604 0.52098
v -0.05831 0.46917 0.51943
v -0.16575 0.49959 0.38987
v -0.04353 0.48771 0.38114
v -0.05831 0.46917 0.51943
v -0.01322 0.37120 0.39414
v -0.00494 0.37120 0.52255
v -0.13644 0.37120 0.59639
v -0.16383 0.49120 0.51831
v -0.05831 0.46917 0.51943
v -0.05831 0.46917 0.51943
v -0.04353 0.48771 0.38114
v -0.01322 0.37120 0.39414
v -0.05831 0.46917 0.51943
v -0.16383 0.49120 0.51831
v -0.16575 0.49959 0.38987
v -0.13644 0.37120 0.59639
v -0.05831 0.46917 0.51943
v -0.13644 0.37120 0.60558
v -0.13644 0.37120 0.59409
v -0.04808 0.26040 0.52770
v -0.13644 0.37120 0.60179
v -0.13644 0.37120 0.59409
v -0.13644 0.37120 0.60558
v -0.05831 0.46917 0.51943
v -0.13644 0.37120 0.59409
v -0.00494 0.37120 0.52255
v -0.04808 0.26040 0.52770
v 0.03467 0.42183 0.52367
v 0.00034 0.57224 0.45822
v 0.03467 0.42183 0.53063
v 0.00034 0.57224 0.45822
v -0.08093 0.47750 0.31577
v 0.00049 0.57159 0.30301
v -0.08093 0.47750 0.31577
v 0.03467 0.42183 0.22692
v 0.03467 0.42183 0.22156
v -0.09958 0.35718 0.30533
v 0.03467 0.42183 0.24443
v 0.03467 0.42183 0.22692
v -0.09958 0.35718 0.30533
v 0.00668 0.29923 0.31705
v 0.03467 0.42183 0.24443
v -0.09672 0.35856 0.45396
v 0.00649 0.29838 0.44428
v 0.00668 0.29923 0.31705
v 0.03467 0.42183 0.53579
v 0.03467 0.42183 0.53581
v 0.00649 0.29838 0.44428
v 0.03467 0.42183 0.53579
v 0.00649 0.29838 0.44428
v -0.09672 0.35856 0.45396
v -0.09672 0.35856 0.45396
v 0.00668 0.29923 0.31705
v -0.09958 0.35718 0.30533
v -0.08093 0.47750 0.31577
v 0.03467 0.42183 0.24011
v 0.00049 0.57159 0.30301
v -0.09672 0.35856 0.45396
v -0.09958 0.35718 0.30533
v -0.08093 0.47750 0.31577
v -0.08093 0.47750 0.31577
v 0.03467 0.42183 0.22156
v 0.03467 0.42183 0.24011
v -0.08093 0.47750 0.31577
v -0.09958 0.35718 0.30533
v 0.03467 0.42183 0.22692
v -0.09672 0.35856 0.45396
v -0.08093 0.47750 0.31577
v -0.10498 0.48909 0.45858
v 0.00034 0.57224 0.45822
v -0.10498 0.48909 0.45858
v -0.08093 0.47750 0.31577
v 0.03467 0.42183 0.52367
v 0.03467 0.42183 0.53579
v -0.09672 0.35856 0.45396
v 0.03467 0.42183 0.52367
v -0.10498 0.48909 0.45858
v 0.00034 0.57224 0.45822
v 0.03467 0.42183 0.52367
v -0.09672 0.35856 0.45396
v -0.10498 0.48909 0.45858
v -0.02196 0.42666 0.58773
v -0.05585 0.57513 0.53354
v 0.06644 0.53751 0.52825
v -0.14539 0.48610 0.52583
v -0.05456 0.56950 0.38292
v -0.05585 0.57513 0.53354
v 0.07461 0.54776 0.37869
v -0.05456 0.56950 0.38292
v -0.02196 0.42666 0.33026
v -0.15511 0.49079 0.38227
v -0.02196 0.42666 0.32064
v -0.02196 0.42666 0.33026
v -0.15511 0.49079 0.38227
v -0.02196 0.42666 0.32982
v -0.02196 0.42666 0.32064
v -0.05369 0.28767 0.38490
v -0.02196 0.42666 0.30336
v -0.02196 0.42666 0.32982
v -0.05369 0.28767 0.38490
v -0.02196 0.42666 0.31970
v -0.02196 0.42666 0.30336
v -0.05369 0.28767 0.38490
v 0.06569 0.31676 0.38591
v -0.02196 0.42666 0.31970
v -0.05150 0.29724 0.52370
v -0.05369 0.28767 0.38490
v -0.13896 0.37032 0.39131
v -0.05150 0.29724 0.52370
v -0.13896 0.37032 0.39131
v -0.13710 0.37121 0.52120
v -0.02196 0.42666 0.59435
v -0.02196 0.42666 0.59613
v -0.13710 0.37121 0.52120
v -0.02196 0.42666 0.58714
v 0.07784 0.30151 0.53747
v -0.05150 0.29724 0.52370
v -0.02196 0.42666 0.59613
v -0.02196 0.42666 0.59927
v -0.05150 0.29724 0.52370
v -0.02196 0.42666 0.59613
v -0.05150 0.29724 0.52370
v -0.13710 0.37121 0.52120
v -0.02196 0.42666 0.58714
v -0.05150 0.29724 0.52370
v -0.02196 0.42666 0.59927
v -0.05369 0.28767 0.38490
v -0.02196 0.42666 0.32982
v -0.13896 0.37032 0.39131
v -0.15511 0.49079 0.38227
v -0.13896 0.37032 0.39131
v -0.02196 0.42666 0.32982
v 0.07461 0.54776 0.37869
v -0.02196 0.42666 0.33026
v -0.02196 0.42666 0.29700
v -0.15511 0.49079 0.38227
v -0.02196 0.42666 0.33026
v -0.05456 0.56950 0.38292
v -0.14539 0.48610 0.52583
v -0.13896 0.37032 0.39131
v -0.15511 0.49079 0.38227
v -0.02196 0.42666 0.58787
v -0.02196 0.42666 0.59435
v -0.14539 0.48610 0.52583
v -0.14539 0.48610 0.52583
v -0.15511 0.49079 0.38227
v -0.05456 0.56950 0.38292
v -0.14539 0.48610 0.52583
v -0.13710 0.37121 0.52120
v -0.13896 0.37032 0.39131
v -0.02196 0.42666 0.59435
v -0.13710 0.37121 0.52120
v -0.14539 0.48610 0.52583
v -0.02196 0.42666 0.58787
v -0.14539 0.48610 0.52583
v -0.05585 0.57513 0.53354
v -0.02196 0.42666 0.58773
v -0.02196 0.42666 0.58787
v -0.05585 0.57513 0.53354
v -0.19546 0.48223 0.56233
v -0.03626 0.48223 0.51670
v -0.19546 0.48223 0.59632
v -0.10758 0.37203 0.50750
v -0.03626 0.48223 0.51670
v -0.04054 0.48223 0.35835
v -0.10709 0.59303 0.50789
v -0.09741 0.60518 0.35717
v -0.04054 0.48223 0.35835
v -0.09741 0.60518 0.35717
v -0.19546 0.48223 0.30800
v -0.19546 0.48223 0.31026
v -0.10976 0.37476 0.36715
v -0.19546 0.48223 0.31026
v -0.19546 0.48223 0.29235
v -0.22910 0.33482 0.36022
v -0.19546 0.48223 0.29235
v -0.19546 0.48223 0.28616
v -0.22910 0.33482 0.36022
v -0.19546 0.48223 0.29074
v -0.31339 0.42544 0.37046
v -0.31339 0.42544 0.37046
v -0.19546 0.48223 0.30347
v -0.33758 0.55067 0.35693
v -0.32530 0.54476 0.50910
v -0.33758 0.55067 0.35693
v -0.22754 0.62281 0.36375
v -0.32530 0.54476 0.50910
v -0.22754 0.62281 0.36375
v -0.22855 0.62723 0.51142
v -0.19546 0.48223 0.56561
v -0.33435 0.41534 0.51416
v -0.32530 0.54476 0.50910
v -0.19546 0.48223 0.56561
v -0.19546 0.48223 0.57597
v -0.23029 0.32962 0.51536
v -0.19546 0.48223 0.56561
v -0.23029 0.32962 0.51536
v -0.33435 0.41534 0.51416
v -0.19546 0.48223 0.59302
v -0.19546 0.48223 0.59794
v -0.32530 0.54476 0.50910
v -0.19546 0.48223 0.59302
v -0.32530 0.54476 0.50910
v -0.22855 0.62723 0.51142
v -0.19546 0.48223 0.56561
v -0.32530 0.54476 0.50910
v -0.19546 0.48223 0.59794
v -0.22754 0.62281 0.36375
v -0.33758 0.55067 0.35693
v -0.19546 0.48223 0.30347
v -0.22754 0.62281 0.36375
v -0.19546 0.48223 0.30347
v -0.19546 0.48223 0.27723
v -0.32530 0.54476 0.50910
v -0.33435 0.41534 0.51416
v -0.31339 0.42544 0.37046
v -0.32530 0.54476 0.50910
v -0.31339 0.42544 0.37046
v -0.33758 0.55067 0.35693
v -0.23029 0.32962 0.51536
v -0.31339 0.42544 0.37046
v -0.33435 0.41534 0.51416
v -0.31339 0.42544 0.37046
v -0.19546 0.48223 0.29074
v -0.19546 0.48223 0.30347
v -0.22910 0.33482 0.36022
v -0.19546 0.48223 0.28616
v -0.19546 0.48223 0.29074
v -0.23029 0.32962 0.51536
v -0.22910 0.33482 0.36022
v -0.31339 0.42544 0.37046
v -0.22910 0.33482 0.36022
v -0.10976 0.37476 0.36715
v -0.19546 0.48223 0.29235
v -0.22754 0.62281 0.36375
v -0.19546 0.48223 0.27723
v -0.19546 0.48223 0.30800
v -0.22754 0.62281 0.36375
v -0.19546 0.48223 0.30800
v -0.09741 0.60518 0.35717
v -0.10709 0.59303 0.50789
v -0.22754 0.62281 0.36375
v -0.09741 0.60518 0.35717
v -0.10709 0.59303 0.50789
v -0.22855 0.62723 0.51142
v -0.22754 0.62281 0.36375
v -0.10976 0.37476 0.36715
v -0.04054 0.48223 0.35835
v -0.19546 0.48223 0.31026
v -0.09741 0.60518 0.35717
v -0.19546 0.48223 0.31026
v -0.04054 0.48223 0.35835
v -0.10758 0.37203 0.50750
v -0.04054 0.48223 0.35835
v -0.10976 0.37476 0.36715
v -0.10758 0.37203 0.50750
v -0.22910 0.33482 0.36022
v -0.23029 0.32962 0.51536
v -0.19546 0.48223 0.57597
v -0.19546 0.48223 0.58665
v -0.10758 0.37203 0.50750
v -0.10758 0.37203 0.50750
v -0.10976 0.37476 0.36715
v -0.22910 0.33482 0.36022
v -0.19546 0.48223 0.57597
v -0.10758 0.37203 0.50750
v -0.23029 0.32962 0.51536
v -0.19546 0.48223 0.58665
v -0.03626 0.48223 0.51670
v -0.10758 0.37203 0.50750
v -0.10709 0.59303 0.50789
v -0.04054 0.48223 0.35835
v -0.03626 0.48223 0.51670
v -0.19546 0.48223 0.58665
v -0.19546 0.48223 0.59632
v -0.03626 0.48223 0.51670
v -0.19546 0.48223 0.56233
v -0.19546 0.48223 0.59302
v -0.22855 0.62723 0.51142
v -0.19546 0.48223 0.56233
v -0.10709 0.59303 0.50789
v -0.03626 0.48223 0.51670
v -0.19546 0.48223 0.56233
v -0.22855 0.62723 0.51142
v -0.10709 0.59303 0.50789
v -0.68674 0.02453 0.70262
v -0.60863 0.12248 0.65392
v -0.56595 0.02453 0.65166
v -0.60863 0.12248 0.65392
v -0.70960 0.12468 0.53898
v -0.60613 0.12562 0.52559
v -0.60613 0.12562 0.52559
v -0.68674 0.02453 0.47678
v -0.68674 0.02453 0.48402
v -0.58639 0.02453 0.54018
v -0.68674 0.02453 0.48402
v -0.68674 0.02453 0.48322
v -0.62201 -0.05663 0.53843
v -0.68674 0.02453 0.48322
v -0.68674 0.02453 0.46038
v -0.62201 -0.05663 0.53843
v -0.58639 0.02453 0.54018
v -0.68674 0.02453 0.48322
v -0.58639 0.02453 0.54018
v -0.60613 0.12562 0.52559
v -0.68674 0.02453 0.48402
v -0.70960 0.12468 0.53898
v -0.68674 0.02453 0.48173
v -0.68674 0.02453 0.47678
v -0.78802 0.07331 0.53410
v -0.68674 0.02453 0.48381
v -0.68674 0.02453 0.48173
v -0.79191 -0.02611 0.64961
v -0.80071 -0.03035 0.52700
v -0.78802 0.07331 0.53410
v -0.68674 0.02453 0.70398
v -0.79191 -0.02611 0.64961
v -0.78506 0.07188 0.64578
v -0.68674 0.02453 0.71280
v -0.68674 0.02453 0.71291
v -0.78506 0.07188 0.64578
v -0.68674 0.02453 0.70721
v -0.68674 0.02453 0.71280
v -0.71519 0.14917 0.65521
v -0.68674 0.02453 0.71280
v -0.78506 0.07188 0.64578
v -0.71519 0.14917 0.65521
v -0.68674 0.02453 0.70398
v -0.78506 0.07188 0.64578
v -0.68674 0.02453 0.71291
v -0.78802 0.07331 0.53410
v -0.80071 -0.03035 0.52700
v -0.68674 0.02453 0.48381
v -0.79191 -0.02611 0.64961
v -0.78802 0.07331 0.53410
v -0.78506 0.07188 0.64578
v -0.78506 0.07188 0.64578
v -0.78802 0.07331 0.53410
v -0.70960 0.12468 0.53898
v -0.60613 0.12562 0.52559
v -0.70960 0.12468 0.53898
v -0.68674 0.02453 0.47678
v -0.70960 0.12468 0.53898
v -0.78802 0.07331 0.53410
v -0.68674 0.02453 0.48173
v -0.78506 0.07188 0.64578
v -0.70960 0.12468 0.53898
v -0.71519 0.14917 0.65521
v -0.60863 0.12248 0.65392
v -0.58639 0.02453 0.54018
v -0.56595 0.02453 0.65166
v -0.60863 0.12248 0.65392
v -0.60613 0.12562 0.52559
v -0.58639 0.02453 0.54018
v -0.60863 0.12248 0.65392
v -0.71519 0.14917 0.65521
v -0.70960 0.12468 0.53898
v -0.68674 0.02453 0.70721
v -0.71519 0.14917 0.65521
v -0.60863 0.12248 0.65392
v -0.68674 0.02453 0.70262
v -0.62399 -0.05416 0.64151
v -0.68674 0.02453 0.70690
v -0.68674 0.02453 0.70262
v -0.68674 0.02453 0.70721
v -0.60863 0.12248 0.65392
v -0.68674 0.02453 0.70262
v -0.56595 0.02453 0.65166
v -0.62399 -0.05416 0.64151
v -0.69898 0.00733 0.85463
v -0.62158 0.10440 0.80817
v -0.58256 0.00733 0.80428
v -0.58256 0.00733 0.80428
v -0.63526 0.08724 0.69406
v -0.58246 0.00733 0.68685
v -0.63526 0.08724 0.69406
v -0.69898 0.00733 0.62786
v -0.69898 0.00733 0.61608
v -0.72476 0.12024 0.68720
v -0.69898 0.00733 0.63084
v -0.69898 0.00733 0.62786
v -0.80524 -0.04384 0.68613
v -0.69898 0.00733 0.62175
v -0.69898 0.00733 0.63084
v -0.80026 0.05610 0.80225
v -0.80524 -0.04384 0.68613
v -0.80028 0.05611 0.68891
v -0.69898 0.00733 0.85466
v -0.80026 0.05610 0.80225
v -0.72755 0.13249 0.81030
v -0.69898 0.00733 0.87149
v -0.69898 0.00733 0.87197
v -0.72755 0.13249 0.81030
v -0.69898 0.00733 0.85466
v -0.69898 0.00733 0.85825
v -0.81619 -0.04911 0.81116
v -0.69898 0.00733 0.85466
v -0.72755 0.13249 0.81030
v -0.69898 0.00733 0.87197
v -0.69898 0.00733 0.85466
v -0.81619 -0.04911 0.81116
v -0.80026 0.05610 0.80225
v -0.80026 0.05610 0.80225
v -0.81619 -0.04911 0.81116
v -0.80524 -0.04384 0.68613
v -0.80524 -0.04384 0.68613
v -0.69898 0.00733 0.63084
v -0.80028 0.05611 0.68891
v -0.80026 0.05610 0.80225
v -0.80028 0.05611 0.68891
v -0.72476 0.12024 0.68720
v -0.72476 0.12024 0.68720
v -0.80028 0.05611 0.68891
v -0.69898 0.00733 0.63084
v -0.80026 0.05610 0.80225
v -0.72476 0.12024 0.68720
v -0.72755 0.13249 0.81030
v -0.63526 0.08724 0.69406
v -0.69898 0.00733 0.62642
v -0.58246 0.00733 0.68685
v -0.72755 0.13249 0.81030
v -0.72476 0.12024 0.68720
v -0.63526 0.08724 0.69406
v -0.63526 0.08724 0.69406
v -0.69898 0.00733 0.61608
v -0.69898 0.00733 0.62642
v -0.63526 0.08724 0.69406
v -0.72476 0.12024 0.68720
v -0.69898 0.00733 0.62786
v -0.58256 0.00733 0.80428
v -0.62158 0.10440 0.80817
v -0.63526 0.08724 0.69406
v -0.72755 0.13249 0.81030
v -0.63526 0.08724 0.69406
v -0.62158 0.10440 0.80817
v -0.69898 0.00733 0.87149
v -0.72755 0.13249 0.81030
v -0.62158 0.10440 0.80817
v -0.69898 0.00733 0.85463
v -0.69898 0.00733 0.87149
v -0.62158 0.10440 0.80817
v -0.54309 0.01462 0.63644
v -0.63795 0.04560 0.52097
v -0.53099 0.02979 0.51628
v -0.63694 0.04117 0.63923
v -0.70087 -0.02786 0.53116
v -0.63795 0.04560 0.52097
v -0.63694 0.04117 0.63923
v -0.72335 -0.01704 0.64392
v -0.70087 -0.02786 0.53116
v -0.54309 0.01462 0.63644
v -0.63694 0.04117 0.63923
v -0.63795 0.04560 0.52097
v -0.63411 0.07954 0.79966
v -0.56221 0.16970 0.75011
v -0.52001 0.07954 0.74950
v -0.55859 -0.01515 0.75304
v -0.52001 0.07954 0.74950
v -0.51710 0.07954 0.63300
v -0.55606 -0.01833 0.62887
v -0.51710 0.07954 0.63300
v -0.63411 0.07954 0.58549
v -0.55449 0.17938 0.62761
v -0.63411 0.07954 0.56150
v -0.63411 0.07954 0.58549
v -0.55449 0.17938 0.62761
v -0.63411 0.07954 0.58409
v -0.63411 0.07954 0.56150
v -0.73418 0.12773 0.63599
v -0.63411 0.07954 0.58077
v -0.63411 0.07954 0.58409
v -0.73847 0.02928 0.63359
v -0.63411 0.07954 0.56528
v -0.63411 0.07954 0.58077
v -0.73847 0.02928 0.63359
v -0.65912 -0.03004 0.63532
v -0.63411 0.07954 0.58827
v -0.73847 0.02928 0.63359
v -0.63411 0.07954 0.58827
v -0.63411 0.07954 0.56528
v -0.74093 0.13098 0.75175
v -0.74945 0.02400 0.75652
v -0.73847 0.02928 0.63359
v -0.63411 0.07954 0.80173
v -0.65982 -0.03314 0.75025
v -0.74945 0.02400 0.75652
v -0.63411 0.07954 0.80173
v -0.63411 0.07954 0.80780
v -0.65982 -0.03314 0.75025
v -0.63411 0.07954 0.80173
v -0.74945 0.02400 0.75652
v -0.74093 0.13098 0.75175
v -0.63411 0.07954 0.80248
v -0.63411 0.07954 0.80986
v -0.74093 0.13098 0.75175
v -0.63411 0.07954 0.80248
v -0.74093 0.13098 0.75175
v -0.65740 0.18161 0.74476
v -0.63411 0.07954 0.80173
v -0.74093 0.13098 0.75175
v -0.63411 0.07954 0.80986
v -0.65740 0.18161 0.74476
v -0.74093 0.13098 0.75175
v -0.73418 0.12773 0.63599
v -0.73847 0.02928 0.63359
v -0.63411 0.07954 0.58077
v -0.73418 0.12773 0.63599
v -0.65740 0.18161 0.74476
v -0.73418 0.12773 0.63599
v -0.66181 0.20093 0.62921
v -0.74093 0.13098 0.75175
v -0.73847 0.02928 0.63359
v -0.73418 0.12773 0.63599
v -0.73418 0.12773 0.63599
v -0.63411 0.07954 0.58409
v -0.66181 0.20093 0.62921
v -0.65740 0.18161 0.74476
v -0.66181 0.20093 0.62921
v -0.55449 0.17938 0.62761
v -0.55449 0.17938 0.62761
v -0.66181 0.20093 0.62921
v -0.63411 0.07954 0.58409
v -0.55606 -0.01833 0.62887
v -0.63411 0.07954 0.58549
v -0.63411 0.07954 0.56612
v -0.55606 -0.01833 0.62887
v -0.63411 0.07954 0.58827
v -0.65912 -0.03004 0.63532
v -0.55606 -0.01833 0.62887
v -0.63411 0.07954 0.56612
v -0.63411 0.07954 0.58827
v -0.55449 0.17938 0.62761
v -0.63411 0.07954 0.58549
v -0.51710 0.07954 0.63300
v -0.55859 -0.01515 0.75304
v -0.51710 0.07954 0.63300
v -0.55606 -0.01833 0.62887
v -0.63411 0.07954 0.80780
v -0.63411 0.07954 0.81958
v -0.55859 -0.01515 0.75304
v -0.63411 0.07954 0.80780
v -0.55859 -0.01515 0.75304
v -0.65982 -0.03314 0.75025
v -0.56221 0.16970 0.75011
v -0.51710 0.07954 0.63300
v -0.52001 0.07954 0.74950
v -0.63411 0.07954 0.80248
v -0.65740 0.18161 0.74476
v -0.56221 0.16970 0.75011
v -0.56221 0.16970 0.75011
v -0.55449 0.17938 0.62761
v -0.51710 0.07954 0.63300
v -0.65740 0.18161 0.74476
v -0.55449 0.17938 0.62761
v -0.56221 0.16970 0.75011
v -0.63411 0.07954 0.80248
v -0.56221 0.16970 0.75011
v -0.63411 0.07954 0.81482
v -0.63411 0.07954 0.79966
v -0.55859 -0.01515 0.75304
v -0.63411 0.07954 0.81958
v -0.63411 0.07954 0.79966
v -0.63411 0.07954 0.81482
v -0.56221 0.16970 0.75011
v -0.63411 0.07954 0.79966
v -0.52001 0.07954 0.74950
v -0.55859 -0.01515 0.75304
v -0.01098 0.38420 0.47294
v -0.01014 0.25991 0.32853
v -0.03488 0.39571 0.31469
v -0.01098 0.38420 0.47294
v -0.01548 0.25734 0.47546
v -0.01014 0.25991 0.32853
v -0.47857 0.38197 0.49320
v -0.40137 0.47877 0.40887
v -0.33710 0.38197 0.41777
v -0.33710 0.38197 0.41777
v -0.33021 0.38197 0.27167
v -0.39397 0.27589 0.27806
v -0.50884 0.24938 0.27790
v -0.39397 0.27589 0.27806
v -0.47857 0.38197 0.22320
v -0.50884 0.24938 0.27790
v -0.47857 0.38197 0.22320
v -0.47857 0.38197 0.19535
v -0.50884 0.24938 0.27790
v -0.47857 0.38197 0.20346
v -0.60564 0.32078 0.27536
v -0.61345 0.44692 0.42192
v -0.61630 0.31564 0.42352
v -0.60564 0.32078 0.27536
v -0.47857 0.38197 0.47161
v -0.51178 0.23647 0.42169
v -0.61630 0.31564 0.42352
v -0.47857 0.38197 0.46897
v -0.39607 0.27851 0.41317
v -0.51178 0.23647 0.42169
v -0.47857 0.38197 0.46897
v -0.51178 0.23647 0.42169
v -0.47857 0.38197 0.47161
v -0.47857 0.38197 0.47161
v -0.61630 0.31564 0.42352
v -0.47857 0.38197 0.47418
v -0.47857 0.38197 0.47418
v -0.61630 0.31564 0.42352
v -0.61345 0.44692 0.42192
v -0.50674 0.50538 0.41027
v -0.61345 0.44692 0.42192
v -0.61019 0.44535 0.27282
v -0.61019 0.44535 0.27282
v -0.47857 0.38197 0.22281
v -0.51359 0.53539 0.26713
v -0.39735 0.48381 0.28079
v -0.51359 0.53539 0.26713
v -0.47857 0.38197 0.22281
v -0.39735 0.48381 0.28079
v -0.47857 0.38197 0.18942
v -0.47857 0.38197 0.20305
v -0.39735 0.48381 0.28079
v -0.47857 0.38197 0.22281
v -0.47857 0.38197 0.18942
v -0.61019 0.44535 0.27282
v -0.47857 0.38197 0.20291
v -0.47857 0.38197 0.22281
v -0.50674 0.50538 0.41027
v -0.61019 0.44535 0.27282
v -0.51359 0.53539 0.26713
v -0.50674 0.50538 0.41027
v -0.51359 0.53539 0.26713
v -0.39735 0.48381 0.28079
v -0.47857 0.38197 0.48563
v -0.50674 0.50538 0.41027
v -0.47857 0.38197 0.49083
v -0.47857 0.38197 0.48563
v -0.61345 0.44692 0.42192
v -0.50674 0.50538 0.41027
v -0.47857 0.38197 0.47418
v -0.61345 0.44692 0.42192
v -0.47857 0.38197 0.48563
v -0.61345 0.44692 0.42192
v -0.60564 0.32078 0.27536
v -0.61019 0.44535 0.27282
v -0.61019 0.44535 0.27282
v -0.60564 0.32078 0.27536
v -0.47857 0.38197 0.20346
v -0.61019 0.44535 0.27282
v -0.47857 0.38197 0.20346
v -0.47857 0.38197 0.20291
v -0.61630 0.31564 0.42352
v -0.51178 0.23647 0.42169
v -0.50884 0.24938 0.27790
v -0.50884 0.24938 0.27790
v -0.47857 0.38197 0.19535
v -0.47857 0.38197 0.20346
v -0.61630 0.31564 0.42352
v -0.50884 0.24938 0.27790
v -0.60564 0.32078 0.27536
v -0.39607 0.27851 0.41317
v -0.50884 0.24938 0.27790
v -0.51178 0.23647 0.42169
v -0.39607 0.27851 0.41317
v -0.39397 0.27589 0.27806
v -0.50884 0.24938 0.27790
v -0.39735 0.48381 0.28079
v -0.47857 0.38197 0.20305
v -0.33021 0.38197 0.27167
v -0.33021 0.38197 0.27167
v -0.47857 0.38197 0.22320
v -0.39397 0.27589 0.27806
v -0.33021 0.38197 0.27167
v -0.47857 0.38197 0.20305
v -0.47857 0.38197 0.22320
v -0.47857 0.38197 0.46897
v -0.33710 0.38197 0.41777
v -0.39607 0.27851 0.41317
v -0.33710 0.38197 0.41777
v -0.39397 0.27589 0.27806
v -0.39607 0.27851 0.41317
v -0.33710 0.38197 0.41777
v -0.39735 0.48381 0.28079
v -0.33021 0.38197 0.27167
v -0.47857 0.38197 0.49083
v -0.50674 0.50538 0.41027
v -0.40137 0.47877 0.40887
v -0.33710 0.38197 0.41777
v -0.40137 0.47877 0.40887
v -0.39735 0.48381 0.28079
v -0.50674 0.50538 0.41027
v -0.39735 0.48381 0.28079
v -0.40137 0.47877 0.40887
v -0.47857 0.38197 0.49083
v -0.40137 0.47877 0.40887
v -0.47857 0.38197 0.49471
v -0.47857 0.38197 0.49320
v -0.47857 0.38197 0.49471
v -0.40137 0.47877 0.40887
v -0.47857 0.38197 0.46897
v -0.47857 0.38197 0.49320
v -0.33710 0.38197 0.41777
v -0.47619 0.32963 0.50527
v -0.33272 0.32963 0.45621
v -0.47619 0.32963 0.53324
v -0.39798 0.23155 0.44712
v -0.33272 0.32963 0.45621
v -0.34184 0.32963 0.31615
v -0.39522 0.43117 0.44935
v -0.40111 0.42379 0.32317
v -0.34184 0.32963 0.31615
v -0.40111 0.42379 0.32317
v -0.47619 0.32963 0.25530
v -0.47619 0.32963 0.24872
v -0.61178 0.39493 0.30801
v -0.47619 0.32963 0.23810
v -0.47619 0.32963 0.25530
v -0.61178 0.39493 0.30801
v -0.47619 0.32963 0.25914
v -0.47619 0.32963 0.23810
v -0.50331 0.21084 0.32246
v -0.47619 0.32963 0.24186
v -0.47619 0.32963 0.25914
v -0.50331 0.21084 0.32246
v -0.47619 0.32963 0.24205
v -0.47619 0.32963 0.24186
v -0.37781 0.20626 0.30434
v -0.47619 0.32963 0.25324
v -0.47619 0.32963 0.24205
v -0.59185 0.27393 0.44859
v -0.51012 0.18097 0.46075
v -0.50331 0.21084 0.32246
v -0.47619 0.32963 0.52555
v -0.47619 0.32963 0.53321
v -0.51012 0.18097 0.46075
v -0.47619 0.32963 0.50831
v -0.51012 0.18097 0.46075
v -0.47619 0.32963 0.53321
v -0.47619 0.32963 0.51983
v -0.47619 0.32963 0.52555
v -0.59185 0.27393 0.44859
v -0.47619 0.32963 0.51983
v -0.59796 0.38827 0.45201
v -0.51125 0.48321 0.46329
v -0.59796 0.38827 0.45201
v -0.51080 0.48127 0.30547
v -0.51125 0.48321 0.46329
v -0.47619 0.32963 0.51983
v -0.51125 0.48321 0.46329
v -0.47619 0.32963 0.52575
v -0.59796 0.38827 0.45201
v -0.59185 0.27393 0.44859
v -0.58953 0.27505 0.32047
v -0.47619 0.32963 0.51983
v -0.59185 0.27393 0.44859
v -0.59796 0.38827 0.45201
v -0.47619 0.32963 0.52555
v -0.51012 0.18097 0.46075
v -0.59185 0.27393 0.44859
v -0.50331 0.21084 0.32246
v -0.37781 0.20626 0.30434
v -0.47619 0.32963 0.24205
v -0.59185 0.27393 0.44859
v -0.50331 0.21084 0.32246
v -0.58953 0.27505 0.32047
v -0.50331 0.21084 0.32246
v -0.47619 0.32963 0.25914
v -0.58953 0.27505 0.32047
v -0.61178 0.39493 0.30801
v -0.58953 0.27505 0.32047
v -0.47619 0.32963 0.25914
v -0.59796 0.38827 0.45201
v -0.61178 0.39493 0.30801
v -0.51080 0.48127 0.30547
v -0.59796 0.38827 0.45201
v -0.58953 0.27505 0.32047
v -0.61178 0.39493 0.30801
v -0.61178 0.39493 0.30801
v -0.47619 0.32963 0.25530
v -0.51080 0.48127 0.30547
v -0.51125 0.48321 0.46329
v -0.51080 0.48127 0.30547
v -0.40111 0.42379 0.32317
v -0.40111 0.42379 0.32317
v -0.47619 0.32963 0.24872
v -0.47619 0.32963 0.25324
v -0.40111 0.42379 0.32317
v -0.51080 0.48127 0.30547
v -0.47619 0.32963 0.25530
v -0.51125 0.48321 0.46329
v -0.40111 0.42379 0.32317
v -0.39522 0.43117 0.44935
v -0.37781 0.20626 0.30434
v -0.34184 0.32963 0.31615
v -0.47619 0.32963 0.25324
v -0.40111 0.42379 0.32317
v -0.47619 0.32963 0.25324
v -0.34184 0.32963 0.31615
v -0.39798 0.23155 0.44712
v -0.34184 0.32963 0.31615
v -0.37781 0.20626 0.30434
v -0.39798 0.23155 0.44712
v -0.50331 0.21084 0.32246
v -0.51012 0.18097 0.46075
v -0.39798 0.23155 0.44712
v -0.37781 0.20626 0.30434
v -0.50331 0.21084 0.32246
v -0.47619 0.32963 0.50831
v -0.39798 0.23155 0.44712
v -0.51012 0.18097 0.46075
v -0.47619 0.32963 0.50831
v -0.33272 0.32963 0.45621
v -0.39798 0.23155 0.44712
v -0.39522 0.43117 0.44935
v -0.34184 0.32963 0.31615
v -0.33272 0.32963 0.45621
v -0.47619 0.32963 0.50831
v -0.47619 0.32963 0.53324
v -0.33272 0.32963 0.45621
v -0.47619 0.32963 0.50527
v -0.47619 0.32963 0.52575
v -0.51125 0.48321 0.46329
v -0.47619 0.32963 0.50527
v -0.39522 0.43117 0.44935
v -0.33272 0.32963 0.45621
v -0.47619 0.32963 0.50527
v -0.51125 0.48321 0.46329
v -0.39522 0.43117 0.44935
v -0.48708 0.33855 0.52228
v -0.39236 0.45732 0.47669
v -0.33874 0.33855 0.47489
v -0.33874 0.33855 0.47489
v -0.40715 0.23831 0.33548
v -0.39552 0.22372 0.47415
v -0.48708 0.33855 0.52993
v -0.39552 0.22372 0.47415
v -0.52177 0.18657 0.47869
v -0.48708 0.33855 0.53474
v -0.48708 0.33855 0.54251
v -0.52177 0.18657 0.47869
v -0.48708 0.33855 0.53011
v -0.48708 0.33855 0.53474
v -0.59721 0.28552 0.46173
v -0.59721 0.28552 0.46173
v -0.52172 0.18681 0.32165
v -0.62895 0.27023 0.32073
v -0.62895 0.27023 0.32073
v -0.48708 0.33855 0.25590
v -0.48708 0.33855 0.24589
v -0.62895 0.27023 0.32073
v -0.48708 0.33855 0.25904
v -0.60673 0.39616 0.33317
v -0.60673 0.39616 0.33317
v -0.48708 0.33855 0.27123
v -0.52094 0.48688 0.32341
v -0.51548 0.46294 0.46443
v -0.52094 0.48688 0.32341
v -0.39453 0.45460 0.32528
v -0.33437 0.33855 0.32312
v -0.39453 0.45460 0.32528
v -0.48708 0.33855 0.25978
v -0.33437 0.33855 0.32312
v -0.48708 0.33855 0.25978
v -0.48708 0.33855 0.24973
v -0.33437 0.33855 0.32312
v -0.48708 0.33855 0.24973
v -0.48708 0.33855 0.25414
v -0.48708 0.33855 0.54610
v -0.48708 0.33855 0.55077
v -0.51548 0.46294 0.46443
v -0.39453 0.45460 0.32528
v -0.52094 0.48688 0.32341
v -0.48708 0.33855 0.27123
v -0.39453 0.45460 0.32528
v -0.48708 0.33855 0.27123
v -0.48708 0.33855 0.25978
v -0.51548 0.46294 0.46443
v -0.62157 0.40331 0.47536
v -0.60673 0.39616 0.33317
v -0.51548 0.46294 0.46443
v -0.60673 0.39616 0.33317
v -0.52094 0.48688 0.32341
v -0.60673 0.39616 0.33317
v -0.48708 0.33855 0.25904
v -0.48708 0.33855 0.27123
v -0.62895 0.27023 0.32073
v -0.48708 0.33855 0.24589
v -0.48708 0.33855 0.25904
v -0.62895 0.27023 0.32073
v -0.52172 0.18681 0.32165
v -0.48708 0.33855 0.25590
v -0.59721 0.28552 0.46173
v -0.60673 0.39616 0.33317
v -0.62157 0.40331 0.47536
v -0.59721 0.28552 0.46173
v -0.62895 0.27023 0.32073
v -0.60673 0.39616 0.33317
v -0.48708 0.33855 0.53011
v -0.62157 0.40331 0.47536
v -0.51548 0.46294 0.46443
v -0.48708 0.33855 0.53011
v -0.59721 0.28552 0.46173
v -0.62157 0.40331 0.47536
v -0.48708 0.33855 0.53011
v -0.51548 0.46294 0.46443
v -0.48708 0.33855 0.55077
v -0.59721 0.28552 0.46173
v -0.52177 0.18657 0.47869
v -0.52172 0.18681 0.32165
v -0.48708 0.33855 0.53474
v -0.52177 0.18657 0.47869
v -0.59721 0.28552 0.46173
v -0.48708 0.33855 0.52993
v -0.52177 0.18657 0.47869
v -0.48708 0.33855 0.54251
v -0.40715 0.23831 0.33548
v -0.48708 0.33855 0.25590
v -0.52172 0.18681 0.32165
v -0.52177 0.18657 0.47869
v -0.39552 0.22372 0.47415
v -0.40715 0.23831 0.33548
v -0.40715 0.23831 0.33548
v -0.48708 0.33855 0.25414
v -0.48708 0.33855 0.25590
v -0.33437 0.33855 0.32312
v -0.48708 0.33855 0.25414
v -0.40715 0.23831 0.33548
v -0.52177 0.18657 0.47869
v -0.40715 0.23831 0.33548
v -0.52172 0.18681 0.32165
v -0.33874 0.33855 0.47489
v -0.39453 0.45460 0.32528
v -0.33437 0.33855 0.32312
v -0.33874 0.33855 0.47489
v -0.33437 0.33855 0.32312
v -0.40715 0.23831 0.33548
v -0.33874 0.33855 0.47489
v -0.39236 0.45732 0.47669
v -0.39453 0.45460 0.32528
v -0.51548 0.46294 0.46443
v -0.39453 0.45460 0.32528
v -0.39236 0.45732 0.47669
v -0.48708 0.33855 0.54610
v -0.51548 0.46294 0.46443
v -0.39236 0.45732 0.47669
v -0.48708 0.33855 0.52228
v -0.39552 0.22372 0.47415
v -0.48708 0.33855 0.52993
v -0.48708 0.33855 0.52228
v -0.48708 0.33855 0.54610
v -0.39236 0.45732 0.47669
v -0.48708 0.33855 0.52228
v -0.33874 0.33855 0.47489
v -0.39552 0.22372 0.47415
v -0.24993 0.37280 0.51441
v -0.15966 0.48600 0.45035
v -0.10197 0.37280 0.45195
v -0.15195 0.24993 0.45658
v -0.10197 0.37280 0.45195
v -0.10935 0.37280 0.30649
v -0.15525 0.25407 0.30080
v -0.10935 0.37280 0.30649
v -0.24993 0.37280 0.25417
v -0.16778 0.47581 0.31093
v -0.24993 0.37280 0.23197
v -0.24993 0.37280 0.25417
v -0.27963 0.50292 0.31007
v -0.24993 0.37280 0.22798
v -0.24993 0.37280 0.23197
v -0.38628 0.43846 0.30107
v -0.24993 0.37280 0.22613
v -0.24993 0.37280 0.22798
v -0.38628 0.43846 0.30107
v -0.24993 0.37280 0.24411
v -0.24993 0.37280 0.22613
v -0.28368 0.22496 0.30091
v -0.24993 0.37280 0.24022
v -0.24993 0.37280 0.24411
v -0.28368 0.22496 0.30091
v -0.24993 0.37280 0.24495
v -0.24993 0.37280 0.24022
v -0.27708 0.25387 0.43885
v -0.28368 0.22496 0.30091
v -0.37820 0.31103 0.30559
v -0.37786 0.43440 0.44893
v -0.38367 0.30839 0.45218
v -0.37820 0.31103 0.30559
v -0.24993 0.37280 0.51341
v -0.24993 0.37280 0.51581
v -0.38367 0.30839 0.45218
v -0.24993 0.37280 0.51341
v -0.28017 0.50529 0.44586
v -0.24993 0.37280 0.52563
v -0.24993 0.37280 0.51793
v -0.24993 0.37280 0.52563
v -0.28017 0.50529 0.44586
v -0.24993 0.37280 0.51200
v -0.38367 0.30839 0.45218
v -0.24993 0.37280 0.51581
v -0.24993 0.37280 0.51341
v -0.37786 0.43440 0.44893
v -0.28017 0.50529 0.44586
v -0.24993 0.37280 0.51341
v -0.38367 0.30839 0.45218
v -0.37786 0.43440 0.44893
v -0.27708 0.25387 0.43885
v -0.37820 0.31103 0.30559
v -0.38367 0.30839 0.45218
v -0.24993 0.37280 0.51200
v -0.27708 0.25387 0.43885
v -0.38367 0.30839 0.45218
v -0.28368 0.22496 0.30091
v -0.24993 0.37280 0.24411
v -0.37820 0.31103 0.30559
v -0.38628 0.43846 0.30107
v -0.37820 0.31103 0.30559
v -0.24993 0.37280 0.24411
v -0.37786 0.43440 0.44893
v -0.37820 0.31103 0.30559
v -0.38628 0.43846 0.30107
v -0.37786 0.43440 0.44893
v -0.38628 0.43846 0.30107
v -0.27963 0.50292 0.31007
v -0.38628 0.43846 0.30107
v -0.24993 0.37280 0.22798
v -0.27963 0.50292 0.31007
v -0.37786 0.43440 0.44893
v -0.27963 0.50292 0.31007
v -0.28017 0.50529 0.44586
v -0.28017 0.50529 0.44586
v -0.27963 0.50292 0.31007
v -0.16778 0.47581 0.31093
v -0.27963 0.50292 0.31007
v -0.24993 0.37280 0.23197
v -0.16778 0.47581 0.31093
v -0.15525 0.25407 0.30080
v -0.24993 0.37280 0.25417
v -0.24993 0.37280 0.24495
v -0.28368 0.22496 0.30091
v -0.15525 0.25407 0.30080
v -0.24993 0.37280 0.24495
v -0.27708 0.25387 0.43885
v -0.15525 0.25407 0.30080
v -0.28368 0.22496 0.30091
v -0.16778 0.47581 0.31093
v -0.24993 0.37280 0.25417
v -0.10935 0.37280 0.30649
v -0.15195 0.24993 0.45658
v -0.10935 0.37280 0.30649
v -0.15525 0.25407 0.30080
v -0.24993 0.37280 0.51200
v -0.24993 0.37280 0.51066
v -0.15195 0.24993 0.45658
v -0.27708 0.25387 0.43885
v -0.15195 0.24993 0.45658
v -0.15525 0.25407 0.30080
v -0.24993 0.37280 0.51200
v -0.15195 0.24993 0.45658
v -0.27708 0.25387 0.43885
v -0.24993 0.37280 0.51066
v -0.10197 0.37280 0.45195
v -0.15195 0.24993 0.45658
v -0.10197 0.37280 0.45195
v -0.16778 0.47581 0.31093
v -0.10935 0.37280 0.30649
v -0.10197 0.37280 0.45195
v -0.15966 0.48600 0.45035
v -0.16778 0.47581 0.31093
v -0.28017 0.50529 0.44586
v -0.16778 0.47581 0.31093
v -0.15966 0.48600 0.45035
v -0.24993 0.37280 0.51793
v -0.28017 0.50529 0.44586
v -0.15966 0.48600 0.45035
v -0.24993 0.37280 0.51441
v -0.24993 0.37280 0.51793
v -0.15966 0.48600 0.45035
v -0.24993 0.37280 0.51066
v -0.24993 0.37280 0.51441
v -0.10197 0.37280 0.45195
v -0.24585 0.37082 0.57456
v -0.09510 0.37082 0.51782
v -0.24585 0.37082 0.59334
v -0.09510 0.37082 0.51782
v -0.09428 0.37082 0.36542
v -0.16610 0.27081 0.37735
v -0.16610 0.27081 0.37735
v -0.24585 0.37082 0.30534
v -0.27551 0.24085 0.37462
v -0.35715 0.31722 0.50410
v -0.27804 0.22976 0.51476
v -0.27551 0.24085 0.37462
v -0.24585 0.37082 0.56944
v -0.15915 0.26211 0.51192
v -0.27804 0.22976 0.51476
v -0.24585 0.37082 0.56944
v -0.27804 0.22976 0.51476
v -0.24585 0.37082 0.57016
v -0.35715 0.31722 0.50410
v -0.37755 0.43425 0.36813
v -0.37896 0.43492 0.51631
v -0.24585 0.37082 0.57441
v -0.24585 0.37082 0.59900
v -0.37896 0.43492 0.51631
v -0.24585 0.37082 0.57441
v -0.27815 0.51235 0.51501
v -0.15103 0.48971 0.51849
v -0.27815 0.51235 0.51501
v -0.16573 0.47128 0.37705
v -0.15103 0.48971 0.51849
v -0.16573 0.47128 0.37705
v -0.24585 0.37082 0.30275
v -0.24585 0.37082 0.29092
v -0.28052 0.52275 0.36326
v -0.24585 0.37082 0.30354
v -0.24585 0.37082 0.30275
v -0.35691 0.31733 0.37968
v -0.24585 0.37082 0.30214
v -0.24585 0.37082 0.30354
v -0.16573 0.47128 0.37705
v -0.28052 0.52275 0.36326
v -0.24585 0.37082 0.30275
v -0.27815 0.51235 0.51501
v -0.28052 0.52275 0.36326
v -0.16573 0.47128 0.37705
v -0.24585 0.37082 0.57441
v -0.37896 0.43492 0.51631
v -0.27815 0.51235 0.51501
v -0.24585 0.37082 0.58205
v -0.37896 0.43492 0.51631
v -0.24585 0.37082 0.59900
v -0.27815 0.51235 0.51501
v -0.37896 0.43492 0.51631
v -0.37755 0.43425 0.36813
v -0.28052 0.52275 0.36326
v -0.37755 0.43425 0.36813
v -0.24585 0.37082 0.30354
v -0.35691 0.31733 0.37968
v -0.24585 0.37082 0.30354
v -0.37755 0.43425 0.36813
v -0.27815 0.51235 0.51501
v -0.37755 0.43425 0.36813
v -0.28052 0.52275 0.36326
v -0.24585 0.37082 0.57016
v -0.27804 0.22976 0.51476
v -0.35715 0.31722 0.50410
v -0.35715 0.31722 0.50410
v -0.35691 0.31733 0.37968
v -0.37755 0.43425 0.36813
v -0.24585 0.37082 0.58205
v -0.35715 0.31722 0.50410
v -0.37896 0.43492 0.51631
v -0.24585 0.37082 0.57016
v -0.35715 0.31722 0.50410
v -0.24585 0.37082 0.58205
v -0.35715 0.31722 0.50410
v -0.27551 0.24085 0.37462
v -0.35691 0.31733 0.37968
v -0.15915 0.26211 0.51192
v -0.27551 0.24085 0.37462
v -0.27804 0.22976 0.51476
v -0.35691 0.31733 0.37968
v -0.27551 0.24085 0.37462
v -0.24585 0.37082 0.30534
v -0.35691 0.31733 0.37968
v -0.24585 0.37082 0.30534
v -0.24585 0.37082 0.30214
v -0.16610 0.27081 0.37735
v -0.24585 0.37082 0.30093
v -0.24585 0.37082 0.30534
v -0.15915 0.26211 0.51192
v -0.16610 0.27081 0.37735
v -0.27551 0.24085 0.37462
v -0.09428 0.37082 0.36542
v -0.16573 0.47128 0.37705
v -0.24585 0.37082 0.29092
v -0.09428 0.37082 0.36542
v -0.24585 0.37082 0.30093
v -0.16610 0.27081 0.37735
v -0.09428 0.37082 0.36542
v -0.24585 0.37082 0.29092
v -0.24585 0.37082 0.29020
v -0.09428 0.37082 0.36542
v -0.24585 0.37082 0.29020
v -0.24585 0.37082 0.30093
v -0.24585 0.37082 0.56944
v -0.09510 0.37082 0.51782
v -0.15915 0.26211 0.51192
v -0.09510 0.37082 0.51782
v -0.15103 0.48971 0.51849
v -0.16573 0.47128 0.37705
v -0.09510 0.37082 0.51782
v -0.16610 0.27081 0.37735
v -0.15915 0.26211 0.51192
v -0.09510 0.37082 0.51782
v -0.16573 0.47128 0.37705
v -0.09428 0.37082 0.36542
v -0.24585 0.37082 0.56944
v -0.24585 0.37082 0.59334
v -0.09510 0.37082 0.51782
v -0.24585 0.37082 0.57441
v -0.15103 0.48971 0.51849
v -0.24585 0.37082 0.57456
v -0.24585 0.37082 0.57456
v -0.15103 0.48971 0.51849
v -0.09510 0.37082 0.51782
v -0.11289 -0.29127 0.59965
v 0.02315 -0.29127 0.52815
v -0.11289 -0.29127 0.60636
v -0.11289 -0.29127 0.60636
v -0.01720 -0.41126 0.53693
v -0.11289 -0.29127 0.60728
v -0.11289 -0.29127 0.60728
v -0.14924 -0.45052 0.54191
v -0.11289 -0.29127 0.62162
v -0.11289 -0.29127 0.62162
v -0.25432 -0.35939 0.53870
v -0.11289 -0.29127 0.62390
v -0.25432 -0.35939 0.53870
v -0.14965 -0.45232 0.37630
v -0.26276 -0.36345 0.37571
v -0.26276 -0.36345 0.37571
v -0.11289 -0.29127 0.32295
v -0.11289 -0.29127 0.30573
v -0.25976 -0.22055 0.37739
v -0.11289 -0.29127 0.30573
v -0.11289 -0.29127 0.28295
v -0.25976 -0.22055 0.37739
v -0.11289 -0.29127 0.29509
v -0.14509 -0.15018 0.38661
v -0.14509 -0.15018 0.38661
v -0.11289 -0.29127 0.30639
v -0.02566 -0.18189 0.38904
v -0.14575 -0.14728 0.53402
v -0.02566 -0.18189 0.38904
v -0.00814 -0.15993 0.54426
v -0.11289 -0.29127 0.59869
v -0.25118 -0.22468 0.53694
v -0.14575 -0.14728 0.53402
v -0.11289 -0.29127 0.59869
v -0.14575 -0.14728 0.53402
v -0.11289 -0.29127 0.61183
v 0.05953 -0.29127 0.37265
v -0.02566 -0.18189 0.38904
v -0.11289 -0.29127 0.30639
v 0.05953 -0.29127 0.37265
v -0.11289 -0.29127 0.31079
v -0.01541 -0.41351 0.38075
v 0.05953 -0.29127 0.37265
v -0.11289 -0.29127 0.29023
v -0.11289 -0.29127 0.31079
v 0.05953 -0.29127 0.37265
v -0.11289 -0.29127 0.30639
v -0.11289 -0.29127 0.29023
v -0.14575 -0.14728 0.53402
v -0.14509 -0.15018 0.38661
v -0.02566 -0.18189 0.38904
v -0.25118 -0.22468 0.53694
v -0.14509 -0.15018 0.38661
v -0.14575 -0.14728 0.53402
v -0.14509 -0.15018 0.38661
v -0.11289 -0.29127 0.29509
v -0.11289 -0.29127 0.30639
v -0.25976 -0.22055 0.37739
v -0.11289 -0.29127 0.28295
v -0.11289 -0.29127 0.29509
v -0.25118 -0.22468 0.53694
v -0.25976 -0.22055 0.37739
v -0.14509 -0.15018 0.38661
v -0.01541 -0.41351 0.38075
v -0.11289 -0.29127 0.31079
v -0.11289 -0.29127 0.32295
v -0.25976 -0.22055 0.37739
v -0.26276 -0.36345 0.37571
v -0.11289 -0.29127 0.30573
v -0.26276 -0.36345 0.37571
v -0.14965 -0.45232 0.37630
v -0.11289 -0.29127 0.32295
v -0.01541 -0.41351 0.38075
v -0.11289 -0.29127 0.32295
v -0.14965 -0.45232 0.37630
v -0.25432 -0.35939 0.53870
v -0.25976 -0.22055 0.37739
v -0.25118 -0.22468 0.53694
v -0.11289 -0.29127 0.59869
v -0.11289 -0.29127 0.62390
v -0.25432 -0.35939 0.53870
v -0.25432 -0.35939 0.53870
v -0.26276 -0.36345 0.37571
v -0.25976 -0.22055 0.37739
v -0.11289 -0.29127 0.59869
v -0.25432 -0.35939 0.53870
v -0.25118 -0.22468 0.53694
v -0.25432 -0.35939 0.53870
v -0.14924 -0.45052 0.54191
v -0.14965 -0.45232 0.37630
v -0.11289 -0.29127 0.62162
v -0.14924 -0.45052 0.54191
v -0.25432 -0.35939 0.53870
v -0.01720 -0.41126 0.53693
v -0.14965 -0.45232 0.37630
v -0.14924 -0.45052 0.54191
v -0.01720 -0.41126 0.53693
v -0.01541 -0.41351 0.38075
v -0.14965 -0.45232 0.37630
v -0.11289 -0.29127 0.60728
v -0.01720 -0.41126 0.53693
v -0.14924 -0.45052 0.54191
v -0.11289 -0.29127 0.60636
v 0.02315 -0.29127 0.52815
v -0.01720 -0.41126 0.53693
v -0.11289 -0.29127 0.59965
v -0.11289 -0.29127 0.61183
v -0.14575 -0.14728 0.53402
v -0.11289 -0.29127 0.59965
v -0.00814 -0.15993 0.54426
v 0.02315 -0.29127 0.52815
v -0.11289 -0.29127 0.59965
v -0.14575 -0.14728 0.53402
v -0.00814 -0.15993 0.54426
v -0.04867 -0.18082 0.58250
v 0.04058 -0.06891 0.49301
v -0.04867 -0.18082 0.58585
v 0.04058 -0.06891 0.49301
v -0.08521 -0.02070 0.33806
v 0.05533 -0.05042 0.33677
v -0.08521 -0.02070 0.33806
v -0.04867 -0.18082 0.25911
v -0.04867 -0.18082 0.25128
v -0.17692 -0.24259 0.34909
v -0.04867 -0.18082 0.25857
v -0.04867 -0.18082 0.25911
v -0.08444 -0.33757 0.33980
v -0.04867 -0.18082 0.25592
v -0.04867 -0.18082 0.25857
v -0.08444 -0.33757 0.33980
v -0.04867 -0.18082 0.26087
v -0.04867 -0.18082 0.25592
v -0.08444 -0.33757 0.33980
v 0.03515 -0.28592 0.35309
v -0.04867 -0.18082 0.26087
v -0.08088 -0.32196 0.49383
v 0.05472 -0.31046 0.50444
v 0.03515 -0.28592 0.35309
v -0.04867 -0.18082 0.56414
v -0.04867 -0.18082 0.59784
v 0.05472 -0.31046 0.50444
v -0.04867 -0.18082 0.56414
v -0.18591 -0.24692 0.49764
v -0.04867 -0.18082 0.59638
v -0.04867 -0.18082 0.57372
v -0.04867 -0.18082 0.59638
v -0.18591 -0.24692 0.49764
v -0.04867 -0.18082 0.57372
v -0.18595 -0.11471 0.49767
v -0.08737 -0.01127 0.50853
v -0.04867 -0.18082 0.57372
v -0.18591 -0.24692 0.49764
v -0.18595 -0.11471 0.49767
v -0.04867 -0.18082 0.56414
v -0.08088 -0.32196 0.49383
v -0.18591 -0.24692 0.49764
v -0.04867 -0.18082 0.56414
v 0.05472 -0.31046 0.50444
v -0.08088 -0.32196 0.49383
v -0.08088 -0.32196 0.49383
v 0.03515 -0.28592 0.35309
v -0.08444 -0.33757 0.33980
v -0.08088 -0.32196 0.49383
v -0.08444 -0.33757 0.33980
v -0.17692 -0.24259 0.34909
v -0.18595 -0.11471 0.49767
v -0.18591 -0.24692 0.49764
v -0.17692 -0.24259 0.34909
v -0.08444 -0.33757 0.33980
v -0.04867 -0.18082 0.25857
v -0.17692 -0.24259 0.34909
v -0.18595 -0.11471 0.49767
v -0.17692 -0.24259 0.34909
v -0.19014 -0.11269 0.34169
v -0.08088 -0.32196 0.49383
v -0.17692 -0.24259 0.34909
v -0.18591 -0.24692 0.49764
v -0.17692 -0.24259 0.34909
v -0.04867 -0.18082 0.25911
v -0.19014 -0.11269 0.34169
v -0.08521 -0.02070 0.33806
v -0.04867 -0.18082 0.26134
v 0.05533 -0.05042 0.33677
v -0.18595 -0.11471 0.49767
v -0.19014 -0.11269 0.34169
v -0.08521 -0.02070 0.33806
v -0.08521 -0.02070 0.33806
v -0.04867 -0.18082 0.25128
v -0.04867 -0.18082 0.26134
v -0.08521 -0.02070 0.33806
v -0.19014 -0.11269 0.34169
v -0.04867 -0.18082 0.25911
v -0.18595 -0.11471 0.49767
v -0.08521 -0.02070 0.33806
v -0.08737 -0.01127 0.50853
v 0.04058 -0.06891 0.49301
v -0.08737 -0.01127 0.50853
v -0.08521 -0.02070 0.33806
v -0.04867 -0.18082 0.57372
v -0.08737 -0.01127 0.50853
v -0.04867 -0.18082 0.58250
v -0.04867 -0.18082 0.58250
v -0.08737 -0.01127 0.50853
v 0.04058 -0.06891 0.49301
v -0.13775 -0.30836 0.63500
v 0.00517 -0.30836 0.56837
v -0.13775 -0.30836 0.64677
v -0.13775 -0.30836 0.64677
v -0.03209 -0.44086 0.58176
v -0.13775 -0.30836 0.65147
v -0.13775 -0.30836 0.65147
v -0.17377 -0.46618 0.57793
v -0.13775 -0.30836 0.65699
v -0.13775 -0.30836 0.63343
v -0.13775 -0.30836 0.65699
v -0.17377 -0.46618 0.57793
v -0.13775 -0.30836 0.63343
v -0.26085 -0.36764 0.56520
v -0.27308 -0.24319 0.57204
v -0.27308 -0.24319 0.57204
v -0.27421 -0.37408 0.41997
v -0.29082 -0.23465 0.41068
v -0.16856 -0.17339 0.42653
v -0.29082 -0.23465 0.41068
v -0.13775 -0.30836 0.35189
v -0.16856 -0.17339 0.42653
v -0.13775 -0.30836 0.35189
v -0.13775 -0.30836 0.33510
v -0.03884 -0.18432 0.41635
v -0.13775 -0.30836 0.33510
v -0.13775 -0.30836 0.33079
v 0.02958 -0.30836 0.41197
v -0.13775 -0.30836 0.33079
v -0.13775 -0.30836 0.32145
v 0.02958 -0.30836 0.41197
v -0.13775 -0.30836 0.32528
v -0.03705 -0.43464 0.41490
v -0.16927 -0.44645 0.42492
v -0.03705 -0.43464 0.41490
v -0.13775 -0.30836 0.32528
v -0.16927 -0.44645 0.42492
v -0.13775 -0.30836 0.32183
v -0.13775 -0.30836 0.33177
v -0.16927 -0.44645 0.42492
v -0.13775 -0.30836 0.32528
v -0.13775 -0.30836 0.32183
v 0.02958 -0.30836 0.41197
v -0.13775 -0.30836 0.32145
v -0.13775 -0.30836 0.32528
v 0.02958 -0.30836 0.41197
v -0.03884 -0.18432 0.41635
v -0.13775 -0.30836 0.33079
v -0.04329 -0.18990 0.57270
v -0.17098 -0.16277 0.57161
v -0.16856 -0.17339 0.42653
v -0.03884 -0.18432 0.41635
v -0.16856 -0.17339 0.42653
v -0.13775 -0.30836 0.33510
v -0.04329 -0.18990 0.57270
v -0.16856 -0.17339 0.42653
v -0.03884 -0.18432 0.41635
v -0.27421 -0.37408 0.41997
v -0.13775 -0.30836 0.35189
v -0.29082 -0.23465 0.41068
v -0.27421 -0.37408 0.41997
v -0.13775 -0.30836 0.33177
v -0.13775 -0.30836 0.35189
v -0.16927 -0.44645 0.42492
v -0.13775 -0.30836 0.33177
v -0.27421 -0.37408 0.41997
v -0.27308 -0.24319 0.57204
v -0.16856 -0.17339 0.42653
v -0.17098 -0.16277 0.57161
v -0.13775 -0.30836 0.65071
v -0.13775 -0.30836 0.66733
v -0.27308 -0.24319 0.57204
v -0.27308 -0.24319 0.57204
v -0.29082 -0.23465 0.41068
v -0.16856 -0.17339 0.42653
v -0.13775 -0.30836 0.65071
v -0.27308 -0.24319 0.57204
v -0.17098 -0.16277 0.57161
v -0.26085 -0.36764 0.56520
v -0.16927 -0.44645 0.42492
v -0.27421 -0.37408 0.41997
v -0.27308 -0.24319 0.57204
v -0.26085 -0.36764 0.56520
v -0.27421 -0.37408 0.41997
v -0.13775 -0.30836 0.63343
v -0.27308 -0.24319 0.57204
v -0.13775 -0.30836 0.66733
v -0.26085 -0.36764 0.56520
v -0.17377 -0.46618 0.57793
v -0.16927 -0.44645 0.42492
v -0.13775 -0.30836 0.63343
v -0.17377 -0.46618 0.57793
v -0.26085 -0.36764 0.56520
v -0.03209 -0.44086 0.58176
v -0.16927 -0.44645 0.42492
v -0.17377 -0.46618 0.57793
v -0.03209 -0.44086 0.58176
v -0.03705 -0.43464 0.41490
v -0.16927 -0.44645 0.42492
v -0.13775 -0.30836 0.65147
v -0.03209 -0.44086 0.58176
v -0.17377 -0.46618 0.57793
v 0.00517 -0.30836 0.56837
v -0.04329 -0.18990 0.57270
v -0.03884 -0.18432 0.41635
v 0.00517 -0.30836 0.56837
v -0.03705 -0.43464 0.41490
v -0.03209 -0.44086 0.58176
v 0.00517 -0.30836 0.56837
v -0.03884 -0.18432 0.41635
v 0.02958 -0.30836 0.41197
v 0.00517 -0.30836 0.56837
v 0.02958 -0.30836 0.41197
v -0.03705 -0.43464 0.41490
v -0.13775 -0.30836 0.64677
v 0.00517 -0.30836 0.56837
v -0.03209 -0.44086 0.58176
v -0.13775 -0.30836 0.63500
v -0.13775 -0.30836 0.65071
v -0.17098 -0.16277 0.57161
v -0.13775 -0.30836 0.63500
v -0.04329 -0.18990 0.57270
v 0.00517 -0.30836 0.56837
v -0.13775 -0.30836 0.63500
v -0.17098 -0.16277 0.57161
v -0.04329 -0.18990 0.57270
v -0.01937 -0.05555 0.70139
v -0.05499 0.10052 0.63861
v -0.01937 -0.05555 0.72052
v -0.01937 -0.05555 0.70139
v -0.01937 -0.05555 0.72320
v -0.16047 -0.12350 0.63686
v -0.01937 -0.05555 0.71043
v -0.05793 -0.22449 0.64527
v -0.16047 -0.12350 0.63686
v -0.01937 -0.05555 0.69555
v 0.08577 -0.18739 0.64292
v -0.05793 -0.22449 0.64527
v -0.05793 -0.22449 0.64527
v -0.05612 -0.21655 0.47466
v -0.14601 -0.11653 0.48706
v -0.14601 -0.11653 0.48706
v -0.01937 -0.05555 0.41830
v -0.15879 0.01159 0.47991
v -0.14601 -0.11653 0.48706
v -0.01937 -0.05555 0.40895
v -0.01937 -0.05555 0.41830
v -0.14064 0.00285 0.62577
v -0.14601 -0.11653 0.48706
v -0.15879 0.01159 0.47991
v -0.05612 -0.21655 0.47466
v -0.01937 -0.05555 0.38984
v -0.01937 -0.05555 0.38094
v -0.05612 -0.21655 0.47466
v -0.01937 -0.05555 0.40895
v -0.14601 -0.11653 0.48706
v -0.05612 -0.21655 0.47466
v 0.08192 -0.18256 0.47602
v -0.01937 -0.05555 0.38984
v -0.05612 -0.21655 0.47466
v -0.01937 -0.05555 0.38094
v -0.01937 -0.05555 0.40895
v -0.01937 -0.05555 0.69555
v -0.05793 -0.22449 0.64527
v -0.01937 -0.05555 0.71043
v -0.14064 0.00285 0.62577
v -0.16047 -0.12350 0.63686
v -0.14601 -0.11653 0.48706
v -0.05793 -0.22449 0.64527
v -0.14601 -0.11653 0.48706
v -0.16047 -0.12350 0.63686
v -0.01937 -0.05555 0.71043
v -0.16047 -0.12350 0.63686
v -0.01937 -0.05555 0.72320
v -0.01937 -0.05555 0.70139
v -0.14064 0.00285 0.62577
v -0.05499 0.10052 0.63861
v -0.01937 -0.05555 0.70139
v -0.16047 -0.12350 0.63686
v -0.14064 0.00285 0.62577
v -0.02509 -0.35087 0.72115
v 0.05943 -0.24488 0.63066
v -0.02509 -0.35087 0.72160
v -0.02509 -0.35087 0.72115
v -0.02509 -0.35087 0.73428
v -0.16999 -0.28108 0.64340
v -0.16999 -0.28108 0.64340
v -0.15281 -0.41237 0.49086
v -0.15792 -0.28690 0.48800
v -0.15792 -0.28690 0.48800
v -0.02509 -0.35087 0.42306
v -0.02509 -0.35087 0.41424
v -0.05774 -0.20780 0.48835
v -0.02509 -0.35087 0.41424
v -0.02509 -0.35087 0.38903
v -0.05774 -0.20780 0.48835
v -0.02509 -0.35087 0.40613
v 0.08232 -0.21618 0.47548
v -0.05774 -0.20780 0.48835
v -0.02509 -0.35087 0.38903
v -0.02509 -0.35087 0.40613
v -0.05623 -0.48731 0.49177
v -0.02509 -0.35087 0.39697
v -0.02509 -0.35087 0.42306
v -0.05623 -0.48731 0.49177
v -0.02509 -0.35087 0.39827
v -0.02509 -0.35087 0.39697
v -0.05623 -0.48731 0.49177
v 0.06337 -0.46179 0.49080
v -0.02509 -0.35087 0.39827
v -0.05774 -0.20780 0.48835
v -0.15792 -0.28690 0.48800
v -0.02509 -0.35087 0.41424
v -0.05841 -0.20490 0.63780
v -0.15792 -0.28690 0.48800
v -0.05774 -0.20780 0.48835
v -0.05538 -0.48356 0.63094
v -0.05623 -0.48731 0.49177
v -0.15281 -0.41237 0.49086
v -0.02509 -0.35087 0.72742
v -0.05538 -0.48356 0.63094
v -0.17276 -0.42198 0.64495
v -0.02509 -0.35087 0.72742
v -0.02509 -0.35087 0.73720
v 0.07755 -0.47958 0.64531
v -0.02509 -0.35087 0.72742
v -0.17276 -0.42198 0.64495
v -0.02509 -0.35087 0.72870
v -0.02509 -0.35087 0.72742
v 0.07755 -0.47958 0.64531
v -0.05538 -0.48356 0.63094
v -0.15792 -0.28690 0.48800
v -0.15281 -0.41237 0.49086
v -0.02509 -0.35087 0.42306
v -0.05623 -0.48731 0.49177
v -0.02509 -0.35087 0.42306
v -0.15281 -0.41237 0.49086
v -0.05538 -0.48356 0.63094
v -0.15281 -0.41237 0.49086
v -0.17276 -0.42198 0.64495
v -0.02509 -0.35087 0.72870
v -0.17276 -0.42198 0.64495
v -0.16999 -0.28108 0.64340
v -0.05841 -0.20490 0.63780
v -0.16999 -0.28108 0.64340
v -0.15792 -0.28690 0.48800
v -0.16999 -0.28108 0.64340
v -0.17276 -0.42198 0.64495
v -0.15281 -0.41237 0.49086
v -0.02509 -0.35087 0.72870
v -0.16999 -0.28108 0.64340
v -0.02509 -0.35087 0.73428
v -0.02509 -0.35087 0.72115
v -0.05841 -0.20490 0.63780
v 0.05943 -0.24488 0.63066
v -0.02509 -0.35087 0.72115
v -0.16999 -0.28108 0.64340
v -0.05841 -0.20490 0.63780
v -0.36588 -0.06100 0.46564
v -0.44542 0.00856 0.34300
v -0.45491 0.00399 0.46826
v -0.36588 -0.06100 0.46564
v -0.26114 -0.03647 0.46529
v -0.25553 -0.04351 0.33611
v -0.36588 -0.06100 0.46564
v -0.36840 -0.07204 0.33460
v -0.44542 0.00856 0.34300
v -0.36588 -0.06100 0.46564
v -0.25553 -0.04351 0.33611
v -0.36840 -0.07204 0.33460
v -0.31767 -0.06047 0.52234
v -0.18591 -0.06047 0.47237
v -0.31767 -0.06047 0.55145
v -0.18591 -0.06047 0.47237
v -0.19868 -0.06047 0.34596
v -0.24131 -0.15623 0.34420
v -0.34957 -0.20024 0.47821
v -0.23023 -0.17012 0.47664
v -0.24131 -0.15623 0.34420
v -0.34957 -0.20024 0.47821
v -0.42878 -0.11398 0.34378
v -0.44221 -0.12044 0.47562
v -0.31767 -0.06047 0.52982
v -0.44221 -0.12044 0.47562
v -0.42645 -0.00809 0.46680
v -0.31767 -0.06047 0.53588
v -0.42645 -0.00809 0.46680
v -0.34832 0.07380 0.47537
v -0.31767 -0.06047 0.53588
v -0.34832 0.07380 0.47537
v -0.31767 -0.06047 0.54775
v -0.31767 -0.06047 0.52982
v -0.42645 -0.00809 0.46680
v -0.31767 -0.06047 0.53588
v -0.42645 -0.00809 0.46680
v -0.44221 -0.12044 0.47562
v -0.42878 -0.11398 0.34378
v -0.42029 -0.01105 0.34853
v -0.42878 -0.11398 0.34378
v -0.31767 -0.06047 0.27942
v -0.34921 -0.19865 0.33450
v -0.31767 -0.06047 0.26842
v -0.31767 -0.06047 0.27942
v -0.34921 -0.19865 0.33450
v -0.31767 -0.06047 0.28510
v -0.31767 -0.06047 0.26842
v -0.42029 -0.01105 0.34853
v -0.31767 -0.06047 0.27942
v -0.31767 -0.06047 0.26296
v -0.34851 0.07463 0.33608
v -0.31767 -0.06047 0.26296
v -0.31767 -0.06047 0.26275
v -0.34851 0.07463 0.33608
v -0.42029 -0.01105 0.34853
v -0.31767 -0.06047 0.26296
v -0.34921 -0.19865 0.33450
v -0.31767 -0.06047 0.27942
v -0.42878 -0.11398 0.34378
v -0.42645 -0.00809 0.46680
v -0.42878 -0.11398 0.34378
v -0.42029 -0.01105 0.34853
v -0.31767 -0.06047 0.52978
v -0.23023 -0.17012 0.47664
v -0.34957 -0.20024 0.47821
v -0.31767 -0.06047 0.52982
v -0.31767 -0.06047 0.54366
v -0.34957 -0.20024 0.47821
v -0.34957 -0.20024 0.47821
v -0.34921 -0.19865 0.33450
v -0.42878 -0.11398 0.34378
v -0.31767 -0.06047 0.52982
v -0.34957 -0.20024 0.47821
v -0.44221 -0.12044 0.47562
v -0.31767 -0.06047 0.52978
v -0.34957 -0.20024 0.47821
v -0.31767 -0.06047 0.54366
v -0.34921 -0.19865 0.33450
v -0.24131 -0.15623 0.34420
v -0.31767 -0.06047 0.28510
v -0.34957 -0.20024 0.47821
v -0.24131 -0.15623 0.34420
v -0.34921 -0.19865 0.33450
v -0.22934 0.05029 0.33452
v -0.31767 -0.06047 0.26406
v -0.19868 -0.06047 0.34596
v -0.22934 0.05029 0.33452
v -0.31767 -0.06047 0.26369
v -0.31767 -0.06047 0.26406
v -0.19868 -0.06047 0.34596
v -0.31767 -0.06047 0.28510
v -0.24131 -0.15623 0.34420
v -0.22827 0.05164 0.47823
v -0.22934 0.05029 0.33452
v -0.19868 -0.06047 0.34596
v -0.19868 -0.06047 0.34596
v -0.31767 -0.06047 0.26406
v -0.31767 -0.06047 0.28510
v -0.31767 -0.06047 0.52978
v -0.18591 -0.06047 0.47237
v -0.23023 -0.17012 0.47664
v -0.22827 0.05164 0.47823
v -0.19868 -0.06047 0.34596
v -0.18591 -0.06047 0.47237
v -0.18591 -0.06047 0.47237
v -0.24131 -0.15623 0.34420
v -0.23023 -0.17012 0.47664
v -0.31767 -0.06047 0.52978
v -0.31767 -0.06047 0.55145
v -0.18591 -0.06047 0.47237
v -0.31767 -0.06047 0.52234
v -0.22827 0.05164 0.47823
v -0.18591 -0.06047 0.47237
v -0.23020 -0.03994 0.37806
v -0.14890 0.06200 0.30462
v -0.10369 -0.03994 0.30267
v -0.15081 -0.13949 0.30308
v -0.10369 -0.03994 0.30267
v -0.11377 -0.03994 0.18020
v -0.14477 0.06718 0.16982
v -0.23020 -0.03994 0.10232
v -0.11377 -0.03994 0.18020
v -0.15146 -0.13868 0.17523
v -0.23020 -0.03994 0.10232
v -0.23020 -0.03994 0.10214
v -0.25667 -0.15592 0.17892
v -0.23020 -0.03994 0.10214
v -0.23020 -0.03994 0.09927
v -0.25667 -0.15592 0.17892
v -0.23020 -0.03994 0.11990
v -0.33433 -0.09009 0.18063
v -0.35406 0.01971 0.30820
v -0.36074 -0.10281 0.31194
v -0.33433 -0.09009 0.18063
v -0.23020 -0.03994 0.35536
v -0.26095 -0.17467 0.30856
v -0.36074 -0.10281 0.31194
v -0.23020 -0.03994 0.35536
v -0.23020 -0.03994 0.36389
v -0.26095 -0.17467 0.30856
v -0.23020 -0.03994 0.35536
v -0.36074 -0.10281 0.31194
v -0.35406 0.01971 0.30820
v -0.23020 -0.03994 0.35536
v -0.35406 0.01971 0.30820
v -0.23020 -0.03994 0.37761
v -0.35406 0.01971 0.30820
v -0.33433 -0.09009 0.18063
v -0.34500 0.01534 0.17466
v -0.26095 -0.17467 0.30856
v -0.33433 -0.09009 0.18063
v -0.36074 -0.10281 0.31194
v -0.34500 0.01534 0.17466
v -0.33433 -0.09009 0.18063
v -0.23020 -0.03994 0.11990
v -0.34500 0.01534 0.17466
v -0.23020 -0.03994 0.11990
v -0.23020 -0.03994 0.10294
v -0.25667 -0.15592 0.17892
v -0.23020 -0.03994 0.09927
v -0.23020 -0.03994 0.11990
v -0.26095 -0.17467 0.30856
v -0.25667 -0.15592 0.17892
v -0.33433 -0.09009 0.18063
v -0.25667 -0.15592 0.17892
v -0.15146 -0.13868 0.17523
v -0.23020 -0.03994 0.10214
v -0.14477 0.06718 0.16982
v -0.23020 -0.03994 0.09768
v -0.23020 -0.03994 0.10232
v -0.15146 -0.13868 0.17523
v -0.11377 -0.03994 0.18020
v -0.23020 -0.03994 0.10232
v -0.15081 -0.13949 0.30308
v -0.11377 -0.03994 0.18020
v -0.15146 -0.13868 0.17523
v -0.15081 -0.13949 0.30308
v -0.25667 -0.15592 0.17892
v -0.26095 -0.17467 0.30856
v -0.23020 -0.03994 0.36389
v -0.23020 -0.03994 0.37349
v -0.15081 -0.13949 0.30308
v -0.15081 -0.13949 0.30308
v -0.15146 -0.13868 0.17523
v -0.25667 -0.15592 0.17892
v -0.23020 -0.03994 0.36389
v -0.15081 -0.13949 0.30308
v -0.26095 -0.17467 0.30856
v -0.23020 -0.03994 0.37349
v -0.10369 -0.03994 0.30267
v -0.15081 -0.13949 0.30308
v -0.23020 -0.03994 0.37806
v -0.23020 -0.03994 0.38104
v -0.14890 0.06200 0.30462
v -0.23020 -0.03994 0.37349
v -0.23020 -0.03994 0.37806
v -0.10369 -0.03994 0.30267
v -0.24549 -0.01134 0.57103
v -0.36079 0.04418 0.50882
v -0.24549 -0.01134 0.58270
v -0.36079 0.04418 0.50882
v -0.35627 -0.06469 0.38232
v -0.36299 0.04524 0.37856
v -0.35627 -0.06469 0.38232
v -0.24549 -0.01134 0.32219
v -0.36299 0.04524 0.37856
v -0.35627 -0.06469 0.38232
v -0.24549 -0.01134 0.32108
v -0.24549 -0.01134 0.32219
v -0.27256 -0.12994 0.38298
v -0.24549 -0.01134 0.31082
v -0.24549 -0.01134 0.32108
v -0.27256 -0.12994 0.38298
v -0.24549 -0.01134 0.33220
v -0.24549 -0.01134 0.31082
v -0.13004 -0.01134 0.38611
v -0.24549 -0.01134 0.31167
v -0.24549 -0.01134 0.33220
v -0.17367 -0.10140 0.50237
v -0.13004 -0.01134 0.38611
v -0.16724 -0.10947 0.38104
v -0.24549 -0.01134 0.56606
v -0.17367 -0.10140 0.50237
v -0.27794 -0.15353 0.51783
v -0.24549 -0.01134 0.56606
v -0.24549 -0.01134 0.57920
v -0.11973 -0.01134 0.50770
v -0.24549 -0.01134 0.56606
v -0.27794 -0.15353 0.51783
v -0.24549 -0.01134 0.58985
v -0.24549 -0.01134 0.56606
v -0.11973 -0.01134 0.50770
v -0.17367 -0.10140 0.50237
v -0.17367 -0.10140 0.50237
v -0.11973 -0.01134 0.50770
v -0.13004 -0.01134 0.38611
v -0.13004 -0.01134 0.38611
v -0.24549 -0.01134 0.33220
v -0.16724 -0.10947 0.38104
v -0.17367 -0.10140 0.50237
v -0.16724 -0.10947 0.38104
v -0.27256 -0.12994 0.38298
v -0.36418 -0.06850 0.51071
v -0.27794 -0.15353 0.51783
v -0.27256 -0.12994 0.38298
v -0.27256 -0.12994 0.38298
v -0.16724 -0.10947 0.38104
v -0.24549 -0.01134 0.33220
v -0.17367 -0.10140 0.50237
v -0.27256 -0.12994 0.38298
v -0.27794 -0.15353 0.51783
v -0.27256 -0.12994 0.38298
v -0.24549 -0.01134 0.32108
v -0.35627 -0.06469 0.38232
v -0.36418 -0.06850 0.51071
v -0.27256 -0.12994 0.38298
v -0.35627 -0.06469 0.38232
v -0.36079 0.04418 0.50882
v -0.36418 -0.06850 0.51071
v -0.35627 -0.06469 0.38232
v -0.24549 -0.01134 0.57103
v -0.24549 -0.01134 0.58985
v -0.27794 -0.15353 0.51783
v -0.24549 -0.01134 0.57103
v -0.36418 -0.06850 0.51071
v -0.36079 0.04418 0.50882
v -0.24549 -0.01134 0.57103
v -0.27794 -0.15353 0.51783
v -0.36418 -0.06850 0.51071
v -0.25550 0.00827 0.44685
v -0.18148 -0.06827 0.32416
v -0.28366 -0.00529 0.31606
v -0.06364 -0.05392 0.31731
v -0.15271 0.05778 0.26593
v -0.18148 -0.06827 0.32416
v -0.06364 -0.05392 0.31731
v -0.15271 0.05778 0.26390
v -0.15271 0.05778 0.26593
v -0.17900 -0.05740 0.44889
v -0.06223 -0.05568 0.46249
v -0.06364 -0.05392 0.31731
v -0.17900 -0.05740 0.44889
v -0.06364 -0.05392 0.31731
v -0.18148 -0.06827 0.32416
v -0.25550 0.00827 0.44685
v -0.17900 -0.05740 0.44889
v -0.18148 -0.06827 0.32416
v -0.40857 -0.54866 0.52810
v -0.30164 -0.54866 0.47145
v -0.40857 -0.54866 0.52995
v -0.30164 -0.54866 0.47145
v -0.29057 -0.54866 0.35806
v -0.34390 -0.62975 0.36526
v -0.34390 -0.62975 0.36526
v -0.40857 -0.54866 0.31357
v -0.40857 -0.54866 0.28748
v -0.34038 -0.46316 0.36241
v -0.40857 -0.54866 0.30803
v -0.40857 -0.54866 0.31357
v -0.43391 -0.43761 0.36012
v -0.40857 -0.54866 0.30316
v -0.40857 -0.54866 0.30803
v -0.50059 -0.50435 0.36605
v -0.40857 -0.54866 0.29224
v -0.40857 -0.54866 0.30316
v -0.50059 -0.50435 0.36605
v -0.40857 -0.54866 0.30866
v -0.40857 -0.54866 0.29224
v -0.50660 -0.59588 0.36269
v -0.40857 -0.54866 0.31038
v -0.40857 -0.54866 0.30866
v -0.43224 -0.65238 0.47118
v -0.43705 -0.67347 0.35301
v -0.50660 -0.59588 0.36269
v -0.40857 -0.54866 0.51843
v -0.43224 -0.65238 0.47118
v -0.51104 -0.59801 0.47488
v -0.40857 -0.54866 0.52449
v -0.40857 -0.54866 0.54267
v -0.51104 -0.59801 0.47488
v -0.40857 -0.54866 0.52449
v -0.50231 -0.50352 0.47000
v -0.43087 -0.45095 0.46807
v -0.40857 -0.54866 0.52449
v -0.43087 -0.45095 0.46807
v -0.40857 -0.54866 0.54128
v -0.40857 -0.54866 0.52449
v -0.51104 -0.59801 0.47488
v -0.50231 -0.50352 0.47000
v -0.40857 -0.54866 0.51843
v -0.40857 -0.54866 0.52331
v -0.34307 -0.63079 0.47050
v -0.40857 -0.54866 0.51843
v -0.51104 -0.59801 0.47488
v -0.40857 -0.54866 0.54267
v -0.40857 -0.54866 0.51843
v -0.34307 -0.63079 0.47050
v -0.43224 -0.65238 0.47118
v -0.50231 -0.50352 0.47000
v -0.51104 -0.59801 0.47488
v -0.50660 -0.59588 0.36269
v -0.50660 -0.59588 0.36269
v -0.43705 -0.67347 0.35301
v -0.40857 -0.54866 0.31038
v -0.43224 -0.65238 0.47118
v -0.50660 -0.59588 0.36269
v -0.51104 -0.59801 0.47488
v -0.43087 -0.45095 0.46807
v -0.50231 -0.50352 0.47000
v -0.50059 -0.50435 0.36605
v -0.50059 -0.50435 0.36605
v -0.50660 -0.59588 0.36269
v -0.40857 -0.54866 0.30866
v -0.50231 -0.50352 0.47000
v -0.50660 -0.59588 0.36269
v -0.50059 -0.50435 0.36605
v -0.50059 -0.50435 0.36605
v -0.40857 -0.54866 0.30316
v -0.43391 -0.43761 0.36012
v -0.43087 -0.45095 0.46807
v -0.50059 -0.50435 0.36605
v -0.43391 -0.43761 0.36012
v -0.43087 -0.45095 0.46807
v -0.43391 -0.43761 0.36012
v -0.34038 -0.46316 0.36241
v -0.43391 -0.43761 0.36012
v -0.40857 -0.54866 0.30803
v -0.34038 -0.46316 0.36241
v -0.43087 -0.45095 0.46807
v -0.34038 -0.46316 0.36241
v -0.33250 -0.45328 0.47905
v -0.34390 -0.62975 0.36526
v -0.40857 -0.54866 0.31038
v -0.43705 -0.67347 0.35301
v -0.43224 -0.65238 0.47118
v -0.34307 -0.63079 0.47050
v -0.34390 -0.62975 0.36526
v -0.34390 -0.62975 0.36526
v -0.40857 -0.54866 0.28748
v -0.40857 -0.54866 0.31038
v -0.43224 -0.65238 0.47118
v -0.34390 -0.62975 0.36526
v -0.43705 -0.67347 0.35301
v -0.34038 -0.46316 0.36241
v -0.40857 -0.54866 0.31357
v -0.29057 -0.54866 0.35806
v -0.34390 -0.62975 0.36526
v -0.29057 -0.54866 0.35806
v -0.40857 -0.54866 0.31357
v -0.40857 -0.54866 0.52331
v -0.30164 -0.54866 0.47145
v -0.34307 -0.63079 0.47050
v -0.30164 -0.54866 0.47145
v -0.33250 -0.45328 0.47905
v -0.34038 -0.46316 0.36241
v -0.30164 -0.54866 0.47145
v -0.34390 -0.62975 0.36526
v -0.34307 -0.63079 0.47050
v -0.30164 -0.54866 0.47145
v -0.34038 -0.46316 0.36241
v -0.29057 -0.54866 0.35806
v -0.40857 -0.54866 0.52331
v -0.40857 -0.54866 0.52995
v -0.30164 -0.54866 0.47145
v -0.40857 -0.54866 0.52810
v -0.40857 -0.54866 0.54128
v -0.43087 -0.45095 0.46807
v -0.40857 -0.54866 0.52810
v -0.33250 -0.45328 0.47905
v -0.30164 -0.54866 0.47145
v -0.40857 -0.54866 0.52810
v -0.43087 -0.45095 0.46807
v -0.33250 -0.45328 0.47905
v -0.31656 -0.71596 0.44283
v -0.24385 -0.62478 0.39323
v -0.18851 -0.71596 0.39899
v -0.18851 -0.71596 0.39899
v -0.24578 -0.62721 0.27722
v -0.18732 -0.71596 0.26929
v -0.23593 -0.81706 0.26925
v -0.18732 -0.71596 0.26929
v -0.31656 -0.71596 0.21471
v -0.23593 -0.81706 0.26925
v -0.31656 -0.71596 0.21471
v -0.31656 -0.71596 0.21257
v -0.23593 -0.81706 0.26925
v -0.31656 -0.71596 0.22232
v -0.34488 -0.84007 0.27026
v -0.42565 -0.76849 0.39548
v -0.34542 -0.84243 0.39983
v -0.34488 -0.84007 0.27026
v -0.31656 -0.71596 0.44473
v -0.24813 -0.80176 0.38977
v -0.34542 -0.84243 0.39983
v -0.31656 -0.71596 0.45351
v -0.31656 -0.71596 0.46031
v -0.34542 -0.84243 0.39983
v -0.31656 -0.71596 0.44473
v -0.34542 -0.84243 0.39983
v -0.31656 -0.71596 0.46031
v -0.42565 -0.76849 0.39548
v -0.41032 -0.67080 0.28198
v -0.41593 -0.66810 0.39004
v -0.31656 -0.71596 0.44128
v -0.31656 -0.71596 0.45133
v -0.41593 -0.66810 0.39004
v -0.31656 -0.71596 0.44128
v -0.41593 -0.66810 0.39004
v -0.34066 -0.61034 0.38905
v -0.34066 -0.61034 0.38905
v -0.41593 -0.66810 0.39004
v -0.41032 -0.67080 0.28198
v -0.34233 -0.60303 0.27605
v -0.41032 -0.67080 0.28198
v -0.31656 -0.71596 0.23268
v -0.42356 -0.76748 0.27457
v -0.31656 -0.71596 0.21754
v -0.31656 -0.71596 0.23268
v -0.34233 -0.60303 0.27605
v -0.31656 -0.71596 0.23268
v -0.31656 -0.71596 0.21637
v -0.34233 -0.60303 0.27605
v -0.31656 -0.71596 0.21637
v -0.31656 -0.71596 0.22024
v -0.42356 -0.76748 0.27457
v -0.31656 -0.71596 0.23268
v -0.41032 -0.67080 0.28198
v -0.34066 -0.61034 0.38905
v -0.41032 -0.67080 0.28198
v -0.34233 -0.60303 0.27605
v -0.31656 -0.71596 0.45133
v -0.31656 -0.71596 0.45351
v -0.42565 -0.76849 0.39548
v -0.42565 -0.76849 0.39548
v -0.42356 -0.76748 0.27457
v -0.41032 -0.67080 0.28198
v -0.31656 -0.71596 0.45133
v -0.42565 -0.76849 0.39548
v -0.41593 -0.66810 0.39004
v -0.31656 -0.71596 0.45351
v -0.34542 -0.84243 0.39983
v -0.42565 -0.76849 0.39548
v -0.42565 -0.76849 0.39548
v -0.34488 -0.84007 0.27026
v -0.42356 -0.76748 0.27457
v -0.24813 -0.80176 0.38977
v -0.34488 -0.84007 0.27026
v -0.34542 -0.84243 0.39983
v -0.42356 -0.76748 0.27457
v -0.34488 -0.84007 0.27026
v -0.31656 -0.71596 0.22232
v -0.42356 -0.76748 0.27457
v -0.31656 -0.71596 0.22232
v -0.31656 -0.71596 0.21754
v -0.23593 -0.81706 0.26925
v -0.31656 -0.71596 0.21257
v -0.31656 -0.71596 0.22232
v -0.24813 -0.80176 0.38977
v -0.23593 -0.81706 0.26925
v -0.34488 -0.84007 0.27026
v -0.24813 -0.80176 0.38977
v -0.18732 -0.71596 0.26929
v -0.23593 -0.81706 0.26925
v -0.18732 -0.71596 0.26929
v -0.31656 -0.71596 0.22024
v -0.31656 -0.71596 0.21471
v -0.34066 -0.61034 0.38905
v -0.34233 -0.60303 0.27605
v -0.24578 -0.62721 0.27722
v -0.18732 -0.71596 0.26929
v -0.24578 -0.62721 0.27722
v -0.31656 -0.71596 0.22024
v -0.34233 -0.60303 0.27605
v -0.31656 -0.71596 0.22024
v -0.24578 -0.62721 0.27722
v -0.24813 -0.80176 0.38977
v -0.18851 -0.71596 0.39899
v -0.18732 -0.71596 0.26929
v -0.31656 -0.71596 0.44128
v -0.34066 -0.61034 0.38905
v -0.24385 -0.62478 0.39323
v -0.18851 -0.71596 0.39899
v -0.24385 -0.62478 0.39323
v -0.24578 -0.62721 0.27722
v -0.34066 -0.61034 0.38905
v -0.24578 -0.62721 0.27722
v -0.24385 -0.62478 0.39323
v -0.31656 -0.71596 0.44128
v -0.24385 -0.62478 0.39323
v -0.31656 -0.71596 0.45883
v -0.31656 -0.71596 0.44283
v -0.24813 -0.80176 0.38977
v -0.31656 -0.71596 0.44473
v -0.31656 -0.71596 0.44283
v -0.31656 -0.71596 0.45883
v -0.24385 -0.62478 0.39323
v -0.31656 -0.71596 0.44283
v -0.18851 -0.71596 0.39899
v -0.24813 -0.80176 0.38977
v -0.36046 -0.68664 0.59877
v -0.24497 -0.68664 0.54929
v -0.36046 -0.68664 0.61788
v -0.24497 -0.68664 0.54929
v -0.24859 -0.68664 0.43468
v -0.29775 -0.76527 0.44037
v -0.29775 -0.76527 0.44037
v -0.36046 -0.68664 0.37660
v -0.36046 -0.68664 0.36390
v -0.29775 -0.76527 0.44037
v -0.36046 -0.68664 0.36719
v -0.38353 -0.78771 0.43881
v -0.38353 -0.78771 0.43881
v -0.36046 -0.68664 0.37398
v -0.46828 -0.73856 0.43074
v -0.46828 -0.73856 0.43074
v -0.36046 -0.68664 0.38626
v -0.45198 -0.64256 0.43987
v -0.38809 -0.56556 0.55368
v -0.47733 -0.63035 0.55647
v -0.45198 -0.64256 0.43987
v -0.36046 -0.68664 0.60066
v -0.47167 -0.74019 0.55330
v -0.47733 -0.63035 0.55647
v -0.36046 -0.68664 0.60066
v -0.36046 -0.68664 0.62008
v -0.38304 -0.78556 0.54222
v -0.36046 -0.68664 0.61302
v -0.28886 -0.77642 0.54897
v -0.38304 -0.78556 0.54222
v -0.36046 -0.68664 0.61302
v -0.38304 -0.78556 0.54222
v -0.36046 -0.68664 0.62008
v -0.36046 -0.68664 0.60066
v -0.38304 -0.78556 0.54222
v -0.47167 -0.74019 0.55330
v -0.36046 -0.68664 0.60066
v -0.47733 -0.63035 0.55647
v -0.36046 -0.68664 0.60955
v -0.38809 -0.56556 0.55368
v -0.28999 -0.59827 0.43410
v -0.28332 -0.58990 0.55345
v -0.38573 -0.57590 0.43382
v -0.36046 -0.68664 0.37955
v -0.28999 -0.59827 0.43410
v -0.38573 -0.57590 0.43382
v -0.36046 -0.68664 0.36461
v -0.36046 -0.68664 0.37955
v -0.36046 -0.68664 0.60955
v -0.47733 -0.63035 0.55647
v -0.38809 -0.56556 0.55368
v -0.38809 -0.56556 0.55368
v -0.38573 -0.57590 0.43382
v -0.28999 -0.59827 0.43410
v -0.36046 -0.68664 0.60955
v -0.38809 -0.56556 0.55368
v -0.36046 -0.68664 0.61403
v -0.38809 -0.56556 0.55368
v -0.45198 -0.64256 0.43987
v -0.38573 -0.57590 0.43382
v -0.47167 -0.74019 0.55330
v -0.45198 -0.64256 0.43987
v -0.47733 -0.63035 0.55647
v -0.38573 -0.57590 0.43382
v -0.45198 -0.64256 0.43987
v -0.36046 -0.68664 0.38626
v -0.38573 -0.57590 0.43382
v -0.36046 -0.68664 0.38626
v -0.36046 -0.68664 0.36461
v -0.47167 -0.74019 0.55330
v -0.46828 -0.73856 0.43074
v -0.45198 -0.64256 0.43987
v -0.38304 -0.78556 0.54222
v -0.46828 -0.73856 0.43074
v -0.47167 -0.74019 0.55330
v -0.46828 -0.73856 0.43074
v -0.36046 -0.68664 0.37398
v -0.36046 -0.68664 0.38626
v -0.38304 -0.78556 0.54222
v -0.38353 -0.78771 0.43881
v -0.46828 -0.73856 0.43074
v -0.38353 -0.78771 0.43881
v -0.36046 -0.68664 0.36719
v -0.36046 -0.68664 0.37398
v -0.38304 -0.78556 0.54222
v -0.28886 -0.77642 0.54897
v -0.29775 -0.76527 0.44037
v -0.29775 -0.76527 0.44037
v -0.36046 -0.68664 0.36390
v -0.36046 -0.68664 0.36719
v -0.38304 -0.78556 0.54222
v -0.29775 -0.76527 0.44037
v -0.38353 -0.78771 0.43881
v -0.24859 -0.68664 0.43468
v -0.28999 -0.59827 0.43410
v -0.36046 -0.68664 0.37955
v -0.24859 -0.68664 0.43468
v -0.36046 -0.68664 0.37955
v -0.36046 -0.68664 0.37660
v -0.29775 -0.76527 0.44037
v -0.24859 -0.68664 0.43468
v -0.36046 -0.68664 0.37660
v -0.36046 -0.68664 0.61302
v -0.24497 -0.68664 0.54929
v -0.28886 -0.77642 0.54897
v -0.24497 -0.68664 0.54929
v -0.28332 -0.58990 0.55345
v -0.28999 -0.59827 0.43410
v -0.24497 -0.68664 0.54929
v -0.29775 -0.76527 0.44037
v -0.28886 -0.77642 0.54897
v -0.24497 -0.68664 0.54929
v -0.28999 -0.59827 0.43410
v -0.24859 -0.68664 0.43468
v -0.36046 -0.68664 0.61302
v -0.36046 -0.68664 0.61788
v -0.24497 -0.68664 0.54929
v -0.36046 -0.68664 0.59877
v -0.36046 -0.68664 0.61403
v -0.38809 -0.56556 0.55368
v -0.36046 -0.68664 0.59877
v -0.28332 -0.58990 0.55345
v -0.24497 -0.68664 0.54929
v -0.36046 -0.68664 0.59877
v -0.38809 -0.56556 0.55368
v -0.28332 -0.58990 0.55345
v -0.28043 -0.70663 0.45751
v -0.17722 -0.70663 0.40067
v -0.28043 -0.70663 0.46458
v -0.21675 -0.78648 0.40013
v -0.17722 -0.70663 0.40067
v -0.15359 -0.70663 0.28470
v -0.20010 -0.80736 0.28370
v -0.15359 -0.70663 0.28470
v -0.28043 -0.70663 0.24316
v -0.21162 -0.62034 0.29301
v -0.28043 -0.70663 0.24296
v -0.28043 -0.70663 0.24316
v -0.30536 -0.59739 0.29216
v -0.28043 -0.70663 0.21806
v -0.28043 -0.70663 0.24296
v -0.30536 -0.59739 0.29216
v -0.28043 -0.70663 0.23934
v -0.28043 -0.70663 0.21806
v -0.37151 -0.75049 0.29768
v -0.28043 -0.70663 0.23499
v -0.28043 -0.70663 0.23934
v -0.37151 -0.75049 0.29768
v -0.28043 -0.70663 0.24282
v -0.28043 -0.70663 0.23499
v -0.30730 -0.82433 0.40951
v -0.30759 -0.82563 0.28711
v -0.37151 -0.75049 0.29768
v -0.28043 -0.70663 0.45154
v -0.30730 -0.82433 0.40951
v -0.37440 -0.75188 0.40122
v -0.37440 -0.75188 0.40122
v -0.39338 -0.65224 0.28545
v -0.39669 -0.65064 0.41370
v -0.28043 -0.70663 0.45598
v -0.28043 -0.70663 0.47599
v -0.39669 -0.65064 0.41370
v -0.28043 -0.70663 0.45598
v -0.30820 -0.58497 0.41155
v -0.20329 -0.60989 0.41102
v -0.28043 -0.70663 0.45598
v -0.39669 -0.65064 0.41370
v -0.30820 -0.58497 0.41155
v -0.28043 -0.70663 0.47563
v -0.39669 -0.65064 0.41370
v -0.28043 -0.70663 0.47599
v -0.28043 -0.70663 0.47563
v -0.37440 -0.75188 0.40122
v -0.39669 -0.65064 0.41370
v -0.28043 -0.70663 0.45154
v -0.37440 -0.75188 0.40122
v -0.28043 -0.70663 0.47563
v -0.37151 -0.75049 0.29768
v -0.30759 -0.82563 0.28711
v -0.28043 -0.70663 0.24282
v -0.37440 -0.75188 0.40122
v -0.37151 -0.75049 0.29768
v -0.39338 -0.65224 0.28545
v -0.30730 -0.82433 0.40951
v -0.37151 -0.75049 0.29768
v -0.37440 -0.75188 0.40122
v -0.37151 -0.75049 0.29768
v -0.28043 -0.70663 0.23934
v -0.39338 -0.65224 0.28545
v -0.39669 -0.65064 0.41370
v -0.39338 -0.65224 0.28545
v -0.30536 -0.59739 0.29216
v -0.30536 -0.59739 0.29216
v -0.39338 -0.65224 0.28545
v -0.28043 -0.70663 0.23934
v -0.39669 -0.65064 0.41370
v -0.30536 -0.59739 0.29216
v -0.30820 -0.58497 0.41155
v -0.30820 -0.58497 0.41155
v -0.30536 -0.59739 0.29216
v -0.21162 -0.62034 0.29301
v -0.30536 -0.59739 0.29216
v -0.28043 -0.70663 0.24296
v -0.21162 -0.62034 0.29301
v -0.30820 -0.58497 0.41155
v -0.21162 -0.62034 0.29301
v -0.20329 -0.60989 0.41102
v -0.20010 -0.80736 0.28370
v -0.28043 -0.70663 0.24316
v -0.28043 -0.70663 0.24044
v -0.20010 -0.80736 0.28370
v -0.28043 -0.70663 0.24282
v -0.30759 -0.82563 0.28711
v -0.20010 -0.80736 0.28370
v -0.28043 -0.70663 0.24044
v -0.28043 -0.70663 0.24282
v -0.21162 -0.62034 0.29301
v -0.28043 -0.70663 0.24316
v -0.15359 -0.70663 0.28470
v -0.21675 -0.78648 0.40013
v -0.15359 -0.70663 0.28470
v -0.20010 -0.80736 0.28370
v -0.21675 -0.78648 0.40013
v -0.30759 -0.82563 0.28711
v -0.30730 -0.82433 0.40951
v -0.28043 -0.70663 0.45154
v -0.28043 -0.70663 0.46332
v -0.21675 -0.78648 0.40013
v -0.21675 -0.78648 0.40013
v -0.20010 -0.80736 0.28370
v -0.30759 -0.82563 0.28711
v -0.28043 -0.70663 0.45154
v -0.21675 -0.78648 0.40013
v -0.30730 -0.82433 0.40951
v -0.28043 -0.70663 0.46332
v -0.17722 -0.70663 0.40067
v -0.21675 -0.78648 0.40013
v -0.17722 -0.70663 0.40067
v -0.20329 -0.60989 0.41102
v -0.21162 -0.62034 0.29301
v -0.17722 -0.70663 0.40067
v -0.21162 -0.62034 0.29301
v -0.15359 -0.70663 0.28470
v -0.28043 -0.70663 0.46332
v -0.28043 -0.70663 0.46458
v -0.17722 -0.70663 0.40067
v -0.28043 -0.70663 0.45598
v -0.20329 -0.60989 0.41102
v -0.28043 -0.70663 0.45751
v -0.28043 -0.70663 0.45751
v -0.20329 -0.60989 0.41102
v -0.17722 -0.70663 0.40067
v -0.36439 -0.69650 0.60792
v -0.24014 -0.69650 0.54883
v -0.36439 -0.69650 0.61479
v -0.29795 -0.77982 0.53991
v -0.24014 -0.69650 0.54883
v -0.24549 -0.69650 0.42625
v -0.29933 -0.61492 0.53880
v -0.29971 -0.61540 0.43390
v -0.24549 -0.69650 0.42625
v -0.29971 -0.61540 0.43390
v -0.36439 -0.69650 0.38429
v -0.36439 -0.69650 0.35985
v -0.46996 -0.64566 0.42712
v -0.36439 -0.69650 0.36710
v -0.36439 -0.69650 0.38429
v -0.46996 -0.64566 0.42712
v -0.36439 -0.69650 0.37428
v -0.36439 -0.69650 0.36710
v -0.39098 -0.81300 0.42595
v -0.36439 -0.69650 0.35745
v -0.36439 -0.69650 0.37428
v -0.28996 -0.78983 0.42602
v -0.36439 -0.69650 0.35493
v -0.36439 -0.69650 0.35745
v -0.28996 -0.78983 0.42602
v -0.36439 -0.69650 0.37795
v -0.36439 -0.69650 0.35493
v -0.46513 -0.74502 0.54256
v -0.39028 -0.80994 0.54485
v -0.39098 -0.81300 0.42595
v -0.36439 -0.69650 0.60281
v -0.39028 -0.80994 0.54485
v -0.46513 -0.74502 0.54256
v -0.36439 -0.69650 0.58672
v -0.36439 -0.69650 0.61714
v -0.46513 -0.74502 0.54256
v -0.36439 -0.69650 0.58672
v -0.46136 -0.64981 0.54045
v -0.38725 -0.59634 0.53799
v -0.36439 -0.69650 0.58672
v -0.38725 -0.59634 0.53799
v -0.36439 -0.69650 0.60440
v -0.36439 -0.69650 0.58672
v -0.46513 -0.74502 0.54256
v -0.46136 -0.64981 0.54045
v -0.36439 -0.69650 0.60281
v -0.46513 -0.74502 0.54256
v -0.36439 -0.69650 0.61714
v -0.28996 -0.78983 0.42602
v -0.36439 -0.69650 0.35745
v -0.39098 -0.81300 0.42595
v -0.46513 -0.74502 0.54256
v -0.39098 -0.81300 0.42595
v -0.47951 -0.75194 0.42178
v -0.39098 -0.81300 0.42595
v -0.36439 -0.69650 0.37428
v -0.47951 -0.75194 0.42178
v -0.46513 -0.74502 0.54256
v -0.47951 -0.75194 0.42178
v -0.46996 -0.64566 0.42712
v -0.38725 -0.59634 0.53799
v -0.46136 -0.64981 0.54045
v -0.46996 -0.64566 0.42712
v -0.46996 -0.64566 0.42712
v -0.47951 -0.75194 0.42178
v -0.36439 -0.69650 0.37428
v -0.38725 -0.59634 0.53799
v -0.46996 -0.64566 0.42712
v -0.39300 -0.57116 0.42138
v -0.46513 -0.74502 0.54256
v -0.46996 -0.64566 0.42712
v -0.46136 -0.64981 0.54045
v -0.46996 -0.64566 0.42712
v -0.36439 -0.69650 0.38429
v -0.39300 -0.57116 0.42138
v -0.38725 -0.59634 0.53799
v -0.39300 -0.57116 0.42138
v -0.29971 -0.61540 0.43390
v -0.29971 -0.61540 0.43390
v -0.36439 -0.69650 0.35985
v -0.36439 -0.69650 0.37795
v -0.29971 -0.61540 0.43390
v -0.39300 -0.57116 0.42138
v -0.36439 -0.69650 0.38429
v -0.36439 -0.69650 0.60440
v -0.38725 -0.59634 0.53799
v -0.29933 -0.61492 0.53880
v -0.38725 -0.59634 0.53799
v -0.29971 -0.61540 0.43390
v -0.29933 -0.61492 0.53880
v -0.28996 -0.78983 0.42602
v -0.24549 -0.69650 0.42625
v -0.36439 -0.69650 0.37795
v -0.29971 -0.61540 0.43390
v -0.36439 -0.69650 0.37795
v -0.24549 -0.69650 0.42625
v -0.29795 -0.77982 0.53991
v -0.24549 -0.69650 0.42625
v -0.28996 -0.78983 0.42602
v -0.29795 -0.77982 0.53991
v -0.39098 -0.81300 0.42595
v -0.39028 -0.80994 0.54485
v -0.36439 -0.69650 0.60281
v -0.36439 -0.69650 0.60603
v -0.29795 -0.77982 0.53991
v -0.29795 -0.77982 0.53991
v -0.28996 -0.78983 0.42602
v -0.39098 -0.81300 0.42595
v -0.36439 -0.69650 0.60281
v -0.29795 -0.77982 0.53991
v -0.39028 -0.80994 0.54485
v -0.36439 -0.69650 0.60603
v -0.24014 -0.69650 0.54883
v -0.29795 -0.77982 0.53991
v -0.29933 -0.61492 0.53880
v -0.24549 -0.69650 0.42625
v -0.24014 -0.69650 0.54883
v -0.36439 -0.69650 0.60603
v -0.36439 -0.69650 0.61479
v -0.24014 -0.69650 0.54883
v -0.36439 -0.69650 0.60440
v -0.29933 -0.61492 0.53880
v -0.36439 -0.69650 0.60792
v -0.36439 -0.69650 0.60792
v -0.29933 -0.61492 0.53880
v -0.24014 -0.69650 0.54883
v -0.68674 0.02453 0.69505
v -0.79191 -0.02611 0.64961
v -0.68674 0.02453 0.70398
v -0.71170 -0.08480 0.64730
v -0.80071 -0.03035 0.52700
v -0.79191 -0.02611 0.64961
v -0.71490 -0.09882 0.52698
v -0.68674 0.02453 0.48381
v -0.80071 -0.03035 0.52700
v -0.71490 -0.09882 0.52698
v -0.68674 0.02453 0.47554
v -0.68674 0.02453 0.48381
v -0.62201 -0.05663 0.53843
v -0.68674 0.02453 0.46038
v -0.68674 0.02453 0.47554
v -0.62399 -0.05416 0.64151
v -0.58639 0.02453 0.54018
v -0.62201 -0.05663 0.53843
v -0.62399 -0.05416 0.64151
v -0.56595 0.02453 0.65166
v -0.58639 0.02453 0.54018
v -0.62201 -0.05663 0.53843
v -0.68674 0.02453 0.47554
v -0.71490 -0.09882 0.52698
v -0.71170 -0.08480 0.64730
v -0.62201 -0.05663 0.53843
v -0.71490 -0.09882 0.52698
v -0.71170 -0.08480 0.64730
v -0.71490 -0.09882 0.52698
v -0.80071 -0.03035 0.52700
v -0.71170 -0.08480 0.64730
v -0.62399 -0.05416 0.64151
v -0.62201 -0.05663 0.53843
v -0.68674 0.02453 0.69505
v -0.68674 0.02453 0.70690
v -0.62399 -0.05416 0.64151
v -0.68674 0.02453 0.69505
v -0.71170 -0.08480 0.64730
v -0.79191 -0.02611 0.64961
v -0.68674 0.02453 0.69505
v -0.62399 -0.05416 0.64151
v -0.71170 -0.08480 0.64730
v -0.69898 0.00733 0.85175
v -0.81619 -0.04911 0.81116
v -0.69898 0.00733 0.85825
v -0.72319 -0.09874 0.80043
v -0.80524 -0.04384 0.68613
v -0.81619 -0.04911 0.81116
v -0.80524 -0.04384 0.68613
v -0.69898 0.00733 0.62621
v -0.69898 0.00733 0.62175
v -0.72557 -0.10917 0.68534
v -0.69898 0.00733 0.62625
v -0.69898 0.00733 0.62621
v -0.62909 -0.08031 0.68907
v -0.69898 0.00733 0.62642
v -0.69898 0.00733 0.62625
v -0.58256 0.00733 0.80428
v -0.58246 0.00733 0.68685
v -0.62909 -0.08031 0.68907
v -0.69898 0.00733 0.85463
v -0.58256 0.00733 0.80428
v -0.62185 -0.08940 0.80795
v -0.69898 0.00733 0.85463
v -0.62185 -0.08940 0.80795
v -0.69898 0.00733 0.87356
v -0.62909 -0.08031 0.68907
v -0.58246 0.00733 0.68685
v -0.69898 0.00733 0.62642
v -0.58256 0.00733 0.80428
v -0.62909 -0.08031 0.68907
v -0.62185 -0.08940 0.80795
v -0.72557 -0.10917 0.68534
v -0.62909 -0.08031 0.68907
v -0.69898 0.00733 0.62625
v -0.80524 -0.04384 0.68613
v -0.72557 -0.10917 0.68534
v -0.69898 0.00733 0.62621
v -0.72319 -0.09874 0.80043
v -0.62909 -0.08031 0.68907
v -0.72557 -0.10917 0.68534
v -0.72319 -0.09874 0.80043
v -0.72557 -0.10917 0.68534
v -0.80524 -0.04384 0.68613
v -0.72319 -0.09874 0.80043
v -0.62185 -0.08940 0.80795
v -0.62909 -0.08031 0.68907
v -0.69898 0.00733 0.85175
v -0.69898 0.00733 0.87356
v -0.62185 -0.08940 0.80795
v -0.69898 0.00733 0.85175
v -0.72319 -0.09874 0.80043
v -0.81619 -0.04911 0.81116
v -0.69898 0.00733 0.85175
v -0.62185 -0.08940 0.80795
v -0.72319 -0.09874 0.80043
v -0.61135 -0.07097 0.69241
v -0.49767 -0.07097 0.63855
v -0.61135 -0.07097 0.70028
v -0.49767 -0.07097 0.63855
v -0.48423 -0.07097 0.51717
v -0.53006 -0.17291 0.51552
v -0.53006 -0.17291 0.51552
v -0.61135 -0.07097 0.47405
v -0.61135 -0.07097 0.45581
v -0.53006 -0.17291 0.51552
v -0.61135 -0.07097 0.45829
v -0.63943 -0.19399 0.51764
v -0.63943 -0.19399 0.51764
v -0.61135 -0.07097 0.47166
v -0.71685 -0.12178 0.52222
v -0.72286 -0.12468 0.64364
v -0.71685 -0.12178 0.52222
v -0.70087 -0.02786 0.53116
v -0.63795 0.04560 0.52097
v -0.70087 -0.02786 0.53116
v -0.61135 -0.07097 0.46376
v -0.63795 0.04560 0.52097
v -0.61135 -0.07097 0.46307
v -0.61135 -0.07097 0.47774
v -0.63795 0.04560 0.52097
v -0.61135 -0.07097 0.46376
v -0.61135 -0.07097 0.46307
v -0.63795 0.04560 0.52097
v -0.61135 -0.07097 0.47774
v -0.53099 0.02979 0.51628
v -0.72286 -0.12468 0.64364
v -0.70087 -0.02786 0.53116
v -0.72335 -0.01704 0.64392
v -0.61135 -0.07097 0.68249
v -0.72335 -0.01704 0.64392
v -0.63694 0.04117 0.63923
v -0.61135 -0.07097 0.68259
v -0.63694 0.04117 0.63923
v -0.54309 0.01462 0.63644
v -0.61135 -0.07097 0.68249
v -0.63694 0.04117 0.63923
v -0.61135 -0.07097 0.68259
v -0.61135 -0.07097 0.68616
v -0.63531 -0.17599 0.63555
v -0.72286 -0.12468 0.64364
v -0.61135 -0.07097 0.68616
v -0.61135 -0.07097 0.69700
v -0.53220 -0.17022 0.64524
v -0.61135 -0.07097 0.68616
v -0.53220 -0.17022 0.64524
v -0.63531 -0.17599 0.63555
v -0.61135 -0.07097 0.68249
v -0.61135 -0.07097 0.70141
v -0.72286 -0.12468 0.64364
v -0.61135 -0.07097 0.68249
v -0.72286 -0.12468 0.64364
v -0.72335 -0.01704 0.64392
v -0.61135 -0.07097 0.68616
v -0.72286 -0.12468 0.64364
v -0.61135 -0.07097 0.70141
v -0.63531 -0.17599 0.63555
v -0.71685 -0.12178 0.52222
v -0.72286 -0.12468 0.64364
v -0.70087 -0.02786 0.53116
v -0.71685 -0.12178 0.52222
v -0.61135 -0.07097 0.47166
v -0.70087 -0.02786 0.53116
v -0.61135 -0.07097 0.47166
v -0.61135 -0.07097 0.46376
v -0.63531 -0.17599 0.63555
v -0.63943 -0.19399 0.51764
v -0.71685 -0.12178 0.52222
v -0.63943 -0.19399 0.51764
v -0.61135 -0.07097 0.45829
v -0.61135 -0.07097 0.47166
v -0.63531 -0.17599 0.63555
v -0.53220 -0.17022 0.64524
v -0.53006 -0.17291 0.51552
v -0.53006 -0.17291 0.51552
v -0.61135 -0.07097 0.45581
v -0.61135 -0.07097 0.45829
v -0.63531 -0.17599 0.63555
v -0.53006 -0.17291 0.51552
v -0.63943 -0.19399 0.51764
v -0.48423 -0.07097 0.51717
v -0.53099 0.02979 0.51628
v -0.61135 -0.07097 0.47774
v -0.48423 -0.07097 0.51717
v -0.61135 -0.07097 0.47774
v -0.61135 -0.07097 0.47405
v -0.54309 0.01462 0.63644
v -0.53099 0.02979 0.51628
v -0.48423 -0.07097 0.51717
v -0.53006 -0.17291 0.51552
v -0.48423 -0.07097 0.51717
v -0.61135 -0.07097 0.47405
v -0.61135 -0.07097 0.69700
v -0.49767 -0.07097 0.63855
v -0.53220 -0.17022 0.64524
v -0.54309 0.01462 0.63644
v -0.48423 -0.07097 0.51717
v -0.49767 -0.07097 0.63855
v -0.49767 -0.07097 0.63855
v -0.53006 -0.17291 0.51552
v -0.53220 -0.17022 0.64524
v -0.61135 -0.07097 0.69700
v -0.61135 -0.07097 0.70028
v -0.49767 -0.07097 0.63855
v -0.61135 -0.07097 0.68259
v -0.54309 0.01462 0.63644
v -0.61135 -0.07097 0.69241
v -0.61135 -0.07097 0.69241
v -0.54309 0.01462 0.63644
v -0.49767 -0.07097 0.63855
v -0.71080 -0.11478 0.76588
v -0.58490 -0.11478 0.71476
v -0.71080 -0.11478 0.78242
v -0.64277 -0.20009 0.70630
v -0.58490 -0.11478 0.71476
v -0.59891 -0.11478 0.59489
v -0.64426 -0.03135 0.70509
v -0.63530 -0.02011 0.59025
v -0.59891 -0.11478 0.59489
v -0.63530 -0.02011 0.59025
v -0.71080 -0.11478 0.54809
v -0.71080 -0.11478 0.54941
v -0.63399 -0.21109 0.58920
v -0.71080 -0.11478 0.54941
v -0.71080 -0.11478 0.52463
v -0.63399 -0.21109 0.58920
v -0.71080 -0.11478 0.54322
v -0.73818 -0.23477 0.58925
v -0.73818 -0.23477 0.58925
v -0.71080 -0.11478 0.55031
v -0.82144 -0.16807 0.58939
v -0.80573 -0.06906 0.70442
v -0.80783 -0.16151 0.70559
v -0.82144 -0.16807 0.58939
v -0.71080 -0.11478 0.77547
v -0.73976 -0.24168 0.71691
v -0.80783 -0.16151 0.70559
v -0.71080 -0.11478 0.75614
v -0.73976 -0.24168 0.71691
v -0.71080 -0.11478 0.78217
v -0.71080 -0.11478 0.77547
v -0.71080 -0.11478 0.78217
v -0.73976 -0.24168 0.71691
v -0.80573 -0.06906 0.70442
v -0.73710 0.00044 0.59171
v -0.73937 0.01043 0.71604
v -0.73710 0.00044 0.59171
v -0.71080 -0.11478 0.54809
v -0.71080 -0.11478 0.52590
v -0.73710 0.00044 0.59171
v -0.82255 -0.06097 0.58877
v -0.71080 -0.11478 0.54809
v -0.71080 -0.11478 0.77547
v -0.80783 -0.16151 0.70559
v -0.80573 -0.06906 0.70442
v -0.71080 -0.11478 0.77229
v -0.71080 -0.11478 0.78200
v -0.80573 -0.06906 0.70442
v -0.80573 -0.06906 0.70442
v -0.82255 -0.06097 0.58877
v -0.73710 0.00044 0.59171
v -0.71080 -0.11478 0.77229
v -0.80573 -0.06906 0.70442
v -0.73937 0.01043 0.71604
v -0.71080 -0.11478 0.77547
v -0.80573 -0.06906 0.70442
v -0.71080 -0.11478 0.78200
v -0.80573 -0.06906 0.70442
v -0.82144 -0.16807 0.58939
v -0.82255 -0.06097 0.58877
v -0.82255 -0.06097 0.58877
v -0.82144 -0.16807 0.58939
v -0.71080 -0.11478 0.55031
v -0.82255 -0.06097 0.58877
v -0.71080 -0.11478 0.55031
v -0.71080 -0.11478 0.54809
v -0.80783 -0.16151 0.70559
v -0.73976 -0.24168 0.71691
v -0.73818 -0.23477 0.58925
v -0.80783 -0.16151 0.70559
v -0.73818 -0.23477 0.58925
v -0.82144 -0.16807 0.58939
v -0.73818 -0.23477 0.58925
v -0.71080 -0.11478 0.54322
v -0.71080 -0.11478 0.55031
v -0.63399 -0.21109 0.58920
v -0.71080 -0.11478 0.52463
v -0.71080 -0.11478 0.54322
v -0.73710 0.00044 0.59171
v -0.71080 -0.11478 0.52590
v -0.71080 -0.11478 0.54809
v -0.73710 0.00044 0.59171
v -0.71080 -0.11478 0.54809
v -0.63530 -0.02011 0.59025
v -0.64426 -0.03135 0.70509
v -0.73710 0.00044 0.59171
v -0.63530 -0.02011 0.59025
v -0.64426 -0.03135 0.70509
v -0.73937 0.01043 0.71604
v -0.73710 0.00044 0.59171
v -0.63399 -0.21109 0.58920
v -0.59891 -0.11478 0.59489
v -0.71080 -0.11478 0.54941
v -0.63530 -0.02011 0.59025
v -0.71080 -0.11478 0.54941
v -0.59891 -0.11478 0.59489
v -0.64277 -0.20009 0.70630
v -0.59891 -0.11478 0.59489
v -0.63399 -0.21109 0.58920
v -0.64277 -0.20009 0.70630
v -0.73818 -0.23477 0.58925
v -0.73976 -0.24168 0.71691
v -0.64277 -0.20009 0.70630
v -0.63399 -0.21109 0.58920
v -0.73818 -0.23477 0.58925
v -0.71080 -0.11478 0.75614
v -0.64277 -0.20009 0.70630
v -0.73976 -0.24168 0.71691
v -0.71080 -0.11478 0.75614
v -0.58490 -0.11478 0.71476
v -0.64277 -0.20009 0.70630
v -0.64426 -0.03135 0.70509
v -0.59891 -0.11478 0.59489
v -0.58490 -0.11478 0.71476
v -0.71080 -0.11478 0.75614
v -0.71080 -0.11478 0.78242
v -0.58490 -0.11478 0.71476
v -0.71080 -0.11478 0.76588
v -0.71080 -0.11478 0.77229
v -0.73937 0.01043 0.71604
v -0.71080 -0.11478 0.76588
v -0.64426 -0.03135 0.70509
v -0.58490 -0.11478 0.71476
v -0.71080 -0.11478 0.76588
v -0.73937 0.01043 0.71604
v -0.64426 -0.03135 0.70509
v -0.65982 -0.03314 0.75025
v -0.73847 0.02928 0.63359
v -0.74945 0.02400 0.75652
v -0.55859 -0.01515 0.75304
v -0.65912 -0.03004 0.63532
v -0.65982 -0.03314 0.75025
v -0.55859 -0.01515 0.75304
v -0.55606 -0.01833 0.62887
v -0.65912 -0.03004 0.63532
v -0.65982 -0.03314 0.75025
v -0.65912 -0.03004 0.63532
v -0.73847 0.02928 0.63359
v -0.50526 -0.27771 0.76415
v -0.34636 -0.27771 0.69726
v -0.50526 -0.27771 0.78993
v -0.34636 -0.27771 0.69726
v -0.33725 -0.27771 0.53245
v -0.41611 -0.38951 0.54507
v -0.41611 -0.38951 0.54507
v -0.50526 -0.27771 0.46881
v -0.53804 -0.42130 0.54291
v -0.64282 -0.34396 0.69412
v -0.54377 -0.44644 0.70440
v -0.53804 -0.42130 0.54291
v -0.50526 -0.27771 0.75481
v -0.40443 -0.40415 0.69868
v -0.54377 -0.44644 0.70440
v -0.50526 -0.27771 0.75481
v -0.50526 -0.27771 0.76820
v -0.40443 -0.40415 0.69868
v -0.64282 -0.34396 0.69412
v -0.62795 -0.21863 0.54850
v -0.63232 -0.21652 0.68825
v -0.50526 -0.27771 0.77665
v -0.63232 -0.21652 0.68825
v -0.53647 -0.14097 0.68786
v -0.53647 -0.14097 0.68786
v -0.41795 -0.16823 0.54656
v -0.40730 -0.15487 0.69636
v -0.41795 -0.16823 0.54656
v -0.50526 -0.27771 0.44675
v -0.50526 -0.27771 0.45246
v -0.54169 -0.11811 0.53462
v -0.50526 -0.27771 0.44435
v -0.50526 -0.27771 0.44675
v -0.54169 -0.11811 0.53462
v -0.50526 -0.27771 0.44675
v -0.41795 -0.16823 0.54656
v -0.53647 -0.14097 0.68786
v -0.54169 -0.11811 0.53462
v -0.41795 -0.16823 0.54656
v -0.50526 -0.27771 0.77665
v -0.53647 -0.14097 0.68786
v -0.50526 -0.27771 0.77812
v -0.62795 -0.21863 0.54850
v -0.50526 -0.27771 0.45595
v -0.50526 -0.27771 0.43939
v -0.62795 -0.21863 0.54850
v -0.50526 -0.27771 0.44435
v -0.54169 -0.11811 0.53462
v -0.53647 -0.14097 0.68786
v -0.63232 -0.21652 0.68825
v -0.62795 -0.21863 0.54850
v -0.62795 -0.21863 0.54850
v -0.50526 -0.27771 0.43939
v -0.50526 -0.27771 0.44435
v -0.62795 -0.21863 0.54850
v -0.64200 -0.34356 0.54064
v -0.50526 -0.27771 0.45595
v -0.53647 -0.14097 0.68786
v -0.62795 -0.21863 0.54850
v -0.54169 -0.11811 0.53462
v -0.50526 -0.27771 0.75481
v -0.54377 -0.44644 0.70440
v -0.64282 -0.34396 0.69412
v -0.50526 -0.27771 0.77665
v -0.50526 -0.27771 0.79531
v -0.64282 -0.34396 0.69412
v -0.64282 -0.34396 0.69412
v -0.64200 -0.34356 0.54064
v -0.62795 -0.21863 0.54850
v -0.50526 -0.27771 0.77665
v -0.64282 -0.34396 0.69412
v -0.63232 -0.21652 0.68825
v -0.50526 -0.27771 0.75481
v -0.64282 -0.34396 0.69412
v -0.50526 -0.27771 0.79531
v -0.64282 -0.34396 0.69412
v -0.53804 -0.42130 0.54291
v -0.64200 -0.34356 0.54064
v -0.40443 -0.40415 0.69868
v -0.53804 -0.42130 0.54291
v -0.54377 -0.44644 0.70440
v -0.64200 -0.34356 0.54064
v -0.53804 -0.42130 0.54291
v -0.50526 -0.27771 0.46881
v -0.64200 -0.34356 0.54064
v -0.50526 -0.27771 0.46881
v -0.50526 -0.27771 0.45595
v -0.41611 -0.38951 0.54507
v -0.50526 -0.27771 0.45427
v -0.50526 -0.27771 0.46881
v -0.40443 -0.40415 0.69868
v -0.41611 -0.38951 0.54507
v -0.53804 -0.42130 0.54291
v -0.41795 -0.16823 0.54656
v -0.50526 -0.27771 0.45246
v -0.33725 -0.27771 0.53245
v -0.33725 -0.27771 0.53245
v -0.50526 -0.27771 0.45427
v -0.41611 -0.38951 0.54507
v -0.33725 -0.27771 0.53245
v -0.50526 -0.27771 0.45246
v -0.50526 -0.27771 0.45427
v -0.50526 -0.27771 0.76820
v -0.34636 -0.27771 0.69726
v -0.40443 -0.40415 0.69868
v -0.34636 -0.27771 0.69726
v -0.40730 -0.15487 0.69636
v -0.41795 -0.16823 0.54656
v -0.34636 -0.27771 0.69726
v -0.41611 -0.38951 0.54507
v -0.40443 -0.40415 0.69868
v -0.34636 -0.27771 0.69726
v -0.41795 -0.16823 0.54656
v -0.33725 -0.27771 0.53245
v -0.50526 -0.27771 0.76820
v -0.50526 -0.27771 0.78993
v -0.34636 -0.27771 0.69726
v -0.50526 -0.27771 0.76415
v -0.50526 -0.27771 0.77812
v -0.53647 -0.14097 0.68786
v -0.50526 -0.27771 0.76415
v -0.40730 -0.15487 0.69636
v -0.34636 -0.27771 0.69726
v -0.50526 -0.27771 0.76415
v -0.53647 -0.14097 0.68786
v -0.40730 -0.15487 0.69636
v -0.57445 -0.38616 0.74729
v -0.47118 -0.25667 0.66745
v -0.40436 -0.38616 0.66970
v -0.47297 -0.51341 0.66601
v -0.40436 -0.38616 0.66970
v -0.43617 -0.38616 0.51425
v -0.43617 -0.38616 0.51425
v -0.57445 -0.38616 0.41232
v -0.57445 -0.38616 0.44377
v -0.60703 -0.52889 0.51016
v -0.46862 -0.51886 0.49840
v -0.57445 -0.38616 0.44377
v -0.60703 -0.52889 0.51016
v -0.57445 -0.38616 0.43453
v -0.73209 -0.46208 0.49575
v -0.72744 -0.45984 0.66956
v -0.73209 -0.46208 0.49575
v -0.72661 -0.31288 0.49882
v -0.72661 -0.31288 0.49882
v -0.57445 -0.38616 0.41535
v -0.60926 -0.23364 0.50510
v -0.60926 -0.23364 0.50510
v -0.57445 -0.38616 0.41549
v -0.47349 -0.25956 0.50233
v -0.72236 -0.31493 0.66672
v -0.60926 -0.23364 0.50510
v -0.61029 -0.22910 0.66517
v -0.57445 -0.38616 0.73923
v -0.61029 -0.22910 0.66517
v -0.57445 -0.38616 0.74561
v -0.57445 -0.38616 0.73923
v -0.72236 -0.31493 0.66672
v -0.61029 -0.22910 0.66517
v -0.57445 -0.38616 0.72938
v -0.72236 -0.31493 0.66672
v -0.57445 -0.38616 0.73923
v -0.57445 -0.38616 0.72938
v -0.57445 -0.38616 0.75355
v -0.60926 -0.53867 0.66282
v -0.60926 -0.23364 0.50510
v -0.57445 -0.38616 0.41535
v -0.57445 -0.38616 0.41549
v -0.72661 -0.31288 0.49882
v -0.57445 -0.38616 0.40555
v -0.57445 -0.38616 0.41535
v -0.72236 -0.31493 0.66672
v -0.72661 -0.31288 0.49882
v -0.60926 -0.23364 0.50510
v -0.72744 -0.45984 0.66956
v -0.72661 -0.31288 0.49882
v -0.72236 -0.31493 0.66672
v -0.57445 -0.38616 0.72938
v -0.72744 -0.45984 0.66956
v -0.72236 -0.31493 0.66672
v -0.57445 -0.38616 0.72938
v -0.60926 -0.53867 0.66282
v -0.72744 -0.45984 0.66956
v -0.72661 -0.31288 0.49882
v -0.73209 -0.46208 0.49575
v -0.57445 -0.38616 0.43453
v -0.72661 -0.31288 0.49882
v -0.57445 -0.38616 0.43453
v -0.57445 -0.38616 0.40555
v -0.72744 -0.45984 0.66956
v -0.60926 -0.53867 0.66282
v -0.60703 -0.52889 0.51016
v -0.60703 -0.52889 0.51016
v -0.57445 -0.38616 0.43446
v -0.57445 -0.38616 0.43453
v -0.72744 -0.45984 0.66956
v -0.60703 -0.52889 0.51016
v -0.73209 -0.46208 0.49575
v -0.60703 -0.52889 0.51016
v -0.57445 -0.38616 0.44377
v -0.57445 -0.38616 0.43446
v -0.43617 -0.38616 0.51425
v -0.47349 -0.25956 0.50233
v -0.57445 -0.38616 0.41549
v -0.43617 -0.38616 0.51425
v -0.57445 -0.38616 0.44377
v -0.46862 -0.51886 0.49840
v -0.43617 -0.38616 0.51425
v -0.57445 -0.38616 0.41549
v -0.57445 -0.38616 0.41232
v -0.47297 -0.51341 0.66601
v -0.43617 -0.38616 0.51425
v -0.46862 -0.51886 0.49840
v -0.47297 -0.51341 0.66601
v -0.60703 -0.52889 0.51016
v -0.60926 -0.53867 0.66282
v -0.57445 -0.38616 0.75355
v -0.57445 -0.38616 0.76057
v -0.47297 -0.51341 0.66601
v -0.47297 -0.51341 0.66601
v -0.46862 -0.51886 0.49840
v -0.60703 -0.52889 0.51016
v -0.57445 -0.38616 0.75355
v -0.47297 -0.51341 0.66601
v -0.60926 -0.53867 0.66282
v -0.47118 -0.25667 0.66745
v -0.60926 -0.23364 0.50510
v -0.47349 -0.25956 0.50233
v -0.47118 -0.25667 0.66745
v -0.43617 -0.38616 0.51425
v -0.40436 -0.38616 0.66970
v -0.57445 -0.38616 0.74561
v -0.61029 -0.22910 0.66517
v -0.47118 -0.25667 0.66745
v -0.47118 -0.25667 0.66745
v -0.47349 -0.25956 0.50233
v -0.43617 -0.38616 0.51425
v -0.47118 -0.25667 0.66745
v -0.61029 -0.22910 0.66517
v -0.60926 -0.23364 0.50510
v -0.57445 -0.38616 0.74561
v -0.47118 -0.25667 0.66745
v -0.57445 -0.38616 0.75548
v -0.57445 -0.38616 0.74729
v -0.47297 -0.51341 0.66601
v -0.57445 -0.38616 0.76057
v -0.57445 -0.38616 0.74729
v -0.57445 -0.38616 0.75548
v -0.47118 -0.25667 0.66745
v -0.57445 -0.38616 0.74729
v -0.40436 -0.38616 0.66970
v -0.47297 -0.51341 0.66601
v -0.77621 -0.34701 0.75228
v -0.60527 -0.34701 0.68605
v -0.77621 -0.34701 0.77143
v -0.68444 -0.46210 0.67407
v -0.60527 -0.34701 0.68605
v -0.63960 -0.34701 0.53100
v -0.68537 -0.23310 0.67332
v -0.66934 -0.21299 0.51346
v -0.63960 -0.34701 0.53100
v -0.66934 -0.21299 0.51346
v -0.77621 -0.34701 0.44475
v -0.77621 -0.34701 0.44918
v -0.67144 -0.47840 0.51516
v -0.77621 -0.34701 0.44918
v -0.77621 -0.34701 0.43823
v -0.80984 -0.49434 0.52369
v -0.77621 -0.34701 0.43823
v -0.77621 -0.34701 0.43023
v -0.80984 -0.49434 0.52369
v -0.77621 -0.34701 0.46018
v -0.91050 -0.41168 0.52473
v -0.91118 -0.41201 0.67539
v -0.91050 -0.41168 0.52473
v -0.91276 -0.28126 0.52347
v -0.91276 -0.28126 0.52347
v -0.77621 -0.34701 0.42878
v -0.80964 -0.20054 0.52413
v -0.80724 -0.21106 0.67017
v -0.92149 -0.27705 0.68115
v -0.91276 -0.28126 0.52347
v -0.77621 -0.34701 0.76917
v -0.92149 -0.27705 0.68115
v -0.80724 -0.21106 0.67017
v -0.77621 -0.34701 0.76917
v -0.80724 -0.21106 0.67017
v -0.77621 -0.34701 0.77131
v -0.91276 -0.28126 0.52347
v -0.77621 -0.34701 0.42873
v -0.77621 -0.34701 0.42878
v -0.80724 -0.21106 0.67017
v -0.91276 -0.28126 0.52347
v -0.80964 -0.20054 0.52413
v -0.91118 -0.41201 0.67539
v -0.91276 -0.28126 0.52347
v -0.92149 -0.27705 0.68115
v -0.77621 -0.34701 0.73750
v -0.80903 -0.49081 0.67422
v -0.91118 -0.41201 0.67539
v -0.77621 -0.34701 0.76917
v -0.77621 -0.34701 0.77492
v -0.91118 -0.41201 0.67539
v -0.77621 -0.34701 0.76917
v -0.91118 -0.41201 0.67539
v -0.92149 -0.27705 0.68115
v -0.77621 -0.34701 0.73750
v -0.91118 -0.41201 0.67539
v -0.77621 -0.34701 0.77492
v -0.80903 -0.49081 0.67422
v -0.91050 -0.41168 0.52473
v -0.91118 -0.41201 0.67539
v -0.91276 -0.28126 0.52347
v -0.91050 -0.41168 0.52473
v -0.77621 -0.34701 0.46018
v -0.91276 -0.28126 0.52347
v -0.77621 -0.34701 0.46018
v -0.77621 -0.34701 0.42873
v -0.80984 -0.49434 0.52369
v -0.77621 -0.34701 0.43023
v -0.77621 -0.34701 0.46018
v -0.80903 -0.49081 0.67422
v -0.80984 -0.49434 0.52369
v -0.91050 -0.41168 0.52473
v -0.80984 -0.49434 0.52369
v -0.67144 -0.47840 0.51516
v -0.77621 -0.34701 0.43823
v -0.80964 -0.20054 0.52413
v -0.77621 -0.34701 0.42878
v -0.77621 -0.34701 0.44475
v -0.80964 -0.20054 0.52413
v -0.77621 -0.34701 0.44475
v -0.66934 -0.21299 0.51346
v -0.68537 -0.23310 0.67332
v -0.80964 -0.20054 0.52413
v -0.66934 -0.21299 0.51346
v -0.68537 -0.23310 0.67332
v -0.80724 -0.21106 0.67017
v -0.80964 -0.20054 0.52413
v -0.67144 -0.47840 0.51516
v -0.63960 -0.34701 0.53100
v -0.77621 -0.34701 0.44918
v -0.66934 -0.21299 0.51346
v -0.77621 -0.34701 0.44918
v -0.63960 -0.34701 0.53100
v -0.68444 -0.46210 0.67407
v -0.63960 -0.34701 0.53100
v -0.67144 -0.47840 0.51516
v -0.68444 -0.46210 0.67407
v -0.80984 -0.49434 0.52369
v -0.80903 -0.49081 0.67422
v -0.77621 -0.34701 0.73750
v -0.77621 -0.34701 0.76324
v -0.68444 -0.46210 0.67407
v -0.68444 -0.46210 0.67407
v -0.67144 -0.47840 0.51516
v -0.80984 -0.49434 0.52369
v -0.77621 -0.34701 0.73750
v -0.68444 -0.46210 0.67407
v -0.80903 -0.49081 0.67422
v -0.77621 -0.34701 0.76324
v -0.60527 -0.34701 0.68605
v -0.68444 -0.46210 0.67407
v -0.68537 -0.23310 0.67332
v -0.63960 -0.34701 0.53100
v -0.60527 -0.34701 0.68605
v -0.77621 -0.34701 0.76324
v -0.77621 -0.34701 0.77143
v -0.60527 -0.34701 0.68605
v -0.77621 -0.34701 0.75228
v -0.77621 -0.34701 0.77131
v -0.80724 -0.21106 0.67017
v -0.77621 -0.34701 0.75228
v -0.68537 -0.23310 0.67332
v -0.60527 -0.34701 0.68605
v -0.77621 -0.34701 0.75228
v -0.80724 -0.21106 0.67017
v -0.68537 -0.23310 0.67332
v -0.67991 -0.33622 0.91764
v -0.51331 -0.33622 0.85594
v -0.67991 -0.33622 0.93740
v -0.67991 -0.33622 0.93740
v -0.58319 -0.45751 0.85016
v -0.67991 -0.33622 0.94347
v -0.67991 -0.33622 0.93016
v -0.67991 -0.33622 0.94347
v -0.58319 -0.45751 0.85016
v -0.67991 -0.33622 0.93016
v -0.71173 -0.47561 0.84403
v -0.82071 -0.40402 0.85073
v -0.82071 -0.40402 0.85073
v -0.71281 -0.48037 0.69742
v -0.83215 -0.40953 0.68678
v -0.83215 -0.40953 0.68678
v -0.67991 -0.33622 0.63556
v -0.67991 -0.33622 0.63023
v -0.82961 -0.26413 0.68820
v -0.67991 -0.33622 0.63023
v -0.67991 -0.33622 0.61445
v -0.82961 -0.26413 0.68820
v -0.67991 -0.33622 0.63508
v -0.71205 -0.19544 0.69916
v -0.57112 -0.19980 0.85992
v -0.71753 -0.17141 0.85718
v -0.71205 -0.19544 0.69916
v -0.67991 -0.33622 0.91574
v -0.81053 -0.27332 0.84504
v -0.71753 -0.17141 0.85718
v -0.67991 -0.33622 0.94328
v -0.81053 -0.27332 0.84504
v -0.67991 -0.33622 0.94771
v -0.67991 -0.33622 0.91574
v -0.67991 -0.33622 0.94771
v -0.81053 -0.27332 0.84504
v -0.67991 -0.33622 0.91574
v -0.71753 -0.17141 0.85718
v -0.57112 -0.19980 0.85992
v -0.57112 -0.19980 0.85992
v -0.71205 -0.19544 0.69916
v -0.57139 -0.20014 0.68421
v -0.50579 -0.33622 0.68418
v -0.57139 -0.20014 0.68421
v -0.67991 -0.33622 0.62827
v -0.50579 -0.33622 0.68418
v -0.67991 -0.33622 0.62827
v -0.67991 -0.33622 0.62552
v -0.59376 -0.44426 0.70230
v -0.67991 -0.33622 0.62552
v -0.67991 -0.33622 0.61106
v -0.59376 -0.44426 0.70230
v -0.50579 -0.33622 0.68418
v -0.67991 -0.33622 0.62552
v -0.81053 -0.27332 0.84504
v -0.71205 -0.19544 0.69916
v -0.71753 -0.17141 0.85718
v -0.57139 -0.20014 0.68421
v -0.71205 -0.19544 0.69916
v -0.67991 -0.33622 0.63508
v -0.57139 -0.20014 0.68421
v -0.67991 -0.33622 0.63508
v -0.67991 -0.33622 0.62827
v -0.82961 -0.26413 0.68820
v -0.67991 -0.33622 0.61445
v -0.67991 -0.33622 0.63508
v -0.81053 -0.27332 0.84504
v -0.82961 -0.26413 0.68820
v -0.71205 -0.19544 0.69916
v -0.59376 -0.44426 0.70230
v -0.67991 -0.33622 0.61106
v -0.67991 -0.33622 0.63556
v -0.82961 -0.26413 0.68820
v -0.83215 -0.40953 0.68678
v -0.67991 -0.33622 0.63023
v -0.81053 -0.27332 0.84504
v -0.83215 -0.40953 0.68678
v -0.82961 -0.26413 0.68820
v -0.83215 -0.40953 0.68678
v -0.71281 -0.48037 0.69742
v -0.67991 -0.33622 0.63556
v -0.59376 -0.44426 0.70230
v -0.67991 -0.33622 0.63556
v -0.71281 -0.48037 0.69742
v -0.81053 -0.27332 0.84504
v -0.82071 -0.40402 0.85073
v -0.83215 -0.40953 0.68678
v -0.67991 -0.33622 0.94328
v -0.82071 -0.40402 0.85073
v -0.81053 -0.27332 0.84504
v -0.71173 -0.47561 0.84403
v -0.59376 -0.44426 0.70230
v -0.71281 -0.48037 0.69742
v -0.82071 -0.40402 0.85073
v -0.71173 -0.47561 0.84403
v -0.71281 -0.48037 0.69742
v -0.67991 -0.33622 0.93016
v -0.82071 -0.40402 0.85073
v -0.67991 -0.33622 0.94328
v -0.71173 -0.47561 0.84403
v -0.58319 -0.45751 0.85016
v -0.59376 -0.44426 0.70230
v -0.67991 -0.33622 0.93016
v -0.58319 -0.45751 0.85016
v -0.71173 -0.47561 0.84403
v -0.51331 -0.33622 0.85594
v -0.57112 -0.19980 0.85992
v -0.57139 -0.20014 0.68421
v -0.51331 -0.33622 0.85594
v -0.59376 -0.44426 0.70230
v -0.58319 -0.45751 0.85016
v -0.51331 -0.33622 0.85594
v -0.57139 -0.20014 0.68421
v -0.50579 -0.33622 0.68418
v -0.51331 -0.33622 0.85594
v -0.50579 -0.33622 0.68418
v -0.59376 -0.44426 0.70230
v -0.67991 -0.33622 0.93740
v -0.51331 -0.33622 0.85594
v -0.58319 -0.45751 0.85016
v -0.67991 -0.33622 0.91574
v -0.57112 -0.19980 0.85992
v -0.67991 -0.33622 0.91764
v -0.67991 -0.33622 0.91764
v -0.57112 -0.19980 0.85992
v -0.51331 -0.33622 0.85594
v -0.68854 -0.42210 0.85695
v -0.58671 -0.29440 0.76943
v -0.52303 -0.42210 0.77054
v -0.52303 -0.42210 0.77054
v -0.59938 -0.31029 0.61501
v -0.52806 -0.42210 0.60620
v -0.52806 -0.42210 0.60620
v -0.68854 -0.42210 0.51759
v -0.68854 -0.42210 0.55063
v -0.72522 -0.58279 0.60401
v -0.58737 -0.54896 0.60530
v -0.68854 -0.42210 0.55063
v -0.72522 -0.58279 0.60401
v -0.68854 -0.42210 0.55014
v -0.84728 -0.49854 0.59828
v -0.82582 -0.48820 0.76391
v -0.84728 -0.49854 0.59828
v -0.84281 -0.34780 0.60078
v -0.84281 -0.34780 0.60078
v -0.68854 -0.42210 0.54335
v -0.72603 -0.25784 0.60217
v -0.71911 -0.28818 0.75634
v -0.84644 -0.34605 0.77545
v -0.84281 -0.34780 0.60078
v -0.68854 -0.42210 0.85140
v -0.68854 -0.42210 0.83100
v -0.84644 -0.34605 0.77545
v -0.68854 -0.42210 0.85140
v -0.84644 -0.34605 0.77545
v -0.71911 -0.28818 0.75634
v -0.84281 -0.34780 0.60078
v -0.68854 -0.42210 0.53473
v -0.68854 -0.42210 0.54335
v -0.71911 -0.28818 0.75634
v -0.84281 -0.34780 0.60078
v -0.72603 -0.25784 0.60217
v -0.82582 -0.48820 0.76391
v -0.84281 -0.34780 0.60078
v -0.84644 -0.34605 0.77545
v -0.68854 -0.42210 0.83751
v -0.72145 -0.56629 0.76166
v -0.82582 -0.48820 0.76391
v -0.68854 -0.42210 0.83751
v -0.68854 -0.42210 0.86569
v -0.60034 -0.53269 0.75841
v -0.68854 -0.42210 0.83751
v -0.60034 -0.53269 0.75841
v -0.72145 -0.56629 0.76166
v -0.68854 -0.42210 0.83100
v -0.68854 -0.42210 0.84230
v -0.82582 -0.48820 0.76391
v -0.68854 -0.42210 0.83100
v -0.82582 -0.48820 0.76391
v -0.84644 -0.34605 0.77545
v -0.68854 -0.42210 0.83751
v -0.82582 -0.48820 0.76391
v -0.68854 -0.42210 0.84230
v -0.84281 -0.34780 0.60078
v -0.84728 -0.49854 0.59828
v -0.68854 -0.42210 0.55014
v -0.84281 -0.34780 0.60078
v -0.68854 -0.42210 0.55014
v -0.68854 -0.42210 0.53473
v -0.60034 -0.53269 0.75841
v -0.58737 -0.54896 0.60530
v -0.72522 -0.58279 0.60401
v -0.82582 -0.48820 0.76391
v -0.72145 -0.56629 0.76166
v -0.72522 -0.58279 0.60401
v -0.72522 -0.58279 0.60401
v -0.68854 -0.42210 0.51773
v -0.68854 -0.42210 0.55014
v -0.82582 -0.48820 0.76391
v -0.72522 -0.58279 0.60401
v -0.84728 -0.49854 0.59828
v -0.60034 -0.53269 0.75841
v -0.72522 -0.58279 0.60401
v -0.72145 -0.56629 0.76166
v -0.72522 -0.58279 0.60401
v -0.68854 -0.42210 0.55063
v -0.68854 -0.42210 0.51773
v -0.60034 -0.53269 0.75841
v -0.52806 -0.42210 0.60620
v -0.58737 -0.54896 0.60530
v -0.52806 -0.42210 0.60620
v -0.68854 -0.42210 0.55063
v -0.58737 -0.54896 0.60530
v -0.52806 -0.42210 0.60620
v -0.68854 -0.42210 0.52312
v -0.68854 -0.42210 0.51759
v -0.59938 -0.31029 0.61501
v -0.68854 -0.42210 0.54335
v -0.68854 -0.42210 0.52312
v -0.71911 -0.28818 0.75634
v -0.72603 -0.25784 0.60217
v -0.59938 -0.31029 0.61501
v -0.52806 -0.42210 0.60620
v -0.59938 -0.31029 0.61501
v -0.68854 -0.42210 0.52312
v -0.59938 -0.31029 0.61501
v -0.72603 -0.25784 0.60217
v -0.68854 -0.42210 0.54335
v -0.60034 -0.53269 0.75841
v -0.52303 -0.42210 0.77054
v -0.52806 -0.42210 0.60620
v -0.68854 -0.42210 0.85140
v -0.71911 -0.28818 0.75634
v -0.58671 -0.29440 0.76943
v -0.52303 -0.42210 0.77054
v -0.58671 -0.29440 0.76943
v -0.59938 -0.31029 0.61501
v -0.71911 -0.28818 0.75634
v -0.59938 -0.31029 0.61501
v -0.58671 -0.29440 0.76943
v -0.68854 -0.42210 0.85140
v -0.58671 -0.29440 0.76943
v -0.68854 -0.42210 0.86482
v -0.68854 -0.42210 0.85695
v -0.60034 -0.53269 0.75841
v -0.68854 -0.42210 0.86569
v -0.68854 -0.42210 0.85695
v -0.68854 -0.42210 0.86482
v -0.58671 -0.29440 0.76943
v -0.68854 -0.42210 0.85695
v -0.52303 -0.42210 0.77054
v -0.60034 -0.53269 0.75841
v -0.01295 -0.43020 0.63522
v -0.15120 -0.36362 0.55371
v -0.05063 -0.26514 0.56170
v -0.15120 -0.36362 0.55371
v -0.15839 -0.50023 0.39498
v -0.16359 -0.35765 0.39207
v -0.04255 -0.30052 0.40930
v -0.16359 -0.35765 0.39207
v -0.01295 -0.43020 0.32591
v -0.04255 -0.30052 0.40930
v -0.01295 -0.43020 0.32591
v -0.01295 -0.43020 0.31712
v -0.15839 -0.50023 0.39498
v -0.01295 -0.43020 0.32561
v -0.01295 -0.43020 0.32206
v -0.15839 -0.50023 0.39498
v -0.01295 -0.43020 0.32591
v -0.16359 -0.35765 0.39207
v -0.04337 -0.56344 0.54525
v -0.04384 -0.56553 0.40638
v -0.15839 -0.50023 0.39498
v -0.01295 -0.43020 0.61974
v -0.04337 -0.56344 0.54525
v -0.16048 -0.50124 0.55890
v -0.01295 -0.43020 0.61974
v -0.01295 -0.43020 0.63144
v -0.04337 -0.56344 0.54525
v -0.15839 -0.50023 0.39498
v -0.01295 -0.43020 0.32206
v -0.01295 -0.43020 0.32591
v -0.15839 -0.50023 0.39498
v -0.04384 -0.56553 0.40638
v -0.01295 -0.43020 0.32561
v -0.04337 -0.56344 0.54525
v -0.15839 -0.50023 0.39498
v -0.16048 -0.50124 0.55890
v -0.15120 -0.36362 0.55371
v -0.04255 -0.30052 0.40930
v -0.05063 -0.26514 0.56170
v -0.01295 -0.43020 0.61974
v -0.16048 -0.50124 0.55890
v -0.15120 -0.36362 0.55371
v -0.15120 -0.36362 0.55371
v -0.16359 -0.35765 0.39207
v -0.04255 -0.30052 0.40930
v -0.15120 -0.36362 0.55371
v -0.16048 -0.50124 0.55890
v -0.15839 -0.50023 0.39498
v -0.01295 -0.43020 0.61974
v -0.15120 -0.36362 0.55371
v -0.01295 -0.43020 0.64090
v -0.01295 -0.43020 0.63522
v -0.01295 -0.43020 0.64090
v -0.15120 -0.36362 0.55371
v -0.14443 -0.42474 0.67228
v -0.04609 -0.30142 0.60091
v -0.00719 -0.42474 0.59058
v -0.04731 -0.54653 0.59993
v -0.00719 -0.42474 0.59058
v -0.01196 -0.42474 0.45461
v -0.01196 -0.42474 0.45461
v -0.14443 -0.42474 0.36890
v -0.14443 -0.42474 0.38961
v -0.17962 -0.57889 0.44169
v -0.04776 -0.54596 0.44323
v -0.14443 -0.42474 0.38961
v -0.26187 -0.48129 0.58710
v -0.17591 -0.56265 0.59271
v -0.17962 -0.57889 0.44169
v -0.26187 -0.48129 0.58710
v -0.27213 -0.36324 0.44995
v -0.27276 -0.36294 0.59320
v -0.14443 -0.42474 0.65238
v -0.27276 -0.36294 0.59320
v -0.17347 -0.29752 0.58717
v -0.17347 -0.29752 0.58717
v -0.18062 -0.26621 0.43942
v -0.04128 -0.29539 0.43800
v -0.18062 -0.26621 0.43942
v -0.14443 -0.42474 0.38861
v -0.04128 -0.29539 0.43800
v -0.18062 -0.26621 0.43942
v -0.14443 -0.42474 0.37650
v -0.14443 -0.42474 0.38861
v -0.14443 -0.42474 0.65238
v -0.17347 -0.29752 0.58717
v -0.14443 -0.42474 0.67149
v -0.27213 -0.36324 0.44995
v -0.14443 -0.42474 0.37650
v -0.18062 -0.26621 0.43942
v -0.17347 -0.29752 0.58717
v -0.27276 -0.36294 0.59320
v -0.27213 -0.36324 0.44995
v -0.27213 -0.36324 0.44995
v -0.14443 -0.42474 0.36882
v -0.14443 -0.42474 0.37650
v -0.28113 -0.49057 0.44491
v -0.14443 -0.42474 0.34998
v -0.14443 -0.42474 0.36882
v -0.28113 -0.49057 0.44491
v -0.14443 -0.42474 0.36539
v -0.14443 -0.42474 0.34998
v -0.28113 -0.49057 0.44491
v -0.14443 -0.42474 0.36882
v -0.27213 -0.36324 0.44995
v -0.17347 -0.29752 0.58717
v -0.27213 -0.36324 0.44995
v -0.18062 -0.26621 0.43942
v -0.14443 -0.42474 0.65351
v -0.17591 -0.56265 0.59271
v -0.26187 -0.48129 0.58710
v -0.14443 -0.42474 0.65238
v -0.14443 -0.42474 0.66990
v -0.26187 -0.48129 0.58710
v -0.26187 -0.48129 0.58710
v -0.28113 -0.49057 0.44491
v -0.27213 -0.36324 0.44995
v -0.14443 -0.42474 0.65238
v -0.26187 -0.48129 0.58710
v -0.27276 -0.36294 0.59320
v -0.14443 -0.42474 0.65351
v -0.26187 -0.48129 0.58710
v -0.14443 -0.42474 0.66990
v -0.28113 -0.49057 0.44491
v -0.17962 -0.57889 0.44169
v -0.14443 -0.42474 0.36539
v -0.26187 -0.48129 0.58710
v -0.17962 -0.57889 0.44169
v -0.28113 -0.49057 0.44491
v -0.17591 -0.56265 0.59271
v -0.04776 -0.54596 0.44323
v -0.17962 -0.57889 0.44169
v -0.17962 -0.57889 0.44169
v -0.14443 -0.42474 0.38961
v -0.14443 -0.42474 0.36539
v -0.01196 -0.42474 0.45461
v -0.04128 -0.29539 0.43800
v -0.14443 -0.42474 0.38861
v -0.01196 -0.42474 0.45461
v -0.14443 -0.42474 0.38961
v -0.04776 -0.54596 0.44323
v -0.01196 -0.42474 0.45461
v -0.14443 -0.42474 0.38861
v -0.14443 -0.42474 0.36890
v -0.04731 -0.54653 0.59993
v -0.01196 -0.42474 0.45461
v -0.04776 -0.54596 0.44323
v -0.14443 -0.42474 0.65351
v -0.14443 -0.42474 0.67634
v -0.04731 -0.54653 0.59993
v -0.17591 -0.56265 0.59271
v -0.04731 -0.54653 0.59993
v -0.04776 -0.54596 0.44323
v -0.14443 -0.42474 0.65351
v -0.04731 -0.54653 0.59993
v -0.17591 -0.56265 0.59271
v -0.04609 -0.30142 0.60091
v -0.01196 -0.42474 0.45461
v -0.00719 -0.42474 0.59058
v -0.14443 -0.42474 0.67149
v -0.17347 -0.29752 0.58717
v -0.04609 -0.30142 0.60091
v -0.04609 -0.30142 0.60091
v -0.04128 -0.29539 0.43800
v -0.01196 -0.42474 0.45461
v -0.17347 -0.29752 0.58717
v -0.04128 -0.29539 0.43800
v -0.04609 -0.30142 0.60091
v -0.14443 -0.42474 0.67149
v -0.04609 -0.30142 0.60091
v -0.14443 -0.42474 0.68121
v -0.14443 -0.42474 0.67228
v -0.04731 -0.54653 0.59993
v -0.14443 -0.42474 0.67634
v -0.14443 -0.42474 0.67228
v -0.14443 -0.42474 0.68121
v -0.04609 -0.30142 0.60091
v -0.14443 -0.42474 0.67228
v -0.00719 -0.42474 0.59058
v -0.04731 -0.54653 0.59993
v -0.11635 -0.18330 0.70946
v -0.01152 -0.05185 0.65455
v 0.02111 -0.18330 0.63909
v -0.14724 -0.04797 0.63976
v -0.03429 -0.08040 0.50344
v -0.01152 -0.05185 0.65455
v 0.03316 -0.18330 0.49442
v -0.03429 -0.08040 0.50344
v -0.11635 -0.18330 0.43711
v -0.15265 -0.02426 0.48755
v -0.11635 -0.18330 0.40476
v -0.11635 -0.18330 0.43711
v -0.24913 -0.11936 0.49550
v -0.11635 -0.18330 0.40433
v -0.11635 -0.18330 0.40476
v -0.24913 -0.11936 0.49550
v -0.11635 -0.18330 0.43627
v -0.11635 -0.18330 0.40433
v -0.24823 -0.24681 0.49600
v -0.11635 -0.18330 0.43727
v -0.11635 -0.18330 0.43627
v -0.14846 -0.32398 0.49705
v -0.11635 -0.18330 0.43734
v -0.11635 -0.18330 0.43727
v -0.03250 -0.28845 0.63759
v -0.01764 -0.30709 0.48998
v -0.14846 -0.32398 0.49705
v -0.11635 -0.18330 0.73264
v -0.03250 -0.28845 0.63759
v -0.15210 -0.33993 0.65078
v -0.11635 -0.18330 0.71386
v -0.11635 -0.18330 0.73730
v -0.15210 -0.33993 0.65078
v -0.11635 -0.18330 0.71386
v -0.23440 -0.24015 0.63584
v -0.26512 -0.11166 0.65303
v -0.11635 -0.18330 0.72274
v -0.11635 -0.18330 0.73793
v -0.26512 -0.11166 0.65303
v -0.11635 -0.18330 0.71386
v -0.26512 -0.11166 0.65303
v -0.11635 -0.18330 0.73793
v -0.11635 -0.18330 0.71386
v -0.15210 -0.33993 0.65078
v -0.23440 -0.24015 0.63584
v -0.11635 -0.18330 0.73264
v -0.15210 -0.33993 0.65078
v -0.11635 -0.18330 0.73730
v -0.23440 -0.24015 0.63584
v -0.15210 -0.33993 0.65078
v -0.14846 -0.32398 0.49705
v -0.14846 -0.32398 0.49705
v -0.01764 -0.30709 0.48998
v -0.11635 -0.18330 0.43734
v -0.03250 -0.28845 0.63759
v -0.14846 -0.32398 0.49705
v -0.15210 -0.33993 0.65078
v -0.24823 -0.24681 0.49600
v -0.14846 -0.32398 0.49705
v -0.11635 -0.18330 0.43727
v -0.23440 -0.24015 0.63584
v -0.14846 -0.32398 0.49705
v -0.24823 -0.24681 0.49600
v -0.23440 -0.24015 0.63584
v -0.24823 -0.24681 0.49600
v -0.24913 -0.11936 0.49550
v -0.24913 -0.11936 0.49550
v -0.24823 -0.24681 0.49600
v -0.11635 -0.18330 0.43627
v -0.23440 -0.24015 0.63584
v -0.24913 -0.11936 0.49550
v -0.26512 -0.11166 0.65303
v -0.24913 -0.11936 0.49550
v -0.11635 -0.18330 0.40476
v -0.15265 -0.02426 0.48755
v 0.03316 -0.18330 0.49442
v -0.11635 -0.18330 0.43734
v -0.01764 -0.30709 0.48998
v 0.03316 -0.18330 0.49442
v -0.11635 -0.18330 0.43711
v -0.11635 -0.18330 0.42373
v 0.03316 -0.18330 0.49442
v -0.11635 -0.18330 0.42373
v -0.11635 -0.18330 0.43734
v -0.15265 -0.02426 0.48755
v -0.11635 -0.18330 0.43711
v -0.03429 -0.08040 0.50344
v -0.14724 -0.04797 0.63976
v -0.24913 -0.11936 0.49550
v -0.15265 -0.02426 0.48755
v -0.11635 -0.18330 0.70252
v -0.11635 -0.18330 0.72274
v -0.14724 -0.04797 0.63976
v -0.14724 -0.04797 0.63976
v -0.15265 -0.02426 0.48755
v -0.03429 -0.08040 0.50344
v -0.14724 -0.04797 0.63976
v -0.26512 -0.11166 0.65303
v -0.24913 -0.11936 0.49550
v -0.11635 -0.18330 0.72274
v -0.26512 -0.11166 0.65303
v -0.14724 -0.04797 0.63976
v -0.11635 -0.18330 0.70252
v -0.14724 -0.04797 0.63976
v -0.01152 -0.05185 0.65455
v -0.11635 -0.18330 0.70946
v -0.03250 -0.28845 0.63759
v -0.11635 -0.18330 0.73264
v -0.11635 -0.18330 0.70946
v -0.11635 -0.18330 0.70252
v -0.01152 -0.05185 0.65455
v -0.11635 -0.18330 0.70946
v 0.02111 -0.18330 0.63909
v -0.03250 -0.28845 0.63759
v -0.03405 -0.29422 0.80148
v -0.07090 -0.13274 0.74972
v 0.05649 -0.18069 0.73942
v 0.05649 -0.18069 0.73942
v -0.06567 -0.15567 0.59458
v 0.04961 -0.18932 0.59858
v -0.06567 -0.15567 0.59458
v -0.03405 -0.29422 0.53392
v 0.04961 -0.18932 0.59858
v -0.18372 -0.22214 0.74997
v -0.18216 -0.22289 0.58335
v -0.06567 -0.15567 0.59458
v -0.18216 -0.22289 0.58335
v -0.03405 -0.29422 0.53456
v -0.03405 -0.29422 0.49717
v -0.06814 -0.44362 0.58897
v -0.03405 -0.29422 0.50150
v -0.03405 -0.29422 0.53456
v -0.06814 -0.44362 0.58897
v -0.03405 -0.29422 0.50456
v -0.03405 -0.29422 0.50150
v 0.05678 -0.40812 0.73966
v 0.05703 -0.40843 0.59258
v -0.06814 -0.44362 0.58897
v -0.03405 -0.29422 0.80020
v 0.05678 -0.40812 0.73966
v -0.07002 -0.45182 0.74771
v -0.07002 -0.45182 0.74771
v -0.15358 -0.35179 0.59934
v -0.17239 -0.36085 0.74363
v -0.03405 -0.29422 0.81275
v -0.03405 -0.29422 0.83470
v -0.17239 -0.36085 0.74363
v -0.03405 -0.29422 0.83470
v -0.03405 -0.29422 0.83684
v -0.07002 -0.45182 0.74771
v -0.03405 -0.29422 0.83470
v -0.07002 -0.45182 0.74771
v -0.17239 -0.36085 0.74363
v -0.03405 -0.29422 0.80020
v -0.07002 -0.45182 0.74771
v -0.03405 -0.29422 0.83684
v -0.06814 -0.44362 0.58897
v 0.05703 -0.40843 0.59258
v -0.03405 -0.29422 0.50456
v -0.07002 -0.45182 0.74771
v -0.06814 -0.44362 0.58897
v -0.15358 -0.35179 0.59934
v 0.05678 -0.40812 0.73966
v -0.06814 -0.44362 0.58897
v -0.07002 -0.45182 0.74771
v -0.06814 -0.44362 0.58897
v -0.03405 -0.29422 0.53456
v -0.15358 -0.35179 0.59934
v -0.18216 -0.22289 0.58335
v -0.03405 -0.29422 0.49717
v -0.03405 -0.29422 0.52632
v -0.18216 -0.22289 0.58335
v -0.15358 -0.35179 0.59934
v -0.03405 -0.29422 0.53456
v -0.18372 -0.22214 0.74997
v -0.15358 -0.35179 0.59934
v -0.18216 -0.22289 0.58335
v -0.03405 -0.29422 0.81261
v -0.03405 -0.29422 0.81275
v -0.18372 -0.22214 0.74997
v -0.18372 -0.22214 0.74997
v -0.17239 -0.36085 0.74363
v -0.15358 -0.35179 0.59934
v -0.03405 -0.29422 0.81275
v -0.17239 -0.36085 0.74363
v -0.18372 -0.22214 0.74997
v -0.06567 -0.15567 0.59458
v -0.03405 -0.29422 0.52632
v -0.03405 -0.29422 0.53392
v -0.18216 -0.22289 0.58335
v -0.03405 -0.29422 0.52632
v -0.06567 -0.15567 0.59458
v 0.05649 -0.18069 0.73942
v -0.07090 -0.13274 0.74972
v -0.06567 -0.15567 0.59458
v -0.18372 -0.22214 0.74997
v -0.06567 -0.15567 0.59458
v -0.07090 -0.13274 0.74972
v -0.03405 -0.29422 0.81261
v -0.18372 -0.22214 0.74997
v -0.07090 -0.13274 0.74972
v -0.03405 -0.29422 0.80148
v -0.03405 -0.29422 0.81261
v -0.07090 -0.13274 0.74972
v -0.01432 -0.24311 0.58642
v -0.05146 -0.08041 0.51826
v -0.01432 -0.24311 0.60207
v -0.15421 -0.17574 0.51241
v -0.04429 -0.11181 0.36625
v -0.05146 -0.08041 0.51826
v -0.04429 -0.11181 0.36625
v -0.01432 -0.24311 0.28476
v -0.01432 -0.24311 0.27375
v -0.14963 -0.30827 0.35843
v -0.01432 -0.24311 0.27188
v -0.01432 -0.24311 0.28476
v -0.04550 -0.37969 0.36352
v -0.01432 -0.24311 0.27081
v -0.01432 -0.24311 0.27188
v -0.04550 -0.37969 0.36352
v 0.06803 -0.34638 0.36755
v -0.01432 -0.24311 0.28857
v -0.04550 -0.37969 0.36352
v -0.01432 -0.24311 0.28857
v -0.01432 -0.24311 0.27081
v -0.16530 -0.31582 0.51861
v -0.05205 -0.40842 0.51961
v -0.04550 -0.37969 0.36352
v -0.01432 -0.24311 0.58146
v 0.06824 -0.34665 0.50090
v -0.05205 -0.40842 0.51961
v -0.01432 -0.24311 0.58146
v -0.01432 -0.24311 0.59991
v 0.06824 -0.34665 0.50090
v -0.01432 -0.24311 0.58146
v -0.05205 -0.40842 0.51961
v -0.16530 -0.31582 0.51861
v -0.01432 -0.24311 0.58146
v -0.16530 -0.31582 0.51861
v -0.01432 -0.24311 0.60163
v -0.04550 -0.37969 0.36352
v -0.01432 -0.24311 0.27188
v -0.14963 -0.30827 0.35843
v -0.16530 -0.31582 0.51861
v -0.04550 -0.37969 0.36352
v -0.14963 -0.30827 0.35843
v -0.14963 -0.30827 0.35843
v -0.01432 -0.24311 0.28476
v -0.14519 -0.18009 0.36092
v -0.04429 -0.11181 0.36625
v -0.14519 -0.18009 0.36092
v -0.01432 -0.24311 0.28476
v -0.15421 -0.17574 0.51241
v -0.14963 -0.30827 0.35843
v -0.14519 -0.18009 0.36092
v -0.15421 -0.17574 0.51241
v -0.14519 -0.18009 0.36092
v -0.04429 -0.11181 0.36625
v -0.15421 -0.17574 0.51241
v -0.16530 -0.31582 0.51861
v -0.14963 -0.30827 0.35843
v -0.01432 -0.24311 0.58642
v -0.01432 -0.24311 0.60163
v -0.16530 -0.31582 0.51861
v -0.01432 -0.24311 0.58642
v -0.15421 -0.17574 0.51241
v -0.05146 -0.08041 0.51826
v -0.01432 -0.24311 0.58642
v -0.16530 -0.31582 0.51861
v -0.15421 -0.17574 0.51241
vt 0.230469 0.996094
vt 0.230469 0.996094
vt 0.230469 0.996094
vt 0.230469 0.996094
vt 0.230469 0.996094
vt 0.230469 0.996094
vt 0.230469 0.996094
vt 0.230469 0.996094
vt 0.230469 0.996094
vt 0.199219 0.996094
vt 0.199219 0.996094
vt 0.199219 0.996094
vt 0.199219 0.996094
vt 0.199219 0.996094
vt 0.199219 0.996094
vt 0.230469 0.996094
vt 0.230469 0.996094
vt 0.230469 0.996094
vt 0.199219 0.996094
vt 0.199219 0.996094
vt 0.199219 0.996094
vt 0.199219 0.996094
vt 0.199219 0.996094
vt 0.199219 0.996094
vt 0.175781 0.996094
vt 0.175781 0.996094
vt 0.175781 0.996094
vt 0.199219 0.996094
vt 0.199219 0.996094
vt 0.199219 0.996094
vt 0.230469 0.996094
vt 0.230469 0.996094
vt 0.230469 0.996094
vt 0.230469 0.996094
vt 0.230469 0.996094
vt 0.230469 0.996094
vt 0.230469 0.996094
vt 0.230469 0.996094
vt 0.230469 0.996094
vt 0.230469 0.996094
vt 0.230469 0.996094
vt 0.230469 0.996094
vt 0.230469 0.996094
vt 0.230469 0.996094
vt 0.230469 0.996094
vt 0.175781 0.996094
vt 0.175781 0.996094
vt 0.175781 0.996094
vt 0.199219 0.996094
vt 0.199219 0.996094
vt 0.199219 0.996094
vt 0.199219 0.996094
vt 0.199219 0.996094
vt 0.199219 0.996094
vt 0.230469 0.996094
vt 0.230469 0.996094
vt 0.230469 0.996094
vt 0.230469 0.996094
vt 0.230469 0.996094
vt 0.230469 0.996094
vt 0.230469 0.996094
vt 0.230469 0.996094
vt 0.230469 0.996094
vt 0.214844 0.996094
vt 0.214844 0.996094
vt 0.214844 0.996094
vt 0.230469 0.996094
vt 0.230469 0.996094
vt 0.230469 0.996094
vt 0.230469 0.996094
vt 0.230469 0.996094
vt 0.230469 0.996094
vt 0.230469 0.996094
vt 0.230469 0.996094
vt 0.230469 0.996094
vt 0.230469 0.996094
vt 0.230469 0.996094
vt 0.230469 0.996094
vt 0.230469 0.996094
vt 0.230469 0.996094
vt 0.230469 0.996094
vt 0.230469 0.996094
vt 0.230469 0.996094
vt 0.230469 0.996094
vt 0.238281 0.996094
vt 0.238281 0.996094
vt 0.238281 0.996094
vt 0.238281 0.996094
vt 0.238281 0.996094
vt 0.238281 0.996094
vt 0.238281 0.996094
vt 0.238281 0.996094
vt 0.238281 0.996094
vt 0.199219 0.996094
vt 0.199219 0.996094
vt 0.199219 0.996094
vt 0.199219 0.996094
vt 0.199219 0.996094
vt 0.199219 0.996094
vt 0.191406 0.996094
vt 0.191406 0.996094
vt 0.191406 0.996094
vt 0.191406 0.996094
vt 0.191406 0.996094
vt 0.191406 0.996094
vt 0.199219 0.996094
vt 0.199219 0.996094
vt 0.199219 0.996094
vt 0.199219 0.996094
vt 0.199219 0.996094
vt 0.199219 0.996094
vt 0.199219 0.996094
vt 0.199219 0.996094
vt 0.199219 0.996094
vt 0.238281 0.996094
vt 0.238281 0.996094
vt 0.238281 0.996094
vt 0.238281 0.996094
vt 0.238281 0.996094
vt 0.238281 0.996094
vt 0.238281 0.996094
vt 0.238281 0.996094
vt 0.238281 0.996094
vt 0.238281 0.996094
vt 0.238281 0.996094
vt 0.238281 0.996094
vt 0.238281 0.996094
vt 0.238281 0.996094
vt 0.238281 0.996094
vt 0.238281 0.996094
vt 0.238281 0.996094
vt 0.238281 0.996094
vt 0.238281 0.996094
vt 0.238281 0.996094
vt 0.238281 0.996094
vt 0.191406 0.996094
vt 0.191406 0.996094
vt 0.191406 0.996094
vt 0.230469 0.996094
vt 0.230469 0.996094
vt 0.230469 0.996094
vt 0.175781 0.996094
vt 0.175781 0.996094
vt 0.175781 0.996094
vt 0.199219 0.996094
vt 0.199219 0.996094
vt 0.199219 0.996094
vt 0.230469 0.996094
vt 0.230469 0.996094
vt 0.230469 0.996094
vt 0.238281 0.996094
vt 0.238281 0.996094
vt 0.238281 0.996094
vt 0.199219 0.996094
vt 0.199219 0.996094
vt 0.199219 0.996094
vt 0.230469 0.996094
vt 0.230469 0.996094
vt 0.230469 0.996094
vt 0.238281 0.996094
vt 0.238281 0.996094
vt 0.238281 0.996094
vt 0.207031 0.996094
vt 0.207031 0.996094
vt 0.207031 0.996094
vt 0.230469 0.996094
vt 0.230469 0.996094
vt 0.230469 0.996094
vt 0.230469 0.996094
vt 0.230469 0.996094
vt 0.230469 0.996094
vt 0.238281 0.996094
vt 0.238281 0.996094
vt 0.238281 0.996094
vt 0.238281 0.996094
vt 0.238281 0.996094
vt 0.238281 0.996094
vt 0.238281 0.996094
vt 0.238281 0.996094
vt 0.238281 0.996094
vt 0.238281 0.996094
vt 0.238281 0.996094
vt 0.238281 0.996094
vt 0.238281 0.996094
vt 0.238281 0.996094
vt 0.238281 0.996094
vt 0.238281 0.996094
vt 0.238281 0.996094
vt 0.238281 0.996094
vt 0.238281 0.996094
vt 0.238281 0.996094
vt 0.238281 0.996094
vt 0.230469 0.996094
vt 0.230469 0.996094
vt 0.230469 0.996094
vt 0.191406 0.996094
vt 0.191406 0.996094
vt 0.191406 0.996094
vt 0.160156 0.996094
vt 0.160156 0.996094
vt 0.160156 0.996094
vt 0.199219 0.996094
vt 0.199219 0.996094
vt 0.199219 0.996094
vt 0.230469 0.996094
vt 0.230469 0.996094
vt 0.230469 0.996094
vt 0.230469 0.996094
vt 0.230469 0.996094
vt 0.230469 0.996094
vt 0.230469 0.996094
vt 0.230469 0.996094
vt 0.230469 0.996094
vt 0.230469 0.996094
vt 0.230469 0.996094
vt 0.230469 0.996094
vt 0.214844 0.996094
vt 0.214844 0.996094
vt 0.214844 0.996094
vt 0.230469 0.996094
vt 0.230469 0.996094
vt 0.230469 0.996094
vt 0.230469 0.996094
vt 0.230469 0.996094
vt 0.230469 0.996094
vt 0.230469 0.996094
vt 0.230469 0.996094
vt 0.230469 0.996094
vt 0.230469 0.996094
vt 0.230469 0.996094
vt 0.230469 0.996094
vt 0.230469 0.996094
vt 0.230469 0.996094
vt 0.230469 0.996094
vt 0.214844 0.996094
vt 0.214844 0.996094
vt 0.214844 0.996094
vt 0.230469 0.996094
vt 0.230469 0.996094
vt 0.230469 0.996094
vt 0.230469 0.996094
vt 0.230469 0.996094
vt 0.230469 0.996094
vt 0.230469 0.996094
vt 0.230469 0.996094
vt 0.230469 0.996094
vt 0.230469 0.996094
vt 0.230469 0.996094
vt 0.230469 0.996094
vt 0.230469 0.996094
vt 0.230469 0.996094
vt 0.230469 0.996094
vt 0.230469 0.996094
vt 0.230469 0.996094
vt 0.230469 0.996094
vt 0.230469 0.996094
vt 0.230469 0.996094
vt 0.230469 0.996094
vt 0.230469 0.996094
vt 0.230469 0.996094
vt 0.230469 0.996094
vt 0.230469 0.996094
vt 0.230469 0.996094
vt 0.230469 0.996094
vt 0.207031 0.996094
vt 0.207031 0.996094
vt 0.207031 0.996094
vt 0.199219 0.996094
vt 0.199219 0.996094
vt 0.199219 0.996094
vt 0.167969 0.996094
vt 0.167969 0.996094
vt 0.167969 0.996094
vt 0.167969 0.996094
vt 0.167969 0.996094
vt 0.167969 0.996094
vt 0.160156 0.996094
vt 0.160156 0.996094
vt 0.160156 0.996094
vt 0.230469 0.996094
vt 0.230469 0.996094
vt 0.230469 0.996094
vt 0.230469 0.996094
vt 0.230469 0.996094
vt 0.230469 0.996094
vt 0.230469 0.996094
vt 0.230469 0.996094
vt 0.230469 0.996094
vt 0.230469 0.996094
vt 0.230469 0.996094
vt 0.230469 0.996094
vt 0.199219 0.996094
vt 0.199219 0.996094
vt 0.199219 0.996094
vt 0.152344 0.996094
vt 0.152344 0.996094
vt 0.152344 0.996094
vt 0.175781 0.996094
vt 0.175781 0.996094
vt 0.175781 0.996094
vt 0.175781 0.996094
vt 0.175781 0.996094
vt 0.175781 0.996094
vt 0.167969 0.996094
vt 0.167969 0.996094
vt 0.167969 0.996094
vt 0.199219 0.996094
vt 0.199219 0.996094
vt 0.199219 0.996094
vt 0.199219 0.996094
vt 0.199219 0.996094
vt 0.199219 0.996094
vt 0.199219 0.996094
vt 0.199219 0.996094
vt 0.199219 0.996094
vt 0.230469 0.996094
vt 0.230469 0.996094
vt 0.230469 0.996094
vt 0.230469 0.996094
vt 0.230469 0.996094
vt 0.230469 0.996094
vt 0.230469 0.996094
vt 0.230469 0.996094
vt 0.230469 0.996094
vt 0.230469 0.996094
vt 0.230469 0.996094
vt 0.230469 0.996094
vt 0.230469 0.996094
vt 0.230469 0.996094
vt 0.230469 0.996094
vt 0.105469 0.996094
vt 0.105469 0.996094
vt 0.105469 0.996094
vt 0.089844 0.996094
vt 0.089844 0.996094
vt 0.089844 0.996094
vt 0.105469 0.996094
vt 0.105469 0.996094
vt 0.105469 0.996094
vt 0.105469 0.996094
vt 0.105469 0.996094
vt 0.105469 0.996094
vt 0.230469 0.996094
vt 0.230469 0.996094
vt 0.230469 0.996094
vt 0.199219 0.996094
vt 0.199219 0.996094
vt 0.199219 0.996094
vt 0.230469 0.996094
vt 0.230469 0.996094
vt 0.230469 0.996094
vt 0.230469 0.996094
vt 0.230469 0.996094
vt 0.230469 0.996094
vt 0.230469 0.996094
vt 0.230469 0.996094
vt 0.230469 0.996094
vt 0.230469 0.996094
vt 0.230469 0.996094
vt 0.230469 0.996094
vt 0.230469 0.996094
vt 0.230469 0.996094
vt 0.230469 0.996094
vt 0.230469 0.996094
vt 0.230469 0.996094
vt 0.230469 0.996094
vt 0.230469 0.996094
vt 0.230469 0.996094
vt 0.230469 0.996094
vt 0.230469 0.996094
vt 0.230469 0.996094
vt 0.230469 0.996094
vt 0.230469 0.996094
vt 0.230469 0.996094
vt 0.230469 0.996094
vt 0.199219 0.996094
vt 0.199219 0.996094
vt 0.199219 0.996094
vt 0.199219 0.996094
vt 0.199219 0.996094
vt 0.199219 0.996094
vt 0.199219 0.996094
vt 0.199219 0.996094
vt 0.199219 0.996094
vt 0.199219 0.996094
vt 0.199219 0.996094
vt 0.199219 0.996094
vt 0.230469 0.996094
vt 0.230469 0.996094
vt 0.230469 0.996094
vt 0.230469 0.996094
vt 0.230469 0.996094
vt 0.230469 0.996094
vt 0.230469 0.996094
vt 0.230469 0.996094
vt 0.230469 0.996094
vt 0.230469 0.996094
vt 0.230469 0.996094
vt 0.230469 0.996094
vt 0.230469 0.996094
vt 0.230469 0.996094
vt 0.230469 0.996094
vt 0.230469 0.996094
vt 0.230469 0.996094
vt 0.230469 0.996094
vt 0.199219 0.996094
vt 0.199219 0.996094
vt 0.199219 0.996094
vt 0.230469 0.996094
vt 0.230469 0.996094
vt 0.230469 0.996094
vt 0.230469 0.996094
vt 0.230469 0.996094
vt 0.230469 0.996094
vt 0.199219 0.996094
vt 0.199219 0.996094
vt 0.199219 0.996094
vt 0.230469 0.996094
vt 0.230469 0.996094
vt 0.230469 0.996094
vt 0.199219 0.996094
vt 0.199219 0.996094
vt 0.199219 0.996094
vt 0.199219 0.996094
vt 0.199219 0.996094
vt 0.199219 0.996094
vt 0.230469 0.996094
vt 0.230469 0.996094
vt 0.230469 0.996094
vt 0.230469 0.996094
vt 0.230469 0.996094
vt 0.230469 0.996094
vt 0.230469 0.996094
vt 0.230469 0.996094
vt 0.230469 0.996094
vt 0.230469 0.996094
vt 0.230469 0.996094
vt 0.230469 0.996094
vt 0.199219 0.996094
vt 0.199219 0.996094
vt 0.199219 0.996094
vt 0.199219 0.996094
vt 0.199219 0.996094
vt 0.199219 0.996094
vt 0.199219 0.996094
vt 0.199219 0.996094
vt 0.199219 0.996094
vt 0.230469 0.996094
vt 0.230469 0.996094
vt 0.230469 0.996094
vt 0.230469 0.996094
vt 0.230469 0.996094
vt 0.230469 0.996094
vt 0.230469 0.996094
vt 0.230469 0.996094
vt 0.230469 0.996094
vt 0.214844 0.996094
vt 0.214844 0.996094
vt 0.214844 0.996094
vt 0.230469 0.996094
vt 0.230469 0.996094
vt 0.230469 0.996094
vt 0.230469 0.996094
vt 0.230469 0.996094
vt 0.230469 0.996094
vt 0.230469 0.996094
vt 0.230469 0.996094
vt 0.230469 0.996094
vt 0.167969 0.996094
vt 0.167969 0.996094
vt 0.167969 0.996094
vt 0.175781 0.996094
vt 0.175781 0.996094
vt 0.175781 0.996094
vt 0.199219 0.996094
vt 0.199219 0.996094
vt 0.199219 0.996094
vt 0.199219 0.996094
vt 0.199219 0.996094
vt 0.199219 0.996094
vt 0.199219 0.996094
vt 0.199219 0.996094
vt 0.199219 0.996094
vt 0.199219 0.996094
vt 0.199219 0.996094
vt 0.199219 0.996094
vt 0.175781 0.996094
vt 0.175781 0.996094
vt 0.175781 0.996094
vt 0.175781 0.996094
vt 0.175781 0.996094
vt 0.175781 0.996094
vt 0.167969 0.996094
vt 0.167969 0.996094
vt 0.167969 0.996094
vt 0.136719 0.996094
vt 0.136719 0.996094
vt 0.136719 0.996094
vt 0.152344 0.996094
vt 0.152344 0.996094
vt 0.152344 0.996094
vt 0.152344 0.996094
vt 0.152344 0.996094
vt 0.152344 0.996094
vt 0.167969 0.996094
vt 0.167969 0.996094
vt 0.167969 0.996094
vt 0.167969 0.996094
vt 0.167969 0.996094
vt 0.167969 0.996094
vt 0.175781 0.996094
vt 0.175781 0.996094
vt 0.175781 0.996094
vt 0.175781 0.996094
vt 0.175781 0.996094
vt 0.175781 0.996094
vt 0.152344 0.996094
vt 0.152344 0.996094
vt 0.152344 0.996094
vt 0.152344 0.996094
vt 0.152344 0.996094
vt 0.152344 0.996094
vt 0.160156 0.996094
vt 0.160156 0.996094
vt 0.160156 0.996094
vt 0.152344 0.996094
vt 0.152344 0.996094
vt 0.152344 0.996094
vt 0.167969 0.996094
vt 0.167969 0.996094
vt 0.167969 0.996094
vt 0.152344 0.996094
vt 0.152344 0.996094
vt 0.152344 0.996094
vt 0.175781 0.996094
vt 0.175781 0.996094
vt 0.175781 0.996094
vt 0.199219 0.996094
vt 0.199219 0.996094
vt 0.199219 0.996094
vt 0.199219 0.996094
vt 0.199219 0.996094
vt 0.199219 0.996094
vt 0.199219 0.996094
vt 0.199219 0.996094
vt 0.199219 0.996094
vt 0.199219 0.996094
vt 0.199219 0.996094
vt 0.199219 0.996094
vt 0.199219 0.996094
vt 0.199219 0.996094
vt 0.199219 0.996094
vt 0.167969 0.996094
vt 0.167969 0.996094
vt 0.167969 0.996094
vt 0.152344 0.996094
vt 0.152344 0.996094
vt 0.152344 0.996094
vt 0.183594 0.996094
vt 0.183594 0.996094
vt 0.183594 0.996094
vt 0.152344 0.996094
vt 0.152344 0.996094
vt 0.152344 0.996094
vt 0.199219 0.996094
vt 0.199219 0.996094
vt 0.199219 0.996094
vt 0.199219 0.996094
vt 0.199219 0.996094
vt 0.199219 0.996094
vt 0.175781 0.996094
vt 0.175781 0.996094
vt 0.175781 0.996094
vt 0.160156 0.996094
vt 0.160156 0.996094
vt 0.160156 0.996094
vt 0.199219 0.996094
vt 0.199219 0.996094
vt 0.199219 0.996094
vt 0.160156 0.996094
vt 0.160156 0.996094
vt 0.160156 0.996094
vt 0.167969 0.996094
vt 0.167969 0.996094
vt 0.167969 0.996094
vt 0.175781 0.996094
vt 0.175781 0.996094
vt 0.175781 0.996094
vt 0.175781 0.996094
vt 0.175781 0.996094
vt 0.175781 0.996094
vt 0.175781 0.996094
vt 0.175781 0.996094
vt 0.175781 0.996094
vt 0.230469 0.996094
vt 0.230469 0.996094
vt 0.230469 0.996094
vt 0.199219 0.996094
vt 0.199219 0.996094
vt 0.199219 0.996094
vt 0.230469 0.996094
vt 0.230469 0.996094
vt 0.230469 0.996094
vt 0.199219 0.996094
vt 0.199219 0.996094
vt 0.199219 0.996094
vt 0.199219 0.996094
vt 0.199219 0.996094
vt 0.199219 0.996094
vt 0.199219 0.996094
vt 0.199219 0.996094
vt 0.199219 0.996094
vt 0.230469 0.996094
vt 0.230469 0.996094
vt 0.230469 0.996094
vt 0.230469 0.996094
vt 0.230469 0.996094
vt 0.230469 0.996094
vt 0.238281 0.996094
vt 0.238281 0.996094
vt 0.238281 0.996094
vt 0.238281 0.996094
vt 0.238281 0.996094
vt 0.238281 0.996094
vt 0.238281 0.996094
vt 0.238281 0.996094
vt 0.238281 0.996094
vt 0.199219 0.996094
vt 0.199219 0.996094
vt 0.199219 0.996094
vt 0.199219 0.996094
vt 0.199219 0.996094
vt 0.199219 0.996094
vt 0.199219 0.996094
vt 0.199219 0.996094
vt 0.199219 0.996094
vt 0.199219 0.996094
vt 0.199219 0.996094
vt 0.199219 0.996094
vt 0.230469 0.996094
vt 0.230469 0.996094
vt 0.230469 0.996094
vt 0.230469 0.996094
vt 0.230469 0.996094
vt 0.230469 0.996094
vt 0.199219 0.996094
vt 0.199219 0.996094
vt 0.199219 0.996094
vt 0.167969 0.996094
vt 0.167969 0.996094
vt 0.167969 0.996094
vt 0.199219 0.996094
vt 0.199219 0.996094
vt 0.199219 0.996094
vt 0.191406 0.996094
vt 0.191406 0.996094
vt 0.191406 0.996094
vt 0.230469 0.996094
vt 0.230469 0.996094
vt 0.230469 0.996094
vt 0.230469 0.996094
vt 0.230469 0.996094
vt 0.230469 0.996094
vt 0.160156 0.996094
vt 0.160156 0.996094
vt 0.160156 0.996094
vt 0.230469 0.996094
vt 0.230469 0.996094
vt 0.230469 0.996094
vt 0.175781 0.996094
vt 0.175781 0.996094
vt 0.175781 0.996094
vt 0.230469 0.996094
vt 0.230469 0.996094
vt 0.230469 0.996094
vt 0.238281 0.996094
vt 0.238281 0.996094
vt 0.238281 0.996094
vt 0.230469 0.996094
vt 0.230469 0.996094
vt 0.230469 0.996094
vt 0.230469 0.996094
vt 0.230469 0.996094
vt 0.230469 0.996094
vt 0.199219 0.996094
vt 0.199219 0.996094
vt 0.199219 0.996094
vt 0.167969 0.996094
vt 0.167969 0.996094
vt 0.167969 0.996094
vt 0.199219 0.996094
vt 0.199219 0.996094
vt 0.199219 0.996094
vt 0.191406 0.996094
vt 0.191406 0.996094
vt 0.191406 0.996094
vt 0.175781 0.996094
vt 0.175781 0.996094
vt 0.175781 0.996094
vt 0.230469 0.996094
vt 0.230469 0.996094
vt 0.230469 0.996094
vt 0.230469 0.996094
vt 0.230469 0.996094
vt 0.230469 0.996094
vt 0.230469 0.996094
vt 0.230469 0.996094
vt 0.230469 0.996094
vt 0.230469 0.996094
vt 0.230469 0.996094
vt 0.230469 0.996094
vt 0.199219 0.996094
vt 0.199219 0.996094
vt 0.199219 0.996094
vt 0.199219 0.996094
vt 0.199219 0.996094
vt 0.199219 0.996094
vt 0.199219 0.996094
vt 0.199219 0.996094
vt 0.199219 0.996094
vt 0.214844 0.996094
vt 0.214844 0.996094
vt 0.214844 0.996094
vt 0.214844 0.996094
vt 0.214844 0.996094
vt 0.214844 0.996094
vt 0.214844 0.996094
vt 0.214844 0.996094
vt 0.214844 0.996094
vt 0.214844 0.996094
vt 0.214844 0.996094
vt 0.214844 0.996094
vt 0.214844 0.996094
vt 0.214844 0.996094
vt 0.214844 0.996094
vt 0.214844 0.996094
vt 0.214844 0.996094
vt 0.214844 0.996094
vt 0.214844 0.996094
vt 0.214844 0.996094
vt 0.214844 0.996094
vt 0.214844 0.996094
vt 0.214844 0.996094
vt 0.214844 0.996094
vt 0.214844 0.996094
vt 0.214844 0.996094
vt 0.214844 0.996094
vt 0.214844 0.996094
vt 0.214844 0.996094
vt 0.214844 0.996094
vt 0.214844 0.996094
vt 0.214844 0.996094
vt 0.214844 0.996094
vt 0.199219 0.996094
vt 0.199219 0.996094
vt 0.199219 0.996094
vt 0.199219 0.996094
vt 0.199219 0.996094
vt 0.199219 0.996094
vt 0.199219 0.996094
vt 0.199219 0.996094
vt 0.199219 0.996094
vt 0.214844 0.996094
vt 0.214844 0.996094
vt 0.214844 0.996094
vt 0.214844 0.996094
vt 0.214844 0.996094
vt 0.214844 0.996094
vt 0.214844 0.996094
vt 0.214844 0.996094
vt 0.214844 0.996094
vt 0.214844 0.996094
vt 0.214844 0.996094
vt 0.214844 0.996094
vt 0.214844 0.996094
vt 0.214844 0.996094
vt 0.214844 0.996094
vt 0.214844 0.996094
vt 0.214844 0.996094
vt 0.214844 0.996094
vt 0.214844 0.996094
vt 0.214844 0.996094
vt 0.214844 0.996094
vt 0.199219 0.996094
vt 0.199219 0.996094
vt 0.199219 0.996094
vt 0.214844 0.996094
vt 0.214844 0.996094
vt 0.214844 0.996094
vt 0.214844 0.996094
vt 0.214844 0.996094
vt 0.214844 0.996094
vt 0.214844 0.996094
vt 0.214844 0.996094
vt 0.214844 0.996094
vt 0.214844 0.996094
vt 0.214844 0.996094
vt 0.214844 0.996094
vt 0.214844 0.996094
vt 0.214844 0.996094
vt 0.214844 0.996094
vt 0.214844 0.996094
vt 0.214844 0.996094
vt 0.214844 0.996094
vt 0.214844 0.996094
vt 0.214844 0.996094
vt 0.214844 0.996094
vt 0.214844 0.996094
vt 0.214844 0.996094
vt 0.214844 0.996094
vt 0.199219 0.996094
vt 0.199219 0.996094
vt 0.199219 0.996094
vt 0.214844 0.996094
vt 0.214844 0.996094
vt 0.214844 0.996094
vt 0.199219 0.996094
vt 0.199219 0.996094
vt 0.199219 0.996094
vt 0.214844 0.996094
vt 0.214844 0.996094
vt 0.214844 0.996094
vt 0.214844 0.996094
vt 0.214844 0.996094
vt 0.214844 0.996094
vt 0.214844 0.996094
vt 0.214844 0.996094
vt 0.214844 0.996094
vt 0.214844 0.996094
vt 0.214844 0.996094
vt 0.214844 0.996094
vt 0.214844 0.996094
vt 0.214844 0.996094
vt 0.214844 0.996094
vt 0.214844 0.996094
vt 0.214844 0.996094
vt 0.214844 0.996094
vt 0.214844 0.996094
vt 0.214844 0.996094
vt 0.214844 0.996094
vt 0.214844 0.996094
vt 0.214844 0.996094
vt 0.214844 0.996094
vt 0.214844 0.996094
vt 0.214844 0.996094
vt 0.214844 0.996094
vt 0.230469 0.996094
vt 0.230469 0.996094
vt 0.230469 0.996094
vt 0.230469 0.996094
vt 0.230469 0.996094
vt 0.230469 0.996094
vt 0.230469 0.996094
vt 0.230469 0.996094
vt 0.230469 0.996094
vt 0.230469 0.996094
vt 0.230469 0.996094
vt 0.230469 0.996094
vt 0.230469 0.996094
vt 0.230469 0.996094
vt 0.230469 0.996094
vt 0.230469 0.996094
vt 0.230469 0.996094
vt 0.230469 0.996094
vt 0.230469 0.996094
vt 0.230469 0.996094
vt 0.230469 0.996094
vt 0.230469 0.996094
vt 0.230469 0.996094
vt 0.230469 0.996094
vt 0.230469 0.996094
vt 0.230469 0.996094
vt 0.230469 0.996094
vt 0.230469 0.996094
vt 0.230469 0.996094
vt 0.230469 0.996094
vt 0.230469 0.996094
vt 0.230469 0.996094
vt 0.230469 0.996094
vt 0.230469 0.996094
vt 0.230469 0.996094
vt 0.230469 0.996094
vt 0.230469 0.996094
vt 0.230469 0.996094
vt 0.230469 0.996094
vt 0.230469 0.996094
vt 0.230469 0.996094
vt 0.230469 0.996094
vt 0.230469 0.996094
vt 0.230469 0.996094
vt 0.230469 0.996094
vt 0.230469 0.996094
vt 0.230469 0.996094
vt 0.230469 0.996094
vt 0.230469 0.996094
vt 0.230469 0.996094
vt 0.230469 0.996094
vt 0.230469 0.996094
vt 0.230469 0.996094
vt 0.230469 0.996094
vt 0.230469 0.996094
vt 0.230469 0.996094
vt 0.230469 0.996094
vt 0.230469 0.996094
vt 0.230469 0.996094
vt 0.230469 0.996094
vt 0.230469 0.996094
vt 0.230469 0.996094
vt 0.230469 0.996094
vt 0.230469 0.996094
vt 0.230469 0.996094
vt 0.230469 0.996094
vt 0.230469 0.996094
vt 0.230469 0.996094
vt 0.230469 0.996094
vt 0.230469 0.996094
vt 0.230469 0.996094
vt 0.230469 0.996094
vt 0.230469 0.996094
vt 0.230469 0.996094
vt 0.230469 0.996094
vt 0.230469 0.996094
vt 0.230469 0.996094
vt 0.230469 0.996094
vt 0.230469 0.996094
vt 0.230469 0.996094
vt 0.230469 0.996094
vt 0.230469 0.996094
vt 0.230469 0.996094
vt 0.230469 0.996094
vt 0.230469 0.996094
vt 0.230469 0.996094
vt 0.230469 0.996094
vt 0.230469 0.996094
vt 0.230469 0.996094
vt 0.230469 0.996094
vt 0.230469 0.996094
vt 0.230469 0.996094
vt 0.230469 0.996094
vt 0.230469 0.996094
vt 0.230469 0.996094
vt 0.230469 0.996094
vt 0.230469 0.996094
vt 0.230469 0.996094
vt 0.230469 0.996094
vt 0.230469 0.996094
vt 0.230469 0.996094
vt 0.230469 0.996094
vt 0.230469 0.996094
vt 0.230469 0.996094
vt 0.230469 0.996094
vt 0.230469 0.996094
vt 0.230469 0.996094
vt 0.230469 0.996094
vt 0.230469 0.996094
vt 0.230469 0.996094
vt 0.230469 0.996094
vt 0.230469 0.996094
vt 0.230469 0.996094
vt 0.230469 0.996094
vt 0.230469 0.996094
vt 0.230469 0.996094
vt 0.230469 0.996094
vt 0.230469 0.996094
vt 0.230469 0.996094
vt 0.230469 0.996094
vt 0.230469 0.996094
vt 0.230469 0.996094
vt 0.230469 0.996094
vt 0.230469 0.996094
vt 0.230469 0.996094
vt 0.230469 0.996094
vt 0.214844 0.996094
vt 0.214844 0.996094
vt 0.214844 0.996094
vt 0.214844 0.996094
vt 0.214844 0.996094
vt 0.214844 0.996094
vt 0.214844 0.996094
vt 0.214844 0.996094
vt 0.214844 0.996094
vt 0.214844 0.996094
vt 0.214844 0.996094
vt 0.214844 0.996094
vt 0.167969 0.996094
vt 0.167969 0.996094
vt 0.167969 0.996094
vt 0.167969 0.996094
vt 0.167969 0.996094
vt 0.167969 0.996094
vt 0.214844 0.996094
vt 0.214844 0.996094
vt 0.214844 0.996094
vt 0.199219 0.996094
vt 0.199219 0.996094
vt 0.199219 0.996094
vt 0.199219 0.996094
vt 0.199219 0.996094
vt 0.199219 0.996094
vt 0.214844 0.996094
vt 0.214844 0.996094
vt 0.214844 0.996094
vt 0.214844 0.996094
vt 0.214844 0.996094
vt 0.214844 0.996094
vt 0.214844 0.996094
vt 0.214844 0.996094
vt 0.214844 0.996094
vt 0.214844 0.996094
vt 0.214844 0.996094
vt 0.214844 0.996094
vt 0.199219 0.996094
vt 0.199219 0.996094
vt 0.199219 0.996094
vt 0.167969 0.996094
vt 0.167969 0.996094
vt 0.167969 0.996094
vt 0.136719 0.996094
vt 0.136719 0.996094
vt 0.136719 0.996094
vt 0.136719 0.996094
vt 0.136719 0.996094
vt 0.136719 0.996094
vt 0.152344 0.996094
vt 0.152344 0.996094
vt 0.152344 0.996094
vt 0.136719 0.996094
vt 0.136719 0.996094
vt 0.136719 0.996094
vt 0.152344 0.996094
vt 0.152344 0.996094
vt 0.152344 0.996094
vt 0.214844 0.996094
vt 0.214844 0.996094
vt 0.214844 0.996094
vt 0.199219 0.996094
vt 0.199219 0.996094
vt 0.199219 0.996094
vt 0.175781 0.996094
vt 0.175781 0.996094
vt 0.175781 0.996094
vt 0.214844 0.996094
vt 0.214844 0.996094
vt 0.214844 0.996094
vt 0.214844 0.996094
vt 0.214844 0.996094
vt 0.214844 0.996094
vt 0.167969 0.996094
vt 0.167969 0.996094
vt 0.167969 0.996094
vt 0.167969 0.996094
vt 0.167969 0.996094
vt 0.167969 0.996094
vt 0.152344 0.996094
vt 0.152344 0.996094
vt 0.152344 0.996094
vt 0.152344 0.996094
vt 0.152344 0.996094
vt 0.152344 0.996094
vt 0.152344 0.996094
vt 0.152344 0.996094
vt 0.152344 0.996094
vt 0.121094 0.996094
vt 0.121094 0.996094
vt 0.121094 0.996094
vt 0.128906 0.996094
vt 0.128906 0.996094
vt 0.128906 0.996094
vt 0.199219 0.996094
vt 0.199219 0.996094
vt 0.199219 0.996094
vt 0.199219 0.996094
vt 0.199219 0.996094
vt 0.199219 0.996094
vt 0.199219 0.996094
vt 0.199219 0.996094
vt 0.199219 0.996094
vt 0.199219 0.996094
vt 0.199219 0.996094
vt 0.199219 0.996094
vt 0.167969 0.996094
vt 0.167969 0.996094
vt 0.167969 0.996094
vt 0.199219 0.996094
vt 0.199219 0.996094
vt 0.199219 0.996094
vt 0.199219 0.996094
vt 0.199219 0.996094
vt 0.199219 0.996094
vt 0.136719 0.996094
vt 0.136719 0.996094
vt 0.136719 0.996094
vt 0.167969 0.996094
vt 0.167969 0.996094
vt 0.167969 0.996094
vt 0.136719 0.996094
vt 0.136719 0.996094
vt 0.136719 0.996094
vt 0.152344 0.996094
vt 0.152344 0.996094
vt 0.152344 0.996094
vt 0.160156 0.996094
vt 0.160156 0.996094
vt 0.160156 0.996094
vt 0.191406 0.996094
vt 0.191406 0.996094
vt 0.191406 0.996094
vt 0.167969 0.996094
vt 0.167969 0.996094
vt 0.167969 0.996094
vt 0.152344 0.996094
vt 0.152344 0.996094
vt 0.152344 0.996094
vt 0.160156 0.996094
vt 0.160156 0.996094
vt 0.160156 0.996094
vt 0.128906 0.996094
vt 0.128906 0.996094
vt 0.128906 0.996094
vt 0.175781 0.996094
vt 0.175781 0.996094
vt 0.175781 0.996094
vt 0.152344 0.996094
vt 0.152344 0.996094
vt 0.152344 0.996094
vt 0.136719 0.996094
vt 0.136719 0.996094
vt 0.136719 0.996094
vt 0.199219 0.996094
vt 0.199219 0.996094
vt 0.199219 0.996094
vt 0.191406 0.996094
vt 0.191406 0.996094
vt 0.191406 0.996094
vt 0.167969 0.996094
vt 0.167969 0.996094
vt 0.167969 0.996094
vt 0.152344 0.996094
vt 0.152344 0.996094
vt 0.152344 0.996094
vt 0.167969 0.996094
vt 0.167969 0.996094
vt 0.167969 0.996094
vt 0.191406 0.996094
vt 0.191406 0.996094
vt 0.191406 0.996094
vt 0.167969 0.996094
vt 0.167969 0.996094
vt 0.167969 0.996094
vt 0.152344 0.996094
vt 0.152344 0.996094
vt 0.152344 0.996094
vt 0.128906 0.996094
vt 0.128906 0.996094
vt 0.128906 0.996094
vt 0.097656 0.996094
vt 0.097656 0.996094
vt 0.097656 0.996094
vt 0.089844 0.996094
vt 0.089844 0.996094
vt 0.089844 0.996094
vt 0.121094 0.996094
vt 0.121094 0.996094
vt 0.121094 0.996094
vt 0.121094 0.996094
vt 0.121094 0.996094
vt 0.121094 0.996094
vt 0.152344 0.996094
vt 0.152344 0.996094
vt 0.152344 0.996094
vt 0.136719 0.996094
vt 0.136719 0.996094
vt 0.136719 0.996094
vt 0.152344 0.996094
vt 0.152344 0.996094
vt 0.152344 0.996094
vt 0.128906 0.996094
vt 0.128906 0.996094
vt 0.128906 0.996094
vt 0.152344 0.996094
vt 0.152344 0.996094
vt 0.152344 0.996094
vt 0.152344 0.996094
vt 0.152344 0.996094
vt 0.152344 0.996094
vt 0.152344 0.996094
vt 0.152344 0.996094
vt 0.152344 0.996094
vt 0.136719 0.996094
vt 0.136719 0.996094
vt 0.136719 0.996094
vt 0.152344 0.996094
vt 0.152344 0.996094
vt 0.152344 0.996094
vt 0.152344 0.996094
vt 0.152344 0.996094
vt 0.152344 0.996094
vt 0.136719 0.996094
vt 0.136719 0.996094
vt 0.136719 0.996094
vt 0.136719 0.996094
vt 0.136719 0.996094
vt 0.136719 0.996094
vt 0.121094 0.996094
vt 0.121094 0.996094
vt 0.121094 0.996094
vt 0.121094 0.996094
vt 0.121094 0.996094
vt 0.121094 0.996094
vt 0.128906 0.996094
vt 0.128906 0.996094
vt 0.128906 0.996094
vt 0.097656 0.996094
vt 0.097656 0.996094
vt 0.097656 0.996094
vt 0.089844 0.996094
vt 0.089844 0.996094
vt 0.089844 0.996094
vt 0.121094 0.996094
vt 0.121094 0.996094
vt 0.121094 0.996094
vt 0.128906 0.996094
vt 0.128906 0.996094
vt 0.128906 0.996094
vt 0.152344 0.996094
vt 0.152344 0.996094
vt 0.152344 0.996094
vt 0.152344 0.996094
vt 0.152344 0.996094
vt 0.152344 0.996094
vt 0.144531 0.996094
vt 0.144531 0.996094
vt 0.144531 0.996094
vt 0.167969 0.996094
vt 0.167969 0.996094
vt 0.167969 0.996094
vt 0.152344 0.996094
vt 0.152344 0.996094
vt 0.152344 0.996094
vt 0.167969 0.996094
vt 0.167969 0.996094
vt 0.167969 0.996094
vt 0.167969 0.996094
vt 0.167969 0.996094
vt 0.167969 0.996094
vt 0.167969 0.996094
vt 0.167969 0.996094
vt 0.167969 0.996094
vt 0.152344 0.996094
vt 0.152344 0.996094
vt 0.152344 0.996094
vt 0.167969 0.996094
vt 0.167969 0.996094
vt 0.167969 0.996094
vt 0.167969 0.996094
vt 0.167969 0.996094
vt 0.167969 0.996094
vt 0.167969 0.996094
vt 0.167969 0.996094
vt 0.167969 0.996094
vt 0.167969 0.996094
vt 0.167969 0.996094
vt 0.167969 0.996094
vt 0.167969 0.996094
vt 0.167969 0.996094
vt 0.167969 0.996094
vt 0.160156 0.996094
vt 0.160156 0.996094
vt 0.160156 0.996094
vt 0.152344 0.996094
vt 0.152344 0.996094
vt 0.152344 0.996094
vt 0.136719 0.996094
vt 0.136719 0.996094
vt 0.136719 0.996094
vt 0.128906 0.996094
vt 0.128906 0.996094
vt 0.128906 0.996094
vt 0.121094 0.996094
vt 0.121094 0.996094
vt 0.121094 0.996094
vt 0.160156 0.996094
vt 0.160156 0.996094
vt 0.160156 0.996094
vt 0.167969 0.996094
vt 0.167969 0.996094
vt 0.167969 0.996094
vt 0.152344 0.996094
vt 0.152344 0.996094
vt 0.152344 0.996094
vt 0.144531 0.996094
vt 0.144531 0.996094
vt 0.144531 0.996094
vt 0.136719 0.996094
vt 0.136719 0.996094
vt 0.136719 0.996094
vt 0.160156 0.996094
vt 0.160156 0.996094
vt 0.160156 0.996094
vt 0.152344 0.996094
vt 0.152344 0.996094
vt 0.152344 0.996094
vt 0.144531 0.996094
vt 0.144531 0.996094
vt 0.144531 0.996094
vt 0.152344 0.996094
vt 0.152344 0.996094
vt 0.152344 0.996094
vt 0.152344 0.996094
vt 0.152344 0.996094
vt 0.152344 0.996094
vt 0.136719 0.996094
vt 0.136719 0.996094
vt 0.136719 0.996094
vt 0.136719 0.996094
vt 0.136719 0.996094
vt 0.136719 0.996094
vt 0.128906 0.996094
vt 0.128906 0.996094
vt 0.128906 0.996094
vt 0.113281 0.996094
vt 0.113281 0.996094
vt 0.113281 0.996094
vt 0.136719 0.996094
vt 0.136719 0.996094
vt 0.136719 0.996094
vt 0.152344 0.996094
vt 0.152344 0.996094
vt 0.152344 0.996094
vt 0.144531 0.996094
vt 0.144531 0.996094
vt 0.144531 0.996094
vt 0.089844 0.996094
vt 0.089844 0.996094
vt 0.089844 0.996094
vt 0.144531 0.996094
vt 0.144531 0.996094
vt 0.144531 0.996094
vt 0.160156 0.996094
vt 0.160156 0.996094
vt 0.160156 0.996094
vt 0.167969 0.996094
vt 0.167969 0.996094
vt 0.167969 0.996094
vt 0.167969 0.996094
vt 0.167969 0.996094
vt 0.167969 0.996094
vt 0.167969 0.996094
vt 0.167969 0.996094
vt 0.167969 0.996094
vt 0.167969 0.996094
vt 0.167969 0.996094
vt 0.167969 0.996094
vt 0.175781 0.996094
vt 0.175781 0.996094
vt 0.175781 0.996094
vt 0.167969 0.996094
vt 0.167969 0.996094
vt 0.167969 0.996094
vt 0.175781 0.996094
vt 0.175781 0.996094
vt 0.175781 0.996094
vt 0.167969 0.996094
vt 0.167969 0.996094
vt 0.167969 0.996094
vt 0.152344 0.996094
vt 0.152344 0.996094
vt 0.152344 0.996094
vt 0.167969 0.996094
vt 0.167969 0.996094
vt 0.167969 0.996094
vt 0.160156 0.996094
vt 0.160156 0.996094
vt 0.160156 0.996094
vt 0.199219 0.996094
vt 0.199219 0.996094
vt 0.199219 0.996094
vt 0.167969 0.996094
vt 0.167969 0.996094
vt 0.167969 0.996094
vt 0.128906 0.996094
vt 0.128906 0.996094
vt 0.128906 0.996094
vt 0.121094 0.996094
vt 0.121094 0.996094
vt 0.121094 0.996094
vt 0.089844 0.996094
vt 0.089844 0.996094
vt 0.089844 0.996094
vt 0.121094 0.996094
vt 0.121094 0.996094
vt 0.121094 0.996094
vt 0.152344 0.996094
vt 0.152344 0.996094
vt 0.152344 0.996094
vt 0.160156 0.996094
vt 0.160156 0.996094
vt 0.160156 0.996094
vt 0.175781 0.996094
vt 0.175781 0.996094
vt 0.175781 0.996094
vt 0.167969 0.996094
vt 0.167969 0.996094
vt 0.167969 0.996094
vt 0.152344 0.996094
vt 0.152344 0.996094
vt 0.152344 0.996094
vt 0.175781 0.996094
vt 0.175781 0.996094
vt 0.175781 0.996094
vt 0.144531 0.996094
vt 0.144531 0.996094
vt 0.144531 0.996094
vt 0.121094 0.996094
vt 0.121094 0.996094
vt 0.121094 0.996094
vt 0.121094 0.996094
vt 0.121094 0.996094
vt 0.121094 0.996094
vt 0.136719 0.996094
vt 0.136719 0.996094
vt 0.136719 0.996094
vt 0.167969 0.996094
vt 0.167969 0.996094
vt 0.167969 0.996094
vt 0.175781 0.996094
vt 0.175781 0.996094
vt 0.175781 0.996094
vt 0.121094 0.996094
vt 0.121094 0.996094
vt 0.121094 0.996094
vt 0.121094 0.996094
vt 0.121094 0.996094
vt 0.121094 0.996094
vt 0.089844 0.996094
vt 0.089844 0.996094
vt 0.089844 0.996094
vt 0.121094 0.996094
vt 0.121094 0.996094
vt 0.121094 0.996094
vt 0.128906 0.996094
vt 0.128906 0.996094
vt 0.128906 0.996094
vt 0.113281 0.996094
vt 0.113281 0.996094
vt 0.113281 0.996094
vt 0.113281 0.996094
vt 0.113281 0.996094
vt 0.113281 0.996094
vt 0.136719 0.996094
vt 0.136719 0.996094
vt 0.136719 0.996094
vt 0.113281 0.996094
vt 0.113281 0.996094
vt 0.113281 0.996094
vt 0.152344 0.996094
vt 0.152344 0.996094
vt 0.152344 0.996094
vt 0.136719 0.996094
vt 0.136719 0.996094
vt 0.136719 0.996094
vt 0.128906 0.996094
vt 0.128906 0.996094
vt 0.128906 0.996094
vt 0.136719 0.996094
vt 0.136719 0.996094
vt 0.136719 0.996094
vt 0.152344 0.996094
vt 0.152344 0.996094
vt 0.152344 0.996094
vt 0.152344 0.996094
vt 0.152344 0.996094
vt 0.152344 0.996094
vt 0.136719 0.996094
vt 0.136719 0.996094
vt 0.136719 0.996094
vt 0.167969 0.996094
vt 0.167969 0.996094
vt 0.167969 0.996094
vt 0.175781 0.996094
vt 0.175781 0.996094
vt 0.175781 0.996094
vt 0.175781 0.996094
vt 0.175781 0.996094
vt 0.175781 0.996094
vt 0.175781 0.996094
vt 0.175781 0.996094
vt 0.175781 0.996094
vt 0.199219 0.996094
vt 0.199219 0.996094
vt 0.199219 0.996094
vt 0.175781 0.996094
vt 0.175781 0.996094
vt 0.175781 0.996094
vt 0.199219 0.996094
vt 0.199219 0.996094
vt 0.199219 0.996094
vt 0.175781 0.996094
vt 0.175781 0.996094
vt 0.175781 0.996094
vt 0.238281 0.996094
vt 0.238281 0.996094
vt 0.238281 0.996094
vt 0.230469 0.996094
vt 0.230469 0.996094
vt 0.230469 0.996094
vt 0.199219 0.996094
vt 0.199219 0.996094
vt 0.199219 0.996094
vt 0.199219 0.996094
vt 0.199219 0.996094
vt 0.199219 0.996094
vt 0.175781 0.996094
vt 0.175781 0.996094
vt 0.175781 0.996094
vt 0.175781 0.996094
vt 0.175781 0.996094
vt 0.175781 0.996094
vt 0.160156 0.996094
vt 0.160156 0.996094
vt 0.160156 0.996094
vt 0.167969 0.996094
vt 0.167969 0.996094
vt 0.167969 0.996094
vt 0.160156 0.996094
vt 0.160156 0.996094
vt 0.160156 0.996094
vt 0.160156 0.996094
vt 0.160156 0.996094
vt 0.160156 0.996094
vt 0.199219 0.996094
vt 0.199219 0.996094
vt 0.199219 0.996094
vt 0.230469 0.996094
vt 0.230469 0.996094
vt 0.230469 0.996094
vt 0.199219 0.996094
vt 0.199219 0.996094
vt 0.199219 0.996094
vt 0.230469 0.996094
vt 0.230469 0.996094
vt 0.230469 0.996094
vt 0.199219 0.996094
vt 0.199219 0.996094
vt 0.199219 0.996094
vt 0.230469 0.996094
vt 0.230469 0.996094
vt 0.230469 0.996094
vt 0.175781 0.996094
vt 0.175781 0.996094
vt 0.175781 0.996094
vt 0.152344 0.996094
vt 0.152344 0.996094
vt 0.152344 0.996094
vt 0.152344 0.996094
vt 0.152344 0.996094
vt 0.152344 0.996094
vt 0.160156 0.996094
vt 0.160156 0.996094
vt 0.160156 0.996094
vt 0.175781 0.996094
vt 0.175781 0.996094
vt 0.175781 0.996094
vt 0.199219 0.996094
vt 0.199219 0.996094
vt 0.199219 0.996094
vt 0.199219 0.996094
vt 0.199219 0.996094
vt 0.199219 0.996094
vt 0.191406 0.996094
vt 0.191406 0.996094
vt 0.191406 0.996094
vt 0.175781 0.996094
vt 0.175781 0.996094
vt 0.175781 0.996094
vt 0.191406 0.996094
vt 0.191406 0.996094
vt 0.191406 0.996094
vt 0.199219 0.996094
vt 0.199219 0.996094
vt 0.199219 0.996094
vt 0.230469 0.996094
vt 0.230469 0.996094
vt 0.230469 0.996094
vt 0.230469 0.996094
vt 0.230469 0.996094
vt 0.230469 0.996094
vt 0.230469 0.996094
vt 0.230469 0.996094
vt 0.230469 0.996094
vt 0.230469 0.996094
vt 0.230469 0.996094
vt 0.230469 0.996094
vt 0.230469 0.996094
vt 0.230469 0.996094
vt 0.230469 0.996094
vt 0.230469 0.996094
vt 0.230469 0.996094
vt 0.230469 0.996094
vt 0.230469 0.996094
vt 0.230469 0.996094
vt 0.230469 0.996094
vt 0.230469 0.996094
vt 0.230469 0.996094
vt 0.230469 0.996094
vt 0.238281 0.996094
vt 0.238281 0.996094
vt 0.238281 0.996094
vt 0.238281 0.996094
vt 0.238281 0.996094
vt 0.238281 0.996094
vt 0.238281 0.996094
vt 0.238281 0.996094
vt 0.238281 0.996094
vt 0.253906 0.996094
vt 0.253906 0.996094
vt 0.253906 0.996094
vt 0.253906 0.996094
vt 0.253906 0.996094
vt 0.253906 0.996094
vt 0.253906 0.996094
vt 0.253906 0.996094
vt 0.253906 0.996094
vt 0.246094 0.996094
vt 0.246094 0.996094
vt 0.246094 0.996094
vt 0.230469 0.996094
vt 0.230469 0.996094
vt 0.230469 0.996094
vt 0.253906 0.996094
vt 0.253906 0.996094
vt 0.253906 0.996094
vt 0.253906 0.996094
vt 0.253906 0.996094
vt 0.253906 0.996094
vt 0.253906 0.996094
vt 0.253906 0.996094
vt 0.253906 0.996094
vt 0.253906 0.996094
vt 0.253906 0.996094
vt 0.253906 0.996094
vt 0.253906 0.996094
vt 0.253906 0.996094
vt 0.253906 0.996094
vt 0.230469 0.996094
vt 0.230469 0.996094
vt 0.230469 0.996094
vt 0.199219 0.996094
vt 0.199219 0.996094
vt 0.199219 0.996094
vt 0.222656 0.996094
vt 0.222656 0.996094
vt 0.222656 0.996094
vt 0.230469 0.996094
vt 0.230469 0.996094
vt 0.230469 0.996094
vt 0.230469 0.996094
vt 0.230469 0.996094
vt 0.230469 0.996094
vt 0.253906 0.996094
vt 0.253906 0.996094
vt 0.253906 0.996094
vt 0.253906 0.996094
vt 0.253906 0.996094
vt 0.253906 0.996094
vt 0.253906 0.996094
vt 0.253906 0.996094
vt 0.253906 0.996094
vt 0.253906 0.996094
vt 0.253906 0.996094
vt 0.253906 0.996094
vt 0.253906 0.996094
vt 0.253906 0.996094
vt 0.253906 0.996094
vt 0.230469 0.996094
vt 0.230469 0.996094
vt 0.230469 0.996094
vt 0.230469 0.996094
vt 0.230469 0.996094
vt 0.230469 0.996094
vt 0.253906 0.996094
vt 0.253906 0.996094
vt 0.253906 0.996094
vt 0.253906 0.996094
vt 0.253906 0.996094
vt 0.253906 0.996094
vt 0.222656 0.996094
vt 0.222656 0.996094
vt 0.222656 0.996094
vt 0.191406 0.996094
vt 0.191406 0.996094
vt 0.191406 0.996094
vt 0.253906 0.996094
vt 0.253906 0.996094
vt 0.253906 0.996094
vt 0.199219 0.996094
vt 0.199219 0.996094
vt 0.199219 0.996094
vt 0.253906 0.996094
vt 0.253906 0.996094
vt 0.253906 0.996094
vt 0.222656 0.996094
vt 0.222656 0.996094
vt 0.222656 0.996094
vt 0.253906 0.996094
vt 0.253906 0.996094
vt 0.253906 0.996094
vt 0.199219 0.996094
vt 0.199219 0.996094
vt 0.199219 0.996094
vt 0.253906 0.996094
vt 0.253906 0.996094
vt 0.253906 0.996094
vt 0.253906 0.996094
vt 0.253906 0.996094
vt 0.253906 0.996094
vt 0.253906 0.996094
vt 0.253906 0.996094
vt 0.253906 0.996094
vt 0.238281 0.996094
vt 0.238281 0.996094
vt 0.238281 0.996094
vt 0.253906 0.996094
vt 0.253906 0.996094
vt 0.253906 0.996094
vt 0.238281 0.996094
vt 0.238281 0.996094
vt 0.238281 0.996094
vt 0.253906 0.996094
vt 0.253906 0.996094
vt 0.253906 0.996094
vt 0.253906 0.996094
vt 0.253906 0.996094
vt 0.253906 0.996094
vt 0.253906 0.996094
vt 0.253906 0.996094
vt 0.253906 0.996094
vt 0.253906 0.996094
vt 0.253906 0.996094
vt 0.253906 0.996094
vt 0.136719 0.996094
vt 0.136719 0.996094
vt 0.136719 0.996094
vt 0.121094 0.996094
vt 0.121094 0.996094
vt 0.121094 0.996094
vt 0.136719 0.996094
vt 0.136719 0.996094
vt 0.136719 0.996094
vt 0.113281 0.996094
vt 0.113281 0.996094
vt 0.113281 0.996094
vt 0.089844 0.996094
vt 0.089844 0.996094
vt 0.089844 0.996094
vt 0.121094 0.996094
vt 0.121094 0.996094
vt 0.121094 0.996094
vt 0.113281 0.996094
vt 0.113281 0.996094
vt 0.113281 0.996094
vt 0.113281 0.996094
vt 0.113281 0.996094
vt 0.113281 0.996094
vt 0.089844 0.996094
vt 0.089844 0.996094
vt 0.089844 0.996094
vt 0.113281 0.996094
vt 0.113281 0.996094
vt 0.113281 0.996094
vt 0.113281 0.996094
vt 0.113281 0.996094
vt 0.113281 0.996094
vt 0.089844 0.996094
vt 0.089844 0.996094
vt 0.089844 0.996094
vt 0.121094 0.996094
vt 0.121094 0.996094
vt 0.121094 0.996094
vt 0.121094 0.996094
vt 0.121094 0.996094
vt 0.121094 0.996094
vt 0.136719 0.996094
vt 0.136719 0.996094
vt 0.136719 0.996094
vt 0.121094 0.996094
vt 0.121094 0.996094
vt 0.121094 0.996094
vt 0.128906 0.996094
vt 0.128906 0.996094
vt 0.128906 0.996094
vt 0.152344 0.996094
vt 0.152344 0.996094
vt 0.152344 0.996094
vt 0.136719 0.996094
vt 0.136719 0.996094
vt 0.136719 0.996094
vt 0.074219 0.996094
vt 0.074219 0.996094
vt 0.074219 0.996094
vt 0.128906 0.996094
vt 0.128906 0.996094
vt 0.128906 0.996094
vt 0.136719 0.996094
vt 0.136719 0.996094
vt 0.136719 0.996094
vt 0.121094 0.996094
vt 0.121094 0.996094
vt 0.121094 0.996094
vt 0.058594 0.996094
vt 0.058594 0.996094
vt 0.058594 0.996094
vt 0.035156 0.996094
vt 0.035156 0.996094
vt 0.035156 0.996094
vt 0.050781 0.996094
vt 0.050781 0.996094
vt 0.050781 0.996094
vt 0.121094 0.996094
vt 0.121094 0.996094
vt 0.121094 0.996094
vt 0.144531 0.996094
vt 0.144531 0.996094
vt 0.144531 0.996094
vt 0.128906 0.996094
vt 0.128906 0.996094
vt 0.128906 0.996094
vt 0.136719 0.996094
vt 0.136719 0.996094
vt 0.136719 0.996094
vt 0.121094 0.996094
vt 0.121094 0.996094
vt 0.121094 0.996094
vt 0.058594 0.996094
vt 0.058594 0.996094
vt 0.058594 0.996094
vt 0.089844 0.996094
vt 0.089844 0.996094
vt 0.089844 0.996094
vt 0.089844 0.996094
vt 0.089844 0.996094
vt 0.089844 0.996094
vt 0.121094 0.996094
vt 0.121094 0.996094
vt 0.121094 0.996094
vt 0.152344 0.996094
vt 0.152344 0.996094
vt 0.152344 0.996094
vt 0.136719 0.996094
vt 0.136719 0.996094
vt 0.136719 0.996094
vt 0.152344 0.996094
vt 0.152344 0.996094
vt 0.152344 0.996094
vt 0.136719 0.996094
vt 0.136719 0.996094
vt 0.136719 0.996094
vt 0.136719 0.996094
vt 0.136719 0.996094
vt 0.136719 0.996094
vt 0.136719 0.996094
vt 0.136719 0.996094
vt 0.136719 0.996094
vt 0.128906 0.996094
vt 0.128906 0.996094
vt 0.128906 0.996094
vt 0.167969 0.996094
vt 0.167969 0.996094
vt 0.167969 0.996094
vt 0.167969 0.996094
vt 0.167969 0.996094
vt 0.167969 0.996094
vt 0.230469 0.996094
vt 0.230469 0.996094
vt 0.230469 0.996094
vt 0.230469 0.996094
vt 0.230469 0.996094
vt 0.230469 0.996094
vt 0.191406 0.996094
vt 0.191406 0.996094
vt 0.191406 0.996094
vt 0.136719 0.996094
vt 0.136719 0.996094
vt 0.136719 0.996094
vt 0.121094 0.996094
vt 0.121094 0.996094
vt 0.121094 0.996094
vt 0.136719 0.996094
vt 0.136719 0.996094
vt 0.136719 0.996094
vt 0.199219 0.996094
vt 0.199219 0.996094
vt 0.199219 0.996094
vt 0.160156 0.996094
vt 0.160156 0.996094
vt 0.160156 0.996094
vt 0.230469 0.996094
vt 0.230469 0.996094
vt 0.230469 0.996094
vt 0.230469 0.996094
vt 0.230469 0.996094
vt 0.230469 0.996094
vt 0.230469 0.996094
vt 0.230469 0.996094
vt 0.230469 0.996094
vt 0.230469 0.996094
vt 0.230469 0.996094
vt 0.230469 0.996094
vt 0.230469 0.996094
vt 0.230469 0.996094
vt 0.230469 0.996094
vt 0.144531 0.996094
vt 0.144531 0.996094
vt 0.144531 0.996094
vt 0.199219 0.996094
vt 0.199219 0.996094
vt 0.199219 0.996094
vt 0.160156 0.996094
vt 0.160156 0.996094
vt 0.160156 0.996094
vt 0.144531 0.996094
vt 0.144531 0.996094
vt 0.144531 0.996094
vt 0.136719 0.996094
vt 0.136719 0.996094
vt 0.136719 0.996094
vt 0.199219 0.996094
vt 0.199219 0.996094
vt 0.199219 0.996094
vt 0.128906 0.996094
vt 0.128906 0.996094
vt 0.128906 0.996094
vt 0.214844 0.996094
vt 0.214844 0.996094
vt 0.214844 0.996094
vt 0.199219 0.996094
vt 0.199219 0.996094
vt 0.199219 0.996094
vt 0.152344 0.996094
vt 0.152344 0.996094
vt 0.152344 0.996094
vt 0.230469 0.996094
vt 0.230469 0.996094
vt 0.230469 0.996094
vt 0.207031 0.996094
vt 0.207031 0.996094
vt 0.207031 0.996094
vt 0.230469 0.996094
vt 0.230469 0.996094
vt 0.230469 0.996094
vt 0.167969 0.996094
vt 0.167969 0.996094
vt 0.167969 0.996094
vt 0.136719 0.996094
vt 0.136719 0.996094
vt 0.136719 0.996094
vt 0.136719 0.996094
vt 0.136719 0.996094
vt 0.136719 0.996094
vt 0.121094 0.996094
vt 0.121094 0.996094
vt 0.121094 0.996094
vt 0.230469 0.996094
vt 0.230469 0.996094
vt 0.230469 0.996094
vt 0.191406 0.996094
vt 0.191406 0.996094
vt 0.191406 0.996094
vt 0.214844 0.996094
vt 0.214844 0.996094
vt 0.214844 0.996094
vt 0.199219 0.996094
vt 0.199219 0.996094
vt 0.199219 0.996094
vt 0.175781 0.996094
vt 0.175781 0.996094
vt 0.175781 0.996094
vt 0.136719 0.996094
vt 0.136719 0.996094
vt 0.136719 0.996094
vt 0.160156 0.996094
vt 0.160156 0.996094
vt 0.160156 0.996094
vt 0.144531 0.996094
vt 0.144531 0.996094
vt 0.144531 0.996094
vt 0.238281 0.996094
vt 0.238281 0.996094
vt 0.238281 0.996094
vt 0.199219 0.996094
vt 0.199219 0.996094
vt 0.199219 0.996094
vt 0.199219 0.996094
vt 0.199219 0.996094
vt 0.199219 0.996094
vt 0.160156 0.996094
vt 0.160156 0.996094
vt 0.160156 0.996094
vt 0.199219 0.996094
vt 0.199219 0.996094
vt 0.199219 0.996094
vt 0.230469 0.996094
vt 0.230469 0.996094
vt 0.230469 0.996094
vt 0.238281 0.996094
vt 0.238281 0.996094
vt 0.238281 0.996094
vt 0.238281 0.996094
vt 0.238281 0.996094
vt 0.238281 0.996094
vt 0.230469 0.996094
vt 0.230469 0.996094
vt 0.230469 0.996094
vt 0.238281 0.996094
vt 0.238281 0.996094
vt 0.238281 0.996094
vt 0.230469 0.996094
vt 0.230469 0.996094
vt 0.230469 0.996094
vt 0.230469 0.996094
vt 0.230469 0.996094
vt 0.230469 0.996094
vt 0.238281 0.996094
vt 0.238281 0.996094
vt 0.238281 0.996094
vt 0.230469 0.996094
vt 0.230469 0.996094
vt 0.230469 0.996094
vt 0.230469 0.996094
vt 0.230469 0.996094
vt 0.230469 0.996094
vt 0.207031 0.996094
vt 0.207031 0.996094
vt 0.207031 0.996094
vt 0.199219 0.996094
vt 0.199219 0.996094
vt 0.199219 0.996094
vt 0.199219 0.996094
vt 0.199219 0.996094
vt 0.199219 0.996094
vt 0.230469 0.996094
vt 0.230469 0.996094
vt 0.230469 0.996094
vt 0.230469 0.996094
vt 0.230469 0.996094
vt 0.230469 0.996094
vt 0.230469 0.996094
vt 0.230469 0.996094
vt 0.230469 0.996094
vt 0.199219 0.996094
vt 0.199219 0.996094
vt 0.199219 0.996094
vt 0.199219 0.996094
vt 0.199219 0.996094
vt 0.199219 0.996094
vt 0.167969 0.996094
vt 0.167969 0.996094
vt 0.167969 0.996094
vt 0.167969 0.996094
vt 0.167969 0.996094
vt 0.167969 0.996094
vt 0.207031 0.996094
vt 0.207031 0.996094
vt 0.207031 0.996094
vt 0.152344 0.996094
vt 0.152344 0.996094
vt 0.152344 0.996094
vt 0.191406 0.996094
vt 0.191406 0.996094
vt 0.191406 0.996094
vt 0.207031 0.996094
vt 0.207031 0.996094
vt 0.207031 0.996094
vt 0.199219 0.996094
vt 0.199219 0.996094
vt 0.199219 0.996094
vt 0.175781 0.996094
vt 0.175781 0.996094
vt 0.175781 0.996094
vt 0.191406 0.996094
vt 0.191406 0.996094
vt 0.191406 0.996094
vt 0.207031 0.996094
vt 0.207031 0.996094
vt 0.207031 0.996094
vt 0.160156 0.996094
vt 0.160156 0.996094
vt 0.160156 0.996094
vt 0.238281 0.996094
vt 0.238281 0.996094
vt 0.238281 0.996094
vt 0.230469 0.996094
vt 0.230469 0.996094
vt 0.230469 0.996094
vt 0.238281 0.996094
vt 0.238281 0.996094
vt 0.238281 0.996094
vt 0.238281 0.996094
vt 0.238281 0.996094
vt 0.238281 0.996094
vt 0.238281 0.996094
vt 0.238281 0.996094
vt 0.238281 0.996094
vt 0.230469 0.996094
vt 0.230469 0.996094
vt 0.230469 0.996094
vt 0.238281 0.996094
vt 0.238281 0.996094
vt 0.238281 0.996094
vt 0.230469 0.996094
vt 0.230469 0.996094
vt 0.230469 0.996094
vt 0.183594 0.996094
vt 0.183594 0.996094
vt 0.183594 0.996094
vt 0.175781 0.996094
vt 0.175781 0.996094
vt 0.175781 0.996094
vt 0.175781 0.996094
vt 0.175781 0.996094
vt 0.175781 0.996094
vt 0.167969 0.996094
vt 0.167969 0.996094
vt 0.167969 0.996094
vt 0.167969 0.996094
vt 0.167969 0.996094
vt 0.167969 0.996094
vt 0.167969 0.996094
vt 0.167969 0.996094
vt 0.167969 0.996094
vt 0.183594 0.996094
vt 0.183594 0.996094
vt 0.183594 0.996094
vt 0.160156 0.996094
vt 0.160156 0.996094
vt 0.160156 0.996094
vt 0.152344 0.996094
vt 0.152344 0.996094
vt 0.152344 0.996094
vt 0.167969 0.996094
vt 0.167969 0.996094
vt 0.167969 0.996094
vt 0.152344 0.996094
vt 0.152344 0.996094
vt 0.152344 0.996094
vt 0.167969 0.996094
vt 0.167969 0.996094
vt 0.167969 0.996094
vt 0.167969 0.996094
vt 0.167969 0.996094
vt 0.167969 0.996094
vt 0.199219 0.996094
vt 0.199219 0.996094
vt 0.199219 0.996094
vt 0.199219 0.996094
vt 0.199219 0.996094
vt 0.199219 0.996094
vt 0.199219 0.996094
vt 0.199219 0.996094
vt 0.199219 0.996094
vt 0.199219 0.996094
vt 0.199219 0.996094
vt 0.199219 0.996094
vt 0.199219 0.996094
vt 0.199219 0.996094
vt 0.199219 0.996094
vt 0.199219 0.996094
vt 0.199219 0.996094
vt 0.199219 0.996094
vt 0.199219 0.996094
vt 0.199219 0.996094
vt 0.199219 0.996094
vt 0.199219 0.996094
vt 0.199219 0.996094
vt 0.199219 0.996094
vt 0.199219 0.996094
vt 0.199219 0.996094
vt 0.199219 0.996094
vt 0.152344 0.996094
vt 0.152344 0.996094
vt 0.152344 0.996094
vt 0.167969 0.996094
vt 0.167969 0.996094
vt 0.167969 0.996094
vt 0.152344 0.996094
vt 0.152344 0.996094
vt 0.152344 0.996094
vt 0.128906 0.996094
vt 0.128906 0.996094
vt 0.128906 0.996094
vt 0.152344 0.996094
vt 0.152344 0.996094
vt 0.152344 0.996094
vt 0.128906 0.996094
vt 0.128906 0.996094
vt 0.128906 0.996094
vt 0.199219 0.996094
vt 0.199219 0.996094
vt 0.199219 0.996094
vt 0.152344 0.996094
vt 0.152344 0.996094
vt 0.152344 0.996094
vt 0.152344 0.996094
vt 0.152344 0.996094
vt 0.152344 0.996094
vt 0.128906 0.996094
vt 0.128906 0.996094
vt 0.128906 0.996094
vt 0.199219 0.996094
vt 0.199219 0.996094
vt 0.199219 0.996094
vt 0.199219 0.996094
vt 0.199219 0.996094
vt 0.199219 0.996094
vt 0.175781 0.996094
vt 0.175781 0.996094
vt 0.175781 0.996094
vt 0.175781 0.996094
vt 0.175781 0.996094
vt 0.175781 0.996094
vt 0.199219 0.996094
vt 0.199219 0.996094
vt 0.199219 0.996094
vt 0.167969 0.996094
vt 0.167969 0.996094
vt 0.167969 0.996094
vt 0.183594 0.996094
vt 0.183594 0.996094
vt 0.183594 0.996094
vt 0.199219 0.996094
vt 0.199219 0.996094
vt 0.199219 0.996094
vt 0.199219 0.996094
vt 0.199219 0.996094
vt 0.199219 0.996094
vt 0.199219 0.996094
vt 0.199219 0.996094
vt 0.199219 0.996094
vt 0.230469 0.996094
vt 0.230469 0.996094
vt 0.230469 0.996094
vt 0.199219 0.996094
vt 0.199219 0.996094
vt 0.199219 0.996094
vt 0.160156 0.996094
vt 0.160156 0.996094
vt 0.160156 0.996094
vt 0.136719 0.996094
vt 0.136719 0.996094
vt 0.136719 0.996094
vt 0.175781 0.996094
vt 0.175781 0.996094
vt 0.175781 0.996094
vt 0.167969 0.996094
vt 0.167969 0.996094
vt 0.167969 0.996094
vt 0.167969 0.996094
vt 0.167969 0.996094
vt 0.167969 0.996094
vt 0.199219 0.996094
vt 0.199219 0.996094
vt 0.199219 0.996094
vt 0.199219 0.996094
vt 0.199219 0.996094
vt 0.199219 0.996094
vt 0.199219 0.996094
vt 0.199219 0.996094
vt 0.199219 0.996094
vt 0.152344 0.996094
vt 0.152344 0.996094
vt 0.152344 0.996094
vt 0.199219 0.996094
vt 0.199219 0.996094
vt 0.199219 0.996094
vt 0.175781 0.996094
vt 0.175781 0.996094
vt 0.175781 0.996094
vt 0.199219 0.996094
vt 0.199219 0.996094
vt 0.199219 0.996094
vt 0.207031 0.996094
vt 0.207031 0.996094
vt 0.207031 0.996094
vt 0.136719 0.996094
vt 0.136719 0.996094
vt 0.136719 0.996094
vt 0.167969 0.996094
vt 0.167969 0.996094
vt 0.167969 0.996094
vt 0.152344 0.996094
vt 0.152344 0.996094
vt 0.152344 0.996094
vt 0.152344 0.996094
vt 0.152344 0.996094
vt 0.152344 0.996094
vt 0.152344 0.996094
vt 0.152344 0.996094
vt 0.152344 0.996094
vt 0.199219 0.996094
vt 0.199219 0.996094
vt 0.199219 0.996094
vt 0.238281 0.996094
vt 0.238281 0.996094
vt 0.238281 0.996094
vt 0.238281 0.996094
vt 0.238281 0.996094
vt 0.238281 0.996094
vt 0.238281 0.996094
vt 0.238281 0.996094
vt 0.238281 0.996094
vt 0.238281 0.996094
vt 0.238281 0.996094
vt 0.238281 0.996094
vt 0.238281 0.996094
vt 0.238281 0.996094
vt 0.238281 0.996094
vt 0.238281 0.996094
vt 0.238281 0.996094
vt 0.238281 0.996094
vt 0.238281 0.996094
vt 0.238281 0.996094
vt 0.238281 0.996094
vt 0.238281 0.996094
vt 0.238281 0.996094
vt 0.238281 0.996094
vt 0.230469 0.996094
vt 0.230469 0.996094
vt 0.230469 0.996094
vt 0.207031 0.996094
vt 0.207031 0.996094
vt 0.207031 0.996094
vt 0.160156 0.996094
vt 0.160156 0.996094
vt 0.160156 0.996094
vt 0.175781 0.996094
vt 0.175781 0.996094
vt 0.175781 0.996094
vt 0.175781 0.996094
vt 0.175781 0.996094
vt 0.175781 0.996094
vt 0.167969 0.996094
vt 0.167969 0.996094
vt 0.167969 0.996094
vt 0.152344 0.996094
vt 0.152344 0.996094
vt 0.152344 0.996094
vt 0.136719 0.996094
vt 0.136719 0.996094
vt 0.136719 0.996094
vt 0.152344 0.996094
vt 0.152344 0.996094
vt 0.152344 0.996094
vt 0.230469 0.996094
vt 0.230469 0.996094
vt 0.230469 0.996094
vt 0.230469 0.996094
vt 0.230469 0.996094
vt 0.230469 0.996094
vt 0.230469 0.996094
vt 0.230469 0.996094
vt 0.230469 0.996094
vt 0.167969 0.996094
vt 0.167969 0.996094
vt 0.167969 0.996094
vt 0.152344 0.996094
vt 0.152344 0.996094
vt 0.152344 0.996094
vt 0.152344 0.996094
vt 0.152344 0.996094
vt 0.152344 0.996094
vt 0.191406 0.996094
vt 0.191406 0.996094
vt 0.191406 0.996094
vt 0.230469 0.996094
vt 0.230469 0.996094
vt 0.230469 0.996094
vt 0.230469 0.996094
vt 0.230469 0.996094
vt 0.230469 0.996094
vt 0.230469 0.996094
vt 0.230469 0.996094
vt 0.230469 0.996094
vt 0.230469 0.996094
vt 0.230469 0.996094
vt 0.230469 0.996094
vt 0.230469 0.996094
vt 0.230469 0.996094
vt 0.230469 0.996094
vt 0.160156 0.996094
vt 0.160156 0.996094
vt 0.160156 0.996094
vt 0.199219 0.996094
vt 0.199219 0.996094
vt 0.199219 0.996094
vt 0.214844 0.996094
vt 0.214844 0.996094
vt 0.214844 0.996094
vt 0.167969 0.996094
vt 0.167969 0.996094
vt 0.167969 0.996094
vt 0.175781 0.996094
vt 0.175781 0.996094
vt 0.175781 0.996094
vt 0.160156 0.996094
vt 0.160156 0.996094
vt 0.160156 0.996094
vt 0.175781 0.996094
vt 0.175781 0.996094
vt 0.175781 0.996094
vt 0.199219 0.996094
vt 0.199219 0.996094
vt 0.199219 0.996094
vt 0.167969 0.996094
vt 0.167969 0.996094
vt 0.167969 0.996094
vt 0.175781 0.996094
vt 0.175781 0.996094
vt 0.175781 0.996094
vt 0.230469 0.996094
vt 0.230469 0.996094
vt 0.230469 0.996094
vt 0.230469 0.996094
vt 0.230469 0.996094
vt 0.230469 0.996094
vt 0.230469 0.996094
vt 0.230469 0.996094
vt 0.230469 0.996094
vt 0.230469 0.996094
vt 0.230469 0.996094
vt 0.230469 0.996094
vt 0.230469 0.996094
vt 0.230469 0.996094
vt 0.230469 0.996094
vt 0.230469 0.996094
vt 0.230469 0.996094
vt 0.230469 0.996094
vt 0.175781 0.996094
vt 0.175781 0.996094
vt 0.175781 0.996094
vt 0.191406 0.996094
vt 0.191406 0.996094
vt 0.191406 0.996094
vt 0.175781 0.996094
vt 0.175781 0.996094
vt 0.175781 0.996094
vt 0.175781 0.996094
vt 0.175781 0.996094
vt 0.175781 0.996094
vt 0.160156 0.996094
vt 0.160156 0.996094
vt 0.160156 0.996094
vt 0.113281 0.996094
vt 0.113281 0.996094
vt 0.113281 0.996094
vt 0.089844 0.996094
vt 0.089844 0.996094
vt 0.089844 0.996094
vt 0.089844 0.996094
vt 0.089844 0.996094
vt 0.089844 0.996094
vt 0.113281 0.996094
vt 0.113281 0.996094
vt 0.113281 0.996094
vt 0.113281 0.996094
vt 0.113281 0.996094
vt 0.113281 0.996094
vt 0.121094 0.996094
vt 0.121094 0.996094
vt 0.121094 0.996094
vt 0.113281 0.996094
vt 0.113281 0.996094
vt 0.113281 0.996094
vt 0.121094 0.996094
vt 0.121094 0.996094
vt 0.121094 0.996094
vt 0.160156 0.996094
vt 0.160156 0.996094
vt 0.160156 0.996094
vt 0.152344 0.996094
vt 0.152344 0.996094
vt 0.152344 0.996094
vt 0.113281 0.996094
vt 0.113281 0.996094
vt 0.113281 0.996094
vt 0.121094 0.996094
vt 0.121094 0.996094
vt 0.121094 0.996094
vt 0.089844 0.996094
vt 0.089844 0.996094
vt 0.089844 0.996094
vt 0.089844 0.996094
vt 0.089844 0.996094
vt 0.089844 0.996094
vt 0.089844 0.996094
vt 0.089844 0.996094
vt 0.089844 0.996094
vt 0.089844 0.996094
vt 0.089844 0.996094
vt 0.089844 0.996094
vt 0.089844 0.996094
vt 0.089844 0.996094
vt 0.089844 0.996094
vt 0.152344 0.996094
vt 0.152344 0.996094
vt 0.152344 0.996094
vt 0.175781 0.996094
vt 0.175781 0.996094
vt 0.175781 0.996094
vt 0.121094 0.996094
vt 0.121094 0.996094
vt 0.121094 0.996094
vt 0.167969 0.996094
vt 0.167969 0.996094
vt 0.167969 0.996094
vt 0.128906 0.996094
vt 0.128906 0.996094
vt 0.128906 0.996094
vt 0.175781 0.996094
vt 0.175781 0.996094
vt 0.175781 0.996094
vt 0.160156 0.996094
vt 0.160156 0.996094
vt 0.160156 0.996094
vt 0.144531 0.996094
vt 0.144531 0.996094
vt 0.144531 0.996094
vt 0.167969 0.996094
vt 0.167969 0.996094
vt 0.167969 0.996094
vt 0.160156 0.996094
vt 0.160156 0.996094
vt 0.160156 0.996094
vt 0.152344 0.996094
vt 0.152344 0.996094
vt 0.152344 0.996094
vt 0.160156 0.996094
vt 0.160156 0.996094
vt 0.160156 0.996094
vt 0.175781 0.996094
vt 0.175781 0.996094
vt 0.175781 0.996094
vt 0.175781 0.996094
vt 0.175781 0.996094
vt 0.175781 0.996094
vt 0.175781 0.996094
vt 0.175781 0.996094
vt 0.175781 0.996094
vt 0.175781 0.996094
vt 0.175781 0.996094
vt 0.175781 0.996094
vt 0.199219 0.996094
vt 0.199219 0.996094
vt 0.199219 0.996094
vt 0.167969 0.996094
vt 0.167969 0.996094
vt 0.167969 0.996094
vt 0.152344 0.996094
vt 0.152344 0.996094
vt 0.152344 0.996094
vt 0.152344 0.996094
vt 0.152344 0.996094
vt 0.152344 0.996094
vt 0.199219 0.996094
vt 0.199219 0.996094
vt 0.199219 0.996094
vt 0.199219 0.996094
vt 0.199219 0.996094
vt 0.199219 0.996094
vt 0.160156 0.996094
vt 0.160156 0.996094
vt 0.160156 0.996094
vt 0.121094 0.996094
vt 0.121094 0.996094
vt 0.121094 0.996094
vt 0.136719 0.996094
vt 0.136719 0.996094
vt 0.136719 0.996094
vt 0.144531 0.996094
vt 0.144531 0.996094
vt 0.144531 0.996094
vt 0.152344 0.996094
vt 0.152344 0.996094
vt 0.152344 0.996094
vt 0.136719 0.996094
vt 0.136719 0.996094
vt 0.136719 0.996094
vt 0.128906 0.996094
vt 0.128906 0.996094
vt 0.128906 0.996094
vt 0.121094 0.996094
vt 0.121094 0.996094
vt 0.121094 0.996094
vt 0.160156 0.996094
vt 0.160156 0.996094
vt 0.160156 0.996094
vt 0.167969 0.996094
vt 0.167969 0.996094
vt 0.167969 0.996094
vt 0.199219 0.996094
vt 0.199219 0.996094
vt 0.199219 0.996094
vt 0.175781 0.996094
vt 0.175781 0.996094
vt 0.175781 0.996094
vt 0.199219 0.996094
vt 0.199219 0.996094
vt 0.199219 0.996094
vt 0.121094 0.996094
vt 0.121094 0.996094
vt 0.121094 0.996094
vt 0.152344 0.996094
vt 0.152344 0.996094
vt 0.152344 0.996094
vt 0.121094 0.996094
vt 0.121094 0.996094
vt 0.121094 0.996094
vt 0.136719 0.996094
vt 0.136719 0.996094
vt 0.136719 0.996094
vt 0.175781 0.996094
vt 0.175781 0.996094
vt 0.175781 0.996094
vt 0.199219 0.996094
vt 0.199219 0.996094
vt 0.199219 0.996094
vt 0.113281 0.996094
vt 0.113281 0.996094
vt 0.113281 0.996094
vt 0.128906 0.996094
vt 0.128906 0.996094
vt 0.128906 0.996094
vt 0.191406 0.996094
vt 0.191406 0.996094
vt 0.191406 0.996094
vt 0.121094 0.996094
vt 0.121094 0.996094
vt 0.121094 0.996094
vt 0.121094 0.996094
vt 0.121094 0.996094
vt 0.121094 0.996094
vt 0.121094 0.996094
vt 0.121094 0.996094
vt 0.121094 0.996094
vt 0.136719 0.996094
vt 0.136719 0.996094
vt 0.136719 0.996094
vt 0.144531 0.996094
vt 0.144531 0.996094
vt 0.144531 0.996094
vt 0.167969 0.996094
vt 0.167969 0.996094
vt 0.167969 0.996094
vt 0.160156 0.996094
vt 0.160156 0.996094
vt 0.160156 0.996094
vt 0.199219 0.996094
vt 0.199219 0.996094
vt 0.199219 0.996094
vt 0.191406 0.996094
vt 0.191406 0.996094
vt 0.191406 0.996094
vt 0.191406 0.996094
vt 0.191406 0.996094
vt 0.191406 0.996094
vt 0.199219 0.996094
vt 0.199219 0.996094
vt 0.199219 0.996094
vt 0.199219 0.996094
vt 0.199219 0.996094
vt 0.199219 0.996094
vt 0.199219 0.996094
vt 0.199219 0.996094
vt 0.199219 0.996094
vt 0.199219 0.996094
vt 0.199219 0.996094
vt 0.199219 0.996094
vt 0.238281 0.996094
vt 0.238281 0.996094
vt 0.238281 0.996094
vt 0.199219 0.996094
vt 0.199219 0.996094
vt 0.199219 0.996094
vt 0.160156 0.996094
vt 0.160156 0.996094
vt 0.160156 0.996094
vt 0.152344 0.996094
vt 0.152344 0.996094
vt 0.152344 0.996094
vt 0.144531 0.996094
vt 0.144531 0.996094
vt 0.144531 0.996094
vt 0.152344 0.996094
vt 0.152344 0.996094
vt 0.152344 0.996094
vt 0.199219 0.996094
vt 0.199219 0.996094
vt 0.199219 0.996094
vt 0.230469 0.996094
vt 0.230469 0.996094
vt 0.230469 0.996094
vt 0.238281 0.996094
vt 0.238281 0.996094
vt 0.238281 0.996094
vt 0.175781 0.996094
vt 0.175781 0.996094
vt 0.175781 0.996094
vt 0.160156 0.996094
vt 0.160156 0.996094
vt 0.160156 0.996094
vt 0.167969 0.996094
vt 0.167969 0.996094
vt 0.167969 0.996094
vt 0.207031 0.996094
vt 0.207031 0.996094
vt 0.207031 0.996094
vt 0.230469 0.996094
vt 0.230469 0.996094
vt 0.230469 0.996094
vt 0.238281 0.996094
vt 0.238281 0.996094
vt 0.238281 0.996094
vt 0.238281 0.996094
vt 0.238281 0.996094
vt 0.238281 0.996094
vt 0.230469 0.996094
vt 0.230469 0.996094
vt 0.230469 0.996094
vt 0.230469 0.996094
vt 0.230469 0.996094
vt 0.230469 0.996094
vt 0.238281 0.996094
vt 0.238281 0.996094
vt 0.238281 0.996094
vt 0.238281 0.996094
vt 0.238281 0.996094
vt 0.238281 0.996094
vt 0.230469 0.996094
vt 0.230469 0.996094
vt 0.230469 0.996094
vt 0.230469 0.996094
vt 0.230469 0.996094
vt 0.230469 0.996094
vt 0.167969 0.996094
vt 0.167969 0.996094
vt 0.167969 0.996094
vt 0.160156 0.996094
vt 0.160156 0.996094
vt 0.160156 0.996094
vt 0.199219 0.996094
vt 0.199219 0.996094
vt 0.199219 0.996094
vt 0.175781 0.996094
vt 0.175781 0.996094
vt 0.175781 0.996094
vt 0.152344 0.996094
vt 0.152344 0.996094
vt 0.152344 0.996094
vt 0.191406 0.996094
vt 0.191406 0.996094
vt 0.191406 0.996094
vt 0.152344 0.996094
vt 0.152344 0.996094
vt 0.152344 0.996094
vt 0.160156 0.996094
vt 0.160156 0.996094
vt 0.160156 0.996094
vt 0.199219 0.996094
vt 0.199219 0.996094
vt 0.199219 0.996094
vt 0.191406 0.996094
vt 0.191406 0.996094
vt 0.191406 0.996094
vt 0.191406 0.996094
vt 0.191406 0.996094
vt 0.191406 0.996094
vt 0.167969 0.996094
vt 0.167969 0.996094
vt 0.167969 0.996094
vt 0.214844 0.996094
vt 0.214844 0.996094
vt 0.214844 0.996094
vt 0.160156 0.996094
vt 0.160156 0.996094
vt 0.160156 0.996094
vt 0.238281 0.996094
vt 0.238281 0.996094
vt 0.238281 0.996094
vt 0.230469 0.996094
vt 0.230469 0.996094
vt 0.230469 0.996094
vt 0.230469 0.996094
vt 0.230469 0.996094
vt 0.230469 0.996094
vt 0.238281 0.996094
vt 0.238281 0.996094
vt 0.238281 0.996094
vt 0.238281 0.996094
vt 0.238281 0.996094
vt 0.238281 0.996094
vt 0.238281 0.996094
vt 0.238281 0.996094
vt 0.238281 0.996094
vt 0.214844 0.996094
vt 0.214844 0.996094
vt 0.214844 0.996094
vt 0.199219 0.996094
vt 0.199219 0.996094
vt 0.199219 0.996094
vt 0.136719 0.996094
vt 0.136719 0.996094
vt 0.136719 0.996094
vt 0.128906 0.996094
vt 0.128906 0.996094
vt 0.128906 0.996094
vt 0.121094 0.996094
vt 0.121094 0.996094
vt 0.121094 0.996094
vt 0.121094 0.996094
vt 0.121094 0.996094
vt 0.121094 0.996094
vt 0.144531 0.996094
vt 0.144531 0.996094
vt 0.144531 0.996094
vt 0.199219 0.996094
vt 0.199219 0.996094
vt 0.199219 0.996094
vt 0.214844 0.996094
vt 0.214844 0.996094
vt 0.214844 0.996094
vt 0.199219 0.996094
vt 0.199219 0.996094
vt 0.199219 0.996094
vt 0.214844 0.996094
vt 0.214844 0.996094
vt 0.214844 0.996094
vt 0.167969 0.996094
vt 0.167969 0.996094
vt 0.167969 0.996094
vt 0.121094 0.996094
vt 0.121094 0.996094
vt 0.121094 0.996094
vt 0.167969 0.996094
vt 0.167969 0.996094
vt 0.167969 0.996094
vt 0.136719 0.996094
vt 0.136719 0.996094
vt 0.136719 0.996094
vt 0.167969 0.996094
vt 0.167969 0.996094
vt 0.167969 0.996094
vt 0.152344 0.996094
vt 0.152344 0.996094
vt 0.152344 0.996094
vt 0.152344 0.996094
vt 0.152344 0.996094
vt 0.152344 0.996094
vt 0.152344 0.996094
vt 0.152344 0.996094
vt 0.152344 0.996094
vt 0.214844 0.996094
vt 0.214844 0.996094
vt 0.214844 0.996094
vt 0.175781 0.996094
vt 0.175781 0.996094
vt 0.175781 0.996094
vt 0.199219 0.996094
vt 0.199219 0.996094
vt 0.199219 0.996094
vt 0.214844 0.996094
vt 0.214844 0.996094
vt 0.214844 0.996094
vt 0.214844 0.996094
vt 0.214844 0.996094
vt 0.214844 0.996094
vt 0.199219 0.996094
vt 0.199219 0.996094
vt 0.199219 0.996094
vt 0.199219 0.996094
vt 0.199219 0.996094
vt 0.199219 0.996094
vt 0.160156 0.996094
vt 0.160156 0.996094
vt 0.160156 0.996094
vt 0.152344 0.996094
vt 0.152344 0.996094
vt 0.152344 0.996094
vt 0.160156 0.996094
vt 0.160156 0.996094
vt 0.160156 0.996094
vt 0.199219 0.996094
vt 0.199219 0.996094
vt 0.199219 0.996094
vt 0.175781 0.996094
vt 0.175781 0.996094
vt 0.175781 0.996094
vt 0.199219 0.996094
vt 0.199219 0.996094
vt 0.199219 0.996094
vt 0.199219 0.996094
vt 0.199219 0.996094
vt 0.199219 0.996094
vt 0.199219 0.996094
vt 0.199219 0.996094
vt 0.199219 0.996094
vt 0.175781 0.996094
vt 0.175781 0.996094
vt 0.175781 0.996094
vt 0.199219 0.996094
vt 0.199219 0.996094
vt 0.199219 0.996094
vt 0.199219 0.996094
vt 0.199219 0.996094
vt 0.199219 0.996094
vt 0.199219 0.996094
vt 0.199219 0.996094
vt 0.199219 0.996094
vt 0.253906 0.996094
vt 0.253906 0.996094
vt 0.253906 0.996094
vt 0.246094 0.996094
vt 0.246094 0.996094
vt 0.246094 0.996094
vt 0.253906 0.996094
vt 0.253906 0.996094
vt 0.253906 0.996094
vt 0.230469 0.996094
vt 0.230469 0.996094
vt 0.230469 0.996094
vt 0.253906 0.996094
vt 0.253906 0.996094
vt 0.253906 0.996094
vt 0.253906 0.996094
vt 0.253906 0.996094
vt 0.253906 0.996094
vt 0.230469 0.996094
vt 0.230469 0.996094
vt 0.230469 0.996094
vt 0.230469 0.996094
vt 0.230469 0.996094
vt 0.230469 0.996094
vt 0.191406 0.996094
vt 0.191406 0.996094
vt 0.191406 0.996094
vt 0.191406 0.996094
vt 0.191406 0.996094
vt 0.191406 0.996094
vt 0.214844 0.996094
vt 0.214844 0.996094
vt 0.214844 0.996094
vt 0.160156 0.996094
vt 0.160156 0.996094
vt 0.160156 0.996094
vt 0.199219 0.996094
vt 0.199219 0.996094
vt 0.199219 0.996094
vt 0.199219 0.996094
vt 0.199219 0.996094
vt 0.199219 0.996094
vt 0.230469 0.996094
vt 0.230469 0.996094
vt 0.230469 0.996094
vt 0.191406 0.996094
vt 0.191406 0.996094
vt 0.191406 0.996094
vt 0.136719 0.996094
vt 0.136719 0.996094
vt 0.136719 0.996094
vt 0.152344 0.996094
vt 0.152344 0.996094
vt 0.152344 0.996094
vt 0.160156 0.996094
vt 0.160156 0.996094
vt 0.160156 0.996094
vt 0.152344 0.996094
vt 0.152344 0.996094
vt 0.152344 0.996094
vt 0.160156 0.996094
vt 0.160156 0.996094
vt 0.160156 0.996094
vt 0.136719 0.996094
vt 0.136719 0.996094
vt 0.136719 0.996094
vt 0.230469 0.996094
vt 0.230469 0.996094
vt 0.230469 0.996094
vt 0.230469 0.996094
vt 0.230469 0.996094
vt 0.230469 0.996094
vt 0.199219 0.996094
vt 0.199219 0.996094
vt 0.199219 0.996094
vt 0.230469 0.996094
vt 0.230469 0.996094
vt 0.230469 0.996094
vt 0.160156 0.996094
vt 0.160156 0.996094
vt 0.160156 0.996094
vt 0.167969 0.996094
vt 0.167969 0.996094
vt 0.167969 0.996094
vt 0.167969 0.996094
vt 0.167969 0.996094
vt 0.167969 0.996094
vt 0.199219 0.996094
vt 0.199219 0.996094
vt 0.199219 0.996094
vt 0.167969 0.996094
vt 0.167969 0.996094
vt 0.167969 0.996094
vt 0.230469 0.996094
vt 0.230469 0.996094
vt 0.230469 0.996094
vt 0.199219 0.996094
vt 0.199219 0.996094
vt 0.199219 0.996094
vt 0.191406 0.996094
vt 0.191406 0.996094
vt 0.191406 0.996094
vt 0.167969 0.996094
vt 0.167969 0.996094
vt 0.167969 0.996094
vt 0.199219 0.996094
vt 0.199219 0.996094
vt 0.199219 0.996094
vt 0.175781 0.996094
vt 0.175781 0.996094
vt 0.175781 0.996094
vt 0.230469 0.996094
vt 0.230469 0.996094
vt 0.230469 0.996094
vt 0.230469 0.996094
vt 0.230469 0.996094
vt 0.230469 0.996094
vt 0.230469 0.996094
vt 0.230469 0.996094
vt 0.230469 0.996094
vt 0.230469 0.996094
vt 0.230469 0.996094
vt 0.230469 0.996094
vt 0.230469 0.996094
vt 0.230469 0.996094
vt 0.230469 0.996094
vt 0.230469 0.996094
vt 0.230469 0.996094
vt 0.230469 0.996094
vt 0.230469 0.996094
vt 0.230469 0.996094
vt 0.230469 0.996094
vt 0.230469 0.996094
vt 0.230469 0.996094
vt 0.230469 0.996094
vt 0.230469 0.996094
vt 0.230469 0.996094
vt 0.230469 0.996094
vt 0.199219 0.996094
vt 0.199219 0.996094
vt 0.199219 0.996094
vt 0.199219 0.996094
vt 0.199219 0.996094
vt 0.199219 0.996094
vt 0.230469 0.996094
vt 0.230469 0.996094
vt 0.230469 0.996094
vt 0.230469 0.996094
vt 0.230469 0.996094
vt 0.230469 0.996094
vt 0.230469 0.996094
vt 0.230469 0.996094
vt 0.230469 0.996094
vt 0.230469 0.996094
vt 0.230469 0.996094
vt 0.230469 0.996094
vt 0.230469 0.996094
vt 0.230469 0.996094
vt 0.230469 0.996094
vt 0.230469 0.996094
vt 0.230469 0.996094
vt 0.230469 0.996094
vt 0.230469 0.996094
vt 0.230469 0.996094
vt 0.230469 0.996094
vt 0.230469 0.996094
vt 0.230469 0.996094
vt 0.230469 0.996094
vt 0.230469 0.996094
vt 0.230469 0.996094
vt 0.230469 0.996094
vt 0.230469 0.996094
vt 0.230469 0.996094
vt 0.230469 0.996094
vt 0.230469 0.996094
vt 0.230469 0.996094
vt 0.230469 0.996094
vt 0.230469 0.996094
vt 0.230469 0.996094
vt 0.230469 0.996094
vt 0.199219 0.996094
vt 0.199219 0.996094
vt 0.199219 0.996094
vt 0.199219 0.996094
vt 0.199219 0.996094
vt 0.199219 0.996094
vt 0.230469 0.996094
vt 0.230469 0.996094
vt 0.230469 0.996094
vt 0.230469 0.996094
vt 0.230469 0.996094
vt 0.230469 0.996094
vt 0.230469 0.996094
vt 0.230469 0.996094
vt 0.230469 0.996094
vt 0.230469 0.996094
vt 0.230469 0.996094
vt 0.230469 0.996094
vt 0.230469 0.996094
vt 0.230469 0.996094
vt 0.230469 0.996094
vt 0.230469 0.996094
vt 0.230469 0.996094
vt 0.230469 0.996094
vt 0.214844 0.996094
vt 0.214844 0.996094
vt 0.214844 0.996094
vt 0.175781 0.996094
vt 0.175781 0.996094
vt 0.175781 0.996094
vt 0.160156 0.996094
vt 0.160156 0.996094
vt 0.160156 0.996094
vt 0.167969 0.996094
vt 0.167969 0.996094
vt 0.167969 0.996094
vt 0.175781 0.996094
vt 0.175781 0.996094
vt 0.175781 0.996094
vt 0.199219 0.996094
vt 0.199219 0.996094
vt 0.199219 0.996094
vt 0.214844 0.996094
vt 0.214844 0.996094
vt 0.214844 0.996094
vt 0.214844 0.996094
vt 0.214844 0.996094
vt 0.214844 0.996094
vt 0.214844 0.996094
vt 0.214844 0.996094
vt 0.214844 0.996094
vt 0.214844 0.996094
vt 0.214844 0.996094
vt 0.214844 0.996094
vt 0.207031 0.996094
vt 0.207031 0.996094
vt 0.207031 0.996094
vt 0.167969 0.996094
vt 0.167969 0.996094
vt 0.167969 0.996094
vt 0.175781 0.996094
vt 0.175781 0.996094
vt 0.175781 0.996094
vt 0.214844 0.996094
vt 0.214844 0.996094
vt 0.214844 0.996094
vt 0.175781 0.996094
vt 0.175781 0.996094
vt 0.175781 0.996094
vt 0.214844 0.996094
vt 0.214844 0.996094
vt 0.214844 0.996094
vt 0.214844 0.996094
vt 0.214844 0.996094
vt 0.214844 0.996094
vt 0.214844 0.996094
vt 0.214844 0.996094
vt 0.214844 0.996094
vt 0.058594 0.996094
vt 0.058594 0.996094
vt 0.058594 0.996094
vt 0.089844 0.996094
vt 0.089844 0.996094
vt 0.089844 0.996094
vt 0.027344 0.996094
vt 0.027344 0.996094
vt 0.027344 0.996094
vt 0.089844 0.996094
vt 0.089844 0.996094
vt 0.089844 0.996094
vt 0.027344 0.996094
vt 0.027344 0.996094
vt 0.027344 0.996094
vt 0.042969 0.996094
vt 0.042969 0.996094
vt 0.042969 0.996094
vt 0.050781 0.996094
vt 0.050781 0.996094
vt 0.050781 0.996094
vt 0.121094 0.996094
vt 0.121094 0.996094
vt 0.121094 0.996094
vt 0.128906 0.996094
vt 0.128906 0.996094
vt 0.128906 0.996094
vt 0.136719 0.996094
vt 0.136719 0.996094
vt 0.136719 0.996094
vt 0.136719 0.996094
vt 0.136719 0.996094
vt 0.136719 0.996094
vt 0.058594 0.996094
vt 0.058594 0.996094
vt 0.058594 0.996094
vt 0.058594 0.996094
vt 0.058594 0.996094
vt 0.058594 0.996094
vt 0.089844 0.996094
vt 0.089844 0.996094
vt 0.089844 0.996094
vt 0.042969 0.996094
vt 0.042969 0.996094
vt 0.042969 0.996094
vt 0.019531 0.996094
vt 0.019531 0.996094
vt 0.019531 0.996094
vt 0.089844 0.996094
vt 0.089844 0.996094
vt 0.089844 0.996094
vt 0.035156 0.996094
vt 0.035156 0.996094
vt 0.035156 0.996094
vt 0.050781 0.996094
vt 0.050781 0.996094
vt 0.050781 0.996094
vt 0.058594 0.996094
vt 0.058594 0.996094
vt 0.058594 0.996094
vt 0.050781 0.996094
vt 0.050781 0.996094
vt 0.050781 0.996094
vt 0.058594 0.996094
vt 0.058594 0.996094
vt 0.058594 0.996094
vt 0.050781 0.996094
vt 0.050781 0.996094
vt 0.050781 0.996094
vt 0.058594 0.996094
vt 0.058594 0.996094
vt 0.058594 0.996094
vt 0.058594 0.996094
vt 0.058594 0.996094
vt 0.058594 0.996094
vt 0.050781 0.996094
vt 0.050781 0.996094
vt 0.050781 0.996094
vt 0.089844 0.996094
vt 0.089844 0.996094
vt 0.089844 0.996094
vt 0.058594 0.996094
vt 0.058594 0.996094
vt 0.058594 0.996094
vt 0.121094 0.996094
vt 0.121094 0.996094
vt 0.121094 0.996094
vt 0.144531 0.996094
vt 0.144531 0.996094
vt 0.144531 0.996094
vt 0.136719 0.996094
vt 0.136719 0.996094
vt 0.136719 0.996094
vt 0.121094 0.996094
vt 0.121094 0.996094
vt 0.121094 0.996094
vt 0.113281 0.996094
vt 0.113281 0.996094
vt 0.113281 0.996094
vt 0.152344 0.996094
vt 0.152344 0.996094
vt 0.152344 0.996094
vt 0.128906 0.996094
vt 0.128906 0.996094
vt 0.128906 0.996094
vt 0.152344 0.996094
vt 0.152344 0.996094
vt 0.152344 0.996094
vt 0.128906 0.996094
vt 0.128906 0.996094
vt 0.128906 0.996094
vt 0.058594 0.996094
vt 0.058594 0.996094
vt 0.058594 0.996094
vt 0.089844 0.996094
vt 0.089844 0.996094
vt 0.089844 0.996094
vt 0.058594 0.996094
vt 0.058594 0.996094
vt 0.058594 0.996094
vt 0.113281 0.996094
vt 0.113281 0.996094
vt 0.113281 0.996094
vt 0.152344 0.996094
vt 0.152344 0.996094
vt 0.152344 0.996094
vt 0.128906 0.996094
vt 0.128906 0.996094
vt 0.128906 0.996094
vt 0.152344 0.996094
vt 0.152344 0.996094
vt 0.152344 0.996094
vt 0.214844 0.996094
vt 0.214844 0.996094
vt 0.214844 0.996094
vt 0.214844 0.996094
vt 0.214844 0.996094
vt 0.214844 0.996094
vt 0.214844 0.996094
vt 0.214844 0.996094
vt 0.214844 0.996094
vt 0.214844 0.996094
vt 0.214844 0.996094
vt 0.214844 0.996094
vt 0.214844 0.996094
vt 0.214844 0.996094
vt 0.214844 0.996094
vt 0.214844 0.996094
vt 0.214844 0.996094
vt 0.214844 0.996094
vt 0.214844 0.996094
vt 0.214844 0.996094
vt 0.214844 0.996094
vt 0.214844 0.996094
vt 0.214844 0.996094
vt 0.214844 0.996094
vt 0.214844 0.996094
vt 0.214844 0.996094
vt 0.214844 0.996094
vt 0.214844 0.996094
vt 0.214844 0.996094
vt 0.214844 0.996094
vt 0.214844 0.996094
vt 0.214844 0.996094
vt 0.214844 0.996094
vt 0.214844 0.996094
vt 0.214844 0.996094
vt 0.214844 0.996094
vt 0.214844 0.996094
vt 0.214844 0.996094
vt 0.214844 0.996094
vt 0.214844 0.996094
vt 0.214844 0.996094
vt 0.214844 0.996094
vt 0.214844 0.996094
vt 0.214844 0.996094
vt 0.214844 0.996094
vt 0.214844 0.996094
vt 0.214844 0.996094
vt 0.214844 0.996094
vt 0.214844 0.996094
vt 0.214844 0.996094
vt 0.214844 0.996094
vt 0.214844 0.996094
vt 0.214844 0.996094
vt 0.214844 0.996094
vt 0.214844 0.996094
vt 0.214844 0.996094
vt 0.214844 0.996094
vt 0.214844 0.996094
vt 0.214844 0.996094
vt 0.214844 0.996094
vt 0.214844 0.996094
vt 0.214844 0.996094
vt 0.214844 0.996094
vt 0.214844 0.996094
vt 0.214844 0.996094
vt 0.214844 0.996094
vt 0.214844 0.996094
vt 0.214844 0.996094
vt 0.214844 0.996094
vt 0.214844 0.996094
vt 0.214844 0.996094
vt 0.214844 0.996094
vt 0.214844 0.996094
vt 0.214844 0.996094
vt 0.214844 0.996094
vt 0.214844 0.996094
vt 0.214844 0.996094
vt 0.214844 0.996094
vt 0.214844 0.996094
vt 0.214844 0.996094
vt 0.214844 0.996094
vt 0.214844 0.996094
vt 0.214844 0.996094
vt 0.214844 0.996094
vt 0.214844 0.996094
vt 0.214844 0.996094
vt 0.214844 0.996094
vt 0.214844 0.996094
vt 0.214844 0.996094
vt 0.214844 0.996094
vt 0.214844 0.996094
vt 0.214844 0.996094
vt 0.214844 0.996094
vt 0.214844 0.996094
vt 0.214844 0.996094
vt 0.214844 0.996094
vt 0.214844 0.996094
vt 0.214844 0.996094
vt 0.214844 0.996094
vt 0.214844 0.996094
vt 0.214844 0.996094
vt 0.214844 0.996094
vt 0.214844 0.996094
vt 0.214844 0.996094
vt 0.214844 0.996094
vt 0.214844 0.996094
vt 0.214844 0.996094
vt 0.214844 0.996094
vt 0.214844 0.996094
vt 0.214844 0.996094
vt 0.214844 0.996094
vt 0.214844 0.996094
vt 0.214844 0.996094
vt 0.214844 0.996094
vt 0.214844 0.996094
vt 0.214844 0.996094
vt 0.214844 0.996094
vt 0.214844 0.996094
vt 0.214844 0.996094
vt 0.214844 0.996094
vt 0.214844 0.996094
vt 0.214844 0.996094
vt 0.214844 0.996094
vt 0.214844 0.996094
vt 0.214844 0.996094
vt 0.214844 0.996094
vt 0.199219 0.996094
vt 0.199219 0.996094
vt 0.199219 0.996094
vt 0.199219 0.996094
vt 0.199219 0.996094
vt 0.199219 0.996094
vt 0.199219 0.996094
vt 0.199219 0.996094
vt 0.199219 0.996094
vt 0.199219 0.996094
vt 0.199219 0.996094
vt 0.199219 0.996094
vt 0.199219 0.996094
vt 0.199219 0.996094
vt 0.199219 0.996094
vt 0.199219 0.996094
vt 0.199219 0.996094
vt 0.199219 0.996094
vt 0.199219 0.996094
vt 0.199219 0.996094
vt 0.199219 0.996094
vt 0.199219 0.996094
vt 0.199219 0.996094
vt 0.199219 0.996094
vt 0.199219 0.996094
vt 0.199219 0.996094
vt 0.199219 0.996094
vt 0.199219 0.996094
vt 0.199219 0.996094
vt 0.199219 0.996094
vt 0.199219 0.996094
vt 0.199219 0.996094
vt 0.199219 0.996094
vt 0.199219 0.996094
vt 0.199219 0.996094
vt 0.199219 0.996094
vt 0.199219 0.996094
vt 0.199219 0.996094
vt 0.199219 0.996094
vt 0.199219 0.996094
vt 0.199219 0.996094
vt 0.199219 0.996094
vt 0.199219 0.996094
vt 0.199219 0.996094
vt 0.199219 0.996094
vt 0.199219 0.996094
vt 0.199219 0.996094
vt 0.199219 0.996094
vt 0.199219 0.996094
vt 0.199219 0.996094
vt 0.199219 0.996094
vt 0.199219 0.996094
vt 0.199219 0.996094
vt 0.199219 0.996094
vt 0.199219 0.996094
vt 0.199219 0.996094
vt 0.199219 0.996094
vt 0.199219 0.996094
vt 0.199219 0.996094
vt 0.199219 0.996094
vt 0.199219 0.996094
vt 0.199219 0.996094
vt 0.199219 0.996094
vt 0.199219 0.996094
vt 0.199219 0.996094
vt 0.199219 0.996094
vt 0.199219 0.996094
vt 0.199219 0.996094
vt 0.199219 0.996094
vt 0.199219 0.996094
vt 0.199219 0.996094
vt 0.199219 0.996094
vt 0.199219 0.996094
vt 0.199219 0.996094
vt 0.199219 0.996094
vt 0.199219 0.996094
vt 0.199219 0.996094
vt 0.199219 0.996094
vt 0.199219 0.996094
vt 0.199219 0.996094
vt 0.199219 0.996094
vt 0.199219 0.996094
vt 0.199219 0.996094
vt 0.199219 0.996094
vt 0.199219 0.996094
vt 0.199219 0.996094
vt 0.199219 0.996094
vt 0.199219 0.996094
vt 0.199219 0.996094
vt 0.199219 0.996094
vt 0.199219 0.996094
vt 0.199219 0.996094
vt 0.199219 0.996094
vt 0.199219 0.996094
vt 0.199219 0.996094
vt 0.199219 0.996094
vt 0.199219 0.996094
vt 0.199219 0.996094
vt 0.199219 0.996094
vt 0.199219 0.996094
vt 0.199219 0.996094
vt 0.199219 0.996094
vt 0.199219 0.996094
vt 0.199219 0.996094
vt 0.199219 0.996094
vt 0.199219 0.996094
vt 0.199219 0.996094
vt 0.199219 0.996094
vt 0.199219 0.996094
vt 0.199219 0.996094
vt 0.199219 0.996094
vt 0.199219 0.996094
vt 0.199219 0.996094
vt 0.199219 0.996094
vt 0.199219 0.996094
vt 0.199219 0.996094
vt 0.199219 0.996094
vt 0.199219 0.996094
vt 0.199219 0.996094
vt 0.199219 0.996094
vt 0.199219 0.996094
vt 0.199219 0.996094
vt 0.199219 0.996094
vt 0.199219 0.996094
vt 0.199219 0.996094
vt 0.199219 0.996094
vt 0.199219 0.996094
vt 0.199219 0.996094
vt 0.199219 0.996094
vt 0.199219 0.996094
vt 0.199219 0.996094
vt 0.199219 0.996094
vt 0.199219 0.996094
vt 0.199219 0.996094
vt 0.199219 0.996094
vt 0.199219 0.996094
vt 0.199219 0.996094
vt 0.199219 0.996094
vt 0.199219 0.996094
vt 0.199219 0.996094
vt 0.199219 0.996094
vt 0.199219 0.996094
vt 0.199219 0.996094
vt 0.199219 0.996094
vt 0.199219 0.996094
vt 0.199219 0.996094
vt 0.199219 0.996094
vt 0.199219 0.996094
vt 0.199219 0.996094
vt 0.199219 0.996094
vt 0.199219 0.996094
vt 0.199219 0.996094
vt 0.199219 0.996094
vt 0.199219 0.996094
vt 0.199219 0.996094
vt 0.199219 0.996094
vt 0.199219 0.996094
vt 0.199219 0.996094
vt 0.199219 0.996094
vt 0.199219 0.996094
vt 0.199219 0.996094
vt 0.199219 0.996094
vt 0.199219 0.996094
vt 0.199219 0.996094
vt 0.199219 0.996094
vt 0.199219 0.996094
vt 0.199219 0.996094
vt 0.199219 0.996094
vt 0.199219 0.996094
vt 0.199219 0.996094
vt 0.199219 0.996094
vt 0.199219 0.996094
vt 0.199219 0.996094
vt 0.199219 0.996094
vt 0.199219 0.996094
vt 0.199219 0.996094
vt 0.199219 0.996094
vt 0.199219 0.996094
vt 0.199219 0.996094
vt 0.199219 0.996094
vt 0.199219 0.996094
vt 0.199219 0.996094
vt 0.199219 0.996094
vt 0.199219 0.996094
vt 0.199219 0.996094
vt 0.199219 0.996094
vt 0.199219 0.996094
vt 0.199219 0.996094
vt 0.199219 0.996094
vt 0.199219 0.996094
vt 0.199219 0.996094
vt 0.199219 0.996094
vt 0.199219 0.996094
vt 0.199219 0.996094
vt 0.199219 0.996094
vt 0.199219 0.996094
vt 0.199219 0.996094
vt 0.199219 0.996094
vt 0.183594 0.996094
vt 0.183594 0.996094
vt 0.183594 0.996094
vt 0.199219 0.996094
vt 0.199219 0.996094
vt 0.199219 0.996094
vt 0.199219 0.996094
vt 0.199219 0.996094
vt 0.199219 0.996094
vt 0.199219 0.996094
vt 0.199219 0.996094
vt 0.199219 0.996094
vt 0.199219 0.996094
vt 0.199219 0.996094
vt 0.199219 0.996094
vt 0.199219 0.996094
vt 0.199219 0.996094
vt 0.199219 0.996094
vt 0.199219 0.996094
vt 0.199219 0.996094
vt 0.199219 0.996094
vt 0.199219 0.996094
vt 0.199219 0.996094
vt 0.199219 0.996094
vt 0.199219 0.996094
vt 0.199219 0.996094
vt 0.199219 0.996094
vt 0.199219 0.996094
vt 0.199219 0.996094
vt 0.199219 0.996094
vt 0.199219 0.996094
vt 0.199219 0.996094
vt 0.199219 0.996094
vt 0.199219 0.996094
vt 0.199219 0.996094
vt 0.199219 0.996094
vt 0.199219 0.996094
vt 0.199219 0.996094
vt 0.199219 0.996094
vt 0.199219 0.996094
vt 0.199219 0.996094
vt 0.199219 0.996094
vt 0.199219 0.996094
vt 0.199219 0.996094
vt 0.199219 0.996094
vt 0.199219 0.996094
vt 0.199219 0.996094
vt 0.199219 0.996094
vt 0.199219 0.996094
vt 0.199219 0.996094
vt 0.199219 0.996094
vt 0.199219 0.996094
vt 0.199219 0.996094
vt 0.199219 0.996094
vt 0.261719 0.996094
vt 0.261719 0.996094
vt 0.261719 0.996094
vt 0.261719 0.996094
vt 0.261719 0.996094
vt 0.261719 0.996094
vt 0.261719 0.996094
vt 0.261719 0.996094
vt 0.261719 0.996094
vt 0.261719 0.996094
vt 0.261719 0.996094
vt 0.261719 0.996094
vt 0.261719 0.996094
vt 0.261719 0.996094
vt 0.261719 0.996094
vt 0.261719 0.996094
vt 0.261719 0.996094
vt 0.261719 0.996094
vt 0.261719 0.996094
vt 0.261719 0.996094
vt 0.261719 0.996094
vt 0.261719 0.996094
vt 0.261719 0.996094
vt 0.261719 0.996094
vt 0.261719 0.996094
vt 0.261719 0.996094
vt 0.261719 0.996094
vt 0.261719 0.996094
vt 0.261719 0.996094
vt 0.261719 0.996094
vt 0.261719 0.996094
vt 0.261719 0.996094
vt 0.261719 0.996094
vt 0.261719 0.996094
vt 0.261719 0.996094
vt 0.261719 0.996094
vt 0.261719 0.996094
vt 0.261719 0.996094
vt 0.261719 0.996094
vt 0.261719 0.996094
vt 0.261719 0.996094
vt 0.261719 0.996094
vt 0.253906 0.996094
vt 0.253906 0.996094
vt 0.253906 0.996094
vt 0.261719 0.996094
vt 0.261719 0.996094
vt 0.261719 0.996094
vt 0.261719 0.996094
vt 0.261719 0.996094
vt 0.261719 0.996094
vt 0.261719 0.996094
vt 0.261719 0.996094
vt 0.261719 0.996094
vt 0.253906 0.996094
vt 0.253906 0.996094
vt 0.253906 0.996094
vt 0.261719 0.996094
vt 0.261719 0.996094
vt 0.261719 0.996094
vt 0.261719 0.996094
vt 0.261719 0.996094
vt 0.261719 0.996094
vt 0.261719 0.996094
vt 0.261719 0.996094
vt 0.261719 0.996094
vt 0.261719 0.996094
vt 0.261719 0.996094
vt 0.261719 0.996094
vt 0.261719 0.996094
vt 0.261719 0.996094
vt 0.261719 0.996094
vt 0.261719 0.996094
vt 0.261719 0.996094
vt 0.261719 0.996094
vt 0.261719 0.996094
vt 0.261719 0.996094
vt 0.261719 0.996094
vt 0.261719 0.996094
vt 0.261719 0.996094
vt 0.261719 0.996094
vt 0.261719 0.996094
vt 0.261719 0.996094
vt 0.261719 0.996094
vt 0.261719 0.996094
vt 0.261719 0.996094
vt 0.261719 0.996094
vt 0.261719 0.996094
vt 0.261719 0.996094
vt 0.261719 0.996094
vt 0.261719 0.996094
vt 0.261719 0.996094
vt 0.261719 0.996094
vt 0.261719 0.996094
vt 0.261719 0.996094
vt 0.261719 0.996094
vt 0.261719 0.996094
vt 0.261719 0.996094
vt 0.261719 0.996094
vt 0.261719 0.996094
vt 0.261719 0.996094
vt 0.261719 0.996094
vt 0.261719 0.996094
vt 0.261719 0.996094
vt 0.261719 0.996094
vt 0.261719 0.996094
vt 0.261719 0.996094
vt 0.261719 0.996094
vt 0.261719 0.996094
vt 0.261719 0.996094
vt 0.261719 0.996094
vt 0.261719 0.996094
vt 0.261719 0.996094
vt 0.261719 0.996094
vt 0.261719 0.996094
vt 0.261719 0.996094
vt 0.261719 0.996094
vt 0.261719 0.996094
vt 0.261719 0.996094
vt 0.261719 0.996094
vt 0.261719 0.996094
vt 0.261719 0.996094
vt 0.261719 0.996094
vt 0.261719 0.996094
vt 0.261719 0.996094
vt 0.261719 0.996094
vt 0.214844 0.996094
vt 0.214844 0.996094
vt 0.214844 0.996094
vt 0.214844 0.996094
vt 0.214844 0.996094
vt 0.214844 0.996094
vt 0.214844 0.996094
vt 0.214844 0.996094
vt 0.214844 0.996094
vt 0.214844 0.996094
vt 0.214844 0.996094
vt 0.214844 0.996094
vt 0.214844 0.996094
vt 0.214844 0.996094
vt 0.214844 0.996094
vt 0.214844 0.996094
vt 0.214844 0.996094
vt 0.214844 0.996094
vt 0.214844 0.996094
vt 0.214844 0.996094
vt 0.214844 0.996094
vt 0.214844 0.996094
vt 0.214844 0.996094
vt 0.214844 0.996094
vt 0.214844 0.996094
vt 0.214844 0.996094
vt 0.214844 0.996094
vt 0.214844 0.996094
vt 0.214844 0.996094
vt 0.214844 0.996094
vt 0.214844 0.996094
vt 0.214844 0.996094
vt 0.214844 0.996094
vt 0.214844 0.996094
vt 0.214844 0.996094
vt 0.214844 0.996094
vt 0.214844 0.996094
vt 0.214844 0.996094
vt 0.214844 0.996094
vt 0.214844 0.996094
vt 0.214844 0.996094
vt 0.214844 0.996094
vt 0.214844 0.996094
vt 0.214844 0.996094
vt 0.214844 0.996094
vt 0.214844 0.996094
vt 0.214844 0.996094
vt 0.214844 0.996094
vt 0.214844 0.996094
vt 0.214844 0.996094
vt 0.214844 0.996094
vt 0.214844 0.996094
vt 0.214844 0.996094
vt 0.214844 0.996094
vt 0.214844 0.996094
vt 0.214844 0.996094
vt 0.214844 0.996094
vt 0.214844 0.996094
vt 0.214844 0.996094
vt 0.214844 0.996094
vt 0.214844 0.996094
vt 0.214844 0.996094
vt 0.214844 0.996094
vt 0.214844 0.996094
vt 0.214844 0.996094
vt 0.214844 0.996094
vt 0.214844 0.996094
vt 0.214844 0.996094
vt 0.214844 0.996094
vt 0.214844 0.996094
vt 0.214844 0.996094
vt 0.214844 0.996094
vt 0.214844 0.996094
vt 0.214844 0.996094
vt 0.214844 0.996094
vt 0.214844 0.996094
vt 0.214844 0.996094
vt 0.214844 0.996094
vt 0.214844 0.996094
vt 0.214844 0.996094
vt 0.214844 0.996094
vt 0.214844 0.996094
vt 0.214844 0.996094
vt 0.214844 0.996094
vt 0.214844 0.996094
vt 0.214844 0.996094
vt 0.214844 0.996094
vt 0.214844 0.996094
vt 0.214844 0.996094
vt 0.214844 0.996094
vt 0.214844 0.996094
vt 0.214844 0.996094
vt 0.214844 0.996094
vt 0.214844 0.996094
vt 0.214844 0.996094
vt 0.214844 0.996094
vt 0.214844 0.996094
vt 0.214844 0.996094
vt 0.214844 0.996094
vt 0.214844 0.996094
vt 0.214844 0.996094
vt 0.214844 0.996094
vt 0.214844 0.996094
vt 0.214844 0.996094
vt 0.214844 0.996094
vt 0.214844 0.996094
vt 0.214844 0.996094
vt 0.214844 0.996094
vt 0.214844 0.996094
vt 0.214844 0.996094
vt 0.214844 0.996094
vt 0.214844 0.996094
vt 0.214844 0.996094
vt 0.214844 0.996094
vt 0.214844 0.996094
vt 0.214844 0.996094
vt 0.214844 0.996094
vt 0.214844 0.996094
vt 0.214844 0.996094
vt 0.214844 0.996094
vt 0.214844 0.996094
vt 0.214844 0.996094
vt 0.214844 0.996094
vt 0.214844 0.996094
vt 0.214844 0.996094
vt 0.214844 0.996094
vt 0.175781 0.996094
vt 0.175781 0.996094
vt 0.175781 0.996094
vt 0.167969 0.996094
vt 0.167969 0.996094
vt 0.167969 0.996094
vt 0.136719 0.996094
vt 0.136719 0.996094
vt 0.136719 0.996094
vt 0.136719 0.996094
vt 0.136719 0.996094
vt 0.136719 0.996094
vt 0.167969 0.996094
vt 0.167969 0.996094
vt 0.167969 0.996094
vt 0.167969 0.996094
vt 0.167969 0.996094
vt 0.167969 0.996094
vt 0.167969 0.996094
vt 0.167969 0.996094
vt 0.167969 0.996094
vt 0.121094 0.996094
vt 0.121094 0.996094
vt 0.121094 0.996094
vt 0.121094 0.996094
vt 0.121094 0.996094
vt 0.121094 0.996094
vt 0.113281 0.996094
vt 0.113281 0.996094
vt 0.113281 0.996094
vt 0.167969 0.996094
vt 0.167969 0.996094
vt 0.167969 0.996094
vt 0.089844 0.996094
vt 0.089844 0.996094
vt 0.089844 0.996094
vt 0.152344 0.996094
vt 0.152344 0.996094
vt 0.152344 0.996094
vt 0.152344 0.996094
vt 0.152344 0.996094
vt 0.152344 0.996094
vt 0.121094 0.996094
vt 0.121094 0.996094
vt 0.121094 0.996094
vt 0.121094 0.996094
vt 0.121094 0.996094
vt 0.121094 0.996094
vt 0.121094 0.996094
vt 0.121094 0.996094
vt 0.121094 0.996094
vt 0.160156 0.996094
vt 0.160156 0.996094
vt 0.160156 0.996094
vt 0.144531 0.996094
vt 0.144531 0.996094
vt 0.144531 0.996094
vt 0.152344 0.996094
vt 0.152344 0.996094
vt 0.152344 0.996094
vt 0.152344 0.996094
vt 0.152344 0.996094
vt 0.152344 0.996094
vt 0.152344 0.996094
vt 0.152344 0.996094
vt 0.152344 0.996094
vt 0.152344 0.996094
vt 0.152344 0.996094
vt 0.152344 0.996094
vt 0.152344 0.996094
vt 0.152344 0.996094
vt 0.152344 0.996094
vt 0.175781 0.996094
vt 0.175781 0.996094
vt 0.175781 0.996094
vt 0.175781 0.996094
vt 0.175781 0.996094
vt 0.175781 0.996094
vt 0.175781 0.996094
vt 0.175781 0.996094
vt 0.175781 0.996094
vt 0.175781 0.996094
vt 0.175781 0.996094
vt 0.175781 0.996094
vt 0.089844 0.996094
vt 0.089844 0.996094
vt 0.089844 0.996094
vt 0.128906 0.996094
vt 0.128906 0.996094
vt 0.128906 0.996094
vt 0.152344 0.996094
vt 0.152344 0.996094
vt 0.152344 0.996094
vt 0.121094 0.996094
vt 0.121094 0.996094
vt 0.121094 0.996094
vt 0.121094 0.996094
vt 0.121094 0.996094
vt 0.121094 0.996094
vt 0.152344 0.996094
vt 0.152344 0.996094
vt 0.152344 0.996094
vt 0.144531 0.996094
vt 0.144531 0.996094
vt 0.144531 0.996094
vt 0.121094 0.996094
vt 0.121094 0.996094
vt 0.121094 0.996094
vt 0.136719 0.996094
vt 0.136719 0.996094
vt 0.136719 0.996094
vt 0.175781 0.996094
vt 0.175781 0.996094
vt 0.175781 0.996094
vt 0.175781 0.996094
vt 0.175781 0.996094
vt 0.175781 0.996094
vt 0.160156 0.996094
vt 0.160156 0.996094
vt 0.160156 0.996094
vt 0.230469 0.996094
vt 0.230469 0.996094
vt 0.230469 0.996094
vt 0.230469 0.996094
vt 0.230469 0.996094
vt 0.230469 0.996094
vt 0.230469 0.996094
vt 0.230469 0.996094
vt 0.230469 0.996094
vt 0.230469 0.996094
vt 0.230469 0.996094
vt 0.230469 0.996094
vt 0.230469 0.996094
vt 0.230469 0.996094
vt 0.230469 0.996094
vt 0.230469 0.996094
vt 0.230469 0.996094
vt 0.230469 0.996094
vt 0.230469 0.996094
vt 0.230469 0.996094
vt 0.230469 0.996094
vt 0.230469 0.996094
vt 0.230469 0.996094
vt 0.230469 0.996094
vt 0.230469 0.996094
vt 0.230469 0.996094
vt 0.230469 0.996094
vt 0.230469 0.996094
vt 0.230469 0.996094
vt 0.230469 0.996094
vt 0.230469 0.996094
vt 0.230469 0.996094
vt 0.230469 0.996094
vt 0.230469 0.996094
vt 0.230469 0.996094
vt 0.230469 0.996094
vt 0.230469 0.996094
vt 0.230469 0.996094
vt 0.230469 0.996094
vt 0.230469 0.996094
vt 0.230469 0.996094
vt 0.230469 0.996094
vt 0.230469 0.996094
vt 0.230469 0.996094
vt 0.230469 0.996094
vt 0.230469 0.996094
vt 0.230469 0.996094
vt 0.230469 0.996094
vt 0.230469 0.996094
vt 0.230469 0.996094
vt 0.230469 0.996094
vt 0.230469 0.996094
vt 0.230469 0.996094
vt 0.230469 0.996094
vt 0.230469 0.996094
vt 0.230469 0.996094
vt 0.230469 0.996094
vt 0.230469 0.996094
vt 0.230469 0.996094
vt 0.230469 0.996094
vt 0.230469 0.996094
vt 0.230469 0.996094
vt 0.230469 0.996094
vt 0.230469 0.996094
vt 0.230469 0.996094
vt 0.230469 0.996094
vt 0.230469 0.996094
vt 0.230469 0.996094
vt 0.230469 0.996094
vt 0.230469 0.996094
vt 0.230469 0.996094
vt 0.230469 0.996094
vt 0.230469 0.996094
vt 0.230469 0.996094
vt 0.230469 0.996094
vt 0.230469 0.996094
vt 0.230469 0.996094
vt 0.230469 0.996094
vt 0.230469 0.996094
vt 0.230469 0.996094
vt 0.230469 0.996094
vt 0.230469 0.996094
vt 0.230469 0.996094
vt 0.230469 0.996094
vt 0.230469 0.996094
vt 0.230469 0.996094
vt 0.230469 0.996094
vt 0.230469 0.996094
vt 0.230469 0.996094
vt 0.230469 0.996094
vt 0.230469 0.996094
vt 0.230469 0.996094
vt 0.230469 0.996094
vt 0.230469 0.996094
vt 0.230469 0.996094
vt 0.230469 0.996094
vt 0.230469 0.996094
vt 0.230469 0.996094
vt 0.230469 0.996094
vt 0.230469 0.996094
vt 0.230469 0.996094
vt 0.230469 0.996094
vt 0.230469 0.996094
vt 0.230469 0.996094
vt 0.230469 0.996094
vt 0.230469 0.996094
vt 0.230469 0.996094
vt 0.230469 0.996094
vt 0.230469 0.996094
vt 0.230469 0.996094
vt 0.230469 0.996094
vt 0.230469 0.996094
vt 0.230469 0.996094
vt 0.230469 0.996094
vt 0.230469 0.996094
vt 0.230469 0.996094
vt 0.230469 0.996094
vt 0.230469 0.996094
vt 0.230469 0.996094
vt 0.230469 0.996094
vt 0.230469 0.996094
vt 0.230469 0.996094
vt 0.230469 0.996094
vt 0.230469 0.996094
vt 0.230469 0.996094
vt 0.230469 0.996094
vt 0.199219 0.996094
vt 0.199219 0.996094
vt 0.199219 0.996094
vt 0.230469 0.996094
vt 0.230469 0.996094
vt 0.230469 0.996094
vt 0.230469 0.996094
vt 0.230469 0.996094
vt 0.230469 0.996094
vt 0.214844 0.996094
vt 0.214844 0.996094
vt 0.214844 0.996094
vt 0.230469 0.996094
vt 0.230469 0.996094
vt 0.230469 0.996094
vt 0.230469 0.996094
vt 0.230469 0.996094
vt 0.230469 0.996094
vt 0.230469 0.996094
vt 0.230469 0.996094
vt 0.230469 0.996094
vt 0.230469 0.996094
vt 0.230469 0.996094
vt 0.230469 0.996094
vt 0.175781 0.996094
vt 0.175781 0.996094
vt 0.175781 0.996094
vt 0.175781 0.996094
vt 0.175781 0.996094
vt 0.175781 0.996094
vt 0.199219 0.996094
vt 0.199219 0.996094
vt 0.199219 0.996094
vt 0.230469 0.996094
vt 0.230469 0.996094
vt 0.230469 0.996094
vt 0.230469 0.996094
vt 0.230469 0.996094
vt 0.230469 0.996094
vt 0.199219 0.996094
vt 0.199219 0.996094
vt 0.199219 0.996094
vt 0.175781 0.996094
vt 0.175781 0.996094
vt 0.175781 0.996094
vt 0.167969 0.996094
vt 0.167969 0.996094
vt 0.167969 0.996094
vt 0.199219 0.996094
vt 0.199219 0.996094
vt 0.199219 0.996094
vt 0.230469 0.996094
vt 0.230469 0.996094
vt 0.230469 0.996094
vt 0.230469 0.996094
vt 0.230469 0.996094
vt 0.230469 0.996094
vt 0.230469 0.996094
vt 0.230469 0.996094
vt 0.230469 0.996094
vt 0.230469 0.996094
vt 0.230469 0.996094
vt 0.230469 0.996094
vt 0.230469 0.996094
vt 0.230469 0.996094
vt 0.230469 0.996094
vt 0.199219 0.996094
vt 0.199219 0.996094
vt 0.199219 0.996094
vt 0.191406 0.996094
vt 0.191406 0.996094
vt 0.191406 0.996094
vt 0.230469 0.996094
vt 0.230469 0.996094
vt 0.230469 0.996094
vt 0.175781 0.996094
vt 0.175781 0.996094
vt 0.175781 0.996094
vt 0.191406 0.996094
vt 0.191406 0.996094
vt 0.191406 0.996094
vt 0.199219 0.996094
vt 0.199219 0.996094
vt 0.199219 0.996094
vt 0.199219 0.996094
vt 0.199219 0.996094
vt 0.199219 0.996094
vt 0.230469 0.996094
vt 0.230469 0.996094
vt 0.230469 0.996094
vt 0.230469 0.996094
vt 0.230469 0.996094
vt 0.230469 0.996094
vt 0.230469 0.996094
vt 0.230469 0.996094
vt 0.230469 0.996094
vt 0.230469 0.996094
vt 0.230469 0.996094
vt 0.230469 0.996094
vt 0.230469 0.996094
vt 0.230469 0.996094
vt 0.230469 0.996094
vt 0.230469 0.996094
vt 0.230469 0.996094
vt 0.230469 0.996094
vt 0.207031 0.996094
vt 0.207031 0.996094
vt 0.207031 0.996094
vt 0.199219 0.996094
vt 0.199219 0.996094
vt 0.199219 0.996094
vt 0.230469 0.996094
vt 0.230469 0.996094
vt 0.230469 0.996094
vt 0.230469 0.996094
vt 0.230469 0.996094
vt 0.230469 0.996094
vt 0.199219 0.996094
vt 0.199219 0.996094
vt 0.199219 0.996094
vt 0.175781 0.996094
vt 0.175781 0.996094
vt 0.175781 0.996094
vt 0.199219 0.996094
vt 0.199219 0.996094
vt 0.199219 0.996094
vt 0.214844 0.996094
vt 0.214844 0.996094
vt 0.214844 0.996094
vt 0.214844 0.996094
vt 0.214844 0.996094
vt 0.214844 0.996094
vt 0.214844 0.996094
vt 0.214844 0.996094
vt 0.214844 0.996094
vt 0.214844 0.996094
vt 0.214844 0.996094
vt 0.214844 0.996094
vt 0.214844 0.996094
vt 0.214844 0.996094
vt 0.214844 0.996094
vt 0.214844 0.996094
vt 0.214844 0.996094
vt 0.214844 0.996094
vt 0.214844 0.996094
vt 0.214844 0.996094
vt 0.214844 0.996094
vt 0.214844 0.996094
vt 0.214844 0.996094
vt 0.214844 0.996094
vt 0.214844 0.996094
vt 0.214844 0.996094
vt 0.214844 0.996094
vt 0.214844 0.996094
vt 0.214844 0.996094
vt 0.214844 0.996094
vt 0.214844 0.996094
vt 0.214844 0.996094
vt 0.214844 0.996094
vt 0.214844 0.996094
vt 0.214844 0.996094
vt 0.214844 0.996094
vt 0.214844 0.996094
vt 0.214844 0.996094
vt 0.214844 0.996094
vt 0.214844 0.996094
vt 0.214844 0.996094
vt 0.214844 0.996094
vt 0.214844 0.996094
vt 0.214844 0.996094
vt 0.214844 0.996094
vt 0.214844 0.996094
vt 0.214844 0.996094
vt 0.214844 0.996094
vt 0.214844 0.996094
vt 0.214844 0.996094
vt 0.214844 0.996094
vt 0.214844 0.996094
vt 0.214844 0.996094
vt 0.214844 0.996094
vt 0.214844 0.996094
vt 0.214844 0.996094
vt 0.214844 0.996094
vt 0.214844 0.996094
vt 0.214844 0.996094
vt 0.214844 0.996094
vt 0.214844 0.996094
vt 0.214844 0.996094
vt 0.214844 0.996094
vt 0.214844 0.996094
vt 0.214844 0.996094
vt 0.214844 0.996094
vt 0.214844 0.996094
vt 0.214844 0.996094
vt 0.214844 0.996094
vt 0.214844 0.996094
vt 0.214844 0.996094
vt 0.214844 0.996094
vt 0.214844 0.996094
vt 0.214844 0.996094
vt 0.214844 0.996094
vt 0.214844 0.996094
vt 0.214844 0.996094
vt 0.214844 0.996094
vt 0.214844 0.996094
vt 0.214844 0.996094
vt 0.214844 0.996094
vt 0.214844 0.996094
vt 0.214844 0.996094
vt 0.214844 0.996094
vt 0.214844 0.996094
vt 0.214844 0.996094
vt 0.214844 0.996094
vt 0.214844 0.996094
vt 0.214844 0.996094
vt 0.214844 0.996094
vt 0.214844 0.996094
vt 0.214844 0.996094
vt 0.214844 0.996094
vt 0.214844 0.996094
vt 0.214844 0.996094
vt 0.214844 0.996094
vt 0.214844 0.996094
vt 0.214844 0.996094
vt 0.214844 0.996094
vt 0.214844 0.996094
vt 0.214844 0.996094
vt 0.214844 0.996094
vt 0.214844 0.996094
vt 0.214844 0.996094
vt 0.214844 0.996094
vt 0.214844 0.996094
vt 0.214844 0.996094
vt 0.214844 0.996094
vt 0.214844 0.996094
vt 0.214844 0.996094
vt 0.214844 0.996094
vt 0.214844 0.996094
vt 0.214844 0.996094
vt 0.214844 0.996094
vt 0.214844 0.996094
vt 0.214844 0.996094
vt 0.214844 0.996094
vt 0.214844 0.996094
vt 0.214844 0.996094
vt 0.214844 0.996094
vt 0.214844 0.996094
vt 0.214844 0.996094
vt 0.214844 0.996094
vt 0.214844 0.996094
vt 0.214844 0.996094
vt 0.214844 0.996094
vt 0.230469 0.996094
vt 0.230469 0.996094
vt 0.230469 0.996094
vt 0.230469 0.996094
vt 0.230469 0.996094
vt 0.230469 0.996094
vt 0.230469 0.996094
vt 0.230469 0.996094
vt 0.230469 0.996094
vt 0.230469 0.996094
vt 0.230469 0.996094
vt 0.230469 0.996094
vt 0.230469 0.996094
vt 0.230469 0.996094
vt 0.230469 0.996094
vt 0.214844 0.996094
vt 0.214844 0.996094
vt 0.214844 0.996094
vt 0.214844 0.996094
vt 0.214844 0.996094
vt 0.214844 0.996094
vt 0.230469 0.996094
vt 0.230469 0.996094
vt 0.230469 0.996094
vt 0.230469 0.996094
vt 0.230469 0.996094
vt 0.230469 0.996094
vt 0.230469 0.996094
vt 0.230469 0.996094
vt 0.230469 0.996094
vt 0.230469 0.996094
vt 0.230469 0.996094
vt 0.230469 0.996094
vt 0.230469 0.996094
vt 0.230469 0.996094
vt 0.230469 0.996094
vt 0.230469 0.996094
vt 0.230469 0.996094
vt 0.230469 0.996094
vt 0.230469 0.996094
vt 0.230469 0.996094
vt 0.230469 0.996094
vt 0.230469 0.996094
vt 0.230469 0.996094
vt 0.230469 0.996094
vt 0.230469 0.996094
vt 0.230469 0.996094
vt 0.230469 0.996094
vt 0.230469 0.996094
vt 0.230469 0.996094
vt 0.230469 0.996094
vt 0.230469 0.996094
vt 0.230469 0.996094
vt 0.230469 0.996094
vt 0.230469 0.996094
vt 0.230469 0.996094
vt 0.230469 0.996094
vt 0.230469 0.996094
vt 0.230469 0.996094
vt 0.230469 0.996094
vt 0.230469 0.996094
vt 0.230469 0.996094
vt 0.230469 0.996094
vt 0.230469 0.996094
vt 0.230469 0.996094
vt 0.230469 0.996094
vt 0.230469 0.996094
vt 0.230469 0.996094
vt 0.230469 0.996094
vt 0.230469 0.996094
vt 0.230469 0.996094
vt 0.230469 0.996094
vt 0.199219 0.996094
vt 0.199219 0.996094
vt 0.199219 0.996094
vt 0.230469 0.996094
vt 0.230469 0.996094
vt 0.230469 0.996094
vt 0.230469 0.996094
vt 0.230469 0.996094
vt 0.230469 0.996094
vt 0.230469 0.996094
vt 0.230469 0.996094
vt 0.230469 0.996094
vt 0.230469 0.996094
vt 0.230469 0.996094
vt 0.230469 0.996094
vt 0.230469 0.996094
vt 0.230469 0.996094
vt 0.230469 0.996094
vt 0.230469 0.996094
vt 0.230469 0.996094
vt 0.230469 0.996094
vt 0.230469 0.996094
vt 0.230469 0.996094
vt 0.230469 0.996094
vt 0.230469 0.996094
vt 0.230469 0.996094
vt 0.230469 0.996094
vt 0.230469 0.996094
vt 0.230469 0.996094
vt 0.230469 0.996094
vt 0.230469 0.996094
vt 0.230469 0.996094
vt 0.230469 0.996094
vt 0.230469 0.996094
vt 0.230469 0.996094
vt 0.230469 0.996094
vt 0.230469 0.996094
vt 0.230469 0.996094
vt 0.230469 0.996094
vt 0.230469 0.996094
vt 0.230469 0.996094
vt 0.230469 0.996094
vt 0.230469 0.996094
vt 0.230469 0.996094
vt 0.230469 0.996094
vt 0.230469 0.996094
vt 0.230469 0.996094
vt 0.230469 0.996094
vt 0.230469 0.996094
vt 0.230469 0.996094
vt 0.230469 0.996094
vt 0.230469 0.996094
vt 0.230469 0.996094
vt 0.230469 0.996094
vt 0.230469 0.996094
vt 0.230469 0.996094
vt 0.230469 0.996094
vt 0.230469 0.996094
vt 0.230469 0.996094
vt 0.230469 0.996094
vt 0.230469 0.996094
vt 0.230469 0.996094
vt 0.230469 0.996094
vt 0.230469 0.996094
vt 0.230469 0.996094
vt 0.230469 0.996094
vt 0.230469 0.996094
vt 0.230469 0.996094
vt 0.230469 0.996094
vt 0.230469 0.996094
vt 0.230469 0.996094
vt 0.230469 0.996094
vt 0.230469 0.996094
vt 0.230469 0.996094
vt 0.230469 0.996094
vt 0.230469 0.996094
vt 0.230469 0.996094
vt 0.230469 0.996094
vt 0.230469 0.996094
vt 0.230469 0.996094
vt 0.230469 0.996094
vt 0.230469 0.996094
vt 0.230469 0.996094
vt 0.230469 0.996094
vt 0.230469 0.996094
vt 0.230469 0.996094
vt 0.230469 0.996094
vt 0.230469 0.996094
vt 0.230469 0.996094
vt 0.230469 0.996094
vt 0.230469 0.996094
vt 0.230469 0.996094
vt 0.230469 0.996094
vt 0.230469 0.996094
vt 0.230469 0.996094
vt 0.230469 0.996094
vt 0.230469 0.996094
vt 0.230469 0.996094
vt 0.230469 0.996094
vt 0.230469 0.996094
vt 0.230469 0.996094
vt 0.230469 0.996094
vt 0.230469 0.996094
vt 0.230469 0.996094
vt 0.230469 0.996094
vt 0.230469 0.996094
vt 0.230469 0.996094
vt 0.230469 0.996094
vt 0.230469 0.996094
vt 0.230469 0.996094
vt 0.230469 0.996094
vt 0.230469 0.996094
vt 0.230469 0.996094
vt 0.230469 0.996094
vt 0.230469 0.996094
vt 0.230469 0.996094
vt 0.230469 0.996094
vt 0.230469 0.996094
vt 0.230469 0.996094
vt 0.230469 0.996094
vt 0.230469 0.996094
vt 0.230469 0.996094
vt 0.230469 0.996094
vt 0.230469 0.996094
vt 0.230469 0.996094
vt 0.230469 0.996094
vt 0.230469 0.996094
vt 0.230469 0.996094
vt 0.230469 0.996094
vt 0.230469 0.996094
vt 0.230469 0.996094
vt 0.230469 0.996094
vt 0.230469 0.996094
vt 0.230469 0.996094
vt 0.230469 0.996094
vt 0.230469 0.996094
vt 0.230469 0.996094
vt 0.230469 0.996094
vt 0.230469 0.996094
vt 0.230469 0.996094
vt 0.230469 0.996094
vt 0.230469 0.996094
vt 0.230469 0.996094
vt 0.230469 0.996094
vt 0.230469 0.996094
vt 0.230469 0.996094
vt 0.230469 0.996094
vt 0.230469 0.996094
vt 0.230469 0.996094
vt 0.230469 0.996094
vt 0.230469 0.996094
vt 0.230469 0.996094
vt 0.230469 0.996094
vt 0.230469 0.996094
vt 0.230469 0.996094
vt 0.230469 0.996094
vt 0.230469 0.996094
vt 0.230469 0.996094
vt 0.230469 0.996094
vt 0.230469 0.996094
vt 0.230469 0.996094
vt 0.230469 0.996094
vt 0.230469 0.996094
vt 0.230469 0.996094
vt 0.230469 0.996094
vt 0.230469 0.996094
vt 0.230469 0.996094
vt 0.230469 0.996094
vt 0.230469 0.996094
vt 0.230469 0.996094
vt 0.230469 0.996094
vt 0.230469 0.996094
vt 0.230469 0.996094
vt 0.230469 0.996094
vt 0.230469 0.996094
vt 0.230469 0.996094
vt 0.230469 0.996094
vt 0.230469 0.996094
vt 0.230469 0.996094
vt 0.230469 0.996094
vt 0.152344 0.996094
vt 0.152344 0.996094
vt 0.152344 0.996094
vt 0.152344 0.996094
vt 0.152344 0.996094
vt 0.152344 0.996094
vt 0.199219 0.996094
vt 0.199219 0.996094
vt 0.199219 0.996094
vt 0.199219 0.996094
vt 0.199219 0.996094
vt 0.199219 0.996094
vt 0.199219 0.996094
vt 0.199219 0.996094
vt 0.199219 0.996094
vt 0.199219 0.996094
vt 0.199219 0.996094
vt 0.199219 0.996094
vt 0.199219 0.996094
vt 0.199219 0.996094
vt 0.199219 0.996094
vt 0.199219 0.996094
vt 0.199219 0.996094
vt 0.199219 0.996094
vt 0.199219 0.996094
vt 0.199219 0.996094
vt 0.199219 0.996094
vt 0.121094 0.996094
vt 0.121094 0.996094
vt 0.121094 0.996094
vt 0.128906 0.996094
vt 0.128906 0.996094
vt 0.128906 0.996094
vt 0.121094 0.996094
vt 0.121094 0.996094
vt 0.121094 0.996094
vt 0.128906 0.996094
vt 0.128906 0.996094
vt 0.128906 0.996094
vt 0.152344 0.996094
vt 0.152344 0.996094
vt 0.152344 0.996094
vt 0.121094 0.996094
vt 0.121094 0.996094
vt 0.121094 0.996094
vt 0.121094 0.996094
vt 0.121094 0.996094
vt 0.121094 0.996094
vt 0.121094 0.996094
vt 0.121094 0.996094
vt 0.121094 0.996094
vt 0.175781 0.996094
vt 0.175781 0.996094
vt 0.175781 0.996094
vt 0.136719 0.996094
vt 0.136719 0.996094
vt 0.136719 0.996094
vt 0.152344 0.996094
vt 0.152344 0.996094
vt 0.152344 0.996094
vt 0.167969 0.996094
vt 0.167969 0.996094
vt 0.167969 0.996094
vt 0.136719 0.996094
vt 0.136719 0.996094
vt 0.136719 0.996094
vt 0.175781 0.996094
vt 0.175781 0.996094
vt 0.175781 0.996094
vt 0.128906 0.996094
vt 0.128906 0.996094
vt 0.128906 0.996094
vt 0.199219 0.996094
vt 0.199219 0.996094
vt 0.199219 0.996094
vt 0.199219 0.996094
vt 0.199219 0.996094
vt 0.199219 0.996094
vt 0.199219 0.996094
vt 0.199219 0.996094
vt 0.199219 0.996094
vt 0.183594 0.996094
vt 0.183594 0.996094
vt 0.183594 0.996094
vt 0.199219 0.996094
vt 0.199219 0.996094
vt 0.199219 0.996094
vt 0.199219 0.996094
vt 0.199219 0.996094
vt 0.199219 0.996094
vt 0.167969 0.996094
vt 0.167969 0.996094
vt 0.167969 0.996094
vt 0.152344 0.996094
vt 0.152344 0.996094
vt 0.152344 0.996094
vt 0.199219 0.996094
vt 0.199219 0.996094
vt 0.199219 0.996094
vt 0.152344 0.996094
vt 0.152344 0.996094
vt 0.152344 0.996094
vt 0.175781 0.996094
vt 0.175781 0.996094
vt 0.175781 0.996094
vt 0.183594 0.996094
vt 0.183594 0.996094
vt 0.183594 0.996094
vt 0.160156 0.996094
vt 0.160156 0.996094
vt 0.160156 0.996094
vt 0.128906 0.996094
vt 0.128906 0.996094
vt 0.128906 0.996094
vt 0.152344 0.996094
vt 0.152344 0.996094
vt 0.152344 0.996094
vt 0.136719 0.996094
vt 0.136719 0.996094
vt 0.136719 0.996094
vt 0.136719 0.996094
vt 0.136719 0.996094
vt 0.136719 0.996094
vt 0.136719 0.996094
vt 0.136719 0.996094
vt 0.136719 0.996094
vt 0.128906 0.996094
vt 0.128906 0.996094
vt 0.128906 0.996094
vt 0.160156 0.996094
vt 0.160156 0.996094
vt 0.160156 0.996094
vt 0.121094 0.996094
vt 0.121094 0.996094
vt 0.121094 0.996094
vt 0.121094 0.996094
vt 0.121094 0.996094
vt 0.121094 0.996094
vt 0.144531 0.996094
vt 0.144531 0.996094
vt 0.144531 0.996094
vt 0.128906 0.996094
vt 0.128906 0.996094
vt 0.128906 0.996094
vt 0.121094 0.996094
vt 0.121094 0.996094
vt 0.121094 0.996094
vt 0.230469 0.996094
vt 0.230469 0.996094
vt 0.230469 0.996094
vt 0.230469 0.996094
vt 0.230469 0.996094
vt 0.230469 0.996094
vt 0.230469 0.996094
vt 0.230469 0.996094
vt 0.230469 0.996094
vt 0.230469 0.996094
vt 0.230469 0.996094
vt 0.230469 0.996094
vt 0.230469 0.996094
vt 0.230469 0.996094
vt 0.230469 0.996094
vt 0.230469 0.996094
vt 0.230469 0.996094
vt 0.230469 0.996094
vt 0.230469 0.996094
vt 0.230469 0.996094
vt 0.230469 0.996094
vt 0.230469 0.996094
vt 0.230469 0.996094
vt 0.230469 0.996094
vt 0.230469 0.996094
vt 0.230469 0.996094
vt 0.230469 0.996094
vt 0.230469 0.996094
vt 0.230469 0.996094
vt 0.230469 0.996094
vt 0.230469 0.996094
vt 0.230469 0.996094
vt 0.230469 0.996094
vt 0.230469 0.996094
vt 0.230469 0.996094
vt 0.230469 0.996094
vt 0.152344 0.996094
vt 0.152344 0.996094
vt 0.152344 0.996094
vt 0.230469 0.996094
vt 0.230469 0.996094
vt 0.230469 0.996094
vt 0.230469 0.996094
vt 0.230469 0.996094
vt 0.230469 0.996094
vt 0.175781 0.996094
vt 0.175781 0.996094
vt 0.175781 0.996094
vt 0.128906 0.996094
vt 0.128906 0.996094
vt 0.128906 0.996094
vt 0.199219 0.996094
vt 0.199219 0.996094
vt 0.199219 0.996094
vt 0.128906 0.996094
vt 0.128906 0.996094
vt 0.128906 0.996094
vt 0.175781 0.996094
vt 0.175781 0.996094
vt 0.175781 0.996094
vt 0.214844 0.996094
vt 0.214844 0.996094
vt 0.214844 0.996094
vt 0.152344 0.996094
vt 0.152344 0.996094
vt 0.152344 0.996094
vt 0.199219 0.996094
vt 0.199219 0.996094
vt 0.199219 0.996094
vt 0.199219 0.996094
vt 0.199219 0.996094
vt 0.199219 0.996094
vt 0.230469 0.996094
vt 0.230469 0.996094
vt 0.230469 0.996094
vt 0.230469 0.996094
vt 0.230469 0.996094
vt 0.230469 0.996094
vt 0.160156 0.996094
vt 0.160156 0.996094
vt 0.160156 0.996094
vt 0.136719 0.996094
vt 0.136719 0.996094
vt 0.136719 0.996094
vt 0.152344 0.996094
vt 0.152344 0.996094
vt 0.152344 0.996094
vt 0.207031 0.996094
vt 0.207031 0.996094
vt 0.207031 0.996094
vt 0.230469 0.996094
vt 0.230469 0.996094
vt 0.230469 0.996094
vt 0.238281 0.996094
vt 0.238281 0.996094
vt 0.238281 0.996094
vt 0.238281 0.996094
vt 0.238281 0.996094
vt 0.238281 0.996094
vt 0.238281 0.996094
vt 0.238281 0.996094
vt 0.238281 0.996094
vt 0.238281 0.996094
vt 0.238281 0.996094
vt 0.238281 0.996094
vt 0.207031 0.996094
vt 0.207031 0.996094
vt 0.207031 0.996094
vt 0.175781 0.996094
vt 0.175781 0.996094
vt 0.175781 0.996094
vt 0.175781 0.996094
vt 0.175781 0.996094
vt 0.175781 0.996094
vt 0.175781 0.996094
vt 0.175781 0.996094
vt 0.175781 0.996094
vt 0.152344 0.996094
vt 0.152344 0.996094
vt 0.152344 0.996094
vt 0.230469 0.996094
vt 0.230469 0.996094
vt 0.230469 0.996094
vt 0.167969 0.996094
vt 0.167969 0.996094
vt 0.167969 0.996094
vt 0.152344 0.996094
vt 0.152344 0.996094
vt 0.152344 0.996094
vt 0.160156 0.996094
vt 0.160156 0.996094
vt 0.160156 0.996094
vt 0.199219 0.996094
vt 0.199219 0.996094
vt 0.199219 0.996094
vt 0.160156 0.996094
vt 0.160156 0.996094
vt 0.160156 0.996094
vt 0.175781 0.996094
vt 0.175781 0.996094
vt 0.175781 0.996094
vt 0.230469 0.996094
vt 0.230469 0.996094
vt 0.230469 0.996094
vt 0.230469 0.996094
vt 0.230469 0.996094
vt 0.230469 0.996094
vt 0.238281 0.996094
vt 0.238281 0.996094
vt 0.238281 0.996094
vt 0.238281 0.996094
vt 0.238281 0.996094
vt 0.238281 0.996094
vt 0.199219 0.996094
vt 0.199219 0.996094
vt 0.199219 0.996094
vt 0.230469 0.996094
vt 0.230469 0.996094
vt 0.230469 0.996094
vt 0.199219 0.996094
vt 0.199219 0.996094
vt 0.199219 0.996094
vt 0.199219 0.996094
vt 0.199219 0.996094
vt 0.199219 0.996094
vt 0.199219 0.996094
vt 0.199219 0.996094
vt 0.199219 0.996094
vt 0.207031 0.996094
vt 0.207031 0.996094
vt 0.207031 0.996094
vt 0.199219 0.996094
vt 0.199219 0.996094
vt 0.199219 0.996094
vt 0.238281 0.996094
vt 0.238281 0.996094
vt 0.238281 0.996094
vt 0.238281 0.996094
vt 0.238281 0.996094
vt 0.238281 0.996094
vt 0.238281 0.996094
vt 0.238281 0.996094
vt 0.238281 0.996094
vt 0.238281 0.996094
vt 0.238281 0.996094
vt 0.238281 0.996094
vt 0.238281 0.996094
vt 0.238281 0.996094
vt 0.238281 0.996094
vt 0.199219 0.996094
vt 0.199219 0.996094
vt 0.199219 0.996094
vt 0.167969 0.996094
vt 0.167969 0.996094
vt 0.167969 0.996094
vt 0.175781 0.996094
vt 0.175781 0.996094
vt 0.175781 0.996094
vt 0.199219 0.996094
vt 0.199219 0.996094
vt 0.199219 0.996094
vt 0.191406 0.996094
vt 0.191406 0.996094
vt 0.191406 0.996094
vt 0.175781 0.996094
vt 0.175781 0.996094
vt 0.175781 0.996094
vt 0.191406 0.996094
vt 0.191406 0.996094
vt 0.191406 0.996094
vt 0.238281 0.996094
vt 0.238281 0.996094
vt 0.238281 0.996094
vt 0.238281 0.996094
vt 0.238281 0.996094
vt 0.238281 0.996094
vt 0.230469 0.996094
vt 0.230469 0.996094
vt 0.230469 0.996094
vt 0.238281 0.996094
vt 0.238281 0.996094
vt 0.238281 0.996094
vt 0.238281 0.996094
vt 0.238281 0.996094
vt 0.238281 0.996094
vt 0.238281 0.996094
vt 0.238281 0.996094
vt 0.238281 0.996094
vt 0.238281 0.996094
vt 0.238281 0.996094
vt 0.238281 0.996094
vt 0.238281 0.996094
vt 0.238281 0.996094
vt 0.238281 0.996094
vt 0.238281 0.996094
vt 0.238281 0.996094
vt 0.238281 0.996094
vt 0.238281 0.996094
vt 0.238281 0.996094
vt 0.238281 0.996094
vt 0.238281 0.996094
vt 0.238281 0.996094
vt 0.238281 0.996094
vt 0.230469 0.996094
vt 0.230469 0.996094
vt 0.230469 0.996094
vt 0.238281 0.996094
vt 0.238281 0.996094
vt 0.238281 0.996094
vt 0.199219 0.996094
vt 0.199219 0.996094
vt 0.199219 0.996094
vt 0.230469 0.996094
vt 0.230469 0.996094
vt 0.230469 0.996094
vt 0.152344 0.996094
vt 0.152344 0.996094
vt 0.152344 0.996094
vt 0.199219 0.996094
vt 0.199219 0.996094
vt 0.199219 0.996094
vt 0.199219 0.996094
vt 0.199219 0.996094
vt 0.199219 0.996094
vt 0.199219 0.996094
vt 0.199219 0.996094
vt 0.199219 0.996094
vt 0.199219 0.996094
vt 0.199219 0.996094
vt 0.199219 0.996094
vt 0.199219 0.996094
vt 0.199219 0.996094
vt 0.199219 0.996094
vt 0.199219 0.996094
vt 0.199219 0.996094
vt 0.199219 0.996094
vt 0.199219 0.996094
vt 0.199219 0.996094
vt 0.199219 0.996094
vt 0.199219 0.996094
vt 0.199219 0.996094
vt 0.199219 0.996094
vt 0.152344 0.996094
vt 0.152344 0.996094
vt 0.152344 0.996094
vt 0.136719 0.996094
vt 0.136719 0.996094
vt 0.136719 0.996094
vt 0.128906 0.996094
vt 0.128906 0.996094
vt 0.128906 0.996094
vt 0.152344 0.996094
vt 0.152344 0.996094
vt 0.152344 0.996094
vt 0.136719 0.996094
vt 0.136719 0.996094
vt 0.136719 0.996094
vt 0.128906 0.996094
vt 0.128906 0.996094
vt 0.128906 0.996094
vt 0.167969 0.996094
vt 0.167969 0.996094
vt 0.167969 0.996094
vt 0.160156 0.996094
vt 0.160156 0.996094
vt 0.160156 0.996094
vt 0.144531 0.996094
vt 0.144531 0.996094
vt 0.144531 0.996094
vt 0.152344 0.996094
vt 0.152344 0.996094
vt 0.152344 0.996094
vt 0.152344 0.996094
vt 0.152344 0.996094
vt 0.152344 0.996094
vt 0.199219 0.996094
vt 0.199219 0.996094
vt 0.199219 0.996094
vt 0.199219 0.996094
vt 0.199219 0.996094
vt 0.199219 0.996094
vt 0.175781 0.996094
vt 0.175781 0.996094
vt 0.175781 0.996094
vt 0.199219 0.996094
vt 0.199219 0.996094
vt 0.199219 0.996094
vt 0.199219 0.996094
vt 0.199219 0.996094
vt 0.199219 0.996094
vt 0.199219 0.996094
vt 0.199219 0.996094
vt 0.199219 0.996094
vt 0.199219 0.996094
vt 0.199219 0.996094
vt 0.199219 0.996094
vt 0.199219 0.996094
vt 0.199219 0.996094
vt 0.199219 0.996094
vt 0.199219 0.996094
vt 0.199219 0.996094
vt 0.199219 0.996094
vt 0.199219 0.996094
vt 0.199219 0.996094
vt 0.199219 0.996094
vt 0.199219 0.996094
vt 0.199219 0.996094
vt 0.199219 0.996094
vt 0.199219 0.996094
vt 0.199219 0.996094
vt 0.199219 0.996094
vt 0.167969 0.996094
vt 0.167969 0.996094
vt 0.167969 0.996094
vt 0.199219 0.996094
vt 0.199219 0.996094
vt 0.199219 0.996094
vt 0.199219 0.996094
vt 0.199219 0.996094
vt 0.199219 0.996094
vt 0.152344 0.996094
vt 0.152344 0.996094
vt 0.152344 0.996094
vt 0.152344 0.996094
vt 0.152344 0.996094
vt 0.152344 0.996094
vt 0.167969 0.996094
vt 0.167969 0.996094
vt 0.167969 0.996094
vt 0.160156 0.996094
vt 0.160156 0.996094
vt 0.160156 0.996094
vt 0.199219 0.996094
vt 0.199219 0.996094
vt 0.199219 0.996094
vt 0.222656 0.996094
vt 0.222656 0.996094
vt 0.222656 0.996094
vt 0.230469 0.996094
vt 0.230469 0.996094
vt 0.230469 0.996094
vt 0.230469 0.996094
vt 0.230469 0.996094
vt 0.230469 0.996094
vt 0.230469 0.996094
vt 0.230469 0.996094
vt 0.230469 0.996094
vt 0.199219 0.996094
vt 0.199219 0.996094
vt 0.199219 0.996094
vt 0.199219 0.996094
vt 0.199219 0.996094
vt 0.199219 0.996094
vt 0.175781 0.996094
vt 0.175781 0.996094
vt 0.175781 0.996094
vt 0.199219 0.996094
vt 0.199219 0.996094
vt 0.199219 0.996094
vt 0.230469 0.996094
vt 0.230469 0.996094
vt 0.230469 0.996094
vt 0.207031 0.996094
vt 0.207031 0.996094
vt 0.207031 0.996094
vt 0.199219 0.996094
vt 0.199219 0.996094
vt 0.199219 0.996094
vt 0.230469 0.996094
vt 0.230469 0.996094
vt 0.230469 0.996094
vt 0.199219 0.996094
vt 0.199219 0.996094
vt 0.199219 0.996094
vt 0.144531 0.996094
vt 0.144531 0.996094
vt 0.144531 0.996094
vt 0.160156 0.996094
vt 0.160156 0.996094
vt 0.160156 0.996094
vt 0.136719 0.996094
vt 0.136719 0.996094
vt 0.136719 0.996094
vt 0.160156 0.996094
vt 0.160156 0.996094
vt 0.160156 0.996094
vt 0.121094 0.996094
vt 0.121094 0.996094
vt 0.121094 0.996094
vt 0.160156 0.996094
vt 0.160156 0.996094
vt 0.160156 0.996094
vt 0.191406 0.996094
vt 0.191406 0.996094
vt 0.191406 0.996094
vt 0.160156 0.996094
vt 0.160156 0.996094
vt 0.160156 0.996094
vt 0.191406 0.996094
vt 0.191406 0.996094
vt 0.191406 0.996094
vt 0.050781 0.996094
vt 0.050781 0.996094
vt 0.050781 0.996094
vt 0.089844 0.996094
vt 0.089844 0.996094
vt 0.089844 0.996094
vt 0.050781 0.996094
vt 0.050781 0.996094
vt 0.050781 0.996094
vt 0.089844 0.996094
vt 0.089844 0.996094
vt 0.089844 0.996094
vt 0.207031 0.996094
vt 0.207031 0.996094
vt 0.207031 0.996094
vt 0.160156 0.996094
vt 0.160156 0.996094
vt 0.160156 0.996094
vt 0.136719 0.996094
vt 0.136719 0.996094
vt 0.136719 0.996094
vt 0.121094 0.996094
vt 0.121094 0.996094
vt 0.121094 0.996094
vt 0.121094 0.996094
vt 0.121094 0.996094
vt 0.121094 0.996094
vt 0.136719 0.996094
vt 0.136719 0.996094
vt 0.136719 0.996094
vt 0.199219 0.996094
vt 0.199219 0.996094
vt 0.199219 0.996094
vt 0.152344 0.996094
vt 0.152344 0.996094
vt 0.152344 0.996094
vt 0.191406 0.996094
vt 0.191406 0.996094
vt 0.191406 0.996094
vt 0.136719 0.996094
vt 0.136719 0.996094
vt 0.136719 0.996094
vt 0.207031 0.996094
vt 0.207031 0.996094
vt 0.207031 0.996094
vt 0.191406 0.996094
vt 0.191406 0.996094
vt 0.191406 0.996094
vt 0.089844 0.996094
vt 0.089844 0.996094
vt 0.089844 0.996094
vt 0.089844 0.996094
vt 0.089844 0.996094
vt 0.089844 0.996094
vt 0.136719 0.996094
vt 0.136719 0.996094
vt 0.136719 0.996094
vt 0.152344 0.996094
vt 0.152344 0.996094
vt 0.152344 0.996094
vt 0.152344 0.996094
vt 0.152344 0.996094
vt 0.152344 0.996094
vt 0.152344 0.996094
vt 0.152344 0.996094
vt 0.152344 0.996094
vt 0.152344 0.996094
vt 0.152344 0.996094
vt 0.152344 0.996094
vt 0.050781 0.996094
vt 0.050781 0.996094
vt 0.050781 0.996094
vt 0.136719 0.996094
vt 0.136719 0.996094
vt 0.136719 0.996094
vt 0.089844 0.996094
vt 0.089844 0.996094
vt 0.089844 0.996094
vt 0.160156 0.996094
vt 0.160156 0.996094
vt 0.160156 0.996094
vt 0.160156 0.996094
vt 0.160156 0.996094
vt 0.160156 0.996094
vt 0.089844 0.996094
vt 0.089844 0.996094
vt 0.089844 0.996094
vt 0.121094 0.996094
vt 0.121094 0.996094
vt 0.121094 0.996094
vt 0.121094 0.996094
vt 0.121094 0.996094
vt 0.121094 0.996094
vt 0.136719 0.996094
vt 0.136719 0.996094
vt 0.136719 0.996094
vt 0.089844 0.996094
vt 0.089844 0.996094
vt 0.089844 0.996094
vt 0.058594 0.996094
vt 0.058594 0.996094
vt 0.058594 0.996094
vt 0.058594 0.996094
vt 0.058594 0.996094
vt 0.058594 0.996094
vt 0.050781 0.996094
vt 0.050781 0.996094
vt 0.050781 0.996094
vt 0.230469 0.996094
vt 0.230469 0.996094
vt 0.230469 0.996094
vt 0.199219 0.996094
vt 0.199219 0.996094
vt 0.199219 0.996094
vt 0.167969 0.996094
vt 0.167969 0.996094
vt 0.167969 0.996094
vt 0.230469 0.996094
vt 0.230469 0.996094
vt 0.230469 0.996094
vt 0.160156 0.996094
vt 0.160156 0.996094
vt 0.160156 0.996094
vt 0.230469 0.996094
vt 0.230469 0.996094
vt 0.230469 0.996094
vt 0.230469 0.996094
vt 0.230469 0.996094
vt 0.230469 0.996094
vt 0.167969 0.996094
vt 0.167969 0.996094
vt 0.167969 0.996094
vt 0.175781 0.996094
vt 0.175781 0.996094
vt 0.175781 0.996094
vt 0.230469 0.996094
vt 0.230469 0.996094
vt 0.230469 0.996094
vt 0.230469 0.996094
vt 0.230469 0.996094
vt 0.230469 0.996094
vt 0.230469 0.996094
vt 0.230469 0.996094
vt 0.230469 0.996094
vt 0.230469 0.996094
vt 0.230469 0.996094
vt 0.230469 0.996094
vt 0.230469 0.996094
vt 0.230469 0.996094
vt 0.230469 0.996094
vt 0.152344 0.996094
vt 0.152344 0.996094
vt 0.152344 0.996094
vt 0.167969 0.996094
vt 0.167969 0.996094
vt 0.167969 0.996094
vt 0.191406 0.996094
vt 0.191406 0.996094
vt 0.191406 0.996094
vt 0.167969 0.996094
vt 0.167969 0.996094
vt 0.167969 0.996094
vt 0.199219 0.996094
vt 0.199219 0.996094
vt 0.199219 0.996094
vt 0.152344 0.996094
vt 0.152344 0.996094
vt 0.152344 0.996094
vt 0.128906 0.996094
vt 0.128906 0.996094
vt 0.128906 0.996094
vt 0.152344 0.996094
vt 0.152344 0.996094
vt 0.152344 0.996094
vt 0.152344 0.996094
vt 0.152344 0.996094
vt 0.152344 0.996094
vt 0.199219 0.996094
vt 0.199219 0.996094
vt 0.199219 0.996094
vt 0.230469 0.996094
vt 0.230469 0.996094
vt 0.230469 0.996094
vt 0.230469 0.996094
vt 0.230469 0.996094
vt 0.230469 0.996094
vt 0.160156 0.996094
vt 0.160156 0.996094
vt 0.160156 0.996094
vt 0.191406 0.996094
vt 0.191406 0.996094
vt 0.191406 0.996094
vt 0.175781 0.996094
vt 0.175781 0.996094
vt 0.175781 0.996094
vt 0.136719 0.996094
vt 0.136719 0.996094
vt 0.136719 0.996094
vt 0.152344 0.996094
vt 0.152344 0.996094
vt 0.152344 0.996094
vt 0.214844 0.996094
vt 0.214844 0.996094
vt 0.214844 0.996094
vt 0.175781 0.996094
vt 0.175781 0.996094
vt 0.175781 0.996094
vt 0.199219 0.996094
vt 0.199219 0.996094
vt 0.199219 0.996094
vt 0.230469 0.996094
vt 0.230469 0.996094
vt 0.230469 0.996094
vt 0.230469 0.996094
vt 0.230469 0.996094
vt 0.230469 0.996094
vt 0.238281 0.996094
vt 0.238281 0.996094
vt 0.238281 0.996094
vt 0.238281 0.996094
vt 0.238281 0.996094
vt 0.238281 0.996094
vt 0.238281 0.996094
vt 0.238281 0.996094
vt 0.238281 0.996094
vt 0.238281 0.996094
vt 0.238281 0.996094
vt 0.238281 0.996094
vt 0.238281 0.996094
vt 0.238281 0.996094
vt 0.238281 0.996094
vt 0.238281 0.996094
vt 0.238281 0.996094
vt 0.238281 0.996094
vt 0.238281 0.996094
vt 0.238281 0.996094
vt 0.238281 0.996094
vt 0.238281 0.996094
vt 0.238281 0.996094
vt 0.238281 0.996094
vt 0.238281 0.996094
vt 0.238281 0.996094
vt 0.238281 0.996094
vt 0.238281 0.996094
vt 0.238281 0.996094
vt 0.238281 0.996094
vt 0.238281 0.996094
vt 0.238281 0.996094
vt 0.238281 0.996094
vt 0.238281 0.996094
vt 0.238281 0.996094
vt 0.238281 0.996094
vt 0.238281 0.996094
vt 0.238281 0.996094
vt 0.238281 0.996094
vt 0.238281 0.996094
vt 0.238281 0.996094
vt 0.238281 0.996094
vt 0.238281 0.996094
vt 0.238281 0.996094
vt 0.238281 0.996094
vt 0.238281 0.996094
vt 0.238281 0.996094
vt 0.238281 0.996094
vt 0.238281 0.996094
vt 0.238281 0.996094
vt 0.238281 0.996094
vt 0.238281 0.996094
vt 0.238281 0.996094
vt 0.238281 0.996094
vt 0.238281 0.996094
vt 0.238281 0.996094
vt 0.238281 0.996094
vt 0.238281 0.996094
vt 0.238281 0.996094
vt 0.238281 0.996094
vt 0.238281 0.996094
vt 0.238281 0.996094
vt 0.238281 0.996094
vt 0.238281 0.996094
vt 0.238281 0.996094
vt 0.238281 0.996094
vt 0.238281 0.996094
vt 0.238281 0.996094
vt 0.238281 0.996094
vt 0.238281 0.996094
vt 0.238281 0.996094
vt 0.238281 0.996094
vt 0.238281 0.996094
vt 0.238281 0.996094
vt 0.238281 0.996094
vt 0.238281 0.996094
vt 0.238281 0.996094
vt 0.238281 0.996094
vt 0.238281 0.996094
vt 0.238281 0.996094
vt 0.238281 0.996094
vt 0.238281 0.996094
vt 0.238281 0.996094
vt 0.238281 0.996094
vt 0.238281 0.996094
vt 0.238281 0.996094
vt 0.238281 0.996094
vt 0.238281 0.996094
vt 0.238281 0.996094
vt 0.238281 0.996094
vt 0.238281 0.996094
vt 0.238281 0.996094
vt 0.238281 0.996094
vt 0.238281 0.996094
vt 0.238281 0.996094
vt 0.238281 0.996094
vt 0.238281 0.996094
vt 0.238281 0.996094
vt 0.238281 0.996094
vt 0.238281 0.996094
vt 0.238281 0.996094
vt 0.238281 0.996094
vt 0.238281 0.996094
vt 0.238281 0.996094
vt 0.238281 0.996094
vt 0.238281 0.996094
vt 0.238281 0.996094
vt 0.238281 0.996094
vt 0.238281 0.996094
vt 0.238281 0.996094
vt 0.238281 0.996094
vt 0.238281 0.996094
vt 0.238281 0.996094
vt 0.238281 0.996094
vt 0.238281 0.996094
vt 0.238281 0.996094
vt 0.238281 0.996094
vt 0.238281 0.996094
vt 0.238281 0.996094
vt 0.238281 0.996094
vt 0.238281 0.996094
vt 0.238281 0.996094
vt 0.238281 0.996094
vt 0.238281 0.996094
vt 0.238281 0.996094
vt 0.238281 0.996094
vt 0.199219 0.996094
vt 0.199219 0.996094
vt 0.199219 0.996094
vt 0.175781 0.996094
vt 0.175781 0.996094
vt 0.175781 0.996094
vt 0.199219 0.996094
vt 0.199219 0.996094
vt 0.199219 0.996094
vt 0.199219 0.996094
vt 0.199219 0.996094
vt 0.199219 0.996094
vt 0.199219 0.996094
vt 0.199219 0.996094
vt 0.199219 0.996094
vt 0.199219 0.996094
vt 0.199219 0.996094
vt 0.199219 0.996094
vt 0.199219 0.996094
vt 0.199219 0.996094
vt 0.199219 0.996094
vt 0.199219 0.996094
vt 0.199219 0.996094
vt 0.199219 0.996094
vt 0.199219 0.996094
vt 0.199219 0.996094
vt 0.199219 0.996094
vt 0.183594 0.996094
vt 0.183594 0.996094
vt 0.183594 0.996094
vt 0.199219 0.996094
vt 0.199219 0.996094
vt 0.199219 0.996094
vt 0.199219 0.996094
vt 0.199219 0.996094
vt 0.199219 0.996094
vt 0.199219 0.996094
vt 0.199219 0.996094
vt 0.199219 0.996094
vt 0.175781 0.996094
vt 0.175781 0.996094
vt 0.175781 0.996094
vt 0.199219 0.996094
vt 0.199219 0.996094
vt 0.199219 0.996094
vt 0.199219 0.996094
vt 0.199219 0.996094
vt 0.199219 0.996094
vt 0.199219 0.996094
vt 0.199219 0.996094
vt 0.199219 0.996094
vt 0.199219 0.996094
vt 0.199219 0.996094
vt 0.199219 0.996094
vt 0.199219 0.996094
vt 0.199219 0.996094
vt 0.199219 0.996094
vt 0.199219 0.996094
vt 0.199219 0.996094
vt 0.199219 0.996094
vt 0.199219 0.996094
vt 0.199219 0.996094
vt 0.199219 0.996094
vt 0.199219 0.996094
vt 0.199219 0.996094
vt 0.199219 0.996094
vt 0.199219 0.996094
vt 0.199219 0.996094
vt 0.199219 0.996094
vt 0.199219 0.996094
vt 0.199219 0.996094
vt 0.199219 0.996094
vt 0.199219 0.996094
vt 0.199219 0.996094
vt 0.199219 0.996094
vt 0.199219 0.996094
vt 0.199219 0.996094
vt 0.199219 0.996094
vt 0.199219 0.996094
vt 0.199219 0.996094
vt 0.199219 0.996094
vt 0.175781 0.996094
vt 0.175781 0.996094
vt 0.175781 0.996094
vt 0.183594 0.996094
vt 0.183594 0.996094
vt 0.183594 0.996094
vt 0.167969 0.996094
vt 0.167969 0.996094
vt 0.167969 0.996094
vt 0.167969 0.996094
vt 0.167969 0.996094
vt 0.167969 0.996094
vt 0.175781 0.996094
vt 0.175781 0.996094
vt 0.175781 0.996094
vt 0.199219 0.996094
vt 0.199219 0.996094
vt 0.199219 0.996094
vt 0.167969 0.996094
vt 0.167969 0.996094
vt 0.167969 0.996094
vt 0.199219 0.996094
vt 0.199219 0.996094
vt 0.199219 0.996094
vt 0.199219 0.996094
vt 0.199219 0.996094
vt 0.199219 0.996094
vt 0.199219 0.996094
vt 0.199219 0.996094
vt 0.199219 0.996094
vt 0.199219 0.996094
vt 0.199219 0.996094
vt 0.199219 0.996094
vt 0.199219 0.996094
vt 0.199219 0.996094
vt 0.199219 0.996094
vt 0.199219 0.996094
vt 0.199219 0.996094
vt 0.199219 0.996094
vt 0.199219 0.996094
vt 0.199219 0.996094
vt 0.199219 0.996094
vt 0.199219 0.996094
vt 0.199219 0.996094
vt 0.199219 0.996094
vt 0.253906 0.996094
vt 0.253906 0.996094
vt 0.253906 0.996094
vt 0.253906 0.996094
vt 0.253906 0.996094
vt 0.253906 0.996094
vt 0.253906 0.996094
vt 0.253906 0.996094
vt 0.253906 0.996094
vt 0.253906 0.996094
vt 0.253906 0.996094
vt 0.253906 0.996094
vt 0.253906 0.996094
vt 0.253906 0.996094
vt 0.253906 0.996094
vt 0.253906 0.996094
vt 0.253906 0.996094
vt 0.253906 0.996094
vt 0.253906 0.996094
vt 0.253906 0.996094
vt 0.253906 0.996094
vt 0.253906 0.996094
vt 0.253906 0.996094
vt 0.253906 0.996094
vt 0.253906 0.996094
vt 0.253906 0.996094
vt 0.253906 0.996094
vt 0.253906 0.996094
vt 0.253906 0.996094
vt 0.253906 0.996094
vt 0.253906 0.996094
vt 0.253906 0.996094
vt 0.253906 0.996094
vt 0.253906 0.996094
vt 0.253906 0.996094
vt 0.253906 0.996094
vt 0.253906 0.996094
vt 0.253906 0.996094
vt 0.253906 0.996094
vt 0.253906 0.996094
vt 0.253906 0.996094
vt 0.253906 0.996094
vt 0.253906 0.996094
vt 0.253906 0.996094
vt 0.253906 0.996094
vt 0.253906 0.996094
vt 0.253906 0.996094
vt 0.253906 0.996094
vt 0.253906 0.996094
vt 0.253906 0.996094
vt 0.253906 0.996094
vt 0.253906 0.996094
vt 0.253906 0.996094
vt 0.253906 0.996094
vt 0.253906 0.996094
vt 0.253906 0.996094
vt 0.253906 0.996094
vt 0.253906 0.996094
vt 0.253906 0.996094
vt 0.253906 0.996094
vt 0.253906 0.996094
vt 0.253906 0.996094
vt 0.253906 0.996094
vt 0.253906 0.996094
vt 0.253906 0.996094
vt 0.253906 0.996094
vt 0.253906 0.996094
vt 0.253906 0.996094
vt 0.253906 0.996094
vt 0.253906 0.996094
vt 0.253906 0.996094
vt 0.253906 0.996094
vt 0.253906 0.996094
vt 0.253906 0.996094
vt 0.253906 0.996094
vt 0.253906 0.996094
vt 0.253906 0.996094
vt 0.253906 0.996094
vt 0.253906 0.996094
vt 0.253906 0.996094
vt 0.253906 0.996094
vt 0.253906 0.996094
vt 0.253906 0.996094
vt 0.253906 0.996094
vt 0.246094 0.996094
vt 0.246094 0.996094
vt 0.246094 0.996094
vt 0.253906 0.996094
vt 0.253906 0.996094
vt 0.253906 0.996094
vt 0.253906 0.996094
vt 0.253906 0.996094
vt 0.253906 0.996094
vt 0.253906 0.996094
vt 0.253906 0.996094
vt 0.253906 0.996094
vt 0.253906 0.996094
vt 0.253906 0.996094
vt 0.253906 0.996094
vt 0.253906 0.996094
vt 0.253906 0.996094
vt 0.253906 0.996094
vt 0.246094 0.996094
vt 0.246094 0.996094
vt 0.246094 0.996094
vt 0.253906 0.996094
vt 0.253906 0.996094
vt 0.253906 0.996094
vt 0.253906 0.996094
vt 0.253906 0.996094
vt 0.253906 0.996094
vt 0.253906 0.996094
vt 0.253906 0.996094
vt 0.253906 0.996094
vt 0.253906 0.996094
vt 0.253906 0.996094
vt 0.253906 0.996094
vt 0.253906 0.996094
vt 0.253906 0.996094
vt 0.253906 0.996094
vt 0.253906 0.996094
vt 0.253906 0.996094
vt 0.253906 0.996094
vt 0.253906 0.996094
vt 0.253906 0.996094
vt 0.253906 0.996094
vt 0.238281 0.996094
vt 0.238281 0.996094
vt 0.238281 0.996094
vt 0.238281 0.996094
vt 0.238281 0.996094
vt 0.238281 0.996094
vt 0.230469 0.996094
vt 0.230469 0.996094
vt 0.230469 0.996094
vt 0.230469 0.996094
vt 0.230469 0.996094
vt 0.230469 0.996094
vt 0.238281 0.996094
vt 0.238281 0.996094
vt 0.238281 0.996094
vt 0.238281 0.996094
vt 0.238281 0.996094
vt 0.238281 0.996094
vt 0.238281 0.996094
vt 0.238281 0.996094
vt 0.238281 0.996094
vt 0.238281 0.996094
vt 0.238281 0.996094
vt 0.238281 0.996094
vt 0.238281 0.996094
vt 0.238281 0.996094
vt 0.238281 0.996094
vt 0.238281 0.996094
vt 0.238281 0.996094
vt 0.238281 0.996094
vt 0.238281 0.996094
vt 0.238281 0.996094
vt 0.238281 0.996094
vt 0.238281 0.996094
vt 0.238281 0.996094
vt 0.238281 0.996094
vt 0.238281 0.996094
vt 0.238281 0.996094
vt 0.238281 0.996094
vt 0.238281 0.996094
vt 0.238281 0.996094
vt 0.238281 0.996094
vt 0.238281 0.996094
vt 0.238281 0.996094
vt 0.238281 0.996094
vt 0.238281 0.996094
vt 0.238281 0.996094
vt 0.238281 0.996094
vt 0.238281 0.996094
vt 0.238281 0.996094
vt 0.238281 0.996094
vt 0.238281 0.996094
vt 0.238281 0.996094
vt 0.238281 0.996094
vt 0.238281 0.996094
vt 0.238281 0.996094
vt 0.238281 0.996094
vt 0.238281 0.996094
vt 0.238281 0.996094
vt 0.238281 0.996094
vt 0.238281 0.996094
vt 0.238281 0.996094
vt 0.238281 0.996094
vt 0.238281 0.996094
vt 0.238281 0.996094
vt 0.238281 0.996094
vt 0.238281 0.996094
vt 0.238281 0.996094
vt 0.238281 0.996094
vt 0.238281 0.996094
vt 0.238281 0.996094
vt 0.238281 0.996094
vt 0.238281 0.996094
vt 0.238281 0.996094
vt 0.238281 0.996094
vt 0.238281 0.996094
vt 0.238281 0.996094
vt 0.238281 0.996094
vt 0.238281 0.996094
vt 0.238281 0.996094
vt 0.238281 0.996094
vt 0.238281 0.996094
vt 0.238281 0.996094
vt 0.238281 0.996094
vt 0.230469 0.996094
vt 0.230469 0.996094
vt 0.230469 0.996094
vt 0.230469 0.996094
vt 0.230469 0.996094
vt 0.230469 0.996094
vt 0.230469 0.996094
vt 0.230469 0.996094
vt 0.230469 0.996094
vt 0.230469 0.996094
vt 0.230469 0.996094
vt 0.230469 0.996094
vt 0.230469 0.996094
vt 0.230469 0.996094
vt 0.230469 0.996094
vt 0.238281 0.996094
vt 0.238281 0.996094
vt 0.238281 0.996094
vt 0.238281 0.996094
vt 0.238281 0.996094
vt 0.238281 0.996094
vt 0.238281 0.996094
vt 0.238281 0.996094
vt 0.238281 0.996094
vt 0.238281 0.996094
vt 0.238281 0.996094
vt 0.238281 0.996094
vt 0.238281 0.996094
vt 0.238281 0.996094
vt 0.238281 0.996094
vt 0.238281 0.996094
vt 0.238281 0.996094
vt 0.238281 0.996094
vt 0.238281 0.996094
vt 0.238281 0.996094
vt 0.238281 0.996094
vt 0.238281 0.996094
vt 0.238281 0.996094
vt 0.238281 0.996094
vt 0.238281 0.996094
vt 0.238281 0.996094
vt 0.238281 0.996094
vt 0.230469 0.996094
vt 0.230469 0.996094
vt 0.230469 0.996094
vt 0.230469 0.996094
vt 0.230469 0.996094
vt 0.230469 0.996094
vt 0.230469 0.996094
vt 0.230469 0.996094
vt 0.230469 0.996094
vt 0.230469 0.996094
vt 0.230469 0.996094
vt 0.230469 0.996094
vt 0.230469 0.996094
vt 0.230469 0.996094
vt 0.230469 0.996094
vt 0.230469 0.996094
vt 0.230469 0.996094
vt 0.230469 0.996094
vt 0.230469 0.996094
vt 0.230469 0.996094
vt 0.230469 0.996094
vt 0.230469 0.996094
vt 0.230469 0.996094
vt 0.230469 0.996094
vt 0.230469 0.996094
vt 0.230469 0.996094
vt 0.230469 0.996094
vt 0.230469 0.996094
vt 0.230469 0.996094
vt 0.230469 0.996094
vt 0.230469 0.996094
vt 0.230469 0.996094
vt 0.230469 0.996094
vt 0.230469 0.996094
vt 0.230469 0.996094
vt 0.230469 0.996094
vt 0.230469 0.996094
vt 0.230469 0.996094
vt 0.230469 0.996094
vt 0.230469 0.996094
vt 0.230469 0.996094
vt 0.230469 0.996094
vt 0.230469 0.996094
vt 0.230469 0.996094
vt 0.230469 0.996094
vt 0.230469 0.996094
vt 0.230469 0.996094
vt 0.230469 0.996094
vt 0.230469 0.996094
vt 0.230469 0.996094
vt 0.230469 0.996094
vt 0.230469 0.996094
vt 0.230469 0.996094
vt 0.230469 0.996094
vt 0.230469 0.996094
vt 0.230469 0.996094
vt 0.230469 0.996094
vt 0.230469 0.996094
vt 0.230469 0.996094
vt 0.230469 0.996094
vt 0.230469 0.996094
vt 0.230469 0.996094
vt 0.230469 0.996094
vt 0.230469 0.996094
vt 0.230469 0.996094
vt 0.230469 0.996094
vt 0.230469 0.996094
vt 0.230469 0.996094
vt 0.230469 0.996094
vt 0.230469 0.996094
vt 0.230469 0.996094
vt 0.230469 0.996094
vt 0.230469 0.996094
vt 0.230469 0.996094
vt 0.230469 0.996094
vt 0.230469 0.996094
vt 0.230469 0.996094
vt 0.230469 0.996094
vt 0.230469 0.996094
vt 0.230469 0.996094
vt 0.230469 0.996094
vt 0.230469 0.996094
vt 0.230469 0.996094
vt 0.230469 0.996094
vt 0.230469 0.996094
vt 0.230469 0.996094
vt 0.230469 0.996094
vt 0.230469 0.996094
vt 0.230469 0.996094
vt 0.230469 0.996094
vt 0.230469 0.996094
vt 0.230469 0.996094
vt 0.230469 0.996094
vt 0.230469 0.996094
vt 0.230469 0.996094
vt 0.230469 0.996094
vt 0.230469 0.996094
vt 0.230469 0.996094
vt 0.230469 0.996094
vt 0.230469 0.996094
vt 0.230469 0.996094
vt 0.230469 0.996094
vt 0.230469 0.996094
vt 0.230469 0.996094
vt 0.230469 0.996094
vt 0.230469 0.996094
vt 0.230469 0.996094
vt 0.230469 0.996094
vt 0.230469 0.996094
vt 0.230469 0.996094
vt 0.230469 0.996094
vt 0.230469 0.996094
vt 0.230469 0.996094
vt 0.230469 0.996094
vt 0.230469 0.996094
vt 0.230469 0.996094
vt 0.230469 0.996094
vt 0.230469 0.996094
vt 0.230469 0.996094
vt 0.230469 0.996094
vt 0.230469 0.996094
vt 0.230469 0.996094
vt 0.230469 0.996094
vt 0.230469 0.996094
vt 0.230469 0.996094
vt 0.230469 0.996094
vt 0.105469 0.996094
vt 0.105469 0.996094
vt 0.105469 0.996094
vt 0.058594 0.996094
vt 0.058594 0.996094
vt 0.058594 0.996094
vt 0.089844 0.996094
vt 0.089844 0.996094
vt 0.089844 0.996094
vt 0.105469 0.996094
vt 0.105469 0.996094
vt 0.105469 0.996094
vt 0.089844 0.996094
vt 0.089844 0.996094
vt 0.089844 0.996094
vt 0.082031 0.996094
vt 0.082031 0.996094
vt 0.082031 0.996094
vt 0.058594 0.996094
vt 0.058594 0.996094
vt 0.058594 0.996094
vt 0.121094 0.996094
vt 0.121094 0.996094
vt 0.121094 0.996094
vt 0.082031 0.996094
vt 0.082031 0.996094
vt 0.082031 0.996094
vt 0.097656 0.996094
vt 0.097656 0.996094
vt 0.097656 0.996094
vt 0.152344 0.996094
vt 0.152344 0.996094
vt 0.152344 0.996094
vt 0.152344 0.996094
vt 0.152344 0.996094
vt 0.152344 0.996094
vt 0.160156 0.996094
vt 0.160156 0.996094
vt 0.160156 0.996094
vt 0.136719 0.996094
vt 0.136719 0.996094
vt 0.136719 0.996094
vt 0.113281 0.996094
vt 0.113281 0.996094
vt 0.113281 0.996094
vt 0.089844 0.996094
vt 0.089844 0.996094
vt 0.089844 0.996094
vt 0.089844 0.996094
vt 0.089844 0.996094
vt 0.089844 0.996094
vt 0.097656 0.996094
vt 0.097656 0.996094
vt 0.097656 0.996094
vt 0.089844 0.996094
vt 0.089844 0.996094
vt 0.089844 0.996094
vt 0.097656 0.996094
vt 0.097656 0.996094
vt 0.097656 0.996094
vt 0.136719 0.996094
vt 0.136719 0.996094
vt 0.136719 0.996094
vt 0.152344 0.996094
vt 0.152344 0.996094
vt 0.152344 0.996094
vt 0.152344 0.996094
vt 0.152344 0.996094
vt 0.152344 0.996094
vt 0.152344 0.996094
vt 0.152344 0.996094
vt 0.152344 0.996094
vt 0.121094 0.996094
vt 0.121094 0.996094
vt 0.121094 0.996094
vt 0.121094 0.996094
vt 0.121094 0.996094
vt 0.121094 0.996094
vt 0.152344 0.996094
vt 0.152344 0.996094
vt 0.152344 0.996094
vt 0.167969 0.996094
vt 0.167969 0.996094
vt 0.167969 0.996094
vt 0.152344 0.996094
vt 0.152344 0.996094
vt 0.152344 0.996094
vt 0.152344 0.996094
vt 0.152344 0.996094
vt 0.152344 0.996094
vt 0.167969 0.996094
vt 0.167969 0.996094
vt 0.167969 0.996094
vt 0.152344 0.996094
vt 0.152344 0.996094
vt 0.152344 0.996094
vt 0.152344 0.996094
vt 0.152344 0.996094
vt 0.152344 0.996094
vt 0.136719 0.996094
vt 0.136719 0.996094
vt 0.136719 0.996094
vt 0.136719 0.996094
vt 0.136719 0.996094
vt 0.136719 0.996094
vt 0.152344 0.996094
vt 0.152344 0.996094
vt 0.152344 0.996094
vt 0.058594 0.996094
vt 0.058594 0.996094
vt 0.058594 0.996094
vt 0.089844 0.996094
vt 0.089844 0.996094
vt 0.089844 0.996094
vt 0.113281 0.996094
vt 0.113281 0.996094
vt 0.113281 0.996094
vt 0.128906 0.996094
vt 0.128906 0.996094
vt 0.128906 0.996094
vt 0.089844 0.996094
vt 0.089844 0.996094
vt 0.089844 0.996094
vt 0.089844 0.996094
vt 0.089844 0.996094
vt 0.089844 0.996094
vt 0.121094 0.996094
vt 0.121094 0.996094
vt 0.121094 0.996094
vt 0.089844 0.996094
vt 0.089844 0.996094
vt 0.089844 0.996094
vt 0.089844 0.996094
vt 0.089844 0.996094
vt 0.089844 0.996094
vt 0.082031 0.996094
vt 0.082031 0.996094
vt 0.082031 0.996094
vt 0.089844 0.996094
vt 0.089844 0.996094
vt 0.089844 0.996094
vt 0.128906 0.996094
vt 0.128906 0.996094
vt 0.128906 0.996094
vt 0.128906 0.996094
vt 0.128906 0.996094
vt 0.128906 0.996094
vt 0.152344 0.996094
vt 0.152344 0.996094
vt 0.152344 0.996094
vt 0.167969 0.996094
vt 0.167969 0.996094
vt 0.167969 0.996094
vt 0.136719 0.996094
vt 0.136719 0.996094
vt 0.136719 0.996094
vt 0.089844 0.996094
vt 0.089844 0.996094
vt 0.089844 0.996094
vt 0.089844 0.996094
vt 0.089844 0.996094
vt 0.089844 0.996094
vt 0.136719 0.996094
vt 0.136719 0.996094
vt 0.136719 0.996094
vt 0.207031 0.996094
vt 0.207031 0.996094
vt 0.207031 0.996094
vt 0.230469 0.996094
vt 0.230469 0.996094
vt 0.230469 0.996094
vt 0.230469 0.996094
vt 0.230469 0.996094
vt 0.230469 0.996094
vt 0.230469 0.996094
vt 0.230469 0.996094
vt 0.230469 0.996094
vt 0.230469 0.996094
vt 0.230469 0.996094
vt 0.230469 0.996094
vt 0.230469 0.996094
vt 0.230469 0.996094
vt 0.230469 0.996094
vt 0.199219 0.996094
vt 0.199219 0.996094
vt 0.199219 0.996094
vt 0.175781 0.996094
vt 0.175781 0.996094
vt 0.175781 0.996094
vt 0.199219 0.996094
vt 0.199219 0.996094
vt 0.199219 0.996094
vt 0.199219 0.996094
vt 0.199219 0.996094
vt 0.199219 0.996094
vt 0.152344 0.996094
vt 0.152344 0.996094
vt 0.152344 0.996094
vt 0.152344 0.996094
vt 0.152344 0.996094
vt 0.152344 0.996094
vt 0.160156 0.996094
vt 0.160156 0.996094
vt 0.160156 0.996094
vt 0.035156 0.996094
vt 0.035156 0.996094
vt 0.035156 0.996094
vt 0.035156 0.996094
vt 0.035156 0.996094
vt 0.035156 0.996094
vt 0.121094 0.996094
vt 0.121094 0.996094
vt 0.121094 0.996094
vt 0.121094 0.996094
vt 0.121094 0.996094
vt 0.121094 0.996094
vt 0.128906 0.996094
vt 0.128906 0.996094
vt 0.128906 0.996094
vt 0.113281 0.996094
vt 0.113281 0.996094
vt 0.113281 0.996094
vt 0.058594 0.996094
vt 0.058594 0.996094
vt 0.058594 0.996094
vt 0.058594 0.996094
vt 0.058594 0.996094
vt 0.058594 0.996094
vt 0.128906 0.996094
vt 0.128906 0.996094
vt 0.128906 0.996094
vt 0.089844 0.996094
vt 0.089844 0.996094
vt 0.089844 0.996094
vt 0.121094 0.996094
vt 0.121094 0.996094
vt 0.121094 0.996094
vt 0.097656 0.996094
vt 0.097656 0.996094
vt 0.097656 0.996094
vt 0.089844 0.996094
vt 0.089844 0.996094
vt 0.089844 0.996094
vt 0.058594 0.996094
vt 0.058594 0.996094
vt 0.058594 0.996094
vt 0.058594 0.996094
vt 0.058594 0.996094
vt 0.058594 0.996094
vt 0.058594 0.996094
vt 0.058594 0.996094
vt 0.058594 0.996094
vt 0.027344 0.996094
vt 0.027344 0.996094
vt 0.027344 0.996094
vt 0.050781 0.996094
vt 0.050781 0.996094
vt 0.050781 0.996094
vt 0.058594 0.996094
vt 0.058594 0.996094
vt 0.058594 0.996094
vt 0.089844 0.996094
vt 0.089844 0.996094
vt 0.089844 0.996094
vt 0.050781 0.996094
vt 0.050781 0.996094
vt 0.050781 0.996094
vt 0.058594 0.996094
vt 0.058594 0.996094
vt 0.058594 0.996094
vt 0.074219 0.996094
vt 0.074219 0.996094
vt 0.074219 0.996094
vt 0.128906 0.996094
vt 0.128906 0.996094
vt 0.128906 0.996094
vt 0.089844 0.996094
vt 0.089844 0.996094
vt 0.089844 0.996094
vt 0.136719 0.996094
vt 0.136719 0.996094
vt 0.136719 0.996094
vt 0.160156 0.996094
vt 0.160156 0.996094
vt 0.160156 0.996094
vt 0.167969 0.996094
vt 0.167969 0.996094
vt 0.167969 0.996094
vt 0.167969 0.996094
vt 0.167969 0.996094
vt 0.167969 0.996094
vt 0.175781 0.996094
vt 0.175781 0.996094
vt 0.175781 0.996094
vt 0.160156 0.996094
vt 0.160156 0.996094
vt 0.160156 0.996094
vt 0.175781 0.996094
vt 0.175781 0.996094
vt 0.175781 0.996094
vt 0.175781 0.996094
vt 0.175781 0.996094
vt 0.175781 0.996094
vt 0.175781 0.996094
vt 0.175781 0.996094
vt 0.175781 0.996094
vt 0.160156 0.996094
vt 0.160156 0.996094
vt 0.160156 0.996094
vt 0.136719 0.996094
vt 0.136719 0.996094
vt 0.136719 0.996094
vt 0.167969 0.996094
vt 0.167969 0.996094
vt 0.167969 0.996094
vt 0.167969 0.996094
vt 0.167969 0.996094
vt 0.167969 0.996094
vt 0.152344 0.996094
vt 0.152344 0.996094
vt 0.152344 0.996094
vt 0.152344 0.996094
vt 0.152344 0.996094
vt 0.152344 0.996094
vt 0.089844 0.996094
vt 0.089844 0.996094
vt 0.089844 0.996094
vt 0.082031 0.996094
vt 0.082031 0.996094
vt 0.082031 0.996094
vt 0.082031 0.996094
vt 0.082031 0.996094
vt 0.082031 0.996094
vt 0.058594 0.996094
vt 0.058594 0.996094
vt 0.058594 0.996094
vt 0.160156 0.996094
vt 0.160156 0.996094
vt 0.160156 0.996094
vt 0.121094 0.996094
vt 0.121094 0.996094
vt 0.121094 0.996094
vt 0.121094 0.996094
vt 0.121094 0.996094
vt 0.121094 0.996094
vt 0.089844 0.996094
vt 0.089844 0.996094
vt 0.089844 0.996094
vt 0.105469 0.996094
vt 0.105469 0.996094
vt 0.105469 0.996094
vt 0.121094 0.996094
vt 0.121094 0.996094
vt 0.121094 0.996094
vt 0.058594 0.996094
vt 0.058594 0.996094
vt 0.058594 0.996094
vt 0.050781 0.996094
vt 0.050781 0.996094
vt 0.050781 0.996094
vt 0.058594 0.996094
vt 0.058594 0.996094
vt 0.058594 0.996094
vt 0.050781 0.996094
vt 0.050781 0.996094
vt 0.050781 0.996094
vt 0.199219 0.996094
vt 0.199219 0.996094
vt 0.199219 0.996094
vt 0.199219 0.996094
vt 0.199219 0.996094
vt 0.199219 0.996094
vt 0.199219 0.996094
vt 0.199219 0.996094
vt 0.199219 0.996094
vt 0.199219 0.996094
vt 0.199219 0.996094
vt 0.199219 0.996094
vt 0.230469 0.996094
vt 0.230469 0.996094
vt 0.230469 0.996094
vt 0.230469 0.996094
vt 0.230469 0.996094
vt 0.230469 0.996094
vt 0.230469 0.996094
vt 0.230469 0.996094
vt 0.230469 0.996094
vt 0.230469 0.996094
vt 0.230469 0.996094
vt 0.230469 0.996094
vt 0.230469 0.996094
vt 0.230469 0.996094
vt 0.230469 0.996094
vt 0.230469 0.996094
vt 0.230469 0.996094
vt 0.230469 0.996094
vt 0.230469 0.996094
vt 0.230469 0.996094
vt 0.230469 0.996094
vt 0.230469 0.996094
vt 0.230469 0.996094
vt 0.230469 0.996094
vt 0.230469 0.996094
vt 0.230469 0.996094
vt 0.230469 0.996094
vt 0.230469 0.996094
vt 0.230469 0.996094
vt 0.230469 0.996094
vt 0.230469 0.996094
vt 0.230469 0.996094
vt 0.230469 0.996094
vt 0.230469 0.996094
vt 0.230469 0.996094
vt 0.230469 0.996094
vt 0.230469 0.996094
vt 0.230469 0.996094
vt 0.230469 0.996094
vt 0.230469 0.996094
vt 0.230469 0.996094
vt 0.230469 0.996094
vt 0.230469 0.996094
vt 0.230469 0.996094
vt 0.230469 0.996094
vt 0.230469 0.996094
vt 0.230469 0.996094
vt 0.230469 0.996094
vt 0.230469 0.996094
vt 0.230469 0.996094
vt 0.230469 0.996094
vt 0.230469 0.996094
vt 0.230469 0.996094
vt 0.230469 0.996094
vt 0.214844 0.996094
vt 0.214844 0.996094
vt 0.214844 0.996094
vt 0.230469 0.996094
vt 0.230469 0.996094
vt 0.230469 0.996094
vt 0.230469 0.996094
vt 0.230469 0.996094
vt 0.230469 0.996094
vt 0.230469 0.996094
vt 0.230469 0.996094
vt 0.230469 0.996094
vt 0.230469 0.996094
vt 0.230469 0.996094
vt 0.230469 0.996094
vt 0.230469 0.996094
vt 0.230469 0.996094
vt 0.230469 0.996094
vt 0.214844 0.996094
vt 0.214844 0.996094
vt 0.214844 0.996094
vt 0.214844 0.996094
vt 0.214844 0.996094
vt 0.214844 0.996094
vt 0.199219 0.996094
vt 0.199219 0.996094
vt 0.199219 0.996094
vt 0.199219 0.996094
vt 0.199219 0.996094
vt 0.199219 0.996094
vt 0.230469 0.996094
vt 0.230469 0.996094
vt 0.230469 0.996094
vt 0.175781 0.996094
vt 0.175781 0.996094
vt 0.175781 0.996094
vt 0.199219 0.996094
vt 0.199219 0.996094
vt 0.199219 0.996094
vt 0.230469 0.996094
vt 0.230469 0.996094
vt 0.230469 0.996094
vt 0.230469 0.996094
vt 0.230469 0.996094
vt 0.230469 0.996094
vt 0.230469 0.996094
vt 0.230469 0.996094
vt 0.230469 0.996094
vt 0.191406 0.996094
vt 0.191406 0.996094
vt 0.191406 0.996094
vt 0.160156 0.996094
vt 0.160156 0.996094
vt 0.160156 0.996094
vt 0.199219 0.996094
vt 0.199219 0.996094
vt 0.199219 0.996094
vt 0.238281 0.996094
vt 0.238281 0.996094
vt 0.238281 0.996094
vt 0.246094 0.996094
vt 0.246094 0.996094
vt 0.246094 0.996094
vt 0.253906 0.996094
vt 0.253906 0.996094
vt 0.253906 0.996094
vt 0.238281 0.996094
vt 0.238281 0.996094
vt 0.238281 0.996094
vt 0.230469 0.996094
vt 0.230469 0.996094
vt 0.230469 0.996094
vt 0.167969 0.996094
vt 0.167969 0.996094
vt 0.167969 0.996094
vt 0.167969 0.996094
vt 0.167969 0.996094
vt 0.167969 0.996094
vt 0.199219 0.996094
vt 0.199219 0.996094
vt 0.199219 0.996094
vt 0.199219 0.996094
vt 0.199219 0.996094
vt 0.199219 0.996094
vt 0.222656 0.996094
vt 0.222656 0.996094
vt 0.222656 0.996094
vt 0.199219 0.996094
vt 0.199219 0.996094
vt 0.199219 0.996094
vt 0.167969 0.996094
vt 0.167969 0.996094
vt 0.167969 0.996094
vt 0.160156 0.996094
vt 0.160156 0.996094
vt 0.160156 0.996094
vt 0.167969 0.996094
vt 0.167969 0.996094
vt 0.167969 0.996094
vt 0.199219 0.996094
vt 0.199219 0.996094
vt 0.199219 0.996094
vt 0.199219 0.996094
vt 0.199219 0.996094
vt 0.199219 0.996094
vt 0.230469 0.996094
vt 0.230469 0.996094
vt 0.230469 0.996094
vt 0.230469 0.996094
vt 0.230469 0.996094
vt 0.230469 0.996094
vt 0.222656 0.996094
vt 0.222656 0.996094
vt 0.222656 0.996094
vt 0.246094 0.996094
vt 0.246094 0.996094
vt 0.246094 0.996094
vt 0.230469 0.996094
vt 0.230469 0.996094
vt 0.230469 0.996094
vt 0.246094 0.996094
vt 0.246094 0.996094
vt 0.246094 0.996094
vt 0.230469 0.996094
vt 0.230469 0.996094
vt 0.230469 0.996094
vt 0.199219 0.996094
vt 0.199219 0.996094
vt 0.199219 0.996094
vt 0.230469 0.996094
vt 0.230469 0.996094
vt 0.230469 0.996094
vt 0.160156 0.996094
vt 0.160156 0.996094
vt 0.160156 0.996094
vt 0.230469 0.996094
vt 0.230469 0.996094
vt 0.230469 0.996094
vt 0.160156 0.996094
vt 0.160156 0.996094
vt 0.160156 0.996094
vt 0.144531 0.996094
vt 0.144531 0.996094
vt 0.144531 0.996094
vt 0.160156 0.996094
vt 0.160156 0.996094
vt 0.160156 0.996094
vt 0.230469 0.996094
vt 0.230469 0.996094
vt 0.230469 0.996094
vt 0.199219 0.996094
vt 0.199219 0.996094
vt 0.199219 0.996094
vt 0.199219 0.996094
vt 0.199219 0.996094
vt 0.199219 0.996094
vt 0.230469 0.996094
vt 0.230469 0.996094
vt 0.230469 0.996094
vt 0.230469 0.996094
vt 0.230469 0.996094
vt 0.230469 0.996094
vt 0.199219 0.996094
vt 0.199219 0.996094
vt 0.199219 0.996094
vt 0.160156 0.996094
vt 0.160156 0.996094
vt 0.160156 0.996094
vt 0.199219 0.996094
vt 0.199219 0.996094
vt 0.199219 0.996094
vt 0.160156 0.996094
vt 0.160156 0.996094
vt 0.160156 0.996094
vt 0.167969 0.996094
vt 0.167969 0.996094
vt 0.167969 0.996094
vt 0.214844 0.996094
vt 0.214844 0.996094
vt 0.214844 0.996094
vt 0.214844 0.996094
vt 0.214844 0.996094
vt 0.214844 0.996094
vt 0.214844 0.996094
vt 0.214844 0.996094
vt 0.214844 0.996094
vt 0.199219 0.996094
vt 0.199219 0.996094
vt 0.199219 0.996094
vt 0.136719 0.996094
vt 0.136719 0.996094
vt 0.136719 0.996094
vt 0.136719 0.996094
vt 0.136719 0.996094
vt 0.136719 0.996094
vt 0.136719 0.996094
vt 0.136719 0.996094
vt 0.136719 0.996094
vt 0.160156 0.996094
vt 0.160156 0.996094
vt 0.160156 0.996094
vt 0.214844 0.996094
vt 0.214844 0.996094
vt 0.214844 0.996094
vt 0.175781 0.996094
vt 0.175781 0.996094
vt 0.175781 0.996094
vt 0.214844 0.996094
vt 0.214844 0.996094
vt 0.214844 0.996094
vt 0.214844 0.996094
vt 0.214844 0.996094
vt 0.214844 0.996094
vt 0.175781 0.996094
vt 0.175781 0.996094
vt 0.175781 0.996094
vt 0.199219 0.996094
vt 0.199219 0.996094
vt 0.199219 0.996094
vt 0.152344 0.996094
vt 0.152344 0.996094
vt 0.152344 0.996094
vt 0.175781 0.996094
vt 0.175781 0.996094
vt 0.175781 0.996094
vt 0.152344 0.996094
vt 0.152344 0.996094
vt 0.152344 0.996094
vt 0.167969 0.996094
vt 0.167969 0.996094
vt 0.167969 0.996094
vt 0.175781 0.996094
vt 0.175781 0.996094
vt 0.175781 0.996094
vt 0.199219 0.996094
vt 0.199219 0.996094
vt 0.199219 0.996094
vt 0.175781 0.996094
vt 0.175781 0.996094
vt 0.175781 0.996094
vt 0.175781 0.996094
vt 0.175781 0.996094
vt 0.175781 0.996094
vt 0.167969 0.996094
vt 0.167969 0.996094
vt 0.167969 0.996094
vt 0.167969 0.996094
vt 0.167969 0.996094
vt 0.167969 0.996094
vt 0.152344 0.996094
vt 0.152344 0.996094
vt 0.152344 0.996094
vt 0.128906 0.996094
vt 0.128906 0.996094
vt 0.128906 0.996094
vt 0.128906 0.996094
vt 0.128906 0.996094
vt 0.128906 0.996094
vt 0.136719 0.996094
vt 0.136719 0.996094
vt 0.136719 0.996094
vt 0.121094 0.996094
vt 0.121094 0.996094
vt 0.121094 0.996094
vt 0.128906 0.996094
vt 0.128906 0.996094
vt 0.128906 0.996094
vt 0.121094 0.996094
vt 0.121094 0.996094
vt 0.121094 0.996094
vt 0.128906 0.996094
vt 0.128906 0.996094
vt 0.128906 0.996094
vt 0.152344 0.996094
vt 0.152344 0.996094
vt 0.152344 0.996094
vt 0.167969 0.996094
vt 0.167969 0.996094
vt 0.167969 0.996094
vt 0.199219 0.996094
vt 0.199219 0.996094
vt 0.199219 0.996094
vt 0.199219 0.996094
vt 0.199219 0.996094
vt 0.199219 0.996094
vt 0.167969 0.996094
vt 0.167969 0.996094
vt 0.167969 0.996094
vt 0.152344 0.996094
vt 0.152344 0.996094
vt 0.152344 0.996094
vt 0.175781 0.996094
vt 0.175781 0.996094
vt 0.175781 0.996094
vt 0.152344 0.996094
vt 0.152344 0.996094
vt 0.152344 0.996094
vt 0.152344 0.996094
vt 0.152344 0.996094
vt 0.152344 0.996094
vt 0.167969 0.996094
vt 0.167969 0.996094
vt 0.167969 0.996094
vt 0.152344 0.996094
vt 0.152344 0.996094
vt 0.152344 0.996094
vt 0.167969 0.996094
vt 0.167969 0.996094
vt 0.167969 0.996094
vt 0.152344 0.996094
vt 0.152344 0.996094
vt 0.152344 0.996094
vt 0.199219 0.996094
vt 0.199219 0.996094
vt 0.199219 0.996094
vt 0.199219 0.996094
vt 0.199219 0.996094
vt 0.199219 0.996094
vt 0.199219 0.996094
vt 0.199219 0.996094
vt 0.199219 0.996094
vt 0.199219 0.996094
vt 0.199219 0.996094
vt 0.199219 0.996094
vt 0.199219 0.996094
vt 0.199219 0.996094
vt 0.199219 0.996094
vt 0.199219 0.996094
vt 0.199219 0.996094
vt 0.199219 0.996094
vt 0.199219 0.996094
vt 0.199219 0.996094
vt 0.199219 0.996094
vt 0.199219 0.996094
vt 0.199219 0.996094
vt 0.199219 0.996094
vt 0.175781 0.996094
vt 0.175781 0.996094
vt 0.175781 0.996094
vt 0.152344 0.996094
vt 0.152344 0.996094
vt 0.152344 0.996094
vt 0.152344 0.996094
vt 0.152344 0.996094
vt 0.152344 0.996094
vt 0.175781 0.996094
vt 0.175781 0.996094
vt 0.175781 0.996094
vt 0.199219 0.996094
vt 0.199219 0.996094
vt 0.199219 0.996094
vt 0.175781 0.996094
vt 0.175781 0.996094
vt 0.175781 0.996094
vt 0.199219 0.996094
vt 0.199219 0.996094
vt 0.199219 0.996094
vt 0.199219 0.996094
vt 0.199219 0.996094
vt 0.199219 0.996094
vt 0.183594 0.996094
vt 0.183594 0.996094
vt 0.183594 0.996094
vt 0.199219 0.996094
vt 0.199219 0.996094
vt 0.199219 0.996094
vt 0.160156 0.996094
vt 0.160156 0.996094
vt 0.160156 0.996094
vt 0.199219 0.996094
vt 0.199219 0.996094
vt 0.199219 0.996094
vt 0.199219 0.996094
vt 0.199219 0.996094
vt 0.199219 0.996094
vt 0.152344 0.996094
vt 0.152344 0.996094
vt 0.152344 0.996094
vt 0.175781 0.996094
vt 0.175781 0.996094
vt 0.175781 0.996094
vt 0.199219 0.996094
vt 0.199219 0.996094
vt 0.199219 0.996094
vt 0.199219 0.996094
vt 0.199219 0.996094
vt 0.199219 0.996094
vt 0.199219 0.996094
vt 0.199219 0.996094
vt 0.199219 0.996094
vt 0.199219 0.996094
vt 0.199219 0.996094
vt 0.199219 0.996094
vt 0.183594 0.996094
vt 0.183594 0.996094
vt 0.183594 0.996094
vt 0.199219 0.996094
vt 0.199219 0.996094
vt 0.199219 0.996094
vt 0.152344 0.996094
vt 0.152344 0.996094
vt 0.152344 0.996094
vt 0.136719 0.996094
vt 0.136719 0.996094
vt 0.136719 0.996094
vt 0.152344 0.996094
vt 0.152344 0.996094
vt 0.152344 0.996094
vt 0.152344 0.996094
vt 0.152344 0.996094
vt 0.152344 0.996094
vt 0.144531 0.996094
vt 0.144531 0.996094
vt 0.144531 0.996094
vt 0.152344 0.996094
vt 0.152344 0.996094
vt 0.152344 0.996094
vt 0.175781 0.996094
vt 0.175781 0.996094
vt 0.175781 0.996094
vt 0.167969 0.996094
vt 0.167969 0.996094
vt 0.167969 0.996094
vt 0.183594 0.996094
vt 0.183594 0.996094
vt 0.183594 0.996094
vt 0.175781 0.996094
vt 0.175781 0.996094
vt 0.175781 0.996094
vt 0.199219 0.996094
vt 0.199219 0.996094
vt 0.199219 0.996094
vt 0.199219 0.996094
vt 0.199219 0.996094
vt 0.199219 0.996094
vt 0.199219 0.996094
vt 0.199219 0.996094
vt 0.199219 0.996094
vt 0.199219 0.996094
vt 0.199219 0.996094
vt 0.199219 0.996094
vt 0.199219 0.996094
vt 0.199219 0.996094
vt 0.199219 0.996094
vt 0.199219 0.996094
vt 0.199219 0.996094
vt 0.199219 0.996094
vt 0.175781 0.996094
vt 0.175781 0.996094
vt 0.175781 0.996094
vt 0.183594 0.996094
vt 0.183594 0.996094
vt 0.183594 0.996094
vt 0.199219 0.996094
vt 0.199219 0.996094
vt 0.199219 0.996094
vt 0.199219 0.996094
vt 0.199219 0.996094
vt 0.199219 0.996094
vt 0.199219 0.996094
vt 0.199219 0.996094
vt 0.199219 0.996094
vt 0.199219 0.996094
vt 0.199219 0.996094
vt 0.199219 0.996094
vt 0.199219 0.996094
vt 0.199219 0.996094
vt 0.199219 0.996094
vt 0.199219 0.996094
vt 0.199219 0.996094
vt 0.199219 0.996094
vt 0.199219 0.996094
vt 0.199219 0.996094
vt 0.199219 0.996094
vt 0.199219 0.996094
vt 0.199219 0.996094
vt 0.199219 0.996094
vt 0.199219 0.996094
vt 0.199219 0.996094
vt 0.199219 0.996094
vt 0.199219 0.996094
vt 0.199219 0.996094
vt 0.199219 0.996094
vt 0.199219 0.996094
vt 0.199219 0.996094
vt 0.199219 0.996094
vt 0.199219 0.996094
vt 0.199219 0.996094
vt 0.199219 0.996094
vt 0.199219 0.996094
vt 0.199219 0.996094
vt 0.199219 0.996094
vt 0.199219 0.996094
vt 0.199219 0.996094
vt 0.199219 0.996094
vt 0.175781 0.996094
vt 0.175781 0.996094
vt 0.175781 0.996094
vt 0.175781 0.996094
vt 0.175781 0.996094
vt 0.175781 0.996094
vt 0.199219 0.996094
vt 0.199219 0.996094
vt 0.199219 0.996094
vt 0.199219 0.996094
vt 0.199219 0.996094
vt 0.199219 0.996094
vt 0.199219 0.996094
vt 0.199219 0.996094
vt 0.199219 0.996094
vt 0.199219 0.996094
vt 0.199219 0.996094
vt 0.199219 0.996094
vt 0.199219 0.996094
vt 0.199219 0.996094
vt 0.199219 0.996094
vt 0.246094 0.996094
vt 0.246094 0.996094
vt 0.246094 0.996094
vt 0.246094 0.996094
vt 0.246094 0.996094
vt 0.246094 0.996094
vt 0.246094 0.996094
vt 0.246094 0.996094
vt 0.246094 0.996094
vt 0.246094 0.996094
vt 0.246094 0.996094
vt 0.246094 0.996094
vt 0.246094 0.996094
vt 0.246094 0.996094
vt 0.246094 0.996094
vt 0.246094 0.996094
vt 0.246094 0.996094
vt 0.246094 0.996094
vt 0.246094 0.996094
vt 0.246094 0.996094
vt 0.246094 0.996094
vt 0.246094 0.996094
vt 0.246094 0.996094
vt 0.246094 0.996094
vt 0.246094 0.996094
vt 0.246094 0.996094
vt 0.246094 0.996094
vt 0.246094 0.996094
vt 0.246094 0.996094
vt 0.246094 0.996094
vt 0.246094 0.996094
vt 0.246094 0.996094
vt 0.246094 0.996094
vt 0.246094 0.996094
vt 0.246094 0.996094
vt 0.246094 0.996094
vt 0.246094 0.996094
vt 0.246094 0.996094
vt 0.246094 0.996094
vt 0.246094 0.996094
vt 0.246094 0.996094
vt 0.246094 0.996094
vt 0.246094 0.996094
vt 0.246094 0.996094
vt 0.246094 0.996094
vt 0.246094 0.996094
vt 0.246094 0.996094
vt 0.246094 0.996094
vt 0.246094 0.996094
vt 0.246094 0.996094
vt 0.246094 0.996094
vt 0.246094 0.996094
vt 0.246094 0.996094
vt 0.246094 0.996094
vt 0.246094 0.996094
vt 0.246094 0.996094
vt 0.246094 0.996094
vt 0.246094 0.996094
vt 0.246094 0.996094
vt 0.246094 0.996094
vt 0.246094 0.996094
vt 0.246094 0.996094
vt 0.246094 0.996094
vt 0.246094 0.996094
vt 0.246094 0.996094
vt 0.246094 0.996094
vt 0.246094 0.996094
vt 0.246094 0.996094
vt 0.246094 0.996094
vt 0.246094 0.996094
vt 0.246094 0.996094
vt 0.246094 0.996094
vt 0.152344 0.996094
vt 0.152344 0.996094
vt 0.152344 0.996094
vt 0.175781 0.996094
vt 0.175781 0.996094
vt 0.175781 0.996094
vt 0.183594 0.996094
vt 0.183594 0.996094
vt 0.183594 0.996094
vt 0.167969 0.996094
vt 0.167969 0.996094
vt 0.167969 0.996094
vt 0.230469 0.996094
vt 0.230469 0.996094
vt 0.230469 0.996094
vt 0.199219 0.996094
vt 0.199219 0.996094
vt 0.199219 0.996094
vt 0.199219 0.996094
vt 0.199219 0.996094
vt 0.199219 0.996094
vt 0.199219 0.996094
vt 0.199219 0.996094
vt 0.199219 0.996094
vt 0.199219 0.996094
vt 0.199219 0.996094
vt 0.199219 0.996094
vt 0.230469 0.996094
vt 0.230469 0.996094
vt 0.230469 0.996094
vt 0.230469 0.996094
vt 0.230469 0.996094
vt 0.230469 0.996094
vt 0.230469 0.996094
vt 0.230469 0.996094
vt 0.230469 0.996094
vt 0.230469 0.996094
vt 0.230469 0.996094
vt 0.230469 0.996094
vt 0.230469 0.996094
vt 0.230469 0.996094
vt 0.230469 0.996094
vt 0.230469 0.996094
vt 0.230469 0.996094
vt 0.230469 0.996094
vt 0.230469 0.996094
vt 0.230469 0.996094
vt 0.230469 0.996094
vt 0.230469 0.996094
vt 0.230469 0.996094
vt 0.230469 0.996094
vt 0.230469 0.996094
vt 0.230469 0.996094
vt 0.230469 0.996094
vt 0.230469 0.996094
vt 0.230469 0.996094
vt 0.230469 0.996094
vt 0.230469 0.996094
vt 0.230469 0.996094
vt 0.230469 0.996094
vt 0.230469 0.996094
vt 0.230469 0.996094
vt 0.230469 0.996094
vt 0.230469 0.996094
vt 0.230469 0.996094
vt 0.230469 0.996094
vt 0.230469 0.996094
vt 0.230469 0.996094
vt 0.230469 0.996094
vt 0.230469 0.996094
vt 0.230469 0.996094
vt 0.230469 0.996094
vt 0.230469 0.996094
vt 0.230469 0.996094
vt 0.230469 0.996094
vt 0.230469 0.996094
vt 0.230469 0.996094
vt 0.230469 0.996094
vt 0.230469 0.996094
vt 0.230469 0.996094
vt 0.230469 0.996094
vt 0.199219 0.996094
vt 0.199219 0.996094
vt 0.199219 0.996094
vt 0.199219 0.996094
vt 0.199219 0.996094
vt 0.199219 0.996094
vt 0.199219 0.996094
vt 0.199219 0.996094
vt 0.199219 0.996094
vt 0.199219 0.996094
vt 0.199219 0.996094
vt 0.199219 0.996094
vt 0.199219 0.996094
vt 0.199219 0.996094
vt 0.199219 0.996094
vt 0.230469 0.996094
vt 0.230469 0.996094
vt 0.230469 0.996094
vt 0.230469 0.996094
vt 0.230469 0.996094
vt 0.230469 0.996094
vt 0.207031 0.996094
vt 0.207031 0.996094
vt 0.207031 0.996094
vt 0.230469 0.996094
vt 0.230469 0.996094
vt 0.230469 0.996094
vt 0.199219 0.996094
vt 0.199219 0.996094
vt 0.199219 0.996094
vt 0.230469 0.996094
vt 0.230469 0.996094
vt 0.230469 0.996094
vt 0.230469 0.996094
vt 0.230469 0.996094
vt 0.230469 0.996094
vt 0.230469 0.996094
vt 0.230469 0.996094
vt 0.230469 0.996094
vt 0.230469 0.996094
vt 0.230469 0.996094
vt 0.230469 0.996094
vt 0.230469 0.996094
vt 0.230469 0.996094
vt 0.230469 0.996094
vt 0.175781 0.996094
vt 0.175781 0.996094
vt 0.175781 0.996094
vt 0.144531 0.996094
vt 0.144531 0.996094
vt 0.144531 0.996094
vt 0.199219 0.996094
vt 0.199219 0.996094
vt 0.199219 0.996094
vt 0.214844 0.996094
vt 0.214844 0.996094
vt 0.214844 0.996094
vt 0.230469 0.996094
vt 0.230469 0.996094
vt 0.230469 0.996094
vt 0.230469 0.996094
vt 0.230469 0.996094
vt 0.230469 0.996094
vt 0.230469 0.996094
vt 0.230469 0.996094
vt 0.230469 0.996094
vt 0.230469 0.996094
vt 0.230469 0.996094
vt 0.230469 0.996094
vt 0.214844 0.996094
vt 0.214844 0.996094
vt 0.214844 0.996094
vt 0.199219 0.996094
vt 0.199219 0.996094
vt 0.199219 0.996094
vt 0.199219 0.996094
vt 0.199219 0.996094
vt 0.199219 0.996094
vt 0.230469 0.996094
vt 0.230469 0.996094
vt 0.230469 0.996094
vt 0.230469 0.996094
vt 0.230469 0.996094
vt 0.230469 0.996094
vt 0.230469 0.996094
vt 0.230469 0.996094
vt 0.230469 0.996094
vt 0.230469 0.996094
vt 0.230469 0.996094
vt 0.230469 0.996094
vt 0.230469 0.996094
vt 0.230469 0.996094
vt 0.230469 0.996094
vt 0.230469 0.996094
vt 0.230469 0.996094
vt 0.230469 0.996094
vt 0.230469 0.996094
vt 0.230469 0.996094
vt 0.230469 0.996094
vt 0.230469 0.996094
vt 0.230469 0.996094
vt 0.230469 0.996094
vt 0.230469 0.996094
vt 0.230469 0.996094
vt 0.230469 0.996094
vt 0.230469 0.996094
vt 0.230469 0.996094
vt 0.230469 0.996094
vt 0.230469 0.996094
vt 0.230469 0.996094
vt 0.230469 0.996094
vt 0.230469 0.996094
vt 0.230469 0.996094
vt 0.230469 0.996094
vt 0.230469 0.996094
vt 0.230469 0.996094
vt 0.230469 0.996094
vt 0.230469 0.996094
vt 0.230469 0.996094
vt 0.230469 0.996094
vt 0.230469 0.996094
vt 0.230469 0.996094
vt 0.230469 0.996094
vt 0.230469 0.996094
vt 0.230469 0.996094
vt 0.230469 0.996094
vt 0.230469 0.996094
vt 0.230469 0.996094
vt 0.230469 0.996094
vt 0.230469 0.996094
vt 0.230469 0.996094
vt 0.230469 0.996094
vt 0.230469 0.996094
vt 0.230469 0.996094
vt 0.230469 0.996094
vt 0.199219 0.996094
vt 0.199219 0.996094
vt 0.199219 0.996094
vt 0.214844 0.996094
vt 0.214844 0.996094
vt 0.214844 0.996094
vt 0.230469 0.996094
vt 0.230469 0.996094
vt 0.230469 0.996094
vt 0.230469 0.996094
vt 0.230469 0.996094
vt 0.230469 0.996094
vt 0.230469 0.996094
vt 0.230469 0.996094
vt 0.230469 0.996094
vt 0.199219 0.996094
vt 0.199219 0.996094
vt 0.199219 0.996094
vt 0.199219 0.996094
vt 0.199219 0.996094
vt 0.199219 0.996094
vt 0.230469 0.996094
vt 0.230469 0.996094
vt 0.230469 0.996094
vt 0.230469 0.996094
vt 0.230469 0.996094
vt 0.230469 0.996094
vt 0.230469 0.996094
vt 0.230469 0.996094
vt 0.230469 0.996094
vt 0.230469 0.996094
vt 0.230469 0.996094
vt 0.230469 0.996094
vt 0.214844 0.996094
vt 0.214844 0.996094
vt 0.214844 0.996094
vt 0.214844 0.996094
vt 0.214844 0.996094
vt 0.214844 0.996094
vt 0.199219 0.996094
vt 0.199219 0.996094
vt 0.199219 0.996094
vt 0.175781 0.996094
vt 0.175781 0.996094
vt 0.175781 0.996094
vt 0.175781 0.996094
vt 0.175781 0.996094
vt 0.175781 0.996094
vt 0.230469 0.996094
vt 0.230469 0.996094
vt 0.230469 0.996094
vt 0.230469 0.996094
vt 0.230469 0.996094
vt 0.230469 0.996094
vt 0.230469 0.996094
vt 0.230469 0.996094
vt 0.230469 0.996094
vt 0.230469 0.996094
vt 0.230469 0.996094
vt 0.230469 0.996094
vt 0.230469 0.996094
vt 0.230469 0.996094
vt 0.230469 0.996094
vt 0.230469 0.996094
vt 0.230469 0.996094
vt 0.230469 0.996094
vt 0.230469 0.996094
vt 0.230469 0.996094
vt 0.230469 0.996094
vt 0.199219 0.996094
vt 0.199219 0.996094
vt 0.199219 0.996094
vt 0.199219 0.996094
vt 0.199219 0.996094
vt 0.199219 0.996094
vt 0.199219 0.996094
vt 0.199219 0.996094
vt 0.199219 0.996094
vt 0.199219 0.996094
vt 0.199219 0.996094
vt 0.199219 0.996094
vt 0.230469 0.996094
vt 0.230469 0.996094
vt 0.230469 0.996094
vt 0.230469 0.996094
vt 0.230469 0.996094
vt 0.230469 0.996094
vt 0.214844 0.996094
vt 0.214844 0.996094
vt 0.214844 0.996094
vt 0.230469 0.996094
vt 0.230469 0.996094
vt 0.230469 0.996094
vt 0.230469 0.996094
vt 0.230469 0.996094
vt 0.230469 0.996094
vt 0.199219 0.996094
vt 0.199219 0.996094
vt 0.199219 0.996094
vt 0.230469 0.996094
vt 0.230469 0.996094
vt 0.230469 0.996094
vt 0.230469 0.996094
vt 0.230469 0.996094
vt 0.230469 0.996094
vt 0.230469 0.996094
vt 0.230469 0.996094
vt 0.230469 0.996094
vt 0.230469 0.996094
vt 0.230469 0.996094
vt 0.230469 0.996094
vt 0.230469 0.996094
vt 0.230469 0.996094
vt 0.230469 0.996094
vt 0.230469 0.996094
vt 0.230469 0.996094
vt 0.230469 0.996094
vt 0.230469 0.996094
vt 0.230469 0.996094
vt 0.230469 0.996094
vt 0.230469 0.996094
vt 0.230469 0.996094
vt 0.230469 0.996094
vt 0.230469 0.996094
vt 0.230469 0.996094
vt 0.230469 0.996094
vt 0.230469 0.996094
vt 0.230469 0.996094
vt 0.230469 0.996094
vt 0.230469 0.996094
vt 0.230469 0.996094
vt 0.230469 0.996094
vt 0.230469 0.996094
vt 0.230469 0.996094
vt 0.230469 0.996094
vt 0.230469 0.996094
vt 0.230469 0.996094
vt 0.230469 0.996094
vt 0.199219 0.996094
vt 0.199219 0.996094
vt 0.199219 0.996094
vt 0.191406 0.996094
vt 0.191406 0.996094
vt 0.191406 0.996094
vt 0.199219 0.996094
vt 0.199219 0.996094
vt 0.199219 0.996094
vt 0.175781 0.996094
vt 0.175781 0.996094
vt 0.175781 0.996094
vt 0.175781 0.996094
vt 0.175781 0.996094
vt 0.175781 0.996094
vt 0.199219 0.996094
vt 0.199219 0.996094
vt 0.199219 0.996094
vt 0.175781 0.996094
vt 0.175781 0.996094
vt 0.175781 0.996094
vt 0.214844 0.996094
vt 0.214844 0.996094
vt 0.214844 0.996094
vt 0.199219 0.996094
vt 0.199219 0.996094
vt 0.199219 0.996094
vt 0.214844 0.996094
vt 0.214844 0.996094
vt 0.214844 0.996094
vt 0.175781 0.996094
vt 0.175781 0.996094
vt 0.175781 0.996094
vt 0.167969 0.996094
vt 0.167969 0.996094
vt 0.167969 0.996094
vt 0.167969 0.996094
vt 0.167969 0.996094
vt 0.167969 0.996094
vt 0.199219 0.996094
vt 0.199219 0.996094
vt 0.199219 0.996094
vt 0.199219 0.996094
vt 0.199219 0.996094
vt 0.199219 0.996094
vt 0.214844 0.996094
vt 0.214844 0.996094
vt 0.214844 0.996094
vt 0.214844 0.996094
vt 0.214844 0.996094
vt 0.214844 0.996094
vt 0.214844 0.996094
vt 0.214844 0.996094
vt 0.214844 0.996094
vt 0.214844 0.996094
vt 0.214844 0.996094
vt 0.214844 0.996094
vt 0.214844 0.996094
vt 0.214844 0.996094
vt 0.214844 0.996094
vt 0.214844 0.996094
vt 0.214844 0.996094
vt 0.214844 0.996094
vt 0.214844 0.996094
vt 0.214844 0.996094
vt 0.214844 0.996094
vt 0.214844 0.996094
vt 0.214844 0.996094
vt 0.214844 0.996094
vt 0.199219 0.996094
vt 0.199219 0.996094
vt 0.199219 0.996094
vt 0.214844 0.996094
vt 0.214844 0.996094
vt 0.214844 0.996094
vt 0.214844 0.996094
vt 0.214844 0.996094
vt 0.214844 0.996094
vt 0.214844 0.996094
vt 0.214844 0.996094
vt 0.214844 0.996094
vt 0.214844 0.996094
vt 0.214844 0.996094
vt 0.214844 0.996094
vt 0.214844 0.996094
vt 0.214844 0.996094
vt 0.214844 0.996094
vt 0.214844 0.996094
vt 0.214844 0.996094
vt 0.214844 0.996094
vt 0.214844 0.996094
vt 0.214844 0.996094
vt 0.214844 0.996094
vt 0.214844 0.996094
vt 0.214844 0.996094
vt 0.214844 0.996094
vt 0.214844 0.996094
vt 0.214844 0.996094
vt 0.214844 0.996094
vt 0.214844 0.996094
vt 0.214844 0.996094
vt 0.214844 0.996094
vt 0.214844 0.996094
vt 0.214844 0.996094
vt 0.214844 0.996094
vt 0.199219 0.996094
vt 0.199219 0.996094
vt 0.199219 0.996094
vt 0.199219 0.996094
vt 0.199219 0.996094
vt 0.199219 0.996094
vt 0.199219 0.996094
vt 0.199219 0.996094
vt 0.199219 0.996094
vt 0.199219 0.996094
vt 0.199219 0.996094
vt 0.199219 0.996094
vt 0.214844 0.996094
vt 0.214844 0.996094
vt 0.214844 0.996094
vt 0.167969 0.996094
vt 0.167969 0.996094
vt 0.167969 0.996094
vt 0.214844 0.996094
vt 0.214844 0.996094
vt 0.214844 0.996094
vt 0.214844 0.996094
vt 0.214844 0.996094
vt 0.214844 0.996094
vt 0.199219 0.996094
vt 0.199219 0.996094
vt 0.199219 0.996094
vt 0.199219 0.996094
vt 0.199219 0.996094
vt 0.199219 0.996094
vt 0.175781 0.996094
vt 0.175781 0.996094
vt 0.175781 0.996094
vt 0.199219 0.996094
vt 0.199219 0.996094
vt 0.199219 0.996094
vt 0.214844 0.996094
vt 0.214844 0.996094
vt 0.214844 0.996094
vt 0.207031 0.996094
vt 0.207031 0.996094
vt 0.207031 0.996094
vt 0.175781 0.996094
vt 0.175781 0.996094
vt 0.175781 0.996094
vt 0.199219 0.996094
vt 0.199219 0.996094
vt 0.199219 0.996094
vt 0.167969 0.996094
vt 0.167969 0.996094
vt 0.167969 0.996094
vt 0.160156 0.996094
vt 0.160156 0.996094
vt 0.160156 0.996094
vt 0.152344 0.996094
vt 0.152344 0.996094
vt 0.152344 0.996094
vt 0.199219 0.996094
vt 0.199219 0.996094
vt 0.199219 0.996094
vt 0.214844 0.996094
vt 0.214844 0.996094
vt 0.214844 0.996094
vt 0.214844 0.996094
vt 0.214844 0.996094
vt 0.214844 0.996094
vt 0.214844 0.996094
vt 0.214844 0.996094
vt 0.214844 0.996094
vt 0.214844 0.996094
vt 0.214844 0.996094
vt 0.214844 0.996094
vt 0.214844 0.996094
vt 0.214844 0.996094
vt 0.214844 0.996094
vt 0.214844 0.996094
vt 0.214844 0.996094
vt 0.214844 0.996094
vt 0.175781 0.996094
vt 0.175781 0.996094
vt 0.175781 0.996094
vt 0.199219 0.996094
vt 0.199219 0.996094
vt 0.199219 0.996094
vt 0.160156 0.996094
vt 0.160156 0.996094
vt 0.160156 0.996094
vt 0.167969 0.996094
vt 0.167969 0.996094
vt 0.167969 0.996094
vt 0.167969 0.996094
vt 0.167969 0.996094
vt 0.167969 0.996094
vt 0.160156 0.996094
vt 0.160156 0.996094
vt 0.160156 0.996094
vt 0.191406 0.996094
vt 0.191406 0.996094
vt 0.191406 0.996094
vt 0.175781 0.996094
vt 0.175781 0.996094
vt 0.175781 0.996094
vt 0.167969 0.996094
vt 0.167969 0.996094
vt 0.167969 0.996094
vt 0.152344 0.996094
vt 0.152344 0.996094
vt 0.152344 0.996094
vt 0.207031 0.996094
vt 0.207031 0.996094
vt 0.207031 0.996094
vt 0.214844 0.996094
vt 0.214844 0.996094
vt 0.214844 0.996094
vt 0.214844 0.996094
vt 0.214844 0.996094
vt 0.214844 0.996094
vt 0.214844 0.996094
vt 0.214844 0.996094
vt 0.214844 0.996094
vt 0.214844 0.996094
vt 0.214844 0.996094
vt 0.214844 0.996094
vt 0.214844 0.996094
vt 0.214844 0.996094
vt 0.214844 0.996094
vt 0.214844 0.996094
vt 0.214844 0.996094
vt 0.214844 0.996094
vt 0.214844 0.996094
vt 0.214844 0.996094
vt 0.214844 0.996094
vt 0.214844 0.996094
vt 0.214844 0.996094
vt 0.214844 0.996094
vt 0.199219 0.996094
vt 0.199219 0.996094
vt 0.199219 0.996094
vt 0.160156 0.996094
vt 0.160156 0.996094
vt 0.160156 0.996094
vt 0.214844 0.996094
vt 0.214844 0.996094
vt 0.214844 0.996094
vt 0.160156 0.996094
vt 0.160156 0.996094
vt 0.160156 0.996094
vt 0.136719 0.996094
vt 0.136719 0.996094
vt 0.136719 0.996094
vt 0.136719 0.996094
vt 0.136719 0.996094
vt 0.136719 0.996094
vt 0.136719 0.996094
vt 0.136719 0.996094
vt 0.136719 0.996094
vt 0.136719 0.996094
vt 0.136719 0.996094
vt 0.136719 0.996094
vt 0.175781 0.996094
vt 0.175781 0.996094
vt 0.175781 0.996094
vt 0.175781 0.996094
vt 0.175781 0.996094
vt 0.175781 0.996094
vt 0.199219 0.996094
vt 0.199219 0.996094
vt 0.199219 0.996094
vt 0.175781 0.996094
vt 0.175781 0.996094
vt 0.175781 0.996094
vt 0.160156 0.996094
vt 0.160156 0.996094
vt 0.160156 0.996094
vt 0.152344 0.996094
vt 0.152344 0.996094
vt 0.152344 0.996094
vt 0.128906 0.996094
vt 0.128906 0.996094
vt 0.128906 0.996094
vt 0.128906 0.996094
vt 0.128906 0.996094
vt 0.128906 0.996094
vt 0.152344 0.996094
vt 0.152344 0.996094
vt 0.152344 0.996094
vt 0.128906 0.996094
vt 0.128906 0.996094
vt 0.128906 0.996094
vt 0.121094 0.996094
vt 0.121094 0.996094
vt 0.121094 0.996094
vt 0.128906 0.996094
vt 0.128906 0.996094
vt 0.128906 0.996094
vt 0.167969 0.996094
vt 0.167969 0.996094
vt 0.167969 0.996094
vt 0.152344 0.996094
vt 0.152344 0.996094
vt 0.152344 0.996094
vt 0.152344 0.996094
vt 0.152344 0.996094
vt 0.152344 0.996094
vt 0.167969 0.996094
vt 0.167969 0.996094
vt 0.167969 0.996094
vt 0.175781 0.996094
vt 0.175781 0.996094
vt 0.175781 0.996094
vt 0.199219 0.996094
vt 0.199219 0.996094
vt 0.199219 0.996094
vt 0.175781 0.996094
vt 0.175781 0.996094
vt 0.175781 0.996094
vt 0.199219 0.996094
vt 0.199219 0.996094
vt 0.199219 0.996094
vt 0.183594 0.996094
vt 0.183594 0.996094
vt 0.183594 0.996094
vt 0.167969 0.996094
vt 0.167969 0.996094
vt 0.167969 0.996094
vt 0.152344 0.996094
vt 0.152344 0.996094
vt 0.152344 0.996094
vt 0.175781 0.996094
vt 0.175781 0.996094
vt 0.175781 0.996094
vt 0.199219 0.996094
vt 0.199219 0.996094
vt 0.199219 0.996094
vt 0.175781 0.996094
vt 0.175781 0.996094
vt 0.175781 0.996094
vt 0.199219 0.996094
vt 0.199219 0.996094
vt 0.199219 0.996094
vt 0.128906 0.996094
vt 0.128906 0.996094
vt 0.128906 0.996094
vt 0.167969 0.996094
vt 0.167969 0.996094
vt 0.167969 0.996094
vt 0.152344 0.996094
vt 0.152344 0.996094
vt 0.152344 0.996094
vt 0.136719 0.996094
vt 0.136719 0.996094
vt 0.136719 0.996094
vt 0.152344 0.996094
vt 0.152344 0.996094
vt 0.152344 0.996094
vt 0.113281 0.996094
vt 0.113281 0.996094
vt 0.113281 0.996094
vt 0.160156 0.996094
vt 0.160156 0.996094
vt 0.160156 0.996094
vt 0.175781 0.996094
vt 0.175781 0.996094
vt 0.175781 0.996094
vt 0.167969 0.996094
vt 0.167969 0.996094
vt 0.167969 0.996094
vt 0.121094 0.996094
vt 0.121094 0.996094
vt 0.121094 0.996094
vt 0.167969 0.996094
vt 0.167969 0.996094
vt 0.167969 0.996094
vt 0.152344 0.996094
vt 0.152344 0.996094
vt 0.152344 0.996094
vt 0.175781 0.996094
vt 0.175781 0.996094
vt 0.175781 0.996094
vt 0.175781 0.996094
vt 0.175781 0.996094
vt 0.175781 0.996094
vt 0.121094 0.996094
vt 0.121094 0.996094
vt 0.121094 0.996094
vt 0.152344 0.996094
vt 0.152344 0.996094
vt 0.152344 0.996094
vt 0.113281 0.996094
vt 0.113281 0.996094
vt 0.113281 0.996094
vt 0.152344 0.996094
vt 0.152344 0.996094
vt 0.152344 0.996094
vt 0.128906 0.996094
vt 0.128906 0.996094
vt 0.128906 0.996094
vt 0.152344 0.996094
vt 0.152344 0.996094
vt 0.152344 0.996094
vt 0.136719 0.996094
vt 0.136719 0.996094
vt 0.136719 0.996094
vt 0.058594 0.996094
vt 0.058594 0.996094
vt 0.058594 0.996094
vt 0.089844 0.996094
vt 0.089844 0.996094
vt 0.089844 0.996094
vt 0.089844 0.996094
vt 0.089844 0.996094
vt 0.089844 0.996094
vt 0.089844 0.996094
vt 0.089844 0.996094
vt 0.089844 0.996094
vt 0.128906 0.996094
vt 0.128906 0.996094
vt 0.128906 0.996094
vt 0.136719 0.996094
vt 0.136719 0.996094
vt 0.136719 0.996094
vt 0.128906 0.996094
vt 0.128906 0.996094
vt 0.128906 0.996094
vt 0.121094 0.996094
vt 0.121094 0.996094
vt 0.121094 0.996094
vt 0.097656 0.996094
vt 0.097656 0.996094
vt 0.097656 0.996094
vt 0.027344 0.996094
vt 0.027344 0.996094
vt 0.027344 0.996094
vt 0.058594 0.996094
vt 0.058594 0.996094
vt 0.058594 0.996094
vt 0.058594 0.996094
vt 0.058594 0.996094
vt 0.058594 0.996094
vt 0.113281 0.996094
vt 0.113281 0.996094
vt 0.113281 0.996094
vt 0.128906 0.996094
vt 0.128906 0.996094
vt 0.128906 0.996094
vt 0.128906 0.996094
vt 0.128906 0.996094
vt 0.128906 0.996094
vt 0.128906 0.996094
vt 0.128906 0.996094
vt 0.128906 0.996094
vt 0.050781 0.996094
vt 0.050781 0.996094
vt 0.050781 0.996094
vt 0.050781 0.996094
vt 0.050781 0.996094
vt 0.050781 0.996094
vt 0.128906 0.996094
vt 0.128906 0.996094
vt 0.128906 0.996094
vt 0.136719 0.996094
vt 0.136719 0.996094
vt 0.136719 0.996094
vt 0.089844 0.996094
vt 0.089844 0.996094
vt 0.089844 0.996094
vt 0.128906 0.996094
vt 0.128906 0.996094
vt 0.128906 0.996094
vt 0.128906 0.996094
vt 0.128906 0.996094
vt 0.128906 0.996094
vt 0.136719 0.996094
vt 0.136719 0.996094
vt 0.136719 0.996094
vt 0.136719 0.996094
vt 0.136719 0.996094
vt 0.136719 0.996094
vt 0.089844 0.996094
vt 0.089844 0.996094
vt 0.089844 0.996094
vt 0.089844 0.996094
vt 0.089844 0.996094
vt 0.089844 0.996094
vt 0.121094 0.996094
vt 0.121094 0.996094
vt 0.121094 0.996094
vt 0.089844 0.996094
vt 0.089844 0.996094
vt 0.089844 0.996094
vt 0.128906 0.996094
vt 0.128906 0.996094
vt 0.128906 0.996094
vt 0.097656 0.996094
vt 0.097656 0.996094
vt 0.097656 0.996094
vt 0.128906 0.996094
vt 0.128906 0.996094
vt 0.128906 0.996094
vt 0.128906 0.996094
vt 0.128906 0.996094
vt 0.128906 0.996094
vt 0.097656 0.996094
vt 0.097656 0.996094
vt 0.097656 0.996094
vt 0.089844 0.996094
vt 0.089844 0.996094
vt 0.089844 0.996094
vt 0.058594 0.996094
vt 0.058594 0.996094
vt 0.058594 0.996094
vt 0.050781 0.996094
vt 0.050781 0.996094
vt 0.050781 0.996094
vt 0.035156 0.996094
vt 0.035156 0.996094
vt 0.035156 0.996094
vt 0.019531 0.996094
vt 0.019531 0.996094
vt 0.019531 0.996094
vt 0.058594 0.996094
vt 0.058594 0.996094
vt 0.058594 0.996094
vt 0.128906 0.996094
vt 0.128906 0.996094
vt 0.128906 0.996094
vt 0.136719 0.996094
vt 0.136719 0.996094
vt 0.136719 0.996094
vt 0.144531 0.996094
vt 0.144531 0.996094
vt 0.144531 0.996094
vt 0.136719 0.996094
vt 0.136719 0.996094
vt 0.136719 0.996094
vt 0.128906 0.996094
vt 0.128906 0.996094
vt 0.128906 0.996094
vt 0.089844 0.996094
vt 0.089844 0.996094
vt 0.089844 0.996094
vt 0.042969 0.996094
vt 0.042969 0.996094
vt 0.042969 0.996094
vt 0.035156 0.996094
vt 0.035156 0.996094
vt 0.035156 0.996094
vt 0.035156 0.996094
vt 0.035156 0.996094
vt 0.035156 0.996094
vt 0.011719 0.996094
vt 0.011719 0.996094
vt 0.011719 0.996094
vt 0.035156 0.996094
vt 0.035156 0.996094
vt 0.035156 0.996094
vt 0.058594 0.996094
vt 0.058594 0.996094
vt 0.058594 0.996094
vt 0.058594 0.996094
vt 0.058594 0.996094
vt 0.058594 0.996094
vt 0.113281 0.996094
vt 0.113281 0.996094
vt 0.113281 0.996094
vt 0.113281 0.996094
vt 0.113281 0.996094
vt 0.113281 0.996094
vt 0.058594 0.996094
vt 0.058594 0.996094
vt 0.058594 0.996094
vt 0.128906 0.996094
vt 0.128906 0.996094
vt 0.128906 0.996094
vt 0.089844 0.996094
vt 0.089844 0.996094
vt 0.089844 0.996094
vt 0.089844 0.996094
vt 0.089844 0.996094
vt 0.089844 0.996094
vt 0.128906 0.996094
vt 0.128906 0.996094
vt 0.128906 0.996094
vt 0.121094 0.996094
vt 0.121094 0.996094
vt 0.121094 0.996094
vt 0.058594 0.996094
vt 0.058594 0.996094
vt 0.058594 0.996094
vt 0.128906 0.996094
vt 0.128906 0.996094
vt 0.128906 0.996094
vt 0.121094 0.996094
vt 0.121094 0.996094
vt 0.121094 0.996094
vt 0.035156 0.996094
vt 0.035156 0.996094
vt 0.035156 0.996094
vt 0.027344 0.996094
vt 0.027344 0.996094
vt 0.027344 0.996094
vt 0.003906 0.996094
vt 0.003906 0.996094
vt 0.003906 0.996094
vt 0.003906 0.996094
vt 0.003906 0.996094
vt 0.003906 0.996094
vt 0.136719 0.996094
vt 0.136719 0.996094
vt 0.136719 0.996094
vt 0.152344 0.996094
vt 0.152344 0.996094
vt 0.152344 0.996094
vt 0.152344 0.996094
vt 0.152344 0.996094
vt 0.152344 0.996094
vt 0.152344 0.996094
vt 0.152344 0.996094
vt 0.152344 0.996094
vt 0.136719 0.996094
vt 0.136719 0.996094
vt 0.136719 0.996094
vt 0.152344 0.996094
vt 0.152344 0.996094
vt 0.152344 0.996094
vt 0.152344 0.996094
vt 0.152344 0.996094
vt 0.152344 0.996094
vt 0.160156 0.996094
vt 0.160156 0.996094
vt 0.160156 0.996094
vt 0.160156 0.996094
vt 0.160156 0.996094
vt 0.160156 0.996094
vt 0.167969 0.996094
vt 0.167969 0.996094
vt 0.167969 0.996094
vt 0.160156 0.996094
vt 0.160156 0.996094
vt 0.160156 0.996094
vt 0.175781 0.996094
vt 0.175781 0.996094
vt 0.175781 0.996094
vt 0.175781 0.996094
vt 0.175781 0.996094
vt 0.175781 0.996094
vt 0.175781 0.996094
vt 0.175781 0.996094
vt 0.175781 0.996094
vt 0.167969 0.996094
vt 0.167969 0.996094
vt 0.167969 0.996094
vt 0.144531 0.996094
vt 0.144531 0.996094
vt 0.144531 0.996094
vt 0.082031 0.996094
vt 0.082031 0.996094
vt 0.082031 0.996094
vt 0.136719 0.996094
vt 0.136719 0.996094
vt 0.136719 0.996094
vt 0.089844 0.996094
vt 0.089844 0.996094
vt 0.089844 0.996094
vt 0.160156 0.996094
vt 0.160156 0.996094
vt 0.160156 0.996094
vt 0.175781 0.996094
vt 0.175781 0.996094
vt 0.175781 0.996094
vt 0.175781 0.996094
vt 0.175781 0.996094
vt 0.175781 0.996094
vt 0.105469 0.996094
vt 0.105469 0.996094
vt 0.105469 0.996094
vt 0.136719 0.996094
vt 0.136719 0.996094
vt 0.136719 0.996094
vt 0.128906 0.996094
vt 0.128906 0.996094
vt 0.128906 0.996094
vt 0.121094 0.996094
vt 0.121094 0.996094
vt 0.121094 0.996094
vt 0.167969 0.996094
vt 0.167969 0.996094
vt 0.167969 0.996094
vt 0.152344 0.996094
vt 0.152344 0.996094
vt 0.152344 0.996094
vt 0.136719 0.996094
vt 0.136719 0.996094
vt 0.136719 0.996094
vt 0.167969 0.996094
vt 0.167969 0.996094
vt 0.167969 0.996094
vt 0.160156 0.996094
vt 0.160156 0.996094
vt 0.160156 0.996094
vt 0.167969 0.996094
vt 0.167969 0.996094
vt 0.167969 0.996094
vt 0.167969 0.996094
vt 0.167969 0.996094
vt 0.167969 0.996094
vt 0.160156 0.996094
vt 0.160156 0.996094
vt 0.160156 0.996094
vt 0.089844 0.996094
vt 0.089844 0.996094
vt 0.089844 0.996094
vt 0.152344 0.996094
vt 0.152344 0.996094
vt 0.152344 0.996094
vt 0.121094 0.996094
vt 0.121094 0.996094
vt 0.121094 0.996094
vt 0.136719 0.996094
vt 0.136719 0.996094
vt 0.136719 0.996094
vt 0.136719 0.996094
vt 0.136719 0.996094
vt 0.136719 0.996094
vt 0.121094 0.996094
vt 0.121094 0.996094
vt 0.121094 0.996094
vt 0.113281 0.996094
vt 0.113281 0.996094
vt 0.113281 0.996094
vt 0.089844 0.996094
vt 0.089844 0.996094
vt 0.089844 0.996094
vt 0.058594 0.996094
vt 0.058594 0.996094
vt 0.058594 0.996094
vt 0.082031 0.996094
vt 0.082031 0.996094
vt 0.082031 0.996094
vt 0.058594 0.996094
vt 0.058594 0.996094
vt 0.058594 0.996094
vt 0.058594 0.996094
vt 0.058594 0.996094
vt 0.058594 0.996094
vt 0.042969 0.996094
vt 0.042969 0.996094
vt 0.042969 0.996094
vt 0.035156 0.996094
vt 0.035156 0.996094
vt 0.035156 0.996094
vt 0.050781 0.996094
vt 0.050781 0.996094
vt 0.050781 0.996094
vt 0.027344 0.996094
vt 0.027344 0.996094
vt 0.027344 0.996094
vt 0.058594 0.996094
vt 0.058594 0.996094
vt 0.058594 0.996094
vt 0.050781 0.996094
vt 0.050781 0.996094
vt 0.050781 0.996094
vt 0.050781 0.996094
vt 0.050781 0.996094
vt 0.050781 0.996094
vt 0.058594 0.996094
vt 0.058594 0.996094
vt 0.058594 0.996094
vt 0.082031 0.996094
vt 0.082031 0.996094
vt 0.082031 0.996094
vt 0.035156 0.996094
vt 0.035156 0.996094
vt 0.035156 0.996094
vt 0.050781 0.996094
vt 0.050781 0.996094
vt 0.050781 0.996094
vt 0.089844 0.996094
vt 0.089844 0.996094
vt 0.089844 0.996094
vt 0.050781 0.996094
vt 0.050781 0.996094
vt 0.050781 0.996094
vt 0.058594 0.996094
vt 0.058594 0.996094
vt 0.058594 0.996094
vt 0.128906 0.996094
vt 0.128906 0.996094
vt 0.128906 0.996094
vt 0.136719 0.996094
vt 0.136719 0.996094
vt 0.136719 0.996094
vt 0.113281 0.996094
vt 0.113281 0.996094
vt 0.113281 0.996094
vt 0.121094 0.996094
vt 0.121094 0.996094
vt 0.121094 0.996094
vt 0.121094 0.996094
vt 0.121094 0.996094
vt 0.121094 0.996094
vt 0.089844 0.996094
vt 0.089844 0.996094
vt 0.089844 0.996094
vt 0.121094 0.996094
vt 0.121094 0.996094
vt 0.121094 0.996094
vt 0.136719 0.996094
vt 0.136719 0.996094
vt 0.136719 0.996094
vt 0.136719 0.996094
vt 0.136719 0.996094
vt 0.136719 0.996094
vt 0.144531 0.996094
vt 0.144531 0.996094
vt 0.144531 0.996094
vt 0.089844 0.996094
vt 0.089844 0.996094
vt 0.089844 0.996094
vt 0.058594 0.996094
vt 0.058594 0.996094
vt 0.058594 0.996094
vt 0.152344 0.996094
vt 0.152344 0.996094
vt 0.152344 0.996094
vt 0.152344 0.996094
vt 0.152344 0.996094
vt 0.152344 0.996094
vt 0.152344 0.996094
vt 0.152344 0.996094
vt 0.152344 0.996094
vt 0.152344 0.996094
vt 0.152344 0.996094
vt 0.152344 0.996094
vt 0.152344 0.996094
vt 0.152344 0.996094
vt 0.152344 0.996094
vt 0.121094 0.996094
vt 0.121094 0.996094
vt 0.121094 0.996094
vt 0.136719 0.996094
vt 0.136719 0.996094
vt 0.136719 0.996094
vt 0.144531 0.996094
vt 0.144531 0.996094
vt 0.144531 0.996094
vt 0.136719 0.996094
vt 0.136719 0.996094
vt 0.136719 0.996094
vt 0.089844 0.996094
vt 0.089844 0.996094
vt 0.089844 0.996094
vt 0.128906 0.996094
vt 0.128906 0.996094
vt 0.128906 0.996094
vt 0.136719 0.996094
vt 0.136719 0.996094
vt 0.136719 0.996094
vt 0.113281 0.996094
vt 0.113281 0.996094
vt 0.113281 0.996094
vt 0.121094 0.996094
vt 0.121094 0.996094
vt 0.121094 0.996094
vt 0.128906 0.996094
vt 0.128906 0.996094
vt 0.128906 0.996094
vt 0.089844 0.996094
vt 0.089844 0.996094
vt 0.089844 0.996094
vt 0.128906 0.996094
vt 0.128906 0.996094
vt 0.128906 0.996094
vt 0.121094 0.996094
vt 0.121094 0.996094
vt 0.121094 0.996094
vt 0.089844 0.996094
vt 0.089844 0.996094
vt 0.089844 0.996094
vt 0.121094 0.996094
vt 0.121094 0.996094
vt 0.121094 0.996094
vt 0.128906 0.996094
vt 0.128906 0.996094
vt 0.128906 0.996094
vt 0.160156 0.996094
vt 0.160156 0.996094
vt 0.160156 0.996094
vt 0.136719 0.996094
vt 0.136719 0.996094
vt 0.136719 0.996094
vt 0.128906 0.996094
vt 0.128906 0.996094
vt 0.128906 0.996094
vt 0.121094 0.996094
vt 0.121094 0.996094
vt 0.121094 0.996094
vt 0.121094 0.996094
vt 0.121094 0.996094
vt 0.121094 0.996094
vt 0.160156 0.996094
vt 0.160156 0.996094
vt 0.160156 0.996094
vt 0.191406 0.996094
vt 0.191406 0.996094
vt 0.191406 0.996094
vt 0.199219 0.996094
vt 0.199219 0.996094
vt 0.199219 0.996094
vt 0.199219 0.996094
vt 0.199219 0.996094
vt 0.199219 0.996094
vt 0.199219 0.996094
vt 0.199219 0.996094
vt 0.199219 0.996094
vt 0.199219 0.996094
vt 0.199219 0.996094
vt 0.199219 0.996094
vt 0.175781 0.996094
vt 0.175781 0.996094
vt 0.175781 0.996094
vt 0.191406 0.996094
vt 0.191406 0.996094
vt 0.191406 0.996094
vt 0.167969 0.996094
vt 0.167969 0.996094
vt 0.167969 0.996094
vt 0.121094 0.996094
vt 0.121094 0.996094
vt 0.121094 0.996094
vt 0.121094 0.996094
vt 0.121094 0.996094
vt 0.121094 0.996094
vt 0.167969 0.996094
vt 0.167969 0.996094
vt 0.167969 0.996094
vt 0.136719 0.996094
vt 0.136719 0.996094
vt 0.136719 0.996094
vt 0.121094 0.996094
vt 0.121094 0.996094
vt 0.121094 0.996094
vt 0.167969 0.996094
vt 0.167969 0.996094
vt 0.167969 0.996094
vt 0.152344 0.996094
vt 0.152344 0.996094
vt 0.152344 0.996094
vt 0.160156 0.996094
vt 0.160156 0.996094
vt 0.160156 0.996094
vt 0.175781 0.996094
vt 0.175781 0.996094
vt 0.175781 0.996094
vt 0.160156 0.996094
vt 0.160156 0.996094
vt 0.160156 0.996094
vt 0.121094 0.996094
vt 0.121094 0.996094
vt 0.121094 0.996094
vt 0.175781 0.996094
vt 0.175781 0.996094
vt 0.175781 0.996094
vt 0.089844 0.996094
vt 0.089844 0.996094
vt 0.089844 0.996094
vt 0.089844 0.996094
vt 0.089844 0.996094
vt 0.089844 0.996094
vt 0.113281 0.996094
vt 0.113281 0.996094
vt 0.113281 0.996094
vt 0.089844 0.996094
vt 0.089844 0.996094
vt 0.089844 0.996094
vt 0.089844 0.996094
vt 0.089844 0.996094
vt 0.089844 0.996094
vt 0.144531 0.996094
vt 0.144531 0.996094
vt 0.144531 0.996094
vt 0.175781 0.996094
vt 0.175781 0.996094
vt 0.175781 0.996094
vt 0.230469 0.996094
vt 0.230469 0.996094
vt 0.230469 0.996094
vt 0.230469 0.996094
vt 0.230469 0.996094
vt 0.230469 0.996094
vt 0.230469 0.996094
vt 0.230469 0.996094
vt 0.230469 0.996094
vt 0.230469 0.996094
vt 0.230469 0.996094
vt 0.230469 0.996094
vt 0.199219 0.996094
vt 0.199219 0.996094
vt 0.199219 0.996094
vt 0.167969 0.996094
vt 0.167969 0.996094
vt 0.167969 0.996094
vt 0.152344 0.996094
vt 0.152344 0.996094
vt 0.152344 0.996094
vt 0.167969 0.996094
vt 0.167969 0.996094
vt 0.167969 0.996094
vt 0.152344 0.996094
vt 0.152344 0.996094
vt 0.152344 0.996094
vt 0.230469 0.996094
vt 0.230469 0.996094
vt 0.230469 0.996094
vt 0.199219 0.996094
vt 0.199219 0.996094
vt 0.199219 0.996094
vt 0.230469 0.996094
vt 0.230469 0.996094
vt 0.230469 0.996094
vt 0.230469 0.996094
vt 0.230469 0.996094
vt 0.230469 0.996094
vt 0.230469 0.996094
vt 0.230469 0.996094
vt 0.230469 0.996094
vt 0.230469 0.996094
vt 0.230469 0.996094
vt 0.230469 0.996094
vt 0.230469 0.996094
vt 0.230469 0.996094
vt 0.230469 0.996094
vt 0.230469 0.996094
vt 0.230469 0.996094
vt 0.230469 0.996094
vt 0.230469 0.996094
vt 0.230469 0.996094
vt 0.230469 0.996094
vt 0.199219 0.996094
vt 0.199219 0.996094
vt 0.199219 0.996094
vt 0.199219 0.996094
vt 0.199219 0.996094
vt 0.199219 0.996094
vt 0.136719 0.996094
vt 0.136719 0.996094
vt 0.136719 0.996094
vt 0.214844 0.996094
vt 0.214844 0.996094
vt 0.214844 0.996094
vt 0.160156 0.996094
vt 0.160156 0.996094
vt 0.160156 0.996094
vt 0.152344 0.996094
vt 0.152344 0.996094
vt 0.152344 0.996094
vt 0.136719 0.996094
vt 0.136719 0.996094
vt 0.136719 0.996094
vt 0.136719 0.996094
vt 0.136719 0.996094
vt 0.136719 0.996094
vt 0.058594 0.996094
vt 0.058594 0.996094
vt 0.058594 0.996094
vt 0.121094 0.996094
vt 0.121094 0.996094
vt 0.121094 0.996094
vt 0.128906 0.996094
vt 0.128906 0.996094
vt 0.128906 0.996094
vt 0.128906 0.996094
vt 0.128906 0.996094
vt 0.128906 0.996094
vt 0.128906 0.996094
vt 0.128906 0.996094
vt 0.128906 0.996094
vt 0.121094 0.996094
vt 0.121094 0.996094
vt 0.121094 0.996094
vt 0.121094 0.996094
vt 0.121094 0.996094
vt 0.121094 0.996094
vt 0.058594 0.996094
vt 0.058594 0.996094
vt 0.058594 0.996094
vt 0.050781 0.996094
vt 0.050781 0.996094
vt 0.050781 0.996094
vt 0.035156 0.996094
vt 0.035156 0.996094
vt 0.035156 0.996094
vt 0.058594 0.996094
vt 0.058594 0.996094
vt 0.058594 0.996094
vt 0.027344 0.996094
vt 0.027344 0.996094
vt 0.027344 0.996094
vt 0.035156 0.996094
vt 0.035156 0.996094
vt 0.035156 0.996094
vt 0.089844 0.996094
vt 0.089844 0.996094
vt 0.089844 0.996094
vt 0.066406 0.996094
vt 0.066406 0.996094
vt 0.066406 0.996094
vt 0.089844 0.996094
vt 0.089844 0.996094
vt 0.089844 0.996094
vt 0.097656 0.996094
vt 0.097656 0.996094
vt 0.097656 0.996094
vt 0.058594 0.996094
vt 0.058594 0.996094
vt 0.058594 0.996094
vt 0.121094 0.996094
vt 0.121094 0.996094
vt 0.121094 0.996094
vt 0.097656 0.996094
vt 0.097656 0.996094
vt 0.097656 0.996094
vt 0.089844 0.996094
vt 0.089844 0.996094
vt 0.089844 0.996094
vt 0.058594 0.996094
vt 0.058594 0.996094
vt 0.058594 0.996094
vt 0.082031 0.996094
vt 0.082031 0.996094
vt 0.082031 0.996094
vt 0.058594 0.996094
vt 0.058594 0.996094
vt 0.058594 0.996094
vt 0.128906 0.996094
vt 0.128906 0.996094
vt 0.128906 0.996094
vt 0.136719 0.996094
vt 0.136719 0.996094
vt 0.136719 0.996094
vt 0.152344 0.996094
vt 0.152344 0.996094
vt 0.152344 0.996094
vt 0.082031 0.996094
vt 0.082031 0.996094
vt 0.082031 0.996094
vt 0.113281 0.996094
vt 0.113281 0.996094
vt 0.113281 0.996094
vt 0.089844 0.996094
vt 0.089844 0.996094
vt 0.089844 0.996094
vt 0.214844 0.996094
vt 0.214844 0.996094
vt 0.214844 0.996094
vt 0.214844 0.996094
vt 0.214844 0.996094
vt 0.214844 0.996094
vt 0.214844 0.996094
vt 0.214844 0.996094
vt 0.214844 0.996094
vt 0.214844 0.996094
vt 0.214844 0.996094
vt 0.214844 0.996094
vt 0.214844 0.996094
vt 0.214844 0.996094
vt 0.214844 0.996094
vt 0.214844 0.996094
vt 0.214844 0.996094
vt 0.214844 0.996094
vt 0.214844 0.996094
vt 0.214844 0.996094
vt 0.214844 0.996094
vt 0.214844 0.996094
vt 0.214844 0.996094
vt 0.214844 0.996094
vt 0.214844 0.996094
vt 0.214844 0.996094
vt 0.214844 0.996094
vt 0.214844 0.996094
vt 0.214844 0.996094
vt 0.214844 0.996094
vt 0.214844 0.996094
vt 0.214844 0.996094
vt 0.214844 0.996094
vt 0.214844 0.996094
vt 0.214844 0.996094
vt 0.214844 0.996094
vt 0.207031 0.996094
vt 0.207031 0.996094
vt 0.207031 0.996094
vt 0.214844 0.996094
vt 0.214844 0.996094
vt 0.214844 0.996094
vt 0.214844 0.996094
vt 0.214844 0.996094
vt 0.214844 0.996094
vt 0.214844 0.996094
vt 0.214844 0.996094
vt 0.214844 0.996094
vt 0.214844 0.996094
vt 0.214844 0.996094
vt 0.214844 0.996094
vt 0.214844 0.996094
vt 0.214844 0.996094
vt 0.214844 0.996094
vt 0.214844 0.996094
vt 0.214844 0.996094
vt 0.214844 0.996094
vt 0.214844 0.996094
vt 0.214844 0.996094
vt 0.214844 0.996094
vt 0.214844 0.996094
vt 0.214844 0.996094
vt 0.214844 0.996094
vt 0.214844 0.996094
vt 0.214844 0.996094
vt 0.214844 0.996094
vt 0.214844 0.996094
vt 0.214844 0.996094
vt 0.214844 0.996094
vt 0.214844 0.996094
vt 0.214844 0.996094
vt 0.214844 0.996094
vt 0.214844 0.996094
vt 0.214844 0.996094
vt 0.214844 0.996094
vt 0.199219 0.996094
vt 0.199219 0.996094
vt 0.199219 0.996094
vt 0.214844 0.996094
vt 0.214844 0.996094
vt 0.214844 0.996094
vt 0.199219 0.996094
vt 0.199219 0.996094
vt 0.199219 0.996094
vt 0.214844 0.996094
vt 0.214844 0.996094
vt 0.214844 0.996094
vt 0.214844 0.996094
vt 0.214844 0.996094
vt 0.214844 0.996094
vt 0.214844 0.996094
vt 0.214844 0.996094
vt 0.214844 0.996094
vt 0.214844 0.996094
vt 0.214844 0.996094
vt 0.214844 0.996094
vt 0.214844 0.996094
vt 0.214844 0.996094
vt 0.214844 0.996094
vt 0.214844 0.996094
vt 0.214844 0.996094
vt 0.214844 0.996094
vt 0.214844 0.996094
vt 0.214844 0.996094
vt 0.214844 0.996094
vt 0.199219 0.996094
vt 0.199219 0.996094
vt 0.199219 0.996094
vt 0.214844 0.996094
vt 0.214844 0.996094
vt 0.214844 0.996094
vt 0.199219 0.996094
vt 0.199219 0.996094
vt 0.199219 0.996094
vt 0.214844 0.996094
vt 0.214844 0.996094
vt 0.214844 0.996094
vt 0.207031 0.996094
vt 0.207031 0.996094
vt 0.207031 0.996094
vt 0.199219 0.996094
vt 0.199219 0.996094
vt 0.199219 0.996094
vt 0.199219 0.996094
vt 0.199219 0.996094
vt 0.199219 0.996094
vt 0.230469 0.996094
vt 0.230469 0.996094
vt 0.230469 0.996094
vt 0.230469 0.996094
vt 0.230469 0.996094
vt 0.230469 0.996094
vt 0.230469 0.996094
vt 0.230469 0.996094
vt 0.230469 0.996094
vt 0.230469 0.996094
vt 0.230469 0.996094
vt 0.230469 0.996094
vt 0.230469 0.996094
vt 0.230469 0.996094
vt 0.230469 0.996094
vt 0.230469 0.996094
vt 0.230469 0.996094
vt 0.230469 0.996094
vt 0.230469 0.996094
vt 0.230469 0.996094
vt 0.230469 0.996094
vt 0.230469 0.996094
vt 0.230469 0.996094
vt 0.230469 0.996094
vt 0.230469 0.996094
vt 0.230469 0.996094
vt 0.230469 0.996094
vt 0.230469 0.996094
vt 0.230469 0.996094
vt 0.230469 0.996094
vt 0.230469 0.996094
vt 0.230469 0.996094
vt 0.230469 0.996094
vt 0.230469 0.996094
vt 0.230469 0.996094
vt 0.230469 0.996094
vt 0.230469 0.996094
vt 0.230469 0.996094
vt 0.230469 0.996094
vt 0.230469 0.996094
vt 0.230469 0.996094
vt 0.230469 0.996094
vt 0.230469 0.996094
vt 0.230469 0.996094
vt 0.230469 0.996094
vt 0.230469 0.996094
vt 0.230469 0.996094
vt 0.230469 0.996094
vt 0.230469 0.996094
vt 0.230469 0.996094
vt 0.230469 0.996094
vt 0.230469 0.996094
vt 0.230469 0.996094
vt 0.230469 0.996094
vt 0.230469 0.996094
vt 0.230469 0.996094
vt 0.230469 0.996094
vt 0.230469 0.996094
vt 0.230469 0.996094
vt 0.230469 0.996094
vt 0.230469 0.996094
vt 0.230469 0.996094
vt 0.230469 0.996094
vt 0.230469 0.996094
vt 0.230469 0.996094
vt 0.230469 0.996094
vt 0.230469 0.996094
vt 0.230469 0.996094
vt 0.230469 0.996094
vt 0.230469 0.996094
vt 0.230469 0.996094
vt 0.230469 0.996094
vt 0.230469 0.996094
vt 0.230469 0.996094
vt 0.230469 0.996094
vt 0.230469 0.996094
vt 0.230469 0.996094
vt 0.230469 0.996094
vt 0.230469 0.996094
vt 0.230469 0.996094
vt 0.230469 0.996094
vt 0.230469 0.996094
vt 0.230469 0.996094
vt 0.230469 0.996094
vt 0.230469 0.996094
vt 0.230469 0.996094
vt 0.230469 0.996094
vt 0.230469 0.996094
vt 0.230469 0.996094
vt 0.230469 0.996094
vt 0.230469 0.996094
vt 0.230469 0.996094
vt 0.230469 0.996094
vt 0.230469 0.996094
vt 0.230469 0.996094
vt 0.230469 0.996094
vt 0.230469 0.996094
vt 0.230469 0.996094
vt 0.230469 0.996094
vt 0.230469 0.996094
vt 0.230469 0.996094
vt 0.230469 0.996094
vt 0.230469 0.996094
vt 0.230469 0.996094
vt 0.230469 0.996094
vt 0.230469 0.996094
vt 0.230469 0.996094
vt 0.230469 0.996094
vt 0.230469 0.996094
vt 0.230469 0.996094
vt 0.230469 0.996094
vt 0.230469 0.996094
vt 0.230469 0.996094
vt 0.230469 0.996094
vt 0.230469 0.996094
vt 0.230469 0.996094
vt 0.230469 0.996094
vt 0.230469 0.996094
vt 0.230469 0.996094
vt 0.230469 0.996094
vt 0.230469 0.996094
vt 0.230469 0.996094
vt 0.230469 0.996094
vt 0.230469 0.996094
vt 0.230469 0.996094
vt 0.230469 0.996094
vt 0.214844 0.996094
vt 0.214844 0.996094
vt 0.214844 0.996094
vt 0.214844 0.996094
vt 0.214844 0.996094
vt 0.214844 0.996094
vt 0.214844 0.996094
vt 0.214844 0.996094
vt 0.214844 0.996094
vt 0.214844 0.996094
vt 0.214844 0.996094
vt 0.214844 0.996094
vt 0.214844 0.996094
vt 0.214844 0.996094
vt 0.214844 0.996094
vt 0.214844 0.996094
vt 0.214844 0.996094
vt 0.214844 0.996094
vt 0.214844 0.996094
vt 0.214844 0.996094
vt 0.214844 0.996094
vt 0.214844 0.996094
vt 0.214844 0.996094
vt 0.214844 0.996094
vt 0.214844 0.996094
vt 0.214844 0.996094
vt 0.214844 0.996094
vt 0.214844 0.996094
vt 0.214844 0.996094
vt 0.214844 0.996094
vt 0.214844 0.996094
vt 0.214844 0.996094
vt 0.214844 0.996094
vt 0.214844 0.996094
vt 0.214844 0.996094
vt 0.214844 0.996094
vt 0.214844 0.996094
vt 0.214844 0.996094
vt 0.214844 0.996094
vt 0.214844 0.996094
vt 0.214844 0.996094
vt 0.214844 0.996094
vt 0.214844 0.996094
vt 0.214844 0.996094
vt 0.214844 0.996094
vt 0.214844 0.996094
vt 0.214844 0.996094
vt 0.214844 0.996094
vt 0.214844 0.996094
vt 0.214844 0.996094
vt 0.214844 0.996094
vt 0.214844 0.996094
vt 0.214844 0.996094
vt 0.214844 0.996094
vt 0.214844 0.996094
vt 0.214844 0.996094
vt 0.214844 0.996094
vt 0.214844 0.996094
vt 0.214844 0.996094
vt 0.214844 0.996094
vt 0.214844 0.996094
vt 0.214844 0.996094
vt 0.214844 0.996094
vt 0.214844 0.996094
vt 0.214844 0.996094
vt 0.214844 0.996094
vt 0.214844 0.996094
vt 0.214844 0.996094
vt 0.214844 0.996094
vt 0.214844 0.996094
vt 0.214844 0.996094
vt 0.214844 0.996094
vt 0.214844 0.996094
vt 0.214844 0.996094
vt 0.214844 0.996094
vt 0.214844 0.996094
vt 0.214844 0.996094
vt 0.214844 0.996094
vt 0.214844 0.996094
vt 0.214844 0.996094
vt 0.214844 0.996094
vt 0.214844 0.996094
vt 0.214844 0.996094
vt 0.214844 0.996094
vt 0.214844 0.996094
vt 0.214844 0.996094
vt 0.214844 0.996094
vt 0.214844 0.996094
vt 0.214844 0.996094
vt 0.214844 0.996094
vt 0.214844 0.996094
vt 0.214844 0.996094
vt 0.214844 0.996094
vt 0.214844 0.996094
vt 0.214844 0.996094
vt 0.214844 0.996094
vt 0.214844 0.996094
vt 0.214844 0.996094
vt 0.214844 0.996094
vt 0.214844 0.996094
vt 0.214844 0.996094
vt 0.214844 0.996094
vt 0.214844 0.996094
vt 0.214844 0.996094
vt 0.214844 0.996094
vt 0.214844 0.996094
vt 0.214844 0.996094
vt 0.214844 0.996094
vt 0.214844 0.996094
vt 0.214844 0.996094
vt 0.214844 0.996094
vt 0.214844 0.996094
vt 0.214844 0.996094
vt 0.214844 0.996094
vt 0.214844 0.996094
vt 0.214844 0.996094
vt 0.214844 0.996094
vt 0.214844 0.996094
vt 0.214844 0.996094
vt 0.214844 0.996094
vt 0.214844 0.996094
vt 0.214844 0.996094
vt 0.214844 0.996094
vt 0.214844 0.996094
vt 0.214844 0.996094
vt 0.214844 0.996094
vt 0.214844 0.996094
vt 0.214844 0.996094
vt 0.214844 0.996094
vt 0.214844 0.996094
vt 0.214844 0.996094
vt 0.214844 0.996094
vt 0.214844 0.996094
vt 0.214844 0.996094
vt 0.214844 0.996094
vt 0.214844 0.996094
vt 0.214844 0.996094
vt 0.214844 0.996094
vt 0.214844 0.996094
vt 0.214844 0.996094
vt 0.214844 0.996094
vt 0.214844 0.996094
vt 0.214844 0.996094
vt 0.214844 0.996094
vt 0.214844 0.996094
vt 0.214844 0.996094
vt 0.214844 0.996094
vt 0.214844 0.996094
vt 0.214844 0.996094
vt 0.214844 0.996094
vt 0.214844 0.996094
vt 0.214844 0.996094
vt 0.214844 0.996094
vt 0.214844 0.996094
vt 0.214844 0.996094
vt 0.214844 0.996094
vt 0.214844 0.996094
vt 0.214844 0.996094
vt 0.214844 0.996094
vt 0.214844 0.996094
vt 0.214844 0.996094
vt 0.214844 0.996094
vt 0.214844 0.996094
vt 0.214844 0.996094
vt 0.214844 0.996094
vt 0.214844 0.996094
vt 0.214844 0.996094
vt 0.214844 0.996094
vt 0.214844 0.996094
vt 0.214844 0.996094
vt 0.214844 0.996094
vt 0.214844 0.996094
vt 0.214844 0.996094
vt 0.214844 0.996094
vt 0.214844 0.996094
vt 0.214844 0.996094
vt 0.214844 0.996094
vt 0.214844 0.996094
vt 0.214844 0.996094
vt 0.214844 0.996094
vt 0.214844 0.996094
vt 0.214844 0.996094
vt 0.214844 0.996094
vt 0.214844 0.996094
vt 0.214844 0.996094
vt 0.214844 0.996094
vt 0.214844 0.996094
vt 0.214844 0.996094
vt 0.214844 0.996094
vt 0.214844 0.996094
vt 0.214844 0.996094
vt 0.214844 0.996094
vt 0.214844 0.996094
vt 0.214844 0.996094
vt 0.214844 0.996094
vt 0.214844 0.996094
vt 0.214844 0.996094
vt 0.214844 0.996094
vt 0.214844 0.996094
vt 0.214844 0.996094
vt 0.214844 0.996094
vt 0.214844 0.996094
vt 0.214844 0.996094
vt 0.214844 0.996094
vt 0.214844 0.996094
vt 0.214844 0.996094
vt 0.214844 0.996094
vt 0.214844 0.996094
vt 0.214844 0.996094
vt 0.214844 0.996094
vt 0.214844 0.996094
vt 0.214844 0.996094
vt 0.214844 0.996094
vt 0.214844 0.996094
vt 0.214844 0.996094
vt 0.214844 0.996094
vt 0.214844 0.996094
vt 0.214844 0.996094
vt 0.214844 0.996094
vt 0.214844 0.996094
vt 0.214844 0.996094
vt 0.214844 0.996094
vt 0.214844 0.996094
vt 0.214844 0.996094
vt 0.214844 0.996094
vt 0.214844 0.996094
vt 0.214844 0.996094
vt 0.214844 0.996094
vt 0.214844 0.996094
vt 0.214844 0.996094
vt 0.214844 0.996094
vt 0.214844 0.996094
vt 0.214844 0.996094
vt 0.214844 0.996094
vt 0.214844 0.996094
vt 0.214844 0.996094
vt 0.214844 0.996094
vt 0.214844 0.996094
vt 0.214844 0.996094
vt 0.214844 0.996094
vt 0.214844 0.996094
vt 0.214844 0.996094
vt 0.214844 0.996094
vt 0.214844 0.996094
vt 0.214844 0.996094
vt 0.214844 0.996094
vt 0.214844 0.996094
vt 0.214844 0.996094
vt 0.214844 0.996094
vt 0.214844 0.996094
vt 0.214844 0.996094
vt 0.214844 0.996094
vt 0.253906 0.996094
vt 0.253906 0.996094
vt 0.253906 0.996094
vt 0.253906 0.996094
vt 0.253906 0.996094
vt 0.253906 0.996094
vt 0.253906 0.996094
vt 0.253906 0.996094
vt 0.253906 0.996094
vt 0.253906 0.996094
vt 0.253906 0.996094
vt 0.253906 0.996094
vt 0.253906 0.996094
vt 0.253906 0.996094
vt 0.253906 0.996094
vt 0.253906 0.996094
vt 0.253906 0.996094
vt 0.253906 0.996094
vt 0.253906 0.996094
vt 0.253906 0.996094
vt 0.253906 0.996094
vt 0.253906 0.996094
vt 0.253906 0.996094
vt 0.253906 0.996094
vt 0.253906 0.996094
vt 0.253906 0.996094
vt 0.253906 0.996094
vt 0.253906 0.996094
vt 0.253906 0.996094
vt 0.253906 0.996094
vt 0.253906 0.996094
vt 0.253906 0.996094
vt 0.253906 0.996094
vt 0.253906 0.996094
vt 0.253906 0.996094
vt 0.253906 0.996094
vt 0.253906 0.996094
vt 0.253906 0.996094
vt 0.253906 0.996094
vt 0.253906 0.996094
vt 0.253906 0.996094
vt 0.253906 0.996094
vt 0.253906 0.996094
vt 0.253906 0.996094
vt 0.253906 0.996094
vt 0.253906 0.996094
vt 0.253906 0.996094
vt 0.253906 0.996094
vt 0.253906 0.996094
vt 0.253906 0.996094
vt 0.253906 0.996094
vt 0.253906 0.996094
vt 0.253906 0.996094
vt 0.253906 0.996094
vt 0.253906 0.996094
vt 0.253906 0.996094
vt 0.253906 0.996094
vt 0.253906 0.996094
vt 0.253906 0.996094
vt 0.253906 0.996094
vt 0.253906 0.996094
vt 0.253906 0.996094
vt 0.253906 0.996094
vt 0.253906 0.996094
vt 0.253906 0.996094
vt 0.253906 0.996094
vt 0.253906 0.996094
vt 0.253906 0.996094
vt 0.253906 0.996094
vt 0.253906 0.996094
vt 0.253906 0.996094
vt 0.253906 0.996094
vt 0.253906 0.996094
vt 0.253906 0.996094
vt 0.253906 0.996094
vt 0.253906 0.996094
vt 0.253906 0.996094
vt 0.253906 0.996094
vt 0.253906 0.996094
vt 0.253906 0.996094
vt 0.253906 0.996094
vt 0.253906 0.996094
vt 0.253906 0.996094
vt 0.253906 0.996094
vt 0.253906 0.996094
vt 0.253906 0.996094
vt 0.253906 0.996094
vt 0.253906 0.996094
vt 0.253906 0.996094
vt 0.253906 0.996094
vt 0.253906 0.996094
vt 0.253906 0.996094
vt 0.253906 0.996094
vt 0.253906 0.996094
vt 0.253906 0.996094
vt 0.253906 0.996094
vt 0.253906 0.996094
vt 0.253906 0.996094
vt 0.253906 0.996094
vt 0.253906 0.996094
vt 0.253906 0.996094
vt 0.253906 0.996094
vt 0.253906 0.996094
vt 0.253906 0.996094
vt 0.253906 0.996094
vt 0.253906 0.996094
vt 0.253906 0.996094
vt 0.253906 0.996094
vt 0.253906 0.996094
vt 0.253906 0.996094
vt 0.253906 0.996094
vt 0.253906 0.996094
vt 0.253906 0.996094
vt 0.253906 0.996094
vt 0.253906 0.996094
vt 0.253906 0.996094
vt 0.253906 0.996094
vt 0.253906 0.996094
vt 0.253906 0.996094
vt 0.253906 0.996094
vt 0.253906 0.996094
vt 0.253906 0.996094
vt 0.253906 0.996094
vt 0.253906 0.996094
vt 0.253906 0.996094
vt 0.253906 0.996094
vt 0.199219 0.996094
vt 0.199219 0.996094
vt 0.199219 0.996094
vt 0.199219 0.996094
vt 0.199219 0.996094
vt 0.199219 0.996094
vt 0.199219 0.996094
vt 0.199219 0.996094
vt 0.199219 0.996094
vt 0.199219 0.996094
vt 0.199219 0.996094
vt 0.199219 0.996094
vt 0.199219 0.996094
vt 0.199219 0.996094
vt 0.199219 0.996094
vt 0.175781 0.996094
vt 0.175781 0.996094
vt 0.175781 0.996094
vt 0.175781 0.996094
vt 0.175781 0.996094
vt 0.175781 0.996094
vt 0.199219 0.996094
vt 0.199219 0.996094
vt 0.199219 0.996094
vt 0.199219 0.996094
vt 0.199219 0.996094
vt 0.199219 0.996094
vt 0.199219 0.996094
vt 0.199219 0.996094
vt 0.199219 0.996094
vt 0.199219 0.996094
vt 0.199219 0.996094
vt 0.199219 0.996094
vt 0.199219 0.996094
vt 0.199219 0.996094
vt 0.199219 0.996094
vt 0.199219 0.996094
vt 0.199219 0.996094
vt 0.199219 0.996094
vt 0.199219 0.996094
vt 0.199219 0.996094
vt 0.199219 0.996094
vt 0.207031 0.996094
vt 0.207031 0.996094
vt 0.207031 0.996094
vt 0.207031 0.996094
vt 0.207031 0.996094
vt 0.207031 0.996094
vt 0.207031 0.996094
vt 0.207031 0.996094
vt 0.207031 0.996094
vt 0.207031 0.996094
vt 0.207031 0.996094
vt 0.207031 0.996094
vt 0.207031 0.996094
vt 0.207031 0.996094
vt 0.207031 0.996094
vt 0.207031 0.996094
vt 0.207031 0.996094
vt 0.207031 0.996094
vt 0.207031 0.996094
vt 0.207031 0.996094
vt 0.207031 0.996094
vt 0.207031 0.996094
vt 0.207031 0.996094
vt 0.207031 0.996094
vt 0.199219 0.996094
vt 0.199219 0.996094
vt 0.199219 0.996094
vt 0.207031 0.996094
vt 0.207031 0.996094
vt 0.207031 0.996094
vt 0.207031 0.996094
vt 0.207031 0.996094
vt 0.207031 0.996094
vt 0.207031 0.996094
vt 0.207031 0.996094
vt 0.207031 0.996094
vt 0.207031 0.996094
vt 0.207031 0.996094
vt 0.207031 0.996094
vt 0.207031 0.996094
vt 0.207031 0.996094
vt 0.207031 0.996094
vt 0.207031 0.996094
vt 0.207031 0.996094
vt 0.207031 0.996094
vt 0.207031 0.996094
vt 0.207031 0.996094
vt 0.207031 0.996094
vt 0.207031 0.996094
vt 0.207031 0.996094
vt 0.207031 0.996094
vt 0.207031 0.996094
vt 0.207031 0.996094
vt 0.207031 0.996094
vt 0.175781 0.996094
vt 0.175781 0.996094
vt 0.175781 0.996094
vt 0.152344 0.996094
vt 0.152344 0.996094
vt 0.152344 0.996094
vt 0.167969 0.996094
vt 0.167969 0.996094
vt 0.167969 0.996094
vt 0.175781 0.996094
vt 0.175781 0.996094
vt 0.175781 0.996094
vt 0.199219 0.996094
vt 0.199219 0.996094
vt 0.199219 0.996094
vt 0.199219 0.996094
vt 0.199219 0.996094
vt 0.199219 0.996094
vt 0.183594 0.996094
vt 0.183594 0.996094
vt 0.183594 0.996094
vt 0.175781 0.996094
vt 0.175781 0.996094
vt 0.175781 0.996094
vt 0.175781 0.996094
vt 0.175781 0.996094
vt 0.175781 0.996094
vt 0.167969 0.996094
vt 0.167969 0.996094
vt 0.167969 0.996094
vt 0.199219 0.996094
vt 0.199219 0.996094
vt 0.199219 0.996094
vt 0.199219 0.996094
vt 0.199219 0.996094
vt 0.199219 0.996094
vt 0.175781 0.996094
vt 0.175781 0.996094
vt 0.175781 0.996094
vt 0.199219 0.996094
vt 0.199219 0.996094
vt 0.199219 0.996094
vt 0.199219 0.996094
vt 0.199219 0.996094
vt 0.199219 0.996094
vt 0.183594 0.996094
vt 0.183594 0.996094
vt 0.183594 0.996094
vt 0.175781 0.996094
vt 0.175781 0.996094
vt 0.175781 0.996094
vt 0.199219 0.996094
vt 0.199219 0.996094
vt 0.199219 0.996094
vt 0.199219 0.996094
vt 0.199219 0.996094
vt 0.199219 0.996094
vt 0.199219 0.996094
vt 0.199219 0.996094
vt 0.199219 0.996094
vt 0.199219 0.996094
vt 0.199219 0.996094
vt 0.199219 0.996094
vt 0.199219 0.996094
vt 0.199219 0.996094
vt 0.199219 0.996094
vt 0.183594 0.996094
vt 0.183594 0.996094
vt 0.183594 0.996094
vt 0.199219 0.996094
vt 0.199219 0.996094
vt 0.199219 0.996094
vt 0.175781 0.996094
vt 0.175781 0.996094
vt 0.175781 0.996094
vt 0.167969 0.996094
vt 0.167969 0.996094
vt 0.167969 0.996094
vt 0.167969 0.996094
vt 0.167969 0.996094
vt 0.167969 0.996094
vt 0.175781 0.996094
vt 0.175781 0.996094
vt 0.175781 0.996094
vt 0.152344 0.996094
vt 0.152344 0.996094
vt 0.152344 0.996094
vt 0.167969 0.996094
vt 0.167969 0.996094
vt 0.167969 0.996094
vt 0.152344 0.996094
vt 0.152344 0.996094
vt 0.152344 0.996094
vt 0.152344 0.996094
vt 0.152344 0.996094
vt 0.152344 0.996094
vt 0.167969 0.996094
vt 0.167969 0.996094
vt 0.167969 0.996094
vt 0.152344 0.996094
vt 0.152344 0.996094
vt 0.152344 0.996094
vt 0.152344 0.996094
vt 0.152344 0.996094
vt 0.152344 0.996094
vt 0.175781 0.996094
vt 0.175781 0.996094
vt 0.175781 0.996094
vt 0.175781 0.996094
vt 0.175781 0.996094
vt 0.175781 0.996094
vt 0.167969 0.996094
vt 0.167969 0.996094
vt 0.167969 0.996094
vt 0.230469 0.996094
vt 0.230469 0.996094
vt 0.230469 0.996094
vt 0.214844 0.996094
vt 0.214844 0.996094
vt 0.214844 0.996094
vt 0.199219 0.996094
vt 0.199219 0.996094
vt 0.199219 0.996094
vt 0.230469 0.996094
vt 0.230469 0.996094
vt 0.230469 0.996094
vt 0.230469 0.996094
vt 0.230469 0.996094
vt 0.230469 0.996094
vt 0.230469 0.996094
vt 0.230469 0.996094
vt 0.230469 0.996094
vt 0.230469 0.996094
vt 0.230469 0.996094
vt 0.230469 0.996094
vt 0.230469 0.996094
vt 0.230469 0.996094
vt 0.230469 0.996094
vt 0.230469 0.996094
vt 0.230469 0.996094
vt 0.230469 0.996094
vt 0.230469 0.996094
vt 0.230469 0.996094
vt 0.230469 0.996094
vt 0.230469 0.996094
vt 0.230469 0.996094
vt 0.230469 0.996094
vt 0.230469 0.996094
vt 0.230469 0.996094
vt 0.230469 0.996094
vt 0.230469 0.996094
vt 0.230469 0.996094
vt 0.230469 0.996094
vt 0.230469 0.996094
vt 0.230469 0.996094
vt 0.230469 0.996094
vt 0.230469 0.996094
vt 0.230469 0.996094
vt 0.230469 0.996094
vt 0.230469 0.996094
vt 0.230469 0.996094
vt 0.230469 0.996094
vt 0.230469 0.996094
vt 0.230469 0.996094
vt 0.230469 0.996094
vt 0.230469 0.996094
vt 0.230469 0.996094
vt 0.230469 0.996094
vt 0.230469 0.996094
vt 0.230469 0.996094
vt 0.230469 0.996094
vt 0.230469 0.996094
vt 0.230469 0.996094
vt 0.230469 0.996094
vt 0.230469 0.996094
vt 0.230469 0.996094
vt 0.230469 0.996094
vt 0.230469 0.996094
vt 0.230469 0.996094
vt 0.230469 0.996094
vt 0.230469 0.996094
vt 0.230469 0.996094
vt 0.230469 0.996094
vt 0.230469 0.996094
vt 0.230469 0.996094
vt 0.230469 0.996094
vt 0.230469 0.996094
vt 0.230469 0.996094
vt 0.230469 0.996094
vt 0.230469 0.996094
vt 0.230469 0.996094
vt 0.230469 0.996094
vt 0.230469 0.996094
vt 0.230469 0.996094
vt 0.230469 0.996094
vt 0.230469 0.996094
vt 0.230469 0.996094
vt 0.230469 0.996094
vt 0.230469 0.996094
vt 0.230469 0.996094
vt 0.230469 0.996094
vt 0.230469 0.996094
vt 0.230469 0.996094
vt 0.230469 0.996094
vt 0.214844 0.996094
vt 0.214844 0.996094
vt 0.214844 0.996094
vt 0.199219 0.996094
vt 0.199219 0.996094
vt 0.199219 0.996094
vt 0.214844 0.996094
vt 0.214844 0.996094
vt 0.214844 0.996094
vt 0.230469 0.996094
vt 0.230469 0.996094
vt 0.230469 0.996094
vt 0.230469 0.996094
vt 0.230469 0.996094
vt 0.230469 0.996094
vt 0.230469 0.996094
vt 0.230469 0.996094
vt 0.230469 0.996094
vt 0.230469 0.996094
vt 0.230469 0.996094
vt 0.230469 0.996094
vt 0.207031 0.996094
vt 0.207031 0.996094
vt 0.207031 0.996094
vt 0.230469 0.996094
vt 0.230469 0.996094
vt 0.230469 0.996094
vt 0.230469 0.996094
vt 0.230469 0.996094
vt 0.230469 0.996094
vt 0.230469 0.996094
vt 0.230469 0.996094
vt 0.230469 0.996094
vt 0.230469 0.996094
vt 0.230469 0.996094
vt 0.230469 0.996094
vt 0.199219 0.996094
vt 0.199219 0.996094
vt 0.199219 0.996094
vt 0.199219 0.996094
vt 0.199219 0.996094
vt 0.199219 0.996094
vt 0.199219 0.996094
vt 0.199219 0.996094
vt 0.199219 0.996094
vt 0.199219 0.996094
vt 0.199219 0.996094
vt 0.199219 0.996094
vt 0.199219 0.996094
vt 0.199219 0.996094
vt 0.199219 0.996094
vt 0.152344 0.996094
vt 0.152344 0.996094
vt 0.152344 0.996094
vt 0.175781 0.996094
vt 0.175781 0.996094
vt 0.175781 0.996094
vt 0.207031 0.996094
vt 0.207031 0.996094
vt 0.207031 0.996094
vt 0.207031 0.996094
vt 0.207031 0.996094
vt 0.207031 0.996094
vt 0.199219 0.996094
vt 0.199219 0.996094
vt 0.199219 0.996094
vt 0.207031 0.996094
vt 0.207031 0.996094
vt 0.207031 0.996094
vt 0.199219 0.996094
vt 0.199219 0.996094
vt 0.199219 0.996094
vt 0.152344 0.996094
vt 0.152344 0.996094
vt 0.152344 0.996094
vt 0.160156 0.996094
vt 0.160156 0.996094
vt 0.160156 0.996094
vt 0.167969 0.996094
vt 0.167969 0.996094
vt 0.167969 0.996094
vt 0.152344 0.996094
vt 0.152344 0.996094
vt 0.152344 0.996094
vt 0.152344 0.996094
vt 0.152344 0.996094
vt 0.152344 0.996094
vt 0.199219 0.996094
vt 0.199219 0.996094
vt 0.199219 0.996094
vt 0.175781 0.996094
vt 0.175781 0.996094
vt 0.175781 0.996094
vt 0.175781 0.996094
vt 0.175781 0.996094
vt 0.175781 0.996094
vt 0.199219 0.996094
vt 0.199219 0.996094
vt 0.199219 0.996094
vt 0.175781 0.996094
vt 0.175781 0.996094
vt 0.175781 0.996094
vt 0.199219 0.996094
vt 0.199219 0.996094
vt 0.199219 0.996094
vt 0.175781 0.996094
vt 0.175781 0.996094
vt 0.175781 0.996094
vt 0.207031 0.996094
vt 0.207031 0.996094
vt 0.207031 0.996094
vt 0.207031 0.996094
vt 0.207031 0.996094
vt 0.207031 0.996094
vt 0.207031 0.996094
vt 0.207031 0.996094
vt 0.207031 0.996094
vt 0.207031 0.996094
vt 0.207031 0.996094
vt 0.207031 0.996094
vt 0.207031 0.996094
vt 0.207031 0.996094
vt 0.207031 0.996094
vt 0.207031 0.996094
vt 0.207031 0.996094
vt 0.207031 0.996094
vt 0.207031 0.996094
vt 0.207031 0.996094
vt 0.207031 0.996094
vt 0.199219 0.996094
vt 0.199219 0.996094
vt 0.199219 0.996094
vt 0.199219 0.996094
vt 0.199219 0.996094
vt 0.199219 0.996094
vt 0.175781 0.996094
vt 0.175781 0.996094
vt 0.175781 0.996094
vt 0.199219 0.996094
vt 0.199219 0.996094
vt 0.199219 0.996094
vt 0.152344 0.996094
vt 0.152344 0.996094
vt 0.152344 0.996094
vt 0.160156 0.996094
vt 0.160156 0.996094
vt 0.160156 0.996094
vt 0.160156 0.996094
vt 0.160156 0.996094
vt 0.160156 0.996094
vt 0.199219 0.996094
vt 0.199219 0.996094
vt 0.199219 0.996094
vt 0.152344 0.996094
vt 0.152344 0.996094
vt 0.152344 0.996094
vt 0.167969 0.996094
vt 0.167969 0.996094
vt 0.167969 0.996094
vt 0.136719 0.996094
vt 0.136719 0.996094
vt 0.136719 0.996094
vt 0.199219 0.996094
vt 0.199219 0.996094
vt 0.199219 0.996094
vt 0.199219 0.996094
vt 0.199219 0.996094
vt 0.199219 0.996094
vt 0.175781 0.996094
vt 0.175781 0.996094
vt 0.175781 0.996094
vt 0.175781 0.996094
vt 0.175781 0.996094
vt 0.175781 0.996094
vt 0.183594 0.996094
vt 0.183594 0.996094
vt 0.183594 0.996094
vt 0.175781 0.996094
vt 0.175781 0.996094
vt 0.175781 0.996094
vt 0.199219 0.996094
vt 0.199219 0.996094
vt 0.199219 0.996094
vt 0.199219 0.996094
vt 0.199219 0.996094
vt 0.199219 0.996094
vt 0.199219 0.996094
vt 0.199219 0.996094
vt 0.199219 0.996094
vt 0.199219 0.996094
vt 0.199219 0.996094
vt 0.199219 0.996094
vt 0.199219 0.996094
vt 0.199219 0.996094
vt 0.199219 0.996094
vt 0.175781 0.996094
vt 0.175781 0.996094
vt 0.175781 0.996094
vt 0.199219 0.996094
vt 0.199219 0.996094
vt 0.199219 0.996094
vt 0.199219 0.996094
vt 0.199219 0.996094
vt 0.199219 0.996094
vt 0.199219 0.996094
vt 0.199219 0.996094
vt 0.199219 0.996094
vt 0.199219 0.996094
vt 0.199219 0.996094
vt 0.199219 0.996094
vt 0.199219 0.996094
vt 0.199219 0.996094
vt 0.199219 0.996094
vt 0.199219 0.996094
vt 0.199219 0.996094
vt 0.199219 0.996094
vt 0.199219 0.996094
vt 0.199219 0.996094
vt 0.199219 0.996094
vt 0.199219 0.996094
vt 0.199219 0.996094
vt 0.199219 0.996094
vt 0.199219 0.996094
vt 0.199219 0.996094
vt 0.199219 0.996094
vt 0.199219 0.996094
vt 0.199219 0.996094
vt 0.199219 0.996094
vt 0.199219 0.996094
vt 0.199219 0.996094
vt 0.199219 0.996094
vt 0.199219 0.996094
vt 0.199219 0.996094
vt 0.199219 0.996094
vt 0.199219 0.996094
vt 0.199219 0.996094
vt 0.199219 0.996094
vt 0.199219 0.996094
vt 0.199219 0.996094
vt 0.199219 0.996094
vt 0.199219 0.996094
vt 0.199219 0.996094
vt 0.199219 0.996094
vt 0.199219 0.996094
vt 0.199219 0.996094
vt 0.199219 0.996094
vt 0.199219 0.996094
vt 0.199219 0.996094
vt 0.199219 0.996094
vt 0.175781 0.996094
vt 0.175781 0.996094
vt 0.175781 0.996094
vt 0.199219 0.996094
vt 0.199219 0.996094
vt 0.199219 0.996094
vt 0.199219 0.996094
vt 0.199219 0.996094
vt 0.199219 0.996094
vt 0.199219 0.996094
vt 0.199219 0.996094
vt 0.199219 0.996094
vt 0.199219 0.996094
vt 0.199219 0.996094
vt 0.199219 0.996094
vt 0.199219 0.996094
vt 0.199219 0.996094
vt 0.199219 0.996094
vt 0.199219 0.996094
vt 0.199219 0.996094
vt 0.199219 0.996094
vt 0.199219 0.996094
vt 0.199219 0.996094
vt 0.199219 0.996094
vt 0.160156 0.996094
vt 0.160156 0.996094
vt 0.160156 0.996094
vt 0.160156 0.996094
vt 0.160156 0.996094
vt 0.160156 0.996094
vt 0.199219 0.996094
vt 0.199219 0.996094
vt 0.199219 0.996094
vt 0.152344 0.996094
vt 0.152344 0.996094
vt 0.152344 0.996094
vt 0.175781 0.996094
vt 0.175781 0.996094
vt 0.175781 0.996094
vt 0.199219 0.996094
vt 0.199219 0.996094
vt 0.199219 0.996094
vt 0.199219 0.996094
vt 0.199219 0.996094
vt 0.199219 0.996094
vt 0.199219 0.996094
vt 0.199219 0.996094
vt 0.199219 0.996094
vt 0.199219 0.996094
vt 0.199219 0.996094
vt 0.199219 0.996094
vt 0.214844 0.996094
vt 0.214844 0.996094
vt 0.214844 0.996094
vt 0.214844 0.996094
vt 0.214844 0.996094
vt 0.214844 0.996094
vt 0.214844 0.996094
vt 0.214844 0.996094
vt 0.214844 0.996094
vt 0.214844 0.996094
vt 0.214844 0.996094
vt 0.214844 0.996094
vt 0.214844 0.996094
vt 0.214844 0.996094
vt 0.214844 0.996094
vt 0.214844 0.996094
vt 0.214844 0.996094
vt 0.214844 0.996094
vt 0.214844 0.996094
vt 0.214844 0.996094
vt 0.214844 0.996094
vt 0.214844 0.996094
vt 0.214844 0.996094
vt 0.214844 0.996094
vt 0.214844 0.996094
vt 0.214844 0.996094
vt 0.214844 0.996094
vt 0.214844 0.996094
vt 0.214844 0.996094
vt 0.214844 0.996094
vt 0.214844 0.996094
vt 0.214844 0.996094
vt 0.214844 0.996094
vt 0.214844 0.996094
vt 0.214844 0.996094
vt 0.214844 0.996094
vt 0.214844 0.996094
vt 0.214844 0.996094
vt 0.214844 0.996094
vt 0.214844 0.996094
vt 0.214844 0.996094
vt 0.214844 0.996094
vt 0.214844 0.996094
vt 0.214844 0.996094
vt 0.214844 0.996094
vt 0.214844 0.996094
vt 0.214844 0.996094
vt 0.214844 0.996094
vt 0.214844 0.996094
vt 0.214844 0.996094
vt 0.214844 0.996094
vt 0.214844 0.996094
vt 0.214844 0.996094
vt 0.214844 0.996094
vt 0.214844 0.996094
vt 0.214844 0.996094
vt 0.214844 0.996094
vt 0.214844 0.996094
vt 0.214844 0.996094
vt 0.214844 0.996094
vt 0.214844 0.996094
vt 0.214844 0.996094
vt 0.214844 0.996094
vt 0.214844 0.996094
vt 0.214844 0.996094
vt 0.214844 0.996094
vt 0.214844 0.996094
vt 0.214844 0.996094
vt 0.214844 0.996094
vt 0.214844 0.996094
vt 0.214844 0.996094
vt 0.214844 0.996094
vt 0.214844 0.996094
vt 0.214844 0.996094
vt 0.214844 0.996094
vt 0.214844 0.996094
vt 0.214844 0.996094
vt 0.214844 0.996094
vt 0.214844 0.996094
vt 0.214844 0.996094
vt 0.214844 0.996094
vt 0.214844 0.996094
vt 0.214844 0.996094
vt 0.214844 0.996094
vt 0.214844 0.996094
vt 0.214844 0.996094
vt 0.214844 0.996094
vt 0.214844 0.996094
vt 0.214844 0.996094
vt 0.214844 0.996094
vt 0.214844 0.996094
vt 0.214844 0.996094
vt 0.214844 0.996094
vt 0.214844 0.996094
vt 0.214844 0.996094
vt 0.214844 0.996094
vt 0.214844 0.996094
vt 0.214844 0.996094
vt 0.214844 0.996094
vt 0.214844 0.996094
vt 0.214844 0.996094
vt 0.214844 0.996094
vt 0.214844 0.996094
vt 0.214844 0.996094
vt 0.214844 0.996094
vt 0.214844 0.996094
vt 0.214844 0.996094
vt 0.214844 0.996094
vt 0.214844 0.996094
vt 0.214844 0.996094
vt 0.214844 0.996094
vt 0.214844 0.996094
vt 0.214844 0.996094
vt 0.214844 0.996094
vt 0.214844 0.996094
vt 0.214844 0.996094
vt 0.214844 0.996094
vt 0.214844 0.996094
vt 0.214844 0.996094
vt 0.214844 0.996094
vt 0.214844 0.996094
vt 0.214844 0.996094
vt 0.214844 0.996094
vt 0.214844 0.996094
vt 0.214844 0.996094
vt 0.214844 0.996094
vt 0.214844 0.996094
vt 0.214844 0.996094
vt 0.214844 0.996094
vt 0.214844 0.996094
vt 0.214844 0.996094
vt 0.214844 0.996094
vt 0.214844 0.996094
vt 0.214844 0.996094
vt 0.214844 0.996094
vt 0.214844 0.996094
vt 0.214844 0.996094
vt 0.214844 0.996094
vt 0.214844 0.996094
vt 0.214844 0.996094
vt 0.214844 0.996094
vt 0.214844 0.996094
vt 0.214844 0.996094
vt 0.214844 0.996094
vt 0.214844 0.996094
vt 0.214844 0.996094
vt 0.214844 0.996094
vt 0.214844 0.996094
vt 0.214844 0.996094
vt 0.214844 0.996094
vt 0.214844 0.996094
vt 0.214844 0.996094
vt 0.214844 0.996094
vt 0.214844 0.996094
vt 0.214844 0.996094
vt 0.214844 0.996094
vt 0.214844 0.996094
vt 0.214844 0.996094
vt 0.214844 0.996094
vt 0.214844 0.996094
vt 0.214844 0.996094
vt 0.214844 0.996094
vt 0.214844 0.996094
vt 0.214844 0.996094
vt 0.214844 0.996094
vt 0.214844 0.996094
vt 0.214844 0.996094
vt 0.214844 0.996094
vt 0.214844 0.996094
vt 0.214844 0.996094
vt 0.214844 0.996094
vt 0.214844 0.996094
vt 0.214844 0.996094
vt 0.214844 0.996094
vt 0.214844 0.996094
vt 0.214844 0.996094
vt 0.214844 0.996094
vt 0.214844 0.996094
vt 0.214844 0.996094
vt 0.214844 0.996094
vt 0.214844 0.996094
vt 0.214844 0.996094
vt 0.214844 0.996094
vt 0.214844 0.996094
vt 0.214844 0.996094
vt 0.214844 0.996094
vt 0.214844 0.996094
vt 0.214844 0.996094
vt 0.214844 0.996094
vt 0.214844 0.996094
vt 0.214844 0.996094
vt 0.214844 0.996094
vt 0.214844 0.996094
vt 0.214844 0.996094
vt 0.214844 0.996094
vt 0.214844 0.996094
vt 0.214844 0.996094
vt 0.214844 0.996094
vt 0.214844 0.996094
vt 0.214844 0.996094
vt 0.214844 0.996094
vt 0.214844 0.996094
vt 0.214844 0.996094
vt 0.214844 0.996094
vt 0.214844 0.996094
vt 0.214844 0.996094
vt 0.214844 0.996094
vt 0.214844 0.996094
vt 0.214844 0.996094
vt 0.214844 0.996094
vt 0.214844 0.996094
vt 0.214844 0.996094
vt 0.214844 0.996094
vt 0.214844 0.996094
vt 0.214844 0.996094
vt 0.214844 0.996094
vt 0.214844 0.996094
vt 0.214844 0.996094
vt 0.214844 0.996094
vt 0.214844 0.996094
vt 0.214844 0.996094
vt 0.214844 0.996094
vt 0.214844 0.996094
vt 0.214844 0.996094
vt 0.214844 0.996094
vt 0.214844 0.996094
vt 0.214844 0.996094
vt 0.214844 0.996094
vt 0.214844 0.996094
vt 0.214844 0.996094
vt 0.214844 0.996094
vt 0.214844 0.996094
vt 0.214844 0.996094
vt 0.214844 0.996094
vt 0.214844 0.996094
vt 0.214844 0.996094
vt 0.214844 0.996094
vt 0.214844 0.996094
vt 0.214844 0.996094
vt 0.214844 0.996094
vt 0.214844 0.996094
vt 0.214844 0.996094
vt 0.214844 0.996094
vt 0.214844 0.996094
vt 0.214844 0.996094
vt 0.214844 0.996094
vt 0.214844 0.996094
vt 0.214844 0.996094
vt 0.214844 0.996094
vt 0.214844 0.996094
vt 0.214844 0.996094
vt 0.214844 0.996094
vt 0.230469 0.996094
vt 0.230469 0.996094
vt 0.230469 0.996094
vt 0.230469 0.996094
vt 0.230469 0.996094
vt 0.230469 0.996094
vt 0.230469 0.996094
vt 0.230469 0.996094
vt 0.230469 0.996094
vt 0.230469 0.996094
vt 0.230469 0.996094
vt 0.230469 0.996094
vt 0.230469 0.996094
vt 0.230469 0.996094
vt 0.230469 0.996094
vt 0.230469 0.996094
vt 0.230469 0.996094
vt 0.230469 0.996094
vt 0.230469 0.996094
vt 0.230469 0.996094
vt 0.230469 0.996094
vt 0.230469 0.996094
vt 0.230469 0.996094
vt 0.230469 0.996094
vt 0.230469 0.996094
vt 0.230469 0.996094
vt 0.230469 0.996094
vt 0.230469 0.996094
vt 0.230469 0.996094
vt 0.230469 0.996094
vt 0.230469 0.996094
vt 0.230469 0.996094
vt 0.230469 0.996094
vt 0.230469 0.996094
vt 0.230469 0.996094
vt 0.230469 0.996094
vt 0.230469 0.996094
vt 0.230469 0.996094
vt 0.230469 0.996094
vt 0.230469 0.996094
vt 0.230469 0.996094
vt 0.230469 0.996094
vt 0.230469 0.996094
vt 0.230469 0.996094
vt 0.230469 0.996094
vt 0.230469 0.996094
vt 0.230469 0.996094
vt 0.230469 0.996094
vt 0.230469 0.996094
vt 0.230469 0.996094
vt 0.230469 0.996094
vt 0.230469 0.996094
vt 0.230469 0.996094
vt 0.230469 0.996094
vt 0.230469 0.996094
vt 0.230469 0.996094
vt 0.230469 0.996094
vt 0.230469 0.996094
vt 0.230469 0.996094
vt 0.230469 0.996094
vt 0.230469 0.996094
vt 0.230469 0.996094
vt 0.230469 0.996094
vt 0.230469 0.996094
vt 0.230469 0.996094
vt 0.230469 0.996094
vt 0.230469 0.996094
vt 0.230469 0.996094
vt 0.230469 0.996094
vt 0.230469 0.996094
vt 0.230469 0.996094
vt 0.230469 0.996094
vt 0.230469 0.996094
vt 0.230469 0.996094
vt 0.230469 0.996094
vt 0.230469 0.996094
vt 0.230469 0.996094
vt 0.230469 0.996094
vt 0.230469 0.996094
vt 0.230469 0.996094
vt 0.230469 0.996094
vt 0.230469 0.996094
vt 0.230469 0.996094
vt 0.230469 0.996094
vt 0.230469 0.996094
vt 0.230469 0.996094
vt 0.230469 0.996094
vt 0.230469 0.996094
vt 0.230469 0.996094
vt 0.230469 0.996094
vt 0.230469 0.996094
vt 0.230469 0.996094
vt 0.230469 0.996094
vt 0.230469 0.996094
vt 0.230469 0.996094
vt 0.230469 0.996094
vt 0.230469 0.996094
vt 0.230469 0.996094
vt 0.230469 0.996094
vt 0.230469 0.996094
vt 0.230469 0.996094
vt 0.230469 0.996094
vt 0.230469 0.996094
vt 0.230469 0.996094
vt 0.230469 0.996094
vt 0.230469 0.996094
vt 0.230469 0.996094
vt 0.230469 0.996094
vt 0.230469 0.996094
vt 0.230469 0.996094
vt 0.230469 0.996094
vt 0.230469 0.996094
vt 0.230469 0.996094
vt 0.230469 0.996094
vt 0.230469 0.996094
vt 0.230469 0.996094
vt 0.230469 0.996094
vt 0.230469 0.996094
vt 0.230469 0.996094
vt 0.230469 0.996094
vt 0.230469 0.996094
vt 0.230469 0.996094
vt 0.230469 0.996094
vt 0.230469 0.996094
vt 0.230469 0.996094
vt 0.230469 0.996094
vt 0.136719 0.996094
vt 0.136719 0.996094
vt 0.136719 0.996094
vt 0.167969 0.996094
vt 0.167969 0.996094
vt 0.167969 0.996094
vt 0.175781 0.996094
vt 0.175781 0.996094
vt 0.175781 0.996094
vt 0.199219 0.996094
vt 0.199219 0.996094
vt 0.199219 0.996094
vt 0.214844 0.996094
vt 0.214844 0.996094
vt 0.214844 0.996094
vt 0.199219 0.996094
vt 0.199219 0.996094
vt 0.199219 0.996094
vt 0.230469 0.996094
vt 0.230469 0.996094
vt 0.230469 0.996094
vt 0.199219 0.996094
vt 0.199219 0.996094
vt 0.199219 0.996094
vt 0.191406 0.996094
vt 0.191406 0.996094
vt 0.191406 0.996094
vt 0.214844 0.996094
vt 0.214844 0.996094
vt 0.214844 0.996094
vt 0.230469 0.996094
vt 0.230469 0.996094
vt 0.230469 0.996094
vt 0.199219 0.996094
vt 0.199219 0.996094
vt 0.199219 0.996094
vt 0.128906 0.996094
vt 0.128906 0.996094
vt 0.128906 0.996094
vt 0.167969 0.996094
vt 0.167969 0.996094
vt 0.167969 0.996094
vt 0.152344 0.996094
vt 0.152344 0.996094
vt 0.152344 0.996094
vt 0.175781 0.996094
vt 0.175781 0.996094
vt 0.175781 0.996094
vt 0.160156 0.996094
vt 0.160156 0.996094
vt 0.160156 0.996094
vt 0.160156 0.996094
vt 0.160156 0.996094
vt 0.160156 0.996094
vt 0.152344 0.996094
vt 0.152344 0.996094
vt 0.152344 0.996094
vt 0.167969 0.996094
vt 0.167969 0.996094
vt 0.167969 0.996094
vt 0.175781 0.996094
vt 0.175781 0.996094
vt 0.175781 0.996094
vt 0.199219 0.996094
vt 0.199219 0.996094
vt 0.199219 0.996094
vt 0.199219 0.996094
vt 0.199219 0.996094
vt 0.199219 0.996094
vt 0.167969 0.996094
vt 0.167969 0.996094
vt 0.167969 0.996094
vt 0.152344 0.996094
vt 0.152344 0.996094
vt 0.152344 0.996094
vt 0.121094 0.996094
vt 0.121094 0.996094
vt 0.121094 0.996094
vt 0.152344 0.996094
vt 0.152344 0.996094
vt 0.152344 0.996094
vt 0.167969 0.996094
vt 0.167969 0.996094
vt 0.167969 0.996094
vt 0.160156 0.996094
vt 0.160156 0.996094
vt 0.160156 0.996094
vt 0.160156 0.996094
vt 0.160156 0.996094
vt 0.160156 0.996094
vt 0.152344 0.996094
vt 0.152344 0.996094
vt 0.152344 0.996094
vt 0.175781 0.996094
vt 0.175781 0.996094
vt 0.175781 0.996094
vt 0.199219 0.996094
vt 0.199219 0.996094
vt 0.199219 0.996094
vt 0.199219 0.996094
vt 0.199219 0.996094
vt 0.199219 0.996094
vt 0.191406 0.996094
vt 0.191406 0.996094
vt 0.191406 0.996094
vt 0.136719 0.996094
vt 0.136719 0.996094
vt 0.136719 0.996094
vt 0.199219 0.996094
vt 0.199219 0.996094
vt 0.199219 0.996094
vt 0.175781 0.996094
vt 0.175781 0.996094
vt 0.175781 0.996094
vt 0.175781 0.996094
vt 0.175781 0.996094
vt 0.175781 0.996094
vt 0.167969 0.996094
vt 0.167969 0.996094
vt 0.167969 0.996094
vt 0.175781 0.996094
vt 0.175781 0.996094
vt 0.175781 0.996094
vt 0.199219 0.996094
vt 0.199219 0.996094
vt 0.199219 0.996094
vt 0.199219 0.996094
vt 0.199219 0.996094
vt 0.199219 0.996094
vt 0.199219 0.996094
vt 0.199219 0.996094
vt 0.199219 0.996094
vt 0.199219 0.996094
vt 0.199219 0.996094
vt 0.199219 0.996094
vt 0.160156 0.996094
vt 0.160156 0.996094
vt 0.160156 0.996094
vt 0.175781 0.996094
vt 0.175781 0.996094
vt 0.175781 0.996094
vt 0.175781 0.996094
vt 0.175781 0.996094
vt 0.175781 0.996094
vt 0.175781 0.996094
vt 0.175781 0.996094
vt 0.175781 0.996094
vt 0.175781 0.996094
vt 0.175781 0.996094
vt 0.175781 0.996094
vt 0.199219 0.996094
vt 0.199219 0.996094
vt 0.199219 0.996094
vt 0.199219 0.996094
vt 0.199219 0.996094
vt 0.199219 0.996094
vt 0.136719 0.996094
vt 0.136719 0.996094
vt 0.136719 0.996094
vt 0.136719 0.996094
vt 0.136719 0.996094
vt 0.136719 0.996094
vt 0.128906 0.996094
vt 0.128906 0.996094
vt 0.128906 0.996094
vt 0.121094 0.996094
vt 0.121094 0.996094
vt 0.121094 0.996094
vt 0.160156 0.996094
vt 0.160156 0.996094
vt 0.160156 0.996094
vt 0.175781 0.996094
vt 0.175781 0.996094
vt 0.175781 0.996094
vt 0.160156 0.996094
vt 0.160156 0.996094
vt 0.160156 0.996094
vt 0.175781 0.996094
vt 0.175781 0.996094
vt 0.175781 0.996094
vt 0.089844 0.996094
vt 0.089844 0.996094
vt 0.089844 0.996094
vt 0.035156 0.996094
vt 0.035156 0.996094
vt 0.035156 0.996094
vt 0.050781 0.996094
vt 0.050781 0.996094
vt 0.050781 0.996094
vt 0.082031 0.996094
vt 0.082031 0.996094
vt 0.082031 0.996094
vt 0.089844 0.996094
vt 0.089844 0.996094
vt 0.089844 0.996094
vt 0.089844 0.996094
vt 0.089844 0.996094
vt 0.089844 0.996094
vt 0.089844 0.996094
vt 0.089844 0.996094
vt 0.089844 0.996094
vt 0.089844 0.996094
vt 0.089844 0.996094
vt 0.089844 0.996094
vt 0.089844 0.996094
vt 0.089844 0.996094
vt 0.089844 0.996094
vt 0.121094 0.996094
vt 0.121094 0.996094
vt 0.121094 0.996094
vt 0.128906 0.996094
vt 0.128906 0.996094
vt 0.128906 0.996094
vt 0.121094 0.996094
vt 0.121094 0.996094
vt 0.121094 0.996094
vt 0.121094 0.996094
vt 0.121094 0.996094
vt 0.121094 0.996094
vt 0.121094 0.996094
vt 0.121094 0.996094
vt 0.121094 0.996094
vt 0.128906 0.996094
vt 0.128906 0.996094
vt 0.128906 0.996094
vt 0.136719 0.996094
vt 0.136719 0.996094
vt 0.136719 0.996094
vt 0.121094 0.996094
vt 0.121094 0.996094
vt 0.121094 0.996094
vt 0.089844 0.996094
vt 0.089844 0.996094
vt 0.089844 0.996094
vt 0.121094 0.996094
vt 0.121094 0.996094
vt 0.121094 0.996094
vt 0.113281 0.996094
vt 0.113281 0.996094
vt 0.113281 0.996094
vt 0.113281 0.996094
vt 0.113281 0.996094
vt 0.113281 0.996094
vt 0.089844 0.996094
vt 0.089844 0.996094
vt 0.089844 0.996094
vt 0.089844 0.996094
vt 0.089844 0.996094
vt 0.089844 0.996094
vt 0.089844 0.996094
vt 0.089844 0.996094
vt 0.089844 0.996094
vt 0.074219 0.996094
vt 0.074219 0.996094
vt 0.074219 0.996094
vt 0.089844 0.996094
vt 0.089844 0.996094
vt 0.089844 0.996094
vt 0.082031 0.996094
vt 0.082031 0.996094
vt 0.082031 0.996094
vt 0.082031 0.996094
vt 0.082031 0.996094
vt 0.082031 0.996094
vt 0.050781 0.996094
vt 0.050781 0.996094
vt 0.050781 0.996094
vt 0.050781 0.996094
vt 0.050781 0.996094
vt 0.050781 0.996094
vt 0.113281 0.996094
vt 0.113281 0.996094
vt 0.113281 0.996094
vt 0.027344 0.996094
vt 0.027344 0.996094
vt 0.027344 0.996094
vt 0.082031 0.996094
vt 0.082031 0.996094
vt 0.082031 0.996094
vt 0.089844 0.996094
vt 0.089844 0.996094
vt 0.089844 0.996094
vt 0.089844 0.996094
vt 0.089844 0.996094
vt 0.089844 0.996094
vt 0.121094 0.996094
vt 0.121094 0.996094
vt 0.121094 0.996094
vt 0.113281 0.996094
vt 0.113281 0.996094
vt 0.113281 0.996094
vt 0.113281 0.996094
vt 0.113281 0.996094
vt 0.113281 0.996094
vt 0.152344 0.996094
vt 0.152344 0.996094
vt 0.152344 0.996094
vt 0.089844 0.996094
vt 0.089844 0.996094
vt 0.089844 0.996094
vt 0.058594 0.996094
vt 0.058594 0.996094
vt 0.058594 0.996094
vt 0.089844 0.996094
vt 0.089844 0.996094
vt 0.089844 0.996094
vt 0.089844 0.996094
vt 0.089844 0.996094
vt 0.089844 0.996094
vt 0.121094 0.996094
vt 0.121094 0.996094
vt 0.121094 0.996094
vt 0.121094 0.996094
vt 0.121094 0.996094
vt 0.121094 0.996094
vt 0.152344 0.996094
vt 0.152344 0.996094
vt 0.152344 0.996094
vt 0.191406 0.996094
vt 0.191406 0.996094
vt 0.191406 0.996094
vt 0.167969 0.996094
vt 0.167969 0.996094
vt 0.167969 0.996094
vt 0.199219 0.996094
vt 0.199219 0.996094
vt 0.199219 0.996094
vt 0.199219 0.996094
vt 0.199219 0.996094
vt 0.199219 0.996094
vt 0.199219 0.996094
vt 0.199219 0.996094
vt 0.199219 0.996094
vt 0.199219 0.996094
vt 0.199219 0.996094
vt 0.199219 0.996094
vt 0.136719 0.996094
vt 0.136719 0.996094
vt 0.136719 0.996094
vt 0.152344 0.996094
vt 0.152344 0.996094
vt 0.152344 0.996094
vt 0.167969 0.996094
vt 0.167969 0.996094
vt 0.167969 0.996094
vt 0.128906 0.996094
vt 0.128906 0.996094
vt 0.128906 0.996094
vt 0.089844 0.996094
vt 0.089844 0.996094
vt 0.089844 0.996094
vt 0.113281 0.996094
vt 0.113281 0.996094
vt 0.113281 0.996094
vt 0.121094 0.996094
vt 0.121094 0.996094
vt 0.121094 0.996094
vt 0.175781 0.996094
vt 0.175781 0.996094
vt 0.175781 0.996094
vt 0.152344 0.996094
vt 0.152344 0.996094
vt 0.152344 0.996094
vt 0.167969 0.996094
vt 0.167969 0.996094
vt 0.167969 0.996094
vt 0.089844 0.996094
vt 0.089844 0.996094
vt 0.089844 0.996094
vt 0.082031 0.996094
vt 0.082031 0.996094
vt 0.082031 0.996094
vt 0.113281 0.996094
vt 0.113281 0.996094
vt 0.113281 0.996094
vt 0.121094 0.996094
vt 0.121094 0.996094
vt 0.121094 0.996094
vt 0.160156 0.996094
vt 0.160156 0.996094
vt 0.160156 0.996094
vt 0.167969 0.996094
vt 0.167969 0.996094
vt 0.167969 0.996094
vt 0.074219 0.996094
vt 0.074219 0.996094
vt 0.074219 0.996094
vt 0.074219 0.996094
vt 0.074219 0.996094
vt 0.074219 0.996094
vt 0.167969 0.996094
vt 0.167969 0.996094
vt 0.167969 0.996094
vt 0.175781 0.996094
vt 0.175781 0.996094
vt 0.175781 0.996094
vt 0.191406 0.996094
vt 0.191406 0.996094
vt 0.191406 0.996094
vt 0.175781 0.996094
vt 0.175781 0.996094
vt 0.175781 0.996094
vt 0.175781 0.996094
vt 0.175781 0.996094
vt 0.175781 0.996094
vt 0.152344 0.996094
vt 0.152344 0.996094
vt 0.152344 0.996094
vt 0.128906 0.996094
vt 0.128906 0.996094
vt 0.128906 0.996094
vt 0.113281 0.996094
vt 0.113281 0.996094
vt 0.113281 0.996094
vt 0.121094 0.996094
vt 0.121094 0.996094
vt 0.121094 0.996094
vt 0.113281 0.996094
vt 0.113281 0.996094
vt 0.113281 0.996094
vt 0.175781 0.996094
vt 0.175781 0.996094
vt 0.175781 0.996094
vt 0.152344 0.996094
vt 0.152344 0.996094
vt 0.152344 0.996094
vt 0.160156 0.996094
vt 0.160156 0.996094
vt 0.160156 0.996094
vt 0.152344 0.996094
vt 0.152344 0.996094
vt 0.152344 0.996094
vt 0.136719 0.996094
vt 0.136719 0.996094
vt 0.136719 0.996094
vt 0.121094 0.996094
vt 0.121094 0.996094
vt 0.121094 0.996094
vt 0.121094 0.996094
vt 0.121094 0.996094
vt 0.121094 0.996094
vt 0.113281 0.996094
vt 0.113281 0.996094
vt 0.113281 0.996094
vt 0.058594 0.996094
vt 0.058594 0.996094
vt 0.058594 0.996094
vt 0.089844 0.996094
vt 0.089844 0.996094
vt 0.089844 0.996094
vn -0.0000 -1.0000 -0.0000
vn -0.0000 -1.0000 -0.0000
vn -0.0000 -1.0000 -0.0000
vn -0.7818 -0.6235 0.0000
vn -0.7818 -0.6235 0.0000
vn -0.7818 -0.6235 0.0000
vn -0.9145 -0.4027 0.0387
vn -0.9145 -0.4027 0.0387
vn -0.9145 -0.4027 0.0387
vn 0.7818 -0.6235 0.0000
vn 0.7818 -0.6235 0.0000
vn 0.7818 -0.6235 0.0000
vn 0.0000 -1.0000 0.0000
vn 0.0000 -1.0000 0.0000
vn 0.0000 -1.0000 0.0000
vn -0.3731 0.2119 0.9033
vn -0.3731 0.2119 0.9033
vn -0.3731 0.2119 0.9033
vn -0.0000 1.0000 0.0000
vn -0.0000 1.0000 0.0000
vn -0.0000 1.0000 0.0000
vn 0.9749 0.2225 -0.0000
vn 0.9749 0.2225 -0.0000
vn 0.9749 0.2225 -0.0000
vn 0.4339 -0.9010 0.0000
vn 0.4339 -0.9010 0.0000
vn 0.4339 -0.9010 0.0000
vn 0.9919 0.0102 -0.1266
vn 0.9919 0.0102 -0.1266
vn 0.9919 0.0102 -0.1266
vn 0.5242 -0.1866 -0.8309
vn 0.5242 -0.1866 -0.8309
vn 0.5242 -0.1866 -0.8309
vn 0.4272 -0.3966 -0.8125
vn 0.4272 -0.3966 -0.8125
vn 0.4272 -0.3966 -0.8125
vn 0.9749 0.2225 0.0000
vn 0.9749 0.2225 0.0000
vn 0.9749 0.2225 0.0000
vn 0.4339 0.9010 0.0000
vn 0.4339 0.9010 0.0000
vn 0.4339 0.9010 0.0000
vn 0.9827 -0.1812 0.0393
vn 0.9827 -0.1812 0.0393
vn 0.9827 -0.1812 0.0393
vn 0.3963 0.0101 0.9180
vn 0.3963 0.0101 0.9180
vn 0.3963 0.0101 0.9180
vn 0.5325 -0.8378 -0.1201
vn 0.5325 -0.8378 -0.1201
vn 0.5325 -0.8378 -0.1201
vn 0.1860 -0.4060 0.8948
vn 0.1860 -0.4060 0.8948
vn 0.1860 -0.4060 0.8948
vn 0.6848 -0.7275 0.0413
vn 0.6848 -0.7275 0.0413
vn 0.6848 -0.7275 0.0413
vn -0.0618 -0.9970 0.0460
vn -0.0618 -0.9970 0.0460
vn -0.0618 -0.9970 0.0460
vn -0.3863 -0.1852 0.9036
vn -0.3863 -0.1852 0.9036
vn -0.3863 -0.1852 0.9036
vn 0.0469 -0.4703 0.8813
vn 0.0469 -0.4703 0.8813
vn 0.0469 -0.4703 0.8813
vn -0.0733 -0.9967 0.0361
vn -0.0733 -0.9967 0.0361
vn -0.0733 -0.9967 0.0361
vn -0.9013 -0.4332 0.0101
vn -0.9013 -0.4332 0.0101
vn -0.9013 -0.4332 0.0101
vn -0.4290 0.1346 -0.8932
vn -0.4290 0.1346 -0.8932
vn -0.4290 0.1346 -0.8932
vn -0.9749 -0.2225 -0.0000
vn -0.9749 -0.2225 -0.0000
vn -0.9749 -0.2225 -0.0000
vn -0.3085 -0.1155 -0.9442
vn -0.3085 -0.1155 -0.9442
vn -0.3085 -0.1155 -0.9442
vn 0.0514 -0.3926 -0.9183
vn 0.0514 -0.3926 -0.9183
vn 0.0514 -0.3926 -0.9183
vn -0.0000 -1.0000 -0.0000
vn -0.0000 -1.0000 -0.0000
vn -0.0000 -1.0000 -0.0000
vn -0.9273 0.3724 0.0384
vn -0.9273 0.3724 0.0384
vn -0.9273 0.3724 0.0384
vn -0.9355 -0.3413 -0.0918
vn -0.9355 -0.3413 -0.0918
vn -0.9355 -0.3413 -0.0918
vn 0.7818 -0.6235 0.0000
vn 0.7818 -0.6235 0.0000
vn 0.7818 -0.6235 0.0000
vn 0.9749 0.2225 -0.0000
vn 0.9749 0.2225 -0.0000
vn 0.9749 0.2225 -0.0000
vn 0.4339 -0.9010 0.0000
vn 0.4339 -0.9010 0.0000
vn 0.4339 -0.9010 0.0000
vn 0.3915 0.2951 0.8716
vn 0.3915 0.2951 0.8716
vn 0.3915 0.2951 0.8716
vn -0.9749 0.2225 0.0000
vn -0.9749 0.2225 0.0000
vn -0.9749 0.2225 0.0000
vn -0.0462 0.4119 0.9101
vn -0.0462 0.4119 0.9101
vn -0.0462 0.4119 0.9101
vn 0.9851 0.1697 0.0287
vn 0.9851 0.1697 0.0287
vn 0.9851 0.1697 0.0287
vn 0.4745 0.0699 -0.8775
vn 0.4745 0.0699 -0.8775
vn 0.4745 0.0699 -0.8775
vn 0.9749 -0.2225 0.0000
vn 0.9749 -0.2225 0.0000
vn 0.9749 -0.2225 0.0000
vn 0.3766 0.2799 -0.8831
vn 0.3766 0.2799 -0.8831
vn 0.3766 0.2799 -0.8831
vn -0.4339 -0.9010 -0.0000
vn -0.4339 -0.9010 -0.0000
vn -0.4339 -0.9010 -0.0000
vn 0.4983 -0.8665 0.0291
vn 0.4983 -0.8665 0.0291
vn 0.4983 -0.8665 0.0291
vn 0.1679 -0.4455 -0.8794
vn 0.1679 -0.4455 -0.8794
vn 0.1679 -0.4455 -0.8794
vn 0.4339 0.9010 0.0000
vn 0.4339 0.9010 0.0000
vn 0.4339 0.9010 0.0000
vn -0.4339 0.9010 0.0000
vn -0.4339 0.9010 0.0000
vn -0.4339 0.9010 0.0000
vn 0.9907 0.0669 0.1182
vn 0.9907 0.0669 0.1182
vn 0.9907 0.0669 0.1182
vn 0.4484 0.1595 0.8795
vn 0.4484 0.1595 0.8795
vn 0.4484 0.1595 0.8795
vn 0.2440 -0.3018 0.9216
vn 0.2440 -0.3018 0.9216
vn 0.2440 -0.3018 0.9216
vn 0.6222 -0.7759 -0.1036
vn 0.6222 -0.7759 -0.1036
vn 0.6222 -0.7759 -0.1036
vn -0.2484 -0.9632 -0.1023
vn -0.2484 -0.9632 -0.1023
vn -0.2484 -0.9632 -0.1023
vn -0.7818 0.6235 0.0000
vn -0.7818 0.6235 0.0000
vn -0.7818 0.6235 0.0000
vn -0.1341 -0.4581 0.8787
vn -0.1341 -0.4581 0.8787
vn -0.1341 -0.4581 0.8787
vn -0.2434 -0.9650 -0.0978
vn -0.2434 -0.9650 -0.0978
vn -0.2434 -0.9650 -0.0978
vn -0.0000 1.0000 0.0000
vn -0.0000 1.0000 0.0000
vn -0.0000 1.0000 0.0000
vn -0.5305 -0.1385 0.8363
vn -0.5305 -0.1385 0.8363
vn -0.5305 -0.1385 0.8363
vn -0.4554 0.0743 0.8872
vn -0.4554 0.0743 0.8872
vn -0.4554 0.0743 0.8872
vn -0.9514 0.3071 -0.0219
vn -0.9514 0.3071 -0.0219
vn -0.9514 0.3071 -0.0219
vn -0.4508 0.1440 -0.8809
vn -0.4508 0.1440 -0.8809
vn -0.4508 0.1440 -0.8809
vn -0.8773 -0.4785 0.0363
vn -0.8773 -0.4785 0.0363
vn -0.8773 -0.4785 0.0363
vn 0.0000 1.0000 0.0000
vn 0.0000 1.0000 0.0000
vn 0.0000 1.0000 0.0000
vn -0.9749 -0.2225 -0.0000
vn -0.9749 -0.2225 -0.0000
vn -0.9749 -0.2225 -0.0000
vn -0.4033 -0.2495 -0.8804
vn -0.4033 -0.2495 -0.8804
vn -0.4033 -0.2495 -0.8804
vn -0.1278 -0.4660 -0.8755
vn -0.1278 -0.4660 -0.8755
vn -0.1278 -0.4660 -0.8755
vn -0.0840 -0.9827 0.1653
vn -0.0840 -0.9827 0.1653
vn -0.0840 -0.9827 0.1653
vn 0.6328 -0.7713 -0.0686
vn 0.6328 -0.7713 -0.0686
vn 0.6328 -0.7713 -0.0686
vn 0.6290 -0.7740 -0.0726
vn 0.6290 -0.7740 -0.0726
vn 0.6290 -0.7740 -0.0726
vn -0.3474 -0.9355 -0.0641
vn -0.3474 -0.9355 -0.0641
vn -0.3474 -0.9355 -0.0641
vn -0.3066 -0.2757 -0.9110
vn -0.3066 -0.2757 -0.9110
vn -0.3066 -0.2757 -0.9110
vn -0.2987 -0.9540 -0.0237
vn -0.2987 -0.9540 -0.0237
vn -0.2987 -0.9540 -0.0237
vn -0.5274 -0.1366 0.8385
vn -0.5274 -0.1366 0.8385
vn -0.5274 -0.1366 0.8385
vn 0.0000 -1.0000 0.0000
vn 0.0000 -1.0000 0.0000
vn 0.0000 -1.0000 0.0000
vn 0.9749 0.2225 -0.0000
vn 0.9749 0.2225 -0.0000
vn 0.9749 0.2225 -0.0000
vn -0.1798 -0.4409 0.8794
vn -0.1798 -0.4409 0.8794
vn -0.1798 -0.4409 0.8794
vn 0.7149 -0.6967 -0.0587
vn 0.7149 -0.6967 -0.0587
vn 0.7149 -0.6967 -0.0587
vn 0.4166 -0.2196 -0.8822
vn 0.4166 -0.2196 -0.8822
vn 0.4166 -0.2196 -0.8822
vn -0.4339 -0.9010 -0.0000
vn -0.4339 -0.9010 -0.0000
vn -0.4339 -0.9010 -0.0000
vn -0.9749 -0.2225 -0.0000
vn -0.9749 -0.2225 -0.0000
vn -0.9749 -0.2225 -0.0000
vn 0.4558 -0.3587 0.8146
vn 0.4558 -0.3587 0.8146
vn 0.4558 -0.3587 0.8146
vn 0.7667 -0.6420 0.0073
vn 0.7667 -0.6420 0.0073
vn 0.7667 -0.6420 0.0073
vn -0.8338 -0.5272 0.1639
vn -0.8338 -0.5272 0.1639
vn -0.8338 -0.5272 0.1639
vn -0.1928 -0.3684 -0.9095
vn -0.1928 -0.3684 -0.9095
vn -0.1928 -0.3684 -0.9095
vn -0.9408 -0.3382 -0.0216
vn -0.9408 -0.3382 -0.0216
vn -0.9408 -0.3382 -0.0216
vn -0.3333 -0.9428 0.0077
vn -0.3333 -0.9428 0.0077
vn -0.3333 -0.9428 0.0077
vn 0.7818 -0.6235 0.0000
vn 0.7818 -0.6235 0.0000
vn 0.7818 -0.6235 0.0000
vn -0.7818 0.6235 0.0000
vn -0.7818 0.6235 0.0000
vn -0.7818 0.6235 0.0000
vn -0.4329 -0.2126 -0.8760
vn -0.4329 -0.2126 -0.8760
vn -0.4329 -0.2126 -0.8760
vn -0.8899 -0.4324 0.1453
vn -0.8899 -0.4324 0.1453
vn -0.8899 -0.4324 0.1453
vn -0.4124 -0.1472 0.8990
vn -0.4124 -0.1472 0.8990
vn -0.4124 -0.1472 0.8990
vn 0.7818 -0.6235 0.0000
vn 0.7818 -0.6235 0.0000
vn 0.7818 -0.6235 0.0000
vn -0.4339 -0.9010 -0.0000
vn -0.4339 -0.9010 -0.0000
vn -0.4339 -0.9010 -0.0000
vn 0.4339 0.9010 -0.0000
vn 0.4339 0.9010 -0.0000
vn 0.4339 0.9010 -0.0000
vn 0.9970 -0.0665 0.0398
vn 0.9970 -0.0665 0.0398
vn 0.9970 -0.0665 0.0398
vn 0.5102 0.0104 -0.8600
vn 0.5102 0.0104 -0.8600
vn 0.5102 0.0104 -0.8600
vn 0.2069 -0.4991 -0.8415
vn 0.2069 -0.4991 -0.8415
vn 0.2069 -0.4991 -0.8415
vn -0.4339 -0.9010 -0.0000
vn -0.4339 -0.9010 -0.0000
vn -0.4339 -0.9010 -0.0000
vn 0.4339 -0.9010 0.0000
vn 0.4339 -0.9010 0.0000
vn 0.4339 -0.9010 0.0000
vn 0.5045 -0.8579 0.0976
vn 0.5045 -0.8579 0.0976
vn 0.5045 -0.8579 0.0976
vn 0.5575 -0.0665 0.8275
vn 0.5575 -0.0665 0.8275
vn 0.5575 -0.0665 0.8275
vn 0.7337 -0.6597 -0.1627
vn 0.7337 -0.6597 -0.1627
vn 0.7337 -0.6597 -0.1627
vn 0.9944 0.0098 0.1053
vn 0.9944 0.0098 0.1053
vn 0.9944 0.0098 0.1053
vn 0.3853 -0.2146 0.8975
vn 0.3853 -0.2146 0.8975
vn 0.3853 -0.2146 0.8975
vn -0.3137 -0.9342 -0.1697
vn -0.3137 -0.9342 -0.1697
vn -0.3137 -0.9342 -0.1697
vn -0.7818 0.6235 0.0000
vn -0.7818 0.6235 0.0000
vn -0.7818 0.6235 0.0000
vn -0.1818 -0.3511 0.9185
vn -0.1818 -0.3511 0.9185
vn -0.1818 -0.3511 0.9185
vn 0.0961 -0.5265 -0.8447
vn 0.0961 -0.5265 -0.8447
vn 0.0961 -0.5265 -0.8447
vn -0.9178 -0.3845 0.0984
vn -0.9178 -0.3845 0.0984
vn -0.9178 -0.3845 0.0984
vn -0.0198 -0.9958 0.0892
vn -0.0198 -0.9958 0.0892
vn -0.0198 -0.9958 0.0892
vn 0.7818 -0.6235 0.0000
vn 0.7818 -0.6235 0.0000
vn 0.7818 -0.6235 0.0000
vn -0.7818 0.6235 0.0000
vn -0.7818 0.6235 0.0000
vn -0.7818 0.6235 0.0000
vn -0.9209 -0.3814 -0.0809
vn -0.9209 -0.3814 -0.0809
vn -0.9209 -0.3814 -0.0809
vn -0.1692 -0.9832 -0.0686
vn -0.1692 -0.9832 -0.0686
vn -0.1692 -0.9832 -0.0686
vn -0.2452 -0.9695 -0.0023
vn -0.2452 -0.9695 -0.0023
vn -0.2452 -0.9695 -0.0023
vn -0.9274 -0.3678 -0.0679
vn -0.9274 -0.3678 -0.0679
vn -0.9274 -0.3678 -0.0679
vn -0.0000 -1.0000 -0.0000
vn -0.0000 -1.0000 -0.0000
vn -0.0000 -1.0000 -0.0000
vn -0.7818 -0.6235 0.0000
vn -0.7818 -0.6235 0.0000
vn -0.7818 -0.6235 0.0000
vn -0.9600 0.2797 0.0151
vn -0.9600 0.2797 0.0151
vn -0.9600 0.2797 0.0151
vn -0.1088 0.3222 0.9404
vn -0.1088 0.3222 0.9404
vn -0.1088 0.3222 0.9404
vn -0.9749 0.2225 0.0000
vn -0.9749 0.2225 0.0000
vn -0.9749 0.2225 0.0000
vn -0.4339 0.9010 0.0000
vn -0.4339 0.9010 0.0000
vn -0.4339 0.9010 0.0000
vn 0.4339 0.9010 -0.0000
vn 0.4339 0.9010 -0.0000
vn 0.4339 0.9010 -0.0000
vn 0.9749 0.2225 -0.0000
vn 0.9749 0.2225 -0.0000
vn 0.9749 0.2225 -0.0000
vn -0.1891 -0.4504 0.8726
vn -0.1891 -0.4504 0.8726
vn -0.1891 -0.4504 0.8726
vn -0.1949 -0.9752 0.1047
vn -0.1949 -0.9752 0.1047
vn -0.1949 -0.9752 0.1047
vn 0.3822 -0.3176 -0.8678
vn 0.3822 -0.3176 -0.8678
vn 0.3822 -0.3176 -0.8678
vn 0.4339 -0.9010 0.0000
vn 0.4339 -0.9010 0.0000
vn 0.4339 -0.9010 0.0000
vn 0.3798 0.3169 -0.8691
vn 0.3798 0.3169 -0.8691
vn 0.3798 0.3169 -0.8691
vn -0.4339 0.9010 0.0000
vn -0.4339 0.9010 0.0000
vn -0.4339 0.9010 0.0000
vn 0.5316 0.0193 -0.8468
vn 0.5316 0.0193 -0.8468
vn 0.5316 0.0193 -0.8468
vn 0.9749 0.2225 0.0000
vn 0.9749 0.2225 0.0000
vn 0.9749 0.2225 0.0000
vn -0.9749 -0.2225 -0.0000
vn -0.9749 -0.2225 -0.0000
vn -0.9749 -0.2225 -0.0000
vn -0.3063 -0.9519 0.0069
vn -0.3063 -0.9519 0.0069
vn -0.3063 -0.9519 0.0069
vn 0.7005 -0.7136 0.0069
vn 0.7005 -0.7136 0.0069
vn 0.7005 -0.7136 0.0069
vn 0.4019 -0.4318 0.8075
vn 0.4019 -0.4318 0.8075
vn 0.4019 -0.4318 0.8075
vn 0.6552 -0.7541 -0.0456
vn 0.6552 -0.7541 -0.0456
vn 0.6552 -0.7541 -0.0456
vn 0.9998 0.0193 -0.0051
vn 0.9998 0.0193 -0.0051
vn 0.9998 0.0193 -0.0051
vn 0.6150 0.0689 0.7855
vn 0.6150 0.0689 0.7855
vn 0.6150 0.0689 0.7855
vn 0.9970 0.0635 -0.0433
vn 0.9970 0.0635 -0.0433
vn 0.9970 0.0635 -0.0433
vn 0.7001 0.7141 -0.0053
vn 0.7001 0.7141 -0.0053
vn 0.7001 0.7141 -0.0053
vn 0.4640 0.2171 0.8588
vn 0.4640 0.2171 0.8588
vn 0.4640 0.2171 0.8588
vn 0.7764 0.6208 -0.1088
vn 0.7764 0.6208 -0.1088
vn 0.7764 0.6208 -0.1088
vn -0.2564 0.9587 -0.1227
vn -0.2564 0.9587 -0.1227
vn -0.2564 0.9587 -0.1227
vn -0.0000 1.0000 0.0000
vn -0.0000 1.0000 0.0000
vn -0.0000 1.0000 0.0000
vn -0.4505 -0.2343 0.8615
vn -0.4505 -0.2343 0.8615
vn -0.4505 -0.2343 0.8615
vn -0.4368 0.0424 0.8986
vn -0.4368 0.0424 0.8986
vn -0.4368 0.0424 0.8986
vn 0.0000 -1.0000 0.0000
vn 0.0000 -1.0000 0.0000
vn 0.0000 -1.0000 0.0000
vn 0.7818 0.6235 0.0000
vn 0.7818 0.6235 0.0000
vn 0.7818 0.6235 0.0000
vn -0.0999 0.9949 0.0155
vn -0.0999 0.9949 0.0155
vn -0.0999 0.9949 0.0155
vn 0.0225 0.4169 -0.9087
vn 0.0225 0.4169 -0.9087
vn 0.0225 0.4169 -0.9087
vn -0.9104 -0.4003 0.1044
vn -0.9104 -0.4003 0.1044
vn -0.9104 -0.4003 0.1044
vn -0.8921 -0.4478 0.0610
vn -0.8921 -0.4478 0.0610
vn -0.8921 -0.4478 0.0610
vn -0.9408 0.3327 0.0643
vn -0.9408 0.3327 0.0643
vn -0.9408 0.3327 0.0643
vn -0.3993 0.0784 -0.9134
vn -0.3993 0.0784 -0.9134
vn -0.3993 0.0784 -0.9134
vn -0.9749 -0.2225 -0.0000
vn -0.9749 -0.2225 -0.0000
vn -0.9749 -0.2225 -0.0000
vn -0.3659 -0.1393 -0.9202
vn -0.3659 -0.1393 -0.9202
vn -0.3659 -0.1393 -0.9202
vn -0.0608 -0.3834 -0.9216
vn -0.0608 -0.3834 -0.9216
vn -0.0608 -0.3834 -0.9216
vn -0.0000 -1.0000 -0.0000
vn -0.0000 -1.0000 -0.0000
vn -0.0000 -1.0000 -0.0000
vn -0.8380 0.5425 -0.0596
vn -0.8380 0.5425 -0.0596
vn -0.8380 0.5425 -0.0596
vn -0.7818 -0.6235 0.0000
vn -0.7818 -0.6235 0.0000
vn -0.7818 -0.6235 0.0000
vn -0.7818 0.6235 0.0000
vn -0.7818 0.6235 0.0000
vn -0.7818 0.6235 0.0000
vn -0.9749 -0.2225 -0.0000
vn -0.9749 -0.2225 -0.0000
vn -0.9749 -0.2225 -0.0000
vn 0.9749 0.2225 -0.0000
vn 0.9749 0.2225 -0.0000
vn 0.9749 0.2225 -0.0000
vn 0.4339 -0.9010 0.0000
vn 0.4339 -0.9010 0.0000
vn 0.4339 -0.9010 0.0000
vn -0.4339 0.9010 0.0000
vn -0.4339 0.9010 0.0000
vn -0.4339 0.9010 0.0000
vn 0.1939 0.2946 0.9357
vn 0.1939 0.2946 0.9357
vn 0.1939 0.2946 0.9357
vn 0.6288 0.7774 0.0148
vn 0.6288 0.7774 0.0148
vn 0.6288 0.7774 0.0148
vn -0.1290 0.4655 -0.8756
vn -0.1290 0.4655 -0.8756
vn -0.1290 0.4655 -0.8756
vn 0.7818 0.6235 0.0000
vn 0.7818 0.6235 0.0000
vn 0.7818 0.6235 0.0000
vn 0.9929 0.0644 0.1000
vn 0.9929 0.0644 0.1000
vn 0.9929 0.0644 0.1000
vn 0.4339 0.9010 -0.0000
vn 0.4339 0.9010 -0.0000
vn 0.4339 0.9010 -0.0000
vn 0.1356 -0.5635 -0.8149
vn 0.1356 -0.5635 -0.8149
vn 0.1356 -0.5635 -0.8149
vn 0.4245 -0.9010 0.0893
vn 0.4245 -0.9010 0.0893
vn 0.4245 -0.9010 0.0893
vn 0.3026 0.3686 -0.8789
vn 0.3026 0.3686 -0.8789
vn 0.3026 0.3686 -0.8789
vn 0.4339 -0.9010 0.0000
vn 0.4339 -0.9010 0.0000
vn 0.4339 -0.9010 0.0000
vn 0.3365 0.0593 -0.9398
vn 0.3365 0.0593 -0.9398
vn 0.3365 0.0593 -0.9398
vn -0.4339 0.9010 0.0000
vn -0.4339 0.9010 0.0000
vn -0.4339 0.9010 0.0000
vn 0.9968 -0.0775 -0.0219
vn 0.9968 -0.0775 -0.0219
vn 0.9968 -0.0775 -0.0219
vn 0.5946 0.8037 -0.0224
vn 0.5946 0.8037 -0.0224
vn 0.5946 0.8037 -0.0224
vn 0.4106 -0.0723 0.9090
vn 0.4106 -0.0723 0.9090
vn 0.4106 -0.0723 0.9090
vn -0.1372 -0.9870 -0.0837
vn -0.1372 -0.9870 -0.0837
vn -0.1372 -0.9870 -0.0837
vn 0.2556 -0.3757 0.8908
vn 0.2556 -0.3757 0.8908
vn 0.2556 -0.3757 0.8908
vn 0.5941 -0.8002 -0.0820
vn 0.5941 -0.8002 -0.0820
vn 0.5941 -0.8002 -0.0820
vn 0.0210 -0.5715 0.8204
vn 0.0210 -0.5715 0.8204
vn 0.0210 -0.5715 0.8204
vn -0.0887 -0.9882 -0.1245
vn -0.0887 -0.9882 -0.1245
vn -0.0887 -0.9882 -0.1245
vn -0.1831 0.3714 0.9102
vn -0.1831 0.3714 0.9102
vn -0.1831 0.3714 0.9102
vn -0.2427 0.9663 0.0863
vn -0.2427 0.9663 0.0863
vn -0.2427 0.9663 0.0863
vn 0.7818 0.6235 0.0000
vn 0.7818 0.6235 0.0000
vn 0.7818 0.6235 0.0000
vn -0.3240 0.9460 0.0140
vn -0.3240 0.9460 0.0140
vn -0.3240 0.9460 0.0140
vn -0.3928 -0.1457 0.9080
vn -0.3928 -0.1457 0.9080
vn -0.3928 -0.1457 0.9080
vn -0.9093 -0.3948 -0.1317
vn -0.9093 -0.3948 -0.1317
vn -0.9093 -0.3948 -0.1317
vn -0.3760 0.3211 0.8692
vn -0.3760 0.3211 0.8692
vn -0.3760 0.3211 0.8692
vn -0.4942 0.1899 -0.8484
vn -0.4942 0.1899 -0.8484
vn -0.4942 0.1899 -0.8484
vn -0.8801 -0.4707 -0.0626
vn -0.8801 -0.4707 -0.0626
vn -0.8801 -0.4707 -0.0626
vn -0.9148 0.3951 0.0836
vn -0.9148 0.3951 0.0836
vn -0.9148 0.3951 0.0836
vn 0.0000 1.0000 0.0000
vn 0.0000 1.0000 0.0000
vn 0.0000 1.0000 0.0000
vn -0.9749 -0.2225 -0.0000
vn -0.9749 -0.2225 -0.0000
vn -0.9749 -0.2225 -0.0000
vn -0.4781 -0.2764 -0.8337
vn -0.4781 -0.2764 -0.8337
vn -0.4781 -0.2764 -0.8337
vn -0.0477 -0.5950 -0.8023
vn -0.0477 -0.5950 -0.8023
vn -0.0477 -0.5950 -0.8023
vn -0.3914 -0.1879 -0.9008
vn -0.3914 -0.1879 -0.9008
vn -0.3914 -0.1879 -0.9008
vn -0.8660 0.4958 0.0643
vn -0.8660 0.4958 0.0643
vn -0.8660 0.4958 0.0643
vn -0.0000 1.0000 0.0000
vn -0.0000 1.0000 0.0000
vn -0.0000 1.0000 0.0000
vn 0.0271 0.4938 0.8692
vn 0.0271 0.4938 0.8692
vn 0.0271 0.4938 0.8692
vn 0.1306 0.4402 0.8883
vn 0.1306 0.4402 0.8883
vn 0.1306 0.4402 0.8883
vn 0.9723 -0.0710 -0.2227
vn 0.9723 -0.0710 -0.2227
vn 0.9723 -0.0710 -0.2227
vn 0.1837 -0.5168 0.8362
vn 0.1837 -0.5168 0.8362
vn 0.1837 -0.5168 0.8362
vn 0.9749 0.2225 -0.0000
vn 0.9749 0.2225 -0.0000
vn 0.9749 0.2225 -0.0000
vn 0.7818 -0.6235 0.0000
vn 0.7818 -0.6235 0.0000
vn 0.7818 -0.6235 0.0000
vn -0.0292 -0.5783 0.8153
vn -0.0292 -0.5783 0.8153
vn -0.0292 -0.5783 0.8153
vn -0.1268 -0.9919 -0.0017
vn -0.1268 -0.9919 -0.0017
vn -0.1268 -0.9919 -0.0017
vn -0.9749 -0.2225 -0.0000
vn -0.9749 -0.2225 -0.0000
vn -0.9749 -0.2225 -0.0000
vn -0.4339 -0.9010 -0.0000
vn -0.4339 -0.9010 -0.0000
vn -0.4339 -0.9010 -0.0000
vn 0.4339 0.9010 0.0000
vn 0.4339 0.9010 0.0000
vn 0.4339 0.9010 0.0000
vn 0.2139 -0.5405 -0.8137
vn 0.2139 -0.5405 -0.8137
vn 0.2139 -0.5405 -0.8137
vn 0.4853 -0.8743 -0.0018
vn 0.4853 -0.8743 -0.0018
vn 0.4853 -0.8743 -0.0018
vn 0.4753 -0.8798 -0.0118
vn 0.4753 -0.8798 -0.0118
vn 0.4753 -0.8798 -0.0118
vn 0.9842 0.1764 -0.0118
vn 0.9842 0.1764 -0.0118
vn 0.9842 0.1764 -0.0118
vn 0.4624 0.2277 -0.8569
vn 0.4624 0.2277 -0.8569
vn 0.4624 0.2277 -0.8569
vn 0.5829 0.1827 -0.7917
vn 0.5829 0.1827 -0.7917
vn 0.5829 0.1827 -0.7917
vn -0.4339 0.9010 0.0000
vn -0.4339 0.9010 0.0000
vn -0.4339 0.9010 0.0000
vn 0.3903 -0.0757 0.9176
vn 0.3903 -0.0757 0.9176
vn 0.3903 -0.0757 0.9176
vn 0.4339 0.9010 -0.0000
vn 0.4339 0.9010 -0.0000
vn 0.4339 0.9010 -0.0000
vn 0.7712 0.6276 0.1068
vn 0.7712 0.6276 0.1068
vn 0.7712 0.6276 0.1068
vn 0.9749 -0.2225 0.0000
vn 0.9749 -0.2225 0.0000
vn 0.9749 -0.2225 0.0000
vn 0.4778 0.8528 -0.2109
vn 0.4778 0.8528 -0.2109
vn 0.4778 0.8528 -0.2109
vn -0.9749 0.2225 0.0000
vn -0.9749 0.2225 0.0000
vn -0.9749 0.2225 0.0000
vn -0.7818 0.6235 0.0000
vn -0.7818 0.6235 0.0000
vn -0.7818 0.6235 0.0000
vn -0.5728 -0.2000 0.7949
vn -0.5728 -0.2000 0.7949
vn -0.5728 -0.2000 0.7949
vn -0.5192 0.0495 0.8532
vn -0.5192 0.0495 0.8532
vn -0.5192 0.0495 0.8532
vn -0.9518 0.2724 -0.1411
vn -0.9518 0.2724 -0.1411
vn -0.9518 0.2724 -0.1411
vn -0.3827 0.9173 0.1103
vn -0.3827 0.9173 0.1103
vn -0.3827 0.9173 0.1103
vn 0.7818 0.6235 0.0000
vn 0.7818 0.6235 0.0000
vn 0.7818 0.6235 0.0000
vn -0.0940 0.9850 -0.1450
vn -0.0940 0.9850 -0.1450
vn -0.0940 0.9850 -0.1450
vn -0.2696 0.4019 -0.8751
vn -0.2696 0.4019 -0.8751
vn -0.2696 0.4019 -0.8751
vn -0.8992 -0.4324 0.0667
vn -0.8992 -0.4324 0.0667
vn -0.8992 -0.4324 0.0667
vn -0.9274 -0.3740 0.0109
vn -0.9274 -0.3740 0.0109
vn -0.9274 -0.3740 0.0109
vn -0.1127 -0.9936 0.0106
vn -0.1127 -0.9936 0.0106
vn -0.1127 -0.9936 0.0106
vn -0.0065 -0.5310 -0.8473
vn -0.0065 -0.5310 -0.8473
vn -0.0065 -0.5310 -0.8473
vn -0.7818 -0.6235 0.0000
vn -0.7818 -0.6235 0.0000
vn -0.7818 -0.6235 0.0000
vn -0.7818 0.6235 0.0000
vn -0.7818 0.6235 0.0000
vn -0.7818 0.6235 0.0000
vn -0.3844 0.2636 -0.8847
vn -0.3844 0.2636 -0.8847
vn -0.3844 0.2636 -0.8847
vn -0.5384 -0.0158 -0.8425
vn -0.5384 -0.0158 -0.8425
vn -0.5384 -0.0158 -0.8425
vn -0.9247 0.3753 -0.0642
vn -0.9247 0.3753 -0.0642
vn -0.9247 0.3753 -0.0642
vn -0.0000 1.0000 0.0000
vn -0.0000 1.0000 0.0000
vn -0.0000 1.0000 0.0000
vn -0.0999 0.3608 0.9273
vn -0.0999 0.3608 0.9273
vn -0.0999 0.3608 0.9273
vn 0.2597 0.3031 0.9169
vn 0.2597 0.3031 0.9169
vn 0.2597 0.3031 0.9169
vn 0.3733 -0.0411 0.9268
vn 0.3733 -0.0411 0.9268
vn 0.3733 -0.0411 0.9268
vn 0.5612 -0.8270 -0.0320
vn 0.5612 -0.8270 -0.0320
vn 0.5612 -0.8270 -0.0320
vn 0.0397 -0.5065 0.8613
vn 0.0397 -0.5065 0.8613
vn 0.0397 -0.5065 0.8613
vn -0.9749 -0.2225 -0.0000
vn -0.9749 -0.2225 -0.0000
vn -0.9749 -0.2225 -0.0000
vn 0.6486 -0.7585 0.0636
vn 0.6486 -0.7585 0.0636
vn 0.6486 -0.7585 0.0636
vn 0.3904 -0.1307 -0.9113
vn 0.3904 -0.1307 -0.9113
vn 0.3904 -0.1307 -0.9113
vn 0.9749 -0.2225 0.0000
vn 0.9749 -0.2225 0.0000
vn 0.9749 -0.2225 0.0000
vn -0.9749 0.2225 0.0000
vn -0.9749 0.2225 0.0000
vn -0.9749 0.2225 0.0000
vn 0.2099 0.2660 -0.9408
vn 0.2099 0.2660 -0.9408
vn 0.2099 0.2660 -0.9408
vn -0.4339 -0.9010 -0.0000
vn -0.4339 -0.9010 -0.0000
vn -0.4339 -0.9010 -0.0000
vn 0.3475 -0.3791 -0.8576
vn 0.3475 -0.3791 -0.8576
vn 0.3475 -0.3791 -0.8576
vn 0.4339 0.9010 0.0000
vn 0.4339 0.9010 0.0000
vn 0.4339 0.9010 0.0000
vn 0.2044 -0.3728 0.9051
vn 0.2044 -0.3728 0.9051
vn 0.2044 -0.3728 0.9051
vn 0.9749 0.2225 -0.0000
vn 0.9749 0.2225 -0.0000
vn 0.9749 0.2225 -0.0000
vn 0.9890 -0.1396 0.0480
vn 0.9890 -0.1396 0.0480
vn 0.9890 -0.1396 0.0480
vn 0.9984 -0.0451 -0.0341
vn 0.9984 -0.0451 -0.0341
vn 0.9984 -0.0451 -0.0341
vn 0.6211 0.7820 0.0519
vn 0.6211 0.7820 0.0519
vn 0.6211 0.7820 0.0519
vn 0.4339 -0.9010 0.0000
vn 0.4339 -0.9010 0.0000
vn 0.4339 -0.9010 0.0000
vn 0.9749 -0.2225 0.0000
vn 0.9749 -0.2225 0.0000
vn 0.9749 -0.2225 0.0000
vn 0.6353 0.7714 0.0368
vn 0.6353 0.7714 0.0368
vn 0.6353 0.7714 0.0368
vn -0.9749 0.2225 0.0000
vn -0.9749 0.2225 0.0000
vn -0.9749 0.2225 0.0000
vn -0.7818 0.6235 0.0000
vn -0.7818 0.6235 0.0000
vn -0.7818 0.6235 0.0000
vn -0.4381 -0.0459 0.8978
vn -0.4381 -0.0459 0.8978
vn -0.4381 -0.0459 0.8978
vn -0.4349 0.0792 0.8970
vn -0.4349 0.0792 0.8970
vn -0.4349 0.0792 0.8970
vn -0.9400 0.3228 -0.1105
vn -0.9400 0.3228 -0.1105
vn -0.9400 0.3228 -0.1105
vn -0.4057 0.9134 0.0329
vn -0.4057 0.9134 0.0329
vn -0.4057 0.9134 0.0329
vn -0.2382 0.9639 -0.1189
vn -0.2382 0.9639 -0.1189
vn -0.2382 0.9639 -0.1189
vn -0.2613 0.3408 -0.9031
vn -0.2613 0.3408 -0.9031
vn -0.2613 0.3408 -0.9031
vn -0.4657 0.1581 -0.8707
vn -0.4657 0.1581 -0.8707
vn -0.4657 0.1581 -0.8707
vn -0.9550 -0.2891 -0.0663
vn -0.9550 -0.2891 -0.0663
vn -0.9550 -0.2891 -0.0663
vn -0.0695 -0.9976 -0.0052
vn -0.0695 -0.9976 -0.0052
vn -0.0695 -0.9976 -0.0052
vn -0.0349 -0.4773 -0.8780
vn -0.0349 -0.4773 -0.8780
vn -0.0349 -0.4773 -0.8780
vn -0.9749 -0.2225 -0.0050
vn -0.9749 -0.2225 -0.0050
vn -0.9749 -0.2225 -0.0050
vn -0.1516 -0.9862 0.0668
vn -0.1516 -0.9862 0.0668
vn -0.1516 -0.9862 0.0668
vn 0.7818 -0.6235 0.0000
vn 0.7818 -0.6235 0.0000
vn 0.7818 -0.6235 0.0000
vn -0.7818 0.6235 0.0000
vn -0.7818 0.6235 0.0000
vn -0.7818 0.6235 0.0000
vn 0.0000 1.0000 0.0000
vn 0.0000 1.0000 0.0000
vn 0.0000 1.0000 0.0000
vn -0.2756 -0.1227 -0.9534
vn -0.2756 -0.1227 -0.9534
vn -0.2756 -0.1227 -0.9534
vn -0.7745 0.6301 0.0561
vn -0.7745 0.6301 0.0561
vn -0.7745 0.6301 0.0561
vn -0.0000 1.0000 0.0000
vn -0.0000 1.0000 0.0000
vn -0.0000 1.0000 0.0000
vn -0.2620 0.5002 0.8253
vn -0.2620 0.5002 0.8253
vn -0.2620 0.5002 0.8253
vn 0.3107 0.4104 0.8574
vn 0.3107 0.4104 0.8574
vn 0.3107 0.4104 0.8574
vn -0.4339 0.9010 0.0000
vn -0.4339 0.9010 0.0000
vn -0.4339 0.9010 0.0000
vn 0.5615 -0.0728 0.8243
vn 0.5615 -0.0728 0.8243
vn 0.5615 -0.0728 0.8243
vn 0.3309 -0.2836 0.9000
vn 0.3309 -0.2836 0.9000
vn 0.3309 -0.2836 0.9000
vn -0.2074 -0.9769 -0.0513
vn -0.2074 -0.9769 -0.0513
vn -0.2074 -0.9769 -0.0513
vn -0.9749 -0.2225 -0.0000
vn -0.9749 -0.2225 -0.0000
vn -0.9749 -0.2225 -0.0000
vn -0.4339 -0.9010 -0.0000
vn -0.4339 -0.9010 -0.0000
vn -0.4339 -0.9010 -0.0000
vn 0.5141 -0.1663 -0.8414
vn 0.5141 -0.1663 -0.8414
vn 0.5141 -0.1663 -0.8414
vn 0.9749 -0.2225 0.0000
vn 0.9749 -0.2225 0.0000
vn 0.9749 -0.2225 0.0000
vn -0.9749 0.2225 0.0000
vn -0.9749 0.2225 0.0000
vn -0.9749 0.2225 0.0000
vn 0.2258 0.4542 -0.8618
vn 0.2258 0.4542 -0.8618
vn 0.2258 0.4542 -0.8618
vn 0.4339 0.9010 0.0000
vn 0.4339 0.9010 0.0000
vn 0.4339 0.9010 0.0000
vn 0.4060 -0.3641 -0.8382
vn 0.4060 -0.3641 -0.8382
vn 0.4060 -0.3641 -0.8382
vn -0.0731 -0.3840 0.9204
vn -0.0731 -0.3840 0.9204
vn -0.0731 -0.3840 0.9204
vn 0.7818 -0.6235 0.0000
vn 0.7818 -0.6235 0.0000
vn 0.7818 -0.6235 0.0000
vn 0.6919 -0.7200 -0.0547
vn 0.6919 -0.7200 -0.0547
vn 0.6919 -0.7200 -0.0547
vn 0.6870 -0.7250 -0.0487
vn 0.6870 -0.7250 -0.0487
vn 0.6870 -0.7250 -0.0487
vn -0.4339 -0.9010 -0.0000
vn -0.4339 -0.9010 -0.0000
vn -0.4339 -0.9010 -0.0000
vn 0.9861 -0.1638 0.0287
vn 0.9861 -0.1638 0.0287
vn 0.9861 -0.1638 0.0287
vn 0.4339 -0.9010 0.0000
vn 0.4339 -0.9010 0.0000
vn 0.4339 -0.9010 0.0000
vn 0.9962 -0.0688 -0.0542
vn 0.9962 -0.0688 -0.0542
vn 0.9962 -0.0688 -0.0542
vn 0.5363 0.8435 0.0298
vn 0.5363 0.8435 0.0298
vn 0.5363 0.8435 0.0298
vn 0.6127 0.7887 -0.0513
vn 0.6127 0.7887 -0.0513
vn 0.6127 0.7887 -0.0513
vn -0.3544 0.9339 -0.0471
vn -0.3544 0.9339 -0.0471
vn -0.3544 0.9339 -0.0471
vn -0.9749 0.2225 0.0000
vn -0.9749 0.2225 0.0000
vn -0.9749 0.2225 0.0000
vn -0.3940 -0.1693 0.9034
vn -0.3940 -0.1693 0.9034
vn -0.3940 -0.1693 0.9034
vn -0.4097 0.3842 0.8274
vn -0.4097 0.3842 0.8274
vn -0.4097 0.3842 0.8274
vn 0.0000 -1.0000 0.0000
vn 0.0000 -1.0000 0.0000
vn 0.0000 -1.0000 0.0000
vn -0.8164 0.5774 -0.0026
vn -0.8164 0.5774 -0.0026
vn -0.8164 0.5774 -0.0026
vn -0.3061 0.9520 -0.0026
vn -0.3061 0.9520 -0.0026
vn -0.3061 0.9520 -0.0026
vn -0.2236 0.5711 -0.7899
vn -0.2236 0.5711 -0.7899
vn -0.2236 0.5711 -0.7899
vn -0.3833 0.4562 -0.8031
vn -0.3833 0.4562 -0.8031
vn -0.3833 0.4562 -0.8031
vn -0.9035 -0.4236 0.0654
vn -0.9035 -0.4236 0.0654
vn -0.9035 -0.4236 0.0654
vn -0.9081 -0.4148 0.0570
vn -0.9081 -0.4148 0.0570
vn -0.9081 -0.4148 0.0570
vn -0.0876 -0.9947 0.0533
vn -0.0876 -0.9947 0.0533
vn -0.0876 -0.9947 0.0533
vn 0.0360 -0.4222 -0.9058
vn 0.0360 -0.4222 -0.9058
vn 0.0360 -0.4222 -0.9058
vn -0.7818 0.6235 0.0000
vn -0.7818 0.6235 0.0000
vn -0.7818 0.6235 0.0000
vn 0.0000 -1.0000 0.0000
vn 0.0000 -1.0000 0.0000
vn 0.0000 -1.0000 0.0000
vn -0.8417 -0.5391 0.0293
vn -0.8417 -0.5391 0.0293
vn -0.8417 -0.5391 0.0293
vn -0.9511 0.3088 -0.0002
vn -0.9511 0.3088 -0.0002
vn -0.9511 0.3088 -0.0002
vn -0.8859 -0.4492 0.1156
vn -0.8859 -0.4492 0.1156
vn -0.8859 -0.4492 0.1156
vn -0.9383 0.3444 0.0327
vn -0.9383 0.3444 0.0327
vn -0.9383 0.3444 0.0327
vn -0.5447 -0.0962 -0.8331
vn -0.5447 -0.0962 -0.8331
vn -0.5447 -0.0962 -0.8331
vn -0.9549 0.2963 -0.0204
vn -0.9549 0.2963 -0.0204
vn -0.9549 0.2963 -0.0204
vn -0.0000 1.0000 0.0000
vn -0.0000 1.0000 0.0000
vn -0.0000 1.0000 0.0000
vn 0.1231 0.4491 0.8850
vn 0.1231 0.4491 0.8850
vn 0.1231 0.4491 0.8850
vn -0.9749 0.2225 0.0000
vn -0.9749 0.2225 0.0000
vn -0.9749 0.2225 0.0000
vn -0.7818 0.6235 0.0000
vn -0.7818 0.6235 0.0000
vn -0.7818 0.6235 0.0000
vn 0.7818 -0.6235 0.0000
vn 0.7818 -0.6235 0.0000
vn 0.7818 -0.6235 0.0000
vn -0.0915 -0.4033 0.9105
vn -0.0915 -0.4033 0.9105
vn -0.0915 -0.4033 0.9105
vn -0.5556 -0.0729 0.8282
vn -0.5556 -0.0729 0.8282
vn -0.5556 -0.0729 0.8282
vn -0.4434 0.0018 0.8963
vn -0.4434 0.0018 0.8963
vn -0.4434 0.0018 0.8963
vn -0.9673 0.2450 -0.0661
vn -0.9673 0.2450 -0.0661
vn -0.9673 0.2450 -0.0661
vn -0.0765 0.9970 0.0065
vn -0.0765 0.9970 0.0065
vn -0.0765 0.9970 0.0065
vn -0.9749 0.2225 0.0000
vn -0.9749 0.2225 0.0000
vn -0.9749 0.2225 0.0000
vn 0.0053 0.9979 -0.0646
vn 0.0053 0.9979 -0.0646
vn 0.0053 0.9979 -0.0646
vn 0.0367 0.4748 -0.8793
vn 0.0367 0.4748 -0.8793
vn 0.0367 0.4748 -0.8793
vn -0.4696 0.0714 -0.8800
vn -0.4696 0.0714 -0.8800
vn -0.4696 0.0714 -0.8800
vn -0.2218 -0.9742 -0.0420
vn -0.2218 -0.9742 -0.0420
vn -0.2218 -0.9742 -0.0420
vn -0.9556 -0.2939 -0.0205
vn -0.9556 -0.2939 -0.0205
vn -0.9556 -0.2939 -0.0205
vn -0.1569 -0.4572 -0.8754
vn -0.1569 -0.4572 -0.8754
vn -0.1569 -0.4572 -0.8754
vn -0.9609 -0.2743 -0.0380
vn -0.9609 -0.2743 -0.0380
vn -0.9609 -0.2743 -0.0380
vn -0.2735 -0.9619 0.0038
vn -0.2735 -0.9619 0.0038
vn -0.2735 -0.9619 0.0038
vn 0.7818 -0.6235 0.0000
vn 0.7818 -0.6235 0.0000
vn 0.7818 -0.6235 0.0000
vn -0.7818 0.6235 0.0000
vn -0.7818 0.6235 0.0000
vn -0.7818 0.6235 0.0000
vn 0.0000 1.0000 0.0000
vn 0.0000 1.0000 0.0000
vn 0.0000 1.0000 0.0000
vn -0.0000 -1.0000 -0.0000
vn -0.0000 -1.0000 -0.0000
vn -0.0000 -1.0000 -0.0000
vn -0.8989 0.4365 -0.0375
vn -0.8989 0.4365 -0.0375
vn -0.8989 0.4365 -0.0375
vn -0.0439 0.9937 0.1034
vn -0.0439 0.9937 0.1034
vn -0.0439 0.9937 0.1034
vn -0.2358 0.9697 -0.0632
vn -0.2358 0.9697 -0.0632
vn -0.2358 0.9697 -0.0632
vn -0.4279 -0.1052 0.8977
vn -0.4279 -0.1052 0.8977
vn -0.4279 -0.1052 0.8977
vn -0.7818 0.6235 0.0000
vn -0.7818 0.6235 0.0000
vn -0.7818 0.6235 0.0000
vn -0.1679 -0.9828 -0.0765
vn -0.1679 -0.9828 -0.0765
vn -0.1679 -0.9828 -0.0765
vn -0.2925 -0.9557 0.0332
vn -0.2925 -0.9557 0.0332
vn -0.2925 -0.9557 0.0332
vn -0.4150 0.2033 0.8868
vn -0.4150 0.2033 0.8868
vn -0.4150 0.2033 0.8868
vn -0.9347 -0.3474 -0.0749
vn -0.9347 -0.3474 -0.0749
vn -0.9347 -0.3474 -0.0749
vn -0.0000 1.0000 0.0000
vn -0.0000 1.0000 0.0000
vn -0.0000 1.0000 0.0000
vn -0.4178 0.0273 -0.9081
vn -0.4178 0.0273 -0.9081
vn -0.4178 0.0273 -0.9081
vn -0.9210 -0.3878 -0.0384
vn -0.9210 -0.3878 -0.0384
vn -0.9210 -0.3878 -0.0384
vn -0.9541 0.2804 0.1047
vn -0.9541 0.2804 0.1047
vn -0.9541 0.2804 0.1047
vn 0.0000 1.0000 0.0000
vn 0.0000 1.0000 0.0000
vn 0.0000 1.0000 0.0000
vn -0.4165 -0.1491 -0.8968
vn -0.4165 -0.1491 -0.8968
vn -0.4165 -0.1491 -0.8968
vn -0.1090 -0.3507 -0.9301
vn -0.1090 -0.3507 -0.9301
vn -0.1090 -0.3507 -0.9301
vn -0.1261 -0.9901 -0.0619
vn -0.1261 -0.9901 -0.0619
vn -0.1261 -0.9901 -0.0619
vn 0.9749 0.2225 -0.0000
vn 0.9749 0.2225 -0.0000
vn 0.9749 0.2225 -0.0000
vn -0.0118 -0.4955 0.8685
vn -0.0118 -0.4955 0.8685
vn -0.0118 -0.4955 0.8685
vn 0.6401 -0.7658 -0.0619
vn 0.6401 -0.7658 -0.0619
vn 0.6401 -0.7658 -0.0619
vn -0.4339 -0.9010 -0.0000
vn -0.4339 -0.9010 -0.0000
vn -0.4339 -0.9010 -0.0000
vn -0.9749 -0.2225 -0.0000
vn -0.9749 -0.2225 -0.0000
vn -0.9749 -0.2225 -0.0000
vn 0.3425 -0.3913 0.8542
vn 0.3425 -0.3913 0.8542
vn 0.3425 -0.3913 0.8542
vn -0.8907 -0.4544 0.0119
vn -0.8907 -0.4544 0.0119
vn -0.8907 -0.4544 0.0119
vn -0.9252 -0.3743 -0.0632
vn -0.9252 -0.3743 -0.0632
vn -0.9252 -0.3743 -0.0632
vn -0.2523 -0.9664 0.0487
vn -0.2523 -0.9664 0.0487
vn -0.2523 -0.9664 0.0487
vn 0.7308 -0.6811 0.0454
vn 0.7308 -0.6811 0.0454
vn 0.7308 -0.6811 0.0454
vn 0.4454 -0.3157 -0.8378
vn 0.4454 -0.3157 -0.8378
vn 0.4454 -0.3157 -0.8378
vn -0.9749 -0.2225 -0.0000
vn -0.9749 -0.2225 -0.0000
vn -0.9749 -0.2225 -0.0000
vn -0.4687 -0.0978 -0.8779
vn -0.4687 -0.0978 -0.8779
vn -0.4687 -0.0978 -0.8779
vn -0.7883 0.6033 -0.1207
vn -0.7883 0.6033 -0.1207
vn -0.7883 0.6033 -0.1207
vn -0.1064 0.4686 0.8770
vn -0.1064 0.4686 0.8770
vn -0.1064 0.4686 0.8770
vn 0.0794 0.4360 0.8964
vn 0.0794 0.4360 0.8964
vn 0.0794 0.4360 0.8964
vn 0.3874 -0.1689 0.9063
vn 0.3874 -0.1689 0.9063
vn 0.3874 -0.1689 0.9063
vn 0.4339 0.9010 -0.0000
vn 0.4339 0.9010 -0.0000
vn 0.4339 0.9010 -0.0000
vn 0.3926 -0.2288 0.8908
vn 0.3926 -0.2288 0.8908
vn 0.3926 -0.2288 0.8908
vn -0.2607 -0.9596 -0.1063
vn -0.2607 -0.9596 -0.1063
vn -0.2607 -0.9596 -0.1063
vn -0.7818 0.6235 0.0000
vn -0.7818 0.6235 0.0000
vn -0.7818 0.6235 0.0000
vn 0.3176 -0.3761 -0.8704
vn 0.3176 -0.3761 -0.8704
vn 0.3176 -0.3761 -0.8704
vn 0.4838 0.0600 -0.8731
vn 0.4838 0.0600 -0.8731
vn 0.4838 0.0600 -0.8731
vn 0.9749 -0.2225 0.0000
vn 0.9749 -0.2225 0.0000
vn 0.9749 -0.2225 0.0000
vn -0.0696 0.3767 -0.9237
vn -0.0696 0.3767 -0.9237
vn -0.0696 0.3767 -0.9237
vn -0.9749 0.2225 0.0000
vn -0.9749 0.2225 0.0000
vn -0.9749 0.2225 0.0000
vn 0.4121 0.2219 -0.8837
vn 0.4121 0.2219 -0.8837
vn 0.4121 0.2219 -0.8837
vn 0.4339 0.9010 0.0000
vn 0.4339 0.9010 0.0000
vn 0.4339 0.9010 0.0000
vn -0.4339 -0.9010 -0.0000
vn -0.4339 -0.9010 -0.0000
vn -0.4339 -0.9010 -0.0000
vn -0.1218 -0.3586 0.9255
vn -0.1218 -0.3586 0.9255
vn -0.1218 -0.3586 0.9255
vn 0.7818 -0.6235 0.0000
vn 0.7818 -0.6235 0.0000
vn 0.7818 -0.6235 0.0000
vn 0.6339 -0.7727 0.0326
vn 0.6339 -0.7727 0.0326
vn 0.6339 -0.7727 0.0326
vn -0.4339 -0.9010 -0.0000
vn -0.4339 -0.9010 -0.0000
vn -0.4339 -0.9010 -0.0000
vn 0.7409 -0.6644 -0.0984
vn 0.7409 -0.6644 -0.0984
vn 0.7409 -0.6644 -0.0984
vn 0.9977 0.0605 0.0313
vn 0.9977 0.0605 0.0313
vn 0.9977 0.0605 0.0313
vn 0.9724 -0.1664 -0.1634
vn 0.9724 -0.1664 -0.1634
vn 0.9724 -0.1664 -0.1634
vn -0.4339 0.9010 0.0000
vn -0.4339 0.9010 0.0000
vn -0.4339 0.9010 0.0000
vn 0.7818 0.6235 0.0000
vn 0.7818 0.6235 0.0000
vn 0.7818 0.6235 0.0000
vn -0.4381 -0.2573 0.8613
vn -0.4381 -0.2573 0.8613
vn -0.4381 -0.2573 0.8613
vn -0.3757 0.4241 0.8240
vn -0.3757 0.4241 0.8240
vn -0.3757 0.4241 0.8240
vn -0.0000 1.0000 0.0000
vn -0.0000 1.0000 0.0000
vn -0.0000 1.0000 0.0000
vn -0.4656 0.0423 -0.8840
vn -0.4656 0.0423 -0.8840
vn -0.4656 0.0423 -0.8840
vn -0.9411 0.2838 0.1840
vn -0.9411 0.2838 0.1840
vn -0.9411 0.2838 0.1840
vn -0.8754 -0.4645 -0.1340
vn -0.8754 -0.4645 -0.1340
vn -0.8754 -0.4645 -0.1340
vn -0.0218 -0.4620 -0.8866
vn -0.0218 -0.4620 -0.8866
vn -0.0218 -0.4620 -0.8866
vn -0.9464 -0.3230 0.0019
vn -0.9464 -0.3230 0.0019
vn -0.9464 -0.3230 0.0019
vn -0.1385 -0.9904 0.0019
vn -0.1385 -0.9904 0.0019
vn -0.1385 -0.9904 0.0019
vn 0.7818 -0.6235 0.0000
vn 0.7818 -0.6235 0.0000
vn 0.7818 -0.6235 0.0000
vn -0.7818 0.6235 0.0000
vn -0.7818 0.6235 0.0000
vn -0.7818 0.6235 0.0000
vn 0.0000 1.0000 0.0000
vn 0.0000 1.0000 0.0000
vn 0.0000 1.0000 0.0000
vn -0.0000 -1.0000 -0.0000
vn -0.0000 -1.0000 -0.0000
vn -0.0000 -1.0000 -0.0000
vn -0.9124 0.4012 -0.0808
vn -0.9124 0.4012 -0.0808
vn -0.9124 0.4012 -0.0808
vn -0.7818 -0.6235 0.0000
vn -0.7818 -0.6235 0.0000
vn -0.7818 -0.6235 0.0000
vn -0.0776 0.3875 0.9186
vn -0.0776 0.3875 0.9186
vn -0.0776 0.3875 0.9186
vn 0.3435 0.2822 0.8958
vn 0.3435 0.2822 0.8958
vn 0.3435 0.2822 0.8958
vn 0.4346 0.1113 0.8937
vn 0.4346 0.1113 0.8937
vn 0.4346 0.1113 0.8937
vn 0.4909 -0.8705 0.0351
vn 0.4909 -0.8705 0.0351
vn 0.4909 -0.8705 0.0351
vn -0.0729 -0.4672 0.8811
vn -0.0729 -0.4672 0.8811
vn -0.0729 -0.4672 0.8811
vn -0.1830 -0.9722 0.1460
vn -0.1830 -0.9722 0.1460
vn -0.1830 -0.9722 0.1460
vn 0.9749 0.2225 0.0000
vn 0.9749 0.2225 0.0000
vn 0.9749 0.2225 0.0000
vn 0.4339 -0.9010 0.0000
vn 0.4339 -0.9010 0.0000
vn 0.4339 -0.9010 0.0000
vn 0.4153 0.2887 -0.8627
vn 0.4153 0.2887 -0.8627
vn 0.4153 0.2887 -0.8627
vn 0.7818 0.6235 0.0000
vn 0.7818 0.6235 0.0000
vn 0.7818 0.6235 0.0000
vn -0.1173 0.4256 -0.8973
vn -0.1173 0.4256 -0.8973
vn -0.1173 0.4256 -0.8973
vn -0.4339 0.9010 0.0000
vn -0.4339 0.9010 0.0000
vn -0.4339 0.9010 0.0000
vn -0.9749 -0.2225 -0.0000
vn -0.9749 -0.2225 -0.0000
vn -0.9749 -0.2225 -0.0000
vn -0.1844 -0.9721 0.1448
vn -0.1844 -0.9721 0.1448
vn -0.1844 -0.9721 0.1448
vn 0.5914 -0.7933 0.1445
vn 0.5914 -0.7933 0.1445
vn 0.5914 -0.7933 0.1445
vn 0.2211 -0.3290 -0.9181
vn 0.2211 -0.3290 -0.9181
vn 0.2211 -0.3290 -0.9181
vn 0.4296 0.1240 -0.8945
vn 0.4296 0.1240 -0.8945
vn 0.4296 0.1240 -0.8945
vn 0.9909 0.1295 0.0358
vn 0.9909 0.1295 0.0358
vn 0.9909 0.1295 0.0358
vn 0.1628 -0.4425 0.8819
vn 0.1628 -0.4425 0.8819
vn 0.1628 -0.4425 0.8819
vn 0.9749 0.2225 -0.0000
vn 0.9749 0.2225 -0.0000
vn 0.9749 0.2225 -0.0000
vn 0.4339 -0.9010 0.0000
vn 0.4339 -0.9010 0.0000
vn 0.4339 -0.9010 0.0000
vn 0.9924 0.1200 0.0275
vn 0.9924 0.1200 0.0275
vn 0.9924 0.1200 0.0275
vn -0.4339 0.9010 0.0000
vn -0.4339 0.9010 0.0000
vn -0.4339 0.9010 0.0000
vn 0.7818 0.6235 0.0000
vn 0.7818 0.6235 0.0000
vn 0.7818 0.6235 0.0000
vn -0.3551 -0.2533 0.8999
vn -0.3551 -0.2533 0.8999
vn -0.3551 -0.2533 0.8999
vn 0.0000 -1.0000 0.0000
vn 0.0000 -1.0000 0.0000
vn 0.0000 -1.0000 0.0000
vn -0.4021 0.1561 0.9022
vn -0.4021 0.1561 0.9022
vn -0.4021 0.1561 0.9022
vn -0.5909 0.0843 -0.8023
vn -0.5909 0.0843 -0.8023
vn -0.5909 0.0843 -0.8023
vn -0.9531 -0.2709 0.1346
vn -0.9531 -0.2709 0.1346
vn -0.9531 -0.2709 0.1346
vn -0.9612 0.2733 0.0379
vn -0.9612 0.2733 0.0379
vn -0.9612 0.2733 0.0379
vn -0.8630 -0.4994 -0.0765
vn -0.8630 -0.4994 -0.0765
vn -0.8630 -0.4994 -0.0765
vn 0.0000 1.0000 0.0000
vn 0.0000 1.0000 0.0000
vn 0.0000 1.0000 0.0000
vn -0.9749 -0.2225 -0.0000
vn -0.9749 -0.2225 -0.0000
vn -0.9749 -0.2225 -0.0000
vn -0.4741 -0.0334 -0.8799
vn -0.4741 -0.0334 -0.8799
vn -0.4741 -0.0334 -0.8799
vn -0.0501 -0.3900 -0.9195
vn -0.0501 -0.3900 -0.9195
vn -0.0501 -0.3900 -0.9195
vn -0.4015 -0.1693 -0.9001
vn -0.4015 -0.1693 -0.9001
vn -0.4015 -0.1693 -0.9001
vn -0.8989 -0.4381 -0.0017
vn -0.8989 -0.4381 -0.0017
vn -0.8989 -0.4381 -0.0017
vn -0.0000 1.0000 0.0000
vn -0.0000 1.0000 0.0000
vn -0.0000 1.0000 0.0000
vn 0.1106 0.5290 0.8414
vn 0.1106 0.5290 0.8414
vn 0.1106 0.5290 0.8414
vn 0.3385 0.4438 0.8297
vn 0.3385 0.4438 0.8297
vn 0.3385 0.4438 0.8297
vn 0.9908 0.0889 0.1018
vn 0.9908 0.0889 0.1018
vn 0.9908 0.0889 0.1018
vn 0.2703 0.4160 -0.8683
vn 0.2703 0.4160 -0.8683
vn 0.2703 0.4160 -0.8683
vn -0.0998 0.5197 -0.8485
vn -0.0998 0.5197 -0.8485
vn -0.0998 0.5197 -0.8485
vn 0.7818 0.6235 0.0000
vn 0.7818 0.6235 0.0000
vn 0.7818 0.6235 0.0000
vn 0.9749 -0.2225 0.0000
vn 0.9749 -0.2225 0.0000
vn 0.9749 -0.2225 0.0000
vn 0.4409 0.0896 -0.8931
vn 0.4409 0.0896 -0.8931
vn 0.4409 0.0896 -0.8931
vn -0.4339 -0.9010 -0.0000
vn -0.4339 -0.9010 -0.0000
vn -0.4339 -0.9010 -0.0000
vn 0.5733 -0.8192 -0.0158
vn 0.5733 -0.8192 -0.0158
vn 0.5733 -0.8192 -0.0158
vn 0.2175 -0.3012 0.9284
vn 0.2175 -0.3012 0.9284
vn 0.2175 -0.3012 0.9284
vn -0.4339 -0.9010 -0.0000
vn -0.4339 -0.9010 -0.0000
vn -0.4339 -0.9010 -0.0000
vn 0.6074 -0.7927 -0.0531
vn 0.6074 -0.7927 -0.0531
vn 0.6074 -0.7927 -0.0531
vn 0.2187 -0.3668 -0.9042
vn 0.2187 -0.3668 -0.9042
vn 0.2187 -0.3668 -0.9042
vn 0.4339 0.9010 0.0000
vn 0.4339 0.9010 0.0000
vn 0.4339 0.9010 0.0000
vn 0.9753 0.2205 -0.0142
vn 0.9753 0.2205 -0.0142
vn 0.9753 0.2205 -0.0142
vn 0.5839 0.8062 0.0957
vn 0.5839 0.8062 0.0957
vn 0.5839 0.8062 0.0957
vn 0.4669 0.2158 0.8576
vn 0.4669 0.2158 0.8576
vn 0.4669 0.2158 0.8576
vn 0.4339 0.9010 -0.0000
vn 0.4339 0.9010 -0.0000
vn 0.4339 0.9010 -0.0000
vn -0.0074 0.9945 -0.1044
vn -0.0074 0.9945 -0.1044
vn -0.0074 0.9945 -0.1044
vn 0.9749 -0.2225 0.0000
vn 0.9749 -0.2225 0.0000
vn 0.9749 -0.2225 0.0000
vn 0.6125 0.7876 0.0667
vn 0.6125 0.7876 0.0667
vn 0.6125 0.7876 0.0667
vn -0.2048 0.9765 0.0668
vn -0.2048 0.9765 0.0668
vn -0.2048 0.9765 0.0668
vn -0.9749 0.2225 0.0000
vn -0.9749 0.2225 0.0000
vn -0.9749 0.2225 0.0000
vn -0.9241 0.3645 -0.1150
vn -0.9241 0.3645 -0.1150
vn -0.9241 0.3645 -0.1150
vn -0.4302 0.1253 0.8940
vn -0.4302 0.1253 0.8940
vn -0.4302 0.1253 0.8940
vn 0.0000 -1.0000 0.0000
vn 0.0000 -1.0000 0.0000
vn 0.0000 -1.0000 0.0000
vn 0.7818 -0.6235 0.0000
vn 0.7818 -0.6235 0.0000
vn 0.7818 -0.6235 0.0000
vn -0.2860 -0.9569 -0.0508
vn -0.2860 -0.9569 -0.0508
vn -0.2860 -0.9569 -0.0508
vn -0.4441 -0.2189 0.8688
vn -0.4441 -0.2189 0.8688
vn -0.4441 -0.2189 0.8688
vn -0.1505 -0.3794 0.9129
vn -0.1505 -0.3794 0.9129
vn -0.1505 -0.3794 0.9129
vn -0.8736 0.4867 -0.0017
vn -0.8736 0.4867 -0.0017
vn -0.8736 0.4867 -0.0017
vn -0.0805 -0.4323 -0.8981
vn -0.0805 -0.4323 -0.8981
vn -0.0805 -0.4323 -0.8981
vn -0.9104 -0.4131 0.0219
vn -0.9104 -0.4131 0.0219
vn -0.9104 -0.4131 0.0219
vn -0.2043 -0.9787 0.0219
vn -0.2043 -0.9787 0.0219
vn -0.2043 -0.9787 0.0219
vn 0.7818 -0.6235 0.0000
vn 0.7818 -0.6235 0.0000
vn 0.7818 -0.6235 0.0000
vn -0.7818 -0.6235 0.0000
vn -0.7818 -0.6235 0.0000
vn -0.7818 -0.6235 0.0000
vn -0.7818 0.6235 0.0000
vn -0.7818 0.6235 0.0000
vn -0.7818 0.6235 0.0000
vn -0.3942 0.2532 -0.8835
vn -0.3942 0.2532 -0.8835
vn -0.3942 0.2532 -0.8835
vn -0.5051 -0.2513 -0.8257
vn -0.5051 -0.2513 -0.8257
vn -0.5051 -0.2513 -0.8257
vn -0.8831 0.4692 0.0005
vn -0.8831 0.4692 0.0005
vn -0.8831 0.4692 0.0005
vn -0.4365 0.1085 0.8931
vn -0.4365 0.1085 0.8931
vn -0.4365 0.1085 0.8931
vn -0.7818 0.6235 0.0000
vn -0.7818 0.6235 0.0000
vn -0.7818 0.6235 0.0000
vn -0.9749 -0.2225 -0.0000
vn -0.9749 -0.2225 -0.0000
vn -0.9749 -0.2225 -0.0000
vn 0.9749 0.2225 -0.0000
vn 0.9749 0.2225 -0.0000
vn 0.9749 0.2225 -0.0000
vn 0.4339 0.9010 -0.0000
vn 0.4339 0.9010 -0.0000
vn 0.4339 0.9010 -0.0000
vn 0.9749 -0.2225 0.0000
vn 0.9749 -0.2225 0.0000
vn 0.9749 -0.2225 0.0000
vn 0.2757 0.2906 0.9163
vn 0.2757 0.2906 0.9163
vn 0.2757 0.2906 0.9163
vn 0.9925 0.1180 -0.0310
vn 0.9925 0.1180 -0.0310
vn 0.9925 0.1180 -0.0310
vn 0.3390 0.2661 -0.9024
vn 0.3390 0.2661 -0.9024
vn 0.3390 0.2661 -0.9024
vn -0.4339 0.9010 0.0000
vn -0.4339 0.9010 0.0000
vn -0.4339 0.9010 0.0000
vn 0.4304 0.1089 -0.8960
vn 0.4304 0.1089 -0.8960
vn 0.4304 0.1089 -0.8960
vn -0.4339 -0.9010 -0.0000
vn -0.4339 -0.9010 -0.0000
vn -0.4339 -0.9010 -0.0000
vn 0.1399 -0.4524 -0.8808
vn 0.1399 -0.4524 -0.8808
vn 0.1399 -0.4524 -0.8808
vn 0.4339 0.9010 0.0000
vn 0.4339 0.9010 0.0000
vn 0.4339 0.9010 0.0000
vn 0.4687 -0.8831 -0.0234
vn 0.4687 -0.8831 -0.0234
vn 0.4687 -0.8831 -0.0234
vn 0.3706 0.1002 0.9234
vn 0.3706 0.1002 0.9234
vn 0.3706 0.1002 0.9234
vn 0.9936 0.1107 -0.0246
vn 0.9936 0.1107 -0.0246
vn 0.9936 0.1107 -0.0246
vn 0.2713 -0.3364 0.9018
vn 0.2713 -0.3364 0.9018
vn 0.2713 -0.3364 0.9018
vn 0.6146 -0.7671 -0.1839
vn 0.6146 -0.7671 -0.1839
vn 0.6146 -0.7671 -0.1839
vn -0.1998 -0.9621 -0.1857
vn -0.1998 -0.9621 -0.1857
vn -0.1998 -0.9621 -0.1857
vn -0.0826 -0.4562 0.8860
vn -0.0826 -0.4562 0.8860
vn -0.0826 -0.4562 0.8860
vn -0.7818 -0.6235 0.0000
vn -0.7818 -0.6235 0.0000
vn -0.7818 -0.6235 0.0000
vn -0.0704 0.4207 0.9045
vn -0.0704 0.4207 0.9045
vn -0.0704 0.4207 0.9045
vn 0.7818 0.6235 0.0000
vn 0.7818 0.6235 0.0000
vn 0.7818 0.6235 0.0000
vn -0.4388 -0.0386 0.8978
vn -0.4388 -0.0386 0.8978
vn -0.4388 -0.0386 0.8978
vn -0.9309 0.3479 -0.1111
vn -0.9309 0.3479 -0.1111
vn -0.9309 0.3479 -0.1111
vn 0.7818 0.6235 0.0000
vn 0.7818 0.6235 0.0000
vn 0.7818 0.6235 0.0000
vn -0.2277 0.3913 -0.8916
vn -0.2277 0.3913 -0.8916
vn -0.2277 0.3913 -0.8916
vn -0.4467 0.2588 -0.8564
vn -0.4467 0.2588 -0.8564
vn -0.4467 0.2588 -0.8564
vn -0.8979 -0.4402 0.0005
vn -0.8979 -0.4402 0.0005
vn -0.8979 -0.4402 0.0005
vn -0.0485 -0.4897 -0.8705
vn -0.0485 -0.4897 -0.8705
vn -0.0485 -0.4897 -0.8705
vn -0.9482 -0.2863 -0.1375
vn -0.9482 -0.2863 -0.1375
vn -0.9482 -0.2863 -0.1375
vn -0.1538 -0.9774 -0.1451
vn -0.1538 -0.9774 -0.1451
vn -0.1538 -0.9774 -0.1451
vn 0.7818 -0.6235 0.0000
vn 0.7818 -0.6235 0.0000
vn 0.7818 -0.6235 0.0000
vn -0.7818 0.6235 0.0000
vn -0.7818 0.6235 0.0000
vn -0.7818 0.6235 0.0000
vn 0.0000 1.0000 0.0000
vn 0.0000 1.0000 0.0000
vn 0.0000 1.0000 0.0000
vn -0.0000 -1.0000 -0.0000
vn -0.0000 -1.0000 -0.0000
vn -0.0000 -1.0000 -0.0000
vn -0.8999 0.4328 -0.0536
vn -0.8999 0.4328 -0.0536
vn -0.8999 0.4328 -0.0536
vn -0.7818 -0.6235 0.0000
vn -0.7818 -0.6235 0.0000
vn -0.7818 -0.6235 0.0000
vn -0.1513 0.4855 0.8611
vn -0.1513 0.4855 0.8611
vn -0.1513 0.4855 0.8611
vn 0.4248 0.3047 0.8525
vn 0.4248 0.3047 0.8525
vn 0.4248 0.3047 0.8525
vn 0.5233 -0.0042 0.8521
vn 0.5233 -0.0042 0.8521
vn 0.5233 -0.0042 0.8521
vn 0.5467 -0.8297 0.1131
vn 0.5467 -0.8297 0.1131
vn 0.5467 -0.8297 0.1131
vn -0.0322 -0.5174 0.8551
vn -0.0322 -0.5174 0.8551
vn -0.0322 -0.5174 0.8551
vn -0.2833 -0.9463 0.1559
vn -0.2833 -0.9463 0.1559
vn -0.2833 -0.9463 0.1559
vn 0.9749 0.2225 0.0000
vn 0.9749 0.2225 0.0000
vn 0.9749 0.2225 0.0000
vn 0.4339 -0.9010 0.0000
vn 0.4339 -0.9010 0.0000
vn 0.4339 -0.9010 0.0000
vn 0.2415 0.3401 -0.9088
vn 0.2415 0.3401 -0.9088
vn 0.2415 0.3401 -0.9088
vn -0.0418 0.3990 -0.9160
vn -0.0418 0.3990 -0.9160
vn -0.0418 0.3990 -0.9160
vn -0.9749 0.2225 0.0000
vn -0.9749 0.2225 0.0000
vn -0.9749 0.2225 0.0000
vn 0.9749 -0.2225 0.0000
vn 0.9749 -0.2225 0.0000
vn 0.9749 -0.2225 0.0000
vn -0.1591 -0.3932 -0.9056
vn -0.1591 -0.3932 -0.9056
vn -0.1591 -0.3932 -0.9056
vn -0.9749 -0.2225 -0.0000
vn -0.9749 -0.2225 -0.0000
vn -0.9749 -0.2225 -0.0000
vn -0.1383 -0.9900 0.0269
vn -0.1383 -0.9900 0.0269
vn -0.1383 -0.9900 0.0269
vn 0.5910 -0.7900 0.1636
vn 0.5910 -0.7900 0.1636
vn 0.5910 -0.7900 0.1636
vn 0.1891 -0.2845 -0.9399
vn 0.1891 -0.2845 -0.9399
vn 0.1891 -0.2845 -0.9399
vn 0.3636 0.0868 -0.9275
vn 0.3636 0.0868 -0.9275
vn 0.3636 0.0868 -0.9275
vn 0.9894 0.0911 0.1130
vn 0.9894 0.0911 0.1130
vn 0.9894 0.0911 0.1130
vn 0.2768 -0.4863 0.8288
vn 0.2768 -0.4863 0.8288
vn 0.2768 -0.4863 0.8288
vn 0.9749 0.2225 -0.0000
vn 0.9749 0.2225 -0.0000
vn 0.9749 0.2225 -0.0000
vn 0.9995 -0.0043 0.0312
vn 0.9995 -0.0043 0.0312
vn 0.9995 -0.0043 0.0312
vn 0.6037 0.7966 0.0309
vn 0.6037 0.7966 0.0309
vn 0.6037 0.7966 0.0309
vn 0.4339 -0.9010 0.0000
vn 0.4339 -0.9010 0.0000
vn 0.4339 -0.9010 0.0000
vn 0.7193 0.6865 -0.1060
vn 0.7193 0.6865 -0.1060
vn 0.7193 0.6865 -0.1060
vn 0.9749 -0.2225 0.0000
vn 0.9749 -0.2225 0.0000
vn 0.9749 -0.2225 0.0000
vn -0.1698 0.9849 -0.0346
vn -0.1698 0.9849 -0.0346
vn -0.1698 0.9849 -0.0346
vn 0.7818 0.6235 0.0000
vn 0.7818 0.6235 0.0000
vn 0.7818 0.6235 0.0000
vn -0.2572 0.9598 -0.1123
vn -0.2572 0.9598 -0.1123
vn -0.2572 0.9598 -0.1123
vn -0.3530 -0.2846 0.8913
vn -0.3530 -0.2846 0.8913
vn -0.3530 -0.2846 0.8913
vn 0.0000 -1.0000 0.0000
vn 0.0000 -1.0000 0.0000
vn 0.0000 -1.0000 0.0000
vn -0.4727 0.2271 0.8515
vn -0.4727 0.2271 0.8515
vn -0.4727 0.2271 0.8515
vn -0.3571 0.1504 -0.9219
vn -0.3571 0.1504 -0.9219
vn -0.3571 0.1504 -0.9219
vn -0.8942 -0.4468 0.0284
vn -0.8942 -0.4468 0.0284
vn -0.8942 -0.4468 0.0284
vn -0.9097 0.4137 -0.0352
vn -0.9097 0.4137 -0.0352
vn -0.9097 0.4137 -0.0352
vn -0.8488 -0.5264 -0.0506
vn -0.8488 -0.5264 -0.0506
vn -0.8488 -0.5264 -0.0506
vn 0.0000 1.0000 0.0000
vn 0.0000 1.0000 0.0000
vn 0.0000 1.0000 0.0000
vn 0.7818 -0.6235 0.0000
vn 0.7818 -0.6235 0.0000
vn 0.7818 -0.6235 0.0000
vn -0.4769 -0.2462 -0.8438
vn -0.4769 -0.2462 -0.8438
vn -0.4769 -0.2462 -0.8438
vn -0.3898 -0.2162 -0.8952
vn -0.3898 -0.2162 -0.8952
vn -0.3898 -0.2162 -0.8952
vn -0.8811 0.4709 0.0437
vn -0.8811 0.4709 0.0437
vn -0.8811 0.4709 0.0437
vn -0.0000 1.0000 0.0000
vn -0.0000 1.0000 0.0000
vn -0.0000 1.0000 0.0000
vn -0.1719 0.3962 0.9019
vn -0.1719 0.3962 0.9019
vn -0.1719 0.3962 0.9019
vn 0.4535 0.3892 0.8018
vn 0.4535 0.3892 0.8018
vn 0.4535 0.3892 0.8018
vn -0.4339 0.9010 0.0000
vn -0.4339 0.9010 0.0000
vn -0.4339 0.9010 0.0000
vn 0.5149 -0.0110 0.8572
vn 0.5149 -0.0110 0.8572
vn 0.5149 -0.0110 0.8572
vn 0.5922 -0.7847 0.1833
vn 0.5922 -0.7847 0.1833
vn 0.5922 -0.7847 0.1833
vn 0.3631 -0.0028 -0.9318
vn 0.3631 -0.0028 -0.9318
vn 0.3631 -0.0028 -0.9318
vn 0.9749 -0.2225 0.0000
vn 0.9749 -0.2225 0.0000
vn 0.9749 -0.2225 0.0000
vn -0.9749 0.2225 0.0000
vn -0.9749 0.2225 0.0000
vn -0.9749 0.2225 0.0000
vn 0.2314 0.2724 -0.9339
vn 0.2314 0.2724 -0.9339
vn 0.2314 0.2724 -0.9339
vn -0.4339 -0.9010 -0.0000
vn -0.4339 -0.9010 -0.0000
vn -0.4339 -0.9010 -0.0000
vn 0.4339 0.9010 0.0000
vn 0.4339 0.9010 0.0000
vn 0.4339 0.9010 0.0000
vn -0.9749 -0.2225 -0.0000
vn -0.9749 -0.2225 -0.0000
vn -0.9749 -0.2225 -0.0000
vn 0.2782 -0.3954 -0.8754
vn 0.2782 -0.3954 -0.8754
vn 0.2782 -0.3954 -0.8754
vn 0.7620 -0.6475 -0.0049
vn 0.7620 -0.6475 -0.0049
vn 0.7620 -0.6475 -0.0049
vn -0.0481 -0.3321 0.9420
vn -0.0481 -0.3321 0.9420
vn -0.0481 -0.3321 0.9420
vn -0.9749 -0.2225 -0.0000
vn -0.9749 -0.2225 -0.0000
vn -0.9749 -0.2225 -0.0000
vn 0.9826 -0.0028 0.1859
vn 0.9826 -0.0028 0.1859
vn 0.9826 -0.0028 0.1859
vn 0.4202 -0.2327 0.8771
vn 0.4202 -0.2327 0.8771
vn 0.4202 -0.2327 0.8771
vn 0.9749 0.2225 -0.0000
vn 0.9749 0.2225 -0.0000
vn 0.9749 0.2225 -0.0000
vn 0.4339 -0.9010 0.0000
vn 0.4339 -0.9010 0.0000
vn 0.4339 -0.9010 0.0000
vn 0.9839 -0.0120 0.1782
vn 0.9839 -0.0120 0.1782
vn 0.9839 -0.0120 0.1782
vn 0.6219 0.7621 0.1801
vn 0.6219 0.7621 0.1801
vn 0.6219 0.7621 0.1801
vn 0.7047 0.7032 0.0939
vn 0.7047 0.7032 0.0939
vn 0.7047 0.7032 0.0939
vn -0.9749 0.2225 0.0000
vn -0.9749 0.2225 0.0000
vn -0.9749 0.2225 0.0000
vn -0.4218 -0.0201 0.9065
vn -0.4218 -0.0201 0.9065
vn -0.4218 -0.0201 0.9065
vn -0.4039 0.2051 0.8915
vn -0.4039 0.2051 0.8915
vn -0.4039 0.2051 0.8915
vn 0.0000 -1.0000 0.0000
vn 0.0000 -1.0000 0.0000
vn 0.0000 -1.0000 0.0000
vn -0.8964 0.4429 0.0163
vn -0.8964 0.4429 0.0163
vn -0.8964 0.4429 0.0163
vn -0.3845 0.9187 0.0903
vn -0.3845 0.9187 0.0903
vn -0.3845 0.9187 0.0903
vn -0.3055 0.9521 0.0168
vn -0.3055 0.9521 0.0168
vn -0.3055 0.9521 0.0168
vn -0.2432 0.3341 -0.9106
vn -0.2432 0.3341 -0.9106
vn -0.2432 0.3341 -0.9106
vn -0.3731 0.2245 -0.9002
vn -0.3731 0.2245 -0.9002
vn -0.3731 0.2245 -0.9002
vn -0.1924 -0.9721 -0.1340
vn -0.1924 -0.9721 -0.1340
vn -0.1924 -0.9721 -0.1340
vn -0.8883 -0.4571 0.0440
vn -0.8883 -0.4571 0.0440
vn -0.8883 -0.4571 0.0440
vn -0.9539 -0.2737 -0.1231
vn -0.9539 -0.2737 -0.1231
vn -0.9539 -0.2737 -0.1231
vn -0.3391 -0.9407 -0.0051
vn -0.3391 -0.9407 -0.0051
vn -0.3391 -0.9407 -0.0051
vn -0.2228 -0.4456 -0.8671
vn -0.2228 -0.4456 -0.8671
vn -0.2228 -0.4456 -0.8671
vn -0.7818 0.6235 0.0000
vn -0.7818 0.6235 0.0000
vn -0.7818 0.6235 0.0000
vn 0.0000 1.0000 0.0000
vn 0.0000 1.0000 0.0000
vn 0.0000 1.0000 0.0000
vn -0.2650 -0.3446 -0.9006
vn -0.2650 -0.3446 -0.9006
vn -0.2650 -0.3446 -0.9006
vn -0.8357 0.5384 0.1079
vn -0.8357 0.5384 0.1079
vn -0.8357 0.5384 0.1079
vn -0.0000 1.0000 0.0000
vn -0.0000 1.0000 0.0000
vn -0.0000 1.0000 0.0000
vn 0.7818 0.6235 0.0000
vn 0.7818 0.6235 0.0000
vn 0.7818 0.6235 0.0000
vn 0.3606 0.4107 0.8375
vn 0.3606 0.4107 0.8375
vn 0.3606 0.4107 0.8375
vn 0.6432 0.7656 0.0053
vn 0.6432 0.7656 0.0053
vn 0.6432 0.7656 0.0053
vn 0.2741 0.3599 -0.8918
vn 0.2741 0.3599 -0.8918
vn 0.2741 0.3599 -0.8918
vn 0.5192 -0.0354 -0.8539
vn 0.5192 -0.0354 -0.8539
vn 0.5192 -0.0354 -0.8539
vn 0.7751 -0.6208 0.1179
vn 0.7751 -0.6208 0.1179
vn 0.7751 -0.6208 0.1179
vn 0.9749 0.2225 -0.0000
vn 0.9749 0.2225 -0.0000
vn 0.9749 0.2225 -0.0000
vn 0.9749 0.2225 -0.0000
vn 0.9749 0.2225 -0.0000
vn 0.9749 0.2225 -0.0000
vn 0.7818 -0.6235 0.0000
vn 0.7818 -0.6235 0.0000
vn 0.7818 -0.6235 0.0000
vn 0.4339 0.9010 -0.0000
vn 0.4339 0.9010 -0.0000
vn 0.4339 0.9010 -0.0000
vn -0.0397 -0.5274 0.8487
vn -0.0397 -0.5274 0.8487
vn -0.0397 -0.5274 0.8487
vn 0.2516 -0.4607 0.8511
vn 0.2516 -0.4607 0.8511
vn 0.2516 -0.4607 0.8511
vn -0.4339 -0.9010 -0.0000
vn -0.4339 -0.9010 -0.0000
vn -0.4339 -0.9010 -0.0000
vn 0.5503 -0.8226 -0.1429
vn 0.5503 -0.8226 -0.1429
vn 0.5503 -0.8226 -0.1429
vn 0.4101 -0.1684 -0.8964
vn 0.4101 -0.1684 -0.8964
vn 0.4101 -0.1684 -0.8964
vn 0.4339 0.9010 0.0000
vn 0.4339 0.9010 0.0000
vn 0.4339 0.9010 0.0000
vn -0.4339 0.9010 0.0000
vn -0.4339 0.9010 0.0000
vn -0.4339 0.9010 0.0000
vn 0.5198 0.1798 0.8351
vn 0.5198 0.1798 0.8351
vn 0.5198 0.1798 0.8351
vn 0.6150 0.7877 0.0362
vn 0.6150 0.7877 0.0362
vn 0.6150 0.7877 0.0362
vn -0.4339 0.9010 0.0000
vn -0.4339 0.9010 0.0000
vn -0.4339 0.9010 0.0000
vn -0.0582 0.5163 0.8544
vn -0.0582 0.5163 0.8544
vn -0.0582 0.5163 0.8544
vn -0.1651 0.9863 0.0055
vn -0.1651 0.9863 0.0055
vn -0.1651 0.9863 0.0055
vn -0.5010 -0.1802 0.8465
vn -0.5010 -0.1802 0.8465
vn -0.5010 -0.1802 0.8465
vn -0.4739 0.2636 0.8402
vn -0.4739 0.2636 0.8402
vn -0.4739 0.2636 0.8402
vn 0.0000 -1.0000 0.0000
vn 0.0000 -1.0000 0.0000
vn 0.0000 -1.0000 0.0000
vn -0.8862 0.4623 0.0301
vn -0.8862 0.4623 0.0301
vn -0.8862 0.4623 0.0301
vn 0.7818 0.6235 0.0000
vn 0.7818 0.6235 0.0000
vn 0.7818 0.6235 0.0000
vn -0.1389 0.9899 0.0283
vn -0.1389 0.9899 0.0283
vn -0.1389 0.9899 0.0283
vn -0.0159 0.4310 -0.9022
vn -0.0159 0.4310 -0.9022
vn -0.0159 0.4310 -0.9022
vn -0.1492 -0.9821 -0.1145
vn -0.1492 -0.9821 -0.1145
vn -0.1492 -0.9821 -0.1145
vn -0.7906 -0.6038 0.1021
vn -0.7906 -0.6038 0.1021
vn -0.7906 -0.6038 0.1021
vn -0.9158 -0.3846 -0.1160
vn -0.9158 -0.3846 -0.1160
vn -0.9158 -0.3846 -0.1160
vn -0.4097 -0.9043 0.1199
vn -0.4097 -0.9043 0.1199
vn -0.4097 -0.9043 0.1199
vn -0.3268 -0.4629 -0.8240
vn -0.3268 -0.4629 -0.8240
vn -0.3268 -0.4629 -0.8240
vn -0.7818 -0.6235 0.0000
vn -0.7818 -0.6235 0.0000
vn -0.7818 -0.6235 0.0000
vn -0.7818 0.6235 0.0000
vn -0.7818 0.6235 0.0000
vn -0.7818 0.6235 0.0000
vn -0.2726 0.2600 -0.9264
vn -0.2726 0.2600 -0.9264
vn -0.2726 0.2600 -0.9264
vn -0.4049 -0.0450 -0.9132
vn -0.4049 -0.0450 -0.9132
vn -0.4049 -0.0450 -0.9132
vn -0.9213 0.3791 0.0870
vn -0.9213 0.3791 0.0870
vn -0.9213 0.3791 0.0870
vn -0.0269 0.4811 -0.8763
vn -0.0269 0.4811 -0.8763
vn -0.0269 0.4811 -0.8763
vn 0.4497 0.8926 0.0313
vn 0.4497 0.8926 0.0313
vn 0.4497 0.8926 0.0313
vn 0.9930 -0.0296 0.1148
vn 0.9930 -0.0296 0.1148
vn 0.9930 -0.0296 0.1148
vn -0.4339 -0.9010 -0.0000
vn -0.4339 -0.9010 -0.0000
vn -0.4339 -0.9010 -0.0000
vn -0.9749 -0.2225 -0.0000
vn -0.9749 -0.2225 -0.0000
vn -0.9749 -0.2225 -0.0000
vn -0.2403 -0.9602 -0.1426
vn -0.2403 -0.9602 -0.1426
vn -0.2403 -0.9602 -0.1426
vn 0.7818 -0.6235 0.0000
vn 0.7818 -0.6235 0.0000
vn 0.7818 -0.6235 0.0000
vn -0.3710 -0.1181 0.9211
vn -0.3710 -0.1181 0.9211
vn -0.3710 -0.1181 0.9211
vn -0.7818 0.6235 0.0000
vn -0.7818 0.6235 0.0000
vn -0.7818 0.6235 0.0000
vn 0.9749 0.2225 -0.0000
vn 0.9749 0.2225 -0.0000
vn 0.9749 0.2225 -0.0000
vn -0.1219 -0.4370 0.8912
vn -0.1219 -0.4370 0.8912
vn -0.1219 -0.4370 0.8912
vn 0.1592 -0.4768 -0.8645
vn 0.1592 -0.4768 -0.8645
vn 0.1592 -0.4768 -0.8645
vn 0.4339 0.9010 0.0000
vn 0.4339 0.9010 0.0000
vn 0.4339 0.9010 0.0000
vn 0.4339 0.9010 -0.0000
vn 0.4339 0.9010 -0.0000
vn 0.4339 0.9010 -0.0000
vn 0.9749 -0.2225 0.0000
vn 0.9749 -0.2225 0.0000
vn 0.9749 -0.2225 0.0000
vn 0.9749 -0.2225 0.0000
vn 0.9749 -0.2225 0.0000
vn 0.9749 -0.2225 0.0000
vn 0.4809 -0.8708 0.1026
vn 0.4809 -0.8708 0.1026
vn 0.4809 -0.8708 0.1026
vn 0.3554 -0.2657 0.8962
vn 0.3554 -0.2657 0.8962
vn 0.3554 -0.2657 0.8962
vn 0.6996 -0.7015 -0.1356
vn 0.6996 -0.7015 -0.1356
vn 0.6996 -0.7015 -0.1356
vn 0.3059 -0.0267 -0.9517
vn 0.3059 -0.0267 -0.9517
vn 0.3059 -0.0267 -0.9517
vn 0.3672 -0.1087 0.9238
vn 0.3672 -0.1087 0.9238
vn 0.3672 -0.1087 0.9238
vn 0.2179 0.2203 0.9508
vn 0.2179 0.2203 0.9508
vn 0.2179 0.2203 0.9508
vn 0.9917 -0.1242 0.0331
vn 0.9917 -0.1242 0.0331
vn 0.9917 -0.1242 0.0331
vn 0.9749 -0.2225 0.0000
vn 0.9749 -0.2225 0.0000
vn 0.9749 -0.2225 0.0000
vn 0.6406 0.7475 -0.1759
vn 0.6406 0.7475 -0.1759
vn 0.6406 0.7475 -0.1759
vn 0.0843 0.4067 -0.9097
vn 0.0843 0.4067 -0.9097
vn 0.0843 0.4067 -0.9097
vn -0.9749 0.2225 0.0000
vn -0.9749 0.2225 0.0000
vn -0.9749 0.2225 0.0000
vn -0.7818 -0.6235 0.0000
vn -0.7818 -0.6235 0.0000
vn -0.7818 -0.6235 0.0000
vn -0.1438 0.9859 0.0860
vn -0.1438 0.9859 0.0860
vn -0.1438 0.9859 0.0860
vn -0.3119 0.3914 0.8658
vn -0.3119 0.3914 0.8658
vn -0.3119 0.3914 0.8658
vn -0.3581 0.2855 0.8890
vn -0.3581 0.2855 0.8890
vn -0.3581 0.2855 0.8890
vn -0.4136 0.8967 -0.1579
vn -0.4136 0.8967 -0.1579
vn -0.4136 0.8967 -0.1579
vn -0.9233 -0.3797 -0.0572
vn -0.9233 -0.3797 -0.0572
vn -0.9233 -0.3797 -0.0572
vn -0.8497 0.5246 -0.0526
vn -0.8497 0.5246 -0.0526
vn -0.8497 0.5246 -0.0526
vn -0.9549 -0.2961 0.0204
vn -0.9549 -0.2961 0.0204
vn -0.9549 -0.2961 0.0204
vn -0.0558 -0.9982 0.0201
vn -0.0558 -0.9982 0.0201
vn -0.0558 -0.9982 0.0201
vn 0.0621 -0.4332 -0.8991
vn 0.0621 -0.4332 -0.8991
vn 0.0621 -0.4332 -0.8991
vn -0.7818 -0.6235 0.0000
vn -0.7818 -0.6235 0.0000
vn -0.7818 -0.6235 0.0000
vn -0.7818 0.6235 0.0000
vn -0.7818 0.6235 0.0000
vn -0.7818 0.6235 0.0000
vn -0.4019 0.1304 -0.9064
vn -0.4019 0.1304 -0.9064
vn -0.4019 0.1304 -0.9064
vn -0.0000 -1.0000 -0.0000
vn -0.0000 -1.0000 -0.0000
vn -0.0000 -1.0000 -0.0000
vn -0.8875 0.4568 0.0607
vn -0.8875 0.4568 0.0607
vn -0.8875 0.4568 0.0607
vn -0.7818 -0.6235 0.0000
vn -0.7818 -0.6235 0.0000
vn -0.7818 -0.6235 0.0000
vn -0.9749 0.2225 0.0000
vn -0.9749 0.2225 0.0000
vn -0.9749 0.2225 0.0000
vn -0.4339 0.9010 0.0000
vn -0.4339 0.9010 0.0000
vn -0.4339 0.9010 0.0000
vn 0.5575 0.0254 0.8298
vn 0.5575 0.0254 0.8298
vn 0.5575 0.0254 0.8298
vn 0.7023 -0.7039 0.1060
vn 0.7023 -0.7039 0.1060
vn 0.7023 -0.7039 0.1060
vn 0.4819 0.0182 -0.8761
vn 0.4819 0.0182 -0.8761
vn 0.4819 0.0182 -0.8761
vn 0.2349 0.3904 -0.8902
vn 0.2349 0.3904 -0.8902
vn 0.2349 0.3904 -0.8902
vn 0.7818 0.6235 0.0000
vn 0.7818 0.6235 0.0000
vn 0.7818 0.6235 0.0000
vn -0.0193 0.4498 -0.8929
vn -0.0193 0.4498 -0.8929
vn -0.0193 0.4498 -0.8929
vn -0.4339 0.9010 0.0000
vn -0.4339 0.9010 0.0000
vn -0.4339 0.9010 0.0000
vn 0.4339 -0.9010 0.0000
vn 0.4339 -0.9010 0.0000
vn 0.4339 -0.9010 0.0000
vn 0.3549 -0.2677 -0.8958
vn 0.3549 -0.2677 -0.8958
vn 0.3549 -0.2677 -0.8958
vn -0.2507 -0.9668 0.0487
vn -0.2507 -0.9668 0.0487
vn -0.2507 -0.9668 0.0487
vn -0.0267 -0.4017 0.9154
vn -0.0267 -0.4017 0.9154
vn -0.0267 -0.4017 0.9154
vn -0.9749 -0.2225 -0.0000
vn -0.9749 -0.2225 -0.0000
vn -0.9749 -0.2225 -0.0000
vn -0.1555 -0.9872 -0.0351
vn -0.1555 -0.9872 -0.0351
vn -0.1555 -0.9872 -0.0351
vn 0.9749 0.2225 0.0000
vn 0.9749 0.2225 0.0000
vn 0.9749 0.2225 0.0000
vn 0.7538 -0.6557 0.0443
vn 0.7538 -0.6557 0.0443
vn 0.7538 -0.6557 0.0443
vn 0.4351 -0.2690 0.8592
vn 0.4351 -0.2690 0.8592
vn 0.4351 -0.2690 0.8592
vn 0.9749 0.2225 -0.0000
vn 0.9749 0.2225 -0.0000
vn 0.9749 0.2225 -0.0000
vn 0.9941 0.0175 0.1073
vn 0.9941 0.0175 0.1073
vn 0.9941 0.0175 0.1073
vn 0.4339 -0.9010 0.0000
vn 0.4339 -0.9010 0.0000
vn 0.4339 -0.9010 0.0000
vn 0.9947 0.0261 0.0999
vn 0.9947 0.0261 0.0999
vn 0.9947 0.0261 0.0999
vn 0.5730 0.8130 0.1032
vn 0.5730 0.8130 0.1032
vn 0.5730 0.8130 0.1032
vn 0.4717 0.1927 0.8604
vn 0.4717 0.1927 0.8604
vn 0.4717 0.1927 0.8604
vn 0.7824 0.6041 -0.1515
vn 0.7824 0.6041 -0.1515
vn 0.7824 0.6041 -0.1515
vn -0.7818 0.6235 0.0000
vn -0.7818 0.6235 0.0000
vn -0.7818 0.6235 0.0000
vn -0.1428 0.9817 0.1262
vn -0.1428 0.9817 0.1262
vn -0.1428 0.9817 0.1262
vn -0.3257 0.3284 0.8866
vn -0.3257 0.3284 0.8866
vn -0.3257 0.3284 0.8866
vn -0.4479 0.8813 -0.1508
vn -0.4479 0.8813 -0.1508
vn -0.4479 0.8813 -0.1508
vn -0.4387 0.0371 0.8978
vn -0.4387 0.0371 0.8978
vn -0.4387 0.0371 0.8978
vn -0.9787 -0.2030 -0.0311
vn -0.9787 -0.2030 -0.0311
vn -0.9787 -0.2030 -0.0311
vn -0.4269 0.2334 0.8736
vn -0.4269 0.2334 0.8736
vn -0.4269 0.2334 0.8736
vn -0.4899 0.1728 -0.8545
vn -0.4899 0.1728 -0.8545
vn -0.4899 0.1728 -0.8545
vn -0.9491 -0.3081 0.0649
vn -0.9491 -0.3081 0.0649
vn -0.9491 -0.3081 0.0649
vn -0.9151 0.3824 0.1281
vn -0.9151 0.3824 0.1281
vn -0.9151 0.3824 0.1281
vn 0.0000 1.0000 0.0000
vn 0.0000 1.0000 0.0000
vn 0.0000 1.0000 0.0000
vn -0.9749 -0.2225 -0.0000
vn -0.9749 -0.2225 -0.0000
vn -0.9749 -0.2225 -0.0000
vn -0.4720 -0.0786 -0.8781
vn -0.4720 -0.0786 -0.8781
vn -0.4720 -0.0786 -0.8781
vn -0.1156 -0.3828 -0.9166
vn -0.1156 -0.3828 -0.9166
vn -0.1156 -0.3828 -0.9166
vn -0.2393 -0.9681 0.0740
vn -0.2393 -0.9681 0.0740
vn -0.2393 -0.9681 0.0740
vn -0.2946 -0.9476 0.1239
vn -0.2946 -0.9476 0.1239
vn -0.2946 -0.9476 0.1239
vn -0.1033 -0.9771 0.1860
vn -0.1033 -0.9771 0.1860
vn -0.1033 -0.9771 0.1860
vn 0.6613 -0.7471 0.0673
vn 0.6613 -0.7471 0.0673
vn 0.6613 -0.7471 0.0673
vn -0.3702 -0.9278 -0.0464
vn -0.3702 -0.9278 -0.0464
vn -0.3702 -0.9278 -0.0464
vn 0.7537 -0.6556 -0.0455
vn 0.7537 -0.6556 -0.0455
vn 0.7537 -0.6556 -0.0455
vn -0.1503 -0.4453 -0.8827
vn -0.1503 -0.4453 -0.8827
vn -0.1503 -0.4453 -0.8827
vn -0.0967 -0.9947 -0.0348
vn -0.0967 -0.9947 -0.0348
vn -0.0967 -0.9947 -0.0348
vn 0.9749 0.2225 -0.0000
vn 0.9749 0.2225 -0.0000
vn 0.9749 0.2225 -0.0000
vn 0.0137 -0.5151 0.8570
vn 0.0137 -0.5151 0.8570
vn 0.0137 -0.5151 0.8570
vn 0.6143 -0.7862 0.0665
vn 0.6143 -0.7862 0.0665
vn 0.6143 -0.7862 0.0665
vn -0.9749 -0.2225 -0.0000
vn -0.9749 -0.2225 -0.0000
vn -0.9749 -0.2225 -0.0000
vn 0.3149 -0.4102 0.8559
vn 0.3149 -0.4102 0.8559
vn 0.3149 -0.4102 0.8559
vn -0.9138 -0.3945 0.0965
vn -0.9138 -0.3945 0.0965
vn -0.9138 -0.3945 0.0965
vn -0.9665 -0.2546 -0.0333
vn -0.9665 -0.2546 -0.0333
vn -0.9665 -0.2546 -0.0333
vn 0.3020 -0.3049 -0.9032
vn 0.3020 -0.3049 -0.9032
vn 0.3020 -0.3049 -0.9032
vn -0.2655 -0.9573 0.1141
vn -0.2655 -0.9573 0.1141
vn -0.2655 -0.9573 0.1141
vn 0.6546 -0.7473 0.1141
vn 0.6546 -0.7473 0.1141
vn 0.6546 -0.7473 0.1141
vn 0.9749 0.2225 0.0000
vn 0.9749 0.2225 0.0000
vn 0.9749 0.2225 0.0000
vn -0.9749 -0.2225 -0.0000
vn -0.9749 -0.2225 -0.0000
vn -0.9749 -0.2225 -0.0000
vn 0.0753 -0.4984 -0.8636
vn 0.0753 -0.4984 -0.8636
vn 0.0753 -0.4984 -0.8636
vn -0.0215 -0.9998 0.0056
vn -0.0215 -0.9998 0.0056
vn -0.0215 -0.9998 0.0056
vn 0.7818 -0.6235 0.0000
vn 0.7818 -0.6235 0.0000
vn 0.7818 -0.6235 0.0000
vn -0.4339 -0.9010 -0.0000
vn -0.4339 -0.9010 -0.0000
vn -0.4339 -0.9010 -0.0000
vn -0.8695 -0.4662 -0.1631
vn -0.8695 -0.4662 -0.1631
vn -0.8695 -0.4662 -0.1631
vn 0.0889 -0.4626 0.8821
vn 0.0889 -0.4626 0.8821
vn 0.0889 -0.4626 0.8821
vn 0.1425 -0.4501 0.8815
vn 0.1425 -0.4501 0.8815
vn 0.1425 -0.4501 0.8815
vn -0.9570 -0.2900 0.0058
vn -0.9570 -0.2900 0.0058
vn -0.9570 -0.2900 0.0058
vn 0.4725 -0.8811 0.0175
vn 0.4725 -0.8811 0.0175
vn 0.4725 -0.8811 0.0175
vn -0.0351 -0.9992 0.0175
vn -0.0351 -0.9992 0.0175
vn -0.0351 -0.9992 0.0175
vn 0.4420 -0.8958 0.0470
vn 0.4420 -0.8958 0.0470
vn 0.4420 -0.8958 0.0470
vn -0.4339 -0.9010 -0.0000
vn -0.4339 -0.9010 -0.0000
vn -0.4339 -0.9010 -0.0000
vn 0.1434 -0.5290 -0.8364
vn 0.1434 -0.5290 -0.8364
vn 0.1434 -0.5290 -0.8364
vn -0.9749 -0.2225 -0.0000
vn -0.9749 -0.2225 -0.0000
vn -0.9749 -0.2225 -0.0000
vn -0.0310 -0.9928 -0.1155
vn -0.0310 -0.9928 -0.1155
vn -0.0310 -0.9928 -0.1155
vn 0.4655 -0.8778 -0.1127
vn 0.4655 -0.8778 -0.1127
vn 0.4655 -0.8778 -0.1127
vn 0.5801 -0.8146 -0.0006
vn 0.5801 -0.8146 -0.0006
vn 0.5801 -0.8146 -0.0006
vn -0.1650 -0.9863 -0.0006
vn -0.1650 -0.9863 -0.0006
vn -0.1650 -0.9863 -0.0006
vn -0.0000 -1.0000 -0.0000
vn -0.0000 -1.0000 -0.0000
vn -0.0000 -1.0000 -0.0000
vn -0.4062 0.2387 -0.8821
vn -0.4062 0.2387 -0.8821
vn -0.4062 0.2387 -0.8821
vn -0.9444 -0.3025 0.1290
vn -0.9444 -0.3025 0.1290
vn -0.9444 -0.3025 0.1290
vn 0.7818 -0.6235 0.0000
vn 0.7818 -0.6235 0.0000
vn 0.7818 -0.6235 0.0000
vn -0.4339 -0.9010 -0.0000
vn -0.4339 -0.9010 -0.0000
vn -0.4339 -0.9010 -0.0000
vn 0.4339 0.9010 -0.0000
vn 0.4339 0.9010 -0.0000
vn 0.4339 0.9010 -0.0000
vn 0.9827 0.0152 -0.1848
vn 0.9827 0.0152 -0.1848
vn 0.9827 0.0152 -0.1848
vn 0.4992 0.1533 -0.8528
vn 0.4992 0.1533 -0.8528
vn 0.4992 0.1533 -0.8528
vn 0.5906 -0.8042 -0.0670
vn 0.5906 -0.8042 -0.0670
vn 0.5906 -0.8042 -0.0670
vn 0.2582 -0.3826 -0.8871
vn 0.2582 -0.3826 -0.8871
vn 0.2582 -0.3826 -0.8871
vn 0.9749 0.2225 0.0000
vn 0.9749 0.2225 0.0000
vn 0.9749 0.2225 0.0000
vn 0.4339 -0.9010 0.0000
vn 0.4339 -0.9010 0.0000
vn 0.4339 -0.9010 0.0000
vn 0.3422 0.0150 0.9395
vn 0.3422 0.0150 0.9395
vn 0.3422 0.0150 0.9395
vn 0.5922 -0.8032 -0.0654
vn 0.5922 -0.8032 -0.0654
vn 0.5922 -0.8032 -0.0654
vn 0.9852 0.1601 -0.0607
vn 0.9852 0.1601 -0.0607
vn 0.9852 0.1601 -0.0607
vn 0.2005 -0.3073 0.9302
vn 0.2005 -0.3073 0.9302
vn 0.2005 -0.3073 0.9302
vn -0.3619 -0.2029 0.9099
vn -0.3619 -0.2029 0.9099
vn -0.3619 -0.2029 0.9099
vn -0.7818 -0.6235 0.0000
vn -0.7818 -0.6235 0.0000
vn -0.7818 -0.6235 0.0000
vn -0.3627 0.1923 0.9118
vn -0.3627 0.1923 0.9118
vn -0.3627 0.1923 0.9118
vn -0.3051 -0.9503 -0.0629
vn -0.3051 -0.9503 -0.0629
vn -0.3051 -0.9503 -0.0629
vn -0.7818 0.6235 0.0000
vn -0.7818 0.6235 0.0000
vn -0.7818 0.6235 0.0000
vn -0.1721 -0.3837 0.9073
vn -0.1721 -0.3837 0.9073
vn -0.1721 -0.3837 0.9073
vn -0.0848 -0.9880 0.1291
vn -0.0848 -0.9880 0.1291
vn -0.0848 -0.9880 0.1291
vn -0.8885 -0.4586 -0.0127
vn -0.8885 -0.4586 -0.0127
vn -0.8885 -0.4586 -0.0127
vn 0.0000 1.0000 0.0000
vn 0.0000 1.0000 0.0000
vn 0.0000 1.0000 0.0000
vn -0.9749 -0.2225 -0.0000
vn -0.9749 -0.2225 -0.0000
vn -0.9749 -0.2225 -0.0000
vn -0.4367 -0.0562 -0.8979
vn -0.4367 -0.0562 -0.8979
vn -0.4367 -0.0562 -0.8979
vn 0.0423 -0.4382 -0.8979
vn 0.0423 -0.4382 -0.8979
vn 0.0423 -0.4382 -0.8979
vn -0.0000 -1.0000 -0.0000
vn -0.0000 -1.0000 -0.0000
vn -0.0000 -1.0000 -0.0000
vn -0.7818 -0.6235 0.0000
vn -0.7818 -0.6235 0.0000
vn -0.7818 -0.6235 0.0000
vn -0.9749 0.2225 0.0000
vn -0.9749 0.2225 0.0000
vn -0.9749 0.2225 0.0000
vn 0.9749 -0.2225 0.0000
vn 0.9749 -0.2225 0.0000
vn 0.9749 -0.2225 0.0000
vn 0.4772 -0.0441 -0.8777
vn 0.4772 -0.0441 -0.8777
vn 0.4772 -0.0441 -0.8777
vn 0.9969 0.0665 -0.0409
vn 0.9969 0.0665 -0.0409
vn 0.9969 0.0665 -0.0409
vn 0.4339 0.9010 -0.0000
vn 0.4339 0.9010 -0.0000
vn 0.4339 0.9010 -0.0000
vn 0.9749 -0.2225 0.0000
vn 0.9749 -0.2225 0.0000
vn 0.9749 -0.2225 0.0000
vn -0.0041 0.4210 0.9071
vn -0.0041 0.4210 0.9071
vn -0.0041 0.4210 0.9071
vn -0.0000 1.0000 0.0000
vn -0.0000 1.0000 0.0000
vn -0.0000 1.0000 0.0000
vn -0.5016 -0.1199 0.8568
vn -0.5016 -0.1199 0.8568
vn -0.5016 -0.1199 0.8568
vn 0.7818 -0.6235 0.0000
vn 0.7818 -0.6235 0.0000
vn 0.7818 -0.6235 0.0000
vn -0.0745 -0.3996 0.9136
vn -0.0745 -0.3996 0.9136
vn -0.0745 -0.3996 0.9136
vn -0.2495 -0.9660 0.0677
vn -0.2495 -0.9660 0.0677
vn -0.2495 -0.9660 0.0677
vn -0.2048 -0.9784 0.0279
vn -0.2048 -0.9784 0.0279
vn -0.2048 -0.9784 0.0279
vn 0.0000 -1.0000 0.0000
vn 0.0000 -1.0000 0.0000
vn 0.0000 -1.0000 0.0000
vn -0.4402 0.0677 0.8953
vn -0.4402 0.0677 0.8953
vn -0.4402 0.0677 0.8953
vn -0.9749 0.2225 0.0000
vn -0.9749 0.2225 0.0000
vn -0.9749 0.2225 0.0000
vn 0.2434 -0.3269 0.9132
vn 0.2434 -0.3269 0.9132
vn 0.2434 -0.3269 0.9132
vn -0.4339 -0.9010 -0.0000
vn -0.4339 -0.9010 -0.0000
vn -0.4339 -0.9010 -0.0000
vn 0.3142 0.3899 0.8656
vn 0.3142 0.3899 0.8656
vn 0.3142 0.3899 0.8656
vn 0.4766 0.0661 0.8767
vn 0.4766 0.0661 0.8767
vn 0.4766 0.0661 0.8767
vn 0.7039 -0.7073 0.0646
vn 0.7039 -0.7073 0.0646
vn 0.7039 -0.7073 0.0646
vn -0.4339 -0.9010 -0.0000
vn -0.4339 -0.9010 -0.0000
vn -0.4339 -0.9010 -0.0000
vn 0.6116 -0.7900 -0.0421
vn 0.6116 -0.7900 -0.0421
vn 0.6116 -0.7900 -0.0421
vn 0.3834 -0.3038 -0.8722
vn 0.3834 -0.3038 -0.8722
vn 0.3834 -0.3038 -0.8722
vn 0.9976 -0.0441 0.0543
vn 0.9976 -0.0441 0.0543
vn 0.9976 -0.0441 0.0543
vn 0.4339 0.9010 0.0000
vn 0.4339 0.9010 0.0000
vn 0.4339 0.9010 0.0000
vn 0.2915 0.3534 -0.8889
vn 0.2915 0.3534 -0.8889
vn 0.2915 0.3534 -0.8889
vn -0.9504 0.3076 -0.0463
vn -0.9504 0.3076 -0.0463
vn -0.9504 0.3076 -0.0463
vn -0.1537 0.5337 -0.8316
vn -0.1537 0.5337 -0.8316
vn -0.1537 0.5337 -0.8316
vn -0.9515 -0.3066 0.0260
vn -0.9515 -0.3066 0.0260
vn -0.9515 -0.3066 0.0260
vn -0.9436 -0.3312 0.0037
vn -0.9436 -0.3312 0.0037
vn -0.9436 -0.3312 0.0037
vn -0.9320 0.3625 0.0036
vn -0.9320 0.3625 0.0036
vn -0.9320 0.3625 0.0036
vn -0.4894 0.1501 -0.8591
vn -0.4894 0.1501 -0.8591
vn -0.4894 0.1501 -0.8591
vn -0.9749 -0.2225 -0.0000
vn -0.9749 -0.2225 -0.0000
vn -0.9749 -0.2225 -0.0000
vn -0.4474 -0.0705 -0.8916
vn -0.4474 -0.0705 -0.8916
vn -0.4474 -0.0705 -0.8916
vn -0.1087 -0.3579 -0.9274
vn -0.1087 -0.3579 -0.9274
vn -0.1087 -0.3579 -0.9274
vn -0.4546 -0.0782 -0.8873
vn -0.4546 -0.0782 -0.8873
vn -0.4546 -0.0782 -0.8873
vn -0.9402 0.3259 -0.0990
vn -0.9402 0.3259 -0.0990
vn -0.9402 0.3259 -0.0990
vn -0.3096 0.9508 0.0113
vn -0.3096 0.9508 0.0113
vn -0.3096 0.9508 0.0113
vn 0.5785 0.8131 0.0644
vn 0.5785 0.8131 0.0644
vn 0.5785 0.8131 0.0644
vn 0.4339 -0.9010 0.0000
vn 0.4339 -0.9010 0.0000
vn 0.4339 -0.9010 0.0000
vn -0.4339 -0.9010 -0.0000
vn -0.4339 -0.9010 -0.0000
vn -0.4339 -0.9010 -0.0000
vn 0.7031 -0.7058 -0.0863
vn 0.7031 -0.7058 -0.0863
vn 0.7031 -0.7058 -0.0863
vn 0.4339 0.9010 -0.0000
vn 0.4339 0.9010 -0.0000
vn 0.4339 0.9010 -0.0000
vn 0.3653 -0.2528 0.8959
vn 0.3653 -0.2528 0.8959
vn 0.3653 -0.2528 0.8959
vn -0.2136 -0.3560 0.9098
vn -0.2136 -0.3560 0.9098
vn -0.2136 -0.3560 0.9098
vn -0.3357 -0.2567 0.9063
vn -0.3357 -0.2567 0.9063
vn -0.3357 -0.2567 0.9063
vn 0.0000 -1.0000 0.0000
vn 0.0000 -1.0000 0.0000
vn 0.0000 -1.0000 0.0000
vn -0.9749 -0.2225 -0.0000
vn -0.9749 -0.2225 -0.0000
vn -0.9749 -0.2225 -0.0000
vn -0.4339 -0.9010 -0.0000
vn -0.4339 -0.9010 -0.0000
vn -0.4339 -0.9010 -0.0000
vn 0.7154 -0.6912 -0.1024
vn 0.7154 -0.6912 -0.1024
vn 0.7154 -0.6912 -0.1024
vn -0.3487 -0.9317 -0.1021
vn -0.3487 -0.9317 -0.1021
vn -0.3487 -0.9317 -0.1021
vn 0.3519 -0.2822 -0.8925
vn 0.3519 -0.2822 -0.8925
vn 0.3519 -0.2822 -0.8925
vn 0.4328 -0.2369 -0.8698
vn 0.4328 -0.2369 -0.8698
vn 0.4328 -0.2369 -0.8698
vn -0.4339 0.9010 0.0000
vn -0.4339 0.9010 0.0000
vn -0.4339 0.9010 0.0000
vn -0.4339 0.9010 0.0000
vn -0.4339 0.9010 0.0000
vn -0.4339 0.9010 0.0000
vn 0.9688 -0.2414 0.0566
vn 0.9688 -0.2414 0.0566
vn 0.9688 -0.2414 0.0566
vn 0.3866 -0.0770 0.9190
vn 0.3866 -0.0770 0.9190
vn 0.3866 -0.0770 0.9190
vn 0.9931 -0.0808 -0.0854
vn 0.9931 -0.0808 -0.0854
vn 0.9931 -0.0808 -0.0854
vn 0.1836 0.3105 -0.9327
vn 0.1836 0.3105 -0.9327
vn 0.1836 0.3105 -0.9327
vn -0.9749 0.2225 0.0000
vn -0.9749 0.2225 0.0000
vn -0.9749 0.2225 0.0000
vn 0.2217 0.2691 0.9372
vn 0.2217 0.2691 0.9372
vn 0.2217 0.2691 0.9372
vn 0.6285 0.7777 0.0119
vn 0.6285 0.7777 0.0119
vn 0.6285 0.7777 0.0119
vn -0.1709 0.3746 -0.9113
vn -0.1709 0.3746 -0.9113
vn -0.1709 0.3746 -0.9113
vn -0.7818 -0.6235 0.0000
vn -0.7818 -0.6235 0.0000
vn -0.7818 -0.6235 0.0000
vn -0.0349 0.3298 0.9434
vn -0.0349 0.3298 0.9434
vn -0.0349 0.3298 0.9434
vn 0.7818 0.6235 0.0000
vn 0.7818 0.6235 0.0000
vn 0.7818 0.6235 0.0000
vn -0.3657 0.1266 0.9221
vn -0.3657 0.1266 0.9221
vn -0.3657 0.1266 0.9221
vn -0.1792 0.9784 -0.1032
vn -0.1792 0.9784 -0.1032
vn -0.1792 0.9784 -0.1032
vn -0.8513 -0.5031 -0.1488
vn -0.8513 -0.5031 -0.1488
vn -0.8513 -0.5031 -0.1488
vn -0.9079 0.3879 -0.1587
vn -0.9079 0.3879 -0.1587
vn -0.9079 0.3879 -0.1587
vn -0.0600 -0.3874 -0.9200
vn -0.0600 -0.3874 -0.9200
vn -0.0600 -0.3874 -0.9200
vn -0.9494 -0.3119 0.0357
vn -0.9494 -0.3119 0.0357
vn -0.9494 -0.3119 0.0357
vn -0.1932 -0.9804 0.0379
vn -0.1932 -0.9804 0.0379
vn -0.1932 -0.9804 0.0379
vn 0.7818 -0.6235 0.0000
vn 0.7818 -0.6235 0.0000
vn 0.7818 -0.6235 0.0000
vn -0.7818 -0.6235 0.0000
vn -0.7818 -0.6235 0.0000
vn -0.7818 -0.6235 0.0000
vn -0.7818 0.6235 0.0000
vn -0.7818 0.6235 0.0000
vn -0.7818 0.6235 0.0000
vn -0.4536 0.1031 -0.8852
vn -0.4536 0.1031 -0.8852
vn -0.4536 0.1031 -0.8852
vn -0.0000 -1.0000 -0.0000
vn -0.0000 -1.0000 -0.0000
vn -0.0000 -1.0000 -0.0000
vn -0.8702 0.4884 -0.0643
vn -0.8702 0.4884 -0.0643
vn -0.8702 0.4884 -0.0643
vn -0.0593 0.4477 0.8922
vn -0.0593 0.4477 0.8922
vn -0.0593 0.4477 0.8922
vn -0.9749 0.2225 0.0000
vn -0.9749 0.2225 0.0000
vn -0.9749 0.2225 0.0000
vn 0.3125 0.4389 0.8424
vn 0.3125 0.4389 0.8424
vn 0.3125 0.4389 0.8424
vn 0.5087 -0.0935 0.8559
vn 0.5087 -0.0935 0.8559
vn 0.5087 -0.0935 0.8559
vn 0.6576 -0.7518 -0.0480
vn 0.6576 -0.7518 -0.0480
vn 0.6576 -0.7518 -0.0480
vn -0.2808 -0.9597 -0.0075
vn -0.2808 -0.9597 -0.0075
vn -0.2808 -0.9597 -0.0075
vn -0.1634 -0.4543 -0.8758
vn -0.1634 -0.4543 -0.8758
vn -0.1634 -0.4543 -0.8758
vn -0.0022 -0.5271 0.8498
vn -0.0022 -0.5271 0.8498
vn -0.0022 -0.5271 0.8498
vn 0.7818 -0.6235 0.0000
vn 0.7818 -0.6235 0.0000
vn 0.7818 -0.6235 0.0000
vn -0.7818 0.6235 0.0000
vn -0.7818 0.6235 0.0000
vn -0.7818 0.6235 0.0000
vn -0.1168 -0.9820 -0.1485
vn -0.1168 -0.9820 -0.1485
vn -0.1168 -0.9820 -0.1485
vn 0.6930 -0.7209 -0.0074
vn 0.6930 -0.7209 -0.0074
vn 0.6930 -0.7209 -0.0074
vn -0.4339 -0.9010 -0.0000
vn -0.4339 -0.9010 -0.0000
vn -0.4339 -0.9010 -0.0000
vn 0.4339 -0.9010 0.0000
vn 0.4339 -0.9010 0.0000
vn 0.4339 -0.9010 0.0000
vn 0.2413 0.3260 -0.9140
vn 0.2413 0.3260 -0.9140
vn 0.2413 0.3260 -0.9140
vn -0.0972 0.3875 -0.9167
vn -0.0972 0.3875 -0.9167
vn -0.0972 0.3875 -0.9167
vn -0.9749 0.2225 0.0000
vn -0.9749 0.2225 0.0000
vn -0.9749 0.2225 0.0000
vn 0.9749 -0.2225 0.0000
vn 0.9749 -0.2225 0.0000
vn 0.9749 -0.2225 0.0000
vn 0.3760 -0.3270 -0.8670
vn 0.3760 -0.3270 -0.8670
vn 0.3760 -0.3270 -0.8670
vn 0.4539 -0.2306 -0.8607
vn 0.4539 -0.2306 -0.8607
vn 0.4539 -0.2306 -0.8607
vn 0.3649 -0.3825 0.8488
vn 0.3649 -0.3825 0.8488
vn 0.3649 -0.3825 0.8488
vn 0.9749 0.2225 -0.0000
vn 0.9749 0.2225 -0.0000
vn 0.9749 0.2225 -0.0000
vn 0.9707 -0.2292 0.0727
vn 0.9707 -0.2292 0.0727
vn 0.9707 -0.2292 0.0727
vn 0.9946 -0.0915 -0.0489
vn 0.9946 -0.0915 -0.0489
vn 0.9946 -0.0915 -0.0489
vn 0.4339 -0.9010 0.0000
vn 0.4339 -0.9010 0.0000
vn 0.4339 -0.9010 0.0000
vn 0.6088 0.7875 0.0960
vn 0.6088 0.7875 0.0960
vn 0.6088 0.7875 0.0960
vn 0.9749 -0.2225 0.0000
vn 0.9749 -0.2225 0.0000
vn 0.9749 -0.2225 0.0000
vn 0.5974 0.7977 0.0829
vn 0.5974 0.7977 0.0829
vn 0.5974 0.7977 0.0829
vn -0.2301 0.9685 0.0949
vn -0.2301 0.9685 0.0949
vn -0.2301 0.9685 0.0949
vn -0.1780 0.9828 0.0487
vn -0.1780 0.9828 0.0487
vn -0.1780 0.9828 0.0487
vn -0.3503 -0.1804 0.9191
vn -0.3503 -0.1804 0.9191
vn -0.3503 -0.1804 0.9191
vn -0.3430 0.2315 0.9104
vn -0.3430 0.2315 0.9104
vn -0.3430 0.2315 0.9104
vn -0.8851 -0.4379 -0.1580
vn -0.8851 -0.4379 -0.1580
vn -0.8851 -0.4379 -0.1580
vn -0.0000 1.0000 0.0000
vn -0.0000 1.0000 0.0000
vn -0.0000 1.0000 0.0000
vn -0.4142 0.1268 -0.9013
vn -0.4142 0.1268 -0.9013
vn -0.4142 0.1268 -0.9013
vn -0.8392 -0.5403 -0.0620
vn -0.8392 -0.5403 -0.0620
vn -0.8392 -0.5403 -0.0620
vn -0.9274 0.3711 0.0481
vn -0.9274 0.3711 0.0481
vn -0.9274 0.3711 0.0481
vn 0.0000 1.0000 0.0000
vn 0.0000 1.0000 0.0000
vn 0.0000 1.0000 0.0000
vn 0.7818 -0.6235 0.0000
vn 0.7818 -0.6235 0.0000
vn 0.7818 -0.6235 0.0000
vn -0.4183 -0.3335 -0.8449
vn -0.4183 -0.3335 -0.8449
vn -0.4183 -0.3335 -0.8449
vn -0.3230 -0.2154 -0.9216
vn -0.3230 -0.2154 -0.9216
vn -0.3230 -0.2154 -0.9216
vn -0.8707 -0.4816 0.1001
vn -0.8707 -0.4816 0.1001
vn -0.8707 -0.4816 0.1001
vn 0.0000 -1.0000 0.0000
vn 0.0000 -1.0000 0.0000
vn 0.0000 -1.0000 0.0000
vn -0.9749 -0.2225 -0.0000
vn -0.9749 -0.2225 -0.0000
vn -0.9749 -0.2225 -0.0000
vn -0.4339 -0.9010 -0.0000
vn -0.4339 -0.9010 -0.0000
vn -0.4339 -0.9010 -0.0000
vn 0.4339 0.9010 -0.0000
vn 0.4339 0.9010 -0.0000
vn 0.4339 0.9010 -0.0000
vn 0.9776 -0.1749 -0.1173
vn 0.9776 -0.1749 -0.1173
vn 0.9776 -0.1749 -0.1173
vn 0.3953 0.0768 -0.9153
vn 0.3953 0.0768 -0.9153
vn 0.3953 0.0768 -0.9153
vn -0.4339 -0.9010 -0.0000
vn -0.4339 -0.9010 -0.0000
vn -0.4339 -0.9010 -0.0000
vn 0.1894 -0.3812 -0.9049
vn 0.1894 -0.3812 -0.9049
vn 0.1894 -0.3812 -0.9049
vn 0.4339 0.9010 0.0000
vn 0.4339 0.9010 0.0000
vn 0.4339 0.9010 0.0000
vn 0.5468 -0.8311 0.1012
vn 0.5468 -0.8311 0.1012
vn 0.5468 -0.8311 0.1012
vn 0.5254 -0.1898 0.8294
vn 0.5254 -0.1898 0.8294
vn 0.5254 -0.1898 0.8294
vn 0.9916 0.0791 0.1019
vn 0.9916 0.0791 0.1019
vn 0.9916 0.0791 0.1019
vn 0.4420 -0.3513 0.8253
vn 0.4420 -0.3513 0.8253
vn 0.4420 -0.3513 0.8253
vn -0.2809 -0.9563 -0.0814
vn -0.2809 -0.9563 -0.0814
vn -0.2809 -0.9563 -0.0814
vn 0.7096 -0.7002 -0.0787
vn 0.7096 -0.7002 -0.0787
vn 0.7096 -0.7002 -0.0787
vn -0.1597 -0.4256 0.8907
vn -0.1597 -0.4256 0.8907
vn -0.1597 -0.4256 0.8907
vn -0.4744 -0.1592 0.8658
vn -0.4744 -0.1592 0.8658
vn -0.4744 -0.1592 0.8658
vn -0.0700 -0.4367 -0.8969
vn -0.0700 -0.4367 -0.8969
vn -0.0700 -0.4367 -0.8969
vn -0.9267 -0.3758 -0.0026
vn -0.9267 -0.3758 -0.0026
vn -0.9267 -0.3758 -0.0026
vn -0.1925 -0.9813 -0.0026
vn -0.1925 -0.9813 -0.0026
vn -0.1925 -0.9813 -0.0026
vn 0.7818 -0.6235 0.0000
vn 0.7818 -0.6235 0.0000
vn 0.7818 -0.6235 0.0000
vn -0.7818 0.6235 0.0000
vn -0.7818 0.6235 0.0000
vn -0.7818 0.6235 0.0000
vn 0.2809 0.3754 -0.8833
vn 0.2809 0.3754 -0.8833
vn 0.2809 0.3754 -0.8833
vn -0.3101 0.9483 -0.0683
vn -0.3101 0.9483 -0.0683
vn -0.3101 0.9483 -0.0683
vn -0.9749 0.2225 0.0000
vn -0.9749 0.2225 0.0000
vn -0.9749 0.2225 0.0000
vn 0.4045 0.3192 0.8570
vn 0.4045 0.3192 0.8570
vn 0.4045 0.3192 0.8570
vn 0.9749 -0.2225 0.0000
vn 0.9749 -0.2225 0.0000
vn 0.9749 -0.2225 0.0000
vn -0.8870 0.4618 0.0100
vn -0.8870 0.4618 0.0100
vn -0.8870 0.4618 0.0100
vn -0.1749 0.3741 0.9107
vn -0.1749 0.3741 0.9107
vn -0.1749 0.3741 0.9107
vn -0.9233 0.3729 0.0922
vn -0.9233 0.3729 0.0922
vn -0.9233 0.3729 0.0922
vn 0.7818 0.6235 0.0000
vn 0.7818 0.6235 0.0000
vn 0.7818 0.6235 0.0000
vn 0.6114 0.7901 0.0435
vn 0.6114 0.7901 0.0435
vn 0.6114 0.7901 0.0435
vn 0.7071 0.7039 -0.0673
vn 0.7071 0.7039 -0.0673
vn 0.7071 0.7039 -0.0673
vn -0.1295 0.9874 0.0907
vn -0.1295 0.9874 0.0907
vn -0.1295 0.9874 0.0907
vn -0.0146 0.4987 -0.8666
vn -0.0146 0.4987 -0.8666
vn -0.0146 0.4987 -0.8666
vn 0.9749 -0.2225 0.0000
vn 0.9749 -0.2225 0.0000
vn 0.9749 -0.2225 0.0000
vn -0.9749 0.2225 0.0000
vn -0.9749 0.2225 0.0000
vn -0.9749 0.2225 0.0000
vn 0.7073 0.6987 0.1072
vn 0.7073 0.6987 0.1072
vn 0.7073 0.6987 0.1072
vn -0.1736 0.9845 -0.0231
vn -0.1736 0.9845 -0.0231
vn -0.1736 0.9845 -0.0231
vn 0.7176 0.6859 0.1210
vn 0.7176 0.6859 0.1210
vn 0.7176 0.6859 0.1210
vn -0.3204 0.9411 0.1082
vn -0.3204 0.9411 0.1082
vn -0.3204 0.9411 0.1082
vn -0.1881 0.3700 -0.9098
vn -0.1881 0.3700 -0.9098
vn -0.1881 0.3700 -0.9098
vn -0.4166 -0.0540 -0.9075
vn -0.4166 -0.0540 -0.9075
vn -0.4166 -0.0540 -0.9075
vn -0.9108 -0.4045 0.0826
vn -0.9108 -0.4045 0.0826
vn -0.9108 -0.4045 0.0826
vn -0.0000 1.0000 0.0000
vn -0.0000 1.0000 0.0000
vn -0.0000 1.0000 0.0000
vn -0.0801 0.3821 0.9206
vn -0.0801 0.3821 0.9206
vn -0.0801 0.3821 0.9206
vn -0.1760 0.9798 -0.0947
vn -0.1760 0.9798 -0.0947
vn -0.1760 0.9798 -0.0947
vn 0.4991 0.8630 0.0787
vn 0.4991 0.8630 0.0787
vn 0.4991 0.8630 0.0787
vn 0.4339 -0.9010 0.0000
vn 0.4339 -0.9010 0.0000
vn 0.4339 -0.9010 0.0000
vn 0.2899 -0.3432 -0.8934
vn 0.2899 -0.3432 -0.8934
vn 0.2899 -0.3432 -0.8934
vn 0.9749 0.2225 0.0000
vn 0.9749 0.2225 0.0000
vn 0.9749 0.2225 0.0000
vn 0.3975 -0.1347 -0.9077
vn 0.3975 -0.1347 -0.9077
vn 0.3975 -0.1347 -0.9077
vn 0.3849 0.0318 0.9224
vn 0.3849 0.0318 0.9224
vn 0.3849 0.0318 0.9224
vn 0.2363 -0.2827 0.9296
vn 0.2363 -0.2827 0.9296
vn 0.2363 -0.2827 0.9296
vn 0.9749 0.2225 -0.0000
vn 0.9749 0.2225 -0.0000
vn 0.9749 0.2225 -0.0000
vn 0.9869 -0.1403 0.0791
vn 0.9869 -0.1403 0.0791
vn 0.9869 -0.1403 0.0791
vn 0.4339 -0.9010 0.0000
vn 0.4339 -0.9010 0.0000
vn 0.4339 -0.9010 0.0000
vn 0.9969 0.0337 -0.0711
vn 0.9969 0.0337 -0.0711
vn 0.9969 0.0337 -0.0711
vn -0.0680 0.4932 -0.8672
vn -0.0680 0.4932 -0.8672
vn -0.0680 0.4932 -0.8672
vn 0.9749 -0.2225 0.0000
vn 0.9749 -0.2225 0.0000
vn 0.9749 -0.2225 0.0000
vn 0.1485 0.4181 -0.8962
vn 0.1485 0.4181 -0.8962
vn 0.1485 0.4181 -0.8962
vn -0.9749 0.2225 0.0000
vn -0.9749 0.2225 0.0000
vn -0.9749 0.2225 0.0000
vn 0.3762 0.3269 0.8669
vn 0.3762 0.3269 0.8669
vn 0.3762 0.3269 0.8669
vn 0.9749 -0.2225 0.0000
vn 0.9749 -0.2225 0.0000
vn 0.9749 -0.2225 0.0000
vn 0.6832 0.7200 -0.1220
vn 0.6832 0.7200 -0.1220
vn 0.6832 0.7200 -0.1220
vn -0.2138 0.9684 -0.1281
vn -0.2138 0.9684 -0.1281
vn -0.2138 0.9684 -0.1281
vn -0.9749 0.2225 0.0000
vn -0.9749 0.2225 0.0000
vn -0.9749 0.2225 0.0000
vn -0.9674 0.2382 -0.0853
vn -0.9674 0.2382 -0.0853
vn -0.9674 0.2382 -0.0853
vn -0.5076 0.0125 0.8615
vn -0.5076 0.0125 0.8615
vn -0.5076 0.0125 0.8615
vn 0.0000 -1.0000 0.0000
vn 0.0000 -1.0000 0.0000
vn 0.0000 -1.0000 0.0000
vn -0.2429 -0.4609 0.8535
vn -0.2429 -0.4609 0.8535
vn -0.2429 -0.4609 0.8535
vn -0.5490 -0.2303 0.8034
vn -0.5490 -0.2303 0.8034
vn -0.5490 -0.2303 0.8034
vn 0.7818 -0.6235 0.0000
vn 0.7818 -0.6235 0.0000
vn 0.7818 -0.6235 0.0000
vn -0.9035 0.4206 0.0820
vn -0.9035 0.4206 0.0820
vn -0.9035 0.4206 0.0820
vn 0.0395 -0.4928 -0.8692
vn 0.0395 -0.4928 -0.8692
vn 0.0395 -0.4928 -0.8692
vn -0.9368 -0.3080 0.1661
vn -0.9368 -0.3080 0.1661
vn -0.9368 -0.3080 0.1661
vn 0.7818 -0.6235 0.0000
vn 0.7818 -0.6235 0.0000
vn 0.7818 -0.6235 0.0000
vn -0.7818 -0.6235 0.0000
vn -0.7818 -0.6235 0.0000
vn -0.7818 -0.6235 0.0000
vn -0.7818 0.6235 0.0000
vn -0.7818 0.6235 0.0000
vn -0.7818 0.6235 0.0000
vn -0.4102 0.1830 -0.8935
vn -0.4102 0.1830 -0.8935
vn -0.4102 0.1830 -0.8935
vn 0.5555 -0.0941 -0.8262
vn 0.5555 -0.0941 -0.8262
vn 0.5555 -0.0941 -0.8262
vn 0.9981 -0.0266 -0.0565
vn 0.9981 -0.0266 -0.0565
vn 0.9981 -0.0266 -0.0565
vn 0.4339 0.9010 -0.0000
vn 0.4339 0.9010 -0.0000
vn 0.4339 0.9010 -0.0000
vn 0.9749 -0.2225 0.0000
vn 0.9749 -0.2225 0.0000
vn 0.9749 -0.2225 0.0000
vn 0.7818 0.6235 0.0000
vn 0.7818 0.6235 0.0000
vn 0.7818 0.6235 0.0000
vn -0.7818 -0.6235 0.0000
vn -0.7818 -0.6235 0.0000
vn -0.7818 -0.6235 0.0000
vn -0.5780 0.0264 0.8156
vn -0.5780 0.0264 0.8156
vn -0.5780 0.0264 0.8156
vn -0.8580 0.4852 0.1687
vn -0.8580 0.4852 0.1687
vn -0.8580 0.4852 0.1687
vn -0.3110 0.2222 -0.9241
vn -0.3110 0.2222 -0.9241
vn -0.3110 0.2222 -0.9241
vn 0.7818 0.6235 0.0000
vn 0.7818 0.6235 0.0000
vn 0.7818 0.6235 0.0000
vn -0.1980 0.3951 -0.8970
vn -0.1980 0.3951 -0.8970
vn -0.1980 0.3951 -0.8970
vn -0.7818 -0.6235 0.0000
vn -0.7818 -0.6235 0.0000
vn -0.7818 -0.6235 0.0000
vn -0.9706 0.2295 -0.0727
vn -0.9706 0.2295 -0.0727
vn -0.9706 0.2295 -0.0727
vn -0.1955 0.9773 -0.0821
vn -0.1955 0.9773 -0.0821
vn -0.1955 0.9773 -0.0821
vn -0.0788 0.4677 0.8804
vn -0.0788 0.4677 0.8804
vn -0.0788 0.4677 0.8804
vn -0.3281 0.9440 0.0357
vn -0.3281 0.9440 0.0357
vn -0.3281 0.9440 0.0357
vn 0.5350 -0.0277 0.8444
vn 0.5350 -0.0277 0.8444
vn 0.5350 -0.0277 0.8444
vn 0.3902 0.3045 0.8689
vn 0.3902 0.3045 0.8689
vn 0.3902 0.3045 0.8689
vn 0.7116 0.7026 0.0001
vn 0.7116 0.7026 0.0001
vn 0.7116 0.7026 0.0001
vn 0.3978 0.2532 -0.8818
vn 0.3978 0.2532 -0.8818
vn 0.3978 0.2532 -0.8818
vn 0.9958 -0.0920 0.0001
vn 0.9958 -0.0920 0.0001
vn 0.9958 -0.0920 0.0001
vn 0.7386 0.6733 0.0346
vn 0.7386 0.6733 0.0346
vn 0.7386 0.6733 0.0346
vn -0.4339 0.9010 0.0000
vn -0.4339 0.9010 0.0000
vn -0.4339 0.9010 0.0000
vn 0.4339 -0.9010 0.0000
vn 0.4339 -0.9010 0.0000
vn 0.4339 -0.9010 0.0000
vn 0.3015 0.4531 -0.8390
vn 0.3015 0.4531 -0.8390
vn 0.3015 0.4531 -0.8390
vn 0.5871 0.8085 0.0403
vn 0.5871 0.8085 0.0403
vn 0.5871 0.8085 0.0403
vn 0.3316 0.4231 0.8432
vn 0.3316 0.4231 0.8432
vn 0.3316 0.4231 0.8432
vn -0.9749 0.2225 0.0000
vn -0.9749 0.2225 0.0000
vn -0.9749 0.2225 0.0000
vn -0.7818 -0.6235 0.0000
vn -0.7818 -0.6235 0.0000
vn -0.7818 -0.6235 0.0000
vn -0.4148 0.1014 0.9042
vn -0.4148 0.1014 0.9042
vn -0.4148 0.1014 0.9042
vn -0.8360 0.5315 0.1365
vn -0.8360 0.5315 0.1365
vn -0.8360 0.5315 0.1365
vn 0.0000 1.0000 0.0000
vn 0.0000 1.0000 0.0000
vn 0.0000 1.0000 0.0000
vn -0.3321 0.2917 -0.8970
vn -0.3321 0.2917 -0.8970
vn -0.3321 0.2917 -0.8970
vn -0.9366 0.3477 -0.0432
vn -0.9366 0.3477 -0.0432
vn -0.9366 0.3477 -0.0432
vn -0.1654 0.9852 -0.0441
vn -0.1654 0.9852 -0.0441
vn -0.1654 0.9852 -0.0441
vn 0.9749 -0.2225 0.0000
vn 0.9749 -0.2225 0.0000
vn 0.9749 -0.2225 0.0000
vn -0.0601 0.5324 0.8444
vn -0.0601 0.5324 0.8444
vn -0.0601 0.5324 0.8444
vn -0.1049 0.4625 -0.8804
vn -0.1049 0.4625 -0.8804
vn -0.1049 0.4625 -0.8804
vn 0.6200 0.7846 0.0053
vn 0.6200 0.7846 0.0053
vn 0.6200 0.7846 0.0053
vn -0.2219 0.9751 0.0053
vn -0.2219 0.9751 0.0053
vn -0.2219 0.9751 0.0053
vn -0.9749 0.2225 0.0000
vn -0.9749 0.2225 0.0000
vn -0.9749 0.2225 0.0000
vn 0.9749 -0.2225 0.0000
vn 0.9749 -0.2225 0.0000
vn 0.9749 -0.2225 0.0000
vn -0.7886 -0.5865 -0.1845
vn -0.7886 -0.5865 -0.1845
vn -0.7886 -0.5865 -0.1845
vn -0.9481 0.3177 -0.0155
vn -0.9481 0.3177 -0.0155
vn -0.9481 0.3177 -0.0155
vn -0.9587 -0.2459 0.1430
vn -0.9587 -0.2459 0.1430
vn -0.9587 -0.2459 0.1430
vn -0.8416 0.5029 -0.1969
vn -0.8416 0.5029 -0.1969
vn -0.8416 0.5029 -0.1969
vn -0.0000 -1.0000 -0.0000
vn -0.0000 -1.0000 -0.0000
vn -0.0000 -1.0000 -0.0000
vn -0.7818 -0.6235 0.0000
vn -0.7818 -0.6235 0.0000
vn -0.7818 -0.6235 0.0000
vn -0.8137 -0.5743 0.0893
vn -0.8137 -0.5743 0.0893
vn -0.8137 -0.5743 0.0893
vn -0.4755 -0.1245 0.8709
vn -0.4755 -0.1245 0.8709
vn -0.4755 -0.1245 0.8709
vn -0.4491 0.3595 0.8179
vn -0.4491 0.3595 0.8179
vn -0.4491 0.3595 0.8179
vn 0.0000 -1.0000 0.0000
vn 0.0000 -1.0000 0.0000
vn 0.0000 -1.0000 0.0000
vn -0.0000 1.0000 0.0000
vn -0.0000 1.0000 0.0000
vn -0.0000 1.0000 0.0000
vn -0.9284 -0.3485 -0.1289
vn -0.9284 -0.3485 -0.1289
vn -0.9284 -0.3485 -0.1289
vn -0.8760 0.4453 0.1855
vn -0.8760 0.4453 0.1855
vn -0.8760 0.4453 0.1855
vn -0.8322 0.5468 0.0914
vn -0.8322 0.5468 0.0914
vn -0.8322 0.5468 0.0914
vn -0.4253 0.2308 -0.8751
vn -0.4253 0.2308 -0.8751
vn -0.4253 0.2308 -0.8751
vn -0.3919 -0.3819 -0.8370
vn -0.3919 -0.3819 -0.8370
vn -0.3919 -0.3819 -0.8370
vn -0.0000 -1.0000 -0.0000
vn -0.0000 -1.0000 -0.0000
vn -0.0000 -1.0000 -0.0000
vn -0.9043 0.4193 -0.0795
vn -0.9043 0.4193 -0.0795
vn -0.9043 0.4193 -0.0795
vn -0.2393 0.9704 0.0336
vn -0.2393 0.9704 0.0336
vn -0.2393 0.9704 0.0336
vn -0.2491 0.9676 0.0423
vn -0.2491 0.9676 0.0423
vn -0.2491 0.9676 0.0423
vn -0.4686 0.2088 0.8584
vn -0.4686 0.2088 0.8584
vn -0.4686 0.2088 0.8584
vn 0.0000 -1.0000 0.0000
vn 0.0000 -1.0000 0.0000
vn 0.0000 -1.0000 0.0000
vn -0.4802 -0.1668 0.8612
vn -0.4802 -0.1668 0.8612
vn -0.4802 -0.1668 0.8612
vn -0.0000 1.0000 0.0000
vn -0.0000 1.0000 0.0000
vn -0.0000 1.0000 0.0000
vn -0.3988 0.0476 -0.9158
vn -0.3988 0.0476 -0.9158
vn -0.3988 0.0476 -0.9158
vn -0.9530 0.3015 0.0307
vn -0.9530 0.3015 0.0307
vn -0.9530 0.3015 0.0307
vn 0.0000 1.0000 0.0000
vn 0.0000 1.0000 0.0000
vn 0.0000 1.0000 0.0000
vn -0.4102 -0.1266 -0.9032
vn -0.4102 -0.1266 -0.9032
vn -0.4102 -0.1266 -0.9032
vn -0.3306 -0.3899 -0.8595
vn -0.3306 -0.3899 -0.8595
vn -0.3306 -0.3899 -0.8595
vn -0.8856 0.4452 0.1325
vn -0.8856 0.4452 0.1325
vn -0.8856 0.4452 0.1325
vn -0.7818 -0.6235 0.0000
vn -0.7818 -0.6235 0.0000
vn -0.7818 -0.6235 0.0000
vn -0.7818 0.6235 0.0000
vn -0.7818 0.6235 0.0000
vn -0.7818 0.6235 0.0000
vn -0.3952 -0.0702 0.9159
vn -0.3952 -0.0702 0.9159
vn -0.3952 -0.0702 0.9159
vn -0.0425 0.9921 0.1181
vn -0.0425 0.9921 0.1181
vn -0.0425 0.9921 0.1181
vn -0.3815 0.2695 0.8842
vn -0.3815 0.2695 0.8842
vn -0.3815 0.2695 0.8842
vn -0.2088 0.9776 -0.0251
vn -0.2088 0.9776 -0.0251
vn -0.2088 0.9776 -0.0251
vn -0.8589 0.5066 0.0753
vn -0.8589 0.5066 0.0753
vn -0.8589 0.5066 0.0753
vn -0.3204 -0.9471 0.0170
vn -0.3204 -0.9471 0.0170
vn -0.3204 -0.9471 0.0170
vn -0.9235 -0.3292 -0.1971
vn -0.9235 -0.3292 -0.1971
vn -0.9235 -0.3292 -0.1971
vn -0.0762 -0.9784 -0.1922
vn -0.0762 -0.9784 -0.1922
vn -0.0762 -0.9784 -0.1922
vn -0.7903 -0.6088 0.0693
vn -0.7903 -0.6088 0.0693
vn -0.7903 -0.6088 0.0693
vn -0.7818 -0.6235 0.0000
vn -0.7818 -0.6235 0.0000
vn -0.7818 -0.6235 0.0000
vn -0.7818 0.6235 0.0000
vn -0.7818 0.6235 0.0000
vn -0.7818 0.6235 0.0000
vn -0.3526 0.1884 -0.9166
vn -0.3526 0.1884 -0.9166
vn -0.3526 0.1884 -0.9166
vn -0.0000 -1.0000 -0.0000
vn -0.0000 -1.0000 -0.0000
vn -0.0000 -1.0000 -0.0000
vn -0.9009 0.4024 -0.1627
vn -0.9009 0.4024 -0.1627
vn -0.9009 0.4024 -0.1627
vn -0.7818 -0.6235 0.0000
vn -0.7818 -0.6235 0.0000
vn -0.7818 -0.6235 0.0000
vn -0.7818 0.6235 0.0000
vn -0.7818 0.6235 0.0000
vn -0.7818 0.6235 0.0000
vn 0.7818 -0.6235 0.0000
vn 0.7818 -0.6235 0.0000
vn 0.7818 -0.6235 0.0000
vn -0.4339 -0.9010 -0.0000
vn -0.4339 -0.9010 -0.0000
vn -0.4339 -0.9010 -0.0000
vn 0.4339 -0.9010 0.0000
vn 0.4339 -0.9010 0.0000
vn 0.4339 -0.9010 0.0000
vn -0.4339 0.9010 0.0000
vn -0.4339 0.9010 0.0000
vn -0.4339 0.9010 0.0000
vn 0.6451 0.7641 -0.0086
vn 0.6451 0.7641 -0.0086
vn 0.6451 0.7641 -0.0086
vn -0.0485 0.4866 -0.8723
vn -0.0485 0.4866 -0.8723
vn -0.0485 0.4866 -0.8723
vn 0.9749 -0.2225 0.0000
vn 0.9749 -0.2225 0.0000
vn 0.9749 -0.2225 0.0000
vn 0.4339 -0.9010 0.0000
vn 0.4339 -0.9010 0.0000
vn 0.4339 -0.9010 0.0000
vn 0.1911 -0.4275 -0.8836
vn 0.1911 -0.4275 -0.8836
vn 0.1911 -0.4275 -0.8836
vn 0.0516 -0.4979 -0.8657
vn 0.0516 -0.4979 -0.8657
vn 0.0516 -0.4979 -0.8657
vn 0.3801 -0.0711 -0.9222
vn 0.3801 -0.0711 -0.9222
vn 0.3801 -0.0711 -0.9222
vn 0.9749 0.2225 0.0000
vn 0.9749 0.2225 0.0000
vn 0.9749 0.2225 0.0000
vn -0.1608 0.9869 -0.0089
vn -0.1608 0.9869 -0.0089
vn -0.1608 0.9869 -0.0089
vn 0.1947 0.4501 -0.8715
vn 0.1947 0.4501 -0.8715
vn 0.1947 0.4501 -0.8715
vn -0.9749 0.2225 0.0000
vn -0.9749 0.2225 0.0000
vn -0.9749 0.2225 0.0000
vn 0.9895 -0.0729 0.1245
vn 0.9895 -0.0729 0.1245
vn 0.9895 -0.0729 0.1245
vn 0.3515 0.3955 0.8486
vn 0.3515 0.3955 0.8486
vn 0.3515 0.3955 0.8486
vn 0.5183 0.8466 0.1208
vn 0.5183 0.8466 0.1208
vn 0.5183 0.8466 0.1208
vn 0.5185 -0.8530 -0.0585
vn 0.5185 -0.8530 -0.0585
vn 0.5185 -0.8530 -0.0585
vn 0.5570 0.1476 0.8173
vn 0.5570 0.1476 0.8173
vn 0.5570 0.1476 0.8173
vn 0.5965 -0.7894 -0.1449
vn 0.5965 -0.7894 -0.1449
vn 0.5965 -0.7894 -0.1449
vn 0.9886 0.1391 -0.0580
vn 0.9886 0.1391 -0.0580
vn 0.9886 0.1391 -0.0580
vn 0.2633 -0.3737 0.8894
vn 0.2633 -0.3737 0.8894
vn 0.2633 -0.3737 0.8894
vn -0.1720 -0.9742 -0.1464
vn -0.1720 -0.9742 -0.1464
vn -0.1720 -0.9742 -0.1464
vn -0.0494 -0.4470 0.8932
vn -0.0494 -0.4470 0.8932
vn -0.0494 -0.4470 0.8932
vn -0.0539 -0.9977 -0.0421
vn -0.0539 -0.9977 -0.0421
vn -0.0539 -0.9977 -0.0421
vn 0.0576 0.4781 0.8764
vn 0.0576 0.4781 0.8764
vn 0.0576 0.4781 0.8764
vn 0.7818 0.6235 0.0000
vn 0.7818 0.6235 0.0000
vn 0.7818 0.6235 0.0000
vn -0.0624 0.9937 -0.0935
vn -0.0624 0.9937 -0.0935
vn -0.0624 0.9937 -0.0935
vn -0.2919 -0.1384 0.9464
vn -0.2919 -0.1384 0.9464
vn -0.2919 -0.1384 0.9464
vn -0.2929 0.1114 0.9496
vn -0.2929 0.1114 0.9496
vn -0.2929 0.1114 0.9496
vn -0.4915 0.1268 -0.8616
vn -0.4915 0.1268 -0.8616
vn -0.4915 0.1268 -0.8616
vn -0.9518 -0.3037 -0.0430
vn -0.9518 -0.3037 -0.0430
vn -0.9518 -0.3037 -0.0430
vn -0.9374 0.3344 -0.0970
vn -0.9374 0.3344 -0.0970
vn -0.9374 0.3344 -0.0970
vn -0.8901 -0.4264 -0.1607
vn -0.8901 -0.4264 -0.1607
vn -0.8901 -0.4264 -0.1607
vn 0.0000 1.0000 0.0000
vn 0.0000 1.0000 0.0000
vn 0.0000 1.0000 0.0000
vn 0.7818 -0.6235 0.0000
vn 0.7818 -0.6235 0.0000
vn 0.7818 -0.6235 0.0000
vn -0.5346 -0.1054 -0.8385
vn -0.5346 -0.1054 -0.8385
vn -0.5346 -0.1054 -0.8385
vn -0.0000 -1.0000 -0.0000
vn -0.0000 -1.0000 -0.0000
vn -0.0000 -1.0000 -0.0000
vn -0.8557 0.5171 -0.0194
vn -0.8557 0.5171 -0.0194
vn -0.8557 0.5171 -0.0194
vn -0.9062 -0.4139 -0.0865
vn -0.9062 -0.4139 -0.0865
vn -0.9062 -0.4139 -0.0865
vn 0.7818 -0.6235 0.0000
vn 0.7818 -0.6235 0.0000
vn 0.7818 -0.6235 0.0000
vn 0.9749 0.2225 -0.0000
vn 0.9749 0.2225 -0.0000
vn 0.9749 0.2225 -0.0000
vn 0.4339 0.9010 -0.0000
vn 0.4339 0.9010 -0.0000
vn 0.4339 0.9010 -0.0000
vn 0.9749 -0.2225 0.0000
vn 0.9749 -0.2225 0.0000
vn 0.9749 -0.2225 0.0000
vn 0.7818 0.6235 0.0000
vn 0.7818 0.6235 0.0000
vn 0.7818 0.6235 0.0000
vn 0.5886 0.8073 -0.0418
vn 0.5886 0.8073 -0.0418
vn 0.5886 0.8073 -0.0418
vn 0.9749 -0.2225 0.0000
vn 0.9749 -0.2225 0.0000
vn 0.9749 -0.2225 0.0000
vn 0.4339 0.9010 0.0000
vn 0.4339 0.9010 0.0000
vn 0.4339 0.9010 0.0000
vn -0.4339 -0.9010 -0.0000
vn -0.4339 -0.9010 -0.0000
vn -0.4339 -0.9010 -0.0000
vn 0.3387 -0.3415 -0.8767
vn 0.3387 -0.3415 -0.8767
vn 0.3387 -0.3415 -0.8767
vn -0.9749 0.2225 0.0000
vn -0.9749 0.2225 0.0000
vn -0.9749 0.2225 0.0000
vn 0.4746 0.1372 -0.8694
vn 0.4746 0.1372 -0.8694
vn 0.4746 0.1372 -0.8694
vn 0.3047 0.4507 -0.8390
vn 0.3047 0.4507 -0.8390
vn 0.3047 0.4507 -0.8390
vn -0.0156 0.4141 0.9101
vn -0.0156 0.4141 0.9101
vn -0.0156 0.4141 0.9101
vn 0.5123 0.8509 -0.1164
vn 0.5123 0.8509 -0.1164
vn 0.5123 0.8509 -0.1164
vn 0.1401 0.3786 0.9149
vn 0.1401 0.3786 0.9149
vn 0.1401 0.3786 0.9149
vn 0.9916 0.0248 -0.1267
vn 0.9916 0.0248 -0.1267
vn 0.9916 0.0248 -0.1267
vn 0.3225 0.0230 0.9463
vn 0.3225 0.0230 0.9463
vn 0.3225 0.0230 0.9463
vn 0.9894 0.1432 -0.0245
vn 0.9894 0.1432 -0.0245
vn 0.9894 0.1432 -0.0245
vn 0.5602 -0.8279 -0.0255
vn 0.5602 -0.8279 -0.0255
vn 0.5602 -0.8279 -0.0255
vn 0.1637 -0.3167 0.9343
vn 0.1637 -0.3167 0.9343
vn 0.1637 -0.3167 0.9343
vn 0.6601 -0.7463 0.0854
vn 0.6601 -0.7463 0.0854
vn 0.6601 -0.7463 0.0854
vn -0.1209 -0.5373 0.8347
vn -0.1209 -0.5373 0.8347
vn -0.1209 -0.5373 0.8347
vn -0.2201 -0.9716 -0.0873
vn -0.2201 -0.9716 -0.0873
vn -0.2201 -0.9716 -0.0873
vn -0.4019 -0.9123 0.0781
vn -0.4019 -0.9123 0.0781
vn -0.4019 -0.9123 0.0781
vn -0.0000 1.0000 0.0000
vn -0.0000 1.0000 0.0000
vn -0.0000 1.0000 0.0000
vn -0.5251 -0.2284 0.8198
vn -0.5251 -0.2284 0.8198
vn -0.5251 -0.2284 0.8198
vn -0.3610 0.1589 0.9189
vn -0.3610 0.1589 0.9189
vn -0.3610 0.1589 0.9189
vn 0.0000 -1.0000 0.0000
vn 0.0000 -1.0000 0.0000
vn 0.0000 -1.0000 0.0000
vn -0.9012 0.4186 -0.1125
vn -0.9012 0.4186 -0.1125
vn -0.9012 0.4186 -0.1125
vn -0.2233 0.9739 -0.0410
vn -0.2233 0.9739 -0.0410
vn -0.2233 0.9739 -0.0410
vn -0.1443 0.9835 -0.1087
vn -0.1443 0.9835 -0.1087
vn -0.1443 0.9835 -0.1087
vn -0.1126 0.4890 -0.8650
vn -0.1126 0.4890 -0.8650
vn -0.1126 0.4890 -0.8650
vn -0.3818 0.2840 -0.8795
vn -0.3818 0.2840 -0.8795
vn -0.3818 0.2840 -0.8795
vn -0.8744 -0.4848 -0.0198
vn -0.8744 -0.4848 -0.0198
vn -0.8744 -0.4848 -0.0198
vn 0.0000 1.0000 0.0000
vn 0.0000 1.0000 0.0000
vn 0.0000 1.0000 0.0000
vn -0.9749 -0.2225 -0.0000
vn -0.9749 -0.2225 -0.0000
vn -0.9749 -0.2225 -0.0000
vn -0.4057 -0.2565 -0.8773
vn -0.4057 -0.2565 -0.8773
vn -0.4057 -0.2565 -0.8773
vn -0.2741 -0.3687 -0.8882
vn -0.2741 -0.3687 -0.8882
vn -0.2741 -0.3687 -0.8882
vn -0.0000 -1.0000 -0.0000
vn -0.0000 -1.0000 -0.0000
vn -0.0000 -1.0000 -0.0000
vn -0.8496 0.5214 0.0798
vn -0.8496 0.5214 0.0798
vn -0.8496 0.5214 0.0798
vn -0.7818 -0.6235 0.0000
vn -0.7818 -0.6235 0.0000
vn -0.7818 -0.6235 0.0000
vn -0.7818 0.6235 0.0000
vn -0.7818 0.6235 0.0000
vn -0.7818 0.6235 0.0000
vn 0.7818 -0.6235 0.0000
vn 0.7818 -0.6235 0.0000
vn 0.7818 -0.6235 0.0000
vn 0.9749 0.2225 -0.0000
vn 0.9749 0.2225 -0.0000
vn 0.9749 0.2225 -0.0000
vn 0.4339 0.9010 -0.0000
vn 0.4339 0.9010 -0.0000
vn 0.4339 0.9010 -0.0000
vn -0.4339 0.9010 0.0000
vn -0.4339 0.9010 0.0000
vn -0.4339 0.9010 0.0000
vn 0.2056 0.4380 0.8752
vn 0.2056 0.4380 0.8752
vn 0.2056 0.4380 0.8752
vn 0.6482 0.7559 0.0919
vn 0.6482 0.7559 0.0919
vn 0.6482 0.7559 0.0919
vn -0.0294 0.3758 -0.9262
vn -0.0294 0.3758 -0.9262
vn -0.0294 0.3758 -0.9262
vn 0.9749 -0.2225 0.0000
vn 0.9749 -0.2225 0.0000
vn 0.9749 -0.2225 0.0000
vn 0.4339 0.9010 0.0000
vn 0.4339 0.9010 0.0000
vn 0.4339 0.9010 0.0000
vn 0.9749 0.2225 0.0000
vn 0.9749 0.2225 0.0000
vn 0.9749 0.2225 0.0000
vn 0.3281 -0.3019 -0.8951
vn 0.3281 -0.3019 -0.8951
vn 0.3281 -0.3019 -0.8951
vn -0.9749 0.2225 0.0000
vn -0.9749 0.2225 0.0000
vn -0.9749 0.2225 0.0000
vn 0.4433 0.0233 -0.8961
vn 0.4433 0.0233 -0.8961
vn 0.4433 0.0233 -0.8961
vn 0.3010 0.3207 -0.8981
vn 0.3010 0.3207 -0.8981
vn 0.3010 0.3207 -0.8981
vn 0.5301 0.8471 -0.0367
vn 0.5301 0.8471 -0.0367
vn 0.5301 0.8471 -0.0367
vn 0.9978 -0.0550 -0.0379
vn 0.9978 -0.0550 -0.0379
vn 0.9978 -0.0550 -0.0379
vn 0.4976 -0.0554 0.8656
vn 0.4976 -0.0554 0.8656
vn 0.4976 -0.0554 0.8656
vn 0.9992 0.0242 0.0303
vn 0.9992 0.0242 0.0303
vn 0.9992 0.0242 0.0303
vn 0.6084 -0.7930 0.0304
vn 0.6084 -0.7930 0.0304
vn 0.6084 -0.7930 0.0304
vn -0.2891 -0.9516 0.1044
vn -0.2891 -0.9516 0.1044
vn -0.2891 -0.9516 0.1044
vn 0.3140 -0.4234 0.8498
vn 0.3140 -0.4234 0.8498
vn 0.3140 -0.4234 0.8498
vn 0.6716 -0.7335 0.1045
vn 0.6716 -0.7335 0.1045
vn 0.6716 -0.7335 0.1045
vn 0.0665 -0.5114 0.8568
vn 0.0665 -0.5114 0.8568
vn 0.0665 -0.5114 0.8568
vn -0.0514 -0.9933 -0.1036
vn -0.0514 -0.9933 -0.1036
vn -0.0514 -0.9933 -0.1036
vn -0.0846 0.4976 0.8633
vn -0.0846 0.4976 0.8633
vn -0.0846 0.4976 0.8633
vn -0.1649 0.9792 0.1180
vn -0.1649 0.9792 0.1180
vn -0.1649 0.9792 0.1180
vn 0.7818 0.6235 0.0000
vn 0.7818 0.6235 0.0000
vn 0.7818 0.6235 0.0000
vn -0.1922 0.9768 0.0949
vn -0.1922 0.9768 0.0949
vn -0.1922 0.9768 0.0949
vn -0.4244 -0.0993 0.9000
vn -0.4244 -0.0993 0.9000
vn -0.4244 -0.0993 0.9000
vn -0.9326 -0.3441 -0.1090
vn -0.9326 -0.3441 -0.1090
vn -0.9326 -0.3441 -0.1090
vn -0.4066 0.3019 0.8623
vn -0.4066 0.3019 0.8623
vn -0.4066 0.3019 0.8623
vn -0.2778 0.1848 -0.9427
vn -0.2778 0.1848 -0.9427
vn -0.2778 0.1848 -0.9427
vn -0.8377 -0.5404 0.0787
vn -0.8377 -0.5404 0.0787
vn -0.8377 -0.5404 0.0787
vn -0.8715 0.4744 0.1243
vn -0.8715 0.4744 0.1243
vn -0.8715 0.4744 0.1243
vn 0.0000 1.0000 0.0000
vn 0.0000 1.0000 0.0000
vn 0.0000 1.0000 0.0000
vn -0.9749 -0.2225 -0.0000
vn -0.9749 -0.2225 -0.0000
vn -0.9749 -0.2225 -0.0000
vn -0.3477 -0.3039 -0.8870
vn -0.3477 -0.3039 -0.8870
vn -0.3477 -0.3039 -0.8870
vn -0.1741 -0.4389 -0.8815
vn -0.1741 -0.4389 -0.8815
vn -0.1741 -0.4389 -0.8815
vn -0.4126 -0.0035 -0.9109
vn -0.4126 -0.0035 -0.9109
vn -0.4126 -0.0035 -0.9109
vn -0.9380 0.3459 -0.0242
vn -0.9380 0.3459 -0.0242
vn -0.9380 0.3459 -0.0242
vn -0.3154 0.9446 0.0906
vn -0.3154 0.9446 0.0906
vn -0.3154 0.9446 0.0906
vn -0.9749 0.2225 0.0000
vn -0.9749 0.2225 0.0000
vn -0.9749 0.2225 0.0000
vn 0.4339 -0.9010 0.0000
vn 0.4339 -0.9010 0.0000
vn 0.4339 -0.9010 0.0000
vn 0.9903 0.1124 -0.0812
vn 0.9903 0.1124 -0.0812
vn 0.9903 0.1124 -0.0812
vn 0.2205 -0.4134 -0.8835
vn 0.2205 -0.4134 -0.8835
vn 0.2205 -0.4134 -0.8835
vn -0.3234 -0.9411 -0.0986
vn -0.3234 -0.9411 -0.0986
vn -0.3234 -0.9411 -0.0986
vn -0.2531 -0.3638 0.8965
vn -0.2531 -0.3638 0.8965
vn -0.2531 -0.3638 0.8965
vn 0.0000 -1.0000 0.0000
vn 0.0000 -1.0000 0.0000
vn 0.0000 -1.0000 0.0000
vn -0.2009 -0.4031 0.8928
vn -0.2009 -0.4031 0.8928
vn -0.2009 -0.4031 0.8928
vn -0.9749 -0.2225 -0.0000
vn -0.9749 -0.2225 -0.0000
vn -0.9749 -0.2225 -0.0000
vn 0.4339 0.9010 -0.0000
vn 0.4339 0.9010 -0.0000
vn 0.4339 0.9010 -0.0000
vn -0.4339 0.9010 0.0000
vn -0.4339 0.9010 0.0000
vn -0.4339 0.9010 0.0000
vn 0.2423 -0.4090 0.8798
vn 0.2423 -0.4090 0.8798
vn 0.2423 -0.4090 0.8798
vn 0.5461 -0.8337 -0.0822
vn 0.5461 -0.8337 -0.0822
vn 0.5461 -0.8337 -0.0822
vn -0.4339 -0.9010 -0.0000
vn -0.4339 -0.9010 -0.0000
vn -0.4339 -0.9010 -0.0000
vn 0.4548 -0.0220 0.8903
vn 0.4548 -0.0220 0.8903
vn 0.4548 -0.0220 0.8903
vn 0.5690 -0.8153 -0.1074
vn 0.5690 -0.8153 -0.1074
vn 0.5690 -0.8153 -0.1074
vn 0.9809 -0.0202 -0.1936
vn 0.9809 -0.0202 -0.1936
vn 0.9809 -0.0202 -0.1936
vn 0.6056 0.1136 -0.7876
vn 0.6056 0.1136 -0.7876
vn 0.6056 0.1136 -0.7876
vn -0.4339 -0.9010 -0.0000
vn -0.4339 -0.9010 -0.0000
vn -0.4339 -0.9010 -0.0000
vn 0.5569 0.2956 -0.7762
vn 0.5569 0.2956 -0.7762
vn 0.5569 0.2956 -0.7762
vn 0.7839 0.6154 0.0824
vn 0.7839 0.6154 0.0824
vn 0.7839 0.6154 0.0824
vn 0.2017 0.3953 0.8961
vn 0.2017 0.3953 0.8961
vn 0.2017 0.3953 0.8961
vn 0.5455 0.8170 -0.1872
vn 0.5455 0.8170 -0.1872
vn 0.5455 0.8170 -0.1872
vn 0.7818 0.6235 0.0000
vn 0.7818 0.6235 0.0000
vn 0.7818 0.6235 0.0000
vn -0.1823 0.3738 -0.9094
vn -0.1823 0.3738 -0.9094
vn -0.1823 0.3738 -0.9094
vn -0.7818 -0.6235 0.0000
vn -0.7818 -0.6235 0.0000
vn -0.7818 -0.6235 0.0000
vn -0.0666 0.4530 0.8890
vn -0.0666 0.4530 0.8890
vn -0.0666 0.4530 0.8890
vn 0.7818 0.6235 0.0000
vn 0.7818 0.6235 0.0000
vn 0.7818 0.6235 0.0000
vn -0.3404 0.2661 0.9018
vn -0.3404 0.2661 0.9018
vn -0.3404 0.2661 0.9018
vn -0.1861 0.9822 -0.0250
vn -0.1861 0.9822 -0.0250
vn -0.1861 0.9822 -0.0250
vn -0.7747 -0.6104 -0.1649
vn -0.7747 -0.6104 -0.1649
vn -0.7747 -0.6104 -0.1649
vn -0.8449 0.5038 -0.1798
vn -0.8449 0.5038 -0.1798
vn -0.8449 0.5038 -0.1798
vn 0.1131 -0.4414 -0.8901
vn 0.1131 -0.4414 -0.8901
vn 0.1131 -0.4414 -0.8901
vn -0.9496 -0.2638 0.1694
vn -0.9496 -0.2638 0.1694
vn -0.9496 -0.2638 0.1694
vn -0.0185 -0.9860 0.1660
vn -0.0185 -0.9860 0.1660
vn -0.0185 -0.9860 0.1660
vn 0.7818 -0.6235 0.0000
vn 0.7818 -0.6235 0.0000
vn 0.7818 -0.6235 0.0000
vn -0.7818 -0.6235 0.0000
vn -0.7818 -0.6235 0.0000
vn -0.7818 -0.6235 0.0000
vn -0.7818 0.6235 0.0000
vn -0.7818 0.6235 0.0000
vn -0.7818 0.6235 0.0000
vn -0.4105 0.1011 -0.9063
vn -0.4105 0.1011 -0.9063
vn -0.4105 0.1011 -0.9063
vn -0.0000 -1.0000 -0.0000
vn -0.0000 -1.0000 -0.0000
vn -0.0000 -1.0000 -0.0000
vn -0.9022 0.4145 0.1198
vn -0.9022 0.4145 0.1198
vn -0.9022 0.4145 0.1198
vn -0.0583 0.9897 0.1305
vn -0.0583 0.9897 0.1305
vn -0.0583 0.9897 0.1305
vn 0.6652 0.7467 0.0059
vn 0.6652 0.7467 0.0059
vn 0.6652 0.7467 0.0059
vn 0.9785 0.1487 0.1428
vn 0.9785 0.1487 0.1428
vn 0.9785 0.1487 0.1428
vn -0.4339 -0.9010 -0.0000
vn -0.4339 -0.9010 -0.0000
vn -0.4339 -0.9010 -0.0000
vn 0.1588 -0.3971 -0.9040
vn 0.1588 -0.3971 -0.9040
vn 0.1588 -0.3971 -0.9040
vn -0.0699 -0.9818 0.1765
vn -0.0699 -0.9818 0.1765
vn -0.0699 -0.9818 0.1765
vn 0.7818 -0.6235 0.0000
vn 0.7818 -0.6235 0.0000
vn 0.7818 -0.6235 0.0000
vn -0.7818 0.6235 0.0000
vn -0.7818 0.6235 0.0000
vn -0.7818 0.6235 0.0000
vn -0.2637 -0.4049 0.8755
vn -0.2637 -0.4049 0.8755
vn -0.2637 -0.4049 0.8755
vn -0.3789 -0.9207 -0.0941
vn -0.3789 -0.9207 -0.0941
vn -0.3789 -0.9207 -0.0941
vn 0.4339 0.9010 -0.0000
vn 0.4339 0.9010 -0.0000
vn 0.4339 0.9010 -0.0000
vn 0.9749 -0.2225 0.0000
vn 0.9749 -0.2225 0.0000
vn 0.9749 -0.2225 0.0000
vn -0.9749 0.2225 0.0000
vn -0.9749 0.2225 0.0000
vn -0.9749 0.2225 0.0000
vn 0.4058 -0.2532 0.8782
vn 0.4058 -0.2532 0.8782
vn 0.4058 -0.2532 0.8782
vn 0.5172 -0.8434 0.1454
vn 0.5172 -0.8434 0.1454
vn 0.5172 -0.8434 0.1454
vn -0.4339 -0.9010 -0.0000
vn -0.4339 -0.9010 -0.0000
vn -0.4339 -0.9010 -0.0000
vn 0.7359 -0.6704 -0.0945
vn 0.7359 -0.6704 -0.0945
vn 0.7359 -0.6704 -0.0945
vn 0.4339 -0.9010 0.0000
vn 0.4339 -0.9010 0.0000
vn 0.4339 -0.9010 0.0000
vn 0.5386 0.1656 -0.8261
vn 0.5386 0.1656 -0.8261
vn 0.5386 0.1656 -0.8261
vn -0.4339 0.9010 0.0000
vn -0.4339 0.9010 0.0000
vn -0.4339 0.9010 0.0000
vn 0.5315 -0.0110 0.8470
vn 0.5315 -0.0110 0.8470
vn 0.5315 -0.0110 0.8470
vn 0.4487 0.1939 0.8724
vn 0.4487 0.1939 0.8724
vn 0.4487 0.1939 0.8724
vn 0.9999 -0.0110 0.0057
vn 0.9999 -0.0110 0.0057
vn 0.9999 -0.0110 0.0057
vn 0.0714 0.4135 -0.9077
vn 0.0714 0.4135 -0.9077
vn 0.0714 0.4135 -0.9077
vn 0.7750 0.6162 -0.1398
vn 0.7750 0.6162 -0.1398
vn 0.7750 0.6162 -0.1398
vn 0.3830 0.3913 -0.8368
vn 0.3830 0.3913 -0.8368
vn 0.3830 0.3913 -0.8368
vn -0.9749 0.2225 0.0000
vn -0.9749 0.2225 0.0000
vn -0.9749 0.2225 0.0000
vn -0.2296 0.3117 0.9220
vn -0.2296 0.3117 0.9220
vn -0.2296 0.3117 0.9220
vn -0.3719 0.9166 -0.1466
vn -0.3719 0.9166 -0.1466
vn -0.3719 0.9166 -0.1466
vn -0.5007 -0.3282 0.8010
vn -0.5007 -0.3282 0.8010
vn -0.5007 -0.3282 0.8010
vn -0.3928 0.1715 0.9035
vn -0.3928 0.1715 0.9035
vn -0.3928 0.1715 0.9035
vn -0.0000 1.0000 0.0000
vn -0.0000 1.0000 0.0000
vn -0.0000 1.0000 0.0000
vn -0.3238 0.1110 -0.9396
vn -0.3238 0.1110 -0.9396
vn -0.3238 0.1110 -0.9396
vn -0.8897 -0.4147 0.1912
vn -0.8897 -0.4147 0.1912
vn -0.8897 -0.4147 0.1912
vn -0.9097 0.3908 0.1406
vn -0.9097 0.3908 0.1406
vn -0.9097 0.3908 0.1406
vn -0.8578 -0.5012 0.1139
vn -0.8578 -0.5012 0.1139
vn -0.8578 -0.5012 0.1139
vn 0.0000 1.0000 0.0000
vn 0.0000 1.0000 0.0000
vn 0.0000 1.0000 0.0000
vn -0.9749 -0.2225 -0.0000
vn -0.9749 -0.2225 -0.0000
vn -0.9749 -0.2225 -0.0000
vn -0.3091 -0.1352 -0.9414
vn -0.3091 -0.1352 -0.9414
vn -0.3091 -0.1352 -0.9414
vn 0.0635 -0.4181 -0.9062
vn 0.0635 -0.4181 -0.9062
vn 0.0635 -0.4181 -0.9062
vn -0.0000 -1.0000 -0.0000
vn -0.0000 -1.0000 -0.0000
vn -0.0000 -1.0000 -0.0000
vn -0.8595 0.5110 0.0114
vn -0.8595 0.5110 0.0114
vn -0.8595 0.5110 0.0114
vn -0.2173 0.3770 0.9004
vn -0.2173 0.3770 0.9004
vn -0.2173 0.3770 0.9004
vn 0.5834 0.7984 -0.1488
vn 0.5834 0.7984 -0.1488
vn 0.5834 0.7984 -0.1488
vn 0.0439 0.5402 -0.8404
vn 0.0439 0.5402 -0.8404
vn 0.0439 0.5402 -0.8404
vn 0.9749 -0.2225 0.0000
vn 0.9749 -0.2225 0.0000
vn 0.9749 -0.2225 0.0000
vn -0.9749 0.2225 0.0000
vn -0.9749 0.2225 0.0000
vn -0.9749 0.2225 0.0000
vn 0.9968 -0.0505 -0.0627
vn 0.9968 -0.0505 -0.0627
vn 0.9968 -0.0505 -0.0627
vn 0.4339 0.9010 -0.0000
vn 0.4339 0.9010 -0.0000
vn 0.4339 0.9010 -0.0000
vn 0.4337 -0.1428 0.8897
vn 0.4337 -0.1428 0.8897
vn 0.4337 -0.1428 0.8897
vn 0.4339 -0.9010 0.0000
vn 0.4339 -0.9010 0.0000
vn 0.4339 -0.9010 0.0000
vn 0.9807 -0.1385 -0.1381
vn 0.9807 -0.1385 -0.1381
vn 0.9807 -0.1385 -0.1381
vn 0.5733 -0.0505 -0.8178
vn 0.5733 -0.0505 -0.8178
vn 0.5733 -0.0505 -0.8178
vn 0.3357 0.4858 -0.8071
vn 0.3357 0.4858 -0.8071
vn 0.3357 0.4858 -0.8071
vn 0.5859 0.7970 -0.1465
vn 0.5859 0.7970 -0.1465
vn 0.5859 0.7970 -0.1465
vn 0.1890 0.2972 0.9359
vn 0.1890 0.2972 0.9359
vn 0.1890 0.2972 0.9359
vn -0.4339 0.9010 0.0000
vn -0.4339 0.9010 0.0000
vn -0.4339 0.9010 0.0000
vn -0.0698 0.9921 0.1039
vn -0.0698 0.9921 0.1039
vn -0.0698 0.9921 0.1039
vn 0.7818 0.6235 0.0000
vn 0.7818 0.6235 0.0000
vn 0.7818 0.6235 0.0000
vn -0.3416 0.9299 -0.1361
vn -0.3416 0.9299 -0.1361
vn -0.3416 0.9299 -0.1361
vn -0.4543 0.3169 0.8326
vn -0.4543 0.3169 0.8326
vn -0.4543 0.3169 0.8326
vn 0.0000 -1.0000 0.0000
vn 0.0000 -1.0000 0.0000
vn 0.0000 -1.0000 0.0000
vn -0.4551 -0.1476 0.8781
vn -0.4551 -0.1476 0.8781
vn -0.4551 -0.1476 0.8781
vn -0.0000 1.0000 0.0000
vn -0.0000 1.0000 0.0000
vn -0.0000 1.0000 0.0000
vn -0.4402 0.1780 -0.8801
vn -0.4402 0.1780 -0.8801
vn -0.4402 0.1780 -0.8801
vn -0.9077 0.4044 0.1119
vn -0.9077 0.4044 0.1119
vn -0.9077 0.4044 0.1119
vn 0.0000 1.0000 0.0000
vn 0.0000 1.0000 0.0000
vn 0.0000 1.0000 0.0000
vn -0.3239 -0.1788 -0.9290
vn -0.3239 -0.1788 -0.9290
vn -0.3239 -0.1788 -0.9290
vn 0.4408 0.8835 -0.1586
vn 0.4408 0.8835 -0.1586
vn 0.4408 0.8835 -0.1586
vn -0.2180 0.9578 0.1871
vn -0.2180 0.9578 0.1871
vn -0.2180 0.9578 0.1871
vn -0.2030 0.9587 0.1994
vn -0.2030 0.9587 0.1994
vn -0.2030 0.9587 0.1994
vn 0.7410 0.6500 0.1688
vn 0.7410 0.6500 0.1688
vn 0.7410 0.6500 0.1688
vn 0.6983 0.7153 0.0273
vn 0.6983 0.7153 0.0273
vn 0.6983 0.7153 0.0273
vn -0.2107 0.9767 0.0417
vn -0.2107 0.9767 0.0417
vn -0.2107 0.9767 0.0417
vn -0.2414 0.9680 0.0690
vn -0.2414 0.9680 0.0690
vn -0.2414 0.9680 0.0690
vn 0.7271 0.6835 0.0642
vn 0.7271 0.6835 0.0642
vn 0.7271 0.6835 0.0642
vn 0.6517 0.7579 -0.0301
vn 0.6517 0.7579 -0.0301
vn 0.6517 0.7579 -0.0301
vn -0.1967 0.9737 -0.1152
vn -0.1967 0.9737 -0.1152
vn -0.1967 0.9737 -0.1152
vn -0.3578 0.9334 0.0280
vn -0.3578 0.9334 0.0280
vn -0.3578 0.9334 0.0280
vn 0.7018 0.7118 0.0287
vn 0.7018 0.7118 0.0287
vn 0.7018 0.7118 0.0287
vn -0.0000 -1.0000 -0.0000
vn -0.0000 -1.0000 -0.0000
vn -0.0000 -1.0000 -0.0000
vn -0.9099 0.4115 0.0515
vn -0.9099 0.4115 0.0515
vn -0.9099 0.4115 0.0515
vn -0.4717 0.0672 0.8792
vn -0.4717 0.0672 0.8792
vn -0.4717 0.0672 0.8792
vn -0.7818 0.6235 0.0000
vn -0.7818 0.6235 0.0000
vn -0.7818 0.6235 0.0000
vn 0.7818 -0.6235 0.0000
vn 0.7818 -0.6235 0.0000
vn 0.7818 -0.6235 0.0000
vn -0.4339 -0.9010 -0.0000
vn -0.4339 -0.9010 -0.0000
vn -0.4339 -0.9010 -0.0000
vn 0.4339 -0.9010 0.0000
vn 0.4339 -0.9010 0.0000
vn 0.4339 -0.9010 0.0000
vn -0.4339 0.9010 0.0000
vn -0.4339 0.9010 0.0000
vn -0.4339 0.9010 0.0000
vn 0.4451 0.3316 0.8318
vn 0.4451 0.3316 0.8318
vn 0.4451 0.3316 0.8318
vn 0.7125 0.6985 0.0676
vn 0.7125 0.6985 0.0676
vn 0.7125 0.6985 0.0676
vn 0.9749 -0.2225 0.0000
vn 0.9749 -0.2225 0.0000
vn 0.9749 -0.2225 0.0000
vn 0.4339 0.9010 0.0000
vn 0.4339 0.9010 0.0000
vn 0.4339 0.9010 0.0000
vn 0.9749 0.2225 0.0000
vn 0.9749 0.2225 0.0000
vn 0.9749 0.2225 0.0000
vn -0.1689 -0.9781 0.1216
vn -0.1689 -0.9781 0.1216
vn -0.1689 -0.9781 0.1216
vn 0.2499 -0.4027 -0.8806
vn 0.2499 -0.4027 -0.8806
vn 0.2499 -0.4027 -0.8806
vn -0.9749 0.2225 0.0000
vn -0.9749 0.2225 0.0000
vn -0.9749 0.2225 0.0000
vn 0.4853 0.1562 -0.8603
vn 0.4853 0.1562 -0.8603
vn 0.4853 0.1562 -0.8603
vn 0.4086 0.3121 -0.8577
vn 0.4086 0.3121 -0.8577
vn 0.4086 0.3121 -0.8577
vn 0.7283 0.6795 0.0886
vn 0.7283 0.6795 0.0886
vn 0.7283 0.6795 0.0886
vn 0.9964 -0.0194 0.0829
vn 0.9964 -0.0194 0.0829
vn 0.9964 -0.0194 0.0829
vn 0.5683 -0.7912 0.2259
vn 0.5683 -0.7912 0.2259
vn 0.5683 -0.7912 0.2259
vn 0.5993 -0.0194 0.8003
vn 0.5993 -0.0194 0.8003
vn 0.5993 -0.0194 0.8003
vn 0.6839 -0.7207 0.1135
vn 0.6839 -0.7207 0.1135
vn 0.6839 -0.7207 0.1135
vn 0.9671 0.1369 0.2144
vn 0.9671 0.1369 0.2144
vn 0.9671 0.1369 0.2144
vn 0.3587 -0.3241 0.8754
vn 0.3587 -0.3241 0.8754
vn 0.3587 -0.3241 0.8754
vn -0.0017 -0.4211 0.9070
vn -0.0017 -0.4211 0.9070
vn -0.0017 -0.4211 0.9070
vn -0.1195 -0.9898 0.0780
vn -0.1195 -0.9898 0.0780
vn -0.1195 -0.9898 0.0780
vn -0.7818 -0.6235 0.0000
vn -0.7818 -0.6235 0.0000
vn -0.7818 -0.6235 0.0000
vn -0.0006 0.4620 0.8869
vn -0.0006 0.4620 0.8869
vn -0.0006 0.4620 0.8869
vn 0.7818 0.6235 0.0000
vn 0.7818 0.6235 0.0000
vn 0.7818 0.6235 0.0000
vn -0.4672 -0.1533 0.8708
vn -0.4672 -0.1533 0.8708
vn -0.4672 -0.1533 0.8708
vn -0.9533 0.2971 -0.0541
vn -0.9533 0.2971 -0.0541
vn -0.9533 0.2971 -0.0541
vn -0.2635 0.9621 0.0708
vn -0.2635 0.9621 0.0708
vn -0.2635 0.9621 0.0708
vn -0.1197 0.9913 -0.0556
vn -0.1197 0.9913 -0.0556
vn -0.1197 0.9913 -0.0556
vn -0.1440 0.4387 -0.8870
vn -0.1440 0.4387 -0.8870
vn -0.1440 0.4387 -0.8870
vn -0.4475 0.1887 -0.8741
vn -0.4475 0.1887 -0.8741
vn -0.4475 0.1887 -0.8741
vn -0.9363 -0.3423 0.0783
vn -0.9363 -0.3423 0.0783
vn -0.9363 -0.3423 0.0783
vn -0.9271 -0.3710 0.0525
vn -0.9271 -0.3710 0.0525
vn -0.9271 -0.3710 0.0525
vn 0.0000 1.0000 0.0000
vn 0.0000 1.0000 0.0000
vn 0.0000 1.0000 0.0000
vn -0.9749 -0.2225 -0.0000
vn -0.9749 -0.2225 -0.0000
vn -0.9749 -0.2225 -0.0000
vn -0.3869 -0.0834 -0.9184
vn -0.3869 -0.0834 -0.9184
vn -0.3869 -0.0834 -0.9184
vn -0.0323 -0.3704 -0.9283
vn -0.0323 -0.3704 -0.9283
vn -0.0323 -0.3704 -0.9283
vn -0.0000 -1.0000 -0.0000
vn -0.0000 -1.0000 -0.0000
vn -0.0000 -1.0000 -0.0000
vn -0.8353 0.5496 -0.0151
vn -0.8353 0.5496 -0.0151
vn -0.8353 0.5496 -0.0151
vn -0.2653 0.9629 0.0499
vn -0.2653 0.9629 0.0499
vn -0.2653 0.9629 0.0499
vn -0.1379 0.4117 -0.9008
vn -0.1379 0.4117 -0.9008
vn -0.1379 0.4117 -0.9008
vn 0.7775 0.6284 0.0249
vn 0.7775 0.6284 0.0249
vn 0.7775 0.6284 0.0249
vn -0.9749 0.2225 0.0000
vn -0.9749 0.2225 0.0000
vn -0.9749 0.2225 0.0000
vn -0.4339 0.9010 0.0000
vn -0.4339 0.9010 0.0000
vn -0.4339 0.9010 0.0000
vn 0.4312 -0.0397 0.9014
vn 0.4312 -0.0397 0.9014
vn 0.4312 -0.0397 0.9014
vn 0.6531 -0.7565 0.0347
vn 0.6531 -0.7565 0.0347
vn 0.6531 -0.7565 0.0347
vn -0.4339 -0.9010 -0.0000
vn -0.4339 -0.9010 -0.0000
vn -0.4339 -0.9010 -0.0000
vn -0.2915 -0.9558 0.0382
vn -0.2915 -0.9558 0.0382
vn -0.2915 -0.9558 0.0382
vn -0.2534 -0.3319 0.9086
vn -0.2534 -0.3319 0.9086
vn -0.2534 -0.3319 0.9086
vn -0.9749 -0.2225 -0.0000
vn -0.9749 -0.2225 -0.0000
vn -0.9749 -0.2225 -0.0000
vn -0.3983 -0.9153 -0.0607
vn -0.3983 -0.9153 -0.0607
vn -0.3983 -0.9153 -0.0607
vn -0.1653 -0.4143 -0.8950
vn -0.1653 -0.4143 -0.8950
vn -0.1653 -0.4143 -0.8950
vn 0.2964 -0.3121 -0.9026
vn 0.2964 -0.3121 -0.9026
vn 0.2964 -0.3121 -0.9026
vn 0.7329 -0.6774 -0.0622
vn 0.7329 -0.6774 -0.0622
vn 0.7329 -0.6774 -0.0622
vn 0.3522 -0.2140 0.9111
vn 0.3522 -0.2140 0.9111
vn 0.3522 -0.2140 0.9111
vn 0.9749 0.2225 -0.0000
vn 0.9749 0.2225 -0.0000
vn 0.9749 0.2225 -0.0000
vn 0.4339 -0.9010 0.0000
vn 0.4339 -0.9010 0.0000
vn 0.4339 -0.9010 0.0000
vn 0.3246 0.3249 0.8883
vn 0.3246 0.3249 0.8883
vn 0.3246 0.3249 0.8883
vn 0.6569 0.7442 -0.1209
vn 0.6569 0.7442 -0.1209
vn 0.6569 0.7442 -0.1209
vn 0.9908 0.1318 0.0316
vn 0.9908 0.1318 0.0316
vn 0.9908 0.1318 0.0316
vn 0.4339 -0.9010 0.0000
vn 0.4339 -0.9010 0.0000
vn 0.4339 -0.9010 0.0000
vn 0.9925 -0.0394 -0.1159
vn 0.9925 -0.0394 -0.1159
vn 0.9925 -0.0394 -0.1159
vn 0.5965 0.1407 -0.7902
vn 0.5965 0.1407 -0.7902
vn 0.5965 0.1407 -0.7902
vn -0.4339 0.9010 0.0000
vn -0.4339 0.9010 0.0000
vn -0.4339 0.9010 0.0000
vn 0.5187 0.2902 -0.8042
vn 0.5187 0.2902 -0.8042
vn 0.5187 0.2902 -0.8042
vn -0.9749 0.2225 0.0000
vn -0.9749 0.2225 0.0000
vn -0.9749 0.2225 0.0000
vn -0.1419 0.3450 0.9278
vn -0.1419 0.3450 0.9278
vn -0.1419 0.3450 0.9278
vn -0.2904 0.9565 0.0275
vn -0.2904 0.9565 0.0275
vn -0.2904 0.9565 0.0275
vn -0.2648 -0.3228 0.9087
vn -0.2648 -0.3228 0.9087
vn -0.2648 -0.3228 0.9087
vn -0.2584 0.2541 0.9320
vn -0.2584 0.2541 0.9320
vn -0.2584 0.2541 0.9320
vn 0.0000 -1.0000 0.0000
vn 0.0000 -1.0000 0.0000
vn 0.0000 -1.0000 0.0000
vn -0.0000 1.0000 0.0000
vn -0.0000 1.0000 0.0000
vn -0.0000 1.0000 0.0000
vn -0.3605 0.2352 -0.9026
vn -0.3605 0.2352 -0.9026
vn -0.3605 0.2352 -0.9026
vn -0.8348 -0.5491 0.0391
vn -0.8348 -0.5491 0.0391
vn -0.8348 -0.5491 0.0391
vn -0.8733 0.4846 0.0501
vn -0.8733 0.4846 0.0501
vn -0.8733 0.4846 0.0501
vn -0.8002 -0.5996 -0.0145
vn -0.8002 -0.5996 -0.0145
vn -0.8002 -0.5996 -0.0145
vn 0.0000 1.0000 0.0000
vn 0.0000 1.0000 0.0000
vn 0.0000 1.0000 0.0000
vn 0.7818 -0.6235 0.0000
vn 0.7818 -0.6235 0.0000
vn 0.7818 -0.6235 0.0000
vn -0.4041 -0.3446 -0.8473
vn -0.4041 -0.3446 -0.8473
vn -0.4041 -0.3446 -0.8473
vn -0.2987 -0.1443 -0.9434
vn -0.2987 -0.1443 -0.9434
vn -0.2987 -0.1443 -0.9434
vn -0.7883 0.6101 0.0800
vn -0.7883 0.6101 0.0800
vn -0.7883 0.6101 0.0800
vn -0.3503 0.1238 0.9284
vn -0.3503 0.1238 0.9284
vn -0.3503 0.1238 0.9284
vn -0.7818 0.6235 0.0000
vn -0.7818 0.6235 0.0000
vn -0.7818 0.6235 0.0000
vn -0.9749 -0.2225 -0.0000
vn -0.9749 -0.2225 -0.0000
vn -0.9749 -0.2225 -0.0000
vn 0.9749 0.2225 -0.0000
vn 0.9749 0.2225 -0.0000
vn 0.9749 0.2225 -0.0000
vn 0.4339 -0.9010 0.0000
vn 0.4339 -0.9010 0.0000
vn 0.4339 -0.9010 0.0000
vn -0.4339 0.9010 0.0000
vn -0.4339 0.9010 0.0000
vn -0.4339 0.9010 0.0000
vn 0.1674 0.5072 0.8454
vn 0.1674 0.5072 0.8454
vn 0.1674 0.5072 0.8454
vn 0.6416 0.7534 0.1441
vn 0.6416 0.7534 0.1441
vn 0.6416 0.7534 0.1441
vn 0.9786 0.0701 0.1936
vn 0.9786 0.0701 0.1936
vn 0.9786 0.0701 0.1936
vn -0.4339 -0.9010 -0.0000
vn -0.4339 -0.9010 -0.0000
vn -0.4339 -0.9010 -0.0000
vn 0.2305 -0.4232 -0.8762
vn 0.2305 -0.4232 -0.8762
vn 0.2305 -0.4232 -0.8762
vn 0.5510 -0.8119 0.1930
vn 0.5510 -0.8119 0.1930
vn 0.5510 -0.8119 0.1930
vn 0.2533 0.2677 -0.9296
vn 0.2533 0.2677 -0.9296
vn 0.2533 0.2677 -0.9296
vn 0.4339 -0.9010 0.0000
vn 0.4339 -0.9010 0.0000
vn 0.4339 -0.9010 0.0000
vn 0.5109 0.0797 -0.8560
vn 0.5109 0.0797 -0.8560
vn 0.5109 0.0797 -0.8560
vn -0.4339 0.9010 0.0000
vn -0.4339 0.9010 0.0000
vn -0.4339 0.9010 0.0000
vn 0.9785 -0.2020 -0.0406
vn 0.9785 -0.2020 -0.0406
vn 0.9785 -0.2020 -0.0406
vn 0.4698 0.8818 -0.0412
vn 0.4698 0.8818 -0.0412
vn 0.4698 0.8818 -0.0412
vn 0.4666 -0.2005 0.8614
vn 0.4666 -0.2005 0.8614
vn 0.4666 -0.2005 0.8614
vn 0.4646 -0.2048 0.8615
vn 0.4646 -0.2048 0.8615
vn 0.4646 -0.2048 0.8615
vn 0.7876 -0.6116 -0.0749
vn 0.7876 -0.6116 -0.0749
vn 0.7876 -0.6116 -0.0749
vn -0.3272 -0.9414 -0.0820
vn -0.3272 -0.9414 -0.0820
vn -0.3272 -0.9414 -0.0820
vn -0.1859 -0.3481 0.9188
vn -0.1859 -0.3481 0.9188
vn -0.1859 -0.3481 0.9188
vn -0.7818 -0.6235 0.0000
vn -0.7818 -0.6235 0.0000
vn -0.7818 -0.6235 0.0000
vn 0.0376 0.5356 0.8436
vn 0.0376 0.5356 0.8436
vn 0.0376 0.5356 0.8436
vn 0.7818 0.6235 0.0000
vn 0.7818 0.6235 0.0000
vn 0.7818 0.6235 0.0000
vn -0.3483 -0.1638 0.9230
vn -0.3483 -0.1638 0.9230
vn -0.3483 -0.1638 0.9230
vn -0.9099 0.3920 -0.1360
vn -0.9099 0.3920 -0.1360
vn -0.9099 0.3920 -0.1360
vn -0.3734 0.9180 0.1334
vn -0.3734 0.9180 0.1334
vn -0.3734 0.9180 0.1334
vn 0.7818 0.6235 0.0000
vn 0.7818 0.6235 0.0000
vn 0.7818 0.6235 0.0000
vn -0.0781 0.9887 -0.1279
vn -0.0781 0.9887 -0.1279
vn -0.0781 0.9887 -0.1279
vn -0.2509 0.3705 -0.8943
vn -0.2509 0.3705 -0.8943
vn -0.2509 0.3705 -0.8943
vn -0.3831 0.4295 -0.8177
vn -0.3831 0.4295 -0.8177
vn -0.3831 0.4295 -0.8177
vn -0.8970 -0.4325 0.0910
vn -0.8970 -0.4325 0.0910
vn -0.8970 -0.4325 0.0910
vn -0.0233 -0.4812 -0.8763
vn -0.0233 -0.4812 -0.8763
vn -0.0233 -0.4812 -0.8763
vn -0.8993 -0.4286 0.0871
vn -0.8993 -0.4286 0.0871
vn -0.8993 -0.4286 0.0871
vn -0.1402 -0.9866 0.0835
vn -0.1402 -0.9866 0.0835
vn -0.1402 -0.9866 0.0835
vn 0.7818 -0.6235 0.0000
vn 0.7818 -0.6235 0.0000
vn 0.7818 -0.6235 0.0000
vn -0.7818 0.6235 0.0000
vn -0.7818 0.6235 0.0000
vn -0.7818 0.6235 0.0000
vn 0.0000 -1.0000 0.0000
vn 0.0000 -1.0000 0.0000
vn 0.0000 -1.0000 0.0000
vn -0.0000 -1.0000 -0.0000
vn -0.0000 -1.0000 -0.0000
vn -0.0000 -1.0000 -0.0000
vn -0.7818 -0.6235 0.0000
vn -0.7818 -0.6235 0.0000
vn -0.7818 -0.6235 0.0000
vn -0.9749 0.2225 0.0000
vn -0.9749 0.2225 0.0000
vn -0.9749 0.2225 0.0000
vn -0.4339 0.9010 0.0000
vn -0.4339 0.9010 0.0000
vn -0.4339 0.9010 0.0000
vn 0.4339 -0.9010 0.0000
vn 0.4339 -0.9010 0.0000
vn 0.4339 -0.9010 0.0000
vn 0.4145 -0.2211 -0.8828
vn 0.4145 -0.2211 -0.8828
vn 0.4145 -0.2211 -0.8828
vn -0.3782 -0.9149 0.1413
vn -0.3782 -0.9149 0.1413
vn -0.3782 -0.9149 0.1413
vn 0.9749 0.2225 -0.0000
vn 0.9749 0.2225 -0.0000
vn 0.9749 0.2225 -0.0000
vn 0.4339 0.9010 -0.0000
vn 0.4339 0.9010 -0.0000
vn 0.4339 0.9010 -0.0000
vn 0.9749 -0.2225 0.0000
vn 0.9749 -0.2225 0.0000
vn 0.9749 -0.2225 0.0000
vn -0.9749 0.2225 0.0000
vn -0.9749 0.2225 0.0000
vn -0.9749 0.2225 0.0000
vn -0.0000 1.0000 0.0000
vn -0.0000 1.0000 0.0000
vn -0.0000 1.0000 0.0000
vn -0.4794 -0.0461 0.8764
vn -0.4794 -0.0461 0.8764
vn -0.4794 -0.0461 0.8764
vn 0.0000 -1.0000 0.0000
vn 0.0000 -1.0000 0.0000
vn 0.0000 -1.0000 0.0000
vn -0.4478 0.0637 0.8919
vn -0.4478 0.0637 0.8919
vn -0.4478 0.0637 0.8919
vn -0.0300 0.4068 0.9130
vn -0.0300 0.4068 0.9130
vn -0.0300 0.4068 0.9130
vn 0.3125 0.3214 0.8939
vn 0.3125 0.3214 0.8939
vn 0.3125 0.3214 0.8939
vn 0.4079 0.1335 0.9032
vn 0.4079 0.1335 0.9032
vn 0.4079 0.1335 0.9032
vn -0.0012 -0.4385 0.8987
vn -0.0012 -0.4385 0.8987
vn -0.0012 -0.4385 0.8987
vn -0.9749 -0.2225 -0.0000
vn -0.9749 -0.2225 -0.0000
vn -0.9749 -0.2225 -0.0000
vn 0.2108 -0.4287 0.8785
vn 0.2108 -0.4287 0.8785
vn 0.2108 -0.4287 0.8785
vn -0.1253 -0.9885 -0.0851
vn -0.1253 -0.9885 -0.0851
vn -0.1253 -0.9885 -0.0851
vn -0.9573 -0.2773 -0.0813
vn -0.9573 -0.2773 -0.0813
vn -0.9573 -0.2773 -0.0813
vn 0.9857 0.1360 -0.0992
vn 0.9857 0.1360 -0.0992
vn 0.9857 0.1360 -0.0992
vn 0.7480 -0.6489 0.1397
vn 0.7480 -0.6489 0.1397
vn 0.7480 -0.6489 0.1397
vn 0.5391 -0.8361 -0.1015
vn 0.5391 -0.8361 -0.1015
vn 0.5391 -0.8361 -0.1015
vn 0.9749 0.2225 0.0000
vn 0.9749 0.2225 0.0000
vn 0.9749 0.2225 0.0000
vn 0.9743 -0.1616 0.1567
vn 0.9743 -0.1616 0.1567
vn 0.9743 -0.1616 0.1567
vn 0.4389 -0.1699 -0.8823
vn 0.4389 -0.1699 -0.8823
vn 0.4389 -0.1699 -0.8823
vn 0.4842 0.8607 0.1571
vn 0.4842 0.8607 0.1571
vn 0.4842 0.8607 0.1571
vn 0.6586 0.7522 -0.0180
vn 0.6586 0.7522 -0.0180
vn 0.6586 0.7522 -0.0180
vn 0.1638 0.4798 -0.8620
vn 0.1638 0.4798 -0.8620
vn 0.1638 0.4798 -0.8620
vn -0.9494 0.3034 -0.0813
vn -0.9494 0.3034 -0.0813
vn -0.9494 0.3034 -0.0813
vn -0.2365 0.9714 -0.0183
vn -0.2365 0.9714 -0.0183
vn -0.2365 0.9714 -0.0183
vn -0.1594 0.9835 -0.0852
vn -0.1594 0.9835 -0.0852
vn -0.1594 0.9835 -0.0852
vn -0.1345 0.5243 -0.8408
vn -0.1345 0.5243 -0.8408
vn -0.1345 0.5243 -0.8408
vn -0.8913 -0.4471 0.0759
vn -0.8913 -0.4471 0.0759
vn -0.8913 -0.4471 0.0759
vn -0.8792 0.4705 0.0749
vn -0.8792 0.4705 0.0749
vn -0.8792 0.4705 0.0749
vn -0.4355 0.2585 -0.8623
vn -0.4355 0.2585 -0.8623
vn -0.4355 0.2585 -0.8623
vn -0.9749 -0.2225 -0.0000
vn -0.9749 -0.2225 -0.0000
vn -0.9749 -0.2225 -0.0000
vn -0.4133 -0.2170 -0.8844
vn -0.4133 -0.2170 -0.8844
vn -0.4133 -0.2170 -0.8844
vn -0.2522 -0.3552 -0.9001
vn -0.2522 -0.3552 -0.9001
vn -0.2522 -0.3552 -0.9001
vn -0.0000 -1.0000 -0.0000
vn -0.0000 -1.0000 -0.0000
vn -0.0000 -1.0000 -0.0000
vn -0.8362 0.5367 -0.1124
vn -0.8362 0.5367 -0.1124
vn -0.8362 0.5367 -0.1124
vn -0.7818 -0.6235 0.0000
vn -0.7818 -0.6235 0.0000
vn -0.7818 -0.6235 0.0000
vn -0.9749 0.2225 0.0000
vn -0.9749 0.2225 0.0000
vn -0.9749 0.2225 0.0000
vn 0.2274 0.4864 0.8436
vn 0.2274 0.4864 0.8436
vn 0.2274 0.4864 0.8436
vn 0.4594 0.0417 0.8873
vn 0.4594 0.0417 0.8873
vn 0.4594 0.0417 0.8873
vn 0.2173 -0.4082 0.8867
vn 0.2173 -0.4082 0.8867
vn 0.2173 -0.4082 0.8867
vn -0.3290 -0.9397 0.0930
vn -0.3290 -0.9397 0.0930
vn -0.3290 -0.9397 0.0930
vn 0.3119 -0.2964 -0.9027
vn 0.3119 -0.2964 -0.9027
vn 0.3119 -0.2964 -0.9027
vn 0.4911 -0.0361 -0.8704
vn 0.4911 -0.0361 -0.8704
vn 0.4911 -0.0361 -0.8704
vn 0.2511 0.2179 -0.9431
vn 0.2511 0.2179 -0.9431
vn 0.2511 0.2179 -0.9431
vn 0.7818 0.6235 0.0000
vn 0.7818 0.6235 0.0000
vn 0.7818 0.6235 0.0000
vn -0.2699 0.3260 -0.9060
vn -0.2699 0.3260 -0.9060
vn -0.2699 0.3260 -0.9060
vn -0.4339 0.9010 0.0000
vn -0.4339 0.9010 0.0000
vn -0.4339 0.9010 0.0000
vn 0.4339 0.9010 0.0000
vn 0.4339 0.9010 0.0000
vn 0.4339 0.9010 0.0000
vn -0.4339 -0.9010 -0.0000
vn -0.4339 -0.9010 -0.0000
vn -0.4339 -0.9010 -0.0000
vn -0.0988 -0.9891 -0.1096
vn -0.0988 -0.9891 -0.1096
vn -0.0988 -0.9891 -0.1096
vn 0.6661 -0.7397 0.0959
vn 0.6661 -0.7397 0.0959
vn 0.6661 -0.7397 0.0959
vn 0.0248 -0.4542 0.8906
vn 0.0248 -0.4542 0.8906
vn 0.0248 -0.4542 0.8906
vn 0.7818 -0.6235 0.0000
vn 0.7818 -0.6235 0.0000
vn 0.7818 -0.6235 0.0000
vn 0.5527 -0.8328 -0.0303
vn 0.5527 -0.8328 -0.0303
vn 0.5527 -0.8328 -0.0303
vn -0.4339 -0.9010 -0.0000
vn -0.4339 -0.9010 -0.0000
vn -0.4339 -0.9010 -0.0000
vn 0.9987 -0.0361 0.0368
vn 0.9987 -0.0361 0.0368
vn 0.9987 -0.0361 0.0368
vn 0.9986 0.0428 -0.0311
vn 0.9986 0.0428 -0.0311
vn 0.9986 0.0428 -0.0311
vn 0.4339 -0.9010 0.0000
vn 0.4339 -0.9010 0.0000
vn 0.4339 -0.9010 0.0000
vn 0.6583 0.7269 0.1958
vn 0.6583 0.7269 0.1958
vn 0.6583 0.7269 0.1958
vn 0.9749 -0.2225 0.0000
vn 0.9749 -0.2225 0.0000
vn 0.9749 -0.2225 0.0000
vn 0.5182 0.8545 0.0349
vn 0.5182 0.8545 0.0349
vn 0.5182 0.8545 0.0349
vn -0.3965 0.9001 0.1807
vn -0.3965 0.9001 0.1807
vn -0.3965 0.9001 0.1807
vn -0.7818 0.6235 0.0000
vn -0.7818 0.6235 0.0000
vn -0.7818 0.6235 0.0000
vn -0.0764 0.5312 0.8438
vn -0.0764 0.5312 0.8438
vn -0.0764 0.5312 0.8438
vn -0.1804 0.9835 -0.0159
vn -0.1804 0.9835 -0.0159
vn -0.1804 0.9835 -0.0159
vn -0.3649 -0.1350 0.9212
vn -0.3649 -0.1350 0.9212
vn -0.3649 -0.1350 0.9212
vn -0.9107 -0.3967 -0.1153
vn -0.9107 -0.3967 -0.1153
vn -0.9107 -0.3967 -0.1153
vn -0.3506 0.3058 0.8852
vn -0.3506 0.3058 0.8852
vn -0.3506 0.3058 0.8852
vn -0.5326 0.2667 -0.8032
vn -0.5326 0.2667 -0.8032
vn -0.5326 0.2667 -0.8032
vn -0.9134 -0.3882 -0.1228
vn -0.9134 -0.3882 -0.1228
vn -0.9134 -0.3882 -0.1228
vn -0.8969 0.4418 -0.0163
vn -0.8969 0.4418 -0.0163
vn -0.8969 0.4418 -0.0163
vn 0.0000 1.0000 0.0000
vn 0.0000 1.0000 0.0000
vn 0.0000 1.0000 0.0000
vn -0.9749 -0.2225 -0.0000
vn -0.9749 -0.2225 -0.0000
vn -0.9749 -0.2225 -0.0000
vn -0.4432 -0.1665 -0.8808
vn -0.4432 -0.1665 -0.8808
vn -0.4432 -0.1665 -0.8808
vn -0.1980 -0.3764 -0.9051
vn -0.1980 -0.3764 -0.9051
vn -0.1980 -0.3764 -0.9051
vn -0.0000 -1.0000 -0.0000
vn -0.0000 -1.0000 -0.0000
vn -0.0000 -1.0000 -0.0000
vn -0.7818 -0.6235 0.0000
vn -0.7818 -0.6235 0.0000
vn -0.7818 -0.6235 0.0000
vn -0.9171 0.3570 -0.1774
vn -0.9171 0.3570 -0.1774
vn -0.9171 0.3570 -0.1774
vn -0.7818 -0.6235 0.0000
vn -0.7818 -0.6235 0.0000
vn -0.7818 -0.6235 0.0000
vn -0.7818 0.6235 0.0000
vn -0.7818 0.6235 0.0000
vn -0.7818 0.6235 0.0000
vn 0.7818 -0.6235 0.0000
vn 0.7818 -0.6235 0.0000
vn 0.7818 -0.6235 0.0000
vn 0.9749 0.2225 -0.0000
vn 0.9749 0.2225 -0.0000
vn 0.9749 0.2225 -0.0000
vn 0.4339 -0.9010 0.0000
vn 0.4339 -0.9010 0.0000
vn 0.4339 -0.9010 0.0000
vn -0.4339 0.9010 0.0000
vn -0.4339 0.9010 0.0000
vn -0.4339 0.9010 0.0000
vn 0.9843 -0.1694 -0.0496
vn 0.9843 -0.1694 -0.0496
vn 0.9843 -0.1694 -0.0496
vn 0.2454 0.4079 -0.8794
vn 0.2454 0.4079 -0.8794
vn 0.2454 0.4079 -0.8794
vn 0.4339 -0.9010 0.0000
vn 0.4339 -0.9010 0.0000
vn 0.4339 -0.9010 0.0000
vn 0.9749 0.2225 0.0000
vn 0.9749 0.2225 0.0000
vn 0.9749 0.2225 0.0000
vn 0.5707 0.8208 -0.0244
vn 0.5707 0.8208 -0.0244
vn 0.5707 0.8208 -0.0244
vn -0.4339 0.9010 0.0000
vn -0.4339 0.9010 0.0000
vn -0.4339 0.9010 0.0000
vn 0.3989 -0.1917 -0.8967
vn 0.3989 -0.1917 -0.8967
vn 0.3989 -0.1917 -0.8967
vn 0.4167 -0.1537 -0.8959
vn 0.4167 -0.1537 -0.8959
vn 0.4167 -0.1537 -0.8959
vn 0.1579 0.3412 0.9267
vn 0.1579 0.3412 0.9267
vn 0.1579 0.3412 0.9267
vn 0.9889 -0.0966 -0.1131
vn 0.9889 -0.0966 -0.1131
vn 0.9889 -0.0966 -0.1131
vn 0.5435 0.8378 -0.0520
vn 0.5435 0.8378 -0.0520
vn 0.5435 0.8378 -0.0520
vn 0.3923 -0.0944 0.9150
vn 0.3923 -0.0944 0.9150
vn 0.3923 -0.0944 0.9150
vn 0.5721 -0.8134 -0.1053
vn 0.5721 -0.8134 -0.1053
vn 0.5721 -0.8134 -0.1053
vn 0.2357 -0.3934 0.8887
vn 0.2357 -0.3934 0.8887
vn 0.2357 -0.3934 0.8887
vn 0.7594 -0.6404 0.1145
vn 0.7594 -0.6404 0.1145
vn 0.7594 -0.6404 0.1145
vn -0.1292 -0.4894 0.8624
vn -0.1292 -0.4894 0.8624
vn -0.1292 -0.4894 0.8624
vn 0.0223 0.3725 0.9277
vn 0.0223 0.3725 0.9277
vn 0.0223 0.3725 0.9277
vn 0.7818 0.6235 0.0000
vn 0.7818 0.6235 0.0000
vn 0.7818 0.6235 0.0000
vn -0.8390 -0.5386 0.0771
vn -0.8390 -0.5386 0.0771
vn -0.8390 -0.5386 0.0771
vn -0.3413 0.0812 0.9364
vn -0.3413 0.0812 0.9364
vn -0.3413 0.0812 0.9364
vn -0.3289 -0.2786 0.9023
vn -0.3289 -0.2786 0.9023
vn -0.3289 -0.2786 0.9023
vn -0.2928 0.9559 -0.0228
vn -0.2928 0.9559 -0.0228
vn -0.2928 0.9559 -0.0228
vn 0.7818 0.6235 0.0000
vn 0.7818 0.6235 0.0000
vn 0.7818 0.6235 0.0000
vn -0.1154 0.9779 -0.1744
vn -0.1154 0.9779 -0.1744
vn -0.1154 0.9779 -0.1744
vn -0.1858 0.4913 -0.8509
vn -0.1858 0.4913 -0.8509
vn -0.1858 0.4913 -0.8509
vn -0.8396 -0.5379 0.0763
vn -0.8396 -0.5379 0.0763
vn -0.8396 -0.5379 0.0763
vn -0.7861 0.6139 0.0715
vn -0.7861 0.6139 0.0715
vn -0.7861 0.6139 0.0715
vn -0.3274 0.3960 -0.8579
vn -0.3274 0.3960 -0.8579
vn -0.3274 0.3960 -0.8579
vn -0.9749 -0.2225 -0.0000
vn -0.9749 -0.2225 -0.0000
vn -0.9749 -0.2225 -0.0000
vn -0.3137 -0.2797 -0.9074
vn -0.3137 -0.2797 -0.9074
vn -0.3137 -0.2797 -0.9074
vn -0.1686 -0.3933 -0.9038
vn -0.1686 -0.3933 -0.9038
vn -0.1686 -0.3933 -0.9038
vn -0.0000 -1.0000 -0.0000
vn -0.0000 -1.0000 -0.0000
vn -0.0000 -1.0000 -0.0000
vn -0.7818 -0.6235 0.0000
vn -0.7818 -0.6235 0.0000
vn -0.7818 -0.6235 0.0000
vn -0.9749 0.2225 0.0000
vn -0.9749 0.2225 0.0000
vn -0.9749 0.2225 0.0000
vn 0.6552 0.7446 0.1275
vn 0.6552 0.7446 0.1275
vn 0.6552 0.7446 0.1275
vn 0.5241 -0.1077 -0.8448
vn 0.5241 -0.1077 -0.8448
vn 0.5241 -0.1077 -0.8448
vn -0.4339 -0.9010 -0.0000
vn -0.4339 -0.9010 -0.0000
vn -0.4339 -0.9010 -0.0000
vn 0.0346 -0.3761 -0.9259
vn 0.0346 -0.3761 -0.9259
vn 0.0346 -0.3761 -0.9259
vn 0.3064 -0.3042 -0.9020
vn 0.3064 -0.3042 -0.9020
vn 0.3064 -0.3042 -0.9020
vn 0.4339 0.9010 0.0000
vn 0.4339 0.9010 0.0000
vn 0.4339 0.9010 0.0000
vn 0.4790 -0.0372 0.8770
vn 0.4790 -0.0372 0.8770
vn 0.4790 -0.0372 0.8770
vn 0.3980 -0.2211 0.8903
vn 0.3980 -0.2211 0.8903
vn 0.3980 -0.2211 0.8903
vn -0.2438 -0.3937 0.8863
vn -0.2438 -0.3937 0.8863
vn -0.2438 -0.3937 0.8863
vn -0.3279 -0.3611 0.8730
vn -0.3279 -0.3611 0.8730
vn -0.3279 -0.3611 0.8730
vn 0.0000 -1.0000 0.0000
vn 0.0000 -1.0000 0.0000
vn 0.0000 -1.0000 0.0000
vn -0.7818 -0.6235 0.0000
vn -0.7818 -0.6235 0.0000
vn -0.7818 -0.6235 0.0000
vn -0.0136 0.4747 0.8800
vn -0.0136 0.4747 0.8800
vn -0.0136 0.4747 0.8800
vn 0.9749 -0.2225 0.0000
vn 0.9749 -0.2225 0.0000
vn 0.9749 -0.2225 0.0000
vn 0.7818 0.6235 0.0000
vn 0.7818 0.6235 0.0000
vn 0.7818 0.6235 0.0000
vn -0.3863 0.2016 0.9001
vn -0.3863 0.2016 0.9001
vn -0.3863 0.2016 0.9001
vn 0.7818 -0.6235 0.0000
vn 0.7818 -0.6235 0.0000
vn 0.7818 -0.6235 0.0000
vn 0.9749 0.2225 -0.0000
vn 0.9749 0.2225 -0.0000
vn 0.9749 0.2225 -0.0000
vn 0.9880 -0.0996 0.1182
vn 0.9880 -0.0996 0.1182
vn 0.9880 -0.0996 0.1182
vn 0.4339 -0.9010 0.0000
vn 0.4339 -0.9010 0.0000
vn 0.4339 -0.9010 0.0000
vn 0.3486 0.3239 0.8795
vn 0.3486 0.3239 0.8795
vn 0.3486 0.3239 0.8795
vn 0.9970 -0.0397 0.0670
vn 0.9970 -0.0397 0.0670
vn 0.9970 -0.0397 0.0670
vn 0.9749 -0.2225 0.0000
vn 0.9749 -0.2225 0.0000
vn 0.9749 -0.2225 0.0000
vn 0.6785 0.7274 0.1028
vn 0.6785 0.7274 0.1028
vn 0.6785 0.7274 0.1028
vn 0.3316 0.3352 -0.8819
vn 0.3316 0.3352 -0.8819
vn 0.3316 0.3352 -0.8819
vn -0.2258 0.9683 0.1068
vn -0.2258 0.9683 0.1068
vn -0.2258 0.9683 0.1068
vn -0.1269 0.9917 0.0193
vn -0.1269 0.9917 0.0193
vn -0.1269 0.9917 0.0193
vn -0.1090 0.4559 -0.8833
vn -0.1090 0.4559 -0.8833
vn -0.1090 0.4559 -0.8833
vn -0.9147 -0.3564 0.1907
vn -0.9147 -0.3564 0.1907
vn -0.9147 -0.3564 0.1907
vn -0.9229 0.3844 0.0198
vn -0.9229 0.3844 0.0198
vn -0.9229 0.3844 0.0198
vn -0.8032 -0.5946 -0.0354
vn -0.8032 -0.5946 -0.0354
vn -0.8032 -0.5946 -0.0354
vn -0.8938 0.4467 -0.0393
vn -0.8938 0.4467 -0.0393
vn -0.8938 0.4467 -0.0393
vn -0.4514 0.1586 -0.8781
vn -0.4514 0.1586 -0.8781
vn -0.4514 0.1586 -0.8781
vn 0.7818 -0.6235 0.0000
vn 0.7818 -0.6235 0.0000
vn 0.7818 -0.6235 0.0000
vn -0.4325 -0.1175 -0.8940
vn -0.4325 -0.1175 -0.8940
vn -0.4325 -0.1175 -0.8940
vn -0.3549 -0.1276 -0.9262
vn -0.3549 -0.1276 -0.9262
vn -0.3549 -0.1276 -0.9262
vn -0.8866 0.4529 0.0936
vn -0.8866 0.4529 0.0936
vn -0.8866 0.4529 0.0936
vn -0.5418 -0.0468 0.8392
vn -0.5418 -0.0468 0.8392
vn -0.5418 -0.0468 0.8392
vn -0.7818 0.6235 0.0000
vn -0.7818 0.6235 0.0000
vn -0.7818 0.6235 0.0000
vn -0.0000 1.0000 0.0000
vn -0.0000 1.0000 0.0000
vn -0.0000 1.0000 0.0000
vn 0.7818 0.6235 0.0000
vn 0.7818 0.6235 0.0000
vn 0.7818 0.6235 0.0000
vn 0.2852 0.3042 0.9089
vn 0.2852 0.3042 0.9089
vn 0.2852 0.3042 0.9089
vn 0.7339 0.6775 0.0490
vn 0.7339 0.6775 0.0490
vn 0.7339 0.6775 0.0490
vn 0.9749 -0.2225 0.0000
vn 0.9749 -0.2225 0.0000
vn 0.9749 -0.2225 0.0000
vn -0.9749 0.2225 0.0000
vn -0.9749 0.2225 0.0000
vn -0.9749 0.2225 0.0000
vn 0.9878 0.1431 0.0616
vn 0.9878 0.1431 0.0616
vn 0.9878 0.1431 0.0616
vn 0.4339 0.9010 -0.0000
vn 0.4339 0.9010 -0.0000
vn 0.4339 0.9010 -0.0000
vn 0.4339 -0.9010 0.0000
vn 0.4339 -0.9010 0.0000
vn 0.4339 -0.9010 0.0000
vn 0.4958 0.1463 -0.8560
vn 0.4958 0.1463 -0.8560
vn 0.4958 0.1463 -0.8560
vn 0.4811 0.3451 -0.8059
vn 0.4811 0.3451 -0.8059
vn 0.4811 0.3451 -0.8059
vn 0.4270 0.0120 0.9042
vn 0.4270 0.0120 0.9042
vn 0.4270 0.0120 0.9042
vn 0.9986 0.0124 -0.0516
vn 0.9986 0.0124 -0.0516
vn 0.9986 0.0124 -0.0516
vn 0.6495 0.7586 -0.0521
vn 0.6495 0.7586 -0.0521
vn 0.6495 0.7586 -0.0521
vn -0.4339 0.9010 0.0000
vn -0.4339 0.9010 0.0000
vn -0.4339 0.9010 0.0000
vn -0.1056 0.3949 0.9126
vn -0.1056 0.3949 0.9126
vn -0.1056 0.3949 0.9126
vn -0.5324 0.1625 0.8308
vn -0.5324 0.1625 0.8308
vn -0.5324 0.1625 0.8308
vn -0.9339 0.3575 0.0020
vn -0.9339 0.3575 0.0020
vn -0.9339 0.3575 0.0020
vn -0.2934 0.9546 0.0515
vn -0.2934 0.9546 0.0515
vn -0.2934 0.9546 0.0515
vn -0.2385 0.9712 0.0022
vn -0.2385 0.9712 0.0022
vn -0.2385 0.9712 0.0022
vn -0.1555 0.3704 -0.9157
vn -0.1555 0.3704 -0.9157
vn -0.1555 0.3704 -0.9157
vn -0.7818 -0.6235 0.0000
vn -0.7818 -0.6235 0.0000
vn -0.7818 -0.6235 0.0000
vn -0.7818 0.6235 0.0000
vn -0.7818 0.6235 0.0000
vn -0.7818 0.6235 0.0000
vn -0.3510 0.1942 -0.9160
vn -0.3510 0.1942 -0.9160
vn -0.3510 0.1942 -0.9160
vn -0.0000 -1.0000 -0.0000
vn -0.0000 -1.0000 -0.0000
vn -0.0000 -1.0000 -0.0000
vn -0.8020 0.5780 -0.1505
vn -0.8020 0.5780 -0.1505
vn -0.8020 0.5780 -0.1505
vn -0.7818 -0.6235 0.0000
vn -0.7818 -0.6235 0.0000
vn -0.7818 -0.6235 0.0000
vn -0.9749 0.2225 0.0000
vn -0.9749 0.2225 0.0000
vn -0.9749 0.2225 0.0000
vn 0.3344 0.4112 0.8480
vn 0.3344 0.4112 0.8480
vn 0.3344 0.4112 0.8480
vn 0.4590 0.1053 0.8822
vn 0.4590 0.1053 0.8822
vn 0.4590 0.1053 0.8822
vn 0.9848 0.1666 0.0486
vn 0.9848 0.1666 0.0486
vn 0.9848 0.1666 0.0486
vn 0.4339 0.9010 0.0000
vn 0.4339 0.9010 0.0000
vn 0.4339 0.9010 0.0000
vn 0.9749 -0.2225 0.0000
vn 0.9749 -0.2225 0.0000
vn 0.9749 -0.2225 0.0000
vn -0.2153 0.4145 -0.8842
vn -0.2153 0.4145 -0.8842
vn -0.2153 0.4145 -0.8842
vn -0.9749 0.2225 0.0000
vn -0.9749 0.2225 0.0000
vn -0.9749 0.2225 0.0000
vn 0.4840 0.1678 -0.8588
vn 0.4840 0.1678 -0.8588
vn 0.4840 0.1678 -0.8588
vn 0.3931 0.3467 -0.8516
vn 0.3931 0.3467 -0.8516
vn 0.3931 0.3467 -0.8516
vn 0.9939 0.1098 -0.0011
vn 0.9939 0.1098 -0.0011
vn 0.9939 0.1098 -0.0011
vn 0.4339 -0.9010 0.0000
vn 0.4339 -0.9010 0.0000
vn 0.4339 -0.9010 0.0000
vn 0.6881 0.7222 0.0701
vn 0.6881 0.7222 0.0701
vn 0.6881 0.7222 0.0701
vn 0.9749 -0.2225 0.0000
vn 0.9749 -0.2225 0.0000
vn 0.9749 -0.2225 0.0000
vn 0.6274 0.7787 -0.0010
vn 0.6274 0.7787 -0.0010
vn 0.6274 0.7787 -0.0010
vn -0.3358 0.9394 0.0688
vn -0.3358 0.9394 0.0688
vn -0.3358 0.9394 0.0688
vn -0.7818 0.6235 0.0000
vn -0.7818 0.6235 0.0000
vn -0.7818 0.6235 0.0000
vn -0.1520 0.5842 0.7972
vn -0.1520 0.5842 0.7972
vn -0.1520 0.5842 0.7972
vn -0.2392 0.9708 -0.0185
vn -0.2392 0.9708 -0.0185
vn -0.2392 0.9708 -0.0185
vn -0.2876 -0.1843 0.9399
vn -0.2876 -0.1843 0.9399
vn -0.2876 -0.1843 0.9399
vn -0.2765 0.3265 0.9038
vn -0.2765 0.3265 0.9038
vn -0.2765 0.3265 0.9038
vn -0.4348 0.2303 -0.8706
vn -0.4348 0.2303 -0.8706
vn -0.4348 0.2303 -0.8706
vn -0.8922 0.4512 -0.0186
vn -0.8922 0.4512 -0.0186
vn -0.8922 0.4512 -0.0186
vn 0.0000 1.0000 0.0000
vn 0.0000 1.0000 0.0000
vn 0.0000 1.0000 0.0000
vn -0.4765 -0.0650 -0.8767
vn -0.4765 -0.0650 -0.8767
vn -0.4765 -0.0650 -0.8767
vn -0.0000 -1.0000 -0.0000
vn -0.0000 -1.0000 -0.0000
vn -0.0000 -1.0000 -0.0000
vn -0.9076 0.4176 0.0429
vn -0.9076 0.4176 0.0429
vn -0.9076 0.4176 0.0429
vn -0.7818 -0.6235 0.0000
vn -0.7818 -0.6235 0.0000
vn -0.7818 -0.6235 0.0000
vn -0.7818 0.6235 0.0000
vn -0.7818 0.6235 0.0000
vn -0.7818 0.6235 0.0000
vn -0.9749 -0.2225 -0.0000
vn -0.9749 -0.2225 -0.0000
vn -0.9749 -0.2225 -0.0000
vn 0.1528 -0.5020 0.8512
vn 0.1528 -0.5020 0.8512
vn 0.1528 -0.5020 0.8512
vn 0.4339 0.9010 -0.0000
vn 0.4339 0.9010 -0.0000
vn 0.4339 0.9010 -0.0000
vn 0.9749 -0.2225 0.0000
vn 0.9749 -0.2225 0.0000
vn 0.9749 -0.2225 0.0000
vn 0.6992 0.7027 -0.1318
vn 0.6992 0.7027 -0.1318
vn 0.6992 0.7027 -0.1318
vn 0.9981 -0.0621 -0.0025
vn 0.9981 -0.0621 -0.0025
vn 0.9981 -0.0621 -0.0025
vn 0.4524 -0.0591 -0.8899
vn 0.4524 -0.0591 -0.8899
vn 0.4524 -0.0591 -0.8899
vn -0.4339 -0.9010 -0.0000
vn -0.4339 -0.9010 -0.0000
vn -0.4339 -0.9010 -0.0000
vn -0.0576 -0.5144 -0.8556
vn -0.0576 -0.5144 -0.8556
vn -0.0576 -0.5144 -0.8556
vn 0.2793 -0.4371 -0.8549
vn 0.2793 -0.4371 -0.8549
vn 0.2793 -0.4371 -0.8549
vn 0.4339 0.9010 0.0000
vn 0.4339 0.9010 0.0000
vn 0.4339 0.9010 0.0000
vn 0.5898 0.8075 -0.0025
vn 0.5898 0.8075 -0.0025
vn 0.5898 0.8075 -0.0025
vn 0.0599 0.3843 -0.9212
vn 0.0599 0.3843 -0.9212
vn 0.0599 0.3843 -0.9212
vn 0.9749 -0.2225 0.0000
vn 0.9749 -0.2225 0.0000
vn 0.9749 -0.2225 0.0000
vn 0.2464 0.3731 -0.8945
vn 0.2464 0.3731 -0.8945
vn 0.2464 0.3731 -0.8945
vn -0.9749 0.2225 0.0000
vn -0.9749 0.2225 0.0000
vn -0.9749 0.2225 0.0000
vn 0.3353 0.2466 0.9093
vn 0.3353 0.2466 0.9093
vn 0.3353 0.2466 0.9093
vn 0.4159 0.0761 0.9062
vn 0.4159 0.0761 0.9062
vn 0.4159 0.0761 0.9062
vn 0.9898 0.0760 -0.1209
vn 0.9898 0.0760 -0.1209
vn 0.9898 0.0760 -0.1209
vn 0.9749 0.2225 -0.0000
vn 0.9749 0.2225 -0.0000
vn 0.9749 0.2225 -0.0000
vn 0.0954 -0.4292 0.8982
vn 0.0954 -0.4292 0.8982
vn 0.0954 -0.4292 0.8982
vn -0.1869 0.4833 0.8553
vn -0.1869 0.4833 0.8553
vn -0.1869 0.4833 0.8553
vn -0.0669 0.9960 0.0591
vn -0.0669 0.9960 0.0591
vn -0.0669 0.9960 0.0591
vn 0.7818 0.6235 0.0000
vn 0.7818 0.6235 0.0000
vn 0.7818 0.6235 0.0000
vn -0.2870 0.9484 -0.1349
vn -0.2870 0.9484 -0.1349
vn -0.2870 0.9484 -0.1349
vn -0.3332 -0.0982 0.9377
vn -0.3332 -0.0982 0.9377
vn -0.3332 -0.0982 0.9377
vn -0.9180 -0.3760 -0.1257
vn -0.9180 -0.3760 -0.1257
vn -0.9180 -0.3760 -0.1257
vn -0.3314 0.1428 0.9326
vn -0.3314 0.1428 0.9326
vn -0.3314 0.1428 0.9326
vn -0.3024 0.1050 -0.9474
vn -0.3024 0.1050 -0.9474
vn -0.3024 0.1050 -0.9474
vn -0.8349 -0.5490 0.0394
vn -0.8349 -0.5490 0.0394
vn -0.8349 -0.5490 0.0394
vn -0.9164 0.3953 0.0634
vn -0.9164 0.3953 0.0634
vn -0.9164 0.3953 0.0634
vn 0.0000 1.0000 0.0000
vn 0.0000 1.0000 0.0000
vn 0.0000 1.0000 0.0000
vn 0.7818 -0.6235 0.0000
vn 0.7818 -0.6235 0.0000
vn 0.7818 -0.6235 0.0000
vn -0.3856 -0.3334 -0.8603
vn -0.3856 -0.3334 -0.8603
vn -0.3856 -0.3334 -0.8603
vn -0.3664 -0.1448 -0.9191
vn -0.3664 -0.1448 -0.9191
vn -0.3664 -0.1448 -0.9191
vn -0.8953 0.4416 0.0579
vn -0.8953 0.4416 0.0579
vn -0.8953 0.4416 0.0579
vn -0.0000 1.0000 0.0000
vn -0.0000 1.0000 0.0000
vn -0.0000 1.0000 0.0000
vn -0.0675 0.4489 0.8910
vn -0.0675 0.4489 0.8910
vn -0.0675 0.4489 0.8910
vn -0.1877 0.9821 -0.0141
vn -0.1877 0.9821 -0.0141
vn -0.1877 0.9821 -0.0141
vn -0.9749 0.2225 0.0000
vn -0.9749 0.2225 0.0000
vn -0.9749 0.2225 0.0000
vn -0.7818 0.6235 0.0000
vn -0.7818 0.6235 0.0000
vn -0.7818 0.6235 0.0000
vn 0.7818 -0.6235 0.0000
vn 0.7818 -0.6235 0.0000
vn 0.7818 -0.6235 0.0000
vn 0.0167 -0.5768 0.8167
vn 0.0167 -0.5768 0.8167
vn 0.0167 -0.5768 0.8167
vn -0.5493 -0.1291 0.8256
vn -0.5493 -0.1291 0.8256
vn -0.5493 -0.1291 0.8256
vn -0.4391 0.1496 0.8859
vn -0.4391 0.1496 0.8859
vn -0.4391 0.1496 0.8859
vn -0.9247 0.3808 -0.0003
vn -0.9247 0.3808 -0.0003
vn -0.9247 0.3808 -0.0003
vn 0.7818 0.6235 0.0000
vn 0.7818 0.6235 0.0000
vn 0.7818 0.6235 0.0000
vn -0.1719 0.9851 -0.0003
vn -0.1719 0.9851 -0.0003
vn -0.1719 0.9851 -0.0003
vn -0.0723 0.5533 -0.8299
vn -0.0723 0.5533 -0.8299
vn -0.0723 0.5533 -0.8299
vn -0.0842 -0.9963 -0.0171
vn -0.0842 -0.9963 -0.0171
vn -0.0842 -0.9963 -0.0171
vn -0.9121 -0.4056 0.0589
vn -0.9121 -0.4056 0.0589
vn -0.9121 -0.4056 0.0589
vn -0.2282 -0.4391 -0.8690
vn -0.2282 -0.4391 -0.8690
vn -0.2282 -0.4391 -0.8690
vn -0.9459 -0.3240 -0.0173
vn -0.9459 -0.3240 -0.0173
vn -0.9459 -0.3240 -0.0173
vn -0.3255 -0.9247 0.1974
vn -0.3255 -0.9247 0.1974
vn -0.3255 -0.9247 0.1974
vn 0.7818 -0.6235 0.0000
vn 0.7818 -0.6235 0.0000
vn 0.7818 -0.6235 0.0000
vn -0.7818 -0.6235 0.0000
vn -0.7818 -0.6235 0.0000
vn -0.7818 -0.6235 0.0000
vn -0.7818 0.6235 0.0000
vn -0.7818 0.6235 0.0000
vn -0.7818 0.6235 0.0000
vn -0.3639 0.1852 -0.9128
vn -0.3639 0.1852 -0.9128
vn -0.3639 0.1852 -0.9128
vn -0.8371 -0.5426 -0.0697
vn -0.8371 -0.5426 -0.0697
vn -0.8371 -0.5426 -0.0697
vn -0.9142 0.3802 -0.1400
vn -0.9142 0.3802 -0.1400
vn -0.9142 0.3802 -0.1400
vn -0.9471 -0.2576 0.1914
vn -0.9471 -0.2576 0.1914
vn -0.9471 -0.2576 0.1914
vn -0.8880 0.4538 -0.0740
vn -0.8880 0.4538 -0.0740
vn -0.8880 0.4538 -0.0740
vn -0.0000 -1.0000 -0.0000
vn -0.0000 -1.0000 -0.0000
vn -0.0000 -1.0000 -0.0000
vn -0.8678 0.4927 -0.0642
vn -0.8678 0.4927 -0.0642
vn -0.8678 0.4927 -0.0642
vn -0.7818 -0.6235 0.0000
vn -0.7818 -0.6235 0.0000
vn -0.7818 -0.6235 0.0000
vn -0.3080 -0.3091 0.8998
vn -0.3080 -0.3091 0.8998
vn -0.3080 -0.3091 0.8998
vn 0.0000 -1.0000 0.0000
vn 0.0000 -1.0000 0.0000
vn 0.0000 -1.0000 0.0000
vn -0.3933 0.2644 0.8806
vn -0.3933 0.2644 0.8806
vn -0.3933 0.2644 0.8806
vn -0.3805 0.1788 -0.9073
vn -0.3805 0.1788 -0.9073
vn -0.3805 0.1788 -0.9073
vn -0.8991 -0.4320 0.0704
vn -0.8991 -0.4320 0.0704
vn -0.8991 -0.4320 0.0704
vn -0.9028 0.4300 -0.0025
vn -0.9028 0.4300 -0.0025
vn -0.9028 0.4300 -0.0025
vn -0.8236 -0.5639 -0.0609
vn -0.8236 -0.5639 -0.0609
vn -0.8236 -0.5639 -0.0609
vn 0.0000 1.0000 0.0000
vn 0.0000 1.0000 0.0000
vn 0.0000 1.0000 0.0000
vn -0.3868 -0.1853 -0.9033
vn -0.3868 -0.1853 -0.9033
vn -0.3868 -0.1853 -0.9033
vn -0.0000 -1.0000 -0.0000
vn -0.0000 -1.0000 -0.0000
vn -0.0000 -1.0000 -0.0000
vn -0.7818 -0.6235 0.0000
vn -0.7818 -0.6235 0.0000
vn -0.7818 -0.6235 0.0000
vn -0.4339 0.8891 0.1454
vn -0.4339 0.8891 0.1454
vn -0.4339 0.8891 0.1454
vn -0.2816 0.9595 0.0024
vn -0.2816 0.9595 0.0024
vn -0.2816 0.9595 0.0024
vn -0.4327 0.3040 0.8487
vn -0.4327 0.3040 0.8487
vn -0.4327 0.3040 0.8487
vn -0.4204 -0.1112 0.9005
vn -0.4204 -0.1112 0.9005
vn -0.4204 -0.1112 0.9005
vn -0.9749 -0.2225 -0.0000
vn -0.9749 -0.2225 -0.0000
vn -0.9749 -0.2225 -0.0000
vn -0.2564 -0.9489 0.1839
vn -0.2564 -0.9489 0.1839
vn -0.2564 -0.9489 0.1839
vn 0.0420 -0.4705 0.8814
vn 0.0420 -0.4705 0.8814
vn 0.0420 -0.4705 0.8814
vn -0.0695 -0.9974 0.0186
vn -0.0695 -0.9974 0.0186
vn -0.0695 -0.9974 0.0186
vn 0.0000 -1.0000 0.0000
vn 0.0000 -1.0000 0.0000
vn 0.0000 -1.0000 0.0000
vn -0.0000 1.0000 0.0000
vn -0.0000 1.0000 0.0000
vn -0.0000 1.0000 0.0000
vn -0.9718 -0.2350 0.0179
vn -0.9718 -0.2350 0.0179
vn -0.9718 -0.2350 0.0179
vn -0.9102 0.4141 0.0023
vn -0.9102 0.4141 0.0023
vn -0.9102 0.4141 0.0023
vn -0.9299 -0.3557 -0.0939
vn -0.9299 -0.3557 -0.0939
vn -0.9299 -0.3557 -0.0939
vn -0.8591 0.5044 -0.0867
vn -0.8591 0.5044 -0.0867
vn -0.8591 0.5044 -0.0867
vn -0.5506 0.2397 -0.7996
vn -0.5506 0.2397 -0.7996
vn -0.5506 0.2397 -0.7996
vn -0.9749 -0.2225 -0.0000
vn -0.9749 -0.2225 -0.0000
vn -0.9749 -0.2225 -0.0000
vn -0.4942 -0.0123 -0.8692
vn -0.4942 -0.0123 -0.8692
vn -0.4942 -0.0123 -0.8692
vn -0.1180 -0.3419 -0.9323
vn -0.1180 -0.3419 -0.9323
vn -0.1180 -0.3419 -0.9323
vn 0.4956 0.2190 -0.8405
vn 0.4956 0.2190 -0.8405
vn 0.4956 0.2190 -0.8405
vn 0.4812 0.8605 -0.1672
vn 0.4812 0.8605 -0.1672
vn 0.4812 0.8605 -0.1672
vn 0.1274 0.4270 0.8953
vn 0.1274 0.4270 0.8953
vn 0.1274 0.4270 0.8953
vn -0.1437 0.9891 -0.0314
vn -0.1437 0.9891 -0.0314
vn -0.1437 0.9891 -0.0314
vn 0.7818 0.6235 0.0000
vn 0.7818 0.6235 0.0000
vn 0.7818 0.6235 0.0000
vn -0.8930 0.4488 -0.0330
vn -0.8930 0.4488 -0.0330
vn -0.8930 0.4488 -0.0330
vn -0.8826 0.4700 -0.0126
vn -0.8826 0.4700 -0.0126
vn -0.8826 0.4700 -0.0126
vn 0.9749 -0.2225 0.0000
vn 0.9749 -0.2225 0.0000
vn 0.9749 -0.2225 0.0000
vn -0.0514 0.6103 0.7905
vn -0.0514 0.6103 0.7905
vn -0.0514 0.6103 0.7905
vn -0.2578 0.3650 -0.8946
vn -0.2578 0.3650 -0.8946
vn -0.2578 0.3650 -0.8946
vn 0.7765 0.6074 0.1677
vn 0.7765 0.6074 0.1677
vn 0.7765 0.6074 0.1677
vn -0.3744 0.9104 0.1763
vn -0.3744 0.9104 0.1763
vn -0.3744 0.9104 0.1763
vn -0.9749 0.2225 0.0000
vn -0.9749 0.2225 0.0000
vn -0.9749 0.2225 0.0000
vn -0.9749 0.2225 0.0000
vn -0.9749 0.2225 0.0000
vn -0.9749 0.2225 0.0000
vn 0.6246 0.7790 0.0556
vn 0.6246 0.7790 0.0556
vn 0.6246 0.7790 0.0556
vn -0.1292 0.9905 -0.0475
vn -0.1292 0.9905 -0.0475
vn -0.1292 0.9905 -0.0475
vn -0.2507 0.9663 0.0592
vn -0.2507 0.9663 0.0592
vn -0.2507 0.9663 0.0592
vn 0.6283 0.7757 0.0598
vn 0.6283 0.7757 0.0598
vn 0.6283 0.7757 0.0598
vn 0.2660 0.3344 -0.9041
vn 0.2660 0.3344 -0.9041
vn 0.2660 0.3344 -0.9041
vn 0.4596 0.8805 -0.1160
vn 0.4596 0.8805 -0.1160
vn 0.4596 0.8805 -0.1160
vn -0.4339 0.9010 0.0000
vn -0.4339 0.9010 0.0000
vn -0.4339 0.9010 0.0000
vn 0.7818 0.6235 0.0000
vn 0.7818 0.6235 0.0000
vn 0.7818 0.6235 0.0000
vn -0.0000 1.0000 0.0000
vn -0.0000 1.0000 0.0000
vn -0.0000 1.0000 0.0000
vn -0.9050 0.4125 0.1041
vn -0.9050 0.4125 0.1041
vn -0.9050 0.4125 0.1041
vn 0.0000 1.0000 0.0000
vn 0.0000 1.0000 0.0000
vn 0.0000 1.0000 0.0000
vn -0.3119 0.1287 -0.9414
vn -0.3119 0.1287 -0.9414
vn -0.3119 0.1287 -0.9414
vn -0.4079 0.0051 0.9130
vn -0.4079 0.0051 0.9130
vn -0.4079 0.0051 0.9130
vn -0.9656 0.2567 -0.0410
vn -0.9656 0.2567 -0.0410
vn -0.9656 0.2567 -0.0410
vn -0.0224 0.9989 -0.0406
vn -0.0224 0.9989 -0.0406
vn -0.0224 0.9989 -0.0406
vn 0.0888 0.4061 0.9095
vn 0.0888 0.4061 0.9095
vn 0.0888 0.4061 0.9095
vn 0.0972 0.4042 0.9095
vn 0.0972 0.4042 0.9095
vn 0.0972 0.4042 0.9095
vn 0.0058 0.3761 -0.9266
vn 0.0058 0.3761 -0.9266
vn 0.0058 0.3761 -0.9266
vn 0.6223 0.7813 0.0479
vn 0.6223 0.7813 0.0479
vn 0.6223 0.7813 0.0479
vn -0.1260 0.9908 0.0499
vn -0.1260 0.9908 0.0499
vn -0.1260 0.9908 0.0499
vn -0.9749 0.2225 0.0000
vn -0.9749 0.2225 0.0000
vn -0.9749 0.2225 0.0000
vn 0.9749 -0.2225 0.0000
vn 0.9749 -0.2225 0.0000
vn 0.9749 -0.2225 0.0000
vn -0.0000 -1.0000 -0.0000
vn -0.0000 -1.0000 -0.0000
vn -0.0000 -1.0000 -0.0000
vn -0.8262 0.5530 0.1074
vn -0.8262 0.5530 0.1074
vn -0.8262 0.5530 0.1074
vn -0.8762 -0.4820 -0.0026
vn -0.8762 -0.4820 -0.0026
vn -0.8762 -0.4820 -0.0026
vn -0.3893 -0.9077 -0.1568
vn -0.3893 -0.9077 -0.1568
vn -0.3893 -0.9077 -0.1568
vn -0.9749 -0.2225 -0.0000
vn -0.9749 -0.2225 -0.0000
vn -0.9749 -0.2225 -0.0000
vn -0.4339 -0.9010 -0.0000
vn -0.4339 -0.9010 -0.0000
vn -0.4339 -0.9010 -0.0000
vn 0.4339 0.9010 -0.0000
vn 0.4339 0.9010 -0.0000
vn 0.4339 0.9010 -0.0000
vn 0.9749 -0.2225 0.0000
vn 0.9749 -0.2225 0.0000
vn 0.9749 -0.2225 0.0000
vn -0.9749 0.2225 0.0000
vn -0.9749 0.2225 0.0000
vn -0.9749 0.2225 0.0000
vn -0.7818 -0.6235 0.0000
vn -0.7818 -0.6235 0.0000
vn -0.7818 -0.6235 0.0000
vn 0.0032 0.5447 0.8386
vn 0.0032 0.5447 0.8386
vn 0.0032 0.5447 0.8386
vn 0.6802 0.7323 0.0319
vn 0.6802 0.7323 0.0319
vn 0.6802 0.7323 0.0319
vn 0.9988 -0.0235 0.0439
vn 0.9988 -0.0235 0.0439
vn 0.9988 -0.0235 0.0439
vn 0.5214 -0.0241 -0.8530
vn 0.5214 -0.0241 -0.8530
vn 0.5214 -0.0241 -0.8530
vn -0.4339 -0.9010 -0.0000
vn -0.4339 -0.9010 -0.0000
vn -0.4339 -0.9010 -0.0000
vn 0.4339 0.9010 0.0000
vn 0.4339 0.9010 0.0000
vn 0.4339 0.9010 0.0000
vn 0.6681 0.7427 0.0456
vn 0.6681 0.7427 0.0456
vn 0.6681 0.7427 0.0456
vn 0.9749 -0.2225 0.0000
vn 0.9749 -0.2225 0.0000
vn 0.9749 -0.2225 0.0000
vn 0.3527 0.3465 -0.8692
vn 0.3527 0.3465 -0.8692
vn 0.3527 0.3465 -0.8692
vn -0.9749 0.2225 0.0000
vn -0.9749 0.2225 0.0000
vn -0.9749 0.2225 0.0000
vn 0.3569 0.3321 0.8731
vn 0.3569 0.3321 0.8731
vn 0.3569 0.3321 0.8731
vn 0.4955 0.0377 0.8678
vn 0.4955 0.0377 0.8678
vn 0.4955 0.0377 0.8678
vn 0.9992 0.0382 -0.0092
vn 0.9992 0.0382 -0.0092
vn 0.9992 0.0382 -0.0092
vn 0.4317 -0.2801 0.8574
vn 0.4317 -0.2801 0.8574
vn 0.4317 -0.2801 0.8574
vn 0.7250 -0.6699 -0.1599
vn 0.7250 -0.6699 -0.1599
vn 0.7250 -0.6699 -0.1599
vn 0.6022 -0.7983 -0.0092
vn 0.6022 -0.7983 -0.0092
vn 0.6022 -0.7983 -0.0092
vn 0.3254 -0.4518 -0.8307
vn 0.3254 -0.4518 -0.8307
vn 0.3254 -0.4518 -0.8307
vn -0.7818 0.6235 0.0000
vn -0.7818 0.6235 0.0000
vn -0.7818 0.6235 0.0000
vn -0.2929 -0.4205 0.8587
vn -0.2929 -0.4205 0.8587
vn -0.2929 -0.4205 0.8587
vn -0.1239 -0.5509 -0.8253
vn -0.1239 -0.5509 -0.8253
vn -0.1239 -0.5509 -0.8253
vn -0.2208 -0.9753 -0.0025
vn -0.2208 -0.9753 -0.0025
vn -0.2208 -0.9753 -0.0025
vn -0.4501 0.0728 0.8900
vn -0.4501 0.0728 0.8900
vn -0.4501 0.0728 0.8900
vn -0.4347 -0.2690 0.8595
vn -0.4347 -0.2690 0.8595
vn -0.4347 -0.2690 0.8595
vn -0.9420 0.3126 -0.1223
vn -0.9420 0.3126 -0.1223
vn -0.9420 0.3126 -0.1223
vn -0.2870 0.9574 0.0320
vn -0.2870 0.9574 0.0320
vn -0.2870 0.9574 0.0320
vn -0.1082 0.9865 -0.1233
vn -0.1082 0.9865 -0.1233
vn -0.1082 0.9865 -0.1233
vn -0.1827 0.4948 -0.8496
vn -0.1827 0.4948 -0.8496
vn -0.1827 0.4948 -0.8496
vn -0.3786 0.3454 -0.8587
vn -0.3786 0.3454 -0.8587
vn -0.3786 0.3454 -0.8587
vn -0.8046 -0.5845 0.1046
vn -0.8046 -0.5845 0.1046
vn -0.8046 -0.5845 0.1046
vn 0.0000 1.0000 0.0000
vn 0.0000 1.0000 0.0000
vn 0.0000 1.0000 0.0000
vn 0.7818 -0.6235 0.0000
vn 0.7818 -0.6235 0.0000
vn 0.7818 -0.6235 0.0000
vn -0.4103 -0.4125 -0.8133
vn -0.4103 -0.4125 -0.8133
vn -0.4103 -0.4125 -0.8133
vn -0.4474 -0.0570 -0.8925
vn -0.4474 -0.0570 -0.8925
vn -0.4474 -0.0570 -0.8925
vn -0.9119 0.4069 0.0536
vn -0.9119 0.4069 0.0536
vn -0.9119 0.4069 0.0536
vn 0.7818 0.6235 0.0000
vn 0.7818 0.6235 0.0000
vn 0.7818 0.6235 0.0000
vn 0.2503 0.4023 -0.8806
vn 0.2503 0.4023 -0.8806
vn 0.2503 0.4023 -0.8806
vn 0.9875 0.1034 0.1187
vn 0.9875 0.1034 0.1187
vn 0.9875 0.1034 0.1187
vn 0.5840 -0.7914 0.1805
vn 0.5840 -0.7914 0.1805
vn 0.5840 -0.7914 0.1805
vn 0.9749 0.2225 0.0000
vn 0.9749 0.2225 0.0000
vn 0.9749 0.2225 0.0000
vn 0.9749 0.2225 -0.0000
vn 0.9749 0.2225 -0.0000
vn 0.9749 0.2225 -0.0000
vn 0.7818 -0.6235 0.0000
vn 0.7818 -0.6235 0.0000
vn 0.7818 -0.6235 0.0000
vn -0.3372 -0.2733 0.9009
vn -0.3372 -0.2733 0.9009
vn -0.3372 -0.2733 0.9009
vn -0.7818 0.6235 0.0000
vn -0.7818 0.6235 0.0000
vn -0.7818 0.6235 0.0000
vn 0.4339 -0.9010 0.0000
vn 0.4339 -0.9010 0.0000
vn 0.4339 -0.9010 0.0000
vn -0.4339 0.9010 0.0000
vn -0.4339 0.9010 0.0000
vn -0.4339 0.9010 0.0000
vn 0.9749 -0.2225 0.0000
vn 0.9749 -0.2225 0.0000
vn 0.9749 -0.2225 0.0000
vn 0.2478 0.2285 0.9415
vn 0.2478 0.2285 0.9415
vn 0.2478 0.2285 0.9415
vn -0.0013 -0.5135 0.8581
vn -0.0013 -0.5135 0.8581
vn -0.0013 -0.5135 0.8581
vn 0.1692 -0.2688 -0.9482
vn 0.1692 -0.2688 -0.9482
vn 0.1692 -0.2688 -0.9482
vn 0.2125 -0.4272 0.8788
vn 0.2125 -0.4272 0.8788
vn 0.2125 -0.4272 0.8788
vn 0.4044 -0.0619 0.9125
vn 0.4044 -0.0619 0.9125
vn 0.4044 -0.0619 0.9125
vn 0.5292 -0.8403 0.1182
vn 0.5292 -0.8403 0.1182
vn 0.5292 -0.8403 0.1182
vn 0.4339 -0.9010 0.0000
vn 0.4339 -0.9010 0.0000
vn 0.4339 -0.9010 0.0000
vn 0.9974 -0.0664 -0.0272
vn 0.9974 -0.0664 -0.0272
vn 0.9974 -0.0664 -0.0272
vn 0.3412 0.0970 -0.9350
vn 0.3412 0.0970 -0.9350
vn 0.3412 0.0970 -0.9350
vn 0.5769 0.8164 -0.0273
vn 0.5769 0.8164 -0.0273
vn 0.5769 0.8164 -0.0273
vn 0.6607 0.7404 -0.1239
vn 0.6607 0.7404 -0.1239
vn 0.6607 0.7404 -0.1239
vn -0.4339 0.9010 0.0000
vn -0.4339 0.9010 0.0000
vn -0.4339 0.9010 0.0000
vn -0.1460 0.4836 -0.8631
vn -0.1460 0.4836 -0.8631
vn -0.1460 0.4836 -0.8631
vn -0.7818 -0.6235 0.0000
vn -0.7818 -0.6235 0.0000
vn -0.7818 -0.6235 0.0000
vn -0.2552 0.9653 0.0552
vn -0.2552 0.9653 0.0552
vn -0.2552 0.9653 0.0552
vn -0.3630 0.4835 0.7965
vn -0.3630 0.4835 0.7965
vn -0.3630 0.4835 0.7965
vn -0.3207 0.4040 0.8567
vn -0.3207 0.4040 0.8567
vn -0.3207 0.4040 0.8567
vn -0.4336 0.8943 -0.1106
vn -0.4336 0.8943 -0.1106
vn -0.4336 0.8943 -0.1106
vn -0.8427 -0.5123 -0.1653
vn -0.8427 -0.5123 -0.1653
vn -0.8427 -0.5123 -0.1653
vn -0.7791 0.6080 -0.1528
vn -0.7791 0.6080 -0.1528
vn -0.7791 0.6080 -0.1528
vn -0.1065 -0.9933 0.0453
vn -0.1065 -0.9933 0.0453
vn -0.1065 -0.9933 0.0453
vn -0.1142 -0.3466 -0.9310
vn -0.1142 -0.3466 -0.9310
vn -0.1142 -0.3466 -0.9310
vn -0.9545 -0.2950 0.0444
vn -0.9545 -0.2950 0.0444
vn -0.9545 -0.2950 0.0444
vn -0.2524 -0.9518 0.1745
vn -0.2524 -0.9518 0.1745
vn -0.2524 -0.9518 0.1745
vn 0.7818 -0.6235 0.0000
vn 0.7818 -0.6235 0.0000
vn 0.7818 -0.6235 0.0000
vn -0.7818 -0.6235 0.0000
vn -0.7818 -0.6235 0.0000
vn -0.7818 -0.6235 0.0000
vn -0.7818 0.6235 0.0000
vn -0.7818 0.6235 0.0000
vn -0.7818 0.6235 0.0000
vn -0.4408 0.1801 -0.8794
vn -0.4408 0.1801 -0.8794
vn -0.4408 0.1801 -0.8794
vn -0.0000 -1.0000 -0.0000
vn -0.0000 -1.0000 -0.0000
vn -0.0000 -1.0000 -0.0000
vn -0.9023 0.4310 0.0022
vn -0.9023 0.4310 0.0022
vn -0.9023 0.4310 0.0022
vn -0.7818 -0.6235 0.0000
vn -0.7818 -0.6235 0.0000
vn -0.7818 -0.6235 0.0000
vn -0.7818 0.6235 0.0000
vn -0.7818 0.6235 0.0000
vn -0.7818 0.6235 0.0000
vn 0.7818 -0.6235 0.0000
vn 0.7818 -0.6235 0.0000
vn 0.7818 -0.6235 0.0000
vn 0.9749 0.2225 -0.0000
vn 0.9749 0.2225 -0.0000
vn 0.9749 0.2225 -0.0000
vn 0.4339 -0.9010 0.0000
vn 0.4339 -0.9010 0.0000
vn 0.4339 -0.9010 0.0000
vn -0.4339 0.9010 0.0000
vn -0.4339 0.9010 0.0000
vn -0.4339 0.9010 0.0000
vn 0.6512 0.7587 -0.0189
vn 0.6512 0.7587 -0.0189
vn 0.6512 0.7587 -0.0189
vn 0.0701 0.4315 -0.8994
vn 0.0701 0.4315 -0.8994
vn 0.0701 0.4315 -0.8994
vn 0.4339 -0.9010 0.0000
vn 0.4339 -0.9010 0.0000
vn 0.4339 -0.9010 0.0000
vn -0.4339 -0.9010 -0.0000
vn -0.4339 -0.9010 -0.0000
vn -0.4339 -0.9010 -0.0000
vn 0.5311 -0.8381 0.1248
vn 0.5311 -0.8381 0.1248
vn 0.5311 -0.8381 0.1248
vn 0.2017 -0.4324 -0.8788
vn 0.2017 -0.4324 -0.8788
vn 0.2017 -0.4324 -0.8788
vn 0.4640 -0.0630 -0.8836
vn 0.4640 -0.0630 -0.8836
vn 0.4640 -0.0630 -0.8836
vn 0.7818 0.6235 0.0000
vn 0.7818 0.6235 0.0000
vn 0.7818 0.6235 0.0000
vn -0.4339 0.9010 0.0000
vn -0.4339 0.9010 0.0000
vn -0.4339 0.9010 0.0000
vn 0.0615 0.4333 -0.8992
vn 0.0615 0.4333 -0.8992
vn 0.0615 0.4333 -0.8992
vn 0.9762 -0.0565 0.2093
vn 0.9762 -0.0565 0.2093
vn 0.9762 -0.0565 0.2093
vn 0.3528 0.3839 0.8533
vn 0.3528 0.3839 0.8533
vn 0.3528 0.3839 0.8533
vn 0.9908 0.0386 0.1298
vn 0.9908 0.0386 0.1298
vn 0.9908 0.0386 0.1298
vn 0.4367 0.8794 0.1897
vn 0.4367 0.8794 0.1897
vn 0.4367 0.8794 0.1897
vn 0.5824 0.0377 0.8120
vn 0.5824 0.0377 0.8120
vn 0.5824 0.0377 0.8120
vn 0.4530 -0.2806 0.8462
vn 0.4530 -0.2806 0.8462
vn 0.4530 -0.2806 0.8462
vn 0.7422 -0.6607 -0.1127
vn 0.7422 -0.6607 -0.1127
vn 0.7422 -0.6607 -0.1127
vn -0.2175 -0.9681 -0.1247
vn -0.2175 -0.9681 -0.1247
vn -0.2175 -0.9681 -0.1247
vn -0.0972 -0.4418 0.8918
vn -0.0972 -0.4418 0.8918
vn -0.0972 -0.4418 0.8918
vn -0.1596 -0.9845 -0.0734
vn -0.1596 -0.9845 -0.0734
vn -0.1596 -0.9845 -0.0734
vn -0.0257 0.4824 0.8756
vn -0.0257 0.4824 0.8756
vn -0.0257 0.4824 0.8756
vn -0.0592 0.9970 0.0501
vn -0.0592 0.9970 0.0501
vn -0.0592 0.9970 0.0501
vn 0.7818 0.6235 0.0000
vn 0.7818 0.6235 0.0000
vn 0.7818 0.6235 0.0000
vn -0.1399 0.9900 -0.0199
vn -0.1399 0.9900 -0.0199
vn -0.1399 0.9900 -0.0199
vn -0.3992 -0.0859 0.9128
vn -0.3992 -0.0859 0.9128
vn -0.3992 -0.0859 0.9128
vn -0.9377 -0.3400 -0.0718
vn -0.9377 -0.3400 -0.0718
vn -0.9377 -0.3400 -0.0718
vn -0.3937 0.1863 0.9002
vn -0.3937 0.1863 0.9002
vn -0.3937 0.1863 0.9002
vn -0.3824 0.1187 -0.9163
vn -0.3824 0.1187 -0.9163
vn -0.3824 0.1187 -0.9163
vn -0.9072 -0.4206 0.0022
vn -0.9072 -0.4206 0.0022
vn -0.9072 -0.4206 0.0022
vn -0.9251 0.3759 0.0535
vn -0.9251 0.3759 0.0535
vn -0.9251 0.3759 0.0535
vn 0.0000 1.0000 0.0000
vn 0.0000 1.0000 0.0000
vn 0.0000 1.0000 0.0000
vn -0.9749 -0.2225 -0.0000
vn -0.9749 -0.2225 -0.0000
vn -0.9749 -0.2225 -0.0000
vn -0.3968 -0.1758 -0.9009
vn -0.3968 -0.1758 -0.9009
vn -0.3968 -0.1758 -0.9009
vn -0.0436 -0.4520 -0.8909
vn -0.0436 -0.4520 -0.8909
vn -0.0436 -0.4520 -0.8909
vn -0.0000 -1.0000 -0.0000
vn -0.0000 -1.0000 -0.0000
vn -0.0000 -1.0000 -0.0000
vn -0.7803 0.6247 -0.0284
vn -0.7803 0.6247 -0.0284
vn -0.7803 0.6247 -0.0284
vn -0.0000 1.0000 0.0000
vn -0.0000 1.0000 0.0000
vn -0.0000 1.0000 0.0000
vn 0.7818 0.6235 0.0000
vn 0.7818 0.6235 0.0000
vn 0.7818 0.6235 0.0000
vn 0.1545 0.4896 0.8582
vn 0.1545 0.4896 0.8582
vn 0.1545 0.4896 0.8582
vn 0.5705 0.8042 0.1669
vn 0.5705 0.8042 0.1669
vn 0.5705 0.8042 0.1669
vn -0.9749 0.2225 0.0000
vn -0.9749 0.2225 0.0000
vn -0.9749 0.2225 0.0000
vn 0.1890 0.3258 -0.9264
vn 0.1890 0.3258 -0.9264
vn 0.1890 0.3258 -0.9264
vn 0.4339 -0.9010 0.0000
vn 0.4339 -0.9010 0.0000
vn 0.4339 -0.9010 0.0000
vn -0.4339 -0.9010 -0.0000
vn -0.4339 -0.9010 -0.0000
vn -0.4339 -0.9010 -0.0000
vn 0.7367 -0.6760 0.0189
vn 0.7367 -0.6760 0.0189
vn 0.7367 -0.6760 0.0189
vn -0.2953 -0.9523 0.0763
vn -0.2953 -0.9523 0.0763
vn -0.2953 -0.9523 0.0763
vn 0.9749 0.2225 -0.0000
vn 0.9749 0.2225 -0.0000
vn 0.9749 0.2225 -0.0000
vn -0.2185 -0.3735 0.9015
vn -0.2185 -0.3735 0.9015
vn -0.2185 -0.3735 0.9015
vn -0.9749 -0.2225 -0.0000
vn -0.9749 -0.2225 -0.0000
vn -0.9749 -0.2225 -0.0000
vn 0.3299 -0.3402 0.8806
vn 0.3299 -0.3402 0.8806
vn 0.3299 -0.3402 0.8806
vn -0.3584 -0.9334 0.0191
vn -0.3584 -0.9334 0.0191
vn -0.3584 -0.9334 0.0191
vn 0.6564 -0.7506 -0.0760
vn 0.6564 -0.7506 -0.0760
vn 0.6564 -0.7506 -0.0760
vn -0.1493 -0.3376 -0.9294
vn -0.1493 -0.3376 -0.9294
vn -0.1493 -0.3376 -0.9294
vn 0.3542 -0.2163 -0.9098
vn 0.3542 -0.2163 -0.9098
vn 0.3542 -0.2163 -0.9098
vn 0.4859 -0.1924 -0.8526
vn 0.4859 -0.1924 -0.8526
vn 0.4859 -0.1924 -0.8526
vn -0.4339 0.9010 0.0000
vn -0.4339 0.9010 0.0000
vn -0.4339 0.9010 0.0000
vn 0.4700 -0.0500 0.8812
vn 0.4700 -0.0500 0.8812
vn 0.4700 -0.0500 0.8812
vn 0.9805 -0.1906 0.0471
vn 0.9805 -0.1906 0.0471
vn 0.9805 -0.1906 0.0471
vn 0.4339 -0.9010 0.0000
vn 0.4339 -0.9010 0.0000
vn 0.4339 -0.9010 0.0000
vn 0.9959 -0.0495 -0.0761
vn 0.9959 -0.0495 -0.0761
vn 0.9959 -0.0495 -0.0761
vn 0.4597 0.8868 0.0470
vn 0.4597 0.8868 0.0470
vn 0.4597 0.8868 0.0470
vn -0.4339 0.9010 0.0000
vn -0.4339 0.9010 0.0000
vn -0.4339 0.9010 0.0000
vn 0.0529 0.5122 0.8573
vn 0.0529 0.5122 0.8573
vn 0.0529 0.5122 0.8573
vn -0.2706 -0.3330 0.9033
vn -0.2706 -0.3330 0.9033
vn -0.2706 -0.3330 0.9033
vn -0.3575 0.2551 0.8984
vn -0.3575 0.2551 0.8984
vn -0.3575 0.2551 0.8984
vn 0.0000 -1.0000 0.0000
vn 0.0000 -1.0000 0.0000
vn 0.0000 -1.0000 0.0000
vn -0.8557 0.4913 -0.1623
vn -0.8557 0.4913 -0.1623
vn -0.8557 0.4913 -0.1623
vn -0.3949 0.9071 0.1459
vn -0.3949 0.9071 0.1459
vn -0.3949 0.9071 0.1459
vn -0.0678 0.9873 -0.1440
vn -0.0678 0.9873 -0.1440
vn -0.0678 0.9873 -0.1440
vn -0.2778 0.3689 -0.8870
vn -0.2778 0.3689 -0.8870
vn -0.2778 0.3689 -0.8870
vn -0.2829 0.3649 -0.8870
vn -0.2829 0.3649 -0.8870
vn -0.2829 0.3649 -0.8870
vn -0.8623 -0.5006 0.0764
vn -0.8623 -0.5006 0.0764
vn -0.8623 -0.5006 0.0764
vn -0.7975 -0.6027 -0.0290
vn -0.7975 -0.6027 -0.0290
vn -0.7975 -0.6027 -0.0290
vn 0.0000 1.0000 0.0000
vn 0.0000 1.0000 0.0000
vn 0.0000 1.0000 0.0000
vn 0.7818 -0.6235 0.0000
vn 0.7818 -0.6235 0.0000
vn 0.7818 -0.6235 0.0000
vn -0.4289 -0.2956 -0.8536
vn -0.4289 -0.2956 -0.8536
vn -0.4289 -0.2956 -0.8536
vn -0.0000 -1.0000 -0.0000
vn -0.0000 -1.0000 -0.0000
vn -0.0000 -1.0000 -0.0000
vn -0.8664 0.4957 0.0597
vn -0.8664 0.4957 0.0597
vn -0.8664 0.4957 0.0597
vn -0.9573 -0.2498 -0.1457
vn -0.9573 -0.2498 -0.1457
vn -0.9573 -0.2498 -0.1457
vn 0.7818 -0.6235 0.0000
vn 0.7818 -0.6235 0.0000
vn 0.7818 -0.6235 0.0000
vn -0.4339 -0.9010 -0.0000
vn -0.4339 -0.9010 -0.0000
vn -0.4339 -0.9010 -0.0000
vn 0.4339 -0.9010 0.0000
vn 0.4339 -0.9010 0.0000
vn 0.4339 -0.9010 0.0000
vn -0.4339 0.9010 0.0000
vn -0.4339 0.9010 0.0000
vn -0.4339 0.9010 0.0000
vn 0.7818 0.6235 0.0000
vn 0.7818 0.6235 0.0000
vn 0.7818 0.6235 0.0000
vn -0.3867 0.9216 -0.0319
vn -0.3867 0.9216 -0.0319
vn -0.3867 0.9216 -0.0319
vn 0.9749 -0.2225 0.0000
vn 0.9749 -0.2225 0.0000
vn 0.9749 -0.2225 0.0000
vn 0.4801 -0.0242 -0.8769
vn 0.4801 -0.0242 -0.8769
vn 0.4801 -0.0242 -0.8769
vn 0.7227 -0.6911 -0.0012
vn 0.7227 -0.6911 -0.0012
vn 0.7227 -0.6911 -0.0012
vn -0.4339 -0.9010 -0.0000
vn -0.4339 -0.9010 -0.0000
vn -0.4339 -0.9010 -0.0000
vn 0.3964 -0.2886 -0.8715
vn 0.3964 -0.2886 -0.8715
vn 0.3964 -0.2886 -0.8715
vn 0.4339 0.9010 0.0000
vn 0.4339 0.9010 0.0000
vn 0.4339 0.9010 0.0000
vn 0.6482 0.7606 -0.0348
vn 0.6482 0.7606 -0.0348
vn 0.6482 0.7606 -0.0348
vn 0.3104 0.3402 -0.8876
vn 0.3104 0.3402 -0.8876
vn 0.3104 0.3402 -0.8876
vn -0.9749 0.2225 0.0000
vn -0.9749 0.2225 0.0000
vn -0.9749 0.2225 0.0000
vn -0.2416 0.3427 0.9079
vn -0.2416 0.3427 0.9079
vn -0.2416 0.3427 0.9079
vn 0.9986 -0.0255 -0.0467
vn 0.9986 -0.0255 -0.0467
vn 0.9986 -0.0255 -0.0467
vn 0.2184 0.2490 0.9436
vn 0.2184 0.2490 0.9436
vn 0.2184 0.2490 0.9436
vn 0.6364 0.7699 -0.0477
vn 0.6364 0.7699 -0.0477
vn 0.6364 0.7699 -0.0477
vn 0.4598 0.0415 0.8871
vn 0.4598 0.0415 0.8871
vn 0.4598 0.0415 0.8871
vn 0.6299 -0.7694 -0.1060
vn 0.6299 -0.7694 -0.1060
vn 0.6299 -0.7694 -0.1060
vn 0.9938 0.0406 -0.1033
vn 0.9938 0.0406 -0.1033
vn 0.9938 0.0406 -0.1033
vn 0.2796 -0.3300 0.9016
vn 0.2796 -0.3300 0.9016
vn 0.2796 -0.3300 0.9016
vn -0.7818 0.6235 0.0000
vn -0.7818 0.6235 0.0000
vn -0.7818 0.6235 0.0000
vn -0.1078 -0.4185 0.9018
vn -0.1078 -0.4185 0.9018
vn -0.1078 -0.4185 0.9018
vn -0.2306 -0.9591 -0.1643
vn -0.2306 -0.9591 -0.1643
vn -0.2306 -0.9591 -0.1643
vn -0.3020 -0.4374 -0.8471
vn -0.3020 -0.4374 -0.8471
vn -0.3020 -0.4374 -0.8471
vn -0.4127 -0.9108 -0.0012
vn -0.4127 -0.9108 -0.0012
vn -0.4127 -0.9108 -0.0012
vn -0.0000 1.0000 0.0000
vn -0.0000 1.0000 0.0000
vn -0.0000 1.0000 0.0000
vn -0.4524 -0.0023 0.8918
vn -0.4524 -0.0023 0.8918
vn -0.4524 -0.0023 0.8918
vn -0.4238 0.1932 0.8849
vn -0.4238 0.1932 0.8849
vn -0.4238 0.1932 0.8849
vn -0.9053 0.4247 -0.0099
vn -0.9053 0.4247 -0.0099
vn -0.9053 0.4247 -0.0099
vn -0.3641 0.9313 -0.0106
vn -0.3641 0.9313 -0.0106
vn -0.3641 0.9313 -0.0106
vn -0.2631 0.4862 -0.8333
vn -0.2631 0.4862 -0.8333
vn -0.2631 0.4862 -0.8333
vn -0.4730 0.3112 -0.8243
vn -0.4730 0.3112 -0.8243
vn -0.4730 0.3112 -0.8243
vn -0.8772 -0.4764 0.0604
vn -0.8772 -0.4764 0.0604
vn -0.8772 -0.4764 0.0604
vn 0.0000 1.0000 0.0000
vn 0.0000 1.0000 0.0000
vn 0.0000 1.0000 0.0000
vn 0.7818 -0.6235 0.0000
vn 0.7818 -0.6235 0.0000
vn 0.7818 -0.6235 0.0000
vn -0.4859 -0.2914 -0.8240
vn -0.4859 -0.2914 -0.8240
vn -0.4859 -0.2914 -0.8240
vn -0.1075 -0.3764 -0.9202
vn -0.1075 -0.3764 -0.9202
vn -0.1075 -0.3764 -0.9202
vn 0.7520 -0.6592 -0.0021
vn 0.7520 -0.6592 -0.0021
vn 0.7520 -0.6592 -0.0021
vn 0.9749 0.2225 -0.0000
vn 0.9749 0.2225 -0.0000
vn 0.9749 0.2225 -0.0000
vn 0.7818 -0.6235 0.0000
vn 0.7818 -0.6235 0.0000
vn 0.7818 -0.6235 0.0000
vn -0.0566 -0.4954 0.8668
vn -0.0566 -0.4954 0.8668
vn -0.0566 -0.4954 0.8668
vn 0.2700 -0.2836 0.9201
vn 0.2700 -0.2836 0.9201
vn 0.2700 -0.2836 0.9201
vn 0.6455 -0.7534 -0.1255
vn 0.6455 -0.7534 -0.1255
vn 0.6455 -0.7534 -0.1255
vn -0.9749 -0.2225 -0.0000
vn -0.9749 -0.2225 -0.0000
vn -0.9749 -0.2225 -0.0000
vn -0.5691 -0.2144 -0.7938
vn -0.5691 -0.2144 -0.7938
vn -0.5691 -0.2144 -0.7938
vn -0.8914 0.4297 -0.1439
vn -0.8914 0.4297 -0.1439
vn -0.8914 0.4297 -0.1439
vn -0.1021 0.3549 0.9293
vn -0.1021 0.3549 0.9293
vn -0.1021 0.3549 0.9293
vn 0.9749 -0.2225 0.0000
vn 0.9749 -0.2225 0.0000
vn 0.9749 -0.2225 0.0000
vn 0.4473 0.0044 0.8944
vn 0.4473 0.0044 0.8944
vn 0.4473 0.0044 0.8944
vn 0.9914 -0.1094 0.0712
vn 0.9914 -0.1094 0.0712
vn 0.9914 -0.1094 0.0712
vn 0.2271 0.3478 -0.9096
vn 0.2271 0.3478 -0.9096
vn 0.2271 0.3478 -0.9096
vn 0.7818 0.6235 0.0000
vn 0.7818 0.6235 0.0000
vn 0.7818 0.6235 0.0000
vn -0.1012 0.4195 -0.9021
vn -0.1012 0.4195 -0.9021
vn -0.1012 0.4195 -0.9021
vn 0.4339 -0.9010 0.0000
vn 0.4339 -0.9010 0.0000
vn 0.4339 -0.9010 0.0000
vn 0.9749 0.2225 0.0000
vn 0.9749 0.2225 0.0000
vn 0.9749 0.2225 0.0000
vn -0.4339 0.9010 0.0000
vn -0.4339 0.9010 0.0000
vn -0.4339 0.9010 0.0000
vn 0.7450 -0.6586 0.1058
vn 0.7450 -0.6586 0.1058
vn 0.7450 -0.6586 0.1058
vn -0.0658 -0.4295 0.9007
vn -0.0658 -0.4295 0.9007
vn -0.0658 -0.4295 0.9007
vn 0.7818 -0.6235 0.0000
vn 0.7818 -0.6235 0.0000
vn 0.7818 -0.6235 0.0000
vn -0.7818 0.6235 0.0000
vn -0.7818 0.6235 0.0000
vn -0.7818 0.6235 0.0000
vn 0.4450 -0.2688 -0.8542
vn 0.4450 -0.2688 -0.8542
vn 0.4450 -0.2688 -0.8542
vn 0.5161 -0.1139 -0.8489
vn 0.5161 -0.1139 -0.8489
vn 0.5161 -0.1139 -0.8489
vn 0.2958 -0.3428 0.8916
vn 0.2958 -0.3428 0.8916
vn 0.2958 -0.3428 0.8916
vn -0.4339 -0.9010 -0.0000
vn -0.4339 -0.9010 -0.0000
vn -0.4339 -0.9010 -0.0000
vn 0.6373 -0.7701 -0.0274
vn 0.6373 -0.7701 -0.0274
vn 0.6373 -0.7701 -0.0274
vn 0.9996 0.0046 -0.0271
vn 0.9996 0.0046 -0.0271
vn 0.9996 0.0046 -0.0271
vn 0.4339 0.9010 -0.0000
vn 0.4339 0.9010 -0.0000
vn 0.4339 0.9010 -0.0000
vn -0.9749 0.2225 0.0000
vn -0.9749 0.2225 0.0000
vn -0.9749 0.2225 0.0000
vn 0.3442 0.2342 0.9092
vn 0.3442 0.2342 0.9092
vn 0.3442 0.2342 0.9092
vn -0.3538 -0.2285 0.9070
vn -0.3538 -0.2285 0.9070
vn -0.3538 -0.2285 0.9070
vn -0.3396 0.1640 0.9262
vn -0.3396 0.1640 0.9262
vn -0.3396 0.1640 0.9262
vn -0.0000 1.0000 0.0000
vn -0.0000 1.0000 0.0000
vn -0.0000 1.0000 0.0000
vn -0.5595 0.1600 -0.8132
vn -0.5595 0.1600 -0.8132
vn -0.5595 0.1600 -0.8132
vn -0.9377 0.3423 -0.0594
vn -0.9377 0.3423 -0.0594
vn -0.9377 0.3423 -0.0594
vn -0.8685 -0.4755 -0.1402
vn -0.8685 -0.4755 -0.1402
vn -0.8685 -0.4755 -0.1402
vn -0.1904 -0.9803 -0.0520
vn -0.1904 -0.9803 -0.0520
vn -0.1904 -0.9803 -0.0520
vn -0.2754 -0.4725 -0.8372
vn -0.2754 -0.4725 -0.8372
vn -0.2754 -0.4725 -0.8372
vn -0.9213 -0.3854 -0.0515
vn -0.9213 -0.3854 -0.0515
vn -0.9213 -0.3854 -0.0515
vn -0.3670 -0.9240 0.1073
vn -0.3670 -0.9240 0.1073
vn -0.3670 -0.9240 0.1073
vn 0.7818 -0.6235 0.0000
vn 0.7818 -0.6235 0.0000
vn 0.7818 -0.6235 0.0000
vn -0.7818 0.6235 0.0000
vn -0.7818 0.6235 0.0000
vn -0.7818 0.6235 0.0000
vn 0.0000 1.0000 0.0000
vn 0.0000 1.0000 0.0000
vn 0.0000 1.0000 0.0000
vn -0.0400 -0.3380 -0.9403
vn -0.0400 -0.3380 -0.9403
vn -0.0400 -0.3380 -0.9403
vn 0.7196 -0.6922 0.0548
vn 0.7196 -0.6922 0.0548
vn 0.7196 -0.6922 0.0548
vn -0.2002 -0.9797 -0.0056
vn -0.2002 -0.9797 -0.0056
vn -0.2002 -0.9797 -0.0056
vn -0.0879 -0.4860 0.8695
vn -0.0879 -0.4860 0.8695
vn -0.0879 -0.4860 0.8695
vn -0.9749 -0.2225 -0.0000
vn -0.9749 -0.2225 -0.0000
vn -0.9749 -0.2225 -0.0000
vn 0.7662 -0.6425 -0.0049
vn 0.7662 -0.6425 -0.0049
vn 0.7662 -0.6425 -0.0049
vn -0.1817 -0.9833 0.0106
vn -0.1817 -0.9833 0.0106
vn -0.1817 -0.9833 0.0106
vn -0.9749 -0.2225 -0.0000
vn -0.9749 -0.2225 -0.0000
vn -0.9749 -0.2225 -0.0000
vn 0.7818 -0.6235 0.0000
vn 0.7818 -0.6235 0.0000
vn 0.7818 -0.6235 0.0000
vn -0.1104 -0.9930 -0.0416
vn -0.1104 -0.9930 -0.0416
vn -0.1104 -0.9930 -0.0416
vn 0.7818 -0.6235 0.0000
vn 0.7818 -0.6235 0.0000
vn 0.7818 -0.6235 0.0000
vn -0.4339 -0.9010 -0.0000
vn -0.4339 -0.9010 -0.0000
vn -0.4339 -0.9010 -0.0000
vn 0.5879 -0.8062 0.0663
vn 0.5879 -0.8062 0.0663
vn 0.5879 -0.8062 0.0663
vn 0.0066 -0.4707 0.8823
vn 0.0066 -0.4707 0.8823
vn 0.0066 -0.4707 0.8823
vn 0.2713 -0.4053 0.8730
vn 0.2713 -0.4053 0.8730
vn 0.2713 -0.4053 0.8730
vn 0.6322 -0.7658 0.1174
vn 0.6322 -0.7658 0.1174
vn 0.6322 -0.7658 0.1174
vn -0.9110 -0.4055 0.0750
vn -0.9110 -0.4055 0.0750
vn -0.9110 -0.4055 0.0750
vn -0.9588 -0.2814 -0.0402
vn -0.9588 -0.2814 -0.0402
vn -0.9588 -0.2814 -0.0402
vn -0.2867 -0.9512 0.1143
vn -0.2867 -0.9512 0.1143
vn -0.2867 -0.9512 0.1143
vn -0.4339 -0.9010 -0.0000
vn -0.4339 -0.9010 -0.0000
vn -0.4339 -0.9010 -0.0000
vn -0.1433 -0.3379 -0.9302
vn -0.1433 -0.3379 -0.9302
vn -0.1433 -0.3379 -0.9302
vn 0.2250 -0.2570 -0.9399
vn 0.2250 -0.2570 -0.9399
vn 0.2250 -0.2570 -0.9399
vn -0.0000 -1.0000 -0.0000
vn -0.0000 -1.0000 -0.0000
vn -0.0000 -1.0000 -0.0000
vn -0.8843 -0.4609 0.0750
vn -0.8843 -0.4609 0.0750
vn -0.8843 -0.4609 0.0750
vn 0.0000 -1.0000 0.0000
vn 0.0000 -1.0000 0.0000
vn 0.0000 -1.0000 0.0000
vn 0.7818 -0.6235 0.0000
vn 0.7818 -0.6235 0.0000
vn 0.7818 -0.6235 0.0000
vn 0.9749 0.2225 -0.0000
vn 0.9749 0.2225 -0.0000
vn 0.9749 0.2225 -0.0000
vn 0.5015 -0.8650 -0.0155
vn 0.5015 -0.8650 -0.0155
vn 0.5015 -0.8650 -0.0155
vn 0.3668 -0.3128 -0.8762
vn 0.3668 -0.3128 -0.8762
vn 0.3668 -0.3128 -0.8762
vn -0.4339 -0.9010 -0.0000
vn -0.4339 -0.9010 -0.0000
vn -0.4339 -0.9010 -0.0000
vn 0.1882 -0.4689 0.8629
vn 0.1882 -0.4689 0.8629
vn 0.1882 -0.4689 0.8629
vn 0.6762 -0.7139 0.1822
vn 0.6762 -0.7139 0.1822
vn 0.6762 -0.7139 0.1822
vn -0.0482 -0.5653 0.8234
vn -0.0482 -0.5653 0.8234
vn -0.0482 -0.5653 0.8234
vn -0.5302 -0.1949 0.8252
vn -0.5302 -0.1949 0.8252
vn -0.5302 -0.1949 0.8252
vn -0.1469 -0.9892 0.0022
vn -0.1469 -0.9892 0.0022
vn -0.1469 -0.9892 0.0022
vn -0.9227 -0.3854 0.0022
vn -0.9227 -0.3854 0.0022
vn -0.9227 -0.3854 0.0022
vn -0.3421 -0.9228 0.1772
vn -0.3421 -0.9228 0.1772
vn -0.3421 -0.9228 0.1772
vn -0.9749 -0.2225 -0.0000
vn -0.9749 -0.2225 -0.0000
vn -0.9749 -0.2225 -0.0000
vn -0.3570 -0.2057 -0.9112
vn -0.3570 -0.2057 -0.9112
vn -0.3570 -0.2057 -0.9112
vn -0.2077 -0.3299 -0.9209
vn -0.2077 -0.3299 -0.9209
vn -0.2077 -0.3299 -0.9209
vn -0.3279 -0.1369 -0.9347
vn -0.3279 -0.1369 -0.9347
vn -0.3279 -0.1369 -0.9347
vn -0.9278 0.3728 0.0135
vn -0.9278 0.3728 0.0135
vn -0.9278 0.3728 0.0135
vn 0.0857 0.5809 -0.8095
vn 0.0857 0.5809 -0.8095
vn 0.0857 0.5809 -0.8095
vn 0.9749 -0.2225 0.0000
vn 0.9749 -0.2225 0.0000
vn 0.9749 -0.2225 0.0000
vn 0.4339 -0.9010 0.0000
vn 0.4339 -0.9010 0.0000
vn 0.4339 -0.9010 0.0000
vn 0.9992 0.0297 -0.0276
vn 0.9992 0.0297 -0.0276
vn 0.9992 0.0297 -0.0276
vn 0.3528 -0.2898 -0.8897
vn 0.3528 -0.2898 -0.8897
vn 0.3528 -0.2898 -0.8897
vn -0.3469 -0.9364 -0.0537
vn -0.3469 -0.9364 -0.0537
vn -0.3469 -0.9364 -0.0537
vn -0.3408 -0.2796 0.8976
vn -0.3408 -0.2796 0.8976
vn -0.3408 -0.2796 0.8976
vn 0.0000 -1.0000 0.0000
vn 0.0000 -1.0000 0.0000
vn 0.0000 -1.0000 0.0000
vn -0.0000 1.0000 0.0000
vn -0.0000 1.0000 0.0000
vn -0.0000 1.0000 0.0000
vn 0.9749 0.2225 -0.0000
vn 0.9749 0.2225 -0.0000
vn 0.9749 0.2225 -0.0000
vn -0.2149 -0.3810 0.8993
vn -0.2149 -0.3810 0.8993
vn -0.2149 -0.3810 0.8993
vn -0.9749 -0.2225 -0.0000
vn -0.9749 -0.2225 -0.0000
vn -0.9749 -0.2225 -0.0000
vn 0.4339 0.9010 -0.0000
vn 0.4339 0.9010 -0.0000
vn 0.4339 0.9010 -0.0000
vn -0.4339 0.9010 0.0000
vn -0.4339 0.9010 0.0000
vn -0.4339 0.9010 0.0000
vn 0.1638 0.3827 0.9092
vn 0.1638 0.3827 0.9092
vn 0.1638 0.3827 0.9092
vn 0.6996 -0.7140 -0.0292
vn 0.6996 -0.7140 -0.0292
vn 0.6996 -0.7140 -0.0292
vn 0.4320 -0.3258 0.8410
vn 0.4320 -0.3258 0.8410
vn 0.4320 -0.3258 0.8410
vn 0.5025 -0.1843 0.8447
vn 0.5025 -0.1843 0.8447
vn 0.5025 -0.1843 0.8447
vn 0.7189 -0.6931 -0.0537
vn 0.7189 -0.6931 -0.0537
vn 0.7189 -0.6931 -0.0537
vn 0.9679 -0.1627 -0.1915
vn 0.9679 -0.1627 -0.1915
vn 0.9679 -0.1627 -0.1915
vn 0.4947 0.0287 -0.8686
vn 0.4947 0.0287 -0.8686
vn 0.4947 0.0287 -0.8686
vn -0.4339 -0.9010 -0.0000
vn -0.4339 -0.9010 -0.0000
vn -0.4339 -0.9010 -0.0000
vn 0.3998 0.4407 -0.8037
vn 0.3998 0.4407 -0.8037
vn 0.3998 0.4407 -0.8037
vn -0.9749 0.2225 0.0000
vn -0.9749 0.2225 0.0000
vn -0.9749 0.2225 0.0000
vn -0.3886 0.1265 0.9127
vn -0.3886 0.1265 0.9127
vn -0.3886 0.1265 0.9127
vn -0.8469 -0.5316 0.0069
vn -0.8469 -0.5316 0.0069
vn -0.8469 -0.5316 0.0069
vn -0.9253 0.3792 0.0076
vn -0.9253 0.3792 0.0076
vn -0.9253 0.3792 0.0076
vn -0.0205 -0.3882 -0.9213
vn -0.0205 -0.3882 -0.9213
vn -0.0205 -0.3882 -0.9213
vn -0.9029 -0.4127 0.1200
vn -0.9029 -0.4127 0.1200
vn -0.9029 -0.4127 0.1200
vn -0.1538 -0.9812 0.1169
vn -0.1538 -0.9812 0.1169
vn -0.1538 -0.9812 0.1169
vn 0.7818 -0.6235 0.0000
vn 0.7818 -0.6235 0.0000
vn 0.7818 -0.6235 0.0000
vn -0.7818 -0.6235 0.0000
vn -0.7818 -0.6235 0.0000
vn -0.7818 -0.6235 0.0000
vn -0.7818 0.6235 0.0000
vn -0.7818 0.6235 0.0000
vn -0.7818 0.6235 0.0000
vn -0.3296 0.0942 -0.9394
vn -0.3296 0.0942 -0.9394
vn -0.3296 0.0942 -0.9394
vn -0.0000 -1.0000 -0.0000
vn -0.0000 -1.0000 -0.0000
vn -0.0000 -1.0000 -0.0000
vn -0.7818 -0.6235 0.0000
vn -0.7818 -0.6235 0.0000
vn -0.7818 -0.6235 0.0000
vn -0.9749 0.2225 0.0000
vn -0.9749 0.2225 0.0000
vn -0.9749 0.2225 0.0000
vn 0.9749 -0.2225 0.0000
vn 0.9749 -0.2225 0.0000
vn 0.9749 -0.2225 0.0000
vn 0.5394 0.0918 -0.8370
vn 0.5394 0.0918 -0.8370
vn 0.5394 0.0918 -0.8370
vn 0.6523 -0.7556 0.0599
vn 0.6523 -0.7556 0.0599
vn 0.6523 -0.7556 0.0599
vn -0.1972 -0.9738 0.1132
vn -0.1972 -0.9738 0.1132
vn -0.1972 -0.9738 0.1132
vn 0.7818 -0.6235 0.0000
vn 0.7818 -0.6235 0.0000
vn 0.7818 -0.6235 0.0000
vn -0.4905 -0.3748 0.7867
vn -0.4905 -0.3748 0.7867
vn -0.4905 -0.3748 0.7867
vn -0.3534 0.0408 0.9346
vn -0.3534 0.0408 0.9346
vn -0.3534 0.0408 0.9346
vn 0.1434 0.4232 0.8946
vn 0.1434 0.4232 0.8946
vn 0.1434 0.4232 0.8946
vn 0.3571 0.4680 0.8084
vn 0.3571 0.4680 0.8084
vn 0.3571 0.4680 0.8084
vn 0.4832 0.0394 0.8746
vn 0.4832 0.0394 0.8746
vn 0.4832 0.0394 0.8746
vn 0.4339 -0.9010 0.0000
vn 0.4339 -0.9010 0.0000
vn 0.4339 -0.9010 0.0000
vn 0.9749 -0.2225 0.0000
vn 0.9749 -0.2225 0.0000
vn 0.9749 -0.2225 0.0000
vn -0.9749 0.2225 0.0000
vn -0.9749 0.2225 0.0000
vn -0.9749 0.2225 0.0000
vn -0.0000 1.0000 0.0000
vn -0.0000 1.0000 0.0000
vn -0.0000 1.0000 0.0000
vn -0.7818 0.6235 0.0000
vn -0.7818 0.6235 0.0000
vn -0.7818 0.6235 0.0000
vn 0.9749 0.2225 -0.0000
vn 0.9749 0.2225 -0.0000
vn 0.9749 0.2225 -0.0000
vn -0.1673 -0.5616 0.8103
vn -0.1673 -0.5616 0.8103
vn -0.1673 -0.5616 0.8103
vn 0.2900 -0.3704 0.8824
vn 0.2900 -0.3704 0.8824
vn 0.2900 -0.3704 0.8824
vn -0.2589 -0.9640 0.0599
vn -0.2589 -0.9640 0.0599
vn -0.2589 -0.9640 0.0599
vn -0.4339 -0.9010 -0.0000
vn -0.4339 -0.9010 -0.0000
vn -0.4339 -0.9010 -0.0000
vn 0.6199 -0.7844 0.0227
vn 0.6199 -0.7844 0.0227
vn 0.6199 -0.7844 0.0227
vn 0.3960 -0.4295 -0.8116
vn 0.3960 -0.4295 -0.8116
vn 0.3960 -0.4295 -0.8116
vn 0.6140 0.7890 -0.0207
vn 0.6140 0.7890 -0.0207
vn 0.6140 0.7890 -0.0207
vn 0.9957 0.0896 0.0217
vn 0.9957 0.0896 0.0217
vn 0.9957 0.0896 0.0217
vn 0.9990 0.0400 -0.0212
vn 0.9990 0.0400 -0.0212
vn 0.9990 0.0400 -0.0212
vn 0.4339 0.9010 0.0000
vn 0.4339 0.9010 0.0000
vn 0.4339 0.9010 0.0000
vn 0.7789 0.5964 0.1941
vn 0.7789 0.5964 0.1941
vn 0.7789 0.5964 0.1941
vn 0.4947 0.1979 -0.8462
vn 0.4947 0.1979 -0.8462
vn 0.4947 0.1979 -0.8462
vn -0.2201 0.9491 0.2254
vn -0.2201 0.9491 0.2254
vn -0.2201 0.9491 0.2254
vn 0.0351 0.9994 -0.0002
vn 0.0351 0.9994 -0.0002
vn 0.0351 0.9994 -0.0002
vn -0.0942 0.3964 -0.9133
vn -0.0942 0.3964 -0.9133
vn -0.0942 0.3964 -0.9133
vn -0.3933 0.0898 -0.9150
vn -0.3933 0.0898 -0.9150
vn -0.3933 0.0898 -0.9150
vn -0.9749 -0.2225 -0.0000
vn -0.9749 -0.2225 -0.0000
vn -0.9749 -0.2225 -0.0000
vn -0.3316 -0.1815 -0.9258
vn -0.3316 -0.1815 -0.9258
vn -0.3316 -0.1815 -0.9258
vn -0.0647 -0.3907 -0.9182
vn -0.0647 -0.3907 -0.9182
vn -0.0647 -0.3907 -0.9182
vn -0.4592 -0.2770 -0.8441
vn -0.4592 -0.2770 -0.8441
vn -0.4592 -0.2770 -0.8441
vn -0.9292 0.3646 0.0599
vn -0.9292 0.3646 0.0599
vn -0.9292 0.3646 0.0599
vn -0.4997 0.0839 0.8621
vn -0.4997 0.0839 0.8621
vn -0.4997 0.0839 0.8621
vn -0.7818 0.6235 0.0000
vn -0.7818 0.6235 0.0000
vn -0.7818 0.6235 0.0000
vn -0.9749 -0.2225 -0.0000
vn -0.9749 -0.2225 -0.0000
vn -0.9749 -0.2225 -0.0000
vn 0.9749 0.2225 -0.0000
vn 0.9749 0.2225 -0.0000
vn 0.9749 0.2225 -0.0000
vn 0.4339 0.9010 -0.0000
vn 0.4339 0.9010 -0.0000
vn 0.4339 0.9010 -0.0000
vn 0.9749 -0.2225 0.0000
vn 0.9749 -0.2225 0.0000
vn 0.9749 -0.2225 0.0000
vn 0.6928 0.7155 -0.0897
vn 0.6928 0.7155 -0.0897
vn 0.6928 0.7155 -0.0897
vn 0.4695 0.8711 0.1442
vn 0.4695 0.8711 0.1442
vn 0.4695 0.8711 0.1442
vn 0.3439 0.0172 -0.9389
vn 0.3439 0.0172 -0.9389
vn 0.3439 0.0172 -0.9389
vn -0.4339 -0.9010 -0.0000
vn -0.4339 -0.9010 -0.0000
vn -0.4339 -0.9010 -0.0000
vn 0.1041 -0.5256 -0.8443
vn 0.1041 -0.5256 -0.8443
vn 0.1041 -0.5256 -0.8443
vn 0.4339 0.9010 0.0000
vn 0.4339 0.9010 0.0000
vn 0.4339 0.9010 0.0000
vn 0.9749 -0.2225 0.0000
vn 0.9749 -0.2225 0.0000
vn 0.9749 -0.2225 0.0000
vn 0.1208 0.4417 -0.8890
vn 0.1208 0.4417 -0.8890
vn 0.1208 0.4417 -0.8890
vn -0.9749 0.2225 0.0000
vn -0.9749 0.2225 0.0000
vn -0.9749 0.2225 0.0000
vn 0.3446 0.2798 0.8961
vn 0.3446 0.2798 0.8961
vn 0.3446 0.2798 0.8961
vn 0.9863 0.0287 0.1622
vn 0.9863 0.0287 0.1622
vn 0.9863 0.0287 0.1622
vn 0.4203 -0.8975 0.1333
vn 0.4203 -0.8975 0.1333
vn 0.4203 -0.8975 0.1333
vn 0.4619 0.0255 0.8865
vn 0.4619 0.0255 0.8865
vn 0.4619 0.0255 0.8865
vn 0.9880 0.0179 0.1532
vn 0.9880 0.0179 0.1532
vn 0.9880 0.0179 0.1532
vn 0.3586 -0.4644 0.8098
vn 0.3586 -0.4644 0.8098
vn 0.3586 -0.4644 0.8098
vn 0.6157 -0.7857 -0.0605
vn 0.6157 -0.7857 -0.0605
vn 0.6157 -0.7857 -0.0605
vn 0.0085 -0.5341 0.8454
vn 0.0085 -0.5341 0.8454
vn 0.0085 -0.5341 0.8454
vn -0.7818 -0.6235 0.0000
vn -0.7818 -0.6235 0.0000
vn -0.7818 -0.6235 0.0000
vn -0.0961 0.3925 0.9147
vn -0.0961 0.3925 0.9147
vn -0.0961 0.3925 0.9147
vn 0.7818 0.6235 0.0000
vn 0.7818 0.6235 0.0000
vn 0.7818 0.6235 0.0000
vn -0.2279 0.9691 -0.0942
vn -0.2279 0.9691 -0.0942
vn -0.2279 0.9691 -0.0942
vn -0.5012 -0.0338 0.8647
vn -0.5012 -0.0338 0.8647
vn -0.5012 -0.0338 0.8647
vn -0.9541 0.2994 -0.0006
vn -0.9541 0.2994 -0.0006
vn -0.9541 0.2994 -0.0006
vn -0.1218 0.9926 -0.0007
vn -0.1218 0.9926 -0.0007
vn -0.1218 0.9926 -0.0007
vn -0.0188 0.5454 -0.8380
vn -0.0188 0.5454 -0.8380
vn -0.0188 0.5454 -0.8380
vn -0.1059 -0.9840 -0.1432
vn -0.1059 -0.9840 -0.1432
vn -0.1059 -0.9840 -0.1432
vn -0.8775 -0.4762 0.0566
vn -0.8775 -0.4762 0.0566
vn -0.8775 -0.4762 0.0566
vn -0.1080 -0.5594 -0.8218
vn -0.1080 -0.5594 -0.8218
vn -0.1080 -0.5594 -0.8218
vn -0.9548 -0.2637 -0.1374
vn -0.9548 -0.2637 -0.1374
vn -0.9548 -0.2637 -0.1374
vn -0.2033 -0.9772 -0.0608
vn -0.2033 -0.9772 -0.0608
vn -0.2033 -0.9772 -0.0608
vn 0.7818 -0.6235 0.0000
vn 0.7818 -0.6235 0.0000
vn 0.7818 -0.6235 0.0000
vn -0.7818 -0.6235 0.0000
vn -0.7818 -0.6235 0.0000
vn -0.7818 -0.6235 0.0000
vn -0.7818 0.6235 0.0000
vn -0.7818 0.6235 0.0000
vn -0.7818 0.6235 0.0000
vn -0.4729 0.1438 -0.8693
vn -0.4729 0.1438 -0.8693
vn -0.4729 0.1438 -0.8693
vn 0.9749 0.2225 0.0000
vn 0.9749 0.2225 0.0000
vn 0.9749 0.2225 0.0000
vn 0.7564 -0.6541 0.0035
vn 0.7564 -0.6541 0.0035
vn 0.7564 -0.6541 0.0035
vn 0.4339 0.9010 -0.0000
vn 0.4339 0.9010 -0.0000
vn 0.4339 0.9010 -0.0000
vn -0.4339 0.9010 0.0000
vn -0.4339 0.9010 0.0000
vn -0.4339 0.9010 0.0000
vn 0.1636 0.4749 0.8647
vn 0.1636 0.4749 0.8647
vn 0.1636 0.4749 0.8647
vn 0.5041 0.8636 0.0065
vn 0.5041 0.8636 0.0065
vn 0.5041 0.8636 0.0065
vn 0.9749 -0.2225 0.0000
vn 0.9749 -0.2225 0.0000
vn 0.9749 -0.2225 0.0000
vn 0.2405 0.5420 -0.8052
vn 0.2405 0.5420 -0.8052
vn 0.2405 0.5420 -0.8052
vn 0.4802 0.8770 -0.0174
vn 0.4802 0.8770 -0.0174
vn 0.4802 0.8770 -0.0174
vn 0.4372 -0.2616 0.8605
vn 0.4372 -0.2616 0.8605
vn 0.4372 -0.2616 0.8605
vn 0.9883 -0.1517 -0.0176
vn 0.9883 -0.1517 -0.0176
vn 0.9883 -0.1517 -0.0176
vn -0.4339 -0.9010 -0.0000
vn -0.4339 -0.9010 -0.0000
vn -0.4339 -0.9010 -0.0000
vn 0.5533 -0.1567 0.8181
vn 0.5533 -0.1567 0.8181
vn 0.5533 -0.1567 0.8181
vn 0.9853 0.0567 0.1613
vn 0.9853 0.0567 0.1613
vn 0.9853 0.0567 0.1613
vn 0.6115 -0.7737 0.1657
vn 0.6115 -0.7737 0.1657
vn 0.6115 -0.7737 0.1657
vn 0.4339 -0.9010 0.0000
vn 0.4339 -0.9010 0.0000
vn 0.4339 -0.9010 0.0000
vn 0.2610 -0.3345 -0.9055
vn 0.2610 -0.3345 -0.9055
vn 0.2610 -0.3345 -0.9055
vn 0.4452 0.0598 -0.8934
vn 0.4452 0.0598 -0.8934
vn 0.4452 0.0598 -0.8934
vn -0.1533 -0.3695 -0.9165
vn -0.1533 -0.3695 -0.9165
vn -0.1533 -0.3695 -0.9165
vn 0.7033 -0.7101 0.0325
vn 0.7033 -0.7101 0.0325
vn 0.7033 -0.7101 0.0325
vn -0.0285 -0.3515 0.9358
vn -0.0285 -0.3515 0.9358
vn -0.0285 -0.3515 0.9358
vn -0.4339 -0.9010 -0.0000
vn -0.4339 -0.9010 -0.0000
vn -0.4339 -0.9010 -0.0000
vn 0.4339 0.9010 -0.0000
vn 0.4339 0.9010 -0.0000
vn 0.4339 0.9010 -0.0000
vn 0.9749 -0.2225 0.0000
vn 0.9749 -0.2225 0.0000
vn 0.9749 -0.2225 0.0000
vn -0.9749 0.2225 0.0000
vn -0.9749 0.2225 0.0000
vn -0.9749 0.2225 0.0000
vn -0.1155 0.4434 0.8889
vn -0.1155 0.4434 0.8889
vn -0.1155 0.4434 0.8889
vn 0.6924 0.7190 -0.0605
vn 0.6924 0.7190 -0.0605
vn 0.6924 0.7190 -0.0605
vn 0.6540 0.7563 -0.0145
vn 0.6540 0.7563 -0.0145
vn 0.6540 0.7563 -0.0145
vn 0.4339 -0.9010 0.0000
vn 0.4339 -0.9010 0.0000
vn 0.4339 -0.9010 0.0000
vn 0.0821 0.4235 -0.9022
vn 0.0821 0.4235 -0.9022
vn 0.0821 0.4235 -0.9022
vn 0.9749 -0.2225 0.0000
vn 0.9749 -0.2225 0.0000
vn 0.9749 -0.2225 0.0000
vn 0.3624 0.3908 -0.8461
vn 0.3624 0.3908 -0.8461
vn 0.3624 0.3908 -0.8461
vn -0.9749 0.2225 0.0000
vn -0.9749 0.2225 0.0000
vn -0.9749 0.2225 0.0000
vn 0.3381 0.2790 0.8988
vn 0.3381 0.2790 0.8988
vn 0.3381 0.2790 0.8988
vn 0.4146 0.1233 0.9016
vn 0.4146 0.1233 0.9016
vn 0.4146 0.1233 0.9016
vn 0.7818 -0.6235 0.0000
vn 0.7818 -0.6235 0.0000
vn 0.7818 -0.6235 0.0000
vn 0.2227 -0.2921 0.9301
vn 0.2227 -0.2921 0.9301
vn 0.2227 -0.2921 0.9301
vn 0.9898 0.1280 -0.0629
vn 0.9898 0.1280 -0.0629
vn 0.9898 0.1280 -0.0629
vn -0.4339 -0.9010 -0.0000
vn -0.4339 -0.9010 -0.0000
vn -0.4339 -0.9010 -0.0000
vn 0.6153 -0.7854 -0.0673
vn 0.6153 -0.7854 -0.0673
vn 0.6153 -0.7854 -0.0673
vn 0.9973 0.0725 -0.0147
vn 0.9973 0.0725 -0.0147
vn 0.9973 0.0725 -0.0147
vn 0.5102 0.0713 -0.8571
vn 0.5102 0.0713 -0.8571
vn 0.5102 0.0713 -0.8571
vn 0.3328 -0.2561 -0.9075
vn 0.3328 -0.2561 -0.9075
vn 0.3328 -0.2561 -0.9075
vn -0.9749 -0.2225 -0.0000
vn -0.9749 -0.2225 -0.0000
vn -0.9749 -0.2225 -0.0000
vn -0.0000 -1.0000 -0.0000
vn -0.0000 -1.0000 -0.0000
vn -0.0000 -1.0000 -0.0000
vn -0.8402 0.5418 0.0227
vn -0.8402 0.5418 0.0227
vn -0.8402 0.5418 0.0227
vn -0.9035 -0.4187 -0.0918
vn -0.9035 -0.4187 -0.0918
vn -0.9035 -0.4187 -0.0918
vn -0.7818 0.6235 0.0000
vn -0.7818 0.6235 0.0000
vn -0.7818 0.6235 0.0000
vn -0.7818 -0.6235 0.0000
vn -0.7818 -0.6235 0.0000
vn -0.7818 -0.6235 0.0000
vn -0.9749 0.2225 0.0000
vn -0.9749 0.2225 0.0000
vn -0.9749 0.2225 0.0000
vn 0.4292 0.3031 0.8508
vn 0.4292 0.3031 0.8508
vn 0.4292 0.3031 0.8508
vn 0.4201 0.1773 0.8900
vn 0.4201 0.1773 0.8900
vn 0.4201 0.1773 0.8900
vn 0.5500 -0.8316 -0.0767
vn 0.5500 -0.8316 -0.0767
vn 0.5500 -0.8316 -0.0767
vn 0.6481 -0.7611 0.0272
vn 0.6481 -0.7611 0.0272
vn 0.6481 -0.7611 0.0272
vn 0.3729 -0.0623 -0.9258
vn 0.3729 -0.0623 -0.9258
vn 0.3729 -0.0623 -0.9258
vn 0.9749 -0.2225 0.0000
vn 0.9749 -0.2225 0.0000
vn 0.9749 -0.2225 0.0000
vn 0.2237 0.2584 -0.9398
vn 0.2237 0.2584 -0.9398
vn 0.2237 0.2584 -0.9398
vn -0.4339 -0.9010 -0.0000
vn -0.4339 -0.9010 -0.0000
vn -0.4339 -0.9010 -0.0000
vn 0.3570 -0.3949 -0.8465
vn 0.3570 -0.3949 -0.8465
vn 0.3570 -0.3949 -0.8465
vn 0.4339 0.9010 0.0000
vn 0.4339 0.9010 0.0000
vn 0.4339 0.9010 0.0000
vn 0.1751 -0.3540 0.9187
vn 0.1751 -0.3540 0.9187
vn 0.1751 -0.3540 0.9187
vn 0.9749 0.2225 -0.0000
vn 0.9749 0.2225 -0.0000
vn 0.9749 0.2225 -0.0000
vn 0.9882 -0.0636 0.1397
vn 0.9882 -0.0636 0.1397
vn 0.9882 -0.0636 0.1397
vn 0.9807 0.1816 -0.0721
vn 0.9807 0.1816 -0.0721
vn 0.9807 0.1816 -0.0721
vn 0.6281 0.7645 0.1453
vn 0.6281 0.7645 0.1453
vn 0.6281 0.7645 0.1453
vn 0.4339 -0.9010 0.0000
vn 0.4339 -0.9010 0.0000
vn 0.4339 -0.9010 0.0000
vn 0.9749 -0.2225 0.0000
vn 0.9749 -0.2225 0.0000
vn 0.9749 -0.2225 0.0000
vn 0.7335 0.6791 0.0284
vn 0.7335 0.6791 0.0284
vn 0.7335 0.6791 0.0284
vn -0.2003 0.4471 0.8718
vn -0.2003 0.4471 0.8718
vn -0.2003 0.4471 0.8718
vn -0.9749 -0.2225 -0.0000
vn -0.9749 -0.2225 -0.0000
vn -0.9749 -0.2225 -0.0000
vn -0.0030 -0.3693 0.9293
vn -0.0030 -0.3693 0.9293
vn -0.0030 -0.3693 0.9293
vn -0.1382 -0.9865 -0.0884
vn -0.1382 -0.9865 -0.0884
vn -0.1382 -0.9865 -0.0884
vn -0.2702 -0.9624 0.0269
vn -0.2702 -0.9624 0.0269
vn -0.2702 -0.9624 0.0269
vn -0.2863 0.2599 0.9222
vn -0.2863 0.2599 0.9222
vn -0.2863 0.2599 0.9222
vn -0.2941 -0.1269 0.9473
vn -0.2941 -0.1269 0.9473
vn -0.2941 -0.1269 0.9473
vn -0.8396 0.5427 0.0236
vn -0.8396 0.5427 0.0236
vn -0.8396 0.5427 0.0236
vn -0.3249 0.9453 0.0292
vn -0.3249 0.9453 0.0292
vn -0.3249 0.9453 0.0292
vn 0.7818 0.6235 0.0000
vn 0.7818 0.6235 0.0000
vn 0.7818 0.6235 0.0000
vn -0.3185 0.9476 0.0234
vn -0.3185 0.9476 0.0234
vn -0.3185 0.9476 0.0234
vn -0.1957 0.4002 -0.8953
vn -0.1957 0.4002 -0.8953
vn -0.1957 0.4002 -0.8953
vn -0.3812 0.3192 -0.8676
vn -0.3812 0.3192 -0.8676
vn -0.3812 0.3192 -0.8676
vn -0.8431 -0.5372 0.0228
vn -0.8431 -0.5372 0.0228
vn -0.8431 -0.5372 0.0228
vn 0.0000 1.0000 0.0000
vn 0.0000 1.0000 0.0000
vn 0.0000 1.0000 0.0000
vn -0.9749 -0.2225 -0.0000
vn -0.9749 -0.2225 -0.0000
vn -0.9749 -0.2225 -0.0000
vn -0.2671 -0.2449 -0.9320
vn -0.2671 -0.2449 -0.9320
vn -0.2671 -0.2449 -0.9320
vn -0.1266 -0.3542 -0.9266
vn -0.1266 -0.3542 -0.9266
vn -0.1266 -0.3542 -0.9266
vn -0.3845 -0.1465 -0.9114
vn -0.3845 -0.1465 -0.9114
vn -0.3845 -0.1465 -0.9114
vn 0.0059 -0.9997 -0.0243
vn 0.0059 -0.9997 -0.0243
vn 0.0059 -0.9997 -0.0243
vn -0.7818 0.6235 0.0000
vn -0.7818 0.6235 0.0000
vn -0.7818 0.6235 0.0000
vn 0.0000 -1.0000 0.0000
vn 0.0000 -1.0000 0.0000
vn 0.0000 -1.0000 0.0000
vn -0.7818 -0.6235 0.0000
vn -0.7818 -0.6235 0.0000
vn -0.7818 -0.6235 0.0000
vn -0.4843 0.1941 0.8531
vn -0.4843 0.1941 0.8531
vn -0.4843 0.1941 0.8531
vn -0.4881 0.0306 0.8722
vn -0.4881 0.0306 0.8722
vn -0.4881 0.0306 0.8722
vn 0.9749 0.2225 -0.0000
vn 0.9749 0.2225 -0.0000
vn 0.9749 0.2225 -0.0000
vn 0.4339 0.9010 -0.0000
vn 0.4339 0.9010 -0.0000
vn 0.4339 0.9010 -0.0000
vn 0.9909 -0.1167 -0.0671
vn 0.9909 -0.1167 -0.0671
vn 0.9909 -0.1167 -0.0671
vn 0.4838 -0.0680 -0.8725
vn 0.4838 -0.0680 -0.8725
vn 0.4838 -0.0680 -0.8725
vn -0.4339 -0.9010 -0.0000
vn -0.4339 -0.9010 -0.0000
vn -0.4339 -0.9010 -0.0000
vn -0.9749 -0.2225 -0.0000
vn -0.9749 -0.2225 -0.0000
vn -0.9749 -0.2225 -0.0000
vn 0.4384 -0.2926 -0.8498
vn 0.4384 -0.2926 -0.8498
vn 0.4384 -0.2926 -0.8498
vn 0.4339 0.9010 0.0000
vn 0.4339 0.9010 0.0000
vn 0.4339 0.9010 0.0000
vn 0.3985 -0.1111 0.9104
vn 0.3985 -0.1111 0.9104
vn 0.3985 -0.1111 0.9104
vn 0.9971 -0.0708 -0.0274
vn 0.9971 -0.0708 -0.0274
vn 0.9971 -0.0708 -0.0274
vn 0.5489 -0.8355 -0.0253
vn 0.5489 -0.8355 -0.0253
vn 0.5489 -0.8355 -0.0253
vn 0.1153 -0.5050 0.8554
vn 0.1153 -0.5050 0.8554
vn 0.1153 -0.5050 0.8554
vn 0.2352 -0.4414 0.8660
vn 0.2352 -0.4414 0.8660
vn 0.2352 -0.4414 0.8660
vn 0.7194 -0.6719 0.1761
vn 0.7194 -0.6719 0.1761
vn 0.7194 -0.6719 0.1761
vn -0.9027 -0.3972 0.1656
vn -0.9027 -0.3972 0.1656
vn -0.9027 -0.3972 0.1656
vn -0.9805 -0.1949 -0.0239
vn -0.9805 -0.1949 -0.0239
vn -0.9805 -0.1949 -0.0239
vn -0.2364 -0.9530 0.1894
vn -0.2364 -0.9530 0.1894
vn -0.2364 -0.9530 0.1894
vn -0.1122 -0.4043 -0.9077
vn -0.1122 -0.4043 -0.9077
vn -0.1122 -0.4043 -0.9077
vn -0.7818 -0.6235 0.0000
vn -0.7818 -0.6235 0.0000
vn -0.7818 -0.6235 0.0000
vn -0.7818 0.6235 0.0000
vn -0.7818 0.6235 0.0000
vn -0.7818 0.6235 0.0000
vn -0.3602 0.3758 -0.8538
vn -0.3602 0.3758 -0.8538
vn -0.3602 0.3758 -0.8538
vn -0.3940 -0.1218 -0.9110
vn -0.3940 -0.1218 -0.9110
vn -0.3940 -0.1218 -0.9110
vn -0.8344 -0.5512 -0.0007
vn -0.8344 -0.5512 -0.0007
vn -0.8344 -0.5512 -0.0007
vn 0.7818 -0.6235 0.0000
vn 0.7818 -0.6235 0.0000
vn 0.7818 -0.6235 0.0000
vn 0.9749 0.2225 -0.0000
vn 0.9749 0.2225 -0.0000
vn 0.9749 0.2225 -0.0000
vn 0.4339 -0.9010 0.0000
vn 0.4339 -0.9010 0.0000
vn 0.4339 -0.9010 0.0000
vn 0.9988 -0.0496 -0.0002
vn 0.9988 -0.0496 -0.0002
vn 0.9988 -0.0496 -0.0002
vn 0.3525 -0.2402 -0.9045
vn 0.3525 -0.2402 -0.9045
vn 0.3525 -0.2402 -0.9045
vn -0.9749 -0.2225 -0.0000
vn -0.9749 -0.2225 -0.0000
vn -0.9749 -0.2225 -0.0000
vn 0.4339 -0.9010 0.0000
vn 0.4339 -0.9010 0.0000
vn 0.4339 -0.9010 0.0000
vn 0.9749 0.2225 0.0000
vn 0.9749 0.2225 0.0000
vn 0.9749 0.2225 0.0000
vn 0.4022 -0.1376 -0.9052
vn 0.4022 -0.1376 -0.9052
vn 0.4022 -0.1376 -0.9052
vn 0.9865 -0.1426 0.0804
vn 0.9865 -0.1426 0.0804
vn 0.9865 -0.1426 0.0804
vn 0.4792 -0.0481 0.8764
vn 0.4792 -0.0481 0.8764
vn 0.4792 -0.0481 0.8764
vn 0.6473 -0.7623 -0.0002
vn 0.6473 -0.7623 -0.0002
vn 0.6473 -0.7623 -0.0002
vn 0.3266 -0.3614 0.8733
vn 0.3266 -0.3614 0.8733
vn 0.3266 -0.3614 0.8733
vn 0.7172 -0.6916 0.0851
vn 0.7172 -0.6916 0.0851
vn 0.7172 -0.6916 0.0851
vn -0.4297 -0.3588 0.8286
vn -0.4297 -0.3588 0.8286
vn -0.4297 -0.3588 0.8286
vn -0.3505 -0.9327 0.0848
vn -0.3505 -0.9327 0.0848
vn -0.3505 -0.9327 0.0848
vn -0.7818 0.6235 0.0000
vn -0.7818 0.6235 0.0000
vn -0.7818 0.6235 0.0000
vn -0.2462 -0.4943 0.8337
vn -0.2462 -0.4943 0.8337
vn -0.2462 -0.4943 0.8337
vn -0.9127 -0.3735 0.1656
vn -0.9127 -0.3735 0.1656
vn -0.9127 -0.3735 0.1656
vn -0.2491 -0.9529 0.1731
vn -0.2491 -0.9529 0.1731
vn -0.2491 -0.9529 0.1731
vn -0.1397 -0.4604 -0.8766
vn -0.1397 -0.4604 -0.8766
vn -0.1397 -0.4604 -0.8766
vn -0.7818 0.6235 0.0000
vn -0.7818 0.6235 0.0000
vn -0.7818 0.6235 0.0000
vn -0.1508 -0.9788 -0.1387
vn -0.1508 -0.9788 -0.1387
vn -0.1508 -0.9788 -0.1387
vn 0.7570 -0.6527 -0.0309
vn 0.7570 -0.6527 -0.0309
vn 0.7570 -0.6527 -0.0309
vn 0.5557 -0.8098 0.1885
vn 0.5557 -0.8098 0.1885
vn 0.5557 -0.8098 0.1885
vn -0.2730 -0.9614 -0.0337
vn -0.2730 -0.9614 -0.0337
vn -0.2730 -0.9614 -0.0337
vn -0.3960 -0.1792 -0.9006
vn -0.3960 -0.1792 -0.9006
vn -0.3960 -0.1792 -0.9006
vn -0.9262 0.3764 -0.0231
vn -0.9262 0.3764 -0.0231
vn -0.9262 0.3764 -0.0231
vn -0.3740 0.1100 0.9209
vn -0.3740 0.1100 0.9209
vn -0.3740 0.1100 0.9209
vn -0.7818 0.6235 0.0000
vn -0.7818 0.6235 0.0000
vn -0.7818 0.6235 0.0000
vn 0.7818 -0.6235 0.0000
vn 0.7818 -0.6235 0.0000
vn 0.7818 -0.6235 0.0000
vn -0.4339 -0.9010 -0.0000
vn -0.4339 -0.9010 -0.0000
vn -0.4339 -0.9010 -0.0000
vn 0.4339 -0.9010 0.0000
vn 0.4339 -0.9010 0.0000
vn 0.4339 -0.9010 0.0000
vn 0.2330 0.3382 0.9118
vn 0.2330 0.3382 0.9118
vn 0.2330 0.3382 0.9118
vn -0.4339 0.9010 0.0000
vn -0.4339 0.9010 0.0000
vn -0.4339 0.9010 0.0000
vn 0.9935 -0.0753 0.0855
vn 0.9935 -0.0753 0.0855
vn 0.9935 -0.0753 0.0855
vn 0.1758 0.3756 -0.9099
vn 0.1758 0.3756 -0.9099
vn 0.1758 0.3756 -0.9099
vn 0.9749 -0.2225 0.0000
vn 0.9749 -0.2225 0.0000
vn 0.9749 -0.2225 0.0000
vn 0.3940 -0.0722 -0.9163
vn 0.3940 -0.0722 -0.9163
vn 0.3940 -0.0722 -0.9163
vn -0.4339 -0.9010 -0.0000
vn -0.4339 -0.9010 -0.0000
vn -0.4339 -0.9010 -0.0000
vn 0.1984 -0.4478 -0.8718
vn 0.1984 -0.4478 -0.8718
vn 0.1984 -0.4478 -0.8718
vn 0.4339 0.9010 0.0000
vn 0.4339 0.9010 0.0000
vn 0.4339 0.9010 0.0000
vn 0.5209 -0.8519 0.0543
vn 0.5209 -0.8519 0.0543
vn 0.5209 -0.8519 0.0543
vn 0.4671 -0.0419 0.8832
vn 0.4671 -0.0419 0.8832
vn 0.4671 -0.0419 0.8832
vn 0.6970 -0.7025 -0.1441
vn 0.6970 -0.7025 -0.1441
vn 0.6970 -0.7025 -0.1441
vn 0.9972 -0.0449 0.0594
vn 0.9972 -0.0449 0.0594
vn 0.9972 -0.0449 0.0594
vn 0.3445 -0.2571 0.9029
vn 0.3445 -0.2571 0.9029
vn 0.3445 -0.2571 0.9029
vn -0.1967 -0.9682 -0.1544
vn -0.1967 -0.9682 -0.1544
vn -0.1967 -0.9682 -0.1544
vn -0.0582 -0.3595 0.9313
vn -0.0582 -0.3595 0.9313
vn -0.0582 -0.3595 0.9313
vn -0.7818 -0.6235 0.0000
vn -0.7818 -0.6235 0.0000
vn -0.7818 -0.6235 0.0000
vn 0.0129 0.3919 0.9199
vn 0.0129 0.3919 0.9199
vn 0.0129 0.3919 0.9199
vn 0.7818 0.6235 0.0000
vn 0.7818 0.6235 0.0000
vn 0.7818 0.6235 0.0000
vn -0.3747 -0.0905 0.9227
vn -0.3747 -0.0905 0.9227
vn -0.3747 -0.0905 0.9227
vn -0.9283 0.3707 -0.0284
vn -0.9283 0.3707 -0.0284
vn -0.9283 0.3707 -0.0284
vn 0.7818 0.6235 0.0000
vn 0.7818 0.6235 0.0000
vn 0.7818 0.6235 0.0000
vn -0.0582 0.4646 -0.8836
vn -0.0582 0.4646 -0.8836
vn -0.0582 0.4646 -0.8836
vn -0.9055 -0.4237 -0.0226
vn -0.9055 -0.4237 -0.0226
vn -0.9055 -0.4237 -0.0226
vn -0.0130 -0.4945 -0.8691
vn -0.0130 -0.4945 -0.8691
vn -0.0130 -0.4945 -0.8691
vn -0.9314 -0.3535 -0.0866
vn -0.9314 -0.3535 -0.0866
vn -0.9314 -0.3535 -0.0866
vn -0.1189 -0.9892 -0.0857
vn -0.1189 -0.9892 -0.0857
vn -0.1189 -0.9892 -0.0857
vn 0.7818 -0.6235 0.0000
vn 0.7818 -0.6235 0.0000
vn 0.7818 -0.6235 0.0000
vn -0.7818 -0.6235 0.0000
vn -0.7818 -0.6235 0.0000
vn -0.7818 -0.6235 0.0000
vn -0.7818 0.6235 0.0000
vn -0.7818 0.6235 0.0000
vn -0.7818 0.6235 0.0000
vn -0.3991 0.1286 -0.9078
vn -0.3991 0.1286 -0.9078
vn -0.3991 0.1286 -0.9078
vn 0.9771 0.1642 -0.1356
vn 0.9771 0.1642 -0.1356
vn 0.9771 0.1642 -0.1356
vn 0.9988 -0.0348 0.0357
vn 0.9988 -0.0348 0.0357
vn 0.9988 -0.0348 0.0357
vn -0.4378 -0.3662 -0.8211
vn -0.4378 -0.3662 -0.8211
vn -0.4378 -0.3662 -0.8211
vn -0.8574 0.5130 -0.0405
vn -0.8574 0.5130 -0.0405
vn -0.8574 0.5130 -0.0405
vn -0.0931 0.3977 0.9128
vn -0.0931 0.3977 0.9128
vn -0.0931 0.3977 0.9128
vn -0.9749 0.2225 0.0000
vn -0.9749 0.2225 0.0000
vn -0.9749 0.2225 0.0000
vn 0.2862 0.4186 0.8619
vn 0.2862 0.4186 0.8619
vn 0.2862 0.4186 0.8619
vn 0.9973 -0.0208 0.0711
vn 0.9973 -0.0208 0.0711
vn 0.9973 -0.0208 0.0711
vn 0.1944 0.2783 -0.9406
vn 0.1944 0.2783 -0.9406
vn 0.1944 0.2783 -0.9406
vn -0.1923 0.3427 -0.9196
vn -0.1923 0.3427 -0.9196
vn -0.1923 0.3427 -0.9196
vn -0.9749 0.2225 0.0000
vn -0.9749 0.2225 0.0000
vn -0.9749 0.2225 0.0000
vn -0.4339 0.9010 0.0000
vn -0.4339 0.9010 0.0000
vn -0.4339 0.9010 0.0000
vn 0.3532 -0.0190 -0.9353
vn 0.3532 -0.0190 -0.9353
vn 0.3532 -0.0190 -0.9353
vn 0.4820 -0.8759 0.0198
vn 0.4820 -0.8759 0.0198
vn 0.4820 -0.8759 0.0198
vn 0.2551 -0.2142 0.9429
vn 0.2551 -0.2142 0.9429
vn 0.2551 -0.2142 0.9429
vn -0.2498 -0.3209 0.9136
vn -0.2498 -0.3209 0.9136
vn -0.2498 -0.3209 0.9136
vn -0.7818 0.6235 0.0000
vn -0.7818 0.6235 0.0000
vn -0.7818 0.6235 0.0000
vn 0.7818 -0.6235 0.0000
vn 0.7818 -0.6235 0.0000
vn 0.7818 -0.6235 0.0000
vn -0.4339 -0.9010 -0.0000
vn -0.4339 -0.9010 -0.0000
vn -0.4339 -0.9010 -0.0000
vn 0.6644 -0.7244 -0.1837
vn 0.6644 -0.7244 -0.1837
vn 0.6644 -0.7244 -0.1837
vn -0.3826 -0.9078 -0.1720
vn -0.3826 -0.9078 -0.1720
vn -0.3826 -0.9078 -0.1720
vn 0.9749 0.2225 0.0000
vn 0.9749 0.2225 0.0000
vn 0.9749 0.2225 0.0000
vn 0.1718 -0.4845 -0.8577
vn 0.1718 -0.4845 -0.8577
vn 0.1718 -0.4845 -0.8577
vn 0.4339 0.9010 0.0000
vn 0.4339 0.9010 0.0000
vn 0.4339 0.9010 0.0000
vn 0.9991 0.0369 0.0214
vn 0.9991 0.0369 0.0214
vn 0.9991 0.0369 0.0214
vn 0.4792 0.0354 0.8770
vn 0.4792 0.0354 0.8770
vn 0.4792 0.0354 0.8770
vn 0.4339 0.9010 -0.0000
vn 0.4339 0.9010 -0.0000
vn 0.4339 0.9010 -0.0000
vn 0.6026 0.7936 0.0836
vn 0.6026 0.7936 0.0836
vn 0.6026 0.7936 0.0836
vn 0.9749 -0.2225 0.0000
vn 0.9749 -0.2225 0.0000
vn 0.9749 -0.2225 0.0000
vn 0.5909 0.8036 0.0704
vn 0.5909 0.8036 0.0704
vn 0.5909 0.8036 0.0704
vn -0.3354 0.9389 0.0774
vn -0.3354 0.9389 0.0774
vn -0.3354 0.9389 0.0774
vn -0.2248 0.9741 -0.0224
vn -0.2248 0.9741 -0.0224
vn -0.2248 0.9741 -0.0224
vn -0.3952 -0.3371 0.8545
vn -0.3952 -0.3371 0.8545
vn -0.3952 -0.3371 0.8545
vn -0.3016 0.2370 0.9235
vn -0.3016 0.2370 0.9235
vn -0.3016 0.2370 0.9235
vn -0.0000 1.0000 0.0000
vn -0.0000 1.0000 0.0000
vn -0.0000 1.0000 0.0000
vn -0.3312 0.2295 -0.9152
vn -0.3312 0.2295 -0.9152
vn -0.3312 0.2295 -0.9152
vn -0.8681 0.4958 -0.0231
vn -0.8681 0.4958 -0.0231
vn -0.8681 0.4958 -0.0231
vn -0.8358 -0.5476 -0.0395
vn -0.8358 -0.5476 -0.0395
vn -0.8358 -0.5476 -0.0395
vn -0.1533 -0.5645 -0.8111
vn -0.1533 -0.5645 -0.8111
vn -0.1533 -0.5645 -0.8111
vn -0.8301 -0.5555 -0.0479
vn -0.8301 -0.5555 -0.0479
vn -0.8301 -0.5555 -0.0479
vn -0.2452 -0.9684 -0.0458
vn -0.2452 -0.9684 -0.0458
vn -0.2452 -0.9684 -0.0458
vn 0.7818 -0.6235 0.0000
vn 0.7818 -0.6235 0.0000
vn 0.7818 -0.6235 0.0000
vn -0.7818 0.6235 0.0000
vn -0.7818 0.6235 0.0000
vn -0.7818 0.6235 0.0000
vn 0.0000 1.0000 0.0000
vn 0.0000 1.0000 0.0000
vn 0.0000 1.0000 0.0000
vn -0.0000 -1.0000 -0.0000
vn -0.0000 -1.0000 -0.0000
vn -0.0000 -1.0000 -0.0000
vn -0.8336 0.5497 0.0543
vn -0.8336 0.5497 0.0543
vn -0.8336 0.5497 0.0543
vn -0.8418 -0.5351 0.0706
vn -0.8418 -0.5351 0.0706
vn -0.8418 -0.5351 0.0706
vn 0.7818 -0.6235 0.0000
vn 0.7818 -0.6235 0.0000
vn 0.7818 -0.6235 0.0000
vn -0.4339 -0.9010 -0.0000
vn -0.4339 -0.9010 -0.0000
vn -0.4339 -0.9010 -0.0000
vn 0.4339 0.9010 -0.0000
vn 0.4339 0.9010 -0.0000
vn 0.4339 0.9010 -0.0000
vn 0.9749 -0.2225 0.0000
vn 0.9749 -0.2225 0.0000
vn 0.9749 -0.2225 0.0000
vn -0.9749 0.2225 0.0000
vn -0.9749 0.2225 0.0000
vn -0.9749 0.2225 0.0000
vn -0.7818 -0.6235 0.0000
vn -0.7818 -0.6235 0.0000
vn -0.7818 -0.6235 0.0000
vn 0.7272 0.6627 0.1790
vn 0.7272 0.6627 0.1790
vn 0.7272 0.6627 0.1790
vn 0.9749 -0.2225 0.0000
vn 0.9749 -0.2225 0.0000
vn 0.9749 -0.2225 0.0000
vn -0.9749 0.2225 0.0000
vn -0.9749 0.2225 0.0000
vn -0.9749 0.2225 0.0000
vn 0.4339 -0.9010 0.0000
vn 0.4339 -0.9010 0.0000
vn 0.4339 -0.9010 0.0000
vn 0.3808 -0.2417 -0.8925
vn 0.3808 -0.2417 -0.8925
vn 0.3808 -0.2417 -0.8925
vn 0.7377 -0.6750 0.0104
vn 0.7377 -0.6750 0.0104
vn 0.7377 -0.6750 0.0104
vn 0.9749 0.2225 0.0000
vn 0.9749 0.2225 0.0000
vn 0.9749 0.2225 0.0000
vn 0.9984 0.0528 0.0186
vn 0.9984 0.0528 0.0186
vn 0.9984 0.0528 0.0186
vn 0.5052 0.0527 -0.8614
vn 0.5052 0.0527 -0.8614
vn 0.5052 0.0527 -0.8614
vn 0.4382 0.2733 -0.8563
vn 0.4382 0.2733 -0.8563
vn 0.4382 0.2733 -0.8563
vn 0.1400 0.5329 0.8345
vn 0.1400 0.5329 0.8345
vn 0.1400 0.5329 0.8345
vn 0.5969 0.8021 0.0178
vn 0.5969 0.8021 0.0178
vn 0.5969 0.8021 0.0178
vn 0.2788 0.4014 0.8724
vn 0.2788 0.4014 0.8724
vn 0.2788 0.4014 0.8724
vn 0.4051 0.1686 0.8986
vn 0.4051 0.1686 0.8986
vn 0.4051 0.1686 0.8986
vn 0.6454 -0.7577 -0.0970
vn 0.6454 -0.7577 -0.0970
vn 0.6454 -0.7577 -0.0970
vn 0.9811 0.1732 -0.0862
vn 0.9811 0.1732 -0.0862
vn 0.9811 0.1732 -0.0862
vn 0.2414 -0.2547 0.9364
vn 0.2414 -0.2547 0.9364
vn 0.2414 -0.2547 0.9364
vn -0.4653 -0.8851 0.0096
vn -0.4653 -0.8851 0.0096
vn -0.4653 -0.8851 0.0096
vn -0.7818 0.6235 0.0000
vn -0.7818 0.6235 0.0000
vn -0.7818 0.6235 0.0000
vn -0.3310 -0.3636 0.8707
vn -0.3310 -0.3636 0.8707
vn -0.3310 -0.3636 0.8707
vn -0.4009 -0.9133 0.0721
vn -0.4009 -0.9133 0.0721
vn -0.4009 -0.9133 0.0721
vn -0.4238 0.0369 0.9050
vn -0.4238 0.0369 0.9050
vn -0.4238 0.0369 0.9050
vn -0.4022 -0.3172 0.8589
vn -0.4022 -0.3172 0.8589
vn -0.4022 -0.3172 0.8589
vn -0.9387 0.2914 -0.1842
vn -0.9387 0.2914 -0.1842
vn -0.9387 0.2914 -0.1842
vn -0.3868 0.9051 0.1765
vn -0.3868 0.9051 0.1765
vn -0.3868 0.9051 0.1765
vn 0.0110 0.9849 -0.1729
vn 0.0110 0.9849 -0.1729
vn 0.0110 0.9849 -0.1729
vn -0.2664 0.3483 -0.8987
vn -0.2664 0.3483 -0.8987
vn -0.2664 0.3483 -0.8987
vn -0.3256 0.2998 -0.8967
vn -0.3256 0.2998 -0.8967
vn -0.3256 0.2998 -0.8967
vn -0.8520 -0.5207 0.0555
vn -0.8520 -0.5207 0.0555
vn -0.8520 -0.5207 0.0555
vn 0.0000 1.0000 0.0000
vn 0.0000 1.0000 0.0000
vn 0.0000 1.0000 0.0000
vn -0.9749 -0.2225 -0.0000
vn -0.9749 -0.2225 -0.0000
vn -0.9749 -0.2225 -0.0000
vn -0.3129 -0.2544 -0.9151
vn -0.3129 -0.2544 -0.9151
vn -0.3129 -0.2544 -0.9151
vn -0.2484 -0.3077 -0.9185
vn -0.2484 -0.3077 -0.9185
vn -0.2484 -0.3077 -0.9185
vn -0.3020 -0.1220 -0.9455
vn -0.3020 -0.1220 -0.9455
vn -0.3020 -0.1220 -0.9455
vn -0.8902 0.4393 0.1209
vn -0.8902 0.4393 0.1209
vn -0.8902 0.4393 0.1209
vn -0.1347 0.3440 -0.9292
vn -0.1347 0.3440 -0.9292
vn -0.1347 0.3440 -0.9292
vn 0.9749 -0.2225 0.0000
vn 0.9749 -0.2225 0.0000
vn 0.9749 -0.2225 0.0000
vn 0.4339 -0.9010 0.0000
vn 0.4339 -0.9010 0.0000
vn 0.4339 -0.9010 0.0000
vn 0.6003 0.7693 -0.2186
vn 0.6003 0.7693 -0.2186
vn 0.6003 0.7693 -0.2186
vn -0.4339 0.9010 0.0000
vn -0.4339 0.9010 0.0000
vn -0.4339 0.9010 0.0000
vn 0.4598 -0.1673 0.8721
vn 0.4598 -0.1673 0.8721
vn 0.4598 -0.1673 0.8721
vn 0.3540 -0.2374 0.9046
vn 0.3540 -0.2374 0.9046
vn 0.3540 -0.2374 0.9046
vn -0.2424 -0.9580 -0.1532
vn -0.2424 -0.9580 -0.1532
vn -0.2424 -0.9580 -0.1532
vn -0.3745 -0.2109 0.9029
vn -0.3745 -0.2109 0.9029
vn -0.3745 -0.2109 0.9029
vn 0.0000 -1.0000 0.0000
vn 0.0000 -1.0000 0.0000
vn 0.0000 -1.0000 0.0000
vn -0.0000 1.0000 0.0000
vn -0.0000 1.0000 0.0000
vn -0.0000 1.0000 0.0000
vn -0.9749 -0.2225 -0.0000
vn -0.9749 -0.2225 -0.0000
vn -0.9749 -0.2225 -0.0000
vn -0.1034 -0.3510 0.9307
vn -0.1034 -0.3510 0.9307
vn -0.1034 -0.3510 0.9307
vn 0.7818 -0.6235 0.0000
vn 0.7818 -0.6235 0.0000
vn 0.7818 -0.6235 0.0000
vn 0.4951 -0.8636 0.0951
vn 0.4951 -0.8636 0.0951
vn 0.4951 -0.8636 0.0951
vn 0.7112 -0.6880 -0.1443
vn 0.7112 -0.6880 -0.1443
vn 0.7112 -0.6880 -0.1443
vn -0.4339 -0.9010 -0.0000
vn -0.4339 -0.9010 -0.0000
vn -0.4339 -0.9010 -0.0000
vn 0.4339 -0.9010 0.0000
vn 0.4339 -0.9010 0.0000
vn 0.4339 -0.9010 0.0000
vn 0.2532 0.3354 0.9074
vn 0.2532 0.3354 0.9074
vn 0.2532 0.3354 0.9074
vn 0.9771 0.1914 0.0924
vn 0.9771 0.1914 0.0924
vn 0.9771 0.1914 0.0924
vn 0.9678 -0.1509 -0.2015
vn 0.9678 -0.1509 -0.2015
vn 0.9678 -0.1509 -0.2015
vn 0.1525 -0.4340 -0.8879
vn 0.1525 -0.4340 -0.8879
vn 0.1525 -0.4340 -0.8879
vn 0.4485 0.1938 -0.8725
vn 0.4485 0.1938 -0.8725
vn 0.4485 0.1938 -0.8725
vn 0.9749 0.2225 0.0000
vn 0.9749 0.2225 0.0000
vn 0.9749 0.2225 0.0000
vn 0.7951 0.6064 0.0012
vn 0.7951 0.6064 0.0012
vn 0.7951 0.6064 0.0012
vn 0.4681 0.2097 -0.8584
vn 0.4681 0.2097 -0.8584
vn 0.4681 0.2097 -0.8584
vn -0.9749 0.2225 0.0000
vn -0.9749 0.2225 0.0000
vn -0.9749 0.2225 0.0000
vn -0.2984 0.4360 0.8490
vn -0.2984 0.4360 0.8490
vn -0.2984 0.4360 0.8490
vn -0.2760 0.9532 0.1234
vn -0.2760 0.9532 0.1234
vn -0.2760 0.9532 0.1234
vn 0.7818 0.6235 0.0000
vn 0.7818 0.6235 0.0000
vn 0.7818 0.6235 0.0000
vn -0.3807 0.3803 0.8429
vn -0.3807 0.3803 0.8429
vn -0.3807 0.3803 0.8429
vn -0.4101 0.9121 0.0012
vn -0.4101 0.9121 0.0012
vn -0.4101 0.9121 0.0012
vn -0.8877 -0.4597 -0.0256
vn -0.8877 -0.4597 -0.0256
vn -0.8877 -0.4597 -0.0256
vn -0.8104 0.5855 -0.0234
vn -0.8104 0.5855 -0.0234
vn -0.8104 0.5855 -0.0234
vn -0.9111 -0.4116 0.0204
vn -0.9111 -0.4116 0.0204
vn -0.9111 -0.4116 0.0204
vn -0.0474 -0.9987 0.0186
vn -0.0474 -0.9987 0.0186
vn -0.0474 -0.9987 0.0186
vn 0.0592 -0.5384 -0.8406
vn 0.0592 -0.5384 -0.8406
vn 0.0592 -0.5384 -0.8406
vn -0.7818 -0.6235 0.0000
vn -0.7818 -0.6235 0.0000
vn -0.7818 -0.6235 0.0000
vn -0.7818 0.6235 0.0000
vn -0.7818 0.6235 0.0000
vn -0.7818 0.6235 0.0000
vn -0.3006 0.1547 -0.9411
vn -0.3006 0.1547 -0.9411
vn -0.3006 0.1547 -0.9411
vn -0.3805 -0.2067 -0.9014
vn -0.3805 -0.2067 -0.9014
vn -0.3805 -0.2067 -0.9014
vn -0.9246 0.3779 0.0469
vn -0.9246 0.3779 0.0469
vn -0.9246 0.3779 0.0469
vn -0.3474 0.0896 0.9334
vn -0.3474 0.0896 0.9334
vn -0.3474 0.0896 0.9334
vn -0.7818 0.6235 0.0000
vn -0.7818 0.6235 0.0000
vn -0.7818 0.6235 0.0000
vn -0.9749 -0.2225 -0.0000
vn -0.9749 -0.2225 -0.0000
vn -0.9749 -0.2225 -0.0000
vn -0.4339 -0.9010 -0.0000
vn -0.4339 -0.9010 -0.0000
vn -0.4339 -0.9010 -0.0000
vn 0.4339 0.9010 -0.0000
vn 0.4339 0.9010 -0.0000
vn 0.4339 0.9010 -0.0000
vn 0.9749 -0.2225 0.0000
vn 0.9749 -0.2225 0.0000
vn 0.9749 -0.2225 0.0000
vn -0.9749 0.2225 0.0000
vn -0.9749 0.2225 0.0000
vn -0.9749 0.2225 0.0000
vn 0.6567 0.7312 -0.1847
vn 0.6567 0.7312 -0.1847
vn 0.6567 0.7312 -0.1847
vn 0.9983 -0.0451 0.0365
vn 0.9983 -0.0451 0.0365
vn 0.9983 -0.0451 0.0365
vn 0.4339 -0.9010 0.0000
vn 0.4339 -0.9010 0.0000
vn 0.4339 -0.9010 0.0000
vn 0.9749 0.2225 0.0000
vn 0.9749 0.2225 0.0000
vn 0.9749 0.2225 0.0000
vn -0.9749 -0.2225 -0.0000
vn -0.9749 -0.2225 -0.0000
vn -0.9749 -0.2225 -0.0000
vn -0.4339 0.9010 0.0000
vn -0.4339 0.9010 0.0000
vn -0.4339 0.9010 0.0000
vn 0.2566 -0.3919 -0.8835
vn 0.2566 -0.3919 -0.8835
vn 0.2566 -0.3919 -0.8835
vn 0.4330 -0.0432 -0.9004
vn 0.4330 -0.0432 -0.9004
vn 0.4330 -0.0432 -0.9004
vn 0.4584 0.8881 0.0331
vn 0.4584 0.8881 0.0331
vn 0.4584 0.8881 0.0331
vn 0.1454 0.4940 -0.8572
vn 0.1454 0.4940 -0.8572
vn 0.1454 0.4940 -0.8572
vn 0.3013 0.2813 0.9111
vn 0.3013 0.2813 0.9111
vn 0.3013 0.2813 0.9111
vn 0.4086 0.0582 0.9109
vn 0.4086 0.0582 0.9109
vn 0.4086 0.0582 0.9109
vn 0.9966 0.0612 -0.0551
vn 0.9966 0.0612 -0.0551
vn 0.9966 0.0612 -0.0551
vn 0.5198 -0.8526 -0.0530
vn 0.5198 -0.8526 -0.0530
vn 0.5198 -0.8526 -0.0530
vn 0.2210 -0.4838 0.8468
vn 0.2210 -0.4838 0.8468
vn 0.2210 -0.4838 0.8468
vn 0.5876 -0.8090 0.0164
vn 0.5876 -0.8090 0.0164
vn 0.5876 -0.8090 0.0164
vn -0.2356 -0.9717 0.0160
vn -0.2356 -0.9717 0.0160
vn -0.2356 -0.9717 0.0160
vn -0.1355 -0.5325 0.8355
vn -0.1355 -0.5325 0.8355
vn -0.1355 -0.5325 0.8355
vn -0.7818 -0.6235 0.0000
vn -0.7818 -0.6235 0.0000
vn -0.7818 -0.6235 0.0000
vn -0.0830 0.3693 0.9256
vn -0.0830 0.3693 0.9256
vn -0.0830 0.3693 0.9256
vn -0.2172 0.9574 -0.1903
vn -0.2172 0.9574 -0.1903
vn -0.2172 0.9574 -0.1903
vn -0.3393 -0.2318 0.9117
vn -0.3393 -0.2318 0.9117
vn -0.3393 -0.2318 0.9117
vn -0.9328 0.3592 0.0293
vn -0.9328 0.3592 0.0293
vn -0.9328 0.3592 0.0293
vn -0.7818 -0.6235 0.0000
vn -0.7818 -0.6235 0.0000
vn -0.7818 -0.6235 0.0000
vn 0.0278 0.9993 0.0260
vn 0.0278 0.9993 0.0260
vn 0.0278 0.9993 0.0260
vn 0.1371 0.4961 -0.8574
vn 0.1371 0.4961 -0.8574
vn 0.1371 0.4961 -0.8574
vn -0.3664 0.1143 -0.9234
vn -0.3664 0.1143 -0.9234
vn -0.3664 0.1143 -0.9234
vn -0.8682 -0.4943 0.0441
vn -0.8682 -0.4943 0.0441
vn -0.8682 -0.4943 0.0441
vn -0.8883 -0.4515 0.0848
vn -0.8883 -0.4515 0.0848
vn -0.8883 -0.4515 0.0848
vn -0.1604 -0.9837 0.0812
vn -0.1604 -0.9837 0.0812
vn -0.1604 -0.9837 0.0812
vn -0.0451 -0.4853 -0.8732
vn -0.0451 -0.4853 -0.8732
vn -0.0451 -0.4853 -0.8732
vn -0.7818 0.6235 0.0000
vn -0.7818 0.6235 0.0000
vn -0.7818 0.6235 0.0000
vn 0.0000 1.0000 0.0000
vn 0.0000 1.0000 0.0000
vn 0.0000 1.0000 0.0000
vn -0.0000 -1.0000 -0.0000
vn -0.0000 -1.0000 -0.0000
vn -0.0000 -1.0000 -0.0000
vn -0.8125 0.5829 -0.0044
vn -0.8125 0.5829 -0.0044
vn -0.8125 0.5829 -0.0044
vn -0.1561 0.4922 0.8564
vn -0.1561 0.4922 0.8564
vn -0.1561 0.4922 0.8564
vn 0.7359 0.6738 0.0666
vn 0.7359 0.6738 0.0666
vn 0.7359 0.6738 0.0666
vn -0.1262 0.3835 -0.9149
vn -0.1262 0.3835 -0.9149
vn -0.1262 0.3835 -0.9149
vn -0.9749 0.2225 0.0000
vn -0.9749 0.2225 0.0000
vn -0.9749 0.2225 0.0000
vn 0.9834 0.1814 0.0085
vn 0.9834 0.1814 0.0085
vn 0.9834 0.1814 0.0085
vn -0.4339 -0.9010 -0.0000
vn -0.4339 -0.9010 -0.0000
vn -0.4339 -0.9010 -0.0000
vn -0.0453 -0.3953 -0.9174
vn -0.0453 -0.3953 -0.9174
vn -0.0453 -0.3953 -0.9174
vn -0.1773 -0.9734 0.1453
vn -0.1773 -0.9734 0.1453
vn -0.1773 -0.9734 0.1453
vn 0.7818 -0.6235 0.0000
vn 0.7818 -0.6235 0.0000
vn 0.7818 -0.6235 0.0000
vn 0.9749 0.2225 -0.0000
vn 0.9749 0.2225 -0.0000
vn 0.9749 0.2225 -0.0000
vn 0.4339 -0.9010 0.0000
vn 0.4339 -0.9010 0.0000
vn 0.4339 -0.9010 0.0000
vn -0.2879 -0.4104 0.8653
vn -0.2879 -0.4104 0.8653
vn -0.2879 -0.4104 0.8653
vn -0.4029 -0.9135 -0.0563
vn -0.4029 -0.9135 -0.0563
vn -0.4029 -0.9135 -0.0563
vn 0.2405 -0.3284 -0.9134
vn 0.2405 -0.3284 -0.9134
vn 0.2405 -0.3284 -0.9134
vn 0.4339 0.9010 0.0000
vn 0.4339 0.9010 0.0000
vn 0.4339 0.9010 0.0000
vn 0.6092 -0.7930 0.0094
vn 0.6092 -0.7930 0.0094
vn 0.6092 -0.7930 0.0094
vn 0.3070 -0.2867 0.9075
vn 0.3070 -0.2867 0.9075
vn 0.3070 -0.2867 0.9075
vn 0.4993 0.1721 0.8492
vn 0.4993 0.1721 0.8492
vn 0.4993 0.1721 0.8492
vn 0.6710 -0.7390 -0.0611
vn 0.6710 -0.7390 -0.0611
vn 0.6710 -0.7390 -0.0611
vn 0.4000 0.2545 -0.8805
vn 0.4000 0.2545 -0.8805
vn 0.4000 0.2545 -0.8805
vn 0.9847 0.1741 0.0020
vn 0.9847 0.1741 0.0020
vn 0.9847 0.1741 0.0020
vn 0.5042 0.1810 -0.8444
vn 0.5042 0.1810 -0.8444
vn 0.5042 0.1810 -0.8444
vn -0.4339 0.9010 0.0000
vn -0.4339 0.9010 0.0000
vn -0.4339 0.9010 0.0000
vn 0.6848 0.7287 0.0020
vn 0.6848 0.7287 0.0020
vn 0.6848 0.7287 0.0020
vn -0.2602 0.9629 0.0715
vn -0.2602 0.9629 0.0715
vn -0.2602 0.9629 0.0715
vn 0.3922 0.3614 0.8459
vn 0.3922 0.3614 0.8459
vn 0.3922 0.3614 0.8459
vn -0.4339 0.9010 0.0000
vn -0.4339 0.9010 0.0000
vn -0.4339 0.9010 0.0000
vn 0.7818 0.6235 0.0000
vn 0.7818 0.6235 0.0000
vn 0.7818 0.6235 0.0000
vn -0.2651 0.9612 0.0759
vn -0.2651 0.9612 0.0759
vn -0.2651 0.9612 0.0759
vn -0.4071 -0.3854 0.8281
vn -0.4071 -0.3854 0.8281
vn -0.4071 -0.3854 0.8281
vn -0.3647 0.3641 0.8570
vn -0.3647 0.3641 0.8570
vn -0.3647 0.3641 0.8570
vn 0.0000 -1.0000 0.0000
vn 0.0000 -1.0000 0.0000
vn 0.0000 -1.0000 0.0000
vn -0.0000 1.0000 0.0000
vn -0.0000 1.0000 0.0000
vn -0.0000 1.0000 0.0000
vn -0.3149 0.2354 -0.9195
vn -0.3149 0.2354 -0.9195
vn -0.3149 0.2354 -0.9195
vn -0.8946 -0.4216 0.1480
vn -0.8946 -0.4216 0.1480
vn -0.8946 -0.4216 0.1480
vn -0.8608 0.5030 0.0770
vn -0.8608 0.5030 0.0770
vn -0.8608 0.5030 0.0770
vn -0.8151 -0.5792 -0.0044
vn -0.8151 -0.5792 -0.0044
vn -0.8151 -0.5792 -0.0044
vn 0.0000 1.0000 0.0000
vn 0.0000 1.0000 0.0000
vn 0.0000 1.0000 0.0000
vn 0.7818 -0.6235 0.0000
vn 0.7818 -0.6235 0.0000
vn 0.7818 -0.6235 0.0000
vn -0.3478 -0.1584 -0.9241
vn -0.3478 -0.1584 -0.9241
vn -0.3478 -0.1584 -0.9241
vn -0.0000 -1.0000 -0.0000
vn -0.0000 -1.0000 -0.0000
vn -0.0000 -1.0000 -0.0000
vn -0.7818 -0.6235 0.0000
vn -0.7818 -0.6235 0.0000
vn -0.7818 -0.6235 0.0000
vn -0.9749 0.2225 0.0000
vn -0.9749 0.2225 0.0000
vn -0.9749 0.2225 0.0000
vn -0.4339 0.9010 0.0000
vn -0.4339 0.9010 0.0000
vn -0.4339 0.9010 0.0000
vn 0.6171 0.7852 -0.0515
vn 0.6171 0.7852 -0.0515
vn 0.6171 0.7852 -0.0515
vn -0.4339 0.9010 0.0000
vn -0.4339 0.9010 0.0000
vn -0.4339 0.9010 0.0000
vn 0.4339 0.9010 -0.0000
vn 0.4339 0.9010 -0.0000
vn 0.4339 0.9010 -0.0000
vn 0.2338 -0.4910 0.8392
vn 0.2338 -0.4910 0.8392
vn 0.2338 -0.4910 0.8392
vn -0.1537 -0.5147 0.8435
vn -0.1537 -0.5147 0.8435
vn -0.1537 -0.5147 0.8435
vn -0.1016 -0.9834 0.1506
vn -0.1016 -0.9834 0.1506
vn -0.1016 -0.9834 0.1506
vn 0.2343 -0.3533 -0.9057
vn 0.2343 -0.3533 -0.9057
vn 0.2343 -0.3533 -0.9057
vn 0.9749 0.2225 0.0000
vn 0.9749 0.2225 0.0000
vn 0.9749 0.2225 0.0000
vn -0.3308 -0.3866 0.8609
vn -0.3308 -0.3866 0.8609
vn -0.3308 -0.3866 0.8609
vn -0.3261 0.2601 0.9088
vn -0.3261 0.2601 0.9088
vn -0.3261 0.2601 0.9088
vn -0.0000 1.0000 0.0000
vn -0.0000 1.0000 0.0000
vn -0.0000 1.0000 0.0000
vn 0.0000 -1.0000 0.0000
vn 0.0000 -1.0000 0.0000
vn 0.0000 -1.0000 0.0000
vn -0.2569 -0.9663 0.0179
vn -0.2569 -0.9663 0.0179
vn -0.2569 -0.9663 0.0179
vn 0.5920 -0.8057 0.0185
vn 0.5920 -0.8057 0.0185
vn 0.5920 -0.8057 0.0185
vn -0.9749 -0.2225 -0.0000
vn -0.9749 -0.2225 -0.0000
vn -0.9749 -0.2225 -0.0000
vn -0.4339 -0.9010 -0.0000
vn -0.4339 -0.9010 -0.0000
vn -0.4339 -0.9010 -0.0000
vn 0.5253 -0.8494 -0.0502
vn 0.5253 -0.8494 -0.0502
vn 0.5253 -0.8494 -0.0502
vn 0.7818 0.6235 0.0000
vn 0.7818 0.6235 0.0000
vn 0.7818 0.6235 0.0000
vn 0.4308 -0.0197 0.9022
vn 0.4308 -0.0197 0.9022
vn 0.4308 -0.0197 0.9022
vn 0.2038 0.2656 0.9423
vn 0.2038 0.2656 0.9423
vn 0.2038 0.2656 0.9423
vn -0.1287 0.3382 0.9322
vn -0.1287 0.3382 0.9322
vn -0.1287 0.3382 0.9322
vn 0.9982 -0.0240 -0.0543
vn 0.9982 -0.0240 -0.0543
vn 0.9982 -0.0240 -0.0543
vn 0.4339 -0.9010 0.0000
vn 0.4339 -0.9010 0.0000
vn 0.4339 -0.9010 0.0000
vn 0.9985 -0.0204 -0.0512
vn 0.9985 -0.0204 -0.0512
vn 0.9985 -0.0204 -0.0512
vn 0.3990 -0.0213 -0.9167
vn 0.3990 -0.0213 -0.9167
vn 0.3990 -0.0213 -0.9167
vn 0.6553 0.7553 -0.0098
vn 0.6553 0.7553 -0.0098
vn 0.6553 0.7553 -0.0098
vn 0.3375 0.3586 -0.8703
vn 0.3375 0.3586 -0.8703
vn 0.3375 0.3586 -0.8703
vn -0.2853 0.9584 -0.0097
vn -0.2853 0.9584 -0.0097
vn -0.2853 0.9584 -0.0097
vn -0.2771 0.9607 -0.0170
vn -0.2771 0.9607 -0.0170
vn -0.2771 0.9607 -0.0170
vn -0.1545 0.4052 -0.9011
vn -0.1545 0.4052 -0.9011
vn -0.1545 0.4052 -0.9011
vn -0.4958 0.1036 -0.8623
vn -0.4958 0.1036 -0.8623
vn -0.4958 0.1036 -0.8623
vn -0.9749 -0.2225 -0.0000
vn -0.9749 -0.2225 -0.0000
vn -0.9749 -0.2225 -0.0000
vn -0.4653 -0.0023 -0.8852
vn -0.4653 -0.0023 -0.8852
vn -0.4653 -0.0023 -0.8852
vn 0.0303 -0.4088 -0.9121
vn 0.0303 -0.4088 -0.9121
vn 0.0303 -0.4088 -0.9121
vn 0.7818 -0.6235 0.0000
vn 0.7818 -0.6235 0.0000
vn 0.7818 -0.6235 0.0000
vn -0.2062 -0.9693 -0.1342
vn -0.2062 -0.9693 -0.1342
vn -0.2062 -0.9693 -0.1342
vn 0.9749 0.2225 -0.0000
vn 0.9749 0.2225 -0.0000
vn 0.9749 0.2225 -0.0000
vn 0.4339 -0.9010 0.0000
vn 0.4339 -0.9010 0.0000
vn 0.4339 -0.9010 0.0000
vn 0.9749 -0.2225 0.0000
vn 0.9749 -0.2225 0.0000
vn 0.9749 -0.2225 0.0000
vn -0.9749 0.2225 0.0000
vn -0.9749 0.2225 0.0000
vn -0.9749 0.2225 0.0000
vn -0.2999 0.4828 0.8228
vn -0.2999 0.4828 0.8228
vn -0.2999 0.4828 0.8228
vn -0.0965 0.9805 0.1714
vn -0.0965 0.9805 0.1714
vn -0.0965 0.9805 0.1714
vn 0.7818 0.6235 0.0000
vn 0.7818 0.6235 0.0000
vn 0.7818 0.6235 0.0000
vn -0.4339 0.9010 0.0000
vn -0.4339 0.9010 0.0000
vn -0.4339 0.9010 0.0000
vn 0.4339 -0.9010 0.0000
vn 0.4339 -0.9010 0.0000
vn 0.4339 -0.9010 0.0000
vn 0.3698 -0.2587 -0.8924
vn 0.3698 -0.2587 -0.8924
vn 0.3698 -0.2587 -0.8924
vn 0.4847 0.0003 -0.8747
vn 0.4847 0.0003 -0.8747
vn 0.4847 0.0003 -0.8747
vn 0.2443 0.3871 -0.8891
vn 0.2443 0.3871 -0.8891
vn 0.2443 0.3871 -0.8891
vn 0.0330 0.4396 -0.8976
vn 0.0330 0.4396 -0.8976
vn 0.0330 0.4396 -0.8976
vn -0.3872 0.9181 -0.0841
vn -0.3872 0.9181 -0.0841
vn -0.3872 0.9181 -0.0841
vn 0.7095 0.6993 -0.0873
vn 0.7095 0.6993 -0.0873
vn 0.7095 0.6993 -0.0873
vn 0.9982 0.0003 0.0604
vn 0.9982 0.0003 0.0604
vn 0.9982 0.0003 0.0604
vn 0.4295 0.3363 0.8381
vn 0.4295 0.3363 0.8381
vn 0.4295 0.3363 0.8381
vn 0.9947 0.0998 -0.0255
vn 0.9947 0.0998 -0.0255
vn 0.9947 0.0998 -0.0255
vn 0.5817 0.8112 0.0588
vn 0.5817 0.8112 0.0588
vn 0.5817 0.8112 0.0588
vn 0.5378 0.1024 0.8368
vn 0.5378 0.1024 0.8368
vn 0.5378 0.1024 0.8368
vn -0.0862 -0.4464 0.8907
vn -0.0862 -0.4464 0.8907
vn -0.0862 -0.4464 0.8907
vn 0.6584 -0.7522 -0.0274
vn 0.6584 -0.7522 -0.0274
vn 0.6584 -0.7522 -0.0274
vn -0.9749 -0.2225 -0.0000
vn -0.9749 -0.2225 -0.0000
vn -0.9749 -0.2225 -0.0000
vn 0.3393 -0.3526 0.8721
vn 0.3393 -0.3526 0.8721
vn 0.3393 -0.3526 0.8721
vn 0.7206 -0.6917 0.0474
vn 0.7206 -0.6917 0.0474
vn 0.7206 -0.6917 0.0474
vn -0.4058 -0.9129 0.0454
vn -0.4058 -0.9129 0.0454
vn -0.4058 -0.9129 0.0454
vn 0.9749 0.2225 0.0000
vn 0.9749 0.2225 0.0000
vn 0.9749 0.2225 0.0000
vn -0.3001 -0.4382 -0.8473
vn -0.3001 -0.4382 -0.8473
vn -0.3001 -0.4382 -0.8473
vn -0.0000 -1.0000 -0.0000
vn -0.0000 -1.0000 -0.0000
vn -0.0000 -1.0000 -0.0000
vn -0.7818 -0.6235 0.0000
vn -0.7818 -0.6235 0.0000
vn -0.7818 -0.6235 0.0000
vn -0.9749 0.2225 0.0000
vn -0.9749 0.2225 0.0000
vn -0.9749 0.2225 0.0000
vn 0.9749 -0.2225 0.0000
vn 0.9749 -0.2225 0.0000
vn 0.9749 -0.2225 0.0000
vn 0.4481 0.0929 -0.8891
vn 0.4481 0.0929 -0.8891
vn 0.4481 0.0929 -0.8891
vn 0.9885 0.1109 -0.1028
vn 0.9885 0.1109 -0.1028
vn 0.9885 0.1109 -0.1028
vn 0.1164 -0.4602 0.8801
vn 0.1164 -0.4602 0.8801
vn 0.1164 -0.4602 0.8801
vn 0.9749 0.2225 -0.0000
vn 0.9749 0.2225 -0.0000
vn 0.9749 0.2225 -0.0000
vn 0.7818 -0.6235 0.0000
vn 0.7818 -0.6235 0.0000
vn 0.7818 -0.6235 0.0000
vn 0.0000 -1.0000 0.0000
vn 0.0000 -1.0000 0.0000
vn 0.0000 -1.0000 0.0000
vn -0.4448 0.2547 0.8586
vn -0.4448 0.2547 0.8586
vn -0.4448 0.2547 0.8586
vn 0.0094 0.5837 0.8119
vn 0.0094 0.5837 0.8119
vn 0.0094 0.5837 0.8119
vn 0.9749 -0.2225 0.0000
vn 0.9749 -0.2225 0.0000
vn 0.9749 -0.2225 0.0000
vn -0.9749 0.2225 0.0000
vn -0.9749 0.2225 0.0000
vn -0.9749 0.2225 0.0000
vn -0.0000 1.0000 0.0000
vn -0.0000 1.0000 0.0000
vn -0.0000 1.0000 0.0000
vn -0.4211 -0.2629 0.8681
vn -0.4211 -0.2629 0.8681
vn -0.4211 -0.2629 0.8681
vn -0.2079 -0.9758 0.0680
vn -0.2079 -0.9758 0.0680
vn -0.2079 -0.9758 0.0680
vn 0.0182 -0.5580 0.8297
vn 0.0182 -0.5580 0.8297
vn 0.0182 -0.5580 0.8297
vn -0.0869 -0.9955 -0.0380
vn -0.0869 -0.9955 -0.0380
vn -0.0869 -0.9955 -0.0380
vn 0.4015 0.1085 0.9094
vn 0.4015 0.1085 0.9094
vn 0.4015 0.1085 0.9094
vn 0.4339 -0.9010 0.0000
vn 0.4339 -0.9010 0.0000
vn 0.4339 -0.9010 0.0000
vn 0.2968 0.4866 0.8217
vn 0.2968 0.4866 0.8217
vn 0.2968 0.4866 0.8217
vn 0.6176 -0.7836 0.0677
vn 0.6176 -0.7836 0.0677
vn 0.6176 -0.7836 0.0677
vn -0.4339 -0.9010 -0.0000
vn -0.4339 -0.9010 -0.0000
vn -0.4339 -0.9010 -0.0000
vn 0.4558 -0.8848 -0.0970
vn 0.4558 -0.8848 -0.0970
vn 0.4558 -0.8848 -0.0970
vn 0.3101 -0.3983 -0.8633
vn 0.3101 -0.3983 -0.8633
vn 0.3101 -0.3983 -0.8633
vn 0.5683 0.8180 -0.0885
vn 0.5683 0.8180 -0.0885
vn 0.5683 0.8180 -0.0885
vn 0.9901 0.1025 -0.0956
vn 0.9901 0.1025 -0.0956
vn 0.9901 0.1025 -0.0956
vn 0.4339 0.9010 0.0000
vn 0.4339 0.9010 0.0000
vn 0.4339 0.9010 0.0000
vn 0.7380 0.6661 0.1076
vn 0.7380 0.6661 0.1076
vn 0.7380 0.6661 0.1076
vn 0.3866 0.2262 -0.8941
vn 0.3866 0.2262 -0.8941
vn 0.3866 0.2262 -0.8941
vn -0.1778 0.9766 0.1207
vn -0.1778 0.9766 0.1207
vn -0.1778 0.9766 0.1207
vn -0.0859 0.9955 0.0397
vn -0.0859 0.9955 0.0397
vn -0.0859 0.9955 0.0397
vn -0.0528 0.4317 -0.9005
vn -0.0528 0.4317 -0.9005
vn -0.0528 0.4317 -0.9005
vn -0.9253 -0.3771 -0.0398
vn -0.9253 -0.3771 -0.0398
vn -0.9253 -0.3771 -0.0398
vn -0.9609 0.2741 0.0388
vn -0.9609 0.2741 0.0388
vn -0.9609 0.2741 0.0388
vn -0.8696 -0.4748 -0.1357
vn -0.8696 -0.4748 -0.1357
vn -0.8696 -0.4748 -0.1357
vn -0.8774 0.4598 -0.1369
vn -0.8774 0.4598 -0.1369
vn -0.8774 0.4598 -0.1369
vn -0.4804 0.0466 -0.8758
vn -0.4804 0.0466 -0.8758
vn -0.4804 0.0466 -0.8758
vn -0.9749 -0.2225 -0.0000
vn -0.9749 -0.2225 -0.0000
vn -0.9749 -0.2225 -0.0000
vn -0.4185 -0.1384 -0.8976
vn -0.4185 -0.1384 -0.8976
vn -0.4185 -0.1384 -0.8976
vn -0.0800 -0.4133 -0.9071
vn -0.0800 -0.4133 -0.9071
vn -0.0800 -0.4133 -0.9071
vn 0.9749 0.2225 0.0000
vn 0.9749 0.2225 0.0000
vn 0.9749 0.2225 0.0000
vn 0.4339 -0.9010 0.0000
vn 0.4339 -0.9010 0.0000
vn 0.4339 -0.9010 0.0000
vn 0.3398 0.2700 -0.9009
vn 0.3398 0.2700 -0.9009
vn 0.3398 0.2700 -0.9009
vn -0.0939 0.3036 -0.9482
vn -0.0939 0.3036 -0.9482
vn -0.0939 0.3036 -0.9482
vn 0.7456 0.6652 0.0388
vn 0.7456 0.6652 0.0388
vn 0.7456 0.6652 0.0388
vn 0.4398 0.0937 0.8932
vn 0.4398 0.0937 0.8932
vn 0.4398 0.0937 0.8932
vn 0.4339 -0.9010 0.0000
vn 0.4339 -0.9010 0.0000
vn 0.4339 -0.9010 0.0000
vn 0.9888 0.0921 -0.1175
vn 0.9888 0.0921 -0.1175
vn 0.9888 0.0921 -0.1175
vn -0.9749 0.2225 0.0000
vn -0.9749 0.2225 0.0000
vn -0.9749 0.2225 0.0000
vn 0.4120 0.2621 0.8727
vn 0.4120 0.2621 0.8727
vn 0.4120 0.2621 0.8727
vn -0.1279 0.4850 0.8651
vn -0.1279 0.4850 0.8651
vn -0.1279 0.4850 0.8651
vn 0.9749 -0.2225 0.0000
vn 0.9749 -0.2225 0.0000
vn 0.9749 -0.2225 0.0000
vn -0.9749 0.2225 0.0000
vn -0.9749 0.2225 0.0000
vn -0.9749 0.2225 0.0000
vn 0.9852 -0.1469 0.0883
vn 0.9852 -0.1469 0.0883
vn 0.9852 -0.1469 0.0883
vn 0.6940 0.7130 0.1001
vn 0.6940 0.7130 0.1001
vn 0.6940 0.7130 0.1001
vn -0.4339 0.9010 0.0000
vn -0.4339 0.9010 0.0000
vn -0.4339 0.9010 0.0000
vn 0.4206 -0.2543 -0.8709
vn 0.4206 -0.2543 -0.8709
vn 0.4206 -0.2543 -0.8709
vn 0.4701 -0.1502 -0.8697
vn 0.4701 -0.1502 -0.8697
vn 0.4701 -0.1502 -0.8697
vn 0.7818 -0.6235 0.0000
vn 0.7818 -0.6235 0.0000
vn 0.7818 -0.6235 0.0000
vn -0.4339 -0.9010 -0.0000
vn -0.4339 -0.9010 -0.0000
vn -0.4339 -0.9010 -0.0000
vn 0.9962 0.0423 0.0758
vn 0.9962 0.0423 0.0758
vn 0.9962 0.0423 0.0758
vn 0.4339 0.9010 -0.0000
vn 0.4339 0.9010 -0.0000
vn 0.4339 0.9010 -0.0000
vn 0.9749 0.2225 -0.0000
vn 0.9749 0.2225 -0.0000
vn 0.9749 0.2225 -0.0000
vn 0.0507 -0.4889 0.8709
vn 0.0507 -0.4889 0.8709
vn 0.0507 -0.4889 0.8709
vn -0.9749 -0.2225 -0.0000
vn -0.9749 -0.2225 -0.0000
vn -0.9749 -0.2225 -0.0000
vn 0.9749 -0.2225 0.0000
vn 0.9749 -0.2225 0.0000
vn 0.9749 -0.2225 0.0000
vn -0.9749 0.2225 0.0000
vn -0.9749 0.2225 0.0000
vn -0.9749 0.2225 0.0000
vn -0.1170 0.5794 0.8066
vn -0.1170 0.5794 0.8066
vn -0.1170 0.5794 0.8066
vn 0.3001 -0.3839 0.8733
vn 0.3001 -0.3839 0.8733
vn 0.3001 -0.3839 0.8733
vn 0.6196 -0.7847 0.0180
vn 0.6196 -0.7847 0.0180
vn 0.6196 -0.7847 0.0180
vn 0.6130 0.7897 -0.0251
vn 0.6130 0.7897 -0.0251
vn 0.6130 0.7897 -0.0251
vn 0.1905 0.5485 -0.8141
vn 0.1905 0.5485 -0.8141
vn 0.1905 0.5485 -0.8141
vn 0.7818 0.6235 0.0000
vn 0.7818 0.6235 0.0000
vn 0.7818 0.6235 0.0000
vn -0.4339 0.9010 0.0000
vn -0.4339 0.9010 0.0000
vn -0.4339 0.9010 0.0000
vn 0.0708 0.5760 -0.8144
vn 0.0708 0.5760 -0.8144
vn 0.0708 0.5760 -0.8144
vn 0.4539 0.0388 0.8902
vn 0.4539 0.0388 0.8902
vn 0.4539 0.0388 0.8902
vn 0.2853 0.3784 0.8806
vn 0.2853 0.3784 0.8806
vn 0.2853 0.3784 0.8806
vn 0.4722 0.8739 0.1157
vn 0.4722 0.8739 0.1157
vn 0.4722 0.8739 0.1157
vn 0.5003 -0.0194 -0.8656
vn 0.5003 -0.0194 -0.8656
vn 0.5003 -0.0194 -0.8656
vn 0.5649 -0.8218 0.0746
vn 0.5649 -0.8218 0.0746
vn 0.5649 -0.8218 0.0746
vn 0.9917 -0.0181 0.1273
vn 0.9917 -0.0181 0.1273
vn 0.9917 -0.0181 0.1273
vn 0.4339 0.9010 0.0000
vn 0.4339 0.9010 0.0000
vn 0.4339 0.9010 0.0000
vn -0.2268 -0.5215 -0.8226
vn -0.2268 -0.5215 -0.8226
vn -0.2268 -0.5215 -0.8226
vn 0.2539 -0.4353 -0.8638
vn 0.2539 -0.4353 -0.8638
vn 0.2539 -0.4353 -0.8638
vn 0.5894 0.8044 0.0741
vn 0.5894 0.8044 0.0741
vn 0.5894 0.8044 0.0741
vn -0.2278 0.9717 -0.0629
vn -0.2278 0.9717 -0.0629
vn -0.2278 0.9717 -0.0629
vn 0.7174 0.6930 -0.0721
vn 0.7174 0.6930 -0.0721
vn 0.7174 0.6930 -0.0721
vn -0.2433 0.9669 -0.0767
vn -0.2433 0.9669 -0.0767
vn -0.2433 0.9669 -0.0767
vn -0.0000 -1.0000 -0.0000
vn -0.0000 -1.0000 -0.0000
vn -0.0000 -1.0000 -0.0000
vn -0.9103 0.4036 0.0920
vn -0.9103 0.4036 0.0920
vn -0.9103 0.4036 0.0920
vn -0.2414 0.9628 0.1212
vn -0.2414 0.9628 0.1212
vn -0.2414 0.9628 0.1212
vn 0.6475 0.7551 0.1030
vn 0.6475 0.7551 0.1030
vn 0.6475 0.7551 0.1030
vn 0.4484 -0.1323 -0.8840
vn 0.4484 -0.1323 -0.8840
vn 0.4484 -0.1323 -0.8840
vn 0.4060 -0.2969 -0.8643
vn 0.4060 -0.2969 -0.8643
vn 0.4060 -0.2969 -0.8643
vn 0.9749 0.2225 0.0000
vn 0.9749 0.2225 0.0000
vn 0.9749 0.2225 0.0000
vn 0.4339 0.9010 0.0000
vn 0.4339 0.9010 0.0000
vn 0.4339 0.9010 0.0000
vn 0.9869 -0.1311 0.0941
vn 0.9869 -0.1311 0.0941
vn 0.9869 -0.1311 0.0941
vn 0.5290 -0.0827 0.8446
vn 0.5290 -0.0827 0.8446
vn 0.5290 -0.0827 0.8446
vn 0.9749 -0.2225 0.0000
vn 0.9749 -0.2225 0.0000
vn 0.9749 -0.2225 0.0000
vn -0.9749 0.2225 0.0000
vn -0.9749 0.2225 0.0000
vn -0.9749 0.2225 0.0000
vn 0.4339 0.9010 -0.0000
vn 0.4339 0.9010 -0.0000
vn 0.4339 0.9010 -0.0000
vn 0.9749 0.2225 -0.0000
vn 0.9749 0.2225 -0.0000
vn 0.9749 0.2225 -0.0000
vn 0.5139 -0.3146 0.7980
vn 0.5139 -0.3146 0.7980
vn 0.5139 -0.3146 0.7980
vn 0.3848 0.2647 0.8843
vn 0.3848 0.2647 0.8843
vn 0.3848 0.2647 0.8843
vn 0.9950 -0.0846 0.0539
vn 0.9950 -0.0846 0.0539
vn 0.9950 -0.0846 0.0539
vn -0.1043 0.3651 -0.9251
vn -0.1043 0.3651 -0.9251
vn -0.1043 0.3651 -0.9251
vn 0.9749 -0.2225 0.0000
vn 0.9749 -0.2225 0.0000
vn 0.9749 -0.2225 0.0000
vn 0.7292 0.6842 0.0094
vn 0.7292 0.6842 0.0094
vn 0.7292 0.6842 0.0094
vn 0.2667 0.2797 -0.9223
vn 0.2667 0.2797 -0.9223
vn 0.2667 0.2797 -0.9223
vn -0.9749 0.2225 0.0000
vn -0.9749 0.2225 0.0000
vn -0.9749 0.2225 0.0000
vn -0.2277 0.3735 0.8993
vn -0.2277 0.3735 0.8993
vn -0.2277 0.3735 0.8993
vn -0.3665 0.9304 0.0094
vn -0.3665 0.9304 0.0094
vn -0.3665 0.9304 0.0094
vn -0.5654 -0.0717 0.8217
vn -0.5654 -0.0717 0.8217
vn -0.5654 -0.0717 0.8217
vn -0.7818 0.6235 0.0000
vn -0.7818 0.6235 0.0000
vn -0.7818 0.6235 0.0000
vn -0.4476 0.1832 0.8752
vn -0.4476 0.1832 0.8752
vn -0.4476 0.1832 0.8752
vn -0.9640 -0.2659 0.0097
vn -0.9640 -0.2659 0.0097
vn -0.9640 -0.2659 0.0097
vn -0.0000 1.0000 0.0000
vn -0.0000 1.0000 0.0000
vn -0.0000 1.0000 0.0000
vn -0.3963 0.1247 -0.9096
vn -0.3963 0.1247 -0.9096
vn -0.3963 0.1247 -0.9096
vn -0.9297 -0.3562 0.0939
vn -0.9297 -0.3562 0.0939
vn -0.9297 -0.3562 0.0939
vn -0.9192 0.3761 0.1163
vn -0.9192 0.3761 0.1163
vn -0.9192 0.3761 0.1163
vn 0.0000 1.0000 0.0000
vn 0.0000 1.0000 0.0000
vn 0.0000 1.0000 0.0000
vn -0.3533 -0.0847 -0.9317
vn -0.3533 -0.0847 -0.9317
vn -0.3533 -0.0847 -0.9317
vn -0.5009 -0.2061 -0.8406
vn -0.5009 -0.2061 -0.8406
vn -0.5009 -0.2061 -0.8406
vn -0.9012 0.4270 0.0742
vn -0.9012 0.4270 0.0742
vn -0.9012 0.4270 0.0742
vn -0.5542 -0.0801 0.8285
vn -0.5542 -0.0801 0.8285
vn -0.5542 -0.0801 0.8285
vn -0.7818 -0.6235 0.0000
vn -0.7818 -0.6235 0.0000
vn -0.7818 -0.6235 0.0000
vn -0.9749 0.2225 0.0000
vn -0.9749 0.2225 0.0000
vn -0.9749 0.2225 0.0000
vn 0.3303 0.3671 0.8696
vn 0.3303 0.3671 0.8696
vn 0.3303 0.3671 0.8696
vn 0.9801 -0.0476 0.1925
vn 0.9801 -0.0476 0.1925
vn 0.9801 -0.0476 0.1925
vn 0.1749 0.2872 -0.9417
vn 0.1749 0.2872 -0.9417
vn 0.1749 0.2872 -0.9417
vn 0.9749 -0.2225 0.0000
vn 0.9749 -0.2225 0.0000
vn 0.9749 -0.2225 0.0000
vn 0.3356 -0.0470 -0.9408
vn 0.3356 -0.0470 -0.9408
vn 0.3356 -0.0470 -0.9408
vn 0.4339 0.9010 0.0000
vn 0.4339 0.9010 0.0000
vn 0.4339 0.9010 0.0000
vn 0.9925 0.1041 0.0640
vn 0.9925 0.1041 0.0640
vn 0.9925 0.1041 0.0640
vn 0.5776 0.7931 0.1930
vn 0.5776 0.7931 0.1930
vn 0.5776 0.7931 0.1930
vn 0.4661 0.0970 0.8794
vn 0.4661 0.0970 0.8794
vn 0.4661 0.0970 0.8794
vn 0.4339 0.9010 -0.0000
vn 0.4339 0.9010 -0.0000
vn 0.4339 0.9010 -0.0000
vn 0.9749 -0.2225 0.0000
vn 0.9749 -0.2225 0.0000
vn 0.9749 -0.2225 0.0000
vn 0.6428 0.7549 0.1304
vn 0.6428 0.7549 0.1304
vn 0.6428 0.7549 0.1304
vn -0.0629 0.5609 0.8255
vn -0.0629 0.5609 0.8255
vn -0.0629 0.5609 0.8255
vn -0.7818 0.6235 0.0000
vn -0.7818 0.6235 0.0000
vn -0.7818 0.6235 0.0000
vn -0.5481 0.1680 0.8194
vn -0.5481 0.1680 0.8194
vn -0.5481 0.1680 0.8194
vn -0.9344 0.3563 0.0069
vn -0.9344 0.3563 0.0069
vn -0.9344 0.3563 0.0069
vn -0.2961 0.9467 0.1271
vn -0.2961 0.9467 0.1271
vn -0.2961 0.9467 0.1271
vn 0.7818 0.6235 0.0000
vn 0.7818 0.6235 0.0000
vn 0.7818 0.6235 0.0000
vn -0.1615 0.9869 0.0070
vn -0.1615 0.9869 0.0070
vn -0.1615 0.9869 0.0070
vn -0.1749 0.4080 -0.8961
vn -0.1749 0.4080 -0.8961
vn -0.1749 0.4080 -0.8961
vn -0.4763 0.2220 -0.8508
vn -0.4763 0.2220 -0.8508
vn -0.4763 0.2220 -0.8508
vn -0.7818 0.6235 0.0000
vn -0.7818 0.6235 0.0000
vn -0.7818 0.6235 0.0000
vn 0.0000 1.0000 0.0000
vn 0.0000 1.0000 0.0000
vn 0.0000 1.0000 0.0000
vn 0.4339 0.9010 0.0000
vn 0.4339 0.9010 0.0000
vn 0.4339 0.9010 0.0000
vn 0.9980 0.0605 -0.0163
vn 0.9980 0.0605 -0.0163
vn 0.9980 0.0605 -0.0163
vn 0.4545 0.0582 0.8889
vn 0.4545 0.0582 0.8889
vn 0.4545 0.0582 0.8889
vn 0.4339 -0.9010 0.0000
vn 0.4339 -0.9010 0.0000
vn 0.4339 -0.9010 0.0000
vn 0.9749 -0.2225 0.0000
vn 0.9749 -0.2225 0.0000
vn 0.9749 -0.2225 0.0000
vn -0.9749 0.2225 0.0000
vn -0.9749 0.2225 0.0000
vn -0.9749 0.2225 0.0000
vn -0.0000 1.0000 0.0000
vn -0.0000 1.0000 0.0000
vn -0.0000 1.0000 0.0000
vn -0.9313 0.3568 -0.0731
vn -0.9313 0.3568 -0.0731
vn -0.9313 0.3568 -0.0731
vn -0.3139 0.3685 -0.8750
vn -0.3139 0.3685 -0.8750
vn -0.3139 0.3685 -0.8750
vn 0.0000 1.0000 0.0000
vn 0.0000 1.0000 0.0000
vn 0.0000 1.0000 0.0000
vn -0.9749 0.2225 0.0000
vn -0.9749 0.2225 0.0000
vn -0.9749 0.2225 0.0000
vn -0.4025 0.2925 -0.8674
vn -0.4025 0.2925 -0.8674
vn -0.4025 0.2925 -0.8674
vn -0.8575 0.5094 0.0727
vn -0.8575 0.5094 0.0727
vn -0.8575 0.5094 0.0727
vn -0.4204 0.1128 0.9003
vn -0.4204 0.1128 0.9003
vn -0.4204 0.1128 0.9003
vn -0.1916 0.9786 -0.0752
vn -0.1916 0.9786 -0.0752
vn -0.1916 0.9786 -0.0752
vn 0.6876 0.7101 0.1517
vn 0.6876 0.7101 0.1517
vn 0.6876 0.7101 0.1517
vn -0.0618 0.4047 0.9123
vn -0.0618 0.4047 0.9123
vn -0.0618 0.4047 0.9123
vn -0.4262 0.8938 0.1393
vn -0.4262 0.8938 0.1393
vn -0.4262 0.8938 0.1393
vn 0.2957 0.3881 0.8729
vn 0.2957 0.3881 0.8729
vn 0.2957 0.3881 0.8729
vn 0.6133 0.7875 0.0611
vn 0.6133 0.7875 0.0611
vn 0.6133 0.7875 0.0611
vn 0.9977 -0.0289 0.0606
vn 0.9977 -0.0289 0.0606
vn 0.9977 -0.0289 0.0606
vn 0.9749 -0.2225 0.0000
vn 0.9749 -0.2225 0.0000
vn 0.9749 -0.2225 0.0000
vn 0.4639 -0.0288 -0.8854
vn 0.4639 -0.0288 -0.8854
vn 0.4639 -0.0288 -0.8854
vn 0.3337 0.2626 -0.9054
vn 0.3337 0.2626 -0.9054
vn 0.3337 0.2626 -0.9054
vn 0.5256 0.8272 -0.1989
vn 0.5256 0.8272 -0.1989
vn 0.5256 0.8272 -0.1989
vn 0.0017 0.4191 0.9080
vn 0.0017 0.4191 0.9080
vn 0.0017 0.4191 0.9080
vn 0.7818 0.6235 0.0000
vn 0.7818 0.6235 0.0000
vn 0.7818 0.6235 0.0000
vn -0.0162 0.9998 0.0123
vn -0.0162 0.9998 0.0123
vn -0.0162 0.9998 0.0123
vn -0.1252 0.9886 -0.0836
vn -0.1252 0.9886 -0.0836
vn -0.1252 0.9886 -0.0836
vn 0.6506 0.7554 -0.0787
vn 0.6506 0.7554 -0.0787
vn 0.6506 0.7554 -0.0787
vn -0.0000 -1.0000 -0.0000
vn -0.0000 -1.0000 -0.0000
vn -0.0000 -1.0000 -0.0000
vn -0.8360 0.5426 -0.0816
vn -0.8360 0.5426 -0.0816
vn -0.8360 0.5426 -0.0816
vn -0.7818 -0.6235 0.0000
vn -0.7818 -0.6235 0.0000
vn -0.7818 -0.6235 0.0000
vn -0.7818 0.6235 0.0000
vn -0.7818 0.6235 0.0000
vn -0.7818 0.6235 0.0000
vn -0.9749 -0.2225 -0.0000
vn -0.9749 -0.2225 -0.0000
vn -0.9749 -0.2225 -0.0000
vn -0.4339 -0.9010 -0.0000
vn -0.4339 -0.9010 -0.0000
vn -0.4339 -0.9010 -0.0000
vn 0.4339 0.9010 -0.0000
vn 0.4339 0.9010 -0.0000
vn 0.4339 0.9010 -0.0000
vn -0.4339 0.9010 0.0000
vn -0.4339 0.9010 0.0000
vn -0.4339 0.9010 0.0000
vn 0.7270 0.6702 -0.1492
vn 0.7270 0.6702 -0.1492
vn 0.7270 0.6702 -0.1492
vn 0.2095 0.3654 -0.9070
vn 0.2095 0.3654 -0.9070
vn 0.2095 0.3654 -0.9070
vn 0.4339 -0.9010 0.0000
vn 0.4339 -0.9010 0.0000
vn 0.4339 -0.9010 0.0000
vn 0.2915 -0.4276 -0.8557
vn 0.2915 -0.4276 -0.8557
vn 0.2915 -0.4276 -0.8557
vn 0.9749 0.2225 0.0000
vn 0.9749 0.2225 0.0000
vn 0.9749 0.2225 0.0000
vn 0.4683 -0.0887 -0.8791
vn 0.4683 -0.0887 -0.8791
vn 0.4683 -0.0887 -0.8791
vn 0.7818 0.6235 0.0000
vn 0.7818 0.6235 0.0000
vn 0.7818 0.6235 0.0000
vn -0.4339 0.9010 0.0000
vn -0.4339 0.9010 0.0000
vn -0.4339 0.9010 0.0000
vn -0.1116 0.4330 -0.8945
vn -0.1116 0.4330 -0.8945
vn -0.1116 0.4330 -0.8945
vn 0.9952 -0.0900 0.0377
vn 0.9952 -0.0900 0.0377
vn 0.9952 -0.0900 0.0377
vn 0.3735 0.2224 0.9006
vn 0.3735 0.2224 0.9006
vn 0.3735 0.2224 0.9006
vn 0.5687 0.8216 0.0382
vn 0.5687 0.8216 0.0382
vn 0.5687 0.8216 0.0382
vn 0.5929 -0.8051 0.0162
vn 0.5929 -0.8051 0.0162
vn 0.5929 -0.8051 0.0162
vn 0.5054 -0.0648 0.8604
vn 0.5054 -0.0648 0.8604
vn 0.5054 -0.0648 0.8604
vn 0.9977 -0.0661 0.0170
vn 0.9977 -0.0661 0.0170
vn 0.9977 -0.0661 0.0170
vn 0.4142 -0.3388 0.8448
vn 0.4142 -0.3388 0.8448
vn 0.4142 -0.3388 0.8448
vn 0.6985 -0.7075 -0.1072
vn 0.6985 -0.7075 -0.1072
vn 0.6985 -0.7075 -0.1072
vn -0.2593 -0.9594 -0.1113
vn -0.2593 -0.9594 -0.1113
vn -0.2593 -0.9594 -0.1113
vn -0.1438 -0.4470 0.8829
vn -0.1438 -0.4470 0.8829
vn -0.1438 -0.4470 0.8829
vn -0.0332 -0.9957 0.0866
vn -0.0332 -0.9957 0.0866
vn -0.0332 -0.9957 0.0866
vn -0.2889 0.3679 0.8839
vn -0.2889 0.3679 0.8839
vn -0.2889 0.3679 0.8839
vn -0.2352 0.9719 0.0115
vn -0.2352 0.9719 0.0115
vn -0.2352 0.9719 0.0115
vn 0.7818 0.6235 0.0000
vn 0.7818 0.6235 0.0000
vn 0.7818 0.6235 0.0000
vn -0.4048 0.9029 -0.1446
vn -0.4048 0.9029 -0.1446
vn -0.4048 0.9029 -0.1446
vn -0.3420 -0.2454 0.9071
vn -0.3420 -0.2454 0.9071
vn -0.3420 -0.2454 0.9071
vn -0.3365 0.3006 0.8924
vn -0.3365 0.3006 0.8924
vn -0.3365 0.3006 0.8924
vn -0.4252 0.2247 -0.8767
vn -0.4252 0.2247 -0.8767
vn -0.4252 0.2247 -0.8767
vn -0.9454 -0.3131 0.0904
vn -0.9454 -0.3131 0.0904
vn -0.9454 -0.3131 0.0904
vn -0.8928 0.4503 0.0115
vn -0.8928 0.4503 0.0115
vn -0.8928 0.4503 0.0115
vn -0.8629 -0.4984 -0.0842
vn -0.8629 -0.4984 -0.0842
vn -0.8629 -0.4984 -0.0842
vn 0.0000 1.0000 0.0000
vn 0.0000 1.0000 0.0000
vn 0.0000 1.0000 0.0000
vn -0.9749 -0.2225 -0.0000
vn -0.9749 -0.2225 -0.0000
vn -0.9749 -0.2225 -0.0000
vn -0.4666 -0.0808 -0.8808
vn -0.4666 -0.0808 -0.8808
vn -0.4666 -0.0808 -0.8808
vn 0.0837 -0.5077 -0.8574
vn 0.0837 -0.5077 -0.8574
vn 0.0837 -0.5077 -0.8574
vn -0.3138 -0.2484 -0.9164
vn -0.3138 -0.2484 -0.9164
vn -0.3138 -0.2484 -0.9164
vn -0.8354 -0.5496 -0.0076
vn -0.8354 -0.5496 -0.0076
vn -0.8354 -0.5496 -0.0076
vn -0.3824 0.1835 0.9056
vn -0.3824 0.1835 0.9056
vn -0.3824 0.1835 0.9056
vn -0.7818 -0.6235 0.0000
vn -0.7818 -0.6235 0.0000
vn -0.7818 -0.6235 0.0000
vn -0.0702 0.3734 0.9250
vn -0.0702 0.3734 0.9250
vn -0.0702 0.3734 0.9250
vn 0.6771 0.7357 0.0162
vn 0.6771 0.7357 0.0162
vn 0.6771 0.7357 0.0162
vn -0.2487 0.3740 -0.8935
vn -0.2487 0.3740 -0.8935
vn -0.2487 0.3740 -0.8935
vn 0.9749 -0.2225 0.0000
vn 0.9749 -0.2225 0.0000
vn 0.9749 -0.2225 0.0000
vn -0.9749 0.2225 0.0000
vn -0.9749 0.2225 0.0000
vn -0.9749 0.2225 0.0000
vn 0.9942 -0.0933 0.0540
vn 0.9942 -0.0933 0.0540
vn 0.9942 -0.0933 0.0540
vn -0.4339 -0.9010 -0.0000
vn -0.4339 -0.9010 -0.0000
vn -0.4339 -0.9010 -0.0000
vn 0.2759 -0.3747 -0.8851
vn 0.2759 -0.3747 -0.8851
vn 0.2759 -0.3747 -0.8851
vn 0.6084 -0.7919 0.0514
vn 0.6084 -0.7919 0.0514
vn 0.6084 -0.7919 0.0514
vn 0.3446 -0.2669 0.9000
vn 0.3446 -0.2669 0.9000
vn 0.3446 -0.2669 0.9000
vn 0.4339 -0.9010 0.0000
vn 0.4339 -0.9010 0.0000
vn 0.4339 -0.9010 0.0000
vn 0.9749 0.2225 -0.0000
vn 0.9749 0.2225 -0.0000
vn 0.9749 0.2225 -0.0000
vn -0.9749 -0.2225 -0.0000
vn -0.9749 -0.2225 -0.0000
vn -0.9749 -0.2225 -0.0000
vn 0.4136 -0.1257 0.9018
vn 0.4136 -0.1257 0.9018
vn 0.4136 -0.1257 0.9018
vn 0.7024 -0.7095 -0.0563
vn 0.7024 -0.7095 -0.0563
vn 0.7024 -0.7095 -0.0563
vn 0.4339 -0.9010 0.0000
vn 0.4339 -0.9010 0.0000
vn 0.4339 -0.9010 0.0000
vn 0.9905 -0.1369 0.0160
vn 0.9905 -0.1369 0.0160
vn 0.9905 -0.1369 0.0160
vn 0.4893 -0.0943 -0.8670
vn 0.4893 -0.0943 -0.8670
vn 0.4893 -0.0943 -0.8670
vn 0.3290 0.3043 -0.8939
vn 0.3290 0.3043 -0.8939
vn 0.3290 0.3043 -0.8939
vn 0.6785 0.7344 0.0178
vn 0.6785 0.7344 0.0178
vn 0.6785 0.7344 0.0178
vn -0.3842 0.9231 0.0152
vn -0.3842 0.9231 0.0152
vn -0.3842 0.9231 0.0152
vn 0.3087 0.2806 0.9088
vn 0.3087 0.2806 0.9088
vn 0.3087 0.2806 0.9088
vn -0.4339 0.9010 0.0000
vn -0.4339 0.9010 0.0000
vn -0.4339 0.9010 0.0000
vn 0.7818 0.6235 0.0000
vn 0.7818 0.6235 0.0000
vn 0.7818 0.6235 0.0000
vn -0.2058 0.9680 -0.1437
vn -0.2058 0.9680 -0.1437
vn -0.2058 0.9680 -0.1437
vn -0.8918 0.4288 -0.1447
vn -0.8918 0.4288 -0.1447
vn -0.8918 0.4288 -0.1447
vn 0.0000 -1.0000 0.0000
vn 0.0000 -1.0000 0.0000
vn 0.0000 -1.0000 0.0000
vn -0.2419 -0.9685 -0.0591
vn -0.2419 -0.9685 -0.0591
vn -0.2419 -0.9685 -0.0591
vn -0.3382 -0.3024 0.8912
vn -0.3382 -0.3024 0.8912
vn -0.3382 -0.3024 0.8912
vn -0.1265 -0.4625 0.8776
vn -0.1265 -0.4625 0.8776
vn -0.1265 -0.4625 0.8776
vn -0.8208 0.5711 -0.0075
vn -0.8208 0.5711 -0.0075
vn -0.8208 0.5711 -0.0075
vn -0.0283 -0.4483 -0.8934
vn -0.0283 -0.4483 -0.8934
vn -0.0283 -0.4483 -0.8934
vn -0.8553 -0.5175 0.0251
vn -0.8553 -0.5175 0.0251
vn -0.8553 -0.5175 0.0251
vn -0.1484 -0.9886 0.0232
vn -0.1484 -0.9886 0.0232
vn -0.1484 -0.9886 0.0232
vn 0.7818 -0.6235 0.0000
vn 0.7818 -0.6235 0.0000
vn 0.7818 -0.6235 0.0000
vn -0.7818 -0.6235 0.0000
vn -0.7818 -0.6235 0.0000
vn -0.7818 -0.6235 0.0000
vn -0.7818 0.6235 0.0000
vn -0.7818 0.6235 0.0000
vn -0.7818 0.6235 0.0000
vn -0.3079 0.3106 -0.8993
vn -0.3079 0.3106 -0.8993
vn -0.3079 0.3106 -0.8993
vn -0.0000 -1.0000 -0.0000
vn -0.0000 -1.0000 -0.0000
vn -0.0000 -1.0000 -0.0000
vn -0.8467 0.5313 0.0267
vn -0.8467 0.5313 0.0267
vn -0.8467 0.5313 0.0267
vn -0.7818 -0.6235 0.0000
vn -0.7818 -0.6235 0.0000
vn -0.7818 -0.6235 0.0000
vn -0.1700 0.5953 0.7853
vn -0.1700 0.5953 0.7853
vn -0.1700 0.5953 0.7853
vn 0.2064 0.4945 0.8443
vn 0.2064 0.4945 0.8443
vn 0.2064 0.4945 0.8443
vn 0.4409 -0.1588 0.8834
vn 0.4409 -0.1588 0.8834
vn 0.4409 -0.1588 0.8834
vn 0.5789 -0.7883 0.2084
vn 0.5789 -0.7883 0.2084
vn 0.5789 -0.7883 0.2084
vn 0.3726 0.0460 -0.9269
vn 0.3726 0.0460 -0.9269
vn 0.3726 0.0460 -0.9269
vn 0.9749 -0.2225 0.0000
vn 0.9749 -0.2225 0.0000
vn 0.9749 -0.2225 0.0000
vn 0.0018 0.5817 -0.8134
vn 0.0018 0.5817 -0.8134
vn 0.0018 0.5817 -0.8134
vn -0.9749 0.2225 0.0000
vn -0.9749 0.2225 0.0000
vn -0.9749 0.2225 0.0000
vn 0.1376 0.4803 -0.8662
vn 0.1376 0.4803 -0.8662
vn 0.1376 0.4803 -0.8662
vn 0.4339 0.9010 0.0000
vn 0.4339 0.9010 0.0000
vn 0.4339 0.9010 0.0000
vn -0.2254 -0.9709 0.0807
vn -0.2254 -0.9709 0.0807
vn -0.2254 -0.9709 0.0807
vn -0.1095 -0.4575 0.8825
vn -0.1095 -0.4575 0.8825
vn -0.1095 -0.4575 0.8825
vn -0.9749 -0.2225 -0.0000
vn -0.9749 -0.2225 -0.0000
vn -0.9749 -0.2225 -0.0000
vn 0.2350 -0.3625 -0.9019
vn 0.2350 -0.3625 -0.9019
vn 0.2350 -0.3625 -0.9019
vn -0.2270 -0.9707 0.0793
vn -0.2270 -0.9707 0.0793
vn -0.2270 -0.9707 0.0793
vn 0.9749 0.2225 0.0000
vn 0.9749 0.2225 0.0000
vn 0.9749 0.2225 0.0000
vn 0.7107 -0.6995 0.0744
vn 0.7107 -0.6995 0.0744
vn 0.7107 -0.6995 0.0744
vn 0.9772 0.0444 0.2078
vn 0.9772 0.0444 0.2078
vn 0.9772 0.0444 0.2078
vn 0.3746 -0.2924 0.8799
vn 0.3746 -0.2924 0.8799
vn 0.3746 -0.2924 0.8799
vn 0.9749 0.2225 -0.0000
vn 0.9749 0.2225 -0.0000
vn 0.9749 0.2225 -0.0000
vn 0.9852 -0.1697 0.0250
vn 0.9852 -0.1697 0.0250
vn 0.9852 -0.1697 0.0250
vn 0.4579 0.8887 0.0245
vn 0.4579 0.8887 0.0245
vn 0.4579 0.8887 0.0245
vn 0.4339 -0.9010 0.0000
vn 0.4339 -0.9010 0.0000
vn 0.4339 -0.9010 0.0000
vn 0.5030 0.8641 -0.0204
vn 0.5030 0.8641 -0.0204
vn 0.5030 0.8641 -0.0204
vn 0.9749 -0.2225 0.0000
vn 0.9749 -0.2225 0.0000
vn 0.9749 -0.2225 0.0000
vn -0.1037 0.9885 0.1100
vn -0.1037 0.9885 0.1100
vn -0.1037 0.9885 0.1100
vn 0.7818 0.6235 0.0000
vn 0.7818 0.6235 0.0000
vn 0.7818 0.6235 0.0000
vn -0.2527 0.9673 -0.0189
vn -0.2527 0.9673 -0.0189
vn -0.2527 0.9673 -0.0189
vn -0.4334 -0.1972 0.8794
vn -0.4334 -0.1972 0.8794
vn -0.4334 -0.1972 0.8794
vn 0.0000 -1.0000 0.0000
vn 0.0000 -1.0000 0.0000
vn 0.0000 -1.0000 0.0000
vn -0.4346 0.3323 0.8371
vn -0.4346 0.3323 0.8371
vn -0.4346 0.3323 0.8371
vn -0.4699 0.2327 -0.8515
vn -0.4699 0.2327 -0.8515
vn -0.4699 0.2327 -0.8515
vn -0.9257 -0.3702 0.0777
vn -0.9257 -0.3702 0.0777
vn -0.9257 -0.3702 0.0777
vn -0.8923 0.4357 0.1179
vn -0.8923 0.4357 0.1179
vn -0.8923 0.4357 0.1179
vn -0.9053 -0.4239 0.0286
vn -0.9053 -0.4239 0.0286
vn -0.9053 -0.4239 0.0286
vn 0.0000 1.0000 0.0000
vn 0.0000 1.0000 0.0000
vn 0.0000 1.0000 0.0000
vn -0.9749 -0.2225 -0.0000
vn -0.9749 -0.2225 -0.0000
vn -0.9749 -0.2225 -0.0000
vn -0.3912 -0.1158 -0.9130
vn -0.3912 -0.1158 -0.9130
vn -0.3912 -0.1158 -0.9130
vn -0.0869 -0.3650 -0.9269
vn -0.0869 -0.3650 -0.9269
vn -0.0869 -0.3650 -0.9269
vn -0.0000 -1.0000 -0.0000
vn -0.0000 -1.0000 -0.0000
vn -0.0000 -1.0000 -0.0000
vn -0.8811 0.4375 -0.1795
vn -0.8811 0.4375 -0.1795
vn -0.8811 0.4375 -0.1795
vn -0.3085 0.1330 0.9419
vn -0.3085 0.1330 0.9419
vn -0.3085 0.1330 0.9419
vn -0.7818 0.6235 0.0000
vn -0.7818 0.6235 0.0000
vn -0.7818 0.6235 0.0000
vn -0.9749 -0.2225 -0.0000
vn -0.9749 -0.2225 -0.0000
vn -0.9749 -0.2225 -0.0000
vn 0.9749 0.2225 -0.0000
vn 0.9749 0.2225 -0.0000
vn 0.9749 0.2225 -0.0000
vn 0.4339 -0.9010 0.0000
vn 0.4339 -0.9010 0.0000
vn 0.4339 -0.9010 0.0000
vn -0.4339 0.9010 0.0000
vn -0.4339 0.9010 0.0000
vn -0.4339 0.9010 0.0000
vn 0.7610 0.6486 -0.0087
vn 0.7610 0.6486 -0.0087
vn 0.7610 0.6486 -0.0087
vn 0.3673 0.2373 -0.8993
vn 0.3673 0.2373 -0.8993
vn 0.3673 0.2373 -0.8993
vn 0.9769 0.2124 0.0226
vn 0.9769 0.2124 0.0226
vn 0.9769 0.2124 0.0226
vn -0.4339 -0.9010 -0.0000
vn -0.4339 -0.9010 -0.0000
vn -0.4339 -0.9010 -0.0000
vn -0.0902 -0.3597 -0.9287
vn -0.0902 -0.3597 -0.9287
vn -0.0902 -0.3597 -0.9287
vn 0.1972 -0.2963 -0.9345
vn 0.1972 -0.2963 -0.9345
vn 0.1972 -0.2963 -0.9345
vn 0.4339 0.9010 0.0000
vn 0.4339 0.9010 0.0000
vn 0.4339 0.9010 0.0000
vn 0.5388 0.2189 -0.8135
vn 0.5388 0.2189 -0.8135
vn 0.5388 0.2189 -0.8135
vn -0.4339 0.9010 0.0000
vn -0.4339 0.9010 0.0000
vn -0.4339 0.9010 0.0000
vn 0.4176 0.2317 0.8786
vn 0.4176 0.2317 0.8786
vn 0.4176 0.2317 0.8786
vn 0.9749 0.2207 0.0301
vn 0.9749 0.2207 0.0301
vn 0.9749 0.2207 0.0301
vn 0.7317 0.6810 0.0295
vn 0.7317 0.6810 0.0295
vn 0.7317 0.6810 0.0295
vn 0.4542 0.2089 0.8661
vn 0.4542 0.2089 0.8661
vn 0.4542 0.2089 0.8661
vn 0.5274 -0.8493 0.0242
vn 0.5274 -0.8493 0.0242
vn 0.5274 -0.8493 0.0242
vn 0.1776 -0.3952 0.9012
vn 0.1776 -0.3952 0.9012
vn 0.1776 -0.3952 0.9012
vn 0.5946 -0.7981 0.0971
vn 0.5946 -0.7981 0.0971
vn 0.5946 -0.7981 0.0971
vn -0.2376 -0.9667 0.0949
vn -0.2376 -0.9667 0.0949
vn -0.2376 -0.9667 0.0949
vn -0.1133 -0.4294 0.8960
vn -0.1133 -0.4294 0.8960
vn -0.1133 -0.4294 0.8960
vn -0.2294 -0.9680 0.1019
vn -0.2294 -0.9680 0.1019
vn -0.2294 -0.9680 0.1019
vn -0.7818 -0.6235 0.0000
vn -0.7818 -0.6235 0.0000
vn -0.7818 -0.6235 0.0000
vn -0.0306 0.3548 0.9344
vn -0.0306 0.3548 0.9344
vn -0.0306 0.3548 0.9344
vn 0.7818 0.6235 0.0000
vn 0.7818 0.6235 0.0000
vn 0.7818 0.6235 0.0000
vn -0.2980 -0.2880 0.9101
vn -0.2980 -0.2880 0.9101
vn -0.2980 -0.2880 0.9101
vn -0.8886 0.4123 -0.2010
vn -0.8886 0.4123 -0.2010
vn -0.8886 0.4123 -0.2010
vn -0.3865 0.9222 -0.0088
vn -0.3865 0.9222 -0.0088
vn -0.3865 0.9222 -0.0088
vn 0.7818 0.6235 0.0000
vn 0.7818 0.6235 0.0000
vn 0.7818 0.6235 0.0000
vn -0.1704 0.9654 -0.1975
vn -0.1704 0.9654 -0.1975
vn -0.1704 0.9654 -0.1975
vn -0.2495 0.3757 -0.8925
vn -0.2495 0.3757 -0.8925
vn -0.2495 0.3757 -0.8925
vn -0.5019 0.2541 -0.8268
vn -0.5019 0.2541 -0.8268
vn -0.5019 0.2541 -0.8268
vn -0.9590 -0.2682 0.0915
vn -0.9590 -0.2682 0.0915
vn -0.9590 -0.2682 0.0915
vn -0.8254 -0.5389 -0.1682
vn -0.8254 -0.5389 -0.1682
vn -0.8254 -0.5389 -0.1682
vn 0.0000 1.0000 0.0000
vn 0.0000 1.0000 0.0000
vn 0.0000 1.0000 0.0000
vn 0.7818 -0.6235 0.0000
vn 0.7818 -0.6235 0.0000
vn 0.7818 -0.6235 0.0000
vn -0.4821 -0.0363 -0.8754
vn -0.4821 -0.0363 -0.8754
vn -0.4821 -0.0363 -0.8754
vn -0.0000 -1.0000 -0.0000
vn -0.0000 -1.0000 -0.0000
vn -0.0000 -1.0000 -0.0000
vn -0.8228 0.5671 0.0359
vn -0.8228 0.5671 0.0359
vn -0.8228 0.5671 0.0359
vn -0.8311 -0.5562 0.0056
vn -0.8311 -0.5562 0.0056
vn -0.8311 -0.5562 0.0056
vn 0.7818 -0.6235 0.0000
vn 0.7818 -0.6235 0.0000
vn 0.7818 -0.6235 0.0000
vn -0.4339 -0.9010 -0.0000
vn -0.4339 -0.9010 -0.0000
vn -0.4339 -0.9010 -0.0000
vn 0.4339 0.9010 -0.0000
vn 0.4339 0.9010 -0.0000
vn 0.4339 0.9010 -0.0000
vn 0.9749 -0.2225 0.0000
vn 0.9749 -0.2225 0.0000
vn 0.9749 -0.2225 0.0000
vn 0.7818 0.6235 0.0000
vn 0.7818 0.6235 0.0000
vn 0.7818 0.6235 0.0000
vn -0.7818 -0.6235 0.0000
vn -0.7818 -0.6235 0.0000
vn -0.7818 -0.6235 0.0000
vn 0.6555 0.7549 -0.0233
vn 0.6555 0.7549 -0.0233
vn 0.6555 0.7549 -0.0233
vn 0.3425 0.3643 -0.8660
vn 0.3425 0.3643 -0.8660
vn 0.3425 0.3643 -0.8660
vn 0.4339 -0.9010 0.0000
vn 0.4339 -0.9010 0.0000
vn 0.4339 -0.9010 0.0000
vn 0.2436 -0.3788 -0.8928
vn 0.2436 -0.3788 -0.8928
vn 0.2436 -0.3788 -0.8928
vn 0.9749 0.2225 0.0000
vn 0.9749 0.2225 0.0000
vn 0.9749 0.2225 0.0000
vn 0.4160 -0.0366 -0.9086
vn 0.4160 -0.0366 -0.9086
vn 0.4160 -0.0366 -0.9086
vn -0.4339 0.9010 0.0000
vn -0.4339 0.9010 0.0000
vn -0.4339 0.9010 0.0000
vn -0.1206 0.5235 0.8434
vn -0.1206 0.5235 0.8434
vn -0.1206 0.5235 0.8434
vn 0.5677 0.8152 -0.1143
vn 0.5677 0.8152 -0.1143
vn 0.5677 0.8152 -0.1143
vn 0.2038 0.3577 0.9113
vn 0.2038 0.3577 0.9113
vn 0.2038 0.3577 0.9113
vn 0.9901 -0.0832 -0.1131
vn 0.9901 -0.0832 -0.1131
vn 0.9901 -0.0832 -0.1131
vn 0.5819 -0.8099 -0.0738
vn 0.5819 -0.8099 -0.0738
vn 0.5819 -0.8099 -0.0738
vn 0.4140 -0.0827 0.9065
vn 0.4140 -0.0827 0.9065
vn 0.4140 -0.0827 0.9065
vn 0.6760 -0.7128 -0.1872
vn 0.6760 -0.7128 -0.1872
vn 0.6760 -0.7128 -0.1872
vn 0.9962 -0.0412 -0.0772
vn 0.9962 -0.0412 -0.0772
vn 0.9962 -0.0412 -0.0772
vn 0.2770 -0.2140 0.9367
vn 0.2770 -0.2140 0.9367
vn 0.2770 -0.2140 0.9367
vn -0.4028 -0.8986 -0.1742
vn -0.4028 -0.8986 -0.1742
vn -0.4028 -0.8986 -0.1742
vn -0.7818 0.6235 0.0000
vn -0.7818 0.6235 0.0000
vn -0.7818 0.6235 0.0000
vn -0.2777 -0.3303 0.9021
vn -0.2777 -0.3303 0.9021
vn -0.2777 -0.3303 0.9021
vn -0.1122 -0.5668 -0.8162
vn -0.1122 -0.5668 -0.8162
vn -0.1122 -0.5668 -0.8162
vn -0.2068 -0.9784 0.0053
vn -0.2068 -0.9784 0.0053
vn -0.2068 -0.9784 0.0053
vn -0.3706 0.1743 0.9123
vn -0.3706 0.1743 0.9123
vn -0.3706 0.1743 0.9123
vn -0.3565 -0.3211 0.8774
vn -0.3565 -0.3211 0.8774
vn -0.3565 -0.3211 0.8774
vn -0.8981 0.4282 -0.1006
vn -0.8981 0.4282 -0.1006
vn -0.8981 0.4282 -0.1006
vn -0.3112 0.9501 -0.0226
vn -0.3112 0.9501 -0.0226
vn -0.3112 0.9501 -0.0226
vn 0.7818 0.6235 0.0000
vn 0.7818 0.6235 0.0000
vn 0.7818 0.6235 0.0000
vn -0.2224 0.9697 -0.1009
vn -0.2224 0.9697 -0.1009
vn -0.2224 0.9697 -0.1009
vn -0.2028 0.4819 -0.8524
vn -0.2028 0.4819 -0.8524
vn -0.2028 0.4819 -0.8524
vn -0.3899 0.3613 -0.8470
vn -0.3899 0.3613 -0.8470
vn -0.3899 0.3613 -0.8470
vn -0.8110 -0.5840 0.0354
vn -0.8110 -0.5840 0.0354
vn -0.8110 -0.5840 0.0354
vn 0.0000 1.0000 0.0000
vn 0.0000 1.0000 0.0000
vn 0.0000 1.0000 0.0000
vn 0.7818 -0.6235 0.0000
vn 0.7818 -0.6235 0.0000
vn 0.7818 -0.6235 0.0000
vn -0.3956 -0.3893 -0.8319
vn -0.3956 -0.3893 -0.8319
vn -0.3956 -0.3893 -0.8319
vn -0.4339 0.9010 0.0000
vn -0.4339 0.9010 0.0000
vn -0.4339 0.9010 0.0000
vn 0.5878 0.8060 -0.0701
vn 0.5878 0.8060 -0.0701
vn 0.5878 0.8060 -0.0701
vn 0.2210 0.2768 0.9352
vn 0.2210 0.2768 0.9352
vn 0.2210 0.2768 0.9352
vn 0.9749 -0.2225 0.0000
vn 0.9749 -0.2225 0.0000
vn 0.9749 -0.2225 0.0000
vn 0.7818 0.6235 0.0000
vn 0.7818 0.6235 0.0000
vn 0.7818 0.6235 0.0000
vn -0.9152 0.4022 -0.0272
vn -0.9152 0.4022 -0.0272
vn -0.9152 0.4022 -0.0272
vn -0.8050 0.5747 0.1476
vn -0.8050 0.5747 0.1476
vn -0.8050 0.5747 0.1476
vn -0.2982 0.4245 0.8549
vn -0.2982 0.4245 0.8549
vn -0.2982 0.4245 0.8549
vn -0.4019 0.9107 -0.0954
vn -0.4019 0.9107 -0.0954
vn -0.4019 0.9107 -0.0954
vn 0.6201 0.7772 -0.1070
vn 0.6201 0.7772 -0.1070
vn 0.6201 0.7772 -0.1070
vn -0.3314 0.9430 -0.0290
vn -0.3314 0.9430 -0.0290
vn -0.3314 0.9430 -0.0290
vn 0.7818 0.6235 0.0000
vn 0.7818 0.6235 0.0000
vn 0.7818 0.6235 0.0000
vn 0.2269 0.3458 -0.9105
vn 0.2269 0.3458 -0.9105
vn 0.2269 0.3458 -0.9105
vn -0.2086 0.4310 -0.8779
vn -0.2086 0.4310 -0.8779
vn -0.2086 0.4310 -0.8779
vn -0.4339 0.9010 0.0000
vn -0.4339 0.9010 0.0000
vn -0.4339 0.9010 0.0000
vn 0.4764 0.8757 0.0786
vn 0.4764 0.8757 0.0786
vn 0.4764 0.8757 0.0786
vn -0.4339 0.9010 0.0000
vn -0.4339 0.9010 0.0000
vn -0.4339 0.9010 0.0000
vn -0.9749 0.2225 0.0000
vn -0.9749 0.2225 0.0000
vn -0.9749 0.2225 0.0000
vn -0.7818 -0.6235 0.0000
vn -0.7818 -0.6235 0.0000
vn -0.7818 -0.6235 0.0000
vn -0.8829 0.4697 -0.0007
vn -0.8829 0.4697 -0.0007
vn -0.8829 0.4697 -0.0007
vn -0.3938 0.1253 -0.9106
vn -0.3938 0.1253 -0.9106
vn -0.3938 0.1253 -0.9106
vn -0.7818 -0.6235 0.0000
vn -0.7818 -0.6235 0.0000
vn -0.7818 -0.6235 0.0000
vn -0.4447 0.2584 0.8576
vn -0.4447 0.2584 0.8576
vn -0.4447 0.2584 0.8576
vn -0.9220 0.3777 0.0850
vn -0.9220 0.3777 0.0850
vn -0.9220 0.3777 0.0850
vn -0.1759 0.4770 0.8611
vn -0.1759 0.4770 0.8611
vn -0.1759 0.4770 0.8611
vn 0.3136 0.3719 0.8737
vn 0.3136 0.3719 0.8737
vn 0.3136 0.3719 0.8737
vn -0.2828 0.9558 -0.0808
vn -0.2828 0.9558 -0.0808
vn -0.2828 0.9558 -0.0808
vn 0.6314 0.7710 -0.0830
vn 0.6314 0.7710 -0.0830
vn 0.6314 0.7710 -0.0830
vn -0.0975 0.9919 0.0817
vn -0.0975 0.9919 0.0817
vn -0.0975 0.9919 0.0817
vn 0.7818 0.6235 0.0000
vn 0.7818 0.6235 0.0000
vn 0.7818 0.6235 0.0000
vn 0.1151 0.4112 -0.9042
vn 0.1151 0.4112 -0.9042
vn 0.1151 0.4112 -0.9042
vn 0.0273 0.4303 -0.9023
vn 0.0273 0.4303 -0.9023
vn 0.0273 0.4303 -0.9023
vn -0.0000 -1.0000 -0.0000
vn -0.0000 -1.0000 -0.0000
vn -0.0000 -1.0000 -0.0000
vn -0.9068 0.4093 -0.1004
vn -0.9068 0.4093 -0.1004
vn -0.9068 0.4093 -0.1004
vn -0.7818 -0.6235 0.0000
vn -0.7818 -0.6235 0.0000
vn -0.7818 -0.6235 0.0000
vn -0.0688 0.4462 0.8923
vn -0.0688 0.4462 0.8923
vn -0.0688 0.4462 0.8923
vn 0.3067 0.2710 0.9124
vn 0.3067 0.2710 0.9124
vn 0.3067 0.2710 0.9124
vn 0.9841 -0.1717 0.0446
vn 0.9841 -0.1717 0.0446
vn 0.9841 -0.1717 0.0446
vn 0.4794 -0.2960 0.8262
vn 0.4794 -0.2960 0.8262
vn 0.4794 -0.2960 0.8262
vn -0.9749 -0.2225 -0.0000
vn -0.9749 -0.2225 -0.0000
vn -0.9749 -0.2225 -0.0000
vn 0.9749 0.2225 -0.0000
vn 0.9749 0.2225 -0.0000
vn 0.9749 0.2225 -0.0000
vn -0.0106 -0.3498 0.9368
vn -0.0106 -0.3498 0.9368
vn -0.0106 -0.3498 0.9368
vn 0.9808 0.0039 0.1951
vn 0.9808 0.0039 0.1951
vn 0.9808 0.0039 0.1951
vn 0.1662 -0.3217 -0.9322
vn 0.1662 -0.3217 -0.9322
vn 0.1662 -0.3217 -0.9322
vn -0.1359 -0.3841 -0.9133
vn -0.1359 -0.3841 -0.9133
vn -0.1359 -0.3841 -0.9133
vn 0.9749 0.2225 0.0000
vn 0.9749 0.2225 0.0000
vn 0.9749 0.2225 0.0000
vn 0.1514 0.4009 -0.9035
vn 0.1514 0.4009 -0.9035
vn 0.1514 0.4009 -0.9035
vn 0.7818 0.6235 0.0000
vn 0.7818 0.6235 0.0000
vn 0.7818 0.6235 0.0000
vn 0.0614 0.4220 -0.9045
vn 0.0614 0.4220 -0.9045
vn 0.0614 0.4220 -0.9045
vn 0.4339 -0.9010 0.0000
vn 0.4339 -0.9010 0.0000
vn 0.4339 -0.9010 0.0000
vn 0.3273 0.0039 -0.9449
vn 0.3273 0.0039 -0.9449
vn 0.3273 0.0039 -0.9449
vn -0.4339 0.9010 0.0000
vn -0.4339 0.9010 0.0000
vn -0.4339 0.9010 0.0000
vn 0.5083 0.8600 0.0456
vn 0.5083 0.8600 0.0456
vn 0.5083 0.8600 0.0456
vn 0.4897 -0.1648 0.8562
vn 0.4897 -0.1648 0.8562
vn 0.4897 -0.1648 0.8562
vn 0.4339 0.9010 -0.0000
vn 0.4339 0.9010 -0.0000
vn 0.4339 0.9010 -0.0000
vn 0.6716 0.7286 -0.1347
vn 0.6716 0.7286 -0.1347
vn 0.6716 0.7286 -0.1347
vn 0.9749 -0.2225 0.0000
vn 0.9749 -0.2225 0.0000
vn 0.9749 -0.2225 0.0000
vn -0.0538 0.9983 -0.0216
vn -0.0538 0.9983 -0.0216
vn -0.0538 0.9983 -0.0216
vn 0.7818 0.6235 0.0000
vn 0.7818 0.6235 0.0000
vn 0.7818 0.6235 0.0000
vn -0.1901 0.9715 -0.1418
vn -0.1901 0.9715 -0.1418
vn -0.1901 0.9715 -0.1418
vn -0.2938 -0.1280 0.9473
vn -0.2938 -0.1280 0.9473
vn -0.2938 -0.1280 0.9473
vn 0.0000 -1.0000 0.0000
vn 0.0000 -1.0000 0.0000
vn 0.0000 -1.0000 0.0000
vn -0.8973 -0.4177 -0.1431
vn -0.8973 -0.4177 -0.1431
vn -0.8973 -0.4177 -0.1431
vn -0.3186 0.1281 0.9392
vn -0.3186 0.1281 0.9392
vn -0.3186 0.1281 0.9392
vn -0.4550 0.0987 -0.8850
vn -0.4550 0.0987 -0.8850
vn -0.4550 0.0987 -0.8850
vn -0.8782 -0.4684 -0.0973
vn -0.8782 -0.4684 -0.0973
vn -0.8782 -0.4684 -0.0973
vn -0.9447 0.3272 -0.0224
vn -0.9447 0.3272 -0.0224
vn -0.9447 0.3272 -0.0224
vn 0.0000 1.0000 0.0000
vn 0.0000 1.0000 0.0000
vn 0.0000 1.0000 0.0000
vn 0.7818 -0.6235 0.0000
vn 0.7818 -0.6235 0.0000
vn 0.7818 -0.6235 0.0000
vn -0.4154 -0.2421 -0.8768
vn -0.4154 -0.2421 -0.8768
vn -0.4154 -0.2421 -0.8768
vn -0.0000 -1.0000 -0.0000
vn -0.0000 -1.0000 -0.0000
vn -0.0000 -1.0000 -0.0000
vn -0.8281 0.5521 0.0968
vn -0.8281 0.5521 0.0968
vn -0.8281 0.5521 0.0968
vn -0.9262 -0.3612 -0.1077
vn -0.9262 -0.3612 -0.1077
vn -0.9262 -0.3612 -0.1077
vn -0.7818 0.6235 0.0000
vn -0.7818 0.6235 0.0000
vn -0.7818 0.6235 0.0000
vn -0.7818 -0.6235 0.0000
vn -0.7818 -0.6235 0.0000
vn -0.7818 -0.6235 0.0000
vn -0.0844 0.3736 0.9237
vn -0.0844 0.3736 0.9237
vn -0.0844 0.3736 0.9237
vn 0.2086 0.2585 0.9432
vn 0.2086 0.2585 0.9432
vn 0.2086 0.2585 0.9432
vn 0.9931 -0.0239 -0.1150
vn 0.9931 -0.0239 -0.1150
vn 0.9931 -0.0239 -0.1150
vn 0.4688 0.2796 -0.8379
vn 0.4688 0.2796 -0.8379
vn 0.4688 0.2796 -0.8379
vn -0.9749 0.2225 0.0000
vn -0.9749 0.2225 0.0000
vn -0.9749 0.2225 0.0000
vn 0.9749 -0.2225 0.0000
vn 0.9749 -0.2225 0.0000
vn 0.9749 -0.2225 0.0000
vn 0.7613 -0.6451 0.0658
vn 0.7613 -0.6451 0.0658
vn 0.7613 -0.6451 0.0658
vn 0.9749 0.2225 -0.0000
vn 0.9749 0.2225 -0.0000
vn 0.9749 0.2225 -0.0000
vn 0.1902 -0.3093 0.9317
vn 0.1902 -0.3093 0.9317
vn 0.1902 -0.3093 0.9317
vn 0.5917 -0.0236 -0.8058
vn 0.5917 -0.0236 -0.8058
vn 0.5917 -0.0236 -0.8058
vn -0.4339 -0.9010 -0.0000
vn -0.4339 -0.9010 -0.0000
vn -0.4339 -0.9010 -0.0000
vn 0.5810 -0.8017 -0.1406
vn 0.5810 -0.8017 -0.1406
vn 0.5810 -0.8017 -0.1406
vn 0.4706 -0.2700 -0.8401
vn 0.4706 -0.2700 -0.8401
vn 0.4706 -0.2700 -0.8401
vn 0.4339 0.9010 0.0000
vn 0.4339 0.9010 0.0000
vn 0.4339 0.9010 0.0000
vn 0.9896 0.0094 -0.1432
vn 0.9896 0.0094 -0.1432
vn 0.9896 0.0094 -0.1432
vn 0.3292 0.0089 0.9442
vn 0.3292 0.0089 0.9442
vn 0.3292 0.0089 0.9442
vn 0.4339 0.9010 -0.0000
vn 0.4339 0.9010 -0.0000
vn 0.4339 0.9010 -0.0000
vn 0.7584 0.6502 0.0446
vn 0.7584 0.6502 0.0446
vn 0.7584 0.6502 0.0446
vn 0.6209 0.7752 -0.1165
vn 0.6209 0.7752 -0.1165
vn 0.6209 0.7752 -0.1165
vn 0.9749 -0.2225 0.0000
vn 0.9749 -0.2225 0.0000
vn 0.9749 -0.2225 0.0000
vn 0.7818 0.6235 0.0000
vn 0.7818 0.6235 0.0000
vn 0.7818 0.6235 0.0000
vn -0.9749 -0.2225 -0.0000
vn -0.9749 -0.2225 -0.0000
vn -0.9749 -0.2225 -0.0000
vn -0.0604 -0.3654 0.9289
vn -0.0604 -0.3654 0.9289
vn -0.0604 -0.3654 0.9289
vn -0.1982 -0.9739 -0.1108
vn -0.1982 -0.9739 -0.1108
vn -0.1982 -0.9739 -0.1108
vn -0.3949 -0.9163 0.0663
vn -0.3949 -0.9163 0.0663
vn -0.3949 -0.9163 0.0663
vn -0.3753 0.0821 0.9233
vn -0.3753 0.0821 0.9233
vn -0.3753 0.0821 0.9233
vn -0.3747 -0.0988 0.9219
vn -0.3747 -0.0988 0.9219
vn -0.3747 -0.0988 0.9219
vn -0.9327 0.3458 -0.1023
vn -0.9327 0.3458 -0.1023
vn -0.9327 0.3458 -0.1023
vn -0.3895 0.9199 0.0450
vn -0.3895 0.9199 0.0450
vn -0.3895 0.9199 0.0450
vn -0.2204 0.9695 -0.1076
vn -0.2204 0.9695 -0.1076
vn -0.2204 0.9695 -0.1076
vn -0.2439 0.3368 -0.9094
vn -0.2439 0.3368 -0.9094
vn -0.2439 0.3368 -0.9094
vn -0.2986 0.2926 -0.9084
vn -0.2986 0.2926 -0.9084
vn -0.2986 0.2926 -0.9084
vn -0.8163 -0.5697 0.0954
vn -0.8163 -0.5697 0.0954
vn -0.8163 -0.5697 0.0954
vn 0.0000 1.0000 0.0000
vn 0.0000 1.0000 0.0000
vn 0.0000 1.0000 0.0000
vn -0.9749 -0.2225 -0.0000
vn -0.9749 -0.2225 -0.0000
vn -0.9749 -0.2225 -0.0000
vn -0.3522 -0.3512 -0.8675
vn -0.3522 -0.3512 -0.8675
vn -0.3522 -0.3512 -0.8675
vn -0.2798 -0.4095 -0.8683
vn -0.2798 -0.4095 -0.8683
vn -0.2798 -0.4095 -0.8683
vn 0.5398 0.8375 0.0843
vn 0.5398 0.8375 0.0843
vn 0.5398 0.8375 0.0843
vn -0.1755 0.9841 0.0254
vn -0.1755 0.9841 0.0254
vn -0.1755 0.9841 0.0254
vn -0.1146 0.9930 -0.0277
vn -0.1146 0.9930 -0.0277
vn -0.1146 0.9930 -0.0277
vn 0.5983 0.8009 0.0252
vn 0.5983 0.8009 0.0252
vn 0.5983 0.8009 0.0252
vn -0.0000 -1.0000 -0.0000
vn -0.0000 -1.0000 -0.0000
vn -0.0000 -1.0000 -0.0000
vn -0.8187 0.5724 -0.0453
vn -0.8187 0.5724 -0.0453
vn -0.8187 0.5724 -0.0453
vn -0.1403 0.4792 0.8664
vn -0.1403 0.4792 0.8664
vn -0.1403 0.4792 0.8664
vn 0.7059 0.6956 0.1334
vn 0.7059 0.6956 0.1334
vn 0.7059 0.6956 0.1334
vn -0.1332 0.3115 -0.9409
vn -0.1332 0.3115 -0.9409
vn -0.1332 0.3115 -0.9409
vn 0.7818 0.6235 0.0000
vn 0.7818 0.6235 0.0000
vn 0.7818 0.6235 0.0000
vn 0.9962 -0.0806 0.0324
vn 0.9962 -0.0806 0.0324
vn 0.9962 -0.0806 0.0324
vn 0.3527 -0.4516 -0.8195
vn 0.3527 -0.4516 -0.8195
vn 0.3527 -0.4516 -0.8195
vn -0.1128 -0.9890 0.0962
vn -0.1128 -0.9890 0.0962
vn -0.1128 -0.9890 0.0962
vn -0.7818 0.6235 0.0000
vn -0.7818 0.6235 0.0000
vn -0.7818 0.6235 0.0000
vn -0.9749 -0.2225 -0.0000
vn -0.9749 -0.2225 -0.0000
vn -0.9749 -0.2225 -0.0000
vn -0.2853 -0.5114 0.8106
vn -0.2853 -0.5114 0.8106
vn -0.2853 -0.5114 0.8106
vn -0.3620 -0.9237 -0.1255
vn -0.3620 -0.9237 -0.1255
vn -0.3620 -0.9237 -0.1255
vn 0.9749 0.2225 0.0000
vn 0.9749 0.2225 0.0000
vn 0.9749 0.2225 0.0000
vn 0.4339 0.9010 -0.0000
vn 0.4339 0.9010 -0.0000
vn 0.4339 0.9010 -0.0000
vn 0.5130 -0.3309 0.7920
vn 0.5130 -0.3309 0.7920
vn 0.5130 -0.3309 0.7920
vn 0.6188 -0.7849 0.0312
vn 0.6188 -0.7849 0.0312
vn 0.6188 -0.7849 0.0312
vn -0.4339 -0.9010 -0.0000
vn -0.4339 -0.9010 -0.0000
vn -0.4339 -0.9010 -0.0000
vn 0.5624 -0.1148 0.8188
vn 0.5624 -0.1148 0.8188
vn 0.5624 -0.1148 0.8188
vn 0.7446 -0.6560 -0.1232
vn 0.7446 -0.6560 -0.1232
vn 0.7446 -0.6560 -0.1232
vn 0.3100 0.2065 -0.9280
vn 0.3100 0.2065 -0.9280
vn 0.3100 0.2065 -0.9280
vn 0.4339 -0.9010 0.0000
vn 0.4339 -0.9010 0.0000
vn 0.4339 -0.9010 0.0000
vn 0.9937 -0.1120 0.0050
vn 0.9937 -0.1120 0.0050
vn 0.9937 -0.1120 0.0050
vn 0.5418 -0.0832 -0.8364
vn 0.5418 -0.0832 -0.8364
vn 0.5418 -0.0832 -0.8364
vn -0.4339 0.9010 0.0000
vn -0.4339 0.9010 0.0000
vn -0.4339 0.9010 0.0000
vn 0.5988 0.8009 0.0053
vn 0.5988 0.8009 0.0053
vn 0.5988 0.8009 0.0053
vn -0.2825 0.9493 0.1378
vn -0.2825 0.9493 0.1378
vn -0.2825 0.9493 0.1378
vn 0.2734 0.3911 0.8788
vn 0.2734 0.3911 0.8788
vn 0.2734 0.3911 0.8788
vn -0.4339 0.9010 0.0000
vn -0.4339 0.9010 0.0000
vn -0.4339 0.9010 0.0000
vn 0.7818 0.6235 0.0000
vn 0.7818 0.6235 0.0000
vn 0.7818 0.6235 0.0000
vn -0.2526 0.9612 0.1108
vn -0.2526 0.9612 0.1108
vn -0.2526 0.9612 0.1108
vn -0.3945 -0.3975 0.8285
vn -0.3945 -0.3975 0.8285
vn -0.3945 -0.3975 0.8285
vn -0.3918 0.3713 0.8418
vn -0.3918 0.3713 0.8418
vn -0.3918 0.3713 0.8418
vn -0.0000 1.0000 0.0000
vn -0.0000 1.0000 0.0000
vn -0.0000 1.0000 0.0000
vn -0.4014 0.1743 -0.8992
vn -0.4014 0.1743 -0.8992
vn -0.4014 0.1743 -0.8992
vn -0.8914 -0.4414 0.1027
vn -0.8914 -0.4414 0.1027
vn -0.8914 -0.4414 0.1027
vn -0.9029 0.4159 0.1083
vn -0.9029 0.4159 0.1083
vn -0.9029 0.4159 0.1083
vn -0.8069 -0.5890 -0.0446
vn -0.8069 -0.5890 -0.0446
vn -0.8069 -0.5890 -0.0446
vn 0.0000 1.0000 0.0000
vn 0.0000 1.0000 0.0000
vn 0.0000 1.0000 0.0000
vn -0.9749 -0.2225 -0.0000
vn -0.9749 -0.2225 -0.0000
vn -0.9749 -0.2225 -0.0000
vn -0.3805 -0.1954 -0.9039
vn -0.3805 -0.1954 -0.9039
vn -0.3805 -0.1954 -0.9039
vn 0.0052 -0.4863 -0.8738
vn 0.0052 -0.4863 -0.8738
vn 0.0052 -0.4863 -0.8738
vn -0.4045 -0.2241 -0.8867
vn -0.4045 -0.2241 -0.8867
vn -0.4045 -0.2241 -0.8867
vn -0.8683 0.4630 0.1777
vn -0.8683 0.4630 0.1777
vn -0.8683 0.4630 0.1777
vn -0.0000 1.0000 0.0000
vn -0.0000 1.0000 0.0000
vn -0.0000 1.0000 0.0000
vn 0.0474 0.4124 0.9098
vn 0.0474 0.4124 0.9098
vn 0.0474 0.4124 0.9098
vn 0.1329 0.4402 0.8880
vn 0.1329 0.4402 0.8880
vn 0.1329 0.4402 0.8880
vn 0.9990 -0.0361 -0.0263
vn 0.9990 -0.0361 -0.0263
vn 0.9990 -0.0361 -0.0263
vn 0.2555 -0.4463 0.8576
vn 0.2555 -0.4463 0.8576
vn 0.2555 -0.4463 0.8576
vn -0.0816 -0.5186 0.8511
vn -0.0816 -0.5186 0.8511
vn -0.0816 -0.5186 0.8511
vn 0.6080 -0.7935 0.0264
vn 0.6080 -0.7935 0.0264
vn 0.6080 -0.7935 0.0264
vn 0.9749 0.2225 0.0000
vn 0.9749 0.2225 0.0000
vn 0.9749 0.2225 0.0000
vn 0.2643 -0.3613 -0.8942
vn 0.2643 -0.3613 -0.8942
vn 0.2643 -0.3613 -0.8942
vn 0.4339 0.9010 0.0000
vn 0.4339 0.9010 0.0000
vn 0.4339 0.9010 0.0000
vn 0.9749 -0.2225 0.0000
vn 0.9749 -0.2225 0.0000
vn 0.9749 -0.2225 0.0000
vn -0.9749 -0.2225 -0.0000
vn -0.9749 -0.2225 -0.0000
vn -0.9749 -0.2225 -0.0000
vn -0.4339 -0.9010 -0.0000
vn -0.4339 -0.9010 -0.0000
vn -0.4339 -0.9010 -0.0000
vn 0.5603 -0.8279 -0.0243
vn 0.5603 -0.8279 -0.0243
vn 0.5603 -0.8279 -0.0243
vn 0.9990 -0.0355 -0.0257
vn 0.9990 -0.0355 -0.0257
vn 0.9990 -0.0355 -0.0257
vn 0.3770 -0.0314 -0.9257
vn 0.3770 -0.0314 -0.9257
vn 0.3770 -0.0314 -0.9257
vn 0.1859 0.3571 -0.9154
vn 0.1859 0.3571 -0.9154
vn 0.1859 0.3571 -0.9154
vn 0.3755 -0.0328 0.9262
vn 0.3755 -0.0328 0.9262
vn 0.3755 -0.0328 0.9262
vn 0.4339 0.9010 -0.0000
vn 0.4339 0.9010 -0.0000
vn 0.4339 0.9010 -0.0000
vn 0.5563 0.8287 0.0612
vn 0.5563 0.8287 0.0612
vn 0.5563 0.8287 0.0612
vn 0.9749 -0.2225 0.0000
vn 0.9749 -0.2225 0.0000
vn 0.9749 -0.2225 0.0000
vn 0.4732 0.8806 -0.0240
vn 0.4732 0.8806 -0.0240
vn 0.4732 0.8806 -0.0240
vn -0.9749 0.2225 0.0000
vn -0.9749 0.2225 0.0000
vn -0.9749 0.2225 0.0000
vn -0.5786 -0.0942 0.8101
vn -0.5786 -0.0942 0.8101
vn -0.5786 -0.0942 0.8101
vn -0.4541 0.0046 0.8909
vn -0.4541 0.0046 0.8909
vn -0.4541 0.0046 0.8909
vn 0.0000 -1.0000 0.0000
vn 0.0000 -1.0000 0.0000
vn 0.0000 -1.0000 0.0000
vn -0.9699 0.2412 -0.0330
vn -0.9699 0.2412 -0.0330
vn -0.9699 0.2412 -0.0330
vn -0.1833 0.9812 0.0602
vn -0.1833 0.9812 0.0602
vn -0.1833 0.9812 0.0602
vn 0.7818 0.6235 0.0000
vn 0.7818 0.6235 0.0000
vn 0.7818 0.6235 0.0000
vn -0.0752 0.9966 -0.0344
vn -0.0752 0.9966 -0.0344
vn -0.0752 0.9966 -0.0344
vn -0.0770 0.5227 -0.8490
vn -0.0770 0.5227 -0.8490
vn -0.0770 0.5227 -0.8490
vn -0.1871 -0.9821 0.0198
vn -0.1871 -0.9821 0.0198
vn -0.1871 -0.9821 0.0198
vn -0.8756 -0.4487 0.1792
vn -0.8756 -0.4487 0.1792
vn -0.8756 -0.4487 0.1792
vn -0.0784 -0.4686 -0.8799
vn -0.0784 -0.4686 -0.8799
vn -0.0784 -0.4686 -0.8799
vn -0.9595 -0.2811 0.0183
vn -0.9595 -0.2811 0.0183
vn -0.9595 -0.2811 0.0183
vn -0.1947 -0.9805 0.0265
vn -0.1947 -0.9805 0.0265
vn -0.1947 -0.9805 0.0265
vn 0.7818 -0.6235 0.0000
vn 0.7818 -0.6235 0.0000
vn 0.7818 -0.6235 0.0000
vn -0.7818 -0.6235 0.0000
vn -0.7818 -0.6235 0.0000
vn -0.7818 -0.6235 0.0000
vn -0.7818 0.6235 0.0000
vn -0.7818 0.6235 0.0000
vn -0.7818 0.6235 0.0000
vn -0.4026 0.2427 -0.8826
vn -0.4026 0.2427 -0.8826
vn -0.4026 0.2427 -0.8826
vn -0.0000 -1.0000 -0.0000
vn -0.0000 -1.0000 -0.0000
vn -0.0000 -1.0000 -0.0000
vn -0.8189 0.5445 0.1814
vn -0.8189 0.5445 0.1814
vn -0.8189 0.5445 0.1814
vn -0.9649 -0.2305 -0.1258
vn -0.9649 -0.2305 -0.1258
vn -0.9649 -0.2305 -0.1258
vn -0.7818 0.6235 0.0000
vn -0.7818 0.6235 0.0000
vn -0.7818 0.6235 0.0000
vn -0.7818 -0.6235 0.0000
vn -0.7818 -0.6235 0.0000
vn -0.7818 -0.6235 0.0000
vn -0.9749 0.2225 0.0000
vn -0.9749 0.2225 0.0000
vn -0.9749 0.2225 0.0000
vn 0.2773 0.3263 0.9037
vn 0.2773 0.3263 0.9037
vn 0.2773 0.3263 0.9037
vn 0.9998 0.0173 0.0045
vn 0.9998 0.0173 0.0045
vn 0.9998 0.0173 0.0045
vn 0.3499 -0.4537 0.8196
vn 0.3499 -0.4537 0.8196
vn 0.3499 -0.4537 0.8196
vn 0.5032 -0.8626 0.0509
vn 0.5032 -0.8626 0.0509
vn 0.5032 -0.8626 0.0509
vn 0.2325 -0.5373 -0.8107
vn 0.2325 -0.5373 -0.8107
vn 0.2325 -0.5373 -0.8107
vn 0.9749 0.2225 0.0000
vn 0.9749 0.2225 0.0000
vn 0.9749 0.2225 0.0000
vn -0.4339 -0.9010 -0.0000
vn -0.4339 -0.9010 -0.0000
vn -0.4339 -0.9010 -0.0000
vn 0.6153 -0.7855 -0.0667
vn 0.6153 -0.7855 -0.0667
vn 0.6153 -0.7855 -0.0667
vn 0.9959 0.0738 0.0532
vn 0.9959 0.0738 0.0532
vn 0.9959 0.0738 0.0532
vn 0.2526 0.3408 -0.9056
vn 0.2526 0.3408 -0.9056
vn 0.2526 0.3408 -0.9056
vn 0.4339 -0.9010 0.0000
vn 0.4339 -0.9010 0.0000
vn 0.4339 -0.9010 0.0000
vn 0.5436 0.0772 -0.8358
vn 0.5436 0.0772 -0.8358
vn 0.5436 0.0772 -0.8358
vn -0.4339 0.9010 0.0000
vn -0.4339 0.9010 0.0000
vn -0.4339 0.9010 0.0000
vn 0.6108 0.7918 0.0045
vn 0.6108 0.7918 0.0045
vn 0.6108 0.7918 0.0045
vn 0.4269 0.0161 0.9042
vn 0.4269 0.0161 0.9042
vn 0.4269 0.0161 0.9042
vn 0.4339 0.9010 -0.0000
vn 0.4339 0.9010 -0.0000
vn 0.4339 0.9010 -0.0000
vn 0.9749 -0.2225 0.0000
vn 0.9749 -0.2225 0.0000
vn 0.9749 -0.2225 0.0000
vn 0.6343 0.7728 -0.0216
vn 0.6343 0.7728 -0.0216
vn 0.6343 0.7728 -0.0216
vn -0.0046 0.5026 0.8645
vn -0.0046 0.5026 0.8645
vn -0.0046 0.5026 0.8645
vn -0.9749 -0.2225 -0.0000
vn -0.9749 -0.2225 -0.0000
vn -0.9749 -0.2225 -0.0000
vn 0.0252 -0.4719 0.8813
vn 0.0252 -0.4719 0.8813
vn 0.0252 -0.4719 0.8813
vn -0.0977 -0.9862 -0.1338
vn -0.0977 -0.9862 -0.1338
vn -0.0977 -0.9862 -0.1338
vn -0.1759 -0.9821 -0.0678
vn -0.1759 -0.9821 -0.0678
vn -0.1759 -0.9821 -0.0678
vn -0.5137 0.0210 0.8577
vn -0.5137 0.0210 0.8577
vn -0.5137 0.0210 0.8577
vn -0.5138 -0.0017 0.8579
vn -0.5138 -0.0017 0.8579
vn -0.5138 -0.0017 0.8579
vn -0.9637 0.2461 -0.1041
vn -0.9637 0.2461 -0.1041
vn -0.9637 0.2461 -0.1041
vn -0.2245 0.9742 -0.0217
vn -0.2245 0.9742 -0.0217
vn -0.2245 0.9742 -0.0217
vn 0.7818 0.6235 0.0000
vn 0.7818 0.6235 0.0000
vn 0.7818 0.6235 0.0000
vn -0.1205 0.9865 -0.1110
vn -0.1205 0.9865 -0.1110
vn -0.1205 0.9865 -0.1110
vn -0.0977 0.4194 -0.9025
vn -0.0977 0.4194 -0.9025
vn -0.0977 0.4194 -0.9025
vn -0.3850 0.3535 -0.8525
vn -0.3850 0.3535 -0.8525
vn -0.3850 0.3535 -0.8525
vn -0.8140 -0.5522 0.1803
vn -0.8140 -0.5522 0.1803
vn -0.8140 -0.5522 0.1803
vn 0.0000 1.0000 0.0000
vn 0.0000 1.0000 0.0000
vn 0.0000 1.0000 0.0000
vn -0.9749 -0.2225 -0.0000
vn -0.9749 -0.2225 -0.0000
vn -0.9749 -0.2225 -0.0000
vn -0.3401 -0.3372 -0.8778
vn -0.3401 -0.3372 -0.8778
vn -0.3401 -0.3372 -0.8778
vn -0.0736 -0.5278 -0.8462
vn -0.0736 -0.5278 -0.8462
vn -0.0736 -0.5278 -0.8462
vn -0.0000 -1.0000 -0.0000
vn -0.0000 -1.0000 -0.0000
vn -0.0000 -1.0000 -0.0000
vn -0.7818 -0.6235 0.0000
vn -0.7818 -0.6235 0.0000
vn -0.7818 -0.6235 0.0000
vn 0.7818 0.6235 0.0000
vn 0.7818 0.6235 0.0000
vn 0.7818 0.6235 0.0000
vn 0.2538 0.4659 -0.8477
vn 0.2538 0.4659 -0.8477
vn 0.2538 0.4659 -0.8477
vn 0.5136 0.8556 -0.0646
vn 0.5136 0.8556 -0.0646
vn 0.5136 0.8556 -0.0646
vn -0.4339 0.9010 0.0000
vn -0.4339 0.9010 0.0000
vn -0.4339 0.9010 0.0000
vn 0.4339 0.9010 -0.0000
vn 0.4339 0.9010 -0.0000
vn 0.4339 0.9010 -0.0000
vn 0.1391 -0.3838 0.9129
vn 0.1391 -0.3838 0.9129
vn 0.1391 -0.3838 0.9129
vn -0.1910 -0.9714 0.1411
vn -0.1910 -0.9714 0.1411
vn -0.1910 -0.9714 0.1411
vn 0.3734 -0.2338 -0.8977
vn 0.3734 -0.2338 -0.8977
vn 0.3734 -0.2338 -0.8977
vn 0.4339 0.9010 0.0000
vn 0.4339 0.9010 0.0000
vn 0.4339 0.9010 0.0000
vn -0.4339 -0.9010 -0.0000
vn -0.4339 -0.9010 -0.0000
vn -0.4339 -0.9010 -0.0000
vn -0.0492 -0.3444 -0.9375
vn -0.0492 -0.3444 -0.9375
vn -0.0492 -0.3444 -0.9375
vn -0.0332 -0.9994 0.0020
vn -0.0332 -0.9994 0.0020
vn -0.0332 -0.9994 0.0020
vn -0.3024 -0.1460 0.9419
vn -0.3024 -0.1460 0.9419
vn -0.3024 -0.1460 0.9419
vn 0.0000 -1.0000 0.0000
vn 0.0000 -1.0000 0.0000
vn 0.0000 -1.0000 0.0000
vn -0.7818 -0.6235 0.0000
vn -0.7818 -0.6235 0.0000
vn -0.7818 -0.6235 0.0000
vn -0.2945 0.3864 0.8741
vn -0.2945 0.3864 0.8741
vn -0.2945 0.3864 0.8741
vn 0.7250 -0.6768 0.1281
vn 0.7250 -0.6768 0.1281
vn 0.7250 -0.6768 0.1281
vn 0.0839 -0.3969 0.9140
vn 0.0839 -0.3969 0.9140
vn 0.0839 -0.3969 0.9140
vn 0.7818 -0.6235 0.0000
vn 0.7818 -0.6235 0.0000
vn 0.7818 -0.6235 0.0000
vn -0.4339 -0.9010 -0.0000
vn -0.4339 -0.9010 -0.0000
vn -0.4339 -0.9010 -0.0000
vn 0.5091 -0.8534 -0.1119
vn 0.5091 -0.8534 -0.1119
vn 0.5091 -0.8534 -0.1119
vn 0.7818 0.6235 0.0000
vn 0.7818 0.6235 0.0000
vn 0.7818 0.6235 0.0000
vn 0.3546 -0.0153 0.9349
vn 0.3546 -0.0153 0.9349
vn 0.3546 -0.0153 0.9349
vn 0.9924 -0.0161 -0.1217
vn 0.9924 -0.0161 -0.1217
vn 0.9924 -0.0161 -0.1217
vn 0.1343 0.3647 0.9214
vn 0.1343 0.3647 0.9214
vn 0.1343 0.3647 0.9214
vn -0.1641 0.4204 0.8924
vn -0.1641 0.4204 0.8924
vn -0.1641 0.4204 0.8924
vn 0.9945 -0.0803 -0.0667
vn 0.9945 -0.0803 -0.0667
vn 0.9945 -0.0803 -0.0667
vn 0.5742 -0.0802 -0.8148
vn 0.5742 -0.0802 -0.8148
vn 0.5742 -0.0802 -0.8148
vn -0.2891 0.9569 -0.0289
vn -0.2891 0.9569 -0.0289
vn -0.2891 0.9569 -0.0289
vn 0.5474 0.8363 -0.0312
vn 0.5474 0.8363 -0.0312
vn 0.5474 0.8363 -0.0312
vn -0.4339 0.9010 0.0000
vn -0.4339 0.9010 0.0000
vn -0.4339 0.9010 0.0000
vn -0.1433 0.9848 0.0985
vn -0.1433 0.9848 0.0985
vn -0.1433 0.9848 0.0985
vn -0.0343 0.5310 -0.8467
vn -0.0343 0.5310 -0.8467
vn -0.0343 0.5310 -0.8467
vn -0.9207 -0.3902 0.0022
vn -0.9207 -0.3902 0.0022
vn -0.9207 -0.3902 0.0022
vn -0.8638 0.4926 0.1059
vn -0.8638 0.4926 0.1059
vn -0.8638 0.4926 0.1059
vn -0.9001 -0.4339 -0.0394
vn -0.9001 -0.4339 -0.0394
vn -0.9001 -0.4339 -0.0394
vn -0.7778 0.6276 -0.0340
vn -0.7778 0.6276 -0.0340
vn -0.7778 0.6276 -0.0340
vn -0.4212 0.2837 -0.8614
vn -0.4212 0.2837 -0.8614
vn -0.4212 0.2837 -0.8614
vn 0.7818 -0.6235 0.0000
vn 0.7818 -0.6235 0.0000
vn 0.7818 -0.6235 0.0000
vn -0.3448 -0.1190 -0.9311
vn -0.3448 -0.1190 -0.9311
vn -0.3448 -0.1190 -0.9311
vn -0.4502 -0.2320 -0.8623
vn -0.4502 -0.2320 -0.8623
vn -0.4502 -0.2320 -0.8623
vn -0.8419 -0.5390 0.0258
vn -0.8419 -0.5390 0.0258
vn -0.8419 -0.5390 0.0258
vn -0.0000 1.0000 0.0000
vn -0.0000 1.0000 0.0000
vn -0.0000 1.0000 0.0000
vn -0.0904 0.3325 0.9388
vn -0.0904 0.3325 0.9388
vn -0.0904 0.3325 0.9388
vn 0.1510 0.2830 0.9472
vn 0.1510 0.2830 0.9472
vn 0.1510 0.2830 0.9472
vn 0.9916 -0.0273 -0.1268
vn 0.9916 -0.0273 -0.1268
vn 0.9916 -0.0273 -0.1268
vn 0.2098 -0.2868 0.9347
vn 0.2098 -0.2868 0.9347
vn 0.2098 -0.2868 0.9347
vn 0.4159 -0.9092 0.0177
vn 0.4159 -0.9092 0.0177
vn 0.4159 -0.9092 0.0177
vn 0.4339 0.9010 -0.0000
vn 0.4339 0.9010 -0.0000
vn 0.4339 0.9010 -0.0000
vn 0.1286 -0.5544 -0.8223
vn 0.1286 -0.5544 -0.8223
vn 0.1286 -0.5544 -0.8223
vn -0.4339 -0.9010 -0.0000
vn -0.4339 -0.9010 -0.0000
vn -0.4339 -0.9010 -0.0000
vn 0.6016 -0.7782 -0.1802
vn 0.6016 -0.7782 -0.1802
vn 0.6016 -0.7782 -0.1802
vn 0.9897 0.1420 0.0191
vn 0.9897 0.1420 0.0191
vn 0.9897 0.1420 0.0191
vn 0.2780 0.3968 -0.8748
vn 0.2780 0.3968 -0.8748
vn 0.2780 0.3968 -0.8748
vn 0.7818 0.6235 0.0000
vn 0.7818 0.6235 0.0000
vn 0.7818 0.6235 0.0000
vn -0.1583 0.4878 -0.8585
vn -0.1583 0.4878 -0.8585
vn -0.1583 0.4878 -0.8585
vn 0.4339 -0.9010 0.0000
vn 0.4339 -0.9010 0.0000
vn 0.4339 -0.9010 0.0000
vn 0.3842 0.1300 -0.9141
vn 0.3842 0.1300 -0.9141
vn 0.3842 0.1300 -0.9141
vn -0.4339 0.9010 0.0000
vn -0.4339 0.9010 0.0000
vn -0.4339 0.9010 0.0000
vn 0.3010 -0.0247 0.9533
vn 0.3010 -0.0247 0.9533
vn 0.3010 -0.0247 0.9533
vn 0.4339 0.9010 -0.0000
vn 0.4339 0.9010 -0.0000
vn 0.4339 0.9010 -0.0000
vn -0.2355 0.9641 -0.1224
vn -0.2355 0.9641 -0.1224
vn -0.2355 0.9641 -0.1224
vn 0.5949 0.7979 -0.0977
vn 0.5949 0.7979 -0.0977
vn 0.5949 0.7979 -0.0977
vn 0.9749 -0.2225 0.0000
vn 0.9749 -0.2225 0.0000
vn 0.9749 -0.2225 0.0000
vn 0.5676 0.8139 -0.1243
vn 0.5676 0.8139 -0.1243
vn 0.5676 0.8139 -0.1243
vn -0.2685 0.9587 -0.0939
vn -0.2685 0.9587 -0.0939
vn -0.2685 0.9587 -0.0939
vn -0.9749 0.2225 0.0000
vn -0.9749 0.2225 0.0000
vn -0.9749 0.2225 0.0000
vn -0.8989 0.4211 -0.1209
vn -0.8989 0.4211 -0.1209
vn -0.8989 0.4211 -0.1209
vn -0.3238 0.1447 0.9350
vn -0.3238 0.1447 0.9350
vn -0.3238 0.1447 0.9350
vn 0.0000 -1.0000 0.0000
vn 0.0000 -1.0000 0.0000
vn 0.0000 -1.0000 0.0000
vn 0.7818 -0.6235 0.0000
vn 0.7818 -0.6235 0.0000
vn 0.7818 -0.6235 0.0000
vn -0.3632 -0.9171 -0.1642
vn -0.3632 -0.9171 -0.1642
vn -0.3632 -0.9171 -0.1642
vn -0.4321 -0.3414 0.8347
vn -0.4321 -0.3414 0.8347
vn -0.4321 -0.3414 0.8347
vn -0.2463 -0.3761 0.8933
vn -0.2463 -0.3761 0.8933
vn -0.2463 -0.3761 0.8933
vn -0.8206 0.5709 0.0251
vn -0.8206 0.5709 0.0251
vn -0.8206 0.5709 0.0251
vn 0.0543 -0.5697 -0.8200
vn 0.0543 -0.5697 -0.8200
vn 0.0543 -0.5697 -0.8200
vn -0.8890 -0.4423 0.1184
vn -0.8890 -0.4423 0.1184
vn -0.8890 -0.4423 0.1184
vn -0.0572 -0.9926 0.1068
vn -0.0572 -0.9926 0.1068
vn -0.0572 -0.9926 0.1068
vn 0.7818 -0.6235 0.0000
vn 0.7818 -0.6235 0.0000
vn 0.7818 -0.6235 0.0000
vn -0.7818 -0.6235 0.0000
vn -0.7818 -0.6235 0.0000
vn -0.7818 -0.6235 0.0000
vn -0.7818 0.6235 0.0000
vn -0.7818 0.6235 0.0000
vn -0.7818 0.6235 0.0000
vn -0.4266 0.3878 -0.8171
vn -0.4266 0.3878 -0.8171
vn -0.4266 0.3878 -0.8171
vn 0.3697 -0.3063 -0.8772
vn 0.3697 -0.3063 -0.8772
vn 0.3697 -0.3063 -0.8772
vn 0.9966 0.0349 -0.0751
vn 0.9966 0.0349 -0.0751
vn 0.9966 0.0349 -0.0751
vn 0.1232 -0.5167 0.8472
vn 0.1232 -0.5167 0.8472
vn 0.1232 -0.5167 0.8472
vn 0.9749 0.2225 -0.0000
vn 0.9749 0.2225 -0.0000
vn 0.9749 0.2225 -0.0000
vn -0.4339 0.9010 0.0000
vn -0.4339 0.9010 0.0000
vn -0.4339 0.9010 0.0000
vn 0.4154 0.0338 0.9090
vn 0.4154 0.0338 0.9090
vn 0.4154 0.0338 0.9090
vn 0.4963 0.8680 -0.0148
vn 0.4963 0.8680 -0.0148
vn 0.4963 0.8680 -0.0148
vn 0.1412 0.4583 -0.8775
vn 0.1412 0.4583 -0.8775
vn 0.1412 0.4583 -0.8775
vn 0.9749 -0.2225 0.0000
vn 0.9749 -0.2225 0.0000
vn 0.9749 -0.2225 0.0000
vn 0.4339 -0.9010 0.0000
vn 0.4339 -0.9010 0.0000
vn 0.4339 -0.9010 0.0000
vn 0.1836 0.4725 0.8620
vn 0.1836 0.4725 0.8620
vn 0.1836 0.4725 0.8620
vn 0.4701 0.8825 0.0114
vn 0.4701 0.8825 0.0114
vn 0.4701 0.8825 0.0114
vn 0.6773 -0.7079 0.2003
vn 0.6773 -0.7079 0.2003
vn 0.6773 -0.7079 0.2003
vn 0.4058 -0.0617 -0.9119
vn 0.4058 -0.0617 -0.9119
vn 0.4058 -0.0617 -0.9119
vn 0.4336 -0.8987 -0.0664
vn 0.4336 -0.8987 -0.0664
vn 0.4336 -0.8987 -0.0664
vn 0.9977 -0.0668 0.0123
vn 0.9977 -0.0668 0.0123
vn 0.9977 -0.0668 0.0123
vn 0.4339 0.9010 0.0000
vn 0.4339 0.9010 0.0000
vn 0.4339 0.9010 0.0000
vn -0.4339 -0.9010 -0.0000
vn -0.4339 -0.9010 -0.0000
vn -0.4339 -0.9010 -0.0000
vn -0.5095 -0.0890 -0.8559
vn -0.5095 -0.0890 -0.8559
vn -0.5095 -0.0890 -0.8559
vn -0.9485 0.3150 0.0333
vn -0.9485 0.3150 0.0333
vn -0.9485 0.3150 0.0333
vn -0.0000 1.0000 0.0000
vn -0.0000 1.0000 0.0000
vn -0.0000 1.0000 0.0000
vn -0.0954 0.3381 0.9363
vn -0.0954 0.3381 0.9363
vn -0.0954 0.3381 0.9363
vn 0.6876 0.7200 -0.0943
vn 0.6876 0.7200 -0.0943
vn 0.6876 0.7200 -0.0943
vn 0.9958 0.0914 0.0042
vn 0.9958 0.0914 0.0042
vn 0.9958 0.0914 0.0042
vn 0.2139 -0.4065 -0.8883
vn 0.2139 -0.4065 -0.8883
vn 0.2139 -0.4065 -0.8883
vn -0.2030 -0.9598 -0.1936
vn -0.2030 -0.9598 -0.1936
vn -0.2030 -0.9598 -0.1936
vn -0.0566 -0.3164 0.9469
vn -0.0566 -0.3164 0.9469
vn -0.0566 -0.3164 0.9469
vn -0.9749 -0.2225 -0.0000
vn -0.9749 -0.2225 -0.0000
vn -0.9749 -0.2225 -0.0000
vn 0.9749 0.2225 0.0000
vn 0.9749 0.2225 0.0000
vn 0.9749 0.2225 0.0000
vn 0.3820 -0.2643 0.8855
vn 0.3820 -0.2643 0.8855
vn 0.3820 -0.2643 0.8855
vn 0.5503 -0.8349 0.0042
vn 0.5503 -0.8349 0.0042
vn 0.5503 -0.8349 0.0042
vn -0.4339 -0.9010 -0.0000
vn -0.4339 -0.9010 -0.0000
vn -0.4339 -0.9010 -0.0000
vn 0.4339 -0.9010 0.0000
vn 0.4339 -0.9010 0.0000
vn 0.4339 -0.9010 0.0000
vn -0.4339 0.9010 0.0000
vn -0.4339 0.9010 0.0000
vn -0.4339 0.9010 0.0000
vn 0.5107 -0.0700 0.8569
vn 0.5107 -0.0700 0.8569
vn 0.5107 -0.0700 0.8569
vn 0.7059 -0.6852 -0.1794
vn 0.7059 -0.6852 -0.1794
vn 0.7059 -0.6852 -0.1794
vn 0.3507 0.3096 -0.8838
vn 0.3507 0.3096 -0.8838
vn 0.3507 0.3096 -0.8838
vn 0.4339 -0.9010 0.0000
vn 0.4339 -0.9010 0.0000
vn 0.4339 -0.9010 0.0000
vn 0.9894 -0.0648 -0.1298
vn 0.9894 -0.0648 -0.1298
vn 0.9894 -0.0648 -0.1298
vn 0.4516 0.0873 -0.8880
vn 0.4516 0.0873 -0.8880
vn 0.4516 0.0873 -0.8880
vn -0.4339 0.9010 0.0000
vn -0.4339 0.9010 0.0000
vn -0.4339 0.9010 0.0000
vn 0.3365 0.3549 0.8722
vn 0.3365 0.3549 0.8722
vn 0.3365 0.3549 0.8722
vn 0.6478 0.7495 -0.1366
vn 0.6478 0.7495 -0.1366
vn 0.6478 0.7495 -0.1366
vn -0.2400 0.9658 -0.0979
vn -0.2400 0.9658 -0.0979
vn -0.2400 0.9658 -0.0979
vn -0.9749 0.2225 0.0000
vn -0.9749 0.2225 0.0000
vn -0.9749 0.2225 0.0000
vn -0.4459 0.0139 0.8950
vn -0.4459 0.0139 0.8950
vn -0.4459 0.0139 0.8950
vn -0.4400 0.0458 0.8968
vn -0.4400 0.0458 0.8968
vn -0.4400 0.0458 0.8968
vn 0.0000 -1.0000 0.0000
vn 0.0000 -1.0000 0.0000
vn 0.0000 -1.0000 0.0000
vn -0.9591 0.2829 0.0038
vn -0.9591 0.2829 0.0038
vn -0.9591 0.2829 0.0038
vn 0.7818 0.6235 0.0000
vn 0.7818 0.6235 0.0000
vn 0.7818 0.6235 0.0000
vn -0.1246 0.9922 0.0040
vn -0.1246 0.9922 0.0040
vn -0.1246 0.9922 0.0040
vn 0.0008 0.4032 -0.9151
vn 0.0008 0.4032 -0.9151
vn 0.0008 0.4032 -0.9151
vn -0.9523 -0.3032 0.0334
vn -0.9523 -0.3032 0.0334
vn -0.9523 -0.3032 0.0334
vn 0.0740 -0.5391 -0.8390
vn 0.0740 -0.5391 -0.8390
vn 0.0740 -0.5391 -0.8390
vn -0.9735 -0.2255 -0.0371
vn -0.9735 -0.2255 -0.0371
vn -0.9735 -0.2255 -0.0371
vn -0.0265 -0.9989 -0.0377
vn -0.0265 -0.9989 -0.0377
vn -0.0265 -0.9989 -0.0377
vn 0.7818 -0.6235 0.0000
vn 0.7818 -0.6235 0.0000
vn 0.7818 -0.6235 0.0000
vn -0.7818 -0.6235 0.0000
vn -0.7818 -0.6235 0.0000
vn -0.7818 -0.6235 0.0000
vn -0.7818 0.6235 0.0000
vn -0.7818 0.6235 0.0000
vn -0.7818 0.6235 0.0000
vn -0.5088 0.1020 -0.8548
vn -0.5088 0.1020 -0.8548
vn -0.5088 0.1020 -0.8548
vn -0.4557 -0.0085 -0.8901
vn -0.4557 -0.0085 -0.8901
vn -0.4557 -0.0085 -0.8901
vn -0.0490 -0.9801 0.1926
vn -0.0490 -0.9801 0.1926
vn -0.0490 -0.9801 0.1926
vn -0.3412 -0.3018 0.8902
vn -0.3412 -0.3018 0.8902
vn -0.3412 -0.3018 0.8902
vn -0.9749 -0.2225 -0.0000
vn -0.9749 -0.2225 -0.0000
vn -0.9749 -0.2225 -0.0000
vn -0.4339 -0.9010 -0.0000
vn -0.4339 -0.9010 -0.0000
vn -0.4339 -0.9010 -0.0000
vn 0.4339 0.9010 -0.0000
vn 0.4339 0.9010 -0.0000
vn 0.4339 0.9010 -0.0000
vn -0.4339 0.9010 0.0000
vn -0.4339 0.9010 0.0000
vn -0.4339 0.9010 0.0000
vn -0.9749 0.2225 0.0000
vn -0.9749 0.2225 0.0000
vn -0.9749 0.2225 0.0000
vn -0.1342 0.9814 -0.1374
vn -0.1342 0.9814 -0.1374
vn -0.1342 0.9814 -0.1374
vn -0.3028 0.4948 -0.8145
vn -0.3028 0.4948 -0.8145
vn -0.3028 0.4948 -0.8145
vn 0.9749 -0.2225 0.0000
vn 0.9749 -0.2225 0.0000
vn 0.9749 -0.2225 0.0000
vn 0.4596 0.2248 -0.8592
vn 0.4596 0.2248 -0.8592
vn 0.4596 0.2248 -0.8592
vn -0.4339 -0.9010 -0.0000
vn -0.4339 -0.9010 -0.0000
vn -0.4339 -0.9010 -0.0000
vn 0.4339 0.9010 0.0000
vn 0.4339 0.9010 0.0000
vn 0.4339 0.9010 0.0000
vn 0.4507 0.2431 -0.8590
vn 0.4507 0.2431 -0.8590
vn 0.4507 0.2431 -0.8590
vn -0.9749 0.2225 0.0000
vn -0.9749 0.2225 0.0000
vn -0.9749 0.2225 0.0000
vn 0.7624 0.6415 0.0846
vn 0.7624 0.6415 0.0846
vn 0.7624 0.6415 0.0846
vn -0.0007 0.3908 0.9205
vn -0.0007 0.3908 0.9205
vn -0.0007 0.3908 0.9205
vn -0.3858 0.9185 0.0862
vn -0.3858 0.9185 0.0862
vn -0.3858 0.9185 0.0862
vn 0.2463 0.3309 0.9110
vn 0.2463 0.3309 0.9110
vn 0.2463 0.3309 0.9110
vn 0.6095 0.7867 -0.0978
vn 0.6095 0.7867 -0.0978
vn 0.6095 0.7867 -0.0978
vn 0.9951 0.0066 -0.0988
vn 0.9951 0.0066 -0.0988
vn 0.9951 0.0066 -0.0988
vn 0.4100 0.0065 0.9121
vn 0.4100 0.0065 0.9121
vn 0.4100 0.0065 0.9121
vn 0.9714 0.2205 0.0878
vn 0.9714 0.2205 0.0878
vn 0.9714 0.2205 0.0878
vn 0.4103 -0.3457 0.8439
vn 0.4103 -0.3457 0.8439
vn 0.4103 -0.3457 0.8439
vn -0.3544 0.1121 0.9283
vn -0.3544 0.1121 0.9283
vn -0.3544 0.1121 0.9283
vn 0.0000 -1.0000 0.0000
vn 0.0000 -1.0000 0.0000
vn 0.0000 -1.0000 0.0000
vn -0.0000 1.0000 0.0000
vn -0.0000 1.0000 0.0000
vn -0.0000 1.0000 0.0000
vn -0.2851 -0.3483 0.8930
vn -0.2851 -0.3483 0.8930
vn -0.2851 -0.3483 0.8930
vn 0.6899 -0.7112 -0.1353
vn 0.6899 -0.7112 -0.1353
vn 0.6899 -0.7112 -0.1353
vn -0.9749 -0.2225 -0.0000
vn -0.9749 -0.2225 -0.0000
vn -0.9749 -0.2225 -0.0000
vn -0.4113 -0.9027 -0.1260
vn -0.4113 -0.9027 -0.1260
vn -0.4113 -0.9027 -0.1260
vn 0.4813 -0.8718 0.0915
vn 0.4813 -0.8718 0.0915
vn 0.4813 -0.8718 0.0915
vn 0.1669 -0.4874 -0.8571
vn 0.1669 -0.4874 -0.8571
vn 0.1669 -0.4874 -0.8571
vn 0.0877 -0.4025 -0.9112
vn 0.0877 -0.4025 -0.9112
vn 0.0877 -0.4025 -0.9112
vn -0.7818 -0.6235 0.0000
vn -0.7818 -0.6235 0.0000
vn -0.7818 -0.6235 0.0000
vn 0.7818 -0.6235 0.0000
vn 0.7818 -0.6235 0.0000
vn 0.7818 -0.6235 0.0000
vn -0.4426 0.2380 -0.8646
vn -0.4426 0.2380 -0.8646
vn -0.4426 0.2380 -0.8646
vn -0.2024 -0.3405 -0.9182
vn -0.2024 -0.3405 -0.9182
vn -0.2024 -0.3405 -0.9182
vn -0.2818 -0.9567 0.0724
vn -0.2818 -0.9567 0.0724
vn -0.2818 -0.9567 0.0724
vn -0.1553 -0.4257 0.8914
vn -0.1553 -0.4257 0.8914
vn -0.1553 -0.4257 0.8914
vn 0.4992 -0.8664 0.0086
vn 0.4992 -0.8664 0.0086
vn 0.4992 -0.8664 0.0086
vn 0.4339 0.9010 -0.0000
vn 0.4339 0.9010 -0.0000
vn 0.4339 0.9010 -0.0000
vn 0.9749 -0.2225 0.0000
vn 0.9749 -0.2225 0.0000
vn 0.9749 -0.2225 0.0000
vn -0.9749 0.2225 0.0000
vn -0.9749 0.2225 0.0000
vn -0.9749 0.2225 0.0000
vn -0.2705 0.9627 -0.0025
vn -0.2705 0.9627 -0.0025
vn -0.2705 0.9627 -0.0025
vn -0.1782 0.3473 -0.9207
vn -0.1782 0.3473 -0.9207
vn -0.1782 0.3473 -0.9207
vn 0.6555 0.7436 0.1321
vn 0.6555 0.7436 0.1321
vn 0.6555 0.7436 0.1321
vn 0.4339 -0.9010 0.0000
vn 0.4339 -0.9010 0.0000
vn 0.4339 -0.9010 0.0000
vn 0.9749 -0.2225 0.0000
vn 0.9749 -0.2225 0.0000
vn 0.9749 -0.2225 0.0000
vn 0.3729 0.3817 -0.8457
vn 0.3729 0.3817 -0.8457
vn 0.3729 0.3817 -0.8457
vn -0.9749 0.2225 0.0000
vn -0.9749 0.2225 0.0000
vn -0.9749 0.2225 0.0000
vn -0.1687 0.5138 0.8412
vn -0.1687 0.5138 0.8412
vn -0.1687 0.5138 0.8412
vn 0.7339 0.6779 0.0437
vn 0.7339 0.6779 0.0437
vn 0.7339 0.6779 0.0437
vn -0.3229 0.9453 0.0450
vn -0.3229 0.9453 0.0450
vn -0.3229 0.9453 0.0450
vn 0.3694 0.2424 0.8971
vn 0.3694 0.2424 0.8971
vn 0.3694 0.2424 0.8971
vn -0.4339 -0.9010 -0.0000
vn -0.4339 -0.9010 -0.0000
vn -0.4339 -0.9010 -0.0000
vn 0.3914 0.1982 0.8986
vn 0.3914 0.1982 0.8986
vn 0.3914 0.1982 0.8986
vn 0.9760 0.2174 0.0082
vn 0.9760 0.2174 0.0082
vn 0.9760 0.2174 0.0082
vn -0.4339 -0.9010 -0.0000
vn -0.4339 -0.9010 -0.0000
vn -0.4339 -0.9010 -0.0000
vn 0.9882 0.0746 0.1335
vn 0.9882 0.0746 0.1335
vn 0.9882 0.0746 0.1335
vn 0.4164 0.0754 -0.9061
vn 0.4164 0.0754 -0.9061
vn 0.4164 0.0754 -0.9061
vn -0.9749 -0.2225 -0.0000
vn -0.9749 -0.2225 -0.0000
vn -0.9749 -0.2225 -0.0000
vn 0.1494 -0.4093 0.9001
vn 0.1494 -0.4093 0.9001
vn 0.1494 -0.4093 0.9001
vn -0.3405 -0.9317 0.1262
vn -0.3405 -0.9317 0.1262
vn -0.3405 -0.9317 0.1262
vn 0.6155 -0.7764 0.1355
vn 0.6155 -0.7764 0.1355
vn 0.6155 -0.7764 0.1355
vn 0.2392 -0.3045 -0.9220
vn 0.2392 -0.3045 -0.9220
vn 0.2392 -0.3045 -0.9220
vn -0.9749 -0.2225 -0.0000
vn -0.9749 -0.2225 -0.0000
vn -0.9749 -0.2225 -0.0000
vn 0.9749 0.2225 0.0000
vn 0.9749 0.2225 0.0000
vn 0.9749 0.2225 0.0000
vn 0.6633 -0.7261 0.1812
vn 0.6633 -0.7261 0.1812
vn 0.6633 -0.7261 0.1812
vn 0.9749 0.2225 -0.0000
vn 0.9749 0.2225 -0.0000
vn 0.9749 0.2225 -0.0000
vn 0.4339 -0.9010 0.0000
vn 0.4339 -0.9010 0.0000
vn 0.4339 -0.9010 0.0000
vn 0.9749 -0.2225 0.0000
vn 0.9749 -0.2225 0.0000
vn 0.9749 -0.2225 0.0000
vn -0.1780 0.5043 0.8450
vn -0.1780 0.5043 0.8450
vn -0.1780 0.5043 0.8450
vn -0.9749 0.2225 0.0000
vn -0.9749 0.2225 0.0000
vn -0.9749 0.2225 0.0000
vn 0.6232 0.7640 0.1668
vn 0.6232 0.7640 0.1668
vn 0.6232 0.7640 0.1668
vn -0.3364 0.3964 -0.8542
vn -0.3364 0.3964 -0.8542
vn -0.3364 0.3964 -0.8542
vn 0.7818 0.6235 0.0000
vn 0.7818 0.6235 0.0000
vn 0.7818 0.6235 0.0000
vn 0.2454 0.2901 -0.9250
vn 0.2454 0.2901 -0.9250
vn 0.2454 0.2901 -0.9250
vn -0.4339 0.9010 0.0000
vn -0.4339 0.9010 0.0000
vn -0.4339 0.9010 0.0000
vn 0.2929 0.4858 0.8236
vn 0.2929 0.4858 0.8236
vn 0.2929 0.4858 0.8236
vn 0.5600 0.8232 0.0936
vn 0.5600 0.8232 0.0936
vn 0.5600 0.8232 0.0936
vn 0.4904 -0.0339 0.8708
vn 0.4904 -0.0339 0.8708
vn 0.4904 -0.0339 0.8708
vn 0.2686 -0.4629 0.8447
vn 0.2686 -0.4629 0.8447
vn 0.2686 -0.4629 0.8447
vn 0.9975 -0.0358 0.0605
vn 0.9975 -0.0358 0.0605
vn 0.9975 -0.0358 0.0605
vn 0.5575 -0.8282 0.0570
vn 0.5575 -0.8282 0.0570
vn 0.5575 -0.8282 0.0570
vn 0.9928 -0.0744 0.0936
vn 0.9928 -0.0744 0.0936
vn 0.9928 -0.0744 0.0936
vn 0.4339 -0.9010 0.0000
vn 0.4339 -0.9010 0.0000
vn 0.4339 -0.9010 0.0000
vn 0.3293 -0.2999 -0.8953
vn 0.3293 -0.2999 -0.8953
vn 0.3293 -0.2999 -0.8953
vn 0.4382 -0.0744 -0.8958
vn 0.4382 -0.0744 -0.8958
vn 0.4382 -0.0744 -0.8958
usemtl tree_m0_far
f 1/1/1 2/2/2 3/3/3
f 4/4/4 5/5/5 6/6/6
f 7/7/7 8/8/8 9/9/9
f 10/10/10 11/11/11 12/12/12
f 13/13/13 14/14/14 15/15/15
f 16/16/16 17/17/17 18/18/18
f 19/19/19 20/20/20 21/21/21
f 22/22/22 23/23/23 24/24/24
f 25/25/25 26/26/26 27/27/27
f 28/28/28 29/29/29 30/30/30
f 31/31/31 32/32/32 33/33/33
f 34/34/34 35/35/35 36/36/36
f 37/37/37 38/38/38 39/39/39
f 40/40/40 41/41/41 42/42/42
f 43/43/43 44/44/44 45/45/45
f 46/46/46 47/47/47 48/48/48
f 49/49/49 50/50/50 51/51/51
f 52/52/52 53/53/53 54/54/54
f 55/55/55 56/56/56 57/57/57
f 58/58/58 59/59/59 60/60/60
f 61/61/61 62/62/62 63/63/63
f 64/64/64 65/65/65 66/66/66
f 67/67/67 68/68/68 69/69/69
f 70/70/70 71/71/71 72/72/72
f 73/73/73 74/74/74 75/75/75
f 76/76/76 77/77/77 78/78/78
f 79/79/79 80/80/80 81/81/81
f 82/82/82 83/83/83 84/84/84
f 85/85/85 86/86/86 87/87/87
f 88/88/88 89/89/89 90/90/90
f 91/91/91 92/92/92 93/93/93
f 94/94/94 95/95/95 96/96/96
f 97/97/97 98/98/98 99/99/99
f 100/100/100 101/101/101 102/102/102
f 103/103/103 104/104/104 105/105/105
f 106/106/106 107/107/107 108/108/108
f 109/109/109 110/110/110 111/111/111
f 112/112/112 113/113/113 114/114/114
f 115/115/115 116/116/116 117/117/117
f 118/118/118 119/119/119 120/120/120
f 121/121/121 122/122/122 123/123/123
f 124/124/124 125/125/125 126/126/126
f 127/127/127 128/128/128 129/129/129
f 130/130/130 131/131/131 132/132/132
f 133/133/133 134/134/134 135/135/135
f 136/136/136 137/137/137 138/138/138
f 139/139/139 140/140/140 141/141/141
f 142/142/142 143/143/143 144/144/144
f 145/145/145 146/146/146 147/147/147
f 148/148/148 149/149/149 150/150/150
f 151/151/151 152/152/152 153/153/153
f 154/154/154 155/155/155 156/156/156
f 157/157/157 158/158/158 159/159/159
f 160/160/160 161/161/161 162/162/162
f 163/163/163 164/164/164 165/165/165
f 166/166/166 167/167/167 168/168/168
f 169/169/169 170/170/170 171/171/171
f 172/172/172 173/173/173 174/174/174
f 175/175/175 176/176/176 177/177/177
f 178/178/178 179/179/179 180/180/180
f 181/181/181 182/182/182 183/183/183
f 184/184/184 185/185/185 186/186/186
f 187/187/187 188/188/188 189/189/189
f 190/190/190 191/191/191 192/192/192
f 193/193/193 194/194/194 195/195/195
f 196/196/196 197/197/197 198/198/198
f 199/199/199 200/200/200 201/201/201
f 202/202/202 203/203/203 204/204/204
f 205/205/205 206/206/206 207/207/207
f 208/208/208 209/209/209 210/210/210
f 211/211/211 212/212/212 213/213/213
f 214/214/214 215/215/215 216/216/216
f 217/217/217 218/218/218 219/219/219
f 220/220/220 221/221/221 222/222/222
f 223/223/223 224/224/224 225/225/225
f 226/226/226 227/227/227 228/228/228
f 229/229/229 230/230/230 231/231/231
f 232/232/232 233/233/233 234/234/234
f 235/235/235 236/236/236 237/237/237
f 238/238/238 239/239/239 240/240/240
f 241/241/241 242/242/242 243/243/243
f 244/244/244 245/245/245 246/246/246
f 247/247/247 248/248/248 249/249/249
f 250/250/250 251/251/251 252/252/252
f 253/253/253 254/254/254 255/255/255
f 256/256/256 257/257/257 258/258/258
f 259/259/259 260/260/260 261/261/261
f 262/262/262 263/263/263 264/264/264
f 265/265/265 266/266/266 267/267/267
f 268/268/268 269/269/269 270/270/270
f 271/271/271 272/272/272 273/273/273
f 274/274/274 275/275/275 276/276/276
f 277/277/277 278/278/278 279/279/279
f 280/280/280 281/281/281 282/282/282
f 283/283/283 284/284/284 285/285/285
f 286/286/286 287/287/287 288/288/288
f 289/289/289 290/290/290 291/291/291
f 292/292/292 293/293/293 294/294/294
f 295/295/295 296/296/296 297/297/297
f 298/298/298 299/299/299 300/300/300
f 301/301/301 302/302/302 303/303/303
f 304/304/304 305/305/305 306/306/306
f 307/307/307 308/308/308 309/309/309
f 310/310/310 311/311/311 312/312/312
f 313/313/313 314/314/314 315/315/315
f 316/316/316 317/317/317 318/318/318
f 319/319/319 320/320/320 321/321/321
f 322/322/322 323/323/323 324/324/324
f 325/325/325 326/326/326 327/327/327
f 328/328/328 329/329/329 330/330/330
f 331/331/331 332/332/332 333/333/333
f 334/334/334 335/335/335 336/336/336
f 337/337/337 338/338/338 339/339/339
f 340/340/340 341/341/341 342/342/342
f 343/343/343 344/344/344 345/345/345
f 346/346/346 347/347/347 348/348/348
f 349/349/349 350/350/350 351/351/351
f 352/352/352 353/353/353 354/354/354
f 355/355/355 356/356/356 357/357/357
f 358/358/358 359/359/359 360/360/360
f 361/361/361 362/362/362 363/363/363
f 364/364/364 365/365/365 366/366/366
f 367/367/367 368/368/368 369/369/369
f 370/370/370 371/371/371 372/372/372
f 373/373/373 374/374/374 375/375/375
f 376/376/376 377/377/377 378/378/378
f 379/379/379 380/380/380 381/381/381
f 382/382/382 383/383/383 384/384/384
f 385/385/385 386/386/386 387/387/387
f 388/388/388 389/389/389 390/390/390
f 391/391/391 392/392/392 393/393/393
f 394/394/394 395/395/395 396/396/396
f 397/397/397 398/398/398 399/399/399
f 400/400/400 401/401/401 402/402/402
f 403/403/403 404/404/404 405/405/405
f 406/406/406 407/407/407 408/408/408
f 409/409/409 410/410/410 411/411/411
f 412/412/412 413/413/413 414/414/414
f 415/415/415 416/416/416 417/417/417
f 418/418/418 419/419/419 420/420/420
f 421/421/421 422/422/422 423/423/423
f 424/424/424 425/425/425 426/426/426
f 427/427/427 428/428/428 429/429/429
f 430/430/430 431/431/431 432/432/432
f 433/433/433 434/434/434 435/435/435
f 436/436/436 437/437/437 438/438/438
f 439/439/439 440/440/440 441/441/441
f 442/442/442 443/443/443 444/444/444
f 445/445/445 446/446/446 447/447/447
f 448/448/448 449/449/449 450/450/450
f 451/451/451 452/452/452 453/453/453
f 454/454/454 455/455/455 456/456/456
f 457/457/457 458/458/458 459/459/459
f 460/460/460 461/461/461 462/462/462
f 463/463/463 464/464/464 465/465/465
f 466/466/466 467/467/467 468/468/468
f 469/469/469 470/470/470 471/471/471
f 472/472/472 473/473/473 474/474/474
f 475/475/475 476/476/476 477/477/477
f 478/478/478 479/479/479 480/480/480
f 481/481/481 482/482/482 483/483/483
f 484/484/484 485/485/485 486/486/486
f 487/487/487 488/488/488 489/489/489
f 490/490/490 491/491/491 492/492/492
f 493/493/493 494/494/494 495/495/495
f 496/496/496 497/497/497 498/498/498
f 499/499/499 500/500/500 501/501/501
f 502/502/502 503/503/503 504/504/504
f 505/505/505 506/506/506 507/507/507
f 508/508/508 509/509/509 510/510/510
f 511/511/511 512/512/512 513/513/513
f 514/514/514 515/515/515 516/516/516
f 517/517/517 518/518/518 519/519/519
f 520/520/520 521/521/521 522/522/522
f 523/523/523 524/524/524 525/525/525
f 526/526/526 527/527/527 528/528/528
f 529/529/529 530/530/530 531/531/531
f 532/532/532 533/533/533 534/534/534
f 535/535/535 536/536/536 537/537/537
f 538/538/538 539/539/539 540/540/540
f 541/541/541 542/542/542 543/543/543
f 544/544/544 545/545/545 546/546/546
f 547/547/547 548/548/548 549/549/549
f 550/550/550 551/551/551 552/552/552
f 553/553/553 554/554/554 555/555/555
f 556/556/556 557/557/557 558/558/558
f 559/559/559 560/560/560 561/561/561
f 562/562/562 563/563/563 564/564/564
f 565/565/565 566/566/566 567/567/567
f 568/568/568 569/569/569 570/570/570
f 571/571/571 572/572/572 573/573/573
f 574/574/574 575/575/575 576/576/576
f 577/577/577 578/578/578 579/579/579
f 580/580/580 581/581/581 582/582/582
f 583/583/583 584/584/584 585/585/585
f 586/586/586 587/587/587 588/588/588
f 589/589/589 590/590/590 591/591/591
f 592/592/592 593/593/593 594/594/594
f 595/595/595 596/596/596 597/597/597
f 598/598/598 599/599/599 600/600/600
f 601/601/601 602/602/602 603/603/603
f 604/604/604 605/605/605 606/606/606
f 607/607/607 608/608/608 609/609/609
f 610/610/610 611/611/611 612/612/612
f 613/613/613 614/614/614 615/615/615
f 616/616/616 617/617/617 618/618/618
f 619/619/619 620/620/620 621/621/621
f 622/622/622 623/623/623 624/624/624
f 625/625/625 626/626/626 627/627/627
f 628/628/628 629/629/629 630/630/630
f 631/631/631 632/632/632 633/633/633
f 634/634/634 635/635/635 636/636/636
f 637/637/637 638/638/638 639/639/639
f 640/640/640 641/641/641 642/642/642
f 643/643/643 644/644/644 645/645/645
f 646/646/646 647/647/647 648/648/648
f 649/649/649 650/650/650 651/651/651
f 652/652/652 653/653/653 654/654/654
f 655/655/655 656/656/656 657/657/657
f 658/658/658 659/659/659 660/660/660
f 661/661/661 662/662/662 663/663/663
f 664/664/664 665/665/665 666/666/666
f 667/667/667 668/668/668 669/669/669
f 670/670/670 671/671/671 672/672/672
f 673/673/673 674/674/674 675/675/675
f 676/676/676 677/677/677 678/678/678
f 679/679/679 680/680/680 681/681/681
f 682/682/682 683/683/683 684/684/684
f 685/685/685 686/686/686 687/687/687
f 688/688/688 689/689/689 690/690/690
f 691/691/691 692/692/692 693/693/693
f 694/694/694 695/695/695 696/696/696
f 697/697/697 698/698/698 699/699/699
f 700/700/700 701/701/701 702/702/702
f 703/703/703 704/704/704 705/705/705
f 706/706/706 707/707/707 708/708/708
f 709/709/709 710/710/710 711/711/711
f 712/712/712 713/713/713 714/714/714
f 715/715/715 716/716/716 717/717/717
f 718/718/718 719/719/719 720/720/720
f 721/721/721 722/722/722 723/723/723
f 724/724/724 725/725/725 726/726/726
f 727/727/727 728/728/728 729/729/729
f 730/730/730 731/731/731 732/732/732
f 733/733/733 734/734/734 735/735/735
f 736/736/736 737/737/737 738/738/738
f 739/739/739 740/740/740 741/741/741
f 742/742/742 743/743/743 744/744/744
f 745/745/745 746/746/746 747/747/747
f 748/748/748 749/749/749 750/750/750
f 751/751/751 752/752/752 753/753/753
f 754/754/754 755/755/755 756/756/756
f 757/757/757 758/758/758 759/759/759
f 760/760/760 761/761/761 762/762/762
f 763/763/763 764/764/764 765/765/765
f 766/766/766 767/767/767 768/768/768
f 769/769/769 770/770/770 771/771/771
f 772/772/772 773/773/773 774/774/774
f 775/775/775 776/776/776 777/777/777
f 778/778/778 779/779/779 780/780/780
f 781/781/781 782/782/782 783/783/783
f 784/784/784 785/785/785 786/786/786
f 787/787/787 788/788/788 789/789/789
f 790/790/790 791/791/791 792/792/792
f 793/793/793 794/794/794 795/795/795
f 796/796/796 797/797/797 798/798/798
f 799/799/799 800/800/800 801/801/801
f 802/802/802 803/803/803 804/804/804
f 805/805/805 806/806/806 807/807/807
f 808/808/808 809/809/809 810/810/810
f 811/811/811 812/812/812 813/813/813
f 814/814/814 815/815/815 816/816/816
f 817/817/817 818/818/818 819/819/819
f 820/820/820 821/821/821 822/822/822
f 823/823/823 824/824/824 825/825/825
f 826/826/826 827/827/827 828/828/828
f 829/829/829 830/830/830 831/831/831
f 832/832/832 833/833/833 834/834/834
f 835/835/835 836/836/836 837/837/837
f 838/838/838 839/839/839 840/840/840
f 841/841/841 842/842/842 843/843/843
f 844/844/844 845/845/845 846/846/846
f 847/847/847 848/848/848 849/849/849
f 850/850/850 851/851/851 852/852/852
f 853/853/853 854/854/854 855/855/855
f 856/856/856 857/857/857 858/858/858
f 859/859/859 860/860/860 861/861/861
f 862/862/862 863/863/863 864/864/864
f 865/865/865 866/866/866 867/867/867
f 868/868/868 869/869/869 870/870/870
f 871/871/871 872/872/872 873/873/873
f 874/874/874 875/875/875 876/876/876
f 877/877/877 878/878/878 879/879/879
f 880/880/880 881/881/881 882/882/882
f 883/883/883 884/884/884 885/885/885
f 886/886/886 887/887/887 888/888/888
f 889/889/889 890/890/890 891/891/891
f 892/892/892 893/893/893 894/894/894
f 895/895/895 896/896/896 897/897/897
f 898/898/898 899/899/899 900/900/900
f 901/901/901 902/902/902 903/903/903
f 904/904/904 905/905/905 906/906/906
f 907/907/907 908/908/908 909/909/909
f 910/910/910 911/911/911 912/912/912
f 913/913/913 914/914/914 915/915/915
f 916/916/916 917/917/917 918/918/918
f 919/919/919 920/920/920 921/921/921
f 922/922/922 923/923/923 924/924/924
f 925/925/925 926/926/926 927/927/927
f 928/928/928 929/929/929 930/930/930
f 931/931/931 932/932/932 933/933/933
f 934/934/934 935/935/935 936/936/936
f 937/937/937 938/938/938 939/939/939
f 940/940/940 941/941/941 942/942/942
f 943/943/943 944/944/944 945/945/945
f 946/946/946 947/947/947 948/948/948
f 949/949/949 950/950/950 951/951/951
f 952/952/952 953/953/953 954/954/954
f 955/955/955 956/956/956 957/957/957
f 958/958/958 959/959/959 960/960/960
f 961/961/961 962/962/962 963/963/963
f 964/964/964 965/965/965 966/966/966
f 967/967/967 968/968/968 969/969/969
f 970/970/970 971/971/971 972/972/972
f 973/973/973 974/974/974 975/975/975
f 976/976/976 977/977/977 978/978/978
f 979/979/979 980/980/980 981/981/981
f 982/982/982 983/983/983 984/984/984
f 985/985/985 986/986/986 987/987/987
f 988/988/988 989/989/989 990/990/990
f 991/991/991 992/992/992 993/993/993
f 994/994/994 995/995/995 996/996/996
f 997/997/997 998/998/998 999/999/999
f 1000/1000/1000 1001/1001/1001 1002/1002/1002
f 1003/1003/1003 1004/1004/1004 1005/1005/1005
f 1006/1006/1006 1007/1007/1007 1008/1008/1008
f 1009/1009/1009 1010/1010/1010 1011/1011/1011
f 1012/1012/1012 1013/1013/1013 1014/1014/1014
f 1015/1015/1015 1016/1016/1016 1017/1017/1017
f 1018/1018/1018 1019/1019/1019 1020/1020/1020
f 1021/1021/1021 1022/1022/1022 1023/1023/1023
f 1024/1024/1024 1025/1025/1025 1026/1026/1026
f 1027/1027/1027 1028/1028/1028 1029/1029/1029
f 1030/1030/1030 1031/1031/1031 1032/1032/1032
f 1033/1033/1033 1034/1034/1034 1035/1035/1035
f 1036/1036/1036 1037/1037/1037 1038/1038/1038
f 1039/1039/1039 1040/1040/1040 1041/1041/1041
f 1042/1042/1042 1043/1043/1043 1044/1044/1044
f 1045/1045/1045 1046/1046/1046 1047/1047/1047
f 1048/1048/1048 1049/1049/1049 1050/1050/1050
f 1051/1051/1051 1052/1052/1052 1053/1053/1053
f 1054/1054/1054 1055/1055/1055 1056/1056/1056
f 1057/1057/1057 1058/1058/1058 1059/1059/1059
f 1060/1060/1060 1061/1061/1061 1062/1062/1062
f 1063/1063/1063 1064/1064/1064 1065/1065/1065
f 1066/1066/1066 1067/1067/1067 1068/1068/1068
f 1069/1069/1069 1070/1070/1070 1071/1071/1071
f 1072/1072/1072 1073/1073/1073 1074/1074/1074
f 1075/1075/1075 1076/1076/1076 1077/1077/1077
f 1078/1078/1078 1079/1079/1079 1080/1080/1080
f 1081/1081/1081 1082/1082/1082 1083/1083/1083
f 1084/1084/1084 1085/1085/1085 1086/1086/1086
f 1087/1087/1087 1088/1088/1088 1089/1089/1089
f 1090/1090/1090 1091/1091/1091 1092/1092/1092
f 1093/1093/1093 1094/1094/1094 1095/1095/1095
f 1096/1096/1096 1097/1097/1097 1098/1098/1098
f 1099/1099/1099 1100/1100/1100 1101/1101/1101
f 1102/1102/1102 1103/1103/1103 1104/1104/1104
f 1105/1105/1105 1106/1106/1106 1107/1107/1107
f 1108/1108/1108 1109/1109/1109 1110/1110/1110
f 1111/1111/1111 1112/1112/1112 1113/1113/1113
f 1114/1114/1114 1115/1115/1115 1116/1116/1116
f 1117/1117/1117 1118/1118/1118 1119/1119/1119
f 1120/1120/1120 1121/1121/1121 1122/1122/1122
f 1123/1123/1123 1124/1124/1124 1125/1125/1125
f 1126/1126/1126 1127/1127/1127 1128/1128/1128
f 1129/1129/1129 1130/1130/1130 1131/1131/1131
f 1132/1132/1132 1133/1133/1133 1134/1134/1134
f 1135/1135/1135 1136/1136/1136 1137/1137/1137
f 1138/1138/1138 1139/1139/1139 1140/1140/1140
f 1141/1141/1141 1142/1142/1142 1143/1143/1143
f 1144/1144/1144 1145/1145/1145 1146/1146/1146
f 1147/1147/1147 1148/1148/1148 1149/1149/1149
f 1150/1150/1150 1151/1151/1151 1152/1152/1152
f 1153/1153/1153 1154/1154/1154 1155/1155/1155
f 1156/1156/1156 1157/1157/1157 1158/1158/1158
f 1159/1159/1159 1160/1160/1160 1161/1161/1161
f 1162/1162/1162 1163/1163/1163 1164/1164/1164
f 1165/1165/1165 1166/1166/1166 1167/1167/1167
f 1168/1168/1168 1169/1169/1169 1170/1170/1170
f 1171/1171/1171 1172/1172/1172 1173/1173/1173
f 1174/1174/1174 1175/1175/1175 1176/1176/1176
f 1177/1177/1177 1178/1178/1178 1179/1179/1179
f 1180/1180/1180 1181/1181/1181 1182/1182/1182
f 1183/1183/1183 1184/1184/1184 1185/1185/1185
f 1186/1186/1186 1187/1187/1187 1188/1188/1188
f 1189/1189/1189 1190/1190/1190 1191/1191/1191
f 1192/1192/1192 1193/1193/1193 1194/1194/1194
f 1195/1195/1195 1196/1196/1196 1197/1197/1197
f 1198/1198/1198 1199/1199/1199 1200/1200/1200
f 1201/1201/1201 1202/1202/1202 1203/1203/1203
f 1204/1204/1204 1205/1205/1205 1206/1206/1206
f 1207/1207/1207 1208/1208/1208 1209/1209/1209
f 1210/1210/1210 1211/1211/1211 1212/1212/1212
f 1213/1213/1213 1214/1214/1214 1215/1215/1215
f 1216/1216/1216 1217/1217/1217 1218/1218/1218
f 1219/1219/1219 1220/1220/1220 1221/1221/1221
f 1222/1222/1222 1223/1223/1223 1224/1224/1224
f 1225/1225/1225 1226/1226/1226 1227/1227/1227
f 1228/1228/1228 1229/1229/1229 1230/1230/1230
f 1231/1231/1231 1232/1232/1232 1233/1233/1233
f 1234/1234/1234 1235/1235/1235 1236/1236/1236
f 1237/1237/1237 1238/1238/1238 1239/1239/1239
f 1240/1240/1240 1241/1241/1241 1242/1242/1242
f 1243/1243/1243 1244/1244/1244 1245/1245/1245
f 1246/1246/1246 1247/1247/1247 1248/1248/1248
f 1249/1249/1249 1250/1250/1250 1251/1251/1251
f 1252/1252/1252 1253/1253/1253 1254/1254/1254
f 1255/1255/1255 1256/1256/1256 1257/1257/1257
f 1258/1258/1258 1259/1259/1259 1260/1260/1260
f 1261/1261/1261 1262/1262/1262 1263/1263/1263
f 1264/1264/1264 1265/1265/1265 1266/1266/1266
f 1267/1267/1267 1268/1268/1268 1269/1269/1269
f 1270/1270/1270 1271/1271/1271 1272/1272/1272
f 1273/1273/1273 1274/1274/1274 1275/1275/1275
f 1276/1276/1276 1277/1277/1277 1278/1278/1278
f 1279/1279/1279 1280/1280/1280 1281/1281/1281
f 1282/1282/1282 1283/1283/1283 1284/1284/1284
f 1285/1285/1285 1286/1286/1286 1287/1287/1287
f 1288/1288/1288 1289/1289/1289 1290/1290/1290
f 1291/1291/1291 1292/1292/1292 1293/1293/1293
f 1294/1294/1294 1295/1295/1295 1296/1296/1296
f 1297/1297/1297 1298/1298/1298 1299/1299/1299
f 1300/1300/1300 1301/1301/1301 1302/1302/1302
f 1303/1303/1303 1304/1304/1304 1305/1305/1305
f 1306/1306/1306 1307/1307/1307 1308/1308/1308
f 1309/1309/1309 1310/1310/1310 1311/1311/1311
f 1312/1312/1312 1313/1313/1313 1314/1314/1314
f 1315/1315/1315 1316/1316/1316 1317/1317/1317
f 1318/1318/1318 1319/1319/1319 1320/1320/1320
f 1321/1321/1321 1322/1322/1322 1323/1323/1323
f 1324/1324/1324 1325/1325/1325 1326/1326/1326
f 1327/1327/1327 1328/1328/1328 1329/1329/1329
f 1330/1330/1330 1331/1331/1331 1332/1332/1332
f 1333/1333/1333 1334/1334/1334 1335/1335/1335
f 1336/1336/1336 1337/1337/1337 1338/1338/1338
f 1339/1339/1339 1340/1340/1340 1341/1341/1341
f 1342/1342/1342 1343/1343/1343 1344/1344/1344
f 1345/1345/1345 1346/1346/1346 1347/1347/1347
f 1348/1348/1348 1349/1349/1349 1350/1350/1350
f 1351/1351/1351 1352/1352/1352 1353/1353/1353
f 1354/1354/1354 1355/1355/1355 1356/1356/1356
f 1357/1357/1357 1358/1358/1358 1359/1359/1359
f 1360/1360/1360 1361/1361/1361 1362/1362/1362
f 1363/1363/1363 1364/1364/1364 1365/1365/1365
f 1366/1366/1366 1367/1367/1367 1368/1368/1368
f 1369/1369/1369 1370/1370/1370 1371/1371/1371
f 1372/1372/1372 1373/1373/1373 1374/1374/1374
f 1375/1375/1375 1376/1376/1376 1377/1377/1377
f 1378/1378/1378 1379/1379/1379 1380/1380/1380
f 1381/1381/1381 1382/1382/1382 1383/1383/1383
f 1384/1384/1384 1385/1385/1385 1386/1386/1386
f 1387/1387/1387 1388/1388/1388 1389/1389/1389
f 1390/1390/1390 1391/1391/1391 1392/1392/1392
f 1393/1393/1393 1394/1394/1394 1395/1395/1395
f 1396/1396/1396 1397/1397/1397 1398/1398/1398
f 1399/1399/1399 1400/1400/1400 1401/1401/1401
f 1402/1402/1402 1403/1403/1403 1404/1404/1404
f 1405/1405/1405 1406/1406/1406 1407/1407/1407
f 1408/1408/1408 1409/1409/1409 1410/1410/1410
f 1411/1411/1411 1412/1412/1412 1413/1413/1413
f 1414/1414/1414 1415/1415/1415 1416/1416/1416
f 1417/1417/1417 1418/1418/1418 1419/1419/1419
f 1420/1420/1420 1421/1421/1421 1422/1422/1422
f 1423/1423/1423 1424/1424/1424 1425/1425/1425
f 1426/1426/1426 1427/1427/1427 1428/1428/1428
f 1429/1429/1429 1430/1430/1430 1431/1431/1431
f 1432/1432/1432 1433/1433/1433 1434/1434/1434
f 1435/1435/1435 1436/1436/1436 1437/1437/1437
f 1438/1438/1438 1439/1439/1439 1440/1440/1440
f 1441/1441/1441 1442/1442/1442 1443/1443/1443
f 1444/1444/1444 1445/1445/1445 1446/1446/1446
f 1447/1447/1447 1448/1448/1448 1449/1449/1449
f 1450/1450/1450 1451/1451/1451 1452/1452/1452
f 1453/1453/1453 1454/1454/1454 1455/1455/1455
f 1456/1456/1456 1457/1457/1457 1458/1458/1458
f 1459/1459/1459 1460/1460/1460 1461/1461/1461
f 1462/1462/1462 1463/1463/1463 1464/1464/1464
f 1465/1465/1465 1466/1466/1466 1467/1467/1467
f 1468/1468/1468 1469/1469/1469 1470/1470/1470
f 1471/1471/1471 1472/1472/1472 1473/1473/1473
f 1474/1474/1474 1475/1475/1475 1476/1476/1476
f 1477/1477/1477 1478/1478/1478 1479/1479/1479
f 1480/1480/1480 1481/1481/1481 1482/1482/1482
f 1483/1483/1483 1484/1484/1484 1485/1485/1485
f 1486/1486/1486 1487/1487/1487 1488/1488/1488
f 1489/1489/1489 1490/1490/1490 1491/1491/1491
f 1492/1492/1492 1493/1493/1493 1494/1494/1494
f 1495/1495/1495 1496/1496/1496 1497/1497/1497
f 1498/1498/1498 1499/1499/1499 1500/1500/1500
f 1501/1501/1501 1502/1502/1502 1503/1503/1503
f 1504/1504/1504 1505/1505/1505 1506/1506/1506
f 1507/1507/1507 1508/1508/1508 1509/1509/1509
f 1510/1510/1510 1511/1511/1511 1512/1512/1512
f 1513/1513/1513 1514/1514/1514 1515/1515/1515
f 1516/1516/1516 1517/1517/1517 1518/1518/1518
f 1519/1519/1519 1520/1520/1520 1521/1521/1521
f 1522/1522/1522 1523/1523/1523 1524/1524/1524
f 1525/1525/1525 1526/1526/1526 1527/1527/1527
f 1528/1528/1528 1529/1529/1529 1530/1530/1530
f 1531/1531/1531 1532/1532/1532 1533/1533/1533
f 1534/1534/1534 1535/1535/1535 1536/1536/1536
f 1537/1537/1537 1538/1538/1538 1539/1539/1539
f 1540/1540/1540 1541/1541/1541 1542/1542/1542
f 1543/1543/1543 1544/1544/1544 1545/1545/1545
f 1546/1546/1546 1547/1547/1547 1548/1548/1548
f 1549/1549/1549 1550/1550/1550 1551/1551/1551
f 1552/1552/1552 1553/1553/1553 1554/1554/1554
f 1555/1555/1555 1556/1556/1556 1557/1557/1557
f 1558/1558/1558 1559/1559/1559 1560/1560/1560
f 1561/1561/1561 1562/1562/1562 1563/1563/1563
f 1564/1564/1564 1565/1565/1565 1566/1566/1566
f 1567/1567/1567 1568/1568/1568 1569/1569/1569
f 1570/1570/1570 1571/1571/1571 1572/1572/1572
f 1573/1573/1573 1574/1574/1574 1575/1575/1575
f 1576/1576/1576 1577/1577/1577 1578/1578/1578
f 1579/1579/1579 1580/1580/1580 1581/1581/1581
f 1582/1582/1582 1583/1583/1583 1584/1584/1584
f 1585/1585/1585 1586/1586/1586 1587/1587/1587
f 1588/1588/1588 1589/1589/1589 1590/1590/1590
f 1591/1591/1591 1592/1592/1592 1593/1593/1593
f 1594/1594/1594 1595/1595/1595 1596/1596/1596
f 1597/1597/1597 1598/1598/1598 1599/1599/1599
f 1600/1600/1600 1601/1601/1601 1602/1602/1602
f 1603/1603/1603 1604/1604/1604 1605/1605/1605
f 1606/1606/1606 1607/1607/1607 1608/1608/1608
f 1609/1609/1609 1610/1610/1610 1611/1611/1611
f 1612/1612/1612 1613/1613/1613 1614/1614/1614
f 1615/1615/1615 1616/1616/1616 1617/1617/1617
f 1618/1618/1618 1619/1619/1619 1620/1620/1620
f 1621/1621/1621 1622/1622/1622 1623/1623/1623
f 1624/1624/1624 1625/1625/1625 1626/1626/1626
f 1627/1627/1627 1628/1628/1628 1629/1629/1629
f 1630/1630/1630 1631/1631/1631 1632/1632/1632
f 1633/1633/1633 1634/1634/1634 1635/1635/1635
f 1636/1636/1636 1637/1637/1637 1638/1638/1638
f 1639/1639/1639 1640/1640/1640 1641/1641/1641
f 1642/1642/1642 1643/1643/1643 1644/1644/1644
f 1645/1645/1645 1646/1646/1646 1647/1647/1647
f 1648/1648/1648 1649/1649/1649 1650/1650/1650
f 1651/1651/1651 1652/1652/1652 1653/1653/1653
f 1654/1654/1654 1655/1655/1655 1656/1656/1656
f 1657/1657/1657 1658/1658/1658 1659/1659/1659
f 1660/1660/1660 1661/1661/1661 1662/1662/1662
f 1663/1663/1663 1664/1664/1664 1665/1665/1665
f 1666/1666/1666 1667/1667/1667 1668/1668/1668
f 1669/1669/1669 1670/1670/1670 1671/1671/1671
f 1672/1672/1672 1673/1673/1673 1674/1674/1674
f 1675/1675/1675 1676/1676/1676 1677/1677/1677
f 1678/1678/1678 1679/1679/1679 1680/1680/1680
f 1681/1681/1681 1682/1682/1682 1683/1683/1683
f 1684/1684/1684 1685/1685/1685 1686/1686/1686
f 1687/1687/1687 1688/1688/1688 1689/1689/1689
f 1690/1690/1690 1691/1691/1691 1692/1692/1692
f 1693/1693/1693 1694/1694/1694 1695/1695/1695
f 1696/1696/1696 1697/1697/1697 1698/1698/1698
f 1699/1699/1699 1700/1700/1700 1701/1701/1701
f 1702/1702/1702 1703/1703/1703 1704/1704/1704
f 1705/1705/1705 1706/1706/1706 1707/1707/1707
f 1708/1708/1708 1709/1709/1709 1710/1710/1710
f 1711/1711/1711 1712/1712/1712 1713/1713/1713
f 1714/1714/1714 1715/1715/1715 1716/1716/1716
f 1717/1717/1717 1718/1718/1718 1719/1719/1719
f 1720/1720/1720 1721/1721/1721 1722/1722/1722
f 1723/1723/1723 1724/1724/1724 1725/1725/1725
f 1726/1726/1726 1727/1727/1727 1728/1728/1728
f 1729/1729/1729 1730/1730/1730 1731/1731/1731
f 1732/1732/1732 1733/1733/1733 1734/1734/1734
f 1735/1735/1735 1736/1736/1736 1737/1737/1737
f 1738/1738/1738 1739/1739/1739 1740/1740/1740
f 1741/1741/1741 1742/1742/1742 1743/1743/1743
f 1744/1744/1744 1745/1745/1745 1746/1746/1746
f 1747/1747/1747 1748/1748/1748 1749/1749/1749
f 1750/1750/1750 1751/1751/1751 1752/1752/1752
f 1753/1753/1753 1754/1754/1754 1755/1755/1755
f 1756/1756/1756 1757/1757/1757 1758/1758/1758
f 1759/1759/1759 1760/1760/1760 1761/1761/1761
f 1762/1762/1762 1763/1763/1763 1764/1764/1764
f 1765/1765/1765 1766/1766/1766 1767/1767/1767
f 1768/1768/1768 1769/1769/1769 1770/1770/1770
f 1771/1771/1771 1772/1772/1772 1773/1773/1773
f 1774/1774/1774 1775/1775/1775 1776/1776/1776
f 1777/1777/1777 1778/1778/1778 1779/1779/1779
f 1780/1780/1780 1781/1781/1781 1782/1782/1782
f 1783/1783/1783 1784/1784/1784 1785/1785/1785
f 1786/1786/1786 1787/1787/1787 1788/1788/1788
f 1789/1789/1789 1790/1790/1790 1791/1791/1791
f 1792/1792/1792 1793/1793/1793 1794/1794/1794
f 1795/1795/1795 1796/1796/1796 1797/1797/1797
f 1798/1798/1798 1799/1799/1799 1800/1800/1800
f 1801/1801/1801 1802/1802/1802 1803/1803/1803
f 1804/1804/1804 1805/1805/1805 1806/1806/1806
f 1807/1807/1807 1808/1808/1808 1809/1809/1809
f 1810/1810/1810 1811/1811/1811 1812/1812/1812
f 1813/1813/1813 1814/1814/1814 1815/1815/1815
f 1816/1816/1816 1817/1817/1817 1818/1818/1818
f 1819/1819/1819 1820/1820/1820 1821/1821/1821
f 1822/1822/1822 1823/1823/1823 1824/1824/1824
f 1825/1825/1825 1826/1826/1826 1827/1827/1827
f 1828/1828/1828 1829/1829/1829 1830/1830/1830
f 1831/1831/1831 1832/1832/1832 1833/1833/1833
f 1834/1834/1834 1835/1835/1835 1836/1836/1836
f 1837/1837/1837 1838/1838/1838 1839/1839/1839
f 1840/1840/1840 1841/1841/1841 1842/1842/1842
f 1843/1843/1843 1844/1844/1844 1845/1845/1845
f 1846/1846/1846 1847/1847/1847 1848/1848/1848
f 1849/1849/1849 1850/1850/1850 1851/1851/1851
f 1852/1852/1852 1853/1853/1853 1854/1854/1854
f 1855/1855/1855 1856/1856/1856 1857/1857/1857
f 1858/1858/1858 1859/1859/1859 1860/1860/1860
f 1861/1861/1861 1862/1862/1862 1863/1863/1863
f 1864/1864/1864 1865/1865/1865 1866/1866/1866
f 1867/1867/1867 1868/1868/1868 1869/1869/1869
f 1870/1870/1870 1871/1871/1871 1872/1872/1872
f 1873/1873/1873 1874/1874/1874 1875/1875/1875
f 1876/1876/1876 1877/1877/1877 1878/1878/1878
f 1879/1879/1879 1880/1880/1880 1881/1881/1881
f 1882/1882/1882 1883/1883/1883 1884/1884/1884
f 1885/1885/1885 1886/1886/1886 1887/1887/1887
f 1888/1888/1888 1889/1889/1889 1890/1890/1890
f 1891/1891/1891 1892/1892/1892 1893/1893/1893
f 1894/1894/1894 1895/1895/1895 1896/1896/1896
f 1897/1897/1897 1898/1898/1898 1899/1899/1899
f 1900/1900/1900 1901/1901/1901 1902/1902/1902
f 1903/1903/1903 1904/1904/1904 1905/1905/1905
f 1906/1906/1906 1907/1907/1907 1908/1908/1908
f 1909/1909/1909 1910/1910/1910 1911/1911/1911
f 1912/1912/1912 1913/1913/1913 1914/1914/1914
f 1915/1915/1915 1916/1916/1916 1917/1917/1917
f 1918/1918/1918 1919/1919/1919 1920/1920/1920
f 1921/1921/1921 1922/1922/1922 1923/1923/1923
f 1924/1924/1924 1925/1925/1925 1926/1926/1926
f 1927/1927/1927 1928/1928/1928 1929/1929/1929
f 1930/1930/1930 1931/1931/1931 1932/1932/1932
f 1933/1933/1933 1934/1934/1934 1935/1935/1935
f 1936/1936/1936 1937/1937/1937 1938/1938/1938
f 1939/1939/1939 1940/1940/1940 1941/1941/1941
f 1942/1942/1942 1943/1943/1943 1944/1944/1944
f 1945/1945/1945 1946/1946/1946 1947/1947/1947
f 1948/1948/1948 1949/1949/1949 1950/1950/1950
f 1951/1951/1951 1952/1952/1952 1953/1953/1953
f 1954/1954/1954 1955/1955/1955 1956/1956/1956
f 1957/1957/1957 1958/1958/1958 1959/1959/1959
f 1960/1960/1960 1961/1961/1961 1962/1962/1962
f 1963/1963/1963 1964/1964/1964 1965/1965/1965
f 1966/1966/1966 1967/1967/1967 1968/1968/1968
f 1969/1969/1969 1970/1970/1970 1971/1971/1971
f 1972/1972/1972 1973/1973/1973 1974/1974/1974
f 1975/1975/1975 1976/1976/1976 1977/1977/1977
f 1978/1978/1978 1979/1979/1979 1980/1980/1980
f 1981/1981/1981 1982/1982/1982 1983/1983/1983
f 1984/1984/1984 1985/1985/1985 1986/1986/1986
f 1987/1987/1987 1988/1988/1988 1989/1989/1989
f 1990/1990/1990 1991/1991/1991 1992/1992/1992
f 1993/1993/1993 1994/1994/1994 1995/1995/1995
f 1996/1996/1996 1997/1997/1997 1998/1998/1998
f 1999/1999/1999 2000/2000/2000 2001/2001/2001
f 2002/2002/2002 2003/2003/2003 2004/2004/2004
f 2005/2005/2005 2006/2006/2006 2007/2007/2007
f 2008/2008/2008 2009/2009/2009 2010/2010/2010
f 2011/2011/2011 2012/2012/2012 2013/2013/2013
f 2014/2014/2014 2015/2015/2015 2016/2016/2016
f 2017/2017/2017 2018/2018/2018 2019/2019/2019
f 2020/2020/2020 2021/2021/2021 2022/2022/2022
f 2023/2023/2023 2024/2024/2024 2025/2025/2025
f 2026/2026/2026 2027/2027/2027 2028/2028/2028
f 2029/2029/2029 2030/2030/2030 2031/2031/2031
f 2032/2032/2032 2033/2033/2033 2034/2034/2034
f 2035/2035/2035 2036/2036/2036 2037/2037/2037
f 2038/2038/2038 2039/2039/2039 2040/2040/2040
f 2041/2041/2041 2042/2042/2042 2043/2043/2043
f 2044/2044/2044 2045/2045/2045 2046/2046/2046
f 2047/2047/2047 2048/2048/2048 2049/2049/2049
f 2050/2050/2050 2051/2051/2051 2052/2052/2052
f 2053/2053/2053 2054/2054/2054 2055/2055/2055
f 2056/2056/2056 2057/2057/2057 2058/2058/2058
f 2059/2059/2059 2060/2060/2060 2061/2061/2061
f 2062/2062/2062 2063/2063/2063 2064/2064/2064
f 2065/2065/2065 2066/2066/2066 2067/2067/2067
f 2068/2068/2068 2069/2069/2069 2070/2070/2070
f 2071/2071/2071 2072/2072/2072 2073/2073/2073
f 2074/2074/2074 2075/2075/2075 2076/2076/2076
f 2077/2077/2077 2078/2078/2078 2079/2079/2079
f 2080/2080/2080 2081/2081/2081 2082/2082/2082
f 2083/2083/2083 2084/2084/2084 2085/2085/2085
f 2086/2086/2086 2087/2087/2087 2088/2088/2088
f 2089/2089/2089 2090/2090/2090 2091/2091/2091
f 2092/2092/2092 2093/2093/2093 2094/2094/2094
f 2095/2095/2095 2096/2096/2096 2097/2097/2097
f 2098/2098/2098 2099/2099/2099 2100/2100/2100
f 2101/2101/2101 2102/2102/2102 2103/2103/2103
f 2104/2104/2104 2105/2105/2105 2106/2106/2106
f 2107/2107/2107 2108/2108/2108 2109/2109/2109
f 2110/2110/2110 2111/2111/2111 2112/2112/2112
f 2113/2113/2113 2114/2114/2114 2115/2115/2115
f 2116/2116/2116 2117/2117/2117 2118/2118/2118
f 2119/2119/2119 2120/2120/2120 2121/2121/2121
f 2122/2122/2122 2123/2123/2123 2124/2124/2124
f 2125/2125/2125 2126/2126/2126 2127/2127/2127
f 2128/2128/2128 2129/2129/2129 2130/2130/2130
f 2131/2131/2131 2132/2132/2132 2133/2133/2133
f 2134/2134/2134 2135/2135/2135 2136/2136/2136
f 2137/2137/2137 2138/2138/2138 2139/2139/2139
f 2140/2140/2140 2141/2141/2141 2142/2142/2142
f 2143/2143/2143 2144/2144/2144 2145/2145/2145
f 2146/2146/2146 2147/2147/2147 2148/2148/2148
f 2149/2149/2149 2150/2150/2150 2151/2151/2151
f 2152/2152/2152 2153/2153/2153 2154/2154/2154
f 2155/2155/2155 2156/2156/2156 2157/2157/2157
f 2158/2158/2158 2159/2159/2159 2160/2160/2160
f 2161/2161/2161 2162/2162/2162 2163/2163/2163
f 2164/2164/2164 2165/2165/2165 2166/2166/2166
f 2167/2167/2167 2168/2168/2168 2169/2169/2169
f 2170/2170/2170 2171/2171/2171 2172/2172/2172
f 2173/2173/2173 2174/2174/2174 2175/2175/2175
f 2176/2176/2176 2177/2177/2177 2178/2178/2178
f 2179/2179/2179 2180/2180/2180 2181/2181/2181
f 2182/2182/2182 2183/2183/2183 2184/2184/2184
f 2185/2185/2185 2186/2186/2186 2187/2187/2187
f 2188/2188/2188 2189/2189/2189 2190/2190/2190
f 2191/2191/2191 2192/2192/2192 2193/2193/2193
f 2194/2194/2194 2195/2195/2195 2196/2196/2196
f 2197/2197/2197 2198/2198/2198 2199/2199/2199
f 2200/2200/2200 2201/2201/2201 2202/2202/2202
f 2203/2203/2203 2204/2204/2204 2205/2205/2205
f 2206/2206/2206 2207/2207/2207 2208/2208/2208
f 2209/2209/2209 2210/2210/2210 2211/2211/2211
f 2212/2212/2212 2213/2213/2213 2214/2214/2214
f 2215/2215/2215 2216/2216/2216 2217/2217/2217
f 2218/2218/2218 2219/2219/2219 2220/2220/2220
f 2221/2221/2221 2222/2222/2222 2223/2223/2223
f 2224/2224/2224 2225/2225/2225 2226/2226/2226
f 2227/2227/2227 2228/2228/2228 2229/2229/2229
f 2230/2230/2230 2231/2231/2231 2232/2232/2232
f 2233/2233/2233 2234/2234/2234 2235/2235/2235
f 2236/2236/2236 2237/2237/2237 2238/2238/2238
f 2239/2239/2239 2240/2240/2240 2241/2241/2241
f 2242/2242/2242 2243/2243/2243 2244/2244/2244
f 2245/2245/2245 2246/2246/2246 2247/2247/2247
f 2248/2248/2248 2249/2249/2249 2250/2250/2250
f 2251/2251/2251 2252/2252/2252 2253/2253/2253
f 2254/2254/2254 2255/2255/2255 2256/2256/2256
f 2257/2257/2257 2258/2258/2258 2259/2259/2259
f 2260/2260/2260 2261/2261/2261 2262/2262/2262
f 2263/2263/2263 2264/2264/2264 2265/2265/2265
f 2266/2266/2266 2267/2267/2267 2268/2268/2268
f 2269/2269/2269 2270/2270/2270 2271/2271/2271
f 2272/2272/2272 2273/2273/2273 2274/2274/2274
f 2275/2275/2275 2276/2276/2276 2277/2277/2277
f 2278/2278/2278 2279/2279/2279 2280/2280/2280
f 2281/2281/2281 2282/2282/2282 2283/2283/2283
f 2284/2284/2284 2285/2285/2285 2286/2286/2286
f 2287/2287/2287 2288/2288/2288 2289/2289/2289
f 2290/2290/2290 2291/2291/2291 2292/2292/2292
f 2293/2293/2293 2294/2294/2294 2295/2295/2295
f 2296/2296/2296 2297/2297/2297 2298/2298/2298
f 2299/2299/2299 2300/2300/2300 2301/2301/2301
f 2302/2302/2302 2303/2303/2303 2304/2304/2304
f 2305/2305/2305 2306/2306/2306 2307/2307/2307
f 2308/2308/2308 2309/2309/2309 2310/2310/2310
f 2311/2311/2311 2312/2312/2312 2313/2313/2313
f 2314/2314/2314 2315/2315/2315 2316/2316/2316
f 2317/2317/2317 2318/2318/2318 2319/2319/2319
f 2320/2320/2320 2321/2321/2321 2322/2322/2322
f 2323/2323/2323 2324/2324/2324 2325/2325/2325
f 2326/2326/2326 2327/2327/2327 2328/2328/2328
f 2329/2329/2329 2330/2330/2330 2331/2331/2331
f 2332/2332/2332 2333/2333/2333 2334/2334/2334
f 2335/2335/2335 2336/2336/2336 2337/2337/2337
f 2338/2338/2338 2339/2339/2339 2340/2340/2340
f 2341/2341/2341 2342/2342/2342 2343/2343/2343
f 2344/2344/2344 2345/2345/2345 2346/2346/2346
f 2347/2347/2347 2348/2348/2348 2349/2349/2349
f 2350/2350/2350 2351/2351/2351 2352/2352/2352
f 2353/2353/2353 2354/2354/2354 2355/2355/2355
f 2356/2356/2356 2357/2357/2357 2358/2358/2358
f 2359/2359/2359 2360/2360/2360 2361/2361/2361
f 2362/2362/2362 2363/2363/2363 2364/2364/2364
f 2365/2365/2365 2366/2366/2366 2367/2367/2367
f 2368/2368/2368 2369/2369/2369 2370/2370/2370
f 2371/2371/2371 2372/2372/2372 2373/2373/2373
f 2374/2374/2374 2375/2375/2375 2376/2376/2376
f 2377/2377/2377 2378/2378/2378 2379/2379/2379
f 2380/2380/2380 2381/2381/2381 2382/2382/2382
f 2383/2383/2383 2384/2384/2384 2385/2385/2385
f 2386/2386/2386 2387/2387/2387 2388/2388/2388
f 2389/2389/2389 2390/2390/2390 2391/2391/2391
f 2392/2392/2392 2393/2393/2393 2394/2394/2394
f 2395/2395/2395 2396/2396/2396 2397/2397/2397
f 2398/2398/2398 2399/2399/2399 2400/2400/2400
f 2401/2401/2401 2402/2402/2402 2403/2403/2403
f 2404/2404/2404 2405/2405/2405 2406/2406/2406
f 2407/2407/2407 2408/2408/2408 2409/2409/2409
f 2410/2410/2410 2411/2411/2411 2412/2412/2412
f 2413/2413/2413 2414/2414/2414 2415/2415/2415
f 2416/2416/2416 2417/2417/2417 2418/2418/2418
f 2419/2419/2419 2420/2420/2420 2421/2421/2421
f 2422/2422/2422 2423/2423/2423 2424/2424/2424
f 2425/2425/2425 2426/2426/2426 2427/2427/2427
f 2428/2428/2428 2429/2429/2429 2430/2430/2430
f 2431/2431/2431 2432/2432/2432 2433/2433/2433
f 2434/2434/2434 2435/2435/2435 2436/2436/2436
f 2437/2437/2437 2438/2438/2438 2439/2439/2439
f 2440/2440/2440 2441/2441/2441 2442/2442/2442
f 2443/2443/2443 2444/2444/2444 2445/2445/2445
f 2446/2446/2446 2447/2447/2447 2448/2448/2448
f 2449/2449/2449 2450/2450/2450 2451/2451/2451
f 2452/2452/2452 2453/2453/2453 2454/2454/2454
f 2455/2455/2455 2456/2456/2456 2457/2457/2457
f 2458/2458/2458 2459/2459/2459 2460/2460/2460
f 2461/2461/2461 2462/2462/2462 2463/2463/2463
f 2464/2464/2464 2465/2465/2465 2466/2466/2466
f 2467/2467/2467 2468/2468/2468 2469/2469/2469
f 2470/2470/2470 2471/2471/2471 2472/2472/2472
f 2473/2473/2473 2474/2474/2474 2475/2475/2475
f 2476/2476/2476 2477/2477/2477 2478/2478/2478
f 2479/2479/2479 2480/2480/2480 2481/2481/2481
f 2482/2482/2482 2483/2483/2483 2484/2484/2484
f 2485/2485/2485 2486/2486/2486 2487/2487/2487
f 2488/2488/2488 2489/2489/2489 2490/2490/2490
f 2491/2491/2491 2492/2492/2492 2493/2493/2493
f 2494/2494/2494 2495/2495/2495 2496/2496/2496
f 2497/2497/2497 2498/2498/2498 2499/2499/2499
f 2500/2500/2500 2501/2501/2501 2502/2502/2502
f 2503/2503/2503 2504/2504/2504 2505/2505/2505
f 2506/2506/2506 2507/2507/2507 2508/2508/2508
f 2509/2509/2509 2510/2510/2510 2511/2511/2511
f 2512/2512/2512 2513/2513/2513 2514/2514/2514
f 2515/2515/2515 2516/2516/2516 2517/2517/2517
f 2518/2518/2518 2519/2519/2519 2520/2520/2520
f 2521/2521/2521 2522/2522/2522 2523/2523/2523
f 2524/2524/2524 2525/2525/2525 2526/2526/2526
f 2527/2527/2527 2528/2528/2528 2529/2529/2529
f 2530/2530/2530 2531/2531/2531 2532/2532/2532
f 2533/2533/2533 2534/2534/2534 2535/2535/2535
f 2536/2536/2536 2537/2537/2537 2538/2538/2538
f 2539/2539/2539 2540/2540/2540 2541/2541/2541
f 2542/2542/2542 2543/2543/2543 2544/2544/2544
f 2545/2545/2545 2546/2546/2546 2547/2547/2547
f 2548/2548/2548 2549/2549/2549 2550/2550/2550
f 2551/2551/2551 2552/2552/2552 2553/2553/2553
f 2554/2554/2554 2555/2555/2555 2556/2556/2556
f 2557/2557/2557 2558/2558/2558 2559/2559/2559
f 2560/2560/2560 2561/2561/2561 2562/2562/2562
f 2563/2563/2563 2564/2564/2564 2565/2565/2565
f 2566/2566/2566 2567/2567/2567 2568/2568/2568
f 2569/2569/2569 2570/2570/2570 2571/2571/2571
f 2572/2572/2572 2573/2573/2573 2574/2574/2574
f 2575/2575/2575 2576/2576/2576 2577/2577/2577
f 2578/2578/2578 2579/2579/2579 2580/2580/2580
f 2581/2581/2581 2582/2582/2582 2583/2583/2583
f 2584/2584/2584 2585/2585/2585 2586/2586/2586
f 2587/2587/2587 2588/2588/2588 2589/2589/2589
f 2590/2590/2590 2591/2591/2591 2592/2592/2592
f 2593/2593/2593 2594/2594/2594 2595/2595/2595
f 2596/2596/2596 2597/2597/2597 2598/2598/2598
f 2599/2599/2599 2600/2600/2600 2601/2601/2601
f 2602/2602/2602 2603/2603/2603 2604/2604/2604
f 2605/2605/2605 2606/2606/2606 2607/2607/2607
f 2608/2608/2608 2609/2609/2609 2610/2610/2610
f 2611/2611/2611 2612/2612/2612 2613/2613/2613
f 2614/2614/2614 2615/2615/2615 2616/2616/2616
f 2617/2617/2617 2618/2618/2618 2619/2619/2619
f 2620/2620/2620 2621/2621/2621 2622/2622/2622
f 2623/2623/2623 2624/2624/2624 2625/2625/2625
f 2626/2626/2626 2627/2627/2627 2628/2628/2628
f 2629/2629/2629 2630/2630/2630 2631/2631/2631
f 2632/2632/2632 2633/2633/2633 2634/2634/2634
f 2635/2635/2635 2636/2636/2636 2637/2637/2637
f 2638/2638/2638 2639/2639/2639 2640/2640/2640
f 2641/2641/2641 2642/2642/2642 2643/2643/2643
f 2644/2644/2644 2645/2645/2645 2646/2646/2646
f 2647/2647/2647 2648/2648/2648 2649/2649/2649
f 2650/2650/2650 2651/2651/2651 2652/2652/2652
f 2653/2653/2653 2654/2654/2654 2655/2655/2655
f 2656/2656/2656 2657/2657/2657 2658/2658/2658
f 2659/2659/2659 2660/2660/2660 2661/2661/2661
f 2662/2662/2662 2663/2663/2663 2664/2664/2664
f 2665/2665/2665 2666/2666/2666 2667/2667/2667
f 2668/2668/2668 2669/2669/2669 2670/2670/2670
f 2671/2671/2671 2672/2672/2672 2673/2673/2673
f 2674/2674/2674 2675/2675/2675 2676/2676/2676
f 2677/2677/2677 2678/2678/2678 2679/2679/2679
f 2680/2680/2680 2681/2681/2681 2682/2682/2682
f 2683/2683/2683 2684/2684/2684 2685/2685/2685
f 2686/2686/2686 2687/2687/2687 2688/2688/2688
f 2689/2689/2689 2690/2690/2690 2691/2691/2691
f 2692/2692/2692 2693/2693/2693 2694/2694/2694
f 2695/2695/2695 2696/2696/2696 2697/2697/2697
f 2698/2698/2698 2699/2699/2699 2700/2700/2700
f 2701/2701/2701 2702/2702/2702 2703/2703/2703
f 2704/2704/2704 2705/2705/2705 2706/2706/2706
f 2707/2707/2707 2708/2708/2708 2709/2709/2709
f 2710/2710/2710 2711/2711/2711 2712/2712/2712
f 2713/2713/2713 2714/2714/2714 2715/2715/2715
f 2716/2716/2716 2717/2717/2717 2718/2718/2718
f 2719/2719/2719 2720/2720/2720 2721/2721/2721
f 2722/2722/2722 2723/2723/2723 2724/2724/2724
f 2725/2725/2725 2726/2726/2726 2727/2727/2727
f 2728/2728/2728 2729/2729/2729 2730/2730/2730
f 2731/2731/2731 2732/2732/2732 2733/2733/2733
f 2734/2734/2734 2735/2735/2735 2736/2736/2736
f 2737/2737/2737 2738/2738/2738 2739/2739/2739
f 2740/2740/2740 2741/2741/2741 2742/2742/2742
f 2743/2743/2743 2744/2744/2744 2745/2745/2745
f 2746/2746/2746 2747/2747/2747 2748/2748/2748
f 2749/2749/2749 2750/2750/2750 2751/2751/2751
f 2752/2752/2752 2753/2753/2753 2754/2754/2754
f 2755/2755/2755 2756/2756/2756 2757/2757/2757
f 2758/2758/2758 2759/2759/2759 2760/2760/2760
f 2761/2761/2761 2762/2762/2762 2763/2763/2763
f 2764/2764/2764 2765/2765/2765 2766/2766/2766
f 2767/2767/2767 2768/2768/2768 2769/2769/2769
f 2770/2770/2770 2771/2771/2771 2772/2772/2772
f 2773/2773/2773 2774/2774/2774 2775/2775/2775
f 2776/2776/2776 2777/2777/2777 2778/2778/2778
f 2779/2779/2779 2780/2780/2780 2781/2781/2781
f 2782/2782/2782 2783/2783/2783 2784/2784/2784
f 2785/2785/2785 2786/2786/2786 2787/2787/2787
f 2788/2788/2788 2789/2789/2789 2790/2790/2790
f 2791/2791/2791 2792/2792/2792 2793/2793/2793
f 2794/2794/2794 2795/2795/2795 2796/2796/2796
f 2797/2797/2797 2798/2798/2798 2799/2799/2799
f 2800/2800/2800 2801/2801/2801 2802/2802/2802
f 2803/2803/2803 2804/2804/2804 2805/2805/2805
f 2806/2806/2806 2807/2807/2807 2808/2808/2808
f 2809/2809/2809 2810/2810/2810 2811/2811/2811
f 2812/2812/2812 2813/2813/2813 2814/2814/2814
f 2815/2815/2815 2816/2816/2816 2817/2817/2817
f 2818/2818/2818 2819/2819/2819 2820/2820/2820
f 2821/2821/2821 2822/2822/2822 2823/2823/2823
f 2824/2824/2824 2825/2825/2825 2826/2826/2826
f 2827/2827/2827 2828/2828/2828 2829/2829/2829
f 2830/2830/2830 2831/2831/2831 2832/2832/2832
f 2833/2833/2833 2834/2834/2834 2835/2835/2835
f 2836/2836/2836 2837/2837/2837 2838/2838/2838
f 2839/2839/2839 2840/2840/2840 2841/2841/2841
f 2842/2842/2842 2843/2843/2843 2844/2844/2844
f 2845/2845/2845 2846/2846/2846 2847/2847/2847
f 2848/2848/2848 2849/2849/2849 2850/2850/2850
f 2851/2851/2851 2852/2852/2852 2853/2853/2853
f 2854/2854/2854 2855/2855/2855 2856/2856/2856
f 2857/2857/2857 2858/2858/2858 2859/2859/2859
f 2860/2860/2860 2861/2861/2861 2862/2862/2862
f 2863/2863/2863 2864/2864/2864 2865/2865/2865
f 2866/2866/2866 2867/2867/2867 2868/2868/2868
f 2869/2869/2869 2870/2870/2870 2871/2871/2871
f 2872/2872/2872 2873/2873/2873 2874/2874/2874
f 2875/2875/2875 2876/2876/2876 2877/2877/2877
f 2878/2878/2878 2879/2879/2879 2880/2880/2880
f 2881/2881/2881 2882/2882/2882 2883/2883/2883
f 2884/2884/2884 2885/2885/2885 2886/2886/2886
f 2887/2887/2887 2888/2888/2888 2889/2889/2889
f 2890/2890/2890 2891/2891/2891 2892/2892/2892
f 2893/2893/2893 2894/2894/2894 2895/2895/2895
f 2896/2896/2896 2897/2897/2897 2898/2898/2898
f 2899/2899/2899 2900/2900/2900 2901/2901/2901
f 2902/2902/2902 2903/2903/2903 2904/2904/2904
f 2905/2905/2905 2906/2906/2906 2907/2907/2907
f 2908/2908/2908 2909/2909/2909 2910/2910/2910
f 2911/2911/2911 2912/2912/2912 2913/2913/2913
f 2914/2914/2914 2915/2915/2915 2916/2916/2916
f 2917/2917/2917 2918/2918/2918 2919/2919/2919
f 2920/2920/2920 2921/2921/2921 2922/2922/2922
f 2923/2923/2923 2924/2924/2924 2925/2925/2925
f 2926/2926/2926 2927/2927/2927 2928/2928/2928
f 2929/2929/2929 2930/2930/2930 2931/2931/2931
f 2932/2932/2932 2933/2933/2933 2934/2934/2934
f 2935/2935/2935 2936/2936/2936 2937/2937/2937
f 2938/2938/2938 2939/2939/2939 2940/2940/2940
f 2941/2941/2941 2942/2942/2942 2943/2943/2943
f 2944/2944/2944 2945/2945/2945 2946/2946/2946
f 2947/2947/2947 2948/2948/2948 2949/2949/2949
f 2950/2950/2950 2951/2951/2951 2952/2952/2952
f 2953/2953/2953 2954/2954/2954 2955/2955/2955
f 2956/2956/2956 2957/2957/2957 2958/2958/2958
f 2959/2959/2959 2960/2960/2960 2961/2961/2961
f 2962/2962/2962 2963/2963/2963 2964/2964/2964
f 2965/2965/2965 2966/2966/2966 2967/2967/2967
f 2968/2968/2968 2969/2969/2969 2970/2970/2970
f 2971/2971/2971 2972/2972/2972 2973/2973/2973
f 2974/2974/2974 2975/2975/2975 2976/2976/2976
f 2977/2977/2977 2978/2978/2978 2979/2979/2979
f 2980/2980/2980 2981/2981/2981 2982/2982/2982
f 2983/2983/2983 2984/2984/2984 2985/2985/2985
f 2986/2986/2986 2987/2987/2987 2988/2988/2988
f 2989/2989/2989 2990/2990/2990 2991/2991/2991
f 2992/2992/2992 2993/2993/2993 2994/2994/2994
f 2995/2995/2995 2996/2996/2996 2997/2997/2997
f 2998/2998/2998 2999/2999/2999 3000/3000/3000
f 3001/3001/3001 3002/3002/3002 3003/3003/3003
f 3004/3004/3004 3005/3005/3005 3006/3006/3006
f 3007/3007/3007 3008/3008/3008 3009/3009/3009
f 3010/3010/3010 3011/3011/3011 3012/3012/3012
f 3013/3013/3013 3014/3014/3014 3015/3015/3015
f 3016/3016/3016 3017/3017/3017 3018/3018/3018
f 3019/3019/3019 3020/3020/3020 3021/3021/3021
f 3022/3022/3022 3023/3023/3023 3024/3024/3024
f 3025/3025/3025 3026/3026/3026 3027/3027/3027
f 3028/3028/3028 3029/3029/3029 3030/3030/3030
f 3031/3031/3031 3032/3032/3032 3033/3033/3033
f 3034/3034/3034 3035/3035/3035 3036/3036/3036
f 3037/3037/3037 3038/3038/3038 3039/3039/3039
f 3040/3040/3040 3041/3041/3041 3042/3042/3042
f 3043/3043/3043 3044/3044/3044 3045/3045/3045
f 3046/3046/3046 3047/3047/3047 3048/3048/3048
f 3049/3049/3049 3050/3050/3050 3051/3051/3051
f 3052/3052/3052 3053/3053/3053 3054/3054/3054
f 3055/3055/3055 3056/3056/3056 3057/3057/3057
f 3058/3058/3058 3059/3059/3059 3060/3060/3060
f 3061/3061/3061 3062/3062/3062 3063/3063/3063
f 3064/3064/3064 3065/3065/3065 3066/3066/3066
f 3067/3067/3067 3068/3068/3068 3069/3069/3069
f 3070/3070/3070 3071/3071/3071 3072/3072/3072
f 3073/3073/3073 3074/3074/3074 3075/3075/3075
f 3076/3076/3076 3077/3077/3077 3078/3078/3078
f 3079/3079/3079 3080/3080/3080 3081/3081/3081
f 3082/3082/3082 3083/3083/3083 3084/3084/3084
f 3085/3085/3085 3086/3086/3086 3087/3087/3087
f 3088/3088/3088 3089/3089/3089 3090/3090/3090
f 3091/3091/3091 3092/3092/3092 3093/3093/3093
f 3094/3094/3094 3095/3095/3095 3096/3096/3096
f 3097/3097/3097 3098/3098/3098 3099/3099/3099
f 3100/3100/3100 3101/3101/3101 3102/3102/3102
f 3103/3103/3103 3104/3104/3104 3105/3105/3105
f 3106/3106/3106 3107/3107/3107 3108/3108/3108
f 3109/3109/3109 3110/3110/3110 3111/3111/3111
f 3112/3112/3112 3113/3113/3113 3114/3114/3114
f 3115/3115/3115 3116/3116/3116 3117/3117/3117
f 3118/3118/3118 3119/3119/3119 3120/3120/3120
f 3121/3121/3121 3122/3122/3122 3123/3123/3123
f 3124/3124/3124 3125/3125/3125 3126/3126/3126
f 3127/3127/3127 3128/3128/3128 3129/3129/3129
f 3130/3130/3130 3131/3131/3131 3132/3132/3132
f 3133/3133/3133 3134/3134/3134 3135/3135/3135
f 3136/3136/3136 3137/3137/3137 3138/3138/3138
f 3139/3139/3139 3140/3140/3140 3141/3141/3141
f 3142/3142/3142 3143/3143/3143 3144/3144/3144
f 3145/3145/3145 3146/3146/3146 3147/3147/3147
f 3148/3148/3148 3149/3149/3149 3150/3150/3150
f 3151/3151/3151 3152/3152/3152 3153/3153/3153
f 3154/3154/3154 3155/3155/3155 3156/3156/3156
f 3157/3157/3157 3158/3158/3158 3159/3159/3159
f 3160/3160/3160 3161/3161/3161 3162/3162/3162
f 3163/3163/3163 3164/3164/3164 3165/3165/3165
f 3166/3166/3166 3167/3167/3167 3168/3168/3168
f 3169/3169/3169 3170/3170/3170 3171/3171/3171
f 3172/3172/3172 3173/3173/3173 3174/3174/3174
f 3175/3175/3175 3176/3176/3176 3177/3177/3177
f 3178/3178/3178 3179/3179/3179 3180/3180/3180
f 3181/3181/3181 3182/3182/3182 3183/3183/3183
f 3184/3184/3184 3185/3185/3185 3186/3186/3186
f 3187/3187/3187 3188/3188/3188 3189/3189/3189
f 3190/3190/3190 3191/3191/3191 3192/3192/3192
f 3193/3193/3193 3194/3194/3194 3195/3195/3195
f 3196/3196/3196 3197/3197/3197 3198/3198/3198
f 3199/3199/3199 3200/3200/3200 3201/3201/3201
f 3202/3202/3202 3203/3203/3203 3204/3204/3204
f 3205/3205/3205 3206/3206/3206 3207/3207/3207
f 3208/3208/3208 3209/3209/3209 3210/3210/3210
f 3211/3211/3211 3212/3212/3212 3213/3213/3213
f 3214/3214/3214 3215/3215/3215 3216/3216/3216
f 3217/3217/3217 3218/3218/3218 3219/3219/3219
f 3220/3220/3220 3221/3221/3221 3222/3222/3222
f 3223/3223/3223 3224/3224/3224 3225/3225/3225
f 3226/3226/3226 3227/3227/3227 3228/3228/3228
f 3229/3229/3229 3230/3230/3230 3231/3231/3231
f 3232/3232/3232 3233/3233/3233 3234/3234/3234
f 3235/3235/3235 3236/3236/3236 3237/3237/3237
f 3238/3238/3238 3239/3239/3239 3240/3240/3240
f 3241/3241/3241 3242/3242/3242 3243/3243/3243
f 3244/3244/3244 3245/3245/3245 3246/3246/3246
f 3247/3247/3247 3248/3248/3248 3249/3249/3249
f 3250/3250/3250 3251/3251/3251 3252/3252/3252
f 3253/3253/3253 3254/3254/3254 3255/3255/3255
f 3256/3256/3256 3257/3257/3257 3258/3258/3258
f 3259/3259/3259 3260/3260/3260 3261/3261/3261
f 3262/3262/3262 3263/3263/3263 3264/3264/3264
f 3265/3265/3265 3266/3266/3266 3267/3267/3267
f 3268/3268/3268 3269/3269/3269 3270/3270/3270
f 3271/3271/3271 3272/3272/3272 3273/3273/3273
f 3274/3274/3274 3275/3275/3275 3276/3276/3276
f 3277/3277/3277 3278/3278/3278 3279/3279/3279
f 3280/3280/3280 3281/3281/3281 3282/3282/3282
f 3283/3283/3283 3284/3284/3284 3285/3285/3285
f 3286/3286/3286 3287/3287/3287 3288/3288/3288
f 3289/3289/3289 3290/3290/3290 3291/3291/3291
f 3292/3292/3292 3293/3293/3293 3294/3294/3294
f 3295/3295/3295 3296/3296/3296 3297/3297/3297
f 3298/3298/3298 3299/3299/3299 3300/3300/3300
f 3301/3301/3301 3302/3302/3302 3303/3303/3303
f 3304/3304/3304 3305/3305/3305 3306/3306/3306
f 3307/3307/3307 3308/3308/3308 3309/3309/3309
f 3310/3310/3310 3311/3311/3311 3312/3312/3312
f 3313/3313/3313 3314/3314/3314 3315/3315/3315
f 3316/3316/3316 3317/3317/3317 3318/3318/3318
f 3319/3319/3319 3320/3320/3320 3321/3321/3321
f 3322/3322/3322 3323/3323/3323 3324/3324/3324
f 3325/3325/3325 3326/3326/3326 3327/3327/3327
f 3328/3328/3328 3329/3329/3329 3330/3330/3330
f 3331/3331/3331 3332/3332/3332 3333/3333/3333
f 3334/3334/3334 3335/3335/3335 3336/3336/3336
f 3337/3337/3337 3338/3338/3338 3339/3339/3339
f 3340/3340/3340 3341/3341/3341 3342/3342/3342
f 3343/3343/3343 3344/3344/3344 3345/3345/3345
f 3346/3346/3346 3347/3347/3347 3348/3348/3348
f 3349/3349/3349 3350/3350/3350 3351/3351/3351
f 3352/3352/3352 3353/3353/3353 3354/3354/3354
f 3355/3355/3355 3356/3356/3356 3357/3357/3357
f 3358/3358/3358 3359/3359/3359 3360/3360/3360
f 3361/3361/3361 3362/3362/3362 3363/3363/3363
f 3364/3364/3364 3365/3365/3365 3366/3366/3366
f 3367/3367/3367 3368/3368/3368 3369/3369/3369
f 3370/3370/3370 3371/3371/3371 3372/3372/3372
f 3373/3373/3373 3374/3374/3374 3375/3375/3375
f 3376/3376/3376 3377/3377/3377 3378/3378/3378
f 3379/3379/3379 3380/3380/3380 3381/3381/3381
f 3382/3382/3382 3383/3383/3383 3384/3384/3384
f 3385/3385/3385 3386/3386/3386 3387/3387/3387
f 3388/3388/3388 3389/3389/3389 3390/3390/3390
f 3391/3391/3391 3392/3392/3392 3393/3393/3393
f 3394/3394/3394 3395/3395/3395 3396/3396/3396
f 3397/3397/3397 3398/3398/3398 3399/3399/3399
f 3400/3400/3400 3401/3401/3401 3402/3402/3402
f 3403/3403/3403 3404/3404/3404 3405/3405/3405
f 3406/3406/3406 3407/3407/3407 3408/3408/3408
f 3409/3409/3409 3410/3410/3410 3411/3411/3411
f 3412/3412/3412 3413/3413/3413 3414/3414/3414
f 3415/3415/3415 3416/3416/3416 3417/3417/3417
f 3418/3418/3418 3419/3419/3419 3420/3420/3420
f 3421/3421/3421 3422/3422/3422 3423/3423/3423
f 3424/3424/3424 3425/3425/3425 3426/3426/3426
f 3427/3427/3427 3428/3428/3428 3429/3429/3429
f 3430/3430/3430 3431/3431/3431 3432/3432/3432
f 3433/3433/3433 3434/3434/3434 3435/3435/3435
f 3436/3436/3436 3437/3437/3437 3438/3438/3438
f 3439/3439/3439 3440/3440/3440 3441/3441/3441
f 3442/3442/3442 3443/3443/3443 3444/3444/3444
f 3445/3445/3445 3446/3446/3446 3447/3447/3447
f 3448/3448/3448 3449/3449/3449 3450/3450/3450
f 3451/3451/3451 3452/3452/3452 3453/3453/3453
f 3454/3454/3454 3455/3455/3455 3456/3456/3456
f 3457/3457/3457 3458/3458/3458 3459/3459/3459
f 3460/3460/3460 3461/3461/3461 3462/3462/3462
f 3463/3463/3463 3464/3464/3464 3465/3465/3465
f 3466/3466/3466 3467/3467/3467 3468/3468/3468
f 3469/3469/3469 3470/3470/3470 3471/3471/3471
f 3472/3472/3472 3473/3473/3473 3474/3474/3474
f 3475/3475/3475 3476/3476/3476 3477/3477/3477
f 3478/3478/3478 3479/3479/3479 3480/3480/3480
f 3481/3481/3481 3482/3482/3482 3483/3483/3483
f 3484/3484/3484 3485/3485/3485 3486/3486/3486
f 3487/3487/3487 3488/3488/3488 3489/3489/3489
f 3490/3490/3490 3491/3491/3491 3492/3492/3492
f 3493/3493/3493 3494/3494/3494 3495/3495/3495
f 3496/3496/3496 3497/3497/3497 3498/3498/3498
f 3499/3499/3499 3500/3500/3500 3501/3501/3501
f 3502/3502/3502 3503/3503/3503 3504/3504/3504
f 3505/3505/3505 3506/3506/3506 3507/3507/3507
f 3508/3508/3508 3509/3509/3509 3510/3510/3510
f 3511/3511/3511 3512/3512/3512 3513/3513/3513
f 3514/3514/3514 3515/3515/3515 3516/3516/3516
f 3517/3517/3517 3518/3518/3518 3519/3519/3519
f 3520/3520/3520 3521/3521/3521 3522/3522/3522
f 3523/3523/3523 3524/3524/3524 3525/3525/3525
f 3526/3526/3526 3527/3527/3527 3528/3528/3528
f 3529/3529/3529 3530/3530/3530 3531/3531/3531
f 3532/3532/3532 3533/3533/3533 3534/3534/3534
f 3535/3535/3535 3536/3536/3536 3537/3537/3537
f 3538/3538/3538 3539/3539/3539 3540/3540/3540
f 3541/3541/3541 3542/3542/3542 3543/3543/3543
f 3544/3544/3544 3545/3545/3545 3546/3546/3546
f 3547/3547/3547 3548/3548/3548 3549/3549/3549
f 3550/3550/3550 3551/3551/3551 3552/3552/3552
f 3553/3553/3553 3554/3554/3554 3555/3555/3555
f 3556/3556/3556 3557/3557/3557 3558/3558/3558
f 3559/3559/3559 3560/3560/3560 3561/3561/3561
f 3562/3562/3562 3563/3563/3563 3564/3564/3564
f 3565/3565/3565 3566/3566/3566 3567/3567/3567
f 3568/3568/3568 3569/3569/3569 3570/3570/3570
f 3571/3571/3571 3572/3572/3572 3573/3573/3573
f 3574/3574/3574 3575/3575/3575 3576/3576/3576
f 3577/3577/3577 3578/3578/3578 3579/3579/3579
f 3580/3580/3580 3581/3581/3581 3582/3582/3582
f 3583/3583/3583 3584/3584/3584 3585/3585/3585
f 3586/3586/3586 3587/3587/3587 3588/3588/3588
f 3589/3589/3589 3590/3590/3590 3591/3591/3591
f 3592/3592/3592 3593/3593/3593 3594/3594/3594
f 3595/3595/3595 3596/3596/3596 3597/3597/3597
f 3598/3598/3598 3599/3599/3599 3600/3600/3600
f 3601/3601/3601 3602/3602/3602 3603/3603/3603
f 3604/3604/3604 3605/3605/3605 3606/3606/3606
f 3607/3607/3607 3608/3608/3608 3609/3609/3609
f 3610/3610/3610 3611/3611/3611 3612/3612/3612
f 3613/3613/3613 3614/3614/3614 3615/3615/3615
f 3616/3616/3616 3617/3617/3617 3618/3618/3618
f 3619/3619/3619 3620/3620/3620 3621/3621/3621
f 3622/3622/3622 3623/3623/3623 3624/3624/3624
f 3625/3625/3625 3626/3626/3626 3627/3627/3627
f 3628/3628/3628 3629/3629/3629 3630/3630/3630
f 3631/3631/3631 3632/3632/3632 3633/3633/3633
f 3634/3634/3634 3635/3635/3635 3636/3636/3636
f 3637/3637/3637 3638/3638/3638 3639/3639/3639
f 3640/3640/3640 3641/3641/3641 3642/3642/3642
f 3643/3643/3643 3644/3644/3644 3645/3645/3645
f 3646/3646/3646 3647/3647/3647 3648/3648/3648
f 3649/3649/3649 3650/3650/3650 3651/3651/3651
f 3652/3652/3652 3653/3653/3653 3654/3654/3654
f 3655/3655/3655 3656/3656/3656 3657/3657/3657
f 3658/3658/3658 3659/3659/3659 3660/3660/3660
f 3661/3661/3661 3662/3662/3662 3663/3663/3663
f 3664/3664/3664 3665/3665/3665 3666/3666/3666
f 3667/3667/3667 3668/3668/3668 3669/3669/3669
f 3670/3670/3670 3671/3671/3671 3672/3672/3672
f 3673/3673/3673 3674/3674/3674 3675/3675/3675
f 3676/3676/3676 3677/3677/3677 3678/3678/3678
f 3679/3679/3679 3680/3680/3680 3681/3681/3681
f 3682/3682/3682 3683/3683/3683 3684/3684/3684
f 3685/3685/3685 3686/3686/3686 3687/3687/3687
f 3688/3688/3688 3689/3689/3689 3690/3690/3690
f 3691/3691/3691 3692/3692/3692 3693/3693/3693
f 3694/3694/3694 3695/3695/3695 3696/3696/3696
f 3697/3697/3697 3698/3698/3698 3699/3699/3699
f 3700/3700/3700 3701/3701/3701 3702/3702/3702
f 3703/3703/3703 3704/3704/3704 3705/3705/3705
f 3706/3706/3706 3707/3707/3707 3708/3708/3708
f 3709/3709/3709 3710/3710/3710 3711/3711/3711
f 3712/3712/3712 3713/3713/3713 3714/3714/3714
f 3715/3715/3715 3716/3716/3716 3717/3717/3717
f 3718/3718/3718 3719/3719/3719 3720/3720/3720
f 3721/3721/3721 3722/3722/3722 3723/3723/3723
f 3724/3724/3724 3725/3725/3725 3726/3726/3726
f 3727/3727/3727 3728/3728/3728 3729/3729/3729
f 3730/3730/3730 3731/3731/3731 3732/3732/3732
f 3733/3733/3733 3734/3734/3734 3735/3735/3735
f 3736/3736/3736 3737/3737/3737 3738/3738/3738
f 3739/3739/3739 3740/3740/3740 3741/3741/3741
f 3742/3742/3742 3743/3743/3743 3744/3744/3744
f 3745/3745/3745 3746/3746/3746 3747/3747/3747
f 3748/3748/3748 3749/3749/3749 3750/3750/3750
f 3751/3751/3751 3752/3752/3752 3753/3753/3753
f 3754/3754/3754 3755/3755/3755 3756/3756/3756
f 3757/3757/3757 3758/3758/3758 3759/3759/3759
f 3760/3760/3760 3761/3761/3761 3762/3762/3762
f 3763/3763/3763 3764/3764/3764 3765/3765/3765
f 3766/3766/3766 3767/3767/3767 3768/3768/3768
f 3769/3769/3769 3770/3770/3770 3771/3771/3771
f 3772/3772/3772 3773/3773/3773 3774/3774/3774
f 3775/3775/3775 3776/3776/3776 3777/3777/3777
f 3778/3778/3778 3779/3779/3779 3780/3780/3780
f 3781/3781/3781 3782/3782/3782 3783/3783/3783
f 3784/3784/3784 3785/3785/3785 3786/3786/3786
f 3787/3787/3787 3788/3788/3788 3789/3789/3789
f 3790/3790/3790 3791/3791/3791 3792/3792/3792
f 3793/3793/3793 3794/3794/3794 3795/3795/3795
f 3796/3796/3796 3797/3797/3797 3798/3798/3798
f 3799/3799/3799 3800/3800/3800 3801/3801/3801
f 3802/3802/3802 3803/3803/3803 3804/3804/3804
f 3805/3805/3805 3806/3806/3806 3807/3807/3807
f 3808/3808/3808 3809/3809/3809 3810/3810/3810
f 3811/3811/3811 3812/3812/3812 3813/3813/3813
f 3814/3814/3814 3815/3815/3815 3816/3816/3816
f 3817/3817/3817 3818/3818/3818 3819/3819/3819
f 3820/3820/3820 3821/3821/3821 3822/3822/3822
f 3823/3823/3823 3824/3824/3824 3825/3825/3825
f 3826/3826/3826 3827/3827/3827 3828/3828/3828
f 3829/3829/3829 3830/3830/3830 3831/3831/3831
f 3832/3832/3832 3833/3833/3833 3834/3834/3834
f 3835/3835/3835 3836/3836/3836 3837/3837/3837
f 3838/3838/3838 3839/3839/3839 3840/3840/3840
f 3841/3841/3841 3842/3842/3842 3843/3843/3843
f 3844/3844/3844 3845/3845/3845 3846/3846/3846
f 3847/3847/3847 3848/3848/3848 3849/3849/3849
f 3850/3850/3850 3851/3851/3851 3852/3852/3852
f 3853/3853/3853 3854/3854/3854 3855/3855/3855
f 3856/3856/3856 3857/3857/3857 3858/3858/3858
f 3859/3859/3859 3860/3860/3860 3861/3861/3861
f 3862/3862/3862 3863/3863/3863 3864/3864/3864
f 3865/3865/3865 3866/3866/3866 3867/3867/3867
f 3868/3868/3868 3869/3869/3869 3870/3870/3870
f 3871/3871/3871 3872/3872/3872 3873/3873/3873
f 3874/3874/3874 3875/3875/3875 3876/3876/3876
f 3877/3877/3877 3878/3878/3878 3879/3879/3879
f 3880/3880/3880 3881/3881/3881 3882/3882/3882
f 3883/3883/3883 3884/3884/3884 3885/3885/3885
f 3886/3886/3886 3887/3887/3887 3888/3888/3888
f 3889/3889/3889 3890/3890/3890 3891/3891/3891
f 3892/3892/3892 3893/3893/3893 3894/3894/3894
f 3895/3895/3895 3896/3896/3896 3897/3897/3897
f 3898/3898/3898 3899/3899/3899 3900/3900/3900
f 3901/3901/3901 3902/3902/3902 3903/3903/3903
f 3904/3904/3904 3905/3905/3905 3906/3906/3906
f 3907/3907/3907 3908/3908/3908 3909/3909/3909
f 3910/3910/3910 3911/3911/3911 3912/3912/3912
f 3913/3913/3913 3914/3914/3914 3915/3915/3915
f 3916/3916/3916 3917/3917/3917 3918/3918/3918
f 3919/3919/3919 3920/3920/3920 3921/3921/3921
f 3922/3922/3922 3923/3923/3923 3924/3924/3924
f 3925/3925/3925 3926/3926/3926 3927/3927/3927
f 3928/3928/3928 3929/3929/3929 3930/3930/3930
f 3931/3931/3931 3932/3932/3932 3933/3933/3933
f 3934/3934/3934 3935/3935/3935 3936/3936/3936
f 3937/3937/3937 3938/3938/3938 3939/3939/3939
f 3940/3940/3940 3941/3941/3941 3942/3942/3942
f 3943/3943/3943 3944/3944/3944 3945/3945/3945
f 3946/3946/3946 3947/3947/3947 3948/3948/3948
f 3949/3949/3949 3950/3950/3950 3951/3951/3951
f 3952/3952/3952 3953/3953/3953 3954/3954/3954
f 3955/3955/3955 3956/3956/3956 3957/3957/3957
f 3958/3958/3958 3959/3959/3959 3960/3960/3960
f 3961/3961/3961 3962/3962/3962 3963/3963/3963
f 3964/3964/3964 3965/3965/3965 3966/3966/3966
f 3967/3967/3967 3968/3968/3968 3969/3969/3969
f 3970/3970/3970 3971/3971/3971 3972/3972/3972
f 3973/3973/3973 3974/3974/3974 3975/3975/3975
f 3976/3976/3976 3977/3977/3977 3978/3978/3978
f 3979/3979/3979 3980/3980/3980 3981/3981/3981
f 3982/3982/3982 3983/3983/3983 3984/3984/3984
f 3985/3985/3985 3986/3986/3986 3987/3987/3987
f 3988/3988/3988 3989/3989/3989 3990/3990/3990
f 3991/3991/3991 3992/3992/3992 3993/3993/3993
f 3994/3994/3994 3995/3995/3995 3996/3996/3996
f 3997/3997/3997 3998/3998/3998 3999/3999/3999
f 4000/4000/4000 4001/4001/4001 4002/4002/4002
f 4003/4003/4003 4004/4004/4004 4005/4005/4005
f 4006/4006/4006 4007/4007/4007 4008/4008/4008
f 4009/4009/4009 4010/4010/4010 4011/4011/4011
f 4012/4012/4012 4013/4013/4013 4014/4014/4014
f 4015/4015/4015 4016/4016/4016 4017/4017/4017
f 4018/4018/4018 4019/4019/4019 4020/4020/4020
f 4021/4021/4021 4022/4022/4022 4023/4023/4023
f 4024/4024/4024 4025/4025/4025 4026/4026/4026
f 4027/4027/4027 4028/4028/4028 4029/4029/4029
f 4030/4030/4030 4031/4031/4031 4032/4032/4032
f 4033/4033/4033 4034/4034/4034 4035/4035/4035
f 4036/4036/4036 4037/4037/4037 4038/4038/4038
f 4039/4039/4039 4040/4040/4040 4041/4041/4041
f 4042/4042/4042 4043/4043/4043 4044/4044/4044
f 4045/4045/4045 4046/4046/4046 4047/4047/4047
f 4048/4048/4048 4049/4049/4049 4050/4050/4050
f 4051/4051/4051 4052/4052/4052 4053/4053/4053
f 4054/4054/4054 4055/4055/4055 4056/4056/4056
f 4057/4057/4057 4058/4058/4058 4059/4059/4059
f 4060/4060/4060 4061/4061/4061 4062/4062/4062
f 4063/4063/4063 4064/4064/4064 4065/4065/4065
f 4066/4066/4066 4067/4067/4067 4068/4068/4068
f 4069/4069/4069 4070/4070/4070 4071/4071/4071
f 4072/4072/4072 4073/4073/4073 4074/4074/4074
f 4075/4075/4075 4076/4076/4076 4077/4077/4077
f 4078/4078/4078 4079/4079/4079 4080/4080/4080
f 4081/4081/4081 4082/4082/4082 4083/4083/4083
f 4084/4084/4084 4085/4085/4085 4086/4086/4086
f 4087/4087/4087 4088/4088/4088 4089/4089/4089
f 4090/4090/4090 4091/4091/4091 4092/4092/4092
f 4093/4093/4093 4094/4094/4094 4095/4095/4095
f 4096/4096/4096 4097/4097/4097 4098/4098/4098
f 4099/4099/4099 4100/4100/4100 4101/4101/4101
f 4102/4102/4102 4103/4103/4103 4104/4104/4104
f 4105/4105/4105 4106/4106/4106 4107/4107/4107
f 4108/4108/4108 4109/4109/4109 4110/4110/4110
f 4111/4111/4111 4112/4112/4112 4113/4113/4113
f 4114/4114/4114 4115/4115/4115 4116/4116/4116
f 4117/4117/4117 4118/4118/4118 4119/4119/4119
f 4120/4120/4120 4121/4121/4121 4122/4122/4122
f 4123/4123/4123 4124/4124/4124 4125/4125/4125
f 4126/4126/4126 4127/4127/4127 4128/4128/4128
f 4129/4129/4129 4130/4130/4130 4131/4131/4131
f 4132/4132/4132 4133/4133/4133 4134/4134/4134
f 4135/4135/4135 4136/4136/4136 4137/4137/4137
f 4138/4138/4138 4139/4139/4139 4140/4140/4140
f 4141/4141/4141 4142/4142/4142 4143/4143/4143
f 4144/4144/4144 4145/4145/4145 4146/4146/4146
f 4147/4147/4147 4148/4148/4148 4149/4149/4149
f 4150/4150/4150 4151/4151/4151 4152/4152/4152
f 4153/4153/4153 4154/4154/4154 4155/4155/4155
f 4156/4156/4156 4157/4157/4157 4158/4158/4158
f 4159/4159/4159 4160/4160/4160 4161/4161/4161
f 4162/4162/4162 4163/4163/4163 4164/4164/4164
f 4165/4165/4165 4166/4166/4166 4167/4167/4167
f 4168/4168/4168 4169/4169/4169 4170/4170/4170
f 4171/4171/4171 4172/4172/4172 4173/4173/4173
f 4174/4174/4174 4175/4175/4175 4176/4176/4176
f 4177/4177/4177 4178/4178/4178 4179/4179/4179
f 4180/4180/4180 4181/4181/4181 4182/4182/4182
f 4183/4183/4183 4184/4184/4184 4185/4185/4185
f 4186/4186/4186 4187/4187/4187 4188/4188/4188
f 4189/4189/4189 4190/4190/4190 4191/4191/4191
f 4192/4192/4192 4193/4193/4193 4194/4194/4194
f 4195/4195/4195 4196/4196/4196 4197/4197/4197
f 4198/4198/4198 4199/4199/4199 4200/4200/4200
f 4201/4201/4201 4202/4202/4202 4203/4203/4203
f 4204/4204/4204 4205/4205/4205 4206/4206/4206
f 4207/4207/4207 4208/4208/4208 4209/4209/4209
f 4210/4210/4210 4211/4211/4211 4212/4212/4212
f 4213/4213/4213 4214/4214/4214 4215/4215/4215
f 4216/4216/4216 4217/4217/4217 4218/4218/4218
f 4219/4219/4219 4220/4220/4220 4221/4221/4221
f 4222/4222/4222 4223/4223/4223 4224/4224/4224
f 4225/4225/4225 4226/4226/4226 4227/4227/4227
f 4228/4228/4228 4229/4229/4229 4230/4230/4230
f 4231/4231/4231 4232/4232/4232 4233/4233/4233
f 4234/4234/4234 4235/4235/4235 4236/4236/4236
f 4237/4237/4237 4238/4238/4238 4239/4239/4239
f 4240/4240/4240 4241/4241/4241 4242/4242/4242
f 4243/4243/4243 4244/4244/4244 4245/4245/4245
f 4246/4246/4246 4247/4247/4247 4248/4248/4248
f 4249/4249/4249 4250/4250/4250 4251/4251/4251
f 4252/4252/4252 4253/4253/4253 4254/4254/4254
f 4255/4255/4255 4256/4256/4256 4257/4257/4257
f 4258/4258/4258 4259/4259/4259 4260/4260/4260
f 4261/4261/4261 4262/4262/4262 4263/4263/4263
f 4264/4264/4264 4265/4265/4265 4266/4266/4266
f 4267/4267/4267 4268/4268/4268 4269/4269/4269
f 4270/4270/4270 4271/4271/4271 4272/4272/4272
f 4273/4273/4273 4274/4274/4274 4275/4275/4275
f 4276/4276/4276 4277/4277/4277 4278/4278/4278
f 4279/4279/4279 4280/4280/4280 4281/4281/4281
f 4282/4282/4282 4283/4283/4283 4284/4284/4284
f 4285/4285/4285 4286/4286/4286 4287/4287/4287
f 4288/4288/4288 4289/4289/4289 4290/4290/4290
f 4291/4291/4291 4292/4292/4292 4293/4293/4293
f 4294/4294/4294 4295/4295/4295 4296/4296/4296
f 4297/4297/4297 4298/4298/4298 4299/4299/4299
f 4300/4300/4300 4301/4301/4301 4302/4302/4302
f 4303/4303/4303 4304/4304/4304 4305/4305/4305
f 4306/4306/4306 4307/4307/4307 4308/4308/4308
f 4309/4309/4309 4310/4310/4310 4311/4311/4311
f 4312/4312/4312 4313/4313/4313 4314/4314/4314
f 4315/4315/4315 4316/4316/4316 4317/4317/4317
f 4318/4318/4318 4319/4319/4319 4320/4320/4320
f 4321/4321/4321 4322/4322/4322 4323/4323/4323
f 4324/4324/4324 4325/4325/4325 4326/4326/4326
f 4327/4327/4327 4328/4328/4328 4329/4329/4329
f 4330/4330/4330 4331/4331/4331 4332/4332/4332
f 4333/4333/4333 4334/4334/4334 4335/4335/4335
f 4336/4336/4336 4337/4337/4337 4338/4338/4338
f 4339/4339/4339 4340/4340/4340 4341/4341/4341
f 4342/4342/4342 4343/4343/4343 4344/4344/4344
f 4345/4345/4345 4346/4346/4346 4347/4347/4347
f 4348/4348/4348 4349/4349/4349 4350/4350/4350
f 4351/4351/4351 4352/4352/4352 4353/4353/4353
f 4354/4354/4354 4355/4355/4355 4356/4356/4356
f 4357/4357/4357 4358/4358/4358 4359/4359/4359
f 4360/4360/4360 4361/4361/4361 4362/4362/4362
f 4363/4363/4363 4364/4364/4364 4365/4365/4365
f 4366/4366/4366 4367/4367/4367 4368/4368/4368
f 4369/4369/4369 4370/4370/4370 4371/4371/4371
f 4372/4372/4372 4373/4373/4373 4374/4374/4374
f 4375/4375/4375 4376/4376/4376 4377/4377/4377
f 4378/4378/4378 4379/4379/4379 4380/4380/4380
f 4381/4381/4381 4382/4382/4382 4383/4383/4383
f 4384/4384/4384 4385/4385/4385 4386/4386/4386
f 4387/4387/4387 4388/4388/4388 4389/4389/4389
f 4390/4390/4390 4391/4391/4391 4392/4392/4392
f 4393/4393/4393 4394/4394/4394 4395/4395/4395
f 4396/4396/4396 4397/4397/4397 4398/4398/4398
f 4399/4399/4399 4400/4400/4400 4401/4401/4401
f 4402/4402/4402 4403/4403/4403 4404/4404/4404
f 4405/4405/4405 4406/4406/4406 4407/4407/4407
f 4408/4408/4408 4409/4409/4409 4410/4410/4410
f 4411/4411/4411 4412/4412/4412 4413/4413/4413
f 4414/4414/4414 4415/4415/4415 4416/4416/4416
f 4417/4417/4417 4418/4418/4418 4419/4419/4419
f 4420/4420/4420 4421/4421/4421 4422/4422/4422
f 4423/4423/4423 4424/4424/4424 4425/4425/4425
f 4426/4426/4426 4427/4427/4427 4428/4428/4428
f 4429/4429/4429 4430/4430/4430 4431/4431/4431
f 4432/4432/4432 4433/4433/4433 4434/4434/4434
f 4435/4435/4435 4436/4436/4436 4437/4437/4437
f 4438/4438/4438 4439/4439/4439 4440/4440/4440
f 4441/4441/4441 4442/4442/4442 4443/4443/4443
f 4444/4444/4444 4445/4445/4445 4446/4446/4446
f 4447/4447/4447 4448/4448/4448 4449/4449/4449
f 4450/4450/4450 4451/4451/4451 4452/4452/4452
f 4453/4453/4453 4454/4454/4454 4455/4455/4455
f 4456/4456/4456 4457/4457/4457 4458/4458/4458
f 4459/4459/4459 4460/4460/4460 4461/4461/4461
f 4462/4462/4462 4463/4463/4463 4464/4464/4464
f 4465/4465/4465 4466/4466/4466 4467/4467/4467
f 4468/4468/4468 4469/4469/4469 4470/4470/4470
f 4471/4471/4471 4472/4472/4472 4473/4473/4473
f 4474/4474/4474 4475/4475/4475 4476/4476/4476
f 4477/4477/4477 4478/4478/4478 4479/4479/4479
f 4480/4480/4480 4481/4481/4481 4482/4482/4482
f 4483/4483/4483 4484/4484/4484 4485/4485/4485
f 4486/4486/4486 4487/4487/4487 4488/4488/4488
f 4489/4489/4489 4490/4490/4490 4491/4491/4491
f 4492/4492/4492 4493/4493/4493 4494/4494/4494
f 4495/4495/4495 4496/4496/4496 4497/4497/4497
f 4498/4498/4498 4499/4499/4499 4500/4500/4500
f 4501/4501/4501 4502/4502/4502 4503/4503/4503
f 4504/4504/4504 4505/4505/4505 4506/4506/4506
f 4507/4507/4507 4508/4508/4508 4509/4509/4509
f 4510/4510/4510 4511/4511/4511 4512/4512/4512
f 4513/4513/4513 4514/4514/4514 4515/4515/4515
f 4516/4516/4516 4517/4517/4517 4518/4518/4518
f 4519/4519/4519 4520/4520/4520 4521/4521/4521
f 4522/4522/4522 4523/4523/4523 4524/4524/4524
f 4525/4525/4525 4526/4526/4526 4527/4527/4527
f 4528/4528/4528 4529/4529/4529 4530/4530/4530
f 4531/4531/4531 4532/4532/4532 4533/4533/4533
f 4534/4534/4534 4535/4535/4535 4536/4536/4536
f 4537/4537/4537 4538/4538/4538 4539/4539/4539
f 4540/4540/4540 4541/4541/4541 4542/4542/4542
f 4543/4543/4543 4544/4544/4544 4545/4545/4545
f 4546/4546/4546 4547/4547/4547 4548/4548/4548
f 4549/4549/4549 4550/4550/4550 4551/4551/4551
f 4552/4552/4552 4553/4553/4553 4554/4554/4554
f 4555/4555/4555 4556/4556/4556 4557/4557/4557
f 4558/4558/4558 4559/4559/4559 4560/4560/4560
f 4561/4561/4561 4562/4562/4562 4563/4563/4563
f 4564/4564/4564 4565/4565/4565 4566/4566/4566
f 4567/4567/4567 4568/4568/4568 4569/4569/4569
f 4570/4570/4570 4571/4571/4571 4572/4572/4572
f 4573/4573/4573 4574/4574/4574 4575/4575/4575
f 4576/4576/4576 4577/4577/4577 4578/4578/4578
f 4579/4579/4579 4580/4580/4580 4581/4581/4581
f 4582/4582/4582 4583/4583/4583 4584/4584/4584
f 4585/4585/4585 4586/4586/4586 4587/4587/4587
f 4588/4588/4588 4589/4589/4589 4590/4590/4590
f 4591/4591/4591 4592/4592/4592 4593/4593/4593
f 4594/4594/4594 4595/4595/4595 4596/4596/4596
f 4597/4597/4597 4598/4598/4598 4599/4599/4599
f 4600/4600/4600 4601/4601/4601 4602/4602/4602
f 4603/4603/4603 4604/4604/4604 4605/4605/4605
f 4606/4606/4606 4607/4607/4607 4608/4608/4608
f 4609/4609/4609 4610/4610/4610 4611/4611/4611
f 4612/4612/4612 4613/4613/4613 4614/4614/4614
f 4615/4615/4615 4616/4616/4616 4617/4617/4617
f 4618/4618/4618 4619/4619/4619 4620/4620/4620
f 4621/4621/4621 4622/4622/4622 4623/4623/4623
f 4624/4624/4624 4625/4625/4625 4626/4626/4626
f 4627/4627/4627 4628/4628/4628 4629/4629/4629
f 4630/4630/4630 4631/4631/4631 4632/4632/4632
f 4633/4633/4633 4634/4634/4634 4635/4635/4635
f 4636/4636/4636 4637/4637/4637 4638/4638/4638
f 4639/4639/4639 4640/4640/4640 4641/4641/4641
f 4642/4642/4642 4643/4643/4643 4644/4644/4644
f 4645/4645/4645 4646/4646/4646 4647/4647/4647
f 4648/4648/4648 4649/4649/4649 4650/4650/4650
f 4651/4651/4651 4652/4652/4652 4653/4653/4653
f 4654/4654/4654 4655/4655/4655 4656/4656/4656
f 4657/4657/4657 4658/4658/4658 4659/4659/4659
f 4660/4660/4660 4661/4661/4661 4662/4662/4662
f 4663/4663/4663 4664/4664/4664 4665/4665/4665
f 4666/4666/4666 4667/4667/4667 4668/4668/4668
f 4669/4669/4669 4670/4670/4670 4671/4671/4671
f 4672/4672/4672 4673/4673/4673 4674/4674/4674
f 4675/4675/4675 4676/4676/4676 4677/4677/4677
f 4678/4678/4678 4679/4679/4679 4680/4680/4680
f 4681/4681/4681 4682/4682/4682 4683/4683/4683
f 4684/4684/4684 4685/4685/4685 4686/4686/4686
f 4687/4687/4687 4688/4688/4688 4689/4689/4689
f 4690/4690/4690 4691/4691/4691 4692/4692/4692
f 4693/4693/4693 4694/4694/4694 4695/4695/4695
f 4696/4696/4696 4697/4697/4697 4698/4698/4698
f 4699/4699/4699 4700/4700/4700 4701/4701/4701
f 4702/4702/4702 4703/4703/4703 4704/4704/4704
f 4705/4705/4705 4706/4706/4706 4707/4707/4707
f 4708/4708/4708 4709/4709/4709 4710/4710/4710
f 4711/4711/4711 4712/4712/4712 4713/4713/4713
f 4714/4714/4714 4715/4715/4715 4716/4716/4716
f 4717/4717/4717 4718/4718/4718 4719/4719/4719
f 4720/4720/4720 4721/4721/4721 4722/4722/4722
f 4723/4723/4723 4724/4724/4724 4725/4725/4725
f 4726/4726/4726 4727/4727/4727 4728/4728/4728
f 4729/4729/4729 4730/4730/4730 4731/4731/4731
f 4732/4732/4732 4733/4733/4733 4734/4734/4734
f 4735/4735/4735 4736/4736/4736 4737/4737/4737
f 4738/4738/4738 4739/4739/4739 4740/4740/4740
f 4741/4741/4741 4742/4742/4742 4743/4743/4743
f 4744/4744/4744 4745/4745/4745 4746/4746/4746
f 4747/4747/4747 4748/4748/4748 4749/4749/4749
f 4750/4750/4750 4751/4751/4751 4752/4752/4752
f 4753/4753/4753 4754/4754/4754 4755/4755/4755
f 4756/4756/4756 4757/4757/4757 4758/4758/4758
f 4759/4759/4759 4760/4760/4760 4761/4761/4761
f 4762/4762/4762 4763/4763/4763 4764/4764/4764
f 4765/4765/4765 4766/4766/4766 4767/4767/4767
f 4768/4768/4768 4769/4769/4769 4770/4770/4770
f 4771/4771/4771 4772/4772/4772 4773/4773/4773
f 4774/4774/4774 4775/4775/4775 4776/4776/4776
f 4777/4777/4777 4778/4778/4778 4779/4779/4779
f 4780/4780/4780 4781/4781/4781 4782/4782/4782
f 4783/4783/4783 4784/4784/4784 4785/4785/4785
f 4786/4786/4786 4787/4787/4787 4788/4788/4788
f 4789/4789/4789 4790/4790/4790 4791/4791/4791
f 4792/4792/4792 4793/4793/4793 4794/4794/4794
f 4795/4795/4795 4796/4796/4796 4797/4797/4797
f 4798/4798/4798 4799/4799/4799 4800/4800/4800
f 4801/4801/4801 4802/4802/4802 4803/4803/4803
f 4804/4804/4804 4805/4805/4805 4806/4806/4806
f 4807/4807/4807 4808/4808/4808 4809/4809/4809
f 4810/4810/4810 4811/4811/4811 4812/4812/4812
f 4813/4813/4813 4814/4814/4814 4815/4815/4815
f 4816/4816/4816 4817/4817/4817 4818/4818/4818
f 4819/4819/4819 4820/4820/4820 4821/4821/4821
f 4822/4822/4822 4823/4823/4823 4824/4824/4824
f 4825/4825/4825 4826/4826/4826 4827/4827/4827
f 4828/4828/4828 4829/4829/4829 4830/4830/4830
f 4831/4831/4831 4832/4832/4832 4833/4833/4833
f 4834/4834/4834 4835/4835/4835 4836/4836/4836
f 4837/4837/4837 4838/4838/4838 4839/4839/4839
f 4840/4840/4840 4841/4841/4841 4842/4842/4842
f 4843/4843/4843 4844/4844/4844 4845/4845/4845
f 4846/4846/4846 4847/4847/4847 4848/4848/4848
f 4849/4849/4849 4850/4850/4850 4851/4851/4851
f 4852/4852/4852 4853/4853/4853 4854/4854/4854
f 4855/4855/4855 4856/4856/4856 4857/4857/4857
f 4858/4858/4858 4859/4859/4859 4860/4860/4860
f 4861/4861/4861 4862/4862/4862 4863/4863/4863
f 4864/4864/4864 4865/4865/4865 4866/4866/4866
f 4867/4867/4867 4868/4868/4868 4869/4869/4869
f 4870/4870/4870 4871/4871/4871 4872/4872/4872
f 4873/4873/4873 4874/4874/4874 4875/4875/4875
f 4876/4876/4876 4877/4877/4877 4878/4878/4878
f 4879/4879/4879 4880/4880/4880 4881/4881/4881
f 4882/4882/4882 4883/4883/4883 4884/4884/4884
f 4885/4885/4885 4886/4886/4886 4887/4887/4887
f 4888/4888/4888 4889/4889/4889 4890/4890/4890
f 4891/4891/4891 4892/4892/4892 4893/4893/4893
f 4894/4894/4894 4895/4895/4895 4896/4896/4896
f 4897/4897/4897 4898/4898/4898 4899/4899/4899
f 4900/4900/4900 4901/4901/4901 4902/4902/4902
f 4903/4903/4903 4904/4904/4904 4905/4905/4905
f 4906/4906/4906 4907/4907/4907 4908/4908/4908
f 4909/4909/4909 4910/4910/4910 4911/4911/4911
f 4912/4912/4912 4913/4913/4913 4914/4914/4914
f 4915/4915/4915 4916/4916/4916 4917/4917/4917
f 4918/4918/4918 4919/4919/4919 4920/4920/4920
f 4921/4921/4921 4922/4922/4922 4923/4923/4923
f 4924/4924/4924 4925/4925/4925 4926/4926/4926
f 4927/4927/4927 4928/4928/4928 4929/4929/4929
f 4930/4930/4930 4931/4931/4931 4932/4932/4932
f 4933/4933/4933 4934/4934/4934 4935/4935/4935
f 4936/4936/4936 4937/4937/4937 4938/4938/4938
f 4939/4939/4939 4940/4940/4940 4941/4941/4941
f 4942/4942/4942 4943/4943/4943 4944/4944/4944
f 4945/4945/4945 4946/4946/4946 4947/4947/4947
f 4948/4948/4948 4949/4949/4949 4950/4950/4950
f 4951/4951/4951 4952/4952/4952 4953/4953/4953
f 4954/4954/4954 4955/4955/4955 4956/4956/4956
f 4957/4957/4957 4958/4958/4958 4959/4959/4959
f 4960/4960/4960 4961/4961/4961 4962/4962/4962
f 4963/4963/4963 4964/4964/4964 4965/4965/4965
f 4966/4966/4966 4967/4967/4967 4968/4968/4968
f 4969/4969/4969 4970/4970/4970 4971/4971/4971
f 4972/4972/4972 4973/4973/4973 4974/4974/4974
f 4975/4975/4975 4976/4976/4976 4977/4977/4977
f 4978/4978/4978 4979/4979/4979 4980/4980/4980
f 4981/4981/4981 4982/4982/4982 4983/4983/4983
f 4984/4984/4984 4985/4985/4985 4986/4986/4986
f 4987/4987/4987 4988/4988/4988 4989/4989/4989
f 4990/4990/4990 4991/4991/4991 4992/4992/4992
f 4993/4993/4993 4994/4994/4994 4995/4995/4995
f 4996/4996/4996 4997/4997/4997 4998/4998/4998
f 4999/4999/4999 5000/5000/5000 5001/5001/5001
f 5002/5002/5002 5003/5003/5003 5004/5004/5004
f 5005/5005/5005 5006/5006/5006 5007/5007/5007
f 5008/5008/5008 5009/5009/5009 5010/5010/5010
f 5011/5011/5011 5012/5012/5012 5013/5013/5013
f 5014/5014/5014 5015/5015/5015 5016/5016/5016
f 5017/5017/5017 5018/5018/5018 5019/5019/5019
f 5020/5020/5020 5021/5021/5021 5022/5022/5022
f 5023/5023/5023 5024/5024/5024 5025/5025/5025
f 5026/5026/5026 5027/5027/5027 5028/5028/5028
f 5029/5029/5029 5030/5030/5030 5031/5031/5031
f 5032/5032/5032 5033/5033/5033 5034/5034/5034
f 5035/5035/5035 5036/5036/5036 5037/5037/5037
f 5038/5038/5038 5039/5039/5039 5040/5040/5040
f 5041/5041/5041 5042/5042/5042 5043/5043/5043
f 5044/5044/5044 5045/5045/5045 5046/5046/5046
f 5047/5047/5047 5048/5048/5048 5049/5049/5049
f 5050/5050/5050 5051/5051/5051 5052/5052/5052
f 5053/5053/5053 5054/5054/5054 5055/5055/5055
f 5056/5056/5056 5057/5057/5057 5058/5058/5058
f 5059/5059/5059 5060/5060/5060 5061/5061/5061
f 5062/5062/5062 5063/5063/5063 5064/5064/5064
f 5065/5065/5065 5066/5066/5066 5067/5067/5067
f 5068/5068/5068 5069/5069/5069 5070/5070/5070
f 5071/5071/5071 5072/5072/5072 5073/5073/5073
f 5074/5074/5074 5075/5075/5075 5076/5076/5076
f 5077/5077/5077 5078/5078/5078 5079/5079/5079
f 5080/5080/5080 5081/5081/5081 5082/5082/5082
f 5083/5083/5083 5084/5084/5084 5085/5085/5085
f 5086/5086/5086 5087/5087/5087 5088/5088/5088
f 5089/5089/5089 5090/5090/5090 5091/5091/5091
f 5092/5092/5092 5093/5093/5093 5094/5094/5094
f 5095/5095/5095 5096/5096/5096 5097/5097/5097
f 5098/5098/5098 5099/5099/5099 5100/5100/5100
f 5101/5101/5101 5102/5102/5102 5103/5103/5103
f 5104/5104/5104 5105/5105/5105 5106/5106/5106
f 5107/5107/5107 5108/5108/5108 5109/5109/5109
f 5110/5110/5110 5111/5111/5111 5112/5112/5112
f 5113/5113/5113 5114/5114/5114 5115/5115/5115
f 5116/5116/5116 5117/5117/5117 5118/5118/5118
f 5119/5119/5119 5120/5120/5120 5121/5121/5121
f 5122/5122/5122 5123/5123/5123 5124/5124/5124
f 5125/5125/5125 5126/5126/5126 5127/5127/5127
f 5128/5128/5128 5129/5129/5129 5130/5130/5130
f 5131/5131/5131 5132/5132/5132 5133/5133/5133
f 5134/5134/5134 5135/5135/5135 5136/5136/5136
f 5137/5137/5137 5138/5138/5138 5139/5139/5139
f 5140/5140/5140 5141/5141/5141 5142/5142/5142
f 5143/5143/5143 5144/5144/5144 5145/5145/5145
f 5146/5146/5146 5147/5147/5147 5148/5148/5148
f 5149/5149/5149 5150/5150/5150 5151/5151/5151
f 5152/5152/5152 5153/5153/5153 5154/5154/5154
f 5155/5155/5155 5156/5156/5156 5157/5157/5157
f 5158/5158/5158 5159/5159/5159 5160/5160/5160
f 5161/5161/5161 5162/5162/5162 5163/5163/5163
f 5164/5164/5164 5165/5165/5165 5166/5166/5166
f 5167/5167/5167 5168/5168/5168 5169/5169/5169
f 5170/5170/5170 5171/5171/5171 5172/5172/5172
f 5173/5173/5173 5174/5174/5174 5175/5175/5175
f 5176/5176/5176 5177/5177/5177 5178/5178/5178
f 5179/5179/5179 5180/5180/5180 5181/5181/5181
f 5182/5182/5182 5183/5183/5183 5184/5184/5184
f 5185/5185/5185 5186/5186/5186 5187/5187/5187
f 5188/5188/5188 5189/5189/5189 5190/5190/5190
f 5191/5191/5191 5192/5192/5192 5193/5193/5193
f 5194/5194/5194 5195/5195/5195 5196/5196/5196
f 5197/5197/5197 5198/5198/5198 5199/5199/5199
f 5200/5200/5200 5201/5201/5201 5202/5202/5202
f 5203/5203/5203 5204/5204/5204 5205/5205/5205
f 5206/5206/5206 5207/5207/5207 5208/5208/5208
f 5209/5209/5209 5210/5210/5210 5211/5211/5211
f 5212/5212/5212 5213/5213/5213 5214/5214/5214
f 5215/5215/5215 5216/5216/5216 5217/5217/5217
f 5218/5218/5218 5219/5219/5219 5220/5220/5220
f 5221/5221/5221 5222/5222/5222 5223/5223/5223
f 5224/5224/5224 5225/5225/5225 5226/5226/5226
f 5227/5227/5227 5228/5228/5228 5229/5229/5229
f 5230/5230/5230 5231/5231/5231 5232/5232/5232
f 5233/5233/5233 5234/5234/5234 5235/5235/5235
f 5236/5236/5236 5237/5237/5237 5238/5238/5238
f 5239/5239/5239 5240/5240/5240 5241/5241/5241
f 5242/5242/5242 5243/5243/5243 5244/5244/5244
f 5245/5245/5245 5246/5246/5246 5247/5247/5247
f 5248/5248/5248 5249/5249/5249 5250/5250/5250
f 5251/5251/5251 5252/5252/5252 5253/5253/5253
f 5254/5254/5254 5255/5255/5255 5256/5256/5256
f 5257/5257/5257 5258/5258/5258 5259/5259/5259
f 5260/5260/5260 5261/5261/5261 5262/5262/5262
f 5263/5263/5263 5264/5264/5264 5265/5265/5265
f 5266/5266/5266 5267/5267/5267 5268/5268/5268
f 5269/5269/5269 5270/5270/5270 5271/5271/5271
f 5272/5272/5272 5273/5273/5273 5274/5274/5274
f 5275/5275/5275 5276/5276/5276 5277/5277/5277
f 5278/5278/5278 5279/5279/5279 5280/5280/5280
f 5281/5281/5281 5282/5282/5282 5283/5283/5283
f 5284/5284/5284 5285/5285/5285 5286/5286/5286
f 5287/5287/5287 5288/5288/5288 5289/5289/5289
f 5290/5290/5290 5291/5291/5291 5292/5292/5292
f 5293/5293/5293 5294/5294/5294 5295/5295/5295
f 5296/5296/5296 5297/5297/5297 5298/5298/5298
f 5299/5299/5299 5300/5300/5300 5301/5301/5301
f 5302/5302/5302 5303/5303/5303 5304/5304/5304
f 5305/5305/5305 5306/5306/5306 5307/5307/5307
f 5308/5308/5308 5309/5309/5309 5310/5310/5310
f 5311/5311/5311 5312/5312/5312 5313/5313/5313
f 5314/5314/5314 5315/5315/5315 5316/5316/5316
f 5317/5317/5317 5318/5318/5318 5319/5319/5319
f 5320/5320/5320 5321/5321/5321 5322/5322/5322
f 5323/5323/5323 5324/5324/5324 5325/5325/5325
f 5326/5326/5326 5327/5327/5327 5328/5328/5328
f 5329/5329/5329 5330/5330/5330 5331/5331/5331
f 5332/5332/5332 5333/5333/5333 5334/5334/5334
f 5335/5335/5335 5336/5336/5336 5337/5337/5337
f 5338/5338/5338 5339/5339/5339 5340/5340/5340
f 5341/5341/5341 5342/5342/5342 5343/5343/5343
f 5344/5344/5344 5345/5345/5345 5346/5346/5346
f 5347/5347/5347 5348/5348/5348 5349/5349/5349
f 5350/5350/5350 5351/5351/5351 5352/5352/5352
f 5353/5353/5353 5354/5354/5354 5355/5355/5355
f 5356/5356/5356 5357/5357/5357 5358/5358/5358
f 5359/5359/5359 5360/5360/5360 5361/5361/5361
f 5362/5362/5362 5363/5363/5363 5364/5364/5364
f 5365/5365/5365 5366/5366/5366 5367/5367/5367
f 5368/5368/5368 5369/5369/5369 5370/5370/5370
f 5371/5371/5371 5372/5372/5372 5373/5373/5373
f 5374/5374/5374 5375/5375/5375 5376/5376/5376
f 5377/5377/5377 5378/5378/5378 5379/5379/5379
f 5380/5380/5380 5381/5381/5381 5382/5382/5382
f 5383/5383/5383 5384/5384/5384 5385/5385/5385
f 5386/5386/5386 5387/5387/5387 5388/5388/5388
f 5389/5389/5389 5390/5390/5390 5391/5391/5391
f 5392/5392/5392 5393/5393/5393 5394/5394/5394
f 5395/5395/5395 5396/5396/5396 5397/5397/5397
f 5398/5398/5398 5399/5399/5399 5400/5400/5400
f 5401/5401/5401 5402/5402/5402 5403/5403/5403
f 5404/5404/5404 5405/5405/5405 5406/5406/5406
f 5407/5407/5407 5408/5408/5408 5409/5409/5409
f 5410/5410/5410 5411/5411/5411 5412/5412/5412
f 5413/5413/5413 5414/5414/5414 5415/5415/5415
f 5416/5416/5416 5417/5417/5417 5418/5418/5418
f 5419/5419/5419 5420/5420/5420 5421/5421/5421
f 5422/5422/5422 5423/5423/5423 5424/5424/5424
f 5425/5425/5425 5426/5426/5426 5427/5427/5427
f 5428/5428/5428 5429/5429/5429 5430/5430/5430
f 5431/5431/5431 5432/5432/5432 5433/5433/5433
f 5434/5434/5434 5435/5435/5435 5436/5436/5436
f 5437/5437/5437 5438/5438/5438 5439/5439/5439
f 5440/5440/5440 5441/5441/5441 5442/5442/5442
f 5443/5443/5443 5444/5444/5444 5445/5445/5445
f 5446/5446/5446 5447/5447/5447 5448/5448/5448
f 5449/5449/5449 5450/5450/5450 5451/5451/5451
f 5452/5452/5452 5453/5453/5453 5454/5454/5454
f 5455/5455/5455 5456/5456/5456 5457/5457/5457
f 5458/5458/5458 5459/5459/5459 5460/5460/5460
f 5461/5461/5461 5462/5462/5462 5463/5463/5463
f 5464/5464/5464 5465/5465/5465 5466/5466/5466
f 5467/5467/5467 5468/5468/5468 5469/5469/5469
f 5470/5470/5470 5471/5471/5471 5472/5472/5472
f 5473/5473/5473 5474/5474/5474 5475/5475/5475
f 5476/5476/5476 5477/5477/5477 5478/5478/5478
f 5479/5479/5479 5480/5480/5480 5481/5481/5481
f 5482/5482/5482 5483/5483/5483 5484/5484/5484
f 5485/5485/5485 5486/5486/5486 5487/5487/5487
f 5488/5488/5488 5489/5489/5489 5490/5490/5490
f 5491/5491/5491 5492/5492/5492 5493/5493/5493
f 5494/5494/5494 5495/5495/5495 5496/5496/5496
f 5497/5497/5497 5498/5498/5498 5499/5499/5499
f 5500/5500/5500 5501/5501/5501 5502/5502/5502
f 5503/5503/5503 5504/5504/5504 5505/5505/5505
f 5506/5506/5506 5507/5507/5507 5508/5508/5508
f 5509/5509/5509 5510/5510/5510 5511/5511/5511
f 5512/5512/5512 5513/5513/5513 5514/5514/5514
f 5515/5515/5515 5516/5516/5516 5517/5517/5517
f 5518/5518/5518 5519/5519/5519 5520/5520/5520
f 5521/5521/5521 5522/5522/5522 5523/5523/5523
f 5524/5524/5524 5525/5525/5525 5526/5526/5526
f 5527/5527/5527 5528/5528/5528 5529/5529/5529
f 5530/5530/5530 5531/5531/5531 5532/5532/5532
f 5533/5533/5533 5534/5534/5534 5535/5535/5535
f 5536/5536/5536 5537/5537/5537 5538/5538/5538
f 5539/5539/5539 5540/5540/5540 5541/5541/5541
f 5542/5542/5542 5543/5543/5543 5544/5544/5544
f 5545/5545/5545 5546/5546/5546 5547/5547/5547
f 5548/5548/5548 5549/5549/5549 5550/5550/5550
f 5551/5551/5551 5552/5552/5552 5553/5553/5553
f 5554/5554/5554 5555/5555/5555 5556/5556/5556
f 5557/5557/5557 5558/5558/5558 5559/5559/5559
f 5560/5560/5560 5561/5561/5561 5562/5562/5562
f 5563/5563/5563 5564/5564/5564 5565/5565/5565
f 5566/5566/5566 5567/5567/5567 5568/5568/5568
f 5569/5569/5569 5570/5570/5570 5571/5571/5571
f 5572/5572/5572 5573/5573/5573 5574/5574/5574
f 5575/5575/5575 5576/5576/5576 5577/5577/5577
f 5578/5578/5578 5579/5579/5579 5580/5580/5580
f 5581/5581/5581 5582/5582/5582 5583/5583/5583
f 5584/5584/5584 5585/5585/5585 5586/5586/5586
f 5587/5587/5587 5588/5588/5588 5589/5589/5589
f 5590/5590/5590 5591/5591/5591 5592/5592/5592
f 5593/5593/5593 5594/5594/5594 5595/5595/5595
f 5596/5596/5596 5597/5597/5597 5598/5598/5598
f 5599/5599/5599 5600/5600/5600 5601/5601/5601
f 5602/5602/5602 5603/5603/5603 5604/5604/5604
f 5605/5605/5605 5606/5606/5606 5607/5607/5607
f 5608/5608/5608 5609/5609/5609 5610/5610/5610
f 5611/5611/5611 5612/5612/5612 5613/5613/5613
f 5614/5614/5614 5615/5615/5615 5616/5616/5616
f 5617/5617/5617 5618/5618/5618 5619/5619/5619
f 5620/5620/5620 5621/5621/5621 5622/5622/5622
f 5623/5623/5623 5624/5624/5624 5625/5625/5625
f 5626/5626/5626 5627/5627/5627 5628/5628/5628
f 5629/5629/5629 5630/5630/5630 5631/5631/5631
f 5632/5632/5632 5633/5633/5633 5634/5634/5634
f 5635/5635/5635 5636/5636/5636 5637/5637/5637
f 5638/5638/5638 5639/5639/5639 5640/5640/5640
f 5641/5641/5641 5642/5642/5642 5643/5643/5643
f 5644/5644/5644 5645/5645/5645 5646/5646/5646
f 5647/5647/5647 5648/5648/5648 5649/5649/5649
f 5650/5650/5650 5651/5651/5651 5652/5652/5652
f 5653/5653/5653 5654/5654/5654 5655/5655/5655
f 5656/5656/5656 5657/5657/5657 5658/5658/5658
f 5659/5659/5659 5660/5660/5660 5661/5661/5661
f 5662/5662/5662 5663/5663/5663 5664/5664/5664
f 5665/5665/5665 5666/5666/5666 5667/5667/5667
f 5668/5668/5668 5669/5669/5669 5670/5670/5670
f 5671/5671/5671 5672/5672/5672 5673/5673/5673
f 5674/5674/5674 5675/5675/5675 5676/5676/5676
f 5677/5677/5677 5678/5678/5678 5679/5679/5679
f 5680/5680/5680 5681/5681/5681 5682/5682/5682
f 5683/5683/5683 5684/5684/5684 5685/5685/5685
f 5686/5686/5686 5687/5687/5687 5688/5688/5688
f 5689/5689/5689 5690/5690/5690 5691/5691/5691
f 5692/5692/5692 5693/5693/5693 5694/5694/5694
f 5695/5695/5695 5696/5696/5696 5697/5697/5697
f 5698/5698/5698 5699/5699/5699 5700/5700/5700
f 5701/5701/5701 5702/5702/5702 5703/5703/5703
f 5704/5704/5704 5705/5705/5705 5706/5706/5706
f 5707/5707/5707 5708/5708/5708 5709/5709/5709
f 5710/5710/5710 5711/5711/5711 5712/5712/5712
f 5713/5713/5713 5714/5714/5714 5715/5715/5715
f 5716/5716/5716 5717/5717/5717 5718/5718/5718
f 5719/5719/5719 5720/5720/5720 5721/5721/5721
f 5722/5722/5722 5723/5723/5723 5724/5724/5724
f 5725/5725/5725 5726/5726/5726 5727/5727/5727
f 5728/5728/5728 5729/5729/5729 5730/5730/5730
f 5731/5731/5731 5732/5732/5732 5733/5733/5733
f 5734/5734/5734 5735/5735/5735 5736/5736/5736
f 5737/5737/5737 5738/5738/5738 5739/5739/5739
f 5740/5740/5740 5741/5741/5741 5742/5742/5742
f 5743/5743/5743 5744/5744/5744 5745/5745/5745
f 5746/5746/5746 5747/5747/5747 5748/5748/5748
f 5749/5749/5749 5750/5750/5750 5751/5751/5751
f 5752/5752/5752 5753/5753/5753 5754/5754/5754
f 5755/5755/5755 5756/5756/5756 5757/5757/5757
f 5758/5758/5758 5759/5759/5759 5760/5760/5760
f 5761/5761/5761 5762/5762/5762 5763/5763/5763
f 5764/5764/5764 5765/5765/5765 5766/5766/5766
f 5767/5767/5767 5768/5768/5768 5769/5769/5769
f 5770/5770/5770 5771/5771/5771 5772/5772/5772
f 5773/5773/5773 5774/5774/5774 5775/5775/5775
f 5776/5776/5776 5777/5777/5777 5778/5778/5778
f 5779/5779/5779 5780/5780/5780 5781/5781/5781
f 5782/5782/5782 5783/5783/5783 5784/5784/5784
f 5785/5785/5785 5786/5786/5786 5787/5787/5787
f 5788/5788/5788 5789/5789/5789 5790/5790/5790
f 5791/5791/5791 5792/5792/5792 5793/5793/5793
f 5794/5794/5794 5795/5795/5795 5796/5796/5796
f 5797/5797/5797 5798/5798/5798 5799/5799/5799
f 5800/5800/5800 5801/5801/5801 5802/5802/5802
f 5803/5803/5803 5804/5804/5804 5805/5805/5805
f 5806/5806/5806 5807/5807/5807 5808/5808/5808
f 5809/5809/5809 5810/5810/5810 5811/5811/5811
f 5812/5812/5812 5813/5813/5813 5814/5814/5814
f 5815/5815/5815 5816/5816/5816 5817/5817/5817
f 5818/5818/5818 5819/5819/5819 5820/5820/5820
f 5821/5821/5821 5822/5822/5822 5823/5823/5823
f 5824/5824/5824 5825/5825/5825 5826/5826/5826
f 5827/5827/5827 5828/5828/5828 5829/5829/5829
f 5830/5830/5830 5831/5831/5831 5832/5832/5832
f 5833/5833/5833 5834/5834/5834 5835/5835/5835
f 5836/5836/5836 5837/5837/5837 5838/5838/5838
f 5839/5839/5839 5840/5840/5840 5841/5841/5841
f 5842/5842/5842 5843/5843/5843 5844/5844/5844
f 5845/5845/5845 5846/5846/5846 5847/5847/5847
f 5848/5848/5848 5849/5849/5849 5850/5850/5850
f 5851/5851/5851 5852/5852/5852 5853/5853/5853
f 5854/5854/5854 5855/5855/5855 5856/5856/5856
f 5857/5857/5857 5858/5858/5858 5859/5859/5859
f 5860/5860/5860 5861/5861/5861 5862/5862/5862
f 5863/5863/5863 5864/5864/5864 5865/5865/5865
f 5866/5866/5866 5867/5867/5867 5868/5868/5868
f 5869/5869/5869 5870/5870/5870 5871/5871/5871
f 5872/5872/5872 5873/5873/5873 5874/5874/5874
f 5875/5875/5875 5876/5876/5876 5877/5877/5877
f 5878/5878/5878 5879/5879/5879 5880/5880/5880
f 5881/5881/5881 5882/5882/5882 5883/5883/5883
f 5884/5884/5884 5885/5885/5885 5886/5886/5886
f 5887/5887/5887 5888/5888/5888 5889/5889/5889
f 5890/5890/5890 5891/5891/5891 5892/5892/5892
f 5893/5893/5893 5894/5894/5894 5895/5895/5895
f 5896/5896/5896 5897/5897/5897 5898/5898/5898
f 5899/5899/5899 5900/5900/5900 5901/5901/5901
f 5902/5902/5902 5903/5903/5903 5904/5904/5904
f 5905/5905/5905 5906/5906/5906 5907/5907/5907
f 5908/5908/5908 5909/5909/5909 5910/5910/5910
f 5911/5911/5911 5912/5912/5912 5913/5913/5913
f 5914/5914/5914 5915/5915/5915 5916/5916/5916
f 5917/5917/5917 5918/5918/5918 5919/5919/5919
f 5920/5920/5920 5921/5921/5921 5922/5922/5922
f 5923/5923/5923 5924/5924/5924 5925/5925/5925
f 5926/5926/5926 5927/5927/5927 5928/5928/5928
f 5929/5929/5929 5930/5930/5930 5931/5931/5931
f 5932/5932/5932 5933/5933/5933 5934/5934/5934
f 5935/5935/5935 5936/5936/5936 5937/5937/5937
f 5938/5938/5938 5939/5939/5939 5940/5940/5940
f 5941/5941/5941 5942/5942/5942 5943/5943/5943
f 5944/5944/5944 5945/5945/5945 5946/5946/5946
f 5947/5947/5947 5948/5948/5948 5949/5949/5949
f 5950/5950/5950 5951/5951/5951 5952/5952/5952
f 5953/5953/5953 5954/5954/5954 5955/5955/5955
f 5956/5956/5956 5957/5957/5957 5958/5958/5958
f 5959/5959/5959 5960/5960/5960 5961/5961/5961
f 5962/5962/5962 5963/5963/5963 5964/5964/5964
f 5965/5965/5965 5966/5966/5966 5967/5967/5967
f 5968/5968/5968 5969/5969/5969 5970/5970/5970
f 5971/5971/5971 5972/5972/5972 5973/5973/5973
f 5974/5974/5974 5975/5975/5975 5976/5976/5976
f 5977/5977/5977 5978/5978/5978 5979/5979/5979
f 5980/5980/5980 5981/5981/5981 5982/5982/5982
f 5983/5983/5983 5984/5984/5984 5985/5985/5985
f 5986/5986/5986 5987/5987/5987 5988/5988/5988
f 5989/5989/5989 5990/5990/5990 5991/5991/5991
f 5992/5992/5992 5993/5993/5993 5994/5994/5994
f 5995/5995/5995 5996/5996/5996 5997/5997/5997
f 5998/5998/5998 5999/5999/5999 6000/6000/6000
f 6001/6001/6001 6002/6002/6002 6003/6003/6003
f 6004/6004/6004 6005/6005/6005 6006/6006/6006
f 6007/6007/6007 6008/6008/6008 6009/6009/6009
f 6010/6010/6010 6011/6011/6011 6012/6012/6012
f 6013/6013/6013 6014/6014/6014 6015/6015/6015
f 6016/6016/6016 6017/6017/6017 6018/6018/6018
f 6019/6019/6019 6020/6020/6020 6021/6021/6021
f 6022/6022/6022 6023/6023/6023 6024/6024/6024
f 6025/6025/6025 6026/6026/6026 6027/6027/6027
f 6028/6028/6028 6029/6029/6029 6030/6030/6030
f 6031/6031/6031 6032/6032/6032 6033/6033/6033
f 6034/6034/6034 6035/6035/6035 6036/6036/6036
f 6037/6037/6037 6038/6038/6038 6039/6039/6039
f 6040/6040/6040 6041/6041/6041 6042/6042/6042
f 6043/6043/6043 6044/6044/6044 6045/6045/6045
f 6046/6046/6046 6047/6047/6047 6048/6048/6048
f 6049/6049/6049 6050/6050/6050 6051/6051/6051
f 6052/6052/6052 6053/6053/6053 6054/6054/6054
f 6055/6055/6055 6056/6056/6056 6057/6057/6057
f 6058/6058/6058 6059/6059/6059 6060/6060/6060
f 6061/6061/6061 6062/6062/6062 6063/6063/6063
f 6064/6064/6064 6065/6065/6065 6066/6066/6066
f 6067/6067/6067 6068/6068/6068 6069/6069/6069
f 6070/6070/6070 6071/6071/6071 6072/6072/6072
f 6073/6073/6073 6074/6074/6074 6075/6075/6075
f 6076/6076/6076 6077/6077/6077 6078/6078/6078
f 6079/6079/6079 6080/6080/6080 6081/6081/6081
f 6082/6082/6082 6083/6083/6083 6084/6084/6084
f 6085/6085/6085 6086/6086/6086 6087/6087/6087
f 6088/6088/6088 6089/6089/6089 6090/6090/6090
f 6091/6091/6091 6092/6092/6092 6093/6093/6093
f 6094/6094/6094 6095/6095/6095 6096/6096/6096
f 6097/6097/6097 6098/6098/6098 6099/6099/6099
f 6100/6100/6100 6101/6101/6101 6102/6102/6102
f 6103/6103/6103 6104/6104/6104 6105/6105/6105
f 6106/6106/6106 6107/6107/6107 6108/6108/6108
f 6109/6109/6109 6110/6110/6110 6111/6111/6111
f 6112/6112/6112 6113/6113/6113 6114/6114/6114
f 6115/6115/6115 6116/6116/6116 6117/6117/6117
f 6118/6118/6118 6119/6119/6119 6120/6120/6120
f 6121/6121/6121 6122/6122/6122 6123/6123/6123
f 6124/6124/6124 6125/6125/6125 6126/6126/6126
f 6127/6127/6127 6128/6128/6128 6129/6129/6129
f 6130/6130/6130 6131/6131/6131 6132/6132/6132
f 6133/6133/6133 6134/6134/6134 6135/6135/6135
f 6136/6136/6136 6137/6137/6137 6138/6138/6138
f 6139/6139/6139 6140/6140/6140 6141/6141/6141
f 6142/6142/6142 6143/6143/6143 6144/6144/6144
f 6145/6145/6145 6146/6146/6146 6147/6147/6147
f 6148/6148/6148 6149/6149/6149 6150/6150/6150
f 6151/6151/6151 6152/6152/6152 6153/6153/6153
f 6154/6154/6154 6155/6155/6155 6156/6156/6156
f 6157/6157/6157 6158/6158/6158 6159/6159/6159
f 6160/6160/6160 6161/6161/6161 6162/6162/6162
f 6163/6163/6163 6164/6164/6164 6165/6165/6165
f 6166/6166/6166 6167/6167/6167 6168/6168/6168
f 6169/6169/6169 6170/6170/6170 6171/6171/6171
f 6172/6172/6172 6173/6173/6173 6174/6174/6174
f 6175/6175/6175 6176/6176/6176 6177/6177/6177
f 6178/6178/6178 6179/6179/6179 6180/6180/6180
f 6181/6181/6181 6182/6182/6182 6183/6183/6183
f 6184/6184/6184 6185/6185/6185 6186/6186/6186
f 6187/6187/6187 6188/6188/6188 6189/6189/6189
f 6190/6190/6190 6191/6191/6191 6192/6192/6192
f 6193/6193/6193 6194/6194/6194 6195/6195/6195
f 6196/6196/6196 6197/6197/6197 6198/6198/6198
f 6199/6199/6199 6200/6200/6200 6201/6201/6201
f 6202/6202/6202 6203/6203/6203 6204/6204/6204
f 6205/6205/6205 6206/6206/6206 6207/6207/6207
f 6208/6208/6208 6209/6209/6209 6210/6210/6210
f 6211/6211/6211 6212/6212/6212 6213/6213/6213
f 6214/6214/6214 6215/6215/6215 6216/6216/6216
f 6217/6217/6217 6218/6218/6218 6219/6219/6219
f 6220/6220/6220 6221/6221/6221 6222/6222/6222
f 6223/6223/6223 6224/6224/6224 6225/6225/6225
f 6226/6226/6226 6227/6227/6227 6228/6228/6228
f 6229/6229/6229 6230/6230/6230 6231/6231/6231
f 6232/6232/6232 6233/6233/6233 6234/6234/6234
f 6235/6235/6235 6236/6236/6236 6237/6237/6237
f 6238/6238/6238 6239/6239/6239 6240/6240/6240
f 6241/6241/6241 6242/6242/6242 6243/6243/6243
f 6244/6244/6244 6245/6245/6245 6246/6246/6246
f 6247/6247/6247 6248/6248/6248 6249/6249/6249
f 6250/6250/6250 6251/6251/6251 6252/6252/6252
f 6253/6253/6253 6254/6254/6254 6255/6255/6255
f 6256/6256/6256 6257/6257/6257 6258/6258/6258
f 6259/6259/6259 6260/6260/6260 6261/6261/6261
f 6262/6262/6262 6263/6263/6263 6264/6264/6264
f 6265/6265/6265 6266/6266/6266 6267/6267/6267
f 6268/6268/6268 6269/6269/6269 6270/6270/6270
f 6271/6271/6271 6272/6272/6272 6273/6273/6273
f 6274/6274/6274 6275/6275/6275 6276/6276/6276
f 6277/6277/6277 6278/6278/6278 6279/6279/6279
f 6280/6280/6280 6281/6281/6281 6282/6282/6282
f 6283/6283/6283 6284/6284/6284 6285/6285/6285
f 6286/6286/6286 6287/6287/6287 6288/6288/6288
f 6289/6289/6289 6290/6290/6290 6291/6291/6291
f 6292/6292/6292 6293/6293/6293 6294/6294/6294
f 6295/6295/6295 6296/6296/6296 6297/6297/6297
f 6298/6298/6298 6299/6299/6299 6300/6300/6300
f 6301/6301/6301 6302/6302/6302 6303/6303/6303
f 6304/6304/6304 6305/6305/6305 6306/6306/6306
f 6307/6307/6307 6308/6308/6308 6309/6309/6309
f 6310/6310/6310 6311/6311/6311 6312/6312/6312
f 6313/6313/6313 6314/6314/6314 6315/6315/6315
f 6316/6316/6316 6317/6317/6317 6318/6318/6318
f 6319/6319/6319 6320/6320/6320 6321/6321/6321
f 6322/6322/6322 6323/6323/6323 6324/6324/6324
f 6325/6325/6325 6326/6326/6326 6327/6327/6327
f 6328/6328/6328 6329/6329/6329 6330/6330/6330
f 6331/6331/6331 6332/6332/6332 6333/6333/6333
f 6334/6334/6334 6335/6335/6335 6336/6336/6336
f 6337/6337/6337 6338/6338/6338 6339/6339/6339
f 6340/6340/6340 6341/6341/6341 6342/6342/6342
f 6343/6343/6343 6344/6344/6344 6345/6345/6345
f 6346/6346/6346 6347/6347/6347 6348/6348/6348
f 6349/6349/6349 6350/6350/6350 6351/6351/6351
f 6352/6352/6352 6353/6353/6353 6354/6354/6354
f 6355/6355/6355 6356/6356/6356 6357/6357/6357
f 6358/6358/6358 6359/6359/6359 6360/6360/6360
f 6361/6361/6361 6362/6362/6362 6363/6363/6363
f 6364/6364/6364 6365/6365/6365 6366/6366/6366
f 6367/6367/6367 6368/6368/6368 6369/6369/6369
f 6370/6370/6370 6371/6371/6371 6372/6372/6372
f 6373/6373/6373 6374/6374/6374 6375/6375/6375
f 6376/6376/6376 6377/6377/6377 6378/6378/6378
f 6379/6379/6379 6380/6380/6380 6381/6381/6381
f 6382/6382/6382 6383/6383/6383 6384/6384/6384
f 6385/6385/6385 6386/6386/6386 6387/6387/6387
f 6388/6388/6388 6389/6389/6389 6390/6390/6390
f 6391/6391/6391 6392/6392/6392 6393/6393/6393
f 6394/6394/6394 6395/6395/6395 6396/6396/6396
f 6397/6397/6397 6398/6398/6398 6399/6399/6399
f 6400/6400/6400 6401/6401/6401 6402/6402/6402
f 6403/6403/6403 6404/6404/6404 6405/6405/6405
f 6406/6406/6406 6407/6407/6407 6408/6408/6408
f 6409/6409/6409 6410/6410/6410 6411/6411/6411
f 6412/6412/6412 6413/6413/6413 6414/6414/6414
f 6415/6415/6415 6416/6416/6416 6417/6417/6417
f 6418/6418/6418 6419/6419/6419 6420/6420/6420
f 6421/6421/6421 6422/6422/6422 6423/6423/6423
f 6424/6424/6424 6425/6425/6425 6426/6426/6426
f 6427/6427/6427 6428/6428/6428 6429/6429/6429
f 6430/6430/6430 6431/6431/6431 6432/6432/6432
f 6433/6433/6433 6434/6434/6434 6435/6435/6435
f 6436/6436/6436 6437/6437/6437 6438/6438/6438
f 6439/6439/6439 6440/6440/6440 6441/6441/6441
f 6442/6442/6442 6443/6443/6443 6444/6444/6444
f 6445/6445/6445 6446/6446/6446 6447/6447/6447
f 6448/6448/6448 6449/6449/6449 6450/6450/6450
f 6451/6451/6451 6452/6452/6452 6453/6453/6453
f 6454/6454/6454 6455/6455/6455 6456/6456/6456
f 6457/6457/6457 6458/6458/6458 6459/6459/6459
f 6460/6460/6460 6461/6461/6461 6462/6462/6462
f 6463/6463/6463 6464/6464/6464 6465/6465/6465
f 6466/6466/6466 6467/6467/6467 6468/6468/6468
f 6469/6469/6469 6470/6470/6470 6471/6471/6471
f 6472/6472/6472 6473/6473/6473 6474/6474/6474
f 6475/6475/6475 6476/6476/6476 6477/6477/6477
f 6478/6478/6478 6479/6479/6479 6480/6480/6480
f 6481/6481/6481 6482/6482/6482 6483/6483/6483
f 6484/6484/6484 6485/6485/6485 6486/6486/6486
f 6487/6487/6487 6488/6488/6488 6489/6489/6489
f 6490/6490/6490 6491/6491/6491 6492/6492/6492
f 6493/6493/6493 6494/6494/6494 6495/6495/6495
f 6496/6496/6496 6497/6497/6497 6498/6498/6498
f 6499/6499/6499 6500/6500/6500 6501/6501/6501
f 6502/6502/6502 6503/6503/6503 6504/6504/6504
f 6505/6505/6505 6506/6506/6506 6507/6507/6507
f 6508/6508/6508 6509/6509/6509 6510/6510/6510
f 6511/6511/6511 6512/6512/6512 6513/6513/6513
f 6514/6514/6514 6515/6515/6515 6516/6516/6516
f 6517/6517/6517 6518/6518/6518 6519/6519/6519
f 6520/6520/6520 6521/6521/6521 6522/6522/6522
f 6523/6523/6523 6524/6524/6524 6525/6525/6525
f 6526/6526/6526 6527/6527/6527 6528/6528/6528
f 6529/6529/6529 6530/6530/6530 6531/6531/6531
f 6532/6532/6532 6533/6533/6533 6534/6534/6534
f 6535/6535/6535 6536/6536/6536 6537/6537/6537
f 6538/6538/6538 6539/6539/6539 6540/6540/6540
f 6541/6541/6541 6542/6542/6542 6543/6543/6543
f 6544/6544/6544 6545/6545/6545 6546/6546/6546
f 6547/6547/6547 6548/6548/6548 6549/6549/6549
f 6550/6550/6550 6551/6551/6551 6552/6552/6552
f 6553/6553/6553 6554/6554/6554 6555/6555/6555
f 6556/6556/6556 6557/6557/6557 6558/6558/6558
f 6559/6559/6559 6560/6560/6560 6561/6561/6561
f 6562/6562/6562 6563/6563/6563 6564/6564/6564
f 6565/6565/6565 6566/6566/6566 6567/6567/6567
f 6568/6568/6568 6569/6569/6569 6570/6570/6570
f 6571/6571/6571 6572/6572/6572 6573/6573/6573
f 6574/6574/6574 6575/6575/6575 6576/6576/6576
f 6577/6577/6577 6578/6578/6578 6579/6579/6579
f 6580/6580/6580 6581/6581/6581 6582/6582/6582
f 6583/6583/6583 6584/6584/6584 6585/6585/6585
f 6586/6586/6586 6587/6587/6587 6588/6588/6588
f 6589/6589/6589 6590/6590/6590 6591/6591/6591
f 6592/6592/6592 6593/6593/6593 6594/6594/6594
f 6595/6595/6595 6596/6596/6596 6597/6597/6597
f 6598/6598/6598 6599/6599/6599 6600/6600/6600
f 6601/6601/6601 6602/6602/6602 6603/6603/6603
f 6604/6604/6604 6605/6605/6605 6606/6606/6606
f 6607/6607/6607 6608/6608/6608 6609/6609/6609
f 6610/6610/6610 6611/6611/6611 6612/6612/6612
f 6613/6613/6613 6614/6614/6614 6615/6615/6615
f 6616/6616/6616 6617/6617/6617 6618/6618/6618
f 6619/6619/6619 6620/6620/6620 6621/6621/6621
f 6622/6622/6622 6623/6623/6623 6624/6624/6624
f 6625/6625/6625 6626/6626/6626 6627/6627/6627
f 6628/6628/6628 6629/6629/6629 6630/6630/6630
f 6631/6631/6631 6632/6632/6632 6633/6633/6633
f 6634/6634/6634 6635/6635/6635 6636/6636/6636
f 6637/6637/6637 6638/6638/6638 6639/6639/6639
f 6640/6640/6640 6641/6641/6641 6642/6642/6642
f 6643/6643/6643 6644/6644/6644 6645/6645/6645
f 6646/6646/6646 6647/6647/6647 6648/6648/6648
f 6649/6649/6649 6650/6650/6650 6651/6651/6651
f 6652/6652/6652 6653/6653/6653 6654/6654/6654
f 6655/6655/6655 6656/6656/6656 6657/6657/6657
f 6658/6658/6658 6659/6659/6659 6660/6660/6660
f 6661/6661/6661 6662/6662/6662 6663/6663/6663
f 6664/6664/6664 6665/6665/6665 6666/6666/6666
f 6667/6667/6667 6668/6668/6668 6669/6669/6669
f 6670/6670/6670 6671/6671/6671 6672/6672/6672
f 6673/6673/6673 6674/6674/6674 6675/6675/6675
f 6676/6676/6676 6677/6677/6677 6678/6678/6678
f 6679/6679/6679 6680/6680/6680 6681/6681/6681
f 6682/6682/6682 6683/6683/6683 6684/6684/6684
f 6685/6685/6685 6686/6686/6686 6687/6687/6687
f 6688/6688/6688 6689/6689/6689 6690/6690/6690
f 6691/6691/6691 6692/6692/6692 6693/6693/6693
f 6694/6694/6694 6695/6695/6695 6696/6696/6696
f 6697/6697/6697 6698/6698/6698 6699/6699/6699
f 6700/6700/6700 6701/6701/6701 6702/6702/6702
f 6703/6703/6703 6704/6704/6704 6705/6705/6705
f 6706/6706/6706 6707/6707/6707 6708/6708/6708
f 6709/6709/6709 6710/6710/6710 6711/6711/6711
f 6712/6712/6712 6713/6713/6713 6714/6714/6714
f 6715/6715/6715 6716/6716/6716 6717/6717/6717
f 6718/6718/6718 6719/6719/6719 6720/6720/6720
f 6721/6721/6721 6722/6722/6722 6723/6723/6723
f 6724/6724/6724 6725/6725/6725 6726/6726/6726
f 6727/6727/6727 6728/6728/6728 6729/6729/6729
f 6730/6730/6730 6731/6731/6731 6732/6732/6732
f 6733/6733/6733 6734/6734/6734 6735/6735/6735
f 6736/6736/6736 6737/6737/6737 6738/6738/6738
f 6739/6739/6739 6740/6740/6740 6741/6741/6741
f 6742/6742/6742 6743/6743/6743 6744/6744/6744
f 6745/6745/6745 6746/6746/6746 6747/6747/6747
f 6748/6748/6748 6749/6749/6749 6750/6750/6750
f 6751/6751/6751 6752/6752/6752 6753/6753/6753
f 6754/6754/6754 6755/6755/6755 6756/6756/6756
f 6757/6757/6757 6758/6758/6758 6759/6759/6759
f 6760/6760/6760 6761/6761/6761 6762/6762/6762
f 6763/6763/6763 6764/6764/6764 6765/6765/6765
f 6766/6766/6766 6767/6767/6767 6768/6768/6768
f 6769/6769/6769 6770/6770/6770 6771/6771/6771
f 6772/6772/6772 6773/6773/6773 6774/6774/6774
f 6775/6775/6775 6776/6776/6776 6777/6777/6777
f 6778/6778/6778 6779/6779/6779 6780/6780/6780
f 6781/6781/6781 6782/6782/6782 6783/6783/6783
f 6784/6784/6784 6785/6785/6785 6786/6786/6786
f 6787/6787/6787 6788/6788/6788 6789/6789/6789
f 6790/6790/6790 6791/6791/6791 6792/6792/6792
f 6793/6793/6793 6794/6794/6794 6795/6795/6795
f 6796/6796/6796 6797/6797/6797 6798/6798/6798
f 6799/6799/6799 6800/6800/6800 6801/6801/6801
f 6802/6802/6802 6803/6803/6803 6804/6804/6804
f 6805/6805/6805 6806/6806/6806 6807/6807/6807
f 6808/6808/6808 6809/6809/6809 6810/6810/6810
f 6811/6811/6811 6812/6812/6812 6813/6813/6813
f 6814/6814/6814 6815/6815/6815 6816/6816/6816
f 6817/6817/6817 6818/6818/6818 6819/6819/6819
f 6820/6820/6820 6821/6821/6821 6822/6822/6822
f 6823/6823/6823 6824/6824/6824 6825/6825/6825
f 6826/6826/6826 6827/6827/6827 6828/6828/6828
f 6829/6829/6829 6830/6830/6830 6831/6831/6831
f 6832/6832/6832 6833/6833/6833 6834/6834/6834
f 6835/6835/6835 6836/6836/6836 6837/6837/6837
f 6838/6838/6838 6839/6839/6839 6840/6840/6840
f 6841/6841/6841 6842/6842/6842 6843/6843/6843
f 6844/6844/6844 6845/6845/6845 6846/6846/6846
f 6847/6847/6847 6848/6848/6848 6849/6849/6849
f 6850/6850/6850 6851/6851/6851 6852/6852/6852
f 6853/6853/6853 6854/6854/6854 6855/6855/6855
f 6856/6856/6856 6857/6857/6857 6858/6858/6858
f 6859/6859/6859 6860/6860/6860 6861/6861/6861
f 6862/6862/6862 6863/6863/6863 6864/6864/6864
f 6865/6865/6865 6866/6866/6866 6867/6867/6867
f 6868/6868/6868 6869/6869/6869 6870/6870/6870
f 6871/6871/6871 6872/6872/6872 6873/6873/6873
f 6874/6874/6874 6875/6875/6875 6876/6876/6876
f 6877/6877/6877 6878/6878/6878 6879/6879/6879
f 6880/6880/6880 6881/6881/6881 6882/6882/6882
f 6883/6883/6883 6884/6884/6884 6885/6885/6885
f 6886/6886/6886 6887/6887/6887 6888/6888/6888
f 6889/6889/6889 6890/6890/6890 6891/6891/6891
f 6892/6892/6892 6893/6893/6893 6894/6894/6894
f 6895/6895/6895 6896/6896/6896 6897/6897/6897
f 6898/6898/6898 6899/6899/6899 6900/6900/6900
f 6901/6901/6901 6902/6902/6902 6903/6903/6903
f 6904/6904/6904 6905/6905/6905 6906/6906/6906
f 6907/6907/6907 6908/6908/6908 6909/6909/6909
f 6910/6910/6910 6911/6911/6911 6912/6912/6912
f 6913/6913/6913 6914/6914/6914 6915/6915/6915
f 6916/6916/6916 6917/6917/6917 6918/6918/6918
f 6919/6919/6919 6920/6920/6920 6921/6921/6921
f 6922/6922/6922 6923/6923/6923 6924/6924/6924
f 6925/6925/6925 6926/6926/6926 6927/6927/6927
f 6928/6928/6928 6929/6929/6929 6930/6930/6930
f 6931/6931/6931 6932/6932/6932 6933/6933/6933
f 6934/6934/6934 6935/6935/6935 6936/6936/6936
f 6937/6937/6937 6938/6938/6938 6939/6939/6939
f 6940/6940/6940 6941/6941/6941 6942/6942/6942
f 6943/6943/6943 6944/6944/6944 6945/6945/6945
f 6946/6946/6946 6947/6947/6947 6948/6948/6948
f 6949/6949/6949 6950/6950/6950 6951/6951/6951
f 6952/6952/6952 6953/6953/6953 6954/6954/6954
f 6955/6955/6955 6956/6956/6956 6957/6957/6957
f 6958/6958/6958 6959/6959/6959 6960/6960/6960
f 6961/6961/6961 6962/6962/6962 6963/6963/6963
f 6964/6964/6964 6965/6965/6965 6966/6966/6966
f 6967/6967/6967 6968/6968/6968 6969/6969/6969
f 6970/6970/6970 6971/6971/6971 6972/6972/6972
f 6973/6973/6973 6974/6974/6974 6975/6975/6975
f 6976/6976/6976 6977/6977/6977 6978/6978/6978
f 6979/6979/6979 6980/6980/6980 6981/6981/6981
f 6982/6982/6982 6983/6983/6983 6984/6984/6984
f 6985/6985/6985 6986/6986/6986 6987/6987/6987
f 6988/6988/6988 6989/6989/6989 6990/6990/6990
f 6991/6991/6991 6992/6992/6992 6993/6993/6993
f 6994/6994/6994 6995/6995/6995 6996/6996/6996
f 6997/6997/6997 6998/6998/6998 6999/6999/6999
f 7000/7000/7000 7001/7001/7001 7002/7002/7002
f 7003/7003/7003 7004/7004/7004 7005/7005/7005
f 7006/7006/7006 7007/7007/7007 7008/7008/7008
f 7009/7009/7009 7010/7010/7010 7011/7011/7011
f 7012/7012/7012 7013/7013/7013 7014/7014/7014
f 7015/7015/7015 7016/7016/7016 7017/7017/7017
f 7018/7018/7018 7019/7019/7019 7020/7020/7020
f 7021/7021/7021 7022/7022/7022 7023/7023/7023
f 7024/7024/7024 7025/7025/7025 7026/7026/7026
f 7027/7027/7027 7028/7028/7028 7029/7029/7029
f 7030/7030/7030 7031/7031/7031 7032/7032/7032
f 7033/7033/7033 7034/7034/7034 7035/7035/7035
f 7036/7036/7036 7037/7037/7037 7038/7038/7038
f 7039/7039/7039 7040/7040/7040 7041/7041/7041
f 7042/7042/7042 7043/7043/7043 7044/7044/7044
f 7045/7045/7045 7046/7046/7046 7047/7047/7047
f 7048/7048/7048 7049/7049/7049 7050/7050/7050
f 7051/7051/7051 7052/7052/7052 7053/7053/7053
f 7054/7054/7054 7055/7055/7055 7056/7056/7056
f 7057/7057/7057 7058/7058/7058 7059/7059/7059
f 7060/7060/7060 7061/7061/7061 7062/7062/7062
f 7063/7063/7063 7064/7064/7064 7065/7065/7065
f 7066/7066/7066 7067/7067/7067 7068/7068/7068
f 7069/7069/7069 7070/7070/7070 7071/7071/7071
f 7072/7072/7072 7073/7073/7073 7074/7074/7074
f 7075/7075/7075 7076/7076/7076 7077/7077/7077
f 7078/7078/7078 7079/7079/7079 7080/7080/7080
f 7081/7081/7081 7082/7082/7082 7083/7083/7083
f 7084/7084/7084 7085/7085/7085 7086/7086/7086
f 7087/7087/7087 7088/7088/7088 7089/7089/7089
f 7090/7090/7090 7091/7091/7091 7092/7092/7092
f 7093/7093/7093 7094/7094/7094 7095/7095/7095
f 7096/7096/7096 7097/7097/7097 7098/7098/7098
f 7099/7099/7099 7100/7100/7100 7101/7101/7101
f 7102/7102/7102 7103/7103/7103 7104/7104/7104
f 7105/7105/7105 7106/7106/7106 7107/7107/7107
f 7108/7108/7108 7109/7109/7109 7110/7110/7110
f 7111/7111/7111 7112/7112/7112 7113/7113/7113
f 7114/7114/7114 7115/7115/7115 7116/7116/7116
f 7117/7117/7117 7118/7118/7118 7119/7119/7119
f 7120/7120/7120 7121/7121/7121 7122/7122/7122
f 7123/7123/7123 7124/7124/7124 7125/7125/7125
f 7126/7126/7126 7127/7127/7127 7128/7128/7128
f 7129/7129/7129 7130/7130/7130 7131/7131/7131
f 7132/7132/7132 7133/7133/7133 7134/7134/7134
f 7135/7135/7135 7136/7136/7136 7137/7137/7137
f 7138/7138/7138 7139/7139/7139 7140/7140/7140
f 7141/7141/7141 7142/7142/7142 7143/7143/7143
f 7144/7144/7144 7145/7145/7145 7146/7146/7146
f 7147/7147/7147 7148/7148/7148 7149/7149/7149
f 7150/7150/7150 7151/7151/7151 7152/7152/7152
f 7153/7153/7153 7154/7154/7154 7155/7155/7155
f 7156/7156/7156 7157/7157/7157 7158/7158/7158
f 7159/7159/7159 7160/7160/7160 7161/7161/7161
f 7162/7162/7162 7163/7163/7163 7164/7164/7164
f 7165/7165/7165 7166/7166/7166 7167/7167/7167
f 7168/7168/7168 7169/7169/7169 7170/7170/7170
f 7171/7171/7171 7172/7172/7172 7173/7173/7173
f 7174/7174/7174 7175/7175/7175 7176/7176/7176
f 7177/7177/7177 7178/7178/7178 7179/7179/7179
f 7180/7180/7180 7181/7181/7181 7182/7182/7182
f 7183/7183/7183 7184/7184/7184 7185/7185/7185
f 7186/7186/7186 7187/7187/7187 7188/7188/7188
f 7189/7189/7189 7190/7190/7190 7191/7191/7191
f 7192/7192/7192 7193/7193/7193 7194/7194/7194
f 7195/7195/7195 7196/7196/7196 7197/7197/7197
f 7198/7198/7198 7199/7199/7199 7200/7200/7200
f 7201/7201/7201 7202/7202/7202 7203/7203/7203
f 7204/7204/7204 7205/7205/7205 7206/7206/7206
f 7207/7207/7207 7208/7208/7208 7209/7209/7209
f 7210/7210/7210 7211/7211/7211 7212/7212/7212
f 7213/7213/7213 7214/7214/7214 7215/7215/7215
f 7216/7216/7216 7217/7217/7217 7218/7218/7218
f 7219/7219/7219 7220/7220/7220 7221/7221/7221
f 7222/7222/7222 7223/7223/7223 7224/7224/7224
f 7225/7225/7225 7226/7226/7226 7227/7227/7227
f 7228/7228/7228 7229/7229/7229 7230/7230/7230
f 7231/7231/7231 7232/7232/7232 7233/7233/7233
f 7234/7234/7234 7235/7235/7235 7236/7236/7236
f 7237/7237/7237 7238/7238/7238 7239/7239/7239
f 7240/7240/7240 7241/7241/7241 7242/7242/7242
f 7243/7243/7243 7244/7244/7244 7245/7245/7245
f 7246/7246/7246 7247/7247/7247 7248/7248/7248
f 7249/7249/7249 7250/7250/7250 7251/7251/7251
f 7252/7252/7252 7253/7253/7253 7254/7254/7254
f 7255/7255/7255 7256/7256/7256 7257/7257/7257
f 7258/7258/7258 7259/7259/7259 7260/7260/7260
f 7261/7261/7261 7262/7262/7262 7263/7263/7263
f 7264/7264/7264 7265/7265/7265 7266/7266/7266
f 7267/7267/7267 7268/7268/7268 7269/7269/7269
f 7270/7270/7270 7271/7271/7271 7272/7272/7272
f 7273/7273/7273 7274/7274/7274 7275/7275/7275
f 7276/7276/7276 7277/7277/7277 7278/7278/7278
f 7279/7279/7279 7280/7280/7280 7281/7281/7281
f 7282/7282/7282 7283/7283/7283 7284/7284/7284
f 7285/7285/7285 7286/7286/7286 7287/7287/7287
f 7288/7288/7288 7289/7289/7289 7290/7290/7290
f 7291/7291/7291 7292/7292/7292 7293/7293/7293
f 7294/7294/7294 7295/7295/7295 7296/7296/7296
f 7297/7297/7297 7298/7298/7298 7299/7299/7299
f 7300/7300/7300 7301/7301/7301 7302/7302/7302
f 7303/7303/7303 7304/7304/7304 7305/7305/7305
f 7306/7306/7306 7307/7307/7307 7308/7308/7308
f 7309/7309/7309 7310/7310/7310 7311/7311/7311
f 7312/7312/7312 7313/7313/7313 7314/7314/7314
f 7315/7315/7315 7316/7316/7316 7317/7317/7317
f 7318/7318/7318 7319/7319/7319 7320/7320/7320
f 7321/7321/7321 7322/7322/7322 7323/7323/7323
f 7324/7324/7324 7325/7325/7325 7326/7326/7326
f 7327/7327/7327 7328/7328/7328 7329/7329/7329
f 7330/7330/7330 7331/7331/7331 7332/7332/7332
f 7333/7333/7333 7334/7334/7334 7335/7335/7335
f 7336/7336/7336 7337/7337/7337 7338/7338/7338
f 7339/7339/7339 7340/7340/7340 7341/7341/7341
f 7342/7342/7342 7343/7343/7343 7344/7344/7344
f 7345/7345/7345 7346/7346/7346 7347/7347/7347
f 7348/7348/7348 7349/7349/7349 7350/7350/7350
f 7351/7351/7351 7352/7352/7352 7353/7353/7353
f 7354/7354/7354 7355/7355/7355 7356/7356/7356
f 7357/7357/7357 7358/7358/7358 7359/7359/7359
f 7360/7360/7360 7361/7361/7361 7362/7362/7362
f 7363/7363/7363 7364/7364/7364 7365/7365/7365
f 7366/7366/7366 7367/7367/7367 7368/7368/7368
f 7369/7369/7369 7370/7370/7370 7371/7371/7371
f 7372/7372/7372 7373/7373/7373 7374/7374/7374
f 7375/7375/7375 7376/7376/7376 7377/7377/7377
f 7378/7378/7378 7379/7379/7379 7380/7380/7380
f 7381/7381/7381 7382/7382/7382 7383/7383/7383
f 7384/7384/7384 7385/7385/7385 7386/7386/7386
f 7387/7387/7387 7388/7388/7388 7389/7389/7389
f 7390/7390/7390 7391/7391/7391 7392/7392/7392
f 7393/7393/7393 7394/7394/7394 7395/7395/7395
f 7396/7396/7396 7397/7397/7397 7398/7398/7398
f 7399/7399/7399 7400/7400/7400 7401/7401/7401
f 7402/7402/7402 7403/7403/7403 7404/7404/7404
f 7405/7405/7405 7406/7406/7406 7407/7407/7407
f 7408/7408/7408 7409/7409/7409 7410/7410/7410
f 7411/7411/7411 7412/7412/7412 7413/7413/7413
f 7414/7414/7414 7415/7415/7415 7416/7416/7416
f 7417/7417/7417 7418/7418/7418 7419/7419/7419
f 7420/7420/7420 7421/7421/7421 7422/7422/7422
f 7423/7423/7423 7424/7424/7424 7425/7425/7425
f 7426/7426/7426 7427/7427/7427 7428/7428/7428
f 7429/7429/7429 7430/7430/7430 7431/7431/7431
f 7432/7432/7432 7433/7433/7433 7434/7434/7434
f 7435/7435/7435 7436/7436/7436 7437/7437/7437
f 7438/7438/7438 7439/7439/7439 7440/7440/7440
f 7441/7441/7441 7442/7442/7442 7443/7443/7443
f 7444/7444/7444 7445/7445/7445 7446/7446/7446
f 7447/7447/7447 7448/7448/7448 7449/7449/7449
f 7450/7450/7450 7451/7451/7451 7452/7452/7452
f 7453/7453/7453 7454/7454/7454 7455/7455/7455
f 7456/7456/7456 7457/7457/7457 7458/7458/7458
f 7459/7459/7459 7460/7460/7460 7461/7461/7461
f 7462/7462/7462 7463/7463/7463 7464/7464/7464
f 7465/7465/7465 7466/7466/7466 7467/7467/7467
f 7468/7468/7468 7469/7469/7469 7470/7470/7470
f 7471/7471/7471 7472/7472/7472 7473/7473/7473
f 7474/7474/7474 7475/7475/7475 7476/7476/7476
f 7477/7477/7477 7478/7478/7478 7479/7479/7479
f 7480/7480/7480 7481/7481/7481 7482/7482/7482
f 7483/7483/7483 7484/7484/7484 7485/7485/7485
f 7486/7486/7486 7487/7487/7487 7488/7488/7488
f 7489/7489/7489 7490/7490/7490 7491/7491/7491
f 7492/7492/7492 7493/7493/7493 7494/7494/7494
f 7495/7495/7495 7496/7496/7496 7497/7497/7497
f 7498/7498/7498 7499/7499/7499 7500/7500/7500
f 7501/7501/7501 7502/7502/7502 7503/7503/7503
f 7504/7504/7504 7505/7505/7505 7506/7506/7506
f 7507/7507/7507 7508/7508/7508 7509/7509/7509
f 7510/7510/7510 7511/7511/7511 7512/7512/7512
f 7513/7513/7513 7514/7514/7514 7515/7515/7515
f 7516/7516/7516 7517/7517/7517 7518/7518/7518
f 7519/7519/7519 7520/7520/7520 7521/7521/7521
f 7522/7522/7522 7523/7523/7523 7524/7524/7524
f 7525/7525/7525 7526/7526/7526 7527/7527/7527
f 7528/7528/7528 7529/7529/7529 7530/7530/7530
f 7531/7531/7531 7532/7532/7532 7533/7533/7533
f 7534/7534/7534 7535/7535/7535 7536/7536/7536
f 7537/7537/7537 7538/7538/7538 7539/7539/7539
f 7540/7540/7540 7541/7541/7541 7542/7542/7542
f 7543/7543/7543 7544/7544/7544 7545/7545/7545
f 7546/7546/7546 7547/7547/7547 7548/7548/7548
f 7549/7549/7549 7550/7550/7550 7551/7551/7551
f 7552/7552/7552 7553/7553/7553 7554/7554/7554
f 7555/7555/7555 7556/7556/7556 7557/7557/7557
f 7558/7558/7558 7559/7559/7559 7560/7560/7560
f 7561/7561/7561 7562/7562/7562 7563/7563/7563
f 7564/7564/7564 7565/7565/7565 7566/7566/7566
f 7567/7567/7567 7568/7568/7568 7569/7569/7569
f 7570/7570/7570 7571/7571/7571 7572/7572/7572
f 7573/7573/7573 7574/7574/7574 7575/7575/7575
f 7576/7576/7576 7577/7577/7577 7578/7578/7578
f 7579/7579/7579 7580/7580/7580 7581/7581/7581
f 7582/7582/7582 7583/7583/7583 7584/7584/7584
f 7585/7585/7585 7586/7586/7586 7587/7587/7587
f 7588/7588/7588 7589/7589/7589 7590/7590/7590
f 7591/7591/7591 7592/7592/7592 7593/7593/7593
f 7594/7594/7594 7595/7595/7595 7596/7596/7596
f 7597/7597/7597 7598/7598/7598 7599/7599/7599
f 7600/7600/7600 7601/7601/7601 7602/7602/7602
f 7603/7603/7603 7604/7604/7604 7605/7605/7605
f 7606/7606/7606 7607/7607/7607 7608/7608/7608
f 7609/7609/7609 7610/7610/7610 7611/7611/7611
f 7612/7612/7612 7613/7613/7613 7614/7614/7614
f 7615/7615/7615 7616/7616/7616 7617/7617/7617
f 7618/7618/7618 7619/7619/7619 7620/7620/7620
f 7621/7621/7621 7622/7622/7622 7623/7623/7623
f 7624/7624/7624 7625/7625/7625 7626/7626/7626
f 7627/7627/7627 7628/7628/7628 7629/7629/7629
f 7630/7630/7630 7631/7631/7631 7632/7632/7632
f 7633/7633/7633 7634/7634/7634 7635/7635/7635
f 7636/7636/7636 7637/7637/7637 7638/7638/7638
f 7639/7639/7639 7640/7640/7640 7641/7641/7641
f 7642/7642/7642 7643/7643/7643 7644/7644/7644
f 7645/7645/7645 7646/7646/7646 7647/7647/7647
f 7648/7648/7648 7649/7649/7649 7650/7650/7650
f 7651/7651/7651 7652/7652/7652 7653/7653/7653
f 7654/7654/7654 7655/7655/7655 7656/7656/7656
f 7657/7657/7657 7658/7658/7658 7659/7659/7659
f 7660/7660/7660 7661/7661/7661 7662/7662/7662
f 7663/7663/7663 7664/7664/7664 7665/7665/7665
f 7666/7666/7666 7667/7667/7667 7668/7668/7668
f 7669/7669/7669 7670/7670/7670 7671/7671/7671
f 7672/7672/7672 7673/7673/7673 7674/7674/7674
f 7675/7675/7675 7676/7676/7676 7677/7677/7677
f 7678/7678/7678 7679/7679/7679 7680/7680/7680
f 7681/7681/7681 7682/7682/7682 7683/7683/7683
f 7684/7684/7684 7685/7685/7685 7686/7686/7686
f 7687/7687/7687 7688/7688/7688 7689/7689/7689
f 7690/7690/7690 7691/7691/7691 7692/7692/7692
f 7693/7693/7693 7694/7694/7694 7695/7695/7695
f 7696/7696/7696 7697/7697/7697 7698/7698/7698
f 7699/7699/7699 7700/7700/7700 7701/7701/7701
f 7702/7702/7702 7703/7703/7703 7704/7704/7704
f 7705/7705/7705 7706/7706/7706 7707/7707/7707
f 7708/7708/7708 7709/7709/7709 7710/7710/7710
f 7711/7711/7711 7712/7712/7712 7713/7713/7713
f 7714/7714/7714 7715/7715/7715 7716/7716/7716
f 7717/7717/7717 7718/7718/7718 7719/7719/7719
f 7720/7720/7720 7721/7721/7721 7722/7722/7722
f 7723/7723/7723 7724/7724/7724 7725/7725/7725
f 7726/7726/7726 7727/7727/7727 7728/7728/7728
f 7729/7729/7729 7730/7730/7730 7731/7731/7731
f 7732/7732/7732 7733/7733/7733 7734/7734/7734
f 7735/7735/7735 7736/7736/7736 7737/7737/7737
f 7738/7738/7738 7739/7739/7739 7740/7740/7740
f 7741/7741/7741 7742/7742/7742 7743/7743/7743
f 7744/7744/7744 7745/7745/7745 7746/7746/7746
f 7747/7747/7747 7748/7748/7748 7749/7749/7749
f 7750/7750/7750 7751/7751/7751 7752/7752/7752
f 7753/7753/7753 7754/7754/7754 7755/7755/7755
f 7756/7756/7756 7757/7757/7757 7758/7758/7758
f 7759/7759/7759 7760/7760/7760 7761/7761/7761
f 7762/7762/7762 7763/7763/7763 7764/7764/7764
f 7765/7765/7765 7766/7766/7766 7767/7767/7767
f 7768/7768/7768 7769/7769/7769 7770/7770/7770
f 7771/7771/7771 7772/7772/7772 7773/7773/7773
f 7774/7774/7774 7775/7775/7775 7776/7776/7776
f 7777/7777/7777 7778/7778/7778 7779/7779/7779
f 7780/7780/7780 7781/7781/7781 7782/7782/7782
f 7783/7783/7783 7784/7784/7784 7785/7785/7785
f 7786/7786/7786 7787/7787/7787 7788/7788/7788
f 7789/7789/7789 7790/7790/7790 7791/7791/7791
f 7792/7792/7792 7793/7793/7793 7794/7794/7794
f 7795/7795/7795 7796/7796/7796 7797/7797/7797
f 7798/7798/7798 7799/7799/7799 7800/7800/7800
f 7801/7801/7801 7802/7802/7802 7803/7803/7803
f 7804/7804/7804 7805/7805/7805 7806/7806/7806
f 7807/7807/7807 7808/7808/7808 7809/7809/7809
f 7810/7810/7810 7811/7811/7811 7812/7812/7812
f 7813/7813/7813 7814/7814/7814 7815/7815/7815
f 7816/7816/7816 7817/7817/7817 7818/7818/7818
f 7819/7819/7819 7820/7820/7820 7821/7821/7821
f 7822/7822/7822 7823/7823/7823 7824/7824/7824
f 7825/7825/7825 7826/7826/7826 7827/7827/7827
f 7828/7828/7828 7829/7829/7829 7830/7830/7830
f 7831/7831/7831 7832/7832/7832 7833/7833/7833
f 7834/7834/7834 7835/7835/7835 7836/7836/7836
f 7837/7837/7837 7838/7838/7838 7839/7839/7839
f 7840/7840/7840 7841/7841/7841 7842/7842/7842
f 7843/7843/7843 7844/7844/7844 7845/7845/7845
f 7846/7846/7846 7847/7847/7847 7848/7848/7848
f 7849/7849/7849 7850/7850/7850 7851/7851/7851
f 7852/7852/7852 7853/7853/7853 7854/7854/7854
f 7855/7855/7855 7856/7856/7856 7857/7857/7857
f 7858/7858/7858 7859/7859/7859 7860/7860/7860
f 7861/7861/7861 7862/7862/7862 7863/7863/7863
f 7864/7864/7864 7865/7865/7865 7866/7866/7866
f 7867/7867/7867 7868/7868/7868 7869/7869/7869
f 7870/7870/7870 7871/7871/7871 7872/7872/7872
f 7873/7873/7873 7874/7874/7874 7875/7875/7875
f 7876/7876/7876 7877/7877/7877 7878/7878/7878
f 7879/7879/7879 7880/7880/7880 7881/7881/7881
f 7882/7882/7882 7883/7883/7883 7884/7884/7884
f 7885/7885/7885 7886/7886/7886 7887/7887/7887
f 7888/7888/7888 7889/7889/7889 7890/7890/7890
f 7891/7891/7891 7892/7892/7892 7893/7893/7893
f 7894/7894/7894 7895/7895/7895 7896/7896/7896
f 7897/7897/7897 7898/7898/7898 7899/7899/7899
f 7900/7900/7900 7901/7901/7901 7902/7902/7902
f 7903/7903/7903 7904/7904/7904 7905/7905/7905
f 7906/7906/7906 7907/7907/7907 7908/7908/7908
f 7909/7909/7909 7910/7910/7910 7911/7911/7911
f 7912/7912/7912 7913/7913/7913 7914/7914/7914
f 7915/7915/7915 7916/7916/7916 7917/7917/7917
f 7918/7918/7918 7919/7919/7919 7920/7920/7920
f 7921/7921/7921 7922/7922/7922 7923/7923/7923
f 7924/7924/7924 7925/7925/7925 7926/7926/7926
f 7927/7927/7927 7928/7928/7928 7929/7929/7929
f 7930/7930/7930 7931/7931/7931 7932/7932/7932
f 7933/7933/7933 7934/7934/7934 7935/7935/7935
f 7936/7936/7936 7937/7937/7937 7938/7938/7938
f 7939/7939/7939 7940/7940/7940 7941/7941/7941
f 7942/7942/7942 7943/7943/7943 7944/7944/7944
f 7945/7945/7945 7946/7946/7946 7947/7947/7947
f 7948/7948/7948 7949/7949/7949 7950/7950/7950
f 7951/7951/7951 7952/7952/7952 7953/7953/7953
f 7954/7954/7954 7955/7955/7955 7956/7956/7956
f 7957/7957/7957 7958/7958/7958 7959/7959/7959
f 7960/7960/7960 7961/7961/7961 7962/7962/7962
f 7963/7963/7963 7964/7964/7964 7965/7965/7965
f 7966/7966/7966 7967/7967/7967 7968/7968/7968
f 7969/7969/7969 7970/7970/7970 7971/7971/7971
f 7972/7972/7972 7973/7973/7973 7974/7974/7974
f 7975/7975/7975 7976/7976/7976 7977/7977/7977
f 7978/7978/7978 7979/7979/7979 7980/7980/7980
f 7981/7981/7981 7982/7982/7982 7983/7983/7983
f 7984/7984/7984 7985/7985/7985 7986/7986/7986
f 7987/7987/7987 7988/7988/7988 7989/7989/7989
f 7990/7990/7990 7991/7991/7991 7992/7992/7992
f 7993/7993/7993 7994/7994/7994 7995/7995/7995
f 7996/7996/7996 7997/7997/7997 7998/7998/7998
f 7999/7999/7999 8000/8000/8000 8001/8001/8001
f 8002/8002/8002 8003/8003/8003 8004/8004/8004
f 8005/8005/8005 8006/8006/8006 8007/8007/8007
f 8008/8008/8008 8009/8009/8009 8010/8010/8010
f 8011/8011/8011 8012/8012/8012 8013/8013/8013
f 8014/8014/8014 8015/8015/8015 8016/8016/8016
f 8017/8017/8017 8018/8018/8018 8019/8019/8019
f 8020/8020/8020 8021/8021/8021 8022/8022/8022
f 8023/8023/8023 8024/8024/8024 8025/8025/8025
f 8026/8026/8026 8027/8027/8027 8028/8028/8028
f 8029/8029/8029 8030/8030/8030 8031/8031/8031
f 8032/8032/8032 8033/8033/8033 8034/8034/8034
f 8035/8035/8035 8036/8036/8036 8037/8037/8037
f 8038/8038/8038 8039/8039/8039 8040/8040/8040
f 8041/8041/8041 8042/8042/8042 8043/8043/8043
f 8044/8044/8044 8045/8045/8045 8046/8046/8046
f 8047/8047/8047 8048/8048/8048 8049/8049/8049
f 8050/8050/8050 8051/8051/8051 8052/8052/8052
f 8053/8053/8053 8054/8054/8054 8055/8055/8055
f 8056/8056/8056 8057/8057/8057 8058/8058/8058
f 8059/8059/8059 8060/8060/8060 8061/8061/8061
f 8062/8062/8062 8063/8063/8063 8064/8064/8064
f 8065/8065/8065 8066/8066/8066 8067/8067/8067
f 8068/8068/8068 8069/8069/8069 8070/8070/8070
f 8071/8071/8071 8072/8072/8072 8073/8073/8073
f 8074/8074/8074 8075/8075/8075 8076/8076/8076
f 8077/8077/8077 8078/8078/8078 8079/8079/8079
f 8080/8080/8080 8081/8081/8081 8082/8082/8082
f 8083/8083/8083 8084/8084/8084 8085/8085/8085
f 8086/8086/8086 8087/8087/8087 8088/8088/8088
f 8089/8089/8089 8090/8090/8090 8091/8091/8091
f 8092/8092/8092 8093/8093/8093 8094/8094/8094
f 8095/8095/8095 8096/8096/8096 8097/8097/8097
f 8098/8098/8098 8099/8099/8099 8100/8100/8100
f 8101/8101/8101 8102/8102/8102 8103/8103/8103
f 8104/8104/8104 8105/8105/8105 8106/8106/8106
f 8107/8107/8107 8108/8108/8108 8109/8109/8109
f 8110/8110/8110 8111/8111/8111 8112/8112/8112
f 8113/8113/8113 8114/8114/8114 8115/8115/8115
f 8116/8116/8116 8117/8117/8117 8118/8118/8118
f 8119/8119/8119 8120/8120/8120 8121/8121/8121
f 8122/8122/8122 8123/8123/8123 8124/8124/8124
f 8125/8125/8125 8126/8126/8126 8127/8127/8127
f 8128/8128/8128 8129/8129/8129 8130/8130/8130
f 8131/8131/8131 8132/8132/8132 8133/8133/8133
f 8134/8134/8134 8135/8135/8135 8136/8136/8136
f 8137/8137/8137 8138/8138/8138 8139/8139/8139
f 8140/8140/8140 8141/8141/8141 8142/8142/8142
f 8143/8143/8143 8144/8144/8144 8145/8145/8145
f 8146/8146/8146 8147/8147/8147 8148/8148/8148
f 8149/8149/8149 8150/8150/8150 8151/8151/8151
f 8152/8152/8152 8153/8153/8153 8154/8154/8154
f 8155/8155/8155 8156/8156/8156 8157/8157/8157
f 8158/8158/8158 8159/8159/8159 8160/8160/8160
f 8161/8161/8161 8162/8162/8162 8163/8163/8163
f 8164/8164/8164 8165/8165/8165 8166/8166/8166
f 8167/8167/8167 8168/8168/8168 8169/8169/8169
f 8170/8170/8170 8171/8171/8171 8172/8172/8172
f 8173/8173/8173 8174/8174/8174 8175/8175/8175
f 8176/8176/8176 8177/8177/8177 8178/8178/8178
f 8179/8179/8179 8180/8180/8180 8181/8181/8181
f 8182/8182/8182 8183/8183/8183 8184/8184/8184
f 8185/8185/8185 8186/8186/8186 8187/8187/8187
f 8188/8188/8188 8189/8189/8189 8190/8190/8190
f 8191/8191/8191 8192/8192/8192 8193/8193/8193
f 8194/8194/8194 8195/8195/8195 8196/8196/8196
f 8197/8197/8197 8198/8198/8198 8199/8199/8199
f 8200/8200/8200 8201/8201/8201 8202/8202/8202
f 8203/8203/8203 8204/8204/8204 8205/8205/8205
f 8206/8206/8206 8207/8207/8207 8208/8208/8208
f 8209/8209/8209 8210/8210/8210 8211/8211/8211
f 8212/8212/8212 8213/8213/8213 8214/8214/8214
f 8215/8215/8215 8216/8216/8216 8217/8217/8217
f 8218/8218/8218 8219/8219/8219 8220/8220/8220
f 8221/8221/8221 8222/8222/8222 8223/8223/8223
f 8224/8224/8224 8225/8225/8225 8226/8226/8226
f 8227/8227/8227 8228/8228/8228 8229/8229/8229
f 8230/8230/8230 8231/8231/8231 8232/8232/8232
f 8233/8233/8233 8234/8234/8234 8235/8235/8235
f 8236/8236/8236 8237/8237/8237 8238/8238/8238
f 8239/8239/8239 8240/8240/8240 8241/8241/8241
f 8242/8242/8242 8243/8243/8243 8244/8244/8244
f 8245/8245/8245 8246/8246/8246 8247/8247/8247
f 8248/8248/8248 8249/8249/8249 8250/8250/8250
f 8251/8251/8251 8252/8252/8252 8253/8253/8253
f 8254/8254/8254 8255/8255/8255 8256/8256/8256
f 8257/8257/8257 8258/8258/8258 8259/8259/8259
f 8260/8260/8260 8261/8261/8261 8262/8262/8262
f 8263/8263/8263 8264/8264/8264 8265/8265/8265
f 8266/8266/8266 8267/8267/8267 8268/8268/8268
f 8269/8269/8269 8270/8270/8270 8271/8271/8271
f 8272/8272/8272 8273/8273/8273 8274/8274/8274
f 8275/8275/8275 8276/8276/8276 8277/8277/8277
f 8278/8278/8278 8279/8279/8279 8280/8280/8280
f 8281/8281/8281 8282/8282/8282 8283/8283/8283
f 8284/8284/8284 8285/8285/8285 8286/8286/8286
f 8287/8287/8287 8288/8288/8288 8289/8289/8289
f 8290/8290/8290 8291/8291/8291 8292/8292/8292
f 8293/8293/8293 8294/8294/8294 8295/8295/8295
f 8296/8296/8296 8297/8297/8297 8298/8298/8298
f 8299/8299/8299 8300/8300/8300 8301/8301/8301
f 8302/8302/8302 8303/8303/8303 8304/8304/8304
f 8305/8305/8305 8306/8306/8306 8307/8307/8307
f 8308/8308/8308 8309/8309/8309 8310/8310/8310
f 8311/8311/8311 8312/8312/8312 8313/8313/8313
f 8314/8314/8314 8315/8315/8315 8316/8316/8316
f 8317/8317/8317 8318/8318/8318 8319/8319/8319
f 8320/8320/8320 8321/8321/8321 8322/8322/8322
f 8323/8323/8323 8324/8324/8324 8325/8325/8325
f 8326/8326/8326 8327/8327/8327 8328/8328/8328
f 8329/8329/8329 8330/8330/8330 8331/8331/8331
f 8332/8332/8332 8333/8333/8333 8334/8334/8334
f 8335/8335/8335 8336/8336/8336 8337/8337/8337
f 8338/8338/8338 8339/8339/8339 8340/8340/8340
f 8341/8341/8341 8342/8342/8342 8343/8343/8343
f 8344/8344/8344 8345/8345/8345 8346/8346/8346
f 8347/8347/8347 8348/8348/8348 8349/8349/8349
f 8350/8350/8350 8351/8351/8351 8352/8352/8352
f 8353/8353/8353 8354/8354/8354 8355/8355/8355
f 8356/8356/8356 8357/8357/8357 8358/8358/8358
f 8359/8359/8359 8360/8360/8360 8361/8361/8361
f 8362/8362/8362 8363/8363/8363 8364/8364/8364
f 8365/8365/8365 8366/8366/8366 8367/8367/8367
f 8368/8368/8368 8369/8369/8369 8370/8370/8370
f 8371/8371/8371 8372/8372/8372 8373/8373/8373
f 8374/8374/8374 8375/8375/8375 8376/8376/8376
f 8377/8377/8377 8378/8378/8378 8379/8379/8379
f 8380/8380/8380 8381/8381/8381 8382/8382/8382
f 8383/8383/8383 8384/8384/8384 8385/8385/8385
f 8386/8386/8386 8387/8387/8387 8388/8388/8388
f 8389/8389/8389 8390/8390/8390 8391/8391/8391
f 8392/8392/8392 8393/8393/8393 8394/8394/8394
f 8395/8395/8395 8396/8396/8396 8397/8397/8397
f 8398/8398/8398 8399/8399/8399 8400/8400/8400
f 8401/8401/8401 8402/8402/8402 8403/8403/8403
f 8404/8404/8404 8405/8405/8405 8406/8406/8406
f 8407/8407/8407 8408/8408/8408 8409/8409/8409
f 8410/8410/8410 8411/8411/8411 8412/8412/8412
f 8413/8413/8413 8414/8414/8414 8415/8415/8415
f 8416/8416/8416 8417/8417/8417 8418/8418/8418
f 8419/8419/8419 8420/8420/8420 8421/8421/8421
f 8422/8422/8422 8423/8423/8423 8424/8424/8424
f 8425/8425/8425 8426/8426/8426 8427/8427/8427
f 8428/8428/8428 8429/8429/8429 8430/8430/8430
f 8431/8431/8431 8432/8432/8432 8433/8433/8433
f 8434/8434/8434 8435/8435/8435 8436/8436/8436
f 8437/8437/8437 8438/8438/8438 8439/8439/8439
f 8440/8440/8440 8441/8441/8441 8442/8442/8442
f 8443/8443/8443 8444/8444/8444 8445/8445/8445
f 8446/8446/8446 8447/8447/8447 8448/8448/8448
f 8449/8449/8449 8450/8450/8450 8451/8451/8451
f 8452/8452/8452 8453/8453/8453 8454/8454/8454
f 8455/8455/8455 8456/8456/8456 8457/8457/8457
f 8458/8458/8458 8459/8459/8459 8460/8460/8460
f 8461/8461/8461 8462/8462/8462 8463/8463/8463
f 8464/8464/8464 8465/8465/8465 8466/8466/8466
f 8467/8467/8467 8468/8468/8468 8469/8469/8469
f 8470/8470/8470 8471/8471/8471 8472/8472/8472
f 8473/8473/8473 8474/8474/8474 8475/8475/8475
f 8476/8476/8476 8477/8477/8477 8478/8478/8478
f 8479/8479/8479 8480/8480/8480 8481/8481/8481
f 8482/8482/8482 8483/8483/8483 8484/8484/8484
f 8485/8485/8485 8486/8486/8486 8487/8487/8487
f 8488/8488/8488 8489/8489/8489 8490/8490/8490
f 8491/8491/8491 8492/8492/8492 8493/8493/8493
f 8494/8494/8494 8495/8495/8495 8496/8496/8496
f 8497/8497/8497 8498/8498/8498 8499/8499/8499
f 8500/8500/8500 8501/8501/8501 8502/8502/8502
f 8503/8503/8503 8504/8504/8504 8505/8505/8505
f 8506/8506/8506 8507/8507/8507 8508/8508/8508
f 8509/8509/8509 8510/8510/8510 8511/8511/8511
f 8512/8512/8512 8513/8513/8513 8514/8514/8514
f 8515/8515/8515 8516/8516/8516 8517/8517/8517
f 8518/8518/8518 8519/8519/8519 8520/8520/8520
f 8521/8521/8521 8522/8522/8522 8523/8523/8523
f 8524/8524/8524 8525/8525/8525 8526/8526/8526
f 8527/8527/8527 8528/8528/8528 8529/8529/8529
f 8530/8530/8530 8531/8531/8531 8532/8532/8532
f 8533/8533/8533 8534/8534/8534 8535/8535/8535
f 8536/8536/8536 8537/8537/8537 8538/8538/8538
f 8539/8539/8539 8540/8540/8540 8541/8541/8541
f 8542/8542/8542 8543/8543/8543 8544/8544/8544
f 8545/8545/8545 8546/8546/8546 8547/8547/8547
f 8548/8548/8548 8549/8549/8549 8550/8550/8550
f 8551/8551/8551 8552/8552/8552 8553/8553/8553
f 8554/8554/8554 8555/8555/8555 8556/8556/8556
f 8557/8557/8557 8558/8558/8558 8559/8559/8559
f 8560/8560/8560 8561/8561/8561 8562/8562/8562
f 8563/8563/8563 8564/8564/8564 8565/8565/8565
f 8566/8566/8566 8567/8567/8567 8568/8568/8568
f 8569/8569/8569 8570/8570/8570 8571/8571/8571
f 8572/8572/8572 8573/8573/8573 8574/8574/8574
f 8575/8575/8575 8576/8576/8576 8577/8577/8577
f 8578/8578/8578 8579/8579/8579 8580/8580/8580
f 8581/8581/8581 8582/8582/8582 8583/8583/8583
f 8584/8584/8584 8585/8585/8585 8586/8586/8586
f 8587/8587/8587 8588/8588/8588 8589/8589/8589
f 8590/8590/8590 8591/8591/8591 8592/8592/8592
f 8593/8593/8593 8594/8594/8594 8595/8595/8595
f 8596/8596/8596 8597/8597/8597 8598/8598/8598
f 8599/8599/8599 8600/8600/8600 8601/8601/8601
f 8602/8602/8602 8603/8603/8603 8604/8604/8604
f 8605/8605/8605 8606/8606/8606 8607/8607/8607
f 8608/8608/8608 8609/8609/8609 8610/8610/8610
f 8611/8611/8611 8612/8612/8612 8613/8613/8613
f 8614/8614/8614 8615/8615/8615 8616/8616/8616
f 8617/8617/8617 8618/8618/8618 8619/8619/8619
f 8620/8620/8620 8621/8621/8621 8622/8622/8622
f 8623/8623/8623 8624/8624/8624 8625/8625/8625
f 8626/8626/8626 8627/8627/8627 8628/8628/8628
f 8629/8629/8629 8630/8630/8630 8631/8631/8631
f 8632/8632/8632 8633/8633/8633 8634/8634/8634
f 8635/8635/8635 8636/8636/8636 8637/8637/8637
f 8638/8638/8638 8639/8639/8639 8640/8640/8640
f 8641/8641/8641 8642/8642/8642 8643/8643/8643
f 8644/8644/8644 8645/8645/8645 8646/8646/8646
f 8647/8647/8647 8648/8648/8648 8649/8649/8649
f 8650/8650/8650 8651/8651/8651 8652/8652/8652
f 8653/8653/8653 8654/8654/8654 8655/8655/8655
f 8656/8656/8656 8657/8657/8657 8658/8658/8658
f 8659/8659/8659 8660/8660/8660 8661/8661/8661
f 8662/8662/8662 8663/8663/8663 8664/8664/8664
f 8665/8665/8665 8666/8666/8666 8667/8667/8667
f 8668/8668/8668 8669/8669/8669 8670/8670/8670
f 8671/8671/8671 8672/8672/8672 8673/8673/8673
f 8674/8674/8674 8675/8675/8675 8676/8676/8676
f 8677/8677/8677 8678/8678/8678 8679/8679/8679
f 8680/8680/8680 8681/8681/8681 8682/8682/8682
f 8683/8683/8683 8684/8684/8684 8685/8685/8685
f 8686/8686/8686 8687/8687/8687 8688/8688/8688
f 8689/8689/8689 8690/8690/8690 8691/8691/8691
f 8692/8692/8692 8693/8693/8693 8694/8694/8694
f 8695/8695/8695 8696/8696/8696 8697/8697/8697
f 8698/8698/8698 8699/8699/8699 8700/8700/8700
f 8701/8701/8701 8702/8702/8702 8703/8703/8703
f 8704/8704/8704 8705/8705/8705 8706/8706/8706
f 8707/8707/8707 8708/8708/8708 8709/8709/8709
f 8710/8710/8710 8711/8711/8711 8712/8712/8712
f 8713/8713/8713 8714/8714/8714 8715/8715/8715
f 8716/8716/8716 8717/8717/8717 8718/8718/8718
f 8719/8719/8719 8720/8720/8720 8721/8721/8721
f 8722/8722/8722 8723/8723/8723 8724/8724/8724
f 8725/8725/8725 8726/8726/8726 8727/8727/8727
f 8728/8728/8728 8729/8729/8729 8730/8730/8730
f 8731/8731/8731 8732/8732/8732 8733/8733/8733
f 8734/8734/8734 8735/8735/8735 8736/8736/8736
f 8737/8737/8737 8738/8738/8738 8739/8739/8739
f 8740/8740/8740 8741/8741/8741 8742/8742/8742
f 8743/8743/8743 8744/8744/8744 8745/8745/8745
f 8746/8746/8746 8747/8747/8747 8748/8748/8748
f 8749/8749/8749 8750/8750/8750 8751/8751/8751
f 8752/8752/8752 8753/8753/8753 8754/8754/8754
f 8755/8755/8755 8756/8756/8756 8757/8757/8757
f 8758/8758/8758 8759/8759/8759 8760/8760/8760
f 8761/8761/8761 8762/8762/8762 8763/8763/8763
f 8764/8764/8764 8765/8765/8765 8766/8766/8766
f 8767/8767/8767 8768/8768/8768 8769/8769/8769
f 8770/8770/8770 8771/8771/8771 8772/8772/8772
f 8773/8773/8773 8774/8774/8774 8775/8775/8775
f 8776/8776/8776 8777/8777/8777 8778/8778/8778
f 8779/8779/8779 8780/8780/8780 8781/8781/8781
f 8782/8782/8782 8783/8783/8783 8784/8784/8784
f 8785/8785/8785 8786/8786/8786 8787/8787/8787
f 8788/8788/8788 8789/8789/8789 8790/8790/8790
f 8791/8791/8791 8792/8792/8792 8793/8793/8793
f 8794/8794/8794 8795/8795/8795 8796/8796/8796
f 8797/8797/8797 8798/8798/8798 8799/8799/8799
f 8800/8800/8800 8801/8801/8801 8802/8802/8802
f 8803/8803/8803 8804/8804/8804 8805/8805/8805
f 8806/8806/8806 8807/8807/8807 8808/8808/8808
f 8809/8809/8809 8810/8810/8810 8811/8811/8811
f 8812/8812/8812 8813/8813/8813 8814/8814/8814
f 8815/8815/8815 8816/8816/8816 8817/8817/8817
f 8818/8818/8818 8819/8819/8819 8820/8820/8820
f 8821/8821/8821 8822/8822/8822 8823/8823/8823
f 8824/8824/8824 8825/8825/8825 8826/8826/8826
f 8827/8827/8827 8828/8828/8828 8829/8829/8829
f 8830/8830/8830 8831/8831/8831 8832/8832/8832
f 8833/8833/8833 8834/8834/8834 8835/8835/8835
f 8836/8836/8836 8837/8837/8837 8838/8838/8838
f 8839/8839/8839 8840/8840/8840 8841/8841/8841
f 8842/8842/8842 8843/8843/8843 8844/8844/8844
f 8845/8845/8845 8846/8846/8846 8847/8847/8847
f 8848/8848/8848 8849/8849/8849 8850/8850/8850
f 8851/8851/8851 8852/8852/8852 8853/8853/8853
f 8854/8854/8854 8855/8855/8855 8856/8856/8856
f 8857/8857/8857 8858/8858/8858 8859/8859/8859
f 8860/8860/8860 8861/8861/8861 8862/8862/8862
f 8863/8863/8863 8864/8864/8864 8865/8865/8865
f 8866/8866/8866 8867/8867/8867 8868/8868/8868
f 8869/8869/8869 8870/8870/8870 8871/8871/8871
f 8872/8872/8872 8873/8873/8873 8874/8874/8874
f 8875/8875/8875 8876/8876/8876 8877/8877/8877
f 8878/8878/8878 8879/8879/8879 8880/8880/8880
f 8881/8881/8881 8882/8882/8882 8883/8883/8883
f 8884/8884/8884 8885/8885/8885 8886/8886/8886
f 8887/8887/8887 8888/8888/8888 8889/8889/8889
f 8890/8890/8890 8891/8891/8891 8892/8892/8892
f 8893/8893/8893 8894/8894/8894 8895/8895/8895
f 8896/8896/8896 8897/8897/8897 8898/8898/8898
f 8899/8899/8899 8900/8900/8900 8901/8901/8901
f 8902/8902/8902 8903/8903/8903 8904/8904/8904
f 8905/8905/8905 8906/8906/8906 8907/8907/8907
f 8908/8908/8908 8909/8909/8909 8910/8910/8910
f 8911/8911/8911 8912/8912/8912 8913/8913/8913
f 8914/8914/8914 8915/8915/8915 8916/8916/8916
f 8917/8917/8917 8918/8918/8918 8919/8919/8919
f 8920/8920/8920 8921/8921/8921 8922/8922/8922
f 8923/8923/8923 8924/8924/8924 8925/8925/8925
f 8926/8926/8926 8927/8927/8927 8928/8928/8928
f 8929/8929/8929 8930/8930/8930 8931/8931/8931
f 8932/8932/8932 8933/8933/8933 8934/8934/8934
f 8935/8935/8935 8936/8936/8936 8937/8937/8937
f 8938/8938/8938 8939/8939/8939 8940/8940/8940
f 8941/8941/8941 8942/8942/8942 8943/8943/8943
f 8944/8944/8944 8945/8945/8945 8946/8946/8946
f 8947/8947/8947 8948/8948/8948 8949/8949/8949
f 8950/8950/8950 8951/8951/8951 8952/8952/8952
f 8953/8953/8953 8954/8954/8954 8955/8955/8955
f 8956/8956/8956 8957/8957/8957 8958/8958/8958
f 8959/8959/8959 8960/8960/8960 8961/8961/8961
f 8962/8962/8962 8963/8963/8963 8964/8964/8964
f 8965/8965/8965 8966/8966/8966 8967/8967/8967
f 8968/8968/8968 8969/8969/8969 8970/8970/8970
f 8971/8971/8971 8972/8972/8972 8973/8973/8973
f 8974/8974/8974 8975/8975/8975 8976/8976/8976
f 8977/8977/8977 8978/8978/8978 8979/8979/8979
f 8980/8980/8980 8981/8981/8981 8982/8982/8982
f 8983/8983/8983 8984/8984/8984 8985/8985/8985
f 8986/8986/8986 8987/8987/8987 8988/8988/8988
f 8989/8989/8989 8990/8990/8990 8991/8991/8991
f 8992/8992/8992 8993/8993/8993 8994/8994/8994
f 8995/8995/8995 8996/8996/8996 8997/8997/8997
f 8998/8998/8998 8999/8999/8999 9000/9000/9000
f 9001/9001/9001 9002/9002/9002 9003/9003/9003
f 9004/9004/9004 9005/9005/9005 9006/9006/9006
f 9007/9007/9007 9008/9008/9008 9009/9009/9009
f 9010/9010/9010 9011/9011/9011 9012/9012/9012
f 9013/9013/9013 9014/9014/9014 9015/9015/9015
f 9016/9016/9016 9017/9017/9017 9018/9018/9018
f 9019/9019/9019 9020/9020/9020 9021/9021/9021
f 9022/9022/9022 9023/9023/9023 9024/9024/9024
f 9025/9025/9025 9026/9026/9026 9027/9027/9027
f 9028/9028/9028 9029/9029/9029 9030/9030/9030
f 9031/9031/9031 9032/9032/9032 9033/9033/9033
f 9034/9034/9034 9035/9035/9035 9036/9036/9036
f 9037/9037/9037 9038/9038/9038 9039/9039/9039
f 9040/9040/9040 9041/9041/9041 9042/9042/9042
f 9043/9043/9043 9044/9044/9044 9045/9045/9045
f 9046/9046/9046 9047/9047/9047 9048/9048/9048
f 9049/9049/9049 9050/9050/9050 9051/9051/9051
f 9052/9052/9052 9053/9053/9053 9054/9054/9054
f 9055/9055/9055 9056/9056/9056 9057/9057/9057
f 9058/9058/9058 9059/9059/9059 9060/9060/9060
f 9061/9061/9061 9062/9062/9062 9063/9063/9063
f 9064/9064/9064 9065/9065/9065 9066/9066/9066
f 9067/9067/9067 9068/9068/9068 9069/9069/9069
f 9070/9070/9070 9071/9071/9071 9072/9072/9072
f 9073/9073/9073 9074/9074/9074 9075/9075/9075
f 9076/9076/9076 9077/9077/9077 9078/9078/9078
f 9079/9079/9079 9080/9080/9080 9081/9081/9081
f 9082/9082/9082 9083/9083/9083 9084/9084/9084
f 9085/9085/9085 9086/9086/9086 9087/9087/9087
f 9088/9088/9088 9089/9089/9089 9090/9090/9090
f 9091/9091/9091 9092/9092/9092 9093/9093/9093
f 9094/9094/9094 9095/9095/9095 9096/9096/9096
f 9097/9097/9097 9098/9098/9098 9099/9099/9099
f 9100/9100/9100 9101/9101/9101 9102/9102/9102
f 9103/9103/9103 9104/9104/9104 9105/9105/9105
f 9106/9106/9106 9107/9107/9107 9108/9108/9108
f 9109/9109/9109 9110/9110/9110 9111/9111/9111
f 9112/9112/9112 9113/9113/9113 9114/9114/9114
f 9115/9115/9115 9116/9116/9116 9117/9117/9117
f 9118/9118/9118 9119/9119/9119 9120/9120/9120
f 9121/9121/9121 9122/9122/9122 9123/9123/9123
f 9124/9124/9124 9125/9125/9125 9126/9126/9126
f 9127/9127/9127 9128/9128/9128 9129/9129/9129
f 9130/9130/9130 9131/9131/9131 9132/9132/9132
f 9133/9133/9133 9134/9134/9134 9135/9135/9135
f 9136/9136/9136 9137/9137/9137 9138/9138/9138
f 9139/9139/9139 9140/9140/9140 9141/9141/9141
f 9142/9142/9142 9143/9143/9143 9144/9144/9144
f 9145/9145/9145 9146/9146/9146 9147/9147/9147
f 9148/9148/9148 9149/9149/9149 9150/9150/9150
f 9151/9151/9151 9152/9152/9152 9153/9153/9153
f 9154/9154/9154 9155/9155/9155 9156/9156/9156
f 9157/9157/9157 9158/9158/9158 9159/9159/9159
f 9160/9160/9160 9161/9161/9161 9162/9162/9162
f 9163/9163/9163 9164/9164/9164 9165/9165/9165
f 9166/9166/9166 9167/9167/9167 9168/9168/9168
f 9169/9169/9169 9170/9170/9170 9171/9171/9171
f 9172/9172/9172 9173/9173/9173 9174/9174/9174
f 9175/9175/9175 9176/9176/9176 9177/9177/9177
f 9178/9178/9178 9179/9179/9179 9180/9180/9180
f 9181/9181/9181 9182/9182/9182 9183/9183/9183
f 9184/9184/9184 9185/9185/9185 9186/9186/9186
f 9187/9187/9187 9188/9188/9188 9189/9189/9189
f 9190/9190/9190 9191/9191/9191 9192/9192/9192
f 9193/9193/9193 9194/9194/9194 9195/9195/9195
f 9196/9196/9196 9197/9197/9197 9198/9198/9198
f 9199/9199/9199 9200/9200/9200 9201/9201/9201
f 9202/9202/9202 9203/9203/9203 9204/9204/9204
f 9205/9205/9205 9206/9206/9206 9207/9207/9207
f 9208/9208/9208 9209/9209/9209 9210/9210/9210
f 9211/9211/9211 9212/9212/9212 9213/9213/9213
f 9214/9214/9214 9215/9215/9215 9216/9216/9216
f 9217/9217/9217 9218/9218/9218 9219/9219/9219
f 9220/9220/9220 9221/9221/9221 9222/9222/9222
f 9223/9223/9223 9224/9224/9224 9225/9225/9225
f 9226/9226/9226 9227/9227/9227 9228/9228/9228
f 9229/9229/9229 9230/9230/9230 9231/9231/9231
f 9232/9232/9232 9233/9233/9233 9234/9234/9234
f 9235/9235/9235 9236/9236/9236 9237/9237/9237
f 9238/9238/9238 9239/9239/9239 9240/9240/9240
f 9241/9241/9241 9242/9242/9242 9243/9243/9243
f 9244/9244/9244 9245/9245/9245 9246/9246/9246
f 9247/9247/9247 9248/9248/9248 9249/9249/9249
f 9250/9250/9250 9251/9251/9251 9252/9252/9252
f 9253/9253/9253 9254/9254/9254 9255/9255/9255
f 9256/9256/9256 9257/9257/9257 9258/9258/9258
f 9259/9259/9259 9260/9260/9260 9261/9261/9261
f 9262/9262/9262 9263/9263/9263 9264/9264/9264
f 9265/9265/9265 9266/9266/9266 9267/9267/9267
f 9268/9268/9268 9269/9269/9269 9270/9270/9270
f 9271/9271/9271 9272/9272/9272 9273/9273/9273
f 9274/9274/9274 9275/9275/9275 9276/9276/9276
f 9277/9277/9277 9278/9278/9278 9279/9279/9279
f 9280/9280/9280 9281/9281/9281 9282/9282/9282
f 9283/9283/9283 9284/9284/9284 9285/9285/9285
f 9286/9286/9286 9287/9287/9287 9288/9288/9288
f 9289/9289/9289 9290/9290/9290 9291/9291/9291
f 9292/9292/9292 9293/9293/9293 9294/9294/9294
f 9295/9295/9295 9296/9296/9296 9297/9297/9297
f 9298/9298/9298 9299/9299/9299 9300/9300/9300
f 9301/9301/9301 9302/9302/9302 9303/9303/9303
f 9304/9304/9304 9305/9305/9305 9306/9306/9306
f 9307/9307/9307 9308/9308/9308 9309/9309/9309
f 9310/9310/9310 9311/9311/9311 9312/9312/9312
f 9313/9313/9313 9314/9314/9314 9315/9315/9315
f 9316/9316/9316 9317/9317/9317 9318/9318/9318
f 9319/9319/9319 9320/9320/9320 9321/9321/9321
f 9322/9322/9322 9323/9323/9323 9324/9324/9324
f 9325/9325/9325 9326/9326/9326 9327/9327/9327
f 9328/9328/9328 9329/9329/9329 9330/9330/9330
f 9331/9331/9331 9332/9332/9332 9333/9333/9333
f 9334/9334/9334 9335/9335/9335 9336/9336/9336
f 9337/9337/9337 9338/9338/9338 9339/9339/9339
f 9340/9340/9340 9341/9341/9341 9342/9342/9342
f 9343/9343/9343 9344/9344/9344 9345/9345/9345
f 9346/9346/9346 9347/9347/9347 9348/9348/9348
f 9349/9349/9349 9350/9350/9350 9351/9351/9351
f 9352/9352/9352 9353/9353/9353 9354/9354/9354
f 9355/9355/9355 9356/9356/9356 9357/9357/9357
f 9358/9358/9358 9359/9359/9359 9360/9360/9360
f 9361/9361/9361 9362/9362/9362 9363/9363/9363
f 9364/9364/9364 9365/9365/9365 9366/9366/9366
f 9367/9367/9367 9368/9368/9368 9369/9369/9369
f 9370/9370/9370 9371/9371/9371 9372/9372/9372
f 9373/9373/9373 9374/9374/9374 9375/9375/9375
f 9376/9376/9376 9377/9377/9377 9378/9378/9378
f 9379/9379/9379 9380/9380/9380 9381/9381/9381
f 9382/9382/9382 9383/9383/9383 9384/9384/9384
f 9385/9385/9385 9386/9386/9386 9387/9387/9387
f 9388/9388/9388 9389/9389/9389 9390/9390/9390
f 9391/9391/9391 9392/9392/9392 9393/9393/9393
f 9394/9394/9394 9395/9395/9395 9396/9396/9396
f 9397/9397/9397 9398/9398/9398 9399/9399/9399
f 9400/9400/9400 9401/9401/9401 9402/9402/9402
f 9403/9403/9403 9404/9404/9404 9405/9405/9405
f 9406/9406/9406 9407/9407/9407 9408/9408/9408
f 9409/9409/9409 9410/9410/9410 9411/9411/9411
f 9412/9412/9412 9413/9413/9413 9414/9414/9414
f 9415/9415/9415 9416/9416/9416 9417/9417/9417
f 9418/9418/9418 9419/9419/9419 9420/9420/9420
f 9421/9421/9421 9422/9422/9422 9423/9423/9423
f 9424/9424/9424 9425/9425/9425 9426/9426/9426
f 9427/9427/9427 9428/9428/9428 9429/9429/9429
f 9430/9430/9430 9431/9431/9431 9432/9432/9432
f 9433/9433/9433 9434/9434/9434 9435/9435/9435
f 9436/9436/9436 9437/9437/9437 9438/9438/9438
f 9439/9439/9439 9440/9440/9440 9441/9441/9441
f 9442/9442/9442 9443/9443/9443 9444/9444/9444
f 9445/9445/9445 9446/9446/9446 9447/9447/9447
f 9448/9448/9448 9449/9449/9449 9450/9450/9450
f 9451/9451/9451 9452/9452/9452 9453/9453/9453
f 9454/9454/9454 9455/9455/9455 9456/9456/9456
f 9457/9457/9457 9458/9458/9458 9459/9459/9459
f 9460/9460/9460 9461/9461/9461 9462/9462/9462
f 9463/9463/9463 9464/9464/9464 9465/9465/9465
f 9466/9466/9466 9467/9467/9467 9468/9468/9468
f 9469/9469/9469 9470/9470/9470 9471/9471/9471
f 9472/9472/9472 9473/9473/9473 9474/9474/9474
f 9475/9475/9475 9476/9476/9476 9477/9477/9477
f 9478/9478/9478 9479/9479/9479 9480/9480/9480
f 9481/9481/9481 9482/9482/9482 9483/9483/9483
f 9484/9484/9484 9485/9485/9485 9486/9486/9486
f 9487/9487/9487 9488/9488/9488 9489/9489/9489
f 9490/9490/9490 9491/9491/9491 9492/9492/9492
f 9493/9493/9493 9494/9494/9494 9495/9495/9495
f 9496/9496/9496 9497/9497/9497 9498/9498/9498
f 9499/9499/9499 9500/9500/9500 9501/9501/9501
f 9502/9502/9502 9503/9503/9503 9504/9504/9504
f 9505/9505/9505 9506/9506/9506 9507/9507/9507
f 9508/9508/9508 9509/9509/9509 9510/9510/9510
f 9511/9511/9511 9512/9512/9512 9513/9513/9513
f 9514/9514/9514 9515/9515/9515 9516/9516/9516
f 9517/9517/9517 9518/9518/9518 9519/9519/9519
f 9520/9520/9520 9521/9521/9521 9522/9522/9522
f 9523/9523/9523 9524/9524/9524 9525/9525/9525
f 9526/9526/9526 9527/9527/9527 9528/9528/9528
f 9529/9529/9529 9530/9530/9530 9531/9531/9531
f 9532/9532/9532 9533/9533/9533 9534/9534/9534
f 9535/9535/9535 9536/9536/9536 9537/9537/9537
f 9538/9538/9538 9539/9539/9539 9540/9540/9540
f 9541/9541/9541 9542/9542/9542 9543/9543/9543
f 9544/9544/9544 9545/9545/9545 9546/9546/9546
f 9547/9547/9547 9548/9548/9548 9549/9549/9549
f 9550/9550/9550 9551/9551/9551 9552/9552/9552
f 9553/9553/9553 9554/9554/9554 9555/9555/9555
f 9556/9556/9556 9557/9557/9557 9558/9558/9558
f 9559/9559/9559 9560/9560/9560 9561/9561/9561
f 9562/9562/9562 9563/9563/9563 9564/9564/9564
f 9565/9565/9565 9566/9566/9566 9567/9567/9567
f 9568/9568/9568 9569/9569/9569 9570/9570/9570
f 9571/9571/9571 9572/9572/9572 9573/9573/9573
f 9574/9574/9574 9575/9575/9575 9576/9576/9576
f 9577/9577/9577 9578/9578/9578 9579/9579/9579
f 9580/9580/9580 9581/9581/9581 9582/9582/9582
f 9583/9583/9583 9584/9584/9584 9585/9585/9585
f 9586/9586/9586 9587/9587/9587 9588/9588/9588
f 9589/9589/9589 9590/9590/9590 9591/9591/9591
f 9592/9592/9592 9593/9593/9593 9594/9594/9594
f 9595/9595/9595 9596/9596/9596 9597/9597/9597
f 9598/9598/9598 9599/9599/9599 9600/9600/9600
f 9601/9601/9601 9602/9602/9602 9603/9603/9603
f 9604/9604/9604 9605/9605/9605 9606/9606/9606
f 9607/9607/9607 9608/9608/9608 9609/9609/9609
f 9610/9610/9610 9611/9611/9611 9612/9612/9612
f 9613/9613/9613 9614/9614/9614 9615/9615/9615
f 9616/9616/9616 9617/9617/9617 9618/9618/9618
f 9619/9619/9619 9620/9620/9620 9621/9621/9621
f 9622/9622/9622 9623/9623/9623 9624/9624/9624
f 9625/9625/9625 9626/9626/9626 9627/9627/9627
f 9628/9628/9628 9629/9629/9629 9630/9630/9630
f 9631/9631/9631 9632/9632/9632 9633/9633/9633
f 9634/9634/9634 9635/9635/9635 9636/9636/9636
f 9637/9637/9637 9638/9638/9638 9639/9639/9639
f 9640/9640/9640 9641/9641/9641 9642/9642/9642
f 9643/9643/9643 9644/9644/9644 9645/9645/9645
f 9646/9646/9646 9647/9647/9647 9648/9648/9648
f 9649/9649/9649 9650/9650/9650 9651/9651/9651
f 9652/9652/9652 9653/9653/9653 9654/9654/9654
f 9655/9655/9655 9656/9656/9656 9657/9657/9657
f 9658/9658/9658 9659/9659/9659 9660/9660/9660
f 9661/9661/9661 9662/9662/9662 9663/9663/9663
f 9664/9664/9664 9665/9665/9665 9666/9666/9666
f 9667/9667/9667 9668/9668/9668 9669/9669/9669
f 9670/9670/9670 9671/9671/9671 9672/9672/9672
f 9673/9673/9673 9674/9674/9674 9675/9675/9675
f 9676/9676/9676 9677/9677/9677 9678/9678/9678
f 9679/9679/9679 9680/9680/9680 9681/9681/9681
f 9682/9682/9682 9683/9683/9683 9684/9684/9684
f 9685/9685/9685 9686/9686/9686 9687/9687/9687
f 9688/9688/9688 9689/9689/9689 9690/9690/9690
f 9691/9691/9691 9692/9692/9692 9693/9693/9693
f 9694/9694/9694 9695/9695/9695 9696/9696/9696
f 9697/9697/9697 9698/9698/9698 9699/9699/9699
f 9700/9700/9700 9701/9701/9701 9702/9702/9702
f 9703/9703/9703 9704/9704/9704 9705/9705/9705
f 9706/9706/9706 9707/9707/9707 9708/9708/9708
f 9709/9709/9709 9710/9710/9710 9711/9711/9711
f 9712/9712/9712 9713/9713/9713 9714/9714/9714
f 9715/9715/9715 9716/9716/9716 9717/9717/9717
f 9718/9718/9718 9719/9719/9719 9720/9720/9720
f 9721/9721/9721 9722/9722/9722 9723/9723/9723
f 9724/9724/9724 9725/9725/9725 9726/9726/9726
f 9727/9727/9727 9728/9728/9728 9729/9729/9729
f 9730/9730/9730 9731/9731/9731 9732/9732/9732
f 9733/9733/9733 9734/9734/9734 9735/9735/9735
f 9736/9736/9736 9737/9737/9737 9738/9738/9738
f 9739/9739/9739 9740/9740/9740 9741/9741/9741
f 9742/9742/9742 9743/9743/9743 9744/9744/9744
f 9745/9745/9745 9746/9746/9746 9747/9747/9747
f 9748/9748/9748 9749/9749/9749 9750/9750/9750
f 9751/9751/9751 9752/9752/9752 9753/9753/9753
f 9754/9754/9754 9755/9755/9755 9756/9756/9756
f 9757/9757/9757 9758/9758/9758 9759/9759/9759
f 9760/9760/9760 9761/9761/9761 9762/9762/9762
f 9763/9763/9763 9764/9764/9764 9765/9765/9765
f 9766/9766/9766 9767/9767/9767 9768/9768/9768
f 9769/9769/9769 9770/9770/9770 9771/9771/9771
f 9772/9772/9772 9773/9773/9773 9774/9774/9774
f 9775/9775/9775 9776/9776/9776 9777/9777/9777
f 9778/9778/9778 9779/9779/9779 9780/9780/9780
f 9781/9781/9781 9782/9782/9782 9783/9783/9783
f 9784/9784/9784 9785/9785/9785 9786/9786/9786
f 9787/9787/9787 9788/9788/9788 9789/9789/9789
f 9790/9790/9790 9791/9791/9791 9792/9792/9792
f 9793/9793/9793 9794/9794/9794 9795/9795/9795
f 9796/9796/9796 9797/9797/9797 9798/9798/9798
f 9799/9799/9799 9800/9800/9800 9801/9801/9801
f 9802/9802/9802 9803/9803/9803 9804/9804/9804
f 9805/9805/9805 9806/9806/9806 9807/9807/9807
f 9808/9808/9808 9809/9809/9809 9810/9810/9810
f 9811/9811/9811 9812/9812/9812 9813/9813/9813
f 9814/9814/9814 9815/9815/9815 9816/9816/9816
f 9817/9817/9817 9818/9818/9818 9819/9819/9819
f 9820/9820/9820 9821/9821/9821 9822/9822/9822
f 9823/9823/9823 9824/9824/9824 9825/9825/9825
f 9826/9826/9826 9827/9827/9827 9828/9828/9828
f 9829/9829/9829 9830/9830/9830 9831/9831/9831
f 9832/9832/9832 9833/9833/9833 9834/9834/9834
f 9835/9835/9835 9836/9836/9836 9837/9837/9837
f 9838/9838/9838 9839/9839/9839 9840/9840/9840
f 9841/9841/9841 9842/9842/9842 9843/9843/9843
f 9844/9844/9844 9845/9845/9845 9846/9846/9846
f 9847/9847/9847 9848/9848/9848 9849/9849/9849
f 9850/9850/9850 9851/9851/9851 9852/9852/9852
f 9853/9853/9853 9854/9854/9854 9855/9855/9855
f 9856/9856/9856 9857/9857/9857 9858/9858/9858
f 9859/9859/9859 9860/9860/9860 9861/9861/9861
f 9862/9862/9862 9863/9863/9863 9864/9864/9864
f 9865/9865/9865 9866/9866/9866 9867/9867/9867
f 9868/9868/9868 9869/9869/9869 9870/9870/9870
f 9871/9871/9871 9872/9872/9872 9873/9873/9873
f 9874/9874/9874 9875/9875/9875 9876/9876/9876
f 9877/9877/9877 9878/9878/9878 9879/9879/9879
f 9880/9880/9880 9881/9881/9881 9882/9882/9882
f 9883/9883/9883 9884/9884/9884 9885/9885/9885
f 9886/9886/9886 9887/9887/9887 9888/9888/9888
f 9889/9889/9889 9890/9890/9890 9891/9891/9891
f 9892/9892/9892 9893/9893/9893 9894/9894/9894
f 9895/9895/9895 9896/9896/9896 9897/9897/9897
f 9898/9898/9898 9899/9899/9899 9900/9900/9900
f 9901/9901/9901 9902/9902/9902 9903/9903/9903
f 9904/9904/9904 9905/9905/9905 9906/9906/9906
f 9907/9907/9907 9908/9908/9908 9909/9909/9909
f 9910/9910/9910 9911/9911/9911 9912/9912/9912
f 9913/9913/9913 9914/9914/9914 9915/9915/9915
f 9916/9916/9916 9917/9917/9917 9918/9918/9918
f 9919/9919/9919 9920/9920/9920 9921/9921/9921
f 9922/9922/9922 9923/9923/9923 9924/9924/9924
f 9925/9925/9925 9926/9926/9926 9927/9927/9927
f 9928/9928/9928 9929/9929/9929 9930/9930/9930
f 9931/9931/9931 9932/9932/9932 9933/9933/9933
f 9934/9934/9934 9935/9935/9935 9936/9936/9936
f 9937/9937/9937 9938/9938/9938 9939/9939/9939
f 9940/9940/9940 9941/9941/9941 9942/9942/9942
f 9943/9943/9943 9944/9944/9944 9945/9945/9945
f 9946/9946/9946 9947/9947/9947 9948/9948/9948
f 9949/9949/9949 9950/9950/9950 9951/9951/9951
f 9952/9952/9952 9953/9953/9953 9954/9954/9954
f 9955/9955/9955 9956/9956/9956 9957/9957/9957
f 9958/9958/9958 9959/9959/9959 9960/9960/9960
f 9961/9961/9961 9962/9962/9962 9963/9963/9963
f 9964/9964/9964 9965/9965/9965 9966/9966/9966
f 9967/9967/9967 9968/9968/9968 9969/9969/9969
f 9970/9970/9970 9971/9971/9971 9972/9972/9972
f 9973/9973/9973 9974/9974/9974 9975/9975/9975
f 9976/9976/9976 9977/9977/9977 9978/9978/9978
f 9979/9979/9979 9980/9980/9980 9981/9981/9981
f 9982/9982/9982 9983/9983/9983 9984/9984/9984
f 9985/9985/9985 9986/9986/9986 9987/9987/9987
f 9988/9988/9988 9989/9989/9989 9990/9990/9990
f 9991/9991/9991 9992/9992/9992 9993/9993/9993
f 9994/9994/9994 9995/9995/9995 9996/9996/9996
f 9997/9997/9997 9998/9998/9998 9999/9999/9999
f 10000/10000/10000 10001/10001/10001 10002/10002/10002
f 10003/10003/10003 10004/10004/10004 10005/10005/10005
f 10006/10006/10006 10007/10007/10007 10008/10008/10008
f 10009/10009/10009 10010/10010/10010 10011/10011/10011
f 10012/10012/10012 10013/10013/10013 10014/10014/10014
f 10015/10015/10015 10016/10016/10016 10017/10017/10017
f 10018/10018/10018 10019/10019/10019 10020/10020/10020
f 10021/10021/10021 10022/10022/10022 10023/10023/10023
f 10024/10024/10024 10025/10025/10025 10026/10026/10026
f 10027/10027/10027 10028/10028/10028 10029/10029/10029
f 10030/10030/10030 10031/10031/10031 10032/10032/10032
f 10033/10033/10033 10034/10034/10034 10035/10035/10035
f 10036/10036/10036 10037/10037/10037 10038/10038/10038
f 10039/10039/10039 10040/10040/10040 10041/10041/10041
f 10042/10042/10042 10043/10043/10043 10044/10044/10044
f 10045/10045/10045 10046/10046/10046 10047/10047/10047
f 10048/10048/10048 10049/10049/10049 10050/10050/10050
f 10051/10051/10051 10052/10052/10052 10053/10053/10053
f 10054/10054/10054 10055/10055/10055 10056/10056/10056
f 10057/10057/10057 10058/10058/10058 10059/10059/10059
f 10060/10060/10060 10061/10061/10061 10062/10062/10062
f 10063/10063/10063 10064/10064/10064 10065/10065/10065
f 10066/10066/10066 10067/10067/10067 10068/10068/10068
f 10069/10069/10069 10070/10070/10070 10071/10071/10071
f 10072/10072/10072 10073/10073/10073 10074/10074/10074
f 10075/10075/10075 10076/10076/10076 10077/10077/10077
f 10078/10078/10078 10079/10079/10079 10080/10080/10080
f 10081/10081/10081 10082/10082/10082 10083/10083/10083
f 10084/10084/10084 10085/10085/10085 10086/10086/10086
f 10087/10087/10087 10088/10088/10088 10089/10089/10089
f 10090/10090/10090 10091/10091/10091 10092/10092/10092
f 10093/10093/10093 10094/10094/10094 10095/10095/10095
f 10096/10096/10096 10097/10097/10097 10098/10098/10098
f 10099/10099/10099 10100/10100/10100 10101/10101/10101
f 10102/10102/10102 10103/10103/10103 10104/10104/10104
f 10105/10105/10105 10106/10106/10106 10107/10107/10107
f 10108/10108/10108 10109/10109/10109 10110/10110/10110
f 10111/10111/10111 10112/10112/10112 10113/10113/10113
f 10114/10114/10114 10115/10115/10115 10116/10116/10116
f 10117/10117/10117 10118/10118/10118 10119/10119/10119
f 10120/10120/10120 10121/10121/10121 10122/10122/10122
f 10123/10123/10123 10124/10124/10124 10125/10125/10125
f 10126/10126/10126 10127/10127/10127 10128/10128/10128
f 10129/10129/10129 10130/10130/10130 10131/10131/10131
f 10132/10132/10132 10133/10133/10133 10134/10134/10134
f 10135/10135/10135 10136/10136/10136 10137/10137/10137
f 10138/10138/10138 10139/10139/10139 10140/10140/10140
f 10141/10141/10141 10142/10142/10142 10143/10143/10143
f 10144/10144/10144 10145/10145/10145 10146/10146/10146
f 10147/10147/10147 10148/10148/10148 10149/10149/10149
f 10150/10150/10150 10151/10151/10151 10152/10152/10152
f 10153/10153/10153 10154/10154/10154 10155/10155/10155
f 10156/10156/10156 10157/10157/10157 10158/10158/10158
f 10159/10159/10159 10160/10160/10160 10161/10161/10161
f 10162/10162/10162 10163/10163/10163 10164/10164/10164
f 10165/10165/10165 10166/10166/10166 10167/10167/10167
f 10168/10168/10168 10169/10169/10169 10170/10170/10170
f 10171/10171/10171 10172/10172/10172 10173/10173/10173
f 10174/10174/10174 10175/10175/10175 10176/10176/10176
f 10177/10177/10177 10178/10178/10178 10179/10179/10179
f 10180/10180/10180 10181/10181/10181 10182/10182/10182
f 10183/10183/10183 10184/10184/10184 10185/10185/10185
f 10186/10186/10186 10187/10187/10187 10188/10188/10188
f 10189/10189/10189 10190/10190/10190 10191/10191/10191
f 10192/10192/10192 10193/10193/10193 10194/10194/10194
f 10195/10195/10195 10196/10196/10196 10197/10197/10197
f 10198/10198/10198 10199/10199/10199 10200/10200/10200
f 10201/10201/10201 10202/10202/10202 10203/10203/10203
f 10204/10204/10204 10205/10205/10205 10206/10206/10206
f 10207/10207/10207 10208/10208/10208 10209/10209/10209
f 10210/10210/10210 10211/10211/10211 10212/10212/10212
f 10213/10213/10213 10214/10214/10214 10215/10215/10215
f 10216/10216/10216 10217/10217/10217 10218/10218/10218
f 10219/10219/10219 10220/10220/10220 10221/10221/10221
f 10222/10222/10222 10223/10223/10223 10224/10224/10224
f 10225/10225/10225 10226/10226/10226 10227/10227/10227
f 10228/10228/10228 10229/10229/10229 10230/10230/10230
f 10231/10231/10231 10232/10232/10232 10233/10233/10233
f 10234/10234/10234 10235/10235/10235 10236/10236/10236
f 10237/10237/10237 10238/10238/10238 10239/10239/10239
f 10240/10240/10240 10241/10241/10241 10242/10242/10242
f 10243/10243/10243 10244/10244/10244 10245/10245/10245
f 10246/10246/10246 10247/10247/10247 10248/10248/10248
f 10249/10249/10249 10250/10250/10250 10251/10251/10251
f 10252/10252/10252 10253/10253/10253 10254/10254/10254
f 10255/10255/10255 10256/10256/10256 10257/10257/10257
f 10258/10258/10258 10259/10259/10259 10260/10260/10260
f 10261/10261/10261 10262/10262/10262 10263/10263/10263
f 10264/10264/10264 10265/10265/10265 10266/10266/10266
f 10267/10267/10267 10268/10268/10268 10269/10269/10269
f 10270/10270/10270 10271/10271/10271 10272/10272/10272
f 10273/10273/10273 10274/10274/10274 10275/10275/10275
f 10276/10276/10276 10277/10277/10277 10278/10278/10278
f 10279/10279/10279 10280/10280/10280 10281/10281/10281
f 10282/10282/10282 10283/10283/10283 10284/10284/10284
f 10285/10285/10285 10286/10286/10286 10287/10287/10287
f 10288/10288/10288 10289/10289/10289 10290/10290/10290
f 10291/10291/10291 10292/10292/10292 10293/10293/10293
f 10294/10294/10294 10295/10295/10295 10296/10296/10296
f 10297/10297/10297 10298/10298/10298 10299/10299/10299
f 10300/10300/10300 10301/10301/10301 10302/10302/10302
f 10303/10303/10303 10304/10304/10304 10305/10305/10305
f 10306/10306/10306 10307/10307/10307 10308/10308/10308
f 10309/10309/10309 10310/10310/10310 10311/10311/10311
f 10312/10312/10312 10313/10313/10313 10314/10314/10314
f 10315/10315/10315 10316/10316/10316 10317/10317/10317
f 10318/10318/10318 10319/10319/10319 10320/10320/10320
f 10321/10321/10321 10322/10322/10322 10323/10323/10323
f 10324/10324/10324 10325/10325/10325 10326/10326/10326
f 10327/10327/10327 10328/10328/10328 10329/10329/10329
f 10330/10330/10330 10331/10331/10331 10332/10332/10332
f 10333/10333/10333 10334/10334/10334 10335/10335/10335
f 10336/10336/10336 10337/10337/10337 10338/10338/10338
f 10339/10339/10339 10340/10340/10340 10341/10341/10341
f 10342/10342/10342 10343/10343/10343 10344/10344/10344
f 10345/10345/10345 10346/10346/10346 10347/10347/10347
f 10348/10348/10348 10349/10349/10349 10350/10350/10350
f 10351/10351/10351 10352/10352/10352 10353/10353/10353
f 10354/10354/10354 10355/10355/10355 10356/10356/10356
f 10357/10357/10357 10358/10358/10358 10359/10359/10359
f 10360/10360/10360 10361/10361/10361 10362/10362/10362
f 10363/10363/10363 10364/10364/10364 10365/10365/10365
f 10366/10366/10366 10367/10367/10367 10368/10368/10368
f 10369/10369/10369 10370/10370/10370 10371/10371/10371
f 10372/10372/10372 10373/10373/10373 10374/10374/10374
f 10375/10375/10375 10376/10376/10376 10377/10377/10377
f 10378/10378/10378 10379/10379/10379 10380/10380/10380
f 10381/10381/10381 10382/10382/10382 10383/10383/10383
f 10384/10384/10384 10385/10385/10385 10386/10386/10386
f 10387/10387/10387 10388/10388/10388 10389/10389/10389
f 10390/10390/10390 10391/10391/10391 10392/10392/10392
f 10393/10393/10393 10394/10394/10394 10395/10395/10395
f 10396/10396/10396 10397/10397/10397 10398/10398/10398
f 10399/10399/10399 10400/10400/10400 10401/10401/10401
f 10402/10402/10402 10403/10403/10403 10404/10404/10404
f 10405/10405/10405 10406/10406/10406 10407/10407/10407
f 10408/10408/10408 10409/10409/10409 10410/10410/10410
f 10411/10411/10411 10412/10412/10412 10413/10413/10413
f 10414/10414/10414 10415/10415/10415 10416/10416/10416
f 10417/10417/10417 10418/10418/10418 10419/10419/10419
f 10420/10420/10420 10421/10421/10421 10422/10422/10422
f 10423/10423/10423 10424/10424/10424 10425/10425/10425
f 10426/10426/10426 10427/10427/10427 10428/10428/10428
f 10429/10429/10429 10430/10430/10430 10431/10431/10431
f 10432/10432/10432 10433/10433/10433 10434/10434/10434
f 10435/10435/10435 10436/10436/10436 10437/10437/10437
f 10438/10438/10438 10439/10439/10439 10440/10440/10440
f 10441/10441/10441 10442/10442/10442 10443/10443/10443
f 10444/10444/10444 10445/10445/10445 10446/10446/10446
f 10447/10447/10447 10448/10448/10448 10449/10449/10449
f 10450/10450/10450 10451/10451/10451 10452/10452/10452
f 10453/10453/10453 10454/10454/10454 10455/10455/10455
f 10456/10456/10456 10457/10457/10457 10458/10458/10458
f 10459/10459/10459 10460/10460/10460 10461/10461/10461
f 10462/10462/10462 10463/10463/10463 10464/10464/10464
f 10465/10465/10465 10466/10466/10466 10467/10467/10467
f 10468/10468/10468 10469/10469/10469 10470/10470/10470
f 10471/10471/10471 10472/10472/10472 10473/10473/10473
f 10474/10474/10474 10475/10475/10475 10476/10476/10476
f 10477/10477/10477 10478/10478/10478 10479/10479/10479
f 10480/10480/10480 10481/10481/10481 10482/10482/10482
f 10483/10483/10483 10484/10484/10484 10485/10485/10485
f 10486/10486/10486 10487/10487/10487 10488/10488/10488
f 10489/10489/10489 10490/10490/10490 10491/10491/10491
f 10492/10492/10492 10493/10493/10493 10494/10494/10494
f 10495/10495/10495 10496/10496/10496 10497/10497/10497
f 10498/10498/10498 10499/10499/10499 10500/10500/10500
f 10501/10501/10501 10502/10502/10502 10503/10503/10503
f 10504/10504/10504 10505/10505/10505 10506/10506/10506
f 10507/10507/10507 10508/10508/10508 10509/10509/10509
f 10510/10510/10510 10511/10511/10511 10512/10512/10512
f 10513/10513/10513 10514/10514/10514 10515/10515/10515
f 10516/10516/10516 10517/10517/10517 10518/10518/10518
f 10519/10519/10519 10520/10520/10520 10521/10521/10521
f 10522/10522/10522 10523/10523/10523 10524/10524/10524
f 10525/10525/10525 10526/10526/10526 10527/10527/10527
f 10528/10528/10528 10529/10529/10529 10530/10530/10530
f 10531/10531/10531 10532/10532/10532 10533/10533/10533
f 10534/10534/10534 10535/10535/10535 10536/10536/10536
f 10537/10537/10537 10538/10538/10538 10539/10539/10539
f 10540/10540/10540 10541/10541/10541 10542/10542/10542
f 10543/10543/10543 10544/10544/10544 10545/10545/10545
f 10546/10546/10546 10547/10547/10547 10548/10548/10548
f 10549/10549/10549 10550/10550/10550 10551/10551/10551
f 10552/10552/10552 10553/10553/10553 10554/10554/10554
f 10555/10555/10555 10556/10556/10556 10557/10557/10557
f 10558/10558/10558 10559/10559/10559 10560/10560/10560
f 10561/10561/10561 10562/10562/10562 10563/10563/10563
f 10564/10564/10564 10565/10565/10565 10566/10566/10566
f 10567/10567/10567 10568/10568/10568 10569/10569/10569
f 10570/10570/10570 10571/10571/10571 10572/10572/10572
f 10573/10573/10573 10574/10574/10574 10575/10575/10575
f 10576/10576/10576 10577/10577/10577 10578/10578/10578
f 10579/10579/10579 10580/10580/10580 10581/10581/10581
f 10582/10582/10582 10583/10583/10583 10584/10584/10584
f 10585/10585/10585 10586/10586/10586 10587/10587/10587
f 10588/10588/10588 10589/10589/10589 10590/10590/10590
f 10591/10591/10591 10592/10592/10592 10593/10593/10593
f 10594/10594/10594 10595/10595/10595 10596/10596/10596
f 10597/10597/10597 10598/10598/10598 10599/10599/10599
f 10600/10600/10600 10601/10601/10601 10602/10602/10602
f 10603/10603/10603 10604/10604/10604 10605/10605/10605
f 10606/10606/10606 10607/10607/10607 10608/10608/10608
f 10609/10609/10609 10610/10610/10610 10611/10611/10611
f 10612/10612/10612 10613/10613/10613 10614/10614/10614
f 10615/10615/10615 10616/10616/10616 10617/10617/10617
f 10618/10618/10618 10619/10619/10619 10620/10620/10620
f 10621/10621/10621 10622/10622/10622 10623/10623/10623
f 10624/10624/10624 10625/10625/10625 10626/10626/10626
f 10627/10627/10627 10628/10628/10628 10629/10629/10629
f 10630/10630/10630 10631/10631/10631 10632/10632/10632
f 10633/10633/10633 10634/10634/10634 10635/10635/10635
f 10636/10636/10636 10637/10637/10637 10638/10638/10638
f 10639/10639/10639 10640/10640/10640 10641/10641/10641
f 10642/10642/10642 10643/10643/10643 10644/10644/10644
f 10645/10645/10645 10646/10646/10646 10647/10647/10647
f 10648/10648/10648 10649/10649/10649 10650/10650/10650
f 10651/10651/10651 10652/10652/10652 10653/10653/10653
f 10654/10654/10654 10655/10655/10655 10656/10656/10656
f 10657/10657/10657 10658/10658/10658 10659/10659/10659
f 10660/10660/10660 10661/10661/10661 10662/10662/10662
f 10663/10663/10663 10664/10664/10664 10665/10665/10665
f 10666/10666/10666 10667/10667/10667 10668/10668/10668
f 10669/10669/10669 10670/10670/10670 10671/10671/10671
f 10672/10672/10672 10673/10673/10673 10674/10674/10674
f 10675/10675/10675 10676/10676/10676 10677/10677/10677
f 10678/10678/10678 10679/10679/10679 10680/10680/10680
f 10681/10681/10681 10682/10682/10682 10683/10683/10683
f 10684/10684/10684 10685/10685/10685 10686/10686/10686
f 10687/10687/10687 10688/10688/10688 10689/10689/10689
f 10690/10690/10690 10691/10691/10691 10692/10692/10692
f 10693/10693/10693 10694/10694/10694 10695/10695/10695
f 10696/10696/10696 10697/10697/10697 10698/10698/10698
f 10699/10699/10699 10700/10700/10700 10701/10701/10701
f 10702/10702/10702 10703/10703/10703 10704/10704/10704
f 10705/10705/10705 10706/10706/10706 10707/10707/10707
f 10708/10708/10708 10709/10709/10709 10710/10710/10710
