mtllib trainers_main.mtl
usemtl trainers_main
v 0.15748 -0.03418 0.00000
v 0.16980 -0.05327 0.00000
v 0.17272 -0.04684 0.00000
v 0.16620 -0.03966 0.00000
v 0.17897 -0.05888 0.00000
v 0.19405 -0.07369 0.00000
v 0.18460 -0.03886 0.00000
v 0.19880 -0.07979 0.00000
v 0.19322 -0.05763 0.00000
v 0.19847 -0.04425 0.00000
v 0.20654 -0.08161 0.00000
v 0.20522 -0.07616 0.00000
v 0.20353 -0.06652 0.00000
v 0.21253 -0.08001 0.00000
v 0.21475 -0.07349 0.00000
v 0.20819 -0.06241 0.00000
v 0.21357 -0.05570 0.00000
v 0.21459 -0.03528 0.00000
v 0.21921 -0.07897 0.00000
v 0.22296 -0.07409 0.00000
v 0.22373 -0.06620 0.00000
v 0.22387 -0.05296 0.00000
v 0.22387 -0.02865 0.00000
v 0.23169 -0.07111 0.00000
v 0.23616 -0.06664 0.00000
v 0.23396 -0.05700 0.00000
v 0.23210 -0.04608 0.00000
v 0.23101 -0.03469 0.00000
v 0.23862 -0.06718 0.00000
v 0.24010 -0.06510 0.00000
v 0.13248 -0.05964 0.00000
v 0.13406 -0.05414 0.02533
v 0.13512 -0.05746 0.03129
v 0.13387 -0.05312 0.00000
v 0.13506 -0.05092 0.03446
v 0.13847 -0.04792 0.04298
v 0.14166 -0.04634 0.05022
v 0.13491 -0.04580 0.00000
v 0.13208 -0.04893 0.00000
v 0.13499 -0.04158 0.03663
v 0.13613 -0.03649 0.00000
v 0.13158 -0.03929 0.00000
v 0.13331 -0.03245 0.03314
v 0.13668 -0.03185 0.04343
v 0.14043 -0.03366 0.05371
v 0.14471 -0.02526 0.06601
v 0.14366 -0.09951 0.00000
v 0.14449 -0.10403 0.02168
v 0.15445 -0.12948 0.00000
v 0.15357 -0.12632 0.02719
v 0.15009 -0.12395 0.00000
v 0.15271 -0.11833 0.02988
v 0.15660 -0.11310 0.03524
v 0.15020 -0.10802 0.00000
v 0.14855 -0.11067 0.02946
v 0.15451 -0.10633 0.03733
v 0.16014 -0.10217 0.04239
v 0.16733 -0.14051 0.00000
v 0.16644 -0.13764 0.02675
v 0.16378 -0.13424 0.03181
v 0.15978 -0.13472 0.00000
v 0.15989 -0.13223 0.02850
v 0.16480 -0.12486 0.03860
v 0.16374 -0.12517 0.00000
v 0.15761 -0.12119 0.03362
v 0.16394 -0.11524 0.03904
v 0.16928 -0.10965 0.04222
v 0.16294 -0.11163 0.00000
v 0.16199 -0.10864 0.04053
v 0.16684 -0.10437 0.04445
v 0.17076 -0.09975 0.04736
v 0.17711 -0.14041 0.00000
v 0.17480 -0.14018 0.02342
v 0.17145 -0.13759 0.03240
v 0.17514 -0.13353 0.00000
v 0.18169 -0.13641 0.03152
v 0.17574 -0.12502 0.04133
v 0.17588 -0.11787 0.00000
v 0.17524 -0.11565 0.04083
v 0.17526 -0.10907 0.04236
v 0.17413 -0.10801 0.00000
v 0.17381 -0.10428 0.04410
v 0.18240 -0.13870 0.00000
v 0.18340 -0.13998 0.00000
v 0.18804 -0.13482 0.00000
v 0.18985 -0.13314 0.02647
v 0.18597 -0.12213 0.03848
v 0.18679 -0.12242 0.00000
v 0.18545 -0.11495 0.03834
v 0.18663 -0.10753 0.00000
v 0.18715 -0.10221 0.04081
v 0.19460 -0.13135 0.00000
v 0.19303 -0.13038 0.02498
v 0.19140 -0.12220 0.03431
v 0.19743 -0.12236 0.00000
v 0.19722 -0.12181 0.03432
v 0.19256 -0.11437 0.03669
v 0.19404 -0.11056 0.00000
v 0.19475 -0.10669 0.03841
v 0.20099 -0.12964 0.00000
v 0.20165 -0.13040 0.02158
v 0.21006 -0.12360 0.00000
v 0.20744 -0.11927 0.03249
v 0.20055 -0.11311 0.03610
v 0.20649 -0.11201 0.00000
v 0.20815 -0.11138 0.03291
v 0.20262 -0.10516 0.03714
v 0.20951 -0.12194 0.00000
v 0.21060 -0.11969 0.02508
v 0.21630 -0.11374 0.00000
v 0.21638 -0.10943 0.03264
v 0.20966 -0.10355 0.03625
v 0.14478 -0.09881 0.02562
v 0.14657 -0.09563 0.03263
v 0.14485 -0.09327 0.00000
v 0.14397 -0.09152 0.02675
v 0.14613 -0.08900 0.03570
v 0.14816 -0.08517 0.04352
v 0.14626 -0.08581 0.00000
v 0.14007 -0.08223 0.02400
v 0.14371 -0.08105 0.03725
v 0.14783 -0.07844 0.04625
v 0.15050 -0.06996 0.05404
v 0.14057 -0.07707 0.00000
v 0.13657 -0.07235 0.02345
v 0.13923 -0.07046 0.03519
v 0.14535 -0.07025 0.04744
v 0.15261 -0.06293 0.05909
v 0.13588 -0.06578 0.00000
v 0.13467 -0.06348 0.02649
v 0.13708 -0.06154 0.03654
v 0.14056 -0.06158 0.04635
v 0.14709 -0.05940 0.05381
v 0.15410 -0.05457 0.06227
v 0.14002 -0.05502 0.00000
v 0.13810 -0.05512 0.04049
v 0.14041 -0.05346 0.04869
v 0.14467 -0.05068 0.05359
v 0.14870 -0.05098 0.05867
v 0.15211 -0.04733 0.06320
v 0.14293 -0.04518 0.00000
v 0.14395 -0.04251 0.05601
v 0.14645 -0.03996 0.06105
v 0.14933 -0.03301 0.06713
v 0.15362 -0.03082 0.07194
v 0.14446 -0.03588 0.00000
v 0.15278 -0.10118 0.00000
v 0.14733 -0.10244 0.03103
v 0.15199 -0.09920 0.03822
v 0.15680 -0.09352 0.04538
v 0.16533 -0.09190 0.05260
v 0.15493 -0.09267 0.00000
v 0.14998 -0.09197 0.04024
v 0.15882 -0.08540 0.05206
v 0.15684 -0.08582 0.00000
v 0.15247 -0.08193 0.04932
v 0.15643 -0.07870 0.05496
v 0.15481 -0.07813 0.00000
v 0.15417 -0.07159 0.05684
v 0.15766 -0.06791 0.06043
v 0.16104 -0.06335 0.06267
v 0.15394 -0.06568 0.00000
v 0.15578 -0.06128 0.06181
v 0.15952 -0.05693 0.06400
v 0.15373 -0.05384 0.00000
v 0.15765 -0.05024 0.06546
v 0.16110 -0.04497 0.06926
v 0.15276 -0.04489 0.00000
v 0.15554 -0.04316 0.06754
v 0.15951 -0.03720 0.07278
v 0.15288 -0.03799 0.00000
v 0.16553 -0.10055 0.00000
v 0.16644 -0.09886 0.04892
v 0.16845 -0.09372 0.05047
v 0.16572 -0.09238 0.00000
v 0.16611 -0.08689 0.05369
v 0.16658 -0.08036 0.05584
v 0.16557 -0.08432 0.00000
v 0.16042 -0.07747 0.05702
v 0.17289 -0.07283 0.00000
v 0.16526 -0.06955 0.05971
v 0.16515 -0.06361 0.06217
v 0.16191 -0.05100 0.00000
v 0.16536 -0.05886 0.06357
v 0.16570 -0.05095 0.06642
v 0.16611 -0.04372 0.07048
v 0.16570 -0.03896 0.07253
v 0.15988 -0.04224 0.00000
v 0.16884 -0.03241 0.07452
v 0.17518 -0.10060 0.00000
v 0.18346 -0.09587 0.04445
v 0.17459 -0.09322 0.00000
v 0.17399 -0.08772 0.05168
v 0.17582 -0.08417 0.00000
v 0.17493 -0.07427 0.05517
v 0.17446 -0.06665 0.05771
v 0.17089 -0.05938 0.06189
v 0.17676 -0.06028 0.05941
v 0.17468 -0.04899 0.06535
v 0.17541 -0.03993 0.06904
v 0.18310 -0.09977 0.00000
v 0.17934 -0.09200 0.04811
v 0.17757 -0.09807 0.00000
v 0.18722 -0.08367 0.04785
v 0.18125 -0.08482 0.05047
v 0.18576 -0.08579 0.00000
v 0.18394 -0.07767 0.05104
v 0.18160 -0.07567 0.00000
v 0.18451 -0.04490 0.06379
v 0.18210 -0.02888 0.07103
v 0.19201 -0.10059 0.00000
v 0.19693 -0.09942 0.03948
v 0.19226 -0.09218 0.04271
v 0.19373 -0.09136 0.00000
v 0.19426 -0.08411 0.00000
v 0.19561 -0.07991 0.04543
v 0.18887 -0.07078 0.05024
v 0.19036 -0.07837 0.00000
v 0.19334 -0.06783 0.04945
v 0.18841 -0.06219 0.05336
v 0.20113 -0.05786 0.05086
v 0.18864 -0.02772 0.06859
v 0.20400 -0.10080 0.00000
v 0.20422 -0.09766 0.03895
v 0.20010 -0.09043 0.04119
v 0.20216 -0.09332 0.00000
v 0.20817 -0.08407 0.04106
v 0.20541 -0.08841 0.00000
v 0.19882 -0.06846 0.04779
v 0.20508 -0.07077 0.04550
v 0.19650 -0.05294 0.05486
v 0.19240 -0.04143 0.06179
v 0.19386 -0.02710 0.06614
v 0.21567 -0.10245 0.00000
v 0.21823 -0.10119 0.03315
v 0.21171 -0.09564 0.03754
v 0.21051 -0.09202 0.00000
v 0.21904 -0.09339 0.03432
v 0.21384 -0.08808 0.03885
v 0.21460 -0.08464 0.00000
v 0.21500 -0.08028 0.03938
v 0.21015 -0.07541 0.04289
v 0.21688 -0.06822 0.04090
v 0.21119 -0.06816 0.04367
v 0.20736 -0.06334 0.04672
v 0.20623 -0.05447 0.04989
v 0.20890 -0.04860 0.05046
v 0.15555 -0.02448 0.07736
v 0.16300 -0.03316 0.07603
v 0.16144 -0.02632 0.07869
v 0.16571 -0.03330 0.07570
v 0.17045 -0.02539 0.07697
v 0.22315 -0.10720 0.00000
v 0.22592 -0.10639 0.02481
v 0.22532 -0.10825 0.00000
v 0.22478 -0.09869 0.02833
v 0.22032 -0.09350 0.00000
v 0.22549 -0.09180 0.03165
v 0.21963 -0.08606 0.03635
v 0.22482 -0.08245 0.00000
v 0.22866 -0.08385 0.03431
v 0.22128 -0.07789 0.03704
v 0.22711 -0.07654 0.00000
v 0.22214 -0.07022 0.03870
v 0.22447 -0.06254 0.04017
v 0.21885 -0.05812 0.04259
v 0.22566 -0.05544 0.04036
v 0.21671 -0.04730 0.04659
v 0.22127 -0.04143 0.04565
v 0.22748 -0.03426 0.04276
v 0.21617 -0.02826 0.05231
v 0.23227 -0.09626 0.02579
v 0.22835 -0.09696 0.02773
v 0.23724 -0.08826 0.02188
v 0.23283 -0.08983 0.02766
v 0.23380 -0.08672 0.01920
v 0.23552 -0.08126 0.02868
v 0.22843 -0.07581 0.03548
v 0.23153 -0.07781 0.00000
v 0.23587 -0.07408 0.03144
v 0.22919 -0.06802 0.03673
v 0.24061 -0.06128 0.00000
v 0.23406 -0.06486 0.03479
v 0.24261 -0.05349 0.00000
v 0.22636 -0.04778 0.04150
v 0.24127 -0.04553 0.00000
v 0.23261 -0.04268 0.03874
v 0.23899 -0.03673 0.00000
v 0.24010 -0.02896 0.03420
v 0.23889 -0.03722 0.03486
v 0.24384 -0.08602 0.00000
v 0.23787 -0.08086 0.02747
v 0.24325 -0.07288 0.00000
v 0.24356 -0.07374 0.02881
v 0.24683 -0.06245 0.00000
v 0.24515 -0.05993 0.02909
v 0.23501 -0.05561 0.03604
v 0.24848 -0.05753 0.00000
v 0.24520 -0.05185 0.02905
v 0.23794 -0.04891 0.03477
v 0.25027 -0.04775 0.00000
v 0.24514 -0.04174 0.02951
v 0.23848 -0.04323 0.03526
v 0.25035 -0.03383 0.00000
v 0.24456 -0.03287 0.02912
v 0.14639 0.01079 0.00000
v 0.14647 0.02479 0.00000
v 0.14747 0.03913 0.00000
v 0.15690 -0.02504 0.00000
v 0.15297 -0.00868 0.00000
v 0.15107 0.00726 0.00000
v 0.15270 0.02732 0.00000
v 0.15435 0.04905 0.00000
v 0.16464 -0.02977 0.00000
v 0.16235 -0.00834 0.00000
v 0.16052 0.02011 0.00000
v 0.16248 0.03905 0.00000
v 0.17602 -0.01258 0.00000
v 0.17561 -0.00175 0.00000
v 0.17494 0.03363 0.00000
v 0.17292 0.05202 0.00000
v 0.18567 -0.02830 0.00000
v 0.18602 -0.01931 0.00000
v 0.18553 -0.00392 0.00000
v 0.18950 0.01218 0.00000
v 0.18421 0.04046 0.00000
v 0.19592 -0.02887 0.00000
v 0.19609 -0.01955 0.00000
v 0.19846 0.00007 0.00000
v 0.19943 0.01363 0.00000
v 0.19996 0.03378 0.00000
v 0.19546 0.04486 0.00000
v 0.20679 0.00111 0.00000
v 0.21019 0.01192 0.00000
v 0.20637 0.02399 0.00000
v 0.20864 0.03462 0.00000
v 0.20666 0.04251 0.00000
v 0.21685 -0.01519 0.00000
v 0.21556 0.00273 0.00000
v 0.21797 0.01249 0.00000
v 0.21599 0.02100 0.00000
v 0.21598 0.03133 0.00000
v 0.21530 0.04027 0.00000
v 0.14832 0.06689 0.00000
v 0.14797 0.08055 0.00000
v 0.14890 0.09094 0.00000
v 0.14945 0.10439 0.00000
v 0.15634 0.06408 0.00000
v 0.15460 0.07852 0.00000
v 0.15608 0.08937 0.00000
v 0.15492 0.09991 0.00000
v 0.15566 0.10823 0.00000
v 0.15577 0.12027 0.00000
v 0.16356 0.06035 0.00000
v 0.16507 0.08201 0.00000
v 0.16602 0.09403 0.00000
v 0.16441 0.10938 0.00000
v 0.17362 0.06780 0.00000
v 0.17639 0.08001 0.00000
v 0.17649 0.08996 0.00000
v 0.17504 0.10002 0.00000
v 0.17456 0.10865 0.00000
v 0.17272 0.11559 0.00000
v 0.18540 0.05349 0.00000
v 0.18930 0.06320 0.00000
v 0.18486 0.07322 0.00000
v 0.18615 0.08380 0.00000
v 0.18749 0.09153 0.00000
v 0.18534 0.09871 0.00000
v 0.18453 0.10723 0.00000
v 0.19714 0.05606 0.00000
v 0.19875 0.06406 0.00000
v 0.19664 0.07115 0.00000
v 0.19593 0.07984 0.00000
v 0.19519 0.08789 0.00000
v 0.20618 0.05205 0.00000
v 0.20561 0.06078 0.00000
v 0.22587 -0.01732 0.00000
v 0.22378 -0.00371 0.00000
v 0.22456 0.00946 0.00000
v 0.23225 -0.02040 0.00000
v 0.13216 0.00887 0.05956
v 0.13401 0.00341 0.06268
v 0.13109 0.01170 0.05278
v 0.13281 0.01294 0.06987
v 0.13392 0.01420 0.07761
v 0.12964 0.02093 0.04316
v 0.13020 0.01779 0.05129
v 0.13025 0.01965 0.06093
v 0.13078 0.02074 0.07061
v 0.13139 0.02206 0.08042
v 0.12810 0.03238 0.04532
v 0.12814 0.02774 0.05313
v 0.12837 0.02929 0.06153
v 0.12838 0.02942 0.07092
v 0.12750 0.03257 0.08125
v 0.12831 0.04126 0.03722
v 0.12697 0.04581 0.04244
v 0.12668 0.03669 0.05216
v 0.12586 0.03841 0.06132
v 0.12611 0.03828 0.07065
v 0.13631 -0.02715 0.00000
v 0.13148 -0.02968 0.00000
v 0.13306 -0.02463 0.03371
v 0.13523 -0.02261 0.04251
v 0.13748 -0.02310 0.05243
v 0.14155 -0.02399 0.06166
v 0.14625 -0.01721 0.07332
v 0.13665 -0.01313 0.00000
v 0.13112 -0.02021 0.00000
v 0.13259 -0.01566 0.03342
v 0.13433 -0.01514 0.04398
v 0.13550 -0.01279 0.05351
v 0.13849 -0.01459 0.06182
v 0.14208 -0.01390 0.06955
v 0.13202 -0.00747 0.00000
v 0.13209 -0.00652 0.03326
v 0.13324 -0.00611 0.04387
v 0.13339 -0.00201 0.05312
v 0.13602 -0.00754 0.06055
v 0.13809 -0.00564 0.06775
v 0.14159 -0.00323 0.07722
v 0.13672 0.00106 0.00000
v 0.13167 0.00277 0.03316
v 0.13232 0.00370 0.04416
v 0.13611 0.00353 0.07109
v 0.13701 0.00969 0.08159
v 0.13613 0.02031 0.00000
v 0.13141 0.02116 0.00000
v 0.13163 0.01223 0.03308
v 0.13097 0.01351 0.04236
v 0.13116 0.02228 0.03381
v 0.13663 0.03331 0.00000
v 0.13133 0.03281 0.00000
v 0.12690 0.04243 0.00000
v 0.12899 0.02770 0.03983
v 0.13664 0.04832 0.00000
v 0.13041 0.04341 0.00000
v 0.13436 0.01776 0.08588
v 0.13322 0.02378 0.09501
v 0.12989 0.02826 0.08968
v 0.12561 0.03819 0.08741
v 0.14538 -0.00159 0.08492
v 0.14685 0.00217 0.09076
v 0.14127 0.00599 0.08670
v 0.14438 0.00783 0.09443
v 0.13670 0.01587 0.09018
v 0.14036 0.01354 0.09552
v 0.12735 0.05075 0.03680
v 0.12562 0.04713 0.05059
v 0.12432 0.04798 0.06106
v 0.12360 0.04710 0.06991
v 0.12324 0.04623 0.07855
v 0.12660 0.05825 0.03426
v 0.12609 0.05520 0.04292
v 0.12518 0.05769 0.05176
v 0.12449 0.05756 0.06080
v 0.12299 0.05667 0.06934
v 0.12154 0.05738 0.07950
v 0.12465 0.07341 0.00000
v 0.12568 0.06686 0.03241
v 0.12575 0.06543 0.04154
v 0.12551 0.06702 0.05173
v 0.12518 0.06786 0.06166
v 0.12187 0.06860 0.07891
v 0.12300 0.08232 0.00000
v 0.12516 0.07428 0.03387
v 0.12487 0.08251 0.03672
v 0.12633 0.07971 0.05580
v 0.12600 0.07866 0.06359
v 0.12478 0.07635 0.06990
v 0.12631 0.08927 0.04939
v 0.12622 0.08611 0.05359
v 0.12504 0.08529 0.07852
v 0.12263 0.09897 0.00000
v 0.12418 0.09526 0.03280
v 0.12580 0.09484 0.04281
v 0.12714 0.09358 0.06127
v 0.12745 0.09304 0.07115
v 0.12777 0.09715 0.08410
v 0.12491 0.10500 0.02950
v 0.12686 0.10875 0.04144
v 0.12743 0.10241 0.05425
v 0.12891 0.10225 0.07307
v 0.12394 0.11381 0.00000
v 0.13007 0.05372 0.00000
v 0.12616 0.05096 0.00000
v 0.13554 0.06116 0.00000
v 0.12869 0.06221 0.00000
v 0.12607 0.05946 0.00000
v 0.13302 0.07069 0.00000
v 0.12733 0.06927 0.00000
v 0.13280 0.08128 0.00000
v 0.12606 0.07790 0.00000
v 0.13241 0.09093 0.00000
v 0.12564 0.08861 0.00000
v 0.13210 0.09867 0.00000
v 0.12693 0.09855 0.00000
v 0.13363 0.10806 0.00000
v 0.12511 0.10981 0.00000
v 0.12746 0.10843 0.04894
v 0.12895 0.10861 0.05902
v 0.12989 0.10638 0.07564
v 0.13210 0.12050 0.00000
v 0.12749 0.11947 0.00000
v 0.12838 0.11770 0.03429
v 0.12910 0.11417 0.04460
v 0.13000 0.11603 0.05309
v 0.13015 0.11322 0.06088
v 0.13150 0.11450 0.06899
v 0.13323 0.11456 0.08006
v 0.12185 0.04864 0.08797
v 0.11892 0.05708 0.08883
v 0.11946 0.06743 0.08751
v 0.12219 0.07757 0.08537
v 0.12115 0.07663 0.09649
v 0.13039 0.10803 0.08785
v 0.13438 0.11622 0.08969
v 0.13376 0.11485 0.09640
v 0.13842 0.12864 0.00000
v 0.13217 0.12938 0.00000
v 0.13283 0.12687 0.03315
v 0.13309 0.12421 0.04313
v 0.13727 0.12614 0.05424
v 0.13553 0.12163 0.06349
v 0.13664 0.12191 0.07399
v 0.13727 0.12204 0.08028
v 0.13721 0.12233 0.08638
v 0.14223 -0.02063 0.00000
v 0.14764 -0.02505 0.06975
v 0.15021 -0.02174 0.07486
v 0.14826 -0.00978 0.08161
v 0.14221 -0.00200 0.00000
v 0.14174 0.01253 0.00000
v 0.14167 0.02830 0.00000
v 0.14248 0.04633 0.00000
v 0.15064 -0.02889 0.00000
v 0.14674 -0.00663 0.00000
v 0.18047 -0.02240 0.07454
v 0.18289 -0.01271 0.07808
v 0.18881 -0.01947 0.07171
v 0.19219 -0.01394 0.07204
v 0.19008 -0.00278 0.07857
v 0.20029 -0.02337 0.06371
v 0.19606 -0.00934 0.07133
v 0.20147 -0.00326 0.06895
v 0.19504 0.00082 0.07612
v 0.19687 0.00657 0.07676
v 0.20197 0.01027 0.07259
v 0.20474 0.03165 0.07126
v 0.20145 0.03003 0.07743
v 0.21383 0.04870 0.00000
v 0.20867 0.04198 0.05532
v 0.20812 0.03868 0.05990
v 0.20474 0.03856 0.06949
v 0.20094 0.03882 0.07750
v 0.20234 -0.01687 0.06436
v 0.21067 -0.01430 0.05866
v 0.20553 -0.01120 0.06345
v 0.20774 -0.00461 0.06281
v 0.21077 0.00403 0.06085
v 0.20504 0.00397 0.06737
v 0.22391 0.01848 0.00000
v 0.21490 0.01496 0.05416
v 0.21299 0.01124 0.05779
v 0.20703 0.01349 0.06644
v 0.20264 0.01967 0.07439
v 0.22442 0.02813 0.00000
v 0.21605 0.02257 0.04926
v 0.21049 0.02141 0.06006
v 0.20614 0.02276 0.06855
v 0.20395 0.02336 0.07302
v 0.22347 0.03679 0.00000
v 0.22360 0.03878 0.02431
v 0.21961 0.03453 0.03644
v 0.21683 0.03044 0.04325
v 0.21213 0.03106 0.05326
v 0.20840 0.02992 0.06276
v 0.22126 0.04483 0.00000
v 0.22030 0.04619 0.02356
v 0.21697 0.04366 0.03446
v 0.21314 0.03893 0.04545
v 0.15244 -0.01785 0.07999
v 0.15013 -0.00582 0.08698
v 0.15188 -0.00035 0.09271
v 0.15816 -0.01856 0.08178
v 0.15846 -0.01305 0.08529
v 0.15455 -0.01114 0.08604
v 0.15869 -0.00196 0.09297
v 0.16554 -0.02016 0.08100
v 0.16378 -0.01265 0.08549
v 0.16837 -0.01284 0.08470
v 0.16676 -0.00171 0.09236
v 0.16206 0.00335 0.09686
v 0.16833 0.00394 0.09572
v 0.17211 -0.01816 0.08016
v 0.17095 -0.00667 0.08802
v 0.17699 -0.00313 0.08733
v 0.17241 0.00320 0.09354
v 0.17589 -0.01565 0.08004
v 0.18133 0.00593 0.08996
v 0.18896 0.03237 0.09527
v 0.18475 -0.00639 0.08049
v 0.18685 0.00798 0.08682
v 0.18728 0.01616 0.09045
v 0.19088 0.02232 0.08912
v 0.19314 0.03110 0.08920
v 0.19312 0.04026 0.09191
v 0.19529 0.02085 0.08407
v 0.19744 0.02961 0.08315
v 0.19684 0.04084 0.08540
v 0.14224 0.06768 0.00000
v 0.14157 0.07989 0.00000
v 0.14134 0.08890 0.00000
v 0.14030 0.09896 0.00000
v 0.14389 0.10922 0.00000
v 0.14377 0.12040 0.00000
v 0.15114 0.11293 0.00000
v 0.16652 0.12299 0.00000
v 0.17541 0.11697 0.06560
v 0.17085 0.11618 0.07838
v 0.18267 0.11425 0.00000
v 0.18176 0.10867 0.06637
v 0.17928 0.10965 0.07265
v 0.17975 0.10640 0.08082
v 0.18047 0.12200 0.00000
v 0.18551 0.12687 0.00000
v 0.18470 0.12005 0.03986
v 0.18104 0.11841 0.05063
v 0.19396 0.08140 0.07801
v 0.19428 0.09572 0.00000
v 0.19290 0.08651 0.06690
v 0.19157 0.08906 0.07321
v 0.19342 0.10398 0.00000
v 0.19450 0.10053 0.04239
v 0.19274 0.09390 0.05367
v 0.18941 0.09652 0.06337
v 0.18872 0.09624 0.07122
v 0.18916 0.09574 0.08034
v 0.19187 0.11151 0.00000
v 0.19531 0.11180 0.02514
v 0.19306 0.10785 0.03779
v 0.18811 0.10532 0.05293
v 0.18653 0.10340 0.06142
v 0.18443 0.10302 0.07056
v 0.18466 0.10116 0.07782
v 0.19028 0.11941 0.00000
v 0.18652 0.12451 0.02665
v 0.18984 0.11622 0.03468
v 0.18728 0.11236 0.04618
v 0.18402 0.11059 0.05635
v 0.20456 0.06858 0.00000
v 0.19846 0.06212 0.07248
v 0.19723 0.05854 0.08018
v 0.20357 0.07620 0.00000
v 0.19622 0.08400 0.05441
v 0.19895 0.06893 0.06273
v 0.19599 0.06824 0.07937
v 0.20367 0.08416 0.00000
v 0.20554 0.08505 0.02391
v 0.20418 0.07846 0.03571
v 0.19561 0.08090 0.06161
v 0.19583 0.07470 0.07165
v 0.19443 0.07403 0.08469
v 0.20215 0.09164 0.00000
v 0.20340 0.09236 0.02340
v 0.20107 0.08966 0.03505
v 0.19846 0.08486 0.04629
v 0.20028 0.09943 0.00000
v 0.20012 0.09996 0.02733
v 0.19702 0.10345 0.03351
v 0.19266 0.09096 0.05871
v 0.19855 0.10700 0.00000
v 0.21252 0.05704 0.00000
v 0.21327 0.05073 0.03591
v 0.20880 0.04914 0.04780
v 0.20218 0.04886 0.07051
v 0.19890 0.04750 0.08043
v 0.21155 0.06475 0.00000
v 0.21221 0.06421 0.02514
v 0.21094 0.05985 0.03343
v 0.20469 0.06524 0.04404
v 0.20293 0.06215 0.05443
v 0.20002 0.06140 0.06681
v 0.20977 0.07234 0.00000
v 0.20898 0.07315 0.02582
v 0.20631 0.06857 0.03774
v 0.20782 0.07976 0.00000
v 0.20666 0.07886 0.02766
v 0.21862 0.05279 0.00000
v 0.21658 0.05246 0.02676
v 0.21665 0.06007 0.00000
v 0.14174 0.12214 0.09405
v 0.16466 0.11840 0.08795
v 0.17496 0.10840 0.09044
v 0.17055 0.11258 0.08977
v 0.19368 0.07954 0.09171
v 0.19124 0.08910 0.08825
v 0.18728 0.09773 0.08896
v 0.18361 0.10221 0.08559
v 0.19502 0.04947 0.08972
v 0.19614 0.05516 0.08554
v 0.19457 0.06538 0.08961
v 0.14582 0.13161 0.00000
v 0.14255 0.13556 0.00000
v 0.14089 0.13243 0.03337
v 0.14138 0.13122 0.04637
v 0.14621 0.13201 0.05482
v 0.14777 0.13027 0.06325
v 0.14646 0.12766 0.07266
v 0.14628 0.12568 0.08184
v 0.14963 0.13958 0.00000
v 0.15010 0.13627 0.03523
v 0.14791 0.13394 0.04226
v 0.15110 0.13384 0.05008
v 0.15550 0.13071 0.00000
v 0.15595 0.13805 0.00000
v 0.15681 0.13372 0.05696
v 0.16255 0.12848 0.06469
v 0.15913 0.12687 0.07268
v 0.15840 0.12460 0.08075
v 0.15614 0.14009 0.00000
v 0.15779 0.13721 0.03318
v 0.15615 0.13512 0.04412
v 0.15889 0.13439 0.05154
v 0.16540 0.13416 0.00000
v 0.17062 0.13755 0.00000
v 0.17481 0.13235 0.03416
v 0.17230 0.12991 0.04596
v 0.17003 0.12763 0.05689
v 0.17021 0.12350 0.06400
v 0.16779 0.12168 0.07203
v 0.16483 0.12141 0.07927
v 0.16384 0.14051 0.00000
v 0.16709 0.13498 0.03646
v 0.16450 0.13387 0.04261
v 0.16438 0.13242 0.05026
v 0.17622 0.13165 0.00000
v 0.18133 0.12948 0.02692
v 0.17930 0.12493 0.04240
v 0.17674 0.12241 0.05332
v 0.18596 0.12298 0.03190
v 0.15132 0.12632 0.09143
v 0.15103 0.12535 0.09593
v 0.15810 0.12273 0.08831
v 0.15602 0.12219 0.09511
v 0.22090 -0.02380 0.04982
v 0.23164 -0.01022 0.00000
v 0.22389 -0.01368 0.04785
v 0.21785 -0.01490 0.05307
v 0.22428 -0.00473 0.04639
v 0.21437 -0.00439 0.05641
v 0.23206 0.00413 0.00000
v 0.22881 0.01419 0.03422
v 0.22707 0.00722 0.03918
v 0.22680 0.00077 0.04173
v 0.21862 0.00346 0.05129
v 0.23284 0.01662 0.00000
v 0.23340 0.01528 0.02608
v 0.22118 0.01324 0.04468
v 0.22962 0.02466 0.00000
v 0.22953 0.02466 0.02584
v 0.22327 0.02233 0.03783
v 0.22954 0.03243 0.00000
v 0.22554 0.03245 0.02791
v 0.24214 -0.02477 0.00000
v 0.24050 -0.02081 0.03219
v 0.23386 -0.02564 0.03857
v 0.22783 -0.02251 0.04387
v 0.24246 -0.01262 0.00000
v 0.24299 -0.01388 0.02664
v 0.23428 -0.01373 0.03771
v 0.22773 -0.01264 0.04401
v 0.23870 -0.00307 0.00000
v 0.23898 -0.00314 0.02747
v 0.23188 0.00225 0.03509
v 0.22853 -0.00685 0.04212
v 0.24002 0.00563 0.00000
v 0.23536 0.00557 0.02817
v 0.23777 0.01181 0.00000
v 0.23554 0.01037 0.02524
v 0.24903 -0.02273 0.00000
v 0.24569 -0.02524 0.02627
v 0.24774 -0.01751 0.00000
v 0.24512 -0.01894 0.02466
v 0.13271 0.02531 0.09700
v 0.13497 0.02208 0.09700
v 0.17103 0.00739 0.09700
v 0.17946 0.01549 0.09700
v 0.13041 0.02951 0.09700
v 0.14072 0.01401 0.09700
v 0.13912 0.01600 0.09700
v 0.12444 0.08667 0.09700
v 0.15356 0.00381 0.09700
v 0.15779 0.00300 0.09700
v 0.16714 0.00509 0.09700
v 0.16095 0.11863 0.09700
v 0.19331 0.07644 0.09700
v 0.17612 0.01188 0.09700
v 0.18054 0.01720 0.09700
v 0.15713 0.12105 0.09700
v 0.13699 0.01893 0.09700
v 0.18897 0.03599 0.09700
v 0.18482 0.02505 0.09700
v 0.19055 0.04165 0.09700
v 0.13578 0.11623 0.09700
v 0.14343 0.12234 0.09700
v 0.17337 0.10838 0.09700
v 0.19327 0.06665 0.09700
v 0.12691 0.03663 0.09700
v 0.12215 0.04597 0.09700
v 0.12204 0.07942 0.09700
v 0.12760 0.09783 0.09700
v 0.19235 0.08657 0.09700
v 0.14934 0.12456 0.09700
v 0.14491 0.00919 0.09700
v 0.12954 0.10610 0.09700
v 0.18771 0.03216 0.09700
v 0.18828 0.03361 0.09700
v 0.19196 0.05019 0.09700
v 0.11933 0.06724 0.09700
v 0.13222 0.11164 0.09700
v 0.18056 0.10273 0.09700
v 0.12777 0.03456 0.09700
v 0.14190 0.01283 0.09700
v 0.13345 0.02420 0.09700
v 0.11947 0.05508 0.09700
v 0.11908 0.06214 0.09700
v 0.15124 0.00495 0.09700
v 0.14834 0.00630 0.09700
v 0.16900 0.00619 0.09700
v 0.18409 0.02303 0.09700
v 0.16885 0.11207 0.09700
v 0.16746 0.11333 0.09700
v 0.17634 0.10611 0.09700
v 0.19308 0.08346 0.09700
v 0.18779 0.09574 0.09700
v 0.18221 0.10138 0.09700
v 0.19155 0.04631 0.09700
v 0.19273 0.05761 0.09700
v 0.19339 0.07477 0.09700
v 0.15153 0.12233 0.09700
v -0.23788 -0.06856 0.00000
v -0.24147 -0.06367 0.00000
v -0.22824 -0.07809 0.00000
v -0.23027 -0.07182 0.00000
v -0.23705 -0.06707 0.00000
v -0.23443 -0.05703 0.00000
v -0.23235 -0.04591 0.00000
v -0.23143 -0.03177 0.00000
v -0.22353 -0.07848 0.00000
v -0.22236 -0.07428 0.00000
v -0.22516 -0.06505 0.00000
v -0.22426 -0.05349 0.00000
v -0.22473 -0.04177 0.00000
v -0.21832 -0.07975 0.00000
v -0.21399 -0.07605 0.00000
v -0.21387 -0.06701 0.00000
v -0.21499 -0.05647 0.00000
v -0.21464 -0.04248 0.00000
v -0.20536 -0.07699 0.00000
v -0.20451 -0.05925 0.00000
v -0.19938 -0.07006 0.00000
v -0.19039 -0.05472 0.00000
v -0.19650 -0.04471 0.00000
v -0.18935 -0.06598 0.00000
v -0.18628 -0.03818 0.00000
v -0.17580 -0.05045 0.00000
v -0.17004 -0.03781 0.00000
v -0.16994 -0.04433 0.00000
v -0.22653 -0.11012 0.00000
v -0.22625 -0.10605 0.02576
v -0.24370 -0.08297 0.02107
v -0.23970 -0.07902 0.02755
v -0.24941 -0.07413 0.00000
v -0.24521 -0.07235 0.02732
v -0.24709 -0.06277 0.00000
v -0.24709 -0.06128 0.02659
v -0.24827 -0.05606 0.00000
v -0.24605 -0.05281 0.02843
v -0.25029 -0.04495 0.00000
v -0.24550 -0.04119 0.02951
v -0.25035 -0.03368 0.00000
v -0.24589 -0.03085 0.02805
v -0.23188 -0.09786 0.02529
v -0.23885 -0.08993 0.00000
v -0.23194 -0.09022 0.02843
v -0.23583 -0.08631 0.00000
v -0.23611 -0.08192 0.02740
v -0.23551 -0.07904 0.00000
v -0.23590 -0.07419 0.03206
v -0.22998 -0.06752 0.03602
v -0.24145 -0.06121 0.00000
v -0.23832 -0.06300 0.03303
v -0.23121 -0.05911 0.03719
v -0.24169 -0.05503 0.00000
v -0.23759 -0.05123 0.03479
v -0.22887 -0.04874 0.04006
v -0.24212 -0.04838 0.00000
v -0.23830 -0.04142 0.03597
v -0.23022 -0.04269 0.04026
v -0.24026 -0.03519 0.00000
v -0.24134 -0.03266 0.03487
v -0.23552 -0.02707 0.03878
v -0.22535 -0.03294 0.04550
v -0.22955 -0.10291 0.00000
v -0.22575 -0.09846 0.02768
v -0.22123 -0.09710 0.00000
v -0.22575 -0.09108 0.03122
v -0.22028 -0.08523 0.03521
v -0.22246 -0.08365 0.00000
v -0.22924 -0.08338 0.03417
v -0.22147 -0.07761 0.03670
v -0.22931 -0.07537 0.03477
v -0.22273 -0.07029 0.03820
v -0.22454 -0.06273 0.03973
v -0.21920 -0.05808 0.04266
v -0.22574 -0.05526 0.04034
v -0.21854 -0.04851 0.04581
v -0.22145 -0.04243 0.04600
v -0.21692 -0.02843 0.05283
v -0.21204 -0.11846 0.00000
v -0.21489 -0.11586 0.02323
v -0.21609 -0.11806 0.00000
v -0.21482 -0.10975 0.03205
v -0.20920 -0.10322 0.03504
v -0.20039 -0.13093 0.00000
v -0.20115 -0.13003 0.02322
v -0.20859 -0.12774 0.00000
v -0.20657 -0.11974 0.03242
v -0.20076 -0.11243 0.03555
v -0.20630 -0.11280 0.00000
v -0.20810 -0.11068 0.03283
v -0.20227 -0.10457 0.03625
v -0.19514 -0.13155 0.00000
v -0.19374 -0.12981 0.02527
v -0.19348 -0.12087 0.03486
v -0.19718 -0.12318 0.00000
v -0.19813 -0.12282 0.03364
v -0.19447 -0.11098 0.00000
v -0.19537 -0.10633 0.03759
v -0.19060 -0.10109 0.03996
v -0.18893 -0.13071 0.00000
v -0.19114 -0.13215 0.02717
v -0.18772 -0.11992 0.03839
v -0.18896 -0.12141 0.00000
v -0.18710 -0.11457 0.03835
v -0.18136 -0.10898 0.04130
v -0.18457 -0.10930 0.00000
v -0.18876 -0.10804 0.03923
v -0.18434 -0.10224 0.04223
v -0.17598 -0.13722 0.00000
v -0.17274 -0.13801 0.02832
v -0.18090 -0.12779 0.04035
v -0.17698 -0.12100 0.00000
v -0.17638 -0.11455 0.04134
v -0.17513 -0.10569 0.04295
v -0.17489 -0.10812 0.00000
v -0.16305 -0.13188 0.00000
v -0.16162 -0.13445 0.02397
v -0.16598 -0.12351 0.03900
v -0.16224 -0.12399 0.00000
v -0.15763 -0.12138 0.03233
v -0.16425 -0.10849 0.03936
v -0.17004 -0.10831 0.04179
v -0.16321 -0.11203 0.00000
v -0.16291 -0.10738 0.04039
v -0.16701 -0.10431 0.04324
v -0.15573 -0.12907 0.00000
v -0.15471 -0.12819 0.02153
v -0.15228 -0.12490 0.00000
v -0.15141 -0.11862 0.02871
v -0.15696 -0.11280 0.03522
v -0.14591 -0.11394 0.00000
v -0.14944 -0.10971 0.03049
v -0.15493 -0.10616 0.03725
v -0.14652 -0.10387 0.00000
v -0.14486 -0.10477 0.02235
v -0.21650 -0.10290 0.00000
v -0.21831 -0.10150 0.03303
v -0.21134 -0.09558 0.03705
v -0.21281 -0.09108 0.00000
v -0.21950 -0.09303 0.03390
v -0.21410 -0.08780 0.03854
v -0.20799 -0.08265 0.04091
v -0.21428 -0.08390 0.00000
v -0.21489 -0.08017 0.03892
v -0.20971 -0.07526 0.04221
v -0.21714 -0.06895 0.04061
v -0.21168 -0.06522 0.04416
v -0.20714 -0.05478 0.04970
v -0.21298 -0.05191 0.04771
v -0.20537 -0.03927 0.05652
v -0.21221 -0.03290 0.05471
v -0.20366 -0.10116 0.00000
v -0.20329 -0.09586 0.03819
v -0.19471 -0.08327 0.04366
v -0.20144 -0.09186 0.00000
v -0.20294 -0.07860 0.04340
v -0.20619 -0.08463 0.00000
v -0.20022 -0.06750 0.04773
v -0.20544 -0.06681 0.04633
v -0.20119 -0.05732 0.05133
v -0.19660 -0.04424 0.05914
v -0.19372 -0.02614 0.06691
v -0.19291 -0.10029 0.00000
v -0.19501 -0.09817 0.03930
v -0.19308 -0.09155 0.00000
v -0.19516 -0.08351 0.00000
v -0.19081 -0.07147 0.04872
v -0.19462 -0.07461 0.00000
v -0.18846 -0.06171 0.05366
v -0.19592 -0.06058 0.05178
v -0.19449 -0.05058 0.05729
v -0.18612 -0.04448 0.06345
v -0.18529 -0.02987 0.06937
v -0.18502 -0.02251 0.07234
v -0.18373 -0.10009 0.00000
v -0.18541 -0.09611 0.04286
v -0.17967 -0.09143 0.04630
v -0.18522 -0.09318 0.00000
v -0.18831 -0.08662 0.04461
v -0.18530 -0.08479 0.00000
v -0.18271 -0.07338 0.05120
v -0.18708 -0.07550 0.00000
v -0.18642 -0.06975 0.05090
v -0.17646 -0.06383 0.05750
v -0.18219 -0.06433 0.00000
v -0.17664 -0.05141 0.06375
v -0.17625 -0.10059 0.00000
v -0.17693 -0.09824 0.04491
v -0.17207 -0.09454 0.04928
v -0.17611 -0.09293 0.00000
v -0.17367 -0.08668 0.05056
v -0.17153 -0.08068 0.05391
v -0.17605 -0.08467 0.00000
v -0.17390 -0.06911 0.05630
v -0.17676 -0.07381 0.00000
v -0.17096 -0.06142 0.06053
v -0.17594 -0.05959 0.00000
v -0.16760 -0.04466 0.06919
v -0.17873 -0.03904 0.06815
v -0.17403 -0.03289 0.07200
v -0.16615 -0.10035 0.00000
v -0.16712 -0.09835 0.04630
v -0.16797 -0.09172 0.05008
v -0.16653 -0.09242 0.00000
v -0.16659 -0.08583 0.05307
v -0.16723 -0.08144 0.05510
v -0.16623 -0.08458 0.00000
v -0.16333 -0.08100 0.05540
v -0.16593 -0.06875 0.05864
v -0.16576 -0.05965 0.06212
v -0.16717 -0.06489 0.00000
v -0.16560 -0.05197 0.00000
v -0.16728 -0.05071 0.06604
v -0.16666 -0.03928 0.07126
v -0.16200 -0.04070 0.00000
v -0.16831 -0.03132 0.07424
v -0.15322 -0.10101 0.00000
v -0.14795 -0.10281 0.03152
v -0.15244 -0.09976 0.03984
v -0.15785 -0.09555 0.04431
v -0.16388 -0.09168 0.05112
v -0.15706 -0.09364 0.00000
v -0.15020 -0.09218 0.04034
v -0.15290 -0.08437 0.04734
v -0.16006 -0.08511 0.05176
v -0.15594 -0.08681 0.00000
v -0.15745 -0.07841 0.05404
v -0.15823 -0.06702 0.05921
v -0.15507 -0.07825 0.00000
v -0.15500 -0.07128 0.05617
v -0.16138 -0.06210 0.06123
v -0.15335 -0.06701 0.00000
v -0.15600 -0.06025 0.06083
v -0.16030 -0.05608 0.06327
v -0.15671 -0.05534 0.00000
v -0.15469 -0.05397 0.06205
v -0.15927 -0.04965 0.06541
v -0.16343 -0.04467 0.06891
v -0.15461 -0.04466 0.00000
v -0.15736 -0.04264 0.06759
v -0.16111 -0.03875 0.07110
v -0.15277 -0.03550 0.00000
v -0.16133 -0.03136 0.07455
v -0.14376 -0.09920 0.00000
v -0.14494 -0.09927 0.02598
v -0.14638 -0.09144 0.03459
v -0.14637 -0.09196 0.00000
v -0.14362 -0.09162 0.02693
v -0.14821 -0.08526 0.04294
v -0.14492 -0.08473 0.00000
v -0.13957 -0.08230 0.02429
v -0.14348 -0.08118 0.03730
v -0.14825 -0.07837 0.04609
v -0.15153 -0.07469 0.05145
v -0.13877 -0.07605 0.00000
v -0.13517 -0.06810 0.02475
v -0.13913 -0.07284 0.03370
v -0.14290 -0.07005 0.04641
v -0.15044 -0.06794 0.05362
v -0.15275 -0.06136 0.05852
v -0.13743 -0.06567 0.00000
v -0.13761 -0.06359 0.03708
v -0.14019 -0.06091 0.04629
v -0.14752 -0.05954 0.05350
v -0.14189 -0.05579 0.00000
v -0.14210 -0.05408 0.04861
v -0.14542 -0.04902 0.05468
v -0.14939 -0.05103 0.05881
v -0.15306 -0.04682 0.06336
v -0.14431 -0.04532 0.00000
v -0.14684 -0.03866 0.06160
v -0.15000 -0.03464 0.06640
v -0.15561 -0.03546 0.07000
v -0.14426 -0.03631 0.00000
v -0.15364 -0.02845 0.07262
v -0.17347 -0.02394 0.07632
v -0.16213 -0.02424 0.07875
v -0.15709 -0.02411 0.07757
v -0.13397 -0.06109 0.00000
v -0.13447 -0.06099 0.02768
v -0.13548 -0.05740 0.03432
v -0.13814 -0.05573 0.04127
v -0.13382 -0.05353 0.00000
v -0.13367 -0.05501 0.02597
v -0.14208 -0.04574 0.05095
v -0.13482 -0.04541 0.00000
v -0.13288 -0.04677 0.02579
v -0.13490 -0.04181 0.03676
v -0.13903 -0.04169 0.04691
v -0.14400 -0.03675 0.05866
v -0.13600 -0.03616 0.00000
v -0.13083 -0.03906 0.00000
v -0.13272 -0.03256 0.03325
v -0.13648 -0.03201 0.04360
v -0.14052 -0.03378 0.05386
v -0.14506 -0.02517 0.06616
v -0.22334 -0.01273 0.00000
v -0.22411 -0.00100 0.00000
v -0.21711 -0.02376 0.00000
v -0.21666 0.00003 0.00000
v -0.21741 0.01207 0.00000
v -0.21467 0.02090 0.00000
v -0.21581 0.03034 0.00000
v -0.20841 -0.01458 0.00000
v -0.20924 0.00239 0.00000
v -0.20812 0.01987 0.00000
v -0.20916 0.03442 0.00000
v -0.20746 0.04379 0.00000
v -0.19386 -0.02401 0.00000
v -0.19942 -0.00235 0.00000
v -0.20010 0.01347 0.00000
v -0.20051 0.03375 0.00000
v -0.19713 0.04388 0.00000
v -0.18635 -0.02846 0.00000
v -0.18823 -0.01759 0.00000
v -0.18905 0.00017 0.00000
v -0.19015 0.01255 0.00000
v -0.17759 0.03501 0.00000
v -0.18235 0.03962 0.00000
v -0.18631 0.05055 0.00000
v -0.17584 -0.03098 0.00000
v -0.17536 -0.01382 0.00000
v -0.17613 -0.00065 0.00000
v -0.17538 0.02758 0.00000
v -0.16583 -0.02698 0.00000
v -0.16326 -0.01871 0.00000
v -0.16300 -0.00278 0.00000
v -0.16190 0.02410 0.00000
v -0.16287 0.03863 0.00000
v -0.15762 -0.02409 0.00000
v -0.15592 -0.00944 0.00000
v -0.15352 0.01085 0.00000
v -0.15322 0.02991 0.00000
v -0.15490 0.04727 0.00000
v -0.14820 0.03344 0.00000
v -0.14903 0.05065 0.00000
v -0.20447 0.05214 0.00000
v -0.20623 0.06070 0.00000
v -0.19589 0.05453 0.00000
v -0.20017 0.06419 0.00000
v -0.19785 0.07125 0.00000
v -0.19663 0.07965 0.00000
v -0.19594 0.08794 0.00000
v -0.18978 0.06297 0.00000
v -0.18542 0.07299 0.00000
v -0.18667 0.08354 0.00000
v -0.18807 0.09133 0.00000
v -0.18583 0.09852 0.00000
v -0.18513 0.10726 0.00000
v -0.17444 0.06788 0.00000
v -0.17711 0.07983 0.00000
v -0.17700 0.08976 0.00000
v -0.17557 0.09989 0.00000
v -0.17524 0.10864 0.00000
v -0.17367 0.11583 0.00000
v -0.16433 0.06403 0.00000
v -0.16570 0.08191 0.00000
v -0.16501 0.09304 0.00000
v -0.16514 0.10878 0.00000
v -0.16648 0.11581 0.00000
v -0.14942 0.06171 0.00000
v -0.15480 0.07643 0.00000
v -0.15561 0.08787 0.00000
v -0.15619 0.09894 0.00000
v -0.15593 0.10799 0.00000
v -0.16010 0.11494 0.00000
v -0.14883 0.08080 0.00000
v -0.14959 0.09157 0.00000
v -0.14990 0.10425 0.00000
v -0.24860 -0.02440 0.00000
v -0.24702 -0.02465 0.02408
v -0.24757 -0.01815 0.00000
v -0.24639 -0.01906 0.02328
v -0.24135 -0.02344 0.00000
v -0.24230 -0.02225 0.03153
v -0.22865 -0.02235 0.04402
v -0.24250 -0.01363 0.00000
v -0.24343 -0.01402 0.02645
v -0.23523 -0.01334 0.03768
v -0.22645 -0.01352 0.04640
v -0.23999 -0.00532 0.00000
v -0.23935 -0.00356 0.02772
v -0.23211 0.00138 0.03620
v -0.22944 -0.00635 0.04203
v -0.24089 0.00345 0.00000
v -0.23528 0.00440 0.02955
v -0.22688 0.00167 0.04258
v -0.23210 -0.02185 0.00000
v -0.22066 -0.02308 0.05110
v -0.23308 -0.01362 0.00000
v -0.22022 -0.01635 0.05200
v -0.21291 -0.00851 0.05841
v -0.23092 -0.00542 0.00000
v -0.22508 -0.00457 0.04651
v -0.21652 -0.00360 0.05526
v -0.23242 0.00591 0.00000
v -0.23510 0.01079 0.02490
v -0.22897 0.00699 0.03761
v -0.21935 0.00336 0.05158
v -0.21433 0.00979 0.05737
v -0.23330 0.01606 0.00000
v -0.22649 0.01811 0.03624
v -0.22188 0.01188 0.04578
v -0.21648 0.01374 0.05353
v -0.22997 0.02382 0.00000
v -0.22931 0.02437 0.02604
v -0.21723 0.02493 0.04759
v -0.21658 0.01986 0.05122
v -0.22946 0.03176 0.00000
v -0.22378 0.03734 0.02565
v -0.22178 0.03109 0.03556
v -0.20670 -0.01970 0.06132
v -0.20794 -0.01298 0.06181
v -0.20696 -0.00018 0.06497
v -0.22476 0.00830 0.00000
v -0.21147 0.00338 0.06080
v -0.22523 0.01662 0.00000
v -0.20781 0.01194 0.06589
v -0.22284 0.02511 0.00000
v -0.21768 0.03029 0.04297
v -0.21148 0.02103 0.05997
v -0.20708 0.02294 0.06797
v -0.22393 0.03647 0.00000
v -0.21303 0.03114 0.05330
v -0.20942 0.02990 0.06263
v -0.20667 0.02937 0.06895
v -0.22068 0.04581 0.00000
v -0.22029 0.04609 0.02382
v -0.21760 0.04210 0.03556
v -0.21317 0.03956 0.04657
v -0.20984 0.04190 0.05494
v -0.20891 0.03884 0.06053
v -0.20612 0.03815 0.06840
v -0.20146 -0.02321 0.06364
v -0.19777 -0.01104 0.06977
v -0.20223 -0.00498 0.06827
v -0.19735 -0.00154 0.07358
v -0.20201 0.00589 0.07167
v -0.19618 0.00758 0.07833
v -0.20375 0.01548 0.07227
v -0.20350 0.02464 0.07442
v -0.19810 0.02339 0.08181
v -0.21572 0.03987 0.00000
v -0.21442 0.04628 0.00000
v -0.20164 0.03884 0.07769
v -0.18942 -0.01921 0.07160
v -0.19263 -0.01366 0.07203
v -0.19023 -0.00284 0.07840
v -0.19186 0.00382 0.08044
v -0.15959 -0.03216 0.00000
v -0.15171 -0.02191 0.00000
v -0.14846 -0.00490 0.00000
v -0.14736 0.01926 0.00000
v -0.14470 -0.02661 0.00000
v -0.14820 -0.02516 0.06988
v -0.15082 -0.01845 0.07688
v -0.14296 -0.01584 0.00000
v -0.14219 0.01173 0.00000
v -0.14332 0.02927 0.00000
v -0.14378 0.04362 0.00000
v -0.19282 0.02218 0.08768
v -0.19741 0.03200 0.08462
v -0.19824 0.04225 0.08474
v -0.18614 -0.00725 0.07889
v -0.19123 0.03180 0.09325
v -0.19480 0.03769 0.09000
v -0.18158 -0.01510 0.07739
v -0.17874 -0.00909 0.08218
v -0.17978 -0.00094 0.08649
v -0.18248 0.00507 0.08832
v -0.18308 0.01373 0.09298
v -0.17290 -0.01757 0.07980
v -0.17489 -0.01089 0.08306
v -0.17138 -0.00619 0.08764
v -0.17317 -0.00019 0.09081
v -0.16646 -0.01931 0.08067
v -0.16450 -0.01229 0.08499
v -0.16925 -0.01226 0.08424
v -0.16733 -0.00122 0.09201
v -0.16320 0.00383 0.09648
v -0.16975 0.00454 0.09550
v -0.16017 -0.01804 0.08177
v -0.16027 -0.01259 0.08504
v -0.15618 -0.01025 0.08623
v -0.15904 -0.00154 0.09245
v -0.15470 -0.01773 0.08043
v -0.15254 -0.01137 0.08366
v -0.14995 -0.00457 0.08695
v -0.15178 -0.00010 0.09192
v -0.14860 0.00602 0.09576
v -0.21938 0.05329 0.00000
v -0.21694 0.05240 0.02650
v -0.21430 0.05020 0.03573
v -0.21690 0.05969 0.00000
v -0.21409 0.05652 0.03067
v -0.21442 0.05477 0.00000
v -0.21164 0.05409 0.03871
v -0.20737 0.05869 0.04532
v -0.20316 0.04894 0.07073
v -0.19913 0.04860 0.08245
v -0.21222 0.06457 0.00000
v -0.21280 0.06401 0.02480
v -0.20989 0.06284 0.03531
v -0.20316 0.05722 0.06391
v -0.19972 0.06215 0.07267
v -0.19842 0.05865 0.08049
v -0.21025 0.07210 0.00000
v -0.20964 0.07293 0.02552
v -0.20403 0.07375 0.04224
v -0.20173 0.06951 0.05485
v -0.19895 0.07454 0.06107
v -0.20848 0.07936 0.00000
v -0.20742 0.07849 0.02757
v -0.20583 0.07655 0.03520
v -0.20538 0.06866 0.00000
v -0.20440 0.07606 0.00000
v -0.19736 0.06755 0.07822
v -0.20486 0.08501 0.00000
v -0.20608 0.08372 0.02570
v -0.19929 0.08365 0.04891
v -0.19690 0.07464 0.07188
v -0.19556 0.07476 0.08135
v -0.20201 0.09243 0.00000
v -0.20479 0.09313 0.00000
v -0.20143 0.09066 0.03504
v -0.19537 0.08518 0.06153
v -0.19451 0.08383 0.07021
v -0.19498 0.08084 0.07769
v -0.20068 0.09963 0.00000
v -0.20015 0.10045 0.02716
v -0.19496 0.09171 0.05341
v -0.19877 0.10709 0.00000
v -0.19759 0.10336 0.03286
v -0.19506 0.09583 0.00000
v -0.19062 0.09611 0.06405
v -0.19049 0.09519 0.06985
v -0.19244 0.08804 0.07988
v -0.19407 0.10414 0.00000
v -0.19508 0.10115 0.04184
v -0.19189 0.09823 0.05484
v -0.18885 0.09697 0.07820
v -0.19277 0.11182 0.00000
v -0.19543 0.11128 0.02550
v -0.18855 0.10513 0.05540
v -0.18579 0.10215 0.07146
v -0.18490 0.10205 0.07932
v -0.19167 0.11947 0.00000
v -0.19067 0.11865 0.02690
v -0.19040 0.11400 0.03740
v -0.18591 0.11149 0.05318
v -0.18387 0.11456 0.00000
v -0.18311 0.10898 0.06605
v -0.18081 0.10929 0.07372
v -0.18089 0.10650 0.08092
v -0.18235 0.12221 0.00000
v -0.18679 0.12661 0.00000
v -0.18545 0.12230 0.03463
v -0.18363 0.11765 0.04772
v -0.17679 0.11729 0.06617
v -0.17353 0.11410 0.08043
v -0.16800 0.12321 0.00000
v -0.16950 0.12189 0.07299
v -0.15143 0.11281 0.00000
v -0.15584 0.12028 0.00000
v -0.16517 0.11841 0.09087
v -0.14320 0.05745 0.00000
v -0.14302 0.07109 0.00000
v -0.14236 0.08011 0.00000
v -0.14217 0.08927 0.00000
v -0.14113 0.09923 0.00000
v -0.14436 0.10926 0.00000
v -0.14409 0.12005 0.00000
v -0.19734 0.05509 0.08538
v -0.19559 0.04827 0.09031
v -0.19364 0.05708 0.09677
v -0.19557 0.06640 0.08854
v -0.19465 0.08101 0.08427
v -0.19457 0.07419 0.09652
v -0.19462 0.07983 0.09178
v -0.19256 0.08828 0.08924
v -0.18905 0.09633 0.08721
v -0.18464 0.10215 0.08507
v -0.18342 0.10179 0.09293
v -0.17878 0.10612 0.09078
v -0.17120 0.11282 0.09087
v -0.17769 0.13192 0.00000
v -0.18079 0.12961 0.02746
v -0.17972 0.12488 0.04267
v -0.17827 0.12233 0.05244
v -0.16747 0.13376 0.00000
v -0.17126 0.13726 0.00000
v -0.17432 0.13275 0.03402
v -0.17299 0.12994 0.04600
v -0.17241 0.12715 0.05600
v -0.16968 0.12633 0.06453
v -0.16421 0.14021 0.00000
v -0.16747 0.13490 0.03632
v -0.16501 0.13387 0.04228
v -0.16533 0.13272 0.05030
v -0.15609 0.13083 0.00000
v -0.15632 0.13792 0.00000
v -0.16373 0.13151 0.05806
v -0.15941 0.13182 0.06337
v -0.16078 0.12788 0.07270
v -0.16136 0.12438 0.08186
v -0.15649 0.14002 0.00000
v -0.15816 0.13729 0.03286
v -0.15679 0.13534 0.04322
v -0.15603 0.13469 0.05258
v -0.15525 0.13349 0.05788
v -0.14561 0.13128 0.00000
v -0.14201 0.13559 0.00000
v -0.14187 0.13338 0.03195
v -0.13955 0.13000 0.04351
v -0.14112 0.13184 0.05446
v -0.14907 0.13097 0.06415
v -0.14563 0.12851 0.07100
v -0.14858 0.12734 0.08053
v -0.14986 0.13954 0.00000
v -0.15050 0.13650 0.03503
v -0.14853 0.13401 0.04507
v -0.15878 0.12402 0.08842
v -0.15596 0.12374 0.09524
v -0.14640 0.12528 0.08982
v -0.14678 0.12444 0.09570
v -0.13657 -0.02702 0.00000
v -0.13073 -0.02916 0.00000
v -0.13232 -0.02466 0.03330
v -0.13488 -0.02281 0.04253
v -0.13734 -0.02310 0.05239
v -0.14161 -0.02401 0.06158
v -0.14632 -0.01616 0.07353
v -0.13699 -0.01786 0.00000
v -0.13187 -0.01859 0.00000
v -0.13201 -0.01559 0.03291
v -0.13393 -0.01519 0.04390
v -0.13539 -0.01275 0.05354
v -0.13830 -0.01449 0.06160
v -0.14200 -0.01381 0.06933
v -0.13153 -0.00769 0.00000
v -0.13165 -0.00638 0.03280
v -0.13309 -0.00524 0.04476
v -0.13399 -0.00558 0.05465
v -0.13588 -0.00777 0.06050
v -0.13789 -0.00591 0.06758
v -0.14156 -0.00342 0.07714
v -0.13662 0.01570 0.00000
v -0.13156 0.00238 0.00000
v -0.13119 0.00303 0.03261
v -0.13166 0.00479 0.04281
v -0.13250 0.00096 0.05193
v -0.13448 -0.00089 0.06126
v -0.13651 0.00159 0.07075
v -0.13752 0.00888 0.08208
v -0.13160 0.02027 0.00000
v -0.13113 0.01245 0.03254
v -0.13061 0.01346 0.04216
v -0.13126 0.00897 0.04986
v -0.13072 0.02227 0.03355
v -0.12933 0.02013 0.04289
v -0.13787 0.03245 0.00000
v -0.13170 0.03956 0.00000
v -0.12711 0.03470 0.00000
v -0.12849 0.02925 0.04044
v -0.13720 0.04765 0.00000
v -0.12712 0.04396 0.00000
v -0.12833 0.04039 0.03667
v -0.13212 0.00704 0.05776
v -0.13412 0.00489 0.06583
v -0.13536 0.01065 0.07796
v -0.13043 0.01358 0.05514
v -0.13286 0.01344 0.07121
v -0.12825 0.02528 0.05247
v -0.13025 0.01965 0.06086
v -0.12919 0.02784 0.07184
v -0.13189 0.02107 0.07982
v -0.12645 0.03645 0.05211
v -0.12840 0.02944 0.06157
v -0.12808 0.03235 0.08082
v -0.12702 0.04554 0.04289
v -0.12618 0.03855 0.06156
v -0.12679 0.03827 0.07081
v -0.14699 -0.00609 0.08230
v -0.14599 0.00373 0.09081
v -0.14140 0.00579 0.08662
v -0.13727 0.01588 0.09102
v -0.14082 0.01342 0.09525
v -0.13499 0.01744 0.08661
v -0.13398 0.02360 0.09553
v -0.13037 0.02832 0.09001
v -0.12611 0.03836 0.08735
v -0.13005 0.05237 0.00000
v -0.12922 0.04879 0.03201
v -0.13653 0.06114 0.00000
v -0.12929 0.06268 0.00000
v -0.12571 0.06069 0.00000
v -0.13504 0.07004 0.00000
v -0.12818 0.07155 0.00000
v -0.13295 0.08012 0.00000
v -0.12660 0.07885 0.00000
v -0.12510 0.07533 0.00000
v -0.13503 0.09017 0.00000
v -0.12703 0.08818 0.00000
v -0.13155 0.09735 0.00000
v -0.12621 0.09933 0.00000
v -0.13358 0.10926 0.00000
v -0.12610 0.10891 0.00000
v -0.12723 0.10709 0.03378
v -0.12837 0.10661 0.04396
v -0.12954 0.10811 0.05346
v -0.12899 0.10112 0.05938
v -0.13061 0.10550 0.07271
v -0.13040 0.10502 0.07732
v -0.13432 0.11926 0.00000
v -0.12971 0.11970 0.00000
v -0.12882 0.11466 0.03549
v -0.13090 0.11588 0.04523
v -0.13109 0.11538 0.05474
v -0.13154 0.11316 0.06372
v -0.13273 0.11304 0.07921
v -0.12763 0.05247 0.03649
v -0.12580 0.04743 0.05061
v -0.12486 0.04803 0.06106
v -0.12468 0.04669 0.07000
v -0.12407 0.04622 0.07852
v -0.12636 0.06276 0.03595
v -0.12644 0.05582 0.04300
v -0.12601 0.06278 0.04605
v -0.12495 0.05747 0.06058
v -0.12366 0.05662 0.06931
v -0.12239 0.05748 0.07925
v -0.12596 0.06856 0.04843
v -0.12553 0.06786 0.06149
v -0.12279 0.06886 0.07845
v -0.12431 0.08332 0.00000
v -0.12612 0.07644 0.03348
v -0.12693 0.07915 0.05621
v -0.12664 0.07770 0.06197
v -0.12560 0.07659 0.06930
v -0.12409 0.07712 0.07818
v -0.12371 0.09728 0.00000
v -0.12590 0.08494 0.03582
v -0.12719 0.08801 0.04767
v -0.12738 0.08566 0.06959
v -0.12598 0.08487 0.07701
v -0.12575 0.09423 0.03358
v -0.12655 0.09948 0.03708
v -0.12883 0.09423 0.06866
v -0.12829 0.09582 0.08378
v -0.12428 0.10384 0.00000
v -0.12811 0.10038 0.04676
v -0.13065 0.10661 0.08619
v -0.13069 0.10790 0.09649
v -0.13401 0.11543 0.08961
v -0.12258 0.04750 0.08613
v -0.11998 0.05607 0.08998
v -0.12030 0.06749 0.08715
v -0.11976 0.06570 0.09597
v -0.12245 0.07635 0.08609
v -0.12178 0.07675 0.09604
v -0.12539 0.08558 0.08686
v -0.13707 0.12740 0.00000
v -0.13536 0.13168 0.00000
v -0.13234 0.12523 0.03428
v -0.13443 0.12495 0.04389
v -0.13505 0.12433 0.05114
v -0.13691 0.12369 0.06156
v -0.13594 0.12091 0.07248
v -0.13680 0.12181 0.08307
v -0.13707 0.12234 0.08891
v -0.14060 0.12212 0.09424
v -0.17273 0.00863 0.09700
v -0.15847 0.00394 0.09700
v -0.19410 0.06635 0.09700
v -0.15820 0.12181 0.09700
v -0.13244 0.11188 0.09700
v -0.12223 0.04703 0.09700
v -0.12165 0.04894 0.09700
v -0.18871 0.03242 0.09700
v -0.15433 0.00472 0.09700
v -0.19439 0.07231 0.09700
v -0.13768 0.01865 0.09700
v -0.16842 0.00590 0.09700
v -0.19283 0.04923 0.09700
v -0.19325 0.08639 0.09700
v -0.17207 0.11033 0.09700
v -0.13545 0.02213 0.09700
v -0.12732 0.03674 0.09700
v -0.12497 0.08662 0.09700
v -0.18032 0.01659 0.09700
v -0.17858 0.01471 0.09700
v -0.17612 0.10698 0.09700
v -0.13442 0.11642 0.09700
v -0.12312 0.04525 0.09700
v -0.14601 0.00908 0.09700
v -0.13414 0.02391 0.09700
v -0.11934 0.05711 0.09700
v -0.13554 0.11749 0.09700
v -0.18205 0.10221 0.09700
v -0.14645 0.12414 0.09700
v -0.11956 0.06284 0.09700
v -0.19367 0.05830 0.09700
v -0.18822 0.09611 0.09700
v -0.17970 0.10420 0.09700
v -0.13102 0.02927 0.09700
v -0.12740 0.09488 0.09700
v -0.14928 0.00687 0.09700
v -0.19443 0.07573 0.09700
v -0.16182 0.11931 0.09700
v -0.14129 0.01411 0.09700
v -0.13957 0.01609 0.09700
v -0.12311 0.08100 0.09700
v -0.18469 0.02345 0.09700
v -0.19061 0.03910 0.09700
v -0.17664 0.01221 0.09700
v -0.19111 0.04058 0.09700
v -0.19393 0.08347 0.09700
v -0.17031 0.11190 0.09700
v -0.16889 0.11321 0.09700
v -0.15274 0.12359 0.09700
v -0.14781 0.00770 0.09700
v -0.14282 0.01269 0.09700
v -0.12819 0.03461 0.09700
v -0.12162 0.07595 0.09700
v -0.12913 0.10210 0.09700
v -0.14258 0.12257 0.09700
v 0.15748 -0.03418 0.00600
v 0.16980 -0.05327 0.00600
v 0.17272 -0.04684 0.00600
v 0.16620 -0.03966 0.00600
v 0.17897 -0.05888 0.00600
v 0.19405 -0.07369 0.00600
v 0.18460 -0.03886 0.00600
v 0.19880 -0.07979 0.00600
v 0.19322 -0.05763 0.00600
v 0.19847 -0.04425 0.00600
v 0.20654 -0.08161 0.00600
v 0.20522 -0.07616 0.00600
v 0.20353 -0.06652 0.00600
v 0.21253 -0.08001 0.00600
v 0.21475 -0.07349 0.00600
v 0.20819 -0.06241 0.00600
v 0.21357 -0.05570 0.00600
v 0.21459 -0.03528 0.00600
v 0.21921 -0.07897 0.00600
v 0.22296 -0.07409 0.00600
v 0.22373 -0.06620 0.00600
v 0.22387 -0.05296 0.00600
v 0.22387 -0.02865 0.00600
v 0.23169 -0.07111 0.00600
v 0.23616 -0.06664 0.00600
v 0.23396 -0.05700 0.00600
v 0.23210 -0.04608 0.00600
v 0.23101 -0.03469 0.00600
v 0.23862 -0.06718 0.00600
v 0.24010 -0.06510 0.00600
v 0.13710 -0.05897 0.00377
v 0.14003 -0.05408 0.02476
v 0.14093 -0.05689 0.02994
v 0.13760 -0.05273 0.00468
v 0.14085 -0.05042 0.03296
v 0.14402 -0.04745 0.04075
v 0.14686 -0.04558 0.04731
v 0.13491 -0.04580 0.00600
v 0.13654 -0.04804 0.00391
v 0.14076 -0.04103 0.03508
v 0.13613 -0.03649 0.00600
v 0.13600 -0.03911 0.00406
v 0.13920 -0.03200 0.03209
v 0.14236 -0.03114 0.04163
v 0.14584 -0.03242 0.05143
v 0.14931 -0.02330 0.06270
v 0.14813 -0.09852 0.00387
v 0.15019 -0.10218 0.02133
v 0.15774 -0.12651 0.00404
v 0.15848 -0.12359 0.02509
v 0.15446 -0.12231 0.00377
v 0.15757 -0.11642 0.02693
v 0.15996 -0.11120 0.03065
v 0.15351 -0.10686 0.00487
v 0.15363 -0.10857 0.02706
v 0.15799 -0.10430 0.03289
v 0.16298 -0.09967 0.03774
v 0.16890 -0.13608 0.00372
v 0.16905 -0.13234 0.02569
v 0.16699 -0.13038 0.02852
v 0.16269 -0.13135 0.00401
v 0.16396 -0.12835 0.02642
v 0.16734 -0.12310 0.03345
v 0.16374 -0.12517 0.00600
v 0.16136 -0.11947 0.02927
v 0.16613 -0.11392 0.03361
v 0.16995 -0.10752 0.03666
v 0.16294 -0.11163 0.00600
v 0.16434 -0.10647 0.03546
v 0.16786 -0.10132 0.03938
v 0.16948 -0.09690 0.04224
v 0.17694 -0.13610 0.00417
v 0.17449 -0.13426 0.02251
v 0.17215 -0.13272 0.02897
v 0.17514 -0.13353 0.00600
v 0.17947 -0.13179 0.02840
v 0.17545 -0.12339 0.03557
v 0.17588 -0.11787 0.00600
v 0.17495 -0.11494 0.03488
v 0.17440 -0.10753 0.03662
v 0.17413 -0.10801 0.00600
v 0.17274 -0.10198 0.03866
v 0.18240 -0.13870 0.00600
v 0.18137 -0.13572 0.00371
v 0.18549 -0.13170 0.00445
v 0.18617 -0.12885 0.02448
v 0.18318 -0.12088 0.03332
v 0.18679 -0.12242 0.00600
v 0.18372 -0.11412 0.03265
v 0.18663 -0.10753 0.00600
v 0.18570 -0.10058 0.03522
v 0.19322 -0.12747 0.00436
v 0.19033 -0.12547 0.02282
v 0.18951 -0.11937 0.02936
v 0.19743 -0.12236 0.00600
v 0.19626 -0.11857 0.02937
v 0.19162 -0.11280 0.03097
v 0.19404 -0.11056 0.00600
v 0.19376 -0.10537 0.03264
v 0.19920 -0.12567 0.00413
v 0.19905 -0.12519 0.02013
v 0.20553 -0.12198 0.00359
v 0.20367 -0.11670 0.02859
v 0.19906 -0.11181 0.03043
v 0.20649 -0.11201 0.00600
v 0.20598 -0.10921 0.02776
v 0.20129 -0.10361 0.03150
v 0.20630 -0.12143 0.00504
v 0.20705 -0.11506 0.02369
v 0.21330 -0.11082 0.00430
v 0.21341 -0.10630 0.02848
v 0.20813 -0.10181 0.03071
v 0.15060 -0.09802 0.02439
v 0.15183 -0.09425 0.03009
v 0.14878 -0.09373 0.00451
v 0.14971 -0.09010 0.02569
v 0.15134 -0.08709 0.03342
v 0.15264 -0.08297 0.04019
v 0.14929 -0.08534 0.00516
v 0.14570 -0.08022 0.02349
v 0.14898 -0.07921 0.03504
v 0.15242 -0.07656 0.04287
v 0.15475 -0.06817 0.05020
v 0.14426 -0.07520 0.00435
v 0.14228 -0.07059 0.02297
v 0.14461 -0.06865 0.03323
v 0.15004 -0.06838 0.04420
v 0.15643 -0.06142 0.05471
v 0.13960 -0.06410 0.00439
v 0.14051 -0.06239 0.02562
v 0.14270 -0.06057 0.03471
v 0.14558 -0.06016 0.04339
v 0.15147 -0.05806 0.04993
v 0.15725 -0.05322 0.05734
v 0.14002 -0.05502 0.00600
v 0.14374 -0.05462 0.03850
v 0.14553 -0.05296 0.04562
v 0.14928 -0.04964 0.04989
v 0.15299 -0.04954 0.05472
v 0.15564 -0.04552 0.05871
v 0.14293 -0.04518 0.00600
v 0.14890 -0.04104 0.05296
v 0.15087 -0.03820 0.05739
v 0.15320 -0.03101 0.06301
v 0.15713 -0.02844 0.06770
v 0.14446 -0.03588 0.00600
v 0.15278 -0.10118 0.00600
v 0.15242 -0.10110 0.02815
v 0.15597 -0.09713 0.03424
v 0.16011 -0.09085 0.04115
v 0.16567 -0.08962 0.04706
v 0.15493 -0.09267 0.00600
v 0.15427 -0.08959 0.03678
v 0.16147 -0.08274 0.04737
v 0.15684 -0.08582 0.00600
v 0.15618 -0.07950 0.04528
v 0.15927 -0.07619 0.05031
v 0.15481 -0.07813 0.00600
v 0.15750 -0.06942 0.05234
v 0.15934 -0.06578 0.05508
v 0.16146 -0.06150 0.05697
v 0.15394 -0.06568 0.00600
v 0.15832 -0.05984 0.05657
v 0.16074 -0.05542 0.05832
v 0.15373 -0.05384 0.00600
v 0.15970 -0.04818 0.06021
v 0.16243 -0.04228 0.06406
v 0.15276 -0.04489 0.00600
v 0.15850 -0.04095 0.06282
v 0.16148 -0.03456 0.06777
v 0.15288 -0.03799 0.00600
v 0.16553 -0.10055 0.00600
v 0.16719 -0.09575 0.04384
v 0.16677 -0.09150 0.04515
v 0.16572 -0.09238 0.00600
v 0.16598 -0.08499 0.04800
v 0.16567 -0.07853 0.05020
v 0.16557 -0.08432 0.00600
v 0.16144 -0.07517 0.05157
v 0.17289 -0.07283 0.00600
v 0.16432 -0.06747 0.05417
v 0.16401 -0.06159 0.05664
v 0.16191 -0.05100 0.00600
v 0.16458 -0.05708 0.05790
v 0.16540 -0.04847 0.06097
v 0.16560 -0.04117 0.06508
v 0.16506 -0.03634 0.06717
v 0.15988 -0.04224 0.00600
v 0.16666 -0.03007 0.06945
v 0.17518 -0.10060 0.00600
v 0.18151 -0.09368 0.03921
v 0.17459 -0.09322 0.00600
v 0.17249 -0.08572 0.04623
v 0.17582 -0.08417 0.00600
v 0.17302 -0.07272 0.04970
v 0.17245 -0.06472 0.05240
v 0.16922 -0.05723 0.05654
v 0.17471 -0.05798 0.05426
v 0.17306 -0.04659 0.06009
v 0.17359 -0.03772 0.06376
v 0.18310 -0.09977 0.00600
v 0.17730 -0.08964 0.04298
v 0.17757 -0.09807 0.00600
v 0.18486 -0.08196 0.04261
v 0.17909 -0.08301 0.04517
v 0.18576 -0.08579 0.00600
v 0.18157 -0.07648 0.04565
v 0.18160 -0.07567 0.00600
v 0.18247 -0.04263 0.05862
v 0.17998 -0.02673 0.06585
v 0.19201 -0.10059 0.00600
v 0.19584 -0.09798 0.03376
v 0.19057 -0.09039 0.03724
v 0.19373 -0.09136 0.00600
v 0.19426 -0.08411 0.00600
v 0.19384 -0.07834 0.03991
v 0.18674 -0.06928 0.04483
v 0.19036 -0.07837 0.00600
v 0.19159 -0.06627 0.04392
v 0.18634 -0.05999 0.04818
v 0.19913 -0.05584 0.04558
v 0.18619 -0.02577 0.06348
v 0.20400 -0.10080 0.00600
v 0.20314 -0.09627 0.03321
v 0.19887 -0.08895 0.03550
v 0.20216 -0.09332 0.00600
v 0.20662 -0.08272 0.03542
v 0.20541 -0.08841 0.00600
v 0.19724 -0.06680 0.04224
v 0.20337 -0.06936 0.03992
v 0.19439 -0.05058 0.04976
v 0.18997 -0.03943 0.05669
v 0.19112 -0.02529 0.06112
v 0.21567 -0.10245 0.00600
v 0.21504 -0.10003 0.02820
v 0.20972 -0.09426 0.03205
v 0.21051 -0.09202 0.00600
v 0.21621 -0.09181 0.02927
v 0.21174 -0.08686 0.03336
v 0.21460 -0.08464 0.00600
v 0.21266 -0.07923 0.03396
v 0.20805 -0.07413 0.03742
v 0.21467 -0.06695 0.03547
v 0.20877 -0.06697 0.03831
v 0.20515 -0.06175 0.04137
v 0.20385 -0.05273 0.04467
v 0.20617 -0.04691 0.04539
v 0.15821 -0.02172 0.07275
v 0.16360 -0.03056 0.07065
v 0.16226 -0.02390 0.07326
v 0.16424 -0.03076 0.07048
v 0.16848 -0.02304 0.07181
v 0.22255 -0.10418 0.00515
v 0.22076 -0.10377 0.02324
v 0.22272 -0.10416 0.00354
v 0.22095 -0.09614 0.02448
v 0.21783 -0.09329 0.00545
v 0.22288 -0.08947 0.02678
v 0.21736 -0.08470 0.03097
v 0.22197 -0.08141 0.00518
v 0.22582 -0.08233 0.02924
v 0.21937 -0.07684 0.03145
v 0.22634 -0.07508 0.00577
v 0.22033 -0.06879 0.03316
v 0.22230 -0.06151 0.03467
v 0.21662 -0.05685 0.03717
v 0.22319 -0.05450 0.03498
v 0.21398 -0.04586 0.04145
v 0.21823 -0.04027 0.04061
v 0.22403 -0.03367 0.03789
v 0.21285 -0.02716 0.04744
v 0.22797 -0.09267 0.02365
v 0.22566 -0.09322 0.02389
v 0.23153 -0.09002 0.02136
v 0.22830 -0.08838 0.02400
v 0.22797 -0.08752 0.01803
v 0.23174 -0.07864 0.02482
v 0.22594 -0.07469 0.03013
v 0.23278 -0.07490 0.00510
v 0.23339 -0.07228 0.02629
v 0.22667 -0.06683 0.03142
v 0.24061 -0.06128 0.00600
v 0.23131 -0.06387 0.02955
v 0.24261 -0.05349 0.00600
v 0.22358 -0.04685 0.03626
v 0.24127 -0.04553 0.00600
v 0.22951 -0.04220 0.03362
v 0.23899 -0.03673 0.00600
v 0.23600 -0.02928 0.02984
v 0.23517 -0.03720 0.03015
v 0.24101 -0.08198 0.00342
v 0.23465 -0.07699 0.02420
v 0.23937 -0.07231 0.00454
v 0.23896 -0.07179 0.02549
v 0.24269 -0.06119 0.00415
v 0.24005 -0.05946 0.02597
v 0.23206 -0.05486 0.03087
v 0.24404 -0.05648 0.00390
v 0.24004 -0.05167 0.02598
v 0.23448 -0.04837 0.02989
v 0.24562 -0.04736 0.00377
v 0.23995 -0.04182 0.02650
v 0.23497 -0.04287 0.03041
v 0.24571 -0.03404 0.00380
v 0.23929 -0.03308 0.02626
v 0.14639 0.01079 0.00600
v 0.14647 0.02479 0.00600
v 0.14747 0.03913 0.00600
v 0.15690 -0.02504 0.00600
v 0.15297 -0.00868 0.00600
v 0.15107 0.00726 0.00600
v 0.15270 0.02732 0.00600
v 0.15435 0.04905 0.00600
v 0.16464 -0.02977 0.00600
v 0.16235 -0.00834 0.00600
v 0.16052 0.02011 0.00600
v 0.16248 0.03905 0.00600
v 0.17602 -0.01258 0.00600
v 0.17561 -0.00175 0.00600
v 0.17494 0.03363 0.00600
v 0.17292 0.05202 0.00600
v 0.18567 -0.02830 0.00600
v 0.18602 -0.01931 0.00600
v 0.18553 -0.00392 0.00600
v 0.18950 0.01218 0.00600
v 0.18421 0.04046 0.00600
v 0.19592 -0.02887 0.00600
v 0.19609 -0.01955 0.00600
v 0.19846 0.00007 0.00600
v 0.19943 0.01363 0.00600
v 0.19996 0.03378 0.00600
v 0.19546 0.04486 0.00600
v 0.20679 0.00111 0.00600
v 0.21019 0.01192 0.00600
v 0.20637 0.02399 0.00600
v 0.20864 0.03462 0.00600
v 0.20666 0.04251 0.00600
v 0.21685 -0.01519 0.00600
v 0.21556 0.00273 0.00600
v 0.21797 0.01249 0.00600
v 0.21599 0.02100 0.00600
v 0.21598 0.03133 0.00600
v 0.21530 0.04027 0.00600
v 0.14832 0.06689 0.00600
v 0.14797 0.08055 0.00600
v 0.14890 0.09094 0.00600
v 0.14945 0.10439 0.00600
v 0.15634 0.06408 0.00600
v 0.15460 0.07852 0.00600
v 0.15608 0.08937 0.00600
v 0.15492 0.09991 0.00600
v 0.15566 0.10823 0.00600
v 0.15577 0.12027 0.00600
v 0.16356 0.06035 0.00600
v 0.16507 0.08201 0.00600
v 0.16602 0.09403 0.00600
v 0.16441 0.10938 0.00600
v 0.17362 0.06780 0.00600
v 0.17639 0.08001 0.00600
v 0.17649 0.08996 0.00600
v 0.17504 0.10002 0.00600
v 0.17456 0.10865 0.00600
v 0.17272 0.11559 0.00600
v 0.18540 0.05349 0.00600
v 0.18930 0.06320 0.00600
v 0.18486 0.07322 0.00600
v 0.18615 0.08380 0.00600
v 0.18749 0.09153 0.00600
v 0.18534 0.09871 0.00600
v 0.18453 0.10723 0.00600
v 0.19714 0.05606 0.00600
v 0.19875 0.06406 0.00600
v 0.19664 0.07115 0.00600
v 0.19593 0.07984 0.00600
v 0.19519 0.08789 0.00600
v 0.20618 0.05205 0.00600
v 0.20561 0.06078 0.00600
v 0.22587 -0.01732 0.00600
v 0.22378 -0.00371 0.00600
v 0.22456 0.00946 0.00600
v 0.23225 -0.02040 0.00600
v 0.13799 0.01006 0.05881
v 0.13969 0.00489 0.06142
v 0.13701 0.01264 0.05258
v 0.13852 0.01452 0.06889
v 0.13942 0.01627 0.07641
v 0.13554 0.02191 0.04370
v 0.13611 0.01883 0.05123
v 0.13611 0.02084 0.06048
v 0.13653 0.02234 0.07007
v 0.13695 0.02422 0.07972
v 0.13403 0.03307 0.04592
v 0.13405 0.02877 0.05312
v 0.13422 0.03064 0.06136
v 0.13415 0.03106 0.07080
v 0.13317 0.03454 0.08111
v 0.13428 0.04177 0.03753
v 0.13287 0.04643 0.04333
v 0.13260 0.03760 0.05261
v 0.13174 0.03961 0.06146
v 0.13192 0.03978 0.07072
v 0.13631 -0.02715 0.00600
v 0.13582 -0.02957 0.00415
v 0.13897 -0.02430 0.03271
v 0.14103 -0.02185 0.04118
v 0.14310 -0.02186 0.05072
v 0.14668 -0.02233 0.05903
v 0.15066 -0.01484 0.07002
v 0.13665 -0.01313 0.00600
v 0.13552 -0.02025 0.00407
v 0.13854 -0.01533 0.03277
v 0.14019 -0.01432 0.04300
v 0.14125 -0.01161 0.05229
v 0.14385 -0.01294 0.05968
v 0.14697 -0.01184 0.06674
v 0.13622 -0.00753 0.00428
v 0.13807 -0.00618 0.03287
v 0.13917 -0.00543 0.04328
v 0.13926 -0.00096 0.05242
v 0.14163 -0.00614 0.05894
v 0.14341 -0.00387 0.06560
v 0.14643 -0.00080 0.07463
v 0.13672 0.00106 0.00600
v 0.13766 0.00295 0.03293
v 0.13828 0.00438 0.04400
v 0.14152 0.00552 0.06941
v 0.14214 0.01221 0.07977
v 0.13613 0.02031 0.00600
v 0.13565 0.02123 0.00424
v 0.13763 0.01247 0.03314
v 0.13691 0.01433 0.04267
v 0.13705 0.02328 0.03429
v 0.13663 0.03331 0.00600
v 0.13493 0.03376 0.00470
v 0.13120 0.04334 0.00408
v 0.13491 0.02858 0.04028
v 0.13664 0.04832 0.00600
v 0.13041 0.04341 0.00600
v 0.13962 0.02035 0.08458
v 0.13828 0.02679 0.09382
v 0.13531 0.03074 0.08898
v 0.13121 0.04036 0.08735
v 0.14966 0.00138 0.08193
v 0.15062 0.00558 0.08756
v 0.14587 0.00899 0.08427
v 0.14831 0.01144 0.09167
v 0.14161 0.01886 0.08848
v 0.14478 0.01696 0.09335
v 0.13331 0.05137 0.03715
v 0.13155 0.04765 0.05131
v 0.13027 0.04851 0.06156
v 0.12950 0.04811 0.07041
v 0.12906 0.04761 0.07901
v 0.13257 0.05880 0.03437
v 0.13204 0.05560 0.04355
v 0.13116 0.05769 0.05225
v 0.13045 0.05738 0.06143
v 0.12892 0.05680 0.07026
v 0.12742 0.05785 0.08061
v 0.12882 0.07400 0.00426
v 0.13165 0.06739 0.03238
v 0.13174 0.06573 0.04172
v 0.13151 0.06681 0.05183
v 0.13112 0.06735 0.06230
v 0.12771 0.06798 0.08016
v 0.12740 0.08273 0.00406
v 0.13115 0.07465 0.03372
v 0.13086 0.08260 0.03632
v 0.13232 0.07936 0.05563
v 0.13194 0.07797 0.06408
v 0.13063 0.07546 0.07088
v 0.13229 0.08898 0.04895
v 0.13222 0.08602 0.05344
v 0.13085 0.08394 0.07915
v 0.12708 0.09854 0.00399
v 0.13014 0.09499 0.03215
v 0.13175 0.09452 0.04208
v 0.13312 0.09313 0.06095
v 0.13337 0.09208 0.07133
v 0.13360 0.09574 0.08428
v 0.13083 0.10414 0.02896
v 0.13270 0.10757 0.04076
v 0.13338 0.10179 0.05369
v 0.13481 0.10118 0.07286
v 0.12859 0.11302 0.00371
v 0.13007 0.05372 0.00600
v 0.13050 0.05120 0.00414
v 0.13554 0.06116 0.00600
v 0.12869 0.06221 0.00600
v 0.13027 0.05970 0.00428
v 0.13302 0.07069 0.00600
v 0.12733 0.06927 0.00600
v 0.13280 0.08128 0.00600
v 0.12606 0.07790 0.00600
v 0.13241 0.09093 0.00600
v 0.12564 0.08861 0.00600
v 0.13210 0.09867 0.00600
v 0.12693 0.09855 0.00600
v 0.13363 0.10806 0.00600
v 0.12891 0.11002 0.00464
v 0.13333 0.10728 0.04838
v 0.13479 0.10742 0.05838
v 0.13567 0.10480 0.07532
v 0.13210 0.12050 0.00600
v 0.13123 0.11743 0.00422
v 0.13395 0.11556 0.03361
v 0.13472 0.11214 0.04400
v 0.13544 0.11362 0.05237
v 0.13575 0.11121 0.06012
v 0.13695 0.11207 0.06840
v 0.13866 0.11202 0.07972
v 0.12757 0.05037 0.08852
v 0.12482 0.05791 0.08958
v 0.12535 0.06672 0.08836
v 0.12796 0.07612 0.08610
v 0.12693 0.07505 0.09678
v 0.13602 0.10597 0.08787
v 0.13942 0.11302 0.08907
v 0.13857 0.11129 0.09596
v 0.13842 0.12864 0.00600
v 0.13563 0.12623 0.00376
v 0.13730 0.12294 0.03239
v 0.13785 0.12068 0.04224
v 0.14131 0.12189 0.05301
v 0.13991 0.11762 0.06268
v 0.14077 0.11759 0.07349
v 0.14124 0.11754 0.08024
v 0.14114 0.11787 0.08554
v 0.14223 -0.02063 0.00600
v 0.15177 -0.02270 0.06608
v 0.15404 -0.01905 0.07110
v 0.15247 -0.00711 0.07829
v 0.14221 -0.00200 0.00600
v 0.14174 0.01253 0.00600
v 0.14167 0.02830 0.00600
v 0.14248 0.04633 0.00600
v 0.15064 -0.02889 0.00600
v 0.14674 -0.00663 0.00600
v 0.17825 -0.02004 0.06949
v 0.18026 -0.01016 0.07333
v 0.18619 -0.01742 0.06672
v 0.18920 -0.01195 0.06724
v 0.18669 -0.00063 0.07411
v 0.19728 -0.02176 0.05877
v 0.19264 -0.00759 0.06672
v 0.19756 -0.00195 0.06459
v 0.19130 0.00262 0.07179
v 0.19278 0.00815 0.07266
v 0.19744 0.01138 0.06882
v 0.19933 0.03131 0.06869
v 0.19638 0.03003 0.07422
v 0.21383 0.04870 0.00600
v 0.20315 0.04043 0.05355
v 0.20256 0.03747 0.05801
v 0.19926 0.03765 0.06723
v 0.19558 0.03840 0.07483
v 0.19898 -0.01551 0.05958
v 0.20698 -0.01360 0.05398
v 0.20180 -0.01009 0.05888
v 0.20362 -0.00386 0.05851
v 0.20620 0.00430 0.05698
v 0.20064 0.00485 0.06339
v 0.22391 0.01848 0.00600
v 0.20985 0.01410 0.05104
v 0.20808 0.01086 0.05436
v 0.20207 0.01379 0.06308
v 0.19774 0.02039 0.07101
v 0.22442 0.02813 0.00600
v 0.21094 0.02129 0.04640
v 0.20522 0.02083 0.05725
v 0.20078 0.02279 0.06584
v 0.19874 0.02374 0.07006
v 0.22058 0.03472 0.00483
v 0.21828 0.03628 0.02307
v 0.21465 0.03260 0.03368
v 0.21178 0.02882 0.04046
v 0.20673 0.02987 0.05093
v 0.20290 0.02931 0.06046
v 0.21719 0.04352 0.00421
v 0.21495 0.04369 0.02252
v 0.21185 0.04158 0.03212
v 0.20789 0.03728 0.04308
v 0.15543 -0.01481 0.07576
v 0.15365 -0.00274 0.08322
v 0.15404 0.00328 0.08846
v 0.15917 -0.01554 0.07670
v 0.15874 -0.00976 0.08028
v 0.15632 -0.00785 0.08135
v 0.15892 0.00162 0.08816
v 0.16470 -0.01750 0.07569
v 0.16337 -0.00946 0.08043
v 0.16713 -0.00976 0.07971
v 0.16567 0.00158 0.08746
v 0.16133 0.00696 0.09213
v 0.16668 0.00728 0.09102
v 0.17030 -0.01537 0.07517
v 0.16926 -0.00354 0.08319
v 0.17442 -0.00033 0.08269
v 0.17015 0.00621 0.08886
v 0.17372 -0.01287 0.07519
v 0.17827 0.00854 0.08551
v 0.18421 0.03385 0.09192
v 0.18174 -0.00390 0.07593
v 0.18323 0.01017 0.08257
v 0.18331 0.01805 0.08636
v 0.18652 0.02369 0.08524
v 0.18835 0.03210 0.08573
v 0.18795 0.04114 0.08900
v 0.19088 0.02196 0.08015
v 0.19260 0.03012 0.07964
v 0.19155 0.04109 0.08257
v 0.14224 0.06768 0.00600
v 0.14157 0.07989 0.00600
v 0.14134 0.08890 0.00600
v 0.14030 0.09896 0.00600
v 0.14389 0.10922 0.00600
v 0.14377 0.12040 0.00600
v 0.15114 0.11293 0.00600
v 0.16652 0.12299 0.00600
v 0.17110 0.11323 0.06375
v 0.16682 0.11202 0.07681
v 0.18267 0.11425 0.00600
v 0.17701 0.10529 0.06492
v 0.17476 0.10595 0.07129
v 0.17549 0.10228 0.07987
v 0.18047 0.12200 0.00600
v 0.18241 0.12353 0.00391
v 0.18026 0.11657 0.03781
v 0.17652 0.11501 0.04863
v 0.18814 0.07998 0.07769
v 0.19428 0.09572 0.00600
v 0.18727 0.08454 0.06625
v 0.18594 0.08699 0.07302
v 0.19342 0.10398 0.00600
v 0.18929 0.09841 0.04031
v 0.18736 0.09179 0.05204
v 0.18404 0.09403 0.06238
v 0.18344 0.09341 0.07089
v 0.18392 0.09281 0.08020
v 0.18910 0.10972 0.00501
v 0.19010 0.10891 0.02444
v 0.18802 0.10530 0.03578
v 0.18297 0.10283 0.05109
v 0.18137 0.10068 0.05999
v 0.17949 0.09976 0.06956
v 0.18002 0.09737 0.07745
v 0.18631 0.11758 0.00411
v 0.18197 0.12068 0.02580
v 0.18499 0.11316 0.03291
v 0.18244 0.10949 0.04412
v 0.17922 0.10752 0.05447
v 0.20456 0.06858 0.00600
v 0.19275 0.06085 0.07117
v 0.19148 0.05767 0.07870
v 0.20357 0.07620 0.00600
v 0.19072 0.08214 0.05292
v 0.19329 0.06734 0.06150
v 0.19014 0.06730 0.07841
v 0.20047 0.08250 0.00480
v 0.19981 0.08337 0.02326
v 0.19871 0.07683 0.03387
v 0.18998 0.07911 0.06053
v 0.19004 0.07332 0.07087
v 0.18849 0.07341 0.08412
v 0.19814 0.09072 0.00436
v 0.19772 0.09048 0.02288
v 0.19561 0.08794 0.03326
v 0.19304 0.08307 0.04444
v 0.19622 0.09840 0.00430
v 0.19458 0.09789 0.02636
v 0.19177 0.10118 0.03170
v 0.18716 0.08888 0.05752
v 0.19469 0.10451 0.00386
v 0.21252 0.05704 0.00600
v 0.20809 0.04866 0.03368
v 0.20342 0.04735 0.04584
v 0.19660 0.04768 0.06864
v 0.19333 0.04694 0.07827
v 0.20832 0.06289 0.00470
v 0.20671 0.06206 0.02407
v 0.20566 0.05789 0.03138
v 0.19924 0.06359 0.04215
v 0.19735 0.06046 0.05299
v 0.19440 0.05988 0.06538
v 0.20564 0.07126 0.00422
v 0.20337 0.07124 0.02484
v 0.20090 0.06694 0.03573
v 0.20382 0.07771 0.00397
v 0.20108 0.07703 0.02642
v 0.21451 0.05147 0.00417
v 0.21122 0.05021 0.02527
v 0.21262 0.05775 0.00378
v 0.14476 0.11717 0.09258
v 0.16110 0.11378 0.08653
v 0.17112 0.10389 0.08947
v 0.16659 0.10826 0.08848
v 0.18773 0.07881 0.09144
v 0.18561 0.08705 0.08808
v 0.18239 0.09429 0.08846
v 0.17937 0.09799 0.08510
v 0.18947 0.04959 0.08745
v 0.19042 0.05471 0.08380
v 0.18868 0.06510 0.08852
v 0.14582 0.13161 0.00600
v 0.14474 0.13178 0.00411
v 0.14386 0.12726 0.03269
v 0.14441 0.12610 0.04557
v 0.14845 0.12657 0.05361
v 0.14941 0.12476 0.06154
v 0.14793 0.12197 0.07146
v 0.14719 0.11978 0.08124
v 0.15095 0.13512 0.00379
v 0.15157 0.13053 0.03432
v 0.14960 0.12826 0.04134
v 0.15224 0.12799 0.04936
v 0.15550 0.13071 0.00600
v 0.15595 0.13805 0.00600
v 0.15627 0.12803 0.05514
v 0.16046 0.12329 0.06254
v 0.15750 0.12137 0.07093
v 0.15661 0.11909 0.07916
v 0.15644 0.13566 0.00403
v 0.15751 0.13128 0.03229
v 0.15605 0.12920 0.04319
v 0.15776 0.12854 0.05081
v 0.16540 0.13416 0.00600
v 0.16821 0.13370 0.00393
v 0.17183 0.12730 0.03292
v 0.16913 0.12509 0.04431
v 0.16670 0.12304 0.05494
v 0.16648 0.11935 0.06181
v 0.16420 0.11724 0.07019
v 0.16146 0.11673 0.07762
v 0.16300 0.13589 0.00373
v 0.16544 0.12935 0.03523
v 0.16299 0.12823 0.04125
v 0.16221 0.12697 0.04903
v 0.17383 0.12861 0.00458
v 0.17768 0.12478 0.02611
v 0.17521 0.12095 0.04054
v 0.17248 0.11865 0.05139
v 0.18158 0.11925 0.03019
v 0.15048 0.12040 0.09095
v 0.15001 0.12032 0.09282
v 0.15536 0.11749 0.08731
v 0.15332 0.11723 0.09309
v 0.21721 -0.02314 0.04514
v 0.23164 -0.01022 0.00600
v 0.21978 -0.01375 0.04347
v 0.21405 -0.01459 0.04843
v 0.21986 -0.00550 0.04240
v 0.21016 -0.00426 0.05214
v 0.23206 0.00413 0.00600
v 0.22404 0.01251 0.03099
v 0.22247 0.00590 0.03557
v 0.22224 -0.00042 0.03802
v 0.21396 0.00282 0.04755
v 0.22954 0.01444 0.00452
v 0.22811 0.01308 0.02433
v 0.21636 0.01202 0.04133
v 0.22573 0.02389 0.00450
v 0.22415 0.02253 0.02427
v 0.21842 0.02062 0.03473
v 0.22530 0.03034 0.00370
v 0.22040 0.03012 0.02587
v 0.24214 -0.02477 0.00600
v 0.23598 -0.02166 0.02833
v 0.23009 -0.02570 0.03391
v 0.22384 -0.02226 0.03939
v 0.23921 -0.01479 0.00455
v 0.23766 -0.01565 0.02454
v 0.22990 -0.01451 0.03368
v 0.22351 -0.01300 0.03976
v 0.23492 -0.00350 0.00464
v 0.23360 -0.00488 0.02548
v 0.22722 0.00085 0.03159
v 0.22412 -0.00788 0.03818
v 0.23540 0.00501 0.00378
v 0.23007 0.00398 0.02583
v 0.23381 0.00939 0.00381
v 0.22997 0.00889 0.02358
v 0.24452 -0.02352 0.00387
v 0.24015 -0.02577 0.02402
v 0.24361 -0.01979 0.00371
v 0.23955 -0.02027 0.02285
v 0.13783 0.02829 0.09604
v 0.13982 0.02526 0.09548
v 0.16873 0.01045 0.09238
v 0.17606 0.01793 0.09270
v 0.13565 0.03231 0.09616
v 0.14488 0.01773 0.09480
v 0.14372 0.01940 0.09521
v 0.13018 0.08495 0.09727
v 0.15494 0.00765 0.09260
v 0.15800 0.00681 0.09236
v 0.16565 0.00866 0.09242
v 0.15758 0.11383 0.09574
v 0.18734 0.07618 0.09643
v 0.17332 0.01471 0.09251
v 0.17686 0.01949 0.09285
v 0.15453 0.11588 0.09540
v 0.14177 0.02215 0.09535
v 0.18393 0.03741 0.09406
v 0.18046 0.02662 0.09319
v 0.18545 0.04290 0.09409
v 0.13936 0.11174 0.09525
v 0.14608 0.11708 0.09584
v 0.16969 0.10373 0.09610
v 0.18737 0.06685 0.09592
v 0.13236 0.03911 0.09667
v 0.12778 0.04805 0.09718
v 0.12773 0.07754 0.09733
v 0.13341 0.09633 0.09715
v 0.18667 0.08467 0.09717
v 0.15015 0.11925 0.09433
v 0.14874 0.01290 0.09425
v 0.13521 0.10416 0.09709
v 0.18299 0.03406 0.09381
v 0.18338 0.03521 0.09393
v 0.18647 0.05076 0.09464
v 0.12529 0.06654 0.09706
v 0.13762 0.10903 0.09695
v 0.17682 0.09811 0.09620
v 0.13324 0.03698 0.09650
v 0.14600 0.01639 0.09445
v 0.13829 0.02752 0.09576
v 0.12535 0.05629 0.09698
v 0.12508 0.06205 0.09695
v 0.15301 0.00868 0.09265
v 0.15137 0.01013 0.09351
v 0.16708 0.00942 0.09232
v 0.17998 0.02486 0.09303
v 0.16496 0.10765 0.09585
v 0.16361 0.10891 0.09572
v 0.17267 0.10145 0.09615
v 0.18717 0.08244 0.09708
v 0.18280 0.09243 0.09656
v 0.17821 0.09698 0.09621
v 0.18615 0.04702 0.09450
v 0.18698 0.05775 0.09528
v 0.18743 0.07456 0.09636
v 0.14940 0.11955 0.09213
v -0.23788 -0.06856 0.00600
v -0.24147 -0.06367 0.00600
v -0.22824 -0.07809 0.00600
v -0.23027 -0.07182 0.00600
v -0.23705 -0.06707 0.00600
v -0.23443 -0.05703 0.00600
v -0.23235 -0.04591 0.00600
v -0.23143 -0.03177 0.00600
v -0.22353 -0.07848 0.00600
v -0.22236 -0.07428 0.00600
v -0.22516 -0.06505 0.00600
v -0.22426 -0.05349 0.00600
v -0.22473 -0.04177 0.00600
v -0.21832 -0.07975 0.00600
v -0.21399 -0.07605 0.00600
v -0.21387 -0.06701 0.00600
v -0.21499 -0.05647 0.00600
v -0.21464 -0.04248 0.00600
v -0.20536 -0.07699 0.00600
v -0.20451 -0.05925 0.00600
v -0.19938 -0.07006 0.00600
v -0.19039 -0.05472 0.00600
v -0.19650 -0.04471 0.00600
v -0.18935 -0.06598 0.00600
v -0.18628 -0.03818 0.00600
v -0.17580 -0.05045 0.00600
v -0.17004 -0.03781 0.00600
v -0.16994 -0.04433 0.00600
v -0.22283 -0.10715 0.00368
v -0.22147 -0.10337 0.02331
v -0.24008 -0.07840 0.01965
v -0.23684 -0.07610 0.02316
v -0.24492 -0.07233 0.00355
v -0.24037 -0.07101 0.02403
v -0.24300 -0.06266 0.00439
v -0.24164 -0.06091 0.02410
v -0.24396 -0.05541 0.00413
v -0.24090 -0.05267 0.02535
v -0.24568 -0.04461 0.00383
v -0.24026 -0.04097 0.02661
v -0.24575 -0.03396 0.00384
v -0.24037 -0.03111 0.02572
v -0.22791 -0.09404 0.02291
v -0.23412 -0.08886 0.00353
v -0.22760 -0.08809 0.02488
v -0.23281 -0.08723 0.00510
v -0.23239 -0.07885 0.02383
v -0.23371 -0.07786 0.00560
v -0.23331 -0.07234 0.02698
v -0.22760 -0.06637 0.03063
v -0.24145 -0.06121 0.00600
v -0.23529 -0.06226 0.02791
v -0.22857 -0.05822 0.03188
v -0.24169 -0.05503 0.00600
v -0.23433 -0.05059 0.02979
v -0.22598 -0.04777 0.03489
v -0.24212 -0.04838 0.00600
v -0.23489 -0.04071 0.03108
v -0.22710 -0.04189 0.03520
v -0.24026 -0.03519 0.00600
v -0.23723 -0.03276 0.03050
v -0.23182 -0.02717 0.03406
v -0.22179 -0.03207 0.04075
v -0.22488 -0.10381 0.00365
v -0.22204 -0.09613 0.02357
v -0.22007 -0.09698 0.00589
v -0.22340 -0.08880 0.02619
v -0.21807 -0.08385 0.02981
v -0.22246 -0.08365 0.00600
v -0.22649 -0.08190 0.02905
v -0.21962 -0.07637 0.03113
v -0.22689 -0.07424 0.02940
v -0.22073 -0.06884 0.03274
v -0.22230 -0.06151 0.03430
v -0.21680 -0.05667 0.03735
v -0.22321 -0.05422 0.03501
v -0.21575 -0.04697 0.04073
v -0.21837 -0.04109 0.04103
v -0.21358 -0.02736 0.04797
v -0.20995 -0.11604 0.00508
v -0.20973 -0.11315 0.02179
v -0.21428 -0.11361 0.00359
v -0.21255 -0.10628 0.02772
v -0.20793 -0.10155 0.02942
v -0.19933 -0.12660 0.00401
v -0.19880 -0.12479 0.02148
v -0.20528 -0.12431 0.00364
v -0.20322 -0.11702 0.02826
v -0.19926 -0.11140 0.02983
v -0.20630 -0.11280 0.00600
v -0.20585 -0.10881 0.02760
v -0.20083 -0.10333 0.03057
v -0.19521 -0.12704 0.00397
v -0.19123 -0.12466 0.02349
v -0.19192 -0.11838 0.02962
v -0.19718 -0.12318 0.00600
v -0.19727 -0.11941 0.02878
v -0.19447 -0.11098 0.00600
v -0.19393 -0.10523 0.03186
v -0.18874 -0.09991 0.03437
v -0.18815 -0.12708 0.00472
v -0.18780 -0.12750 0.02537
v -0.18498 -0.11905 0.03313
v -0.18896 -0.12141 0.00600
v -0.18518 -0.11392 0.03271
v -0.18000 -0.10774 0.03559
v -0.18457 -0.10930 0.00600
v -0.18696 -0.10681 0.03364
v -0.18266 -0.10103 0.03660
v -0.17576 -0.13268 0.00391
v -0.17325 -0.13242 0.02621
v -0.17970 -0.12495 0.03521
v -0.17698 -0.12100 0.00600
v -0.17624 -0.11381 0.03539
v -0.17473 -0.10410 0.03718
v -0.17489 -0.10812 0.00600
v -0.16472 -0.12816 0.00440
v -0.16487 -0.12961 0.02255
v -0.16846 -0.12141 0.03395
v -0.16224 -0.12399 0.00600
v -0.16122 -0.11886 0.02823
v -0.16571 -0.10527 0.03451
v -0.17123 -0.10599 0.03638
v -0.16321 -0.11203 0.00600
v -0.16437 -0.10406 0.03561
v -0.16803 -0.10164 0.03797
v -0.15835 -0.12535 0.00391
v -0.15937 -0.12458 0.02043
v -0.15598 -0.12248 0.00405
v -0.15620 -0.11622 0.02601
v -0.15968 -0.11066 0.03032
v -0.15038 -0.11266 0.00379
v -0.15429 -0.10781 0.02751
v -0.15809 -0.10363 0.03283
v -0.14999 -0.10303 0.00482
v -0.15058 -0.10322 0.02141
v -0.21650 -0.10290 0.00600
v -0.21554 -0.10013 0.02788
v -0.20984 -0.09400 0.03146
v -0.21281 -0.09108 0.00600
v -0.21663 -0.09166 0.02881
v -0.21196 -0.08661 0.03307
v -0.20643 -0.08129 0.03527
v -0.21428 -0.08390 0.00600
v -0.21259 -0.07909 0.03348
v -0.20766 -0.07379 0.03676
v -0.21494 -0.06752 0.03522
v -0.20928 -0.06364 0.03889
v -0.20468 -0.05291 0.04456
v -0.21030 -0.05020 0.04262
v -0.20265 -0.03753 0.05146
v -0.20920 -0.03144 0.04972
v -0.20366 -0.10116 0.00600
v -0.20219 -0.09432 0.03249
v -0.19327 -0.08153 0.03810
v -0.20144 -0.09186 0.00600
v -0.20150 -0.07690 0.03783
v -0.20619 -0.08463 0.00600
v -0.19864 -0.06551 0.04229
v -0.20345 -0.06504 0.04095
v -0.19910 -0.05517 0.04613
v -0.19423 -0.04222 0.05401
v -0.19116 -0.02431 0.06180
v -0.19291 -0.10029 0.00600
v -0.19355 -0.09677 0.03366
v -0.19308 -0.09155 0.00600
v -0.19516 -0.08351 0.00600
v -0.18911 -0.06950 0.04332
v -0.19462 -0.07461 0.00600
v -0.18659 -0.05926 0.04851
v -0.19419 -0.05825 0.04653
v -0.19241 -0.04818 0.05220
v -0.18413 -0.04228 0.05824
v -0.18317 -0.02784 0.06413
v -0.18275 -0.02035 0.06722
v -0.18373 -0.10009 0.00600
v -0.18358 -0.09474 0.03731
v -0.17746 -0.08961 0.04103
v -0.18522 -0.09318 0.00600
v -0.18641 -0.08491 0.03918
v -0.18530 -0.08479 0.00600
v -0.18050 -0.07162 0.04591
v -0.18708 -0.07550 0.00600
v -0.18441 -0.06775 0.04561
v -0.17448 -0.06151 0.05234
v -0.18219 -0.06433 0.00600
v -0.17501 -0.04896 0.05851
v -0.17625 -0.10059 0.00600
v -0.17542 -0.09618 0.03948
v -0.17108 -0.09195 0.04395
v -0.17611 -0.09293 0.00600
v -0.17179 -0.08471 0.04522
v -0.16956 -0.07878 0.04857
v -0.17605 -0.08467 0.00600
v -0.17202 -0.06720 0.05093
v -0.17676 -0.07381 0.00600
v -0.16963 -0.05905 0.05518
v -0.17594 -0.05959 0.00600
v -0.16703 -0.04225 0.06372
v -0.17700 -0.03693 0.06281
v -0.17243 -0.03064 0.06667
v -0.16615 -0.10035 0.00600
v -0.16784 -0.09526 0.04121
v -0.16717 -0.08934 0.04463
v -0.16653 -0.09242 0.00600
v -0.16616 -0.08340 0.04760
v -0.16618 -0.07934 0.04957
v -0.16623 -0.08458 0.00600
v -0.16426 -0.07867 0.04995
v -0.16522 -0.06687 0.05299
v -0.16542 -0.05740 0.05657
v -0.16717 -0.06489 0.00600
v -0.16560 -0.05197 0.00600
v -0.16702 -0.04812 0.06064
v -0.16625 -0.03709 0.06569
v -0.16200 -0.04070 0.00600
v -0.16734 -0.02882 0.06887
v -0.15322 -0.10101 0.00600
v -0.15296 -0.10116 0.02866
v -0.15607 -0.09757 0.03559
v -0.16053 -0.09293 0.03962
v -0.16491 -0.08886 0.04593
v -0.15706 -0.09364 0.00600
v -0.15439 -0.09005 0.03661
v -0.15632 -0.08197 0.04304
v -0.16249 -0.08267 0.04685
v -0.15594 -0.08681 0.00600
v -0.16019 -0.07600 0.04928
v -0.15960 -0.06506 0.05371
v -0.15507 -0.07825 0.00600
v -0.15794 -0.06915 0.05139
v -0.16180 -0.06008 0.05560
v -0.15335 -0.06701 0.00600
v -0.15814 -0.05845 0.05552
v -0.16134 -0.05408 0.05771
v -0.15671 -0.05534 0.00600
v -0.15748 -0.05238 0.05698
v -0.16097 -0.04748 0.06008
v -0.16442 -0.04215 0.06355
v -0.15461 -0.04466 0.00600
v -0.15985 -0.04040 0.06261
v -0.16256 -0.03634 0.06580
v -0.15277 -0.03550 0.00600
v -0.16237 -0.02861 0.06932
v -0.14830 -0.09875 0.00390
v -0.15069 -0.09822 0.02464
v -0.15152 -0.08963 0.03210
v -0.14985 -0.09212 0.00489
v -0.14932 -0.09004 0.02591
v -0.15254 -0.08315 0.03937
v -0.14821 -0.08340 0.00484
v -0.14516 -0.08018 0.02378
v -0.14861 -0.07915 0.03495
v -0.15235 -0.07607 0.04236
v -0.15515 -0.07243 0.04723
v -0.14280 -0.07450 0.00416
v -0.14098 -0.06672 0.02413
v -0.14459 -0.07107 0.03193
v -0.14752 -0.06815 0.04308
v -0.15428 -0.06623 0.04934
v -0.15630 -0.05969 0.05398
v -0.14071 -0.06429 0.00484
v -0.14318 -0.06232 0.03522
v -0.14525 -0.06021 0.04315
v -0.15178 -0.05831 0.04945
v -0.14189 -0.05579 0.00600
v -0.14698 -0.05344 0.04517
v -0.15011 -0.04761 0.05121
v -0.15348 -0.04948 0.05471
v -0.15622 -0.04496 0.05862
v -0.14431 -0.04532 0.00600
v -0.15108 -0.03684 0.05778
v -0.15359 -0.03251 0.06210
v -0.15838 -0.03307 0.06524
v -0.14426 -0.03631 0.00600
v -0.15663 -0.02578 0.06816
v -0.17171 -0.02146 0.07115
v -0.16238 -0.02140 0.07347
v -0.15921 -0.02117 0.07279
v -0.13826 -0.05979 0.00399
v -0.14034 -0.06014 0.02677
v -0.14118 -0.05663 0.03260
v -0.14363 -0.05525 0.03891
v -0.13808 -0.05367 0.00422
v -0.13962 -0.05444 0.02544
v -0.14713 -0.04456 0.04792
v -0.13821 -0.04463 0.00489
v -0.13885 -0.04672 0.02518
v -0.14064 -0.04126 0.03510
v -0.14443 -0.04082 0.04444
v -0.14887 -0.03516 0.05555
v -0.13600 -0.03616 0.00600
v -0.13526 -0.03798 0.00389
v -0.13858 -0.03198 0.03208
v -0.14211 -0.03123 0.04166
v -0.14584 -0.03247 0.05142
v -0.14956 -0.02314 0.06274
v -0.22334 -0.01273 0.00600
v -0.22411 -0.00100 0.00600
v -0.21711 -0.02376 0.00600
v -0.21666 0.00003 0.00600
v -0.21741 0.01207 0.00600
v -0.21467 0.02090 0.00600
v -0.21581 0.03034 0.00600
v -0.20841 -0.01458 0.00600
v -0.20924 0.00239 0.00600
v -0.20812 0.01987 0.00600
v -0.20916 0.03442 0.00600
v -0.20746 0.04379 0.00600
v -0.19386 -0.02401 0.00600
v -0.19942 -0.00235 0.00600
v -0.20010 0.01347 0.00600
v -0.20051 0.03375 0.00600
v -0.19713 0.04388 0.00600
v -0.18635 -0.02846 0.00600
v -0.18823 -0.01759 0.00600
v -0.18905 0.00017 0.00600
v -0.19015 0.01255 0.00600
v -0.17759 0.03501 0.00600
v -0.18235 0.03962 0.00600
v -0.18631 0.05055 0.00600
v -0.17584 -0.03098 0.00600
v -0.17536 -0.01382 0.00600
v -0.17613 -0.00065 0.00600
v -0.17538 0.02758 0.00600
v -0.16583 -0.02698 0.00600
v -0.16326 -0.01871 0.00600
v -0.16300 -0.00278 0.00600
v -0.16190 0.02410 0.00600
v -0.16287 0.03863 0.00600
v -0.15762 -0.02409 0.00600
v -0.15592 -0.00944 0.00600
v -0.15352 0.01085 0.00600
v -0.15322 0.02991 0.00600
v -0.15490 0.04727 0.00600
v -0.14820 0.03344 0.00600
v -0.14903 0.05065 0.00600
v -0.20447 0.05214 0.00600
v -0.20623 0.06070 0.00600
v -0.19589 0.05453 0.00600
v -0.20017 0.06419 0.00600
v -0.19785 0.07125 0.00600
v -0.19663 0.07965 0.00600
v -0.19594 0.08794 0.00600
v -0.18978 0.06297 0.00600
v -0.18542 0.07299 0.00600
v -0.18667 0.08354 0.00600
v -0.18807 0.09133 0.00600
v -0.18583 0.09852 0.00600
v -0.18513 0.10726 0.00600
v -0.17444 0.06788 0.00600
v -0.17711 0.07983 0.00600
v -0.17700 0.08976 0.00600
v -0.17557 0.09989 0.00600
v -0.17524 0.10864 0.00600
v -0.17367 0.11583 0.00600
v -0.16433 0.06403 0.00600
v -0.16570 0.08191 0.00600
v -0.16501 0.09304 0.00600
v -0.16514 0.10878 0.00600
v -0.16648 0.11581 0.00600
v -0.14942 0.06171 0.00600
v -0.15480 0.07643 0.00600
v -0.15561 0.08787 0.00600
v -0.15619 0.09894 0.00600
v -0.15593 0.10799 0.00600
v -0.16010 0.11494 0.00600
v -0.14883 0.08080 0.00600
v -0.14959 0.09157 0.00600
v -0.14990 0.10425 0.00600
v -0.24431 -0.02515 0.00412
v -0.24128 -0.02518 0.02239
v -0.24343 -0.02031 0.00377
v -0.24080 -0.02069 0.02186
v -0.24135 -0.02344 0.00600
v -0.23758 -0.02320 0.02796
v -0.22476 -0.02217 0.03946
v -0.23932 -0.01568 0.00466
v -0.23810 -0.01601 0.02454
v -0.23078 -0.01424 0.03375
v -0.22227 -0.01371 0.04210
v -0.23603 -0.00573 0.00449
v -0.23395 -0.00541 0.02586
v -0.22743 -0.00018 0.03279
v -0.22504 -0.00739 0.03809
v -0.23672 0.00109 0.00362
v -0.23013 0.00242 0.02720
v -0.22227 0.00045 0.03894
v -0.23210 -0.02185 0.00600
v -0.21692 -0.02246 0.04645
v -0.23308 -0.01362 0.00600
v -0.21630 -0.01612 0.04746
v -0.20900 -0.00810 0.05388
v -0.23092 -0.00542 0.00600
v -0.22065 -0.00535 0.04254
v -0.21226 -0.00368 0.05104
v -0.23046 0.00447 0.00548
v -0.22956 0.00892 0.02356
v -0.22418 0.00539 0.03437
v -0.21471 0.00275 0.04783
v -0.20954 0.00947 0.05377
v -0.22891 0.01520 0.00401
v -0.22152 0.01641 0.03334
v -0.21702 0.01069 0.04247
v -0.21149 0.01292 0.05030
v -0.22605 0.02287 0.00445
v -0.22391 0.02224 0.02453
v -0.21208 0.02343 0.04490
v -0.21146 0.01867 0.04833
v -0.22522 0.02971 0.00371
v -0.21844 0.03495 0.02431
v -0.21679 0.02911 0.03289
v -0.20345 -0.01856 0.05642
v -0.20433 -0.01211 0.05710
v -0.20278 0.00057 0.06073
v -0.22476 0.00830 0.00600
v -0.20704 0.00362 0.05676
v -0.22523 0.01662 0.00600
v -0.20301 0.01231 0.06231
v -0.22284 0.02511 0.00600
v -0.21258 0.02850 0.04036
v -0.20627 0.02052 0.05703
v -0.20184 0.02308 0.06505
v -0.22081 0.03432 0.00465
v -0.20761 0.02993 0.05104
v -0.20393 0.02936 0.06027
v -0.20129 0.02921 0.06629
v -0.21668 0.04475 0.00434
v -0.21484 0.04380 0.02284
v -0.21245 0.04010 0.03323
v -0.20776 0.03804 0.04446
v -0.20429 0.04041 0.05320
v -0.20334 0.03769 0.05862
v -0.20064 0.03736 0.06608
v -0.19853 -0.02166 0.05864
v -0.19447 -0.00943 0.06502
v -0.19843 -0.00372 0.06381
v -0.19364 0.00011 0.06916
v -0.19767 0.00707 0.06770
v -0.19221 0.00933 0.07419
v -0.19892 0.01627 0.06881
v -0.19843 0.02503 0.07125
v -0.19344 0.02432 0.07814
v -0.21572 0.03987 0.00600
v -0.21442 0.04628 0.00600
v -0.19625 0.03862 0.07505
v -0.18689 -0.01722 0.06654
v -0.18977 -0.01169 0.06714
v -0.18701 -0.00066 0.07383
v -0.18829 0.00591 0.07610
v -0.15959 -0.03216 0.00600
v -0.15171 -0.02191 0.00600
v -0.14846 -0.00490 0.00600
v -0.14736 0.01926 0.00600
v -0.14470 -0.02661 0.00600
v -0.15218 -0.02280 0.06605
v -0.15440 -0.01566 0.07295
v -0.14296 -0.01584 0.00600
v -0.14219 0.01173 0.00600
v -0.14332 0.02927 0.00600
v -0.14378 0.04362 0.00600
v -0.18840 0.02353 0.08385
v -0.19243 0.03266 0.08134
v -0.19290 0.04245 0.08200
v -0.18329 -0.00484 0.07420
v -0.18655 0.03322 0.08977
v -0.18973 0.03846 0.08688
v -0.17918 -0.01260 0.07250
v -0.17620 -0.00635 0.07749
v -0.17695 0.00180 0.08197
v -0.17935 0.00769 0.08393
v -0.17963 0.01617 0.08873
v -0.17110 -0.01475 0.07482
v -0.17277 -0.00795 0.07827
v -0.16972 -0.00301 0.08284
v -0.17104 0.00292 0.08615
v -0.16552 -0.01650 0.07546
v -0.16395 -0.00913 0.07992
v -0.16797 -0.00917 0.07925
v -0.16633 0.00218 0.08717
v -0.16254 0.00752 0.09180
v -0.16811 0.00791 0.09082
v -0.16069 -0.01502 0.07661
v -0.16028 -0.00940 0.07995
v -0.15758 -0.00696 0.08142
v -0.15932 0.00204 0.08764
v -0.15708 -0.01460 0.07591
v -0.15549 -0.00832 0.07942
v -0.15315 -0.00125 0.08312
v -0.15389 0.00351 0.08762
v -0.15112 0.00996 0.09200
v -0.21508 0.05197 0.00397
v -0.21150 0.05025 0.02517
v -0.20903 0.04826 0.03361
v -0.21296 0.05735 0.00387
v -0.20876 0.05451 0.02881
v -0.21442 0.05477 0.00600
v -0.20637 0.05210 0.03666
v -0.20191 0.05695 0.04354
v -0.19757 0.04787 0.06885
v -0.19357 0.04815 0.08023
v -0.20888 0.06272 0.00463
v -0.20726 0.06190 0.02386
v -0.20450 0.06101 0.03339
v -0.19754 0.05573 0.06243
v -0.19402 0.06083 0.07131
v -0.19269 0.05778 0.07893
v -0.20616 0.07102 0.00425
v -0.20401 0.07105 0.02467
v -0.19852 0.07223 0.04042
v -0.19616 0.06753 0.05385
v -0.19330 0.07291 0.05984
v -0.20436 0.07764 0.00401
v -0.20182 0.07664 0.02648
v -0.20032 0.07489 0.03347
v -0.20538 0.06866 0.00600
v -0.20440 0.07606 0.00600
v -0.19157 0.06644 0.07711
v -0.20128 0.08398 0.00471
v -0.20048 0.08169 0.02494
v -0.19380 0.08184 0.04729
v -0.19113 0.07326 0.07099
v -0.18966 0.07392 0.08062
v -0.20201 0.09243 0.00600
v -0.20042 0.09178 0.00388
v -0.19593 0.08877 0.03357
v -0.18984 0.08318 0.06035
v -0.18885 0.08195 0.06960
v -0.18917 0.07937 0.07728
v -0.19699 0.09802 0.00445
v -0.19455 0.09848 0.02635
v -0.18955 0.08962 0.05188
v -0.19488 0.10466 0.00387
v -0.19231 0.10102 0.03124
v -0.19506 0.09583 0.00600
v -0.18524 0.09368 0.06299
v -0.18511 0.09257 0.06938
v -0.18681 0.08599 0.07970
v -0.19407 0.10414 0.00600
v -0.18985 0.09888 0.03997
v -0.18657 0.09591 0.05331
v -0.18367 0.09397 0.07787
v -0.18979 0.11016 0.00494
v -0.19020 0.10844 0.02477
v -0.18339 0.10250 0.05382
v -0.18080 0.09895 0.07051
v -0.18026 0.09827 0.07895
v -0.18756 0.11766 0.00398
v -0.18597 0.11503 0.02600
v -0.18550 0.11101 0.03566
v -0.18103 0.10847 0.05143
v -0.18387 0.11456 0.00600
v -0.17827 0.10575 0.06459
v -0.17618 0.10575 0.07228
v -0.17656 0.10247 0.07990
v -0.18235 0.12221 0.00600
v -0.18362 0.12328 0.00386
v -0.18102 0.11852 0.03318
v -0.17905 0.11420 0.04592
v -0.17238 0.11363 0.06439
v -0.16937 0.11010 0.07880
v -0.16800 0.12321 0.00600
v -0.16572 0.11766 0.07102
v -0.15143 0.11281 0.00600
v -0.15584 0.12028 0.00600
v -0.16145 0.11394 0.08939
v -0.14320 0.05745 0.00600
v -0.14302 0.07109 0.00600
v -0.14236 0.08011 0.00600
v -0.14217 0.08927 0.00600
v -0.14113 0.09923 0.00600
v -0.14436 0.10926 0.00600
v -0.14409 0.12005 0.00600
v -0.19166 0.05467 0.08348
v -0.19012 0.04856 0.08786
v -0.18790 0.05718 0.09504
v -0.18968 0.06600 0.08746
v -0.18876 0.07985 0.08404
v -0.18860 0.07401 0.09598
v -0.18865 0.07921 0.09164
v -0.18693 0.08620 0.08917
v -0.18393 0.09321 0.08688
v -0.18022 0.09812 0.08450
v -0.17929 0.09751 0.09213
v -0.17492 0.10163 0.08982
v -0.16723 0.10851 0.08959
v -0.17530 0.12855 0.00435
v -0.17690 0.12511 0.02669
v -0.17559 0.12087 0.04100
v -0.17390 0.11858 0.05077
v -0.16747 0.13376 0.00600
v -0.16903 0.13332 0.00394
v -0.17141 0.12762 0.03289
v -0.16976 0.12510 0.04456
v -0.16878 0.12264 0.05444
v -0.16621 0.12182 0.06263
v -0.16334 0.13562 0.00377
v -0.16584 0.12925 0.03514
v -0.16348 0.12819 0.04109
v -0.16326 0.12719 0.04924
v -0.15609 0.13083 0.00600
v -0.15632 0.13792 0.00600
v -0.16153 0.12610 0.05668
v -0.15830 0.12620 0.06159
v -0.15905 0.12247 0.07078
v -0.15889 0.11916 0.08025
v -0.15671 0.13558 0.00402
v -0.15778 0.13136 0.03200
v -0.15652 0.12941 0.04232
v -0.15581 0.12876 0.05168
v -0.15522 0.12765 0.05647
v -0.14561 0.13128 0.00600
v -0.14411 0.13172 0.00407
v -0.14488 0.12823 0.03131
v -0.14309 0.12518 0.04304
v -0.14426 0.12684 0.05337
v -0.15044 0.12540 0.06238
v -0.14777 0.12303 0.06981
v -0.14940 0.12149 0.07948
v -0.15106 0.13507 0.00382
v -0.15180 0.13070 0.03418
v -0.15009 0.12824 0.04448
v -0.15651 0.11862 0.08714
v -0.15417 0.11830 0.09347
v -0.14733 0.11942 0.08891
v -0.14754 0.11858 0.09467
v -0.13657 -0.02702 0.00600
v -0.13514 -0.02934 0.00406
v -0.13822 -0.02440 0.03229
v -0.14065 -0.02203 0.04107
v -0.14292 -0.02184 0.05058
v -0.14667 -0.02228 0.05885
v -0.15056 -0.01370 0.07008
v -0.13699 -0.01786 0.00600
v -0.13605 -0.01871 0.00430
v -0.13797 -0.01531 0.03228
v -0.13978 -0.01441 0.04281
v -0.14113 -0.01153 0.05227
v -0.14363 -0.01277 0.05943
v -0.14679 -0.01164 0.06643
v -0.13580 -0.00763 0.00421
v -0.13762 -0.00610 0.03238
v -0.13901 -0.00450 0.04415
v -0.13980 -0.00441 0.05372
v -0.14145 -0.00630 0.05883
v -0.14317 -0.00408 0.06539
v -0.14629 -0.00089 0.07445
v -0.13662 0.01570 0.00600
v -0.13579 0.00239 0.00425
v -0.13718 0.00325 0.03242
v -0.13762 0.00547 0.04263
v -0.13839 0.00193 0.05137
v -0.14017 0.00044 0.05988
v -0.14186 0.00356 0.06890
v -0.14258 0.01141 0.08008
v -0.13580 0.02028 0.00428
v -0.13713 0.01265 0.03265
v -0.13655 0.01426 0.04243
v -0.13718 0.00992 0.04971
v -0.13662 0.02326 0.03398
v -0.13522 0.02110 0.04348
v -0.13787 0.03245 0.00600
v -0.13195 0.04034 0.00594
v -0.12938 0.03856 0.00400
v -0.13442 0.02996 0.04094
v -0.13720 0.04765 0.00600
v -0.13155 0.04324 0.00397
v -0.13431 0.04047 0.03712
v -0.13795 0.00823 0.05697
v -0.13977 0.00645 0.06453
v -0.14077 0.01273 0.07643
v -0.13630 0.01470 0.05466
v -0.13856 0.01503 0.07021
v -0.13416 0.02630 0.05224
v -0.13610 0.02079 0.06018
v -0.13499 0.02932 0.07153
v -0.13748 0.02308 0.07896
v -0.13241 0.03715 0.05235
v -0.13427 0.03066 0.06122
v -0.13379 0.03418 0.08067
v -0.13295 0.04592 0.04376
v -0.13209 0.03957 0.06144
v -0.13263 0.03960 0.07076
v -0.15101 -0.00313 0.07897
v -0.14964 0.00719 0.08755
v -0.14589 0.00879 0.08402
v -0.14214 0.01885 0.08915
v -0.14509 0.01685 0.09279
v -0.14024 0.01997 0.08516
v -0.13901 0.02659 0.09423
v -0.13580 0.03078 0.08928
v -0.13170 0.04054 0.08735
v -0.13348 0.05271 0.00491
v -0.13516 0.04942 0.03250
v -0.13653 0.06114 0.00600
v -0.12929 0.06268 0.00600
v -0.13006 0.06172 0.00401
v -0.13504 0.07004 0.00600
v -0.12818 0.07155 0.00600
v -0.13295 0.08012 0.00600
v -0.12660 0.07885 0.00600
v -0.12936 0.07561 0.00422
v -0.13503 0.09017 0.00600
v -0.12703 0.08818 0.00600
v -0.13155 0.09735 0.00600
v -0.12621 0.09933 0.00600
v -0.13358 0.10926 0.00600
v -0.13019 0.10749 0.00415
v -0.13313 0.10608 0.03332
v -0.13425 0.10567 0.04327
v -0.13543 0.10708 0.05298
v -0.13493 0.10035 0.05896
v -0.13650 0.10435 0.07253
v -0.13623 0.10363 0.07748
v -0.13432 0.11926 0.00600
v -0.13378 0.11813 0.00412
v -0.13459 0.11311 0.03496
v -0.13655 0.11400 0.04453
v -0.13671 0.11338 0.05416
v -0.13720 0.11126 0.06319
v -0.13836 0.11097 0.07902
v -0.13354 0.05325 0.03717
v -0.13176 0.04777 0.05121
v -0.13084 0.04848 0.06133
v -0.13057 0.04773 0.07041
v -0.12988 0.04759 0.07914
v -0.13235 0.06312 0.03603
v -0.13239 0.05615 0.04363
v -0.13200 0.06281 0.04639
v -0.13093 0.05737 0.06111
v -0.12960 0.05686 0.07014
v -0.12828 0.05788 0.08032
v -0.13196 0.06834 0.04853
v -0.13148 0.06732 0.06202
v -0.12863 0.06825 0.07965
v -0.12867 0.08361 0.00412
v -0.13212 0.07660 0.03340
v -0.13291 0.07858 0.05615
v -0.13258 0.07694 0.06232
v -0.13144 0.07557 0.07019
v -0.12989 0.07594 0.07915
v -0.12816 0.09716 0.00403
v -0.13188 0.08490 0.03543
v -0.13315 0.08759 0.04720
v -0.13325 0.08454 0.07015
v -0.13175 0.08341 0.07777
v -0.13171 0.09397 0.03292
v -0.13248 0.09886 0.03638
v -0.13477 0.09339 0.06865
v -0.13412 0.09445 0.08411
v -0.12870 0.10290 0.00394
v -0.13404 0.09980 0.04613
v -0.13641 0.10494 0.08627
v -0.13638 0.10599 0.09669
v -0.13936 0.11273 0.08933
v -0.12830 0.04918 0.08683
v -0.12588 0.05685 0.09074
v -0.12620 0.06687 0.08807
v -0.12573 0.06518 0.09629
v -0.12820 0.07484 0.08691
v -0.12757 0.07520 0.09610
v -0.13114 0.08394 0.08735
v -0.13707 0.12740 0.00600
v -0.13873 0.12848 0.00379
v -0.13731 0.12193 0.03367
v -0.13930 0.12158 0.04295
v -0.14011 0.12117 0.05047
v -0.14146 0.11995 0.06042
v -0.14055 0.11711 0.07198
v -0.14098 0.11751 0.08304
v -0.14107 0.11801 0.08779
v -0.14373 0.11719 0.09285
v -0.17022 0.01167 0.09248
v -0.15870 0.00779 0.09240
v -0.18820 0.06665 0.09598
v -0.15516 0.11687 0.09543
v -0.13793 0.10948 0.09701
v -0.12786 0.04910 0.09717
v -0.12738 0.05066 0.09738
v -0.18406 0.03412 0.09360
v -0.15565 0.00859 0.09261
v -0.18849 0.07260 0.09598
v -0.14242 0.02186 0.09519
v -0.16693 0.00947 0.09241
v -0.18737 0.05000 0.09464
v -0.18758 0.08442 0.09703
v -0.16820 0.10590 0.09582
v -0.14026 0.02531 0.09533
v -0.13280 0.03917 0.09672
v -0.13070 0.08487 0.09737
v -0.17691 0.01919 0.09280
v -0.17535 0.01740 0.09272
v -0.17239 0.10237 0.09604
v -0.13928 0.11290 0.09720
v -0.12849 0.04792 0.09676
v -0.14960 0.01271 0.09384
v -0.13906 0.02711 0.09576
v -0.12529 0.05773 0.09745
v -0.13961 0.11309 0.09710
v -0.17807 0.09780 0.09611
v -0.14757 0.11834 0.09595
v -0.12553 0.06261 0.09757
v -0.18777 0.05862 0.09598
v -0.18332 0.09270 0.09650
v -0.17594 0.09961 0.09613
v -0.13623 0.03212 0.09610
v -0.13319 0.09333 0.09728
v -0.15127 0.01096 0.09310
v -0.18846 0.07535 0.09648
v -0.15831 0.11460 0.09578
v -0.14521 0.01788 0.09446
v -0.14407 0.01952 0.09500
v -0.12880 0.07913 0.09737
v -0.18064 0.02538 0.09302
v -0.18609 0.04060 0.09334
v -0.17358 0.01499 0.09265
v -0.18602 0.04158 0.09399
v -0.18803 0.08240 0.09697
v -0.16636 0.10754 0.09577
v -0.16494 0.10888 0.09572
v -0.15202 0.11791 0.09518
v -0.15063 0.01163 0.09345
v -0.14667 0.01627 0.09411
v -0.13367 0.03702 0.09654
v -0.12748 0.07469 0.09693
v -0.13493 0.10061 0.09734
v -0.14520 0.11727 0.09600
vn 0.0000 0.0000 -1.0000
vn 0.0000 0.0000 -1.0000
vn 0.0000 0.0000 -1.0000
vn 0.0000 0.0000 -1.0000
vn 0.0000 0.0000 -1.0000
vn 0.0000 0.0000 -1.0000
vn 0.0000 0.0000 -1.0000
vn 0.0000 0.0000 -1.0000
vn 0.0000 0.0000 -1.0000
vn 0.0000 0.0000 -1.0000
vn 0.0000 0.0000 -1.0000
vn 0.0000 0.0000 -1.0000
vn 0.0000 0.0000 -1.0000
vn 0.0000 0.0000 -1.0000
vn 0.0000 0.0000 -1.0000
vn 0.0000 0.0000 -1.0000
vn 0.0000 0.0000 -1.0000
vn 0.0000 0.0000 -1.0000
vn 0.0000 0.0000 -1.0000
vn 0.0000 0.0000 -1.0000
vn 0.0000 0.0000 -1.0000
vn 0.0000 0.0000 -1.0000
vn 0.0000 0.0000 -1.0000
vn 0.0000 0.0000 -1.0000
vn 0.0000 0.0000 -1.0000
vn 0.0000 0.0000 -1.0000
vn 0.0000 0.0000 -1.0000
vn 0.0000 0.0000 -1.0000
vn 0.0000 0.0000 -1.0000
vn 0.0000 0.0000 -1.0000
vn 0.0000 0.0000 -1.0000
vn 0.0000 0.0000 -1.0000
vn 0.0000 0.0000 -1.0000
vn 0.0000 0.0000 -1.0000
vn 0.0000 0.0000 -1.0000
vn 0.0000 0.0000 -1.0000
vn 0.0000 0.0000 -1.0000
vn 0.0000 0.0000 -1.0000
vn 0.0000 0.0000 -1.0000
vn 0.0000 0.0000 -1.0000
vn 0.0000 0.0000 -1.0000
vn 0.0000 0.0000 -1.0000
vn 0.0000 0.0000 -1.0000
vn 0.0000 0.0000 -1.0000
vn 0.0000 0.0000 -1.0000
vn 0.0000 0.0000 -1.0000
vn 0.0000 0.0000 -1.0000
vn 0.0000 0.0000 -1.0000
vn 0.0000 0.0000 -1.0000
vn 0.0000 0.0000 -1.0000
vn 0.0000 0.0000 -1.0000
vn -0.9976 -0.0307 0.0614
vn -0.9649 -0.0965 0.2442
vn -0.9839 -0.0413 0.1742
vn -0.9971 -0.0712 0.0259
vn -0.9314 -0.0353 -0.3623
vn -0.9976 -0.0307 0.0614
vn -0.9971 -0.0712 0.0259
vn -0.9839 -0.0413 0.1742
vn -0.9855 -0.0793 0.1503
vn 0.0000 0.0000 -1.0000
vn 0.0000 0.0000 -1.0000
vn 0.0000 0.0000 -1.0000
vn -0.9969 -0.0709 -0.0354
vn -0.9855 -0.0793 0.1503
vn -0.9921 -0.0662 0.1068
vn -0.9440 -0.1190 0.3077
vn -0.9855 -0.0793 0.1503
vn -0.9231 -0.1019 0.3708
vn -0.9068 -0.1913 0.3757
vn -0.9231 -0.1019 0.3708
vn -0.8683 -0.1350 0.4773
vn -0.9106 -0.2300 -0.3434
vn -0.8137 -0.5573 0.1650
vn -0.8963 -0.3218 0.3052
vn -0.9447 -0.2904 0.1520
vn -0.9106 -0.2300 -0.3434
vn -0.8963 -0.3218 0.3052
vn -0.8992 -0.4375 0.0016
vn -0.8498 -0.2778 -0.4480
vn -0.9447 -0.2904 0.1520
vn -0.9447 -0.2904 0.1520
vn -0.5652 -0.3149 0.7625
vn -0.5984 -0.3320 0.7292
vn -0.6668 -0.7103 0.2257
vn -0.3923 -0.9123 -0.1172
vn -0.4289 -0.8946 0.1255
vn -0.8137 -0.5573 0.1650
vn -0.6236 -0.7025 -0.3430
vn -0.6668 -0.7103 0.2257
vn -0.6668 -0.7103 0.2257
vn -0.4937 -0.6245 0.6052
vn -0.3955 -0.3142 0.8630
vn 0.0000 0.0000 -1.0000
vn -0.0000 0.0000 -1.0000
vn -0.9106 -0.2300 -0.3434
vn -0.6163 -0.3024 0.7272
vn -0.8137 -0.5573 0.1650
vn -0.6668 -0.7103 0.2257
vn -0.6163 -0.3024 0.7272
vn -0.3955 -0.3142 0.8630
vn -0.3601 -0.2082 0.9094
vn -0.5652 -0.3149 0.7625
vn -0.6163 -0.3024 0.7272
vn -0.3601 -0.2082 0.9094
vn 0.0000 0.0000 -1.0000
vn -0.9106 -0.2300 -0.3434
vn -0.8498 -0.2778 -0.4480
vn -0.3981 -0.3663 0.8410
vn -0.5652 -0.3149 0.7625
vn -0.3601 -0.2082 0.9094
vn -0.3981 -0.3663 0.8410
vn -0.1202 -0.3495 0.9292
vn -0.1710 -0.5075 0.8445
vn -0.4846 -0.4227 0.7658
vn -0.3981 -0.3663 0.8410
vn -0.1710 -0.5075 0.8445
vn 0.0431 -0.9938 0.1026
vn -0.3923 -0.9123 -0.1172
vn 0.0319 -0.9588 -0.2823
vn -0.1072 -0.7266 0.6787
vn -0.4289 -0.8946 0.1255
vn 0.0431 -0.9938 0.1026
vn 0.0000 0.0000 -1.0000
vn 0.0000 0.0000 -1.0000
vn -0.6236 -0.7025 -0.3430
vn 0.3915 -0.8055 0.4449
vn -0.1072 -0.7266 0.6787
vn 0.0431 -0.9938 0.1026
vn -0.3955 -0.3142 0.8630
vn -0.1072 -0.7266 0.6787
vn 0.0715 -0.3914 0.9174
vn 0.0000 0.0000 -1.0000
vn 0.0000 0.0000 -1.0000
vn -0.6236 -0.7025 -0.3430
vn 0.0113 -0.0796 0.9968
vn -0.3955 -0.3142 0.8630
vn 0.0715 -0.3914 0.9174
vn -0.1202 -0.3495 0.9292
vn 0.0113 -0.0796 0.9968
vn 0.2048 -0.2378 0.9495
vn 0.0000 0.0000 -1.0000
vn 0.0000 0.0000 -1.0000
vn 0.0000 0.0000 -1.0000
vn 0.2152 -0.3713 0.9032
vn -0.1202 -0.3495 0.9292
vn 0.2048 -0.2378 0.9495
vn -0.0000 0.0000 -1.0000
vn -0.0000 0.0000 -1.0000
vn 0.0000 0.0000 -1.0000
vn 0.0000 0.0000 -1.0000
vn 0.0000 0.0000 -1.0000
vn 0.0000 0.0000 -1.0000
vn 0.5284 -0.6604 -0.5335
vn 0.0000 0.0000 -1.0000
vn 0.0000 0.0000 -1.0000
vn 0.3915 -0.8055 0.4449
vn 0.4300 -0.9011 0.0565
vn 0.6166 -0.7387 0.2724
vn 0.4504 -0.3264 0.8310
vn 0.3915 -0.8055 0.4449
vn 0.6166 -0.7387 0.2724
vn 0.0000 0.0000 -1.0000
vn 0.0000 0.0000 -1.0000
vn 0.0000 0.0000 -1.0000
vn 0.0113 -0.0796 0.9968
vn 0.4504 -0.3264 0.8310
vn 0.2824 -0.1651 0.9450
vn 0.2048 -0.2378 0.9495
vn 0.0113 -0.0796 0.9968
vn 0.2824 -0.1651 0.9450
vn 0.0000 0.0000 -1.0000
vn 0.0000 0.0000 -1.0000
vn 0.0000 0.0000 -1.0000
vn 0.2399 -0.2631 0.9345
vn 0.2048 -0.2378 0.9495
vn 0.2824 -0.1651 0.9450
vn 0.2152 -0.3713 0.9032
vn 0.2048 -0.2378 0.9495
vn 0.2399 -0.2631 0.9345
vn 0.3356 -0.9090 0.2472
vn 0.5284 -0.6604 -0.5335
vn 0.2210 -0.8963 -0.3845
vn 0.3801 -0.4628 0.8008
vn 0.6166 -0.7387 0.2724
vn 0.3356 -0.9090 0.2472
vn 0.0000 0.0000 -1.0000
vn 0.2210 -0.8963 -0.3845
vn 0.5284 -0.6604 -0.5335
vn 0.2034 -0.6067 0.7684
vn 0.3801 -0.4628 0.8008
vn 0.3356 -0.9090 0.2472
vn 0.2824 -0.1651 0.9450
vn 0.3801 -0.4628 0.8008
vn 0.1557 -0.2565 0.9539
vn 0.0000 0.0000 -1.0000
vn 0.0000 0.0000 -1.0000
vn 0.0000 0.0000 -1.0000
vn 0.2399 -0.2631 0.9345
vn 0.1557 -0.2565 0.9539
vn 0.1658 -0.2169 0.9620
vn 0.4891 -0.8512 0.1905
vn 0.2210 -0.8963 -0.3845
vn 0.4130 -0.8240 -0.3879
vn 0.0000 0.0000 -1.0000
vn 0.4130 -0.8240 -0.3879
vn 0.2210 -0.8963 -0.3845
vn 0.7213 -0.6882 -0.0786
vn 0.4891 -0.8512 0.1905
vn 0.4130 -0.8240 -0.3879
vn 0.2034 -0.6067 0.7684
vn 0.4891 -0.8512 0.1905
vn 0.6519 -0.6152 0.4434
vn 0.2469 -0.2150 0.9449
vn 0.2034 -0.6067 0.7684
vn 0.6519 -0.6152 0.4434
vn 0.0000 0.0000 -1.0000
vn 0.0000 0.0000 -1.0000
vn 0.0000 0.0000 -1.0000
vn 0.3861 -0.3686 0.8456
vn 0.2469 -0.2150 0.9449
vn 0.6519 -0.6152 0.4434
vn 0.1658 -0.2169 0.9620
vn 0.2469 -0.2150 0.9449
vn 0.2278 -0.2586 0.9387
vn 0.7797 -0.6033 0.1675
vn 0.7213 -0.6882 -0.0786
vn 0.6639 -0.4201 -0.6186
vn 0.6783 -0.7098 -0.1897
vn 0.7797 -0.6033 0.1675
vn 0.6639 -0.4201 -0.6186
vn 0.3861 -0.3686 0.8456
vn 0.7797 -0.6033 0.1675
vn 0.6167 -0.6911 0.3769
vn 0.2612 -0.2826 0.9230
vn 0.3861 -0.3686 0.8456
vn 0.6167 -0.6911 0.3769
vn -0.9613 -0.1857 -0.2033
vn -0.8992 -0.4375 0.0016
vn -0.9870 -0.0951 0.1296
vn -0.9752 -0.1973 0.1005
vn -0.9613 -0.1857 -0.2033
vn -0.9870 -0.0951 0.1296
vn -0.9752 -0.1973 0.1005
vn -0.8684 -0.2405 0.4337
vn -0.8723 -0.3159 0.3733
vn -0.9473 -0.3204 0.0045
vn -0.9055 -0.0619 -0.4198
vn -0.9752 -0.1973 0.1005
vn -0.8808 -0.3055 0.3616
vn -0.9752 -0.1973 0.1005
vn -0.8723 -0.3159 0.3733
vn -0.8808 -0.3055 0.3616
vn -0.7307 -0.3842 0.5643
vn -0.7681 -0.3105 0.5600
vn -0.7283 -0.3400 -0.5950
vn -0.9473 -0.3204 0.0045
vn -0.9496 -0.3133 0.0077
vn -0.8933 -0.3100 0.3256
vn -0.9473 -0.3204 0.0045
vn -0.8808 -0.3055 0.3616
vn -0.7957 -0.3102 0.5203
vn -0.8808 -0.3055 0.3616
vn -0.7681 -0.3105 0.5600
vn -0.7671 -0.2886 -0.5729
vn -0.9496 -0.3133 0.0077
vn -0.9699 -0.2261 0.0909
vn -0.9699 -0.2261 0.0909
vn -0.9825 -0.1180 -0.1439
vn -0.7671 -0.2886 -0.5729
vn -0.9699 -0.2261 0.0909
vn -0.8933 -0.3100 0.3256
vn -0.9366 -0.1766 0.3025
vn -0.9649 -0.0965 0.2442
vn -0.9699 -0.2261 0.0909
vn -0.9366 -0.1766 0.3025
vn -0.8445 -0.2544 0.4713
vn -0.8933 -0.3100 0.3256
vn -0.7957 -0.3102 0.5203
vn -0.7276 -0.2271 0.6473
vn -0.7957 -0.3102 0.5203
vn -0.7104 -0.3059 0.6339
vn 0.0000 0.0000 -1.0000
vn -0.0000 0.0000 -1.0000
vn -0.9314 -0.0353 -0.3623
vn -0.9410 -0.0858 0.3272
vn -0.9649 -0.0965 0.2442
vn -0.9366 -0.1766 0.3025
vn -0.9410 -0.0858 0.3272
vn -0.8445 -0.2544 0.4713
vn -0.8508 -0.0945 0.5169
vn -0.9231 -0.1019 0.3708
vn -0.9410 -0.0858 0.3272
vn -0.8508 -0.0945 0.5169
vn -0.8508 -0.0945 0.5169
vn -0.7276 -0.2271 0.6473
vn -0.7673 -0.1774 0.6163
vn -0.8683 -0.1350 0.4773
vn -0.8508 -0.0945 0.5169
vn -0.7673 -0.1774 0.6163
vn -0.7195 -0.2388 0.6522
vn -0.7276 -0.2271 0.6473
vn -0.6584 -0.2406 0.7132
vn -0.7195 -0.2388 0.6522
vn -0.5364 -0.2235 0.8138
vn -0.6022 -0.3054 0.7376
vn 0.0000 0.0000 -1.0000
vn 0.0000 0.0000 -1.0000
vn -0.9314 -0.0353 -0.3623
vn -0.8277 -0.2502 0.5023
vn -0.8683 -0.1350 0.4773
vn -0.7673 -0.1774 0.6163
vn -0.8277 -0.2502 0.5023
vn -0.7195 -0.2388 0.6522
vn -0.7167 -0.2951 0.6319
vn -0.7167 -0.2951 0.6319
vn -0.6022 -0.3054 0.7376
vn -0.6409 -0.3298 0.6932
vn 0.0000 0.0000 -1.0000
vn 0.0000 0.0000 -1.0000
vn 0.0000 0.0000 -1.0000
vn -0.7680 -0.3138 0.5583
vn -0.7167 -0.2951 0.6319
vn -0.6409 -0.3298 0.6932
vn -0.8358 -0.2335 0.4970
vn -0.8992 -0.4375 0.0016
vn -0.9447 -0.2904 0.1520
vn -0.8358 -0.2335 0.4970
vn -0.5984 -0.3320 0.7292
vn -0.6531 -0.3486 0.6722
vn -0.8684 -0.2405 0.4337
vn -0.8358 -0.2335 0.4970
vn -0.6531 -0.3486 0.6722
vn -0.6531 -0.3486 0.6722
vn -0.4846 -0.4227 0.7658
vn -0.5508 -0.4473 0.7047
vn -0.9055 -0.0619 -0.4198
vn 0.0000 0.0000 -1.0000
vn 0.0000 -0.0000 -1.0000
vn -0.7181 -0.3897 0.5766
vn -0.8684 -0.2405 0.4337
vn -0.6531 -0.3486 0.6722
vn -0.7307 -0.3842 0.5643
vn -0.7181 -0.3897 0.5766
vn -0.5508 -0.4473 0.7047
vn -0.5508 -0.4473 0.7047
vn -0.3522 -0.4247 0.8340
vn -0.4421 -0.4395 0.7819
vn -0.6592 -0.1740 -0.7316
vn 0.0000 0.0000 -1.0000
vn -0.9055 -0.0619 -0.4198
vn -0.6152 -0.4087 0.6742
vn -0.7307 -0.3842 0.5643
vn -0.5508 -0.4473 0.7047
vn -0.6152 -0.4087 0.6742
vn -0.4421 -0.4395 0.7819
vn -0.5398 -0.4134 0.7333
vn -0.7104 -0.3059 0.6339
vn -0.6152 -0.4087 0.6742
vn -0.5398 -0.4134 0.7333
vn 0.0000 0.0000 -1.0000
vn -0.6592 -0.1740 -0.7316
vn -0.7283 -0.3400 -0.5950
vn -0.5180 -0.3520 0.7795
vn -0.7104 -0.3059 0.6339
vn -0.5398 -0.4134 0.7333
vn -0.5180 -0.3520 0.7795
vn -0.1627 -0.3879 0.9073
vn -0.2520 -0.3589 0.8987
vn -0.6584 -0.2406 0.7132
vn -0.5180 -0.3520 0.7795
vn -0.2520 -0.3589 0.8987
vn 0.0000 0.0000 -1.0000
vn -0.7283 -0.3400 -0.5950
vn -0.7671 -0.2886 -0.5729
vn -0.3920 -0.2378 0.8887
vn -0.6584 -0.2406 0.7132
vn -0.2520 -0.3589 0.8987
vn -0.3920 -0.2378 0.8887
vn -0.0671 -0.3131 0.9474
vn -0.1883 -0.2583 0.9475
vn -0.5364 -0.2235 0.8138
vn -0.3920 -0.2378 0.8887
vn -0.1883 -0.2583 0.9475
vn 0.0000 0.0000 -1.0000
vn 0.0000 0.0000 -1.0000
vn -0.7671 -0.2886 -0.5729
vn -0.3292 -0.3518 0.8763
vn -0.5364 -0.2235 0.8138
vn -0.1883 -0.2583 0.9475
vn 0.0000 0.0000 -1.0000
vn 0.0000 0.0000 -1.0000
vn 0.0000 0.0000 -1.0000
vn -0.5168 -0.3642 0.7748
vn -0.6022 -0.3054 0.7376
vn -0.3292 -0.3518 0.8763
vn -0.5168 -0.3642 0.7748
vn -0.2102 -0.4487 0.8686
vn -0.3652 -0.4300 0.8257
vn -0.5821 -0.3937 0.7114
vn -0.5168 -0.3642 0.7748
vn -0.3652 -0.4300 0.8257
vn 0.0000 0.0000 -1.0000
vn 0.0000 0.0000 -1.0000
vn 0.0000 0.0000 -1.0000
vn 0.0000 0.0000 -1.0000
vn 0.0000 0.0000 -1.0000
vn -0.8498 -0.2778 -0.4480
vn -0.3207 -0.5139 0.7957
vn -0.4846 -0.4227 0.7658
vn -0.1710 -0.5075 0.8445
vn -0.3207 -0.5139 0.7957
vn 0.2548 -0.4372 0.8625
vn 0.2565 -0.3626 0.8960
vn -0.3522 -0.4247 0.8340
vn -0.3207 -0.5139 0.7957
vn 0.2565 -0.3626 0.8960
vn 0.0000 0.0000 -1.0000
vn 0.0000 0.0000 -1.0000
vn 0.0000 0.0000 -1.0000
vn 0.0086 -0.3512 0.9362
vn -0.3522 -0.4247 0.8340
vn 0.2565 -0.3626 0.8960
vn 0.0000 0.0000 -1.0000
vn 0.0000 0.0000 -1.0000
vn 0.0000 0.0000 -1.0000
vn -0.1627 -0.3879 0.9073
vn -0.4421 -0.4395 0.7819
vn 0.0086 -0.3512 0.9362
vn 0.0000 0.0000 -1.0000
vn 0.0000 0.0000 -1.0000
vn 0.0000 0.0000 -1.0000
vn 0.1873 -0.3382 0.9222
vn -0.1627 -0.3879 0.9073
vn 0.2086 -0.2903 0.9339
vn -0.0671 -0.3131 0.9474
vn 0.1873 -0.3382 0.9222
vn 0.2073 -0.3338 0.9196
vn 0.0000 0.0000 -1.0000
vn 0.0000 0.0000 -1.0000
vn 0.0000 0.0000 -1.0000
vn 0.1058 -0.3001 0.9480
vn -0.0671 -0.3131 0.9474
vn 0.2073 -0.3338 0.9196
vn 0.0000 0.0000 -1.0000
vn 0.0000 0.0000 -1.0000
vn 0.0000 0.0000 -1.0000
vn 0.0593 -0.4049 0.9124
vn -0.1883 -0.2583 0.9475
vn 0.1058 -0.3001 0.9480
vn -0.2102 -0.4487 0.8686
vn 0.0593 -0.4049 0.9124
vn 0.1777 -0.4274 0.8864
vn 0.0000 0.0000 -1.0000
vn 0.0000 0.0000 -1.0000
vn 0.0000 0.0000 -1.0000
vn 0.1241 -0.4358 0.8915
vn -0.2102 -0.4487 0.8686
vn 0.1777 -0.4274 0.8864
vn 0.0000 0.0000 -1.0000
vn 0.0000 0.0000 -1.0000
vn 0.0000 0.0000 -1.0000
vn 0.0000 0.0000 -1.0000
vn 0.0000 0.0000 -1.0000
vn 0.0000 0.0000 -1.0000
vn 0.0000 0.0000 -1.0000
vn 0.0000 0.0000 -1.0000
vn 0.0000 0.0000 -1.0000
vn 0.0000 0.0000 -1.0000
vn 0.0000 0.0000 -1.0000
vn 0.0000 0.0000 -1.0000
vn 0.3244 -0.3702 0.8705
vn 0.2548 -0.4372 0.8625
vn 0.2152 -0.3713 0.9032
vn 0.0000 0.0000 -1.0000
vn 0.0000 0.0000 -1.0000
vn 0.0000 0.0000 -1.0000
vn 0.2446 -0.3459 0.9058
vn 0.2565 -0.3626 0.8960
vn 0.2548 -0.4372 0.8625
vn 0.2086 -0.2903 0.9339
vn 0.0086 -0.3512 0.9362
vn 0.2446 -0.3459 0.9058
vn 0.0000 0.0000 -1.0000
vn 0.0000 0.0000 -1.0000
vn 0.0000 0.0000 -1.0000
vn 0.3179 -0.2742 0.9076
vn 0.2086 -0.2903 0.9339
vn 0.2446 -0.3459 0.9058
vn 0.0000 0.0000 -1.0000
vn 0.0000 0.0000 -1.0000
vn 0.0000 0.0000 -1.0000
vn 0.1873 -0.3382 0.9222
vn 0.3194 -0.2488 0.9144
vn 0.3493 -0.3156 0.8822
vn 0.2790 -0.3704 0.8860
vn 0.1873 -0.3382 0.9222
vn 0.3493 -0.3156 0.8822
vn 0.3489 -0.3981 0.8484
vn 0.2790 -0.3704 0.8860
vn 0.3493 -0.3156 0.8822
vn 0.0000 0.0000 -1.0000
vn 0.0000 0.0000 -1.0000
vn 0.0000 0.0000 -1.0000
vn 0.0593 -0.4049 0.9124
vn 0.2790 -0.3704 0.8860
vn 0.2616 -0.4014 0.8778
vn 0.1777 -0.4274 0.8864
vn 0.0593 -0.4049 0.9124
vn 0.2616 -0.4014 0.8778
vn 0.3039 -0.3678 0.8789
vn 0.1777 -0.4274 0.8864
vn 0.2616 -0.4014 0.8778
vn 0.1241 -0.4358 0.8915
vn 0.1777 -0.4274 0.8864
vn 0.3039 -0.3678 0.8789
vn 0.3286 -0.3783 0.8654
vn 0.3039 -0.3678 0.8789
vn 0.3437 -0.3534 0.8700
vn 0.0000 0.0000 -1.0000
vn 0.0000 0.0000 -1.0000
vn 0.0000 0.0000 -1.0000
vn 0.0000 0.0000 -1.0000
vn 0.0000 0.0000 -1.0000
vn 0.0000 0.0000 -1.0000
vn 0.3858 -0.2929 0.8748
vn 0.3428 -0.3916 0.8539
vn 0.3244 -0.3702 0.8705
vn 0.2446 -0.3459 0.9058
vn 0.3428 -0.3916 0.8539
vn 0.3179 -0.2742 0.9076
vn 0.0000 0.0000 -1.0000
vn 0.0000 0.0000 -1.0000
vn 0.0000 0.0000 -1.0000
vn 0.3194 -0.2488 0.9144
vn 0.3179 -0.2742 0.9076
vn 0.3874 -0.1953 0.9010
vn 0.0000 0.0000 -1.0000
vn 0.0000 0.0000 -1.0000
vn 0.0000 0.0000 -1.0000
vn 0.3594 -0.2480 0.8996
vn 0.3194 -0.2488 0.9144
vn 0.3874 -0.1953 0.9010
vn 0.0000 0.0000 -1.0000
vn 0.0000 0.0000 -1.0000
vn 0.0000 0.0000 -1.0000
vn 0.3489 -0.3981 0.8484
vn 0.3493 -0.3156 0.8822
vn 0.3465 -0.3848 0.8555
vn 0.3388 -0.3906 0.8559
vn 0.3489 -0.3981 0.8484
vn 0.3465 -0.3848 0.8555
vn 0.3522 -0.3970 0.8475
vn 0.3388 -0.3906 0.8559
vn 0.3465 -0.3848 0.8555
vn 0.3437 -0.3534 0.8700
vn 0.3039 -0.3678 0.8789
vn 0.3388 -0.3906 0.8559
vn 0.0000 0.0000 -1.0000
vn 0.0000 0.0000 -1.0000
vn 0.0000 0.0000 -1.0000
vn 0.1852 -0.2418 0.9525
vn 0.2399 -0.2631 0.9345
vn 0.1658 -0.2169 0.9620
vn 0.3244 -0.3702 0.8705
vn 0.2399 -0.2631 0.9345
vn 0.2896 -0.3007 0.9087
vn 0.0000 0.0000 -1.0000
vn 0.0000 0.0000 -1.0000
vn 0.0000 0.0000 -1.0000
vn 0.0000 0.0000 -1.0000
vn 0.0000 0.0000 -1.0000
vn 0.0000 0.0000 -1.0000
vn 0.2806 -0.2634 0.9230
vn 0.3858 -0.2929 0.8748
vn 0.2896 -0.3007 0.9087
vn 0.3874 -0.1953 0.9010
vn 0.3858 -0.2929 0.8748
vn 0.3594 -0.2480 0.8996
vn 0.0000 0.0000 -1.0000
vn 0.0000 0.0000 -1.0000
vn 0.0000 0.0000 -1.0000
vn 0.0000 0.0000 -1.0000
vn 0.0000 0.0000 -1.0000
vn 0.0000 0.0000 -1.0000
vn 0.3465 -0.3848 0.8555
vn 0.3594 -0.2480 0.8996
vn 0.2906 -0.3194 0.9019
vn 0.3095 -0.3447 0.8862
vn 0.3465 -0.3848 0.8555
vn 0.2906 -0.3194 0.9019
vn 0.4112 -0.3260 0.8513
vn 0.3388 -0.3906 0.8559
vn 0.3522 -0.3970 0.8475
vn 0.3437 -0.3534 0.8700
vn 0.4112 -0.3260 0.8513
vn 0.4055 -0.3267 0.8537
vn 0.0000 0.0000 -1.0000
vn 0.0000 0.0000 -1.0000
vn 0.0000 0.0000 -1.0000
vn 0.1852 -0.2418 0.9525
vn 0.2278 -0.2586 0.9387
vn 0.1862 -0.2266 0.9560
vn 0.2091 -0.2513 0.9450
vn 0.1852 -0.2418 0.9525
vn 0.1862 -0.2266 0.9560
vn 0.0000 0.0000 -1.0000
vn 0.0000 0.0000 -1.0000
vn 0.0000 0.0000 -1.0000
vn 0.2437 -0.2315 0.9418
vn 0.2091 -0.2513 0.9450
vn 0.1862 -0.2266 0.9560
vn 0.0000 0.0000 -1.0000
vn 0.0000 0.0000 -1.0000
vn 0.0000 0.0000 -1.0000
vn 0.0000 0.0000 -1.0000
vn 0.0000 0.0000 -1.0000
vn 0.0000 0.0000 -1.0000
vn 0.2784 -0.2410 0.9298
vn 0.2722 -0.2776 0.9213
vn 0.2806 -0.2634 0.9230
vn 0.4022 -0.3185 0.8583
vn 0.3522 -0.3970 0.8475
vn 0.3095 -0.3447 0.8862
vn 0.4533 -0.2876 0.8437
vn 0.4112 -0.3260 0.8513
vn 0.4022 -0.3185 0.8583
vn 0.0000 0.0000 -1.0000
vn 0.0000 0.0000 -1.0000
vn 0.0000 0.0000 -1.0000
vn 0.5348 -0.1989 0.8212
vn 0.2612 -0.2826 0.9230
vn 0.6167 -0.6911 0.3769
vn 0.1862 -0.2266 0.9560
vn 0.2612 -0.2826 0.9230
vn 0.3262 -0.2267 0.9177
vn 0.0000 0.0000 -1.0000
vn 0.0000 0.0000 -1.0000
vn 0.0000 0.0000 -1.0000
vn 0.4804 -0.2648 0.8361
vn 0.3262 -0.2267 0.9177
vn 0.5348 -0.1989 0.8212
vn 0.2437 -0.2315 0.9418
vn 0.3262 -0.2267 0.9177
vn 0.3725 -0.2059 0.9049
vn 0.0000 0.0000 -1.0000
vn 0.0000 0.0000 -1.0000
vn 0.0000 0.0000 -1.0000
vn 0.0000 0.0000 -1.0000
vn 0.0000 0.0000 -1.0000
vn 0.0000 0.0000 -1.0000
vn 0.3957 -0.1737 0.9018
vn 0.2437 -0.2315 0.9418
vn 0.3725 -0.2059 0.9049
vn 0.2806 -0.2634 0.9230
vn 0.2437 -0.2315 0.9418
vn 0.3260 -0.2253 0.9181
vn 0.3778 -0.2078 0.9023
vn 0.3260 -0.2253 0.9181
vn 0.3957 -0.1737 0.9018
vn 0.2784 -0.2410 0.9298
vn 0.3260 -0.2253 0.9181
vn 0.3925 -0.1942 0.8990
vn 0.3945 -0.2574 0.8821
vn 0.2784 -0.2410 0.9298
vn 0.3925 -0.1942 0.8990
vn 0.3095 -0.3447 0.8862
vn 0.3945 -0.2574 0.8821
vn 0.4022 -0.3185 0.8583
vn 0.4664 -0.2867 0.8368
vn 0.4533 -0.2876 0.8437
vn 0.4573 -0.2491 0.8537
vn 0.5079 -0.2165 0.8337
vn 0.4664 -0.2867 0.8368
vn 0.4573 -0.2491 0.8537
vn -0.3652 -0.4300 0.8257
vn -0.1192 -0.4670 0.8762
vn -0.1630 -0.4048 0.8997
vn -0.4459 -0.4524 0.7723
vn -0.3652 -0.4300 0.8257
vn -0.1630 -0.4048 0.8997
vn -0.1192 -0.4670 0.8762
vn 0.1241 -0.4358 0.8915
vn 0.2373 -0.3853 0.8918
vn 0.3286 -0.3783 0.8654
vn 0.2373 -0.3853 0.8918
vn 0.1241 -0.4358 0.8915
vn 0.3275 -0.3951 0.8583
vn 0.3286 -0.3783 0.8654
vn 0.3437 -0.3534 0.8700
vn 0.7085 -0.6793 0.1911
vn 0.6783 -0.7098 -0.1897
vn 0.4093 -0.6726 -0.6165
vn 0.0000 0.0000 -1.0000
vn 0.4093 -0.6726 -0.6165
vn 0.0000 0.0000 -1.0000
vn -0.4349 -0.8971 0.0779
vn 0.7085 -0.6793 0.1911
vn 0.4093 -0.6726 -0.6165
vn 0.5348 -0.1989 0.8212
vn 0.7085 -0.6793 0.1911
vn 0.8323 -0.3133 0.4574
vn 0.6976 -0.1233 -0.7058
vn 0.0000 0.0000 -1.0000
vn 0.0000 0.0000 -1.0000
vn 0.4804 -0.2648 0.8361
vn 0.8323 -0.3133 0.4574
vn 0.4291 -0.3885 0.8155
vn 0.3653 -0.2366 0.9003
vn 0.4804 -0.2648 0.8361
vn 0.4291 -0.3885 0.8155
vn 0.0000 0.0000 -1.0000
vn 0.0000 0.0000 -1.0000
vn 0.6561 -0.1765 -0.7337
vn 0.0000 0.0000 -1.0000
vn 0.6976 -0.1233 -0.7058
vn 0.0000 0.0000 -1.0000
vn 0.4609 -0.2623 0.8478
vn 0.3653 -0.2366 0.9003
vn 0.4291 -0.3885 0.8155
vn 0.3957 -0.1737 0.9018
vn 0.3653 -0.2366 0.9003
vn 0.3139 -0.1734 0.9335
vn 0.3166 -0.4580 -0.8306
vn 0.0000 0.0000 -1.0000
vn 0.0000 0.0000 -1.0000
vn 0.3778 -0.2078 0.9023
vn 0.3139 -0.1734 0.9335
vn 0.3027 -0.2360 0.9234
vn 0.3607 -0.1787 0.9154
vn 0.3778 -0.2078 0.9023
vn 0.3027 -0.2360 0.9234
vn 0.3945 -0.2574 0.8821
vn 0.3778 -0.2078 0.9023
vn 0.3832 -0.2193 0.8972
vn 0.4177 -0.1641 0.8936
vn 0.3832 -0.2193 0.8972
vn 0.3607 -0.1787 0.9154
vn 0.3945 -0.2574 0.8821
vn 0.3832 -0.2193 0.8972
vn 0.4573 -0.2491 0.8537
vn 0.5557 -0.1845 0.8106
vn 0.5079 -0.2165 0.8337
vn 0.5838 -0.1013 0.8056
vn 0.4370 -0.7485 0.4987
vn 0.9703 -0.1678 -0.1743
vn 0.9357 -0.2517 -0.2472
vn 0.6976 -0.1233 -0.7058
vn 0.9357 -0.2517 -0.2472
vn 0.9703 -0.1678 -0.1743
vn 0.7397 -0.2468 0.6260
vn 0.9357 -0.2517 -0.2472
vn 0.8470 -0.3577 -0.3933
vn 0.4291 -0.3885 0.8155
vn 0.4370 -0.7485 0.4987
vn 0.7397 -0.2468 0.6260
vn 0.6561 -0.1765 -0.7337
vn 0.8470 -0.3577 -0.3933
vn 0.6976 -0.1233 -0.7058
vn 0.1375 0.9246 0.3552
vn 0.1375 0.9246 0.3552
vn 0.1375 0.9246 0.3552
vn 0.4609 -0.2623 0.8478
vn 0.7397 -0.2468 0.6260
vn 0.7257 -0.3359 0.6004
vn 0.4376 -0.1937 0.8780
vn 0.4609 -0.2623 0.8478
vn 0.7257 -0.3359 0.6004
vn 0.3166 -0.4580 -0.8306
vn 0.0000 0.0000 -1.0000
vn -0.3377 -0.5965 -0.7281
vn 0.3166 -0.4580 -0.8306
vn 0.2959 -0.9333 -0.2036
vn 0.6561 -0.1765 -0.7337
vn 0.4277 -0.2858 0.8576
vn 0.4376 -0.1937 0.8780
vn 0.7257 -0.3359 0.6004
vn 0.3027 -0.2360 0.9234
vn 0.4376 -0.1937 0.8780
vn 0.4222 -0.2041 0.8832
vn 0.4539 -0.1508 0.8782
vn 0.4222 -0.2041 0.8832
vn 0.4277 -0.2858 0.8576
vn 0.3607 -0.1787 0.9154
vn 0.4222 -0.2041 0.8832
vn 0.4539 -0.1508 0.8782
vn 0.0000 0.0000 -1.0000
vn 0.0000 0.0000 -1.0000
vn 0.0000 0.0000 -1.0000
vn 0.4177 -0.1641 0.8936
vn 0.4539 -0.1508 0.8782
vn 0.4974 -0.1130 0.8601
vn 0.4572 -0.1552 0.8757
vn 0.4177 -0.1641 0.8936
vn 0.4974 -0.1130 0.8601
vn 0.0000 0.0000 -1.0000
vn 0.0000 0.0000 -1.0000
vn 0.0000 0.0000 -1.0000
vn 0.5125 -0.0876 0.8542
vn 0.4572 -0.1552 0.8757
vn 0.4974 -0.1130 0.8601
vn 0.0000 0.0000 -1.0000
vn 0.0000 0.0000 -1.0000
vn 0.0000 0.0000 -1.0000
vn 0.5838 -0.1013 0.8056
vn 0.5125 -0.0876 0.8542
vn 0.6060 -0.0104 0.7954
vn 0.6222 -0.6864 0.3765
vn 0.2959 -0.9333 -0.2036
vn 0.6868 -0.7088 -0.1609
vn 0.8721 -0.1107 -0.4767
vn 0.0000 0.0000 -1.0000
vn 0.0000 0.0000 -1.0000
vn -0.3377 -0.5965 -0.7281
vn -0.5281 -0.7924 -0.3053
vn 0.2959 -0.9333 -0.2036
vn 0.9401 -0.2400 0.2422
vn 0.6868 -0.7088 -0.1609
vn 0.8721 -0.1107 -0.4767
vn 0.4277 -0.2858 0.8576
vn 0.6222 -0.6864 0.3765
vn 0.9401 -0.2400 0.2422
vn 0.0000 0.0000 -1.0000
vn 0.0000 0.0000 -1.0000
vn 0.0000 0.0000 -1.0000
vn 0.0000 0.0000 -1.0000
vn 0.0000 0.0000 -1.0000
vn 0.0000 0.0000 -1.0000
vn 0.9670 -0.2265 -0.1171
vn 0.9401 -0.2400 0.2422
vn 0.8721 -0.1107 -0.4767
vn 0.4539 -0.1508 0.8782
vn 0.9401 -0.2400 0.2422
vn 0.9210 -0.1203 0.3704
vn 0.4974 -0.1130 0.8601
vn 0.4539 -0.1508 0.8782
vn 0.9210 -0.1203 0.3704
vn -0.0000 0.0000 -1.0000
vn 0.0000 0.0000 -1.0000
vn 0.0000 0.0000 -1.0000
vn 0.9832 -0.1504 -0.1031
vn 0.9210 -0.1203 0.3704
vn 0.9670 -0.2265 -0.1171
vn 0.9439 -0.0628 0.3244
vn 0.4974 -0.1130 0.8601
vn 0.9210 -0.1203 0.3704
vn -0.0000 0.0000 -1.0000
vn 0.0000 0.0000 -1.0000
vn 0.0000 0.0000 -1.0000
vn 0.9941 -0.0553 -0.0934
vn 0.9439 -0.0628 0.3244
vn 0.9832 -0.1504 -0.1031
vn 0.9493 0.0106 0.3143
vn 0.5870 -0.0838 0.8052
vn 0.9439 -0.0628 0.3244
vn 0.5125 -0.0876 0.8542
vn 0.5870 -0.0838 0.8052
vn 0.5946 -0.0544 0.8022
vn 0.0000 0.0000 -1.0000
vn 0.0000 0.0000 -1.0000
vn 0.0000 0.0000 -1.0000
vn 0.9814 0.0292 -0.1899
vn 0.9493 0.0106 0.3143
vn 0.9941 -0.0553 -0.0934
vn 0.6060 -0.0104 0.7954
vn 0.9493 0.0106 0.3143
vn 0.9392 0.0183 0.3428
vn 0.6060 -0.0104 0.7954
vn 0.5125 -0.0876 0.8542
vn 0.5946 -0.0544 0.8022
vn 0.0000 0.0000 -1.0000
vn 0.0000 0.0000 -1.0000
vn 0.0000 0.0000 -1.0000
vn 0.0000 0.0000 -1.0000
vn 0.0000 0.0000 -1.0000
vn 0.0000 0.0000 -1.0000
vn 0.0000 0.0000 -1.0000
vn 0.0000 0.0000 -1.0000
vn 0.0000 0.0000 -1.0000
vn 0.0000 0.0000 -1.0000
vn 0.0000 0.0000 -1.0000
vn 0.0000 0.0000 -1.0000
vn 0.0000 0.0000 -1.0000
vn 0.0000 0.0000 -1.0000
vn 0.0000 0.0000 -1.0000
vn 0.0000 0.0000 -1.0000
vn 0.0000 0.0000 -1.0000
vn 0.0000 0.0000 -1.0000
vn 0.0000 0.0000 -1.0000
vn 0.0000 0.0000 -1.0000
vn 0.0000 0.0000 -1.0000
vn 0.0000 0.0000 -1.0000
vn 0.0000 0.0000 -1.0000
vn 0.0000 0.0000 -1.0000
vn 0.0000 0.0000 -1.0000
vn 0.0000 0.0000 -1.0000
vn 0.0000 0.0000 -1.0000
vn 0.0000 0.0000 -1.0000
vn 0.0000 0.0000 -1.0000
vn 0.0000 0.0000 -1.0000
vn 0.0000 0.0000 -1.0000
vn 0.0000 0.0000 -1.0000
vn 0.0000 0.0000 -1.0000
vn 0.0000 0.0000 -1.0000
vn 0.0000 0.0000 -1.0000
vn 0.0000 0.0000 -1.0000
vn 0.0000 0.0000 -1.0000
vn 0.0000 0.0000 -1.0000
vn 0.0000 0.0000 -1.0000
vn 0.0000 0.0000 -1.0000
vn 0.0000 0.0000 -1.0000
vn 0.0000 0.0000 -1.0000
vn 0.0000 0.0000 -1.0000
vn 0.0000 0.0000 -1.0000
vn 0.0000 0.0000 -1.0000
vn 0.0000 0.0000 -1.0000
vn 0.0000 0.0000 -1.0000
vn 0.0000 0.0000 -1.0000
vn 0.0000 0.0000 -1.0000
vn 0.0000 0.0000 -1.0000
vn 0.0000 0.0000 -1.0000
vn 0.0000 0.0000 -1.0000
vn 0.0000 0.0000 -1.0000
vn 0.0000 0.0000 -1.0000
vn 0.0000 0.0000 -1.0000
vn 0.0000 0.0000 -1.0000
vn 0.0000 0.0000 -1.0000
vn 0.0000 0.0000 -1.0000
vn 0.0000 0.0000 -1.0000
vn 0.0000 0.0000 -1.0000
vn 0.0000 0.0000 -1.0000
vn 0.0000 0.0000 -1.0000
vn 0.0000 0.0000 -1.0000
vn 0.0000 0.0000 -1.0000
vn 0.0000 0.0000 -1.0000
vn 0.0000 0.0000 -1.0000
vn 0.0000 0.0000 -1.0000
vn 0.0000 0.0000 -1.0000
vn 0.0000 0.0000 -1.0000
vn 0.0000 0.0000 -1.0000
vn 0.0000 0.0000 -1.0000
vn 0.0000 0.0000 -1.0000
vn 0.0000 0.0000 -1.0000
vn 0.0000 0.0000 -1.0000
vn 0.0000 0.0000 -1.0000
vn 0.0000 0.0000 -1.0000
vn 0.0000 0.0000 -1.0000
vn 0.0000 0.0000 -1.0000
vn 0.0000 0.0000 -1.0000
vn 0.0000 0.0000 -1.0000
vn 0.0000 0.0000 -1.0000
vn 0.0000 0.0000 -1.0000
vn 0.0000 0.0000 -1.0000
vn 0.0000 0.0000 -1.0000
vn 0.0000 0.0000 -1.0000
vn 0.0000 0.0000 -1.0000
vn 0.0000 0.0000 -1.0000
vn 0.0000 0.0000 -1.0000
vn 0.0000 0.0000 -1.0000
vn 0.0000 0.0000 -1.0000
vn 0.0000 0.0000 -1.0000
vn 0.0000 0.0000 -1.0000
vn 0.0000 0.0000 -1.0000
vn 0.0000 0.0000 -1.0000
vn 0.0000 0.0000 -1.0000
vn 0.0000 0.0000 -1.0000
vn 0.0000 0.0000 -1.0000
vn 0.0000 0.0000 -1.0000
vn 0.0000 0.0000 -1.0000
vn 0.0000 0.0000 -1.0000
vn 0.0000 0.0000 -1.0000
vn 0.0000 0.0000 -1.0000
vn 0.0000 0.0000 -1.0000
vn 0.0000 0.0000 -1.0000
vn 0.0000 0.0000 -1.0000
vn 0.0000 0.0000 -1.0000
vn 0.0000 0.0000 -1.0000
vn 0.0000 0.0000 -1.0000
vn 0.0000 0.0000 -1.0000
vn 0.0000 0.0000 -1.0000
vn 0.0000 0.0000 -1.0000
vn 0.0000 0.0000 -1.0000
vn 0.0000 0.0000 -1.0000
vn 0.0000 0.0000 -1.0000
vn 0.0000 0.0000 -1.0000
vn 0.0000 0.0000 -1.0000
vn 0.0000 0.0000 -1.0000
vn 0.0000 0.0000 -1.0000
vn 0.0000 0.0000 -1.0000
vn 0.0000 0.0000 -1.0000
vn 0.0000 0.0000 -1.0000
vn 0.0000 0.0000 -1.0000
vn 0.0000 0.0000 -1.0000
vn 0.0000 0.0000 -1.0000
vn 0.0000 0.0000 -1.0000
vn 0.0000 0.0000 -1.0000
vn 0.0000 0.0000 -1.0000
vn 0.0000 0.0000 -1.0000
vn 0.0000 0.0000 -1.0000
vn 0.0000 0.0000 -1.0000
vn 0.0000 0.0000 -1.0000
vn 0.0000 0.0000 -1.0000
vn 0.0000 0.0000 -1.0000
vn 0.0000 0.0000 -1.0000
vn 0.0000 0.0000 -1.0000
vn 0.0000 0.0000 -1.0000
vn 0.0000 0.0000 -1.0000
vn 0.0000 0.0000 -1.0000
vn 0.0000 0.0000 -1.0000
vn 0.0000 0.0000 -1.0000
vn 0.0000 0.0000 -1.0000
vn 0.0000 0.0000 -1.0000
vn 0.0000 0.0000 -1.0000
vn 0.0000 0.0000 -1.0000
vn 0.0000 0.0000 -1.0000
vn 0.0000 0.0000 -1.0000
vn 0.0000 0.0000 -1.0000
vn 0.0000 0.0000 -1.0000
vn 0.0000 0.0000 -1.0000
vn 0.0000 0.0000 -1.0000
vn 0.0000 0.0000 -1.0000
vn 0.0000 0.0000 -1.0000
vn 0.0000 0.0000 -1.0000
vn 0.0000 0.0000 -1.0000
vn 0.0000 0.0000 -1.0000
vn 0.0000 0.0000 -1.0000
vn 0.0000 0.0000 -1.0000
vn 0.0000 0.0000 -1.0000
vn 0.0000 0.0000 -1.0000
vn 0.0000 0.0000 -1.0000
vn 0.0000 0.0000 -1.0000
vn 0.0000 0.0000 -1.0000
vn 0.0000 0.0000 -1.0000
vn 0.0000 0.0000 -1.0000
vn 0.0000 0.0000 -1.0000
vn 0.0000 0.0000 -1.0000
vn 0.0000 0.0000 -1.0000
vn 0.0000 0.0000 -1.0000
vn 0.0000 0.0000 -1.0000
vn 0.0000 0.0000 -1.0000
vn 0.0000 0.0000 -1.0000
vn 0.0000 0.0000 -1.0000
vn 0.0000 0.0000 -1.0000
vn 0.0000 0.0000 -1.0000
vn 0.0000 0.0000 -1.0000
vn 0.0000 0.0000 -1.0000
vn 0.0000 0.0000 -1.0000
vn 0.0000 0.0000 -1.0000
vn 0.0000 0.0000 -1.0000
vn 0.0000 0.0000 -1.0000
vn -0.9724 -0.1958 0.1265
vn -0.9433 -0.2473 0.2214
vn -0.9534 -0.2551 0.1613
vn -0.9534 -0.2551 0.1613
vn -0.8979 -0.3380 0.2821
vn -0.9200 -0.3389 0.1967
vn -0.9773 -0.1974 0.0769
vn -0.9871 -0.1571 0.0300
vn -0.9724 -0.1958 0.1265
vn -0.9773 -0.1974 0.0769
vn -0.9534 -0.2551 0.1613
vn -0.9608 -0.2636 0.0859
vn -0.9608 -0.2636 0.0859
vn -0.9200 -0.3389 0.1967
vn -0.9312 -0.3502 0.1010
vn -0.9845 -0.1752 -0.0005
vn -0.9839 -0.1600 -0.0796
vn -0.9836 -0.1799 0.0119
vn -0.9845 -0.1752 -0.0005
vn -0.9773 -0.1974 0.0769
vn -0.9740 -0.2250 0.0277
vn -0.9740 -0.2250 0.0277
vn -0.9608 -0.2636 0.0859
vn -0.9604 -0.2775 0.0245
vn -0.9604 -0.2775 0.0245
vn -0.9312 -0.3502 0.1010
vn -0.9485 -0.3167 0.0049
vn -0.9854 -0.1532 -0.0742
vn -0.9878 -0.1158 -0.1046
vn -0.9845 -0.1752 -0.0005
vn -0.9854 -0.1532 -0.0742
vn -0.9740 -0.2250 0.0277
vn -0.9796 -0.1989 -0.0299
vn -0.9796 -0.1989 -0.0299
vn -0.9604 -0.2775 0.0245
vn -0.9702 -0.2417 -0.0161
vn 0.0000 0.0000 -1.0000
vn 0.0000 0.0000 -1.0000
vn 0.0000 0.0000 -1.0000
vn -0.9949 -0.0276 -0.0970
vn -0.9921 -0.0662 0.1068
vn -0.9935 -0.0494 0.1021
vn -0.9935 -0.0494 0.1021
vn -0.9440 -0.1190 0.3077
vn -0.9675 -0.1210 0.2220
vn -0.9375 -0.2067 0.2799
vn -0.9440 -0.1190 0.3077
vn -0.9068 -0.1913 0.3757
vn -0.8630 -0.2666 0.4292
vn -0.9068 -0.1913 0.3757
vn -0.8277 -0.2502 0.5023
vn 0.0000 0.0000 -1.0000
vn 0.0000 0.0000 -1.0000
vn 0.0000 0.0000 -1.0000
vn -0.9913 0.0023 -0.1317
vn -0.9935 -0.0494 0.1021
vn -0.9979 -0.0173 0.0630
vn -0.9979 -0.0173 0.0630
vn -0.9675 -0.1210 0.2220
vn -0.9782 -0.1317 0.1608
vn -0.9782 -0.1317 0.1608
vn -0.9375 -0.2067 0.2799
vn -0.9624 -0.1922 0.1919
vn -0.8942 -0.2737 0.3543
vn -0.9375 -0.2067 0.2799
vn -0.8630 -0.2666 0.4292
vn -0.8220 -0.3358 0.4600
vn -0.8630 -0.2666 0.4292
vn -0.7680 -0.3138 0.5583
vn 0.0000 -0.0000 -1.0000
vn 0.0000 0.0000 -1.0000
vn 0.0000 -0.0000 -1.0000
vn -0.9850 -0.0102 -0.1720
vn -0.9979 -0.0173 0.0630
vn -0.9974 -0.0566 0.0442
vn -0.9974 -0.0566 0.0442
vn -0.9782 -0.1317 0.1608
vn -0.9891 -0.1099 0.0982
vn -0.9891 -0.1099 0.0982
vn -0.9624 -0.1922 0.1919
vn -0.9785 -0.1739 0.1110
vn -0.9396 -0.2272 0.2561
vn -0.9624 -0.1922 0.1919
vn -0.8942 -0.2737 0.3543
vn -0.8864 -0.2960 0.3558
vn -0.8942 -0.2737 0.3543
vn -0.8220 -0.3358 0.4600
vn -0.8069 -0.4039 0.4310
vn -0.8220 -0.3358 0.4600
vn -0.7399 -0.3940 0.5453
vn -0.9850 -0.0102 -0.1720
vn -0.9974 -0.0566 0.0442
vn -0.9996 -0.0267 0.0124
vn -0.9996 -0.0267 0.0124
vn -0.9891 -0.1099 0.0982
vn -0.9939 -0.1083 0.0229
vn -0.9433 -0.2473 0.2214
vn -0.9785 -0.1739 0.1110
vn -0.9396 -0.2272 0.2561
vn -0.9433 -0.2473 0.2214
vn -0.9724 -0.1958 0.1265
vn -0.9785 -0.1739 0.1110
vn -0.9433 -0.2473 0.2214
vn -0.8864 -0.2960 0.3558
vn -0.8979 -0.3380 0.2821
vn -0.8979 -0.3380 0.2821
vn -0.8069 -0.4039 0.4310
vn -0.8533 -0.4188 0.3106
vn 0.0000 0.0000 -1.0000
vn -0.0000 0.0000 -1.0000
vn -0.0000 0.0000 -1.0000
vn -0.9911 -0.0199 -0.1317
vn -0.9996 -0.0267 0.0124
vn -0.9993 -0.0373 -0.0051
vn -0.9993 -0.0373 -0.0051
vn -0.9939 -0.1083 0.0229
vn -0.9900 -0.1303 -0.0539
vn -0.9871 -0.1571 0.0300
vn -0.9939 -0.1083 0.0229
vn -0.9785 -0.1739 0.1110
vn -0.9911 -0.0199 -0.1317
vn -0.9993 -0.0373 -0.0051
vn -0.9812 -0.1818 -0.0643
vn -0.9812 -0.1818 -0.0643
vn -0.9900 -0.1303 -0.0539
vn -0.9839 -0.1600 -0.0796
vn -0.9836 -0.1799 0.0119
vn -0.9900 -0.1303 -0.0539
vn -0.9871 -0.1571 0.0300
vn 0.0000 0.0000 -1.0000
vn 0.0000 0.0000 -1.0000
vn -0.9052 -0.1921 -0.3791
vn -0.9052 -0.1921 -0.3791
vn -0.9812 -0.1818 -0.0643
vn -0.9769 -0.2008 -0.0730
vn -0.9895 -0.1421 -0.0248
vn -0.9812 -0.1818 -0.0643
vn -0.9839 -0.1600 -0.0796
vn -0.9895 -0.1421 -0.0248
vn -0.9839 -0.1600 -0.0796
vn -0.9878 -0.1158 -0.1046
vn 0.0000 0.0000 -1.0000
vn -0.9052 -0.1921 -0.3791
vn 0.0000 0.0000 -1.0000
vn -0.9971 -0.0758 0.0076
vn -0.9769 -0.2008 -0.0730
vn -0.9895 -0.1421 -0.0248
vn -0.9971 -0.0758 0.0076
vn -0.9878 -0.1158 -0.1046
vn -0.9837 -0.1062 -0.1453
vn -0.9053 -0.4097 0.1125
vn -0.9312 -0.3502 0.1010
vn -0.8798 -0.4298 0.2028
vn -0.9308 -0.3654 0.0051
vn -0.9485 -0.3167 0.0049
vn -0.9053 -0.4097 0.1125
vn -0.8509 -0.3759 0.3669
vn -0.9053 -0.4097 0.1125
vn -0.3619 -0.2148 0.9071
vn -0.8069 -0.4039 0.4310
vn -0.7101 -0.4386 0.5507
vn -0.7164 -0.4889 0.4978
vn -0.7665 -0.5012 0.4016
vn -0.8069 -0.4039 0.4310
vn -0.7164 -0.4889 0.4978
vn -0.7665 -0.5012 0.4016
vn -0.6331 -0.5629 0.5314
vn -0.6708 -0.5892 0.4504
vn -0.8533 -0.4188 0.3106
vn -0.7665 -0.5012 0.4016
vn -0.8158 -0.4983 0.2935
vn -0.8798 -0.4298 0.2028
vn -0.8533 -0.4188 0.3106
vn -0.8158 -0.4983 0.2935
vn -0.7560 -0.5407 0.3690
vn -0.7665 -0.5012 0.4016
vn -0.6708 -0.5892 0.4504
vn -0.7946 -0.5702 0.2088
vn -0.8487 -0.4845 0.2121
vn -0.7946 -0.5702 0.2088
vn -0.9896 -0.0896 -0.1126
vn -0.9837 -0.1062 -0.1453
vn -0.9854 -0.1532 -0.0742
vn -0.9896 -0.0896 -0.1126
vn -0.9796 -0.1989 -0.0299
vn -0.9920 -0.0980 -0.0798
vn -0.9920 -0.0980 -0.0798
vn -0.9702 -0.2417 -0.0161
vn -0.9805 -0.1782 -0.0828
vn -0.9805 -0.1782 -0.0828
vn -0.9485 -0.3167 0.0049
vn -0.9720 -0.2229 -0.0739
vn -0.9923 -0.0646 -0.1061
vn -0.9952 -0.0978 -0.0032
vn -0.9837 -0.1062 -0.1453
vn -0.9923 -0.0646 -0.1061
vn -0.9896 -0.0896 -0.1126
vn -0.9966 -0.0042 -0.0820
vn -0.9966 -0.0042 -0.0820
vn -0.9920 -0.0980 -0.0798
vn -0.9946 0.0263 -0.1006
vn -0.9946 0.0263 -0.1006
vn -0.9805 -0.1782 -0.0828
vn -0.9885 -0.0080 -0.1511
vn -0.9885 -0.0080 -0.1511
vn -0.9720 -0.2229 -0.0739
vn -0.9775 -0.0817 -0.1945
vn -0.9986 -0.0456 -0.0272
vn -0.9974 -0.0722 0.0033
vn -0.9923 -0.0646 -0.1061
vn -0.9986 -0.0456 -0.0272
vn -0.9966 -0.0042 -0.0820
vn -0.9996 0.0270 -0.0001
vn -0.9996 0.0270 -0.0001
vn -0.9946 0.0263 -0.1006
vn -0.9881 0.0867 -0.1269
vn -0.9881 0.0867 -0.1269
vn -0.9885 -0.0080 -0.1511
vn -0.9755 0.0974 -0.1970
vn -0.9949 -0.0969 0.0274
vn -0.9915 -0.1185 -0.0535
vn -0.9955 -0.0942 0.0105
vn -0.9949 -0.0969 0.0274
vn -0.9986 -0.0456 -0.0272
vn -0.9980 -0.0159 0.0620
vn -0.9980 -0.0159 0.0620
vn -0.9996 0.0270 -0.0001
vn -0.9977 0.0572 0.0353
vn -0.9977 0.0572 0.0353
vn -0.9881 0.0867 -0.1269
vn -0.9865 0.1321 -0.0969
vn -0.9727 0.1565 -0.1714
vn -0.9881 0.0867 -0.1269
vn -0.9755 0.0974 -0.1970
vn -0.9980 -0.0159 0.0620
vn -0.9979 -0.0630 -0.0168
vn -0.9949 -0.0969 0.0274
vn -0.9959 0.0497 0.0753
vn -0.9977 0.0572 0.0353
vn -0.9977 0.0360 0.0567
vn -0.9978 0.0070 0.0665
vn -0.9979 -0.0630 -0.0168
vn -0.9980 -0.0159 0.0620
vn -0.9904 0.0622 0.1235
vn -0.9980 -0.0159 0.0620
vn -0.9959 0.0497 0.0753
vn -0.9954 0.0777 0.0556
vn -0.9977 0.0360 0.0567
vn -0.9977 0.0572 0.0353
vn -0.9881 0.1492 -0.0375
vn -0.9977 0.0572 0.0353
vn -0.9865 0.1321 -0.0969
vn -0.9881 0.1492 -0.0375
vn -0.9668 0.2388 -0.0907
vn -0.9710 0.2368 -0.0322
vn -0.9912 0.1146 0.0656
vn -0.9904 0.0622 0.1235
vn -0.9770 0.1860 0.1047
vn -0.9911 0.1029 0.0842
vn -0.9904 0.0622 0.1235
vn -0.9959 0.0497 0.0753
vn -0.9911 0.1029 0.0842
vn -0.9959 0.0497 0.0753
vn -0.9954 0.0777 0.0556
vn -0.9855 0.1662 0.0331
vn -0.9954 0.0777 0.0556
vn -0.9881 0.1492 -0.0375
vn -0.9855 0.1662 0.0331
vn -0.9881 0.1492 -0.0375
vn -0.9710 0.2368 -0.0322
vn 0.0000 0.0000 -1.0000
vn 0.0000 0.0000 -1.0000
vn 0.0000 0.0000 -1.0000
vn 0.0000 0.0000 -1.0000
vn 0.0000 0.0000 -1.0000
vn 0.0000 0.0000 -1.0000
vn -0.9958 -0.0726 -0.0566
vn -0.9971 -0.0758 0.0076
vn -0.9952 -0.0978 -0.0032
vn 0.0000 0.0000 -1.0000
vn 0.0000 0.0000 -1.0000
vn 0.0000 0.0000 -1.0000
vn 0.0000 0.0000 -1.0000
vn 0.0000 0.0000 -1.0000
vn 0.0000 0.0000 -1.0000
vn -0.9974 -0.0722 0.0033
vn -0.9958 -0.0726 -0.0566
vn -0.9952 -0.0978 -0.0032
vn 0.0000 0.0000 -1.0000
vn 0.0000 0.0000 -1.0000
vn 0.0000 0.0000 -1.0000
vn 0.0000 0.0000 -1.0000
vn 0.0000 0.0000 -1.0000
vn 0.0000 0.0000 -1.0000
vn -0.9924 -0.0765 -0.0963
vn -0.9974 -0.0722 0.0033
vn -0.9955 -0.0942 0.0105
vn 0.0000 0.0000 -1.0000
vn 0.0000 0.0000 -1.0000
vn 0.0000 0.0000 -1.0000
vn 0.0000 0.0000 -1.0000
vn -0.0000 0.0000 -1.0000
vn -0.0000 0.0000 -1.0000
vn 0.0000 0.0000 -1.0000
vn 0.0000 0.0000 -1.0000
vn 0.0000 0.0000 -1.0000
vn 0.0000 0.0000 -1.0000
vn 0.0000 0.0000 -1.0000
vn 0.0000 0.0000 -1.0000
vn 0.0000 0.0000 -1.0000
vn 0.0000 0.0000 -1.0000
vn 0.0000 0.0000 -1.0000
vn 0.0000 0.0000 -1.0000
vn 0.0000 0.0000 -1.0000
vn -0.8198 0.0729 -0.5680
vn -0.8198 0.0729 -0.5680
vn -0.9944 0.0766 -0.0723
vn -0.9912 0.1146 0.0656
vn -0.9911 0.1029 0.0842
vn -0.9699 0.2209 0.1023
vn -0.9770 0.1860 0.1047
vn -0.9626 0.2614 0.0706
vn -0.9911 0.1029 0.0842
vn -0.9855 0.1662 0.0331
vn 0.0000 0.0000 -1.0000
vn -0.8198 0.0729 -0.5680
vn 0.0000 0.0000 -1.0000
vn -0.9689 0.2437 0.0434
vn -0.8198 0.0729 -0.5680
vn -0.9912 0.1146 0.0656
vn -0.9770 0.1860 0.1047
vn -0.9134 0.3989 0.0813
vn -0.9689 0.2437 0.0434
vn -0.9770 0.1860 0.1047
vn -0.9699 0.2209 0.1023
vn -0.9318 0.3465 0.1078
vn -0.8894 0.4388 0.1283
vn -0.9699 0.2209 0.1023
vn -0.9716 0.2115 0.1064
vn -0.9102 0.4008 0.1044
vn -0.9716 0.2115 0.1064
vn -0.9626 0.2614 0.0706
vn -0.9720 -0.2229 -0.0739
vn -0.9308 -0.3654 0.0051
vn -0.9541 -0.2841 -0.0947
vn -0.8129 -0.3121 0.4918
vn -0.9308 -0.3654 0.0051
vn -0.5345 -0.2869 0.7950
vn -0.9775 -0.0817 -0.1945
vn -0.9541 -0.2841 -0.0947
vn -0.9856 -0.1163 -0.1228
vn -0.8873 -0.2184 0.4062
vn -0.9541 -0.2841 -0.0947
vn -0.8129 -0.3121 0.4918
vn -0.9837 0.1174 -0.1365
vn -0.9775 -0.0817 -0.1945
vn -0.9856 -0.1163 -0.1228
vn -0.8240 0.0137 0.5664
vn -0.9856 -0.1163 -0.1228
vn -0.8873 -0.2184 0.4062
vn -0.9653 0.2154 -0.1478
vn -0.9755 0.0974 -0.1970
vn -0.9837 0.1174 -0.1365
vn -0.9420 0.3356 -0.0006
vn -0.9855 0.1662 0.0331
vn -0.9710 0.2368 -0.0322
vn -0.9216 0.2677 0.2811
vn -0.9710 0.2368 -0.0322
vn -0.7274 0.1942 0.6582
vn -0.9036 0.4242 0.0597
vn -0.9420 0.3356 -0.0006
vn -0.8380 0.5331 0.1161
vn 0.0000 0.0000 -1.0000
vn 0.0000 0.0000 -1.0000
vn 0.0000 0.0000 -1.0000
vn -0.7450 0.6655 -0.0448
vn -0.9134 0.3989 0.0813
vn -0.7560 0.6478 0.0938
vn -0.7863 0.5996 0.1487
vn -0.9134 0.3989 0.0813
vn -0.9318 0.3465 0.1078
vn -0.7863 0.5996 0.1487
vn -0.8894 0.4388 0.1283
vn -0.6728 0.7096 0.2094
vn -0.7009 0.6991 0.1411
vn -0.8894 0.4388 0.1283
vn -0.9021 0.4131 0.1249
vn -0.7009 0.6991 0.1411
vn -0.9102 0.4008 0.1044
vn -0.6702 0.7364 0.0925
vn -0.6702 0.7364 0.0925
vn -0.9036 0.4242 0.0597
vn -0.6490 0.7608 0.0044
vn -0.5755 0.8064 0.1364
vn -0.9036 0.4242 0.0597
vn -0.8380 0.5331 0.1161
vn 0.0000 0.0000 -1.0000
vn 0.0000 0.0000 -1.0000
vn 0.0000 0.0000 -1.0000
vn -0.6744 -0.3920 0.6258
vn -0.7680 -0.3138 0.5583
vn -0.6409 -0.3298 0.6932
vn -0.6744 -0.3920 0.6258
vn -0.5821 -0.3937 0.7114
vn -0.6406 -0.4471 0.6242
vn -0.7399 -0.3940 0.5453
vn -0.6744 -0.3920 0.6258
vn -0.6406 -0.4471 0.6242
vn 0.0000 0.0000 -1.0000
vn 0.0000 0.0000 -1.0000
vn 0.0000 0.0000 -1.0000
vn -0.7101 -0.4386 0.5507
vn -0.7399 -0.3940 0.5453
vn -0.6406 -0.4471 0.6242
vn 0.0000 0.0000 -1.0000
vn 0.0000 0.0000 -1.0000
vn 0.0000 0.0000 -1.0000
vn 0.0000 0.0000 -1.0000
vn 0.0000 0.0000 -1.0000
vn 0.0000 0.0000 -1.0000
vn 0.0000 0.0000 -1.0000
vn 0.0000 0.0000 -1.0000
vn 0.0000 0.0000 -1.0000
vn 0.0000 0.0000 -1.0000
vn 0.0000 0.0000 -1.0000
vn 0.0000 0.0000 -1.0000
vn 0.0000 0.0000 -1.0000
vn 0.0000 0.0000 -1.0000
vn 0.0000 0.0000 -1.0000
vn 0.0000 0.0000 -1.0000
vn 0.0000 0.0000 -1.0000
vn 0.0000 0.0000 -1.0000
vn 0.0000 0.0000 -1.0000
vn 0.0000 0.0000 -1.0000
vn 0.0000 0.0000 -1.0000
vn 0.0000 0.0000 -1.0000
vn 0.0000 0.0000 -1.0000
vn 0.0000 0.0000 -1.0000
vn 0.0000 0.0000 -1.0000
vn 0.0000 0.0000 -1.0000
vn 0.0000 0.0000 -1.0000
vn 0.0000 0.0000 -1.0000
vn 0.0000 0.0000 -1.0000
vn 0.0000 0.0000 -1.0000
vn 0.0000 0.0000 -1.0000
vn 0.0000 0.0000 -1.0000
vn 0.0000 0.0000 -1.0000
vn 0.0000 0.0000 -1.0000
vn 0.0000 0.0000 -1.0000
vn 0.0000 0.0000 -1.0000
vn 0.3734 -0.3958 0.8390
vn 0.4055 -0.3267 0.8537
vn 0.4336 -0.3489 0.8308
vn 0.4997 -0.3302 0.8008
vn 0.4336 -0.3489 0.8308
vn 0.4664 -0.2867 0.8368
vn 0.4397 -0.4215 0.7931
vn 0.4336 -0.3489 0.8308
vn 0.4997 -0.3302 0.8008
vn 0.4997 -0.3302 0.8008
vn 0.5059 -0.2550 0.8240
vn 0.5627 -0.2176 0.7975
vn 0.5789 -0.2846 0.7641
vn 0.4997 -0.3302 0.8008
vn 0.5627 -0.2176 0.7975
vn 0.6533 -0.2200 0.7244
vn 0.5789 -0.2846 0.7641
vn 0.5627 -0.2176 0.7975
vn 0.5618 -0.3645 0.7427
vn 0.5789 -0.2846 0.7641
vn 0.6242 -0.3031 0.7201
vn 0.7503 -0.1921 0.6326
vn 0.6800 -0.2731 0.6804
vn 0.6533 -0.2200 0.7244
vn 0.8938 0.0730 0.4425
vn 0.9023 0.0527 0.4280
vn 0.9161 0.1520 0.3709
vn 0.5059 -0.2550 0.8240
vn 0.5079 -0.2165 0.8337
vn 0.5557 -0.1845 0.8106
vn 0.5627 -0.2176 0.7975
vn 0.5059 -0.2550 0.8240
vn 0.5557 -0.1845 0.8106
vn 0.6098 -0.1178 0.7837
vn 0.5627 -0.2176 0.7975
vn 0.5557 -0.1845 0.8106
vn 0.6892 -0.1227 0.7141
vn 0.6287 -0.1811 0.7563
vn 0.6098 -0.1178 0.7837
vn 0.6533 -0.2200 0.7244
vn 0.6287 -0.1811 0.7563
vn 0.6892 -0.1227 0.7141
vn 0.7375 -0.1363 0.6614
vn 0.6533 -0.2200 0.7244
vn 0.6892 -0.1227 0.7141
vn 0.8266 -0.0440 0.5611
vn 0.7633 -0.0413 0.6448
vn 0.8167 0.0578 0.5741
vn 0.7503 -0.1921 0.6326
vn 0.7375 -0.1363 0.6614
vn 0.8266 -0.0440 0.5611
vn 0.8089 -0.1201 0.5755
vn 0.7503 -0.1921 0.6326
vn 0.8266 -0.0440 0.5611
vn 0.0000 0.0000 -1.0000
vn 0.0000 0.0000 -1.0000
vn 0.0000 0.0000 -1.0000
vn 0.8766 0.1024 0.4702
vn 0.8416 0.1514 0.5185
vn 0.8488 0.2154 0.4828
vn 0.8766 0.1024 0.4702
vn 0.8266 -0.0440 0.5611
vn 0.8167 0.0578 0.5741
vn 0.8938 0.0041 0.4484
vn 0.8089 -0.1201 0.5755
vn 0.8266 -0.0440 0.5611
vn 0.0000 0.0000 -1.0000
vn 0.0000 0.0000 -1.0000
vn 0.0000 0.0000 -1.0000
vn 0.9011 0.2002 0.3847
vn 0.8488 0.2154 0.4828
vn 0.8444 0.2717 0.4617
vn 0.9011 0.2002 0.3847
vn 0.8766 0.1024 0.4702
vn 0.8488 0.2154 0.4828
vn 0.9187 0.1021 0.3816
vn 0.8938 0.0041 0.4484
vn 0.8766 0.1024 0.4702
vn 0.8746 -0.0271 0.4840
vn 0.8938 0.0041 0.4484
vn 0.9023 0.0527 0.4280
vn 0.8746 -0.0271 0.4840
vn 0.9023 0.0527 0.4280
vn 0.8450 -0.0045 0.5348
vn 0.0000 0.0000 -1.0000
vn 0.6712 0.4483 -0.5903
vn 0.0000 0.0000 -1.0000
vn 0.0000 0.0000 -1.0000
vn 0.0000 0.0000 -1.0000
vn 0.0000 0.0000 -1.0000
vn 0.9107 0.3167 -0.2652
vn 0.8813 0.4567 0.1219
vn 0.6712 0.4483 -0.5903
vn 0.8549 0.3422 0.3899
vn 0.8813 0.4567 0.1219
vn 0.9098 0.3998 0.1112
vn 0.8746 0.2786 0.3969
vn 0.8257 0.3291 0.4582
vn 0.8549 0.3422 0.3899
vn 0.8746 0.2786 0.3969
vn 0.9011 0.2002 0.3847
vn 0.8444 0.2717 0.4617
vn 0.9263 0.1917 0.3244
vn 0.9011 0.2002 0.3847
vn 0.9236 0.2614 0.2804
vn 0.9161 0.1520 0.3709
vn 0.9187 0.1021 0.3816
vn 0.9263 0.1917 0.3244
vn -0.6406 -0.4471 0.6242
vn -0.4459 -0.4524 0.7723
vn -0.5052 -0.5083 0.6974
vn -0.7101 -0.4386 0.5507
vn -0.5052 -0.5083 0.6974
vn -0.5880 -0.5092 0.6285
vn -0.5880 -0.5092 0.6285
vn -0.2826 -0.5550 0.7824
vn -0.3554 -0.5944 0.7214
vn -0.6331 -0.5629 0.5314
vn -0.5880 -0.5092 0.6285
vn -0.3554 -0.5944 0.7214
vn -0.2408 -0.3319 0.9121
vn -0.6331 -0.5629 0.5314
vn -0.3554 -0.5944 0.7214
vn -0.1529 -0.4990 0.8530
vn -0.4459 -0.4524 0.7723
vn -0.1630 -0.4048 0.8997
vn -0.2826 -0.5550 0.7824
vn -0.5052 -0.5083 0.6974
vn -0.1529 -0.4990 0.8530
vn -0.0334 -0.5858 0.8098
vn -0.2826 -0.5550 0.7824
vn -0.0416 -0.5576 0.8291
vn -0.0795 -0.2837 0.9556
vn -0.0334 -0.5858 0.8098
vn 0.0685 0.2062 0.9761
vn 0.1507 -0.4334 0.8885
vn -0.1630 -0.4048 0.8997
vn 0.2373 -0.3853 0.8918
vn 0.0736 -0.5400 0.8385
vn -0.1529 -0.4990 0.8530
vn 0.1507 -0.4334 0.8885
vn 0.2380 -0.5119 0.8254
vn 0.0736 -0.5400 0.8385
vn 0.1507 -0.4334 0.8885
vn -0.0334 -0.5858 0.8098
vn 0.0736 -0.5400 0.8385
vn 0.1640 -0.5539 0.8163
vn -0.0099 -0.0060 0.9999
vn -0.0334 -0.5858 0.8098
vn 0.1640 -0.5539 0.8163
vn 0.2557 -0.5541 0.7922
vn -0.0099 -0.0060 0.9999
vn 0.1640 -0.5539 0.8163
vn 0.3734 -0.3958 0.8390
vn 0.3275 -0.3951 0.8583
vn 0.3437 -0.3534 0.8700
vn 0.1507 -0.4334 0.8885
vn 0.3275 -0.3951 0.8583
vn 0.3018 -0.4614 0.8343
vn 0.2380 -0.5119 0.8254
vn 0.3018 -0.4614 0.8343
vn 0.3692 -0.4768 0.7977
vn 0.2874 -0.5181 0.8056
vn 0.2380 -0.5119 0.8254
vn 0.3692 -0.4768 0.7977
vn 0.4330 -0.4656 0.7719
vn 0.2874 -0.5181 0.8056
vn 0.3692 -0.4768 0.7977
vn 0.1640 -0.5539 0.8163
vn 0.2874 -0.5181 0.8056
vn 0.3898 -0.4901 0.7796
vn -0.1636 0.2853 0.9444
vn 0.3898 -0.4901 0.7796
vn -0.0899 0.1125 0.9896
vn 0.4397 -0.4215 0.7931
vn 0.3692 -0.4768 0.7977
vn 0.3734 -0.3958 0.8390
vn 0.4330 -0.4656 0.7719
vn 0.4397 -0.4215 0.7931
vn 0.4986 -0.4170 0.7600
vn 0.5051 -0.4358 0.7450
vn 0.4330 -0.4656 0.7719
vn 0.4986 -0.4170 0.7600
vn 0.3898 -0.4901 0.7796
vn 0.4330 -0.4656 0.7719
vn 0.5051 -0.4358 0.7450
vn 0.7856 -0.3194 0.5299
vn 0.1358 -0.0733 0.9880
vn 0.7764 -0.2258 0.5885
vn -0.2015 0.0662 0.9772
vn 0.7875 -0.3104 0.5324
vn 0.7764 -0.2258 0.5885
vn 0.4986 -0.4170 0.7600
vn 0.4397 -0.4215 0.7931
vn 0.4997 -0.3302 0.8008
vn 0.5618 -0.3645 0.7427
vn 0.4986 -0.4170 0.7600
vn 0.4997 -0.3302 0.8008
vn 0.5051 -0.4358 0.7450
vn 0.5618 -0.3645 0.7427
vn 0.6119 -0.3555 0.7065
vn 0.8602 -0.1440 0.4891
vn 0.7764 -0.2258 0.5885
vn 0.8071 -0.1568 0.5693
vn -0.2015 0.0662 0.9772
vn 0.7764 -0.2258 0.5885
vn 0.1003 -0.0368 0.9943
vn 0.6638 -0.3098 0.6807
vn 0.6800 -0.2731 0.6804
vn 0.7328 -0.2080 0.6479
vn 0.8089 -0.1201 0.5755
vn 0.7328 -0.2080 0.6479
vn 0.7503 -0.1921 0.6326
vn 0.8087 -0.0877 0.5817
vn 0.8089 -0.1201 0.5755
vn 0.8450 -0.0045 0.5348
vn 0.8087 -0.0877 0.5817
vn 0.7386 -0.2232 0.6361
vn 0.7328 -0.2080 0.6479
vn 0.8938 0.0730 0.4425
vn 0.8087 -0.0877 0.5817
vn 0.8450 -0.0045 0.5348
vn 0.8761 -0.0445 0.4801
vn 0.8071 -0.1568 0.5693
vn 0.8087 -0.0877 0.5817
vn 0.0000 0.0000 -1.0000
vn 0.0000 0.0000 -1.0000
vn 0.0000 0.0000 -1.0000
vn 0.0000 0.0000 -1.0000
vn 0.0000 0.0000 -1.0000
vn 0.0000 0.0000 -1.0000
vn 0.0000 0.0000 -1.0000
vn 0.0000 0.0000 -1.0000
vn 0.0000 0.0000 -1.0000
vn 0.0000 0.0000 -1.0000
vn 0.0000 0.0000 -1.0000
vn 0.0000 0.0000 -1.0000
vn 0.0000 0.0000 -1.0000
vn 0.0000 0.0000 -1.0000
vn 0.0000 0.0000 -1.0000
vn 0.0000 0.0000 -1.0000
vn 0.0000 0.0000 -1.0000
vn 0.0000 0.0000 -1.0000
vn 0.0000 0.0000 -1.0000
vn 0.0000 0.0000 -1.0000
vn 0.0000 0.0000 -1.0000
vn 0.0000 0.0000 -1.0000
vn 0.0000 0.0000 -1.0000
vn 0.0000 0.0000 -1.0000
vn 0.0000 0.0000 -1.0000
vn 0.0000 0.0000 -1.0000
vn 0.0000 0.0000 -1.0000
vn 0.0000 0.0000 -1.0000
vn 0.0000 0.0000 -1.0000
vn 0.0000 0.0000 -1.0000
vn 0.0000 0.0000 -1.0000
vn 0.0000 0.0000 -1.0000
vn 0.0000 0.0000 -1.0000
vn 0.0000 0.0000 -1.0000
vn 0.0000 0.0000 -1.0000
vn 0.0000 0.0000 -1.0000
vn 0.0000 0.0000 -1.0000
vn 0.0000 0.0000 -1.0000
vn 0.0000 0.0000 -1.0000
vn 0.0000 0.0000 -1.0000
vn 0.0000 0.0000 -1.0000
vn 0.0000 0.0000 -1.0000
vn 0.0000 0.0000 -1.0000
vn 0.0000 0.0000 -1.0000
vn 0.0000 0.0000 -1.0000
vn 0.0000 0.0000 -1.0000
vn 0.0000 0.0000 -1.0000
vn 0.0000 0.0000 -1.0000
vn 0.7417 0.6275 0.2369
vn 0.7887 0.5618 0.2496
vn 0.7244 0.6160 0.3096
vn 0.7417 0.6275 0.2369
vn 0.7244 0.6160 0.3096
vn 0.6754 0.6901 0.2600
vn 0.0000 0.0000 -1.0000
vn 0.0000 0.0000 -1.0000
vn 0.0000 0.0000 -1.0000
vn 0.8828 0.4666 0.0535
vn 0.9407 0.3236 0.1014
vn 0.8953 0.4145 0.1629
vn 0.8946 0.4462 0.0235
vn 0.9389 0.3433 0.0254
vn 0.8828 0.4666 0.0535
vn 0.0000 0.0000 -1.0000
vn 0.0000 0.0000 -1.0000
vn 0.0000 0.0000 -1.0000
vn 0.0000 0.0000 -1.0000
vn 0.0000 0.0000 -1.0000
vn 0.0000 0.0000 -1.0000
vn 0.8620 0.4483 0.2367
vn 0.8914 0.3550 0.2817
vn 0.8592 0.4042 0.3136
vn 0.8231 0.5419 0.1697
vn 0.8953 0.4145 0.1629
vn 0.8620 0.4483 0.2367
vn 0.8231 0.5419 0.1697
vn 0.7887 0.5618 0.2496
vn 0.7417 0.6275 0.2369
vn 0.7761 0.6283 0.0543
vn 0.8828 0.4666 0.0535
vn 0.8231 0.5419 0.1697
vn 0.7078 0.6827 0.1818
vn 0.8231 0.5419 0.1697
vn 0.7417 0.6275 0.2369
vn -0.0000 0.0000 -1.0000
vn 0.0000 0.0000 -1.0000
vn 0.0000 0.0000 -1.0000
vn 0.8491 0.4615 -0.2570
vn 0.8628 0.5028 0.0531
vn 0.6684 0.4453 -0.5957
vn 0.0000 -0.0000 -1.0000
vn 0.0000 -0.0000 -1.0000
vn 0.0000 0.0000 -1.0000
vn 0.8114 0.5069 0.2910
vn 0.8628 0.5028 0.0531
vn 0.8017 0.5944 0.0625
vn 0.8126 0.4706 0.3438
vn 0.8413 0.4302 0.3273
vn 0.8114 0.5069 0.2910
vn 0.8126 0.4706 0.3438
vn 0.7445 0.5741 0.3409
vn 0.7545 0.5637 0.3363
vn 0.8126 0.4706 0.3438
vn 0.8592 0.4042 0.3136
vn 0.8728 0.3472 0.3431
vn 0.7911 0.5251 0.3137
vn 0.7545 0.5637 0.3363
vn 0.7244 0.6160 0.3096
vn 0.7911 0.5251 0.3137
vn 0.7887 0.5618 0.2496
vn 0.8620 0.4483 0.2367
vn 0.0000 0.0000 -1.0000
vn 0.0000 0.0000 -1.0000
vn 0.0000 0.0000 -1.0000
vn 0.0000 0.0000 -1.0000
vn 0.0000 0.0000 -1.0000
vn 0.0000 0.0000 -1.0000
vn 0.9230 0.2860 0.2576
vn 0.9058 0.2852 0.3134
vn 0.9063 0.2736 0.3220
vn 0.9643 0.2293 0.1326
vn 0.9427 0.2655 0.2019
vn 0.9386 0.2983 0.1736
vn 0.9643 0.2293 0.1326
vn 0.9739 0.1550 0.1658
vn 0.9536 0.2125 0.2134
vn 0.0000 0.0000 -1.0000
vn 0.7122 0.3394 -0.6144
vn 0.0000 0.0000 -1.0000
vn 0.0000 0.0000 -1.0000
vn 0.0000 0.0000 -1.0000
vn 0.0000 0.0000 -1.0000
vn 0.9093 0.2212 -0.3524
vn 0.9451 0.3232 0.0477
vn 0.7122 0.3394 -0.6144
vn 0.9091 0.2884 0.3006
vn 0.9451 0.3232 0.0477
vn 0.9519 0.3044 0.0348
vn 0.9016 0.2953 0.3160
vn 0.9128 0.2741 0.3029
vn 0.9091 0.2884 0.3006
vn 0.9016 0.2953 0.3160
vn 0.9230 0.2860 0.2576
vn 0.9063 0.2736 0.3220
vn 0.9669 0.2513 0.0445
vn 0.9643 0.2293 0.1326
vn 0.9407 0.3236 0.1014
vn -0.0000 0.0000 -1.0000
vn 0.0000 0.0000 -1.0000
vn 0.0000 0.0000 -1.0000
vn 0.9262 0.2804 -0.2521
vn 0.9519 0.3044 0.0348
vn 0.9093 0.2212 -0.3524
vn 0.9367 0.3397 0.0851
vn 0.9091 0.2884 0.3006
vn 0.9519 0.3044 0.0348
vn 0.8728 0.3472 0.3431
vn 0.9091 0.2884 0.3006
vn 0.8801 0.3638 0.3050
vn 0.8914 0.3550 0.2817
vn 0.9016 0.2953 0.3160
vn 0.8728 0.3472 0.3431
vn 0.9195 0.3433 0.1917
vn 0.9230 0.2860 0.2576
vn 0.8914 0.3550 0.2817
vn 0.9195 0.3433 0.1917
vn 0.8914 0.3550 0.2817
vn 0.8953 0.4145 0.1629
vn 0.9195 0.3433 0.1917
vn 0.9407 0.3236 0.1014
vn 0.9386 0.2983 0.1736
vn -0.0000 0.0000 -1.0000
vn 0.0000 0.0000 -1.0000
vn 0.6684 0.4453 -0.5957
vn 0.8709 0.4756 -0.1239
vn 0.9367 0.3397 0.0851
vn 0.9262 0.2804 -0.2521
vn 0.8628 0.5028 0.0531
vn 0.8709 0.4756 -0.1239
vn 0.6684 0.4453 -0.5957
vn 0.8801 0.3638 0.3050
vn 0.8628 0.5028 0.0531
vn 0.8413 0.4302 0.3273
vn 0.0000 0.0000 -1.0000
vn 0.0000 0.0000 -1.0000
vn 0.0000 0.0000 -1.0000
vn 0.9303 0.2032 0.3055
vn 0.9263 0.1917 0.3244
vn 0.9236 0.2614 0.2804
vn 0.9303 0.2032 0.3055
vn 0.8938 0.0730 0.4425
vn 0.9161 0.1520 0.3709
vn 0.0000 0.0000 -1.0000
vn 0.0000 0.0000 -1.0000
vn 0.0000 0.0000 -1.0000
vn 0.0000 0.0000 -1.0000
vn 0.0000 0.0000 -1.0000
vn 0.0000 0.0000 -1.0000
vn 0.9058 0.2852 0.3134
vn 0.8682 0.3317 0.3690
vn 0.8796 0.3259 0.3466
vn 0.9292 0.2809 0.2403
vn 0.8939 0.3021 0.3312
vn 0.9058 0.2852 0.3134
vn 0.9332 0.2575 0.2508
vn 0.9303 0.2032 0.3055
vn 0.9236 0.2614 0.2804
vn 0.9557 0.1510 0.2525
vn 0.9303 0.2032 0.3055
vn 0.9536 0.2125 0.2134
vn -0.0000 0.0000 -1.0000
vn 0.0000 0.0000 -1.0000
vn 0.0000 0.0000 -1.0000
vn 0.9428 0.2742 -0.1898
vn 0.9146 0.3887 0.1115
vn 0.7723 0.4333 -0.4645
vn 0.9063 0.2736 0.3220
vn 0.9146 0.3887 0.1115
vn 0.9436 0.3087 0.1196
vn 0.9063 0.2736 0.3220
vn 0.9058 0.2852 0.3134
vn 0.8796 0.3259 0.3466
vn 0.9292 0.2809 0.2403
vn 0.9058 0.2852 0.3134
vn 0.9230 0.2860 0.2576
vn 0.9427 0.2655 0.2019
vn 0.9292 0.2809 0.2403
vn 0.9230 0.2860 0.2576
vn 0.9332 0.2575 0.2508
vn 0.9427 0.2655 0.2019
vn 0.9536 0.2125 0.2134
vn -0.0000 0.0000 -1.0000
vn 0.0000 0.0000 -1.0000
vn 0.7122 0.3394 -0.6144
vn 0.9260 0.3660 -0.0928
vn 0.9436 0.3087 0.1196
vn 0.9428 0.2742 -0.1898
vn 0.9451 0.3232 0.0477
vn 0.9260 0.3660 -0.0928
vn 0.7122 0.3394 -0.6144
vn 0.9128 0.2741 0.3029
vn 0.9436 0.3087 0.1196
vn 0.9505 0.2917 0.1074
vn 0.9128 0.2741 0.3029
vn 0.9505 0.2917 0.1074
vn 0.9451 0.3232 0.0477
vn -0.0000 0.0000 -1.0000
vn 0.0000 0.0000 -1.0000
vn 0.0000 0.0000 -1.0000
vn 0.9232 0.3484 -0.1621
vn 0.9098 0.3998 0.1112
vn 0.9107 0.3167 -0.2652
vn 0.9140 0.3639 0.1792
vn 0.8549 0.3422 0.3899
vn 0.9098 0.3998 0.1112
vn 0.8939 0.3021 0.3312
vn 0.8549 0.3422 0.3899
vn 0.8682 0.3317 0.3690
vn -0.0000 0.0000 -1.0000
vn 0.0000 0.0000 -1.0000
vn 0.7723 0.4333 -0.4645
vn 0.8994 0.4360 -0.0314
vn 0.9140 0.3639 0.1792
vn 0.9232 0.3484 -0.1621
vn 0.9146 0.3887 0.1115
vn 0.8994 0.4360 -0.0314
vn 0.7723 0.4333 -0.4645
vn -0.7792 0.5735 0.2528
vn -0.5200 0.8208 0.2366
vn -0.8380 0.5331 0.1161
vn 0.4476 0.5168 0.7297
vn 0.5904 0.7713 0.2378
vn 0.3958 0.5662 0.7230
vn 0.3945 0.5016 0.7699
vn 0.5134 0.6366 0.5755
vn 0.6341 0.7573 0.1564
vn 0.3945 0.5016 0.7699
vn 0.6341 0.7573 0.1564
vn 0.3079 0.3911 0.8673
vn 0.6656 0.7130 0.2206
vn 0.7078 0.6827 0.1818
vn 0.6754 0.6901 0.2600
vn 0.8638 0.1478 0.4816
vn 0.9411 0.3369 0.0280
vn 0.7636 0.3291 0.5555
vn 0.8946 0.4462 0.0235
vn 0.9411 0.3369 0.0280
vn 0.9669 0.2513 0.0445
vn 0.6920 0.7158 0.0933
vn 0.8946 0.4462 0.0235
vn 0.7761 0.6283 0.0543
vn 0.6920 0.7158 0.0933
vn 0.7078 0.6827 0.1818
vn 0.6341 0.7573 0.1564
vn 0.6747 -0.0801 0.7337
vn 0.9225 -0.0264 0.3852
vn 0.2092 -0.0527 0.9765
vn 0.7449 -0.0146 0.6670
vn 0.9225 -0.0264 0.3852
vn 0.9556 0.0631 0.2879
vn 0.9814 0.0544 0.1841
vn 0.9557 0.1510 0.2525
vn 0.9739 0.1550 0.1658
vn 0.9814 0.0544 0.1841
vn 0.7449 -0.0146 0.6670
vn 0.9556 0.0631 0.2879
vn 0.9898 0.1051 0.0966
vn 0.9669 0.2513 0.0445
vn 0.9869 0.1565 0.0401
vn 0.9298 0.0969 0.3550
vn 0.8761 -0.0445 0.4801
vn 0.8938 0.0730 0.4425
vn 0.9225 -0.0264 0.3852
vn 0.8761 -0.0445 0.4801
vn 0.9298 0.0969 0.3550
vn 0.9556 0.0631 0.2879
vn 0.9298 0.0969 0.3550
vn 0.9557 0.1510 0.2525
vn 0.9556 0.0631 0.2879
vn 0.9225 -0.0264 0.3852
vn 0.9298 0.0969 0.3550
vn 0.0000 0.0000 -1.0000
vn 0.0000 0.0000 -1.0000
vn 0.0000 0.0000 -1.0000
vn 0.0000 0.0000 -1.0000
vn 0.0000 0.0000 -1.0000
vn 0.0000 0.0000 -1.0000
vn -0.5000 0.8617 0.0868
vn -0.7450 0.6655 -0.0448
vn -0.7560 0.6478 0.0938
vn -0.7863 0.5996 0.1487
vn -0.5000 0.8617 0.0868
vn -0.7560 0.6478 0.0938
vn -0.6728 0.7096 0.2094
vn -0.5136 0.8483 0.1284
vn -0.7863 0.5996 0.1487
vn -0.2532 0.9206 0.2973
vn -0.6728 0.7096 0.2094
vn -0.7009 0.6991 0.1411
vn -0.2454 0.9500 0.1930
vn -0.7009 0.6991 0.1411
vn -0.6702 0.7364 0.0925
vn -0.1245 0.9883 0.0875
vn -0.6702 0.7364 0.0925
vn -0.6490 0.7608 0.0044
vn -0.2909 0.9559 0.0401
vn -0.5000 0.8617 0.0868
vn -0.2584 0.9584 0.1214
vn -0.2910 0.9454 0.1470
vn -0.5000 0.8617 0.0868
vn -0.5136 0.8483 0.1284
vn -0.1983 0.9733 0.1158
vn -0.5136 0.8483 0.1284
vn -0.3756 0.9029 0.2091
vn 0.0000 0.0000 -1.0000
vn 0.0000 0.0000 -1.0000
vn 0.0000 0.0000 -1.0000
vn 0.0000 0.0000 -1.0000
vn 0.0000 0.0000 -1.0000
vn 0.0000 0.0000 -1.0000
vn -0.2532 0.9206 0.2973
vn 0.1308 0.9392 0.3173
vn -0.3756 0.9029 0.2091
vn 0.2398 0.9284 0.2837
vn -0.2532 0.9206 0.2973
vn -0.2454 0.9500 0.1930
vn 0.2499 0.9334 0.2574
vn -0.2454 0.9500 0.1930
vn -0.1245 0.9883 0.0875
vn 0.0000 -0.0000 -1.0000
vn 0.0000 0.0000 -1.0000
vn 0.0000 -0.0000 -1.0000
vn 0.0202 0.9921 0.1235
vn -0.2909 0.9559 0.0401
vn -0.2584 0.9584 0.1214
vn 0.0239 0.9868 0.1601
vn -0.2584 0.9584 0.1214
vn -0.2910 0.9454 0.1470
vn -0.1983 0.9733 0.1158
vn 0.0239 0.9868 0.1601
vn -0.2910 0.9454 0.1470
vn -0.1983 0.9733 0.1158
vn 0.1308 0.9392 0.3173
vn 0.1037 0.9893 0.1026
vn 0.0000 0.0000 -1.0000
vn 0.0000 0.0000 -1.0000
vn 0.0000 0.0000 -1.0000
vn 0.0000 0.0000 -1.0000
vn 0.0000 0.0000 -1.0000
vn 0.0000 0.0000 -1.0000
vn 0.3188 0.8712 0.3734
vn 0.5142 0.7980 0.3144
vn 0.1308 0.9392 0.3173
vn 0.5938 0.7405 0.3146
vn 0.7244 0.6160 0.3096
vn 0.6305 0.6855 0.3642
vn 0.5938 0.7405 0.3146
vn 0.3188 0.8712 0.3734
vn 0.2398 0.9284 0.2837
vn 0.5578 0.7838 0.2730
vn 0.2398 0.9284 0.2837
vn 0.2499 0.9334 0.2574
vn 0.0000 0.0000 -1.0000
vn 0.0000 0.0000 -1.0000
vn 0.0000 0.0000 -1.0000
vn 0.2279 0.9718 0.0601
vn 0.4548 0.8786 0.1460
vn 0.5225 0.8389 -0.1523
vn 0.0202 0.9921 0.1235
vn 0.2279 0.9718 0.0601
vn -0.0656 0.9974 0.0291
vn 0.2746 0.9482 0.1595
vn 0.5245 0.8050 0.2773
vn 0.4548 0.8786 0.1460
vn 0.2389 0.9454 0.2215
vn 0.0202 0.9921 0.1235
vn 0.0239 0.9868 0.1601
vn 0.3592 0.9093 0.2100
vn 0.5245 0.8050 0.2773
vn 0.2389 0.9454 0.2215
vn 0.3592 0.9093 0.2100
vn 0.0239 0.9868 0.1601
vn 0.1037 0.9893 0.1026
vn 0.3592 0.9093 0.2100
vn 0.1308 0.9392 0.3173
vn 0.5142 0.7980 0.3144
vn 0.4572 0.6375 -0.6202
vn 0.0000 0.0000 -1.0000
vn 0.0000 0.0000 -1.0000
vn 0.4572 0.6375 -0.6202
vn 0.0000 0.0000 -1.0000
vn 0.0000 0.0000 -1.0000
vn 0.0000 -0.0000 -1.0000
vn 0.4572 0.6375 -0.6202
vn 0.0000 0.0000 -1.0000
vn 0.4548 0.8786 0.1460
vn 0.5973 0.7989 0.0707
vn 0.5225 0.8389 -0.1523
vn 0.6749 0.6714 0.3061
vn 0.4548 0.8786 0.1460
vn 0.5245 0.8050 0.2773
vn 0.6966 0.6394 0.3253
vn 0.7545 0.5637 0.3363
vn 0.6749 0.6714 0.3061
vn 0.6966 0.6394 0.3253
vn 0.5245 0.8050 0.2773
vn 0.5142 0.7980 0.3144
vn 0.6966 0.6394 0.3253
vn 0.5142 0.7980 0.3144
vn 0.6305 0.6855 0.3642
vn 0.8017 0.5944 0.0625
vn 0.6557 0.7342 -0.1758
vn 0.5973 0.7989 0.0707
vn 0.7089 0.6380 0.3007
vn 0.5973 0.7989 0.0707
vn 0.6749 0.6714 0.3061
vn 0.7089 0.6380 0.3007
vn 0.7445 0.5741 0.3409
vn 0.8114 0.5069 0.2910
vn -0.5755 0.8064 0.1364
vn -0.1245 0.9883 0.0875
vn -0.6490 0.7608 0.0044
vn -0.5755 0.8064 0.1364
vn -0.5200 0.8208 0.2366
vn -0.0244 0.9957 0.0898
vn 0.3941 0.9121 0.1128
vn -0.1245 0.9883 0.0875
vn -0.0244 0.9957 0.0898
vn 0.5198 0.8087 0.2754
vn 0.5904 0.7713 0.2378
vn 0.3941 0.9121 0.1128
vn 0.5198 0.8087 0.2754
vn -0.0244 0.9957 0.0898
vn 0.0220 0.9266 0.3754
vn 0.5904 0.7713 0.2378
vn 0.6754 0.6901 0.2600
vn 0.5578 0.7838 0.2730
vn 0.5904 0.7713 0.2378
vn 0.2499 0.9334 0.2574
vn 0.3941 0.9121 0.1128
vn 0.6203 -0.1019 0.7777
vn 0.5557 -0.1845 0.8106
vn 0.5838 -0.1013 0.8056
vn 0.6337 -0.0488 0.7721
vn 0.6203 -0.1019 0.7777
vn 0.6875 0.0218 0.7258
vn 0.6098 -0.1178 0.7837
vn 0.6203 -0.1019 0.7777
vn 0.6337 -0.0488 0.7721
vn 0.0000 0.0000 -1.0000
vn 0.0000 0.0000 -1.0000
vn 0.0000 0.0000 -1.0000
vn 0.6950 -0.0160 0.7188
vn 0.6098 -0.1178 0.7837
vn 0.6337 -0.0488 0.7721
vn 0.7715 0.1064 0.6272
vn 0.7363 0.1300 0.6641
vn 0.7641 0.1983 0.6138
vn 0.7715 0.1064 0.6272
vn 0.6950 -0.0160 0.7188
vn 0.6875 0.0218 0.7258
vn 0.0000 0.0000 -1.0000
vn 0.0000 0.0000 -1.0000
vn 0.0000 0.0000 -1.0000
vn 0.0000 0.0000 -1.0000
vn 0.0000 0.0000 -1.0000
vn 0.0000 0.0000 -1.0000
vn 0.8013 0.2051 0.5620
vn 0.7672 0.2220 0.6018
vn 0.7962 0.2799 0.5364
vn 0.8013 0.2051 0.5620
vn 0.7715 0.1064 0.6272
vn 0.7641 0.1983 0.6138
vn 0.8167 0.0578 0.5741
vn 0.7715 0.1064 0.6272
vn 0.8416 0.1514 0.5185
vn 0.9167 0.1909 -0.3511
vn 0.0000 0.0000 -1.0000
vn 0.0000 0.0000 -1.0000
vn 0.9317 0.3243 0.1634
vn 0.7982 0.4321 -0.4198
vn 0.9167 0.1909 -0.3511
vn 0.9317 0.3243 0.1634
vn 0.7962 0.2799 0.5364
vn 0.8740 0.4686 0.1284
vn 0.8102 0.2853 0.5120
vn 0.8013 0.2051 0.5620
vn 0.7962 0.2799 0.5364
vn -0.0000 0.0000 -1.0000
vn 0.0000 0.0000 -1.0000
vn 0.6712 0.4483 -0.5903
vn 0.9075 0.4161 -0.0571
vn 0.9317 0.3243 0.1634
vn 0.9167 0.1909 -0.3511
vn 0.8813 0.4567 0.1219
vn 0.9075 0.4161 -0.0571
vn 0.6712 0.4483 -0.5903
vn 0.8102 0.2853 0.5120
vn 0.9317 0.3243 0.1634
vn 0.8811 0.3786 0.2835
vn 0.8257 0.3291 0.4582
vn 0.8811 0.3786 0.2835
vn 0.8813 0.4567 0.1219
vn 0.6246 0.0078 0.7809
vn 0.7063 0.0654 0.7049
vn 0.7474 0.1367 0.6501
vn 0.6246 0.0078 0.7809
vn 0.5838 -0.1013 0.8056
vn 0.6060 -0.0104 0.7954
vn 0.0000 0.0000 -1.0000
vn 0.0000 0.0000 -1.0000
vn 0.0000 0.0000 -1.0000
vn 0.0000 0.0000 -1.0000
vn 0.0000 0.0000 -1.0000
vn 0.0000 0.0000 -1.0000
vn 0.7404 0.1499 0.6553
vn 0.7474 0.1367 0.6501
vn 0.8850 0.4065 0.2269
vn 0.7404 0.1499 0.6553
vn 0.6668 -0.0374 0.7443
vn 0.6246 0.0078 0.7809
vn 0.6875 0.0218 0.7258
vn 0.6668 -0.0374 0.7443
vn 0.7034 0.0550 0.7087
vn 0.9470 0.2590 0.1900
vn 0.7919 0.4089 -0.4535
vn 0.8780 0.1173 -0.4641
vn 0.9470 0.2590 0.1900
vn 0.7404 0.1499 0.6553
vn 0.8850 0.4065 0.2269
vn 0.7375 0.1853 0.6494
vn 0.7404 0.1499 0.6553
vn 0.7756 0.2297 0.5879
vn 0.7363 0.1300 0.6641
vn 0.7034 0.0550 0.7087
vn 0.7375 0.1853 0.6494
vn 0.0000 0.0000 -1.0000
vn 0.8780 0.1173 -0.4641
vn 0.0000 0.0000 -1.0000
vn 0.9853 0.1624 -0.0537
vn 0.9470 0.2590 0.1900
vn 0.8780 0.1173 -0.4641
vn 0.7756 0.2297 0.5879
vn 0.9470 0.2590 0.1900
vn 0.9137 0.2727 0.3012
vn 0.7756 0.2297 0.5879
vn 0.7962 0.2799 0.5364
vn 0.7672 0.2220 0.6018
vn 0.7641 0.1983 0.6138
vn 0.7363 0.1300 0.6641
vn 0.7375 0.1853 0.6494
vn -0.0000 0.0000 -1.0000
vn 0.0000 0.0000 -1.0000
vn 0.7982 0.4321 -0.4198
vn 0.9397 0.2741 0.2044
vn 0.9853 0.1624 -0.0537
vn 0.8501 0.4971 -0.1737
vn 0.8740 0.4686 0.1284
vn 0.8501 0.4971 -0.1737
vn 0.7982 0.4321 -0.4198
vn 0.9397 0.2741 0.2044
vn 0.7962 0.2799 0.5364
vn 0.9137 0.2727 0.3012
vn 0.0000 0.0000 -1.0000
vn 0.0000 -0.0000 -1.0000
vn 0.0000 0.0000 -1.0000
vn 0.9635 0.0760 0.2566
vn 0.9814 0.0292 -0.1899
vn 0.9868 0.1475 -0.0667
vn 0.9635 0.0760 0.2566
vn 0.7063 0.0654 0.7049
vn 0.9392 0.0183 0.3428
vn -0.0000 0.0000 -1.0000
vn 0.0000 0.0000 -1.0000
vn 0.7919 0.4089 -0.4535
vn 0.9516 0.2232 0.2112
vn 0.9868 0.1475 -0.0667
vn 0.8591 0.4887 -0.1521
vn 0.8850 0.4065 0.2269
vn 0.8591 0.4887 -0.1521
vn 0.7919 0.4089 -0.4535
vn 0.9516 0.2232 0.2112
vn 0.7474 0.1367 0.6501
vn 0.9635 0.0760 0.2566
vn 0.0000 0.0000 -1.0000
vn 0.0000 0.0000 -1.0000
vn 0.0000 0.0000 -1.0000
vn 0.0000 0.0000 -1.0000
vn 0.0000 0.0000 -1.0000
vn 0.0000 0.0000 -1.0000
vn 0.0000 0.0000 -1.0000
vn 0.0000 0.0000 -1.0000
vn 0.0000 0.0000 -1.0000
vn 0.0000 0.0000 -1.0000
vn 0.0000 0.0000 -1.0000
vn 0.0000 0.0000 -1.0000
vn 0.0000 0.0000 -1.0000
vn 0.0000 0.0000 -1.0000
vn 0.0000 0.0000 -1.0000
vn 0.0000 0.0000 -1.0000
vn 0.0000 0.0000 -1.0000
vn 0.0000 0.0000 -1.0000
vn 0.0000 0.0000 -1.0000
vn 0.0000 0.0000 -1.0000
vn 0.0000 0.0000 -1.0000
vn 0.0000 0.0000 -1.0000
vn 0.0000 0.0000 -1.0000
vn 0.0000 0.0000 -1.0000
vn 0.0000 0.0000 -1.0000
vn 0.0000 0.0000 -1.0000
vn 0.0000 0.0000 -1.0000
vn 0.0000 0.0000 -1.0000
vn 0.0000 0.0000 -1.0000
vn 0.0000 0.0000 -1.0000
vn 0.0000 0.0000 -1.0000
vn 0.0000 0.0000 -1.0000
vn 0.0000 0.0000 -1.0000
vn 0.0000 0.0000 -1.0000
vn 0.0000 0.0000 -1.0000
vn 0.0000 0.0000 -1.0000
vn 0.0000 0.0000 -1.0000
vn 0.0000 0.0000 -1.0000
vn 0.0000 0.0000 -1.0000
vn 0.0000 0.0000 -1.0000
vn 0.0000 0.0000 -1.0000
vn 0.0000 0.0000 -1.0000
vn 0.0000 0.0000 -1.0000
vn 0.0000 0.0000 -1.0000
vn 0.0000 0.0000 -1.0000
vn 0.0000 0.0000 -1.0000
vn 0.0000 0.0000 -1.0000
vn 0.0000 0.0000 -1.0000
vn 0.0000 0.0000 -1.0000
vn 0.0000 0.0000 -1.0000
vn 0.0000 0.0000 -1.0000
vn 0.0000 0.0000 -1.0000
vn 0.0000 0.0000 -1.0000
vn 0.0000 0.0000 -1.0000
vn -0.9976 -0.0307 0.0614
vn -0.9314 -0.0353 -0.3623
vn -0.9825 -0.1180 -0.1439
vn 0.0000 0.0000 -1.0000
vn 0.0000 0.0000 -1.0000
vn -0.9314 -0.0353 -0.3623
vn -0.9971 -0.0712 0.0259
vn -0.9976 -0.0307 0.0614
vn -0.9839 -0.0413 0.1742
vn -0.9855 -0.0793 0.1503
vn -0.9839 -0.0413 0.1742
vn -0.9231 -0.1019 0.3708
vn 0.0000 0.0000 -1.0000
vn 0.0000 0.0000 -1.0000
vn 0.0000 0.0000 -1.0000
vn -0.9969 -0.0709 -0.0354
vn -0.9971 -0.0712 0.0259
vn -0.9855 -0.0793 0.1503
vn -0.9440 -0.1190 0.3077
vn -0.9921 -0.0662 0.1068
vn -0.9855 -0.0793 0.1503
vn -0.9068 -0.1913 0.3757
vn -0.9440 -0.1190 0.3077
vn -0.9231 -0.1019 0.3708
vn -0.9068 -0.1913 0.3757
vn -0.8683 -0.1350 0.4773
vn -0.8277 -0.2502 0.5023
vn -0.9106 -0.2300 -0.3434
vn -0.7109 -0.6395 -0.2927
vn -0.8137 -0.5573 0.1650
vn -0.9447 -0.2904 0.1520
vn -0.8498 -0.2778 -0.4480
vn -0.9106 -0.2300 -0.3434
vn -0.8992 -0.4375 0.0016
vn -0.9613 -0.1857 -0.2033
vn -0.8498 -0.2778 -0.4480
vn -0.9447 -0.2904 0.1520
vn -0.8963 -0.3218 0.3052
vn -0.5652 -0.3149 0.7625
vn -0.6668 -0.7103 0.2257
vn -0.6236 -0.7025 -0.3430
vn -0.3923 -0.9123 -0.1172
vn -0.8137 -0.5573 0.1650
vn -0.7109 -0.6395 -0.2927
vn -0.6236 -0.7025 -0.3430
vn -0.6668 -0.7103 0.2257
vn -0.4289 -0.8946 0.1255
vn -0.4937 -0.6245 0.6052
vn 0.0000 0.0000 -1.0000
vn -0.6236 -0.7025 -0.3430
vn 0.0000 0.0000 -1.0000
vn -0.6163 -0.3024 0.7272
vn -0.8963 -0.3218 0.3052
vn -0.8137 -0.5573 0.1650
vn -0.6163 -0.3024 0.7272
vn -0.6668 -0.7103 0.2257
vn -0.3955 -0.3142 0.8630
vn -0.5652 -0.3149 0.7625
vn -0.8963 -0.3218 0.3052
vn -0.6163 -0.3024 0.7272
vn 0.0000 0.0000 -1.0000
vn 0.0000 0.0000 -1.0000
vn -0.9106 -0.2300 -0.3434
vn -0.3981 -0.3663 0.8410
vn -0.5984 -0.3320 0.7292
vn -0.5652 -0.3149 0.7625
vn -0.3981 -0.3663 0.8410
vn -0.3601 -0.2082 0.9094
vn -0.1202 -0.3495 0.9292
vn -0.4846 -0.4227 0.7658
vn -0.5984 -0.3320 0.7292
vn -0.3981 -0.3663 0.8410
vn 0.0431 -0.9938 0.1026
vn -0.4289 -0.8946 0.1255
vn -0.3923 -0.9123 -0.1172
vn -0.1072 -0.7266 0.6787
vn -0.4937 -0.6245 0.6052
vn -0.4289 -0.8946 0.1255
vn 0.0000 0.0000 -1.0000
vn 0.0000 -0.0000 -1.0000
vn 0.0000 -0.0000 -1.0000
vn 0.3915 -0.8055 0.4449
vn 0.0715 -0.3914 0.9174
vn -0.1072 -0.7266 0.6787
vn -0.3955 -0.3142 0.8630
vn -0.4937 -0.6245 0.6052
vn -0.1072 -0.7266 0.6787
vn 0.0000 0.0000 -1.0000
vn 0.0000 0.0000 -1.0000
vn 0.0000 0.0000 -1.0000
vn 0.0113 -0.0796 0.9968
vn -0.3601 -0.2082 0.9094
vn -0.3955 -0.3142 0.8630
vn -0.1202 -0.3495 0.9292
vn -0.3601 -0.2082 0.9094
vn 0.0113 -0.0796 0.9968
vn 0.0000 0.0000 -1.0000
vn 0.0000 0.0000 -1.0000
vn 0.0000 0.0000 -1.0000
vn 0.2152 -0.3713 0.9032
vn -0.1710 -0.5075 0.8445
vn -0.1202 -0.3495 0.9292
vn 0.2548 -0.4372 0.8625
vn -0.1710 -0.5075 0.8445
vn 0.2152 -0.3713 0.9032
vn 0.4300 -0.9011 0.0565
vn 0.0431 -0.9938 0.1026
vn 0.0319 -0.9588 -0.2823
vn 0.0000 0.0000 -1.0000
vn 0.5284 -0.6604 -0.5335
vn 0.0000 0.0000 -1.0000
vn 0.5284 -0.6604 -0.5335
vn 0.6166 -0.7387 0.2724
vn 0.4300 -0.9011 0.0565
vn 0.3915 -0.8055 0.4449
vn 0.0431 -0.9938 0.1026
vn 0.4300 -0.9011 0.0565
vn 0.4504 -0.3264 0.8310
vn 0.0715 -0.3914 0.9174
vn 0.3915 -0.8055 0.4449
vn 0.0000 0.0000 -1.0000
vn 0.5284 -0.6604 -0.5335
vn 0.0000 0.0000 -1.0000
vn 0.0113 -0.0796 0.9968
vn 0.0715 -0.3914 0.9174
vn 0.4504 -0.3264 0.8310
vn 0.0000 0.0000 -1.0000
vn 0.0000 0.0000 -1.0000
vn 0.0000 0.0000 -1.0000
vn 0.3356 -0.9090 0.2472
vn 0.6166 -0.7387 0.2724
vn 0.5284 -0.6604 -0.5335
vn 0.3801 -0.4628 0.8008
vn 0.4504 -0.3264 0.8310
vn 0.6166 -0.7387 0.2724
vn 0.0000 0.0000 -1.0000
vn 0.0000 0.0000 -1.0000
vn 0.2210 -0.8963 -0.3845
vn 0.2034 -0.6067 0.7684
vn 0.1557 -0.2565 0.9539
vn 0.3801 -0.4628 0.8008
vn 0.2824 -0.1651 0.9450
vn 0.4504 -0.3264 0.8310
vn 0.3801 -0.4628 0.8008
vn 0.0000 0.0000 -1.0000
vn 0.0000 0.0000 -1.0000
vn 0.0000 0.0000 -1.0000
vn 0.2399 -0.2631 0.9345
vn 0.2824 -0.1651 0.9450
vn 0.1557 -0.2565 0.9539
vn 0.4891 -0.8512 0.1905
vn 0.3356 -0.9090 0.2472
vn 0.2210 -0.8963 -0.3845
vn 0.0000 0.0000 -1.0000
vn 0.0000 0.0000 -1.0000
vn 0.4130 -0.8240 -0.3879
vn 0.7213 -0.6882 -0.0786
vn 0.6519 -0.6152 0.4434
vn 0.4891 -0.8512 0.1905
vn 0.2034 -0.6067 0.7684
vn 0.3356 -0.9090 0.2472
vn 0.4891 -0.8512 0.1905
vn 0.2469 -0.2150 0.9449
vn 0.1557 -0.2565 0.9539
vn 0.2034 -0.6067 0.7684
vn 0.6639 -0.4201 -0.6186
vn 0.0000 0.0000 -1.0000
vn 0.0000 0.0000 -1.0000
vn 0.3861 -0.3686 0.8456
vn 0.2278 -0.2586 0.9387
vn 0.2469 -0.2150 0.9449
vn 0.1658 -0.2169 0.9620
vn 0.1557 -0.2565 0.9539
vn 0.2469 -0.2150 0.9449
vn 0.7797 -0.6033 0.1675
vn 0.6519 -0.6152 0.4434
vn 0.7213 -0.6882 -0.0786
vn 0.0000 0.0000 -1.0000
vn 0.0000 0.0000 -1.0000
vn 0.6639 -0.4201 -0.6186
vn 0.6783 -0.7098 -0.1897
vn 0.6167 -0.6911 0.3769
vn 0.7797 -0.6033 0.1675
vn 0.3861 -0.3686 0.8456
vn 0.6519 -0.6152 0.4434
vn 0.7797 -0.6033 0.1675
vn 0.2612 -0.2826 0.9230
vn 0.2278 -0.2586 0.9387
vn 0.3861 -0.3686 0.8456
vn -0.9752 -0.1973 0.1005
vn -0.9055 -0.0619 -0.4198
vn -0.9613 -0.1857 -0.2033
vn -0.9752 -0.1973 0.1005
vn -0.9870 -0.0951 0.1296
vn -0.8684 -0.2405 0.4337
vn -0.9473 -0.3204 0.0045
vn -0.6592 -0.1740 -0.7316
vn -0.9055 -0.0619 -0.4198
vn -0.8808 -0.3055 0.3616
vn -0.9473 -0.3204 0.0045
vn -0.9752 -0.1973 0.1005
vn -0.8808 -0.3055 0.3616
vn -0.8723 -0.3159 0.3733
vn -0.7307 -0.3842 0.5643
vn -0.7283 -0.3400 -0.5950
vn -0.6592 -0.1740 -0.7316
vn -0.9473 -0.3204 0.0045
vn -0.8933 -0.3100 0.3256
vn -0.9496 -0.3133 0.0077
vn -0.9473 -0.3204 0.0045
vn -0.7957 -0.3102 0.5203
vn -0.8933 -0.3100 0.3256
vn -0.8808 -0.3055 0.3616
vn -0.7957 -0.3102 0.5203
vn -0.7681 -0.3105 0.5600
vn -0.7104 -0.3059 0.6339
vn -0.7671 -0.2886 -0.5729
vn -0.7283 -0.3400 -0.5950
vn -0.9496 -0.3133 0.0077
vn -0.9699 -0.2261 0.0909
vn -0.9976 -0.0307 0.0614
vn -0.9825 -0.1180 -0.1439
vn -0.9699 -0.2261 0.0909
vn -0.9496 -0.3133 0.0077
vn -0.8933 -0.3100 0.3256
vn -0.9649 -0.0965 0.2442
vn -0.9976 -0.0307 0.0614
vn -0.9699 -0.2261 0.0909
vn -0.8445 -0.2544 0.4713
vn -0.9366 -0.1766 0.3025
vn -0.8933 -0.3100 0.3256
vn -0.7276 -0.2271 0.6473
vn -0.8445 -0.2544 0.4713
vn -0.7957 -0.3102 0.5203
vn -0.7276 -0.2271 0.6473
vn -0.7104 -0.3059 0.6339
vn -0.6584 -0.2406 0.7132
vn 0.0000 0.0000 -1.0000
vn -0.7671 -0.2886 -0.5729
vn 0.0000 0.0000 -1.0000
vn -0.9410 -0.0858 0.3272
vn -0.9839 -0.0413 0.1742
vn -0.9649 -0.0965 0.2442
vn -0.9410 -0.0858 0.3272
vn -0.9366 -0.1766 0.3025
vn -0.8445 -0.2544 0.4713
vn -0.9231 -0.1019 0.3708
vn -0.9839 -0.0413 0.1742
vn -0.9410 -0.0858 0.3272
vn -0.8508 -0.0945 0.5169
vn -0.8445 -0.2544 0.4713
vn -0.7276 -0.2271 0.6473
vn -0.8683 -0.1350 0.4773
vn -0.9231 -0.1019 0.3708
vn -0.8508 -0.0945 0.5169
vn -0.7195 -0.2388 0.6522
vn -0.7673 -0.1774 0.6163
vn -0.7276 -0.2271 0.6473
vn -0.7195 -0.2388 0.6522
vn -0.6584 -0.2406 0.7132
vn -0.5364 -0.2235 0.8138
vn 0.0000 0.0000 -1.0000
vn 0.0000 0.0000 -1.0000
vn 0.0000 0.0000 -1.0000
vn -0.8277 -0.2502 0.5023
vn -0.7673 -0.1774 0.6163
vn -0.7195 -0.2388 0.6522
vn -0.7167 -0.2951 0.6319
vn -0.7195 -0.2388 0.6522
vn -0.6022 -0.3054 0.7376
vn 0.0000 0.0000 -1.0000
vn 0.0000 0.0000 -1.0000
vn 0.0000 0.0000 -1.0000
vn -0.7680 -0.3138 0.5583
vn -0.8277 -0.2502 0.5023
vn -0.7167 -0.2951 0.6319
vn 0.0000 0.0000 -1.0000
vn -0.8498 -0.2778 -0.4480
vn -0.0000 0.0000 -1.0000
vn -0.8358 -0.2335 0.4970
vn -0.9870 -0.0951 0.1296
vn -0.8992 -0.4375 0.0016
vn -0.8358 -0.2335 0.4970
vn -0.9447 -0.2904 0.1520
vn -0.5984 -0.3320 0.7292
vn -0.8684 -0.2405 0.4337
vn -0.9870 -0.0951 0.1296
vn -0.8358 -0.2335 0.4970
vn -0.6531 -0.3486 0.6722
vn -0.5984 -0.3320 0.7292
vn -0.4846 -0.4227 0.7658
vn -0.9055 -0.0619 -0.4198
vn 0.0000 0.0000 -1.0000
vn 0.0000 0.0000 -1.0000
vn -0.7181 -0.3897 0.5766
vn -0.8723 -0.3159 0.3733
vn -0.8684 -0.2405 0.4337
vn -0.7181 -0.3897 0.5766
vn -0.6531 -0.3486 0.6722
vn -0.5508 -0.4473 0.7047
vn -0.7307 -0.3842 0.5643
vn -0.8723 -0.3159 0.3733
vn -0.7181 -0.3897 0.5766
vn -0.6592 -0.1740 -0.7316
vn 0.0000 0.0000 -1.0000
vn 0.0000 0.0000 -1.0000
vn -0.6152 -0.4087 0.6742
vn -0.7681 -0.3105 0.5600
vn -0.7307 -0.3842 0.5643
vn -0.6152 -0.4087 0.6742
vn -0.5508 -0.4473 0.7047
vn -0.4421 -0.4395 0.7819
vn -0.7104 -0.3059 0.6339
vn -0.7681 -0.3105 0.5600
vn -0.6152 -0.4087 0.6742
vn 0.0000 0.0000 -1.0000
vn 0.0000 0.0000 -1.0000
vn -0.6592 -0.1740 -0.7316
vn -0.5180 -0.3520 0.7795
vn -0.5398 -0.4134 0.7333
vn -0.1627 -0.3879 0.9073
vn -0.6584 -0.2406 0.7132
vn -0.7104 -0.3059 0.6339
vn -0.5180 -0.3520 0.7795
vn 0.0000 0.0000 -1.0000
vn 0.0000 0.0000 -1.0000
vn -0.7283 -0.3400 -0.5950
vn -0.3920 -0.2378 0.8887
vn -0.2520 -0.3589 0.8987
vn -0.0671 -0.3131 0.9474
vn -0.5364 -0.2235 0.8138
vn -0.6584 -0.2406 0.7132
vn -0.3920 -0.2378 0.8887
vn 0.0000 0.0000 -1.0000
vn 0.0000 0.0000 -1.0000
vn 0.0000 0.0000 -1.0000
vn -0.3292 -0.3518 0.8763
vn -0.6022 -0.3054 0.7376
vn -0.5364 -0.2235 0.8138
vn 0.0000 0.0000 -1.0000
vn 0.0000 0.0000 -1.0000
vn 0.0000 0.0000 -1.0000
vn -0.5168 -0.3642 0.7748
vn -0.6409 -0.3298 0.6932
vn -0.6022 -0.3054 0.7376
vn -0.5168 -0.3642 0.7748
vn -0.3292 -0.3518 0.8763
vn -0.2102 -0.4487 0.8686
vn -0.5821 -0.3937 0.7114
vn -0.6409 -0.3298 0.6932
vn -0.5168 -0.3642 0.7748
vn 0.0000 0.0000 -1.0000
vn 0.0000 0.0000 -1.0000
vn 0.0000 0.0000 -1.0000
vn 0.0000 0.0000 -1.0000
vn 0.0000 0.0000 -1.0000
vn 0.0000 0.0000 -1.0000
vn -0.3207 -0.5139 0.7957
vn -0.5508 -0.4473 0.7047
vn -0.4846 -0.4227 0.7658
vn -0.3207 -0.5139 0.7957
vn -0.1710 -0.5075 0.8445
vn 0.2548 -0.4372 0.8625
vn -0.3522 -0.4247 0.8340
vn -0.5508 -0.4473 0.7047
vn -0.3207 -0.5139 0.7957
vn 0.0000 0.0000 -1.0000
vn 0.0000 0.0000 -1.0000
vn 0.0000 0.0000 -1.0000
vn 0.0086 -0.3512 0.9362
vn -0.4421 -0.4395 0.7819
vn -0.3522 -0.4247 0.8340
vn 0.0000 0.0000 -1.0000
vn 0.0000 0.0000 -1.0000
vn 0.0000 0.0000 -1.0000
vn -0.1627 -0.3879 0.9073
vn -0.5398 -0.4134 0.7333
vn -0.4421 -0.4395 0.7819
vn -0.1627 -0.3879 0.9073
vn 0.0086 -0.3512 0.9362
vn 0.2086 -0.2903 0.9339
vn 0.0000 0.0000 -1.0000
vn 0.0000 0.0000 -1.0000
vn 0.0000 0.0000 -1.0000
vn 0.1873 -0.3382 0.9222
vn -0.2520 -0.3589 0.8987
vn -0.1627 -0.3879 0.9073
vn -0.0671 -0.3131 0.9474
vn -0.2520 -0.3589 0.8987
vn 0.1873 -0.3382 0.9222
vn 0.0000 0.0000 -1.0000
vn 0.0000 0.0000 -1.0000
vn 0.0000 0.0000 -1.0000
vn 0.1058 -0.3001 0.9480
vn -0.1883 -0.2583 0.9475
vn -0.0671 -0.3131 0.9474
vn 0.0593 -0.4049 0.9124
vn -0.3292 -0.3518 0.8763
vn -0.1883 -0.2583 0.9475
vn -0.2102 -0.4487 0.8686
vn -0.3292 -0.3518 0.8763
vn 0.0593 -0.4049 0.9124
vn 0.0000 0.0000 -1.0000
vn 0.0000 0.0000 -1.0000
vn 0.0000 0.0000 -1.0000
vn 0.1241 -0.4358 0.8915
vn -0.3652 -0.4300 0.8257
vn -0.2102 -0.4487 0.8686
vn 0.0000 0.0000 -1.0000
vn 0.0000 0.0000 -1.0000
vn 0.0000 0.0000 -1.0000
vn 0.0000 0.0000 -1.0000
vn 0.0000 0.0000 -1.0000
vn 0.0000 0.0000 -1.0000
vn 0.0000 0.0000 -1.0000
vn 0.0000 0.0000 -1.0000
vn 0.0000 0.0000 -1.0000
vn 0.0000 0.0000 -1.0000
vn 0.0000 0.0000 -1.0000
vn 0.0000 0.0000 -1.0000
vn 0.0000 0.0000 -1.0000
vn 0.0000 0.0000 -1.0000
vn 0.0000 0.0000 -1.0000
vn 0.2446 -0.3459 0.9058
vn 0.0086 -0.3512 0.9362
vn 0.2565 -0.3626 0.8960
vn 0.0000 0.0000 -1.0000
vn 0.0000 0.0000 -1.0000
vn 0.0000 0.0000 -1.0000
vn 0.3179 -0.2742 0.9076
vn 0.3194 -0.2488 0.9144
vn 0.2086 -0.2903 0.9339
vn 0.1873 -0.3382 0.9222
vn 0.2086 -0.2903 0.9339
vn 0.3194 -0.2488 0.9144
vn 0.2790 -0.3704 0.8860
vn 0.2073 -0.3338 0.9196
vn 0.1873 -0.3382 0.9222
vn 0.1058 -0.3001 0.9480
vn 0.2073 -0.3338 0.9196
vn 0.2790 -0.3704 0.8860
vn 0.0000 0.0000 -1.0000
vn 0.0000 0.0000 -1.0000
vn 0.0000 0.0000 -1.0000
vn 0.0593 -0.4049 0.9124
vn 0.1058 -0.3001 0.9480
vn 0.2790 -0.3704 0.8860
vn 0.3286 -0.3783 0.8654
vn 0.1241 -0.4358 0.8915
vn 0.3039 -0.3678 0.8789
vn 0.0000 0.0000 -1.0000
vn 0.0000 0.0000 -1.0000
vn 0.0000 0.0000 -1.0000
vn 0.3244 -0.3702 0.8705
vn 0.2152 -0.3713 0.9032
vn 0.2399 -0.2631 0.9345
vn 0.3428 -0.3916 0.8539
vn 0.2548 -0.4372 0.8625
vn 0.3244 -0.3702 0.8705
vn 0.0000 0.0000 1.0000
vn 0.0000 0.0000 1.0000
vn 0.0000 0.0000 1.0000
vn 0.3858 -0.2929 0.8748
vn 0.3179 -0.2742 0.9076
vn 0.3428 -0.3916 0.8539
vn 0.2446 -0.3459 0.9058
vn 0.2548 -0.4372 0.8625
vn 0.3428 -0.3916 0.8539
vn 0.0000 0.0000 -1.0000
vn 0.0000 0.0000 -1.0000
vn 0.0000 0.0000 -1.0000
vn 0.0000 0.0000 -1.0000
vn 0.0000 0.0000 -1.0000
vn 0.0000 0.0000 -1.0000
vn 0.3594 -0.2480 0.8996
vn 0.3493 -0.3156 0.8822
vn 0.3194 -0.2488 0.9144
vn 0.0000 0.0000 -1.0000
vn 0.0000 0.0000 -1.0000
vn 0.0000 0.0000 -1.0000
vn 0.3388 -0.3906 0.8559
vn 0.2790 -0.3704 0.8860
vn 0.3489 -0.3981 0.8484
vn 0.2616 -0.4014 0.8778
vn 0.2790 -0.3704 0.8860
vn 0.3388 -0.3906 0.8559
vn 0.3039 -0.3678 0.8789
vn 0.2616 -0.4014 0.8778
vn 0.3388 -0.3906 0.8559
vn 0.0000 0.0000 -1.0000
vn 0.0000 0.0000 -1.0000
vn 0.0000 0.0000 -1.0000
vn 0.1852 -0.2418 0.9525
vn 0.2896 -0.3007 0.9087
vn 0.2399 -0.2631 0.9345
vn 0.0000 0.0000 -1.0000
vn 0.0000 0.0000 -1.0000
vn 0.0000 0.0000 -1.0000
vn 0.3858 -0.2929 0.8748
vn 0.3244 -0.3702 0.8705
vn 0.2896 -0.3007 0.9087
vn 0.0000 0.0000 -1.0000
vn 0.0000 0.0000 -1.0000
vn 0.0000 0.0000 -1.0000
vn 0.2806 -0.2634 0.9230
vn 0.3594 -0.2480 0.8996
vn 0.3858 -0.2929 0.8748
vn 0.3874 -0.1953 0.9010
vn 0.3179 -0.2742 0.9076
vn 0.3858 -0.2929 0.8748
vn 0.0000 0.0000 -1.0000
vn 0.0000 0.0000 -1.0000
vn 0.0000 0.0000 -1.0000
vn 0.0000 0.0000 -1.0000
vn 0.0000 0.0000 -1.0000
vn 0.0000 0.0000 -1.0000
vn 0.0000 0.0000 -1.0000
vn 0.0000 0.0000 -1.0000
vn 0.0000 0.0000 -1.0000
vn 0.3465 -0.3848 0.8555
vn 0.3493 -0.3156 0.8822
vn 0.3594 -0.2480 0.8996
vn 0.3437 -0.3534 0.8700
vn 0.3388 -0.3906 0.8559
vn 0.4112 -0.3260 0.8513
vn 0.0000 0.0000 -1.0000
vn 0.0000 0.0000 -1.0000
vn 0.0000 0.0000 -1.0000
vn 0.1852 -0.2418 0.9525
vn 0.1658 -0.2169 0.9620
vn 0.2278 -0.2586 0.9387
vn 0.2091 -0.2513 0.9450
vn 0.2896 -0.3007 0.9087
vn 0.1852 -0.2418 0.9525
vn 0.0000 0.0000 -1.0000
vn 0.0000 0.0000 -1.0000
vn 0.0000 0.0000 -1.0000
vn 0.0000 0.0000 -1.0000
vn 0.0000 0.0000 -1.0000
vn 0.0000 0.0000 -1.0000
vn 0.0000 0.0000 -1.0000
vn 0.0000 0.0000 -1.0000
vn 0.0000 0.0000 -1.0000
vn 0.2806 -0.2634 0.9230
vn 0.2896 -0.3007 0.9087
vn 0.2091 -0.2513 0.9450
vn 0.2722 -0.2776 0.9213
vn 0.3594 -0.2480 0.8996
vn 0.2806 -0.2634 0.9230
vn 0.2906 -0.3194 0.9019
vn 0.3594 -0.2480 0.8996
vn 0.2722 -0.2776 0.9213
vn 0.3095 -0.3447 0.8862
vn 0.2906 -0.3194 0.9019
vn 0.2722 -0.2776 0.9213
vn 0.3522 -0.3970 0.8475
vn 0.3465 -0.3848 0.8555
vn 0.3095 -0.3447 0.8862
vn 0.4022 -0.3185 0.8583
vn 0.4112 -0.3260 0.8513
vn 0.3522 -0.3970 0.8475
vn 0.4533 -0.2876 0.8437
vn 0.4664 -0.2867 0.8368
vn 0.4112 -0.3260 0.8513
vn 0.4055 -0.3267 0.8537
vn 0.4112 -0.3260 0.8513
vn 0.4664 -0.2867 0.8368
vn 0.0000 0.0000 -1.0000
vn 0.0000 -0.0000 -1.0000
vn 0.0000 0.0000 -1.0000
vn 0.5348 -0.1989 0.8212
vn 0.3262 -0.2267 0.9177
vn 0.2612 -0.2826 0.9230
vn 0.1862 -0.2266 0.9560
vn 0.2278 -0.2586 0.9387
vn 0.2612 -0.2826 0.9230
vn 0.0000 0.0000 -1.0000
vn 0.0000 0.0000 -1.0000
vn 0.0000 0.0000 -1.0000
vn 0.4804 -0.2648 0.8361
vn 0.3725 -0.2059 0.9049
vn 0.3262 -0.2267 0.9177
vn 0.2437 -0.2315 0.9418
vn 0.1862 -0.2266 0.9560
vn 0.3262 -0.2267 0.9177
vn 0.0000 0.0000 -1.0000
vn 0.0000 0.0000 -1.0000
vn 0.0000 0.0000 -1.0000
vn 0.0000 0.0000 -1.0000
vn 0.0000 0.0000 -1.0000
vn 0.0000 0.0000 -1.0000
vn 0.3957 -0.1737 0.9018
vn 0.3260 -0.2253 0.9181
vn 0.2437 -0.2315 0.9418
vn 0.2806 -0.2634 0.9230
vn 0.2091 -0.2513 0.9450
vn 0.2437 -0.2315 0.9418
vn 0.3778 -0.2078 0.9023
vn 0.3925 -0.1942 0.8990
vn 0.3260 -0.2253 0.9181
vn 0.2784 -0.2410 0.9298
vn 0.2806 -0.2634 0.9230
vn 0.3260 -0.2253 0.9181
vn 0.3945 -0.2574 0.8821
vn 0.2722 -0.2776 0.9213
vn 0.2784 -0.2410 0.9298
vn 0.3095 -0.3447 0.8862
vn 0.2722 -0.2776 0.9213
vn 0.3945 -0.2574 0.8821
vn 0.3945 -0.2574 0.8821
vn 0.4533 -0.2876 0.8437
vn 0.4022 -0.3185 0.8583
vn -0.4459 -0.4524 0.7723
vn -0.5821 -0.3937 0.7114
vn -0.3652 -0.4300 0.8257
vn -0.1192 -0.4670 0.8762
vn -0.3652 -0.4300 0.8257
vn 0.1241 -0.4358 0.8915
vn 0.2373 -0.3853 0.8918
vn -0.1630 -0.4048 0.8997
vn -0.1192 -0.4670 0.8762
vn 0.3275 -0.3951 0.8583
vn 0.2373 -0.3853 0.8918
vn 0.3286 -0.3783 0.8654
vn 0.7085 -0.6793 0.1911
vn 0.6167 -0.6911 0.3769
vn 0.6783 -0.7098 -0.1897
vn 0.9703 -0.1678 -0.1743
vn 0.8323 -0.3133 0.4574
vn 0.7085 -0.6793 0.1911
vn 0.5348 -0.1989 0.8212
vn 0.6167 -0.6911 0.3769
vn 0.7085 -0.6793 0.1911
vn 0.6976 -0.1233 -0.7058
vn 0.4093 -0.6726 -0.6165
vn 0.0000 0.0000 -1.0000
vn 0.4804 -0.2648 0.8361
vn 0.5348 -0.1989 0.8212
vn 0.8323 -0.3133 0.4574
vn 0.3653 -0.2366 0.9003
vn 0.3725 -0.2059 0.9049
vn 0.4804 -0.2648 0.8361
vn 0.0000 0.0000 -1.0000
vn 0.0000 0.0000 -1.0000
vn 0.0000 0.0000 -1.0000
vn 0.0000 0.0000 -1.0000
vn 0.6561 -0.1765 -0.7337
vn 0.6976 -0.1233 -0.7058
vn 0.4609 -0.2623 0.8478
vn 0.3139 -0.1734 0.9335
vn 0.3653 -0.2366 0.9003
vn 0.3957 -0.1737 0.9018
vn 0.3725 -0.2059 0.9049
vn 0.3653 -0.2366 0.9003
vn 0.3166 -0.4580 -0.8306
vn 0.6561 -0.1765 -0.7337
vn 0.0000 0.0000 -1.0000
vn 0.3778 -0.2078 0.9023
vn 0.3957 -0.1737 0.9018
vn 0.3139 -0.1734 0.9335
vn 0.3607 -0.1787 0.9154
vn 0.3832 -0.2193 0.8972
vn 0.3778 -0.2078 0.9023
vn 0.3945 -0.2574 0.8821
vn 0.3925 -0.1942 0.8990
vn 0.3778 -0.2078 0.9023
vn 0.4177 -0.1641 0.8936
vn 0.4573 -0.2491 0.8537
vn 0.3832 -0.2193 0.8972
vn 0.4573 -0.2491 0.8537
vn 0.4533 -0.2876 0.8437
vn 0.3945 -0.2574 0.8821
vn 0.4370 -0.7485 0.4987
vn 0.8323 -0.3133 0.4574
vn 0.9703 -0.1678 -0.1743
vn 0.6976 -0.1233 -0.7058
vn 0.8470 -0.3577 -0.3933
vn 0.9357 -0.2517 -0.2472
vn 0.7397 -0.2468 0.6260
vn 0.4370 -0.7485 0.4987
vn 0.4651 -0.2838 0.8385
vn 0.4291 -0.3885 0.8155
vn 0.8323 -0.3133 0.4574
vn 0.4370 -0.7485 0.4987
vn 0.3961 0.9180 0.0193
vn 0.3961 0.9180 0.0193
vn 0.3961 0.9180 0.0193
vn 0.2959 -0.9333 -0.2036
vn 0.7257 -0.3359 0.6004
vn 0.7397 -0.2468 0.6260
vn 0.4609 -0.2623 0.8478
vn 0.4291 -0.3885 0.8155
vn 0.7397 -0.2468 0.6260
vn 0.4376 -0.1937 0.8780
vn 0.3139 -0.1734 0.9335
vn 0.4609 -0.2623 0.8478
vn 0.3166 -0.4580 -0.8306
vn 0.0000 0.0000 -1.0000
vn 0.0000 0.0000 -1.0000
vn 0.3166 -0.4580 -0.8306
vn -0.3377 -0.5965 -0.7281
vn 0.2959 -0.9333 -0.2036
vn 0.4277 -0.2858 0.8576
vn 0.4222 -0.2041 0.8832
vn 0.4376 -0.1937 0.8780
vn 0.3027 -0.2360 0.9234
vn 0.3139 -0.1734 0.9335
vn 0.4376 -0.1937 0.8780
vn 0.3607 -0.1787 0.9154
vn 0.3027 -0.2360 0.9234
vn 0.4222 -0.2041 0.8832
vn 0.0000 0.0000 -1.0000
vn 0.0000 0.0000 -1.0000
vn 0.0000 0.0000 -1.0000
vn 0.4177 -0.1641 0.8936
vn 0.3607 -0.1787 0.9154
vn 0.4539 -0.1508 0.8782
vn 0.4572 -0.1552 0.8757
vn 0.4573 -0.2491 0.8537
vn 0.4177 -0.1641 0.8936
vn 0.0000 0.0000 -1.0000
vn 0.0000 0.0000 -1.0000
vn 0.0000 0.0000 -1.0000
vn 0.5125 -0.0876 0.8542
vn 0.5079 -0.2165 0.8337
vn 0.4572 -0.1552 0.8757
vn 0.5079 -0.2165 0.8337
vn 0.4573 -0.2491 0.8537
vn 0.4572 -0.1552 0.8757
vn 0.0000 0.0000 -1.0000
vn 0.0000 0.0000 -1.0000
vn 0.0000 0.0000 -1.0000
vn 0.5838 -0.1013 0.8056
vn 0.5079 -0.2165 0.8337
vn 0.5125 -0.0876 0.8542
vn 0.6222 -0.6864 0.3765
vn 0.7257 -0.3359 0.6004
vn 0.2959 -0.9333 -0.2036
vn 0.8721 -0.1107 -0.4767
vn -0.3377 -0.5965 -0.7281
vn 0.0000 0.0000 -1.0000
vn -0.3377 -0.5965 -0.7281
vn 0.8721 -0.1107 -0.4767
vn 0.0000 0.0000 -1.0000
vn 0.9401 -0.2400 0.2422
vn 0.6222 -0.6864 0.3765
vn 0.6868 -0.7088 -0.1609
vn 0.4277 -0.2858 0.8576
vn 0.7257 -0.3359 0.6004
vn 0.6222 -0.6864 0.3765
vn 0.0000 0.0000 -1.0000
vn 0.8721 -0.1107 -0.4767
vn 0.0000 0.0000 -1.0000
vn 0.0000 0.0000 -1.0000
vn 0.0000 -0.0000 -1.0000
vn 0.0000 0.0000 -1.0000
vn 0.9670 -0.2265 -0.1171
vn 0.9210 -0.1203 0.3704
vn 0.9401 -0.2400 0.2422
vn 0.4539 -0.1508 0.8782
vn 0.4277 -0.2858 0.8576
vn 0.9401 -0.2400 0.2422
vn 0.0000 0.0000 -1.0000
vn 0.0000 0.0000 -1.0000
vn 0.0000 0.0000 -1.0000
vn 0.9832 -0.1504 -0.1031
vn 0.9439 -0.0628 0.3244
vn 0.9210 -0.1203 0.3704
vn 0.9439 -0.0628 0.3244
vn 0.5870 -0.0838 0.8052
vn 0.4974 -0.1130 0.8601
vn 0.0000 0.0000 -1.0000
vn 0.0000 0.0000 -1.0000
vn 0.0000 0.0000 -1.0000
vn 0.9941 -0.0553 -0.0934
vn 0.9493 0.0106 0.3143
vn 0.9439 -0.0628 0.3244
vn 0.9493 0.0106 0.3143
vn 0.5946 -0.0544 0.8022
vn 0.5870 -0.0838 0.8052
vn 0.5125 -0.0876 0.8542
vn 0.4974 -0.1130 0.8601
vn 0.5870 -0.0838 0.8052
vn 0.0000 0.0000 -1.0000
vn 0.0000 0.0000 -1.0000
vn 0.0000 0.0000 -1.0000
vn 0.9814 0.0292 -0.1899
vn 0.9392 0.0183 0.3428
vn 0.9493 0.0106 0.3143
vn 0.6060 -0.0104 0.7954
vn 0.5946 -0.0544 0.8022
vn 0.9493 0.0106 0.3143
vn 0.6060 -0.0104 0.7954
vn 0.9392 0.0183 0.3428
vn 0.7063 0.0654 0.7049
vn 0.0000 0.0000 -1.0000
vn 0.0000 0.0000 -1.0000
vn 0.0000 0.0000 -1.0000
vn 0.0000 0.0000 -1.0000
vn 0.0000 0.0000 -1.0000
vn 0.0000 0.0000 -1.0000
vn 0.0000 0.0000 -1.0000
vn 0.0000 0.0000 -1.0000
vn 0.0000 0.0000 -1.0000
vn 0.0000 0.0000 -1.0000
vn 0.0000 0.0000 -1.0000
vn 0.0000 0.0000 -1.0000
vn 0.0000 0.0000 -1.0000
vn 0.0000 0.0000 -1.0000
vn 0.0000 0.0000 -1.0000
vn 0.0000 0.0000 -1.0000
vn 0.0000 0.0000 -1.0000
vn 0.0000 0.0000 -1.0000
vn 0.0000 0.0000 -1.0000
vn 0.0000 0.0000 -1.0000
vn 0.0000 0.0000 -1.0000
vn 0.0000 0.0000 -1.0000
vn 0.0000 0.0000 -1.0000
vn 0.0000 0.0000 -1.0000
vn 0.0000 0.0000 -1.0000
vn 0.0000 0.0000 -1.0000
vn 0.0000 0.0000 -1.0000
vn 0.0000 0.0000 -1.0000
vn 0.0000 0.0000 -1.0000
vn 0.0000 0.0000 -1.0000
vn 0.0000 0.0000 -1.0000
vn 0.0000 0.0000 -1.0000
vn 0.0000 0.0000 -1.0000
vn 0.0000 0.0000 -1.0000
vn 0.0000 0.0000 -1.0000
vn 0.0000 0.0000 -1.0000
vn 0.0000 0.0000 -1.0000
vn 0.0000 0.0000 -1.0000
vn 0.0000 0.0000 -1.0000
vn 0.0000 0.0000 -1.0000
vn 0.0000 0.0000 -1.0000
vn 0.0000 0.0000 -1.0000
vn 0.0000 0.0000 -1.0000
vn 0.0000 0.0000 -1.0000
vn 0.0000 0.0000 -1.0000
vn 0.0000 0.0000 -1.0000
vn 0.0000 0.0000 -1.0000
vn 0.0000 0.0000 -1.0000
vn 0.0000 0.0000 -1.0000
vn 0.0000 0.0000 -1.0000
vn 0.0000 0.0000 -1.0000
vn 0.0000 0.0000 -1.0000
vn 0.0000 0.0000 -1.0000
vn 0.0000 0.0000 -1.0000
vn 0.0000 0.0000 -1.0000
vn 0.0000 0.0000 -1.0000
vn 0.0000 0.0000 -1.0000
vn 0.0000 0.0000 -1.0000
vn 0.0000 0.0000 -1.0000
vn 0.0000 0.0000 -1.0000
vn 0.0000 0.0000 -1.0000
vn 0.0000 0.0000 -1.0000
vn 0.0000 0.0000 -1.0000
vn 0.0000 0.0000 -1.0000
vn 0.0000 0.0000 -1.0000
vn 0.0000 0.0000 -1.0000
vn 0.0000 0.0000 -1.0000
vn 0.0000 0.0000 -1.0000
vn 0.0000 0.0000 -1.0000
vn 0.0000 0.0000 -1.0000
vn 0.0000 0.0000 -1.0000
vn 0.0000 0.0000 -1.0000
vn 0.0000 0.0000 -1.0000
vn 0.0000 0.0000 -1.0000
vn 0.0000 0.0000 -1.0000
vn 0.0000 0.0000 -1.0000
vn 0.0000 0.0000 -1.0000
vn 0.0000 0.0000 -1.0000
vn 0.0000 0.0000 -1.0000
vn 0.0000 0.0000 -1.0000
vn 0.0000 0.0000 -1.0000
vn 0.0000 0.0000 -1.0000
vn 0.0000 0.0000 -1.0000
vn 0.0000 0.0000 -1.0000
vn 0.0000 0.0000 -1.0000
vn 0.0000 0.0000 -1.0000
vn 0.0000 0.0000 -1.0000
vn 0.0000 0.0000 -1.0000
vn 0.0000 0.0000 -1.0000
vn 0.0000 0.0000 -1.0000
vn 0.0000 0.0000 -1.0000
vn 0.0000 0.0000 -1.0000
vn 0.0000 0.0000 -1.0000
vn 0.0000 0.0000 -1.0000
vn 0.0000 0.0000 -1.0000
vn 0.0000 0.0000 -1.0000
vn 0.0000 0.0000 -1.0000
vn 0.0000 0.0000 -1.0000
vn 0.0000 0.0000 -1.0000
vn 0.0000 0.0000 -1.0000
vn 0.0000 0.0000 -1.0000
vn 0.0000 0.0000 -1.0000
vn 0.0000 0.0000 -1.0000
vn 0.0000 0.0000 -1.0000
vn 0.0000 0.0000 -1.0000
vn 0.0000 0.0000 -1.0000
vn 0.0000 0.0000 -1.0000
vn 0.0000 0.0000 -1.0000
vn 0.0000 0.0000 -1.0000
vn 0.0000 0.0000 -1.0000
vn 0.0000 0.0000 -1.0000
vn 0.0000 0.0000 -1.0000
vn 0.0000 0.0000 -1.0000
vn 0.0000 0.0000 -1.0000
vn 0.0000 0.0000 -1.0000
vn 0.0000 0.0000 -1.0000
vn 0.0000 0.0000 -1.0000
vn 0.0000 0.0000 -1.0000
vn 0.0000 0.0000 -1.0000
vn 0.0000 0.0000 -1.0000
vn 0.0000 0.0000 -1.0000
vn 0.0000 0.0000 -1.0000
vn 0.0000 0.0000 -1.0000
vn 0.0000 0.0000 -1.0000
vn 0.0000 0.0000 -1.0000
vn 0.0000 0.0000 -1.0000
vn 0.0000 0.0000 -1.0000
vn 0.0000 0.0000 -1.0000
vn 0.0000 0.0000 -1.0000
vn 0.0000 0.0000 -1.0000
vn 0.0000 0.0000 -1.0000
vn 0.0000 0.0000 -1.0000
vn 0.0000 0.0000 -1.0000
vn 0.0000 0.0000 -1.0000
vn 0.0000 0.0000 -1.0000
vn 0.0000 0.0000 -1.0000
vn 0.0000 0.0000 -1.0000
vn 0.0000 0.0000 -1.0000
vn 0.0000 0.0000 -1.0000
vn 0.0000 0.0000 -1.0000
vn 0.0000 0.0000 -1.0000
vn 0.0000 0.0000 -1.0000
vn 0.0000 0.0000 -1.0000
vn 0.0000 0.0000 -1.0000
vn 0.0000 0.0000 -1.0000
vn 0.0000 0.0000 -1.0000
vn 0.0000 0.0000 -1.0000
vn 0.0000 0.0000 -1.0000
vn 0.0000 0.0000 -1.0000
vn 0.0000 0.0000 -1.0000
vn 0.0000 0.0000 -1.0000
vn 0.0000 0.0000 -1.0000
vn 0.0000 0.0000 -1.0000
vn 0.0000 0.0000 -1.0000
vn 0.0000 0.0000 -1.0000
vn 0.0000 0.0000 -1.0000
vn 0.0000 0.0000 -1.0000
vn 0.0000 0.0000 -1.0000
vn 0.0000 0.0000 -1.0000
vn 0.0000 0.0000 -1.0000
vn 0.0000 0.0000 -1.0000
vn 0.0000 0.0000 -1.0000
vn 0.0000 0.0000 -1.0000
vn 0.0000 0.0000 -1.0000
vn 0.0000 0.0000 -1.0000
vn 0.0000 0.0000 -1.0000
vn 0.0000 0.0000 -1.0000
vn 0.0000 0.0000 -1.0000
vn 0.0000 0.0000 -1.0000
vn 0.0000 0.0000 -1.0000
vn 0.0000 0.0000 -1.0000
vn 0.0000 0.0000 -1.0000
vn 0.0000 0.0000 -1.0000
vn 0.0000 0.0000 -1.0000
vn 0.0000 0.0000 -1.0000
vn 0.0000 0.0000 -1.0000
vn 0.0000 0.0000 -1.0000
vn 0.0000 0.0000 -1.0000
vn 0.0000 0.0000 -1.0000
vn 0.0000 0.0000 -1.0000
vn 0.0000 0.0000 -1.0000
vn 0.0000 0.0000 -1.0000
vn 0.0000 0.0000 -1.0000
vn 0.0000 0.0000 -1.0000
vn 0.0000 0.0000 -1.0000
vn 0.0000 0.0000 -1.0000
vn 0.0000 0.0000 -1.0000
vn 0.0000 0.0000 -1.0000
vn 0.0000 0.0000 -1.0000
vn 0.0000 0.0000 -1.0000
vn 0.0000 0.0000 -1.0000
vn 0.0000 0.0000 -1.0000
vn -0.9534 -0.2551 0.1613
vn -0.9433 -0.2473 0.2214
vn -0.8979 -0.3380 0.2821
vn -0.9773 -0.1974 0.0769
vn -0.9836 -0.1799 0.0119
vn -0.9871 -0.1571 0.0300
vn -0.9773 -0.1974 0.0769
vn -0.9724 -0.1958 0.1265
vn -0.9534 -0.2551 0.1613
vn -0.9608 -0.2636 0.0859
vn -0.9534 -0.2551 0.1613
vn -0.9200 -0.3389 0.1967
vn -0.9845 -0.1752 -0.0005
vn -0.9878 -0.1158 -0.1046
vn -0.9839 -0.1600 -0.0796
vn -0.9845 -0.1752 -0.0005
vn -0.9836 -0.1799 0.0119
vn -0.9773 -0.1974 0.0769
vn -0.9740 -0.2250 0.0277
vn -0.9773 -0.1974 0.0769
vn -0.9608 -0.2636 0.0859
vn -0.9604 -0.2775 0.0245
vn -0.9608 -0.2636 0.0859
vn -0.9312 -0.3502 0.1010
vn -0.9854 -0.1532 -0.0742
vn -0.9837 -0.1062 -0.1453
vn -0.9878 -0.1158 -0.1046
vn -0.9854 -0.1532 -0.0742
vn -0.9845 -0.1752 -0.0005
vn -0.9740 -0.2250 0.0277
vn -0.9796 -0.1989 -0.0299
vn -0.9740 -0.2250 0.0277
vn -0.9604 -0.2775 0.0245
vn -0.9702 -0.2417 -0.0161
vn -0.9604 -0.2775 0.0245
vn -0.9485 -0.3167 0.0049
vn 0.0000 0.0000 -1.0000
vn 0.0000 0.0000 -1.0000
vn 0.0000 0.0000 -1.0000
vn -0.9949 -0.0276 -0.0970
vn -0.9969 -0.0709 -0.0354
vn -0.9921 -0.0662 0.1068
vn -0.9935 -0.0494 0.1021
vn -0.9921 -0.0662 0.1068
vn -0.9440 -0.1190 0.3077
vn -0.9375 -0.2067 0.2799
vn -0.9675 -0.1210 0.2220
vn -0.9440 -0.1190 0.3077
vn -0.8630 -0.2666 0.4292
vn -0.9375 -0.2067 0.2799
vn -0.9068 -0.1913 0.3757
vn -0.8630 -0.2666 0.4292
vn -0.8277 -0.2502 0.5023
vn -0.7680 -0.3138 0.5583
vn 0.0000 0.0000 -1.0000
vn 0.0000 0.0000 -1.0000
vn 0.0000 0.0000 -1.0000
vn -0.9913 0.0023 -0.1317
vn -0.9949 -0.0276 -0.0970
vn -0.9935 -0.0494 0.1021
vn -0.9979 -0.0173 0.0630
vn -0.9935 -0.0494 0.1021
vn -0.9675 -0.1210 0.2220
vn -0.9782 -0.1317 0.1608
vn -0.9675 -0.1210 0.2220
vn -0.9375 -0.2067 0.2799
vn -0.8942 -0.2737 0.3543
vn -0.9624 -0.1922 0.1919
vn -0.9375 -0.2067 0.2799
vn -0.8220 -0.3358 0.4600
vn -0.8942 -0.2737 0.3543
vn -0.8630 -0.2666 0.4292
vn -0.8220 -0.3358 0.4600
vn -0.7680 -0.3138 0.5583
vn -0.7399 -0.3940 0.5453
vn -0.9850 -0.0102 -0.1720
vn -0.9913 0.0023 -0.1317
vn -0.9979 -0.0173 0.0630
vn -0.9974 -0.0566 0.0442
vn -0.9979 -0.0173 0.0630
vn -0.9782 -0.1317 0.1608
vn -0.9891 -0.1099 0.0982
vn -0.9782 -0.1317 0.1608
vn -0.9624 -0.1922 0.1919
vn -0.9396 -0.2272 0.2561
vn -0.9785 -0.1739 0.1110
vn -0.9624 -0.1922 0.1919
vn -0.8864 -0.2960 0.3558
vn -0.9396 -0.2272 0.2561
vn -0.8942 -0.2737 0.3543
vn -0.8069 -0.4039 0.4310
vn -0.8864 -0.2960 0.3558
vn -0.8220 -0.3358 0.4600
vn 0.0000 0.0000 -1.0000
vn 0.0000 0.0000 -1.0000
vn 0.0000 0.0000 -1.0000
vn -0.9996 -0.0267 0.0124
vn -0.9974 -0.0566 0.0442
vn -0.9891 -0.1099 0.0982
vn -0.9939 -0.1083 0.0229
vn -0.9891 -0.1099 0.0982
vn -0.9785 -0.1739 0.1110
vn -0.9433 -0.2473 0.2214
vn -0.9396 -0.2272 0.2561
vn -0.8864 -0.2960 0.3558
vn -0.8979 -0.3380 0.2821
vn -0.8864 -0.2960 0.3558
vn -0.8069 -0.4039 0.4310
vn 0.0000 0.0000 -1.0000
vn 0.0000 0.0000 -1.0000
vn 0.0000 -0.0000 -1.0000
vn -0.9911 -0.0199 -0.1317
vn -0.9850 -0.0102 -0.1720
vn -0.9996 -0.0267 0.0124
vn -0.9993 -0.0373 -0.0051
vn -0.9996 -0.0267 0.0124
vn -0.9939 -0.1083 0.0229
vn -0.9871 -0.1571 0.0300
vn -0.9900 -0.1303 -0.0539
vn -0.9939 -0.1083 0.0229
vn -0.9871 -0.1571 0.0300
vn -0.9785 -0.1739 0.1110
vn -0.9724 -0.1958 0.1265
vn -0.8533 -0.4188 0.3106
vn -0.9200 -0.3389 0.1967
vn -0.8979 -0.3380 0.2821
vn -0.9812 -0.1818 -0.0643
vn -0.9993 -0.0373 -0.0051
vn -0.9900 -0.1303 -0.0539
vn -0.9836 -0.1799 0.0119
vn -0.9839 -0.1600 -0.0796
vn -0.9900 -0.1303 -0.0539
vn 0.0000 0.0000 -1.0000
vn 0.0000 0.0000 -1.0000
vn 0.0000 0.0000 -1.0000
vn -0.9052 -0.1921 -0.3791
vn -0.9911 -0.0199 -0.1317
vn -0.9812 -0.1818 -0.0643
vn -0.9895 -0.1421 -0.0248
vn -0.9769 -0.2008 -0.0730
vn -0.9812 -0.1818 -0.0643
vn 0.0000 0.0000 -1.0000
vn 0.0000 0.0000 -1.0000
vn -0.9052 -0.1921 -0.3791
vn 0.0000 0.0000 -1.0000
vn -0.9052 -0.1921 -0.3791
vn 0.0000 -0.0000 -1.0000
vn -0.9971 -0.0758 0.0076
vn -0.9895 -0.1421 -0.0248
vn -0.9878 -0.1158 -0.1046
vn -0.9312 -0.3502 0.1010
vn -0.9200 -0.3389 0.1967
vn -0.8798 -0.4298 0.2028
vn -0.9053 -0.4097 0.1125
vn -0.9485 -0.3167 0.0049
vn -0.9312 -0.3502 0.1010
vn -0.9053 -0.4097 0.1125
vn -0.8798 -0.4298 0.2028
vn -0.8487 -0.4845 0.2121
vn -0.9308 -0.3654 0.0051
vn -0.8509 -0.3759 0.3669
vn -0.5345 -0.2869 0.7950
vn -0.8069 -0.4039 0.4310
vn -0.7399 -0.3940 0.5453
vn -0.7101 -0.4386 0.5507
vn -0.7665 -0.5012 0.4016
vn -0.8533 -0.4188 0.3106
vn -0.8069 -0.4039 0.4310
vn -0.7665 -0.5012 0.4016
vn -0.7164 -0.4889 0.4978
vn -0.6331 -0.5629 0.5314
vn -0.8798 -0.4298 0.2028
vn -0.9200 -0.3389 0.1967
vn -0.8533 -0.4188 0.3106
vn -0.7560 -0.5407 0.3690
vn -0.8158 -0.4983 0.2935
vn -0.7665 -0.5012 0.4016
vn -0.8487 -0.4845 0.2121
vn -0.8798 -0.4298 0.2028
vn -0.8158 -0.4983 0.2935
vn -0.2395 -0.2204 0.9455
vn -0.7560 -0.5407 0.3690
vn -0.7256 -0.5850 0.3623
vn -0.8160 -0.5404 0.2050
vn -0.6606 -0.3642 0.6565
vn -0.8487 -0.4845 0.2121
vn -0.9837 -0.1062 -0.1453
vn -0.9952 -0.0978 -0.0032
vn -0.9971 -0.0758 0.0076
vn -0.9896 -0.0896 -0.1126
vn -0.9854 -0.1532 -0.0742
vn -0.9796 -0.1989 -0.0299
vn -0.9920 -0.0980 -0.0798
vn -0.9796 -0.1989 -0.0299
vn -0.9702 -0.2417 -0.0161
vn -0.9805 -0.1782 -0.0828
vn -0.9702 -0.2417 -0.0161
vn -0.9485 -0.3167 0.0049
vn -0.9923 -0.0646 -0.1061
vn -0.9974 -0.0722 0.0033
vn -0.9952 -0.0978 -0.0032
vn -0.9923 -0.0646 -0.1061
vn -0.9837 -0.1062 -0.1453
vn -0.9896 -0.0896 -0.1126
vn -0.9966 -0.0042 -0.0820
vn -0.9896 -0.0896 -0.1126
vn -0.9920 -0.0980 -0.0798
vn -0.9946 0.0263 -0.1006
vn -0.9920 -0.0980 -0.0798
vn -0.9805 -0.1782 -0.0828
vn -0.9885 -0.0080 -0.1511
vn -0.9805 -0.1782 -0.0828
vn -0.9720 -0.2229 -0.0739
vn -0.9986 -0.0456 -0.0272
vn -0.9955 -0.0942 0.0105
vn -0.9974 -0.0722 0.0033
vn -0.9986 -0.0456 -0.0272
vn -0.9923 -0.0646 -0.1061
vn -0.9966 -0.0042 -0.0820
vn -0.9996 0.0270 -0.0001
vn -0.9966 -0.0042 -0.0820
vn -0.9946 0.0263 -0.1006
vn -0.9881 0.0867 -0.1269
vn -0.9946 0.0263 -0.1006
vn -0.9885 -0.0080 -0.1511
vn -0.9755 0.0974 -0.1970
vn -0.9885 -0.0080 -0.1511
vn -0.9775 -0.0817 -0.1945
vn -0.9949 -0.0969 0.0274
vn -0.9979 -0.0630 -0.0168
vn -0.9915 -0.1185 -0.0535
vn -0.9949 -0.0969 0.0274
vn -0.9955 -0.0942 0.0105
vn -0.9986 -0.0456 -0.0272
vn -0.9980 -0.0159 0.0620
vn -0.9986 -0.0456 -0.0272
vn -0.9996 0.0270 -0.0001
vn -0.9977 0.0572 0.0353
vn -0.9996 0.0270 -0.0001
vn -0.9881 0.0867 -0.1269
vn -0.9727 0.1565 -0.1714
vn -0.9865 0.1321 -0.0969
vn -0.9881 0.0867 -0.1269
vn -0.9959 0.0497 0.0753
vn -0.9980 -0.0159 0.0620
vn -0.9977 0.0572 0.0353
vn -0.9668 0.2388 -0.0907
vn -0.9865 0.1321 -0.0969
vn -0.9727 0.1565 -0.1714
vn -0.9978 0.0070 0.0665
vn -0.9944 0.0766 -0.0723
vn -0.9979 -0.0630 -0.0168
vn -0.9904 0.0622 0.1235
vn -0.9978 0.0070 0.0665
vn -0.9980 -0.0159 0.0620
vn -0.9954 0.0777 0.0556
vn -0.9959 0.0497 0.0753
vn -0.9977 0.0360 0.0567
vn -0.9881 0.1492 -0.0375
vn -0.9954 0.0777 0.0556
vn -0.9977 0.0572 0.0353
vn -0.9881 0.1492 -0.0375
vn -0.9865 0.1321 -0.0969
vn -0.9668 0.2388 -0.0907
vn -0.9912 0.1146 0.0656
vn -0.9944 0.0766 -0.0723
vn -0.9978 0.0070 0.0665
vn -0.9912 0.1146 0.0656
vn -0.9978 0.0070 0.0665
vn -0.9904 0.0622 0.1235
vn -0.9911 0.1029 0.0842
vn -0.9770 0.1860 0.1047
vn -0.9904 0.0622 0.1235
vn -0.9855 0.1662 0.0331
vn -0.9911 0.1029 0.0842
vn -0.9954 0.0777 0.0556
vn -0.9770 0.1860 0.1047
vn -0.9689 0.2437 0.0434
vn -0.9912 0.1146 0.0656
vn 0.0000 0.0000 -1.0000
vn 0.0000 0.0000 -1.0000
vn 0.0000 0.0000 -1.0000
vn -0.9958 -0.0726 -0.0566
vn -0.9769 -0.2008 -0.0730
vn -0.9971 -0.0758 0.0076
vn 0.0000 0.0000 -1.0000
vn 0.0000 0.0000 -1.0000
vn 0.0000 0.0000 -1.0000
vn 0.0000 0.0000 -1.0000
vn 0.0000 0.0000 -1.0000
vn 0.0000 0.0000 -1.0000
vn -0.9974 -0.0722 0.0033
vn -0.9924 -0.0765 -0.0963
vn -0.9958 -0.0726 -0.0566
vn 0.0000 0.0000 -1.0000
vn 0.0000 0.0000 -1.0000
vn 0.0000 0.0000 -1.0000
vn 0.0000 0.0000 -1.0000
vn 0.0000 0.0000 -1.0000
vn 0.0000 0.0000 -1.0000
vn -0.9924 -0.0765 -0.0963
vn -0.9955 -0.0942 0.0105
vn -0.9915 -0.1185 -0.0535
vn 0.0000 0.0000 -1.0000
vn 0.0000 0.0000 -1.0000
vn 0.0000 0.0000 -1.0000
vn 0.0000 0.0000 -1.0000
vn 0.0000 0.0000 -1.0000
vn 0.0000 -0.0000 -1.0000
vn 0.0000 0.0000 -1.0000
vn 0.0000 0.0000 -1.0000
vn 0.0000 0.0000 -1.0000
vn 0.0000 0.0000 -1.0000
vn 0.0000 0.0000 -1.0000
vn 0.0000 0.0000 -1.0000
vn 0.0000 0.0000 -1.0000
vn 0.0000 0.0000 -1.0000
vn 0.0000 0.0000 -1.0000
vn 0.0000 0.0000 -1.0000
vn 0.0000 0.0000 -1.0000
vn 0.0000 0.0000 -1.0000
vn 0.0000 0.0000 -1.0000
vn 0.0000 0.0000 -1.0000
vn 0.0000 0.0000 -1.0000
vn -0.8198 0.0729 -0.5680
vn 0.0000 0.0000 -1.0000
vn 0.0000 -0.0000 -1.0000
vn -0.9911 0.1029 0.0842
vn -0.9716 0.2115 0.1064
vn -0.9699 0.2209 0.1023
vn -0.9626 0.2614 0.0706
vn -0.9716 0.2115 0.1064
vn -0.9911 0.1029 0.0842
vn 0.0000 0.0000 -1.0000
vn 0.0000 0.0000 -1.0000
vn -0.8198 0.0729 -0.5680
vn 0.0000 0.0000 -1.0000
vn 0.0000 0.0000 -1.0000
vn -0.8198 0.0729 -0.5680
vn -0.9134 0.3989 0.0813
vn -0.8775 0.4634 -0.1235
vn -0.9689 0.2437 0.0434
vn -0.9770 0.1860 0.1047
vn -0.9318 0.3465 0.1078
vn -0.9134 0.3989 0.0813
vn -0.8894 0.4388 0.1283
vn -0.9318 0.3465 0.1078
vn -0.9699 0.2209 0.1023
vn -0.9021 0.4131 0.1249
vn -0.8894 0.4388 0.1283
vn -0.9716 0.2115 0.1064
vn -0.9102 0.4008 0.1044
vn -0.9021 0.4131 0.1249
vn -0.9716 0.2115 0.1064
vn -0.9036 0.4242 0.0597
vn -0.9102 0.4008 0.1044
vn -0.9626 0.2614 0.0706
vn -0.9720 -0.2229 -0.0739
vn -0.9485 -0.3167 0.0049
vn -0.9308 -0.3654 0.0051
vn -0.9775 -0.0817 -0.1945
vn -0.9720 -0.2229 -0.0739
vn -0.9541 -0.2841 -0.0947
vn -0.9837 0.1174 -0.1365
vn -0.9755 0.0974 -0.1970
vn -0.9775 -0.0817 -0.1945
vn -0.9837 0.1174 -0.1365
vn -0.8240 0.0137 0.5664
vn -0.7061 0.1254 0.6969
vn -0.9653 0.2154 -0.1478
vn -0.9727 0.1565 -0.1714
vn -0.9755 0.0974 -0.1970
vn -0.9543 0.2511 0.1624
vn -0.9653 0.2154 -0.1478
vn -0.9837 0.1174 -0.1365
vn -0.9668 0.2388 -0.0907
vn -0.9727 0.1565 -0.1714
vn -0.9653 0.2154 -0.1478
vn -0.9668 0.2388 -0.0907
vn -0.9653 0.2154 -0.1478
vn -0.9543 0.2511 0.1624
vn -0.9420 0.3356 -0.0006
vn -0.9626 0.2614 0.0706
vn -0.9855 0.1662 0.0331
vn -0.9036 0.4242 0.0597
vn -0.9626 0.2614 0.0706
vn -0.9420 0.3356 -0.0006
vn -0.7792 0.5735 0.2528
vn -0.8380 0.5331 0.1161
vn -0.9420 0.3356 -0.0006
vn 0.0000 -0.0000 -1.0000
vn 0.0000 0.0000 -1.0000
vn 0.0000 0.0000 -1.0000
vn -0.7450 0.6655 -0.0448
vn -0.8775 0.4634 -0.1235
vn -0.9134 0.3989 0.0813
vn -0.7863 0.5996 0.1487
vn -0.7560 0.6478 0.0938
vn -0.9134 0.3989 0.0813
vn -0.7863 0.5996 0.1487
vn -0.9318 0.3465 0.1078
vn -0.8894 0.4388 0.1283
vn -0.7009 0.6991 0.1411
vn -0.6728 0.7096 0.2094
vn -0.8894 0.4388 0.1283
vn -0.7009 0.6991 0.1411
vn -0.9021 0.4131 0.1249
vn -0.9102 0.4008 0.1044
vn -0.6702 0.7364 0.0925
vn -0.9102 0.4008 0.1044
vn -0.9036 0.4242 0.0597
vn -0.5755 0.8064 0.1364
vn -0.6490 0.7608 0.0044
vn -0.9036 0.4242 0.0597
vn 0.0000 0.0000 -1.0000
vn 0.0000 0.0000 -1.0000
vn 0.0000 0.0000 -1.0000
vn -0.6744 -0.3920 0.6258
vn -0.6409 -0.3298 0.6932
vn -0.5821 -0.3937 0.7114
vn -0.7399 -0.3940 0.5453
vn -0.7680 -0.3138 0.5583
vn -0.6744 -0.3920 0.6258
vn 0.0000 0.0000 -1.0000
vn 0.0000 0.0000 -1.0000
vn 0.0000 0.0000 -1.0000
vn 0.0000 0.0000 -1.0000
vn 0.0000 0.0000 -1.0000
vn 0.0000 0.0000 -1.0000
vn 0.0000 0.0000 -1.0000
vn 0.0000 0.0000 -1.0000
vn 0.0000 0.0000 -1.0000
vn 0.0000 0.0000 -1.0000
vn 0.0000 0.0000 -1.0000
vn 0.0000 0.0000 -1.0000
vn 0.0000 0.0000 -1.0000
vn 0.0000 0.0000 -1.0000
vn 0.0000 0.0000 -1.0000
vn 0.0000 0.0000 -1.0000
vn 0.0000 0.0000 -1.0000
vn 0.0000 0.0000 -1.0000
vn 0.0000 0.0000 -1.0000
vn 0.0000 0.0000 -1.0000
vn 0.0000 0.0000 -1.0000
vn 0.0000 0.0000 -1.0000
vn 0.0000 0.0000 -1.0000
vn 0.0000 0.0000 -1.0000
vn 0.0000 0.0000 -1.0000
vn 0.0000 0.0000 -1.0000
vn 0.0000 0.0000 -1.0000
vn 0.0000 0.0000 -1.0000
vn 0.0000 0.0000 -1.0000
vn 0.0000 0.0000 -1.0000
vn 0.0000 0.0000 -1.0000
vn 0.0000 0.0000 -1.0000
vn 0.0000 0.0000 -1.0000
vn 0.0000 0.0000 -1.0000
vn 0.0000 0.0000 -1.0000
vn 0.0000 0.0000 -1.0000
vn 0.4664 -0.2867 0.8368
vn 0.4336 -0.3489 0.8308
vn 0.4055 -0.3267 0.8537
vn 0.3734 -0.3958 0.8390
vn 0.3437 -0.3534 0.8700
vn 0.4055 -0.3267 0.8537
vn 0.4397 -0.4215 0.7931
vn 0.3734 -0.3958 0.8390
vn 0.4336 -0.3489 0.8308
vn 0.4997 -0.3302 0.8008
vn 0.4664 -0.2867 0.8368
vn 0.5059 -0.2550 0.8240
vn 0.6533 -0.2200 0.7244
vn 0.6242 -0.3031 0.7201
vn 0.5789 -0.2846 0.7641
vn 0.5618 -0.3645 0.7427
vn 0.4997 -0.3302 0.8008
vn 0.5789 -0.2846 0.7641
vn 0.6533 -0.2200 0.7244
vn 0.6800 -0.2731 0.6804
vn 0.6242 -0.3031 0.7201
vn 0.8938 0.0730 0.4425
vn 0.8450 -0.0045 0.5348
vn 0.9023 0.0527 0.4280
vn 0.5059 -0.2550 0.8240
vn 0.4664 -0.2867 0.8368
vn 0.5079 -0.2165 0.8337
vn 0.6098 -0.1178 0.7837
vn 0.6287 -0.1811 0.7563
vn 0.5627 -0.2176 0.7975
vn 0.6533 -0.2200 0.7244
vn 0.5627 -0.2176 0.7975
vn 0.6287 -0.1811 0.7563
vn 0.7633 -0.0413 0.6448
vn 0.7375 -0.1363 0.6614
vn 0.6892 -0.1227 0.7141
vn 0.8266 -0.0440 0.5611
vn 0.7375 -0.1363 0.6614
vn 0.7633 -0.0413 0.6448
vn 0.7503 -0.1921 0.6326
vn 0.6533 -0.2200 0.7244
vn 0.7375 -0.1363 0.6614
vn 0.0000 0.0000 -1.0000
vn 0.0000 0.0000 -1.0000
vn 0.0000 0.0000 -1.0000
vn 0.8766 0.1024 0.4702
vn 0.8167 0.0578 0.5741
vn 0.8416 0.1514 0.5185
vn 0.8766 0.1024 0.4702
vn 0.8938 0.0041 0.4484
vn 0.8266 -0.0440 0.5611
vn 0.8938 0.0041 0.4484
vn 0.8746 -0.0271 0.4840
vn 0.8089 -0.1201 0.5755
vn 0.0000 0.0000 -1.0000
vn 0.6712 0.4483 -0.5903
vn 0.0000 0.0000 -1.0000
vn 0.9011 0.2002 0.3847
vn 0.9187 0.1021 0.3816
vn 0.8766 0.1024 0.4702
vn 0.9187 0.1021 0.3816
vn 0.9023 0.0527 0.4280
vn 0.8938 0.0041 0.4484
vn 0.8746 -0.0271 0.4840
vn 0.8450 -0.0045 0.5348
vn 0.8089 -0.1201 0.5755
vn 0.0000 0.0000 -1.0000
vn 0.0000 0.0000 -1.0000
vn 0.6712 0.4483 -0.5903
vn 0.0000 0.0000 -1.0000
vn 0.0000 0.0000 -1.0000
vn 0.0000 0.0000 -1.0000
vn 0.9107 0.3167 -0.2652
vn 0.9098 0.3998 0.1112
vn 0.8813 0.4567 0.1219
vn 0.8549 0.3422 0.3899
vn 0.8257 0.3291 0.4582
vn 0.8813 0.4567 0.1219
vn 0.8746 0.2786 0.3969
vn 0.8444 0.2717 0.4617
vn 0.8257 0.3291 0.4582
vn 0.8746 0.2786 0.3969
vn 0.9236 0.2614 0.2804
vn 0.9011 0.2002 0.3847
vn 0.9263 0.1917 0.3244
vn 0.9187 0.1021 0.3816
vn 0.9011 0.2002 0.3847
vn 0.9161 0.1520 0.3709
vn 0.9023 0.0527 0.4280
vn 0.9187 0.1021 0.3816
vn -0.6406 -0.4471 0.6242
vn -0.5821 -0.3937 0.7114
vn -0.4459 -0.4524 0.7723
vn -0.7101 -0.4386 0.5507
vn -0.6406 -0.4471 0.6242
vn -0.5052 -0.5083 0.6974
vn -0.5880 -0.5092 0.6285
vn -0.7164 -0.4889 0.4978
vn -0.7101 -0.4386 0.5507
vn -0.6331 -0.5629 0.5314
vn -0.7164 -0.4889 0.4978
vn -0.5880 -0.5092 0.6285
vn -0.2408 -0.3319 0.9121
vn -0.6708 -0.5892 0.4504
vn -0.6331 -0.5629 0.5314
vn -0.6708 -0.5892 0.4504
vn -0.2408 -0.3319 0.9121
vn 0.0193 0.0190 0.9996
vn -0.1529 -0.4990 0.8530
vn -0.5052 -0.5083 0.6974
vn -0.4459 -0.4524 0.7723
vn -0.2826 -0.5550 0.7824
vn -0.5880 -0.5092 0.6285
vn -0.5052 -0.5083 0.6974
vn -0.2826 -0.5550 0.7824
vn -0.1529 -0.4990 0.8530
vn -0.0416 -0.5576 0.8291
vn -0.0334 -0.5858 0.8098
vn -0.3554 -0.5944 0.7214
vn -0.2826 -0.5550 0.7824
vn 0.1507 -0.4334 0.8885
vn -0.1529 -0.4990 0.8530
vn -0.1630 -0.4048 0.8997
vn 0.0736 -0.5400 0.8385
vn -0.0416 -0.5576 0.8291
vn -0.1529 -0.4990 0.8530
vn -0.0334 -0.5858 0.8098
vn -0.0416 -0.5576 0.8291
vn 0.0736 -0.5400 0.8385
vn 0.3734 -0.3958 0.8390
vn 0.3018 -0.4614 0.8343
vn 0.3275 -0.3951 0.8583
vn 0.1507 -0.4334 0.8885
vn 0.2373 -0.3853 0.8918
vn 0.3275 -0.3951 0.8583
vn 0.2380 -0.5119 0.8254
vn 0.1507 -0.4334 0.8885
vn 0.3018 -0.4614 0.8343
vn 0.2874 -0.5181 0.8056
vn 0.0736 -0.5400 0.8385
vn 0.2380 -0.5119 0.8254
vn 0.4330 -0.4656 0.7719
vn 0.3898 -0.4901 0.7796
vn 0.2874 -0.5181 0.8056
vn 0.1640 -0.5539 0.8163
vn 0.0736 -0.5400 0.8385
vn 0.2874 -0.5181 0.8056
vn 0.2557 -0.5541 0.7922
vn 0.1640 -0.5539 0.8163
vn 0.3898 -0.4901 0.7796
vn -0.1636 0.2853 0.9444
vn -0.2121 0.4770 0.8529
vn 0.2557 -0.5541 0.7922
vn 0.3692 -0.4768 0.7977
vn 0.3018 -0.4614 0.8343
vn 0.3734 -0.3958 0.8390
vn 0.4330 -0.4656 0.7719
vn 0.3692 -0.4768 0.7977
vn 0.4397 -0.4215 0.7931
vn 0.0481 -0.0693 0.9964
vn 0.3898 -0.4901 0.7796
vn 0.5051 -0.4358 0.7450
vn 0.6242 -0.3031 0.7201
vn 0.6119 -0.3555 0.7065
vn 0.5618 -0.3645 0.7427
vn 0.5051 -0.4358 0.7450
vn 0.4986 -0.4170 0.7600
vn 0.5618 -0.3645 0.7427
vn 0.4463 -0.1932 0.8738
vn -0.0823 0.0273 0.9962
vn 0.6638 -0.3098 0.6807
vn 0.8071 -0.1568 0.5693
vn 0.7764 -0.2258 0.5885
vn 0.7386 -0.2232 0.6361
vn 0.6800 -0.2731 0.6804
vn 0.6119 -0.3555 0.7065
vn 0.6242 -0.3031 0.7201
vn 0.7503 -0.1921 0.6326
vn 0.7328 -0.2080 0.6479
vn 0.6800 -0.2731 0.6804
vn 0.6638 -0.3098 0.6807
vn 0.6119 -0.3555 0.7065
vn 0.6800 -0.2731 0.6804
vn 0.7386 -0.2232 0.6361
vn 0.6638 -0.3098 0.6807
vn 0.7328 -0.2080 0.6479
vn 0.8087 -0.0877 0.5817
vn 0.7328 -0.2080 0.6479
vn 0.8089 -0.1201 0.5755
vn 0.8087 -0.0877 0.5817
vn 0.8071 -0.1568 0.5693
vn 0.7386 -0.2232 0.6361
vn 0.8938 0.0730 0.4425
vn 0.8761 -0.0445 0.4801
vn 0.8087 -0.0877 0.5817
vn 0.8761 -0.0445 0.4801
vn 0.8602 -0.1440 0.4891
vn 0.8071 -0.1568 0.5693
vn 0.0000 0.0000 -1.0000
vn 0.0000 0.0000 -1.0000
vn 0.0000 0.0000 -1.0000
vn 0.0000 0.0000 -1.0000
vn 0.0000 0.0000 -1.0000
vn 0.0000 0.0000 -1.0000
vn 0.0000 0.0000 -1.0000
vn 0.0000 0.0000 -1.0000
vn 0.0000 0.0000 -1.0000
vn 0.0000 0.0000 -1.0000
vn 0.0000 0.0000 -1.0000
vn 0.0000 0.0000 -1.0000
vn 0.0000 0.0000 -1.0000
vn 0.0000 0.0000 -1.0000
vn 0.0000 0.0000 -1.0000
vn 0.0000 0.0000 -1.0000
vn 0.0000 0.0000 -1.0000
vn 0.0000 0.0000 -1.0000
vn 0.0000 0.0000 -1.0000
vn 0.0000 0.0000 -1.0000
vn 0.0000 0.0000 -1.0000
vn 0.0000 0.0000 -1.0000
vn 0.0000 0.0000 -1.0000
vn 0.0000 0.0000 -1.0000
vn 0.0000 0.0000 -1.0000
vn 0.0000 0.0000 -1.0000
vn 0.0000 0.0000 -1.0000
vn 0.0000 0.0000 -1.0000
vn 0.0000 0.0000 -1.0000
vn 0.0000 0.0000 -1.0000
vn 0.0000 0.0000 -1.0000
vn 0.0000 0.0000 -1.0000
vn 0.0000 0.0000 -1.0000
vn 0.0000 0.0000 -1.0000
vn 0.0000 0.0000 -1.0000
vn 0.0000 0.0000 -1.0000
vn 0.0000 0.0000 -1.0000
vn 0.0000 0.0000 -1.0000
vn 0.0000 0.0000 -1.0000
vn 0.0000 0.0000 -1.0000
vn 0.0000 0.0000 -1.0000
vn 0.0000 0.0000 -1.0000
vn 0.0000 0.0000 -1.0000
vn 0.0000 0.0000 -1.0000
vn 0.0000 0.0000 -1.0000
vn 0.0000 0.0000 -1.0000
vn 0.0000 0.0000 -1.0000
vn 0.0000 0.0000 -1.0000
vn 0.6754 0.6901 0.2600
vn 0.7078 0.6827 0.1818
vn 0.7417 0.6275 0.2369
vn 0.0000 0.0000 -1.0000
vn 0.0000 0.0000 -1.0000
vn 0.0000 0.0000 -1.0000
vn 0.8828 0.4666 0.0535
vn 0.9389 0.3433 0.0254
vn 0.9407 0.3236 0.1014
vn 0.8946 0.4462 0.0235
vn 0.9669 0.2513 0.0445
vn 0.9389 0.3433 0.0254
vn 0.0000 0.0000 -1.0000
vn 0.6684 0.4453 -0.5957
vn 0.0000 0.0000 -1.0000
vn 0.0000 0.0000 -1.0000
vn 0.6684 0.4453 -0.5957
vn 0.0000 0.0000 -1.0000
vn 0.8592 0.4042 0.3136
vn 0.8914 0.3550 0.2817
vn 0.8728 0.3472 0.3431
vn 0.8620 0.4483 0.2367
vn 0.8953 0.4145 0.1629
vn 0.8914 0.3550 0.2817
vn 0.8231 0.5419 0.1697
vn 0.8828 0.4666 0.0535
vn 0.8953 0.4145 0.1629
vn 0.8231 0.5419 0.1697
vn 0.8620 0.4483 0.2367
vn 0.7887 0.5618 0.2496
vn 0.7761 0.6283 0.0543
vn 0.8946 0.4462 0.0235
vn 0.8828 0.4666 0.0535
vn 0.7078 0.6827 0.1818
vn 0.7761 0.6283 0.0543
vn 0.8231 0.5419 0.1697
vn 0.0000 -0.0000 -1.0000
vn 0.6684 0.4453 -0.5957
vn 0.0000 0.0000 -1.0000
vn 0.8491 0.4615 -0.2570
vn 0.8017 0.5944 0.0625
vn 0.8628 0.5028 0.0531
vn 0.6557 0.7342 -0.1758
vn 0.8017 0.5944 0.0625
vn 0.8491 0.4615 -0.2570
vn 0.8114 0.5069 0.2910
vn 0.8413 0.4302 0.3273
vn 0.8628 0.5028 0.0531
vn 0.8126 0.4706 0.3438
vn 0.8728 0.3472 0.3431
vn 0.8413 0.4302 0.3273
vn 0.8126 0.4706 0.3438
vn 0.8114 0.5069 0.2910
vn 0.7445 0.5741 0.3409
vn 0.8126 0.4706 0.3438
vn 0.7911 0.5251 0.3137
vn 0.8592 0.4042 0.3136
vn 0.7545 0.5637 0.3363
vn 0.7911 0.5251 0.3137
vn 0.8126 0.4706 0.3438
vn 0.7911 0.5251 0.3137
vn 0.8620 0.4483 0.2367
vn 0.8592 0.4042 0.3136
vn 0.7911 0.5251 0.3137
vn 0.7244 0.6160 0.3096
vn 0.7887 0.5618 0.2496
vn 0.0000 0.0000 -1.0000
vn 0.0000 0.0000 -1.0000
vn 0.0000 0.0000 -1.0000
vn 0.9739 0.1550 0.1658
vn 0.9557 0.1510 0.2525
vn 0.9536 0.2125 0.2134
vn 0.0000 0.0000 -1.0000
vn 0.7122 0.3394 -0.6144
vn 0.0000 0.0000 -1.0000
vn 0.9386 0.2983 0.1736
vn 0.9427 0.2655 0.2019
vn 0.9230 0.2860 0.2576
vn 0.9643 0.2293 0.1326
vn 0.9536 0.2125 0.2134
vn 0.9427 0.2655 0.2019
vn 0.9643 0.2293 0.1326
vn 0.9898 0.1051 0.0966
vn 0.9739 0.1550 0.1658
vn 0.0000 0.0000 -1.0000
vn 0.9093 0.2212 -0.3524
vn 0.7122 0.3394 -0.6144
vn 0.0000 0.0000 -1.0000
vn 0.9093 0.2212 -0.3524
vn 0.0000 0.0000 -1.0000
vn 0.9093 0.2212 -0.3524
vn 0.9519 0.3044 0.0348
vn 0.9451 0.3232 0.0477
vn 0.9091 0.2884 0.3006
vn 0.9128 0.2741 0.3029
vn 0.9451 0.3232 0.0477
vn 0.9016 0.2953 0.3160
vn 0.9063 0.2736 0.3220
vn 0.9128 0.2741 0.3029
vn 0.9407 0.3236 0.1014
vn 0.9643 0.2293 0.1326
vn 0.9386 0.2983 0.1736
vn 0.9669 0.2513 0.0445
vn 0.9898 0.1051 0.0966
vn 0.9643 0.2293 0.1326
vn 0.9669 0.2513 0.0445
vn 0.9407 0.3236 0.1014
vn 0.9389 0.3433 0.0254
vn 0.0000 -0.0000 -1.0000
vn 0.9093 0.2212 -0.3524
vn 0.0000 0.0000 -1.0000
vn 0.9262 0.2804 -0.2521
vn 0.9367 0.3397 0.0851
vn 0.9519 0.3044 0.0348
vn 0.9367 0.3397 0.0851
vn 0.8801 0.3638 0.3050
vn 0.9091 0.2884 0.3006
vn 0.8728 0.3472 0.3431
vn 0.9016 0.2953 0.3160
vn 0.9091 0.2884 0.3006
vn 0.8914 0.3550 0.2817
vn 0.9230 0.2860 0.2576
vn 0.9016 0.2953 0.3160
vn 0.9195 0.3433 0.1917
vn 0.9386 0.2983 0.1736
vn 0.9230 0.2860 0.2576
vn 0.9195 0.3433 0.1917
vn 0.8953 0.4145 0.1629
vn 0.9407 0.3236 0.1014
vn 0.0000 -0.0000 -1.0000
vn 0.0000 -0.0000 -1.0000
vn 0.0000 0.0000 -1.0000
vn 0.8628 0.5028 0.0531
vn 0.9367 0.3397 0.0851
vn 0.8709 0.4756 -0.1239
vn 0.8801 0.3638 0.3050
vn 0.9367 0.3397 0.0851
vn 0.8628 0.5028 0.0531
vn 0.8801 0.3638 0.3050
vn 0.8413 0.4302 0.3273
vn 0.8728 0.3472 0.3431
vn 0.0000 0.0000 -1.0000
vn 0.0000 0.0000 -1.0000
vn 0.0000 0.0000 -1.0000
vn 0.9303 0.2032 0.3055
vn 0.9161 0.1520 0.3709
vn 0.9263 0.1917 0.3244
vn 0.9303 0.2032 0.3055
vn 0.9298 0.0969 0.3550
vn 0.8938 0.0730 0.4425
vn 0.0000 0.0000 -1.0000
vn 0.7723 0.4333 -0.4645
vn 0.0000 0.0000 -1.0000
vn 0.0000 0.0000 -1.0000
vn 0.7723 0.4333 -0.4645
vn 0.0000 0.0000 -1.0000
vn 0.9058 0.2852 0.3134
vn 0.8939 0.3021 0.3312
vn 0.8682 0.3317 0.3690
vn 0.9292 0.2809 0.2403
vn 0.9236 0.2614 0.2804
vn 0.8939 0.3021 0.3312
vn 0.9292 0.2809 0.2403
vn 0.9332 0.2575 0.2508
vn 0.9236 0.2614 0.2804
vn 0.9332 0.2575 0.2508
vn 0.9536 0.2125 0.2134
vn 0.9303 0.2032 0.3055
vn 0.9557 0.1510 0.2525
vn 0.9298 0.0969 0.3550
vn 0.9303 0.2032 0.3055
vn 0.0000 -0.0000 -1.0000
vn 0.7723 0.4333 -0.4645
vn 0.0000 0.0000 -1.0000
vn 0.9428 0.2742 -0.1898
vn 0.9436 0.3087 0.1196
vn 0.9146 0.3887 0.1115
vn 0.9063 0.2736 0.3220
vn 0.8796 0.3259 0.3466
vn 0.9146 0.3887 0.1115
vn 0.9427 0.2655 0.2019
vn 0.9332 0.2575 0.2508
vn 0.9292 0.2809 0.2403
vn 0.0000 -0.0000 -1.0000
vn 0.0000 -0.0000 -1.0000
vn 0.0000 0.0000 -1.0000
vn 0.9260 0.3660 -0.0928
vn 0.9505 0.2917 0.1074
vn 0.9436 0.3087 0.1196
vn 0.9451 0.3232 0.0477
vn 0.9505 0.2917 0.1074
vn 0.9260 0.3660 -0.0928
vn 0.9128 0.2741 0.3029
vn 0.9063 0.2736 0.3220
vn 0.9436 0.3087 0.1196
vn 0.0000 -0.0000 -1.0000
vn 0.0000 -0.0000 -1.0000
vn 0.0000 0.0000 -1.0000
vn 0.9232 0.3484 -0.1621
vn 0.9140 0.3639 0.1792
vn 0.9098 0.3998 0.1112
vn 0.9140 0.3639 0.1792
vn 0.8682 0.3317 0.3690
vn 0.8549 0.3422 0.3899
vn 0.8939 0.3021 0.3312
vn 0.8746 0.2786 0.3969
vn 0.8549 0.3422 0.3899
vn 0.8939 0.3021 0.3312
vn 0.9236 0.2614 0.2804
vn 0.8746 0.2786 0.3969
vn 0.0000 -0.0000 -1.0000
vn 0.0000 -0.0000 -1.0000
vn 0.0000 0.0000 -1.0000
vn 0.9146 0.3887 0.1115
vn 0.9140 0.3639 0.1792
vn 0.8994 0.4360 -0.0314
vn 0.8796 0.3259 0.3466
vn 0.8682 0.3317 0.3690
vn 0.9140 0.3639 0.1792
vn 0.8796 0.3259 0.3466
vn 0.9140 0.3639 0.1792
vn 0.9146 0.3887 0.1115
vn 0.3708 0.4498 0.8125
vn 0.3079 0.3911 0.8673
vn 0.6341 0.7573 0.1564
vn 0.6656 0.7130 0.2206
vn 0.4476 0.5168 0.7297
vn 0.3708 0.4498 0.8125
vn 0.6656 0.7130 0.2206
vn 0.6341 0.7573 0.1564
vn 0.7078 0.6827 0.1818
vn 0.9411 0.3369 0.0280
vn 0.9869 0.1565 0.0401
vn 0.9669 0.2513 0.0445
vn 0.8638 0.1478 0.4816
vn 0.3714 -0.0259 0.9281
vn 0.9869 0.1565 0.0401
vn 0.8946 0.4462 0.0235
vn 0.8207 0.5645 0.0883
vn 0.9411 0.3369 0.0280
vn 0.6746 0.4142 0.6110
vn 0.7636 0.3291 0.5555
vn 0.9411 0.3369 0.0280
vn 0.6746 0.4142 0.6110
vn 0.8207 0.5645 0.0883
vn 0.5366 0.5578 0.6332
vn 0.6920 0.7158 0.0933
vn 0.8207 0.5645 0.0883
vn 0.8946 0.4462 0.0235
vn 0.6920 0.7158 0.0933
vn 0.7761 0.6283 0.0543
vn 0.7078 0.6827 0.1818
vn 0.6747 -0.0801 0.7337
vn 0.1080 -0.0558 0.9926
vn 0.8602 -0.1440 0.4891
vn 0.9814 0.0544 0.1841
vn 0.9556 0.0631 0.2879
vn 0.9557 0.1510 0.2525
vn 0.9898 0.1051 0.0966
vn 0.9814 0.0544 0.1841
vn 0.9739 0.1550 0.1658
vn 0.9411 0.0332 0.3364
vn 0.5181 -0.0337 0.8547
vn 0.9814 0.0544 0.1841
vn 0.9411 0.0332 0.3364
vn 0.9869 0.1565 0.0401
vn 0.3714 -0.0259 0.9281
vn 0.9225 -0.0264 0.3852
vn 0.8602 -0.1440 0.4891
vn 0.8761 -0.0445 0.4801
vn 0.0000 0.0000 -1.0000
vn 0.0000 0.0000 -1.0000
vn 0.0000 0.0000 -1.0000
vn 0.0000 -0.0000 -1.0000
vn 0.0000 0.0000 -1.0000
vn 0.0000 0.0000 -1.0000
vn -0.5000 0.8617 0.0868
vn -0.4930 0.8444 -0.2098
vn -0.7450 0.6655 -0.0448
vn -0.7863 0.5996 0.1487
vn -0.5136 0.8483 0.1284
vn -0.5000 0.8617 0.0868
vn -0.6728 0.7096 0.2094
vn -0.3756 0.9029 0.2091
vn -0.5136 0.8483 0.1284
vn -0.2532 0.9206 0.2973
vn -0.3756 0.9029 0.2091
vn -0.6728 0.7096 0.2094
vn -0.2454 0.9500 0.1930
vn -0.2532 0.9206 0.2973
vn -0.7009 0.6991 0.1411
vn -0.1245 0.9883 0.0875
vn -0.2454 0.9500 0.1930
vn -0.6702 0.7364 0.0925
vn -0.2909 0.9559 0.0401
vn -0.4930 0.8444 -0.2098
vn -0.5000 0.8617 0.0868
vn -0.2910 0.9454 0.1470
vn -0.2584 0.9584 0.1214
vn -0.5000 0.8617 0.0868
vn -0.1983 0.9733 0.1158
vn -0.2910 0.9454 0.1470
vn -0.5136 0.8483 0.1284
vn 0.0000 0.0000 -1.0000
vn 0.0000 0.0000 -1.0000
vn 0.0000 0.0000 -1.0000
vn 0.0000 0.0000 -1.0000
vn 0.0000 0.0000 -1.0000
vn 0.0000 0.0000 -1.0000
vn -0.2532 0.9206 0.2973
vn 0.3188 0.8712 0.3734
vn 0.1308 0.9392 0.3173
vn 0.2398 0.9284 0.2837
vn 0.3188 0.8712 0.3734
vn -0.2532 0.9206 0.2973
vn 0.2499 0.9334 0.2574
vn 0.2398 0.9284 0.2837
vn -0.2454 0.9500 0.1930
vn 0.0000 0.0000 -1.0000
vn 0.0000 0.0000 -1.0000
vn 0.0000 0.0000 -1.0000
vn 0.0202 0.9921 0.1235
vn -0.0656 0.9974 0.0291
vn -0.2909 0.9559 0.0401
vn 0.0239 0.9868 0.1601
vn 0.0202 0.9921 0.1235
vn -0.2584 0.9584 0.1214
vn -0.1983 0.9733 0.1158
vn 0.1037 0.9893 0.1026
vn 0.0239 0.9868 0.1601
vn -0.1983 0.9733 0.1158
vn -0.3756 0.9029 0.2091
vn 0.1308 0.9392 0.3173
vn 0.0000 0.0000 -1.0000
vn 0.0000 0.0000 -1.0000
vn 0.0000 0.0000 -1.0000
vn 0.0000 0.0000 -1.0000
vn 0.0000 0.0000 -1.0000
vn 0.0000 0.0000 -1.0000
vn 0.3188 0.8712 0.3734
vn 0.6305 0.6855 0.3642
vn 0.5142 0.7980 0.3144
vn 0.5938 0.7405 0.3146
vn 0.6754 0.6901 0.2600
vn 0.7244 0.6160 0.3096
vn 0.5938 0.7405 0.3146
vn 0.6305 0.6855 0.3642
vn 0.3188 0.8712 0.3734
vn 0.5938 0.7405 0.3146
vn 0.5578 0.7838 0.2730
vn 0.6754 0.6901 0.2600
vn 0.5578 0.7838 0.2730
vn 0.5938 0.7405 0.3146
vn 0.2398 0.9284 0.2837
vn 0.0000 -0.0000 -1.0000
vn 0.0000 -0.0000 -1.0000
vn 0.0000 0.0000 -1.0000
vn 0.2279 0.9718 0.0601
vn 0.2746 0.9482 0.1595
vn 0.4548 0.8786 0.1460
vn 0.0202 0.9921 0.1235
vn 0.2746 0.9482 0.1595
vn 0.2279 0.9718 0.0601
vn 0.2746 0.9482 0.1595
vn 0.2389 0.9454 0.2215
vn 0.5245 0.8050 0.2773
vn 0.2389 0.9454 0.2215
vn 0.2746 0.9482 0.1595
vn 0.0202 0.9921 0.1235
vn 0.3592 0.9093 0.2100
vn 0.5142 0.7980 0.3144
vn 0.5245 0.8050 0.2773
vn 0.3592 0.9093 0.2100
vn 0.2389 0.9454 0.2215
vn 0.0239 0.9868 0.1601
vn 0.3592 0.9093 0.2100
vn 0.1037 0.9893 0.1026
vn 0.1308 0.9392 0.3173
vn 0.4572 0.6375 -0.6202
vn 0.0000 0.0000 -1.0000
vn 0.0000 0.0000 -1.0000
vn 0.4572 0.6375 -0.6202
vn 0.5973 0.7989 0.0707
vn 0.6557 0.7342 -0.1758
vn 0.5225 0.8389 -0.1523
vn 0.5973 0.7989 0.0707
vn 0.4572 0.6375 -0.6202
vn 0.4548 0.8786 0.1460
vn 0.6749 0.6714 0.3061
vn 0.5973 0.7989 0.0707
vn 0.6749 0.6714 0.3061
vn 0.7545 0.5637 0.3363
vn 0.7445 0.5741 0.3409
vn 0.6966 0.6394 0.3253
vn 0.6749 0.6714 0.3061
vn 0.5245 0.8050 0.2773
vn 0.6966 0.6394 0.3253
vn 0.7244 0.6160 0.3096
vn 0.7545 0.5637 0.3363
vn 0.6966 0.6394 0.3253
vn 0.6305 0.6855 0.3642
vn 0.7244 0.6160 0.3096
vn 0.7089 0.6380 0.3007
vn 0.8114 0.5069 0.2910
vn 0.8017 0.5944 0.0625
vn 0.7089 0.6380 0.3007
vn 0.8017 0.5944 0.0625
vn 0.5973 0.7989 0.0707
vn 0.7089 0.6380 0.3007
vn 0.6749 0.6714 0.3061
vn 0.7445 0.5741 0.3409
vn -0.5755 0.8064 0.1364
vn -0.0244 0.9957 0.0898
vn -0.1245 0.9883 0.0875
vn -0.5755 0.8064 0.1364
vn -0.8380 0.5331 0.1161
vn -0.5200 0.8208 0.2366
vn 0.0220 0.9266 0.3754
vn -0.0244 0.9957 0.0898
vn -0.5200 0.8208 0.2366
vn 0.3941 0.9121 0.1128
vn 0.2499 0.9334 0.2574
vn -0.1245 0.9883 0.0875
vn 0.5198 0.8087 0.2754
vn 0.3941 0.9121 0.1128
vn -0.0244 0.9957 0.0898
vn 0.5904 0.7713 0.2378
vn 0.6656 0.7130 0.2206
vn 0.6754 0.6901 0.2600
vn 0.5904 0.7713 0.2378
vn 0.5578 0.7838 0.2730
vn 0.2499 0.9334 0.2574
vn 0.6098 -0.1178 0.7837
vn 0.5557 -0.1845 0.8106
vn 0.6203 -0.1019 0.7777
vn 0.6875 0.0218 0.7258
vn 0.6950 -0.0160 0.7188
vn 0.6337 -0.0488 0.7721
vn 0.6950 -0.0160 0.7188
vn 0.6892 -0.1227 0.7141
vn 0.6098 -0.1178 0.7837
vn 0.0000 0.0000 -1.0000
vn 0.0000 0.0000 -1.0000
vn 0.0000 0.0000 -1.0000
vn 0.7715 0.1064 0.6272
vn 0.6875 0.0218 0.7258
vn 0.7363 0.1300 0.6641
vn 0.7715 0.1064 0.6272
vn 0.7633 -0.0413 0.6448
vn 0.6950 -0.0160 0.7188
vn 0.7633 -0.0413 0.6448
vn 0.6892 -0.1227 0.7141
vn 0.6950 -0.0160 0.7188
vn 0.0000 0.0000 -1.0000
vn 0.7982 0.4321 -0.4198
vn 0.0000 0.0000 -1.0000
vn 0.0000 0.0000 -1.0000
vn 0.7982 0.4321 -0.4198
vn 0.0000 0.0000 -1.0000
vn 0.8013 0.2051 0.5620
vn 0.7641 0.1983 0.6138
vn 0.7672 0.2220 0.6018
vn 0.8013 0.2051 0.5620
vn 0.8416 0.1514 0.5185
vn 0.7715 0.1064 0.6272
vn 0.8167 0.0578 0.5741
vn 0.7633 -0.0413 0.6448
vn 0.7715 0.1064 0.6272
vn 0.9167 0.1909 -0.3511
vn 0.7982 0.4321 -0.4198
vn 0.0000 0.0000 -1.0000
vn 0.9317 0.3243 0.1634
vn 0.8740 0.4686 0.1284
vn 0.7982 0.4321 -0.4198
vn 0.9317 0.3243 0.1634
vn 0.8102 0.2853 0.5120
vn 0.7962 0.2799 0.5364
vn 0.8102 0.2853 0.5120
vn 0.8488 0.2154 0.4828
vn 0.8013 0.2051 0.5620
vn 0.8488 0.2154 0.4828
vn 0.8416 0.1514 0.5185
vn 0.8013 0.2051 0.5620
vn 0.0000 -0.0000 -1.0000
vn 0.9167 0.1909 -0.3511
vn 0.0000 0.0000 -1.0000
vn 0.9075 0.4161 -0.0571
vn 0.8811 0.3786 0.2835
vn 0.9317 0.3243 0.1634
vn 0.8813 0.4567 0.1219
vn 0.8811 0.3786 0.2835
vn 0.9075 0.4161 -0.0571
vn 0.8257 0.3291 0.4582
vn 0.8102 0.2853 0.5120
vn 0.8811 0.3786 0.2835
vn 0.8444 0.2717 0.4617
vn 0.8488 0.2154 0.4828
vn 0.8102 0.2853 0.5120
vn 0.8444 0.2717 0.4617
vn 0.8102 0.2853 0.5120
vn 0.8257 0.3291 0.4582
vn 0.0000 0.0000 -1.0000
vn 0.0000 0.0000 -1.0000
vn 0.0000 0.0000 -1.0000
vn 0.6246 0.0078 0.7809
vn 0.6060 -0.0104 0.7954
vn 0.7063 0.0654 0.7049
vn 0.6246 0.0078 0.7809
vn 0.6668 -0.0374 0.7443
vn 0.5838 -0.1013 0.8056
vn 0.6668 -0.0374 0.7443
vn 0.6203 -0.1019 0.7777
vn 0.5838 -0.1013 0.8056
vn 0.0000 0.0000 -1.0000
vn 0.7919 0.4089 -0.4535
vn 0.0000 0.0000 -1.0000
vn 0.0000 0.0000 -1.0000
vn 0.7919 0.4089 -0.4535
vn 0.0000 0.0000 -1.0000
vn 0.7404 0.1499 0.6553
vn 0.6246 0.0078 0.7809
vn 0.7474 0.1367 0.6501
vn 0.7404 0.1499 0.6553
vn 0.7034 0.0550 0.7087
vn 0.6668 -0.0374 0.7443
vn 0.6875 0.0218 0.7258
vn 0.6203 -0.1019 0.7777
vn 0.6668 -0.0374 0.7443
vn 0.8780 0.1173 -0.4641
vn 0.7919 0.4089 -0.4535
vn 0.0000 0.0000 -1.0000
vn 0.9470 0.2590 0.1900
vn 0.8850 0.4065 0.2269
vn 0.7919 0.4089 -0.4535
vn 0.9470 0.2590 0.1900
vn 0.7756 0.2297 0.5879
vn 0.7404 0.1499 0.6553
vn 0.7375 0.1853 0.6494
vn 0.7034 0.0550 0.7087
vn 0.7404 0.1499 0.6553
vn 0.7363 0.1300 0.6641
vn 0.6875 0.0218 0.7258
vn 0.7034 0.0550 0.7087
vn 0.0000 0.0000 -1.0000
vn 0.0000 0.0000 -1.0000
vn 0.8780 0.1173 -0.4641
vn 0.9853 0.1624 -0.0537
vn 0.9137 0.2727 0.3012
vn 0.9470 0.2590 0.1900
vn 0.7756 0.2297 0.5879
vn 0.9137 0.2727 0.3012
vn 0.7962 0.2799 0.5364
vn 0.7641 0.1983 0.6138
vn 0.7375 0.1853 0.6494
vn 0.7756 0.2297 0.5879
vn 0.7641 0.1983 0.6138
vn 0.7756 0.2297 0.5879
vn 0.7672 0.2220 0.6018
vn 0.0000 -0.0000 -1.0000
vn 0.0000 -0.0000 -1.0000
vn 0.0000 0.0000 -1.0000
vn 0.9397 0.2741 0.2044
vn 0.9137 0.2727 0.3012
vn 0.9853 0.1624 -0.0537
vn 0.8740 0.4686 0.1284
vn 0.9397 0.2741 0.2044
vn 0.8501 0.4971 -0.1737
vn 0.9397 0.2741 0.2044
vn 0.8740 0.4686 0.1284
vn 0.7962 0.2799 0.5364
vn 0.0000 0.0000 -1.0000
vn 0.0000 0.0000 -1.0000
vn 0.0000 0.0000 -1.0000
vn 0.9635 0.0760 0.2566
vn 0.9392 0.0183 0.3428
vn 0.9814 0.0292 -0.1899
vn 0.9635 0.0760 0.2566
vn 0.7474 0.1367 0.6501
vn 0.7063 0.0654 0.7049
vn 0.0000 -0.0000 -1.0000
vn 0.0000 -0.0000 -1.0000
vn 0.0000 0.0000 -1.0000
vn 0.9516 0.2232 0.2112
vn 0.9635 0.0760 0.2566
vn 0.9868 0.1475 -0.0667
vn 0.8850 0.4065 0.2269
vn 0.9516 0.2232 0.2112
vn 0.8591 0.4887 -0.1521
vn 0.9516 0.2232 0.2112
vn 0.8850 0.4065 0.2269
vn 0.7474 0.1367 0.6501
vn -0.9053 -0.4097 0.1125
vn -0.6606 -0.3642 0.6565
vn -0.3619 -0.2148 0.9071
vn -0.7560 -0.5407 0.3690
vn 0.0814 0.0167 0.9965
vn -0.6574 -0.6572 0.3687
vn -0.8158 -0.4983 0.2935
vn -0.2395 -0.2204 0.9455
vn -0.5969 -0.3964 0.6975
vn -0.8487 -0.4845 0.2121
vn -0.5969 -0.3964 0.6975
vn -0.8116 -0.5197 0.2670
vn -0.9668 0.2388 -0.0907
vn -0.9087 0.2694 0.3189
vn -0.9285 0.2643 0.2607
vn -0.9710 0.2368 -0.0322
vn -0.9285 0.2643 0.2607
vn -0.7274 0.1942 0.6582
vn -0.9420 0.3356 -0.0006
vn -0.5470 0.3471 0.7618
vn -0.7792 0.5735 0.2528
vn 0.0220 0.9266 0.3754
vn -0.1657 0.2045 0.9647
vn -0.1889 -0.1729 0.9667
vn 0.5198 0.8087 0.2754
vn 0.5248 0.8288 0.1939
vn 0.3958 0.5662 0.7230
vn 0.9814 0.0544 0.1841
vn 0.5181 -0.0337 0.8547
vn 0.7449 -0.0146 0.6670
vn 0.7449 -0.0146 0.6670
vn 0.2092 -0.0527 0.9765
vn 0.9225 -0.0264 0.3852
vn 0.6920 0.7158 0.0933
vn 0.6341 0.7573 0.1564
vn 0.5134 0.6366 0.5755
vn -0.0678 0.0485 0.9965
vn -0.0084 0.1129 0.9936
vn -0.5200 0.8208 0.2366
vn 0.8602 -0.1440 0.4891
vn 0.1080 -0.0558 0.9926
vn 0.1003 -0.0368 0.9943
vn 0.1358 -0.0733 0.9880
vn 0.7386 -0.2232 0.6361
vn 0.7764 -0.2258 0.5885
vn 0.6638 -0.3098 0.6807
vn -0.0823 0.0273 0.9962
vn 0.4702 -0.3120 0.8256
vn -0.3554 -0.5944 0.7214
vn -0.0795 -0.2837 0.9556
vn 0.1843 0.1653 0.9689
vn -0.6708 -0.5892 0.4504
vn 0.0193 0.0190 0.9996
vn 0.0814 0.0167 0.9965
vn -0.5200 0.8208 0.2366
vn -0.3482 0.9274 0.1369
vn -0.1657 0.2045 0.9647
vn 0.6920 0.7158 0.0933
vn 0.5366 0.5578 0.6332
vn 0.8207 0.5645 0.0883
vn 0.1358 -0.0733 0.9880
vn 0.4463 -0.1932 0.8738
vn 0.7386 -0.2232 0.6361
vn 0.5051 -0.4358 0.7450
vn 0.4702 -0.3120 0.8256
vn 0.0481 -0.0693 0.9964
vn -0.5200 0.8208 0.2366
vn -0.1657 0.2045 0.9647
vn 0.0220 0.9266 0.3754
vn 0.5198 0.8087 0.2754
vn 0.2023 0.8856 0.4181
vn 0.0161 0.0411 0.9990
vn 0.0481 -0.0693 0.9964
vn -0.0899 0.1125 0.9896
vn 0.3898 -0.4901 0.7796
vn -0.6708 -0.5892 0.4504
vn 0.0814 0.0167 0.9965
vn -0.7560 -0.5407 0.3690
vn -0.9420 0.3356 -0.0006
vn -0.9216 0.2677 0.2811
vn -0.5470 0.3471 0.7618
vn -0.9668 0.2388 -0.0907
vn -0.9543 0.2511 0.1624
vn -0.9087 0.2694 0.3189
vn -0.9837 0.1174 -0.1365
vn -0.7061 0.1254 0.6969
vn -0.9543 0.2511 0.1624
vn -0.8487 -0.4845 0.2121
vn -0.8158 -0.4983 0.2935
vn -0.5969 -0.3964 0.6975
vn -0.8158 -0.4983 0.2935
vn -0.7560 -0.5407 0.3690
vn -0.2395 -0.2204 0.9455
vn -0.9053 -0.4097 0.1125
vn -0.8487 -0.4845 0.2121
vn -0.6606 -0.3642 0.6565
vn -0.9668 0.2388 -0.0907
vn -0.9285 0.2643 0.2607
vn -0.9710 0.2368 -0.0322
vn 0.9411 0.0332 0.3364
vn 0.9898 0.1051 0.0966
vn 0.9869 0.1565 0.0401
vn 0.6656 0.7130 0.2206
vn 0.5904 0.7713 0.2378
vn 0.4476 0.5168 0.7297
vn -0.3554 -0.5944 0.7214
vn 0.1843 0.1653 0.9689
vn -0.2408 -0.3319 0.9121
vn -0.3554 -0.5944 0.7214
vn -0.0334 -0.5858 0.8098
vn -0.0795 -0.2837 0.9556
vn -0.0099 -0.0060 0.9999
vn 0.0685 0.2062 0.9761
vn -0.0334 -0.5858 0.8098
vn 0.1961 -0.6326 0.7492
vn -0.0099 -0.0060 0.9999
vn 0.2557 -0.5541 0.7922
vn -0.9420 0.3356 -0.0006
vn -0.9710 0.2368 -0.0322
vn -0.9216 0.2677 0.2811
vn 0.6119 -0.3555 0.7065
vn 0.4702 -0.3120 0.8256
vn 0.5051 -0.4358 0.7450
vn -0.9837 0.1174 -0.1365
vn -0.9856 -0.1163 -0.1228
vn -0.8240 0.0137 0.5664
vn 0.6638 -0.3098 0.6807
vn 0.4702 -0.3120 0.8256
vn 0.6119 -0.3555 0.7065
vn -0.9856 -0.1163 -0.1228
vn -0.9541 -0.2841 -0.0947
vn -0.8873 -0.2184 0.4062
vn 0.8602 -0.1440 0.4891
vn 0.1003 -0.0368 0.9943
vn 0.7764 -0.2258 0.5885
vn -0.0678 0.0485 0.9965
vn -0.5200 0.8208 0.2366
vn -0.7792 0.5735 0.2528
vn -0.9541 -0.2841 -0.0947
vn -0.9308 -0.3654 0.0051
vn -0.8129 -0.3121 0.4918
vn -0.9308 -0.3654 0.0051
vn -0.9053 -0.4097 0.1125
vn -0.8509 -0.3759 0.3669
vn 0.9411 0.0332 0.3364
vn 0.9814 0.0544 0.1841
vn 0.9898 0.1051 0.0966
vn 0.6747 -0.0801 0.7337
vn 0.8602 -0.1440 0.4891
vn 0.9225 -0.0264 0.3852
vn 0.6746 0.4142 0.6110
vn 0.9411 0.3369 0.0280
vn 0.8207 0.5645 0.0883
vn 0.6920 0.7158 0.0933
vn 0.5134 0.6366 0.5755
vn 0.5366 0.5578 0.6332
vn 0.8638 0.1478 0.4816
vn 0.9869 0.1565 0.0401
vn 0.9411 0.3369 0.0280
vn 0.6976 -0.1233 -0.7058
vn 0.0000 0.0000 -1.0000
vn 0.4093 -0.6726 -0.6165
vn 0.6639 -0.4201 -0.6186
vn 0.0000 -0.0000 -1.0000
vn 0.0000 0.0000 -1.0000
vn 0.3708 0.4498 0.8125
vn 0.6341 0.7573 0.1564
vn 0.6656 0.7130 0.2206
vn 0.4463 -0.1932 0.8738
vn 0.6638 -0.3098 0.6807
vn 0.7386 -0.2232 0.6361
vn -0.1636 0.2853 0.9444
vn 0.2557 -0.5541 0.7922
vn 0.3898 -0.4901 0.7796
vn 0.5198 0.8087 0.2754
vn 0.3958 0.5662 0.7230
vn 0.5904 0.7713 0.2378
vn 0.0220 0.9266 0.3754
vn -0.1889 -0.1729 0.9667
vn 0.5198 0.8087 0.2754
vn 0.0000 0.0000 -1.0000
vn 0.0000 0.0000 -1.0000
vn 0.0000 0.0000 -1.0000
vn 0.0000 0.0000 -1.0000
vn 0.0000 0.0000 -1.0000
vn 0.0000 0.0000 -1.0000
vn 0.0000 0.0000 -1.0000
vn 0.0000 0.0000 -1.0000
vn 0.0000 0.0000 -1.0000
vn 0.0000 0.0000 -1.0000
vn 0.0000 0.0000 -1.0000
vn 0.0000 0.0000 -1.0000
vn 0.0000 0.0000 -1.0000
vn 0.0000 0.0000 -1.0000
vn 0.0000 0.0000 -1.0000
vn 0.0000 0.0000 -1.0000
vn 0.0000 0.0000 -1.0000
vn 0.0000 0.0000 -1.0000
vn 0.0000 0.0000 -1.0000
vn 0.0000 0.0000 -1.0000
vn 0.0000 0.0000 -1.0000
vn 0.0000 0.0000 -1.0000
vn 0.0000 0.0000 -1.0000
vn 0.0000 0.0000 -1.0000
vn 0.0000 0.0000 -1.0000
vn 0.0000 0.0000 -1.0000
vn 0.0000 0.0000 -1.0000
vn 0.0000 0.0000 -1.0000
vn 0.0000 0.0000 -1.0000
vn 0.0000 0.0000 -1.0000
vn 0.0000 0.0000 -1.0000
vn 0.0000 0.0000 -1.0000
vn 0.0000 0.0000 -1.0000
vn 0.0000 0.0000 -1.0000
vn 0.0000 0.0000 -1.0000
vn 0.0000 0.0000 -1.0000
vn 0.0000 0.0000 -1.0000
vn 0.0000 0.0000 -1.0000
vn 0.0000 0.0000 -1.0000
vn 0.0000 0.0000 -1.0000
vn 0.0000 0.0000 -1.0000
vn 0.0000 0.0000 -1.0000
vn 0.0000 0.0000 -1.0000
vn 0.0000 0.0000 -1.0000
vn 0.0000 0.0000 -1.0000
vn 0.0000 0.0000 -1.0000
vn 0.0000 0.0000 -1.0000
vn 0.0000 0.0000 -1.0000
vn 0.0000 0.0000 -1.0000
vn 0.0000 0.0000 -1.0000
vn 0.0000 0.0000 -1.0000
vn -0.9349 -0.1198 0.3341
vn -0.6922 -0.7217 0.0023
vn -0.4994 -0.4687 0.7287
vn 0.0000 -0.0000 -1.0000
vn 0.0000 0.0000 -1.0000
vn -0.8701 -0.3733 -0.3218
vn -0.9825 -0.0222 -0.1851
vn -0.9349 -0.1198 0.3341
vn -0.9719 -0.0822 0.2207
vn -0.9732 -0.0846 -0.2138
vn -0.9719 -0.0822 0.2207
vn -0.9457 -0.0404 0.3225
vn -0.9839 -0.0483 -0.1722
vn -0.9457 -0.0404 0.3225
vn -0.9430 -0.0167 0.3323
vn -0.9980 0.0215 -0.0603
vn -0.9430 -0.0167 0.3323
vn -0.9572 0.0070 0.2895
vn -0.7506 -0.5019 0.4298
vn -0.7935 -0.5378 -0.2848
vn -0.8643 -0.3163 0.3910
vn -0.7506 -0.5019 0.4298
vn -0.6922 -0.7217 0.0023
vn 0.0044 -0.9874 0.1584
vn -0.4285 -0.4779 -0.7668
vn 0.0000 0.0000 -1.0000
vn -0.7062 -0.3377 -0.6223
vn -0.4285 -0.4779 -0.7668
vn 0.0000 0.0000 -1.0000
vn 0.0000 0.0000 -1.0000
vn -0.4285 -0.4779 -0.7668
vn -0.6922 -0.7217 0.0023
vn -0.8701 -0.3733 -0.3218
vn -0.4360 -0.2746 0.8570
vn -0.4994 -0.4687 0.7287
vn -0.7506 -0.5019 0.4298
vn 0.0000 0.0000 -1.0000
vn 0.0000 0.0000 -1.0000
vn 0.0000 0.0000 -1.0000
vn -0.5187 -0.1193 0.8466
vn -0.9349 -0.1198 0.3341
vn -0.4360 -0.2746 0.8570
vn -0.5187 -0.1193 0.8466
vn -0.3995 -0.1904 0.8968
vn -0.4445 -0.1460 0.8838
vn 0.0000 0.0000 -1.0000
vn 0.0000 0.0000 -1.0000
vn 0.0000 0.0000 -1.0000
vn 0.0000 0.0000 -1.0000
vn 0.0000 0.0000 -1.0000
vn 0.0000 0.0000 -1.0000
vn -0.9457 -0.0404 0.3225
vn -0.5187 -0.1193 0.8466
vn -0.5465 -0.1064 0.8307
vn -0.5465 -0.1064 0.8307
vn -0.4445 -0.1460 0.8838
vn -0.4793 -0.1687 0.8613
vn 0.0000 0.0000 -1.0000
vn 0.0000 0.0000 -1.0000
vn 0.0000 0.0000 -1.0000
vn 0.0000 0.0000 -1.0000
vn -0.0000 0.0000 -1.0000
vn -0.0000 0.0000 -1.0000
vn -0.9430 -0.0167 0.3323
vn -0.5465 -0.1064 0.8307
vn -0.5560 -0.1110 0.8238
vn -0.5269 -0.1299 0.8400
vn -0.5465 -0.1064 0.8307
vn -0.4793 -0.1687 0.8613
vn 0.0000 0.0000 -1.0000
vn 0.0000 0.0000 -1.0000
vn 0.0000 0.0000 -1.0000
vn 0.0000 0.0000 -1.0000
vn -0.0000 0.0000 -1.0000
vn -0.0000 0.0000 -1.0000
vn -0.7075 0.0271 0.7062
vn -0.9430 -0.0167 0.3323
vn -0.5560 -0.1110 0.8238
vn -0.6018 -0.0118 0.7986
vn -0.5560 -0.1110 0.8238
vn -0.5269 -0.1299 0.8400
vn -0.6018 -0.0118 0.7986
vn -0.5269 -0.1299 0.8400
vn -0.5939 -0.1382 0.7926
vn -0.9633 -0.0369 -0.2657
vn -0.7294 -0.6268 0.2739
vn -0.7303 -0.4389 0.5234
vn -0.7303 -0.4389 0.5234
vn -0.8009 -0.5975 0.0382
vn -0.1642 -0.9701 0.1788
vn -0.4304 -0.3082 -0.8484
vn -0.8009 -0.5975 0.0382
vn -0.7935 -0.5378 -0.2848
vn -0.3783 -0.3799 0.8441
vn -0.8009 -0.5975 0.0382
vn -0.7303 -0.4389 0.5234
vn 0.0000 0.0000 -1.0000
vn 0.0000 0.0000 -1.0000
vn 0.0000 0.0000 -1.0000
vn 0.0000 0.0000 -1.0000
vn 0.0000 0.0000 -1.0000
vn -0.7062 -0.3377 -0.6223
vn -0.4395 -0.2599 0.8598
vn -0.8643 -0.3163 0.3910
vn -0.3783 -0.3799 0.8441
vn -0.4395 -0.2599 0.8598
vn -0.3568 -0.2389 0.9031
vn -0.3020 -0.2013 0.9318
vn -0.4265 -0.1993 0.8823
vn -0.7506 -0.5019 0.4298
vn -0.4395 -0.2599 0.8598
vn -0.4265 -0.1993 0.8823
vn -0.3020 -0.2013 0.9318
vn -0.3350 -0.2367 0.9120
vn -0.3995 -0.1904 0.8968
vn -0.4265 -0.1993 0.8823
vn -0.3350 -0.2367 0.9120
vn -0.3715 -0.2073 0.9050
vn -0.3995 -0.1904 0.8968
vn -0.3350 -0.2367 0.9120
vn -0.3715 -0.2073 0.9050
vn -0.3658 -0.2346 0.9007
vn -0.4015 -0.2404 0.8838
vn -0.4263 -0.1842 0.8856
vn -0.4445 -0.1460 0.8838
vn -0.3715 -0.2073 0.9050
vn -0.4263 -0.1842 0.8856
vn -0.4015 -0.2404 0.8838
vn -0.4655 -0.2556 0.8473
vn -0.4793 -0.1687 0.8613
vn -0.4263 -0.1842 0.8856
vn -0.4655 -0.2556 0.8473
vn -0.5197 -0.2283 0.8233
vn -0.4793 -0.1687 0.8613
vn -0.4655 -0.2556 0.8473
vn -0.5939 -0.1382 0.7926
vn -0.5269 -0.1299 0.8400
vn -0.5197 -0.2283 0.8233
vn -0.5601 -0.8069 -0.1875
vn -0.7648 -0.6062 0.2181
vn -0.5419 -0.6860 0.4855
vn -0.7294 -0.6268 0.2739
vn -0.5601 -0.8069 -0.1875
vn -0.5419 -0.6860 0.4855
vn -0.7122 -0.6807 -0.1717
vn -0.4167 -0.8826 0.2177
vn -0.6620 -0.6040 0.4437
vn -0.7648 -0.6062 0.2181
vn -0.7122 -0.6807 -0.1717
vn -0.6620 -0.6040 0.4437
vn 0.0000 0.0000 -1.0000
vn -0.7408 -0.5738 -0.3493
vn 0.0000 0.0000 -1.0000
vn -0.4261 -0.3224 0.8453
vn -0.7648 -0.6062 0.2181
vn -0.6620 -0.6040 0.4437
vn -0.4261 -0.3224 0.8453
vn -0.2422 -0.1776 0.9538
vn -0.2422 -0.2099 0.9472
vn -0.2104 -0.2757 0.9379
vn -0.4261 -0.3224 0.8453
vn -0.2422 -0.2099 0.9472
vn -0.4167 -0.8826 0.2177
vn 0.0183 -0.9533 -0.3013
vn -0.1414 -0.9635 0.2271
vn 0.0000 0.0000 -1.0000
vn -0.2583 -0.9137 -0.3136
vn 0.0000 0.0000 -1.0000
vn -0.1900 -0.6025 0.7752
vn -0.4167 -0.8826 0.2177
vn -0.1414 -0.9635 0.2271
vn -0.2422 -0.1776 0.9538
vn -0.1900 -0.6025 0.7752
vn -0.2965 -0.3577 0.8855
vn 0.0000 0.0000 -1.0000
vn 0.0000 0.0000 -1.0000
vn 0.0000 -0.0000 -1.0000
vn -0.2314 -0.1882 0.9545
vn -0.2422 -0.1776 0.9538
vn -0.2965 -0.3577 0.8855
vn -0.1414 -0.9635 0.2271
vn -0.2915 -0.7859 -0.5453
vn -0.4428 -0.8738 0.2009
vn -0.2965 -0.3577 0.8855
vn -0.4428 -0.8738 0.2009
vn -0.4642 -0.2512 0.8494
vn 0.0000 0.0000 -1.0000
vn 0.0183 -0.9533 -0.3013
vn 0.0000 0.0000 -1.0000
vn -0.3184 -0.1181 0.9406
vn -0.2965 -0.3577 0.8855
vn -0.4642 -0.2512 0.8494
vn 0.0000 0.0000 -1.0000
vn 0.0000 0.0000 -1.0000
vn 0.0000 0.0000 -1.0000
vn -0.3008 -0.2076 0.9308
vn -0.2965 -0.3577 0.8855
vn -0.3184 -0.1181 0.9406
vn -0.3008 -0.2076 0.9308
vn -0.2343 -0.2073 0.9498
vn -0.2611 -0.2140 0.9413
vn -0.3141 -0.1892 0.9303
vn -0.3008 -0.2076 0.9308
vn -0.2611 -0.2140 0.9413
vn -0.4428 -0.8738 0.2009
vn -0.0732 -0.9450 -0.3187
vn 0.0111 -0.9518 0.3065
vn -0.1565 -0.5427 0.8252
vn -0.4428 -0.8738 0.2009
vn 0.0111 -0.9518 0.3065
vn 0.0000 0.0000 -1.0000
vn -0.2915 -0.7859 -0.5453
vn 0.0000 0.0000 -1.0000
vn -0.0004 -0.1013 0.9949
vn -0.4642 -0.2512 0.8494
vn -0.1565 -0.5427 0.8252
vn -0.2343 -0.2073 0.9498
vn -0.0004 -0.1013 0.9949
vn -0.0809 -0.2772 0.9574
vn 0.0000 0.0000 -1.0000
vn 0.0000 0.0000 -1.0000
vn 0.0000 0.0000 -1.0000
vn 0.5006 -0.8501 0.1633
vn -0.0732 -0.9450 -0.3187
vn 0.3913 -0.7498 -0.5336
vn 0.3903 -0.4174 0.8206
vn 0.0111 -0.9518 0.3065
vn 0.5006 -0.8501 0.1633
vn 0.0000 0.0000 -1.0000
vn 0.3913 -0.7498 -0.5336
vn -0.0732 -0.9450 -0.3187
vn 0.6058 -0.4161 0.6782
vn 0.3903 -0.4174 0.8206
vn 0.5006 -0.8501 0.1633
vn -0.0004 -0.1013 0.9949
vn 0.3903 -0.4174 0.8206
vn 0.3779 -0.1883 0.9065
vn 0.1943 -0.3848 0.9023
vn -0.0004 -0.1013 0.9949
vn 0.3779 -0.1883 0.9065
vn 0.0000 0.0000 -1.0000
vn 0.0000 0.0000 -1.0000
vn 0.0000 0.0000 -1.0000
vn 0.3206 -0.4531 0.8318
vn 0.1943 -0.3848 0.9023
vn 0.3779 -0.1883 0.9065
vn -0.0809 -0.2772 0.9574
vn 0.1943 -0.3848 0.9023
vn 0.1256 -0.4401 0.8891
vn 0.7289 -0.6750 0.1142
vn 0.3913 -0.7498 -0.5336
vn 0.5127 -0.7911 -0.3335
vn 0.0000 0.0000 -1.0000
vn 0.5127 -0.7911 -0.3335
vn 0.3913 -0.7498 -0.5336
vn 0.8014 -0.4370 -0.4084
vn 0.7289 -0.6750 0.1142
vn 0.5127 -0.7911 -0.3335
vn 0.6058 -0.4161 0.6782
vn 0.7289 -0.6750 0.1142
vn 0.8841 -0.4075 0.2287
vn 0.4789 -0.3576 0.8017
vn 0.6058 -0.4161 0.6782
vn 0.8841 -0.4075 0.2287
vn 0.0000 0.0000 -1.0000
vn 0.8014 -0.4370 -0.4084
vn 0.0000 0.0000 -1.0000
vn 0.8854 -0.3104 -0.3461
vn 0.8841 -0.4075 0.2287
vn 0.8014 -0.4370 -0.4084
vn 0.8724 -0.3515 0.3396
vn 0.4789 -0.3576 0.8017
vn 0.8841 -0.4075 0.2287
vn 0.3206 -0.4531 0.8318
vn 0.4789 -0.3576 0.8017
vn 0.5619 -0.4036 0.7220
vn 0.9682 -0.2391 0.0737
vn 0.8854 -0.3104 -0.3461
vn 0.9205 -0.1338 -0.3670
vn 0.0000 0.0000 -1.0000
vn -0.7024 -0.6242 -0.3421
vn 0.0000 0.0000 -1.0000
vn -0.4626 -0.2290 0.8565
vn -0.7294 -0.6268 0.2739
vn -0.5419 -0.6860 0.4855
vn -0.4626 -0.2290 0.8565
vn -0.2104 -0.2757 0.9379
vn -0.2807 -0.2616 0.9234
vn -0.4304 -0.3082 -0.8484
vn 0.0000 0.0000 -1.0000
vn 0.0000 -0.0000 -1.0000
vn -0.4851 -0.2302 0.8436
vn -0.7303 -0.4389 0.5234
vn -0.4626 -0.2290 0.8565
vn -0.4851 -0.2302 0.8436
vn -0.2807 -0.2616 0.9234
vn -0.3202 -0.2112 0.9235
vn -0.3568 -0.2389 0.9031
vn -0.4851 -0.2302 0.8436
vn -0.3202 -0.2112 0.9235
vn 0.0000 0.0000 -1.0000
vn 0.0000 0.0000 -1.0000
vn 0.0000 0.0000 -1.0000
vn 0.0000 0.0000 -1.0000
vn 0.0000 0.0000 -1.0000
vn -0.4304 -0.3082 -0.8484
vn -0.3843 -0.1833 0.9048
vn -0.3568 -0.2389 0.9031
vn -0.3202 -0.2112 0.9235
vn -0.3843 -0.1833 0.9048
vn -0.2445 -0.2284 0.9424
vn -0.3495 -0.2464 0.9040
vn -0.3658 -0.2346 0.9007
vn -0.3020 -0.2013 0.9318
vn -0.3843 -0.1833 0.9048
vn -0.3658 -0.2346 0.9007
vn -0.3495 -0.2464 0.9040
vn -0.4056 -0.2657 0.8746
vn -0.4438 -0.2864 0.8491
vn -0.4015 -0.2404 0.8838
vn -0.4056 -0.2657 0.8746
vn -0.4565 -0.2906 0.8409
vn -0.4655 -0.2556 0.8473
vn -0.4438 -0.2864 0.8491
vn -0.4907 -0.2464 0.8357
vn -0.5197 -0.2283 0.8233
vn -0.4565 -0.2906 0.8409
vn 0.0000 0.0000 -1.0000
vn 0.0000 0.0000 -1.0000
vn 0.0000 0.0000 -1.0000
vn -0.1872 -0.2629 0.9465
vn -0.2104 -0.2757 0.9379
vn -0.2422 -0.2099 0.9472
vn 0.0000 0.0000 -1.0000
vn 0.0000 0.0000 -1.0000
vn 0.0000 0.0000 -1.0000
vn -0.1872 -0.2629 0.9465
vn -0.2279 -0.2904 0.9294
vn -0.2361 -0.2840 0.9293
vn -0.2445 -0.2284 0.9424
vn -0.1872 -0.2629 0.9465
vn -0.2361 -0.2840 0.9293
vn 0.0000 0.0000 -1.0000
vn 0.0000 0.0000 -1.0000
vn 0.0000 0.0000 -1.0000
vn 0.0000 0.0000 -1.0000
vn 0.0000 0.0000 -1.0000
vn 0.0000 0.0000 -1.0000
vn -0.3355 -0.2942 0.8949
vn -0.3495 -0.2464 0.9040
vn -0.2361 -0.2840 0.9293
vn -0.3355 -0.2942 0.8949
vn -0.2485 -0.3277 0.9115
vn -0.3477 -0.3590 0.8662
vn -0.4124 -0.3165 0.8543
vn -0.3355 -0.2942 0.8949
vn -0.3477 -0.3590 0.8662
vn -0.4124 -0.3165 0.8543
vn -0.3477 -0.3590 0.8662
vn -0.3974 -0.3288 0.8567
vn -0.4565 -0.2906 0.8409
vn -0.4438 -0.2864 0.8491
vn -0.4124 -0.3165 0.8543
vn 0.0000 0.0000 -1.0000
vn 0.0000 0.0000 -1.0000
vn 0.0000 0.0000 -1.0000
vn -0.2457 -0.2455 0.9378
vn -0.2422 -0.2099 0.9472
vn -0.2314 -0.1882 0.9545
vn 0.0000 0.0000 -1.0000
vn 0.0000 0.0000 -1.0000
vn 0.0000 0.0000 -1.0000
vn 0.0000 0.0000 -1.0000
vn 0.0000 0.0000 -1.0000
vn 0.0000 0.0000 -1.0000
vn -0.2279 -0.2904 0.9294
vn -0.3358 -0.2908 0.8959
vn -0.2833 -0.3290 0.9008
vn -0.2485 -0.3277 0.9115
vn -0.2279 -0.2904 0.9294
vn -0.2833 -0.3290 0.9008
vn 0.0000 0.0000 -1.0000
vn 0.0000 0.0000 -1.0000
vn 0.0000 0.0000 -1.0000
vn 0.0000 0.0000 -1.0000
vn 0.0000 0.0000 -1.0000
vn 0.0000 0.0000 -1.0000
vn -0.2838 -0.3906 0.8757
vn -0.2485 -0.3277 0.9115
vn -0.2833 -0.3290 0.9008
vn -0.2838 -0.3906 0.8757
vn -0.3188 -0.4185 0.8504
vn -0.3290 -0.4189 0.8464
vn -0.3477 -0.3590 0.8662
vn -0.2838 -0.3906 0.8757
vn -0.3290 -0.4189 0.8464
vn -0.3974 -0.3288 0.8567
vn -0.3334 -0.3621 0.8705
vn -0.3492 -0.3386 0.8737
vn -0.4319 -0.2951 0.8523
vn -0.3974 -0.3288 0.8567
vn -0.3492 -0.3386 0.8737
vn 0.0000 0.0000 -1.0000
vn 0.0000 0.0000 -1.0000
vn 0.0000 0.0000 -1.0000
vn -0.3026 -0.2380 0.9229
vn -0.3141 -0.1892 0.9303
vn -0.2611 -0.2140 0.9413
vn 0.0000 0.0000 -1.0000
vn 0.0000 0.0000 -1.0000
vn 0.0000 0.0000 -1.0000
vn -0.3358 -0.2908 0.8959
vn -0.2457 -0.2455 0.9378
vn -0.3026 -0.2380 0.9229
vn 0.0000 0.0000 -1.0000
vn 0.0000 0.0000 -1.0000
vn 0.0000 0.0000 -1.0000
vn 0.0000 0.0000 -1.0000
vn 0.0000 0.0000 -1.0000
vn 0.0000 0.0000 -1.0000
vn -0.3441 -0.3531 0.8700
vn -0.2833 -0.3290 0.9008
vn -0.3709 -0.2899 0.8822
vn -0.3441 -0.3531 0.8700
vn -0.3709 -0.2899 0.8822
vn -0.3364 -0.3924 0.8561
vn -0.3188 -0.4185 0.8504
vn -0.3441 -0.3531 0.8700
vn -0.3364 -0.3924 0.8561
vn 0.0000 0.0000 -1.0000
vn 0.0000 0.0000 -1.0000
vn 0.0000 0.0000 -1.0000
vn 0.0000 0.0000 -1.0000
vn 0.0000 0.0000 -1.0000
vn 0.0000 0.0000 -1.0000
vn -0.2910 -0.4141 0.8625
vn -0.3290 -0.4189 0.8464
vn -0.3188 -0.4185 0.8504
vn 0.0000 0.0000 -1.0000
vn 0.0000 0.0000 -1.0000
vn 0.0000 0.0000 -1.0000
vn -0.2398 -0.3457 0.9072
vn -0.2611 -0.2140 0.9413
vn -0.0809 -0.2772 0.9574
vn -0.3722 -0.2975 0.8792
vn -0.2398 -0.3457 0.9072
vn -0.2414 -0.4037 0.8825
vn 0.0000 0.0000 -1.0000
vn 0.0000 0.0000 -1.0000
vn 0.0000 0.0000 -1.0000
vn -0.3203 -0.3238 0.8903
vn -0.3722 -0.2975 0.8792
vn -0.2414 -0.4037 0.8825
vn 0.0000 0.0000 -1.0000
vn 0.0000 0.0000 -1.0000
vn 0.0000 0.0000 -1.0000
vn -0.3616 -0.3003 0.8826
vn -0.3358 -0.2908 0.8959
vn -0.3203 -0.3238 0.8903
vn -0.3709 -0.2899 0.8822
vn -0.3616 -0.3003 0.8826
vn -0.3141 -0.2971 0.9017
vn 0.0000 0.0000 -1.0000
vn 0.0000 0.0000 -1.0000
vn 0.0000 0.0000 -1.0000
vn 0.0000 0.0000 -1.0000
vn 0.0000 0.0000 -1.0000
vn 0.0000 0.0000 -1.0000
vn -0.2910 -0.4141 0.8625
vn -0.3364 -0.3924 0.8561
vn -0.2200 -0.3977 0.8907
vn 0.0000 0.0000 -1.0000
vn 0.0000 0.0000 -1.0000
vn 0.0000 0.0000 -1.0000
vn -0.2862 -0.3530 0.8908
vn -0.3334 -0.3621 0.8705
vn -0.2910 -0.4141 0.8625
vn -0.2862 -0.3530 0.8908
vn -0.2028 -0.3822 0.9016
vn -0.2684 -0.3692 0.8898
vn 0.0000 0.0000 -1.0000
vn 0.0000 0.0000 -1.0000
vn 0.0000 0.0000 -1.0000
vn 0.1192 -0.4987 0.8586
vn -0.0809 -0.2772 0.9574
vn 0.1256 -0.4401 0.8891
vn -0.2414 -0.4037 0.8825
vn 0.1192 -0.4987 0.8586
vn -0.1290 -0.3897 0.9119
vn 0.0000 0.0000 -1.0000
vn 0.0000 0.0000 -1.0000
vn 0.0000 0.0000 -1.0000
vn -0.3203 -0.3238 0.8903
vn -0.1290 -0.3897 0.9119
vn -0.0889 -0.4030 0.9109
vn -0.3616 -0.3003 0.8826
vn -0.0889 -0.4030 0.9109
vn -0.1565 -0.2733 0.9491
vn 0.0000 0.0000 -1.0000
vn 0.0000 0.0000 -1.0000
vn 0.0000 0.0000 -1.0000
vn 0.2183 -0.3893 0.8949
vn -0.1565 -0.2733 0.9491
vn -0.0889 -0.4030 0.9109
vn -0.1311 -0.3139 0.9404
vn -0.3141 -0.2971 0.9017
vn -0.1565 -0.2733 0.9491
vn -0.2200 -0.3977 0.8907
vn -0.1311 -0.3139 0.9404
vn -0.0500 -0.3752 0.9256
vn 0.0000 0.0000 -1.0000
vn 0.0000 0.0000 -1.0000
vn 0.0000 0.0000 -1.0000
vn -0.0506 -0.4206 0.9058
vn -0.2200 -0.3977 0.8907
vn -0.0500 -0.3752 0.9256
vn 0.0000 0.0000 -1.0000
vn 0.0000 0.0000 -1.0000
vn 0.0000 0.0000 -1.0000
vn 0.0000 0.0000 -1.0000
vn 0.0000 0.0000 -1.0000
vn 0.0000 0.0000 -1.0000
vn 0.0000 0.0000 -1.0000
vn 0.0000 0.0000 -1.0000
vn 0.0000 0.0000 -1.0000
vn -0.1635 -0.4272 0.8892
vn -0.2684 -0.3692 0.8898
vn -0.0701 -0.3733 0.9251
vn 0.0000 0.0000 -1.0000
vn 0.0000 0.0000 -1.0000
vn 0.0000 0.0000 -1.0000
vn 0.8288 -0.2830 0.4828
vn 0.5619 -0.4036 0.7220
vn 0.8724 -0.3515 0.3396
vn 0.6132 -0.3667 0.6996
vn 0.3206 -0.4531 0.8318
vn 0.5619 -0.4036 0.7220
vn 0.1192 -0.4987 0.8586
vn 0.3206 -0.4531 0.8318
vn 0.4417 -0.4423 0.7806
vn 0.3448 -0.4739 0.8103
vn 0.1192 -0.4987 0.8586
vn 0.4417 -0.4423 0.7806
vn 0.0000 0.0000 -1.0000
vn 0.0000 0.0000 -1.0000
vn 0.0000 0.0000 -1.0000
vn 0.6489 -0.3655 0.6674
vn 0.4417 -0.4423 0.7806
vn 0.6132 -0.3667 0.6996
vn 0.5607 -0.4096 0.7196
vn 0.3448 -0.4739 0.8103
vn 0.4417 -0.4423 0.7806
vn -0.0889 -0.4030 0.9109
vn 0.3448 -0.4739 0.8103
vn 0.3973 -0.4063 0.8228
vn 0.0000 0.0000 -1.0000
vn 0.0000 0.0000 -1.0000
vn 0.0000 0.0000 -1.0000
vn 0.2183 -0.3893 0.8949
vn 0.3973 -0.4063 0.8228
vn 0.4595 -0.4021 0.7919
vn 0.1854 -0.3208 0.9288
vn 0.2183 -0.3893 0.8949
vn 0.4595 -0.4021 0.7919
vn 0.0000 0.0000 -1.0000
vn 0.0000 0.0000 -1.0000
vn 0.0000 0.0000 -1.0000
vn 0.5251 -0.3454 0.7778
vn 0.1854 -0.3208 0.9288
vn 0.4595 -0.4021 0.7919
vn 0.0670 -0.3405 0.9379
vn -0.1311 -0.3139 0.9404
vn 0.1854 -0.3208 0.9288
vn 0.0000 0.0000 -1.0000
vn 0.0000 0.0000 -1.0000
vn 0.0000 0.0000 -1.0000
vn 0.3130 -0.2982 0.9017
vn 0.0670 -0.3405 0.9379
vn 0.1854 -0.3208 0.9288
vn -0.0500 -0.3752 0.9256
vn 0.0670 -0.3405 0.9379
vn 0.1580 -0.3378 0.9278
vn 0.0000 0.0000 -1.0000
vn 0.0000 0.0000 -1.0000
vn 0.0000 0.0000 -1.0000
vn 0.4711 -0.2650 0.8414
vn 0.1580 -0.3378 0.9278
vn 0.3130 -0.2982 0.9017
vn -0.0506 -0.4206 0.9058
vn 0.1580 -0.3378 0.9278
vn 0.2823 -0.3663 0.8866
vn 0.1745 -0.4230 0.8892
vn -0.0506 -0.4206 0.9058
vn 0.2823 -0.3663 0.8866
vn 0.4313 -0.3702 0.8228
vn 0.1745 -0.4230 0.8892
vn 0.2823 -0.3663 0.8866
vn -0.0701 -0.3733 0.9251
vn 0.1745 -0.4230 0.8892
vn 0.2584 -0.4020 0.8784
vn 0.0000 0.0000 -1.0000
vn 0.0000 0.0000 -1.0000
vn 0.0000 0.0000 -1.0000
vn 0.1945 -0.4533 0.8699
vn -0.0701 -0.3733 0.9251
vn 0.2584 -0.4020 0.8784
vn 0.0000 0.0000 -1.0000
vn 0.9205 -0.1338 -0.3670
vn 0.8854 -0.3104 -0.3461
vn 0.9797 -0.0440 -0.1956
vn 0.9682 -0.2391 0.0737
vn 0.9205 -0.1338 -0.3670
vn 0.8288 -0.2830 0.4828
vn 0.9682 -0.2391 0.0737
vn 0.9767 -0.1486 0.1551
vn 0.8570 -0.2903 0.4257
vn 0.8288 -0.2830 0.4828
vn 0.9767 -0.1486 0.1551
vn 0.8444 -0.1103 -0.5242
vn 0.0000 0.0000 -1.0000
vn 0.0000 0.0000 -1.0000
vn 0.9818 -0.1801 0.0595
vn 0.9797 -0.0440 -0.1956
vn 0.8444 -0.1103 -0.5242
vn 0.9818 -0.1801 0.0595
vn 0.8570 -0.2903 0.4257
vn 0.9767 -0.1486 0.1551
vn 0.7540 -0.3485 0.5568
vn 0.6489 -0.3655 0.6674
vn 0.8570 -0.2903 0.4257
vn 0.0000 0.0000 -1.0000
vn 0.8444 -0.1103 -0.5242
vn 0.0000 0.0000 -1.0000
vn 0.9300 -0.3676 0.0047
vn 0.8444 -0.1103 -0.5242
vn 0.6878 -0.3289 -0.6472
vn 0.8597 -0.3425 0.3790
vn 0.9818 -0.1801 0.0595
vn 0.9300 -0.3676 0.0047
vn 0.8597 -0.3425 0.3790
vn 0.7540 -0.3485 0.5568
vn 0.8570 -0.2903 0.4257
vn 0.5607 -0.4096 0.7196
vn 0.7540 -0.3485 0.5568
vn 0.6936 -0.3841 0.6094
vn 0.6055 -0.3771 0.7009
vn 0.5607 -0.4096 0.7196
vn 0.6936 -0.3841 0.6094
vn 0.0000 0.0000 -1.0000
vn 0.6878 -0.3289 -0.6472
vn 0.0000 0.0000 -1.0000
vn 0.7973 -0.2833 -0.5330
vn 0.9300 -0.3676 0.0047
vn 0.6878 -0.3289 -0.6472
vn 0.9076 -0.2963 0.2974
vn 0.9300 -0.3676 0.0047
vn 0.9647 -0.2624 0.0218
vn 0.7825 -0.3151 0.5370
vn 0.8597 -0.3425 0.3790
vn 0.9076 -0.2963 0.2974
vn 0.7825 -0.3151 0.5370
vn 0.6055 -0.3771 0.7009
vn 0.6936 -0.3841 0.6094
vn 0.5251 -0.3454 0.7778
vn 0.6055 -0.3771 0.7009
vn 0.6445 -0.2761 0.7130
vn 0.6071 -0.2707 0.7471
vn 0.5251 -0.3454 0.7778
vn 0.6445 -0.2761 0.7130
vn 0.0000 0.0000 -1.0000
vn 0.7973 -0.2833 -0.5330
vn 0.0000 0.0000 -1.0000
vn 0.9647 -0.2624 0.0218
vn 0.7973 -0.2833 -0.5330
vn 0.6411 -0.2057 -0.7394
vn 0.9269 -0.2194 0.3045
vn 0.7825 -0.3151 0.5370
vn 0.9076 -0.2963 0.2974
vn 0.7059 -0.1990 0.6798
vn 0.7825 -0.3151 0.5370
vn 0.8386 -0.1317 0.5286
vn 0.7059 -0.1990 0.6798
vn 0.6071 -0.2707 0.7471
vn 0.6445 -0.2761 0.7130
vn 0.0000 0.0000 -1.0000
vn 0.0000 0.0000 -1.0000
vn 0.0000 0.0000 -1.0000
vn 0.8065 -0.1056 0.5818
vn 0.7059 -0.1990 0.6798
vn 0.8386 -0.1317 0.5286
vn 0.6790 -0.2602 0.6865
vn 0.7059 -0.1990 0.6798
vn 0.7802 -0.2418 0.5769
vn 0.4711 -0.2650 0.8414
vn 0.6071 -0.2707 0.7471
vn 0.6790 -0.2602 0.6865
vn 0.5395 -0.3131 0.7816
vn 0.4711 -0.2650 0.8414
vn 0.6790 -0.2602 0.6865
vn 0.0000 0.0000 -1.0000
vn 0.0000 0.0000 -1.0000
vn 0.0000 0.0000 -1.0000
vn 0.6959 -0.3024 0.6513
vn 0.5395 -0.3131 0.7816
vn 0.6790 -0.2602 0.6865
vn 0.4313 -0.3702 0.8228
vn 0.5395 -0.3131 0.7816
vn 0.5909 -0.3560 0.7239
vn 0.4475 -0.3985 0.8006
vn 0.4313 -0.3702 0.8228
vn 0.5909 -0.3560 0.7239
vn 0.0000 0.0000 -1.0000
vn 0.0000 0.0000 -1.0000
vn 0.0000 0.0000 -1.0000
vn 0.1945 -0.4533 0.8699
vn 0.4475 -0.3985 0.8006
vn 0.5030 -0.4456 0.7406
vn -0.1635 -0.4272 0.8892
vn 0.1945 -0.4533 0.8699
vn 0.0111 -0.4746 0.8801
vn 0.3646 -0.4940 0.7893
vn 0.1945 -0.4533 0.8699
vn 0.5030 -0.4456 0.7406
vn 0.9647 -0.2624 0.0218
vn 0.9644 -0.1890 -0.1849
vn 0.9866 -0.1347 0.0926
vn 0.9269 -0.2194 0.3045
vn 0.9866 -0.1347 0.0926
vn 0.9584 -0.1016 0.2668
vn 0.9074 -0.0950 0.4093
vn 0.9269 -0.2194 0.3045
vn 0.9584 -0.1016 0.2668
vn 0.0000 0.0000 -1.0000
vn 0.0000 0.0000 -1.0000
vn 0.6411 -0.2057 -0.7394
vn 0.9963 -0.0799 0.0307
vn 0.9644 -0.1890 -0.1849
vn 0.9731 0.0025 -0.2304
vn 0.9963 -0.0799 0.0307
vn 0.9584 -0.1016 0.2668
vn 0.9866 -0.1347 0.0926
vn 0.8471 -0.1934 0.4950
vn 0.8065 -0.1056 0.5818
vn 0.9074 -0.0950 0.4093
vn 0.7391 -0.1529 -0.6561
vn 0.0000 0.0000 -1.0000
vn 0.0000 0.0000 -1.0000
vn 0.9958 -0.0832 0.0374
vn 0.9731 0.0025 -0.2304
vn 0.7391 -0.1529 -0.6561
vn 0.9958 -0.0832 0.0374
vn 0.9584 -0.1016 0.2668
vn 0.9963 -0.0799 0.0307
vn 0.9705 -0.0796 0.2276
vn 0.9074 -0.0950 0.4093
vn 0.9584 -0.1016 0.2668
vn 0.9067 -0.1303 0.4010
vn 0.8471 -0.1934 0.4950
vn 0.9074 -0.0950 0.4093
vn 0.8170 -0.2638 0.5128
vn 0.7802 -0.2418 0.5769
vn 0.8471 -0.1934 0.4950
vn 0.0000 0.0000 -1.0000
vn 0.0000 0.0000 -1.0000
vn 0.0000 0.0000 -1.0000
vn -0.0000 0.0000 -1.0000
vn 0.7391 -0.1529 -0.6561
vn 0.0000 0.0000 -1.0000
vn 0.9900 -0.1363 -0.0352
vn 0.9705 -0.0796 0.2276
vn 0.9958 -0.0832 0.0374
vn 0.9371 -0.1294 0.3243
vn 0.9705 -0.0796 0.2276
vn 0.9893 -0.0864 0.1180
vn 0.8931 -0.2117 0.3968
vn 0.9067 -0.1303 0.4010
vn 0.9371 -0.1294 0.3243
vn 0.8931 -0.2117 0.3968
vn 0.8170 -0.2638 0.5128
vn 0.8471 -0.1934 0.4950
vn 0.7446 -0.3316 0.5793
vn 0.6959 -0.3024 0.6513
vn 0.8170 -0.2638 0.5128
vn 0.0000 0.0000 -1.0000
vn 0.0000 0.0000 -1.0000
vn 0.0000 0.0000 -1.0000
vn 0.0000 0.0000 -1.0000
vn 0.0000 0.0000 -1.0000
vn 0.0000 0.0000 -1.0000
vn 0.0000 0.0000 -1.0000
vn 0.0000 0.0000 -1.0000
vn 0.0000 0.0000 -1.0000
vn 0.0000 0.0000 -1.0000
vn 0.0000 0.0000 -1.0000
vn 0.0000 0.0000 -1.0000
vn 0.0000 0.0000 -1.0000
vn 0.0000 0.0000 -1.0000
vn 0.0000 0.0000 -1.0000
vn 0.0000 0.0000 -1.0000
vn 0.0000 0.0000 -1.0000
vn 0.0000 0.0000 -1.0000
vn 0.0000 0.0000 -1.0000
vn 0.0000 0.0000 -1.0000
vn 0.0000 0.0000 -1.0000
vn 0.0000 0.0000 -1.0000
vn 0.0000 0.0000 -1.0000
vn 0.0000 0.0000 -1.0000
vn 0.0000 0.0000 -1.0000
vn 0.0000 0.0000 -1.0000
vn 0.0000 0.0000 -1.0000
vn 0.0000 0.0000 -1.0000
vn 0.0000 0.0000 -1.0000
vn 0.0000 0.0000 -1.0000
vn 0.0000 0.0000 -1.0000
vn 0.0000 0.0000 -1.0000
vn 0.0000 0.0000 -1.0000
vn 0.0000 0.0000 -1.0000
vn 0.0000 0.0000 -1.0000
vn 0.0000 0.0000 -1.0000
vn 0.0000 0.0000 -1.0000
vn 0.0000 0.0000 -1.0000
vn 0.0000 0.0000 -1.0000
vn 0.0000 0.0000 -1.0000
vn 0.0000 0.0000 -1.0000
vn 0.0000 0.0000 -1.0000
vn 0.0000 0.0000 -1.0000
vn 0.0000 0.0000 -1.0000
vn 0.0000 0.0000 -1.0000
vn 0.0000 0.0000 -1.0000
vn 0.0000 0.0000 -1.0000
vn 0.0000 0.0000 -1.0000
vn 0.0000 0.0000 -1.0000
vn 0.0000 0.0000 -1.0000
vn 0.0000 0.0000 -1.0000
vn 0.0000 0.0000 -1.0000
vn 0.0000 0.0000 -1.0000
vn 0.0000 0.0000 -1.0000
vn 0.0000 0.0000 -1.0000
vn 0.0000 0.0000 -1.0000
vn 0.0000 0.0000 -1.0000
vn 0.0000 0.0000 -1.0000
vn 0.0000 0.0000 -1.0000
vn 0.0000 0.0000 -1.0000
vn 0.0000 0.0000 -1.0000
vn 0.0000 0.0000 -1.0000
vn 0.0000 0.0000 -1.0000
vn 0.0000 0.0000 -1.0000
vn 0.0000 0.0000 -1.0000
vn 0.0000 0.0000 -1.0000
vn 0.0000 0.0000 -1.0000
vn 0.0000 0.0000 -1.0000
vn 0.0000 0.0000 -1.0000
vn 0.0000 0.0000 -1.0000
vn 0.0000 0.0000 -1.0000
vn 0.0000 0.0000 -1.0000
vn 0.0000 0.0000 -1.0000
vn 0.0000 0.0000 -1.0000
vn 0.0000 0.0000 -1.0000
vn 0.0000 0.0000 -1.0000
vn 0.0000 0.0000 -1.0000
vn 0.0000 0.0000 -1.0000
vn 0.0000 0.0000 -1.0000
vn 0.0000 0.0000 -1.0000
vn 0.0000 0.0000 -1.0000
vn 0.0000 0.0000 -1.0000
vn 0.0000 0.0000 -1.0000
vn 0.0000 0.0000 -1.0000
vn 0.0000 0.0000 -1.0000
vn 0.0000 0.0000 -1.0000
vn 0.0000 0.0000 -1.0000
vn 0.0000 0.0000 -1.0000
vn 0.0000 0.0000 -1.0000
vn 0.0000 0.0000 -1.0000
vn 0.0000 0.0000 -1.0000
vn 0.0000 0.0000 -1.0000
vn 0.0000 0.0000 -1.0000
vn 0.0000 0.0000 -1.0000
vn 0.0000 0.0000 -1.0000
vn 0.0000 0.0000 -1.0000
vn 0.0000 0.0000 -1.0000
vn 0.0000 0.0000 -1.0000
vn 0.0000 0.0000 -1.0000
vn 0.0000 0.0000 -1.0000
vn 0.0000 0.0000 -1.0000
vn 0.0000 0.0000 -1.0000
vn 0.0000 0.0000 -1.0000
vn 0.0000 0.0000 -1.0000
vn 0.0000 0.0000 -1.0000
vn 0.0000 0.0000 -1.0000
vn 0.0000 0.0000 -1.0000
vn 0.0000 0.0000 -1.0000
vn 0.0000 0.0000 -1.0000
vn 0.0000 0.0000 -1.0000
vn 0.0000 0.0000 -1.0000
vn 0.0000 0.0000 -1.0000
vn 0.0000 0.0000 -1.0000
vn 0.0000 0.0000 -1.0000
vn 0.0000 0.0000 -1.0000
vn 0.0000 0.0000 -1.0000
vn 0.0000 0.0000 -1.0000
vn 0.0000 0.0000 -1.0000
vn 0.0000 0.0000 -1.0000
vn 0.0000 0.0000 -1.0000
vn 0.0000 0.0000 -1.0000
vn 0.0000 0.0000 -1.0000
vn 0.0000 0.0000 -1.0000
vn 0.0000 0.0000 -1.0000
vn 0.0000 0.0000 -1.0000
vn 0.0000 0.0000 -1.0000
vn 0.0000 0.0000 -1.0000
vn 0.0000 0.0000 -1.0000
vn 0.0000 0.0000 -1.0000
vn 0.0000 0.0000 -1.0000
vn 0.0000 0.0000 -1.0000
vn 0.0000 0.0000 -1.0000
vn 0.0000 0.0000 -1.0000
vn 0.0000 0.0000 -1.0000
vn 0.0000 0.0000 -1.0000
vn 0.0000 0.0000 -1.0000
vn 0.0000 0.0000 -1.0000
vn 0.0000 0.0000 -1.0000
vn 0.0000 0.0000 -1.0000
vn 0.0000 0.0000 -1.0000
vn 0.0000 0.0000 -1.0000
vn 0.0000 0.0000 -1.0000
vn 0.0000 0.0000 -1.0000
vn 0.0000 0.0000 -1.0000
vn 0.0000 0.0000 -1.0000
vn 0.0000 0.0000 -1.0000
vn 0.0000 0.0000 -1.0000
vn 0.0000 0.0000 -1.0000
vn 0.0000 0.0000 -1.0000
vn 0.0000 0.0000 -1.0000
vn 0.0000 0.0000 -1.0000
vn 0.0000 0.0000 -1.0000
vn 0.0000 0.0000 -1.0000
vn 0.0000 0.0000 -1.0000
vn 0.0000 0.0000 -1.0000
vn 0.0000 0.0000 -1.0000
vn 0.0000 0.0000 -1.0000
vn 0.0000 0.0000 -1.0000
vn 0.0000 0.0000 -1.0000
vn 0.0000 0.0000 -1.0000
vn 0.0000 0.0000 -1.0000
vn 0.0000 0.0000 -1.0000
vn 0.0000 0.0000 -1.0000
vn 0.0000 0.0000 -1.0000
vn 0.0000 0.0000 -1.0000
vn 0.0000 0.0000 -1.0000
vn 0.0000 0.0000 -1.0000
vn 0.0000 0.0000 -1.0000
vn 0.0000 0.0000 -1.0000
vn 0.0000 0.0000 -1.0000
vn 0.0000 0.0000 -1.0000
vn 0.0000 0.0000 -1.0000
vn 0.0000 0.0000 -1.0000
vn 0.0000 0.0000 -1.0000
vn -0.9806 0.0967 0.1707
vn -0.9980 0.0215 -0.0603
vn -0.9572 0.0070 0.2895
vn -0.9575 0.2423 0.1563
vn -0.9221 0.1510 -0.3562
vn -0.9806 0.0967 0.1707
vn 0.0000 0.0000 -1.0000
vn 0.0000 0.0000 -1.0000
vn 0.0000 0.0000 -1.0000
vn -0.9221 0.1510 -0.3562
vn 0.0000 0.0000 -1.0000
vn 0.0000 -0.0000 -1.0000
vn -0.7804 0.1561 0.6055
vn -0.9572 0.0070 0.2895
vn -0.7075 0.0271 0.7062
vn -0.6018 -0.0118 0.7986
vn -0.5939 -0.1382 0.7926
vn -0.6514 -0.0271 0.7582
vn 0.0000 -0.0000 -1.0000
vn 0.0000 0.0000 -1.0000
vn -0.9221 0.1510 -0.3562
vn -0.8787 0.4326 0.2020
vn -0.8499 0.4928 -0.1868
vn -0.9575 0.2423 0.1563
vn -0.9575 0.2423 0.1563
vn -0.7804 0.1561 0.6055
vn -0.8787 0.4326 0.2020
vn -0.7457 0.1564 0.6476
vn -0.7804 0.1561 0.6055
vn -0.6018 -0.0118 0.7986
vn -0.7457 0.1564 0.6476
vn -0.6514 -0.0271 0.7582
vn -0.6948 0.0333 0.7185
vn -0.9471 0.2621 0.1851
vn -0.8170 0.4078 -0.4076
vn -0.8787 0.4326 0.2020
vn -0.9471 0.2621 0.1851
vn -0.7457 0.1564 0.6476
vn -0.7810 0.2446 0.5746
vn -0.7341 0.1755 0.6559
vn -0.7457 0.1564 0.6476
vn -0.6948 0.0333 0.7185
vn -0.8986 0.4020 -0.1761
vn -0.9471 0.2621 0.1851
vn -0.9052 0.3218 0.2776
vn -0.7699 0.1994 0.6062
vn -0.7810 0.2446 0.5746
vn -0.7341 0.1755 0.6559
vn 0.0000 0.0000 -1.0000
vn 0.0000 0.0000 -1.0000
vn 0.0000 0.0000 -1.0000
vn -0.6514 -0.0271 0.7582
vn -0.5939 -0.1382 0.7926
vn -0.6160 -0.1021 0.7811
vn 0.0000 0.0000 -1.0000
vn 0.0000 0.0000 -1.0000
vn 0.0000 0.0000 -1.0000
vn -0.8170 0.4078 -0.4076
vn 0.0000 0.0000 -1.0000
vn 0.0000 0.0000 -1.0000
vn -0.6948 0.0333 0.7185
vn -0.6514 -0.0271 0.7582
vn -0.6160 -0.1021 0.7811
vn -0.6593 -0.0203 0.7516
vn -0.6160 -0.1021 0.7811
vn -0.6514 -0.0673 0.7557
vn 0.0000 0.0000 -1.0000
vn 0.0000 0.0000 -1.0000
vn 0.0000 0.0000 -1.0000
vn -0.9006 0.0847 -0.4264
vn 0.0000 0.0000 -1.0000
vn -0.8170 0.4078 -0.4076
vn -0.7106 0.0275 0.7030
vn -0.6948 0.0333 0.7185
vn -0.6593 -0.0203 0.7516
vn 0.0000 0.0000 -1.0000
vn 0.0000 0.0000 -1.0000
vn -0.5735 0.3452 -0.7429
vn 0.0000 0.0000 -1.0000
vn 0.0000 0.0000 -1.0000
vn -0.9006 0.0847 -0.4264
vn -0.9173 0.3782 0.1248
vn -0.8986 0.4020 -0.1761
vn -0.9052 0.3218 0.2776
vn -0.8068 0.2701 0.5255
vn -0.9052 0.3218 0.2776
vn -0.7810 0.2446 0.5746
vn -0.7699 0.1994 0.6062
vn -0.8068 0.2701 0.5255
vn -0.7810 0.2446 0.5746
vn -0.7785 0.1195 0.6162
vn -0.7350 0.1203 0.6673
vn -0.7106 0.0275 0.7030
vn -0.7785 0.1195 0.6162
vn -0.7106 0.0275 0.7030
vn -0.7918 0.0445 0.6092
vn -0.8281 0.2861 0.4820
vn -0.9173 0.3782 0.1248
vn -0.8068 0.2701 0.5255
vn -0.8103 0.2040 0.5493
vn -0.8068 0.2701 0.5255
vn -0.7699 0.1994 0.6062
vn -0.8103 0.2040 0.5493
vn -0.7785 0.1195 0.6162
vn -0.8324 0.1356 0.5373
vn -0.9254 0.3431 0.1606
vn -0.9338 0.2469 -0.2590
vn -0.9173 0.3782 0.1248
vn -0.8419 0.2509 0.4777
vn -0.8281 0.2861 0.4820
vn -0.8103 0.2040 0.5493
vn -0.8556 0.1925 0.4805
vn -0.8103 0.2040 0.5493
vn -0.8324 0.1356 0.5373
vn -0.9058 0.4092 -0.1098
vn -0.9254 0.3431 0.1606
vn -0.8924 0.4307 0.1343
vn -0.8368 0.3339 0.4338
vn -0.9254 0.3431 0.1606
vn -0.8281 0.2861 0.4820
vn -0.5591 -0.1847 0.8082
vn -0.4907 -0.2464 0.8357
vn -0.5442 -0.1848 0.8184
vn -0.6160 -0.1021 0.7811
vn -0.5591 -0.1847 0.8082
vn -0.5442 -0.1848 0.8184
vn -0.6026 -0.1450 0.7848
vn -0.6160 -0.1021 0.7811
vn -0.5442 -0.1848 0.8184
vn -0.6514 -0.0673 0.7557
vn -0.6026 -0.1450 0.7848
vn -0.6956 -0.1217 0.7081
vn 0.0000 0.0000 -1.0000
vn 0.0000 0.0000 -1.0000
vn -0.5735 0.3452 -0.7429
vn -0.7343 -0.0442 0.6774
vn -0.7106 0.0275 0.7030
vn -0.6514 -0.0673 0.7557
vn 0.0000 0.0000 -1.0000
vn 0.0000 0.0000 -1.0000
vn 0.0000 0.0000 -1.0000
vn 0.0000 0.0000 -1.0000
vn 0.0000 0.0000 -1.0000
vn -0.5735 0.3452 -0.7429
vn -0.7986 -0.0543 0.5994
vn -0.7343 -0.0442 0.6774
vn -0.6956 -0.1217 0.7081
vn 0.0000 0.0000 -1.0000
vn 0.0000 0.0000 -1.0000
vn 0.0000 0.0000 -1.0000
vn -0.9038 0.2207 -0.3667
vn 0.0000 0.0000 -1.0000
vn 0.0000 -0.0000 -1.0000
vn -0.8419 0.2509 0.4777
vn -0.8483 0.2972 0.4382
vn -0.8281 0.2861 0.4820
vn -0.8648 0.0894 0.4941
vn -0.8324 0.1356 0.5373
vn -0.7918 0.0445 0.6092
vn -0.8648 0.0894 0.4941
vn -0.7986 -0.0543 0.5994
vn -0.8711 -0.0235 0.4906
vn 0.0000 0.0000 -1.0000
vn 0.0000 0.0000 -1.0000
vn -0.6907 0.4318 -0.5800
vn 0.0000 -0.0000 -1.0000
vn 0.0000 0.0000 -1.0000
vn -0.9038 0.2207 -0.3667
vn -0.9034 0.2019 0.3783
vn -0.8419 0.2509 0.4777
vn -0.8556 0.1925 0.4805
vn -0.9034 0.2019 0.3783
vn -0.8648 0.0894 0.4941
vn -0.9152 0.0953 0.3915
vn -0.9152 0.0953 0.3915
vn -0.8711 -0.0235 0.4906
vn -0.8918 0.0329 0.4512
vn -0.9162 0.2892 -0.2775
vn -0.8924 0.4307 0.1343
vn -0.9307 0.3471 0.1151
vn -0.8607 0.3322 0.3858
vn -0.8924 0.4307 0.1343
vn -0.8368 0.3339 0.4338
vn -0.8607 0.3322 0.3858
vn -0.8483 0.2972 0.4382
vn -0.8922 0.2655 0.3654
vn -0.8922 0.2655 0.3654
vn -0.9034 0.2019 0.3783
vn -0.9196 0.2651 0.2898
vn -0.9267 0.1859 0.3265
vn -0.9034 0.2019 0.3783
vn -0.9152 0.0953 0.3915
vn -0.9115 0.1310 0.3898
vn -0.9152 0.0953 0.3915
vn -0.8918 0.0329 0.4512
vn -0.4890 -0.2606 0.8324
vn -0.4907 -0.2464 0.8357
vn -0.4319 -0.2951 0.8523
vn -0.5551 -0.2562 0.7913
vn -0.5442 -0.1848 0.8184
vn -0.4890 -0.2606 0.8324
vn -0.6363 -0.2062 0.7434
vn -0.6026 -0.1450 0.7848
vn -0.5551 -0.2562 0.7913
vn -0.6363 -0.2062 0.7434
vn -0.5551 -0.2562 0.7913
vn -0.6198 -0.2811 0.7327
vn -0.6956 -0.1217 0.7081
vn -0.6363 -0.2062 0.7434
vn -0.7289 -0.2012 0.6544
vn -0.7289 -0.2012 0.6544
vn -0.6198 -0.2811 0.7327
vn -0.6582 -0.3098 0.6862
vn -0.7986 -0.0543 0.5994
vn -0.7289 -0.2012 0.6544
vn -0.8088 -0.1287 0.5738
vn -0.8711 -0.0235 0.4906
vn -0.8088 -0.1287 0.5738
vn -0.8475 -0.0527 0.5282
vn -0.7764 -0.1605 0.6094
vn -0.8088 -0.1287 0.5738
vn -0.7289 -0.2012 0.6544
vn 0.0000 0.0000 -1.0000
vn 0.0000 0.0000 -1.0000
vn -0.6907 0.4318 -0.5800
vn -0.8918 0.0329 0.4512
vn -0.8711 -0.0235 0.4906
vn -0.8475 -0.0527 0.5282
vn 0.0000 0.0000 -1.0000
vn 0.0000 0.0000 -1.0000
vn 0.0000 0.0000 -1.0000
vn 0.0000 -0.0000 -1.0000
vn 0.0000 0.0000 -1.0000
vn -0.6907 0.4318 -0.5800
vn -0.8954 0.0410 0.4434
vn -0.8918 0.0329 0.4512
vn -0.8475 -0.0527 0.5282
vn -0.4319 -0.2951 0.8523
vn -0.3710 -0.3639 0.8544
vn -0.4229 -0.3349 0.8420
vn -0.4708 -0.3316 0.8176
vn -0.4890 -0.2606 0.8324
vn -0.4319 -0.2951 0.8523
vn -0.5338 -0.3668 0.7619
vn -0.5551 -0.2562 0.7913
vn -0.4708 -0.3316 0.8176
vn -0.5863 -0.3641 0.7236
vn -0.6198 -0.2811 0.7327
vn -0.5338 -0.3668 0.7619
vn -0.3993 -0.4125 0.8188
vn -0.4229 -0.3349 0.8420
vn -0.3710 -0.3639 0.8544
vn -0.3053 -0.4050 0.8618
vn -0.3492 -0.3386 0.8737
vn -0.2684 -0.3692 0.8898
vn 0.0000 0.0000 -1.0000
vn 0.0000 0.0000 -1.0000
vn 0.0000 0.0000 -1.0000
vn 0.0000 0.0000 -1.0000
vn 0.0000 0.0000 -1.0000
vn 0.0000 0.0000 -1.0000
vn 0.0000 0.0000 -1.0000
vn 0.0000 0.0000 -1.0000
vn 0.0000 0.0000 -1.0000
vn 0.0000 0.0000 -1.0000
vn 0.0000 0.0000 -1.0000
vn 0.0000 0.0000 -1.0000
vn 0.0000 0.0000 -1.0000
vn 0.0000 0.0000 -1.0000
vn 0.0000 0.0000 -1.0000
vn 0.0000 0.0000 -1.0000
vn 0.0000 0.0000 -1.0000
vn 0.0000 0.0000 -1.0000
vn 0.0000 0.0000 -1.0000
vn 0.0000 0.0000 -1.0000
vn 0.0000 0.0000 -1.0000
vn 0.6510 -0.3971 0.6469
vn 0.5030 -0.4456 0.7406
vn 0.5909 -0.3560 0.7239
vn 0.0000 0.0000 -1.0000
vn 0.0000 0.0000 -1.0000
vn 0.0000 0.0000 -1.0000
vn 0.0000 0.0000 -1.0000
vn 0.0000 0.0000 -1.0000
vn 0.0000 0.0000 -1.0000
vn 0.0000 0.0000 -1.0000
vn 0.0000 0.0000 -1.0000
vn 0.0000 0.0000 -1.0000
vn 0.0000 0.0000 -1.0000
vn 0.0000 0.0000 -1.0000
vn 0.0000 0.0000 -1.0000
vn -0.7289 -0.2012 0.6544
vn -0.6582 -0.3098 0.6862
vn -0.7330 -0.2289 0.6406
vn -0.8475 -0.0527 0.5282
vn -0.7764 -0.1605 0.6094
vn -0.8303 -0.1061 0.5471
vn -0.8954 0.0410 0.4434
vn -0.8303 -0.1061 0.5471
vn -0.8860 -0.0423 0.4618
vn -0.8303 -0.1061 0.5471
vn -0.7330 -0.2289 0.6406
vn -0.7753 -0.2313 0.5877
vn -0.8486 -0.1203 0.5151
vn -0.8303 -0.1061 0.5471
vn -0.7753 -0.2313 0.5877
vn -0.8486 -0.1203 0.5151
vn -0.7753 -0.2313 0.5877
vn -0.5516 -0.1085 0.8270
vn -0.4682 -0.4092 0.7831
vn -0.3993 -0.4125 0.8188
vn -0.4258 -0.4639 0.7768
vn -0.4752 -0.4541 0.7536
vn -0.4682 -0.4092 0.7831
vn -0.4258 -0.4639 0.7768
vn -0.5236 -0.4346 0.7328
vn -0.5338 -0.3668 0.7619
vn -0.4752 -0.4541 0.7536
vn -0.5863 -0.3937 0.7080
vn -0.5863 -0.3641 0.7236
vn -0.5236 -0.4346 0.7328
vn -0.3993 -0.4125 0.8188
vn -0.3053 -0.4050 0.8618
vn -0.3067 -0.4721 0.8265
vn -0.3459 -0.4927 0.7985
vn -0.3993 -0.4125 0.8188
vn -0.3067 -0.4721 0.8265
vn -0.4258 -0.4639 0.7768
vn -0.2717 -0.5292 0.8038
vn -0.3717 -0.5118 0.7745
vn -0.4752 -0.4541 0.7536
vn -0.4258 -0.4639 0.7768
vn -0.3717 -0.5118 0.7745
vn -0.3340 -0.2881 0.8975
vn -0.5236 -0.4346 0.7328
vn -0.2372 -0.2400 0.9413
vn -0.1727 -0.4638 0.8689
vn -0.3053 -0.4050 0.8618
vn -0.1635 -0.4272 0.8892
vn -0.2288 -0.5127 0.8275
vn -0.3067 -0.4721 0.8265
vn -0.1727 -0.4638 0.8689
vn -0.2717 -0.5292 0.8038
vn -0.2288 -0.5127 0.8275
vn -0.0952 -0.5366 0.8385
vn -0.1471 -0.5660 0.8112
vn -0.2717 -0.5292 0.8038
vn -0.0952 -0.5366 0.8385
vn -0.2545 -0.5653 0.7847
vn -0.3717 -0.5118 0.7745
vn -0.1471 -0.5660 0.8112
vn -0.2372 -0.2400 0.9413
vn -0.2545 -0.5653 0.7847
vn 0.2522 0.4062 0.8783
vn -0.1727 -0.4638 0.8689
vn 0.0111 -0.4746 0.8801
vn 0.0882 -0.5046 0.8588
vn -0.0952 -0.5366 0.8385
vn 0.0882 -0.5046 0.8588
vn 0.0083 -0.5436 0.8393
vn 0.2470 -0.5522 0.7963
vn 0.0083 -0.5436 0.8393
vn 0.0882 -0.5046 0.8588
vn 0.0330 -0.5871 0.8089
vn -0.0952 -0.5366 0.8385
vn 0.0083 -0.5436 0.8393
vn 0.5967 -0.4624 0.6558
vn 0.3646 -0.4940 0.7893
vn 0.5030 -0.4456 0.7406
vn 0.0882 -0.5046 0.8588
vn 0.3646 -0.4940 0.7893
vn 0.3726 -0.5257 0.7648
vn 0.2470 -0.5522 0.7963
vn 0.3726 -0.5257 0.7648
vn 0.5317 -0.5060 0.6792
vn 0.5198 -0.5505 0.6533
vn 0.2470 -0.5522 0.7963
vn 0.5317 -0.5060 0.6792
vn 0.0330 -0.5871 0.8089
vn 0.2470 -0.5522 0.7963
vn 0.3350 -0.5978 0.7283
vn 0.1087 -0.3181 0.9418
vn 0.0330 -0.5871 0.8089
vn 0.3350 -0.5978 0.7283
vn 0.4254 -0.6419 0.6380
vn 0.1087 -0.3181 0.9418
vn 0.3350 -0.5978 0.7283
vn -0.9441 0.3266 -0.0447
vn -0.9307 0.3471 0.1151
vn -0.9168 0.3652 0.1616
vn -0.9168 0.3652 0.1616
vn -0.8607 0.3322 0.3858
vn -0.8848 0.3095 0.3483
vn -0.8848 0.3095 0.3483
vn -0.8607 0.3322 0.3858
vn -0.8922 0.2655 0.3654
vn -0.8867 0.3370 0.3166
vn -0.9168 0.3652 0.1616
vn -0.8848 0.3095 0.3483
vn 0.0000 0.0000 -1.0000
vn 0.0000 0.0000 -1.0000
vn 0.0000 0.0000 -1.0000
vn 0.0000 0.0000 -1.0000
vn 0.0000 0.0000 -1.0000
vn 0.0000 0.0000 -1.0000
vn -0.9196 0.2651 0.2898
vn -0.9178 0.2849 0.2764
vn -0.8848 0.3095 0.3483
vn -0.9330 0.1829 0.3100
vn -0.9267 0.1859 0.3265
vn -0.9115 0.1310 0.3898
vn -0.9330 0.1829 0.3100
vn -0.8954 0.0410 0.4434
vn -0.9303 0.0832 0.3572
vn 0.0000 0.0000 -1.0000
vn 0.0000 0.0000 -1.0000
vn -0.7646 0.4095 -0.4978
vn 0.0000 -0.0000 -1.0000
vn 0.0000 0.0000 -1.0000
vn 0.0000 -0.0000 -1.0000
vn -0.9196 0.3834 0.0857
vn -0.8949 0.4455 -0.0243
vn -0.9168 0.3652 0.1616
vn -0.8867 0.3370 0.3166
vn -0.9196 0.3834 0.0857
vn -0.9168 0.3652 0.1616
vn -0.8867 0.3370 0.3166
vn -0.8786 0.3183 0.3559
vn -0.9018 0.2965 0.3143
vn -0.9178 0.2849 0.2764
vn -0.9196 0.2651 0.2898
vn -0.9356 0.2566 0.2423
vn -0.9356 0.2566 0.2423
vn -0.9330 0.1829 0.3100
vn -0.9489 0.2259 0.2201
vn -0.9528 0.1521 0.2628
vn -0.9330 0.1829 0.3100
vn -0.9303 0.0832 0.3572
vn -0.9441 0.2744 -0.1826
vn -0.9196 0.3834 0.0857
vn -0.9472 0.3026 0.1059
vn -0.9018 0.2965 0.3143
vn -0.9178 0.2849 0.2764
vn -0.9189 0.2605 0.2963
vn -0.9395 0.2712 0.2092
vn -0.9178 0.2849 0.2764
vn -0.9356 0.2566 0.2423
vn -0.9327 0.3511 -0.0821
vn -0.9472 0.3026 0.1059
vn -0.9456 0.3107 0.0961
vn -0.9180 0.2774 0.2835
vn -0.9472 0.3026 0.1059
vn -0.9018 0.2965 0.3143
vn 0.0000 0.0000 -1.0000
vn 0.0000 0.0000 -1.0000
vn -0.7646 0.4095 -0.4978
vn 0.0000 0.0000 -1.0000
vn 0.0000 0.0000 -1.0000
vn 0.0000 0.0000 -1.0000
vn 0.0000 -0.0000 -1.0000
vn 0.0000 0.0000 -1.0000
vn -0.7646 0.4095 -0.4978
vn -0.9659 0.1811 0.1853
vn -0.9489 0.2259 0.2201
vn -0.9528 0.1521 0.2628
vn 0.0000 0.0000 -1.0000
vn 0.0000 0.0000 -1.0000
vn -0.7771 0.2081 -0.5939
vn 0.0000 -0.0000 -1.0000
vn 0.0000 0.0000 -1.0000
vn 0.0000 -0.0000 -1.0000
vn -0.9429 0.3242 0.0764
vn -0.9327 0.3511 -0.0821
vn -0.9456 0.3107 0.0961
vn -0.9146 0.2982 0.2732
vn -0.9189 0.2605 0.2963
vn -0.9330 0.2674 0.2409
vn -0.9613 0.2299 0.1516
vn -0.9395 0.2712 0.2092
vn -0.9489 0.2259 0.2201
vn -0.9613 0.2299 0.1516
vn -0.9659 0.1811 0.1853
vn -0.9800 0.1496 0.1311
vn 0.0000 0.0000 -1.0000
vn -0.7771 0.2081 -0.5939
vn 0.0000 0.0000 -1.0000
vn -0.9511 0.3083 0.0170
vn -0.7771 0.2081 -0.5939
vn -0.9429 0.3242 0.0764
vn -0.9245 0.3179 0.2104
vn -0.9429 0.3242 0.0764
vn -0.9180 0.2774 0.2835
vn -0.9146 0.2982 0.2732
vn -0.9180 0.2774 0.2835
vn -0.9189 0.2605 0.2963
vn -0.9424 0.3170 0.1070
vn -0.9395 0.2712 0.2092
vn -0.9613 0.2299 0.1516
vn -0.9670 0.2453 0.0685
vn -0.9613 0.2299 0.1516
vn -0.9800 0.1496 0.1311
vn -0.8594 0.3707 -0.3521
vn -0.9511 0.3083 0.0170
vn -0.9350 0.3467 0.0745
vn -0.8738 0.3781 0.3060
vn -0.9245 0.3179 0.2104
vn -0.9146 0.2982 0.2732
vn -0.9022 0.3478 0.2552
vn -0.9146 0.2982 0.2732
vn -0.9203 0.3326 0.2060
vn -0.8745 0.3955 0.2807
vn -0.9350 0.3467 0.0745
vn -0.9245 0.3179 0.2104
vn 0.0000 0.0000 -1.0000
vn 0.0000 0.0000 -1.0000
vn 0.0000 0.0000 -1.0000
vn -0.9424 0.3170 0.1070
vn -0.9010 0.3924 0.1849
vn -0.9203 0.3326 0.2060
vn -0.9366 0.3488 0.0333
vn -0.9424 0.3170 0.1070
vn -0.9670 0.2453 0.0685
vn 0.0000 0.0000 -1.0000
vn 0.0000 0.0000 -1.0000
vn 0.0000 0.0000 -1.0000
vn -0.8594 0.3707 -0.3521
vn 0.0000 0.0000 -1.0000
vn 0.0000 0.0000 -1.0000
vn -0.8847 0.3836 0.2649
vn -0.8738 0.3781 0.3060
vn -0.9022 0.3478 0.2552
vn -0.8634 0.5020 0.0502
vn -0.9082 0.4121 0.0729
vn -0.9366 0.3488 0.0333
vn 0.0000 0.0000 -1.0000
vn 0.0000 0.0000 -1.0000
vn -0.7056 0.4048 -0.5817
vn 0.0000 -0.0000 -1.0000
vn 0.0000 0.0000 -1.0000
vn -0.8594 0.3707 -0.3521
vn -0.8772 0.4765 0.0583
vn -0.8733 0.4763 -0.1027
vn -0.9350 0.3467 0.0745
vn -0.8745 0.3955 0.2807
vn -0.8772 0.4765 0.0583
vn -0.9350 0.3467 0.0745
vn -0.8599 0.4414 0.2564
vn -0.8847 0.3836 0.2649
vn -0.9010 0.3924 0.1849
vn -0.8368 0.5189 0.1745
vn -0.9010 0.3924 0.1849
vn -0.9082 0.4121 0.0729
vn -0.8368 0.5189 0.1745
vn -0.8634 0.5020 0.0502
vn -0.7746 0.6290 0.0655
vn -0.8656 0.4221 -0.2695
vn -0.8772 0.4765 0.0583
vn -0.7957 0.5953 0.1113
vn -0.8230 0.4864 0.2934
vn -0.8772 0.4765 0.0583
vn -0.8745 0.3955 0.2807
vn -0.8230 0.4864 0.2934
vn -0.8738 0.3781 0.3060
vn -0.8161 0.4971 0.2948
vn 0.0000 0.0000 -1.0000
vn 0.0000 0.0000 -1.0000
vn -0.7056 0.4048 -0.5817
vn -0.8368 0.5189 0.1745
vn -0.8083 0.5327 0.2506
vn -0.8599 0.4414 0.2564
vn -0.7124 0.6769 0.1852
vn -0.8368 0.5189 0.1745
vn -0.7746 0.6290 0.0655
vn 0.0000 0.0000 -1.0000
vn 0.0000 0.0000 -1.0000
vn 0.0000 0.0000 -1.0000
vn 0.0000 -0.0000 -1.0000
vn 0.0000 0.0000 -1.0000
vn -0.7056 0.4048 -0.5817
vn -0.7051 0.7078 -0.0430
vn -0.8656 0.4221 -0.2695
vn -0.7957 0.5953 0.1113
vn -0.7438 0.6399 0.1931
vn -0.7957 0.5953 0.1113
vn -0.8230 0.4864 0.2934
vn -0.7623 0.5733 0.3004
vn -0.8230 0.4864 0.2934
vn -0.8161 0.4971 0.2948
vn -0.8161 0.4971 0.2948
vn -0.8083 0.5327 0.2506
vn -0.7450 0.5983 0.2951
vn -0.6918 0.6697 0.2698
vn -0.7457 0.6128 0.2615
vn -0.7124 0.6769 0.1852
vn 0.0000 0.0000 -1.0000
vn 0.0000 0.0000 -1.0000
vn 0.0000 0.0000 -1.0000
vn -0.6918 0.6697 0.2698
vn -0.6407 0.7006 0.3141
vn -0.7457 0.6128 0.2615
vn 0.0000 0.0000 -1.0000
vn 0.0000 0.0000 -1.0000
vn 0.0000 0.0000 -1.0000
vn 0.0000 0.0000 -1.0000
vn 0.0000 0.0000 -1.0000
vn 0.0000 0.0000 -1.0000
vn 0.0000 0.0000 -1.0000
vn 0.0000 0.0000 -1.0000
vn 0.0000 0.0000 -1.0000
vn 0.0000 0.0000 -1.0000
vn 0.0000 0.0000 -1.0000
vn 0.0000 0.0000 -1.0000
vn 0.0000 0.0000 -1.0000
vn 0.0000 0.0000 -1.0000
vn 0.0000 0.0000 -1.0000
vn 0.0000 0.0000 -1.0000
vn 0.0000 0.0000 -1.0000
vn 0.0000 0.0000 -1.0000
vn 0.0000 0.0000 -1.0000
vn 0.0000 0.0000 -1.0000
vn 0.0000 0.0000 -1.0000
vn 0.0000 0.0000 -1.0000
vn 0.0000 0.0000 -1.0000
vn 0.0000 0.0000 -1.0000
vn -0.9082 -0.0529 0.4153
vn -0.8860 -0.0423 0.4618
vn -0.8486 -0.1203 0.5151
vn -0.9819 0.0706 0.1757
vn -0.9528 0.1521 0.2628
vn -0.9482 0.0545 0.3129
vn -0.9800 0.1496 0.1311
vn -0.9819 0.0706 0.1757
vn -0.9868 0.1565 0.0426
vn -0.9876 0.0519 0.1483
vn -0.9879 0.1525 0.0266
vn -0.9868 0.1565 0.0426
vn -0.9868 0.1565 0.0426
vn -0.9366 0.3488 0.0333
vn -0.9670 0.2453 0.0685
vn -0.9868 0.1565 0.0426
vn -0.9879 0.1525 0.0266
vn -0.9371 0.3487 0.0159
vn -0.9879 0.1525 0.0266
vn -0.3816 -0.0500 0.9230
vn -0.8233 0.1420 0.5495
vn -0.8593 0.5090 0.0498
vn -0.9366 0.3488 0.0333
vn -0.9371 0.3487 0.0159
vn -0.6785 0.4472 0.5828
vn -0.9371 0.3487 0.0159
vn -0.7164 0.3235 0.6182
vn -0.7336 0.6727 0.0963
vn -0.8634 0.5020 0.0502
vn -0.8593 0.5090 0.0498
vn -0.7336 0.6727 0.0963
vn -0.7124 0.6769 0.1852
vn -0.7746 0.6290 0.0655
vn -0.7336 0.6727 0.0963
vn -0.7022 0.7007 0.1258
vn -0.6460 0.7452 0.1654
vn -0.6658 0.7157 0.2110
vn -0.7124 0.6769 0.1852
vn -0.6460 0.7452 0.1654
vn -0.4304 0.5213 0.7369
vn -0.2779 0.3532 0.8933
vn -0.6460 0.7452 0.1654
vn -0.6658 0.7157 0.2110
vn -0.6245 0.7363 0.2606
vn -0.6918 0.6697 0.2698
vn -0.3681 0.4046 0.8371
vn -0.6658 0.7157 0.2110
vn -0.1705 0.2045 0.9639
vn -0.4704 0.6859 -0.5552
vn -0.7051 0.7078 -0.0430
vn -0.6227 0.7773 0.0896
vn -0.6227 0.7773 0.0896
vn -0.7438 0.6399 0.1931
vn -0.6803 0.6802 0.2730
vn -0.6803 0.6802 0.2730
vn -0.7438 0.6399 0.1931
vn -0.7623 0.5733 0.3004
vn -0.7214 0.6322 0.2825
vn -0.7623 0.5733 0.3004
vn -0.7450 0.5983 0.2951
vn -0.4704 0.6859 -0.5552
vn 0.0000 0.0000 -1.0000
vn 0.0000 0.0000 -1.0000
vn -0.5001 0.8569 -0.1253
vn -0.4704 0.6859 -0.5552
vn -0.6227 0.7773 0.0896
vn -0.4547 0.8800 0.1374
vn -0.6227 0.7773 0.0896
vn -0.6803 0.6802 0.2730
vn -0.7214 0.6322 0.2825
vn -0.5308 0.8117 0.2438
vn -0.6803 0.6802 0.2730
vn -0.7214 0.6322 0.2825
vn -0.7450 0.5983 0.2951
vn -0.5887 0.7431 0.3182
vn -0.2284 0.9721 0.0539
vn -0.4547 0.8800 0.1374
vn -0.2688 0.9509 0.1535
vn -0.2688 0.9509 0.1535
vn -0.5308 0.8117 0.2438
vn -0.2484 0.9490 0.1942
vn -0.3384 0.9248 0.1742
vn -0.5308 0.8117 0.2438
vn -0.5633 0.7873 0.2507
vn 0.0000 0.0000 -1.0000
vn 0.0000 0.0000 -1.0000
vn 0.0000 0.0000 -1.0000
vn 0.0000 0.0000 -1.0000
vn 0.0000 0.0000 -1.0000
vn 0.0000 0.0000 -1.0000
vn -0.5887 0.7431 0.3182
vn -0.3682 0.9013 0.2284
vn -0.5633 0.7873 0.2507
vn -0.2230 0.9235 0.3121
vn -0.5887 0.7431 0.3182
vn -0.6407 0.7006 0.3141
vn -0.6407 0.7006 0.3141
vn -0.6245 0.7363 0.2606
vn -0.4098 0.8700 0.2742
vn 0.0000 -0.0000 -1.0000
vn 0.0000 0.0000 -1.0000
vn 0.0000 -0.0000 -1.0000
vn -0.0377 0.9923 0.1176
vn -0.2284 0.9721 0.0539
vn -0.2688 0.9509 0.1535
vn -0.2484 0.9490 0.1942
vn -0.0377 0.9923 0.1176
vn -0.2688 0.9509 0.1535
vn -0.3384 0.9248 0.1742
vn -0.0544 0.9872 0.1496
vn -0.2484 0.9490 0.1942
vn -0.3384 0.9248 0.1742
vn -0.3682 0.9013 0.2284
vn -0.0027 0.9909 0.1344
vn 0.0413 0.9727 0.2282
vn -0.3682 0.9013 0.2284
vn -0.2037 0.9265 0.3164
vn 0.0000 0.0000 -1.0000
vn 0.0000 0.0000 -1.0000
vn 0.0000 0.0000 -1.0000
vn 0.0000 0.0000 -1.0000
vn 0.0000 0.0000 -1.0000
vn 0.0000 0.0000 -1.0000
vn -0.2230 0.9235 0.3121
vn 0.2516 0.9122 0.3233
vn -0.2037 0.9265 0.3164
vn 0.1465 0.9738 0.1736
vn -0.2230 0.9235 0.3121
vn -0.4098 0.8700 0.2742
vn -0.0000 0.0000 -1.0000
vn 0.0000 0.0000 -1.0000
vn -0.0000 0.0000 -1.0000
vn 0.2617 0.9646 0.0332
vn 0.5024 0.8599 0.0903
vn 0.4550 0.8399 -0.2958
vn -0.0377 0.9923 0.1176
vn 0.2617 0.9646 0.0332
vn 0.0465 0.9987 0.0219
vn 0.2875 0.9527 0.0986
vn 0.5024 0.8599 0.0903
vn 0.2261 0.9670 0.1172
vn -0.0544 0.9872 0.1496
vn 0.2261 0.9670 0.1172
vn -0.0377 0.9923 0.1176
vn 0.2875 0.9527 0.0986
vn 0.4537 0.8728 0.1801
vn 0.5953 0.7999 0.0754
vn -0.0027 0.9909 0.1344
vn 0.2875 0.9527 0.0986
vn -0.0544 0.9872 0.1496
vn 0.0413 0.9727 0.2282
vn 0.4537 0.8728 0.1801
vn -0.0027 0.9909 0.1344
vn 0.0413 0.9727 0.2282
vn -0.2037 0.9265 0.3164
vn 0.2516 0.9122 0.3233
vn -0.2870 0.9363 0.2024
vn 0.1465 0.9738 0.1736
vn -0.4098 0.8700 0.2742
vn -0.2919 0.9370 0.1920
vn 0.1321 0.9814 0.1395
vn -0.2870 0.9363 0.2024
vn 0.0000 0.0000 -1.0000
vn 0.0000 0.0000 -1.0000
vn 0.0000 0.0000 -1.0000
vn -0.0000 0.0000 -1.0000
vn 0.0000 0.0000 -1.0000
vn 0.0000 0.0000 -1.0000
vn 0.9921 0.0221 -0.1235
vn 0.9893 -0.0864 0.1180
vn 0.9900 -0.1363 -0.0352
vn 0.9957 -0.0035 0.0926
vn 0.9371 -0.1294 0.3243
vn 0.9893 -0.0864 0.1180
vn 0.9307 -0.2115 0.2983
vn 0.9371 -0.1294 0.3243
vn 0.9625 -0.1208 0.2428
vn 0.8512 -0.2804 0.4437
vn 0.8931 -0.2117 0.3968
vn 0.9307 -0.2115 0.2983
vn 0.8512 -0.2804 0.4437
vn 0.7446 -0.3316 0.5793
vn 0.8170 -0.2638 0.5128
vn 0.7124 -0.4134 0.5671
vn 0.6510 -0.3971 0.6469
vn 0.7446 -0.3316 0.5793
vn 0.0000 0.0000 -1.0000
vn 0.0000 0.0000 -1.0000
vn 0.0000 0.0000 -1.0000
vn -0.0000 0.0000 -1.0000
vn 0.0000 0.0000 -1.0000
vn 0.0000 0.0000 -1.0000
vn 0.9896 0.0162 -0.1427
vn 0.9957 -0.0035 0.0926
vn 0.9921 0.0221 -0.1235
vn 0.9978 -0.0421 0.0512
vn 0.9625 -0.1208 0.2428
vn 0.9957 -0.0035 0.0926
vn 0.9767 -0.1214 0.1771
vn 0.9307 -0.2115 0.2983
vn 0.9625 -0.1208 0.2428
vn 0.8877 -0.2849 0.3616
vn 0.9307 -0.2115 0.2983
vn 0.9591 -0.1953 0.2050
vn 0.8048 -0.3541 0.4764
vn 0.8512 -0.2804 0.4437
vn 0.8877 -0.2849 0.3616
vn 0.8048 -0.3541 0.4764
vn 0.7124 -0.4134 0.5671
vn 0.7446 -0.3316 0.5793
vn 0.0000 0.0000 -1.0000
vn 0.0000 0.0000 -1.0000
vn 0.0000 0.0000 -1.0000
vn 0.9619 -0.0212 -0.2725
vn 0.9978 -0.0421 0.0512
vn 0.9896 0.0162 -0.1427
vn 0.9987 -0.0362 0.0368
vn 0.9767 -0.1214 0.1771
vn 0.9978 -0.0421 0.0512
vn 0.9876 -0.1191 0.1027
vn 0.9591 -0.1953 0.2050
vn 0.9767 -0.1214 0.1771
vn 0.9286 -0.2470 0.2770
vn 0.9591 -0.1953 0.2050
vn 0.9698 -0.1946 0.1468
vn 0.8757 -0.3085 0.3713
vn 0.8877 -0.2849 0.3616
vn 0.9286 -0.2470 0.2770
vn 0.7922 -0.4171 0.4455
vn 0.8048 -0.3541 0.4764
vn 0.8757 -0.3085 0.3713
vn 0.0000 0.0000 -1.0000
vn 0.0000 -0.0000 -1.0000
vn 0.0000 0.0000 -1.0000
vn 0.9926 -0.0104 -0.1213
vn 0.9987 -0.0362 0.0368
vn 0.9619 -0.0212 -0.2725
vn 0.9997 -0.0233 0.0073
vn 0.9876 -0.1191 0.1027
vn 0.9987 -0.0362 0.0368
vn 0.9827 -0.1614 0.0904
vn 0.9876 -0.1191 0.1027
vn 0.9939 -0.1063 0.0281
vn 0.9478 -0.2242 0.2269
vn 0.9698 -0.1946 0.1468
vn 0.9827 -0.1614 0.0904
vn 0.9478 -0.2242 0.2269
vn 0.8757 -0.3085 0.3713
vn 0.9286 -0.2470 0.2770
vn 0.8859 -0.3409 0.3146
vn 0.7922 -0.4171 0.4455
vn 0.8757 -0.3085 0.3713
vn 0.9841 -0.0054 -0.1774
vn 0.9997 -0.0233 0.0073
vn 0.9926 -0.0104 -0.1213
vn 0.9993 -0.0321 -0.0179
vn 0.9939 -0.1063 0.0281
vn 0.9997 -0.0233 0.0073
vn 0.9875 -0.1550 0.0304
vn 0.9939 -0.1063 0.0281
vn 0.9892 -0.1414 -0.0386
vn 0.0000 0.0000 -1.0000
vn 0.0000 0.0000 -1.0000
vn 0.0000 0.0000 -1.0000
vn 0.9741 -0.2053 -0.0948
vn 0.9892 -0.1414 -0.0386
vn 0.9993 -0.0321 -0.0179
vn 0.0000 0.0000 -1.0000
vn 0.0000 0.0000 -1.0000
vn 0.0000 0.0000 -1.0000
vn 0.6948 -0.2157 -0.6861
vn 0.9741 -0.2053 -0.0948
vn 0.9841 -0.0054 -0.1774
vn 0.9921 -0.1184 -0.0421
vn 0.9741 -0.2053 -0.0948
vn 0.9597 -0.2638 -0.0972
vn 0.0000 0.0000 -1.0000
vn 0.0000 0.0000 -1.0000
vn 0.0000 0.0000 -1.0000
vn 0.0000 0.0000 -1.0000
vn 0.6948 -0.2157 -0.6861
vn 0.0000 0.0000 -1.0000
vn 0.9998 0.0180 -0.0027
vn 0.9597 -0.2638 -0.0972
vn 0.9868 0.1448 -0.0720
vn 0.9478 -0.2242 0.2269
vn 0.9702 -0.1981 0.1395
vn 0.9401 -0.2648 0.2148
vn 0.9103 -0.3352 0.2428
vn 0.8859 -0.3409 0.3146
vn 0.9401 -0.2648 0.2148
vn 0.9875 -0.1550 0.0304
vn 0.9702 -0.1981 0.1395
vn 0.9827 -0.1614 0.0904
vn 0.9576 -0.2489 0.1454
vn 0.9103 -0.3352 0.2428
vn 0.9401 -0.2648 0.2148
vn 0.9892 -0.1414 -0.0386
vn 0.9842 -0.1487 -0.0957
vn 0.9842 -0.1723 0.0401
vn 0.9892 -0.1414 -0.0386
vn 0.9822 -0.1812 0.0499
vn 0.9875 -0.1550 0.0304
vn 0.9744 -0.1967 0.1091
vn 0.9822 -0.1812 0.0499
vn 0.9842 -0.1723 0.0401
vn 0.9744 -0.1967 0.1091
vn 0.9576 -0.2489 0.1454
vn 0.9702 -0.1981 0.1395
vn 0.9330 -0.3328 0.1367
vn 0.9576 -0.2489 0.1454
vn 0.9682 -0.2429 0.0597
vn 0.9842 -0.1723 0.0401
vn 0.9842 -0.1487 -0.0957
vn 0.9915 -0.1196 -0.0508
vn 0.9778 -0.2005 0.0600
vn 0.9682 -0.2429 0.0597
vn 0.9744 -0.1967 0.1091
vn 0.9876 -0.0651 -0.1427
vn 0.9921 -0.1184 -0.0421
vn 0.9998 0.0180 -0.0027
vn 0.9915 -0.1196 -0.0508
vn 0.9778 -0.2005 0.0600
vn 0.9842 -0.1723 0.0401
vn 0.9854 -0.1697 0.0122
vn 0.9682 -0.2429 0.0597
vn 0.9778 -0.2005 0.0600
vn 0.9769 -0.2135 0.0097
vn 0.9551 -0.2961 0.0074
vn 0.9682 -0.2429 0.0597
vn 0.6756 -0.4880 0.5527
vn 0.5967 -0.4624 0.6558
vn 0.7124 -0.4134 0.5671
vn 0.7922 -0.4171 0.4455
vn 0.6756 -0.4880 0.5527
vn 0.7124 -0.4134 0.5671
vn 0.6195 -0.5685 0.5413
vn 0.5198 -0.5505 0.6533
vn 0.6756 -0.4880 0.5527
vn 0.7478 -0.4994 0.4376
vn 0.7922 -0.4171 0.4455
vn 0.8411 -0.4204 0.3404
vn 0.7478 -0.4994 0.4376
vn 0.6195 -0.5685 0.5413
vn 0.6756 -0.4880 0.5527
vn 0.4254 -0.6419 0.6380
vn 0.3995 -0.3930 0.8282
vn 0.5021 -0.6528 0.5672
vn 0.7110 -0.5519 0.4357
vn 0.7478 -0.4994 0.4376
vn 0.8095 -0.4907 0.3224
vn 0.2954 -0.2387 0.9251
vn 0.6854 -0.5958 0.4186
vn 0.7110 -0.5519 0.4357
vn 0.8791 -0.4180 0.2291
vn 0.8411 -0.4204 0.3404
vn 0.9103 -0.3352 0.2428
vn 0.9330 -0.3328 0.1367
vn 0.8791 -0.4180 0.2291
vn 0.9103 -0.3352 0.2428
vn 0.8544 -0.4748 0.2110
vn 0.8095 -0.4907 0.3224
vn 0.8791 -0.4180 0.2291
vn 0.7868 -0.5794 0.2125
vn 0.2426 -0.1987 0.9496
vn 0.8544 -0.4748 0.2110
vn 0.9081 -0.4010 0.1208
vn 0.9330 -0.3328 0.1367
vn 0.9551 -0.2961 0.0074
vn 0.9081 -0.4010 0.1208
vn 0.8544 -0.4748 0.2110
vn 0.8791 -0.4180 0.2291
vn 0.8496 -0.3731 0.3728
vn 0.9289 -0.3703 -0.0015
vn 0.5269 -0.2592 0.8094
vn 0.0000 0.0000 -1.0000
vn 0.0000 0.0000 -1.0000
vn 0.0000 0.0000 -1.0000
vn 0.8284 -0.0695 -0.5558
vn 0.0000 -0.0000 -1.0000
vn 0.6948 -0.2157 -0.6861
vn 0.9998 0.0180 -0.0027
vn 0.9868 0.1448 -0.0720
vn 0.9970 -0.0728 -0.0267
vn 0.0000 0.0000 -1.0000
vn 0.8284 -0.0695 -0.5558
vn 0.0000 0.0000 -1.0000
vn -0.0000 0.0000 -1.0000
vn 0.8284 -0.0695 -0.5558
vn 0.0000 0.0000 -1.0000
vn 0.0000 0.0000 -1.0000
vn 0.0000 0.0000 -1.0000
vn 0.0000 0.0000 -1.0000
vn 0.0000 0.0000 -1.0000
vn 0.0000 0.0000 -1.0000
vn 0.0000 0.0000 -1.0000
vn 0.0000 0.0000 -1.0000
vn 0.0000 0.0000 -1.0000
vn 0.0000 0.0000 -1.0000
vn 0.0000 0.0000 -1.0000
vn 0.0000 0.0000 -1.0000
vn 0.0000 0.0000 -1.0000
vn 0.0000 0.0000 -1.0000
vn 0.0000 0.0000 -1.0000
vn 0.0000 0.0000 -1.0000
vn -0.0000 0.0000 -1.0000
vn 0.0000 0.0000 -1.0000
vn 0.0000 0.0000 -1.0000
vn 0.0000 0.0000 -1.0000
vn 0.0000 0.0000 -1.0000
vn 0.0000 0.0000 -1.0000
vn 0.0000 0.0000 -1.0000
vn 0.0000 0.0000 -1.0000
vn 0.0000 0.0000 -1.0000
vn 0.0000 0.0000 -1.0000
vn 0.0000 0.0000 -1.0000
vn 0.0000 0.0000 -1.0000
vn 0.0000 0.0000 -1.0000
vn 0.0000 0.0000 -1.0000
vn 0.0000 0.0000 -1.0000
vn 0.0000 0.0000 -1.0000
vn 0.0000 0.0000 -1.0000
vn 0.0000 0.0000 -1.0000
vn 0.0000 0.0000 -1.0000
vn 0.0000 0.0000 -1.0000
vn 0.0000 0.0000 -1.0000
vn 0.0000 0.0000 -1.0000
vn 0.0000 0.0000 -1.0000
vn 0.0000 0.0000 -1.0000
vn 0.0000 0.0000 -1.0000
vn 0.0000 0.0000 -1.0000
vn 0.0000 0.0000 -1.0000
vn 0.9372 0.3279 -0.1191
vn 0.9717 0.2290 0.0578
vn 0.9178 0.3147 -0.2421
vn 0.9620 0.2673 0.0553
vn 0.9760 0.1814 0.1207
vn 0.9717 0.2290 0.0578
vn 0.9405 0.3178 0.1200
vn 0.9813 0.1745 0.0811
vn 0.9760 0.1814 0.1207
vn 0.9466 0.3113 0.0841
vn 0.9813 0.1745 0.0811
vn 0.9207 0.3742 0.1109
vn 0.9371 0.3468 0.0396
vn 0.9820 0.1814 0.0526
vn 0.9466 0.3113 0.0841
vn 0.9998 0.0180 -0.0027
vn 0.9854 -0.1616 -0.0535
vn 0.9876 -0.0651 -0.1427
vn 0.9942 -0.0574 -0.0904
vn 0.9854 -0.1697 0.0122
vn 0.9915 -0.1196 -0.0508
vn 0.9962 -0.0708 -0.0507
vn 0.9769 -0.2135 0.0097
vn 0.9854 -0.1697 0.0122
vn 0.9823 -0.1735 -0.0713
vn 0.9551 -0.2961 0.0074
vn 0.9769 -0.2135 0.0097
vn 0.9758 -0.1993 -0.0904
vn 0.9854 -0.1616 -0.0535
vn 0.9970 -0.0728 -0.0267
vn 0.9922 -0.0589 -0.1098
vn 0.9854 -0.1616 -0.0535
vn 0.9987 -0.0506 0.0102
vn 0.9922 -0.0589 -0.1098
vn 0.9942 -0.0574 -0.0904
vn 0.9876 -0.0651 -0.1427
vn 0.9975 -0.0060 -0.0709
vn 0.9962 -0.0708 -0.0507
vn 0.9942 -0.0574 -0.0904
vn 0.9970 0.0122 -0.0764
vn 0.9823 -0.1735 -0.0713
vn 0.9962 -0.0708 -0.0507
vn 0.9906 -0.0221 -0.1352
vn 0.9702 -0.2226 -0.0957
vn 0.9823 -0.1735 -0.0713
vn 0.9992 0.0389 0.0032
vn 0.9970 0.0122 -0.0764
vn 0.9975 -0.0060 -0.0709
vn 0.9903 0.0921 -0.1037
vn 0.9906 -0.0221 -0.1352
vn 0.9970 0.0122 -0.0764
vn 0.9783 0.0951 -0.1843
vn 0.9791 -0.0709 -0.1907
vn 0.9906 -0.0221 -0.1352
vn 0.9986 -0.0426 -0.0318
vn 0.9980 -0.0559 -0.0307
vn 0.9991 -0.0371 0.0220
vn 0.9986 -0.0426 -0.0318
vn 0.9987 -0.0506 0.0102
vn 0.9758 -0.1993 -0.0904
vn 0.9992 0.0389 0.0032
vn 0.9987 -0.0506 0.0102
vn 0.9991 -0.0371 0.0220
vn 0.9949 0.1006 0.0088
vn 0.9903 0.0921 -0.1037
vn 0.9992 0.0389 0.0032
vn 0.9737 0.1678 -0.1543
vn 0.9903 0.0921 -0.1037
vn 0.9878 0.1368 -0.0741
vn 0.9653 0.2110 -0.1538
vn 0.9783 0.0951 -0.1843
vn 0.9737 0.1678 -0.1543
vn 0.0000 0.0000 -1.0000
vn 0.0000 0.0000 -1.0000
vn 0.0000 0.0000 -1.0000
vn 0.9983 -0.0082 0.0580
vn 0.9980 -0.0559 -0.0307
vn 0.9996 -0.0029 -0.0282
vn 0.9983 -0.0082 0.0580
vn 0.9992 0.0389 0.0032
vn 0.9991 -0.0371 0.0220
vn 0.9785 0.1875 -0.0855
vn 0.9878 0.1368 -0.0741
vn 0.9949 0.1006 0.0088
vn 0.9633 0.2385 -0.1230
vn 0.9737 0.1678 -0.1543
vn 0.9785 0.1875 -0.0855
vn 0.0000 0.0000 -1.0000
vn 0.0000 -0.0000 -1.0000
vn 0.0000 0.0000 -1.0000
vn 0.9905 0.0938 0.1008
vn 0.9983 -0.0082 0.0580
vn 0.9959 0.0533 0.0732
vn 0.9714 0.2305 -0.0574
vn 0.9785 0.1875 -0.0855
vn 0.9916 0.1290 0.0109
vn -0.0000 0.0000 -1.0000
vn 0.0000 0.0000 -1.0000
vn -0.0000 0.0000 -1.0000
vn 0.9877 0.1536 0.0303
vn 0.9959 0.0533 0.0732
vn 0.9996 -0.0029 -0.0282
vn 0.9717 0.2290 0.0578
vn 0.9877 0.1536 0.0303
vn 0.9178 0.3147 -0.2421
vn 0.9895 0.1007 0.1034
vn 0.9717 0.2290 0.0578
vn 0.9760 0.1814 0.1207
vn 0.9895 0.1007 0.1034
vn 0.9760 0.1814 0.1207
vn 0.9813 0.1745 0.0811
vn 0.9898 0.1253 0.0675
vn 0.9946 0.0720 0.0747
vn 0.9895 0.1007 0.1034
vn 0.9898 0.1253 0.0675
vn 0.9895 0.1007 0.1034
vn 0.9813 0.1745 0.0811
vn 0.9820 0.1814 0.0526
vn 0.9916 0.1290 0.0109
vn 0.9898 0.1253 0.0675
vn 0.9757 0.2166 -0.0323
vn 0.9916 0.1290 0.0109
vn 0.9820 0.1814 0.0526
vn 0.9371 0.3468 0.0396
vn 0.9588 0.2839 -0.0131
vn 0.9757 0.2166 -0.0323
vn 0.8963 0.4411 0.0445
vn 0.9447 0.2890 0.1550
vn 0.9588 0.2839 -0.0131
vn 0.9702 -0.2226 -0.0957
vn 0.9289 -0.3703 -0.0015
vn 0.9551 -0.2961 0.0074
vn 0.9422 -0.3296 0.0607
vn 0.9289 -0.3703 -0.0015
vn 0.9559 -0.2669 -0.1221
vn 0.9791 -0.0709 -0.1907
vn 0.9559 -0.2669 -0.1221
vn 0.9702 -0.2226 -0.0957
vn 0.9845 -0.1183 -0.1291
vn 0.9422 -0.3296 0.0607
vn 0.9559 -0.2669 -0.1221
vn 0.9841 0.0924 -0.1519
vn 0.9791 -0.0709 -0.1907
vn 0.9783 0.0951 -0.1843
vn 0.9558 0.0923 0.2793
vn 0.9845 -0.1183 -0.1291
vn 0.9841 0.0924 -0.1519
vn 0.9589 0.2453 -0.1428
vn 0.9783 0.0951 -0.1843
vn 0.9653 0.2110 -0.1538
vn 0.9671 0.2480 -0.0563
vn 0.9841 0.0924 -0.1519
vn 0.9589 0.2453 -0.1428
vn 0.9569 0.2779 -0.0847
vn 0.9653 0.2110 -0.1538
vn 0.9633 0.2385 -0.1230
vn 0.9569 0.2779 -0.0847
vn 0.9671 0.2480 -0.0563
vn 0.9589 0.2453 -0.1428
vn 0.7705 0.2354 0.5924
vn 0.9560 0.2834 0.0761
vn 0.9671 0.2480 -0.0563
vn 0.9714 0.2305 -0.0574
vn 0.9569 0.2779 -0.0847
vn 0.9633 0.2385 -0.1230
vn 0.9447 0.2890 0.1550
vn 0.9714 0.2305 -0.0574
vn 0.9588 0.2839 -0.0131
vn 0.0000 0.0000 -1.0000
vn 0.0000 0.0000 -1.0000
vn 0.0000 0.0000 -1.0000
vn 0.0000 0.0000 -1.0000
vn 0.0000 0.0000 -1.0000
vn 0.0000 0.0000 -1.0000
vn 0.0000 -0.0000 -1.0000
vn 0.0000 0.0000 -1.0000
vn 0.0000 0.0000 -1.0000
vn 0.8435 0.5330 0.0667
vn 0.9372 0.3279 -0.1191
vn 0.7404 0.6716 -0.0264
vn 0.5024 0.8599 0.0903
vn 0.7404 0.6716 -0.0264
vn 0.4550 0.8399 -0.2958
vn 0.8435 0.5330 0.0667
vn 0.9405 0.3178 0.1200
vn 0.9620 0.2673 0.0553
vn 0.5953 0.7999 0.0754
vn 0.8435 0.5330 0.0667
vn 0.5024 0.8599 0.0903
vn 0.8443 0.5248 0.1085
vn 0.9405 0.3178 0.1200
vn 0.8324 0.5299 0.1620
vn 0.8443 0.5248 0.1085
vn 0.5953 0.7999 0.0754
vn 0.4537 0.8728 0.1801
vn 0.7390 0.6454 0.1934
vn 0.9207 0.3742 0.1109
vn 0.8443 0.5248 0.1085
vn 0.7390 0.6454 0.1934
vn 0.4537 0.8728 0.1801
vn 0.2516 0.9122 0.3233
vn 0.7365 0.6703 0.0914
vn 0.9466 0.3113 0.0841
vn 0.7390 0.6454 0.1934
vn 0.3421 0.9197 0.1926
vn 0.7390 0.6454 0.1934
vn 0.2516 0.9122 0.3233
vn 0.7365 0.6703 0.0914
vn 0.9371 0.3468 0.0396
vn 0.9466 0.3113 0.0841
vn 0.1465 0.9738 0.1736
vn 0.7365 0.6703 0.0914
vn 0.3421 0.9197 0.1926
vn 0.6617 0.7496 0.0155
vn 0.8963 0.4411 0.0445
vn 0.9371 0.3468 0.0396
vn 0.1321 0.9814 0.1395
vn 0.6617 0.7496 0.0155
vn 0.1465 0.9738 0.1736
vn 0.5705 0.7915 0.2193
vn 0.8963 0.4411 0.0445
vn 0.6132 0.7674 0.1875
vn 0.5705 0.7915 0.2193
vn 0.1321 0.9814 0.1395
vn 0.1201 0.9796 0.1608
vn 0.0000 0.0000 -1.0000
vn 0.0000 0.0000 -1.0000
vn 0.0000 0.0000 -1.0000
vn 0.0000 0.0000 -1.0000
vn 0.0000 0.0000 -1.0000
vn 0.0000 0.0000 -1.0000
vn 0.0000 0.0000 -1.0000
vn 0.0000 0.0000 -1.0000
vn 0.0000 0.0000 -1.0000
vn 0.0000 0.0000 -1.0000
vn 0.0000 0.0000 -1.0000
vn 0.0000 0.0000 -1.0000
vn 0.0000 0.0000 -1.0000
vn 0.0000 0.0000 -1.0000
vn 0.0000 0.0000 -1.0000
vn 0.0000 0.0000 -1.0000
vn 0.0000 0.0000 -1.0000
vn 0.0000 0.0000 -1.0000
vn 0.0000 0.0000 -1.0000
vn 0.0000 0.0000 -1.0000
vn 0.0000 0.0000 -1.0000
vn 0.0000 0.0000 -1.0000
vn 0.0000 0.0000 -1.0000
vn 0.0000 0.0000 -1.0000
vn 0.0000 0.0000 -1.0000
vn 0.0000 0.0000 -1.0000
vn 0.0000 0.0000 -1.0000
vn 0.0000 0.0000 -1.0000
vn 0.0000 0.0000 -1.0000
vn 0.0000 0.0000 -1.0000
vn 0.0000 0.0000 -1.0000
vn 0.0000 0.0000 -1.0000
vn 0.0000 0.0000 -1.0000
vn 0.0000 0.0000 -1.0000
vn 0.0000 0.0000 -1.0000
vn 0.0000 0.0000 -1.0000
vn 0.0000 0.0000 -1.0000
vn 0.0000 0.0000 -1.0000
vn 0.0000 0.0000 -1.0000
vn 0.0000 0.0000 -1.0000
vn 0.0000 0.0000 -1.0000
vn 0.0000 0.0000 -1.0000
vn 0.0000 0.0000 -1.0000
vn 0.0000 0.0000 -1.0000
vn 0.0000 0.0000 -1.0000
vn -0.9349 -0.1198 0.3341
vn -0.8701 -0.3733 -0.3218
vn -0.6922 -0.7217 0.0023
vn 0.0000 0.0000 -1.0000
vn 0.0000 0.0000 -1.0000
vn 0.0000 0.0000 -1.0000
vn -0.9825 -0.0222 -0.1851
vn -0.8701 -0.3733 -0.3218
vn -0.9349 -0.1198 0.3341
vn -0.9732 -0.0846 -0.2138
vn -0.9825 -0.0222 -0.1851
vn -0.9719 -0.0822 0.2207
vn -0.9839 -0.0483 -0.1722
vn -0.9732 -0.0846 -0.2138
vn -0.9457 -0.0404 0.3225
vn -0.9980 0.0215 -0.0603
vn -0.9839 -0.0483 -0.1722
vn -0.9430 -0.0167 0.3323
vn -0.8643 -0.3163 0.3910
vn -0.7935 -0.5378 -0.2848
vn -0.8009 -0.5975 0.0382
vn -0.7620 0.6382 -0.1101
vn -0.7062 -0.3377 -0.6223
vn -0.7620 0.6382 -0.1101
vn -0.7506 -0.5019 0.4298
vn -0.4994 -0.4687 0.7287
vn -0.6922 -0.7217 0.0023
vn -0.4285 -0.4779 -0.7668
vn 0.0000 0.0000 -1.0000
vn 0.0000 0.0000 -1.0000
vn -0.4285 -0.4779 -0.7668
vn -0.8701 -0.3733 -0.3218
vn 0.0000 0.0000 -1.0000
vn -0.4285 -0.4779 -0.7668
vn -0.7062 -0.3377 -0.6223
vn -0.6922 -0.7217 0.0023
vn -0.4360 -0.2746 0.8570
vn -0.9349 -0.1198 0.3341
vn -0.4994 -0.4687 0.7287
vn 0.0000 0.0000 -1.0000
vn 0.0000 0.0000 -1.0000
vn 0.0000 0.0000 -1.0000
vn -0.5187 -0.1193 0.8466
vn -0.9719 -0.0822 0.2207
vn -0.9349 -0.1198 0.3341
vn -0.5187 -0.1193 0.8466
vn -0.4360 -0.2746 0.8570
vn -0.3995 -0.1904 0.8968
vn 0.0000 0.0000 -1.0000
vn 0.0000 0.0000 -1.0000
vn 0.0000 0.0000 -1.0000
vn 0.0000 0.0000 -1.0000
vn 0.0000 0.0000 -1.0000
vn 0.0000 0.0000 -1.0000
vn -0.9457 -0.0404 0.3225
vn -0.9719 -0.0822 0.2207
vn -0.5187 -0.1193 0.8466
vn -0.5465 -0.1064 0.8307
vn -0.5187 -0.1193 0.8466
vn -0.4445 -0.1460 0.8838
vn 0.0000 0.0000 -1.0000
vn 0.0000 0.0000 -1.0000
vn 0.0000 0.0000 -1.0000
vn 0.0000 0.0000 -1.0000
vn 0.0000 0.0000 -1.0000
vn 0.0000 -0.0000 -1.0000
vn -0.9430 -0.0167 0.3323
vn -0.9457 -0.0404 0.3225
vn -0.5465 -0.1064 0.8307
vn -0.5269 -0.1299 0.8400
vn -0.5560 -0.1110 0.8238
vn -0.5465 -0.1064 0.8307
vn 0.0000 0.0000 -1.0000
vn 0.0000 0.0000 -1.0000
vn 0.0000 0.0000 -1.0000
vn 0.0000 0.0000 -1.0000
vn 0.0000 0.0000 -1.0000
vn 0.0000 0.0000 -1.0000
vn -0.7075 0.0271 0.7062
vn -0.9572 0.0070 0.2895
vn -0.9430 -0.0167 0.3323
vn -0.6018 -0.0118 0.7986
vn -0.7075 0.0271 0.7062
vn -0.5560 -0.1110 0.8238
vn -0.9633 -0.0369 -0.2657
vn -0.7024 -0.6242 -0.3421
vn -0.7294 -0.6268 0.2739
vn -0.5595 0.8014 -0.2116
vn -0.9633 -0.0369 -0.2657
vn -0.5595 0.8014 -0.2116
vn -0.3783 -0.3799 0.8441
vn -0.8643 -0.3163 0.3910
vn -0.8009 -0.5975 0.0382
vn 0.0000 0.0000 -1.0000
vn -0.7062 -0.3377 -0.6223
vn 0.0000 0.0000 -1.0000
vn 0.0000 0.0000 -1.0000
vn -0.4304 -0.3082 -0.8484
vn 0.0000 -0.0000 -1.0000
vn -0.4395 -0.2599 0.8598
vn -0.7506 -0.5019 0.4298
vn -0.8643 -0.3163 0.3910
vn -0.4395 -0.2599 0.8598
vn -0.3783 -0.3799 0.8441
vn -0.3568 -0.2389 0.9031
vn -0.4265 -0.1993 0.8823
vn -0.4360 -0.2746 0.8570
vn -0.7506 -0.5019 0.4298
vn -0.4265 -0.1993 0.8823
vn -0.4395 -0.2599 0.8598
vn -0.3020 -0.2013 0.9318
vn -0.3995 -0.1904 0.8968
vn -0.4360 -0.2746 0.8570
vn -0.4265 -0.1993 0.8823
vn -0.3715 -0.2073 0.9050
vn -0.4445 -0.1460 0.8838
vn -0.3995 -0.1904 0.8968
vn -0.3715 -0.2073 0.9050
vn -0.3350 -0.2367 0.9120
vn -0.3658 -0.2346 0.9007
vn -0.4263 -0.1842 0.8856
vn -0.4793 -0.1687 0.8613
vn -0.4445 -0.1460 0.8838
vn -0.4263 -0.1842 0.8856
vn -0.3715 -0.2073 0.9050
vn -0.4015 -0.2404 0.8838
vn -0.5197 -0.2283 0.8233
vn -0.5269 -0.1299 0.8400
vn -0.4793 -0.1687 0.8613
vn -0.5591 -0.1847 0.8082
vn -0.5939 -0.1382 0.7926
vn -0.5197 -0.2283 0.8233
vn -0.5601 -0.8069 -0.1875
vn -0.7408 -0.5738 -0.3493
vn -0.7648 -0.6062 0.2181
vn -0.7294 -0.6268 0.2739
vn -0.7024 -0.6242 -0.3421
vn -0.5601 -0.8069 -0.1875
vn -0.7122 -0.6807 -0.1717
vn -0.2583 -0.9137 -0.3136
vn -0.4167 -0.8826 0.2177
vn -0.7648 -0.6062 0.2181
vn -0.7408 -0.5738 -0.3493
vn -0.7122 -0.6807 -0.1717
vn 0.0000 0.0000 -1.0000
vn 0.0000 0.0000 -1.0000
vn -0.7408 -0.5738 -0.3493
vn -0.4261 -0.3224 0.8453
vn -0.5419 -0.6860 0.4855
vn -0.7648 -0.6062 0.2181
vn -0.4261 -0.3224 0.8453
vn -0.6620 -0.6040 0.4437
vn -0.2422 -0.1776 0.9538
vn -0.2104 -0.2757 0.9379
vn -0.5419 -0.6860 0.4855
vn -0.4261 -0.3224 0.8453
vn -0.4167 -0.8826 0.2177
vn -0.2583 -0.9137 -0.3136
vn 0.0183 -0.9533 -0.3013
vn 0.0000 0.0000 -1.0000
vn 0.0183 -0.9533 -0.3013
vn -0.2583 -0.9137 -0.3136
vn -0.1900 -0.6025 0.7752
vn -0.6620 -0.6040 0.4437
vn -0.4167 -0.8826 0.2177
vn -0.1900 -0.6025 0.7752
vn -0.1414 -0.9635 0.2271
vn -0.2965 -0.3577 0.8855
vn -0.2422 -0.1776 0.9538
vn -0.6620 -0.6040 0.4437
vn -0.1900 -0.6025 0.7752
vn 0.0000 0.0000 -1.0000
vn 0.0000 0.0000 -1.0000
vn 0.0000 0.0000 -1.0000
vn -0.2314 -0.1882 0.9545
vn -0.2422 -0.2099 0.9472
vn -0.2422 -0.1776 0.9538
vn -0.1414 -0.9635 0.2271
vn 0.0183 -0.9533 -0.3013
vn -0.2915 -0.7859 -0.5453
vn -0.2965 -0.3577 0.8855
vn -0.1414 -0.9635 0.2271
vn -0.4428 -0.8738 0.2009
vn 0.0000 0.0000 -1.0000
vn -0.2915 -0.7859 -0.5453
vn 0.0183 -0.9533 -0.3013
vn 0.0000 0.0000 -1.0000
vn 0.0000 0.0000 -1.0000
vn 0.0000 0.0000 -1.0000
vn -0.3008 -0.2076 0.9308
vn -0.2314 -0.1882 0.9545
vn -0.2965 -0.3577 0.8855
vn -0.3008 -0.2076 0.9308
vn -0.3184 -0.1181 0.9406
vn -0.2343 -0.2073 0.9498
vn -0.3141 -0.1892 0.9303
vn -0.2314 -0.1882 0.9545
vn -0.3008 -0.2076 0.9308
vn -0.4428 -0.8738 0.2009
vn -0.2915 -0.7859 -0.5453
vn -0.0732 -0.9450 -0.3187
vn -0.1565 -0.5427 0.8252
vn -0.4642 -0.2512 0.8494
vn -0.4428 -0.8738 0.2009
vn 0.0000 0.0000 -1.0000
vn -0.0732 -0.9450 -0.3187
vn -0.2915 -0.7859 -0.5453
vn -0.0004 -0.1013 0.9949
vn -0.3184 -0.1181 0.9406
vn -0.4642 -0.2512 0.8494
vn -0.2343 -0.2073 0.9498
vn -0.3184 -0.1181 0.9406
vn -0.0004 -0.1013 0.9949
vn 0.0000 0.0000 -1.0000
vn 0.0000 0.0000 -1.0000
vn 0.0000 0.0000 -1.0000
vn -0.0809 -0.2772 0.9574
vn -0.2611 -0.2140 0.9413
vn -0.2343 -0.2073 0.9498
vn 0.5006 -0.8501 0.1633
vn 0.0111 -0.9518 0.3065
vn -0.0732 -0.9450 -0.3187
vn 0.3903 -0.4174 0.8206
vn -0.1565 -0.5427 0.8252
vn 0.0111 -0.9518 0.3065
vn 0.0000 0.0000 -1.0000
vn 0.0000 0.0000 -1.0000
vn 0.3913 -0.7498 -0.5336
vn 0.6058 -0.4161 0.6782
vn 0.3779 -0.1883 0.9065
vn 0.3903 -0.4174 0.8206
vn -0.0004 -0.1013 0.9949
vn -0.1565 -0.5427 0.8252
vn 0.3903 -0.4174 0.8206
vn 0.1943 -0.3848 0.9023
vn -0.0809 -0.2772 0.9574
vn -0.0004 -0.1013 0.9949
vn 0.0000 0.0000 -1.0000
vn 0.0000 0.0000 -1.0000
vn 0.0000 0.0000 -1.0000
vn 0.3206 -0.4531 0.8318
vn 0.1256 -0.4401 0.8891
vn 0.1943 -0.3848 0.9023
vn 0.7289 -0.6750 0.1142
vn 0.5006 -0.8501 0.1633
vn 0.3913 -0.7498 -0.5336
vn 0.0000 0.0000 -1.0000
vn 0.8014 -0.4370 -0.4084
vn 0.5127 -0.7911 -0.3335
vn 0.8014 -0.4370 -0.4084
vn 0.8841 -0.4075 0.2287
vn 0.7289 -0.6750 0.1142
vn 0.6058 -0.4161 0.6782
vn 0.5006 -0.8501 0.1633
vn 0.7289 -0.6750 0.1142
vn 0.4789 -0.3576 0.8017
vn 0.3779 -0.1883 0.9065
vn 0.6058 -0.4161 0.6782
vn 0.0000 0.0000 -1.0000
vn 0.8854 -0.3104 -0.3461
vn 0.8014 -0.4370 -0.4084
vn 0.8854 -0.3104 -0.3461
vn 0.8724 -0.3515 0.3396
vn 0.8841 -0.4075 0.2287
vn 0.8724 -0.3515 0.3396
vn 0.5619 -0.4036 0.7220
vn 0.4789 -0.3576 0.8017
vn 0.3206 -0.4531 0.8318
vn 0.3779 -0.1883 0.9065
vn 0.4789 -0.3576 0.8017
vn 0.9682 -0.2391 0.0737
vn 0.8724 -0.3515 0.3396
vn 0.8854 -0.3104 -0.3461
vn 0.0000 0.0000 -1.0000
vn 0.0000 -0.0000 -1.0000
vn -0.7024 -0.6242 -0.3421
vn -0.4626 -0.2290 0.8565
vn -0.7303 -0.4389 0.5234
vn -0.7294 -0.6268 0.2739
vn -0.4626 -0.2290 0.8565
vn -0.5419 -0.6860 0.4855
vn -0.2104 -0.2757 0.9379
vn -0.4304 -0.3082 -0.8484
vn 0.0000 0.0000 -1.0000
vn 0.0000 0.0000 -1.0000
vn -0.4851 -0.2302 0.8436
vn -0.3783 -0.3799 0.8441
vn -0.7303 -0.4389 0.5234
vn -0.4851 -0.2302 0.8436
vn -0.4626 -0.2290 0.8565
vn -0.2807 -0.2616 0.9234
vn -0.3568 -0.2389 0.9031
vn -0.3783 -0.3799 0.8441
vn -0.4851 -0.2302 0.8436
vn 0.0000 0.0000 -1.0000
vn 0.0000 0.0000 -1.0000
vn 0.0000 0.0000 -1.0000
vn 0.0000 0.0000 -1.0000
vn 0.0000 0.0000 -1.0000
vn 0.0000 0.0000 -1.0000
vn -0.3843 -0.1833 0.9048
vn -0.3020 -0.2013 0.9318
vn -0.3568 -0.2389 0.9031
vn -0.3843 -0.1833 0.9048
vn -0.3202 -0.2112 0.9235
vn -0.2445 -0.2284 0.9424
vn 0.0000 0.0000 -1.0000
vn 0.0000 0.0000 -1.0000
vn 0.0000 0.0000 -1.0000
vn -0.3658 -0.2346 0.9007
vn -0.3350 -0.2367 0.9120
vn -0.3020 -0.2013 0.9318
vn -0.3658 -0.2346 0.9007
vn -0.3843 -0.1833 0.9048
vn -0.3495 -0.2464 0.9040
vn -0.4056 -0.2657 0.8746
vn -0.4015 -0.2404 0.8838
vn -0.3658 -0.2346 0.9007
vn -0.4438 -0.2864 0.8491
vn -0.4655 -0.2556 0.8473
vn -0.4015 -0.2404 0.8838
vn -0.4438 -0.2864 0.8491
vn -0.4056 -0.2657 0.8746
vn -0.4124 -0.3165 0.8543
vn -0.4565 -0.2906 0.8409
vn -0.5197 -0.2283 0.8233
vn -0.4655 -0.2556 0.8473
vn -0.4907 -0.2464 0.8357
vn -0.5591 -0.1847 0.8082
vn -0.5197 -0.2283 0.8233
vn 0.0000 0.0000 -1.0000
vn 0.0000 0.0000 -1.0000
vn 0.0000 0.0000 -1.0000
vn -0.1872 -0.2629 0.9465
vn -0.2807 -0.2616 0.9234
vn -0.2104 -0.2757 0.9379
vn 0.0000 0.0000 -1.0000
vn 0.0000 0.0000 -1.0000
vn 0.0000 0.0000 -1.0000
vn -0.1872 -0.2629 0.9465
vn -0.3202 -0.2112 0.9235
vn -0.2807 -0.2616 0.9234
vn -0.2445 -0.2284 0.9424
vn -0.3202 -0.2112 0.9235
vn -0.1872 -0.2629 0.9465
vn 0.0000 0.0000 -1.0000
vn 0.0000 0.0000 -1.0000
vn 0.0000 0.0000 -1.0000
vn -0.2361 -0.2840 0.9293
vn -0.3495 -0.2464 0.9040
vn -0.2445 -0.2284 0.9424
vn 0.0000 0.0000 -1.0000
vn 0.0000 0.0000 -1.0000
vn 0.0000 0.0000 -1.0000
vn -0.3355 -0.2942 0.8949
vn -0.4056 -0.2657 0.8746
vn -0.3495 -0.2464 0.9040
vn -0.3355 -0.2942 0.8949
vn -0.2361 -0.2840 0.9293
vn -0.2485 -0.3277 0.9115
vn -0.4124 -0.3165 0.8543
vn -0.4056 -0.2657 0.8746
vn -0.3355 -0.2942 0.8949
vn -0.4565 -0.2906 0.8409
vn -0.4124 -0.3165 0.8543
vn -0.3974 -0.3288 0.8567
vn -0.4319 -0.2951 0.8523
vn -0.4907 -0.2464 0.8357
vn -0.4565 -0.2906 0.8409
vn 0.0000 0.0000 -1.0000
vn 0.0000 0.0000 -1.0000
vn 0.0000 0.0000 -1.0000
vn -0.2457 -0.2455 0.9378
vn -0.1872 -0.2629 0.9465
vn -0.2422 -0.2099 0.9472
vn -0.2457 -0.2455 0.9378
vn -0.2314 -0.1882 0.9545
vn -0.3141 -0.1892 0.9303
vn -0.2279 -0.2904 0.9294
vn -0.1872 -0.2629 0.9465
vn -0.2457 -0.2455 0.9378
vn 0.0000 0.0000 -1.0000
vn 0.0000 0.0000 -1.0000
vn 0.0000 0.0000 -1.0000
vn 0.0000 0.0000 -1.0000
vn 0.0000 0.0000 -1.0000
vn 0.0000 0.0000 -1.0000
vn -0.2485 -0.3277 0.9115
vn -0.2361 -0.2840 0.9293
vn -0.2279 -0.2904 0.9294
vn 0.0000 0.0000 -1.0000
vn 0.0000 0.0000 -1.0000
vn 0.0000 0.0000 -1.0000
vn 0.0000 0.0000 -1.0000
vn 0.0000 0.0000 -1.0000
vn 0.0000 0.0000 -1.0000
vn -0.2838 -0.3906 0.8757
vn -0.3477 -0.3590 0.8662
vn -0.2485 -0.3277 0.9115
vn -0.2838 -0.3906 0.8757
vn -0.2833 -0.3290 0.9008
vn -0.3188 -0.4185 0.8504
vn -0.3290 -0.4189 0.8464
vn -0.3974 -0.3288 0.8567
vn -0.3477 -0.3590 0.8662
vn -0.3974 -0.3288 0.8567
vn -0.3290 -0.4189 0.8464
vn -0.3334 -0.3621 0.8705
vn -0.4319 -0.2951 0.8523
vn -0.4565 -0.2906 0.8409
vn -0.3974 -0.3288 0.8567
vn 0.0000 0.0000 -1.0000
vn 0.0000 0.0000 -1.0000
vn 0.0000 0.0000 -1.0000
vn -0.3026 -0.2380 0.9229
vn -0.2457 -0.2455 0.9378
vn -0.3141 -0.1892 0.9303
vn 0.0000 0.0000 -1.0000
vn 0.0000 0.0000 -1.0000
vn 0.0000 0.0000 -1.0000
vn -0.3358 -0.2908 0.8959
vn -0.2279 -0.2904 0.9294
vn -0.2457 -0.2455 0.9378
vn -0.3358 -0.2908 0.8959
vn -0.3026 -0.2380 0.9229
vn -0.3722 -0.2975 0.8792
vn 0.0000 0.0000 -1.0000
vn 0.0000 0.0000 -1.0000
vn 0.0000 0.0000 -1.0000
vn -0.3709 -0.2899 0.8822
vn -0.2833 -0.3290 0.9008
vn -0.3358 -0.2908 0.8959
vn 0.0000 0.0000 -1.0000
vn 0.0000 0.0000 -1.0000
vn 0.0000 0.0000 -1.0000
vn -0.3188 -0.4185 0.8504
vn -0.2833 -0.3290 0.9008
vn -0.3441 -0.3531 0.8700
vn 0.0000 0.0000 -1.0000
vn 0.0000 0.0000 -1.0000
vn 0.0000 0.0000 -1.0000
vn -0.3334 -0.3621 0.8705
vn -0.3290 -0.4189 0.8464
vn -0.2910 -0.4141 0.8625
vn -0.3492 -0.3386 0.8737
vn -0.3334 -0.3621 0.8705
vn -0.2862 -0.3530 0.8908
vn -0.3710 -0.3639 0.8544
vn -0.4319 -0.2951 0.8523
vn -0.3492 -0.3386 0.8737
vn 0.0000 0.0000 -1.0000
vn 0.0000 0.0000 -1.0000
vn 0.0000 0.0000 -1.0000
vn -0.2398 -0.3457 0.9072
vn -0.3026 -0.2380 0.9229
vn -0.2611 -0.2140 0.9413
vn -0.3722 -0.2975 0.8792
vn -0.3026 -0.2380 0.9229
vn -0.2398 -0.3457 0.9072
vn 0.0000 0.0000 -1.0000
vn 0.0000 0.0000 -1.0000
vn 0.0000 0.0000 -1.0000
vn -0.3203 -0.3238 0.8903
vn -0.3358 -0.2908 0.8959
vn -0.3722 -0.2975 0.8792
vn 0.0000 0.0000 -1.0000
vn 0.0000 0.0000 -1.0000
vn 0.0000 0.0000 -1.0000
vn -0.3616 -0.3003 0.8826
vn -0.3709 -0.2899 0.8822
vn -0.3358 -0.2908 0.8959
vn 0.0000 0.0000 -1.0000
vn 0.0000 0.0000 -1.0000
vn 0.0000 0.0000 -1.0000
vn -0.3141 -0.2971 0.9017
vn -0.3364 -0.3924 0.8561
vn -0.3709 -0.2899 0.8822
vn 0.0000 0.0000 -1.0000
vn 0.0000 0.0000 -1.0000
vn 0.0000 0.0000 -1.0000
vn -0.3364 -0.3924 0.8561
vn -0.3141 -0.2971 0.9017
vn -0.2200 -0.3977 0.8907
vn -0.2910 -0.4141 0.8625
vn -0.3188 -0.4185 0.8504
vn -0.3364 -0.3924 0.8561
vn 0.0000 0.0000 -1.0000
vn 0.0000 0.0000 -1.0000
vn 0.0000 0.0000 -1.0000
vn -0.2862 -0.3530 0.8908
vn -0.2910 -0.4141 0.8625
vn -0.2028 -0.3822 0.9016
vn -0.2684 -0.3692 0.8898
vn -0.3492 -0.3386 0.8737
vn -0.2862 -0.3530 0.8908
vn 0.0000 0.0000 -1.0000
vn 0.0000 0.0000 -1.0000
vn 0.0000 0.0000 -1.0000
vn 0.1192 -0.4987 0.8586
vn -0.2398 -0.3457 0.9072
vn -0.0809 -0.2772 0.9574
vn -0.2414 -0.4037 0.8825
vn -0.2398 -0.3457 0.9072
vn 0.1192 -0.4987 0.8586
vn 0.0000 0.0000 -1.0000
vn 0.0000 0.0000 -1.0000
vn 0.0000 0.0000 -1.0000
vn -0.3203 -0.3238 0.8903
vn -0.2414 -0.4037 0.8825
vn -0.1290 -0.3897 0.9119
vn -0.3616 -0.3003 0.8826
vn -0.3203 -0.3238 0.8903
vn -0.0889 -0.4030 0.9109
vn 0.0000 0.0000 -1.0000
vn 0.0000 0.0000 -1.0000
vn 0.0000 0.0000 -1.0000
vn -0.1565 -0.2733 0.9491
vn -0.3141 -0.2971 0.9017
vn -0.3616 -0.3003 0.8826
vn 0.0000 0.0000 -1.0000
vn 0.0000 0.0000 -1.0000
vn 0.0000 0.0000 -1.0000
vn -0.2200 -0.3977 0.8907
vn -0.3141 -0.2971 0.9017
vn -0.1311 -0.3139 0.9404
vn 0.0000 0.0000 -1.0000
vn 0.0000 0.0000 -1.0000
vn 0.0000 0.0000 -1.0000
vn -0.0506 -0.4206 0.9058
vn -0.2910 -0.4141 0.8625
vn -0.2200 -0.3977 0.8907
vn -0.2028 -0.3822 0.9016
vn -0.2910 -0.4141 0.8625
vn -0.0506 -0.4206 0.9058
vn -0.0701 -0.3733 0.9251
vn -0.2684 -0.3692 0.8898
vn -0.2028 -0.3822 0.9016
vn 0.0000 0.0000 -1.0000
vn 0.0000 0.0000 -1.0000
vn 0.0000 0.0000 -1.0000
vn 0.0000 0.0000 -1.0000
vn 0.8854 -0.3104 -0.3461
vn 0.0000 0.0000 -1.0000
vn 0.8288 -0.2830 0.4828
vn 0.6132 -0.3667 0.6996
vn 0.5619 -0.4036 0.7220
vn 0.6132 -0.3667 0.6996
vn 0.4417 -0.4423 0.7806
vn 0.3206 -0.4531 0.8318
vn 0.1192 -0.4987 0.8586
vn 0.1256 -0.4401 0.8891
vn 0.3206 -0.4531 0.8318
vn 0.3448 -0.4739 0.8103
vn -0.1290 -0.3897 0.9119
vn 0.1192 -0.4987 0.8586
vn 0.0000 0.0000 -1.0000
vn 0.0000 0.0000 -1.0000
vn 0.0000 0.0000 -1.0000
vn 0.6489 -0.3655 0.6674
vn 0.5607 -0.4096 0.7196
vn 0.4417 -0.4423 0.7806
vn 0.5607 -0.4096 0.7196
vn 0.3973 -0.4063 0.8228
vn 0.3448 -0.4739 0.8103
vn -0.0889 -0.4030 0.9109
vn -0.1290 -0.3897 0.9119
vn 0.3448 -0.4739 0.8103
vn 0.0000 0.0000 -1.0000
vn 0.0000 0.0000 -1.0000
vn 0.0000 0.0000 -1.0000
vn 0.5607 -0.4096 0.7196
vn 0.4595 -0.4021 0.7919
vn 0.3973 -0.4063 0.8228
vn 0.2183 -0.3893 0.8949
vn -0.0889 -0.4030 0.9109
vn 0.3973 -0.4063 0.8228
vn 0.1854 -0.3208 0.9288
vn -0.1565 -0.2733 0.9491
vn 0.2183 -0.3893 0.8949
vn 0.0000 0.0000 -1.0000
vn 0.0000 0.0000 -1.0000
vn 0.0000 0.0000 -1.0000
vn -0.1311 -0.3139 0.9404
vn -0.1565 -0.2733 0.9491
vn 0.1854 -0.3208 0.9288
vn 0.0670 -0.3405 0.9379
vn -0.0500 -0.3752 0.9256
vn -0.1311 -0.3139 0.9404
vn 0.0000 0.0000 -1.0000
vn 0.0000 0.0000 -1.0000
vn 0.0000 0.0000 -1.0000
vn 0.3130 -0.2982 0.9017
vn 0.1580 -0.3378 0.9278
vn 0.0670 -0.3405 0.9379
vn 0.0000 0.0000 -1.0000
vn 0.0000 0.0000 -1.0000
vn 0.0000 0.0000 -1.0000
vn 0.4711 -0.2650 0.8414
vn 0.2823 -0.3663 0.8866
vn 0.1580 -0.3378 0.9278
vn -0.0506 -0.4206 0.9058
vn -0.0500 -0.3752 0.9256
vn 0.1580 -0.3378 0.9278
vn 0.1745 -0.4230 0.8892
vn -0.2028 -0.3822 0.9016
vn -0.0506 -0.4206 0.9058
vn 0.0000 0.0000 -1.0000
vn 0.0000 0.0000 -1.0000
vn 0.0000 0.0000 -1.0000
vn 0.4313 -0.3702 0.8228
vn 0.2584 -0.4020 0.8784
vn 0.1745 -0.4230 0.8892
vn -0.0701 -0.3733 0.9251
vn -0.2028 -0.3822 0.9016
vn 0.1745 -0.4230 0.8892
vn 0.0000 0.0000 -1.0000
vn 0.0000 0.0000 -1.0000
vn 0.0000 0.0000 -1.0000
vn 0.1945 -0.4533 0.8699
vn -0.1635 -0.4272 0.8892
vn -0.0701 -0.3733 0.9251
vn 0.0000 0.0000 -1.0000
vn 0.0000 0.0000 -1.0000
vn 0.9205 -0.1338 -0.3670
vn 0.9797 -0.0440 -0.1956
vn 0.9767 -0.1486 0.1551
vn 0.9682 -0.2391 0.0737
vn 0.8288 -0.2830 0.4828
vn 0.8724 -0.3515 0.3396
vn 0.9682 -0.2391 0.0737
vn 0.8570 -0.2903 0.4257
vn 0.6132 -0.3667 0.6996
vn 0.8288 -0.2830 0.4828
vn 0.8444 -0.1103 -0.5242
vn 0.0000 -0.0000 -1.0000
vn 0.0000 0.0000 -1.0000
vn 0.9818 -0.1801 0.0595
vn 0.9767 -0.1486 0.1551
vn 0.9797 -0.0440 -0.1956
vn 0.6489 -0.3655 0.6674
vn 0.6132 -0.3667 0.6996
vn 0.8570 -0.2903 0.4257
vn 0.7540 -0.3485 0.5568
vn 0.5607 -0.4096 0.7196
vn 0.6489 -0.3655 0.6674
vn 0.0000 0.0000 -1.0000
vn 0.6878 -0.3289 -0.6472
vn 0.8444 -0.1103 -0.5242
vn 0.9300 -0.3676 0.0047
vn 0.9818 -0.1801 0.0595
vn 0.8444 -0.1103 -0.5242
vn 0.8597 -0.3425 0.3790
vn 0.8570 -0.2903 0.4257
vn 0.9818 -0.1801 0.0595
vn 0.8597 -0.3425 0.3790
vn 0.6936 -0.3841 0.6094
vn 0.7540 -0.3485 0.5568
vn 0.6055 -0.3771 0.7009
vn 0.4595 -0.4021 0.7919
vn 0.5607 -0.4096 0.7196
vn 0.0000 0.0000 -1.0000
vn 0.7973 -0.2833 -0.5330
vn 0.6878 -0.3289 -0.6472
vn 0.7973 -0.2833 -0.5330
vn 0.9647 -0.2624 0.0218
vn 0.9300 -0.3676 0.0047
vn 0.9076 -0.2963 0.2974
vn 0.8597 -0.3425 0.3790
vn 0.9300 -0.3676 0.0047
vn 0.7825 -0.3151 0.5370
vn 0.6936 -0.3841 0.6094
vn 0.8597 -0.3425 0.3790
vn 0.7825 -0.3151 0.5370
vn 0.6445 -0.2761 0.7130
vn 0.6055 -0.3771 0.7009
vn 0.5251 -0.3454 0.7778
vn 0.4595 -0.4021 0.7919
vn 0.6055 -0.3771 0.7009
vn 0.6071 -0.2707 0.7471
vn 0.1854 -0.3208 0.9288
vn 0.5251 -0.3454 0.7778
vn 0.0000 0.0000 -1.0000
vn 0.6411 -0.2057 -0.7394
vn 0.7973 -0.2833 -0.5330
vn 0.9647 -0.2624 0.0218
vn 0.9269 -0.2194 0.3045
vn 0.9076 -0.2963 0.2974
vn 0.9269 -0.2194 0.3045
vn 0.8386 -0.1317 0.5286
vn 0.7825 -0.3151 0.5370
vn 0.7059 -0.1990 0.6798
vn 0.6445 -0.2761 0.7130
vn 0.7825 -0.3151 0.5370
vn 0.3130 -0.2982 0.9017
vn 0.1854 -0.3208 0.9288
vn 0.6071 -0.2707 0.7471
vn 0.0000 0.0000 -1.0000
vn 0.6411 -0.2057 -0.7394
vn 0.0000 0.0000 -1.0000
vn 0.8065 -0.1056 0.5818
vn 0.7802 -0.2418 0.5769
vn 0.7059 -0.1990 0.6798
vn 0.6790 -0.2602 0.6865
vn 0.6071 -0.2707 0.7471
vn 0.7059 -0.1990 0.6798
vn 0.4711 -0.2650 0.8414
vn 0.3130 -0.2982 0.9017
vn 0.6071 -0.2707 0.7471
vn 0.5395 -0.3131 0.7816
vn 0.2823 -0.3663 0.8866
vn 0.4711 -0.2650 0.8414
vn 0.0000 0.0000 -1.0000
vn 0.0000 0.0000 -1.0000
vn 0.0000 0.0000 -1.0000
vn 0.7802 -0.2418 0.5769
vn 0.6959 -0.3024 0.6513
vn 0.6790 -0.2602 0.6865
vn 0.6959 -0.3024 0.6513
vn 0.5909 -0.3560 0.7239
vn 0.5395 -0.3131 0.7816
vn 0.4313 -0.3702 0.8228
vn 0.2823 -0.3663 0.8866
vn 0.5395 -0.3131 0.7816
vn 0.4475 -0.3985 0.8006
vn 0.2584 -0.4020 0.8784
vn 0.4313 -0.3702 0.8228
vn 0.0000 0.0000 -1.0000
vn 0.0000 0.0000 -1.0000
vn 0.0000 0.0000 -1.0000
vn 0.5909 -0.3560 0.7239
vn 0.5030 -0.4456 0.7406
vn 0.4475 -0.3985 0.8006
vn 0.1945 -0.4533 0.8699
vn 0.2584 -0.4020 0.8784
vn 0.4475 -0.3985 0.8006
vn -0.3053 -0.4050 0.8618
vn -0.2684 -0.3692 0.8898
vn -0.1635 -0.4272 0.8892
vn 0.3646 -0.4940 0.7893
vn 0.0111 -0.4746 0.8801
vn 0.1945 -0.4533 0.8699
vn 0.9647 -0.2624 0.0218
vn 0.6411 -0.2057 -0.7394
vn 0.9644 -0.1890 -0.1849
vn 0.9269 -0.2194 0.3045
vn 0.9647 -0.2624 0.0218
vn 0.9866 -0.1347 0.0926
vn 0.9074 -0.0950 0.4093
vn 0.8386 -0.1317 0.5286
vn 0.9269 -0.2194 0.3045
vn 0.0000 0.0000 -1.0000
vn 0.0000 0.0000 -1.0000
vn 0.0000 0.0000 -1.0000
vn 0.9963 -0.0799 0.0307
vn 0.9866 -0.1347 0.0926
vn 0.9644 -0.1890 -0.1849
vn 0.8065 -0.1056 0.5818
vn 0.8386 -0.1317 0.5286
vn 0.9074 -0.0950 0.4093
vn 0.8471 -0.1934 0.4950
vn 0.7802 -0.2418 0.5769
vn 0.8065 -0.1056 0.5818
vn 0.7391 -0.1529 -0.6561
vn 0.0000 -0.0000 -1.0000
vn 0.0000 0.0000 -1.0000
vn 0.9958 -0.0832 0.0374
vn 0.9963 -0.0799 0.0307
vn 0.9731 0.0025 -0.2304
vn 0.9958 -0.0832 0.0374
vn 0.9705 -0.0796 0.2276
vn 0.9584 -0.1016 0.2668
vn 0.9705 -0.0796 0.2276
vn 0.9067 -0.1303 0.4010
vn 0.9074 -0.0950 0.4093
vn 0.8170 -0.2638 0.5128
vn 0.6959 -0.3024 0.6513
vn 0.7802 -0.2418 0.5769
vn 0.0000 0.0000 -1.0000
vn 0.7391 -0.1529 -0.6561
vn 0.0000 0.0000 -1.0000
vn 0.9900 -0.1363 -0.0352
vn 0.9958 -0.0832 0.0374
vn 0.7391 -0.1529 -0.6561
vn 0.9900 -0.1363 -0.0352
vn 0.9893 -0.0864 0.1180
vn 0.9705 -0.0796 0.2276
vn 0.9371 -0.1294 0.3243
vn 0.9067 -0.1303 0.4010
vn 0.9705 -0.0796 0.2276
vn 0.8931 -0.2117 0.3968
vn 0.8471 -0.1934 0.4950
vn 0.9067 -0.1303 0.4010
vn 0.7446 -0.3316 0.5793
vn 0.5909 -0.3560 0.7239
vn 0.6959 -0.3024 0.6513
vn 0.0000 0.0000 -1.0000
vn 0.0000 0.0000 -1.0000
vn 0.0000 0.0000 -1.0000
vn 0.0000 0.0000 -1.0000
vn 0.0000 0.0000 -1.0000
vn 0.0000 0.0000 -1.0000
vn 0.0000 0.0000 -1.0000
vn 0.0000 0.0000 -1.0000
vn 0.0000 0.0000 -1.0000
vn 0.0000 0.0000 -1.0000
vn 0.0000 0.0000 -1.0000
vn 0.0000 0.0000 -1.0000
vn 0.0000 0.0000 -1.0000
vn 0.0000 0.0000 -1.0000
vn 0.0000 0.0000 -1.0000
vn 0.0000 0.0000 -1.0000
vn 0.0000 0.0000 -1.0000
vn 0.0000 0.0000 -1.0000
vn 0.0000 0.0000 -1.0000
vn 0.0000 0.0000 -1.0000
vn 0.0000 0.0000 -1.0000
vn 0.0000 0.0000 -1.0000
vn 0.0000 0.0000 -1.0000
vn 0.0000 0.0000 -1.0000
vn 0.0000 0.0000 -1.0000
vn 0.0000 0.0000 -1.0000
vn 0.0000 0.0000 -1.0000
vn 0.0000 0.0000 -1.0000
vn 0.0000 0.0000 -1.0000
vn 0.0000 0.0000 -1.0000
vn 0.0000 0.0000 -1.0000
vn 0.0000 0.0000 -1.0000
vn 0.0000 0.0000 -1.0000
vn 0.0000 0.0000 -1.0000
vn 0.0000 0.0000 -1.0000
vn 0.0000 0.0000 -1.0000
vn 0.0000 0.0000 -1.0000
vn 0.0000 0.0000 -1.0000
vn 0.0000 0.0000 -1.0000
vn 0.0000 0.0000 -1.0000
vn 0.0000 0.0000 -1.0000
vn 0.0000 0.0000 -1.0000
vn 0.0000 0.0000 -1.0000
vn 0.0000 0.0000 -1.0000
vn 0.0000 0.0000 -1.0000
vn 0.0000 0.0000 -1.0000
vn 0.0000 0.0000 -1.0000
vn 0.0000 0.0000 -1.0000
vn 0.0000 0.0000 -1.0000
vn 0.0000 0.0000 -1.0000
vn 0.0000 0.0000 -1.0000
vn 0.0000 0.0000 -1.0000
vn 0.0000 0.0000 -1.0000
vn 0.0000 0.0000 -1.0000
vn 0.0000 0.0000 -1.0000
vn 0.0000 0.0000 -1.0000
vn 0.0000 0.0000 -1.0000
vn 0.0000 0.0000 -1.0000
vn 0.0000 0.0000 -1.0000
vn 0.0000 0.0000 -1.0000
vn 0.0000 0.0000 -1.0000
vn 0.0000 0.0000 -1.0000
vn 0.0000 0.0000 -1.0000
vn 0.0000 0.0000 -1.0000
vn 0.0000 0.0000 -1.0000
vn 0.0000 0.0000 -1.0000
vn 0.0000 0.0000 -1.0000
vn 0.0000 0.0000 -1.0000
vn 0.0000 0.0000 -1.0000
vn 0.0000 0.0000 -1.0000
vn 0.0000 0.0000 -1.0000
vn 0.0000 0.0000 -1.0000
vn 0.0000 0.0000 -1.0000
vn 0.0000 0.0000 -1.0000
vn 0.0000 0.0000 -1.0000
vn 0.0000 0.0000 -1.0000
vn 0.0000 0.0000 -1.0000
vn 0.0000 0.0000 -1.0000
vn 0.0000 0.0000 -1.0000
vn 0.0000 0.0000 -1.0000
vn 0.0000 0.0000 -1.0000
vn 0.0000 0.0000 -1.0000
vn 0.0000 0.0000 -1.0000
vn 0.0000 0.0000 -1.0000
vn 0.0000 0.0000 -1.0000
vn 0.0000 0.0000 -1.0000
vn 0.0000 0.0000 -1.0000
vn 0.0000 0.0000 -1.0000
vn 0.0000 0.0000 -1.0000
vn 0.0000 0.0000 -1.0000
vn 0.0000 0.0000 -1.0000
vn 0.0000 0.0000 -1.0000
vn 0.0000 0.0000 -1.0000
vn 0.0000 0.0000 -1.0000
vn 0.0000 0.0000 -1.0000
vn 0.0000 0.0000 -1.0000
vn 0.0000 0.0000 -1.0000
vn 0.0000 0.0000 -1.0000
vn 0.0000 0.0000 -1.0000
vn 0.0000 0.0000 -1.0000
vn 0.0000 0.0000 -1.0000
vn 0.0000 0.0000 -1.0000
vn 0.0000 0.0000 -1.0000
vn 0.0000 0.0000 -1.0000
vn 0.0000 0.0000 -1.0000
vn 0.0000 0.0000 -1.0000
vn 0.0000 0.0000 -1.0000
vn 0.0000 0.0000 -1.0000
vn 0.0000 0.0000 -1.0000
vn 0.0000 0.0000 -1.0000
vn 0.0000 0.0000 -1.0000
vn 0.0000 0.0000 -1.0000
vn 0.0000 0.0000 -1.0000
vn 0.0000 0.0000 -1.0000
vn 0.0000 0.0000 -1.0000
vn 0.0000 0.0000 -1.0000
vn 0.0000 0.0000 -1.0000
vn 0.0000 0.0000 -1.0000
vn 0.0000 0.0000 -1.0000
vn 0.0000 0.0000 -1.0000
vn 0.0000 0.0000 -1.0000
vn 0.0000 0.0000 -1.0000
vn 0.0000 0.0000 -1.0000
vn 0.0000 0.0000 -1.0000
vn 0.0000 0.0000 -1.0000
vn 0.0000 0.0000 -1.0000
vn 0.0000 0.0000 -1.0000
vn 0.0000 0.0000 -1.0000
vn 0.0000 0.0000 -1.0000
vn 0.0000 0.0000 -1.0000
vn 0.0000 0.0000 -1.0000
vn 0.0000 0.0000 -1.0000
vn 0.0000 0.0000 -1.0000
vn 0.0000 0.0000 -1.0000
vn 0.0000 0.0000 -1.0000
vn 0.0000 0.0000 -1.0000
vn 0.0000 0.0000 -1.0000
vn 0.0000 0.0000 -1.0000
vn 0.0000 0.0000 -1.0000
vn 0.0000 0.0000 -1.0000
vn 0.0000 0.0000 -1.0000
vn 0.0000 0.0000 -1.0000
vn 0.0000 0.0000 -1.0000
vn 0.0000 0.0000 -1.0000
vn 0.0000 0.0000 -1.0000
vn 0.0000 0.0000 -1.0000
vn 0.0000 0.0000 -1.0000
vn 0.0000 0.0000 -1.0000
vn 0.0000 0.0000 -1.0000
vn 0.0000 0.0000 -1.0000
vn 0.0000 0.0000 -1.0000
vn 0.0000 0.0000 -1.0000
vn 0.0000 0.0000 -1.0000
vn 0.0000 0.0000 -1.0000
vn 0.0000 0.0000 -1.0000
vn 0.0000 0.0000 -1.0000
vn 0.0000 0.0000 -1.0000
vn 0.0000 0.0000 -1.0000
vn 0.0000 0.0000 -1.0000
vn 0.0000 0.0000 -1.0000
vn 0.0000 0.0000 -1.0000
vn 0.0000 0.0000 -1.0000
vn 0.0000 0.0000 -1.0000
vn 0.0000 0.0000 -1.0000
vn 0.0000 0.0000 -1.0000
vn 0.0000 0.0000 -1.0000
vn 0.0000 0.0000 -1.0000
vn 0.0000 0.0000 -1.0000
vn 0.0000 0.0000 -1.0000
vn 0.0000 0.0000 -1.0000
vn 0.0000 0.0000 -1.0000
vn 0.0000 0.0000 -1.0000
vn 0.0000 0.0000 -1.0000
vn 0.0000 0.0000 -1.0000
vn 0.0000 0.0000 -1.0000
vn 0.0000 0.0000 -1.0000
vn 0.0000 0.0000 -1.0000
vn -0.9806 0.0967 0.1707
vn -0.9221 0.1510 -0.3562
vn -0.9980 0.0215 -0.0603
vn -0.9575 0.2423 0.1563
vn -0.8499 0.4928 -0.1868
vn -0.9221 0.1510 -0.3562
vn -0.9221 0.1510 -0.3562
vn 0.0000 0.0000 -1.0000
vn 0.0000 0.0000 -1.0000
vn -0.7804 0.1561 0.6055
vn -0.9806 0.0967 0.1707
vn -0.9572 0.0070 0.2895
vn -0.6018 -0.0118 0.7986
vn -0.7804 0.1561 0.6055
vn -0.7075 0.0271 0.7062
vn 0.0000 0.0000 -1.0000
vn -0.8170 0.4078 -0.4076
vn 0.0000 0.0000 -1.0000
vn -0.8787 0.4326 0.2020
vn -0.8170 0.4078 -0.4076
vn -0.8499 0.4928 -0.1868
vn -0.9575 0.2423 0.1563
vn -0.9806 0.0967 0.1707
vn -0.7804 0.1561 0.6055
vn -0.7457 0.1564 0.6476
vn -0.8787 0.4326 0.2020
vn -0.7804 0.1561 0.6055
vn -0.7457 0.1564 0.6476
vn -0.6018 -0.0118 0.7986
vn -0.6514 -0.0271 0.7582
vn -0.9471 0.2621 0.1851
vn -0.9006 0.0847 -0.4264
vn -0.8170 0.4078 -0.4076
vn -0.9471 0.2621 0.1851
vn -0.8787 0.4326 0.2020
vn -0.7457 0.1564 0.6476
vn -0.7341 0.1755 0.6559
vn -0.7810 0.2446 0.5746
vn -0.7457 0.1564 0.6476
vn -0.8986 0.4020 -0.1761
vn -0.9006 0.0847 -0.4264
vn -0.9471 0.2621 0.1851
vn -0.7810 0.2446 0.5746
vn -0.9052 0.3218 0.2776
vn -0.9471 0.2621 0.1851
vn 0.0000 0.0000 -1.0000
vn 0.0000 0.0000 -1.0000
vn 0.0000 0.0000 -1.0000
vn -0.6160 -0.1021 0.7811
vn -0.5939 -0.1382 0.7926
vn -0.5591 -0.1847 0.8082
vn -0.8170 0.4078 -0.4076
vn 0.0000 0.0000 -1.0000
vn 0.0000 0.0000 -1.0000
vn -0.6593 -0.0203 0.7516
vn -0.6948 0.0333 0.7185
vn -0.6160 -0.1021 0.7811
vn -0.9006 0.0847 -0.4264
vn 0.0000 0.0000 -1.0000
vn 0.0000 0.0000 -1.0000
vn -0.7350 0.1203 0.6673
vn -0.7341 0.1755 0.6559
vn -0.6948 0.0333 0.7185
vn -0.7106 0.0275 0.7030
vn -0.7350 0.1203 0.6673
vn -0.6948 0.0333 0.7185
vn -0.7106 0.0275 0.7030
vn -0.6593 -0.0203 0.7516
vn -0.6514 -0.0673 0.7557
vn 0.0000 0.0000 -1.0000
vn 0.0000 0.0000 -1.0000
vn 0.0000 0.0000 -1.0000
vn 0.0000 0.0000 -1.0000
vn -0.5735 0.3452 -0.7429
vn 0.0000 0.0000 -1.0000
vn -0.9173 0.3782 0.1248
vn -0.5735 0.3452 -0.7429
vn -0.8986 0.4020 -0.1761
vn -0.8068 0.2701 0.5255
vn -0.9173 0.3782 0.1248
vn -0.9052 0.3218 0.2776
vn -0.7699 0.1994 0.6062
vn -0.7341 0.1755 0.6559
vn -0.7350 0.1203 0.6673
vn -0.7785 0.1195 0.6162
vn -0.7699 0.1994 0.6062
vn -0.7350 0.1203 0.6673
vn -0.9338 0.2469 -0.2590
vn -0.5735 0.3452 -0.7429
vn -0.9173 0.3782 0.1248
vn -0.8103 0.2040 0.5493
vn -0.8281 0.2861 0.4820
vn -0.8068 0.2701 0.5255
vn -0.8103 0.2040 0.5493
vn -0.7699 0.1994 0.6062
vn -0.7785 0.1195 0.6162
vn -0.7918 0.0445 0.6092
vn -0.8324 0.1356 0.5373
vn -0.7785 0.1195 0.6162
vn -0.9254 0.3431 0.1606
vn -0.9038 0.2207 -0.3667
vn -0.9338 0.2469 -0.2590
vn -0.9254 0.3431 0.1606
vn -0.9173 0.3782 0.1248
vn -0.8281 0.2861 0.4820
vn -0.8556 0.1925 0.4805
vn -0.8419 0.2509 0.4777
vn -0.8103 0.2040 0.5493
vn -0.9058 0.4092 -0.1098
vn -0.9038 0.2207 -0.3667
vn -0.9254 0.3431 0.1606
vn -0.8368 0.3339 0.4338
vn -0.8924 0.4307 0.1343
vn -0.9254 0.3431 0.1606
vn -0.6026 -0.1450 0.7848
vn -0.6514 -0.0673 0.7557
vn -0.6160 -0.1021 0.7811
vn 0.0000 0.0000 -1.0000
vn 0.0000 0.0000 -1.0000
vn 0.0000 0.0000 -1.0000
vn -0.7343 -0.0442 0.6774
vn -0.7918 0.0445 0.6092
vn -0.7106 0.0275 0.7030
vn -0.7343 -0.0442 0.6774
vn -0.6514 -0.0673 0.7557
vn -0.6956 -0.1217 0.7081
vn 0.0000 0.0000 -1.0000
vn 0.0000 0.0000 -1.0000
vn 0.0000 0.0000 -1.0000
vn 0.0000 0.0000 -1.0000
vn 0.0000 0.0000 -1.0000
vn 0.0000 0.0000 -1.0000
vn -0.7986 -0.0543 0.5994
vn -0.7918 0.0445 0.6092
vn -0.7343 -0.0442 0.6774
vn 0.0000 0.0000 -1.0000
vn 0.0000 0.0000 -1.0000
vn 0.0000 0.0000 -1.0000
vn -0.9038 0.2207 -0.3667
vn 0.0000 0.0000 -1.0000
vn 0.0000 0.0000 -1.0000
vn -0.8648 0.0894 0.4941
vn -0.8556 0.1925 0.4805
vn -0.8324 0.1356 0.5373
vn -0.8648 0.0894 0.4941
vn -0.7918 0.0445 0.6092
vn -0.7986 -0.0543 0.5994
vn 0.0000 0.0000 -1.0000
vn 0.0000 0.0000 -1.0000
vn 0.0000 0.0000 -1.0000
vn 0.0000 0.0000 -1.0000
vn -0.6907 0.4318 -0.5800
vn 0.0000 0.0000 -1.0000
vn -0.8924 0.4307 0.1343
vn -0.6907 0.4318 -0.5800
vn -0.9058 0.4092 -0.1098
vn -0.8368 0.3339 0.4338
vn -0.8281 0.2861 0.4820
vn -0.8483 0.2972 0.4382
vn -0.9034 0.2019 0.3783
vn -0.8483 0.2972 0.4382
vn -0.8419 0.2509 0.4777
vn -0.9034 0.2019 0.3783
vn -0.8556 0.1925 0.4805
vn -0.8648 0.0894 0.4941
vn -0.9152 0.0953 0.3915
vn -0.8648 0.0894 0.4941
vn -0.8711 -0.0235 0.4906
vn -0.9162 0.2892 -0.2775
vn -0.6907 0.4318 -0.5800
vn -0.8924 0.4307 0.1343
vn -0.8607 0.3322 0.3858
vn -0.9307 0.3471 0.1151
vn -0.8924 0.4307 0.1343
vn -0.8607 0.3322 0.3858
vn -0.8368 0.3339 0.4338
vn -0.8483 0.2972 0.4382
vn -0.8922 0.2655 0.3654
vn -0.8483 0.2972 0.4382
vn -0.9034 0.2019 0.3783
vn -0.9267 0.1859 0.3265
vn -0.9196 0.2651 0.2898
vn -0.9034 0.2019 0.3783
vn -0.9115 0.1310 0.3898
vn -0.9267 0.1859 0.3265
vn -0.9152 0.0953 0.3915
vn -0.4890 -0.2606 0.8324
vn -0.5442 -0.1848 0.8184
vn -0.4907 -0.2464 0.8357
vn -0.5551 -0.2562 0.7913
vn -0.6026 -0.1450 0.7848
vn -0.5442 -0.1848 0.8184
vn -0.6363 -0.2062 0.7434
vn -0.6956 -0.1217 0.7081
vn -0.6026 -0.1450 0.7848
vn -0.7289 -0.2012 0.6544
vn -0.6363 -0.2062 0.7434
vn -0.6198 -0.2811 0.7327
vn -0.7986 -0.0543 0.5994
vn -0.6956 -0.1217 0.7081
vn -0.7289 -0.2012 0.6544
vn -0.8711 -0.0235 0.4906
vn -0.7986 -0.0543 0.5994
vn -0.8088 -0.1287 0.5738
vn -0.7764 -0.1605 0.6094
vn -0.8475 -0.0527 0.5282
vn -0.8088 -0.1287 0.5738
vn 0.0000 0.0000 -1.0000
vn 0.0000 0.0000 -1.0000
vn 0.0000 0.0000 -1.0000
vn 0.0000 0.0000 -1.0000
vn 0.0000 0.0000 -1.0000
vn 0.0000 0.0000 -1.0000
vn 0.0000 0.0000 -1.0000
vn 0.0000 0.0000 -1.0000
vn 0.0000 0.0000 -1.0000
vn -0.8954 0.0410 0.4434
vn -0.9115 0.1310 0.3898
vn -0.8918 0.0329 0.4512
vn -0.4708 -0.3316 0.8176
vn -0.5551 -0.2562 0.7913
vn -0.4890 -0.2606 0.8324
vn -0.4708 -0.3316 0.8176
vn -0.4319 -0.2951 0.8523
vn -0.4229 -0.3349 0.8420
vn -0.5338 -0.3668 0.7619
vn -0.6198 -0.2811 0.7327
vn -0.5551 -0.2562 0.7913
vn -0.5863 -0.3641 0.7236
vn -0.6582 -0.3098 0.6862
vn -0.6198 -0.2811 0.7327
vn -0.3993 -0.4125 0.8188
vn -0.4708 -0.3316 0.8176
vn -0.4229 -0.3349 0.8420
vn -0.3053 -0.4050 0.8618
vn -0.3710 -0.3639 0.8544
vn -0.3492 -0.3386 0.8737
vn 0.0000 0.0000 -1.0000
vn 0.0000 0.0000 -1.0000
vn 0.0000 0.0000 -1.0000
vn 0.0000 0.0000 -1.0000
vn 0.0000 0.0000 -1.0000
vn 0.0000 0.0000 -1.0000
vn 0.0000 0.0000 -1.0000
vn 0.0000 0.0000 -1.0000
vn 0.0000 0.0000 -1.0000
vn 0.0000 0.0000 -1.0000
vn 0.0000 0.0000 -1.0000
vn 0.0000 0.0000 -1.0000
vn 0.0000 0.0000 -1.0000
vn 0.0000 0.0000 -1.0000
vn 0.0000 0.0000 -1.0000
vn 0.0000 0.0000 -1.0000
vn 0.0000 0.0000 -1.0000
vn 0.0000 0.0000 -1.0000
vn 0.0000 0.0000 -1.0000
vn 0.0000 0.0000 -1.0000
vn 0.0000 0.0000 -1.0000
vn 0.6510 -0.3971 0.6469
vn 0.5967 -0.4624 0.6558
vn 0.5030 -0.4456 0.7406
vn 0.0000 0.0000 -1.0000
vn 0.0000 0.0000 -1.0000
vn 0.0000 0.0000 -1.0000
vn 0.0000 0.0000 -1.0000
vn 0.0000 0.0000 -1.0000
vn 0.0000 0.0000 -1.0000
vn 0.0000 0.0000 -1.0000
vn 0.0000 0.0000 -1.0000
vn 0.0000 0.0000 -1.0000
vn 0.0000 0.0000 -1.0000
vn 0.0000 0.0000 -1.0000
vn 0.0000 0.0000 -1.0000
vn -0.7764 -0.1605 0.6094
vn -0.7289 -0.2012 0.6544
vn -0.7330 -0.2289 0.6406
vn -0.8954 0.0410 0.4434
vn -0.8475 -0.0527 0.5282
vn -0.8303 -0.1061 0.5471
vn -0.5338 -0.3668 0.7619
vn -0.4708 -0.3316 0.8176
vn -0.4682 -0.4092 0.7831
vn -0.7330 -0.2289 0.6406
vn -0.6582 -0.3098 0.6862
vn -0.4824 -0.2337 0.8442
vn -0.8303 -0.1061 0.5471
vn -0.7764 -0.1605 0.6094
vn -0.7330 -0.2289 0.6406
vn -0.8486 -0.1203 0.5151
vn -0.8860 -0.0423 0.4618
vn -0.8303 -0.1061 0.5471
vn -0.4682 -0.4092 0.7831
vn -0.4708 -0.3316 0.8176
vn -0.3993 -0.4125 0.8188
vn -0.4752 -0.4541 0.7536
vn -0.5338 -0.3668 0.7619
vn -0.4682 -0.4092 0.7831
vn -0.5236 -0.4346 0.7328
vn -0.5863 -0.3641 0.7236
vn -0.5338 -0.3668 0.7619
vn -0.5863 -0.3937 0.7080
vn -0.6582 -0.3098 0.6862
vn -0.5863 -0.3641 0.7236
vn -0.4824 -0.2337 0.8442
vn -0.6582 -0.3098 0.6862
vn -0.5863 -0.3937 0.7080
vn -0.7753 -0.2313 0.5877
vn -0.7330 -0.2289 0.6406
vn -0.4824 -0.2337 0.8442
vn -0.3993 -0.4125 0.8188
vn -0.3710 -0.3639 0.8544
vn -0.3053 -0.4050 0.8618
vn -0.3459 -0.4927 0.7985
vn -0.4258 -0.4639 0.7768
vn -0.3993 -0.4125 0.8188
vn -0.4258 -0.4639 0.7768
vn -0.3459 -0.4927 0.7985
vn -0.2717 -0.5292 0.8038
vn -0.5863 -0.3937 0.7080
vn -0.3340 -0.2881 0.8975
vn 0.2643 0.1991 0.9437
vn 0.2161 0.1220 0.9687
vn -0.5863 -0.3937 0.7080
vn 0.2643 0.1991 0.9437
vn -0.1727 -0.4638 0.8689
vn -0.3067 -0.4721 0.8265
vn -0.3053 -0.4050 0.8618
vn -0.2288 -0.5127 0.8275
vn -0.3459 -0.4927 0.7985
vn -0.3067 -0.4721 0.8265
vn -0.2288 -0.5127 0.8275
vn -0.1727 -0.4638 0.8689
vn -0.0952 -0.5366 0.8385
vn -0.2717 -0.5292 0.8038
vn -0.3459 -0.4927 0.7985
vn -0.2288 -0.5127 0.8275
vn -0.1471 -0.5660 0.8112
vn -0.3717 -0.5118 0.7745
vn -0.2717 -0.5292 0.8038
vn -0.2545 -0.5653 0.7847
vn -0.1471 -0.5660 0.8112
vn 0.0018 -0.0367 0.9993
vn -0.1727 -0.4638 0.8689
vn -0.1635 -0.4272 0.8892
vn 0.0111 -0.4746 0.8801
vn -0.0952 -0.5366 0.8385
vn -0.1727 -0.4638 0.8689
vn 0.0882 -0.5046 0.8588
vn 0.0330 -0.5871 0.8089
vn -0.1471 -0.5660 0.8112
vn -0.0952 -0.5366 0.8385
vn 0.0018 -0.0367 0.9993
vn -0.1471 -0.5660 0.8112
vn 0.0330 -0.5871 0.8089
vn 0.5967 -0.4624 0.6558
vn 0.3726 -0.5257 0.7648
vn 0.3646 -0.4940 0.7893
vn 0.0882 -0.5046 0.8588
vn 0.0111 -0.4746 0.8801
vn 0.3646 -0.4940 0.7893
vn 0.5967 -0.4624 0.6558
vn 0.5317 -0.5060 0.6792
vn 0.3726 -0.5257 0.7648
vn 0.2470 -0.5522 0.7963
vn 0.0882 -0.5046 0.8588
vn 0.3726 -0.5257 0.7648
vn 0.5198 -0.5505 0.6533
vn 0.3350 -0.5978 0.7283
vn 0.2470 -0.5522 0.7963
vn 0.0330 -0.5871 0.8089
vn 0.0083 -0.5436 0.8393
vn 0.2470 -0.5522 0.7963
vn -0.9441 0.3266 -0.0447
vn -0.9162 0.2892 -0.2775
vn -0.9307 0.3471 0.1151
vn -0.9168 0.3652 0.1616
vn -0.9307 0.3471 0.1151
vn -0.8607 0.3322 0.3858
vn -0.9196 0.2651 0.2898
vn -0.8848 0.3095 0.3483
vn -0.8922 0.2655 0.3654
vn -0.8949 0.4455 -0.0243
vn -0.9441 0.3266 -0.0447
vn -0.9168 0.3652 0.1616
vn 0.0000 0.0000 -1.0000
vn 0.0000 0.0000 -1.0000
vn 0.0000 0.0000 -1.0000
vn 0.0000 0.0000 -1.0000
vn 0.0000 0.0000 -1.0000
vn 0.0000 0.0000 -1.0000
vn -0.8848 0.3095 0.3483
vn -0.9178 0.2849 0.2764
vn -0.8786 0.3183 0.3559
vn -0.9330 0.1829 0.3100
vn -0.9196 0.2651 0.2898
vn -0.9267 0.1859 0.3265
vn -0.9330 0.1829 0.3100
vn -0.9115 0.1310 0.3898
vn -0.8954 0.0410 0.4434
vn 0.0000 0.0000 -1.0000
vn 0.0000 0.0000 -1.0000
vn 0.0000 0.0000 -1.0000
vn 0.0000 0.0000 -1.0000
vn -0.7646 0.4095 -0.4978
vn 0.0000 0.0000 -1.0000
vn -0.9196 0.3834 0.0857
vn -0.7646 0.4095 -0.4978
vn -0.8949 0.4455 -0.0243
vn -0.8867 0.3370 0.3166
vn -0.9018 0.2965 0.3143
vn -0.9196 0.3834 0.0857
vn -0.8867 0.3370 0.3166
vn -0.8848 0.3095 0.3483
vn -0.8786 0.3183 0.3559
vn -0.9178 0.2849 0.2764
vn -0.9018 0.2965 0.3143
vn -0.8786 0.3183 0.3559
vn -0.9356 0.2566 0.2423
vn -0.9196 0.2651 0.2898
vn -0.9330 0.1829 0.3100
vn -0.9528 0.1521 0.2628
vn -0.9489 0.2259 0.2201
vn -0.9330 0.1829 0.3100
vn -0.9441 0.2744 -0.1826
vn -0.7646 0.4095 -0.4978
vn -0.9196 0.3834 0.0857
vn -0.9018 0.2965 0.3143
vn -0.9472 0.3026 0.1059
vn -0.9196 0.3834 0.0857
vn -0.9330 0.2674 0.2409
vn -0.9189 0.2605 0.2963
vn -0.9178 0.2849 0.2764
vn -0.9395 0.2712 0.2092
vn -0.9330 0.2674 0.2409
vn -0.9178 0.2849 0.2764
vn -0.9489 0.2259 0.2201
vn -0.9395 0.2712 0.2092
vn -0.9356 0.2566 0.2423
vn -0.9327 0.3511 -0.0821
vn -0.9441 0.2744 -0.1826
vn -0.9472 0.3026 0.1059
vn -0.9180 0.2774 0.2835
vn -0.9456 0.3107 0.0961
vn -0.9472 0.3026 0.1059
vn -0.9189 0.2605 0.2963
vn -0.9180 0.2774 0.2835
vn -0.9018 0.2965 0.3143
vn 0.0000 0.0000 -1.0000
vn 0.0000 0.0000 -1.0000
vn 0.0000 0.0000 -1.0000
vn 0.0000 0.0000 -1.0000
vn 0.0000 0.0000 -1.0000
vn 0.0000 0.0000 -1.0000
vn 0.0000 0.0000 -1.0000
vn 0.0000 0.0000 -1.0000
vn 0.0000 0.0000 -1.0000
vn 0.0000 0.0000 -1.0000
vn 0.0000 0.0000 -1.0000
vn 0.0000 0.0000 -1.0000
vn 0.0000 0.0000 -1.0000
vn -0.7771 0.2081 -0.5939
vn 0.0000 0.0000 -1.0000
vn -0.9429 0.3242 0.0764
vn -0.7771 0.2081 -0.5939
vn -0.9327 0.3511 -0.0821
vn -0.9180 0.2774 0.2835
vn -0.9429 0.3242 0.0764
vn -0.9456 0.3107 0.0961
vn -0.9395 0.2712 0.2092
vn -0.9146 0.2982 0.2732
vn -0.9330 0.2674 0.2409
vn -0.9613 0.2299 0.1516
vn -0.9489 0.2259 0.2201
vn -0.9659 0.1811 0.1853
vn 0.0000 0.0000 -1.0000
vn 0.0000 0.0000 -1.0000
vn -0.7771 0.2081 -0.5939
vn 0.0000 -0.0000 -1.0000
vn 0.0000 0.0000 -1.0000
vn -0.7771 0.2081 -0.5939
vn -0.9245 0.3179 0.2104
vn -0.9511 0.3083 0.0170
vn -0.9429 0.3242 0.0764
vn -0.9146 0.2982 0.2732
vn -0.9245 0.3179 0.2104
vn -0.9180 0.2774 0.2835
vn -0.9203 0.3326 0.2060
vn -0.9146 0.2982 0.2732
vn -0.9395 0.2712 0.2092
vn -0.9424 0.3170 0.1070
vn -0.9203 0.3326 0.2060
vn -0.9395 0.2712 0.2092
vn -0.9670 0.2453 0.0685
vn -0.9424 0.3170 0.1070
vn -0.9613 0.2299 0.1516
vn -0.8594 0.3707 -0.3521
vn 0.0000 0.0000 -1.0000
vn 0.0000 0.0000 -1.0000
vn -0.9350 0.3467 0.0745
vn -0.9511 0.3083 0.0170
vn -0.9245 0.3179 0.2104
vn -0.9022 0.3478 0.2552
vn -0.8738 0.3781 0.3060
vn -0.9146 0.2982 0.2732
vn -0.8733 0.4763 -0.1027
vn -0.8594 0.3707 -0.3521
vn -0.9350 0.3467 0.0745
vn 0.0000 0.0000 -1.0000
vn 0.0000 0.0000 -1.0000
vn 0.0000 0.0000 -1.0000
vn -0.9424 0.3170 0.1070
vn -0.9082 0.4121 0.0729
vn -0.9010 0.3924 0.1849
vn -0.9366 0.3488 0.0333
vn -0.9082 0.4121 0.0729
vn -0.9424 0.3170 0.1070
vn 0.0000 0.0000 -1.0000
vn 0.0000 0.0000 -1.0000
vn 0.0000 0.0000 -1.0000
vn -0.8594 0.3707 -0.3521
vn 0.0000 0.0000 -1.0000
vn 0.0000 0.0000 -1.0000
vn -0.9022 0.3478 0.2552
vn -0.9010 0.3924 0.1849
vn -0.8847 0.3836 0.2649
vn -0.9022 0.3478 0.2552
vn -0.9203 0.3326 0.2060
vn -0.9010 0.3924 0.1849
vn 0.0000 0.0000 -1.0000
vn 0.0000 0.0000 -1.0000
vn 0.0000 0.0000 -1.0000
vn 0.0000 0.0000 -1.0000
vn -0.7056 0.4048 -0.5817
vn 0.0000 0.0000 -1.0000
vn -0.8772 0.4765 0.0583
vn -0.7056 0.4048 -0.5817
vn -0.8733 0.4763 -0.1027
vn -0.8745 0.3955 0.2807
vn -0.9245 0.3179 0.2104
vn -0.8738 0.3781 0.3060
vn -0.8599 0.4414 0.2564
vn -0.8738 0.3781 0.3060
vn -0.8847 0.3836 0.2649
vn -0.8368 0.5189 0.1745
vn -0.8599 0.4414 0.2564
vn -0.9010 0.3924 0.1849
vn -0.8368 0.5189 0.1745
vn -0.9082 0.4121 0.0729
vn -0.8634 0.5020 0.0502
vn -0.8656 0.4221 -0.2695
vn -0.7056 0.4048 -0.5817
vn -0.8772 0.4765 0.0583
vn -0.8230 0.4864 0.2934
vn -0.7957 0.5953 0.1113
vn -0.8772 0.4765 0.0583
vn -0.8230 0.4864 0.2934
vn -0.8745 0.3955 0.2807
vn -0.8738 0.3781 0.3060
vn -0.8161 0.4971 0.2948
vn -0.8738 0.3781 0.3060
vn -0.8599 0.4414 0.2564
vn 0.0000 0.0000 -1.0000
vn 0.0000 0.0000 -1.0000
vn 0.0000 0.0000 -1.0000
vn -0.8368 0.5189 0.1745
vn -0.7457 0.6128 0.2615
vn -0.8083 0.5327 0.2506
vn -0.7124 0.6769 0.1852
vn -0.7457 0.6128 0.2615
vn -0.8368 0.5189 0.1745
vn 0.0000 0.0000 -1.0000
vn 0.0000 0.0000 -1.0000
vn 0.0000 0.0000 -1.0000
vn 0.0000 0.0000 -1.0000
vn 0.0000 0.0000 -1.0000
vn 0.0000 0.0000 -1.0000
vn 0.0000 -0.0000 -1.0000
vn 0.0000 0.0000 -1.0000
vn 0.0000 -0.0000 -1.0000
vn -0.7438 0.6399 0.1931
vn -0.7051 0.7078 -0.0430
vn -0.7957 0.5953 0.1113
vn -0.7623 0.5733 0.3004
vn -0.7438 0.6399 0.1931
vn -0.8230 0.4864 0.2934
vn -0.8161 0.4971 0.2948
vn -0.7450 0.5983 0.2951
vn -0.7623 0.5733 0.3004
vn -0.8161 0.4971 0.2948
vn -0.8599 0.4414 0.2564
vn -0.8083 0.5327 0.2506
vn -0.7457 0.6128 0.2615
vn -0.7450 0.5983 0.2951
vn -0.8083 0.5327 0.2506
vn 0.0000 0.0000 -1.0000
vn 0.0000 0.0000 -1.0000
vn 0.0000 0.0000 -1.0000
vn -0.7457 0.6128 0.2615
vn -0.6407 0.7006 0.3141
vn -0.7450 0.5983 0.2951
vn 0.0000 0.0000 -1.0000
vn 0.0000 0.0000 -1.0000
vn 0.0000 0.0000 -1.0000
vn 0.0000 0.0000 -1.0000
vn 0.0000 0.0000 -1.0000
vn 0.0000 0.0000 -1.0000
vn 0.0000 0.0000 -1.0000
vn 0.0000 0.0000 -1.0000
vn 0.0000 0.0000 -1.0000
vn 0.0000 0.0000 -1.0000
vn 0.0000 0.0000 -1.0000
vn 0.0000 0.0000 -1.0000
vn 0.0000 0.0000 -1.0000
vn 0.0000 0.0000 -1.0000
vn 0.0000 0.0000 -1.0000
vn 0.0000 0.0000 -1.0000
vn 0.0000 0.0000 -1.0000
vn 0.0000 0.0000 -1.0000
vn 0.0000 0.0000 -1.0000
vn 0.0000 0.0000 -1.0000
vn 0.0000 0.0000 -1.0000
vn 0.0000 0.0000 -1.0000
vn 0.0000 0.0000 -1.0000
vn 0.0000 0.0000 -1.0000
vn 0.0000 0.0000 -1.0000
vn 0.0000 0.0000 -1.0000
vn 0.0000 0.0000 -1.0000
vn 0.0000 0.0000 -1.0000
vn 0.0000 0.0000 -1.0000
vn 0.0000 0.0000 -1.0000
vn -0.9303 0.0832 0.3572
vn -0.8954 0.0410 0.4434
vn -0.8860 -0.0423 0.4618
vn -0.9482 0.0545 0.3129
vn -0.9528 0.1521 0.2628
vn -0.9303 0.0832 0.3572
vn -0.9082 -0.0529 0.4153
vn -0.9303 0.0832 0.3572
vn -0.8860 -0.0423 0.4618
vn -0.9082 -0.0529 0.4153
vn -0.8486 -0.1203 0.5151
vn -0.5516 -0.1085 0.8270
vn -0.9482 0.0545 0.3129
vn -0.9303 0.0832 0.3572
vn -0.9082 -0.0529 0.4153
vn -0.8609 -0.0096 0.5088
vn -0.9482 0.0545 0.3129
vn -0.9082 -0.0529 0.4153
vn -0.9819 0.0706 0.1757
vn -0.9659 0.1811 0.1853
vn -0.9528 0.1521 0.2628
vn -0.9819 0.0706 0.1757
vn -0.9482 0.0545 0.3129
vn -0.8609 -0.0096 0.5088
vn -0.9800 0.1496 0.1311
vn -0.9659 0.1811 0.1853
vn -0.9819 0.0706 0.1757
vn -0.9876 0.0519 0.1483
vn -0.9868 0.1565 0.0426
vn -0.9819 0.0706 0.1757
vn -0.9868 0.1565 0.0426
vn -0.9670 0.2453 0.0685
vn -0.9800 0.1496 0.1311
vn -0.9868 0.1565 0.0426
vn -0.9371 0.3487 0.0159
vn -0.9366 0.3488 0.0333
vn -0.9371 0.3487 0.0159
vn -0.8233 0.1420 0.5495
vn -0.7164 0.3235 0.6182
vn -0.8593 0.5090 0.0498
vn -0.8634 0.5020 0.0502
vn -0.9366 0.3488 0.0333
vn -0.7336 0.6727 0.0963
vn -0.7746 0.6290 0.0655
vn -0.8634 0.5020 0.0502
vn -0.6785 0.4472 0.5828
vn -0.1744 0.2110 0.9618
vn -0.7022 0.7007 0.1258
vn -0.7336 0.6727 0.0963
vn -0.6460 0.7452 0.1654
vn -0.7124 0.6769 0.1852
vn -0.7336 0.6727 0.0963
vn -0.8593 0.5090 0.0498
vn -0.7022 0.7007 0.1258
vn -0.6658 0.7157 0.2110
vn -0.6918 0.6697 0.2698
vn -0.7124 0.6769 0.1852
vn -0.3681 0.4046 0.8371
vn -0.2705 0.3563 0.8944
vn -0.6245 0.7363 0.2606
vn -0.4704 0.6859 -0.5552
vn 0.0000 0.0000 -1.0000
vn 0.0000 0.0000 -1.0000
vn -0.6227 0.7773 0.0896
vn -0.7051 0.7078 -0.0430
vn -0.7438 0.6399 0.1931
vn -0.7214 0.6322 0.2825
vn -0.6803 0.6802 0.2730
vn -0.7623 0.5733 0.3004
vn -0.4704 0.6859 -0.5552
vn 0.0000 0.0000 -1.0000
vn 0.0000 0.0000 -1.0000
vn 0.0000 -0.0000 -1.0000
vn 0.0000 0.0000 -1.0000
vn -0.4704 0.6859 -0.5552
vn -0.4547 0.8800 0.1374
vn -0.5001 0.8569 -0.1253
vn -0.6227 0.7773 0.0896
vn -0.6803 0.6802 0.2730
vn -0.5308 0.8117 0.2438
vn -0.4547 0.8800 0.1374
vn -0.7214 0.6322 0.2825
vn -0.5633 0.7873 0.2507
vn -0.5308 0.8117 0.2438
vn -0.7214 0.6322 0.2825
vn -0.5887 0.7431 0.3182
vn -0.5633 0.7873 0.2507
vn -0.6407 0.7006 0.3141
vn -0.5887 0.7431 0.3182
vn -0.7450 0.5983 0.2951
vn -0.2284 0.9721 0.0539
vn -0.5001 0.8569 -0.1253
vn -0.4547 0.8800 0.1374
vn -0.2688 0.9509 0.1535
vn -0.4547 0.8800 0.1374
vn -0.5308 0.8117 0.2438
vn -0.3384 0.9248 0.1742
vn -0.2484 0.9490 0.1942
vn -0.5308 0.8117 0.2438
vn 0.0000 0.0000 -1.0000
vn 0.0000 0.0000 -1.0000
vn 0.0000 0.0000 -1.0000
vn 0.0000 0.0000 -1.0000
vn 0.0000 0.0000 -1.0000
vn 0.0000 0.0000 -1.0000
vn -0.5887 0.7431 0.3182
vn -0.2037 0.9265 0.3164
vn -0.3682 0.9013 0.2284
vn -0.2230 0.9235 0.3121
vn -0.2037 0.9265 0.3164
vn -0.5887 0.7431 0.3182
vn -0.6407 0.7006 0.3141
vn -0.4098 0.8700 0.2742
vn -0.2230 0.9235 0.3121
vn -0.6407 0.7006 0.3141
vn -0.6918 0.6697 0.2698
vn -0.6245 0.7363 0.2606
vn 0.0000 0.0000 -1.0000
vn 0.0000 0.0000 -1.0000
vn 0.0000 0.0000 -1.0000
vn -0.0377 0.9923 0.1176
vn 0.0465 0.9987 0.0219
vn -0.2284 0.9721 0.0539
vn -0.2484 0.9490 0.1942
vn -0.0544 0.9872 0.1496
vn -0.0377 0.9923 0.1176
vn -0.3384 0.9248 0.1742
vn -0.0027 0.9909 0.1344
vn -0.0544 0.9872 0.1496
vn -0.3384 0.9248 0.1742
vn -0.5633 0.7873 0.2507
vn -0.3682 0.9013 0.2284
vn 0.0413 0.9727 0.2282
vn -0.0027 0.9909 0.1344
vn -0.3682 0.9013 0.2284
vn 0.0000 0.0000 -1.0000
vn 0.0000 0.0000 -1.0000
vn 0.0000 0.0000 -1.0000
vn 0.0000 0.0000 -1.0000
vn 0.0000 0.0000 -1.0000
vn 0.0000 0.0000 -1.0000
vn -0.2230 0.9235 0.3121
vn 0.3421 0.9197 0.1926
vn 0.2516 0.9122 0.3233
vn 0.1465 0.9738 0.1736
vn 0.3421 0.9197 0.1926
vn -0.2230 0.9235 0.3121
vn 0.0000 -0.0000 -1.0000
vn 0.0000 -0.0000 -1.0000
vn 0.0000 0.0000 -1.0000
vn 0.2617 0.9646 0.0332
vn 0.2261 0.9670 0.1172
vn 0.5024 0.8599 0.0903
vn -0.0377 0.9923 0.1176
vn 0.2261 0.9670 0.1172
vn 0.2617 0.9646 0.0332
vn 0.2875 0.9527 0.0986
vn 0.5953 0.7999 0.0754
vn 0.5024 0.8599 0.0903
vn -0.0544 0.9872 0.1496
vn 0.2875 0.9527 0.0986
vn 0.2261 0.9670 0.1172
vn 0.2875 0.9527 0.0986
vn -0.0027 0.9909 0.1344
vn 0.4537 0.8728 0.1801
vn 0.0413 0.9727 0.2282
vn 0.2516 0.9122 0.3233
vn 0.4537 0.8728 0.1801
vn -0.2870 0.9363 0.2024
vn -0.4098 0.8700 0.2742
vn -0.6245 0.7363 0.2606
vn -0.2919 0.9370 0.1920
vn -0.2870 0.9363 0.2024
vn -0.6245 0.7363 0.2606
vn -0.2870 0.9363 0.2024
vn 0.1321 0.9814 0.1395
vn 0.1465 0.9738 0.1736
vn -0.2919 0.9370 0.1920
vn 0.1201 0.9796 0.1608
vn 0.1321 0.9814 0.1395
vn 0.0000 0.0000 -1.0000
vn 0.0000 0.0000 -1.0000
vn 0.0000 0.0000 -1.0000
vn 0.0000 0.0000 -1.0000
vn 0.0000 0.0000 -1.0000
vn 0.0000 0.0000 -1.0000
vn 0.9921 0.0221 -0.1235
vn 0.9957 -0.0035 0.0926
vn 0.9893 -0.0864 0.1180
vn 0.9957 -0.0035 0.0926
vn 0.9625 -0.1208 0.2428
vn 0.9371 -0.1294 0.3243
vn 0.9307 -0.2115 0.2983
vn 0.8931 -0.2117 0.3968
vn 0.9371 -0.1294 0.3243
vn 0.8512 -0.2804 0.4437
vn 0.8170 -0.2638 0.5128
vn 0.8931 -0.2117 0.3968
vn 0.6510 -0.3971 0.6469
vn 0.5909 -0.3560 0.7239
vn 0.7446 -0.3316 0.5793
vn 0.7124 -0.4134 0.5671
vn 0.5967 -0.4624 0.6558
vn 0.6510 -0.3971 0.6469
vn 0.0000 0.0000 -1.0000
vn 0.0000 0.0000 -1.0000
vn 0.0000 0.0000 -1.0000
vn 0.0000 -0.0000 -1.0000
vn 0.0000 -0.0000 -1.0000
vn 0.0000 0.0000 -1.0000
vn 0.9896 0.0162 -0.1427
vn 0.9978 -0.0421 0.0512
vn 0.9957 -0.0035 0.0926
vn 0.9978 -0.0421 0.0512
vn 0.9767 -0.1214 0.1771
vn 0.9625 -0.1208 0.2428
vn 0.9767 -0.1214 0.1771
vn 0.9591 -0.1953 0.2050
vn 0.9307 -0.2115 0.2983
vn 0.8877 -0.2849 0.3616
vn 0.8512 -0.2804 0.4437
vn 0.9307 -0.2115 0.2983
vn 0.8048 -0.3541 0.4764
vn 0.7446 -0.3316 0.5793
vn 0.8512 -0.2804 0.4437
vn 0.0000 0.0000 -1.0000
vn 0.0000 0.0000 -1.0000
vn 0.0000 0.0000 -1.0000
vn 0.9619 -0.0212 -0.2725
vn 0.9987 -0.0362 0.0368
vn 0.9978 -0.0421 0.0512
vn 0.9987 -0.0362 0.0368
vn 0.9876 -0.1191 0.1027
vn 0.9767 -0.1214 0.1771
vn 0.9876 -0.1191 0.1027
vn 0.9698 -0.1946 0.1468
vn 0.9591 -0.1953 0.2050
vn 0.9286 -0.2470 0.2770
vn 0.8877 -0.2849 0.3616
vn 0.9591 -0.1953 0.2050
vn 0.8757 -0.3085 0.3713
vn 0.8048 -0.3541 0.4764
vn 0.8877 -0.2849 0.3616
vn 0.7922 -0.4171 0.4455
vn 0.7124 -0.4134 0.5671
vn 0.8048 -0.3541 0.4764
vn 0.0000 0.0000 -1.0000
vn 0.0000 0.0000 -1.0000
vn 0.0000 0.0000 -1.0000
vn 0.0000 0.0000 -1.0000
vn 0.0000 0.0000 -1.0000
vn 0.0000 0.0000 -1.0000
vn 0.9926 -0.0104 -0.1213
vn 0.9997 -0.0233 0.0073
vn 0.9987 -0.0362 0.0368
vn 0.9997 -0.0233 0.0073
vn 0.9939 -0.1063 0.0281
vn 0.9876 -0.1191 0.1027
vn 0.9827 -0.1614 0.0904
vn 0.9698 -0.1946 0.1468
vn 0.9876 -0.1191 0.1027
vn 0.9478 -0.2242 0.2269
vn 0.9286 -0.2470 0.2770
vn 0.9698 -0.1946 0.1468
vn 0.9478 -0.2242 0.2269
vn 0.8859 -0.3409 0.3146
vn 0.8757 -0.3085 0.3713
vn 0.8859 -0.3409 0.3146
vn 0.8411 -0.4204 0.3404
vn 0.7922 -0.4171 0.4455
vn 0.0000 0.0000 -1.0000
vn 0.0000 0.0000 -1.0000
vn 0.0000 0.0000 -1.0000
vn 0.9841 -0.0054 -0.1774
vn 0.9993 -0.0321 -0.0179
vn 0.9997 -0.0233 0.0073
vn 0.9993 -0.0321 -0.0179
vn 0.9892 -0.1414 -0.0386
vn 0.9939 -0.1063 0.0281
vn 0.9875 -0.1550 0.0304
vn 0.9827 -0.1614 0.0904
vn 0.9939 -0.1063 0.0281
vn 0.9841 -0.0054 -0.1774
vn 0.9741 -0.2053 -0.0948
vn 0.9993 -0.0321 -0.0179
vn 0.9741 -0.2053 -0.0948
vn 0.9842 -0.1487 -0.0957
vn 0.9892 -0.1414 -0.0386
vn 0.0000 0.0000 -1.0000
vn 0.0000 0.0000 -1.0000
vn 0.0000 0.0000 -1.0000
vn 0.0000 0.0000 -1.0000
vn 0.6948 -0.2157 -0.6861
vn 0.0000 0.0000 -1.0000
vn -0.6903 -0.6512 -0.3155
vn -0.6903 -0.6512 -0.3155
vn -0.6903 -0.6512 -0.3155
vn 0.9921 -0.1184 -0.0421
vn 0.9842 -0.1487 -0.0957
vn 0.9741 -0.2053 -0.0948
vn 0.0000 0.0000 -1.0000
vn 0.0000 0.0000 -1.0000
vn 0.0000 0.0000 -1.0000
vn 0.6948 -0.2157 -0.6861
vn 0.0000 0.0000 -1.0000
vn 0.0000 0.0000 -1.0000
vn 0.9998 0.0180 -0.0027
vn 0.9921 -0.1184 -0.0421
vn 0.9597 -0.2638 -0.0972
vn 0.9478 -0.2242 0.2269
vn 0.9827 -0.1614 0.0904
vn 0.9702 -0.1981 0.1395
vn 0.8859 -0.3409 0.3146
vn 0.9478 -0.2242 0.2269
vn 0.9401 -0.2648 0.2148
vn 0.9103 -0.3352 0.2428
vn 0.8411 -0.4204 0.3404
vn 0.8859 -0.3409 0.3146
vn 0.9875 -0.1550 0.0304
vn 0.9822 -0.1812 0.0499
vn 0.9702 -0.1981 0.1395
vn 0.9702 -0.1981 0.1395
vn 0.9576 -0.2489 0.1454
vn 0.9401 -0.2648 0.2148
vn 0.9892 -0.1414 -0.0386
vn 0.9842 -0.1723 0.0401
vn 0.9822 -0.1812 0.0499
vn 0.9744 -0.1967 0.1091
vn 0.9702 -0.1981 0.1395
vn 0.9822 -0.1812 0.0499
vn 0.9744 -0.1967 0.1091
vn 0.9682 -0.2429 0.0597
vn 0.9576 -0.2489 0.1454
vn 0.9330 -0.3328 0.1367
vn 0.9103 -0.3352 0.2428
vn 0.9576 -0.2489 0.1454
vn 0.9921 -0.1184 -0.0421
vn 0.9915 -0.1196 -0.0508
vn 0.9842 -0.1487 -0.0957
vn 0.9842 -0.1723 0.0401
vn 0.9778 -0.2005 0.0600
vn 0.9744 -0.1967 0.1091
vn 0.9682 -0.2429 0.0597
vn 0.9551 -0.2961 0.0074
vn 0.9330 -0.3328 0.1367
vn 0.9876 -0.0651 -0.1427
vn 0.9915 -0.1196 -0.0508
vn 0.9921 -0.1184 -0.0421
vn 0.9915 -0.1196 -0.0508
vn 0.9854 -0.1697 0.0122
vn 0.9778 -0.2005 0.0600
vn 0.9854 -0.1697 0.0122
vn 0.9769 -0.2135 0.0097
vn 0.9682 -0.2429 0.0597
vn 0.6756 -0.4880 0.5527
vn 0.5317 -0.5060 0.6792
vn 0.5967 -0.4624 0.6558
vn 0.5198 -0.5505 0.6533
vn 0.5317 -0.5060 0.6792
vn 0.6756 -0.4880 0.5527
vn 0.6195 -0.5685 0.5413
vn 0.3350 -0.5978 0.7283
vn 0.5198 -0.5505 0.6533
vn 0.7478 -0.4994 0.4376
vn 0.6756 -0.4880 0.5527
vn 0.7922 -0.4171 0.4455
vn 0.4254 -0.6419 0.6380
vn 0.3350 -0.5978 0.7283
vn 0.6195 -0.5685 0.5413
vn -0.2976 0.2810 0.9124
vn 0.3734 -0.6570 0.6549
vn 0.4254 -0.6419 0.6380
vn 0.8411 -0.4204 0.3404
vn 0.8095 -0.4907 0.3224
vn 0.7478 -0.4994 0.4376
vn 0.7110 -0.5519 0.4357
vn 0.6195 -0.5685 0.5413
vn 0.7478 -0.4994 0.4376
vn 0.8791 -0.4180 0.2291
vn 0.8095 -0.4907 0.3224
vn 0.8411 -0.4204 0.3404
vn 0.9081 -0.4010 0.1208
vn 0.8791 -0.4180 0.2291
vn 0.9330 -0.3328 0.1367
vn 0.9289 -0.3703 -0.0015
vn 0.9081 -0.4010 0.1208
vn 0.9551 -0.2961 0.0074
vn 0.8496 -0.3731 0.3728
vn 0.3698 -0.2339 0.8992
vn 0.9081 -0.4010 0.1208
vn 0.0000 0.0000 -1.0000
vn 0.8284 -0.0695 -0.5558
vn 0.6948 -0.2157 -0.6861
vn 0.8284 -0.0695 -0.5558
vn 0.9970 -0.0728 -0.0267
vn 0.9868 0.1448 -0.0720
vn 0.0000 0.0000 -1.0000
vn 0.0000 0.0000 -1.0000
vn 0.0000 0.0000 -1.0000
vn 0.0000 0.0000 -1.0000
vn 0.0000 0.0000 -1.0000
vn 0.8284 -0.0695 -0.5558
vn 0.9758 -0.1993 -0.0904
vn 0.9970 -0.0728 -0.0267
vn 0.8284 -0.0695 -0.5558
vn 0.0000 0.0000 -1.0000
vn 0.0000 0.0000 -1.0000
vn 0.0000 0.0000 -1.0000
vn 0.0000 0.0000 -1.0000
vn 0.0000 0.0000 -1.0000
vn 0.0000 0.0000 -1.0000
vn 0.0000 0.0000 -1.0000
vn 0.0000 0.0000 -1.0000
vn 0.0000 0.0000 -1.0000
vn 0.0000 0.0000 -1.0000
vn 0.0000 0.0000 -1.0000
vn 0.0000 0.0000 -1.0000
vn 0.0000 0.0000 -1.0000
vn 0.0000 0.0000 -1.0000
vn 0.0000 0.0000 -1.0000
vn 0.0000 0.0000 -1.0000
vn 0.0000 0.0000 -1.0000
vn 0.0000 0.0000 -1.0000
vn 0.0000 0.0000 -1.0000
vn 0.0000 0.0000 -1.0000
vn 0.0000 0.0000 -1.0000
vn 0.0000 0.0000 -1.0000
vn 0.0000 0.0000 -1.0000
vn 0.0000 0.0000 -1.0000
vn 0.0000 0.0000 -1.0000
vn 0.0000 0.0000 -1.0000
vn 0.0000 0.0000 -1.0000
vn 0.0000 0.0000 -1.0000
vn 0.0000 0.0000 -1.0000
vn 0.0000 0.0000 -1.0000
vn 0.0000 0.0000 -1.0000
vn 0.0000 0.0000 -1.0000
vn 0.0000 0.0000 -1.0000
vn 0.0000 0.0000 -1.0000
vn 0.0000 0.0000 -1.0000
vn 0.0000 0.0000 -1.0000
vn 0.0000 -0.0000 -1.0000
vn 0.0000 -0.0000 -1.0000
vn 0.0000 0.0000 -1.0000
vn 0.9372 0.3279 -0.1191
vn 0.9620 0.2673 0.0553
vn 0.9717 0.2290 0.0578
vn 0.9620 0.2673 0.0553
vn 0.9405 0.3178 0.1200
vn 0.9760 0.1814 0.1207
vn 0.9405 0.3178 0.1200
vn 0.9207 0.3742 0.1109
vn 0.9813 0.1745 0.0811
vn 0.9466 0.3113 0.0841
vn 0.9898 0.1253 0.0675
vn 0.9813 0.1745 0.0811
vn 0.9466 0.3113 0.0841
vn 0.9820 0.1814 0.0526
vn 0.9898 0.1253 0.0675
vn 0.9371 0.3468 0.0396
vn 0.9757 0.2166 -0.0323
vn 0.9820 0.1814 0.0526
vn 0.9998 0.0180 -0.0027
vn 0.9970 -0.0728 -0.0267
vn 0.9854 -0.1616 -0.0535
vn 0.9942 -0.0574 -0.0904
vn 0.9915 -0.1196 -0.0508
vn 0.9876 -0.0651 -0.1427
vn 0.9942 -0.0574 -0.0904
vn 0.9962 -0.0708 -0.0507
vn 0.9854 -0.1697 0.0122
vn 0.9962 -0.0708 -0.0507
vn 0.9823 -0.1735 -0.0713
vn 0.9769 -0.2135 0.0097
vn 0.9823 -0.1735 -0.0713
vn 0.9702 -0.2226 -0.0957
vn 0.9551 -0.2961 0.0074
vn 0.9758 -0.1993 -0.0904
vn 0.9987 -0.0506 0.0102
vn 0.9854 -0.1616 -0.0535
vn 0.9922 -0.0589 -0.1098
vn 0.9876 -0.0651 -0.1427
vn 0.9854 -0.1616 -0.0535
vn 0.9922 -0.0589 -0.1098
vn 0.9975 -0.0060 -0.0709
vn 0.9942 -0.0574 -0.0904
vn 0.9975 -0.0060 -0.0709
vn 0.9970 0.0122 -0.0764
vn 0.9962 -0.0708 -0.0507
vn 0.9970 0.0122 -0.0764
vn 0.9906 -0.0221 -0.1352
vn 0.9823 -0.1735 -0.0713
vn 0.9906 -0.0221 -0.1352
vn 0.9791 -0.0709 -0.1907
vn 0.9702 -0.2226 -0.0957
vn 0.9975 -0.0060 -0.0709
vn 0.9922 -0.0589 -0.1098
vn 0.9987 -0.0506 0.0102
vn 0.9992 0.0389 0.0032
vn 0.9903 0.0921 -0.1037
vn 0.9970 0.0122 -0.0764
vn 0.9903 0.0921 -0.1037
vn 0.9783 0.0951 -0.1843
vn 0.9906 -0.0221 -0.1352
vn 0.0000 0.0000 -1.0000
vn 0.0000 0.0000 -1.0000
vn 0.0000 0.0000 -1.0000
vn 0.9986 -0.0426 -0.0318
vn 0.9991 -0.0371 0.0220
vn 0.9987 -0.0506 0.0102
vn 0.9992 0.0389 0.0032
vn 0.9975 -0.0060 -0.0709
vn 0.9987 -0.0506 0.0102
vn 0.9949 0.1006 0.0088
vn 0.9878 0.1368 -0.0741
vn 0.9903 0.0921 -0.1037
vn 0.9737 0.1678 -0.1543
vn 0.9783 0.0951 -0.1843
vn 0.9903 0.0921 -0.1037
vn 0.0000 0.0000 -1.0000
vn 0.0000 0.0000 -1.0000
vn 0.0000 0.0000 -1.0000
vn 0.9983 -0.0082 0.0580
vn 0.9991 -0.0371 0.0220
vn 0.9980 -0.0559 -0.0307
vn 0.9983 -0.0082 0.0580
vn 0.9946 0.0720 0.0747
vn 0.9992 0.0389 0.0032
vn 0.9946 0.0720 0.0747
vn 0.9949 0.1006 0.0088
vn 0.9992 0.0389 0.0032
vn 0.9785 0.1875 -0.0855
vn 0.9737 0.1678 -0.1543
vn 0.9878 0.1368 -0.0741
vn 0.9633 0.2385 -0.1230
vn 0.9653 0.2110 -0.1538
vn 0.9737 0.1678 -0.1543
vn 0.9959 0.0533 0.0732
vn 0.9983 -0.0082 0.0580
vn 0.9996 -0.0029 -0.0282
vn 0.9905 0.0938 0.1008
vn 0.9946 0.0720 0.0747
vn 0.9983 -0.0082 0.0580
vn 0.9916 0.1290 0.0109
vn 0.9949 0.1006 0.0088
vn 0.9946 0.0720 0.0747
vn 0.9916 0.1290 0.0109
vn 0.9785 0.1875 -0.0855
vn 0.9949 0.1006 0.0088
vn 0.9714 0.2305 -0.0574
vn 0.9633 0.2385 -0.1230
vn 0.9785 0.1875 -0.0855
vn 0.0000 -0.0000 -1.0000
vn 0.0000 -0.0000 -1.0000
vn 0.0000 0.0000 -1.0000
vn 0.9877 0.1536 0.0303
vn 0.9905 0.0938 0.1008
vn 0.9959 0.0533 0.0732
vn 0.9717 0.2290 0.0578
vn 0.9905 0.0938 0.1008
vn 0.9877 0.1536 0.0303
vn 0.9895 0.1007 0.1034
vn 0.9905 0.0938 0.1008
vn 0.9717 0.2290 0.0578
vn 0.9895 0.1007 0.1034
vn 0.9946 0.0720 0.0747
vn 0.9905 0.0938 0.1008
vn 0.9898 0.1253 0.0675
vn 0.9916 0.1290 0.0109
vn 0.9946 0.0720 0.0747
vn 0.9757 0.2166 -0.0323
vn 0.9714 0.2305 -0.0574
vn 0.9916 0.1290 0.0109
vn 0.9371 0.3468 0.0396
vn 0.8963 0.4411 0.0445
vn 0.9588 0.2839 -0.0131
vn 0.9702 -0.2226 -0.0957
vn 0.9559 -0.2669 -0.1221
vn 0.9289 -0.3703 -0.0015
vn 0.9791 -0.0709 -0.1907
vn 0.9845 -0.1183 -0.1291
vn 0.9559 -0.2669 -0.1221
vn 0.9841 0.0924 -0.1519
vn 0.9845 -0.1183 -0.1291
vn 0.9791 -0.0709 -0.1907
vn 0.9589 0.2453 -0.1428
vn 0.9841 0.0924 -0.1519
vn 0.9783 0.0951 -0.1843
vn 0.9671 0.2480 -0.0563
vn 0.9558 0.0923 0.2793
vn 0.9841 0.0924 -0.1519
vn 0.9569 0.2779 -0.0847
vn 0.9589 0.2453 -0.1428
vn 0.9653 0.2110 -0.1538
vn 0.9588 0.2839 -0.0131
vn 0.9714 0.2305 -0.0574
vn 0.9757 0.2166 -0.0323
vn 0.8383 0.2440 0.4875
vn 0.7440 0.2005 0.6374
vn 0.9714 0.2305 -0.0574
vn 0.0000 0.0000 -1.0000
vn 0.0000 0.0000 -1.0000
vn 0.0000 0.0000 -1.0000
vn 0.0000 0.0000 -1.0000
vn 0.0000 0.0000 -1.0000
vn 0.0000 0.0000 -1.0000
vn 0.0000 0.0000 -1.0000
vn 0.0000 0.0000 -1.0000
vn 0.0000 0.0000 -1.0000
vn 0.8435 0.5330 0.0667
vn 0.9620 0.2673 0.0553
vn 0.9372 0.3279 -0.1191
vn 0.5024 0.8599 0.0903
vn 0.8435 0.5330 0.0667
vn 0.7404 0.6716 -0.0264
vn 0.8435 0.5330 0.0667
vn 0.8324 0.5299 0.1620
vn 0.9405 0.3178 0.1200
vn 0.5953 0.7999 0.0754
vn 0.8324 0.5299 0.1620
vn 0.8435 0.5330 0.0667
vn 0.8443 0.5248 0.1085
vn 0.9207 0.3742 0.1109
vn 0.9405 0.3178 0.1200
vn 0.8443 0.5248 0.1085
vn 0.8324 0.5299 0.1620
vn 0.5953 0.7999 0.0754
vn 0.7390 0.6454 0.1934
vn 0.9466 0.3113 0.0841
vn 0.9207 0.3742 0.1109
vn 0.7390 0.6454 0.1934
vn 0.8443 0.5248 0.1085
vn 0.4537 0.8728 0.1801
vn 0.3421 0.9197 0.1926
vn 0.7365 0.6703 0.0914
vn 0.7390 0.6454 0.1934
vn 0.7365 0.6703 0.0914
vn 0.6617 0.7496 0.0155
vn 0.9371 0.3468 0.0396
vn 0.1465 0.9738 0.1736
vn 0.6617 0.7496 0.0155
vn 0.7365 0.6703 0.0914
vn 0.6617 0.7496 0.0155
vn 0.6132 0.7674 0.1875
vn 0.8963 0.4411 0.0445
vn 0.1321 0.9814 0.1395
vn 0.6132 0.7674 0.1875
vn 0.6617 0.7496 0.0155
vn 0.5705 0.7915 0.2193
vn 0.6132 0.7674 0.1875
vn 0.1321 0.9814 0.1395
vn 0.1201 0.9796 0.1608
vn 0.3736 0.9203 0.1164
vn 0.1332 0.2441 0.9606
vn -0.7753 -0.2313 0.5877
vn -0.4824 -0.2337 0.8442
vn -0.0443 -0.0167 0.9989
vn 0.3812 0.4974 0.7793
vn 0.6938 0.3837 0.6094
vn 0.8963 0.4411 0.0445
vn 0.9569 0.2779 -0.0847
vn 0.9023 0.2615 0.3428
vn 0.7705 0.2354 0.5924
vn 0.0018 -0.0367 0.9993
vn 0.2522 0.4062 0.8783
vn -0.2545 -0.5653 0.7847
vn 0.6336 0.1364 0.7615
vn 0.7961 -0.1197 0.5932
vn 0.9845 -0.1183 -0.1291
vn 0.9845 -0.1183 -0.1291
vn 0.7961 -0.1197 0.5932
vn 0.5605 -0.1733 0.8098
vn -0.9082 -0.0529 0.4153
vn -0.5516 -0.1085 0.8270
vn -0.3109 -0.0547 0.9489
vn -0.9819 0.0706 0.1757
vn -0.4732 -0.0363 0.8802
vn -0.7091 -0.0367 0.7042
vn -0.9819 0.0706 0.1757
vn -0.4708 0.0025 0.8822
vn -0.9876 0.0519 0.1483
vn 0.7099 -0.3714 0.5984
vn 0.5269 -0.2592 0.8094
vn 0.9289 -0.3703 -0.0015
vn 0.8963 0.4411 0.0445
vn 0.6938 0.3837 0.6094
vn 0.5571 0.1900 0.8084
vn 0.3698 -0.2339 0.8992
vn 0.8468 -0.4926 0.2006
vn 0.8544 -0.4748 0.2110
vn 0.2426 -0.1987 0.9496
vn 0.3968 -0.2706 0.8771
vn 0.8095 -0.4907 0.3224
vn -0.7022 0.7007 0.1258
vn -0.4304 0.5213 0.7369
vn -0.6460 0.7452 0.1654
vn 0.8095 -0.4907 0.3224
vn 0.3968 -0.2706 0.8771
vn 0.2954 -0.2387 0.9251
vn -0.6658 0.7157 0.2110
vn -0.6460 0.7452 0.1654
vn -0.4489 0.5288 0.7203
vn -0.6245 0.7363 0.2606
vn -0.3216 0.4741 0.8196
vn -0.2919 0.9370 0.1920
vn -0.0856 0.9662 0.2430
vn 0.1201 0.9796 0.1608
vn -0.2919 0.9370 0.1920
vn 0.4254 -0.6419 0.6380
vn 0.2984 -0.7031 0.6455
vn 0.1087 -0.3181 0.9418
vn 0.7110 -0.5519 0.4357
vn 0.3995 -0.3930 0.8282
vn 0.6195 -0.5685 0.5413
vn -0.7753 -0.2313 0.5877
vn -0.0443 -0.0167 0.9989
vn 0.2334 0.0419 0.9715
vn -0.5863 -0.3937 0.7080
vn 0.2161 0.1220 0.9687
vn -0.4824 -0.2337 0.8442
vn 0.7110 -0.5519 0.4357
vn 0.6486 -0.5742 0.4997
vn 0.3995 -0.3930 0.8282
vn -0.0856 0.9662 0.2430
vn -0.0856 0.9662 0.2430
vn 0.1201 0.9796 0.1608
vn 0.9837 0.1792 -0.0152
vn 0.9558 0.0923 0.2793
vn 0.9671 0.2480 -0.0563
vn -0.6245 0.7363 0.2606
vn -0.2705 0.3563 0.8944
vn -0.3216 0.4741 0.8196
vn 0.9023 0.2615 0.3428
vn 0.9569 0.2779 -0.0847
vn 0.9714 0.2305 -0.0574
vn 0.5705 0.7915 0.2193
vn 0.1332 0.2441 0.9606
vn 0.3812 0.4974 0.7793
vn -0.7022 0.7007 0.1258
vn -0.1744 0.2110 0.9618
vn -0.4304 0.5213 0.7369
vn -0.7753 -0.2313 0.5877
vn 0.2334 0.0419 0.9715
vn -0.5516 -0.1085 0.8270
vn -0.9819 0.0706 0.1757
vn -0.7091 -0.0367 0.7042
vn -0.4708 0.0025 0.8822
vn -0.9819 0.0706 0.1757
vn -0.8609 -0.0096 0.5088
vn -0.4732 -0.0363 0.8802
vn -0.9082 -0.0529 0.4153
vn -0.3109 -0.0547 0.9489
vn -0.8609 -0.0096 0.5088
vn -0.2545 -0.5653 0.7847
vn -0.2372 -0.2400 0.9413
vn -0.3717 -0.5118 0.7745
vn 0.1087 -0.3181 0.9418
vn -0.0953 0.1416 0.9853
vn 0.0330 -0.5871 0.8089
vn 0.0018 -0.0367 0.9993
vn 0.0330 -0.5871 0.8089
vn -0.0953 0.1416 0.9853
vn -0.8593 0.5090 0.0498
vn -0.9371 0.3487 0.0159
vn -0.6785 0.4472 0.5828
vn -0.9371 0.3487 0.0159
vn -0.9879 0.1525 0.0266
vn -0.8233 0.1420 0.5495
vn -0.5863 -0.3937 0.7080
vn -0.5236 -0.4346 0.7328
vn -0.3340 -0.2881 0.8975
vn -0.5236 -0.4346 0.7328
vn -0.4752 -0.4541 0.7536
vn -0.2372 -0.2400 0.9413
vn -0.6460 0.7452 0.1654
vn -0.2779 0.3532 0.8933
vn -0.4489 0.5288 0.7203
vn -0.6658 0.7157 0.2110
vn -0.4489 0.5288 0.7203
vn -0.1705 0.2045 0.9639
vn 0.8496 -0.3731 0.3728
vn 0.9081 -0.4010 0.1208
vn 0.9289 -0.3703 -0.0015
vn -0.2919 0.9370 0.1920
vn -0.3216 0.4741 0.8196
vn -0.0168 0.0251 0.9995
vn 0.4254 -0.6419 0.6380
vn 0.6195 -0.5685 0.5413
vn 0.3995 -0.3930 0.8282
vn 0.7110 -0.5519 0.4357
vn 0.6167 -0.6618 0.4263
vn 0.6167 -0.6618 0.4263
vn 0.8095 -0.4907 0.3224
vn 0.2954 -0.2387 0.9251
vn 0.7110 -0.5519 0.4357
vn 0.2426 -0.1987 0.9496
vn 0.8095 -0.4907 0.3224
vn 0.8544 -0.4748 0.2110
vn 0.3698 -0.2339 0.8992
vn 0.8544 -0.4748 0.2110
vn 0.9081 -0.4010 0.1208
vn -0.3681 0.4046 0.8371
vn -0.6245 0.7363 0.2606
vn -0.6658 0.7157 0.2110
vn 0.8963 0.4411 0.0445
vn 0.5571 0.1900 0.8084
vn 0.9447 0.2890 0.1550
vn -0.6785 0.4472 0.5828
vn -0.7022 0.7007 0.1258
vn -0.8593 0.5090 0.0498
vn 0.7099 -0.3714 0.5984
vn 0.9289 -0.3703 -0.0015
vn 0.9422 -0.3296 0.0607
vn 0.9845 -0.1183 -0.1291
vn 0.5605 -0.1733 0.8098
vn 0.9422 -0.3296 0.0607
vn -0.9879 0.1525 0.0266
vn -0.9876 0.0519 0.1483
vn -0.3816 -0.0500 0.9230
vn 0.6336 0.1364 0.7615
vn 0.9845 -0.1183 -0.1291
vn 0.9558 0.0923 0.2793
vn 0.9569 0.2779 -0.0847
vn 0.7705 0.2354 0.5924
vn 0.9671 0.2480 -0.0563
vn 0.9714 0.2305 -0.0574
vn 0.7440 0.2005 0.6374
vn 0.9023 0.2615 0.3428
vn -0.2372 -0.2400 0.9413
vn -0.4752 -0.4541 0.7536
vn -0.3717 -0.5118 0.7745
vn 0.9447 0.2890 0.1550
vn 0.8383 0.2440 0.4875
vn 0.9714 0.2305 -0.0574
vn 0.3812 0.4974 0.7793
vn 0.8963 0.4411 0.0445
vn 0.5705 0.7915 0.2193
vn 0.1201 0.9796 0.1608
vn 0.1332 0.2441 0.9606
vn 0.5705 0.7915 0.2193
vn -0.0000 -0.0000 1.0000
vn 0.0000 0.0000 1.0000
vn 0.0000 0.0000 1.0000
vn -0.0000 -0.0000 1.0000
vn 0.0000 0.0000 1.0000
vn 0.0000 0.0000 1.0000
vn 0.0000 0.0000 1.0000
vn 0.0000 0.0000 1.0000
vn 0.0000 0.0000 1.0000
vn -0.0000 -0.0000 1.0000
vn 0.0000 -0.0000 1.0000
vn 0.0000 -0.0000 1.0000
vn 0.0000 0.0000 1.0000
vn -0.0000 -0.0000 1.0000
vn 0.0000 -0.0000 1.0000
vn 0.0000 0.0000 1.0000
vn 0.0000 -0.0000 1.0000
vn 0.0000 0.0000 1.0000
vn 0.0000 -0.0000 1.0000
vn -0.0000 -0.0000 1.0000
vn 0.0000 -0.0000 1.0000
vn 0.0000 -0.0000 1.0000
vn 0.0000 0.0000 1.0000
vn 0.0000 -0.0000 1.0000
vn 0.0000 -0.0000 1.0000
vn 0.0000 -0.0000 1.0000
vn 0.0000 0.0000 1.0000
vn -0.0000 -0.0000 1.0000
vn 0.0496 -0.0513 0.9975
vn 0.0000 0.0000 1.0000
vn 0.0000 -0.0000 1.0000
vn 0.0000 0.0000 1.0000
vn 0.0000 -0.0000 1.0000
vn 0.0000 -0.0000 1.0000
vn 0.0000 -0.0000 1.0000
vn 0.0000 -0.0000 1.0000
vn 0.0000 -0.0000 1.0000
vn 0.0000 -0.0000 1.0000
vn -0.0000 -0.0000 1.0000
vn 0.0085 -0.0135 0.9999
vn 0.0535 -0.0887 0.9946
vn 0.0000 -0.0000 1.0000
vn 0.0000 -0.0000 1.0000
vn 0.0000 -0.0000 1.0000
vn -0.0000 0.0000 1.0000
vn 0.0000 0.0000 1.0000
vn 0.0000 -0.0000 1.0000
vn 0.0000 -0.0000 1.0000
vn -0.0000 0.0000 1.0000
vn 0.0535 -0.0887 0.9946
vn 0.2560 -0.0864 0.9628
vn 0.9739 0.0768 -0.2137
vn 0.9637 0.0960 -0.2491
vn 0.9893 0.0581 -0.1338
vn 0.9893 0.0581 -0.1338
vn 0.9997 -0.0008 -0.0229
vn 0.9828 0.0737 -0.1691
vn 0.9761 0.0795 -0.2020
vn 0.9739 0.0768 -0.2137
vn 0.9828 0.0737 -0.1691
vn -0.8073 -0.0394 -0.5888
vn -0.8073 -0.0394 -0.5888
vn -0.8073 -0.0394 -0.5888
vn 0.9848 0.0619 -0.1625
vn 0.9761 0.0795 -0.2020
vn 0.9837 0.0747 -0.1636
vn 0.9232 0.1022 -0.3704
vn 0.9761 0.0795 -0.2020
vn 0.9435 0.1198 -0.3088
vn 0.8684 0.1366 -0.4766
vn 0.9232 0.1022 -0.3704
vn 0.9078 0.1899 -0.3740
vn 0.8774 0.3228 -0.3550
vn 0.8013 0.5544 -0.2249
vn 0.9298 0.2500 0.2701
vn 0.8774 0.3228 -0.3550
vn 0.9298 0.2500 0.2701
vn 0.9357 0.2873 -0.2048
vn 0.9357 0.2873 -0.2048
vn 0.9009 0.2518 0.3536
vn 0.9204 0.3859 -0.0622
vn 0.5771 0.3308 -0.7467
vn 0.5394 0.3135 -0.7815
vn 0.9357 0.2873 -0.2048
vn 0.4320 0.8880 -0.1577
vn 0.3956 0.9181 -0.0257
vn 0.6498 0.7097 -0.2722
vn 0.6498 0.7097 -0.2722
vn 0.6487 0.7289 0.2189
vn 0.8013 0.5544 -0.2249
vn 0.4077 0.2714 -0.8718
vn 0.5129 0.6060 -0.6080
vn 0.6498 0.7097 -0.2722
vn -0.2757 -0.1538 0.9489
vn -0.2757 -0.1538 0.9489
vn -0.1034 -0.0623 0.9927
vn 0.6498 0.7097 -0.2722
vn 0.8013 0.5544 -0.2249
vn 0.6068 0.2714 -0.7471
vn 0.3652 0.2072 -0.9076
vn 0.4077 0.2714 -0.8718
vn 0.6068 0.2714 -0.7471
vn 0.3652 0.2072 -0.9076
vn 0.6068 0.2714 -0.7471
vn 0.5394 0.3135 -0.7815
vn -0.1585 -0.0797 0.9841
vn -0.1585 -0.0797 0.9841
vn -0.0755 -0.0288 0.9967
vn 0.3652 0.2072 -0.9076
vn 0.5394 0.3135 -0.7815
vn 0.4046 0.3650 -0.8385
vn 0.1881 0.4980 -0.8465
vn 0.1246 0.3432 -0.9310
vn 0.4046 0.3650 -0.8385
vn 0.1881 0.4980 -0.8465
vn 0.4046 0.3650 -0.8385
vn 0.5007 0.4211 -0.7563
vn -0.0930 0.9949 -0.0389
vn 0.3956 0.9181 -0.0257
vn -0.0236 0.9880 -0.1529
vn -0.0236 0.9880 -0.1529
vn 0.4320 0.8880 -0.1577
vn 0.1125 0.7168 -0.6881
vn -0.2040 -0.3244 0.9236
vn -0.2040 -0.3244 0.9236
vn -0.0177 -0.1093 0.9939
vn -0.0236 0.9880 -0.1529
vn 0.1125 0.7168 -0.6881
vn -0.3957 0.7998 -0.4513
vn -0.0698 0.3506 -0.9339
vn 0.1125 0.7168 -0.6881
vn 0.4077 0.2714 -0.8718
vn -0.1975 -0.2696 0.9425
vn -0.0177 -0.1093 0.9939
vn -0.1034 -0.0623 0.9927
vn -0.0698 0.3506 -0.9339
vn 0.4077 0.2714 -0.8718
vn -0.0213 0.0718 -0.9972
vn -0.2173 0.2346 -0.9475
vn -0.0213 0.0718 -0.9972
vn 0.1246 0.3432 -0.9310
vn -0.1034 -0.0623 0.9927
vn -0.0000 0.0000 1.0000
vn -0.0755 -0.0288 0.9967
vn -0.2173 0.2346 -0.9475
vn 0.1246 0.3432 -0.9310
vn -0.2341 0.3617 -0.9024
vn -0.0296 -0.6158 -0.7874
vn -0.0296 -0.6158 -0.7874
vn -0.0296 -0.6158 -0.7874
vn -0.5021 -0.7047 0.5012
vn 0.1834 -0.4117 0.8927
vn -0.0177 -0.1093 0.9939
vn 0.5231 -0.3977 -0.7538
vn 0.5231 -0.3977 -0.7538
vn 0.5231 -0.3977 -0.7538
vn -0.6112 0.7236 -0.3206
vn -0.4105 0.8867 -0.2128
vn -0.3957 0.7998 -0.4513
vn -0.6112 0.7236 -0.3206
vn -0.3957 0.7998 -0.4513
vn -0.4590 0.2914 -0.8393
vn -0.0000 0.0000 1.0000
vn -0.0177 -0.1093 0.9939
vn 0.0314 -0.0605 0.9977
vn -0.2771 0.1629 -0.9469
vn -0.4590 0.2914 -0.8393
vn -0.0213 0.0718 -0.9972
vn -0.2771 0.1629 -0.9469
vn -0.0213 0.0718 -0.9972
vn -0.2173 0.2346 -0.9475
vn -0.0000 -0.0000 1.0000
vn -0.0000 0.0000 1.0000
vn 0.0000 0.0000 1.0000
vn -0.2771 0.1629 -0.9469
vn -0.2173 0.2346 -0.9475
vn -0.2414 0.2627 -0.9342
vn -0.2414 0.2627 -0.9342
vn -0.2173 0.2346 -0.9475
vn -0.2341 0.3617 -0.9024
vn -0.2802 0.9270 0.2492
vn -0.4938 0.7515 0.4375
vn -0.3671 0.8775 -0.3087
vn -0.3671 0.8775 -0.3087
vn -0.6112 0.7236 -0.3206
vn -0.3847 0.4375 -0.8128
vn 0.1087 -0.1788 0.9779
vn 0.1087 -0.1788 0.9779
vn 0.0314 -0.0605 0.9977
vn -0.3671 0.8775 -0.3087
vn -0.3847 0.4375 -0.8128
vn -0.1677 0.5856 -0.7931
vn -0.1618 0.2418 -0.9567
vn -0.3847 0.4375 -0.8128
vn -0.2771 0.1629 -0.9469
vn 0.0000 0.0000 1.0000
vn 0.0314 -0.0605 0.9977
vn -0.0000 0.0000 1.0000
vn -0.1658 0.2170 -0.9620
vn -0.1618 0.2418 -0.9567
vn -0.2414 0.2627 -0.9342
vn -0.3849 0.8954 0.2239
vn -0.2802 0.9270 0.2492
vn -0.4318 0.8670 -0.2488
vn 0.1599 -0.4181 0.8942
vn 0.1599 -0.4181 0.8942
vn 0.0532 -0.1321 0.9898
vn -0.3849 0.8954 0.2239
vn -0.4318 0.8670 -0.2488
vn -0.6895 0.7186 -0.0906
vn -0.6511 0.5986 -0.4666
vn -0.4318 0.8670 -0.2488
vn -0.1677 0.5856 -0.7931
vn -0.6511 0.5986 -0.4666
vn -0.1677 0.5856 -0.7931
vn -0.2277 0.1831 -0.9564
vn -0.0000 0.0000 1.0000
vn 0.0532 -0.1321 0.9898
vn 0.0713 -0.0512 0.9961
vn -0.6511 0.5986 -0.4666
vn -0.2277 0.1831 -0.9564
vn -0.3395 0.3242 -0.8829
vn -0.2261 0.2567 -0.9397
vn -0.2277 0.1831 -0.9564
vn -0.1658 0.2170 -0.9620
vn -0.7383 0.4868 0.4668
vn -0.6895 0.7186 -0.0906
vn -0.7521 0.6155 -0.2355
vn -0.7383 0.4868 0.4668
vn -0.7521 0.6155 -0.2355
vn -0.6828 0.7261 0.0814
vn -0.5882 0.6908 -0.4205
vn -0.7521 0.6155 -0.2355
vn -0.3395 0.3242 -0.8829
vn -0.5882 0.6908 -0.4205
vn -0.3395 0.3242 -0.8829
vn -0.2389 0.2726 -0.9320
vn 0.9781 0.1060 -0.1790
vn 0.9204 0.3859 -0.0622
vn 0.9801 0.1941 0.0403
vn 0.9781 0.1060 -0.1790
vn 0.9801 0.1941 0.0403
vn 0.9613 0.2183 -0.1678
vn 0.8767 0.3116 -0.3664
vn 0.8706 0.2399 -0.4297
vn 0.9613 0.2183 -0.1678
vn 0.9613 0.2183 -0.1678
vn 0.9487 0.1241 0.2909
vn 0.9492 0.3063 -0.0717
vn 0.8767 0.3116 -0.3664
vn 0.9613 0.2183 -0.1678
vn 0.8810 0.3050 -0.3617
vn 0.7695 0.3088 -0.5590
vn 0.7279 0.3853 -0.5672
vn 0.8810 0.3050 -0.3617
vn 0.9445 0.3200 -0.0746
vn 0.9492 0.3063 -0.0717
vn 0.7565 0.3414 0.5578
vn 0.8810 0.3050 -0.3617
vn 0.9492 0.3063 -0.0717
vn 0.8914 0.3111 -0.3296
vn 0.7695 0.3088 -0.5590
vn 0.8810 0.3050 -0.3617
vn 0.7942 0.3110 -0.5220
vn 0.9655 0.2130 -0.1499
vn 0.9445 0.3200 -0.0746
vn 0.8041 0.2669 0.5313
vn 0.8041 0.2669 0.5313
vn 0.9925 0.1192 -0.0262
vn 0.9655 0.2130 -0.1499
vn 0.9385 0.1728 -0.2990
vn 0.8914 0.3111 -0.3296
vn 0.9655 0.2130 -0.1499
vn 0.9385 0.1728 -0.2990
vn 0.9655 0.2130 -0.1499
vn 0.9637 0.0960 -0.2491
vn 0.7942 0.3110 -0.5220
vn 0.8914 0.3111 -0.3296
vn 0.8419 0.2589 -0.4734
vn 0.7181 0.3008 -0.6276
vn 0.7942 0.3110 -0.5220
vn 0.7243 0.2276 -0.6509
vn -0.5327 -0.0801 0.8425
vn -0.5327 -0.0801 0.8425
vn -0.0958 -0.0617 0.9935
vn 0.9385 0.1728 -0.2990
vn 0.9637 0.0960 -0.2491
vn 0.9439 0.0803 -0.3203
vn 0.8513 0.0900 -0.5168
vn 0.8419 0.2589 -0.4734
vn 0.9439 0.0803 -0.3203
vn 0.8513 0.0900 -0.5168
vn 0.9439 0.0803 -0.3203
vn 0.9232 0.1022 -0.3704
vn 0.7643 0.1797 -0.6193
vn 0.7243 0.2276 -0.6509
vn 0.8513 0.0900 -0.5168
vn 0.7643 0.1797 -0.6193
vn 0.8513 0.0900 -0.5168
vn 0.8684 0.1366 -0.4766
vn 0.6836 0.2328 -0.6917
vn 0.7243 0.2276 -0.6509
vn 0.7252 0.2381 -0.6461
vn 0.6055 0.3037 -0.7357
vn 0.5483 0.2251 -0.8054
vn 0.7252 0.2381 -0.6461
vn -0.6943 -0.3854 0.6079
vn -0.0958 -0.0617 0.9935
vn -0.3912 -0.0568 0.9185
vn 0.7643 0.1797 -0.6193
vn 0.8684 0.1366 -0.4766
vn 0.8290 0.2480 -0.5012
vn 0.7159 0.2950 -0.6328
vn 0.7252 0.2381 -0.6461
vn 0.8290 0.2480 -0.5012
vn 0.6394 0.3308 -0.6941
vn 0.6055 0.3037 -0.7357
vn 0.7159 0.2950 -0.6328
vn -0.3912 -0.0568 0.9185
vn -0.0000 -0.0000 1.0000
vn -0.2254 0.0099 0.9742
vn 0.6394 0.3308 -0.6941
vn 0.7159 0.2950 -0.6328
vn 0.7670 0.3151 -0.5590
vn 0.9357 0.2873 -0.2048
vn 0.9204 0.3859 -0.0622
vn 0.8271 0.2272 -0.5142
vn 0.6421 0.3522 -0.6810
vn 0.5771 0.3308 -0.7467
vn 0.8271 0.2272 -0.5142
vn 0.6421 0.3522 -0.6810
vn 0.8271 0.2272 -0.5142
vn 0.8706 0.2399 -0.4297
vn 0.5749 0.4435 -0.6877
vn 0.5007 0.4211 -0.7563
vn 0.6421 0.3522 -0.6810
vn -0.4424 -0.0588 0.8949
vn -0.1290 -0.0418 0.9908
vn -0.4424 -0.0588 0.8949
vn 0.6421 0.3522 -0.6810
vn 0.8706 0.2399 -0.4297
vn 0.7124 0.3906 -0.5830
vn 0.5749 0.4435 -0.6877
vn 0.7124 0.3906 -0.5830
vn 0.7279 0.3853 -0.5672
vn 0.4953 0.4315 -0.7540
vn 0.4585 0.4228 -0.7817
vn 0.5749 0.4435 -0.6877
vn -0.2252 -0.0612 0.9724
vn -0.0715 0.0038 0.9974
vn 0.7012 0.1863 0.6882
vn 0.5749 0.4435 -0.6877
vn 0.7279 0.3853 -0.5672
vn 0.6144 0.4096 -0.6744
vn 0.5664 0.4134 -0.7129
vn 0.4953 0.4315 -0.7540
vn 0.6144 0.4096 -0.6744
vn 0.5664 0.4134 -0.7129
vn 0.6144 0.4096 -0.6744
vn 0.7181 0.3008 -0.6276
vn 0.7565 0.3414 0.5578
vn 0.7012 0.1863 0.6882
vn -0.0554 -0.0039 0.9985
vn 0.5664 0.4134 -0.7129
vn 0.7181 0.3008 -0.6276
vn 0.5475 0.3477 -0.7611
vn 0.2330 0.3592 -0.9037
vn 0.1471 0.3858 -0.9108
vn 0.5475 0.3477 -0.7611
vn 0.2330 0.3592 -0.9037
vn 0.5475 0.3477 -0.7611
vn 0.6836 0.2328 -0.6917
vn 0.8041 0.2669 0.5313
vn 0.7565 0.3414 0.5578
vn -0.0449 -0.0258 0.9987
vn 0.2330 0.3592 -0.9037
vn 0.6836 0.2328 -0.6917
vn 0.4017 0.2305 -0.8863
vn 0.1860 0.2643 -0.9463
vn 0.0473 0.3101 -0.9495
vn 0.4017 0.2305 -0.8863
vn 0.1860 0.2643 -0.9463
vn 0.4017 0.2305 -0.8863
vn 0.5483 0.2251 -0.8054
vn 0.8041 0.2669 0.5313
vn -0.0449 -0.0258 0.9987
vn -0.0958 -0.0617 0.9935
vn 0.1860 0.2643 -0.9463
vn 0.5483 0.2251 -0.8054
vn 0.3352 0.3492 -0.8750
vn -0.0958 -0.0617 0.9935
vn 0.0000 -0.0000 1.0000
vn -0.0000 -0.0000 1.0000
vn 0.3352 0.3492 -0.8750
vn 0.6055 0.3037 -0.7357
vn 0.5317 0.3588 -0.7672
vn 0.3987 0.4243 -0.8130
vn 0.2236 0.4472 -0.8660
vn 0.5317 0.3588 -0.7672
vn 0.3987 0.4243 -0.8130
vn 0.5317 0.3588 -0.7672
vn 0.5953 0.3901 -0.7024
vn -0.0000 -0.0000 1.0000
vn 0.0000 -0.0000 1.0000
vn 0.0000 0.0000 1.0000
vn -0.2243 -0.2179 0.9498
vn -0.0755 -0.0288 0.9967
vn -0.1290 -0.0418 0.9908
vn 0.1881 0.4980 -0.8465
vn 0.5007 0.4211 -0.7563
vn 0.4123 0.5183 -0.7492
vn -0.3178 0.3410 -0.8847
vn -0.2782 0.4201 -0.8638
vn 0.4123 0.5183 -0.7492
vn -0.3178 0.3410 -0.8847
vn -0.8188 0.0942 -0.5662
vn -0.8188 0.0942 -0.5662
vn -0.1290 -0.0418 0.9908
vn -0.0000 -0.0000 1.0000
vn -0.0715 0.0038 0.9974
vn -0.3178 0.3410 -0.8847
vn -0.7665 0.1768 -0.6174
vn -0.0476 0.3514 -0.9350
vn -0.0715 0.0038 0.9974
vn 0.0000 0.0000 1.0000
vn -0.0379 -0.0003 0.9993
vn -0.0476 0.3514 -0.9350
vn 0.4953 0.4315 -0.7540
vn 0.1471 0.3858 -0.9108
vn -0.0379 -0.0003 0.9993
vn 0.0000 0.0000 1.0000
vn -0.0554 -0.0039 0.9985
vn -0.2265 0.2853 -0.9313
vn 0.1471 0.3858 -0.9108
vn -0.2229 0.3312 -0.9169
vn -0.2345 0.3337 -0.9131
vn -0.2229 0.3312 -0.9169
vn 0.0473 0.3101 -0.9495
vn -0.0554 -0.0039 0.9985
vn -0.0000 0.0000 1.0000
vn -0.0449 -0.0258 0.9987
vn -0.2345 0.3337 -0.9131
vn 0.0473 0.3101 -0.9495
vn -0.1269 0.3091 -0.9425
vn 0.0000 -0.0000 1.0000
vn -0.0449 -0.0258 0.9987
vn -0.0000 -0.0000 1.0000
vn -0.1269 0.3091 -0.9425
vn 0.1860 0.2643 -0.9463
vn -0.0764 0.4038 -0.9117
vn -0.2017 0.4232 -0.8833
vn -0.0764 0.4038 -0.9117
vn 0.2236 0.4472 -0.8660
vn 0.0000 -0.0000 1.0000
vn 0.0000 -0.0000 1.0000
vn -0.0000 -0.0000 1.0000
vn -0.2017 0.4232 -0.8833
vn 0.2236 0.4472 -0.8660
vn -0.1687 0.4187 -0.8923
vn -0.0000 -0.0000 1.0000
vn -0.0000 -0.0000 1.0000
vn -0.0000 -0.0000 1.0000
vn 0.0000 0.0000 1.0000
vn 0.0000 0.0000 1.0000
vn -0.0000 -0.0000 1.0000
vn 0.0000 0.0000 1.0000
vn 0.0000 -0.0000 1.0000
vn -0.0000 -0.0000 1.0000
vn -0.0755 -0.0288 0.9967
vn -0.0000 -0.0000 1.0000
vn -0.0000 -0.0000 1.0000
vn -0.2341 0.3617 -0.9024
vn -0.2782 0.4201 -0.8638
vn -0.3238 0.3674 -0.8719
vn -0.0000 -0.0000 1.0000
vn 0.0000 -0.0000 1.0000
vn 0.0000 0.0000 1.0000
vn -0.2782 0.4201 -0.8638
vn -0.3178 0.3410 -0.8847
vn -0.2477 0.3456 -0.9051
vn -0.2477 0.3456 -0.9051
vn -0.0476 0.3514 -0.9350
vn -0.2265 0.2853 -0.9313
vn 0.0000 0.0000 1.0000
vn 0.0000 0.0000 1.0000
vn 0.0000 0.0000 1.0000
vn -0.2477 0.3456 -0.9051
vn -0.2265 0.2853 -0.9313
vn -0.3192 0.2732 -0.9074
vn 0.0000 0.0000 1.0000
vn 0.0000 0.0000 1.0000
vn -0.0000 0.0000 1.0000
vn -0.3531 0.3144 -0.8812
vn -0.3248 0.2471 -0.9129
vn -0.2229 0.3312 -0.9169
vn -0.3531 0.3144 -0.8812
vn -0.2229 0.3312 -0.9169
vn -0.2836 0.3715 -0.8841
vn -0.3531 0.3144 -0.8812
vn -0.2836 0.3715 -0.8841
vn -0.3501 0.3977 -0.8481
vn 0.0000 0.0000 1.0000
vn -0.0000 -0.0000 1.0000
vn -0.0000 0.0000 1.0000
vn -0.2683 0.4001 -0.8763
vn -0.2836 0.3715 -0.8841
vn -0.0764 0.4038 -0.9117
vn -0.2683 0.4001 -0.8763
vn -0.0764 0.4038 -0.9117
vn -0.2017 0.4232 -0.8833
vn -0.2683 0.4001 -0.8763
vn -0.2017 0.4232 -0.8833
vn -0.3095 0.3654 -0.8779
vn -0.3095 0.3654 -0.8779
vn -0.2017 0.4232 -0.8833
vn -0.1687 0.4187 -0.8923
vn -0.3432 0.3538 -0.8701
vn -0.3095 0.3654 -0.8779
vn -0.3333 0.3732 -0.8658
vn -0.0000 -0.0000 1.0000
vn 0.0000 0.0000 1.0000
vn 0.0000 -0.0000 1.0000
vn 0.0000 -0.0000 1.0000
vn 0.0000 -0.0000 1.0000
vn 0.0000 0.0000 1.0000
vn -0.3238 0.3674 -0.8719
vn -0.3456 0.3915 -0.8528
vn -0.3833 0.2919 -0.8763
vn -0.3192 0.2732 -0.9074
vn -0.3456 0.3915 -0.8528
vn -0.2477 0.3456 -0.9051
vn 0.0000 0.0000 1.0000
vn 0.0000 0.0000 1.0000
vn 0.0000 0.0000 1.0000
vn -0.3884 0.1941 -0.9008
vn -0.3192 0.2732 -0.9074
vn -0.3248 0.2471 -0.9129
vn -0.0000 0.0000 1.0000
vn 0.0000 0.0000 1.0000
vn -0.0000 -0.0000 1.0000
vn -0.3884 0.1941 -0.9008
vn -0.3248 0.2471 -0.9129
vn -0.3589 0.2493 -0.8995
vn -0.0000 -0.0000 1.0000
vn 0.0000 0.0000 1.0000
vn -0.0000 -0.0000 1.0000
vn -0.3461 0.3826 -0.8566
vn -0.3531 0.3144 -0.8812
vn -0.3501 0.3977 -0.8481
vn -0.3461 0.3826 -0.8566
vn -0.3501 0.3977 -0.8481
vn -0.3389 0.3912 -0.8557
vn -0.3461 0.3826 -0.8566
vn -0.3389 0.3912 -0.8557
vn -0.3504 0.3981 -0.8478
vn -0.3389 0.3912 -0.8557
vn -0.3095 0.3654 -0.8779
vn -0.3432 0.3538 -0.8701
vn 0.0000 -0.0000 1.0000
vn 0.0000 0.0000 1.0000
vn -0.0000 0.0000 1.0000
vn -0.1658 0.2170 -0.9620
vn -0.2414 0.2627 -0.9342
vn -0.1868 0.2427 -0.9520
vn -0.2884 0.3003 -0.9092
vn -0.2414 0.2627 -0.9342
vn -0.3238 0.3674 -0.8719
vn 0.0000 -0.0000 1.0000
vn -0.0000 0.0000 1.0000
vn 0.0000 0.0000 1.0000
vn 0.0000 0.0000 1.0000
vn 0.0000 0.0000 1.0000
vn 0.0000 0.0000 1.0000
vn -0.2884 0.3003 -0.9092
vn -0.3833 0.2919 -0.8763
vn -0.2811 0.2636 -0.9228
vn -0.3589 0.2493 -0.8995
vn -0.3833 0.2919 -0.8763
vn -0.3884 0.1941 -0.9008
vn -0.0000 -0.0000 1.0000
vn 0.0000 -0.0000 1.0000
vn 0.0000 0.0000 1.0000
vn -0.0000 -0.0000 1.0000
vn 0.0000 0.0000 1.0000
vn 0.0000 0.0000 1.0000
vn -0.2917 0.3190 -0.9017
vn -0.3589 0.2493 -0.8995
vn -0.3461 0.3826 -0.8566
vn -0.2917 0.3190 -0.9017
vn -0.3461 0.3826 -0.8566
vn -0.3080 0.3453 -0.8865
vn -0.3504 0.3981 -0.8478
vn -0.3389 0.3912 -0.8557
vn -0.4119 0.3253 -0.8512
vn -0.4058 0.3269 -0.8535
vn -0.4119 0.3253 -0.8512
vn -0.3432 0.3538 -0.8701
vn -0.0000 0.0000 1.0000
vn -0.0000 0.0000 1.0000
vn 0.0000 -0.0000 1.0000
vn -0.1819 0.2268 -0.9568
vn -0.2261 0.2567 -0.9397
vn -0.1868 0.2427 -0.9520
vn -0.1819 0.2268 -0.9568
vn -0.1868 0.2427 -0.9520
vn -0.2099 0.2523 -0.9446
vn 0.0000 0.0000 1.0000
vn -0.0000 0.0000 1.0000
vn -0.0000 0.0000 1.0000
vn -0.1819 0.2268 -0.9568
vn -0.2099 0.2523 -0.9446
vn -0.2409 0.2337 -0.9420
vn 0.0000 -0.0000 1.0000
vn 0.0000 -0.0000 1.0000
vn 0.0000 0.0000 1.0000
vn -0.0000 -0.0000 1.0000
vn 0.0000 0.0000 1.0000
vn 0.0000 0.0000 1.0000
vn -0.2811 0.2636 -0.9228
vn -0.2720 0.2779 -0.9213
vn -0.2759 0.2414 -0.9304
vn -0.3080 0.3453 -0.8865
vn -0.3504 0.3981 -0.8478
vn -0.4024 0.3179 -0.8585
vn -0.4024 0.3179 -0.8585
vn -0.4119 0.3253 -0.8512
vn -0.4536 0.2868 -0.8438
vn 0.0000 -0.0000 1.0000
vn 0.0713 -0.0512 0.9961
vn 0.0707 -0.0499 0.9963
vn -0.5882 0.6908 -0.4205
vn -0.2389 0.2726 -0.9320
vn -0.5075 0.1592 -0.8468
vn -0.3241 0.2247 -0.9189
vn -0.2389 0.2726 -0.9320
vn -0.1819 0.2268 -0.9568
vn -0.0000 0.0000 1.0000
vn 0.0000 -0.0000 1.0000
vn 0.0246 0.0015 0.9997
vn -0.5075 0.1592 -0.8468
vn -0.3241 0.2247 -0.9189
vn -0.4782 0.2635 -0.8378
vn -0.3737 0.2056 -0.9045
vn -0.3241 0.2247 -0.9189
vn -0.2409 0.2337 -0.9420
vn -0.0000 -0.0000 1.0000
vn 0.0000 -0.0000 1.0000
vn 0.0524 -0.0221 0.9984
vn -0.0000 0.0000 1.0000
vn 0.0246 0.0015 0.9997
vn 0.0000 0.0000 1.0000
vn -0.3737 0.2056 -0.9045
vn -0.2409 0.2337 -0.9420
vn -0.3972 0.1731 -0.9013
vn -0.3257 0.2252 -0.9183
vn -0.2409 0.2337 -0.9420
vn -0.2811 0.2636 -0.9228
vn -0.3972 0.1731 -0.9013
vn -0.3257 0.2252 -0.9183
vn -0.3777 0.2083 -0.9022
vn -0.3955 0.1939 -0.8978
vn -0.3257 0.2252 -0.9183
vn -0.2759 0.2414 -0.9304
vn -0.3955 0.1939 -0.8978
vn -0.2759 0.2414 -0.9304
vn -0.3951 0.2565 -0.8821
vn -0.4024 0.3179 -0.8585
vn -0.3951 0.2565 -0.8821
vn -0.3080 0.3453 -0.8865
vn -0.4563 0.2492 -0.8542
vn -0.4536 0.2868 -0.8438
vn -0.4663 0.2868 -0.8369
vn -0.4563 0.2492 -0.8542
vn -0.4663 0.2868 -0.8369
vn -0.5076 0.2165 -0.8340
vn 0.1868 0.4093 -0.8931
vn 0.2018 0.4668 -0.8610
vn 0.3987 0.4243 -0.8130
vn 0.1868 0.4093 -0.8931
vn 0.3987 0.4243 -0.8130
vn 0.4670 0.4523 -0.7598
vn -0.3044 0.3761 -0.8751
vn -0.1687 0.4187 -0.8923
vn 0.2018 0.4668 -0.8610
vn -0.1687 0.4187 -0.8923
vn -0.3044 0.3761 -0.8751
vn -0.3333 0.3732 -0.8658
vn -0.3432 0.3538 -0.8701
vn -0.3333 0.3732 -0.8658
vn -0.3321 0.3970 -0.8556
vn -0.4103 0.7488 0.5205
vn -0.6828 0.7261 0.0814
vn -0.7267 0.6362 -0.2592
vn 0.0662 -0.2169 0.9740
vn -0.4103 0.7488 0.5205
vn 0.0707 -0.0499 0.9963
vn -0.4103 0.7488 0.5205
vn -0.7267 0.6362 -0.2592
vn -0.9891 0.1226 0.0810
vn -0.7695 0.3764 -0.5160
vn -0.7267 0.6362 -0.2592
vn -0.5075 0.1592 -0.8468
vn 0.0246 0.0015 0.9997
vn 0.0707 -0.0499 0.9963
vn -0.5714 0.0846 0.8163
vn -0.4055 0.3797 -0.8315
vn -0.7695 0.3764 -0.5160
vn -0.4782 0.2635 -0.8378
vn -0.4055 0.3797 -0.8315
vn -0.4782 0.2635 -0.8378
vn -0.3643 0.2326 -0.9018
vn -0.6127 0.1964 0.7655
vn 0.0496 -0.0513 0.9975
vn 0.0524 -0.0221 0.9984
vn 0.0246 0.0015 0.9997
vn -0.5714 0.0846 0.8163
vn 0.0524 -0.0221 0.9984
vn -0.4055 0.3797 -0.8315
vn -0.3643 0.2326 -0.9018
vn -0.4449 0.2567 -0.8580
vn -0.3113 0.1710 -0.9348
vn -0.3643 0.2326 -0.9018
vn -0.3972 0.1731 -0.9013
vn 0.0085 -0.0135 0.9999
vn 0.0496 -0.0513 0.9975
vn -0.2567 0.4352 0.8630
vn -0.2992 0.2369 -0.9243
vn -0.3113 0.1710 -0.9348
vn -0.3777 0.2083 -0.9022
vn -0.2992 0.2369 -0.9243
vn -0.3777 0.2083 -0.9022
vn -0.3593 0.1794 -0.9158
vn -0.3833 0.2200 -0.8970
vn -0.3777 0.2083 -0.9022
vn -0.3951 0.2565 -0.8821
vn -0.3593 0.1794 -0.9158
vn -0.3833 0.2200 -0.8970
vn -0.4173 0.1652 -0.8936
vn -0.4563 0.2492 -0.8542
vn -0.3833 0.2200 -0.8970
vn -0.3951 0.2565 -0.8821
vn -0.5834 0.1011 -0.8059
vn -0.5076 0.2165 -0.8340
vn -0.5554 0.1850 -0.8108
vn -0.2502 0.8673 -0.4304
vn -0.9891 0.1226 0.0810
vn -0.4511 0.7121 -0.5379
vn -0.9891 0.1226 0.0810
vn -0.9440 0.1045 0.3130
vn -0.5714 0.0846 0.8163
vn -0.5953 0.1104 -0.7958
vn -0.9440 0.1045 0.3130
vn -0.7749 0.2466 -0.5820
vn -0.7749 0.2466 -0.5820
vn -0.4511 0.7121 -0.5379
vn -0.4055 0.3797 -0.8315
vn -0.5714 0.0846 0.8163
vn -0.8237 0.3422 0.4522
vn -0.6127 0.1964 0.7655
vn -0.5114 -0.8541 -0.0952
vn -0.5114 -0.8541 -0.0952
vn -0.5114 -0.8541 -0.0952
vn -0.7202 0.3387 -0.6054
vn -0.7749 0.2466 -0.5820
vn -0.4449 0.2567 -0.8580
vn -0.7202 0.3387 -0.6054
vn -0.4449 0.2567 -0.8580
vn -0.4242 0.1906 -0.8853
vn 0.3371 0.4051 0.8499
vn 0.0535 -0.0887 0.9946
vn -0.2567 0.4352 0.8630
vn -0.6127 0.1964 0.7655
vn -0.5026 0.8041 0.3174
vn -0.2567 0.4352 0.8630
vn -0.7202 0.3387 -0.6054
vn -0.4242 0.1906 -0.8853
vn -0.3948 0.2726 -0.8774
vn -0.4226 0.2032 -0.8832
vn -0.4242 0.1906 -0.8853
vn -0.2992 0.2369 -0.9243
vn -0.3948 0.2726 -0.8774
vn -0.4226 0.2032 -0.8832
vn -0.4131 0.1564 -0.8972
vn -0.4131 0.1564 -0.8972
vn -0.4226 0.2032 -0.8832
vn -0.3593 0.1794 -0.9158
vn -0.0000 0.0000 1.0000
vn 0.1921 -0.0427 0.9804
vn -0.0000 0.0000 1.0000
vn -0.4693 0.1132 -0.8758
vn -0.4131 0.1564 -0.8972
vn -0.4173 0.1652 -0.8936
vn -0.4693 0.1132 -0.8758
vn -0.4173 0.1652 -0.8936
vn -0.4569 0.1564 -0.8757
vn 0.0000 -0.0000 1.0000
vn -0.0000 0.0000 1.0000
vn 0.1601 0.0184 0.9869
vn -0.4693 0.1132 -0.8758
vn -0.4569 0.1564 -0.8757
vn -0.5117 0.0893 -0.8545
vn 0.0000 -0.0000 1.0000
vn 0.0000 -0.0000 1.0000
vn 0.1110 -0.0047 0.9938
vn -0.5868 0.0138 -0.8096
vn -0.5117 0.0893 -0.8545
vn -0.5834 0.1011 -0.8059
vn -0.7398 0.6661 0.0954
vn -0.5026 0.8041 0.3174
vn -0.6394 0.6323 -0.4374
vn 0.3515 -0.2200 0.9100
vn 0.0535 -0.0887 0.9946
vn 0.1427 -0.2516 0.9572
vn -0.5026 0.8041 0.3174
vn 0.5541 0.4834 0.6777
vn 0.3371 0.4051 0.8499
vn -0.9354 0.0210 0.3529
vn -0.7398 0.6661 0.0954
vn -0.9317 0.2085 -0.2976
vn -0.9317 0.2085 -0.2976
vn -0.6394 0.6323 -0.4374
vn -0.3948 0.2726 -0.8774
vn 0.8108 -0.5785 -0.0885
vn 0.3515 -0.2200 0.9100
vn 0.8108 -0.5785 -0.0885
vn -0.0000 0.0000 1.0000
vn 0.2560 -0.0864 0.9628
vn 0.1921 -0.0427 0.9804
vn -0.9354 0.0210 0.3529
vn -0.9317 0.2085 -0.2976
vn -0.9804 0.1956 -0.0224
vn -0.8961 0.1027 -0.4319
vn -0.9317 0.2085 -0.2976
vn -0.4131 0.1564 -0.8972
vn -0.8961 0.1027 -0.4319
vn -0.4131 0.1564 -0.8972
vn -0.4693 0.1132 -0.8758
vn 0.2583 -0.0209 0.9658
vn 0.1921 -0.0427 0.9804
vn 0.6800 -0.1749 0.7121
vn -0.9804 0.1956 -0.0224
vn -0.8961 0.1027 -0.4319
vn -0.9870 0.1228 -0.1036
vn -0.8961 0.1027 -0.4319
vn -0.4693 0.1132 -0.8758
vn -0.9216 0.0551 -0.3842
vn 0.1601 0.0184 0.9869
vn 0.2583 -0.0209 0.9658
vn 0.4822 0.0812 0.8723
vn -0.9870 0.1228 -0.1036
vn -0.9216 0.0551 -0.3842
vn -0.9933 0.0557 -0.1016
vn -0.9216 0.0551 -0.3842
vn -0.5521 0.0800 -0.8299
vn -0.9279 -0.0116 -0.3726
vn -0.5640 0.0535 -0.8241
vn -0.5521 0.0800 -0.8299
vn -0.5117 0.0893 -0.8545
vn 0.1110 -0.0047 0.9938
vn 0.1601 0.0184 0.9869
vn 0.2843 0.0735 0.9559
vn -0.9933 0.0557 -0.1016
vn -0.9279 -0.0116 -0.3726
vn -0.9991 -0.0420 -0.0080
vn -0.9176 -0.0348 -0.3960
vn -0.9279 -0.0116 -0.3726
vn -0.5868 0.0138 -0.8096
vn -0.5640 0.0535 -0.8241
vn -0.5117 0.0893 -0.8545
vn -0.5868 0.0138 -0.8096
vn 0.0000 -0.0000 1.0000
vn 0.0000 -0.0000 1.0000
vn 0.0000 -0.0000 1.0000
vn 0.0000 0.0000 1.0000
vn 0.0000 -0.0000 1.0000
vn 0.0000 -0.0000 1.0000
vn 0.0000 0.0000 1.0000
vn 0.0000 0.0000 1.0000
vn 0.0000 0.0000 1.0000
vn 0.0000 0.0000 1.0000
vn 0.0000 0.0000 1.0000
vn -0.0000 0.0000 1.0000
vn -0.0000 -0.0000 1.0000
vn 0.0000 0.0000 1.0000
vn -0.0000 0.0000 1.0000
vn -0.0000 -0.0000 1.0000
vn -0.0000 0.0000 1.0000
vn 0.0000 -0.0000 1.0000
vn 0.0000 -0.0000 1.0000
vn 0.0000 0.0000 1.0000
vn 0.0000 -0.0000 1.0000
vn 0.0000 0.0000 1.0000
vn 0.0000 0.0000 1.0000
vn -0.0000 0.0000 1.0000
vn -0.0000 0.0000 1.0000
vn 0.0000 0.0000 1.0000
vn -0.0000 0.0000 1.0000
vn -0.0000 0.0000 1.0000
vn 0.0000 0.0000 1.0000
vn 0.0000 0.0000 1.0000
vn 0.0000 0.0000 1.0000
vn 0.0000 0.0000 1.0000
vn 0.0000 0.0000 1.0000
vn 0.0000 0.0000 1.0000
vn 0.0000 0.0000 1.0000
vn 0.0000 0.0000 1.0000
vn 0.0000 0.0000 1.0000
vn 0.0000 0.0000 1.0000
vn 0.0000 0.0000 1.0000
vn 0.0000 0.0000 1.0000
vn 0.0000 0.0000 1.0000
vn 0.0000 0.0000 1.0000
vn 0.0000 0.0000 1.0000
vn 0.0000 0.0000 1.0000
vn -0.0000 -0.0000 1.0000
vn 0.0000 0.0000 1.0000
vn 0.0000 0.0000 1.0000
vn 0.0000 0.0000 1.0000
vn 0.0000 0.0000 1.0000
vn 0.0000 0.0000 1.0000
vn 0.0000 -0.0000 1.0000
vn 0.0000 -0.0000 1.0000
vn -0.0000 -0.0000 1.0000
vn 0.0000 0.0000 1.0000
vn 0.0000 0.0000 1.0000
vn 0.0000 0.0000 1.0000
vn 0.0000 0.0000 1.0000
vn 0.0000 0.0000 1.0000
vn 0.0000 0.0000 1.0000
vn 0.0000 0.0000 1.0000
vn 0.0000 0.0000 1.0000
vn 0.0000 0.0000 1.0000
vn 0.0000 0.0000 1.0000
vn 0.0000 0.0000 1.0000
vn -0.0000 -0.0000 1.0000
vn -0.0000 -0.0000 1.0000
vn -0.0000 -0.0000 1.0000
vn 0.0000 0.0000 1.0000
vn 0.0000 0.0000 1.0000
vn 0.0000 0.0000 1.0000
vn 0.0000 0.0000 1.0000
vn 0.0000 0.0000 1.0000
vn 0.0000 0.0000 1.0000
vn 0.0000 -0.0000 1.0000
vn -0.0000 -0.0000 1.0000
vn -0.0000 -0.0000 1.0000
vn -0.0000 -0.0000 1.0000
vn 0.0000 -0.0000 1.0000
vn 0.0000 0.0000 1.0000
vn -0.0000 0.0000 1.0000
vn 0.0000 0.0000 1.0000
vn 0.0000 -0.0000 1.0000
vn 0.0000 0.0000 1.0000
vn 0.0000 -0.0000 1.0000
vn 0.0000 0.0000 1.0000
vn 0.0000 -0.0000 1.0000
vn 0.0336 0.0252 0.9991
vn 0.0000 -0.0000 1.0000
vn 0.0000 0.0000 1.0000
vn 0.1350 0.0367 0.9902
vn -0.0000 0.0000 1.0000
vn 0.0000 0.0000 1.0000
vn 0.0000 0.0000 1.0000
vn 0.0000 -0.0000 1.0000
vn -0.0000 0.0000 1.0000
vn -0.0000 0.0000 1.0000
vn 0.0000 -0.0000 1.0000
vn 0.0000 -0.0000 1.0000
vn 0.0000 -0.0000 1.0000
vn 0.0000 -0.0000 1.0000
vn 0.0000 -0.0000 1.0000
vn 0.0000 0.0000 1.0000
vn 0.0000 -0.0000 1.0000
vn -0.0000 -0.0000 1.0000
vn 0.0000 0.0000 1.0000
vn 0.0000 0.0000 1.0000
vn -0.0000 -0.0000 1.0000
vn -0.0000 0.0000 1.0000
vn -0.0000 0.0000 1.0000
vn -0.0000 0.0000 1.0000
vn 0.0000 -0.0000 1.0000
vn 0.0000 -0.0000 1.0000
vn 0.0000 -0.0000 1.0000
vn 0.0000 0.0000 1.0000
vn 0.0000 0.0000 1.0000
vn 0.0000 -0.0000 1.0000
vn 0.0000 -0.0000 1.0000
vn 0.0000 0.0000 1.0000
vn 0.0000 -0.0000 1.0000
vn -0.0000 0.0000 1.0000
vn 0.0000 0.0000 1.0000
vn -0.0000 -0.0000 1.0000
vn -0.0000 -0.0000 1.0000
vn -0.0000 -0.0000 1.0000
vn 0.0000 0.0000 1.0000
vn -0.0000 0.0000 1.0000
vn 0.0000 0.0000 1.0000
vn -0.0000 0.0000 1.0000
vn -0.0000 0.0000 1.0000
vn 0.0000 -0.0000 1.0000
vn 0.0000 0.0000 1.0000
vn 0.0000 -0.0000 1.0000
vn -0.0000 -0.0000 1.0000
vn -0.0000 -0.0000 1.0000
vn 0.0000 0.0000 1.0000
vn 0.0000 0.0000 1.0000
vn -0.0000 0.0000 1.0000
vn 0.0000 0.0000 1.0000
vn 0.0000 0.0000 1.0000
vn -0.0000 -0.0000 1.0000
vn -0.0000 0.0000 1.0000
vn -0.0000 -0.0000 1.0000
vn -0.0000 0.0000 1.0000
vn -0.0000 0.0000 1.0000
vn 0.0000 -0.0000 1.0000
vn -0.0000 -0.0000 1.0000
vn 0.0263 0.0275 0.9993
vn 0.0000 0.0000 1.0000
vn -0.0000 -0.0000 1.0000
vn -0.0000 -0.0000 1.0000
vn -0.0000 -0.0000 1.0000
vn 0.0000 0.0000 1.0000
vn 0.0000 0.0000 1.0000
vn -0.0000 0.0000 1.0000
vn 0.0000 0.0000 1.0000
vn 0.0000 0.0000 1.0000
vn -0.0000 -0.0000 1.0000
vn -0.0000 0.0000 1.0000
vn 0.0330 0.0237 0.9992
vn 0.0000 0.0000 1.0000
vn -0.0000 -0.0000 1.0000
vn 0.1178 0.0254 0.9927
vn 0.0000 0.0000 1.0000
vn -0.0000 -0.0000 1.0000
vn 0.0000 0.0000 1.0000
vn 0.0000 0.0000 1.0000
vn 0.0000 0.0000 1.0000
vn 0.0511 0.0352 0.9981
vn 0.0000 0.0000 1.0000
vn -0.0000 -0.0000 1.0000
vn 0.0000 0.0000 1.0000
vn -0.0000 0.0000 1.0000
vn 0.0000 0.0000 1.0000
vn 0.0000 0.0000 1.0000
vn -0.0000 0.0000 1.0000
vn -0.0000 0.0000 1.0000
vn 0.0464 0.0264 0.9986
vn 0.0000 0.0000 1.0000
vn 0.0000 0.0000 1.0000
vn 0.0377 0.0272 0.9989
vn 0.9539 0.2543 -0.1596
vn 0.9433 0.2472 -0.2216
vn 0.9725 0.1958 -0.1263
vn 0.9206 0.3382 -0.1952
vn 0.8983 0.3371 -0.2819
vn 0.9539 0.2543 -0.1596
vn 0.9725 0.1958 -0.1263
vn 0.9873 0.1562 -0.0288
vn 0.9773 0.1976 -0.0765
vn 0.9612 0.2626 -0.0844
vn 0.9539 0.2543 -0.1596
vn 0.9773 0.1976 -0.0765
vn 0.9317 0.3491 -0.1004
vn 0.9206 0.3382 -0.1952
vn 0.9612 0.2626 -0.0844
vn 0.9836 0.1801 -0.0129
vn 0.9838 0.1598 0.0813
vn 0.9844 0.1762 -0.0011
vn 0.9738 0.2257 -0.0288
vn 0.9773 0.1976 -0.0765
vn 0.9844 0.1762 -0.0011
vn 0.9606 0.2768 -0.0241
vn 0.9612 0.2626 -0.0844
vn 0.9738 0.2257 -0.0288
vn 0.9485 0.3167 -0.0048
vn 0.9317 0.3491 -0.1004
vn 0.9606 0.2768 -0.0241
vn 0.9844 0.1762 -0.0011
vn 0.9878 0.1142 0.1057
vn 0.9854 0.1533 0.0746
vn 0.9792 0.2010 0.0289
vn 0.9738 0.2257 -0.0288
vn 0.9854 0.1533 0.0746
vn 0.9696 0.2442 0.0160
vn 0.9606 0.2768 -0.0241
vn 0.9792 0.2010 0.0289
vn -0.9956 -0.0198 0.0918
vn -0.2254 0.0099 0.9742
vn -0.9956 -0.0198 0.0918
vn 0.9868 0.0483 -0.1548
vn 0.9848 0.0619 -0.1625
vn 0.9935 0.0310 -0.1099
vn 0.9674 0.1214 -0.2225
vn 0.9435 0.1198 -0.3088
vn 0.9868 0.0483 -0.1548
vn 0.9078 0.1899 -0.3740
vn 0.9435 0.1198 -0.3088
vn 0.9385 0.2050 -0.2779
vn 0.8290 0.2480 -0.5012
vn 0.9078 0.1899 -0.3740
vn 0.8637 0.2664 -0.4279
vn -0.9563 -0.0279 0.2909
vn -0.2109 0.0016 0.9775
vn -0.9563 -0.0279 0.2909
vn 0.9931 0.0236 -0.1146
vn 0.9868 0.0483 -0.1548
vn 0.9967 0.0027 -0.0815
vn 0.9783 0.1310 -0.1606
vn 0.9674 0.1214 -0.2225
vn 0.9931 0.0236 -0.1146
vn 0.9633 0.1905 -0.1891
vn 0.9385 0.2050 -0.2779
vn 0.9783 0.1310 -0.1606
vn 0.8637 0.2664 -0.4279
vn 0.9385 0.2050 -0.2779
vn 0.8935 0.2739 -0.3557
vn 0.7670 0.3151 -0.5590
vn 0.8637 0.2664 -0.4279
vn 0.8216 0.3365 -0.4602
vn -0.9264 0.0451 0.3739
vn -0.2475 0.0063 0.9689
vn -0.9264 0.0451 0.3739
vn 0.9945 0.0566 -0.0884
vn 0.9931 0.0236 -0.1146
vn 0.9988 0.0136 -0.0467
vn 0.9892 0.1092 -0.0974
vn 0.9783 0.1310 -0.1606
vn 0.9945 0.0566 -0.0884
vn 0.9790 0.1724 -0.1088
vn 0.9633 0.1905 -0.1891
vn 0.9892 0.1092 -0.0974
vn 0.8935 0.2739 -0.3557
vn 0.9633 0.1905 -0.1891
vn 0.9396 0.2272 -0.2560
vn 0.8216 0.3365 -0.4602
vn 0.8935 0.2739 -0.3557
vn 0.8866 0.2967 -0.3547
vn 0.7396 0.3948 -0.5451
vn 0.8216 0.3365 -0.4602
vn 0.8065 0.4043 -0.4315
vn 0.9976 0.0267 -0.0638
vn 0.9945 0.0566 -0.0884
vn 0.9988 0.0136 -0.0467
vn 0.9940 0.1072 -0.0220
vn 0.9892 0.1092 -0.0974
vn 0.9976 0.0267 -0.0638
vn 0.9396 0.2272 -0.2560
vn 0.9790 0.1724 -0.1088
vn 0.9433 0.2472 -0.2216
vn 0.9790 0.1724 -0.1088
vn 0.9725 0.1958 -0.1263
vn 0.9433 0.2472 -0.2216
vn 0.8983 0.3371 -0.2819
vn 0.8866 0.2967 -0.3547
vn 0.9433 0.2472 -0.2216
vn 0.8537 0.4180 -0.3106
vn 0.8065 0.4043 -0.4315
vn 0.8983 0.3371 -0.2819
vn -0.9671 -0.0189 0.2537
vn -0.9671 -0.0189 0.2537
vn -0.3405 -0.0036 0.9402
vn 0.9985 0.0437 -0.0326
vn 0.9976 0.0267 -0.0638
vn 0.9988 0.0334 -0.0352
vn 0.9902 0.1285 0.0544
vn 0.9940 0.1072 -0.0220
vn 0.9985 0.0437 -0.0326
vn 0.9790 0.1724 -0.1088
vn 0.9940 0.1072 -0.0220
vn 0.9873 0.1562 -0.0288
vn 0.9829 0.1831 0.0174
vn 0.9985 0.0437 -0.0326
vn 0.9988 0.0334 -0.0352
vn 0.9838 0.1598 0.0813
vn 0.9902 0.1285 0.0544
vn 0.9829 0.1831 0.0174
vn 0.9873 0.1562 -0.0288
vn 0.9902 0.1285 0.0544
vn 0.9836 0.1801 -0.0129
vn -0.6163 -0.0643 0.7849
vn -0.6163 -0.0643 0.7849
vn -0.1898 -0.0027 0.9818
vn 0.9812 0.1894 -0.0364
vn 0.9829 0.1831 0.0174
vn 0.9642 0.1816 0.1932
vn 0.9838 0.1598 0.0813
vn 0.9829 0.1831 0.0174
vn 0.9891 0.1470 -0.0053
vn 0.9878 0.1142 0.1057
vn 0.9838 0.1598 0.0813
vn 0.9891 0.1470 -0.0053
vn -0.3307 -0.1260 0.9353
vn 0.0769 -0.0974 0.9923
vn -0.0235 -0.0145 0.9996
vn 0.9891 0.1470 -0.0053
vn 0.9812 0.1894 -0.0364
vn 0.9963 0.0717 -0.0468
vn 0.9839 0.1058 0.1442
vn 0.9878 0.1142 0.1057
vn 0.9963 0.0717 -0.0468
vn 0.8798 0.4298 -0.2029
vn 0.9317 0.3491 -0.1004
vn 0.9053 0.4096 -0.1126
vn 0.9053 0.4096 -0.1126
vn 0.9485 0.3167 -0.0048
vn 0.9305 0.3662 -0.0066
vn 0.7638 0.3754 0.5250
vn 0.9053 0.4096 -0.1126
vn 0.8212 0.3472 0.4528
vn 0.7181 0.4883 -0.4959
vn 0.7187 0.4347 -0.5428
vn 0.8065 0.4043 -0.4315
vn 0.7181 0.4883 -0.4959
vn 0.8065 0.4043 -0.4315
vn 0.7673 0.5003 -0.4011
vn 0.6728 0.5871 -0.4502
vn 0.6466 0.5577 -0.5204
vn 0.7673 0.5003 -0.4011
vn 0.8160 0.4980 -0.2936
vn 0.7673 0.5003 -0.4011
vn 0.8537 0.4180 -0.3106
vn 0.8160 0.4980 -0.2936
vn 0.8537 0.4180 -0.3106
vn 0.8798 0.4298 -0.2029
vn 0.6728 0.5871 -0.4502
vn 0.7673 0.5003 -0.4011
vn 0.7582 0.5384 -0.3678
vn 0.4710 0.2417 0.8484
vn 0.8481 0.4850 -0.2135
vn 0.7944 0.5668 -0.2182
vn 0.9854 0.1533 0.0746
vn 0.9839 0.1058 0.1442
vn 0.9896 0.0888 0.1135
vn 0.9920 0.0976 0.0803
vn 0.9792 0.2010 0.0289
vn 0.9896 0.0888 0.1135
vn 0.9802 0.1798 0.0825
vn 0.9696 0.2442 0.0160
vn 0.9920 0.0976 0.0803
vn 0.9717 0.2247 0.0731
vn 0.9485 0.3167 -0.0048
vn 0.9802 0.1798 0.0825
vn 0.9839 0.1058 0.1442
vn 0.9954 0.0902 -0.0334
vn 0.9923 0.0657 0.1054
vn 0.9967 0.0032 0.0815
vn 0.9896 0.0888 0.1135
vn 0.9923 0.0657 0.1054
vn 0.9944 -0.0295 0.1011
vn 0.9920 0.0976 0.0803
vn 0.9967 0.0032 0.0815
vn 0.9883 0.0050 0.1523
vn 0.9802 0.1798 0.0825
vn 0.9944 -0.0295 0.1011
vn 0.9775 0.0819 0.1945
vn 0.9717 0.2247 0.0731
vn 0.9883 0.0050 0.1523
vn 0.9923 0.0657 0.1054
vn 0.9966 0.0681 -0.0466
vn 0.9985 0.0465 0.0278
vn 0.9996 -0.0280 0.0006
vn 0.9967 0.0032 0.0815
vn 0.9985 0.0465 0.0278
vn 0.9884 -0.0873 0.1247
vn 0.9944 -0.0295 0.1011
vn 0.9996 -0.0280 0.0006
vn 0.9755 -0.0982 0.1971
vn 0.9883 0.0050 0.1523
vn 0.9884 -0.0873 0.1247
vn 0.9936 0.0925 -0.0645
vn 0.9805 0.1107 -0.1621
vn 0.9924 0.0971 -0.0762
vn 0.9963 0.0124 -0.0856
vn 0.9985 0.0465 0.0278
vn 0.9924 0.0971 -0.0762
vn 0.9977 -0.0586 -0.0334
vn 0.9996 -0.0280 0.0006
vn 0.9963 0.0124 -0.0856
vn 0.9869 -0.1305 0.0950
vn 0.9884 -0.0873 0.1247
vn 0.9977 -0.0586 -0.0334
vn 0.9755 -0.0982 0.1971
vn 0.9884 -0.0873 0.1247
vn 0.9730 -0.1555 0.1708
vn 0.9924 0.0971 -0.0762
vn 0.9867 0.0557 -0.1526
vn 0.9963 0.0124 -0.0856
vn 0.9978 -0.0361 -0.0564
vn 0.9977 -0.0586 -0.0334
vn 0.9959 -0.0498 -0.0754
vn 0.9963 0.0124 -0.0856
vn 0.9867 0.0557 -0.1526
vn 0.9928 -0.0177 -0.1184
vn 0.9959 -0.0498 -0.0754
vn 0.9963 0.0124 -0.0856
vn 0.9905 -0.0606 -0.1234
vn 0.9977 -0.0586 -0.0334
vn 0.9978 -0.0361 -0.0564
vn 0.9955 -0.0780 -0.0539
vn 0.9869 -0.1305 0.0950
vn 0.9977 -0.0586 -0.0334
vn 0.9883 -0.1481 0.0371
vn 0.9713 -0.2356 0.0321
vn 0.9672 -0.2376 0.0899
vn 0.9883 -0.1481 0.0371
vn 0.9771 -0.1712 -0.1263
vn 0.9905 -0.0606 -0.1234
vn 0.9867 -0.1077 -0.1215
vn 0.9959 -0.0498 -0.0754
vn 0.9905 -0.0606 -0.1234
vn 0.9914 -0.1006 -0.0841
vn 0.9955 -0.0780 -0.0539
vn 0.9959 -0.0498 -0.0754
vn 0.9914 -0.1006 -0.0841
vn 0.9883 -0.1481 0.0371
vn 0.9955 -0.0780 -0.0539
vn 0.9859 -0.1642 -0.0317
vn 0.9713 -0.2356 0.0321
vn 0.9883 -0.1481 0.0371
vn 0.9859 -0.1642 -0.0317
vn -0.2583 -0.0177 0.9659
vn -0.3307 -0.1260 0.9353
vn -0.0235 -0.0145 0.9996
vn -0.9232 -0.0801 -0.3758
vn -0.9232 -0.0801 -0.3758
vn -0.9232 -0.0801 -0.3758
vn 0.9954 0.0902 -0.0334
vn 0.9963 0.0717 -0.0468
vn 0.9924 0.0731 -0.0994
vn -0.1830 -0.0322 0.9826
vn -0.2583 -0.0177 0.9659
vn 0.0000 0.0000 1.0000
vn -0.9810 -0.0232 -0.1926
vn -0.9810 -0.0232 -0.1926
vn -0.9810 -0.0232 -0.1926
vn 0.9954 0.0902 -0.0334
vn 0.9924 0.0731 -0.0994
vn 0.9966 0.0681 -0.0466
vn -0.7999 -0.1090 0.5902
vn -0.1830 -0.0322 0.9826
vn 0.0000 -0.0000 1.0000
vn -0.6591 -0.0672 -0.7491
vn -0.6591 -0.0672 -0.7491
vn -0.6591 -0.0672 -0.7491
vn 0.9936 0.0925 -0.0645
vn 0.9966 0.0681 -0.0466
vn 0.9877 0.0737 -0.1376
vn -0.7999 -0.1090 0.5902
vn 0.0000 -0.0000 1.0000
vn -0.3404 -0.0399 0.9394
vn -0.6469 -0.1232 -0.7526
vn -0.6469 -0.1232 -0.7526
vn -0.6469 -0.1232 -0.7526
vn -0.3404 -0.0399 0.9394
vn 0.0000 0.0000 1.0000
vn -0.4087 0.0059 0.9126
vn -0.4087 0.0059 0.9126
vn 0.0000 0.0000 1.0000
vn -0.2595 0.0719 0.9631
vn -0.7670 -0.0181 -0.6414
vn -0.7670 -0.0181 -0.6414
vn -0.7670 -0.0181 -0.6414
vn -0.2153 0.1515 0.9647
vn -0.2595 0.0719 0.9631
vn -0.0497 0.0117 0.9987
vn 0.9867 -0.1077 -0.1215
vn 0.9862 -0.0636 -0.1528
vn 0.9549 -0.0677 0.2891
vn 0.9771 -0.1712 -0.1263
vn 0.9711 -0.2157 -0.1020
vn 0.9914 -0.1006 -0.0841
vn 0.9859 -0.1642 -0.0317
vn 0.9914 -0.1006 -0.0841
vn 0.9633 -0.2593 -0.0700
vn -0.9540 0.2960 -0.0478
vn -0.9540 0.2960 -0.0478
vn -0.9540 0.2960 -0.0478
vn 0.9867 -0.1077 -0.1215
vn 0.9549 -0.0677 0.2891
vn 0.9624 -0.2469 -0.1132
vn 0.9624 -0.2469 -0.1132
vn 0.9083 -0.3979 -0.1292
vn 0.9771 -0.1712 -0.1263
vn 0.9348 -0.3387 -0.1070
vn 0.9711 -0.2157 -0.1020
vn 0.9771 -0.1712 -0.1263
vn 0.9732 -0.2046 -0.1052
vn 0.9711 -0.2157 -0.1020
vn 0.8932 -0.4317 -0.1257
vn 0.9633 -0.2593 -0.0700
vn 0.9732 -0.2046 -0.1052
vn 0.9179 -0.3827 -0.1047
vn 0.9534 0.2871 0.0929
vn 0.9305 0.3662 -0.0066
vn 0.9717 0.2247 0.0731
vn 0.7923 0.3606 0.4921
vn 0.9305 0.3662 -0.0066
vn 0.7699 0.2973 0.5647
vn 0.9847 0.1212 0.1250
vn 0.9534 0.2871 0.0929
vn 0.9775 0.0819 0.1945
vn 0.7699 0.2973 0.5647
vn 0.9534 0.2871 0.0929
vn 0.6627 0.1753 0.7280
vn 0.9847 0.1212 0.1250
vn 0.9775 0.0819 0.1945
vn 0.9827 -0.1235 0.1381
vn 0.6627 0.1753 0.7280
vn 0.9847 0.1212 0.1250
vn 0.9319 -0.0283 0.3616
vn 0.9827 -0.1235 0.1381
vn 0.9755 -0.0982 0.1971
vn 0.9650 -0.2166 0.1479
vn 0.9713 -0.2356 0.0321
vn 0.9859 -0.1642 -0.0317
vn 0.9445 -0.3285 0.0014
vn 0.8672 -0.2228 0.4453
vn 0.9713 -0.2356 0.0321
vn 0.7938 -0.2236 0.5655
vn 0.8521 -0.5127 -0.1048
vn 0.9445 -0.3285 0.0014
vn 0.9164 -0.3960 -0.0590
vn -0.8605 0.4138 -0.2971
vn -0.8605 0.4138 -0.2971
vn -0.8605 0.4138 -0.2971
vn 0.7504 -0.6466 -0.1368
vn 0.9083 -0.3979 -0.1292
vn 0.7357 -0.6644 -0.1314
vn 0.9348 -0.3387 -0.1070
vn 0.9083 -0.3979 -0.1292
vn 0.7930 -0.5910 -0.1479
vn 0.6794 -0.7050 -0.2035
vn 0.8932 -0.4317 -0.1257
vn 0.7930 -0.5910 -0.1479
vn 0.9068 -0.4029 -0.1242
vn 0.8932 -0.4317 -0.1257
vn 0.7073 -0.6929 -0.1402
vn 0.6836 -0.7241 -0.0915
vn 0.9179 -0.3827 -0.1047
vn 0.7073 -0.6929 -0.1402
vn 0.6730 -0.7396 -0.0033
vn 0.9164 -0.3960 -0.0590
vn 0.6836 -0.7241 -0.0915
vn 0.8521 -0.5127 -0.1048
vn 0.9164 -0.3960 -0.0590
vn 0.6135 -0.7785 -0.1325
vn -0.2254 0.0099 0.9742
vn 0.0000 0.0000 1.0000
vn -0.2109 0.0016 0.9775
vn 0.6394 0.3308 -0.6941
vn 0.7670 0.3151 -0.5590
vn 0.6726 0.3919 -0.6278
vn 0.6492 0.4432 -0.6182
vn 0.5953 0.3901 -0.7024
vn 0.6726 0.3919 -0.6278
vn 0.6492 0.4432 -0.6182
vn 0.6726 0.3919 -0.6278
vn 0.7396 0.3948 -0.5451
vn -0.2109 0.0016 0.9775
vn 0.0000 0.0000 1.0000
vn -0.2475 0.0063 0.9689
vn 0.6492 0.4432 -0.6182
vn 0.7396 0.3948 -0.5451
vn 0.7187 0.4347 -0.5428
vn -0.2475 0.0063 0.9689
vn 0.0000 0.0000 1.0000
vn -0.2010 -0.0031 0.9796
vn 0.0000 0.0000 1.0000
vn 0.0000 -0.0000 1.0000
vn -0.0000 0.0000 1.0000
vn -0.3405 -0.0036 0.9402
vn -0.2010 -0.0031 0.9796
vn -0.0000 0.0000 1.0000
vn -0.0000 -0.0000 1.0000
vn -0.0000 0.0000 1.0000
vn 0.0000 -0.0000 1.0000
vn -0.1898 -0.0027 0.9818
vn -0.3405 -0.0036 0.9402
vn -0.0000 -0.0000 1.0000
vn -0.0000 0.0000 1.0000
vn -0.0000 -0.0000 1.0000
vn 0.0000 0.0000 1.0000
vn -0.0235 -0.0145 0.9996
vn -0.1898 -0.0027 0.9818
vn -0.0000 0.0000 1.0000
vn 0.0000 0.0000 1.0000
vn 0.0000 0.0000 1.0000
vn 0.0000 0.0000 1.0000
vn 0.0000 0.0000 1.0000
vn 0.0000 0.0000 1.0000
vn 0.0000 0.0000 1.0000
vn 0.0000 0.0000 1.0000
vn 0.0000 0.0000 1.0000
vn 0.0000 0.0000 1.0000
vn 0.0000 0.0000 1.0000
vn 0.0000 0.0000 1.0000
vn 0.0000 0.0000 1.0000
vn -0.0000 -0.0000 1.0000
vn 0.0000 -0.0000 1.0000
vn 0.0000 0.0000 1.0000
vn -0.4337 0.3496 -0.8304
vn -0.4058 0.3269 -0.8535
vn -0.3729 0.3962 -0.8390
vn -0.4663 0.2868 -0.8369
vn -0.4337 0.3496 -0.8304
vn -0.4991 0.3307 -0.8009
vn -0.4991 0.3307 -0.8009
vn -0.4337 0.3496 -0.8304
vn -0.4395 0.4207 -0.7936
vn -0.5630 0.2179 -0.7972
vn -0.5056 0.2553 -0.8241
vn -0.4991 0.3307 -0.8009
vn -0.5630 0.2179 -0.7972
vn -0.4991 0.3307 -0.8009
vn -0.5788 0.2846 -0.7642
vn -0.5630 0.2179 -0.7972
vn -0.5788 0.2846 -0.7642
vn -0.6530 0.2202 -0.7246
vn -0.6241 0.3030 -0.7202
vn -0.5788 0.2846 -0.7642
vn -0.5619 0.3639 -0.7428
vn -0.6530 0.2202 -0.7246
vn -0.6791 0.2740 -0.6810
vn -0.7493 0.1925 -0.6337
vn -0.9166 -0.1527 -0.3694
vn -0.9030 -0.0538 -0.4262
vn -0.8945 -0.0737 -0.4409
vn -0.5554 0.1850 -0.8108
vn -0.5076 0.2165 -0.8340
vn -0.5056 0.2553 -0.8241
vn -0.5554 0.1850 -0.8108
vn -0.5056 0.2553 -0.8241
vn -0.5630 0.2179 -0.7972
vn -0.5554 0.1850 -0.8108
vn -0.5630 0.2179 -0.7972
vn -0.6105 0.1178 -0.7832
vn -0.6105 0.1178 -0.7832
vn -0.6285 0.1809 -0.7565
vn -0.6888 0.1226 -0.7145
vn -0.6888 0.1226 -0.7145
vn -0.6285 0.1809 -0.7565
vn -0.6530 0.2202 -0.7246
vn -0.6888 0.1226 -0.7145
vn -0.6530 0.2202 -0.7246
vn -0.7370 0.1373 -0.6618
vn -0.8174 -0.0581 -0.5731
vn -0.7625 0.0419 -0.6457
vn -0.8269 0.0423 -0.5608
vn -0.8269 0.0423 -0.5608
vn -0.7370 0.1373 -0.6618
vn -0.7493 0.1925 -0.6337
vn -0.8269 0.0423 -0.5608
vn -0.7493 0.1925 -0.6337
vn -0.8081 0.1209 -0.5765
vn -0.0000 0.0000 1.0000
vn 0.1392 0.0198 0.9901
vn 0.0000 -0.0000 1.0000
vn -0.8492 -0.2158 -0.4821
vn -0.8417 -0.1533 -0.5178
vn -0.8770 -0.1038 -0.4690
vn -0.8174 -0.0581 -0.5731
vn -0.8269 0.0423 -0.5608
vn -0.8770 -0.1038 -0.4690
vn -0.8269 0.0423 -0.5608
vn -0.8081 0.1209 -0.5765
vn -0.8942 -0.0074 -0.4475
vn 0.0000 -0.0000 1.0000
vn 0.1766 0.0831 0.9808
vn 0.0336 0.0252 0.9991
vn -0.8450 -0.2715 -0.4608
vn -0.8492 -0.2158 -0.4821
vn -0.9004 -0.2017 -0.3855
vn -0.8492 -0.2158 -0.4821
vn -0.8770 -0.1038 -0.4690
vn -0.9004 -0.2017 -0.3855
vn -0.8770 -0.1038 -0.4690
vn -0.8942 -0.0074 -0.4475
vn -0.9183 -0.1026 -0.3823
vn -0.9030 -0.0538 -0.4262
vn -0.8942 -0.0074 -0.4475
vn -0.8756 0.0255 -0.4823
vn -0.8448 0.0055 -0.5351
vn -0.9030 -0.0538 -0.4262
vn -0.8756 0.0255 -0.4823
vn 0.0336 0.0252 0.9991
vn 0.2343 0.0177 0.9720
vn 0.1350 0.0367 0.9902
vn 0.0000 -0.0000 1.0000
vn 0.1350 0.0367 0.9902
vn 0.1813 0.0403 0.9826
vn -0.7742 -0.4629 0.4317
vn -0.8720 -0.4462 -0.2010
vn -0.9280 -0.3713 0.0298
vn -0.9015 -0.3892 -0.1891
vn -0.8720 -0.4462 -0.2010
vn -0.8533 -0.3407 -0.3947
vn -0.8533 -0.3407 -0.3947
vn -0.8246 -0.3246 -0.4634
vn -0.8748 -0.2782 -0.3967
vn -0.8450 -0.2715 -0.4608
vn -0.9004 -0.2017 -0.3855
vn -0.8748 -0.2782 -0.3967
vn -0.9232 -0.2624 -0.2807
vn -0.9004 -0.2017 -0.3855
vn -0.9262 -0.1929 -0.3240
vn -0.9262 -0.1929 -0.3240
vn -0.9183 -0.1026 -0.3823
vn -0.9166 -0.1527 -0.3694
vn 0.5217 0.5034 -0.6888
vn 0.4670 0.4523 -0.7598
vn 0.6492 0.4432 -0.6182
vn 0.6166 0.5024 -0.6062
vn 0.5217 0.5034 -0.6888
vn 0.7187 0.4347 -0.5428
vn 0.3466 0.5948 -0.7253
vn 0.2648 0.5570 -0.7872
vn 0.6166 0.5024 -0.6062
vn 0.3466 0.5948 -0.7253
vn 0.6166 0.5024 -0.6062
vn 0.6466 0.5577 -0.5204
vn 0.3466 0.5948 -0.7253
vn 0.6466 0.5577 -0.5204
vn 0.6853 0.7279 -0.0242
vn 0.1868 0.4093 -0.8931
vn 0.4670 0.4523 -0.7598
vn 0.1329 0.4949 -0.8588
vn 0.1329 0.4949 -0.8588
vn 0.5217 0.5034 -0.6888
vn 0.2648 0.5570 -0.7872
vn 0.0182 0.5557 -0.8312
vn 0.2648 0.5570 -0.7872
vn 0.0156 0.5847 -0.8111
vn 0.0557 0.9935 0.0990
vn 0.0156 0.5847 -0.8111
vn 0.3095 0.9508 0.0159
vn -0.3044 0.3761 -0.8751
vn 0.1868 0.4093 -0.8931
vn -0.1700 0.4371 -0.8832
vn -0.1700 0.4371 -0.8832
vn 0.1329 0.4949 -0.8588
vn -0.0727 0.5392 -0.8390
vn -0.1700 0.4371 -0.8832
vn -0.0727 0.5392 -0.8390
vn -0.2420 0.5115 -0.8245
vn -0.1637 0.5538 -0.8164
vn -0.0727 0.5392 -0.8390
vn 0.0156 0.5847 -0.8111
vn -0.1637 0.5538 -0.8164
vn 0.0156 0.5847 -0.8111
vn -0.1920 0.8434 -0.5018
vn -0.1637 0.5538 -0.8164
vn -0.1920 0.8434 -0.5018
vn -0.2551 0.5527 -0.7934
vn -0.3432 0.3538 -0.8701
vn -0.3321 0.3970 -0.8556
vn -0.3729 0.3962 -0.8390
vn -0.3061 0.4597 -0.8337
vn -0.3321 0.3970 -0.8556
vn -0.1700 0.4371 -0.8832
vn -0.3714 0.4750 -0.7978
vn -0.3061 0.4597 -0.8337
vn -0.2420 0.5115 -0.8245
vn -0.3714 0.4750 -0.7978
vn -0.2420 0.5115 -0.8245
vn -0.2895 0.5176 -0.8052
vn -0.3714 0.4750 -0.7978
vn -0.2895 0.5176 -0.8052
vn -0.4355 0.4646 -0.7711
vn -0.3933 0.4886 -0.7789
vn -0.2895 0.5176 -0.8052
vn -0.1637 0.5538 -0.8164
vn -0.6089 0.7367 0.2940
vn -0.3933 0.4886 -0.7789
vn -0.4944 0.8514 -0.1752
vn -0.3729 0.3962 -0.8390
vn -0.3714 0.4750 -0.7978
vn -0.4395 0.4207 -0.7936
vn -0.4983 0.4167 -0.7603
vn -0.4395 0.4207 -0.7936
vn -0.4355 0.4646 -0.7711
vn -0.4983 0.4167 -0.7603
vn -0.4355 0.4646 -0.7711
vn -0.5047 0.4360 -0.7451
vn -0.5047 0.4360 -0.7451
vn -0.4355 0.4646 -0.7711
vn -0.3933 0.4886 -0.7789
vn -0.7757 0.2279 -0.5885
vn -0.9249 0.2997 -0.2340
vn -0.7834 0.3121 -0.5375
vn -0.7757 0.2279 -0.5885
vn -0.7816 0.3173 -0.5370
vn -0.7816 0.3173 -0.5370
vn -0.4991 0.3307 -0.8009
vn -0.4395 0.4207 -0.7936
vn -0.4983 0.4167 -0.7603
vn -0.4991 0.3307 -0.8009
vn -0.4983 0.4167 -0.7603
vn -0.5619 0.3639 -0.7428
vn -0.6126 0.3547 -0.7063
vn -0.5619 0.3639 -0.7428
vn -0.5047 0.4360 -0.7451
vn -0.8063 0.1578 -0.5700
vn -0.7757 0.2279 -0.5885
vn -0.8587 0.1457 -0.4913
vn -0.9626 0.2561 0.0882
vn -0.7757 0.2279 -0.5885
vn -0.8302 0.2387 -0.5038
vn -0.7318 0.2097 -0.6485
vn -0.6791 0.2740 -0.6810
vn -0.6634 0.3102 -0.6810
vn -0.7493 0.1925 -0.6337
vn -0.7318 0.2097 -0.6485
vn -0.8081 0.1209 -0.5765
vn -0.8448 0.0055 -0.5351
vn -0.8081 0.1209 -0.5765
vn -0.8084 0.0892 -0.5819
vn -0.7318 0.2097 -0.6485
vn -0.7385 0.2233 -0.6362
vn -0.8084 0.0892 -0.5819
vn -0.8448 0.0055 -0.5351
vn -0.8084 0.0892 -0.5819
vn -0.8945 -0.0737 -0.4409
vn -0.8084 0.0892 -0.5819
vn -0.8063 0.1578 -0.5700
vn -0.8754 0.0455 -0.4813
vn 0.0000 0.0000 1.0000
vn -0.0000 0.0000 1.0000
vn -0.0000 0.0000 1.0000
vn 0.0000 0.0000 1.0000
vn -0.0235 -0.0145 0.9996
vn 0.0000 0.0000 1.0000
vn 0.0000 -0.0000 1.0000
vn 0.0000 0.0000 1.0000
vn 0.0000 0.0000 1.0000
vn 0.0000 -0.0000 1.0000
vn 0.0000 0.0000 1.0000
vn 0.0000 -0.0000 1.0000
vn 0.0000 0.0000 1.0000
vn 0.0000 -0.0000 1.0000
vn 0.0000 -0.0000 1.0000
vn 0.0000 0.0000 1.0000
vn 0.0000 -0.0000 1.0000
vn 0.0000 -0.0000 1.0000
vn 0.0000 0.0000 1.0000
vn 0.0000 0.0000 1.0000
vn 0.0000 0.0000 1.0000
vn 0.0000 0.0000 1.0000
vn 0.0000 0.0000 1.0000
vn 0.0000 -0.0000 1.0000
vn 0.0000 0.0000 1.0000
vn 0.0000 0.0000 1.0000
vn 0.0000 0.0000 1.0000
vn 0.0000 0.0000 1.0000
vn 0.0000 0.0000 1.0000
vn 0.0000 0.0000 1.0000
vn 0.0000 0.0000 1.0000
vn 0.0000 0.0000 1.0000
vn -0.0497 0.0117 0.9987
vn -0.2182 0.0811 0.9725
vn -0.0497 0.0117 0.9987
vn 0.0000 0.0000 1.0000
vn 0.0000 0.0000 1.0000
vn 0.0000 0.0000 1.0000
vn 0.0000 0.0000 1.0000
vn 0.0000 0.0000 1.0000
vn 0.0000 0.0000 1.0000
vn 0.0000 0.0000 1.0000
vn 0.0000 -0.0000 1.0000
vn 0.1044 0.0455 0.9935
vn 0.0000 0.0000 1.0000
vn 0.0000 -0.0000 1.0000
vn 0.0000 0.0000 1.0000
vn 0.0233 0.0289 0.9993
vn -0.7254 -0.6152 -0.3087
vn -0.7884 -0.5621 -0.2502
vn -0.7411 -0.6284 -0.2362
vn -0.6762 -0.6894 -0.2597
vn -0.7254 -0.6152 -0.3087
vn -0.7411 -0.6284 -0.2362
vn 0.0000 0.0000 1.0000
vn 0.1569 0.0250 0.9873
vn -0.0000 0.0000 1.0000
vn -0.8957 -0.4138 -0.1626
vn -0.9408 -0.3232 -0.1020
vn -0.8837 -0.4645 -0.0570
vn -0.8837 -0.4645 -0.0570
vn -0.9399 -0.3408 -0.0232
vn -0.8977 -0.4400 -0.0224
vn -0.0000 0.0000 1.0000
vn 0.1874 0.1100 0.9761
vn 0.0263 0.0275 0.9993
vn 0.0000 -0.0000 1.0000
vn 0.0263 0.0275 0.9993
vn 0.1044 0.0455 0.9935
vn -0.8600 -0.4029 -0.3130
vn -0.8917 -0.3547 -0.2810
vn -0.8629 -0.4470 -0.2359
vn -0.8629 -0.4470 -0.2359
vn -0.8957 -0.4138 -0.1626
vn -0.8230 -0.5427 -0.1680
vn -0.7411 -0.6284 -0.2362
vn -0.7884 -0.5621 -0.2502
vn -0.8230 -0.5427 -0.1680
vn -0.8230 -0.5427 -0.1680
vn -0.8837 -0.4645 -0.0570
vn -0.7736 -0.6311 -0.0580
vn -0.7411 -0.6284 -0.2362
vn -0.8230 -0.5427 -0.1680
vn -0.7070 -0.6832 -0.1827
vn 0.1176 0.1449 0.9824
vn 0.1044 0.0455 0.9935
vn 0.3791 0.1077 0.9191
vn -0.7667 -0.4642 0.4435
vn -0.8602 -0.4963 -0.1172
vn -0.8598 -0.5009 0.0993
vn 0.1176 0.1449 0.9824
vn 0.5286 0.3721 0.7629
vn 0.5286 0.3721 0.7629
vn -0.7993 -0.5880 -0.1242
vn -0.8602 -0.4963 -0.1172
vn -0.8106 -0.5051 -0.2964
vn -0.8106 -0.5051 -0.2964
vn -0.8406 -0.4285 -0.3313
vn -0.8130 -0.4698 -0.3439
vn -0.7549 -0.5631 -0.3362
vn -0.7439 -0.5745 -0.3413
vn -0.8130 -0.4698 -0.3439
vn -0.8732 -0.3465 -0.3427
vn -0.8600 -0.4029 -0.3130
vn -0.8130 -0.4698 -0.3439
vn -0.7254 -0.6152 -0.3087
vn -0.7549 -0.5631 -0.3362
vn -0.7909 -0.5258 -0.3132
vn -0.8629 -0.4470 -0.2359
vn -0.7884 -0.5621 -0.2502
vn -0.7909 -0.5258 -0.3132
vn 0.0000 0.0000 1.0000
vn 0.1759 0.0397 0.9836
vn 0.0000 0.0000 1.0000
vn 0.0000 0.0000 1.0000
vn 0.2240 0.1144 0.9678
vn 0.0330 0.0237 0.9992
vn -0.9059 -0.2725 -0.3241
vn -0.9058 -0.2852 -0.3133
vn -0.9230 -0.2860 -0.2576
vn -0.9386 -0.2984 -0.1735
vn -0.9428 -0.2654 -0.2019
vn -0.9641 -0.2295 -0.1333
vn -0.9536 -0.2128 -0.2128
vn -0.9740 -0.1552 -0.1652
vn -0.9641 -0.2295 -0.1333
vn 0.0330 0.0237 0.9992
vn 0.2431 0.0224 0.9697
vn 0.1178 0.0254 0.9927
vn 0.0000 0.0000 1.0000
vn 0.1178 0.0254 0.9927
vn 0.1569 0.0250 0.9873
vn -0.8289 -0.3386 0.4452
vn -0.9401 -0.3197 -0.1181
vn -0.9508 -0.2642 0.1620
vn -0.9497 -0.2956 -0.1032
vn -0.9401 -0.3197 -0.1181
vn -0.9076 -0.2880 -0.3055
vn -0.9076 -0.2880 -0.3055
vn -0.9117 -0.2734 -0.3066
vn -0.9018 -0.2953 -0.3154
vn -0.9059 -0.2725 -0.3241
vn -0.9230 -0.2860 -0.2576
vn -0.9018 -0.2953 -0.3154
vn -0.9408 -0.3232 -0.1020
vn -0.9641 -0.2295 -0.1333
vn -0.9675 -0.2487 -0.0451
vn 0.1874 0.1100 0.9761
vn 0.1569 0.0250 0.9873
vn 0.6067 0.0637 0.7924
vn -0.9508 -0.2642 0.1620
vn -0.9497 -0.2956 -0.1032
vn -0.9540 -0.2966 0.0444
vn -0.9497 -0.2956 -0.1032
vn -0.9076 -0.2880 -0.3055
vn -0.9291 -0.3397 -0.1463
vn -0.8793 -0.3608 -0.3109
vn -0.9076 -0.2880 -0.3055
vn -0.8732 -0.3465 -0.3427
vn -0.8732 -0.3465 -0.3427
vn -0.9018 -0.2953 -0.3154
vn -0.8917 -0.3547 -0.2810
vn -0.8917 -0.3547 -0.2810
vn -0.9230 -0.2860 -0.2576
vn -0.9197 -0.3427 -0.1917
vn -0.8957 -0.4138 -0.1626
vn -0.8917 -0.3547 -0.2810
vn -0.9197 -0.3427 -0.1917
vn -0.9386 -0.2984 -0.1735
vn -0.9408 -0.3232 -0.1020
vn -0.9197 -0.3427 -0.1917
vn 0.6364 0.5686 0.5213
vn 0.1874 0.1100 0.9761
vn 0.6364 0.5686 0.5213
vn -0.9540 -0.2966 0.0444
vn -0.9291 -0.3397 -0.1463
vn -0.8878 -0.4580 -0.0453
vn -0.7667 -0.4642 0.4435
vn -0.8878 -0.4580 -0.0453
vn -0.8602 -0.4963 -0.1172
vn -0.8406 -0.4285 -0.3313
vn -0.8602 -0.4963 -0.1172
vn -0.8793 -0.3608 -0.3109
vn 0.0000 -0.0000 1.0000
vn 0.1813 0.0403 0.9826
vn 0.0000 0.0000 1.0000
vn -0.9232 -0.2624 -0.2807
vn -0.9262 -0.1929 -0.3240
vn -0.9306 -0.2044 -0.3036
vn -0.9166 -0.1527 -0.3694
vn -0.8945 -0.0737 -0.4409
vn -0.9306 -0.2044 -0.3036
vn 0.0000 0.0000 1.0000
vn 0.2767 0.1513 0.9490
vn 0.0511 0.0352 0.9981
vn 0.0000 0.0000 1.0000
vn 0.0511 0.0352 0.9981
vn 0.1759 0.0397 0.9836
vn -0.8790 -0.3234 -0.3504
vn -0.8682 -0.3310 -0.3697
vn -0.9058 -0.2852 -0.3133
vn -0.9058 -0.2852 -0.3133
vn -0.8942 -0.3020 -0.3306
vn -0.9289 -0.2811 -0.2412
vn -0.9232 -0.2624 -0.2807
vn -0.9306 -0.2044 -0.3036
vn -0.9333 -0.2579 -0.2501
vn -0.9536 -0.2128 -0.2128
vn -0.9306 -0.2044 -0.3036
vn -0.9561 -0.1513 -0.2511
vn 0.2240 0.1144 0.9678
vn 0.1759 0.0397 0.9836
vn 0.7774 0.1007 0.6210
vn -0.8848 -0.4373 0.1610
vn -0.9084 -0.3751 -0.1848
vn -0.9484 -0.3141 -0.0424
vn -0.9343 -0.3051 -0.1842
vn -0.9084 -0.3751 -0.1848
vn -0.9059 -0.2725 -0.3241
vn -0.8790 -0.3234 -0.3504
vn -0.9058 -0.2852 -0.3133
vn -0.9059 -0.2725 -0.3241
vn -0.9230 -0.2860 -0.2576
vn -0.9058 -0.2852 -0.3133
vn -0.9289 -0.2811 -0.2412
vn -0.9230 -0.2860 -0.2576
vn -0.9289 -0.2811 -0.2412
vn -0.9428 -0.2654 -0.2019
vn -0.9536 -0.2128 -0.2128
vn -0.9428 -0.2654 -0.2019
vn -0.9333 -0.2579 -0.2501
vn 0.7718 0.4626 0.4363
vn 0.2240 0.1144 0.9678
vn 0.7718 0.4626 0.4363
vn -0.9484 -0.3141 -0.0424
vn -0.9343 -0.3051 -0.1842
vn -0.9350 -0.3455 -0.0799
vn -0.8289 -0.3386 0.4452
vn -0.9350 -0.3455 -0.0799
vn -0.9401 -0.3197 -0.1181
vn -0.9396 -0.2975 -0.1693
vn -0.9343 -0.3051 -0.1842
vn -0.9117 -0.2734 -0.3066
vn -0.9401 -0.3197 -0.1181
vn -0.9396 -0.2975 -0.1693
vn -0.9117 -0.2734 -0.3066
vn 0.2767 0.1513 0.9490
vn 0.1813 0.0403 0.9826
vn 0.8460 0.1329 0.5164
vn -0.9280 -0.3713 0.0298
vn -0.9015 -0.3892 -0.1891
vn -0.9248 -0.3659 -0.1046
vn -0.9015 -0.3892 -0.1891
vn -0.8533 -0.3407 -0.3947
vn -0.8987 -0.3635 -0.2453
vn -0.8682 -0.3310 -0.3697
vn -0.8533 -0.3407 -0.3947
vn -0.8942 -0.3020 -0.3306
vn 0.7668 0.6004 0.2269
vn 0.2767 0.1513 0.9490
vn 0.7668 0.6004 0.2269
vn -0.9248 -0.3659 -0.1046
vn -0.8987 -0.3635 -0.2453
vn -0.8971 -0.4124 -0.1587
vn -0.8848 -0.4373 0.1610
vn -0.8971 -0.4124 -0.1587
vn -0.9084 -0.3751 -0.1848
vn 0.8521 -0.5127 -0.1048
vn 0.5713 -0.7736 -0.2742
vn 0.8132 -0.4801 0.3289
vn -0.5346 -0.7042 0.4672
vn -0.5979 -0.7651 -0.2389
vn -0.6403 -0.7389 0.2099
vn -0.6334 -0.7574 -0.1586
vn -0.6246 -0.7710 0.1239
vn -0.3786 -0.4733 0.7954
vn -0.4502 -0.5381 0.7126
vn -0.6334 -0.7574 -0.1586
vn -0.3786 -0.4733 0.7954
vn -0.6762 -0.6894 -0.2597
vn -0.7070 -0.6832 -0.1827
vn -0.6658 -0.7129 -0.2203
vn -0.5257 -0.2119 0.8239
vn -0.9428 -0.3323 -0.0279
vn -0.7634 -0.1573 0.6265
vn -0.9675 -0.2487 -0.0451
vn -0.9428 -0.3323 -0.0279
vn -0.8977 -0.4400 -0.0224
vn -0.7736 -0.6311 -0.0580
vn -0.8977 -0.4400 -0.0224
vn -0.6843 -0.7227 -0.0972
vn -0.6334 -0.7574 -0.1586
vn -0.7070 -0.6832 -0.1827
vn -0.6843 -0.7227 -0.0972
vn -0.9669 0.0571 0.2488
vn -0.9223 0.0264 -0.3855
vn -0.9541 0.1072 0.2795
vn -0.9559 -0.0635 -0.2867
vn -0.9223 0.0264 -0.3855
vn -0.9897 -0.0003 0.1434
vn -0.9740 -0.1552 -0.1652
vn -0.9561 -0.1513 -0.2511
vn -0.9813 -0.0552 -0.1846
vn -0.9559 -0.0635 -0.2867
vn -0.9897 -0.0003 0.1434
vn -0.9813 -0.0552 -0.1846
vn -0.9873 -0.1537 -0.0409
vn -0.9675 -0.2487 -0.0451
vn -0.9896 -0.1047 -0.0983
vn -0.8945 -0.0737 -0.4409
vn -0.8754 0.0455 -0.4813
vn -0.9301 -0.0990 -0.3536
vn -0.9301 -0.0990 -0.3536
vn -0.8754 0.0455 -0.4813
vn -0.9223 0.0264 -0.3855
vn -0.9561 -0.1513 -0.2511
vn -0.9301 -0.0990 -0.3536
vn -0.9559 -0.0635 -0.2867
vn -0.9301 -0.0990 -0.3536
vn -0.9223 0.0264 -0.3855
vn -0.9559 -0.0635 -0.2867
vn -0.2182 0.0811 0.9725
vn 0.0000 0.0000 1.0000
vn -0.1892 0.2541 0.9485
vn -0.4919 0.8255 -0.2767
vn -0.4919 0.8255 -0.2767
vn -0.4919 0.8255 -0.2767
vn 0.7504 -0.6466 -0.1368
vn 0.7357 -0.6644 -0.1314
vn 0.4947 -0.8590 -0.1317
vn 0.7504 -0.6466 -0.1368
vn 0.4947 -0.8590 -0.1317
vn 0.7930 -0.5910 -0.1479
vn 0.7930 -0.5910 -0.1479
vn 0.5072 -0.8522 -0.1284
vn 0.6794 -0.7050 -0.2035
vn 0.7073 -0.6929 -0.1402
vn 0.6794 -0.7050 -0.2035
vn 0.2606 -0.9206 -0.2907
vn 0.6836 -0.7241 -0.0915
vn 0.7073 -0.6929 -0.1402
vn 0.2428 -0.9503 -0.1952
vn 0.6730 -0.7396 -0.0033
vn 0.6836 -0.7241 -0.0915
vn 0.0911 -0.9920 -0.0878
vn 0.2636 -0.9508 -0.1629
vn 0.4947 -0.8590 -0.1317
vn 0.2899 -0.9420 -0.1692
vn 0.5072 -0.8522 -0.1284
vn 0.4947 -0.8590 -0.1317
vn 0.2906 -0.9457 -0.1456
vn 0.3890 -0.8988 -0.2021
vn 0.5072 -0.8522 -0.1284
vn 0.2091 -0.9722 -0.1055
vn -0.0649 0.1210 0.9905
vn 0.0000 0.0000 1.0000
vn 0.0000 0.0000 1.0000
vn -0.5013 0.7887 0.3559
vn -0.0649 0.1210 0.9905
vn -0.0545 0.5686 0.8208
vn 0.3890 -0.8988 -0.2021
vn -0.1466 -0.9377 -0.3150
vn 0.2606 -0.9206 -0.2907
vn 0.2428 -0.9503 -0.1952
vn 0.2606 -0.9206 -0.2907
vn -0.2576 -0.9218 -0.2898
vn 0.0911 -0.9920 -0.0878
vn 0.2428 -0.9503 -0.1952
vn -0.2671 -0.9293 -0.2551
vn -0.4753 0.8756 -0.0862
vn -0.0545 0.5686 0.8208
vn -0.4753 0.8756 -0.0862
vn 0.2636 -0.9508 -0.1629
vn 0.2899 -0.9420 -0.1692
vn -0.0262 -0.9843 -0.1744
vn 0.2906 -0.9457 -0.1456
vn 0.2636 -0.9508 -0.1629
vn -0.0271 -0.9867 -0.1604
vn 0.2906 -0.9457 -0.1456
vn -0.0271 -0.9867 -0.1604
vn 0.2091 -0.9722 -0.1055
vn -0.1046 -0.9900 -0.0948
vn -0.1466 -0.9377 -0.3150
vn 0.2091 -0.9722 -0.1055
vn -0.0000 0.0000 1.0000
vn 0.0233 0.0289 0.9993
vn 0.0000 0.0000 1.0000
vn 0.0000 0.0000 1.0000
vn 0.1174 0.1172 0.9861
vn -0.0545 0.5686 0.8208
vn -0.1466 -0.9377 -0.3150
vn -0.5282 -0.7887 -0.3145
vn -0.3388 -0.8642 -0.3721
vn -0.6412 -0.6763 -0.3625
vn -0.7254 -0.6152 -0.3087
vn -0.6072 -0.7300 -0.3138
vn -0.2576 -0.9218 -0.2898
vn -0.3388 -0.8642 -0.3721
vn -0.6072 -0.7300 -0.3138
vn -0.2671 -0.9293 -0.2551
vn -0.2576 -0.9218 -0.2898
vn -0.5746 -0.7711 -0.2742
vn -0.0574 0.6276 -0.7765
vn -0.0574 0.6276 -0.7765
vn -0.0574 0.6276 -0.7765
vn -0.5301 -0.8452 -0.0674
vn -0.4688 -0.8628 -0.1894
vn -0.2192 -0.9572 -0.1891
vn 0.0606 -0.9657 -0.2524
vn -0.2192 -0.9572 -0.1891
vn -0.0262 -0.9843 -0.1744
vn -0.4688 -0.8628 -0.1894
vn -0.5279 -0.8024 -0.2783
vn -0.2658 -0.9427 -0.2018
vn -0.0271 -0.9867 -0.1604
vn -0.0262 -0.9843 -0.1744
vn -0.2372 -0.9463 -0.2194
vn -0.2372 -0.9463 -0.2194
vn -0.5279 -0.8024 -0.2783
vn -0.3610 -0.9107 -0.2007
vn -0.1046 -0.9900 -0.0948
vn -0.0271 -0.9867 -0.1604
vn -0.3610 -0.9107 -0.2007
vn -0.5282 -0.7887 -0.3145
vn -0.1466 -0.9377 -0.3150
vn -0.3610 -0.9107 -0.2007
vn 0.1174 0.1172 0.9861
vn 0.0233 0.0289 0.9993
vn -0.4894 -0.6942 0.5278
vn 0.1176 0.1449 0.9824
vn 0.3796 0.5421 0.7497
vn 0.3796 0.5421 0.7497
vn 0.1174 0.1172 0.9861
vn 0.5191 0.6448 0.5611
vn 0.5191 0.6448 0.5611
vn -0.5301 -0.8452 -0.0674
vn -0.6024 -0.7876 -0.1293
vn -0.4688 -0.8628 -0.1894
vn -0.5279 -0.8024 -0.2783
vn -0.4688 -0.8628 -0.1894
vn -0.6811 -0.6635 -0.3096
vn -0.6811 -0.6635 -0.3096
vn -0.7549 -0.5631 -0.3362
vn -0.7024 -0.6322 -0.3270
vn -0.5282 -0.7887 -0.3145
vn -0.5279 -0.8024 -0.2783
vn -0.7024 -0.6322 -0.3270
vn -0.6412 -0.6763 -0.3625
vn -0.5282 -0.7887 -0.3145
vn -0.7024 -0.6322 -0.3270
vn -0.6024 -0.7876 -0.1293
vn -0.6703 -0.7420 -0.0009
vn -0.7993 -0.5880 -0.1242
vn -0.6811 -0.6635 -0.3096
vn -0.6024 -0.7876 -0.1293
vn -0.7098 -0.6339 -0.3072
vn -0.8106 -0.5051 -0.2964
vn -0.7439 -0.5745 -0.3413
vn -0.7098 -0.6339 -0.3072
vn 0.6730 -0.7396 -0.0033
vn 0.0911 -0.9920 -0.0878
vn 0.6135 -0.7785 -0.1325
vn -0.0037 -0.9981 -0.0623
vn 0.5713 -0.7736 -0.2742
vn 0.6135 -0.7785 -0.1325
vn -0.0037 -0.9981 -0.0623
vn 0.0911 -0.9920 -0.0878
vn -0.4116 -0.9020 -0.1304
vn -0.4116 -0.9020 -0.1304
vn -0.5979 -0.7651 -0.2389
vn -0.5494 -0.7960 -0.2542
vn 0.2317 -0.8736 -0.4280
vn -0.0037 -0.9981 -0.0623
vn -0.5494 -0.7960 -0.2542
vn -0.5746 -0.7711 -0.2742
vn -0.6762 -0.6894 -0.2597
vn -0.5979 -0.7651 -0.2389
vn -0.4116 -0.9020 -0.1304
vn -0.2671 -0.9293 -0.2551
vn -0.5979 -0.7651 -0.2389
vn -0.5834 0.1011 -0.8059
vn -0.5554 0.1850 -0.8108
vn -0.6200 0.1022 -0.7779
vn -0.6880 -0.0217 -0.7253
vn -0.6200 0.1022 -0.7779
vn -0.6332 0.0499 -0.7724
vn -0.6332 0.0499 -0.7724
vn -0.6200 0.1022 -0.7779
vn -0.6105 0.1178 -0.7832
vn 0.0000 0.0000 1.0000
vn 0.1093 0.0127 0.9939
vn 0.0000 0.0000 1.0000
vn -0.6332 0.0499 -0.7724
vn -0.6105 0.1178 -0.7832
vn -0.6946 0.0179 -0.7192
vn -0.7648 -0.1989 -0.6128
vn -0.7381 -0.1320 -0.6617
vn -0.7726 -0.1083 -0.6255
vn -0.6880 -0.0217 -0.7253
vn -0.6946 0.0179 -0.7192
vn -0.7726 -0.1083 -0.6255
vn 0.0000 0.0000 1.0000
vn 0.1716 0.0585 0.9834
vn 0.0464 0.0264 0.9986
vn -0.0000 0.0000 1.0000
vn 0.0464 0.0264 0.9986
vn 0.1392 0.0198 0.9901
vn -0.7906 -0.2739 -0.5476
vn -0.7671 -0.2207 -0.6024
vn -0.8016 -0.2051 -0.5616
vn -0.7648 -0.1989 -0.6128
vn -0.7726 -0.1083 -0.6255
vn -0.8016 -0.2051 -0.5616
vn -0.8417 -0.1533 -0.5178
vn -0.7726 -0.1083 -0.6255
vn -0.8174 -0.0581 -0.5731
vn 0.1766 0.0831 0.9808
vn 0.1392 0.0198 0.9901
vn 0.6987 -0.0371 0.7144
vn -0.9559 -0.2761 0.0999
vn -0.8637 -0.4302 0.2624
vn -0.9118 -0.3349 -0.2377
vn -0.8749 -0.4392 -0.2039
vn -0.7906 -0.2739 -0.5476
vn -0.9118 -0.3349 -0.2377
vn -0.7906 -0.2739 -0.5476
vn -0.8016 -0.2051 -0.5616
vn -0.8076 -0.2830 -0.5174
vn 0.5867 0.4605 0.6661
vn 0.1766 0.0831 0.9808
vn 0.5867 0.4605 0.6661
vn -0.9559 -0.2761 0.0999
vn -0.9118 -0.3349 -0.2377
vn -0.9059 -0.4076 -0.1147
vn -0.7742 -0.4629 0.4317
vn -0.9059 -0.4076 -0.1147
vn -0.8720 -0.4462 -0.2010
vn -0.8640 -0.3756 -0.3354
vn -0.9118 -0.3349 -0.2377
vn -0.8076 -0.2830 -0.5174
vn -0.8720 -0.4462 -0.2010
vn -0.8640 -0.3756 -0.3354
vn -0.8246 -0.3246 -0.4634
vn -0.7311 -0.1261 -0.6705
vn -0.6856 -0.0641 -0.7252
vn -0.6217 -0.0026 -0.7832
vn -0.5868 0.0138 -0.8096
vn -0.5834 0.1011 -0.8059
vn -0.6217 -0.0026 -0.7832
vn 0.0000 -0.0000 1.0000
vn 0.1638 0.0436 0.9855
vn 0.0377 0.0272 0.9989
vn 0.0000 0.0000 1.0000
vn 0.0377 0.0272 0.9989
vn 0.1093 0.0127 0.9939
vn -0.8827 -0.3649 -0.2960
vn -0.7311 -0.1261 -0.6705
vn -0.7313 -0.1423 -0.6671
vn -0.6217 -0.0026 -0.7832
vn -0.6652 0.0384 -0.7457
vn -0.7313 -0.1423 -0.6671
vn -0.7022 -0.0539 -0.7100
vn -0.6652 0.0384 -0.7457
vn -0.6880 -0.0217 -0.7253
vn -0.9402 -0.1934 0.2804
vn -0.8547 -0.3864 0.3466
vn -0.9274 -0.2707 -0.2583
vn -0.8827 -0.3649 -0.2960
vn -0.7313 -0.1423 -0.6671
vn -0.9274 -0.2707 -0.2583
vn -0.7679 -0.2305 -0.5977
vn -0.7313 -0.1423 -0.6671
vn -0.7377 -0.1872 -0.6487
vn -0.7377 -0.1872 -0.6487
vn -0.7022 -0.0539 -0.7100
vn -0.7381 -0.1320 -0.6617
vn 0.1093 0.0127 0.9939
vn 0.4026 -0.0118 0.9153
vn 0.1716 0.0585 0.9834
vn -0.9402 -0.1934 0.2804
vn -0.9274 -0.2707 -0.2583
vn -0.9745 -0.1948 -0.1114
vn -0.8924 -0.2761 -0.3569
vn -0.9274 -0.2707 -0.2583
vn -0.7679 -0.2305 -0.5977
vn -0.7671 -0.2207 -0.6024
vn -0.7906 -0.2739 -0.5476
vn -0.7679 -0.2305 -0.5977
vn -0.7377 -0.1872 -0.6487
vn -0.7381 -0.1320 -0.6617
vn -0.7648 -0.1989 -0.6128
vn 0.4164 0.2281 0.8801
vn 0.1716 0.0585 0.9834
vn 0.4164 0.2281 0.8801
vn -0.8733 -0.4872 -0.0013
vn -0.9745 -0.1948 -0.1114
vn -0.9195 -0.2715 -0.2842
vn -0.8637 -0.4302 0.2624
vn -0.8733 -0.4872 -0.0013
vn -0.8749 -0.4392 -0.2039
vn -0.8924 -0.2761 -0.3569
vn -0.7906 -0.2739 -0.5476
vn -0.9195 -0.2715 -0.2842
vn 0.1110 -0.0047 0.9938
vn 0.3430 -0.0903 0.9350
vn 0.1638 0.0436 0.9855
vn -0.9787 -0.1467 -0.1438
vn -0.9991 -0.0420 -0.0080
vn -0.9427 -0.0861 -0.3224
vn -0.9176 -0.0348 -0.3960
vn -0.6856 -0.0641 -0.7252
vn -0.9427 -0.0861 -0.3224
vn 0.4556 0.2577 0.8521
vn 0.1638 0.0436 0.9855
vn 0.4556 0.2577 0.8521
vn -0.8877 -0.4596 -0.0279
vn -0.9787 -0.1467 -0.1438
vn -0.9323 -0.2196 -0.2875
vn -0.8547 -0.3864 0.3466
vn -0.8877 -0.4596 -0.0279
vn -0.8827 -0.3649 -0.2960
vn -0.9427 -0.0861 -0.3224
vn -0.7311 -0.1261 -0.6705
vn -0.9323 -0.2196 -0.2875
vn -0.0000 -0.0000 1.0000
vn 0.0000 0.0000 1.0000
vn -0.0000 -0.0000 1.0000
vn 0.0000 0.0000 1.0000
vn 0.0000 0.0000 1.0000
vn -0.0000 -0.0000 1.0000
vn 0.0000 0.0000 1.0000
vn 0.0000 0.0000 1.0000
vn 0.0000 0.0000 1.0000
vn 0.0000 -0.0000 1.0000
vn 0.0000 -0.0000 1.0000
vn 0.0000 -0.0000 1.0000
vn -0.0000 -0.0000 1.0000
vn 0.0000 -0.0000 1.0000
vn 0.0000 -0.0000 1.0000
vn 0.0000 -0.0000 1.0000
vn 0.0000 -0.0000 1.0000
vn 0.0000 0.0000 1.0000
vn -0.0000 -0.0000 1.0000
vn 0.0000 0.0000 1.0000
vn 0.0000 -0.0000 1.0000
vn 0.0000 0.0000 1.0000
vn 0.0000 -0.0000 1.0000
vn 0.0000 -0.0000 1.0000
vn 0.0000 -0.0000 1.0000
vn -0.0000 -0.0000 1.0000
vn 0.0000 0.0000 1.0000
vn 0.0496 -0.0513 0.9975
vn 0.0085 -0.0135 0.9999
vn 0.0000 0.0000 1.0000
vn 0.0000 0.0000 1.0000
vn 0.0085 -0.0135 0.9999
vn 0.0000 -0.0000 1.0000
vn 0.0000 -0.0000 1.0000
vn 0.0000 -0.0000 1.0000
vn 0.0000 -0.0000 1.0000
vn 0.0000 -0.0000 1.0000
vn 0.0000 0.0000 1.0000
vn -0.0000 -0.0000 1.0000
vn 0.0535 -0.0887 0.9946
vn -0.0000 0.0000 1.0000
vn 0.0000 -0.0000 1.0000
vn 0.0000 -0.0000 1.0000
vn -0.0000 0.0000 1.0000
vn -0.0000 0.0000 1.0000
vn 0.0000 -0.0000 1.0000
vn -0.0000 0.0000 1.0000
vn 0.0000 -0.0000 1.0000
vn 0.0000 -0.0000 1.0000
vn 0.0000 -0.0000 1.0000
vn 0.0000 -0.0000 1.0000
vn 0.0535 -0.0887 0.9946
vn 0.3515 -0.2200 0.9100
vn 0.2560 -0.0864 0.9628
vn 0.9925 0.1192 -0.0262
vn 0.9997 -0.0008 -0.0229
vn 0.9893 0.0581 -0.1338
vn -0.8765 -0.2641 -0.4026
vn -0.8765 -0.2641 -0.4026
vn -0.8765 -0.2641 -0.4026
vn 0.9739 0.0768 -0.2137
vn 0.9893 0.0581 -0.1338
vn 0.9828 0.0737 -0.1691
vn 0.9232 0.1022 -0.3704
vn 0.9739 0.0768 -0.2137
vn 0.9761 0.0795 -0.2020
vn -0.9856 0.1291 -0.1090
vn -0.9856 0.1291 -0.1090
vn -0.9856 0.1291 -0.1090
vn 0.9761 0.0795 -0.2020
vn 0.9828 0.0737 -0.1691
vn 0.9837 0.0747 -0.1636
vn 0.9761 0.0795 -0.2020
vn 0.9848 0.0619 -0.1625
vn 0.9435 0.1198 -0.3088
vn 0.9232 0.1022 -0.3704
vn 0.9435 0.1198 -0.3088
vn 0.9078 0.1899 -0.3740
vn 0.8290 0.2480 -0.5012
vn 0.8684 0.1366 -0.4766
vn 0.9078 0.1899 -0.3740
vn 0.8013 0.5544 -0.2249
vn 0.7294 0.6684 0.1453
vn 0.9298 0.2500 0.2701
vn 0.9298 0.2500 0.2701
vn 0.9009 0.2518 0.3536
vn 0.9357 0.2873 -0.2048
vn 0.9009 0.2518 0.3536
vn 0.9801 0.1941 0.0403
vn 0.9204 0.3859 -0.0622
vn 0.5394 0.3135 -0.7815
vn 0.8774 0.3228 -0.3550
vn 0.9357 0.2873 -0.2048
vn 0.3956 0.9181 -0.0257
vn 0.6487 0.7289 0.2189
vn 0.6498 0.7097 -0.2722
vn 0.6487 0.7289 0.2189
vn 0.7294 0.6684 0.1453
vn 0.8013 0.5544 -0.2249
vn 0.5129 0.6060 -0.6080
vn 0.4320 0.8880 -0.1577
vn 0.6498 0.7097 -0.2722
vn -0.2474 -0.2583 0.9338
vn -0.2474 -0.2583 0.9338
vn -0.1034 -0.0623 0.9927
vn 0.8013 0.5544 -0.2249
vn 0.8774 0.3228 -0.3550
vn 0.6068 0.2714 -0.7471
vn 0.4077 0.2714 -0.8718
vn 0.6498 0.7097 -0.2722
vn 0.6068 0.2714 -0.7471
vn 0.6068 0.2714 -0.7471
vn 0.8774 0.3228 -0.3550
vn 0.5394 0.3135 -0.7815
vn -0.2379 -0.0140 0.9712
vn -0.1034 -0.0623 0.9927
vn -0.0755 -0.0288 0.9967
vn 0.5394 0.3135 -0.7815
vn 0.5771 0.3308 -0.7467
vn 0.4046 0.3650 -0.8385
vn 0.1246 0.3432 -0.9310
vn 0.3652 0.2072 -0.9076
vn 0.4046 0.3650 -0.8385
vn 0.4046 0.3650 -0.8385
vn 0.5771 0.3308 -0.7467
vn 0.5007 0.4211 -0.7563
vn 0.3956 0.9181 -0.0257
vn 0.4320 0.8880 -0.1577
vn -0.0236 0.9880 -0.1529
vn 0.4320 0.8880 -0.1577
vn 0.5129 0.6060 -0.6080
vn 0.1125 0.7168 -0.6881
vn -0.0466 -0.5993 0.7992
vn -0.0466 -0.5993 0.7992
vn -0.0177 -0.1093 0.9939
vn 0.1125 0.7168 -0.6881
vn -0.0698 0.3506 -0.9339
vn -0.3957 0.7998 -0.4513
vn 0.1125 0.7168 -0.6881
vn 0.5129 0.6060 -0.6080
vn 0.4077 0.2714 -0.8718
vn -0.0177 -0.1093 0.9939
vn -0.0000 0.0000 1.0000
vn -0.1034 -0.0623 0.9927
vn 0.4077 0.2714 -0.8718
vn 0.3652 0.2072 -0.9076
vn -0.0213 0.0718 -0.9972
vn -0.0213 0.0718 -0.9972
vn 0.3652 0.2072 -0.9076
vn 0.1246 0.3432 -0.9310
vn -0.0000 0.0000 1.0000
vn -0.0000 -0.0000 1.0000
vn -0.0755 -0.0288 0.9967
vn 0.1246 0.3432 -0.9310
vn 0.1881 0.4980 -0.8465
vn -0.2341 0.3617 -0.9024
vn -0.2341 0.3617 -0.9024
vn 0.1881 0.4980 -0.8465
vn -0.2782 0.4201 -0.8638
vn -0.0930 0.9949 -0.0389
vn -0.0236 0.9880 -0.1529
vn -0.4105 0.8867 -0.2128
vn 0.1834 -0.4117 0.8927
vn -0.4938 0.7515 0.4375
vn -0.0177 -0.1093 0.9939
vn -0.4105 0.8867 -0.2128
vn -0.6112 0.7236 -0.3206
vn -0.4938 0.7515 0.4375
vn -0.4105 0.8867 -0.2128
vn -0.0236 0.9880 -0.1529
vn -0.3957 0.7998 -0.4513
vn -0.3957 0.7998 -0.4513
vn -0.0698 0.3506 -0.9339
vn -0.4590 0.2914 -0.8393
vn -0.0177 -0.1093 0.9939
vn 0.1780 -0.1866 0.9662
vn 0.0314 -0.0605 0.9977
vn -0.4590 0.2914 -0.8393
vn -0.0698 0.3506 -0.9339
vn -0.0213 0.0718 -0.9972
vn -0.0000 0.0000 1.0000
vn 0.0314 -0.0605 0.9977
vn 0.0000 0.0000 1.0000
vn -0.4938 0.7515 0.4375
vn -0.6112 0.7236 -0.3206
vn -0.3671 0.8775 -0.3087
vn -0.6112 0.7236 -0.3206
vn -0.4590 0.2914 -0.8393
vn -0.3847 0.4375 -0.8128
vn 0.0019 -0.3065 0.9519
vn 0.0532 -0.1321 0.9898
vn 0.0314 -0.0605 0.9977
vn -0.3847 0.4375 -0.8128
vn -0.1618 0.2418 -0.9567
vn -0.1677 0.5856 -0.7931
vn -0.3847 0.4375 -0.8128
vn -0.4590 0.2914 -0.8393
vn -0.2771 0.1629 -0.9469
vn 0.0314 -0.0605 0.9977
vn 0.0532 -0.1321 0.9898
vn -0.0000 0.0000 1.0000
vn -0.1618 0.2418 -0.9567
vn -0.2771 0.1629 -0.9469
vn -0.2414 0.2627 -0.9342
vn -0.2802 0.9270 0.2492
vn -0.3671 0.8775 -0.3087
vn -0.4318 0.8670 -0.2488
vn 0.2823 -0.3517 0.8925
vn 0.2823 -0.3517 0.8925
vn 0.0532 -0.1321 0.9898
vn -0.4318 0.8670 -0.2488
vn -0.6511 0.5986 -0.4666
vn -0.6895 0.7186 -0.0906
vn -0.4318 0.8670 -0.2488
vn -0.3671 0.8775 -0.3087
vn -0.1677 0.5856 -0.7931
vn -0.1677 0.5856 -0.7931
vn -0.1618 0.2418 -0.9567
vn -0.2277 0.1831 -0.9564
vn 0.0713 -0.0512 0.9961
vn 0.0532 -0.1321 0.9898
vn -0.7383 0.4868 0.4668
vn -0.2277 0.1831 -0.9564
vn -0.2261 0.2567 -0.9397
vn -0.3395 0.3242 -0.8829
vn -0.2277 0.1831 -0.9564
vn -0.1618 0.2418 -0.9567
vn -0.1658 0.2170 -0.9620
vn -0.6895 0.7186 -0.0906
vn -0.6511 0.5986 -0.4666
vn -0.7521 0.6155 -0.2355
vn 0.2581 -0.1025 0.9607
vn 0.2581 -0.1025 0.9607
vn 0.0713 -0.0512 0.9961
vn -0.7521 0.6155 -0.2355
vn -0.5882 0.6908 -0.4205
vn -0.6828 0.7261 0.0814
vn -0.7521 0.6155 -0.2355
vn -0.6511 0.5986 -0.4666
vn -0.3395 0.3242 -0.8829
vn -0.3395 0.3242 -0.8829
vn -0.2261 0.2567 -0.9397
vn -0.2389 0.2726 -0.9320
vn 0.9801 0.1941 0.0403
vn 0.9487 0.1241 0.2909
vn 0.9613 0.2183 -0.1678
vn 0.8706 0.2399 -0.4297
vn 0.9781 0.1060 -0.1790
vn 0.9613 0.2183 -0.1678
vn 0.9487 0.1241 0.2909
vn 0.7012 0.1863 0.6882
vn 0.9492 0.3063 -0.0717
vn 0.9613 0.2183 -0.1678
vn 0.9492 0.3063 -0.0717
vn 0.8810 0.3050 -0.3617
vn 0.7279 0.3853 -0.5672
vn 0.8767 0.3116 -0.3664
vn 0.8810 0.3050 -0.3617
vn 0.9492 0.3063 -0.0717
vn 0.7012 0.1863 0.6882
vn 0.7565 0.3414 0.5578
vn 0.9492 0.3063 -0.0717
vn 0.9445 0.3200 -0.0746
vn 0.8914 0.3111 -0.3296
vn 0.8810 0.3050 -0.3617
vn 0.8914 0.3111 -0.3296
vn 0.7942 0.3110 -0.5220
vn 0.7181 0.3008 -0.6276
vn 0.7695 0.3088 -0.5590
vn 0.7942 0.3110 -0.5220
vn 0.9445 0.3200 -0.0746
vn 0.7565 0.3414 0.5578
vn 0.8041 0.2669 0.5313
vn 0.9925 0.1192 -0.0262
vn 0.9893 0.0581 -0.1338
vn 0.9655 0.2130 -0.1499
vn 0.8914 0.3111 -0.3296
vn 0.9445 0.3200 -0.0746
vn 0.9655 0.2130 -0.1499
vn 0.9655 0.2130 -0.1499
vn 0.9893 0.0581 -0.1338
vn 0.9637 0.0960 -0.2491
vn 0.8914 0.3111 -0.3296
vn 0.9385 0.1728 -0.2990
vn 0.8419 0.2589 -0.4734
vn 0.7942 0.3110 -0.5220
vn 0.8419 0.2589 -0.4734
vn 0.7243 0.2276 -0.6509
vn 0.6836 0.2328 -0.6917
vn 0.7181 0.3008 -0.6276
vn 0.7243 0.2276 -0.6509
vn -0.4820 -0.1311 0.8663
vn -0.4820 -0.1311 0.8663
vn -0.0958 -0.0617 0.9935
vn 0.9637 0.0960 -0.2491
vn 0.9739 0.0768 -0.2137
vn 0.9439 0.0803 -0.3203
vn 0.8419 0.2589 -0.4734
vn 0.9385 0.1728 -0.2990
vn 0.9439 0.0803 -0.3203
vn 0.9439 0.0803 -0.3203
vn 0.9739 0.0768 -0.2137
vn 0.9232 0.1022 -0.3704
vn 0.7243 0.2276 -0.6509
vn 0.8419 0.2589 -0.4734
vn 0.8513 0.0900 -0.5168
vn 0.8513 0.0900 -0.5168
vn 0.9232 0.1022 -0.3704
vn 0.8684 0.1366 -0.4766
vn 0.7243 0.2276 -0.6509
vn 0.7643 0.1797 -0.6193
vn 0.7252 0.2381 -0.6461
vn 0.5483 0.2251 -0.8054
vn 0.6836 0.2328 -0.6917
vn 0.7252 0.2381 -0.6461
vn -0.0958 -0.0617 0.9935
vn -0.0000 -0.0000 1.0000
vn -0.3912 -0.0568 0.9185
vn 0.7252 0.2381 -0.6461
vn 0.7643 0.1797 -0.6193
vn 0.8290 0.2480 -0.5012
vn 0.6055 0.3037 -0.7357
vn 0.7252 0.2381 -0.6461
vn 0.7159 0.2950 -0.6328
vn -0.0000 -0.0000 1.0000
vn 0.0000 0.0000 1.0000
vn -0.2254 0.0099 0.9742
vn 0.7159 0.2950 -0.6328
vn 0.8290 0.2480 -0.5012
vn 0.7670 0.3151 -0.5590
vn -0.5100 -0.2305 0.8287
vn -0.5100 -0.2305 0.8287
vn -0.1290 -0.0418 0.9908
vn 0.9204 0.3859 -0.0622
vn 0.9781 0.1060 -0.1790
vn 0.8271 0.2272 -0.5142
vn 0.5771 0.3308 -0.7467
vn 0.9357 0.2873 -0.2048
vn 0.8271 0.2272 -0.5142
vn 0.8271 0.2272 -0.5142
vn 0.9781 0.1060 -0.1790
vn 0.8706 0.2399 -0.4297
vn 0.5007 0.4211 -0.7563
vn 0.5771 0.3308 -0.7467
vn 0.6421 0.3522 -0.6810
vn -0.1290 -0.0418 0.9908
vn -0.0715 0.0038 0.9974
vn -0.2452 0.0618 0.9675
vn 0.8706 0.2399 -0.4297
vn 0.8767 0.3116 -0.3664
vn 0.7124 0.3906 -0.5830
vn 0.5749 0.4435 -0.6877
vn 0.6421 0.3522 -0.6810
vn 0.7124 0.3906 -0.5830
vn 0.7124 0.3906 -0.5830
vn 0.8767 0.3116 -0.3664
vn 0.7279 0.3853 -0.5672
vn -0.0715 0.0038 0.9974
vn -0.0379 -0.0003 0.9993
vn 0.7012 0.1863 0.6882
vn 0.7279 0.3853 -0.5672
vn 0.7695 0.3088 -0.5590
vn 0.6144 0.4096 -0.6744
vn 0.4953 0.4315 -0.7540
vn 0.5749 0.4435 -0.6877
vn 0.6144 0.4096 -0.6744
vn 0.6144 0.4096 -0.6744
vn 0.7695 0.3088 -0.5590
vn 0.7181 0.3008 -0.6276
vn 0.7012 0.1863 0.6882
vn -0.0379 -0.0003 0.9993
vn -0.0554 -0.0039 0.9985
vn 0.1471 0.3858 -0.9108
vn 0.5664 0.4134 -0.7129
vn 0.5475 0.3477 -0.7611
vn 0.5475 0.3477 -0.7611
vn 0.7181 0.3008 -0.6276
vn 0.6836 0.2328 -0.6917
vn 0.7565 0.3414 0.5578
vn -0.0554 -0.0039 0.9985
vn -0.0449 -0.0258 0.9987
vn 0.0473 0.3101 -0.9495
vn 0.2330 0.3592 -0.9037
vn 0.4017 0.2305 -0.8863
vn 0.4017 0.2305 -0.8863
vn 0.6836 0.2328 -0.6917
vn 0.5483 0.2251 -0.8054
vn -0.0449 -0.0258 0.9987
vn 0.0000 -0.0000 1.0000
vn -0.0958 -0.0617 0.9935
vn 0.5483 0.2251 -0.8054
vn 0.6055 0.3037 -0.7357
vn 0.3352 0.3492 -0.8750
vn 0.0000 -0.0000 1.0000
vn 0.0000 -0.0000 1.0000
vn -0.0000 -0.0000 1.0000
vn 0.6055 0.3037 -0.7357
vn 0.6394 0.3308 -0.6941
vn 0.5317 0.3588 -0.7672
vn 0.2236 0.4472 -0.8660
vn 0.3352 0.3492 -0.8750
vn 0.5317 0.3588 -0.7672
vn 0.5317 0.3588 -0.7672
vn 0.6394 0.3308 -0.6941
vn 0.5953 0.3901 -0.7024
vn 0.0000 -0.0000 1.0000
vn 0.0000 0.0000 1.0000
vn 0.0000 0.0000 1.0000
vn -0.0755 -0.0288 0.9967
vn -0.0000 -0.0000 1.0000
vn -0.1290 -0.0418 0.9908
vn 0.5007 0.4211 -0.7563
vn 0.5749 0.4435 -0.6877
vn 0.4123 0.5183 -0.7492
vn -0.2782 0.4201 -0.8638
vn 0.1881 0.4980 -0.8465
vn 0.4123 0.5183 -0.7492
vn 0.4123 0.5183 -0.7492
vn 0.5749 0.4435 -0.6877
vn 0.4585 0.4228 -0.7817
vn -0.0000 -0.0000 1.0000
vn 0.0000 0.0000 1.0000
vn -0.0715 0.0038 0.9974
vn 0.4585 0.4228 -0.7817
vn 0.4953 0.4315 -0.7540
vn -0.0476 0.3514 -0.9350
vn 0.0000 0.0000 1.0000
vn 0.0000 0.0000 1.0000
vn -0.0379 -0.0003 0.9993
vn 0.4953 0.4315 -0.7540
vn 0.5664 0.4134 -0.7129
vn 0.1471 0.3858 -0.9108
vn -0.2265 0.2853 -0.9313
vn -0.0476 0.3514 -0.9350
vn 0.1471 0.3858 -0.9108
vn 0.0000 0.0000 1.0000
vn -0.0000 0.0000 1.0000
vn -0.0554 -0.0039 0.9985
vn 0.1471 0.3858 -0.9108
vn 0.2330 0.3592 -0.9037
vn -0.2229 0.3312 -0.9169
vn -0.2229 0.3312 -0.9169
vn 0.2330 0.3592 -0.9037
vn 0.0473 0.3101 -0.9495
vn -0.0000 0.0000 1.0000
vn -0.0000 -0.0000 1.0000
vn -0.0449 -0.0258 0.9987
vn 0.0473 0.3101 -0.9495
vn 0.1860 0.2643 -0.9463
vn -0.1269 0.3091 -0.9425
vn 0.1860 0.2643 -0.9463
vn 0.3352 0.3492 -0.8750
vn -0.0764 0.4038 -0.9117
vn -0.0764 0.4038 -0.9117
vn 0.3352 0.3492 -0.8750
vn 0.2236 0.4472 -0.8660
vn -0.0000 -0.0000 1.0000
vn -0.0000 -0.0000 1.0000
vn -0.0000 -0.0000 1.0000
vn 0.2236 0.4472 -0.8660
vn 0.3987 0.4243 -0.8130
vn -0.1687 0.4187 -0.8923
vn -0.0000 -0.0000 1.0000
vn 0.0000 0.0000 1.0000
vn -0.0000 -0.0000 1.0000
vn 0.0000 0.0000 1.0000
vn 0.0000 0.0000 1.0000
vn -0.0000 -0.0000 1.0000
vn 0.0000 -0.0000 1.0000
vn -0.0000 -0.0000 1.0000
vn -0.0000 -0.0000 1.0000
vn -0.0000 -0.0000 1.0000
vn 0.0000 -0.0000 1.0000
vn -0.0000 -0.0000 1.0000
vn 0.0000 -0.0000 1.0000
vn 0.0000 0.0000 1.0000
vn 0.0000 0.0000 1.0000
vn -0.3178 0.3410 -0.8847
vn -0.0476 0.3514 -0.9350
vn -0.2477 0.3456 -0.9051
vn 0.0000 0.0000 1.0000
vn 0.0000 0.0000 1.0000
vn 0.0000 0.0000 1.0000
vn -0.2265 0.2853 -0.9313
vn -0.3248 0.2471 -0.9129
vn -0.3192 0.2732 -0.9074
vn -0.3248 0.2471 -0.9129
vn -0.2265 0.2853 -0.9313
vn -0.2229 0.3312 -0.9169
vn -0.2229 0.3312 -0.9169
vn -0.2345 0.3337 -0.9131
vn -0.2836 0.3715 -0.8841
vn -0.2836 0.3715 -0.8841
vn -0.2345 0.3337 -0.9131
vn -0.1269 0.3091 -0.9425
vn -0.0000 -0.0000 1.0000
vn -0.0000 -0.0000 1.0000
vn -0.0000 0.0000 1.0000
vn -0.2836 0.3715 -0.8841
vn -0.1269 0.3091 -0.9425
vn -0.0764 0.4038 -0.9117
vn -0.3095 0.3654 -0.8779
vn -0.1687 0.4187 -0.8923
vn -0.3333 0.3732 -0.8658
vn 0.0000 0.0000 1.0000
vn 0.0000 -0.0000 1.0000
vn 0.0000 -0.0000 1.0000
vn -0.2414 0.2627 -0.9342
vn -0.2341 0.3617 -0.9024
vn -0.3238 0.3674 -0.8719
vn -0.3238 0.3674 -0.8719
vn -0.2782 0.4201 -0.8638
vn -0.3456 0.3915 -0.8528
vn 0.0000 0.0000 -1.0000
vn 0.0000 0.0000 -1.0000
vn 0.0000 0.0000 -1.0000
vn -0.3456 0.3915 -0.8528
vn -0.3192 0.2732 -0.9074
vn -0.3833 0.2919 -0.8763
vn -0.3456 0.3915 -0.8528
vn -0.2782 0.4201 -0.8638
vn -0.2477 0.3456 -0.9051
vn 0.0000 0.0000 1.0000
vn 0.0000 0.0000 1.0000
vn 0.0000 0.0000 1.0000
vn 0.0000 0.0000 1.0000
vn 0.0000 0.0000 1.0000
vn -0.0000 -0.0000 1.0000
vn -0.3248 0.2471 -0.9129
vn -0.3531 0.3144 -0.8812
vn -0.3589 0.2493 -0.8995
vn 0.0000 0.0000 1.0000
vn -0.0000 0.0000 1.0000
vn -0.0000 -0.0000 1.0000
vn -0.3501 0.3977 -0.8481
vn -0.2836 0.3715 -0.8841
vn -0.3389 0.3912 -0.8557
vn -0.3389 0.3912 -0.8557
vn -0.2836 0.3715 -0.8841
vn -0.2683 0.4001 -0.8763
vn -0.3389 0.3912 -0.8557
vn -0.2683 0.4001 -0.8763
vn -0.3095 0.3654 -0.8779
vn 0.0000 0.0000 1.0000
vn -0.0000 0.0000 1.0000
vn -0.0000 0.0000 1.0000
vn -0.2414 0.2627 -0.9342
vn -0.2884 0.3003 -0.9092
vn -0.1868 0.2427 -0.9520
vn -0.0000 0.0000 1.0000
vn 0.0000 0.0000 1.0000
vn 0.0000 0.0000 1.0000
vn -0.2884 0.3003 -0.9092
vn -0.3238 0.3674 -0.8719
vn -0.3833 0.2919 -0.8763
vn 0.0000 0.0000 1.0000
vn -0.0000 -0.0000 1.0000
vn 0.0000 0.0000 1.0000
vn -0.3833 0.2919 -0.8763
vn -0.3589 0.2493 -0.8995
vn -0.2811 0.2636 -0.9228
vn -0.3833 0.2919 -0.8763
vn -0.3192 0.2732 -0.9074
vn -0.3884 0.1941 -0.9008
vn 0.0000 -0.0000 1.0000
vn -0.0000 -0.0000 1.0000
vn 0.0000 0.0000 1.0000
vn -0.0000 -0.0000 1.0000
vn -0.0000 -0.0000 1.0000
vn 0.0000 0.0000 1.0000
vn 0.0000 0.0000 1.0000
vn -0.0000 -0.0000 1.0000
vn 0.0000 0.0000 1.0000
vn -0.3589 0.2493 -0.8995
vn -0.3531 0.3144 -0.8812
vn -0.3461 0.3826 -0.8566
vn -0.4119 0.3253 -0.8512
vn -0.3389 0.3912 -0.8557
vn -0.3432 0.3538 -0.8701
vn -0.0000 0.0000 1.0000
vn 0.0713 -0.0512 0.9961
vn 0.0000 -0.0000 1.0000
vn -0.2261 0.2567 -0.9397
vn -0.1658 0.2170 -0.9620
vn -0.1868 0.2427 -0.9520
vn -0.1868 0.2427 -0.9520
vn -0.2884 0.3003 -0.9092
vn -0.2099 0.2523 -0.9446
vn -0.0000 0.0000 1.0000
vn 0.0000 -0.0000 1.0000
vn -0.0000 0.0000 1.0000
vn 0.0000 -0.0000 1.0000
vn -0.0000 -0.0000 1.0000
vn 0.0000 0.0000 1.0000
vn 0.0000 0.0000 1.0000
vn -0.0000 0.0000 1.0000
vn 0.0000 0.0000 1.0000
vn -0.2099 0.2523 -0.9446
vn -0.2884 0.3003 -0.9092
vn -0.2811 0.2636 -0.9228
vn -0.2811 0.2636 -0.9228
vn -0.3589 0.2493 -0.8995
vn -0.2720 0.2779 -0.9213
vn -0.2720 0.2779 -0.9213
vn -0.3589 0.2493 -0.8995
vn -0.2917 0.3190 -0.9017
vn -0.2720 0.2779 -0.9213
vn -0.2917 0.3190 -0.9017
vn -0.3080 0.3453 -0.8865
vn -0.3080 0.3453 -0.8865
vn -0.3461 0.3826 -0.8566
vn -0.3504 0.3981 -0.8478
vn -0.3504 0.3981 -0.8478
vn -0.4119 0.3253 -0.8512
vn -0.4024 0.3179 -0.8585
vn -0.4119 0.3253 -0.8512
vn -0.4663 0.2868 -0.8369
vn -0.4536 0.2868 -0.8438
vn -0.4663 0.2868 -0.8369
vn -0.4119 0.3253 -0.8512
vn -0.4058 0.3269 -0.8535
vn 0.0713 -0.0512 0.9961
vn 0.2772 -0.2664 0.9231
vn 0.0707 -0.0499 0.9963
vn -0.2389 0.2726 -0.9320
vn -0.3241 0.2247 -0.9189
vn -0.5075 0.1592 -0.8468
vn -0.2389 0.2726 -0.9320
vn -0.2261 0.2567 -0.9397
vn -0.1819 0.2268 -0.9568
vn 0.0000 -0.0000 1.0000
vn 0.0707 -0.0499 0.9963
vn 0.0246 0.0015 0.9997
vn -0.3241 0.2247 -0.9189
vn -0.3737 0.2056 -0.9045
vn -0.4782 0.2635 -0.8378
vn -0.3241 0.2247 -0.9189
vn -0.1819 0.2268 -0.9568
vn -0.2409 0.2337 -0.9420
vn 0.0000 -0.0000 1.0000
vn 0.0000 0.0000 1.0000
vn 0.0524 -0.0221 0.9984
vn 0.0246 0.0015 0.9997
vn 0.0524 -0.0221 0.9984
vn 0.0000 0.0000 1.0000
vn -0.2409 0.2337 -0.9420
vn -0.3257 0.2252 -0.9183
vn -0.3972 0.1731 -0.9013
vn -0.2409 0.2337 -0.9420
vn -0.2099 0.2523 -0.9446
vn -0.2811 0.2636 -0.9228
vn -0.3257 0.2252 -0.9183
vn -0.3955 0.1939 -0.8978
vn -0.3777 0.2083 -0.9022
vn -0.3257 0.2252 -0.9183
vn -0.2811 0.2636 -0.9228
vn -0.2759 0.2414 -0.9304
vn -0.2759 0.2414 -0.9304
vn -0.2720 0.2779 -0.9213
vn -0.3951 0.2565 -0.8821
vn -0.3951 0.2565 -0.8821
vn -0.2720 0.2779 -0.9213
vn -0.3080 0.3453 -0.8865
vn -0.4024 0.3179 -0.8585
vn -0.4536 0.2868 -0.8438
vn -0.3951 0.2565 -0.8821
vn 0.3987 0.4243 -0.8130
vn 0.5953 0.3901 -0.7024
vn 0.4670 0.4523 -0.7598
vn -0.1687 0.4187 -0.8923
vn 0.3987 0.4243 -0.8130
vn 0.2018 0.4668 -0.8610
vn 0.2018 0.4668 -0.8610
vn 0.1868 0.4093 -0.8931
vn -0.3044 0.3761 -0.8751
vn -0.3333 0.3732 -0.8658
vn -0.3044 0.3761 -0.8751
vn -0.3321 0.3970 -0.8556
vn -0.6828 0.7261 0.0814
vn -0.5882 0.6908 -0.4205
vn -0.7267 0.6362 -0.2592
vn -0.7267 0.6362 -0.2592
vn -0.7695 0.3764 -0.5160
vn -0.9891 0.1226 0.0810
vn -0.7267 0.6362 -0.2592
vn -0.5882 0.6908 -0.4205
vn -0.5075 0.1592 -0.8468
vn 0.0707 -0.0499 0.9963
vn -0.4103 0.7488 0.5205
vn -0.5714 0.0846 0.8163
vn -0.7695 0.3764 -0.5160
vn -0.5075 0.1592 -0.8468
vn -0.4782 0.2635 -0.8378
vn -0.4782 0.2635 -0.8378
vn -0.3737 0.2056 -0.9045
vn -0.3643 0.2326 -0.9018
vn 0.0496 -0.0513 0.9975
vn -0.0000 -0.0000 1.0000
vn 0.0524 -0.0221 0.9984
vn -0.5714 0.0846 0.8163
vn -0.6127 0.1964 0.7655
vn 0.0524 -0.0221 0.9984
vn -0.3643 0.2326 -0.9018
vn -0.3113 0.1710 -0.9348
vn -0.4449 0.2567 -0.8580
vn -0.3643 0.2326 -0.9018
vn -0.3737 0.2056 -0.9045
vn -0.3972 0.1731 -0.9013
vn 0.0496 -0.0513 0.9975
vn -0.6127 0.1964 0.7655
vn -0.2567 0.4352 0.8630
vn -0.3113 0.1710 -0.9348
vn -0.3972 0.1731 -0.9013
vn -0.3777 0.2083 -0.9022
vn -0.3777 0.2083 -0.9022
vn -0.3833 0.2200 -0.8970
vn -0.3593 0.1794 -0.9158
vn -0.3777 0.2083 -0.9022
vn -0.3955 0.1939 -0.8978
vn -0.3951 0.2565 -0.8821
vn -0.3833 0.2200 -0.8970
vn -0.4563 0.2492 -0.8542
vn -0.4173 0.1652 -0.8936
vn -0.3951 0.2565 -0.8821
vn -0.4536 0.2868 -0.8438
vn -0.4563 0.2492 -0.8542
vn -0.9891 0.1226 0.0810
vn -0.7695 0.3764 -0.5160
vn -0.4511 0.7121 -0.5379
vn -0.9440 0.1045 0.3130
vn -0.8237 0.3422 0.4522
vn -0.5714 0.0846 0.8163
vn -0.1226 0.0902 -0.9883
vn -0.4511 0.7121 -0.5379
vn -0.7749 0.2466 -0.5820
vn -0.4511 0.7121 -0.5379
vn -0.7695 0.3764 -0.5160
vn -0.4055 0.3797 -0.8315
vn -0.4055 -0.8845 -0.2309
vn -0.4055 -0.8845 -0.2309
vn -0.4055 -0.8845 -0.2309
vn -0.7749 0.2466 -0.5820
vn -0.7202 0.3387 -0.6054
vn -0.5026 0.8041 0.3174
vn -0.7749 0.2466 -0.5820
vn -0.4055 0.3797 -0.8315
vn -0.4449 0.2567 -0.8580
vn -0.4449 0.2567 -0.8580
vn -0.3113 0.1710 -0.9348
vn -0.4242 0.1906 -0.8853
vn 0.0535 -0.0887 0.9946
vn 0.0085 -0.0135 0.9999
vn -0.2567 0.4352 0.8630
vn -0.5026 0.8041 0.3174
vn 0.3371 0.4051 0.8499
vn -0.2567 0.4352 0.8630
vn -0.4242 0.1906 -0.8853
vn -0.4226 0.2032 -0.8832
vn -0.3948 0.2726 -0.8774
vn -0.4242 0.1906 -0.8853
vn -0.3113 0.1710 -0.9348
vn -0.2992 0.2369 -0.9243
vn -0.4226 0.2032 -0.8832
vn -0.2992 0.2369 -0.9243
vn -0.3593 0.1794 -0.9158
vn 0.1921 -0.0427 0.9804
vn 0.2583 -0.0209 0.9658
vn -0.0000 0.0000 1.0000
vn -0.4131 0.1564 -0.8972
vn -0.3593 0.1794 -0.9158
vn -0.4173 0.1652 -0.8936
vn -0.4173 0.1652 -0.8936
vn -0.4563 0.2492 -0.8542
vn -0.4569 0.1564 -0.8757
vn -0.0000 0.0000 1.0000
vn 0.2583 -0.0209 0.9658
vn 0.1601 0.0184 0.9869
vn -0.4569 0.1564 -0.8757
vn -0.5076 0.2165 -0.8340
vn -0.5117 0.0893 -0.8545
vn -0.4569 0.1564 -0.8757
vn -0.4563 0.2492 -0.8542
vn -0.5076 0.2165 -0.8340
vn 0.0000 -0.0000 1.0000
vn 0.1601 0.0184 0.9869
vn 0.1110 -0.0047 0.9938
vn -0.5117 0.0893 -0.8545
vn -0.5076 0.2165 -0.8340
vn -0.5834 0.1011 -0.8059
vn -0.5026 0.8041 0.3174
vn -0.7202 0.3387 -0.6054
vn -0.6394 0.6323 -0.4374
vn 0.0535 -0.0887 0.9946
vn 0.3371 0.4051 0.8499
vn 0.1554 -0.1862 0.9701
vn 0.1205 -0.0940 0.9882
vn 0.1205 -0.0940 0.9882
vn 0.3371 0.4051 0.8499
vn -0.7398 0.6661 0.0954
vn -0.6394 0.6323 -0.4374
vn -0.9317 0.2085 -0.2976
vn -0.6394 0.6323 -0.4374
vn -0.7202 0.3387 -0.6054
vn -0.3948 0.2726 -0.8774
vn 0.3515 -0.2200 0.9100
vn 0.5775 -0.1442 0.8035
vn 0.5775 -0.1442 0.8035
vn 0.2560 -0.0864 0.9628
vn 0.6642 -0.0883 0.7423
vn 0.1921 -0.0427 0.9804
vn -0.9317 0.2085 -0.2976
vn -0.8961 0.1027 -0.4319
vn -0.9804 0.1956 -0.0224
vn -0.9317 0.2085 -0.2976
vn -0.3948 0.2726 -0.8774
vn -0.4131 0.1564 -0.8972
vn 0.1921 -0.0427 0.9804
vn 0.6607 -0.1509 0.7353
vn 0.6607 -0.1509 0.7353
vn -0.8961 0.1027 -0.4319
vn -0.9216 0.0551 -0.3842
vn -0.9870 0.1228 -0.1036
vn -0.4693 0.1132 -0.8758
vn -0.5521 0.0800 -0.8299
vn -0.9216 0.0551 -0.3842
vn 0.2583 -0.0209 0.9658
vn 0.7351 -0.1174 0.6678
vn 0.7351 -0.1174 0.6678
vn -0.9216 0.0551 -0.3842
vn -0.9279 -0.0116 -0.3726
vn -0.9933 0.0557 -0.1016
vn -0.5521 0.0800 -0.8299
vn -0.5640 0.0535 -0.8241
vn -0.9279 -0.0116 -0.3726
vn -0.5521 0.0800 -0.8299
vn -0.4693 0.1132 -0.8758
vn -0.5117 0.0893 -0.8545
vn 0.1601 0.0184 0.9869
vn 0.4552 -0.0051 0.8904
vn 0.4552 -0.0051 0.8904
vn -0.9279 -0.0116 -0.3726
vn -0.9176 -0.0348 -0.3960
vn -0.9991 -0.0420 -0.0080
vn -0.9279 -0.0116 -0.3726
vn -0.5640 0.0535 -0.8241
vn -0.5868 0.0138 -0.8096
vn -0.6856 -0.0641 -0.7252
vn -0.9176 -0.0348 -0.3960
vn -0.5868 0.0138 -0.8096
vn 0.0000 -0.0000 1.0000
vn -0.0000 -0.0000 1.0000
vn 0.0000 -0.0000 1.0000
vn 0.0000 0.0000 1.0000
vn 0.0000 -0.0000 1.0000
vn 0.0000 -0.0000 1.0000
vn 0.0000 0.0000 1.0000
vn 0.0000 0.0000 1.0000
vn 0.0000 0.0000 1.0000
vn 0.0000 0.0000 1.0000
vn 0.0000 0.0000 1.0000
vn -0.0000 0.0000 1.0000
vn -0.0000 0.0000 1.0000
vn -0.0000 0.0000 1.0000
vn -0.0000 -0.0000 1.0000
vn -0.0000 0.0000 1.0000
vn 0.0000 0.0000 1.0000
vn 0.0000 -0.0000 1.0000
vn 0.0000 0.0000 1.0000
vn 0.0000 0.0000 1.0000
vn -0.0000 0.0000 1.0000
vn 0.0000 0.0000 1.0000
vn 0.0000 0.0000 1.0000
vn -0.0000 0.0000 1.0000
vn 0.0000 0.0000 1.0000
vn -0.0000 -0.0000 1.0000
vn 0.0000 0.0000 1.0000
vn 0.0000 0.0000 1.0000
vn 0.0000 0.0000 1.0000
vn 0.0000 0.0000 1.0000
vn 0.0000 0.0000 1.0000
vn 0.0000 -0.0000 1.0000
vn 0.0000 0.0000 1.0000
vn 0.0000 -0.0000 1.0000
vn 0.0000 0.0000 1.0000
vn 0.0000 0.0000 1.0000
vn 0.0000 0.0000 1.0000
vn 0.0000 0.0000 1.0000
vn 0.0000 0.0000 1.0000
vn 0.0000 0.0000 1.0000
vn 0.0000 0.0000 1.0000
vn 0.0000 0.0000 1.0000
vn 0.0000 0.0000 1.0000
vn -0.0000 -0.0000 1.0000
vn 0.0000 -0.0000 1.0000
vn -0.0000 -0.0000 1.0000
vn 0.0000 0.0000 1.0000
vn 0.0000 0.0000 1.0000
vn 0.0000 0.0000 1.0000
vn 0.0000 0.0000 1.0000
vn 0.0000 0.0000 1.0000
vn 0.0000 0.0000 1.0000
vn -0.0000 -0.0000 1.0000
vn 0.0000 0.0000 1.0000
vn 0.0000 0.0000 1.0000
vn -0.0000 -0.0000 1.0000
vn -0.0000 -0.0000 1.0000
vn 0.0000 0.0000 1.0000
vn -0.0000 -0.0000 1.0000
vn 0.0000 0.0000 1.0000
vn -0.0000 -0.0000 1.0000
vn 0.0000 0.0000 1.0000
vn -0.0000 -0.0000 1.0000
vn 0.0000 0.0000 1.0000
vn 0.0000 0.0000 1.0000
vn 0.0000 0.0000 1.0000
vn 0.0000 0.0000 1.0000
vn 0.0000 0.0000 1.0000
vn 0.0000 0.0000 1.0000
vn 0.0000 0.0000 1.0000
vn 0.0000 0.0000 1.0000
vn 0.0000 -0.0000 1.0000
vn 0.0000 -0.0000 1.0000
vn 0.0000 0.0000 1.0000
vn -0.0000 -0.0000 1.0000
vn -0.0000 -0.0000 1.0000
vn 0.0000 0.0000 1.0000
vn 0.0000 -0.0000 1.0000
vn 0.0000 0.0000 1.0000
vn 0.0000 0.0000 1.0000
vn -0.0000 0.0000 1.0000
vn -0.0000 0.0000 1.0000
vn -0.0000 0.0000 1.0000
vn 0.0000 0.0000 1.0000
vn 0.0000 0.0000 1.0000
vn -0.0000 0.0000 1.0000
vn 0.0000 -0.0000 1.0000
vn 0.0000 -0.0000 1.0000
vn 0.0000 -0.0000 1.0000
vn 0.0336 0.0252 0.9991
vn 0.0000 0.0000 1.0000
vn 0.0336 0.0252 0.9991
vn 0.1350 0.0367 0.9902
vn 0.0000 0.0000 1.0000
vn 0.0000 -0.0000 1.0000
vn 0.0000 0.0000 1.0000
vn -0.0000 0.0000 1.0000
vn 0.0000 0.0000 1.0000
vn -0.0000 0.0000 1.0000
vn 0.0000 -0.0000 1.0000
vn -0.0000 0.0000 1.0000
vn 0.0000 -0.0000 1.0000
vn 0.0000 -0.0000 1.0000
vn 0.0000 -0.0000 1.0000
vn 0.0000 -0.0000 1.0000
vn 0.0000 -0.0000 1.0000
vn 0.0000 0.0000 1.0000
vn 0.0000 0.0000 1.0000
vn 0.0000 0.0000 1.0000
vn -0.0000 -0.0000 1.0000
vn 0.0000 -0.0000 1.0000
vn -0.0000 -0.0000 1.0000
vn -0.0000 0.0000 1.0000
vn -0.0000 0.0000 1.0000
vn -0.0000 0.0000 1.0000
vn 0.0000 0.0000 1.0000
vn 0.0000 -0.0000 1.0000
vn 0.0000 -0.0000 1.0000
vn 0.0000 0.0000 1.0000
vn 0.0000 -0.0000 1.0000
vn -0.0000 -0.0000 1.0000
vn 0.0000 0.0000 1.0000
vn -0.0000 -0.0000 1.0000
vn 0.0000 0.0000 1.0000
vn 0.0000 0.0000 1.0000
vn -0.0000 0.0000 1.0000
vn -0.0000 0.0000 1.0000
vn 0.0000 0.0000 1.0000
vn -0.0000 0.0000 1.0000
vn 0.0000 0.0000 1.0000
vn -0.0000 0.0000 1.0000
vn -0.0000 -0.0000 1.0000
vn 0.0000 0.0000 1.0000
vn -0.0000 -0.0000 1.0000
vn 0.0000 -0.0000 1.0000
vn 0.0000 -0.0000 1.0000
vn 0.0000 -0.0000 1.0000
vn 0.0000 0.0000 1.0000
vn 0.0000 0.0000 1.0000
vn -0.0000 -0.0000 1.0000
vn -0.0000 -0.0000 1.0000
vn -0.0000 -0.0000 1.0000
vn 0.0000 0.0000 1.0000
vn 0.0000 0.0000 1.0000
vn 0.0000 0.0000 1.0000
vn 0.0000 0.0000 1.0000
vn -0.0000 0.0000 1.0000
vn -0.0000 0.0000 1.0000
vn -0.0000 -0.0000 1.0000
vn 0.0000 0.0000 1.0000
vn -0.0000 -0.0000 1.0000
vn 0.0000 0.0000 1.0000
vn -0.0000 0.0000 1.0000
vn -0.0000 0.0000 1.0000
vn 0.0000 0.0000 1.0000
vn -0.0000 0.0000 1.0000
vn -0.0000 -0.0000 1.0000
vn -0.0000 0.0000 1.0000
vn 0.0263 0.0275 0.9993
vn -0.0000 -0.0000 1.0000
vn 0.0000 0.0000 1.0000
vn -0.0000 -0.0000 1.0000
vn 0.0000 0.0000 1.0000
vn 0.0000 0.0000 1.0000
vn 0.0000 0.0000 1.0000
vn 0.0000 0.0000 1.0000
vn 0.0000 0.0000 1.0000
vn 0.0000 0.0000 1.0000
vn -0.0000 0.0000 1.0000
vn 0.0000 0.0000 1.0000
vn 0.0330 0.0237 0.9992
vn -0.0000 -0.0000 1.0000
vn 0.0330 0.0237 0.9992
vn 0.1178 0.0254 0.9927
vn -0.0000 -0.0000 1.0000
vn 0.0000 -0.0000 1.0000
vn 0.0000 0.0000 1.0000
vn 0.0000 0.0000 1.0000
vn 0.0000 0.0000 1.0000
vn 0.0511 0.0352 0.9981
vn 0.0000 0.0000 1.0000
vn 0.0000 0.0000 1.0000
vn 0.0000 0.0000 1.0000
vn 0.0000 0.0000 1.0000
vn 0.0000 0.0000 1.0000
vn 0.0000 0.0000 1.0000
vn -0.0000 0.0000 1.0000
vn 0.0000 0.0000 1.0000
vn 0.0464 0.0264 0.9986
vn 0.0000 0.0000 1.0000
vn 0.0000 -0.0000 1.0000
vn 0.0377 0.0272 0.9989
vn 0.8983 0.3371 -0.2819
vn 0.9433 0.2472 -0.2216
vn 0.9539 0.2543 -0.1596
vn 0.9873 0.1562 -0.0288
vn 0.9836 0.1801 -0.0129
vn 0.9773 0.1976 -0.0765
vn 0.9539 0.2543 -0.1596
vn 0.9725 0.1958 -0.1263
vn 0.9773 0.1976 -0.0765
vn 0.9206 0.3382 -0.1952
vn 0.9539 0.2543 -0.1596
vn 0.9612 0.2626 -0.0844
vn 0.9838 0.1598 0.0813
vn 0.9878 0.1142 0.1057
vn 0.9844 0.1762 -0.0011
vn 0.9773 0.1976 -0.0765
vn 0.9836 0.1801 -0.0129
vn 0.9844 0.1762 -0.0011
vn 0.9612 0.2626 -0.0844
vn 0.9773 0.1976 -0.0765
vn 0.9738 0.2257 -0.0288
vn 0.9317 0.3491 -0.1004
vn 0.9612 0.2626 -0.0844
vn 0.9606 0.2768 -0.0241
vn 0.9878 0.1142 0.1057
vn 0.9839 0.1058 0.1442
vn 0.9854 0.1533 0.0746
vn 0.9738 0.2257 -0.0288
vn 0.9844 0.1762 -0.0011
vn 0.9854 0.1533 0.0746
vn 0.9606 0.2768 -0.0241
vn 0.9738 0.2257 -0.0288
vn 0.9792 0.2010 0.0289
vn 0.9485 0.3167 -0.0048
vn 0.9606 0.2768 -0.0241
vn 0.9696 0.2442 0.0160
vn -0.2254 0.0099 0.9742
vn -0.2109 0.0016 0.9775
vn -0.9721 0.0192 0.2336
vn 0.9848 0.0619 -0.1625
vn 0.9837 0.0747 -0.1636
vn 0.9935 0.0310 -0.1099
vn 0.9435 0.1198 -0.3088
vn 0.9848 0.0619 -0.1625
vn 0.9868 0.0483 -0.1548
vn 0.9435 0.1198 -0.3088
vn 0.9674 0.1214 -0.2225
vn 0.9385 0.2050 -0.2779
vn 0.9078 0.1899 -0.3740
vn 0.9385 0.2050 -0.2779
vn 0.8637 0.2664 -0.4279
vn 0.7670 0.3151 -0.5590
vn 0.8290 0.2480 -0.5012
vn 0.8637 0.2664 -0.4279
vn -0.2109 0.0016 0.9775
vn -0.2475 0.0063 0.9689
vn -0.8961 0.0215 0.4433
vn 0.9868 0.0483 -0.1548
vn 0.9935 0.0310 -0.1099
vn 0.9967 0.0027 -0.0815
vn 0.9674 0.1214 -0.2225
vn 0.9868 0.0483 -0.1548
vn 0.9931 0.0236 -0.1146
vn 0.9385 0.2050 -0.2779
vn 0.9674 0.1214 -0.2225
vn 0.9783 0.1310 -0.1606
vn 0.9385 0.2050 -0.2779
vn 0.9633 0.1905 -0.1891
vn 0.8935 0.2739 -0.3557
vn 0.8637 0.2664 -0.4279
vn 0.8935 0.2739 -0.3557
vn 0.8216 0.3365 -0.4602
vn 0.7396 0.3948 -0.5451
vn 0.7670 0.3151 -0.5590
vn 0.8216 0.3365 -0.4602
vn 0.9931 0.0236 -0.1146
vn 0.9967 0.0027 -0.0815
vn 0.9988 0.0136 -0.0467
vn 0.9783 0.1310 -0.1606
vn 0.9931 0.0236 -0.1146
vn 0.9945 0.0566 -0.0884
vn 0.9633 0.1905 -0.1891
vn 0.9783 0.1310 -0.1606
vn 0.9892 0.1092 -0.0974
vn 0.9633 0.1905 -0.1891
vn 0.9790 0.1724 -0.1088
vn 0.9396 0.2272 -0.2560
vn 0.8935 0.2739 -0.3557
vn 0.9396 0.2272 -0.2560
vn 0.8866 0.2967 -0.3547
vn 0.8216 0.3365 -0.4602
vn 0.8866 0.2967 -0.3547
vn 0.8065 0.4043 -0.4315
vn -0.9675 0.0048 0.2528
vn -0.2475 0.0063 0.9689
vn -0.2010 -0.0031 0.9796
vn 0.9892 0.1092 -0.0974
vn 0.9945 0.0566 -0.0884
vn 0.9976 0.0267 -0.0638
vn 0.9790 0.1724 -0.1088
vn 0.9892 0.1092 -0.0974
vn 0.9940 0.1072 -0.0220
vn 0.8866 0.2967 -0.3547
vn 0.9396 0.2272 -0.2560
vn 0.9433 0.2472 -0.2216
vn 0.8065 0.4043 -0.4315
vn 0.8866 0.2967 -0.3547
vn 0.8983 0.3371 -0.2819
vn -0.9157 -0.0279 0.4008
vn -0.2010 -0.0031 0.9796
vn -0.3405 -0.0036 0.9402
vn 0.9976 0.0267 -0.0638
vn 0.9988 0.0136 -0.0467
vn 0.9988 0.0334 -0.0352
vn 0.9940 0.1072 -0.0220
vn 0.9976 0.0267 -0.0638
vn 0.9985 0.0437 -0.0326
vn 0.9940 0.1072 -0.0220
vn 0.9902 0.1285 0.0544
vn 0.9873 0.1562 -0.0288
vn 0.9725 0.1958 -0.1263
vn 0.9790 0.1724 -0.1088
vn 0.9873 0.1562 -0.0288
vn 0.8983 0.3371 -0.2819
vn 0.9206 0.3382 -0.1952
vn 0.8537 0.4180 -0.3106
vn 0.9902 0.1285 0.0544
vn 0.9985 0.0437 -0.0326
vn 0.9829 0.1831 0.0174
vn 0.9902 0.1285 0.0544
vn 0.9838 0.1598 0.0813
vn 0.9836 0.1801 -0.0129
vn -0.9592 0.0367 0.2805
vn -0.3405 -0.0036 0.9402
vn -0.1898 -0.0027 0.9818
vn 0.9829 0.1831 0.0174
vn 0.9988 0.0334 -0.0352
vn 0.9642 0.1816 0.1932
vn 0.9829 0.1831 0.0174
vn 0.9812 0.1894 -0.0364
vn 0.9891 0.1470 -0.0053
vn -0.6068 0.0004 0.7948
vn -0.1898 -0.0027 0.9818
vn -0.0235 -0.0145 0.9996
vn -0.8677 -0.3600 -0.3428
vn -0.8677 -0.3600 -0.3428
vn -0.8677 -0.3600 -0.3428
vn 0.9878 0.1142 0.1057
vn 0.9891 0.1470 -0.0053
vn 0.9963 0.0717 -0.0468
vn 0.8798 0.4298 -0.2029
vn 0.9206 0.3382 -0.1952
vn 0.9317 0.3491 -0.1004
vn 0.9317 0.3491 -0.1004
vn 0.9485 0.3167 -0.0048
vn 0.9053 0.4096 -0.1126
vn 0.8481 0.4850 -0.2135
vn 0.8798 0.4298 -0.2029
vn 0.9053 0.4096 -0.1126
vn 0.7923 0.3606 0.4921
vn 0.8212 0.3472 0.4528
vn 0.9305 0.3662 -0.0066
vn 0.7187 0.4347 -0.5428
vn 0.7396 0.3948 -0.5451
vn 0.8065 0.4043 -0.4315
vn 0.8065 0.4043 -0.4315
vn 0.8537 0.4180 -0.3106
vn 0.7673 0.5003 -0.4011
vn 0.6466 0.5577 -0.5204
vn 0.7181 0.4883 -0.4959
vn 0.7673 0.5003 -0.4011
vn 0.8537 0.4180 -0.3106
vn 0.9206 0.3382 -0.1952
vn 0.8798 0.4298 -0.2029
vn 0.7673 0.5003 -0.4011
vn 0.8160 0.4980 -0.2936
vn 0.7582 0.5384 -0.3678
vn 0.8160 0.4980 -0.2936
vn 0.8798 0.4298 -0.2029
vn 0.8481 0.4850 -0.2135
vn 0.7227 0.5896 -0.3607
vn 0.7582 0.5384 -0.3678
vn 0.8026 0.5134 0.3039
vn 0.8481 0.4850 -0.2135
vn 0.6442 0.3262 0.6918
vn 0.8029 0.5563 -0.2142
vn 0.9963 0.0717 -0.0468
vn 0.9954 0.0902 -0.0334
vn 0.9839 0.1058 0.1442
vn 0.9792 0.2010 0.0289
vn 0.9854 0.1533 0.0746
vn 0.9896 0.0888 0.1135
vn 0.9696 0.2442 0.0160
vn 0.9792 0.2010 0.0289
vn 0.9920 0.0976 0.0803
vn 0.9485 0.3167 -0.0048
vn 0.9696 0.2442 0.0160
vn 0.9802 0.1798 0.0825
vn 0.9954 0.0902 -0.0334
vn 0.9966 0.0681 -0.0466
vn 0.9923 0.0657 0.1054
vn 0.9896 0.0888 0.1135
vn 0.9839 0.1058 0.1442
vn 0.9923 0.0657 0.1054
vn 0.9920 0.0976 0.0803
vn 0.9896 0.0888 0.1135
vn 0.9967 0.0032 0.0815
vn 0.9802 0.1798 0.0825
vn 0.9920 0.0976 0.0803
vn 0.9944 -0.0295 0.1011
vn 0.9717 0.2247 0.0731
vn 0.9802 0.1798 0.0825
vn 0.9883 0.0050 0.1523
vn 0.9966 0.0681 -0.0466
vn 0.9936 0.0925 -0.0645
vn 0.9985 0.0465 0.0278
vn 0.9967 0.0032 0.0815
vn 0.9923 0.0657 0.1054
vn 0.9985 0.0465 0.0278
vn 0.9944 -0.0295 0.1011
vn 0.9967 0.0032 0.0815
vn 0.9996 -0.0280 0.0006
vn 0.9883 0.0050 0.1523
vn 0.9944 -0.0295 0.1011
vn 0.9884 -0.0873 0.1247
vn 0.9775 0.0819 0.1945
vn 0.9883 0.0050 0.1523
vn 0.9755 -0.0982 0.1971
vn 0.9805 0.1107 -0.1621
vn 0.9867 0.0557 -0.1526
vn 0.9924 0.0971 -0.0762
vn 0.9985 0.0465 0.0278
vn 0.9936 0.0925 -0.0645
vn 0.9924 0.0971 -0.0762
vn 0.9996 -0.0280 0.0006
vn 0.9985 0.0465 0.0278
vn 0.9963 0.0124 -0.0856
vn 0.9884 -0.0873 0.1247
vn 0.9996 -0.0280 0.0006
vn 0.9977 -0.0586 -0.0334
vn 0.9884 -0.0873 0.1247
vn 0.9869 -0.1305 0.0950
vn 0.9730 -0.1555 0.1708
vn 0.9977 -0.0586 -0.0334
vn 0.9963 0.0124 -0.0856
vn 0.9959 -0.0498 -0.0754
vn 0.9730 -0.1555 0.1708
vn 0.9869 -0.1305 0.0950
vn 0.9672 -0.2376 0.0899
vn 0.9867 0.0557 -0.1526
vn 0.9862 -0.0636 -0.1528
vn 0.9928 -0.0177 -0.1184
vn 0.9963 0.0124 -0.0856
vn 0.9928 -0.0177 -0.1184
vn 0.9905 -0.0606 -0.1234
vn 0.9978 -0.0361 -0.0564
vn 0.9959 -0.0498 -0.0754
vn 0.9955 -0.0780 -0.0539
vn 0.9977 -0.0586 -0.0334
vn 0.9955 -0.0780 -0.0539
vn 0.9883 -0.1481 0.0371
vn 0.9672 -0.2376 0.0899
vn 0.9869 -0.1305 0.0950
vn 0.9883 -0.1481 0.0371
vn 0.9928 -0.0177 -0.1184
vn 0.9862 -0.0636 -0.1528
vn 0.9867 -0.1077 -0.1215
vn 0.9905 -0.0606 -0.1234
vn 0.9928 -0.0177 -0.1184
vn 0.9867 -0.1077 -0.1215
vn 0.9905 -0.0606 -0.1234
vn 0.9771 -0.1712 -0.1263
vn 0.9914 -0.1006 -0.0841
vn 0.9955 -0.0780 -0.0539
vn 0.9914 -0.1006 -0.0841
vn 0.9859 -0.1642 -0.0317
vn 0.9867 -0.1077 -0.1215
vn 0.9624 -0.2469 -0.1132
vn 0.9771 -0.1712 -0.1263
vn -0.9831 -0.0327 -0.1803
vn -0.9831 -0.0327 -0.1803
vn -0.9831 -0.0327 -0.1803
vn 0.9963 0.0717 -0.0468
vn 0.9812 0.1894 -0.0364
vn 0.9924 0.0731 -0.0994
vn -0.2583 -0.0177 0.9659
vn -0.0235 -0.0145 0.9996
vn 0.0000 0.0000 1.0000
vn -0.8203 -0.1332 -0.5562
vn -0.8203 -0.1332 -0.5562
vn -0.8203 -0.1332 -0.5562
vn 0.9924 0.0731 -0.0994
vn 0.9877 0.0737 -0.1376
vn 0.9966 0.0681 -0.0466
vn -0.1830 -0.0322 0.9826
vn 0.0000 0.0000 1.0000
vn 0.0000 -0.0000 1.0000
vn -0.8336 -0.1604 -0.5286
vn -0.7999 -0.1090 0.5902
vn -0.8336 -0.1604 -0.5286
vn 0.9805 0.1107 -0.1621
vn 0.9936 0.0925 -0.0645
vn 0.9877 0.0737 -0.1376
vn 0.0000 -0.0000 1.0000
vn 0.0000 0.0000 1.0000
vn -0.3404 -0.0399 0.9394
vn -0.6190 -0.0912 -0.7801
vn -0.6190 -0.0912 -0.7801
vn -0.6190 -0.0912 -0.7801
vn 0.0000 0.0000 1.0000
vn 0.0000 0.0000 1.0000
vn -0.4087 0.0059 0.9126
vn -0.7852 -0.0311 -0.6185
vn -0.7852 -0.0311 -0.6185
vn -0.7852 -0.0311 -0.6185
vn 0.0000 0.0000 1.0000
vn 0.0000 0.0000 1.0000
vn -0.2595 0.0719 0.9631
vn -0.4087 0.0059 0.9126
vn -0.9889 0.1290 -0.0739
vn -0.9889 0.1290 -0.0739
vn -0.2595 0.0719 0.9631
vn 0.0000 0.0000 1.0000
vn -0.0497 0.0117 0.9987
vn -0.9842 0.1610 -0.0737
vn -0.9842 0.1610 -0.0737
vn -0.9842 0.1610 -0.0737
vn 0.9711 -0.2157 -0.1020
vn 0.9732 -0.2046 -0.1052
vn 0.9914 -0.1006 -0.0841
vn 0.9914 -0.1006 -0.0841
vn 0.9732 -0.2046 -0.1052
vn 0.9633 -0.2593 -0.0700
vn -0.2903 -0.0358 0.9563
vn -0.0497 0.0117 0.9987
vn -0.2182 0.0811 0.9725
vn -0.5047 0.2050 0.8386
vn -0.5047 0.2050 0.8386
vn -0.5047 0.2050 0.8386
vn 0.9624 -0.2469 -0.1132
vn 0.8720 -0.4758 -0.1150
vn 0.9083 -0.3979 -0.1292
vn 0.9083 -0.3979 -0.1292
vn 0.9348 -0.3387 -0.1070
vn 0.9771 -0.1712 -0.1263
vn 0.9711 -0.2157 -0.1020
vn 0.9348 -0.3387 -0.1070
vn 0.8932 -0.4317 -0.1257
vn 0.9732 -0.2046 -0.1052
vn 0.8932 -0.4317 -0.1257
vn 0.9068 -0.4029 -0.1242
vn 0.9732 -0.2046 -0.1052
vn 0.9068 -0.4029 -0.1242
vn 0.9179 -0.3827 -0.1047
vn 0.9633 -0.2593 -0.0700
vn 0.9179 -0.3827 -0.1047
vn 0.9164 -0.3960 -0.0590
vn 0.9305 0.3662 -0.0066
vn 0.9485 0.3167 -0.0048
vn 0.9717 0.2247 0.0731
vn 0.9534 0.2871 0.0929
vn 0.9717 0.2247 0.0731
vn 0.9775 0.0819 0.1945
vn 0.9775 0.0819 0.1945
vn 0.9755 -0.0982 0.1971
vn 0.9827 -0.1235 0.1381
vn 0.7129 -0.0951 0.6948
vn 0.9319 -0.0283 0.3616
vn 0.9827 -0.1235 0.1381
vn 0.9755 -0.0982 0.1971
vn 0.9730 -0.1555 0.1708
vn 0.9650 -0.2166 0.1479
vn 0.9827 -0.1235 0.1381
vn 0.9650 -0.2166 0.1479
vn 0.8556 -0.2349 0.4613
vn 0.9650 -0.2166 0.1479
vn 0.9730 -0.1555 0.1708
vn 0.9672 -0.2376 0.0899
vn 0.8556 -0.2349 0.4613
vn 0.9650 -0.2166 0.1479
vn 0.9672 -0.2376 0.0899
vn 0.9859 -0.1642 -0.0317
vn 0.9633 -0.2593 -0.0700
vn 0.9445 -0.3285 0.0014
vn 0.9445 -0.3285 0.0014
vn 0.9633 -0.2593 -0.0700
vn 0.9164 -0.3960 -0.0590
vn 0.9445 -0.3285 0.0014
vn 0.8521 -0.5127 -0.1048
vn 0.8132 -0.4801 0.3289
vn -0.2182 0.0811 0.9725
vn -0.1892 0.2541 0.9485
vn -0.7517 0.5835 0.3073
vn 0.9083 -0.3979 -0.1292
vn 0.8720 -0.4758 -0.1150
vn 0.7357 -0.6644 -0.1314
vn 0.9083 -0.3979 -0.1292
vn 0.7504 -0.6466 -0.1368
vn 0.7930 -0.5910 -0.1479
vn 0.8932 -0.4317 -0.1257
vn 0.9348 -0.3387 -0.1070
vn 0.7930 -0.5910 -0.1479
vn 0.8932 -0.4317 -0.1257
vn 0.6794 -0.7050 -0.2035
vn 0.7073 -0.6929 -0.1402
vn 0.9179 -0.3827 -0.1047
vn 0.9068 -0.4029 -0.1242
vn 0.7073 -0.6929 -0.1402
vn 0.9164 -0.3960 -0.0590
vn 0.9179 -0.3827 -0.1047
vn 0.6836 -0.7241 -0.0915
vn 0.9164 -0.3960 -0.0590
vn 0.6730 -0.7396 -0.0033
vn 0.6135 -0.7785 -0.1325
vn 0.0000 0.0000 1.0000
vn 0.0000 0.0000 1.0000
vn -0.2109 0.0016 0.9775
vn 0.5953 0.3901 -0.7024
vn 0.6394 0.3308 -0.6941
vn 0.6726 0.3919 -0.6278
vn 0.6726 0.3919 -0.6278
vn 0.7670 0.3151 -0.5590
vn 0.7396 0.3948 -0.5451
vn 0.0000 0.0000 1.0000
vn 0.0000 0.0000 1.0000
vn -0.2475 0.0063 0.9689
vn -0.2010 -0.0031 0.9796
vn 0.0000 0.0000 1.0000
vn -0.0000 0.0000 1.0000
vn -0.0000 0.0000 1.0000
vn 0.0000 -0.0000 1.0000
vn 0.0000 -0.0000 1.0000
vn -0.3405 -0.0036 0.9402
vn -0.0000 0.0000 1.0000
vn -0.0000 -0.0000 1.0000
vn -0.0000 -0.0000 1.0000
vn 0.0000 -0.0000 1.0000
vn 0.0000 0.0000 1.0000
vn -0.1898 -0.0027 0.9818
vn -0.0000 -0.0000 1.0000
vn -0.0000 0.0000 1.0000
vn 0.0000 0.0000 1.0000
vn 0.0000 0.0000 1.0000
vn 0.0000 0.0000 1.0000
vn 0.0000 0.0000 1.0000
vn 0.0000 0.0000 1.0000
vn 0.0000 0.0000 1.0000
vn 0.0000 0.0000 1.0000
vn 0.0000 0.0000 1.0000
vn 0.0000 0.0000 1.0000
vn 0.0000 0.0000 1.0000
vn 0.0000 0.0000 1.0000
vn 0.0000 0.0000 1.0000
vn 0.0000 0.0000 1.0000
vn -0.0000 -0.0000 1.0000
vn 0.0000 0.0000 1.0000
vn 0.0000 -0.0000 1.0000
vn 0.0000 0.0000 1.0000
vn 0.0000 0.0000 1.0000
vn -0.4058 0.3269 -0.8535
vn -0.4337 0.3496 -0.8304
vn -0.4663 0.2868 -0.8369
vn -0.4058 0.3269 -0.8535
vn -0.3432 0.3538 -0.8701
vn -0.3729 0.3962 -0.8390
vn -0.4337 0.3496 -0.8304
vn -0.3729 0.3962 -0.8390
vn -0.4395 0.4207 -0.7936
vn -0.5056 0.2553 -0.8241
vn -0.4663 0.2868 -0.8369
vn -0.4991 0.3307 -0.8009
vn -0.5788 0.2846 -0.7642
vn -0.6241 0.3030 -0.7202
vn -0.6530 0.2202 -0.7246
vn -0.5788 0.2846 -0.7642
vn -0.4991 0.3307 -0.8009
vn -0.5619 0.3639 -0.7428
vn -0.6241 0.3030 -0.7202
vn -0.6791 0.2740 -0.6810
vn -0.6530 0.2202 -0.7246
vn -0.9030 -0.0538 -0.4262
vn -0.8448 0.0055 -0.5351
vn -0.8945 -0.0737 -0.4409
vn -0.5076 0.2165 -0.8340
vn -0.4663 0.2868 -0.8369
vn -0.5056 0.2553 -0.8241
vn -0.5630 0.2179 -0.7972
vn -0.6285 0.1809 -0.7565
vn -0.6105 0.1178 -0.7832
vn -0.6285 0.1809 -0.7565
vn -0.5630 0.2179 -0.7972
vn -0.6530 0.2202 -0.7246
vn -0.6888 0.1226 -0.7145
vn -0.7370 0.1373 -0.6618
vn -0.7625 0.0419 -0.6457
vn -0.7625 0.0419 -0.6457
vn -0.7370 0.1373 -0.6618
vn -0.8269 0.0423 -0.5608
vn -0.7370 0.1373 -0.6618
vn -0.6530 0.2202 -0.7246
vn -0.7493 0.1925 -0.6337
vn 0.1392 0.0198 0.9901
vn 0.1766 0.0831 0.9808
vn 0.0000 -0.0000 1.0000
vn -0.8417 -0.1533 -0.5178
vn -0.8174 -0.0581 -0.5731
vn -0.8770 -0.1038 -0.4690
vn -0.8269 0.0423 -0.5608
vn -0.8942 -0.0074 -0.4475
vn -0.8770 -0.1038 -0.4690
vn -0.8081 0.1209 -0.5765
vn -0.8756 0.0255 -0.4823
vn -0.8942 -0.0074 -0.4475
vn 0.1766 0.0831 0.9808
vn 0.0838 0.2214 0.9716
vn 0.0336 0.0252 0.9991
vn -0.8770 -0.1038 -0.4690
vn -0.9183 -0.1026 -0.3823
vn -0.9004 -0.2017 -0.3855
vn -0.8942 -0.0074 -0.4475
vn -0.9030 -0.0538 -0.4262
vn -0.9183 -0.1026 -0.3823
vn -0.8081 0.1209 -0.5765
vn -0.8448 0.0055 -0.5351
vn -0.8756 0.0255 -0.4823
vn 0.4339 0.2287 0.8714
vn 0.4339 0.2287 0.8714
vn 0.1350 0.0367 0.9902
vn 0.1350 0.0367 0.9902
vn 0.5867 0.1028 0.8032
vn 0.1813 0.0403 0.9826
vn -0.8720 -0.4462 -0.2010
vn -0.9015 -0.3892 -0.1891
vn -0.9280 -0.3713 0.0298
vn -0.8720 -0.4462 -0.2010
vn -0.8246 -0.3246 -0.4634
vn -0.8533 -0.3407 -0.3947
vn -0.8246 -0.3246 -0.4634
vn -0.8450 -0.2715 -0.4608
vn -0.8748 -0.2782 -0.3967
vn -0.9004 -0.2017 -0.3855
vn -0.9232 -0.2624 -0.2807
vn -0.8748 -0.2782 -0.3967
vn -0.9004 -0.2017 -0.3855
vn -0.9183 -0.1026 -0.3823
vn -0.9262 -0.1929 -0.3240
vn -0.9183 -0.1026 -0.3823
vn -0.9030 -0.0538 -0.4262
vn -0.9166 -0.1527 -0.3694
vn 0.4670 0.4523 -0.7598
vn 0.5953 0.3901 -0.7024
vn 0.6492 0.4432 -0.6182
vn 0.5217 0.5034 -0.6888
vn 0.6492 0.4432 -0.6182
vn 0.7187 0.4347 -0.5428
vn 0.7187 0.4347 -0.5428
vn 0.7181 0.4883 -0.4959
vn 0.6166 0.5024 -0.6062
vn 0.6166 0.5024 -0.6062
vn 0.7181 0.4883 -0.4959
vn 0.6466 0.5577 -0.5204
vn 0.6466 0.5577 -0.5204
vn 0.6728 0.5871 -0.4502
vn 0.6853 0.7279 -0.0242
vn 0.5714 0.6684 -0.4761
vn 0.6853 0.7279 -0.0242
vn 0.6728 0.5871 -0.4502
vn 0.4670 0.4523 -0.7598
vn 0.5217 0.5034 -0.6888
vn 0.1329 0.4949 -0.8588
vn 0.5217 0.5034 -0.6888
vn 0.6166 0.5024 -0.6062
vn 0.2648 0.5570 -0.7872
vn 0.0182 0.5557 -0.8312
vn 0.1329 0.4949 -0.8588
vn 0.2648 0.5570 -0.7872
vn 0.2648 0.5570 -0.7872
vn 0.3466 0.5948 -0.7253
vn 0.0156 0.5847 -0.8111
vn 0.1868 0.4093 -0.8931
vn 0.1329 0.4949 -0.8588
vn -0.1700 0.4371 -0.8832
vn 0.1329 0.4949 -0.8588
vn 0.0182 0.5557 -0.8312
vn -0.0727 0.5392 -0.8390
vn -0.0727 0.5392 -0.8390
vn 0.0182 0.5557 -0.8312
vn 0.0156 0.5847 -0.8111
vn -0.3321 0.3970 -0.8556
vn -0.3061 0.4597 -0.8337
vn -0.3729 0.3962 -0.8390
vn -0.3321 0.3970 -0.8556
vn -0.3044 0.3761 -0.8751
vn -0.1700 0.4371 -0.8832
vn -0.3061 0.4597 -0.8337
vn -0.1700 0.4371 -0.8832
vn -0.2420 0.5115 -0.8245
vn -0.2420 0.5115 -0.8245
vn -0.0727 0.5392 -0.8390
vn -0.2895 0.5176 -0.8052
vn -0.2895 0.5176 -0.8052
vn -0.3933 0.4886 -0.7789
vn -0.4355 0.4646 -0.7711
vn -0.2895 0.5176 -0.8052
vn -0.0727 0.5392 -0.8390
vn -0.1637 0.5538 -0.8164
vn -0.3933 0.4886 -0.7789
vn -0.1637 0.5538 -0.8164
vn -0.2551 0.5527 -0.7934
vn -0.2551 0.5527 -0.7934
vn -0.3348 0.5359 -0.7750
vn -0.4944 0.8514 -0.1752
vn -0.3729 0.3962 -0.8390
vn -0.3061 0.4597 -0.8337
vn -0.3714 0.4750 -0.7978
vn -0.4395 0.4207 -0.7936
vn -0.3714 0.4750 -0.7978
vn -0.4355 0.4646 -0.7711
vn -0.5047 0.4360 -0.7451
vn -0.3933 0.4886 -0.7789
vn -0.6251 0.6332 -0.4563
vn -0.5619 0.3639 -0.7428
vn -0.6126 0.3547 -0.7063
vn -0.6241 0.3030 -0.7202
vn -0.5619 0.3639 -0.7428
vn -0.4983 0.4167 -0.7603
vn -0.5047 0.4360 -0.7451
vn -0.6634 0.3102 -0.6810
vn -0.8518 0.4910 -0.1825
vn -0.8971 0.4312 -0.0957
vn -0.7385 0.2233 -0.6362
vn -0.7757 0.2279 -0.5885
vn -0.8063 0.1578 -0.5700
vn -0.6241 0.3030 -0.7202
vn -0.6126 0.3547 -0.7063
vn -0.6791 0.2740 -0.6810
vn -0.6791 0.2740 -0.6810
vn -0.7318 0.2097 -0.6485
vn -0.7493 0.1925 -0.6337
vn -0.6791 0.2740 -0.6810
vn -0.6126 0.3547 -0.7063
vn -0.6634 0.3102 -0.6810
vn -0.7318 0.2097 -0.6485
vn -0.6634 0.3102 -0.6810
vn -0.7385 0.2233 -0.6362
vn -0.8081 0.1209 -0.5765
vn -0.7318 0.2097 -0.6485
vn -0.8084 0.0892 -0.5819
vn -0.7385 0.2233 -0.6362
vn -0.8063 0.1578 -0.5700
vn -0.8084 0.0892 -0.5819
vn -0.8084 0.0892 -0.5819
vn -0.8754 0.0455 -0.4813
vn -0.8945 -0.0737 -0.4409
vn -0.8063 0.1578 -0.5700
vn -0.8587 0.1457 -0.4913
vn -0.8754 0.0455 -0.4813
vn -0.0000 0.0000 1.0000
vn 0.0000 0.0000 1.0000
vn -0.0000 0.0000 1.0000
vn -0.0235 -0.0145 0.9996
vn -0.0000 0.0000 1.0000
vn 0.0000 0.0000 1.0000
vn 0.0000 0.0000 1.0000
vn -0.0000 0.0000 1.0000
vn 0.0000 -0.0000 1.0000
vn 0.0000 -0.0000 1.0000
vn 0.0000 0.0000 1.0000
vn 0.0000 -0.0000 1.0000
vn 0.0000 -0.0000 1.0000
vn 0.0000 -0.0000 1.0000
vn 0.0000 -0.0000 1.0000
vn 0.0000 0.0000 1.0000
vn 0.0000 -0.0000 1.0000
vn 0.0000 0.0000 1.0000
vn 0.0000 0.0000 1.0000
vn 0.0000 0.0000 1.0000
vn 0.0000 0.0000 1.0000
vn 0.0000 0.0000 1.0000
vn 0.0000 -0.0000 1.0000
vn 0.0000 0.0000 1.0000
vn 0.0000 0.0000 1.0000
vn 0.0000 0.0000 1.0000
vn -0.0497 0.0117 0.9987
vn -0.0497 0.0117 0.9987
vn 0.0000 0.0000 1.0000
vn 0.0000 0.0000 1.0000
vn 0.0000 0.0000 1.0000
vn 0.0000 0.0000 1.0000
vn 0.0000 0.0000 1.0000
vn 0.0000 0.0000 1.0000
vn 0.0000 0.0000 1.0000
vn -0.0000 0.0000 1.0000
vn 0.0000 0.0000 1.0000
vn -0.0000 0.0000 1.0000
vn 0.0000 0.0000 1.0000
vn -0.0000 0.0000 1.0000
vn 0.0000 -0.0000 1.0000
vn 0.0233 0.0289 0.9993
vn 0.1044 0.0455 0.9935
vn 0.1176 0.1449 0.9824
vn 0.0000 0.0000 1.0000
vn 0.0000 0.0000 1.0000
vn 0.1176 0.1449 0.9824
vn 0.0233 0.0289 0.9993
vn -0.7411 -0.6284 -0.2362
vn -0.7070 -0.6832 -0.1827
vn -0.6762 -0.6894 -0.2597
vn 0.1569 0.0250 0.9873
vn 0.1874 0.1100 0.9761
vn -0.0000 0.0000 1.0000
vn -0.9408 -0.3232 -0.1020
vn -0.9399 -0.3408 -0.0232
vn -0.8837 -0.4645 -0.0570
vn -0.9399 -0.3408 -0.0232
vn -0.9675 -0.2487 -0.0451
vn -0.8977 -0.4400 -0.0224
vn 0.1874 0.1100 0.9761
vn 0.0843 0.2302 0.9695
vn 0.0263 0.0275 0.9993
vn 0.0263 0.0275 0.9993
vn 0.1856 0.0493 0.9814
vn 0.1044 0.0455 0.9935
vn -0.8732 -0.3465 -0.3427
vn -0.8917 -0.3547 -0.2810
vn -0.8600 -0.4029 -0.3130
vn -0.8917 -0.3547 -0.2810
vn -0.8957 -0.4138 -0.1626
vn -0.8629 -0.4470 -0.2359
vn -0.8957 -0.4138 -0.1626
vn -0.8837 -0.4645 -0.0570
vn -0.8230 -0.5427 -0.1680
vn -0.7884 -0.5621 -0.2502
vn -0.8629 -0.4470 -0.2359
vn -0.8230 -0.5427 -0.1680
vn -0.8837 -0.4645 -0.0570
vn -0.8977 -0.4400 -0.0224
vn -0.7736 -0.6311 -0.0580
vn -0.8230 -0.5427 -0.1680
vn -0.7736 -0.6311 -0.0580
vn -0.7070 -0.6832 -0.1827
vn 0.1044 0.0455 0.9935
vn 0.2920 0.2108 0.9329
vn 0.2920 0.2108 0.9329
vn -0.8602 -0.4963 -0.1172
vn -0.7993 -0.5880 -0.1242
vn -0.8598 -0.5009 0.0993
vn -0.8598 -0.5009 0.0993
vn -0.7993 -0.5880 -0.1242
vn -0.6703 -0.7420 -0.0009
vn -0.8602 -0.4963 -0.1172
vn -0.8406 -0.4285 -0.3313
vn -0.8106 -0.5051 -0.2964
vn -0.8406 -0.4285 -0.3313
vn -0.8732 -0.3465 -0.3427
vn -0.8130 -0.4698 -0.3439
vn -0.7439 -0.5745 -0.3413
vn -0.8106 -0.5051 -0.2964
vn -0.8130 -0.4698 -0.3439
vn -0.8600 -0.4029 -0.3130
vn -0.7909 -0.5258 -0.3132
vn -0.8130 -0.4698 -0.3439
vn -0.8130 -0.4698 -0.3439
vn -0.7909 -0.5258 -0.3132
vn -0.7549 -0.5631 -0.3362
vn -0.8600 -0.4029 -0.3130
vn -0.8629 -0.4470 -0.2359
vn -0.7909 -0.5258 -0.3132
vn -0.7884 -0.5621 -0.2502
vn -0.7254 -0.6152 -0.3087
vn -0.7909 -0.5258 -0.3132
vn 0.1759 0.0397 0.9836
vn 0.2240 0.1144 0.9678
vn 0.0000 0.0000 1.0000
vn -0.9536 -0.2128 -0.2128
vn -0.9561 -0.1513 -0.2511
vn -0.9740 -0.1552 -0.1652
vn 0.2240 0.1144 0.9678
vn 0.1140 0.2398 0.9641
vn 0.0330 0.0237 0.9992
vn -0.9230 -0.2860 -0.2576
vn -0.9428 -0.2654 -0.2019
vn -0.9386 -0.2984 -0.1735
vn -0.9428 -0.2654 -0.2019
vn -0.9536 -0.2128 -0.2128
vn -0.9641 -0.2295 -0.1333
vn -0.9740 -0.1552 -0.1652
vn -0.9896 -0.1047 -0.0983
vn -0.9641 -0.2295 -0.1333
vn 0.3635 0.1520 0.9191
vn 0.3635 0.1520 0.9191
vn 0.1178 0.0254 0.9927
vn 0.1178 0.0254 0.9927
vn 0.4459 0.0514 0.8936
vn 0.1569 0.0250 0.9873
vn -0.9401 -0.3197 -0.1181
vn -0.9497 -0.2956 -0.1032
vn -0.9508 -0.2642 0.1620
vn -0.9401 -0.3197 -0.1181
vn -0.9117 -0.2734 -0.3066
vn -0.9076 -0.2880 -0.3055
vn -0.9117 -0.2734 -0.3066
vn -0.9059 -0.2725 -0.3241
vn -0.9018 -0.2953 -0.3154
vn -0.9386 -0.2984 -0.1735
vn -0.9641 -0.2295 -0.1333
vn -0.9408 -0.3232 -0.1020
vn -0.9641 -0.2295 -0.1333
vn -0.9896 -0.1047 -0.0983
vn -0.9675 -0.2487 -0.0451
vn -0.9399 -0.3408 -0.0232
vn -0.9408 -0.3232 -0.1020
vn -0.9675 -0.2487 -0.0451
vn 0.1569 0.0250 0.9873
vn 0.5356 0.1406 0.8327
vn 0.5356 0.1406 0.8327
vn -0.9497 -0.2956 -0.1032
vn -0.9291 -0.3397 -0.1463
vn -0.9540 -0.2966 0.0444
vn -0.9076 -0.2880 -0.3055
vn -0.8793 -0.3608 -0.3109
vn -0.9291 -0.3397 -0.1463
vn -0.9076 -0.2880 -0.3055
vn -0.9018 -0.2953 -0.3154
vn -0.8732 -0.3465 -0.3427
vn -0.9018 -0.2953 -0.3154
vn -0.9230 -0.2860 -0.2576
vn -0.8917 -0.3547 -0.2810
vn -0.9230 -0.2860 -0.2576
vn -0.9386 -0.2984 -0.1735
vn -0.9197 -0.3427 -0.1917
vn -0.9408 -0.3232 -0.1020
vn -0.8957 -0.4138 -0.1626
vn -0.9197 -0.3427 -0.1917
vn 0.1874 0.1100 0.9761
vn 0.8056 0.2402 0.5415
vn 0.8056 0.2402 0.5415
vn -0.8878 -0.4580 -0.0453
vn -0.9291 -0.3397 -0.1463
vn -0.8602 -0.4963 -0.1172
vn -0.8602 -0.4963 -0.1172
vn -0.9291 -0.3397 -0.1463
vn -0.8793 -0.3608 -0.3109
vn -0.8732 -0.3465 -0.3427
vn -0.8406 -0.4285 -0.3313
vn -0.8793 -0.3608 -0.3109
vn 0.1813 0.0403 0.9826
vn 0.2767 0.1513 0.9490
vn 0.0000 0.0000 1.0000
vn -0.9262 -0.1929 -0.3240
vn -0.9166 -0.1527 -0.3694
vn -0.9306 -0.2044 -0.3036
vn -0.8945 -0.0737 -0.4409
vn -0.9301 -0.0990 -0.3536
vn -0.9306 -0.2044 -0.3036
vn 0.2767 0.1513 0.9490
vn 0.1817 0.3358 0.9242
vn 0.0511 0.0352 0.9981
vn 0.0511 0.0352 0.9981
vn 0.3978 0.0536 0.9159
vn 0.1759 0.0397 0.9836
vn -0.8682 -0.3310 -0.3697
vn -0.8942 -0.3020 -0.3306
vn -0.9058 -0.2852 -0.3133
vn -0.8942 -0.3020 -0.3306
vn -0.9232 -0.2624 -0.2807
vn -0.9289 -0.2811 -0.2412
vn -0.9232 -0.2624 -0.2807
vn -0.9333 -0.2579 -0.2501
vn -0.9289 -0.2811 -0.2412
vn -0.9306 -0.2044 -0.3036
vn -0.9536 -0.2128 -0.2128
vn -0.9333 -0.2579 -0.2501
vn -0.9306 -0.2044 -0.3036
vn -0.9301 -0.0990 -0.3536
vn -0.9561 -0.1513 -0.2511
vn 0.1759 0.0397 0.9836
vn 0.6243 0.2431 0.7424
vn 0.6243 0.2431 0.7424
vn -0.9084 -0.3751 -0.1848
vn -0.9343 -0.3051 -0.1842
vn -0.9484 -0.3141 -0.0424
vn -0.9084 -0.3751 -0.1848
vn -0.8790 -0.3234 -0.3504
vn -0.9059 -0.2725 -0.3241
vn -0.9289 -0.2811 -0.2412
vn -0.9333 -0.2579 -0.2501
vn -0.9428 -0.2654 -0.2019
vn 0.2240 0.1144 0.9678
vn 0.9119 0.2692 0.3098
vn 0.9119 0.2692 0.3098
vn -0.9343 -0.3051 -0.1842
vn -0.9396 -0.2975 -0.1693
vn -0.9350 -0.3455 -0.0799
vn -0.9350 -0.3455 -0.0799
vn -0.9396 -0.2975 -0.1693
vn -0.9401 -0.3197 -0.1181
vn -0.9343 -0.3051 -0.1842
vn -0.9059 -0.2725 -0.3241
vn -0.9117 -0.2734 -0.3066
vn 0.1813 0.0403 0.9826
vn 0.7240 0.2471 0.6441
vn 0.7240 0.2471 0.6441
vn -0.9015 -0.3892 -0.1891
vn -0.8987 -0.3635 -0.2453
vn -0.9248 -0.3659 -0.1046
vn -0.8533 -0.3407 -0.3947
vn -0.8682 -0.3310 -0.3697
vn -0.8987 -0.3635 -0.2453
vn -0.8533 -0.3407 -0.3947
vn -0.8748 -0.2782 -0.3967
vn -0.8942 -0.3020 -0.3306
vn -0.8748 -0.2782 -0.3967
vn -0.9232 -0.2624 -0.2807
vn -0.8942 -0.3020 -0.3306
vn 0.2767 0.1513 0.9490
vn 0.9461 0.2939 0.1363
vn 0.9461 0.2939 0.1363
vn -0.8971 -0.4124 -0.1587
vn -0.8987 -0.3635 -0.2453
vn -0.9084 -0.3751 -0.1848
vn -0.8987 -0.3635 -0.2453
vn -0.8682 -0.3310 -0.3697
vn -0.8790 -0.3234 -0.3504
vn -0.9084 -0.3751 -0.1848
vn -0.8987 -0.3635 -0.2453
vn -0.8790 -0.3234 -0.3504
vn -0.6334 -0.7574 -0.1586
vn -0.4502 -0.5381 0.7126
vn -0.6495 -0.7200 0.2442
vn -0.6495 -0.7200 0.2442
vn -0.6403 -0.7389 0.2099
vn -0.6658 -0.7129 -0.2203
vn -0.7070 -0.6832 -0.1827
vn -0.6334 -0.7574 -0.1586
vn -0.6658 -0.7129 -0.2203
vn -0.9675 -0.2487 -0.0451
vn -0.9873 -0.1537 -0.0409
vn -0.9428 -0.3323 -0.0279
vn -0.9873 -0.1537 -0.0409
vn -0.7220 -0.0867 0.6865
vn -0.7634 -0.1573 0.6265
vn -0.9428 -0.3323 -0.0279
vn -0.8208 -0.5644 -0.0882
vn -0.8977 -0.4400 -0.0224
vn -0.9428 -0.3323 -0.0279
vn -0.5257 -0.2119 0.8239
vn -0.7403 -0.4211 0.5240
vn -0.6659 -0.6735 0.3209
vn -0.8208 -0.5644 -0.0882
vn -0.7403 -0.4211 0.5240
vn -0.8977 -0.4400 -0.0224
vn -0.8208 -0.5644 -0.0882
vn -0.6843 -0.7227 -0.0972
vn -0.7070 -0.6832 -0.1827
vn -0.7736 -0.6311 -0.0580
vn -0.6843 -0.7227 -0.0972
vn -0.8587 0.1457 -0.4913
vn -0.8468 0.1927 0.4957
vn -0.9541 0.1072 0.2795
vn -0.9561 -0.1513 -0.2511
vn -0.9559 -0.0635 -0.2867
vn -0.9813 -0.0552 -0.1846
vn -0.9740 -0.1552 -0.1652
vn -0.9813 -0.0552 -0.1846
vn -0.9896 -0.1047 -0.0983
vn -0.9813 -0.0552 -0.1846
vn -0.7728 -0.0013 0.6346
vn -0.9390 -0.0414 0.3415
vn -0.7220 -0.0867 0.6865
vn -0.9873 -0.1537 -0.0409
vn -0.9390 -0.0414 0.3415
vn -0.8754 0.0455 -0.4813
vn -0.8587 0.1457 -0.4913
vn -0.9223 0.0264 -0.3855
vn 0.0000 0.0000 1.0000
vn -0.0649 0.1210 0.9905
vn -0.1892 0.2541 0.9485
vn -0.1892 0.2541 0.9485
vn -0.0649 0.1210 0.9905
vn -0.3566 0.8905 0.2826
vn 0.7357 -0.6644 -0.1314
vn 0.5007 -0.8558 -0.1303
vn 0.4947 -0.8590 -0.1317
vn 0.4947 -0.8590 -0.1317
vn 0.5072 -0.8522 -0.1284
vn 0.7930 -0.5910 -0.1479
vn 0.5072 -0.8522 -0.1284
vn 0.3890 -0.8988 -0.2021
vn 0.6794 -0.7050 -0.2035
vn 0.6794 -0.7050 -0.2035
vn 0.3890 -0.8988 -0.2021
vn 0.2606 -0.9206 -0.2907
vn 0.7073 -0.6929 -0.1402
vn 0.2606 -0.9206 -0.2907
vn 0.2428 -0.9503 -0.1952
vn 0.6836 -0.7241 -0.0915
vn 0.2428 -0.9503 -0.1952
vn 0.0911 -0.9920 -0.0878
vn 0.4947 -0.8590 -0.1317
vn 0.5007 -0.8558 -0.1303
vn 0.2899 -0.9420 -0.1692
vn 0.4947 -0.8590 -0.1317
vn 0.2636 -0.9508 -0.1629
vn 0.2906 -0.9457 -0.1456
vn 0.5072 -0.8522 -0.1284
vn 0.2906 -0.9457 -0.1456
vn 0.2091 -0.9722 -0.1055
vn 0.0000 0.0000 1.0000
vn -0.0000 0.0000 1.0000
vn 0.0000 0.0000 1.0000
vn -0.0649 0.1210 0.9905
vn 0.0000 0.0000 1.0000
vn -0.0545 0.5686 0.8208
vn -0.1466 -0.9377 -0.3150
vn -0.3388 -0.8642 -0.3721
vn 0.2606 -0.9206 -0.2907
vn 0.2606 -0.9206 -0.2907
vn -0.3388 -0.8642 -0.3721
vn -0.2576 -0.9218 -0.2898
vn 0.2428 -0.9503 -0.1952
vn -0.2576 -0.9218 -0.2898
vn -0.2671 -0.9293 -0.2551
vn -0.0285 0.6318 -0.7746
vn -0.0285 0.6318 -0.7746
vn -0.0285 0.6318 -0.7746
vn 0.2899 -0.9420 -0.1692
vn 0.0606 -0.9657 -0.2524
vn -0.0262 -0.9843 -0.1744
vn 0.2636 -0.9508 -0.1629
vn -0.0262 -0.9843 -0.1744
vn -0.0271 -0.9867 -0.1604
vn -0.0271 -0.9867 -0.1604
vn -0.1046 -0.9900 -0.0948
vn 0.2091 -0.9722 -0.1055
vn -0.1466 -0.9377 -0.3150
vn 0.3890 -0.8988 -0.2021
vn 0.2091 -0.9722 -0.1055
vn 0.0233 0.0289 0.9993
vn 0.1174 0.1172 0.9861
vn 0.0000 0.0000 1.0000
vn 0.1174 0.1172 0.9861
vn 0.3635 0.8827 0.2977
vn -0.0545 0.5686 0.8208
vn -0.5282 -0.7887 -0.3145
vn -0.6412 -0.6763 -0.3625
vn -0.3388 -0.8642 -0.3721
vn -0.7254 -0.6152 -0.3087
vn -0.6762 -0.6894 -0.2597
vn -0.6072 -0.7300 -0.3138
vn -0.3388 -0.8642 -0.3721
vn -0.6412 -0.6763 -0.3625
vn -0.6072 -0.7300 -0.3138
vn -0.6762 -0.6894 -0.2597
vn -0.5746 -0.7711 -0.2742
vn -0.6072 -0.7300 -0.3138
vn -0.2576 -0.9218 -0.2898
vn -0.6072 -0.7300 -0.3138
vn -0.5746 -0.7711 -0.2742
vn -0.0545 0.5686 0.8208
vn 0.3626 0.8893 0.2787
vn 0.3626 0.8893 0.2787
vn -0.4688 -0.8628 -0.1894
vn -0.2658 -0.9427 -0.2018
vn -0.2192 -0.9572 -0.1891
vn -0.2192 -0.9572 -0.1891
vn -0.2658 -0.9427 -0.2018
vn -0.0262 -0.9843 -0.1744
vn -0.5279 -0.8024 -0.2783
vn -0.2372 -0.9463 -0.2194
vn -0.2658 -0.9427 -0.2018
vn -0.0262 -0.9843 -0.1744
vn -0.2658 -0.9427 -0.2018
vn -0.2372 -0.9463 -0.2194
vn -0.5279 -0.8024 -0.2783
vn -0.5282 -0.7887 -0.3145
vn -0.3610 -0.9107 -0.2007
vn -0.0271 -0.9867 -0.1604
vn -0.2372 -0.9463 -0.2194
vn -0.3610 -0.9107 -0.2007
vn -0.1466 -0.9377 -0.3150
vn -0.1046 -0.9900 -0.0948
vn -0.3610 -0.9107 -0.2007
vn 0.0233 0.0289 0.9993
vn 0.1176 0.1449 0.9824
vn -0.4894 -0.6942 0.5278
vn -0.6703 -0.7420 -0.0009
vn -0.6024 -0.7876 -0.1293
vn -0.4894 -0.6942 0.5278
vn -0.4894 -0.6942 0.5278
vn -0.6024 -0.7876 -0.1293
vn -0.5301 -0.8452 -0.0674
vn -0.6024 -0.7876 -0.1293
vn -0.6811 -0.6635 -0.3096
vn -0.4688 -0.8628 -0.1894
vn -0.7439 -0.5745 -0.3413
vn -0.7549 -0.5631 -0.3362
vn -0.6811 -0.6635 -0.3096
vn -0.5279 -0.8024 -0.2783
vn -0.6811 -0.6635 -0.3096
vn -0.7024 -0.6322 -0.3270
vn -0.7549 -0.5631 -0.3362
vn -0.7254 -0.6152 -0.3087
vn -0.7024 -0.6322 -0.3270
vn -0.7254 -0.6152 -0.3087
vn -0.6412 -0.6763 -0.3625
vn -0.7024 -0.6322 -0.3270
vn -0.7993 -0.5880 -0.1242
vn -0.8106 -0.5051 -0.2964
vn -0.7098 -0.6339 -0.3072
vn -0.6024 -0.7876 -0.1293
vn -0.7993 -0.5880 -0.1242
vn -0.7098 -0.6339 -0.3072
vn -0.7439 -0.5745 -0.3413
vn -0.6811 -0.6635 -0.3096
vn -0.7098 -0.6339 -0.3072
vn 0.0911 -0.9920 -0.0878
vn -0.0037 -0.9981 -0.0623
vn 0.6135 -0.7785 -0.1325
vn 0.5713 -0.7736 -0.2742
vn 0.8521 -0.5127 -0.1048
vn 0.6135 -0.7785 -0.1325
vn 0.5713 -0.7736 -0.2742
vn -0.0037 -0.9981 -0.0623
vn 0.2317 -0.8736 -0.4280
vn 0.0911 -0.9920 -0.0878
vn -0.2671 -0.9293 -0.2551
vn -0.4116 -0.9020 -0.1304
vn -0.0037 -0.9981 -0.0623
vn -0.4116 -0.9020 -0.1304
vn -0.5494 -0.7960 -0.2542
vn -0.6762 -0.6894 -0.2597
vn -0.6658 -0.7129 -0.2203
vn -0.5979 -0.7651 -0.2389
vn -0.2671 -0.9293 -0.2551
vn -0.5746 -0.7711 -0.2742
vn -0.5979 -0.7651 -0.2389
vn -0.6200 0.1022 -0.7779
vn -0.5554 0.1850 -0.8108
vn -0.6105 0.1178 -0.7832
vn -0.6332 0.0499 -0.7724
vn -0.6946 0.0179 -0.7192
vn -0.6880 -0.0217 -0.7253
vn -0.6105 0.1178 -0.7832
vn -0.6888 0.1226 -0.7145
vn -0.6946 0.0179 -0.7192
vn 0.0000 0.0000 1.0000
vn 0.1093 0.0127 0.9939
vn 0.1716 0.0585 0.9834
vn -0.7381 -0.1320 -0.6617
vn -0.6880 -0.0217 -0.7253
vn -0.7726 -0.1083 -0.6255
vn -0.6946 0.0179 -0.7192
vn -0.7625 0.0419 -0.6457
vn -0.7726 -0.1083 -0.6255
vn -0.6946 0.0179 -0.7192
vn -0.6888 0.1226 -0.7145
vn -0.7625 0.0419 -0.6457
vn 0.1716 0.0585 0.9834
vn 0.1208 0.1700 0.9780
vn 0.0464 0.0264 0.9986
vn 0.0464 0.0264 0.9986
vn 0.2672 0.0195 0.9634
vn 0.1392 0.0198 0.9901
vn -0.7671 -0.2207 -0.6024
vn -0.7648 -0.1989 -0.6128
vn -0.8016 -0.2051 -0.5616
vn -0.7726 -0.1083 -0.6255
vn -0.8417 -0.1533 -0.5178
vn -0.8016 -0.2051 -0.5616
vn -0.7726 -0.1083 -0.6255
vn -0.7625 0.0419 -0.6457
vn -0.8174 -0.0581 -0.5731
vn 0.1392 0.0198 0.9901
vn 0.3452 0.1414 0.9278
vn 0.3452 0.1414 0.9278
vn -0.8637 -0.4302 0.2624
vn -0.8749 -0.4392 -0.2039
vn -0.9118 -0.3349 -0.2377
vn -0.7906 -0.2739 -0.5476
vn -0.8076 -0.2830 -0.5174
vn -0.9118 -0.3349 -0.2377
vn -0.8016 -0.2051 -0.5616
vn -0.8492 -0.2158 -0.4821
vn -0.8076 -0.2830 -0.5174
vn -0.8016 -0.2051 -0.5616
vn -0.8417 -0.1533 -0.5178
vn -0.8492 -0.2158 -0.4821
vn 0.1766 0.0831 0.9808
vn 0.8860 0.1145 0.4493
vn 0.8860 0.1145 0.4493
vn -0.9118 -0.3349 -0.2377
vn -0.8640 -0.3756 -0.3354
vn -0.9059 -0.4076 -0.1147
vn -0.9059 -0.4076 -0.1147
vn -0.8640 -0.3756 -0.3354
vn -0.8720 -0.4462 -0.2010
vn -0.8640 -0.3756 -0.3354
vn -0.8076 -0.2830 -0.5174
vn -0.8246 -0.3246 -0.4634
vn -0.8076 -0.2830 -0.5174
vn -0.8492 -0.2158 -0.4821
vn -0.8450 -0.2715 -0.4608
vn -0.8246 -0.3246 -0.4634
vn -0.8076 -0.2830 -0.5174
vn -0.8450 -0.2715 -0.4608
vn 0.0000 -0.0000 1.0000
vn 0.1110 -0.0047 0.9938
vn 0.1638 0.0436 0.9855
vn -0.6856 -0.0641 -0.7252
vn -0.5868 0.0138 -0.8096
vn -0.6217 -0.0026 -0.7832
vn -0.5834 0.1011 -0.8059
vn -0.6652 0.0384 -0.7457
vn -0.6217 -0.0026 -0.7832
vn -0.5834 0.1011 -0.8059
vn -0.6200 0.1022 -0.7779
vn -0.6652 0.0384 -0.7457
vn 0.1638 0.0436 0.9855
vn 0.0725 0.1642 0.9838
vn 0.0377 0.0272 0.9989
vn 0.0377 0.0272 0.9989
vn 0.1947 0.0117 0.9808
vn 0.1093 0.0127 0.9939
vn -0.7311 -0.1261 -0.6705
vn -0.6217 -0.0026 -0.7832
vn -0.7313 -0.1423 -0.6671
vn -0.6652 0.0384 -0.7457
vn -0.7022 -0.0539 -0.7100
vn -0.7313 -0.1423 -0.6671
vn -0.6652 0.0384 -0.7457
vn -0.6200 0.1022 -0.7779
vn -0.6880 -0.0217 -0.7253
vn 0.1093 0.0127 0.9939
vn 0.2343 0.0812 0.9688
vn 0.2343 0.0812 0.9688
vn -0.8547 -0.3864 0.3466
vn -0.8827 -0.3649 -0.2960
vn -0.9274 -0.2707 -0.2583
vn -0.7313 -0.1423 -0.6671
vn -0.7679 -0.2305 -0.5977
vn -0.9274 -0.2707 -0.2583
vn -0.7313 -0.1423 -0.6671
vn -0.7022 -0.0539 -0.7100
vn -0.7377 -0.1872 -0.6487
vn -0.7022 -0.0539 -0.7100
vn -0.6880 -0.0217 -0.7253
vn -0.7381 -0.1320 -0.6617
vn 0.5431 0.0547 0.8379
vn 0.5431 0.0547 0.8379
vn 0.1716 0.0585 0.9834
vn -0.9274 -0.2707 -0.2583
vn -0.8924 -0.2761 -0.3569
vn -0.9745 -0.1948 -0.1114
vn -0.7906 -0.2739 -0.5476
vn -0.8924 -0.2761 -0.3569
vn -0.7679 -0.2305 -0.5977
vn -0.7679 -0.2305 -0.5977
vn -0.7377 -0.1872 -0.6487
vn -0.7648 -0.1989 -0.6128
vn -0.7671 -0.2207 -0.6024
vn -0.7679 -0.2305 -0.5977
vn -0.7648 -0.1989 -0.6128
vn 0.1716 0.0585 0.9834
vn 0.5118 0.1796 0.8401
vn 0.5118 0.1796 0.8401
vn -0.9745 -0.1948 -0.1114
vn -0.8924 -0.2761 -0.3569
vn -0.9195 -0.2715 -0.2842
vn -0.8733 -0.4872 -0.0013
vn -0.9195 -0.2715 -0.2842
vn -0.8749 -0.4392 -0.2039
vn -0.7906 -0.2739 -0.5476
vn -0.8749 -0.4392 -0.2039
vn -0.9195 -0.2715 -0.2842
vn 0.6447 0.0670 0.7615
vn 0.6447 0.0670 0.7615
vn 0.1638 0.0436 0.9855
vn -0.9991 -0.0420 -0.0080
vn -0.9176 -0.0348 -0.3960
vn -0.9427 -0.0861 -0.3224
vn -0.6856 -0.0641 -0.7252
vn -0.7311 -0.1261 -0.6705
vn -0.9427 -0.0861 -0.3224
vn 0.1638 0.0436 0.9855
vn 0.6004 0.1814 0.7788
vn 0.6004 0.1814 0.7788
vn -0.9787 -0.1467 -0.1438
vn -0.9427 -0.0861 -0.3224
vn -0.9323 -0.2196 -0.2875
vn -0.8877 -0.4596 -0.0279
vn -0.9323 -0.2196 -0.2875
vn -0.8827 -0.3649 -0.2960
vn -0.7311 -0.1261 -0.6705
vn -0.8827 -0.3649 -0.2960
vn -0.9323 -0.2196 -0.2875
vn 0.7638 0.3754 0.5250
vn 0.6442 0.3262 0.6918
vn 0.9053 0.4096 -0.1126
vn 0.6550 0.6487 -0.3875
vn 0.7089 0.4989 0.4987
vn 0.7582 0.5384 -0.3678
vn 0.7059 0.4576 0.5407
vn 0.8026 0.5134 0.3039
vn 0.8160 0.4980 -0.2936
vn 0.8092 0.5184 -0.2765
vn 0.7059 0.4576 0.5407
vn 0.8481 0.4850 -0.2135
vn 0.8883 -0.2501 0.3851
vn 0.7986 -0.2785 0.5335
vn 0.9672 -0.2376 0.0899
vn 0.8672 -0.2228 0.4453
vn 0.8883 -0.2501 0.3851
vn 0.9713 -0.2356 0.0321
vn 0.8132 -0.4801 0.3289
vn 0.8022 -0.2959 0.5185
vn 0.9445 -0.3285 0.0014
vn -0.6420 -0.6719 0.3693
vn -0.8621 0.3710 0.3451
vn -0.8621 0.3710 0.3451
vn -0.5346 -0.7042 0.4672
vn -0.3819 -0.4227 0.8218
vn -0.5494 -0.7960 -0.2542
vn -0.9897 -0.0003 0.1434
vn -0.7728 -0.0013 0.6346
vn -0.9813 -0.0552 -0.1846
vn -0.9223 0.0264 -0.3855
vn -0.9669 0.0571 0.2488
vn -0.9897 -0.0003 0.1434
vn -0.6246 -0.7710 0.1239
vn -0.6334 -0.7574 -0.1586
vn -0.6843 -0.7227 -0.0972
vn 0.5713 -0.7736 -0.2742
vn 0.6134 -0.7429 -0.2681
vn 0.4186 -0.5274 0.7394
vn -0.9626 0.2561 0.0882
vn -0.8468 0.1927 0.4957
vn -0.8587 0.1457 -0.4913
vn -0.7757 0.2279 -0.5885
vn -0.7385 0.2233 -0.6362
vn -0.9249 0.2997 -0.2340
vn -0.7352 0.5194 -0.4356
vn -0.8518 0.4910 -0.1825
vn -0.6634 0.3102 -0.6810
vn 0.5755 0.8172 0.0295
vn 0.3095 0.9508 0.0159
vn 0.3466 0.5948 -0.7253
vn 0.7089 0.4989 0.4987
vn 0.6931 0.5702 -0.4410
vn 0.6728 0.5871 -0.4502
vn 0.3522 -0.5736 0.7395
vn 0.3367 -0.4145 0.8455
vn 0.5713 -0.7736 -0.2742
vn -0.8208 -0.5644 -0.0882
vn -0.6659 -0.6735 0.3209
vn -0.6843 -0.7227 -0.0972
vn -0.7385 0.2233 -0.6362
vn -0.8971 0.4312 -0.0957
vn -0.9249 0.2997 -0.2340
vn -0.6251 0.6332 -0.4563
vn -0.7352 0.5194 -0.4356
vn -0.5047 0.4360 -0.7451
vn 0.2317 -0.8736 -0.4280
vn 0.4500 -0.7064 -0.5464
vn 0.5713 -0.7736 -0.2742
vn -0.3819 -0.4227 0.8218
vn -0.6420 -0.6719 0.3693
vn -0.5494 -0.7960 -0.2542
vn -0.3933 0.4886 -0.7789
vn -0.6089 0.7367 0.2940
vn -0.6251 0.6332 -0.4563
vn 0.7582 0.5384 -0.3678
vn 0.7089 0.4989 0.4987
vn 0.6728 0.5871 -0.4502
vn 0.8022 -0.2959 0.5185
vn 0.7938 -0.2236 0.5655
vn 0.9445 -0.3285 0.0014
vn 0.7986 -0.2785 0.5335
vn 0.8556 -0.2349 0.4613
vn 0.9672 -0.2376 0.0899
vn 0.8556 -0.2349 0.4613
vn 0.7129 -0.0951 0.6948
vn 0.9827 -0.1235 0.1381
vn 0.7059 0.4576 0.5407
vn 0.8160 0.4980 -0.2936
vn 0.8481 0.4850 -0.2135
vn 0.8026 0.5134 0.3039
vn 0.7582 0.5384 -0.3678
vn 0.8160 0.4980 -0.2936
vn 0.6442 0.3262 0.6918
vn 0.8481 0.4850 -0.2135
vn 0.9053 0.4096 -0.1126
vn 0.9713 -0.2356 0.0321
vn 0.8883 -0.2501 0.3851
vn 0.9672 -0.2376 0.0899
vn -0.9873 -0.1537 -0.0409
vn -0.9896 -0.1047 -0.0983
vn -0.9390 -0.0414 0.3415
vn -0.6403 -0.7389 0.2099
vn -0.5979 -0.7651 -0.2389
vn -0.6658 -0.7129 -0.2203
vn 0.6853 0.7279 -0.0242
vn 0.5755 0.8172 0.0295
vn 0.3466 0.5948 -0.7253
vn 0.3095 0.9508 0.0159
vn 0.0156 0.5847 -0.8111
vn 0.3466 0.5948 -0.7253
vn 0.0156 0.5847 -0.8111
vn 0.0557 0.9935 0.0990
vn -0.1920 0.8434 -0.5018
vn -0.2551 0.5527 -0.7934
vn -0.1920 0.8434 -0.5018
vn -0.1944 0.6229 -0.7578
vn 0.7938 -0.2236 0.5655
vn 0.9713 -0.2356 0.0321
vn 0.9445 -0.3285 0.0014
vn -0.5047 0.4360 -0.7451
vn -0.7352 0.5194 -0.4356
vn -0.6126 0.3547 -0.7063
vn 0.9319 -0.0283 0.3616
vn 0.9847 0.1212 0.1250
vn 0.9827 -0.1235 0.1381
vn -0.6126 0.3547 -0.7063
vn -0.7352 0.5194 -0.4356
vn -0.6634 0.3102 -0.6810
vn 0.6627 0.1753 0.7280
vn 0.9534 0.2871 0.0929
vn 0.9847 0.1212 0.1250
vn -0.7757 0.2279 -0.5885
vn -0.9626 0.2561 0.0882
vn -0.8587 0.1457 -0.4913
vn -0.7230 0.4727 -0.5037
vn -0.7230 0.4727 -0.5037
vn -0.7230 0.4727 -0.5037
vn 0.7699 0.2973 0.5647
vn 0.9305 0.3662 -0.0066
vn 0.9534 0.2871 0.0929
vn 0.8212 0.3472 0.4528
vn 0.9053 0.4096 -0.1126
vn 0.9305 0.3662 -0.0066
vn -0.9896 -0.1047 -0.0983
vn -0.9813 -0.0552 -0.1846
vn -0.9390 -0.0414 0.3415
vn -0.9223 0.0264 -0.3855
vn -0.8587 0.1457 -0.4913
vn -0.9541 0.1072 0.2795
vn -0.8208 -0.5644 -0.0882
vn -0.9428 -0.3323 -0.0279
vn -0.7403 -0.4211 0.5240
vn -0.6659 -0.6735 0.3209
vn -0.6246 -0.7710 0.1239
vn -0.6843 -0.7227 -0.0972
vn -0.9428 -0.3323 -0.0279
vn -0.9873 -0.1537 -0.0409
vn -0.7634 -0.1573 0.6265
vn 0.9137 0.3939 0.0999
vn 0.9137 0.3939 0.0999
vn 0.9137 0.3939 0.0999
vn 0.0532 -0.1321 0.9898
vn 0.1305 -0.9475 0.2919
vn 0.1305 -0.9475 0.2919
vn -0.6658 -0.7129 -0.2203
vn -0.6334 -0.7574 -0.1586
vn -0.6495 -0.7200 0.2442
vn -0.7385 0.2233 -0.6362
vn -0.6634 0.3102 -0.6810
vn -0.8971 0.4312 -0.0957
vn -0.3933 0.4886 -0.7789
vn -0.2551 0.5527 -0.7934
vn -0.4944 0.8514 -0.1752
vn -0.5979 -0.7651 -0.2389
vn -0.5346 -0.7042 0.4672
vn -0.5494 -0.7960 -0.2542
vn 0.4315 0.3927 -0.8122
vn 0.4315 0.3927 -0.8122
vn 0.4315 0.3927 -0.8122
vn -0.3834 -0.1864 0.9046
vn -0.2188 -0.0988 0.9708
vn -0.0000 -0.0000 1.0000
vn -0.0133 -0.0134 0.9998
vn -0.0449 -0.0360 0.9983
vn 0.0000 0.0000 1.0000
vn -0.0000 -0.0000 1.0000
vn -0.0133 -0.0134 0.9998
vn 0.0000 0.0000 1.0000
vn -0.0000 -0.0000 1.0000
vn 0.0000 0.0000 1.0000
vn 0.0000 0.0000 1.0000
vn 0.0000 0.0000 1.0000
vn 0.0000 0.0000 1.0000
vn 0.0000 0.0000 1.0000
vn 0.0000 0.0000 1.0000
vn -0.0000 0.0000 1.0000
vn 0.0000 0.0000 1.0000
vn 0.0000 0.0000 1.0000
vn 0.0000 -0.0000 1.0000
vn 0.0000 0.0000 1.0000
vn 0.0000 0.0000 1.0000
vn 0.0000 0.0000 1.0000
vn -0.0000 0.0000 1.0000
vn 0.0000 0.0000 1.0000
vn 0.0000 0.0000 1.0000
vn 0.0000 0.0000 1.0000
vn -0.0000 0.0000 1.0000
vn 0.0000 0.0000 1.0000
vn -0.0000 -0.0000 1.0000
vn -0.0000 -0.0000 1.0000
vn 0.0000 0.0000 1.0000
vn -0.0000 0.0000 1.0000
vn 0.0000 0.0000 1.0000
vn -0.0000 0.0000 1.0000
vn 0.0000 -0.0000 1.0000
vn 0.0000 0.0000 1.0000
vn 0.0000 0.0000 1.0000
vn 0.0000 -0.0000 1.0000
vn -0.0000 -0.0000 1.0000
vn 0.0000 -0.0000 1.0000
vn 0.0000 -0.0000 1.0000
vn 0.0000 0.0000 1.0000
vn -0.0000 0.0000 1.0000
vn -0.0000 -0.0000 1.0000
vn 0.0000 -0.0000 1.0000
vn -0.0000 -0.0000 1.0000
vn -0.0000 -0.0000 1.0000
vn -0.0000 0.0000 1.0000
vn 0.0000 0.0000 1.0000
vn -0.0000 -0.0000 1.0000
vn 0.4308 0.4587 -0.7772
vn 0.7458 0.6622 -0.0720
vn 0.9139 0.0924 -0.3954
vn -0.3199 -0.0188 0.9473
vn -0.2188 -0.0988 0.9708
vn -0.3199 -0.0188 0.9473
vn 0.9595 0.0691 -0.2729
vn 0.9139 0.0924 -0.3954
vn 0.9997 0.0001 0.0249
vn 0.9244 0.0403 -0.3794
vn 0.9595 0.0691 -0.2729
vn 0.9971 0.0764 0.0032
vn 0.9225 0.0116 -0.3858
vn 0.9244 0.0403 -0.3794
vn 0.9988 0.0462 -0.0188
vn 0.9420 -0.0313 -0.3341
vn 0.9225 0.0116 -0.3858
vn 0.9955 -0.0317 -0.0888
vn 0.8488 0.3153 -0.4243
vn 0.8096 0.5536 0.1949
vn 0.6932 0.5090 -0.5103
vn 0.7212 0.4004 0.5652
vn 0.7458 0.6622 -0.0720
vn 0.6932 0.5090 -0.5103
vn 0.7212 0.4004 0.5652
vn -0.0449 -0.0360 0.9983
vn 0.4441 0.3963 0.8036
vn -0.0133 -0.0134 0.9998
vn -0.2188 -0.0988 0.9708
vn 0.4441 0.3963 0.8036
vn 0.9005 0.3504 0.2576
vn 0.7458 0.6622 -0.0720
vn 0.4441 0.3963 0.8036
vn 0.6932 0.5090 -0.5103
vn 0.4308 0.4587 -0.7772
vn 0.4113 0.2698 -0.8707
vn -0.7235 0.0058 0.6903
vn -0.3834 -0.1864 0.9046
vn -0.1866 -0.0106 0.9824
vn 0.4113 0.2698 -0.8707
vn 0.9139 0.0924 -0.3954
vn 0.4695 0.1221 -0.8745
vn 0.4436 0.1463 -0.8842
vn 0.3958 0.1901 -0.8984
vn 0.4695 0.1221 -0.8745
vn -0.1944 -0.0101 0.9809
vn -0.1866 -0.0106 0.9824
vn 0.0000 0.0000 1.0000
vn -0.6891 -0.0657 0.7217
vn -0.1866 -0.0106 0.9824
vn -0.6891 -0.0657 0.7217
vn 0.5165 0.1124 -0.8489
vn 0.4695 0.1221 -0.8745
vn 0.9244 0.0403 -0.3794
vn 0.4789 0.1693 -0.8614
vn 0.4436 0.1463 -0.8842
vn 0.5165 0.1124 -0.8489
vn -0.1944 -0.0101 0.9809
vn 0.0000 0.0000 1.0000
vn -0.1662 0.0015 0.9861
vn -0.5704 -0.0681 0.8186
vn -0.5704 -0.0681 0.8186
vn -0.1662 0.0015 0.9861
vn 0.5292 0.1117 -0.8411
vn 0.5165 0.1124 -0.8489
vn 0.9225 0.0116 -0.3858
vn 0.4789 0.1693 -0.8614
vn 0.5165 0.1124 -0.8489
vn 0.5259 0.1322 -0.8402
vn -0.1662 0.0015 0.9861
vn 0.0000 0.0000 1.0000
vn -0.1662 0.0059 0.9861
vn -0.3672 -0.0031 0.9301
vn -0.3672 -0.0031 0.9301
vn -0.1662 0.0059 0.9861
vn 0.5292 0.1117 -0.8411
vn 0.9225 0.0116 -0.3858
vn 0.6886 -0.0290 -0.7246
vn 0.5259 0.1322 -0.8402
vn 0.5292 0.1117 -0.8411
vn 0.5966 0.0196 -0.8023
vn 0.5925 0.1381 -0.7936
vn 0.5259 0.1322 -0.8402
vn 0.5966 0.0196 -0.8023
vn 0.6894 0.4145 -0.5941
vn 0.6998 0.6294 -0.3377
vn 0.9715 0.1582 0.1766
vn 0.9715 0.1582 0.1766
vn 0.8210 0.5584 -0.1191
vn 0.6894 0.4145 -0.5941
vn 0.8096 0.5536 0.1949
vn 0.8210 0.5584 -0.1191
vn 0.3774 0.2615 0.8884
vn 0.6894 0.4145 -0.5941
vn 0.8210 0.5584 -0.1191
vn 0.3337 0.3592 -0.8716
vn 0.0000 0.0000 1.0000
vn -0.0449 -0.0360 0.9983
vn -0.0664 -0.0559 0.9962
vn 0.2094 -0.7604 0.6148
vn 0.2094 -0.7604 0.6148
vn -0.0664 -0.0559 0.9962
vn 0.3337 0.3592 -0.8716
vn 0.8488 0.3153 -0.4243
vn 0.4106 0.2555 -0.8753
vn 0.3013 0.1998 -0.9324
vn 0.3574 0.2362 -0.9036
vn 0.4106 0.2555 -0.8753
vn 0.4106 0.2555 -0.8753
vn 0.6932 0.5090 -0.5103
vn 0.4091 0.1922 -0.8920
vn 0.3336 0.2371 -0.9124
vn 0.3013 0.1998 -0.9324
vn 0.4091 0.1922 -0.8920
vn 0.3336 0.2371 -0.9124
vn 0.4091 0.1922 -0.8920
vn 0.3958 0.1901 -0.8984
vn 0.3336 0.2371 -0.9124
vn 0.3958 0.1901 -0.8984
vn 0.3708 0.2082 -0.9051
vn 0.4015 0.2410 -0.8836
vn 0.3659 0.2344 -0.9006
vn 0.3708 0.2082 -0.9051
vn 0.3708 0.2082 -0.9051
vn 0.4436 0.1463 -0.8842
vn 0.4268 0.1850 -0.8852
vn 0.4646 0.2555 -0.8478
vn 0.4015 0.2410 -0.8836
vn 0.4268 0.1850 -0.8852
vn 0.4646 0.2555 -0.8478
vn 0.4268 0.1850 -0.8852
vn 0.4789 0.1693 -0.8614
vn 0.4646 0.2555 -0.8478
vn 0.4789 0.1693 -0.8614
vn 0.5191 0.2282 -0.8237
vn 0.5191 0.2282 -0.8237
vn 0.5259 0.1322 -0.8402
vn 0.5925 0.1381 -0.7936
vn 0.5277 0.6743 -0.5165
vn 0.7332 0.6169 -0.2862
vn 0.5872 0.8079 0.0506
vn 0.5277 0.6743 -0.5165
vn 0.5872 0.8079 0.0506
vn 0.6998 0.6294 -0.3377
vn 0.6596 0.5821 -0.4755
vn 0.3712 0.8886 -0.2694
vn 0.7192 0.6924 0.0574
vn 0.6596 0.5821 -0.4755
vn 0.7192 0.6924 0.0574
vn 0.7332 0.6169 -0.2862
vn -0.2942 0.0604 0.9538
vn -0.2942 0.0604 0.9538
vn -0.0869 -0.0807 0.9929
vn 0.6596 0.5821 -0.4755
vn 0.7332 0.6169 -0.2862
vn 0.3796 0.2903 -0.8784
vn 0.2386 0.2092 -0.9483
vn 0.2223 0.1437 -0.9643
vn 0.3796 0.2903 -0.8784
vn 0.2386 0.2092 -0.9483
vn 0.3796 0.2903 -0.8784
vn 0.1900 0.2603 -0.9466
vn 0.2091 0.9407 -0.2670
vn 0.0351 0.9877 0.1523
vn 0.3712 0.8886 -0.2694
vn -0.2071 -0.3914 0.8966
vn -0.2071 -0.3914 0.8966
vn -0.0671 -0.1405 0.9878
vn 0.2091 0.9407 -0.2670
vn 0.3712 0.8886 -0.2694
vn 0.1670 0.5762 -0.8001
vn 0.3058 0.3224 -0.8958
vn 0.1670 0.5762 -0.8001
vn 0.2223 0.1437 -0.9643
vn -0.2457 -0.2160 0.9450
vn -0.0671 -0.1405 0.9878
vn -0.0869 -0.0807 0.9929
vn 0.3058 0.3224 -0.8958
vn 0.2223 0.1437 -0.9643
vn 0.2350 0.1828 -0.9547
vn 0.4500 0.8643 -0.2249
vn 0.3386 0.8189 0.4635
vn 0.2091 0.9407 -0.2670
vn 0.4684 0.2052 -0.8593
vn 0.4500 0.8643 -0.2249
vn 0.3058 0.3224 -0.8958
vn -0.0671 -0.1405 0.9878
vn 0.0918 -0.4266 0.8998
vn -0.0004 -0.0840 0.9965
vn 0.4684 0.2052 -0.8593
vn 0.3058 0.3224 -0.8958
vn 0.3159 0.1103 -0.9423
vn -0.0671 -0.1405 0.9878
vn -0.0004 -0.0840 0.9965
vn 0.0000 0.0000 1.0000
vn 0.3159 0.1103 -0.9423
vn 0.3058 0.3224 -0.8958
vn 0.2985 0.2025 -0.9327
vn 0.2657 0.2141 -0.9400
vn 0.2436 0.2020 -0.9486
vn 0.2985 0.2025 -0.9327
vn 0.2657 0.2141 -0.9400
vn 0.2985 0.2025 -0.9327
vn 0.3125 0.1899 -0.9308
vn -0.0071 0.9497 -0.3132
vn 0.0835 0.9540 0.2879
vn 0.4500 0.8643 -0.2249
vn -0.0071 0.9497 -0.3132
vn 0.4500 0.8643 -0.2249
vn 0.1589 0.5112 -0.8447
vn -0.0004 -0.0840 0.9965
vn 0.0075 -0.2194 0.9756
vn -0.0028 -0.0865 0.9963
vn 0.1589 0.5112 -0.8447
vn 0.4684 0.2052 -0.8593
vn 0.0175 0.0825 -0.9964
vn 0.0960 0.2784 -0.9556
vn 0.0175 0.0825 -0.9964
vn 0.2436 0.2020 -0.9486
vn -0.0004 -0.0840 0.9965
vn -0.0028 -0.0865 0.9963
vn 0.0000 0.0000 1.0000
vn -0.4515 0.7356 0.5051
vn 0.0835 0.9540 0.2879
vn -0.5190 0.8318 -0.1967
vn -0.5190 0.8318 -0.1967
vn -0.0071 0.9497 -0.3132
vn -0.4110 0.3644 -0.8357
vn 0.0270 -0.1732 0.9845
vn -0.4515 0.7356 0.5051
vn -0.0028 -0.0865 0.9963
vn -0.5190 0.8318 -0.1967
vn -0.4110 0.3644 -0.8357
vn -0.6060 0.3795 -0.6991
vn -0.3719 0.2007 -0.9063
vn -0.4110 0.3644 -0.8357
vn 0.0175 0.0825 -0.9964
vn -0.3719 0.2007 -0.9063
vn 0.0175 0.0825 -0.9964
vn -0.2113 0.3726 -0.9036
vn 0.0000 0.0000 1.0000
vn -0.0028 -0.0865 0.9963
vn 0.0723 -0.0304 0.9969
vn -0.3719 0.2007 -0.9063
vn -0.2113 0.3726 -0.9036
vn -0.3114 0.4580 -0.8326
vn -0.1361 0.4420 -0.8866
vn -0.2113 0.3726 -0.9036
vn 0.0960 0.2784 -0.9556
vn -0.5361 0.8324 0.1403
vn -0.4515 0.7356 0.5051
vn -0.7196 0.6719 -0.1754
vn 0.2774 -0.4828 0.8306
vn 0.2774 -0.4828 0.8306
vn 0.0868 -0.1081 0.9903
vn -0.5361 0.8324 0.1403
vn -0.7196 0.6719 -0.1754
vn -0.8012 0.4878 0.3466
vn -0.8648 0.4136 -0.2846
vn -0.7196 0.6719 -0.1754
vn -0.6060 0.3795 -0.6991
vn -0.8648 0.4136 -0.2846
vn -0.6060 0.3795 -0.6991
vn -0.4425 0.3528 -0.8244
vn 0.0868 -0.1081 0.9903
vn 0.2918 0.0236 0.9562
vn 0.0723 -0.0304 0.9969
vn -0.8012 0.4878 0.3466
vn -0.8648 0.4136 -0.2846
vn -0.9177 0.2961 0.2649
vn -0.8648 0.4136 -0.2846
vn -0.4425 0.3528 -0.8244
vn -0.8687 0.3208 -0.3775
vn -0.5479 0.4068 -0.7310
vn -0.4425 0.3528 -0.8244
vn -0.3114 0.4580 -0.8326
vn -0.9718 0.1436 0.1872
vn -0.9177 0.2961 0.2649
vn -0.9643 0.2173 -0.1514
vn -0.2518 -0.1477 0.9565
vn -0.2518 -0.1477 0.9565
vn -0.1016 -0.0931 0.9905
vn 0.5277 0.6743 -0.5165
vn 0.6998 0.6294 -0.3377
vn 0.4438 0.1881 -0.8762
vn 0.2730 0.2634 -0.9253
vn 0.1900 0.2603 -0.9466
vn 0.4438 0.1881 -0.8762
vn -0.2536 -0.1342 0.9579
vn -0.1016 -0.0931 0.9905
vn 0.3774 0.2615 0.8884
vn 0.4438 0.1881 -0.8762
vn 0.6894 0.4145 -0.5941
vn 0.4855 0.2303 -0.8433
vn 0.3197 0.2103 -0.9239
vn 0.2730 0.2634 -0.9253
vn 0.4855 0.2303 -0.8433
vn 0.3197 0.2103 -0.9239
vn 0.4855 0.2303 -0.8433
vn 0.3574 0.2362 -0.9036
vn 0.0000 0.0000 1.0000
vn 0.0000 -0.0000 1.0000
vn -0.0664 -0.0559 0.9962
vn 0.3774 0.2615 0.8884
vn -0.0036 -0.0011 1.0000
vn -0.0664 -0.0559 0.9962
vn 0.3197 0.2103 -0.9239
vn 0.3574 0.2362 -0.9036
vn 0.3851 0.1849 -0.9041
vn 0.3511 0.2454 -0.9036
vn 0.2408 0.2289 -0.9432
vn 0.3851 0.1849 -0.9041
vn 0.3851 0.1849 -0.9041
vn 0.3013 0.1998 -0.9324
vn 0.3659 0.2344 -0.9006
vn 0.4062 0.2651 -0.8745
vn 0.3511 0.2454 -0.9036
vn 0.3659 0.2344 -0.9006
vn 0.4062 0.2651 -0.8745
vn 0.4015 0.2410 -0.8836
vn 0.4434 0.2858 -0.8495
vn 0.4434 0.2858 -0.8495
vn 0.4646 0.2555 -0.8478
vn 0.4565 0.2907 -0.8409
vn 0.4565 0.2907 -0.8409
vn 0.5191 0.2282 -0.8237
vn 0.4903 0.2469 -0.8358
vn -0.2545 -0.2621 0.9309
vn -0.0869 -0.0807 0.9929
vn -0.1016 -0.0931 0.9905
vn 0.2386 0.2092 -0.9483
vn 0.1900 0.2603 -0.9466
vn 0.1858 0.2638 -0.9465
vn -0.1016 -0.0931 0.9905
vn -0.0000 -0.0000 1.0000
vn -0.0036 -0.0011 1.0000
vn 0.2345 0.2845 -0.9296
vn 0.2290 0.2903 -0.9291
vn 0.1858 0.2638 -0.9465
vn 0.2345 0.2845 -0.9296
vn 0.1858 0.2638 -0.9465
vn 0.2408 0.2289 -0.9432
vn 0.0000 0.0000 1.0000
vn -0.0036 -0.0011 1.0000
vn -0.0000 -0.0000 1.0000
vn 0.0000 0.0000 1.0000
vn -0.0000 -0.0000 1.0000
vn -0.0000 -0.0000 1.0000
vn 0.2345 0.2845 -0.9296
vn 0.3511 0.2454 -0.9036
vn 0.3361 0.2941 -0.8947
vn 0.3467 0.3590 -0.8665
vn 0.2475 0.3284 -0.9115
vn 0.3361 0.2941 -0.8947
vn 0.3467 0.3590 -0.8665
vn 0.3361 0.2941 -0.8947
vn 0.4127 0.3160 -0.8543
vn 0.3977 0.3284 -0.8567
vn 0.3467 0.3590 -0.8665
vn 0.4127 0.3160 -0.8543
vn 0.4127 0.3160 -0.8543
vn 0.4434 0.2858 -0.8495
vn 0.4565 0.2907 -0.8409
vn -0.0869 -0.0807 0.9929
vn 0.0000 0.0000 1.0000
vn -0.0000 -0.0000 1.0000
vn 0.2350 0.1828 -0.9547
vn 0.2386 0.2092 -0.9483
vn 0.2462 0.2454 -0.9376
vn -0.0000 -0.0000 1.0000
vn 0.0000 0.0000 1.0000
vn 0.0000 0.0000 1.0000
vn -0.0000 -0.0000 1.0000
vn 0.0000 0.0000 1.0000
vn 0.0000 0.0000 1.0000
vn 0.2838 0.3290 -0.9007
vn 0.3341 0.2900 -0.8968
vn 0.2290 0.2903 -0.9291
vn 0.2838 0.3290 -0.9007
vn 0.2290 0.2903 -0.9291
vn 0.2475 0.3284 -0.9115
vn -0.0000 0.0000 1.0000
vn 0.0000 0.0000 1.0000
vn 0.0000 0.0000 1.0000
vn -0.0000 -0.0000 1.0000
vn 0.0000 0.0000 1.0000
vn 0.0000 0.0000 1.0000
vn 0.2838 0.3290 -0.9007
vn 0.2475 0.3284 -0.9115
vn 0.2829 0.3905 -0.8761
vn 0.3282 0.4198 -0.8462
vn 0.3186 0.4177 -0.8509
vn 0.2829 0.3905 -0.8761
vn 0.3282 0.4198 -0.8462
vn 0.2829 0.3905 -0.8761
vn 0.3467 0.3590 -0.8665
vn 0.3491 0.3389 -0.8737
vn 0.3334 0.3619 -0.8706
vn 0.3977 0.3284 -0.8567
vn 0.3491 0.3389 -0.8737
vn 0.3977 0.3284 -0.8567
vn 0.4320 0.2951 -0.8523
vn 0.0000 0.0000 1.0000
vn 0.0000 0.0000 1.0000
vn 0.0000 0.0000 1.0000
vn 0.2657 0.2141 -0.9400
vn 0.3125 0.1899 -0.9308
vn 0.3043 0.2391 -0.9221
vn 0.0000 0.0000 1.0000
vn 0.0000 0.0000 1.0000
vn 0.0000 0.0000 1.0000
vn 0.3043 0.2391 -0.9221
vn 0.2462 0.2454 -0.9376
vn 0.3341 0.2900 -0.8968
vn 0.0000 0.0000 1.0000
vn 0.0000 0.0000 1.0000
vn 0.0000 -0.0000 1.0000
vn -0.0000 0.0000 1.0000
vn 0.0000 0.0000 1.0000
vn 0.0000 0.0000 1.0000
vn 0.3704 0.2905 -0.8823
vn 0.2838 0.3290 -0.9007
vn 0.3436 0.3529 -0.8703
vn 0.3383 0.3913 -0.8558
vn 0.3704 0.2905 -0.8823
vn 0.3436 0.3529 -0.8703
vn 0.3383 0.3913 -0.8558
vn 0.3436 0.3529 -0.8703
vn 0.3186 0.4177 -0.8509
vn -0.0000 0.0000 1.0000
vn 0.0000 0.0000 1.0000
vn -0.0000 0.0000 1.0000
vn -0.0000 -0.0000 1.0000
vn -0.0000 0.0000 1.0000
vn -0.0000 0.0000 1.0000
vn 0.3186 0.4177 -0.8509
vn 0.3282 0.4198 -0.8462
vn 0.2958 0.4149 -0.8604
vn 0.0000 0.0000 1.0000
vn 0.0000 0.0000 1.0000
vn 0.0000 0.0000 1.0000
vn 0.0960 0.2784 -0.9556
vn 0.2657 0.2141 -0.9400
vn 0.2546 0.3304 -0.9089
vn 0.2573 0.3879 -0.8851
vn 0.2546 0.3304 -0.9089
vn 0.3773 0.2914 -0.8791
vn 0.0000 0.0000 1.0000
vn 0.0000 0.0000 1.0000
vn -0.0000 0.0000 1.0000
vn 0.2573 0.3879 -0.8851
vn 0.3773 0.2914 -0.8791
vn 0.3308 0.3204 -0.8876
vn 0.0000 -0.0000 1.0000
vn 0.0000 0.0000 1.0000
vn 0.0000 -0.0000 1.0000
vn 0.3308 0.3204 -0.8876
vn 0.3341 0.2900 -0.8968
vn 0.3682 0.2965 -0.8812
vn 0.3217 0.2991 -0.8984
vn 0.3682 0.2965 -0.8812
vn 0.3704 0.2905 -0.8823
vn 0.0000 0.0000 1.0000
vn 0.0000 -0.0000 1.0000
vn 0.0000 -0.0000 1.0000
vn 0.0000 0.0000 1.0000
vn 0.0000 -0.0000 1.0000
vn -0.0000 0.0000 1.0000
vn 0.2256 0.3979 -0.8893
vn 0.3383 0.3913 -0.8558
vn 0.2958 0.4149 -0.8604
vn 0.0000 0.0000 1.0000
vn -0.0000 0.0000 1.0000
vn -0.0000 0.0000 1.0000
vn 0.2958 0.4149 -0.8604
vn 0.3334 0.3619 -0.8706
vn 0.2899 0.3519 -0.8900
vn 0.2728 0.3679 -0.8889
vn 0.2191 0.3782 -0.8994
vn 0.2899 0.3519 -0.8900
vn 0.0000 0.0000 1.0000
vn 0.0000 0.0000 1.0000
vn 0.0000 0.0000 1.0000
vn -0.1361 0.4420 -0.8866
vn 0.0960 0.2784 -0.9556
vn -0.1211 0.4946 -0.8607
vn 0.1601 0.3740 -0.9135
vn -0.1211 0.4946 -0.8607
vn 0.2573 0.3879 -0.8851
vn -0.0000 0.0000 1.0000
vn 0.0000 0.0000 1.0000
vn -0.0000 0.0000 1.0000
vn 0.1422 0.3992 -0.9057
vn 0.1601 0.3740 -0.9135
vn 0.3308 0.3204 -0.8876
vn 0.1936 0.2655 -0.9445
vn 0.1422 0.3992 -0.9057
vn 0.3682 0.2965 -0.8812
vn 0.0000 -0.0000 1.0000
vn -0.0000 0.0000 1.0000
vn 0.0000 -0.0000 1.0000
vn 0.1422 0.3992 -0.9057
vn 0.1936 0.2655 -0.9445
vn -0.2600 0.3919 -0.8825
vn 0.1936 0.2655 -0.9445
vn 0.3217 0.2991 -0.8984
vn 0.1510 0.3115 -0.9382
vn 0.0539 0.3764 -0.9249
vn 0.1510 0.3115 -0.9382
vn 0.2256 0.3979 -0.8893
vn 0.0000 0.0000 1.0000
vn 0.0000 -0.0000 1.0000
vn 0.0000 0.0000 1.0000
vn 0.0539 0.3764 -0.9249
vn 0.2256 0.3979 -0.8893
vn 0.0589 0.4202 -0.9055
vn 0.0000 -0.0000 1.0000
vn 0.0000 0.0000 1.0000
vn -0.0000 0.0000 1.0000
vn 0.0000 0.0000 1.0000
vn 0.0000 -0.0000 1.0000
vn -0.0000 0.0000 1.0000
vn -0.0000 -0.0000 1.0000
vn 0.0000 0.0000 1.0000
vn 0.0000 0.0000 1.0000
vn 0.0965 0.3720 -0.9232
vn 0.2728 0.3679 -0.8889
vn 0.1835 0.4223 -0.8877
vn 0.0000 0.0000 1.0000
vn 0.0723 -0.0304 0.9969
vn 0.1209 -0.0414 0.9918
vn -0.8687 0.3208 -0.3775
vn -0.5479 0.4068 -0.7310
vn -0.8335 0.2782 -0.4773
vn -0.5479 0.4068 -0.7310
vn -0.3114 0.4580 -0.8326
vn -0.6118 0.3645 -0.7020
vn -0.4502 0.4417 -0.7760
vn -0.3114 0.4580 -0.8326
vn -0.1211 0.4946 -0.8607
vn -0.4502 0.4417 -0.7760
vn -0.1211 0.4946 -0.8607
vn -0.3918 0.4727 -0.7894
vn -0.0000 0.0000 1.0000
vn 0.0000 0.0000 1.0000
vn 0.0465 0.0089 0.9989
vn -0.6118 0.3645 -0.7020
vn -0.4502 0.4417 -0.7760
vn -0.6432 0.3638 -0.6737
vn -0.4502 0.4417 -0.7760
vn -0.3918 0.4727 -0.7894
vn -0.5694 0.4035 -0.7162
vn -0.4395 0.3938 -0.8073
vn -0.3918 0.4727 -0.7894
vn 0.1422 0.3992 -0.9057
vn 0.0000 -0.0000 1.0000
vn -0.0000 0.0000 1.0000
vn 0.0669 -0.0093 0.9977
vn -0.4821 0.4043 -0.7773
vn -0.4395 0.3938 -0.8073
vn -0.2600 0.3919 -0.8825
vn -0.4821 0.4043 -0.7773
vn -0.2600 0.3919 -0.8825
vn -0.1658 0.3189 -0.9332
vn 0.0000 -0.0000 1.0000
vn 0.0000 -0.0000 1.0000
vn 0.0546 -0.0071 0.9985
vn -0.4821 0.4043 -0.7773
vn -0.1658 0.3189 -0.9332
vn -0.5479 0.3467 -0.7613
vn -0.1658 0.3189 -0.9332
vn 0.1510 0.3115 -0.9382
vn -0.0498 0.3393 -0.9394
vn 0.0000 0.0000 1.0000
vn 0.0000 -0.0000 1.0000
vn 0.0436 -0.0253 0.9987
vn -0.1658 0.3189 -0.9332
vn -0.0498 0.3393 -0.9394
vn -0.2954 0.2973 -0.9080
vn -0.1490 0.3426 -0.9276
vn -0.0498 0.3393 -0.9394
vn 0.0539 0.3764 -0.9249
vn 0.0000 -0.0000 1.0000
vn 0.0000 0.0000 1.0000
vn 0.0000 0.0000 1.0000
vn -0.2954 0.2973 -0.9080
vn -0.1490 0.3426 -0.9276
vn -0.4762 0.2660 -0.8381
vn -0.2861 0.3645 -0.8862
vn -0.1490 0.3426 -0.9276
vn 0.0589 0.4202 -0.9055
vn -0.2861 0.3645 -0.8862
vn 0.0589 0.4202 -0.9055
vn -0.1881 0.4222 -0.8868
vn -0.2861 0.3645 -0.8862
vn -0.1881 0.4222 -0.8868
vn -0.4400 0.3675 -0.8193
vn -0.2750 0.4033 -0.8727
vn -0.1881 0.4222 -0.8868
vn 0.0965 0.3720 -0.9232
vn 0.0000 -0.0000 1.0000
vn 0.0000 -0.0000 1.0000
vn 0.0000 0.0000 1.0000
vn -0.2750 0.4033 -0.8727
vn 0.0965 0.3720 -0.9232
vn -0.2008 0.4526 -0.8688
vn 0.2781 -0.1135 0.9538
vn 0.2781 -0.1135 0.9538
vn 0.1209 -0.0414 0.9918
vn -0.9718 0.1436 0.1872
vn -0.9643 0.2173 -0.1514
vn -0.9962 0.0669 0.0562
vn -0.9662 0.1629 -0.2001
vn -0.9643 0.2173 -0.1514
vn -0.8335 0.2782 -0.4773
vn -0.9662 0.1629 -0.2001
vn -0.8335 0.2782 -0.4773
vn -0.8623 0.2871 -0.4172
vn 0.0465 0.0089 0.9989
vn 0.1209 -0.0414 0.9918
vn -0.8878 0.1629 0.4305
vn -0.8878 0.1629 0.4305
vn -0.9962 0.0669 0.0562
vn -0.9692 0.2107 -0.1278
vn -0.9662 0.1629 -0.2001
vn -0.8623 0.2871 -0.4172
vn -0.9692 0.2107 -0.1278
vn -0.8623 0.2871 -0.4172
vn -0.6432 0.3638 -0.6737
vn -0.7548 0.3488 -0.5556
vn 0.0465 0.0089 0.9989
vn 0.1580 -0.0259 0.9871
vn 0.0669 -0.0093 0.9977
vn -0.7361 0.3203 0.5963
vn -0.8878 0.1629 0.4305
vn -0.9362 0.3448 -0.0675
vn -0.9362 0.3448 -0.0675
vn -0.9692 0.2107 -0.1278
vn -0.8601 0.3422 -0.3783
vn -0.8623 0.2871 -0.4172
vn -0.7548 0.3488 -0.5556
vn -0.8601 0.3422 -0.3783
vn -0.6879 0.3856 -0.6150
vn -0.7548 0.3488 -0.5556
vn -0.5694 0.4035 -0.7162
vn -0.6879 0.3856 -0.6150
vn -0.5694 0.4035 -0.7162
vn -0.6045 0.3793 -0.7005
vn 0.0669 -0.0093 0.9977
vn -0.7361 0.3203 0.5963
vn 0.0546 -0.0071 0.9985
vn -0.7361 0.3203 0.5963
vn -0.9362 0.3448 -0.0675
vn -0.8216 0.2969 0.4866
vn -0.9607 0.2630 -0.0884
vn -0.9362 0.3448 -0.0675
vn -0.9081 0.2957 -0.2964
vn -0.9081 0.2957 -0.2964
vn -0.8601 0.3422 -0.3783
vn -0.7800 0.3186 -0.5386
vn -0.6879 0.3856 -0.6150
vn -0.6045 0.3793 -0.7005
vn -0.7800 0.3186 -0.5386
vn -0.6437 0.2730 -0.7150
vn -0.6045 0.3793 -0.7005
vn -0.5479 0.3467 -0.7613
vn -0.6437 0.2730 -0.7150
vn -0.5479 0.3467 -0.7613
vn -0.6351 0.2640 -0.7260
vn 0.0546 -0.0071 0.9985
vn -0.8216 0.2969 0.4866
vn 0.0436 -0.0253 0.9987
vn -0.6649 0.1675 0.7279
vn -0.8216 0.2969 0.4866
vn -0.9607 0.2630 -0.0884
vn -0.9081 0.2957 -0.2964
vn -0.7800 0.3186 -0.5386
vn -0.9297 0.2166 -0.2978
vn -0.8377 0.1236 -0.5319
vn -0.7800 0.3186 -0.5386
vn -0.7043 0.1977 -0.6818
vn -0.6437 0.2730 -0.7150
vn -0.6351 0.2640 -0.7260
vn -0.7043 0.1977 -0.6818
vn 0.0000 0.0000 1.0000
vn 0.0436 -0.0253 0.9987
vn 0.1121 -0.0272 0.9933
vn -0.8377 0.1236 -0.5319
vn -0.7043 0.1977 -0.6818
vn -0.8042 0.1088 -0.5843
vn -0.7820 0.2389 -0.5756
vn -0.7043 0.1977 -0.6818
vn -0.6870 0.2590 -0.6789
vn -0.6870 0.2590 -0.6789
vn -0.6351 0.2640 -0.7260
vn -0.4762 0.2660 -0.8381
vn -0.6870 0.2590 -0.6789
vn -0.4762 0.2660 -0.8381
vn -0.5394 0.3130 -0.7817
vn 0.0000 -0.0000 1.0000
vn 0.0000 0.0000 1.0000
vn 0.0397 -0.0119 0.9991
vn -0.6870 0.2590 -0.6789
vn -0.5394 0.3130 -0.7817
vn -0.6964 0.3023 -0.6509
vn -0.5892 0.3564 -0.7251
vn -0.5394 0.3130 -0.7817
vn -0.4400 0.3675 -0.8193
vn -0.5892 0.3564 -0.7251
vn -0.4400 0.3675 -0.8193
vn -0.4602 0.4000 -0.7926
vn 0.0000 0.0000 1.0000
vn 0.0000 -0.0000 1.0000
vn 0.0000 0.0000 1.0000
vn -0.5132 0.4418 -0.7358
vn -0.4602 0.4000 -0.7926
vn -0.2008 0.4526 -0.8688
vn 0.0111 0.4705 -0.8823
vn -0.2008 0.4526 -0.8688
vn 0.1835 0.4223 -0.8877
vn -0.5132 0.4418 -0.7358
vn -0.2008 0.4526 -0.8688
vn -0.3833 0.4922 -0.7815
vn -0.9802 0.1371 -0.1427
vn -0.9845 0.1706 0.0408
vn -0.9607 0.2630 -0.0884
vn -0.9573 0.1015 -0.2706
vn -0.9802 0.1371 -0.1427
vn -0.9297 0.2166 -0.2978
vn -0.9573 0.1015 -0.2706
vn -0.9297 0.2166 -0.2978
vn -0.9071 0.0950 -0.4101
vn -0.6649 0.1675 0.7279
vn 0.4292 -0.0636 0.9010
vn 0.1121 -0.0272 0.9933
vn -0.9971 0.0316 0.0688
vn -0.9845 0.1706 0.0408
vn -0.9922 0.0802 -0.0958
vn -0.9802 0.1371 -0.1427
vn -0.9573 0.1015 -0.2706
vn -0.9922 0.0802 -0.0958
vn -0.9071 0.0950 -0.4101
vn -0.8042 0.1088 -0.5843
vn -0.8459 0.1933 -0.4971
vn 0.0397 -0.0119 0.9991
vn 0.1121 -0.0272 0.9933
vn -0.8509 0.1381 0.5069
vn -0.8509 0.1381 0.5069
vn -0.9971 0.0316 0.0688
vn -0.9900 0.0962 -0.1031
vn -0.9922 0.0802 -0.0958
vn -0.9573 0.1015 -0.2706
vn -0.9900 0.0962 -0.1031
vn -0.9573 0.1015 -0.2706
vn -0.9071 0.0950 -0.4101
vn -0.9624 0.0923 -0.2555
vn -0.9071 0.0950 -0.4101
vn -0.8459 0.1933 -0.4971
vn -0.9067 0.1301 -0.4013
vn -0.8459 0.1933 -0.4971
vn -0.7820 0.2389 -0.5756
vn -0.8192 0.2626 -0.5099
vn 0.0000 0.0000 1.0000
vn 0.0397 -0.0119 0.9991
vn 0.2597 -0.0589 0.9639
vn 0.2597 -0.0589 0.9639
vn 0.8069 -0.2790 0.5207
vn 0.8069 -0.2790 0.5207
vn -0.9900 0.0962 -0.1031
vn -0.9624 0.0923 -0.2555
vn -0.9866 0.1232 -0.1066
vn -0.9813 0.0829 -0.1735
vn -0.9624 0.0923 -0.2555
vn -0.9365 0.1304 -0.3256
vn -0.9365 0.1304 -0.3256
vn -0.9067 0.1301 -0.4013
vn -0.8943 0.2108 -0.3947
vn -0.8459 0.1933 -0.4971
vn -0.8192 0.2626 -0.5099
vn -0.8943 0.2108 -0.3947
vn -0.8192 0.2626 -0.5099
vn -0.6964 0.3023 -0.6509
vn -0.7444 0.3325 -0.5791
vn -0.0000 -0.0000 1.0000
vn -0.0000 0.0000 1.0000
vn -0.0000 -0.0000 1.0000
vn -0.0000 -0.0000 1.0000
vn -0.0000 -0.0000 1.0000
vn -0.0196 0.0088 0.9998
vn -0.0000 -0.0000 1.0000
vn 0.0000 0.0000 1.0000
vn -0.0000 -0.0000 1.0000
vn -0.0000 -0.0000 1.0000
vn 0.0000 0.0000 1.0000
vn 0.0000 0.0000 1.0000
vn 0.0000 0.0000 1.0000
vn 0.0000 0.0000 1.0000
vn 0.0000 0.0000 1.0000
vn 0.0000 0.0000 1.0000
vn 0.0000 0.0000 1.0000
vn -0.0497 0.0240 0.9985
vn 0.0000 0.0000 1.0000
vn -0.0000 -0.0000 1.0000
vn 0.0000 0.0000 1.0000
vn 0.0000 0.0000 1.0000
vn 0.0000 0.0000 1.0000
vn 0.0000 0.0000 1.0000
vn 0.0000 0.0000 1.0000
vn 0.0000 0.0000 1.0000
vn -0.0000 0.0000 1.0000
vn 0.0000 0.0000 1.0000
vn 0.0000 0.0000 1.0000
vn 0.0000 -0.0000 1.0000
vn 0.0000 0.0000 1.0000
vn 0.0000 -0.0000 1.0000
vn -0.0000 0.0000 1.0000
vn 0.0000 0.0000 1.0000
vn 0.0000 -0.0000 1.0000
vn 0.0000 0.0000 1.0000
vn 0.0000 0.0000 1.0000
vn 0.0000 0.0000 1.0000
vn 0.0000 -0.0000 1.0000
vn -0.0000 0.0000 1.0000
vn 0.0000 0.0000 1.0000
vn 0.0000 0.0000 1.0000
vn 0.0000 -0.0000 1.0000
vn -0.0000 0.0000 1.0000
vn -0.0000 0.0000 1.0000
vn 0.0000 -0.0000 1.0000
vn -0.0000 0.0000 1.0000
vn 0.0000 -0.0000 1.0000
vn 0.0000 0.0000 1.0000
vn 0.0000 -0.0000 1.0000
vn -0.0000 0.0000 1.0000
vn 0.0000 -0.0000 1.0000
vn 0.0000 0.0000 1.0000
vn 0.0000 -0.0000 1.0000
vn 0.0000 0.0000 1.0000
vn 0.0000 -0.0000 1.0000
vn 0.0000 -0.0000 1.0000
vn 0.0000 0.0000 1.0000
vn 0.0000 0.0000 1.0000
vn 0.0000 -0.0000 1.0000
vn -0.0000 0.0000 1.0000
vn 0.0000 0.0000 1.0000
vn 0.0000 0.0000 1.0000
vn -0.0000 0.0000 1.0000
vn 0.0000 0.0000 1.0000
vn 0.0000 -0.0000 1.0000
vn 0.0000 -0.0000 1.0000
vn 0.0000 -0.0000 1.0000
vn -0.0000 -0.0000 1.0000
vn 0.0000 0.0000 1.0000
vn 0.0000 -0.0000 1.0000
vn 0.0000 0.0000 1.0000
vn -0.0000 0.0000 1.0000
vn 0.0000 0.0000 1.0000
vn -0.0000 0.0000 1.0000
vn -0.0000 0.0000 1.0000
vn -0.0000 0.0000 1.0000
vn -0.0000 0.0000 1.0000
vn 0.0000 0.0000 1.0000
vn -0.0000 0.0000 1.0000
vn -0.0000 -0.0000 1.0000
vn -0.0000 -0.0000 1.0000
vn -0.0000 -0.0000 1.0000
vn -0.0000 -0.0000 1.0000
vn 0.0000 0.0000 1.0000
vn 0.0000 0.0000 1.0000
vn -0.0000 0.0000 1.0000
vn 0.0000 0.0000 1.0000
vn 0.0000 0.0000 1.0000
vn 0.0000 0.0000 1.0000
vn -0.0000 0.0000 1.0000
vn 0.0000 -0.0000 1.0000
vn -0.0000 0.0000 1.0000
vn -0.0000 0.0000 1.0000
vn 0.0000 0.0000 1.0000
vn -0.0572 0.0372 0.9977
vn 0.0000 -0.0000 1.0000
vn 0.0000 -0.0000 1.0000
vn 0.0000 0.0000 1.0000
vn 0.0000 0.0000 1.0000
vn 0.0000 0.0000 1.0000
vn 0.0000 -0.0000 1.0000
vn 0.0000 0.0000 1.0000
vn 0.0000 -0.0000 1.0000
vn -0.0000 0.0000 1.0000
vn -0.0000 0.0000 1.0000
vn 0.0000 -0.0000 1.0000
vn -0.0345 0.0245 0.9991
vn -0.0345 0.0245 0.9991
vn 0.0000 -0.0000 1.0000
vn -0.0476 -0.0200 0.9987
vn 0.0000 -0.0000 1.0000
vn 0.0000 -0.0000 1.0000
vn 0.0000 -0.0000 1.0000
vn 0.0000 -0.0000 1.0000
vn 0.0000 -0.0000 1.0000
vn 0.0000 -0.0000 1.0000
vn 0.0000 -0.0000 1.0000
vn 0.0000 -0.0000 1.0000
vn 0.0000 -0.0000 1.0000
vn 0.0000 0.0000 1.0000
vn 0.0000 -0.0000 1.0000
vn -0.0000 -0.0000 1.0000
vn 0.0000 0.0000 1.0000
vn -0.0000 -0.0000 1.0000
vn 0.0000 0.0000 1.0000
vn 0.0000 0.0000 1.0000
vn 0.0000 0.0000 1.0000
vn -0.0277 0.0271 0.9992
vn 0.0000 -0.0000 1.0000
vn -0.0000 0.0000 1.0000
vn -0.0000 0.0000 1.0000
vn 0.0000 -0.0000 1.0000
vn 0.0000 -0.0000 1.0000
vn -0.0000 -0.0000 1.0000
vn 0.0000 -0.0000 1.0000
vn -0.0000 -0.0000 1.0000
vn -0.0000 -0.0000 1.0000
vn -0.0000 -0.0000 1.0000
vn 0.0000 0.0000 1.0000
vn 0.0000 0.0000 1.0000
vn 0.0000 0.0000 1.0000
vn 0.0000 0.0000 1.0000
vn 0.0000 -0.0000 1.0000
vn 0.0000 -0.0000 1.0000
vn 0.0000 0.0000 1.0000
vn 0.0000 -0.0000 1.0000
vn -0.0000 0.0000 1.0000
vn -0.0000 0.0000 1.0000
vn 0.0000 0.0000 1.0000
vn -0.0000 -0.0000 1.0000
vn -0.0000 0.0000 1.0000
vn 0.0000 -0.0000 1.0000
vn 0.0000 0.0000 1.0000
vn -0.0000 -0.0000 1.0000
vn 0.0000 -0.0000 1.0000
vn 0.0000 0.0000 1.0000
vn 0.0000 0.0000 1.0000
vn 0.0000 0.0000 1.0000
vn -0.0000 -0.0000 1.0000
vn 0.0000 0.0000 1.0000
vn -0.0000 -0.0000 1.0000
vn 0.0000 0.0000 1.0000
vn 0.0000 0.0000 1.0000
vn 0.0000 0.0000 1.0000
vn 0.0000 -0.0000 1.0000
vn 0.0000 -0.0000 1.0000
vn 0.0000 -0.0000 1.0000
vn 0.0000 -0.0000 1.0000
vn 0.0000 0.0000 1.0000
vn 0.0000 0.0000 1.0000
vn -0.0000 -0.0000 1.0000
vn 0.0000 0.0000 1.0000
vn 0.0000 -0.0000 1.0000
vn 0.9420 -0.0313 -0.3341
vn 0.9955 -0.0317 -0.0888
vn 0.9643 -0.0984 -0.2460
vn 0.9643 -0.0984 -0.2460
vn 0.9713 -0.1755 0.1607
vn 0.9423 -0.2424 -0.2310
vn -0.1362 0.0592 0.9889
vn -0.1662 0.0059 0.9861
vn 0.0000 0.0000 1.0000
vn -0.3610 0.0284 0.9321
vn -0.1662 0.0059 0.9861
vn -0.3610 0.0284 0.9321
vn 0.6886 -0.0290 -0.7246
vn 0.9420 -0.0313 -0.3341
vn 0.7676 -0.1507 -0.6229
vn 0.6494 0.0294 -0.7599
vn 0.5925 0.1381 -0.7936
vn 0.5966 0.0196 -0.8023
vn -0.5934 0.1651 0.7877
vn -0.1362 0.0592 0.9889
vn -0.5934 0.1651 0.7877
vn 0.9423 -0.2424 -0.2310
vn 0.8827 -0.4699 0.0071
vn 0.8821 -0.3872 -0.2684
vn 0.8821 -0.3872 -0.2684
vn 0.7676 -0.1507 -0.6229
vn 0.9423 -0.2424 -0.2310
vn 0.5966 0.0196 -0.8023
vn 0.7676 -0.1507 -0.6229
vn 0.7370 -0.1491 -0.6592
vn 0.6939 -0.0329 -0.7194
vn 0.6494 0.0294 -0.7599
vn 0.7370 -0.1491 -0.6592
vn 0.8821 -0.3872 -0.2684
vn 0.8761 -0.3834 0.2923
vn 0.9280 -0.2749 -0.2514
vn 0.7735 -0.2452 -0.5845
vn 0.7370 -0.1491 -0.6592
vn 0.9280 -0.2749 -0.2514
vn 0.6939 -0.0329 -0.7194
vn 0.7370 -0.1491 -0.6592
vn 0.7342 -0.1767 -0.6556
vn 0.8858 -0.3245 -0.3318
vn 0.9280 -0.2749 -0.2514
vn 0.9241 -0.3809 0.0314
vn 0.7342 -0.1767 -0.6556
vn 0.7735 -0.2452 -0.5845
vn 0.7702 -0.1993 -0.6058
vn -0.1362 0.0592 0.9889
vn 0.0000 0.0000 1.0000
vn -0.0339 0.0285 0.9990
vn 0.6160 0.1022 -0.7811
vn 0.5925 0.1381 -0.7936
vn 0.6494 0.0294 -0.7599
vn -0.1193 0.0237 0.9926
vn -0.0339 0.0285 0.9990
vn -0.0000 -0.0000 1.0000
vn -0.1362 0.0592 0.9889
vn -0.0339 0.0285 0.9990
vn -0.0306 0.1783 0.9835
vn 0.6160 0.1022 -0.7811
vn 0.6494 0.0294 -0.7599
vn 0.6939 -0.0329 -0.7194
vn 0.6519 0.0680 -0.7553
vn 0.6160 0.1022 -0.7811
vn 0.6590 0.0200 -0.7519
vn -0.1193 0.0237 0.9926
vn -0.0000 -0.0000 1.0000
vn -0.1239 0.0391 0.9915
vn -0.2396 0.0950 0.9662
vn -0.1193 0.0237 0.9926
vn -0.2396 0.0950 0.9662
vn 0.6590 0.0200 -0.7519
vn 0.6939 -0.0329 -0.7194
vn 0.7107 -0.0269 -0.7029
vn 0.5996 -0.3468 0.7212
vn -0.1239 0.0391 0.9915
vn -0.0196 0.0088 0.9998
vn -0.2867 0.0936 0.9534
vn -0.1239 0.0391 0.9915
vn -0.2867 0.0936 0.9534
vn 0.8858 -0.3245 -0.3318
vn 0.9241 -0.3809 0.0314
vn 0.9069 -0.3696 -0.2023
vn 0.7735 -0.2452 -0.5845
vn 0.8858 -0.3245 -0.3318
vn 0.8031 -0.2646 -0.5338
vn 0.7735 -0.2452 -0.5845
vn 0.8031 -0.2646 -0.5338
vn 0.7702 -0.1993 -0.6058
vn 0.7107 -0.0269 -0.7029
vn 0.7357 -0.1216 -0.6663
vn 0.7789 -0.1205 -0.6154
vn 0.7922 -0.0439 -0.6087
vn 0.7107 -0.0269 -0.7029
vn 0.7789 -0.1205 -0.6154
vn 0.8031 -0.2646 -0.5338
vn 0.9069 -0.3696 -0.2023
vn 0.8244 -0.2851 -0.4889
vn 0.7702 -0.1993 -0.6058
vn 0.8031 -0.2646 -0.5338
vn 0.8104 -0.2036 -0.5494
vn 0.8327 -0.1370 -0.5365
vn 0.7789 -0.1205 -0.6154
vn 0.8104 -0.2036 -0.5494
vn 0.9069 -0.3696 -0.2023
vn 0.9477 -0.3022 0.1030
vn 0.9106 -0.3433 -0.2302
vn 0.8104 -0.2036 -0.5494
vn 0.8244 -0.2851 -0.4889
vn 0.8426 -0.2507 -0.4766
vn 0.8327 -0.1370 -0.5365
vn 0.8104 -0.2036 -0.5494
vn 0.8563 -0.1923 -0.4794
vn 0.8852 -0.4157 -0.2088
vn 0.9106 -0.3433 -0.2302
vn 0.9125 -0.4049 -0.0581
vn 0.8244 -0.2851 -0.4889
vn 0.9106 -0.3433 -0.2302
vn 0.8337 -0.3317 -0.4415
vn 0.5441 0.1854 -0.8183
vn 0.4903 0.2469 -0.8358
vn 0.5589 0.1852 -0.8083
vn 0.5441 0.1854 -0.8183
vn 0.5589 0.1852 -0.8083
vn 0.6160 0.1022 -0.7811
vn 0.5441 0.1854 -0.8183
vn 0.6160 0.1022 -0.7811
vn 0.6030 0.1455 -0.7844
vn 0.6957 0.1221 -0.7079
vn 0.6030 0.1455 -0.7844
vn 0.6519 0.0680 -0.7553
vn 0.5996 -0.3468 0.7212
vn -0.0196 0.0088 0.9998
vn -0.0887 0.0216 0.9958
vn 0.6519 0.0680 -0.7553
vn 0.7107 -0.0269 -0.7029
vn 0.7339 0.0452 -0.6778
vn -0.2000 0.0309 0.9793
vn -0.0887 0.0216 0.9958
vn 0.0000 0.0000 1.0000
vn 0.5996 -0.3468 0.7212
vn -0.0887 0.0216 0.9958
vn -0.1962 0.1612 0.9672
vn 0.6957 0.1221 -0.7079
vn 0.7339 0.0452 -0.6778
vn 0.7985 0.0546 -0.5996
vn -0.2000 0.0309 0.9793
vn 0.0000 0.0000 1.0000
vn -0.1299 0.0676 0.9892
vn -0.5129 0.1429 0.8465
vn -0.2000 0.0309 0.9793
vn -0.5129 0.1429 0.8465
vn 0.8244 -0.2851 -0.4889
vn 0.8492 -0.2966 -0.4368
vn 0.8426 -0.2507 -0.4766
vn 0.7922 -0.0439 -0.6087
vn 0.8327 -0.1370 -0.5365
vn 0.8654 -0.0901 -0.4928
vn 0.8707 0.0219 -0.4913
vn 0.7985 0.0546 -0.5996
vn 0.8654 -0.0901 -0.4928
vn -0.1273 0.1707 0.9771
vn -0.1299 0.0676 0.9892
vn -0.0497 0.0240 0.9985
vn -0.5142 0.1528 0.8439
vn -0.1299 0.0676 0.9892
vn -0.5142 0.1528 0.8439
vn 0.8563 -0.1923 -0.4794
vn 0.8426 -0.2507 -0.4766
vn 0.9030 -0.2041 -0.3782
vn 0.9148 -0.0963 -0.3923
vn 0.8654 -0.0901 -0.4928
vn 0.9030 -0.2041 -0.3782
vn 0.8918 -0.0329 -0.4511
vn 0.8707 0.0219 -0.4913
vn 0.9148 -0.0963 -0.3923
vn 0.9151 -0.3546 -0.1921
vn 0.8852 -0.4157 -0.2088
vn 0.9349 -0.3548 0.0113
vn 0.8337 -0.3317 -0.4415
vn 0.8852 -0.4157 -0.2088
vn 0.8594 -0.3294 -0.3910
vn 0.8920 -0.2657 -0.3657
vn 0.8492 -0.2966 -0.4368
vn 0.8594 -0.3294 -0.3910
vn 0.9193 -0.2661 -0.2898
vn 0.9030 -0.2041 -0.3782
vn 0.8920 -0.2657 -0.3657
vn 0.9148 -0.0963 -0.3923
vn 0.9030 -0.2041 -0.3782
vn 0.9267 -0.1875 -0.3257
vn 0.8918 -0.0329 -0.4511
vn 0.9148 -0.0963 -0.3923
vn 0.9120 -0.1314 -0.3887
vn 0.4320 0.2951 -0.8523
vn 0.4903 0.2469 -0.8358
vn 0.4888 0.2610 -0.8324
vn 0.4888 0.2610 -0.8324
vn 0.5441 0.1854 -0.8183
vn 0.5554 0.2561 -0.7912
vn 0.5554 0.2561 -0.7912
vn 0.6030 0.1455 -0.7844
vn 0.6360 0.2063 -0.7436
vn 0.6192 0.2812 -0.7331
vn 0.5554 0.2561 -0.7912
vn 0.6360 0.2063 -0.7436
vn 0.7283 0.2006 -0.6552
vn 0.6360 0.2063 -0.7436
vn 0.6957 0.1221 -0.7079
vn 0.6570 0.3108 -0.6868
vn 0.6192 0.2812 -0.7331
vn 0.7283 0.2006 -0.6552
vn 0.8084 0.1282 -0.5745
vn 0.7283 0.2006 -0.6552
vn 0.7985 0.0546 -0.5996
vn 0.8477 0.0529 -0.5278
vn 0.8084 0.1282 -0.5745
vn 0.8707 0.0219 -0.4913
vn 0.7283 0.2006 -0.6552
vn 0.8084 0.1282 -0.5745
vn 0.7756 0.1620 -0.6101
vn -0.2580 0.0026 0.9661
vn -0.0497 0.0240 0.9985
vn -0.1425 0.0342 0.9892
vn 0.8477 0.0529 -0.5278
vn 0.8707 0.0219 -0.4913
vn 0.8918 -0.0329 -0.4511
vn -0.1753 0.0152 0.9844
vn -0.1425 0.0342 0.9892
vn -0.0000 0.0000 1.0000
vn -0.4533 0.2055 0.8674
vn -0.1425 0.0342 0.9892
vn -0.4533 0.2055 0.8674
vn 0.8477 0.0529 -0.5278
vn 0.8918 -0.0329 -0.4511
vn 0.8958 -0.0418 -0.4425
vn 0.4234 0.3357 -0.8415
vn 0.3711 0.3643 -0.8542
vn 0.4320 0.2951 -0.8523
vn 0.4320 0.2951 -0.8523
vn 0.4888 0.2610 -0.8324
vn 0.4699 0.3324 -0.8177
vn 0.4699 0.3324 -0.8177
vn 0.5554 0.2561 -0.7912
vn 0.5332 0.3673 -0.7621
vn 0.5332 0.3673 -0.7621
vn 0.6192 0.2812 -0.7331
vn 0.5857 0.3646 -0.7239
vn 0.3711 0.3643 -0.8542
vn 0.4234 0.3357 -0.8415
vn 0.3994 0.4118 -0.8191
vn 0.2728 0.3679 -0.8889
vn 0.3491 0.3389 -0.8737
vn 0.3079 0.4043 -0.8612
vn 0.0000 0.0000 1.0000
vn -0.0000 -0.0000 1.0000
vn -0.0000 0.0000 1.0000
vn -0.0000 0.0000 1.0000
vn -0.0000 0.0000 1.0000
vn -0.0000 0.0000 1.0000
vn 0.0000 0.0000 1.0000
vn 0.0000 0.0000 1.0000
vn -0.0000 0.0000 1.0000
vn -0.0000 -0.0000 1.0000
vn -0.0000 0.0000 1.0000
vn -0.0000 0.0000 1.0000
vn -0.0000 -0.0000 1.0000
vn 0.0000 0.0000 1.0000
vn 0.0000 0.0000 1.0000
vn 0.0000 0.0000 1.0000
vn 0.0000 0.0000 1.0000
vn 0.0000 0.0000 1.0000
vn -0.0000 0.0000 1.0000
vn 0.0000 0.0000 1.0000
vn 0.0000 -0.0000 1.0000
vn -0.5892 0.3564 -0.7251
vn -0.5132 0.4418 -0.7358
vn -0.6536 0.3953 -0.6454
vn -0.0000 0.0000 1.0000
vn 0.0000 0.0000 1.0000
vn 0.0000 0.0000 1.0000
vn 0.0000 0.0000 1.0000
vn 0.0000 0.0000 1.0000
vn 0.0000 0.0000 1.0000
vn 0.0000 0.0000 1.0000
vn 0.0000 0.0000 1.0000
vn 0.0000 0.0000 1.0000
vn 0.0000 0.0000 1.0000
vn 0.0000 0.0000 1.0000
vn 0.0000 0.0000 1.0000
vn 0.7332 0.2293 -0.6402
vn 0.6570 0.3108 -0.6868
vn 0.7283 0.2006 -0.6552
vn 0.8299 0.1071 -0.5476
vn 0.7756 0.1620 -0.6101
vn 0.8477 0.0529 -0.5278
vn 0.8854 0.0430 -0.4628
vn 0.8299 0.1071 -0.5476
vn 0.8958 -0.0418 -0.4425
vn 0.7737 0.2324 -0.5894
vn 0.7332 0.2293 -0.6402
vn 0.8299 0.1071 -0.5476
vn 0.7737 0.2324 -0.5894
vn 0.8299 0.1071 -0.5476
vn 0.8488 0.1206 -0.5147
vn 0.9754 0.1352 -0.1743
vn 0.7737 0.2324 -0.5894
vn 0.8488 0.1206 -0.5147
vn 0.4287 0.4620 -0.7763
vn 0.3994 0.4118 -0.8191
vn 0.4676 0.4093 -0.7835
vn 0.4287 0.4620 -0.7763
vn 0.4676 0.4093 -0.7835
vn 0.4767 0.4530 -0.7534
vn 0.4767 0.4530 -0.7534
vn 0.5332 0.3673 -0.7621
vn 0.5237 0.4342 -0.7329
vn 0.5237 0.4342 -0.7329
vn 0.5857 0.3646 -0.7239
vn 0.5843 0.3956 -0.7086
vn 0.3094 0.4706 -0.8263
vn 0.3079 0.4043 -0.8612
vn 0.3994 0.4118 -0.8191
vn 0.3094 0.4706 -0.8263
vn 0.3994 0.4118 -0.8191
vn 0.3479 0.4918 -0.7982
vn 0.3767 0.5095 -0.7736
vn 0.2730 0.5290 -0.8035
vn 0.4287 0.4620 -0.7763
vn 0.3767 0.5095 -0.7736
vn 0.4287 0.4620 -0.7763
vn 0.4767 0.4530 -0.7534
vn 0.5390 0.5941 -0.5971
vn 0.5237 0.4342 -0.7329
vn 0.7239 0.6498 -0.2318
vn 0.1835 0.4223 -0.8877
vn 0.3079 0.4043 -0.8612
vn 0.1841 0.4624 -0.8673
vn 0.1841 0.4624 -0.8673
vn 0.3094 0.4706 -0.8263
vn 0.2296 0.5128 -0.8273
vn 0.0953 0.5368 -0.8383
vn 0.2296 0.5128 -0.8273
vn 0.2730 0.5290 -0.8035
vn 0.0953 0.5368 -0.8383
vn 0.2730 0.5290 -0.8035
vn 0.1451 0.5663 -0.8114
vn 0.1451 0.5663 -0.8114
vn 0.3767 0.5095 -0.7736
vn 0.2504 0.5667 -0.7849
vn 0.3404 0.5324 -0.7751
vn 0.2504 0.5667 -0.7849
vn 0.5390 0.5941 -0.5971
vn -0.0671 0.5014 -0.8626
vn 0.0111 0.4705 -0.8823
vn 0.1841 0.4624 -0.8673
vn 0.0120 0.5421 -0.8402
vn -0.0671 0.5014 -0.8626
vn 0.0953 0.5368 -0.8383
vn -0.0671 0.5014 -0.8626
vn 0.0120 0.5421 -0.8402
vn -0.2369 0.5536 -0.7983
vn 0.0120 0.5421 -0.8402
vn 0.0953 0.5368 -0.8383
vn -0.0195 0.5864 -0.8098
vn -0.5132 0.4418 -0.7358
vn -0.3833 0.4922 -0.7815
vn -0.6062 0.4589 -0.6496
vn -0.3826 0.5228 -0.7618
vn -0.3833 0.4922 -0.7815
vn -0.0671 0.5014 -0.8626
vn -0.5504 0.5036 -0.6659
vn -0.3826 0.5228 -0.7618
vn -0.2369 0.5536 -0.7983
vn -0.5504 0.5036 -0.6659
vn -0.2369 0.5536 -0.7983
vn -0.5372 0.5477 -0.6414
vn -0.3293 0.5989 -0.7300
vn -0.2369 0.5536 -0.7983
vn -0.0195 0.5864 -0.8098
vn -0.3293 0.5989 -0.7300
vn -0.0195 0.5864 -0.8098
vn -0.3441 0.9386 -0.0231
vn -0.3293 0.5989 -0.7300
vn -0.3441 0.9386 -0.0231
vn -0.4160 0.6385 -0.6475
vn 0.9049 -0.3598 -0.2275
vn 0.9151 -0.3546 -0.1921
vn 0.9260 -0.3340 -0.1763
vn 0.8847 -0.3094 -0.3487
vn 0.8594 -0.3294 -0.3910
vn 0.9049 -0.3598 -0.2275
vn 0.8920 -0.2657 -0.3657
vn 0.8594 -0.3294 -0.3910
vn 0.8847 -0.3094 -0.3487
vn 0.8847 -0.3094 -0.3487
vn 0.9049 -0.3598 -0.2275
vn 0.8859 -0.3351 -0.3209
vn -0.1753 0.0152 0.9844
vn -0.0000 0.0000 1.0000
vn -0.2148 0.0994 0.9716
vn -0.9761 0.2165 0.0188
vn -0.9761 0.2165 0.0188
vn -0.9761 0.2165 0.0188
vn 0.8847 -0.3094 -0.3487
vn 0.9177 -0.2849 -0.2769
vn 0.9193 -0.2661 -0.2898
vn 0.9120 -0.1314 -0.3887
vn 0.9267 -0.1875 -0.3257
vn 0.9332 -0.1843 -0.3084
vn 0.9306 -0.0849 -0.3561
vn 0.8958 -0.0418 -0.4425
vn 0.9332 -0.1843 -0.3084
vn -0.2316 0.3199 0.9187
vn -0.2148 0.0994 0.9716
vn -0.0572 0.0372 0.9977
vn -0.9131 0.3575 -0.1958
vn -0.9131 0.3575 -0.1958
vn -0.9131 0.3575 -0.1958
vn 0.9049 -0.3598 -0.2275
vn 0.8938 -0.4153 -0.1692
vn 0.9139 -0.3722 -0.1621
vn 0.9049 -0.3598 -0.2275
vn 0.9139 -0.3722 -0.1621
vn 0.8859 -0.3351 -0.3209
vn 0.9010 -0.2953 -0.3179
vn 0.8789 -0.3180 -0.3555
vn 0.8859 -0.3351 -0.3209
vn 0.9356 -0.2572 -0.2421
vn 0.9193 -0.2661 -0.2898
vn 0.9177 -0.2849 -0.2769
vn 0.9490 -0.2266 -0.2193
vn 0.9332 -0.1843 -0.3084
vn 0.9356 -0.2572 -0.2421
vn 0.9306 -0.0849 -0.3561
vn 0.9332 -0.1843 -0.3084
vn 0.9531 -0.1528 -0.2611
vn 0.9390 -0.3000 -0.1681
vn 0.9139 -0.3722 -0.1621
vn 0.9491 -0.3102 -0.0554
vn 0.9194 -0.2609 -0.2943
vn 0.9177 -0.2849 -0.2769
vn 0.9010 -0.2953 -0.3179
vn 0.9356 -0.2572 -0.2421
vn 0.9177 -0.2849 -0.2769
vn 0.9395 -0.2711 -0.2095
vn 0.9386 -0.3069 -0.1574
vn 0.9390 -0.3000 -0.1681
vn 0.9391 -0.3295 -0.0974
vn 0.9010 -0.2953 -0.3179
vn 0.9390 -0.3000 -0.1681
vn 0.9173 -0.2766 -0.2866
vn -0.4309 0.0460 0.9012
vn -0.0572 0.0372 0.9977
vn -0.1942 0.0412 0.9801
vn -0.2366 0.1151 0.9648
vn -0.1942 0.0412 0.9801
vn -0.0000 0.0000 1.0000
vn -0.7018 0.2605 0.6631
vn -0.1942 0.0412 0.9801
vn -0.7018 0.2605 0.6631
vn 0.9531 -0.1528 -0.2611
vn 0.9490 -0.2266 -0.2193
vn 0.9661 -0.1813 -0.1838
vn -0.0901 0.1944 0.9768
vn -0.2366 0.1151 0.9648
vn -0.0345 0.0245 0.9991
vn -0.9450 0.2627 0.1947
vn -0.2366 0.1151 0.9648
vn -0.9450 0.2627 0.1947
vn 0.9386 -0.3069 -0.1574
vn 0.9391 -0.3295 -0.0974
vn 0.9393 -0.3104 -0.1460
vn 0.9328 -0.2675 -0.2413
vn 0.9194 -0.2609 -0.2943
vn 0.9148 -0.2979 -0.2726
vn 0.9490 -0.2266 -0.2193
vn 0.9395 -0.2711 -0.2095
vn 0.9613 -0.2296 -0.1523
vn 0.9802 -0.1483 -0.1310
vn 0.9661 -0.1813 -0.1838
vn 0.9613 -0.2296 -0.1523
vn -0.3883 0.1100 0.9150
vn 0.8716 -0.2615 0.4146
vn -0.0476 -0.0200 0.9987
vn 0.9393 -0.3104 -0.1460
vn 0.8716 -0.2615 0.4146
vn 0.9353 -0.3094 -0.1715
vn 0.9173 -0.2766 -0.2866
vn 0.9393 -0.3104 -0.1460
vn 0.9185 -0.3137 -0.2406
vn 0.9194 -0.2609 -0.2943
vn 0.9173 -0.2766 -0.2866
vn 0.9148 -0.2979 -0.2726
vn 0.9613 -0.2296 -0.1523
vn 0.9395 -0.2711 -0.2095
vn 0.9423 -0.3168 -0.1082
vn 0.9802 -0.1483 -0.1310
vn 0.9613 -0.2296 -0.1523
vn 0.9669 -0.2457 -0.0689
vn 0.9231 -0.3570 -0.1427
vn 0.9353 -0.3094 -0.1715
vn 0.9268 -0.3749 0.0213
vn 0.9148 -0.2979 -0.2726
vn 0.9185 -0.3137 -0.2406
vn 0.8741 -0.3772 -0.3060
vn 0.9204 -0.3328 -0.2051
vn 0.9148 -0.2979 -0.2726
vn 0.9023 -0.3478 -0.2548
vn 0.9185 -0.3137 -0.2406
vn 0.9231 -0.3570 -0.1427
vn 0.8735 -0.3941 -0.2860
vn -0.3883 0.1100 0.9150
vn -0.0476 -0.0200 0.9987
vn -0.0633 0.0429 0.9971
vn 0.9204 -0.3328 -0.2051
vn 0.9018 -0.3911 -0.1838
vn 0.9423 -0.3168 -0.1082
vn 0.9669 -0.2457 -0.0689
vn 0.9423 -0.3168 -0.1082
vn 0.9377 -0.3458 -0.0333
vn -0.1858 0.1142 0.9759
vn -0.0633 0.0429 0.9971
vn 0.0000 0.0000 1.0000
vn -0.3883 0.1100 0.9150
vn -0.0633 0.0429 0.9971
vn -0.2113 0.4319 0.8768
vn 0.9023 -0.3478 -0.2548
vn 0.8741 -0.3772 -0.3060
vn 0.8850 -0.3834 -0.2641
vn 0.9377 -0.3458 -0.0333
vn 0.9089 -0.4103 -0.0746
vn 0.8643 -0.5005 -0.0506
vn -0.0796 0.2277 0.9705
vn -0.1858 0.1142 0.9759
vn -0.0277 0.0271 0.9992
vn -0.8610 0.3096 0.4035
vn -0.1858 0.1142 0.9759
vn -0.8610 0.3096 0.4035
vn 0.9231 -0.3570 -0.1427
vn 0.8837 -0.4618 -0.0763
vn 0.8731 -0.4714 -0.1247
vn 0.9231 -0.3570 -0.1427
vn 0.8731 -0.4714 -0.1247
vn 0.8735 -0.3941 -0.2860
vn 0.9018 -0.3911 -0.1838
vn 0.8850 -0.3834 -0.2641
vn 0.8605 -0.4408 -0.2556
vn 0.9089 -0.4103 -0.0746
vn 0.9018 -0.3911 -0.1838
vn 0.8365 -0.5195 -0.1742
vn 0.7734 -0.6302 -0.0691
vn 0.8643 -0.5005 -0.0506
vn 0.8365 -0.5195 -0.1742
vn 0.7993 -0.5763 -0.1706
vn 0.8731 -0.4714 -0.1247
vn 0.8792 -0.4686 0.0861
vn 0.8735 -0.3941 -0.2860
vn 0.8731 -0.4714 -0.1247
vn 0.8232 -0.4842 -0.2964
vn 0.8164 -0.4966 -0.2947
vn 0.8741 -0.3772 -0.3060
vn 0.8232 -0.4842 -0.2964
vn -0.2016 0.0347 0.9789
vn -0.0277 0.0271 0.9992
vn -0.1088 0.0383 0.9933
vn 0.8605 -0.4408 -0.2556
vn 0.8084 -0.5327 -0.2503
vn 0.8365 -0.5195 -0.1742
vn 0.7734 -0.6302 -0.0691
vn 0.8365 -0.5195 -0.1742
vn 0.7119 -0.6770 -0.1869
vn -0.1248 0.1606 0.9791
vn -0.1088 0.0383 0.9933
vn 0.0000 -0.0000 1.0000
vn -0.3247 0.2143 0.9212
vn -0.1088 0.0383 0.9933
vn -0.3247 0.2143 0.9212
vn 0.7993 -0.5763 -0.1706
vn 0.8792 -0.4686 0.0861
vn 0.7067 -0.6986 -0.1117
vn 0.8232 -0.4842 -0.2964
vn 0.7993 -0.5763 -0.1706
vn 0.7405 -0.6315 -0.2302
vn 0.8164 -0.4966 -0.2947
vn 0.8232 -0.4842 -0.2964
vn 0.7623 -0.5731 -0.3007
vn 0.7474 -0.5957 -0.2942
vn 0.8084 -0.5327 -0.2503
vn 0.8164 -0.4966 -0.2947
vn 0.7119 -0.6770 -0.1869
vn 0.7460 -0.6130 -0.2601
vn 0.6918 -0.6697 -0.2700
vn -0.1248 0.1606 0.9791
vn 0.0000 -0.0000 1.0000
vn -0.0276 0.0355 0.9990
vn 0.7460 -0.6130 -0.2601
vn 0.6520 -0.6902 -0.3138
vn 0.6918 -0.6697 -0.2700
vn -0.0000 -0.0000 1.0000
vn 0.0000 -0.0000 1.0000
vn -0.0000 -0.0000 1.0000
vn -0.0000 -0.0000 1.0000
vn -0.0000 -0.0000 1.0000
vn -0.0276 0.0355 0.9990
vn 0.0000 0.0000 1.0000
vn -0.0000 0.0000 1.0000
vn 0.0000 0.0000 1.0000
vn 0.0000 0.0000 1.0000
vn -0.0000 0.0000 1.0000
vn 0.0000 -0.0000 1.0000
vn 0.0000 -0.0000 1.0000
vn -0.0000 -0.0000 1.0000
vn 0.0000 0.0000 1.0000
vn 0.0000 0.0000 1.0000
vn -0.0000 0.0000 1.0000
vn 0.0000 -0.0000 1.0000
vn -0.0000 -0.0000 1.0000
vn 0.0000 -0.0000 1.0000
vn 0.0000 -0.0000 1.0000
vn 0.0000 0.0000 1.0000
vn 0.0000 -0.0000 1.0000
vn 0.0000 0.0000 1.0000
vn 0.8488 0.1206 -0.5147
vn 0.8854 0.0430 -0.4628
vn 0.9079 0.0543 -0.4156
vn 0.9486 -0.0541 -0.3119
vn 0.9531 -0.1528 -0.2611
vn 0.9817 -0.0698 -0.1773
vn 0.9872 -0.1536 -0.0437
vn 0.9817 -0.0698 -0.1773
vn 0.9802 -0.1483 -0.1310
vn 0.9872 -0.1536 -0.0437
vn 0.9885 -0.1483 -0.0281
vn 0.9902 -0.0684 0.1217
vn 0.9669 -0.2457 -0.0689
vn 0.9377 -0.3458 -0.0333
vn 0.9872 -0.1536 -0.0437
vn 0.9373 -0.3483 -0.0143
vn 0.9885 -0.1483 -0.0281
vn 0.9872 -0.1536 -0.0437
vn 0.7047 -0.1381 0.6959
vn 0.7151 -0.1296 0.6869
vn 0.9885 -0.1483 -0.0281
vn 0.9373 -0.3483 -0.0143
vn 0.9377 -0.3458 -0.0333
vn 0.8622 -0.5044 -0.0477
vn 0.4883 -0.2076 0.8476
vn 0.9373 -0.3483 -0.0143
vn 0.7480 -0.4695 0.4690
vn 0.8622 -0.5044 -0.0477
vn 0.8643 -0.5005 -0.0506
vn 0.7278 -0.6787 -0.0983
vn 0.7734 -0.6302 -0.0691
vn 0.7119 -0.6770 -0.1869
vn 0.7278 -0.6787 -0.0983
vn 0.6447 -0.7457 -0.1680
vn 0.6938 -0.7087 -0.1281
vn 0.7278 -0.6787 -0.0983
vn 0.6447 -0.7457 -0.1680
vn 0.7119 -0.6770 -0.1869
vn 0.6657 -0.7155 -0.2117
vn 0.6447 -0.7457 -0.1680
vn 0.4536 -0.5351 0.7126
vn 0.5165 -0.6276 0.5826
vn 0.6918 -0.6697 -0.2700
vn 0.6371 -0.7250 -0.2617
vn 0.6657 -0.7155 -0.2117
vn 0.5825 -0.6201 0.5255
vn 0.6657 -0.7155 -0.2117
vn 0.6281 -0.7009 0.3381
vn 0.6199 -0.7706 -0.1480
vn 0.7067 -0.6986 -0.1117
vn 0.5101 -0.7524 0.4168
vn 0.6868 -0.6726 -0.2755
vn 0.7405 -0.6315 -0.2302
vn 0.6199 -0.7706 -0.1480
vn 0.7623 -0.5731 -0.3007
vn 0.7405 -0.6315 -0.2302
vn 0.6868 -0.6726 -0.2755
vn 0.7474 -0.5957 -0.2942
vn 0.7623 -0.5731 -0.3007
vn 0.7276 -0.6248 -0.2831
vn -0.1248 0.1606 0.9791
vn -0.0276 0.0355 0.9990
vn -0.0189 0.2712 0.9623
vn 0.6199 -0.7706 -0.1480
vn 0.5101 -0.7524 0.4168
vn 0.5090 -0.8532 -0.1139
vn 0.6868 -0.6726 -0.2755
vn 0.6199 -0.7706 -0.1480
vn 0.4670 -0.8656 -0.1808
vn 0.6868 -0.6726 -0.2755
vn 0.5350 -0.8087 -0.2445
vn 0.7276 -0.6248 -0.2831
vn 0.6053 -0.7301 -0.3170
vn 0.7474 -0.5957 -0.2942
vn 0.7276 -0.6248 -0.2831
vn 0.2582 -0.9460 -0.1959
vn 0.4670 -0.8656 -0.1808
vn 0.2205 -0.9576 -0.1855
vn 0.2444 -0.9503 -0.1929
vn 0.5350 -0.8087 -0.2445
vn 0.2582 -0.9460 -0.1959
vn 0.5679 -0.7837 -0.2515
vn 0.5350 -0.8087 -0.2445
vn 0.3396 -0.9246 -0.1726
vn -0.1232 0.1282 0.9841
vn -0.0276 0.0355 0.9990
vn 0.0000 0.0000 1.0000
vn -0.3487 0.9352 0.0618
vn -0.3487 0.9352 0.0618
vn 0.0459 0.5672 0.8223
vn 0.5679 -0.7837 -0.2515
vn 0.3783 -0.8977 -0.2257
vn 0.6053 -0.7301 -0.3170
vn 0.6520 -0.6902 -0.3138
vn 0.6053 -0.7301 -0.3170
vn 0.2373 -0.9200 -0.3119
vn 0.4292 -0.8601 -0.2758
vn 0.6371 -0.7250 -0.2617
vn 0.6520 -0.6902 -0.3138
vn -0.3622 0.9106 0.1993
vn 0.0459 0.5672 0.8223
vn -0.3622 0.9106 0.1993
vn 0.2582 -0.9460 -0.1959
vn 0.2205 -0.9576 -0.1855
vn 0.0436 -0.9846 -0.1693
vn 0.2582 -0.9460 -0.1959
vn 0.0436 -0.9846 -0.1693
vn 0.2444 -0.9503 -0.1929
vn 0.2444 -0.9503 -0.1929
vn 0.0621 -0.9870 -0.1484
vn 0.3396 -0.9246 -0.1726
vn 0.0174 -0.9920 -0.1247
vn 0.3783 -0.8977 -0.2257
vn 0.3396 -0.9246 -0.1726
vn 0.2069 -0.9274 -0.3116
vn 0.3783 -0.8977 -0.2257
vn -0.0294 -0.9708 -0.2382
vn 0.0000 0.0000 1.0000
vn 0.0000 0.0000 1.0000
vn 0.0000 0.0000 1.0000
vn 0.0000 0.0000 1.0000
vn 0.0655 0.1198 0.9906
vn 0.0459 0.5672 0.8223
vn 0.2069 -0.9274 -0.3116
vn -0.2481 -0.9154 -0.3170
vn 0.2373 -0.9200 -0.3119
vn 0.4292 -0.8601 -0.2758
vn 0.2373 -0.9200 -0.3119
vn -0.1315 -0.9750 -0.1791
vn 0.0303 0.6412 -0.7668
vn 0.0303 0.6412 -0.7668
vn 0.0303 0.6412 -0.7668
vn -0.4686 -0.8795 -0.0836
vn -0.4924 -0.8595 -0.1370
vn -0.2610 -0.9506 -0.1678
vn -0.0424 -0.9682 -0.2467
vn -0.2610 -0.9506 -0.1678
vn 0.0436 -0.9846 -0.1693
vn -0.2283 -0.9609 -0.1568
vn -0.4924 -0.8595 -0.1370
vn -0.2850 -0.9541 -0.0917
vn 0.0436 -0.9846 -0.1693
vn -0.2283 -0.9609 -0.1568
vn 0.0621 -0.9870 -0.1484
vn -0.5887 -0.8048 -0.0757
vn -0.4519 -0.8748 -0.1747
vn -0.2850 -0.9541 -0.0917
vn 0.0621 -0.9870 -0.1484
vn -0.2850 -0.9541 -0.0917
vn 0.0174 -0.9920 -0.1247
vn 0.0174 -0.9920 -0.1247
vn -0.4519 -0.8748 -0.1747
vn -0.0294 -0.9708 -0.2382
vn -0.2481 -0.9154 -0.3170
vn 0.2069 -0.9274 -0.3116
vn -0.0294 -0.9708 -0.2382
vn 0.4292 -0.8601 -0.2758
vn -0.1315 -0.9750 -0.1791
vn 0.3066 -0.9291 -0.2070
vn 0.3066 -0.9291 -0.2070
vn -0.1032 -0.9835 -0.1488
vn 0.3105 -0.9285 -0.2036
vn 0.0000 -0.0000 1.0000
vn 0.0000 0.0000 1.0000
vn 0.1997 0.0122 0.9798
vn 0.1997 0.0122 0.9798
vn 0.2597 -0.0589 0.9639
vn 0.8320 0.0526 0.5523
vn -0.9866 0.1232 -0.1066
vn -0.9813 0.0829 -0.1735
vn -0.9972 -0.0115 -0.0733
vn -0.9813 0.0829 -0.1735
vn -0.9365 0.1304 -0.3256
vn -0.9893 0.0105 -0.1455
vn -0.9621 0.1215 -0.2442
vn -0.9365 0.1304 -0.3256
vn -0.9317 0.2099 -0.2964
vn -0.9317 0.2099 -0.2964
vn -0.8943 0.2108 -0.3947
vn -0.8515 0.2803 -0.4431
vn -0.8192 0.2626 -0.5099
vn -0.7444 0.3325 -0.5791
vn -0.8515 0.2803 -0.4431
vn -0.7444 0.3325 -0.5791
vn -0.6536 0.3953 -0.6454
vn -0.7123 0.4141 -0.5667
vn 0.0000 0.0000 1.0000
vn 0.0000 -0.0000 1.0000
vn 0.1700 -0.0005 0.9854
vn 0.1700 -0.0005 0.9854
vn 0.1997 0.0122 0.9798
vn 0.8828 0.0401 0.4680
vn -0.9972 -0.0115 -0.0733
vn -0.9893 0.0105 -0.1455
vn -0.9989 -0.0114 -0.0453
vn -0.9893 0.0105 -0.1455
vn -0.9621 0.1215 -0.2442
vn -0.9939 0.0387 -0.1031
vn -0.9621 0.1215 -0.2442
vn -0.9317 0.2099 -0.2964
vn -0.9768 0.1210 -0.1769
vn -0.9602 0.1926 -0.2021
vn -0.9317 0.2099 -0.2964
vn -0.8875 0.2847 -0.3624
vn -0.8875 0.2847 -0.3624
vn -0.8515 0.2803 -0.4431
vn -0.8040 0.3549 -0.4772
vn -0.7444 0.3325 -0.5791
vn -0.7123 0.4141 -0.5667
vn -0.8040 0.3549 -0.4772
vn 0.0000 0.0000 1.0000
vn 0.0000 0.0000 1.0000
vn 0.1700 -0.0005 0.9854
vn -0.9989 -0.0114 -0.0453
vn -0.9939 0.0387 -0.1031
vn -0.9998 0.0210 -0.0035
vn -0.9939 0.0387 -0.1031
vn -0.9768 0.1210 -0.1769
vn -0.9958 0.0379 -0.0837
vn -0.9768 0.1210 -0.1769
vn -0.9602 0.1926 -0.2021
vn -0.9877 0.1183 -0.1023
vn -0.9704 0.1933 -0.1445
vn -0.9602 0.1926 -0.2021
vn -0.9285 0.2470 -0.2774
vn -0.9285 0.2470 -0.2774
vn -0.8875 0.2847 -0.3624
vn -0.8760 0.3090 -0.3703
vn -0.8760 0.3090 -0.3703
vn -0.8040 0.3549 -0.4772
vn -0.7919 0.4172 -0.4459
vn 0.1700 -0.0005 0.9854
vn 0.8577 -0.0096 0.5140
vn 0.2837 0.0029 0.9589
vn -0.9998 0.0210 -0.0035
vn -0.9958 0.0379 -0.0837
vn -0.9994 0.0128 -0.0333
vn -0.9958 0.0379 -0.0837
vn -0.9877 0.1183 -0.1023
vn -0.9981 0.0251 -0.0561
vn -0.9940 0.1059 -0.0278
vn -0.9877 0.1183 -0.1023
vn -0.9831 0.1604 -0.0882
vn -0.9831 0.1604 -0.0882
vn -0.9704 0.1933 -0.1445
vn -0.9481 0.2239 -0.2260
vn -0.9285 0.2470 -0.2774
vn -0.8760 0.3090 -0.3703
vn -0.9481 0.2239 -0.2260
vn -0.8760 0.3090 -0.3703
vn -0.7919 0.4172 -0.4459
vn -0.8867 0.3394 -0.3141
vn -0.9994 0.0128 -0.0333
vn -0.9981 0.0251 -0.0561
vn -0.9965 0.0780 0.0295
vn -0.9981 0.0251 -0.0561
vn -0.9940 0.1059 -0.0278
vn -0.9990 0.0384 -0.0207
vn -0.9895 0.1390 0.0403
vn -0.9940 0.1059 -0.0278
vn -0.9875 0.1548 -0.0291
vn 0.0000 0.0000 1.0000
vn 0.0000 0.0000 1.0000
vn 0.2837 0.0029 0.9589
vn -0.9990 0.0384 -0.0207
vn -0.9895 0.1390 0.0403
vn -0.9709 0.2383 0.0219
vn 0.2837 0.0029 0.9589
vn 0.8266 0.0620 0.5593
vn 0.0940 -0.0170 0.9954
vn -0.9965 0.0780 0.0295
vn -0.9709 0.2383 0.0219
vn -0.8137 0.3257 0.4815
vn -0.9907 0.1316 -0.0347
vn -0.9709 0.2383 0.0219
vn -0.9918 0.1280 -0.0047
vn 0.0000 0.0000 1.0000
vn 0.0940 -0.0170 0.9954
vn 0.0000 0.0000 1.0000
vn 0.0940 -0.0170 0.9954
vn -0.8137 0.3257 0.4815
vn 0.0519 0.0103 0.9986
vn -0.9713 -0.2264 -0.0732
vn -0.9907 0.1316 -0.0347
vn -0.9927 -0.1095 -0.0513
vn -0.9406 0.2638 -0.2139
vn -0.9703 0.1976 -0.1394
vn -0.9481 0.2239 -0.2260
vn -0.9406 0.2638 -0.2139
vn -0.8867 0.3394 -0.3141
vn -0.9106 0.3351 -0.2419
vn -0.9831 0.1604 -0.0882
vn -0.9703 0.1976 -0.1394
vn -0.9875 0.1548 -0.0291
vn -0.9406 0.2638 -0.2139
vn -0.9106 0.3351 -0.2419
vn -0.9580 0.2480 -0.1436
vn -0.9840 0.1733 -0.0426
vn -0.9841 0.1476 0.0989
vn -0.9895 0.1390 0.0403
vn -0.9875 0.1548 -0.0291
vn -0.9822 0.1812 -0.0501
vn -0.9895 0.1390 0.0403
vn -0.9840 0.1733 -0.0426
vn -0.9822 0.1812 -0.0501
vn -0.9744 0.1969 -0.1084
vn -0.9703 0.1976 -0.1394
vn -0.9580 0.2480 -0.1436
vn -0.9744 0.1969 -0.1084
vn -0.9685 0.2419 -0.0589
vn -0.9580 0.2480 -0.1436
vn -0.9334 0.3322 -0.1359
vn -0.9915 0.1195 0.0515
vn -0.9841 0.1476 0.0989
vn -0.9840 0.1733 -0.0426
vn -0.9744 0.1969 -0.1084
vn -0.9685 0.2419 -0.0589
vn -0.9775 0.2016 -0.0613
vn -0.9927 -0.1095 -0.0513
vn -0.9918 0.1280 -0.0047
vn -0.9877 0.0641 0.1429
vn -0.9840 0.1733 -0.0426
vn -0.9775 0.2016 -0.0613
vn -0.9915 0.1195 0.0515
vn -0.9775 0.2016 -0.0613
vn -0.9685 0.2419 -0.0589
vn -0.9850 0.1720 -0.0135
vn -0.9685 0.2419 -0.0589
vn -0.9555 0.2951 -0.0062
vn -0.9765 0.2152 -0.0095
vn -0.7123 0.4141 -0.5667
vn -0.6062 0.4589 -0.6496
vn -0.6789 0.4865 -0.5499
vn -0.7123 0.4141 -0.5667
vn -0.6789 0.4865 -0.5499
vn -0.7919 0.4172 -0.4459
vn -0.6789 0.4865 -0.5499
vn -0.5372 0.5477 -0.6414
vn -0.6279 0.5653 -0.5349
vn -0.8418 0.4193 -0.3399
vn -0.7919 0.4172 -0.4459
vn -0.7490 0.4984 -0.4366
vn -0.6789 0.4865 -0.5499
vn -0.6279 0.5653 -0.5349
vn -0.7490 0.4984 -0.4366
vn -0.4564 0.6546 -0.6026
vn -0.7161 0.6431 0.2713
vn -0.4160 0.6385 -0.6475
vn -0.8102 0.4899 -0.3218
vn -0.7490 0.4984 -0.4366
vn -0.7118 0.5505 -0.4362
vn -0.7118 0.5505 -0.4362
vn -0.6728 0.6068 -0.4232
vn -0.7424 0.4738 0.4737
vn -0.9106 0.3351 -0.2419
vn -0.8418 0.4193 -0.3399
vn -0.8790 0.4184 -0.2288
vn -0.9106 0.3351 -0.2419
vn -0.8790 0.4184 -0.2288
vn -0.9334 0.3322 -0.1359
vn -0.8790 0.4184 -0.2288
vn -0.8102 0.4899 -0.3218
vn -0.8542 0.4748 -0.2118
vn -0.8542 0.4748 -0.2118
vn -0.8087 0.4589 0.3681
vn -0.7869 0.5756 -0.2227
vn -0.9555 0.2951 -0.0062
vn -0.9334 0.3322 -0.1359
vn -0.9082 0.4007 -0.1210
vn -0.8790 0.4184 -0.2288
vn -0.8542 0.4748 -0.2118
vn -0.9082 0.4007 -0.1210
vn -0.7859 0.3637 0.5001
vn -0.9287 0.3707 -0.0013
vn -0.8138 0.3382 0.4726
vn 0.0000 0.0000 1.0000
vn 0.0519 0.0103 0.9986
vn -0.0000 0.0000 1.0000
vn 0.9063 0.1452 0.3969
vn 0.9063 0.1452 0.3969
vn 0.9063 0.1452 0.3969
vn -0.9968 0.0724 -0.0342
vn -0.9713 -0.2264 -0.0732
vn -0.9927 -0.1095 -0.0513
vn 0.0519 0.0103 0.9986
vn 0.3004 -0.0150 0.9537
vn 0.0386 -0.0203 0.9990
vn 0.9143 -0.3651 -0.1755
vn 0.9143 -0.3651 -0.1755
vn 0.9143 -0.3651 -0.1755
vn -0.0000 0.0000 1.0000
vn 0.0386 -0.0203 0.9990
vn -0.0000 -0.0000 1.0000
vn 0.0386 -0.0203 0.9990
vn 0.2092 -0.0966 0.9731
vn -0.0000 -0.0000 1.0000
vn 0.9445 -0.1182 -0.3066
vn 0.9445 -0.1182 -0.3066
vn 0.9445 -0.1182 -0.3066
vn -0.0000 -0.0000 1.0000
vn -0.0000 -0.0000 1.0000
vn -0.0000 -0.0000 1.0000
vn -0.0000 -0.0000 1.0000
vn 0.3874 -0.0415 0.9210
vn -0.0000 -0.0000 1.0000
vn 0.6479 -0.1405 -0.7487
vn 0.6479 -0.1405 -0.7487
vn 0.6479 -0.1405 -0.7487
vn -0.0000 -0.0000 1.0000
vn -0.0000 -0.0000 1.0000
vn 0.0000 0.0000 1.0000
vn -0.0000 0.0000 1.0000
vn -0.0000 -0.0000 1.0000
vn 0.3108 -0.0091 0.9504
vn 0.0000 0.0000 1.0000
vn -0.0000 0.0000 1.0000
vn -0.0000 0.0000 1.0000
vn -0.0000 0.0000 1.0000
vn 0.3108 -0.0091 0.9504
vn -0.0000 0.0000 1.0000
vn -0.0000 -0.0000 1.0000
vn -0.0000 0.0000 1.0000
vn 0.1020 0.0390 0.9940
vn -0.0000 0.0000 1.0000
vn 0.4953 0.1317 0.8587
vn 0.1020 0.0390 0.9940
vn -0.0000 -0.0000 1.0000
vn 0.1020 0.0390 0.9940
vn 0.0000 0.0000 1.0000
vn 0.1859 0.0358 0.9819
vn 0.1020 0.0390 0.9940
vn 0.9700 0.0718 0.2325
vn -0.9544 -0.2980 -0.0187
vn -0.9686 -0.2244 -0.1070
vn -0.9433 -0.3268 -0.0588
vn -0.9686 -0.2244 -0.1070
vn -0.9764 -0.1795 -0.1204
vn -0.9631 -0.2518 -0.0949
vn -0.9764 -0.1795 -0.1204
vn -0.9822 -0.1698 -0.0802
vn -0.9434 -0.3091 -0.1203
vn -0.9239 -0.3677 -0.1061
vn -0.9822 -0.1698 -0.0802
vn -0.9517 -0.2956 -0.0832
vn -0.9517 -0.2956 -0.0832
vn -0.9828 -0.1772 -0.0516
vn -0.9466 -0.3203 -0.0379
vn -0.9877 0.0641 0.1429
vn -0.9859 0.1644 0.0326
vn -0.9927 -0.1095 -0.0513
vn -0.9915 0.1195 0.0515
vn -0.9850 0.1720 -0.0135
vn -0.9942 0.0565 0.0917
vn -0.9850 0.1720 -0.0135
vn -0.9765 0.2152 -0.0095
vn -0.9962 0.0705 0.0512
vn -0.9765 0.2152 -0.0095
vn -0.9555 0.2951 -0.0062
vn -0.9820 0.1749 0.0706
vn -0.9968 0.0724 -0.0342
vn -0.9859 0.1644 0.0326
vn -0.9795 0.1858 -0.0784
vn -0.9976 0.0477 -0.0508
vn -0.9859 0.1644 0.0326
vn -0.9922 0.0601 0.1096
vn -0.9877 0.0641 0.1429
vn -0.9942 0.0565 0.0917
vn -0.9922 0.0601 0.1096
vn -0.9942 0.0565 0.0917
vn -0.9962 0.0705 0.0512
vn -0.9975 0.0057 0.0706
vn -0.9962 0.0705 0.0512
vn -0.9820 0.1749 0.0706
vn -0.9969 -0.0137 0.0771
vn -0.9820 0.1749 0.0706
vn -0.9701 0.2235 0.0950
vn -0.9905 0.0206 0.1357
vn -0.9975 0.0057 0.0706
vn -0.9969 -0.0137 0.0771
vn -0.9992 -0.0395 -0.0032
vn -0.9969 -0.0137 0.0771
vn -0.9905 0.0206 0.1357
vn -0.9903 -0.0935 0.1027
vn -0.9905 0.0206 0.1357
vn -0.9791 0.0702 0.1911
vn -0.9783 -0.0959 0.1837
vn -0.9973 0.0331 -0.0658
vn -0.9834 0.0547 -0.1732
vn -0.9892 0.0356 -0.1425
vn -0.9795 0.1858 -0.0784
vn -0.9976 0.0477 -0.0508
vn -0.9892 0.0356 -0.1425
vn -0.9973 0.0331 -0.0658
vn -0.9976 0.0477 -0.0508
vn -0.9992 -0.0395 -0.0032
vn -0.9992 -0.0395 -0.0032
vn -0.9903 -0.0935 0.1027
vn -0.9948 -0.1015 -0.0081
vn -0.9879 -0.1365 0.0738
vn -0.9903 -0.0935 0.1027
vn -0.9738 -0.1682 0.1528
vn -0.9738 -0.1682 0.1528
vn -0.9783 -0.0959 0.1837
vn -0.9652 -0.2118 0.1538
vn 0.7125 0.0328 -0.7009
vn 0.7125 0.0328 -0.7009
vn 0.7125 0.0328 -0.7009
vn -0.9821 -0.0075 -0.1880
vn -0.9834 0.0547 -0.1732
vn -0.9954 0.0041 -0.0952
vn -0.9973 0.0331 -0.0658
vn -0.9992 -0.0395 -0.0032
vn -0.9954 0.0041 -0.0952
vn -0.9948 -0.1015 -0.0081
vn -0.9879 -0.1365 0.0738
vn -0.9790 -0.1860 0.0837
vn -0.9790 -0.1860 0.0837
vn -0.9738 -0.1682 0.1528
vn -0.9634 -0.2382 0.1226
vn 0.7395 -0.0542 -0.6710
vn 0.7395 -0.0542 -0.6710
vn 0.7395 -0.0542 -0.6710
vn -0.9902 -0.0518 -0.1296
vn -0.9954 0.0041 -0.0952
vn -0.9873 -0.0912 -0.1300
vn -0.9916 -0.1293 -0.0098
vn -0.9790 -0.1860 0.0837
vn -0.9715 -0.2297 0.0576
vn 0.8213 0.2895 -0.4916
vn 0.8213 0.2895 -0.4916
vn 0.8213 0.2895 -0.4916
vn -0.9821 -0.0075 -0.1880
vn -0.9902 -0.0518 -0.1296
vn -0.9771 -0.1439 -0.1565
vn -0.9544 -0.2980 -0.0187
vn -0.9771 -0.1439 -0.1565
vn -0.9686 -0.2244 -0.1070
vn -0.9764 -0.1795 -0.1204
vn -0.9686 -0.2244 -0.1070
vn -0.9896 -0.0998 -0.1032
vn -0.9822 -0.1698 -0.0802
vn -0.9764 -0.1795 -0.1204
vn -0.9896 -0.0998 -0.1032
vn -0.9896 -0.0998 -0.1032
vn -0.9946 -0.0726 -0.0742
vn -0.9902 -0.1227 -0.0665
vn -0.9822 -0.1698 -0.0802
vn -0.9896 -0.0998 -0.1032
vn -0.9902 -0.1227 -0.0665
vn -0.9902 -0.1227 -0.0665
vn -0.9916 -0.1293 -0.0098
vn -0.9828 -0.1772 -0.0516
vn -0.9828 -0.1772 -0.0516
vn -0.9916 -0.1293 -0.0098
vn -0.9762 -0.2146 0.0319
vn -0.9762 -0.2146 0.0319
vn -0.9599 -0.2801 0.0142
vn -0.9466 -0.3203 -0.0379
vn -0.9599 -0.2801 0.0142
vn -0.8799 -0.2589 0.3984
vn -0.9097 -0.4133 -0.0394
vn -0.9555 0.2951 -0.0062
vn -0.9287 0.3707 -0.0013
vn -0.9701 0.2235 0.0950
vn -0.9554 0.2693 0.1214
vn -0.9287 0.3707 -0.0013
vn -0.9212 0.3072 0.2388
vn -0.9701 0.2235 0.0950
vn -0.9554 0.2693 0.1214
vn -0.9791 0.0702 0.1911
vn -0.9554 0.2693 0.1214
vn -0.9212 0.3072 0.2388
vn -0.9844 0.1195 0.1293
vn -0.9783 -0.0959 0.1837
vn -0.9791 0.0702 0.1911
vn -0.9836 -0.0935 0.1544
vn -0.9836 -0.0935 0.1544
vn -0.9844 0.1195 0.1293
vn -0.7589 -0.0581 0.6487
vn -0.9652 -0.2118 0.1538
vn -0.9783 -0.0959 0.1837
vn -0.9579 -0.2485 0.1438
vn -0.9579 -0.2485 0.1438
vn -0.9836 -0.0935 0.1544
vn -0.9657 -0.2536 0.0551
vn -0.9634 -0.2382 0.1226
vn -0.9652 -0.2118 0.1538
vn -0.9568 -0.2782 0.0838
vn -0.9579 -0.2485 0.1438
vn -0.9657 -0.2536 0.0551
vn -0.9568 -0.2782 0.0838
vn -0.9657 -0.2536 0.0551
vn -0.9581 -0.2786 -0.0658
vn -0.6650 -0.2393 0.7074
vn -0.9634 -0.2382 0.1226
vn -0.9568 -0.2782 0.0838
vn -0.9715 -0.2297 0.0576
vn -0.9599 -0.2801 0.0142
vn -0.9715 -0.2297 0.0576
vn -0.8799 -0.2589 0.3984
vn 0.0655 0.1198 0.9906
vn 0.0000 0.0000 1.0000
vn 0.2924 0.2460 0.9241
vn 0.9444 0.3196 0.0767
vn 0.9444 0.3196 0.0767
vn 0.2924 0.2460 0.9241
vn 0.0655 0.1198 0.9906
vn 0.2924 0.2460 0.9241
vn 0.3665 0.8053 0.4659
vn -0.7318 -0.6702 -0.1236
vn -0.9433 -0.3268 -0.0588
vn -0.8404 -0.5308 -0.1095
vn -0.4686 -0.8795 -0.0836
vn -0.7318 -0.6702 -0.1236
vn -0.4924 -0.8595 -0.1370
vn -0.9631 -0.2518 -0.0949
vn -0.9434 -0.3091 -0.1203
vn -0.8404 -0.5308 -0.1095
vn -0.4924 -0.8595 -0.1370
vn -0.8404 -0.5308 -0.1095
vn -0.5887 -0.8048 -0.0757
vn -0.8419 -0.5143 -0.1631
vn -0.9434 -0.3091 -0.1203
vn -0.8597 -0.4997 -0.1059
vn -0.4519 -0.8748 -0.1747
vn -0.5887 -0.8048 -0.0757
vn -0.8597 -0.4997 -0.1059
vn -0.8597 -0.4997 -0.1059
vn -0.9239 -0.3677 -0.1061
vn -0.7520 -0.6323 -0.1863
vn -0.2481 -0.9154 -0.3170
vn -0.4519 -0.8748 -0.1747
vn -0.7520 -0.6323 -0.1863
vn -0.7520 -0.6323 -0.1863
vn -0.9517 -0.2956 -0.0832
vn -0.7510 -0.6547 -0.0856
vn -0.2481 -0.9154 -0.3170
vn -0.7520 -0.6323 -0.1863
vn -0.3408 -0.9205 -0.1913
vn -0.9517 -0.2956 -0.0832
vn -0.9466 -0.3203 -0.0379
vn -0.7510 -0.6547 -0.0856
vn -0.3408 -0.9205 -0.1913
vn -0.7510 -0.6547 -0.0856
vn -0.1315 -0.9750 -0.1791
vn -0.9466 -0.3203 -0.0379
vn -0.9097 -0.4133 -0.0394
vn -0.6833 -0.7298 -0.0223
vn -0.1315 -0.9750 -0.1791
vn -0.6833 -0.7298 -0.0223
vn -0.1032 -0.9835 -0.1488
vn -0.6239 -0.7556 -0.1994
vn -0.9097 -0.4133 -0.0394
vn -0.5875 -0.7793 -0.2180
vn -0.1216 -0.9770 -0.1750
vn -0.1032 -0.9835 -0.1488
vn -0.5875 -0.7793 -0.2180
vn -0.2188 -0.0988 0.9708
vn -0.0133 -0.0134 0.9998
vn -0.0000 -0.0000 1.0000
vn -0.0449 -0.0360 0.9983
vn 0.0000 0.0000 1.0000
vn 0.0000 0.0000 1.0000
vn -0.0133 -0.0134 0.9998
vn 0.0000 0.0000 1.0000
vn 0.0000 0.0000 1.0000
vn 0.0000 0.0000 1.0000
vn 0.0000 0.0000 1.0000
vn 0.0000 0.0000 1.0000
vn 0.0000 0.0000 1.0000
vn -0.0000 0.0000 1.0000
vn 0.0000 0.0000 1.0000
vn 0.0000 -0.0000 1.0000
vn -0.0000 -0.0000 1.0000
vn 0.0000 0.0000 1.0000
vn 0.0000 0.0000 1.0000
vn -0.0000 -0.0000 1.0000
vn -0.0000 0.0000 1.0000
vn 0.0000 0.0000 1.0000
vn -0.0000 0.0000 1.0000
vn 0.0000 0.0000 1.0000
vn 0.0000 0.0000 1.0000
vn 0.0000 0.0000 1.0000
vn -0.0000 -0.0000 1.0000
vn 0.0000 0.0000 1.0000
vn 0.0000 -0.0000 1.0000
vn -0.0000 0.0000 1.0000
vn 0.0000 0.0000 1.0000
vn 0.0000 -0.0000 1.0000
vn -0.0000 -0.0000 1.0000
vn 0.0000 0.0000 1.0000
vn -0.0000 -0.0000 1.0000
vn 0.0000 -0.0000 1.0000
vn 0.0000 -0.0000 1.0000
vn -0.0000 -0.0000 1.0000
vn 0.0000 -0.0000 1.0000
vn 0.0000 -0.0000 1.0000
vn -0.0000 -0.0000 1.0000
vn 0.0000 -0.0000 1.0000
vn -0.0000 -0.0000 1.0000
vn -0.0000 0.0000 1.0000
vn -0.0000 -0.0000 1.0000
vn 0.7458 0.6622 -0.0720
vn 0.9005 0.3504 0.2576
vn 0.9139 0.0924 -0.3954
vn -0.2188 -0.0988 0.9708
vn -0.3834 -0.1864 0.9046
vn -0.7491 -0.5501 0.3692
vn 0.9139 0.0924 -0.3954
vn 0.9005 0.3504 0.2576
vn 0.9997 0.0001 0.0249
vn 0.9595 0.0691 -0.2729
vn 0.9997 0.0001 0.0249
vn 0.9971 0.0764 0.0032
vn 0.9244 0.0403 -0.3794
vn 0.9971 0.0764 0.0032
vn 0.9988 0.0462 -0.0188
vn 0.9225 0.0116 -0.3858
vn 0.9988 0.0462 -0.0188
vn 0.9955 -0.0317 -0.0888
vn 0.8210 0.5584 -0.1191
vn 0.8096 0.5536 0.1949
vn 0.8488 0.3153 -0.4243
vn 0.5545 -0.7641 0.3297
vn 0.5545 -0.7641 0.3297
vn 0.5545 -0.7641 0.3297
vn 0.7458 0.6622 -0.0720
vn 0.4308 0.4587 -0.7772
vn 0.6932 0.5090 -0.5103
vn -0.0449 -0.0360 0.9983
vn -0.0133 -0.0134 0.9998
vn 0.4441 0.3963 0.8036
vn -0.2188 -0.0988 0.9708
vn -0.2508 -0.1533 0.9558
vn 0.4441 0.3963 0.8036
vn 0.7458 0.6622 -0.0720
vn 0.7212 0.4004 0.5652
vn 0.4441 0.3963 0.8036
vn 0.4308 0.4587 -0.7772
vn 0.9139 0.0924 -0.3954
vn 0.4113 0.2698 -0.8707
vn -0.3834 -0.1864 0.9046
vn -0.0000 -0.0000 1.0000
vn -0.1866 -0.0106 0.9824
vn 0.9139 0.0924 -0.3954
vn 0.9595 0.0691 -0.2729
vn 0.4695 0.1221 -0.8745
vn 0.3958 0.1901 -0.8984
vn 0.4113 0.2698 -0.8707
vn 0.4695 0.1221 -0.8745
vn -0.1866 -0.0106 0.9824
vn -0.0000 -0.0000 1.0000
vn 0.0000 0.0000 1.0000
vn -0.1866 -0.0106 0.9824
vn -0.1944 -0.0101 0.9809
vn -0.6333 -0.0247 0.7735
vn 0.4695 0.1221 -0.8745
vn 0.9595 0.0691 -0.2729
vn 0.9244 0.0403 -0.3794
vn 0.4436 0.1463 -0.8842
vn 0.4695 0.1221 -0.8745
vn 0.5165 0.1124 -0.8489
vn 0.0000 0.0000 1.0000
vn 0.0000 0.0000 1.0000
vn -0.1662 0.0015 0.9861
vn -0.6314 -0.0403 0.7744
vn -0.1944 -0.0101 0.9809
vn -0.1662 0.0015 0.9861
vn 0.5165 0.1124 -0.8489
vn 0.9244 0.0403 -0.3794
vn 0.9225 0.0116 -0.3858
vn 0.5165 0.1124 -0.8489
vn 0.5292 0.1117 -0.8411
vn 0.5259 0.1322 -0.8402
vn 0.0000 0.0000 1.0000
vn 0.0000 0.0000 1.0000
vn -0.1662 0.0059 0.9861
vn -0.4674 0.0658 0.8816
vn -0.1662 0.0015 0.9861
vn -0.1662 0.0059 0.9861
vn 0.9225 0.0116 -0.3858
vn 0.9420 -0.0313 -0.3341
vn 0.6886 -0.0290 -0.7246
vn 0.5292 0.1117 -0.8411
vn 0.6886 -0.0290 -0.7246
vn 0.5966 0.0196 -0.8023
vn 0.6998 0.6294 -0.3377
vn 0.6644 0.7171 0.2105
vn 0.9715 0.1582 0.1766
vn 0.6737 -0.6108 0.4160
vn 0.9715 0.1582 0.1766
vn 0.3774 0.2615 0.8884
vn 0.8210 0.5584 -0.1191
vn 0.8488 0.3153 -0.4243
vn 0.3337 0.3592 -0.8716
vn -0.0449 -0.0360 0.9983
vn 0.7212 0.4004 0.5652
vn -0.0664 -0.0559 0.9962
vn -0.1887 -0.0424 0.9811
vn 0.3774 0.2615 0.8884
vn -0.0664 -0.0559 0.9962
vn 0.8488 0.3153 -0.4243
vn 0.6932 0.5090 -0.5103
vn 0.4106 0.2555 -0.8753
vn 0.3574 0.2362 -0.9036
vn 0.3337 0.3592 -0.8716
vn 0.4106 0.2555 -0.8753
vn 0.6932 0.5090 -0.5103
vn 0.4113 0.2698 -0.8707
vn 0.4091 0.1922 -0.8920
vn 0.3013 0.1998 -0.9324
vn 0.4106 0.2555 -0.8753
vn 0.4091 0.1922 -0.8920
vn 0.4091 0.1922 -0.8920
vn 0.4113 0.2698 -0.8707
vn 0.3958 0.1901 -0.8984
vn 0.3958 0.1901 -0.8984
vn 0.4436 0.1463 -0.8842
vn 0.3708 0.2082 -0.9051
vn 0.3659 0.2344 -0.9006
vn 0.3336 0.2371 -0.9124
vn 0.3708 0.2082 -0.9051
vn 0.4436 0.1463 -0.8842
vn 0.4789 0.1693 -0.8614
vn 0.4268 0.1850 -0.8852
vn 0.4015 0.2410 -0.8836
vn 0.3708 0.2082 -0.9051
vn 0.4268 0.1850 -0.8852
vn 0.4789 0.1693 -0.8614
vn 0.5259 0.1322 -0.8402
vn 0.5191 0.2282 -0.8237
vn 0.5191 0.2282 -0.8237
vn 0.5925 0.1381 -0.7936
vn 0.5589 0.1852 -0.8083
vn 0.7332 0.6169 -0.2862
vn 0.7527 0.6340 0.1776
vn 0.5872 0.8079 0.0506
vn 0.5872 0.8079 0.0506
vn 0.6644 0.7171 0.2105
vn 0.6998 0.6294 -0.3377
vn 0.3712 0.8886 -0.2694
vn 0.2563 0.9583 0.1265
vn 0.7192 0.6924 0.0574
vn 0.7192 0.6924 0.0574
vn 0.7527 0.6340 0.1776
vn 0.7332 0.6169 -0.2862
vn -0.0631 -0.2061 0.9765
vn -0.0631 -0.2061 0.9765
vn -0.0869 -0.0807 0.9929
vn 0.7332 0.6169 -0.2862
vn 0.5277 0.6743 -0.5165
vn 0.3796 0.2903 -0.8784
vn 0.2223 0.1437 -0.9643
vn 0.6596 0.5821 -0.4755
vn 0.3796 0.2903 -0.8784
vn 0.3796 0.2903 -0.8784
vn 0.5277 0.6743 -0.5165
vn 0.1900 0.2603 -0.9466
vn 0.0351 0.9877 0.1523
vn 0.2563 0.9583 0.1265
vn 0.3712 0.8886 -0.2694
vn -0.0430 -0.4822 0.8750
vn -0.0430 -0.4822 0.8750
vn -0.0671 -0.1405 0.9878
vn 0.3712 0.8886 -0.2694
vn 0.6596 0.5821 -0.4755
vn 0.1670 0.5762 -0.8001
vn 0.3058 0.3224 -0.8958
vn 0.2091 0.9407 -0.2670
vn 0.1670 0.5762 -0.8001
vn 0.1670 0.5762 -0.8001
vn 0.6596 0.5821 -0.4755
vn 0.2223 0.1437 -0.9643
vn -0.0671 -0.1405 0.9878
vn 0.0000 0.0000 1.0000
vn -0.0869 -0.0807 0.9929
vn 0.2223 0.1437 -0.9643
vn 0.2386 0.2092 -0.9483
vn 0.2350 0.1828 -0.9547
vn 0.3386 0.8189 0.4635
vn 0.0351 0.9877 0.1523
vn 0.2091 0.9407 -0.2670
vn 0.4500 0.8643 -0.2249
vn 0.2091 0.9407 -0.2670
vn 0.3058 0.3224 -0.8958
vn -0.1042 -0.2332 0.9668
vn -0.1042 -0.2332 0.9668
vn -0.0004 -0.0840 0.9965
vn -0.0004 -0.0840 0.9965
vn 0.0000 0.0000 1.0000
vn 0.0000 0.0000 1.0000
vn 0.3058 0.3224 -0.8958
vn 0.2350 0.1828 -0.9547
vn 0.2985 0.2025 -0.9327
vn 0.2436 0.2020 -0.9486
vn 0.3159 0.1103 -0.9423
vn 0.2985 0.2025 -0.9327
vn 0.2985 0.2025 -0.9327
vn 0.2350 0.1828 -0.9547
vn 0.3125 0.1899 -0.9308
vn 0.0835 0.9540 0.2879
vn 0.3386 0.8189 0.4635
vn 0.4500 0.8643 -0.2249
vn 0.4500 0.8643 -0.2249
vn 0.4684 0.2052 -0.8593
vn 0.1589 0.5112 -0.8447
vn 0.3386 0.8189 0.4635
vn -0.0162 -0.1776 0.9840
vn -0.0028 -0.0865 0.9963
vn 0.4684 0.2052 -0.8593
vn 0.3159 0.1103 -0.9423
vn 0.0175 0.0825 -0.9964
vn 0.0175 0.0825 -0.9964
vn 0.3159 0.1103 -0.9423
vn 0.2436 0.2020 -0.9486
vn -0.0028 -0.0865 0.9963
vn 0.0000 0.0000 1.0000
vn 0.0000 0.0000 1.0000
vn 0.2436 0.2020 -0.9486
vn 0.2657 0.2141 -0.9400
vn 0.0960 0.2784 -0.9556
vn 0.0835 0.9540 0.2879
vn -0.0071 0.9497 -0.3132
vn -0.5190 0.8318 -0.1967
vn -0.0071 0.9497 -0.3132
vn 0.1589 0.5112 -0.8447
vn -0.4110 0.3644 -0.8357
vn -0.0655 -0.3227 0.9442
vn 0.0868 -0.1081 0.9903
vn -0.0028 -0.0865 0.9963
vn -0.4110 0.3644 -0.8357
vn -0.3719 0.2007 -0.9063
vn -0.6060 0.3795 -0.6991
vn -0.4110 0.3644 -0.8357
vn 0.1589 0.5112 -0.8447
vn 0.0175 0.0825 -0.9964
vn 0.0175 0.0825 -0.9964
vn 0.0960 0.2784 -0.9556
vn -0.2113 0.3726 -0.9036
vn -0.0028 -0.0865 0.9963
vn 0.0868 -0.1081 0.9903
vn 0.0723 -0.0304 0.9969
vn -0.2113 0.3726 -0.9036
vn -0.1361 0.4420 -0.8866
vn -0.3114 0.4580 -0.8326
vn -0.4515 0.7356 0.5051
vn -0.5190 0.8318 -0.1967
vn -0.7196 0.6719 -0.1754
vn 0.3529 -0.3334 0.8743
vn 0.3529 -0.3334 0.8743
vn 0.0868 -0.1081 0.9903
vn -0.7196 0.6719 -0.1754
vn -0.8648 0.4136 -0.2846
vn -0.8012 0.4878 0.3466
vn -0.7196 0.6719 -0.1754
vn -0.5190 0.8318 -0.1967
vn -0.6060 0.3795 -0.6991
vn -0.6060 0.3795 -0.6991
vn -0.3719 0.2007 -0.9063
vn -0.4425 0.3528 -0.8244
vn 0.1664 -0.0683 0.9837
vn 0.1664 -0.0683 0.9837
vn 0.0723 -0.0304 0.9969
vn -0.8648 0.4136 -0.2846
vn -0.8687 0.3208 -0.3775
vn -0.9177 0.2961 0.2649
vn -0.4425 0.3528 -0.8244
vn -0.5479 0.4068 -0.7310
vn -0.8687 0.3208 -0.3775
vn -0.4425 0.3528 -0.8244
vn -0.3719 0.2007 -0.9063
vn -0.3114 0.4580 -0.8326
vn -0.9177 0.2961 0.2649
vn -0.8687 0.3208 -0.3775
vn -0.9643 0.2173 -0.1514
vn -0.1803 -0.2513 0.9510
vn -0.1803 -0.2513 0.9510
vn -0.1016 -0.0931 0.9905
vn 0.6998 0.6294 -0.3377
vn 0.6894 0.4145 -0.5941
vn 0.4438 0.1881 -0.8762
vn 0.1900 0.2603 -0.9466
vn 0.5277 0.6743 -0.5165
vn 0.4438 0.1881 -0.8762
vn -0.1016 -0.0931 0.9905
vn -0.0036 -0.0011 1.0000
vn 0.3774 0.2615 0.8884
vn 0.6894 0.4145 -0.5941
vn 0.3337 0.3592 -0.8716
vn 0.4855 0.2303 -0.8433
vn 0.2730 0.2634 -0.9253
vn 0.4438 0.1881 -0.8762
vn 0.4855 0.2303 -0.8433
vn 0.4855 0.2303 -0.8433
vn 0.3337 0.3592 -0.8716
vn 0.3574 0.2362 -0.9036
vn 0.0000 -0.0000 1.0000
vn 0.0000 0.0000 1.0000
vn -0.0664 -0.0559 0.9962
vn -0.0036 -0.0011 1.0000
vn 0.0000 0.0000 1.0000
vn -0.0664 -0.0559 0.9962
vn 0.3574 0.2362 -0.9036
vn 0.3013 0.1998 -0.9324
vn 0.3851 0.1849 -0.9041
vn 0.2408 0.2289 -0.9432
vn 0.3197 0.2103 -0.9239
vn 0.3851 0.1849 -0.9041
vn 0.0000 -0.0000 1.0000
vn 0.0000 0.0000 1.0000
vn -0.0000 -0.0000 1.0000
vn 0.3013 0.1998 -0.9324
vn 0.3336 0.2371 -0.9124
vn 0.3659 0.2344 -0.9006
vn 0.3511 0.2454 -0.9036
vn 0.3851 0.1849 -0.9041
vn 0.3659 0.2344 -0.9006
vn 0.3659 0.2344 -0.9006
vn 0.4015 0.2410 -0.8836
vn 0.4062 0.2651 -0.8745
vn 0.4015 0.2410 -0.8836
vn 0.4646 0.2555 -0.8478
vn 0.4434 0.2858 -0.8495
vn 0.4127 0.3160 -0.8543
vn 0.4062 0.2651 -0.8745
vn 0.4434 0.2858 -0.8495
vn 0.4646 0.2555 -0.8478
vn 0.5191 0.2282 -0.8237
vn 0.4565 0.2907 -0.8409
vn 0.5191 0.2282 -0.8237
vn 0.5589 0.1852 -0.8083
vn 0.4903 0.2469 -0.8358
vn -0.0869 -0.0807 0.9929
vn -0.0000 -0.0000 1.0000
vn -0.1016 -0.0931 0.9905
vn 0.1900 0.2603 -0.9466
vn 0.2730 0.2634 -0.9253
vn 0.1858 0.2638 -0.9465
vn -0.0000 -0.0000 1.0000
vn 0.0000 0.0000 1.0000
vn -0.0036 -0.0011 1.0000
vn 0.2730 0.2634 -0.9253
vn 0.3197 0.2103 -0.9239
vn 0.1858 0.2638 -0.9465
vn 0.1858 0.2638 -0.9465
vn 0.3197 0.2103 -0.9239
vn 0.2408 0.2289 -0.9432
vn -0.0036 -0.0011 1.0000
vn 0.0000 0.0000 1.0000
vn -0.0000 -0.0000 1.0000
vn 0.2408 0.2289 -0.9432
vn 0.3511 0.2454 -0.9036
vn 0.2345 0.2845 -0.9296
vn -0.0000 -0.0000 1.0000
vn 0.0000 0.0000 1.0000
vn -0.0000 -0.0000 1.0000
vn 0.3511 0.2454 -0.9036
vn 0.4062 0.2651 -0.8745
vn 0.3361 0.2941 -0.8947
vn 0.2475 0.3284 -0.9115
vn 0.2345 0.2845 -0.9296
vn 0.3361 0.2941 -0.8947
vn 0.3361 0.2941 -0.8947
vn 0.4062 0.2651 -0.8745
vn 0.4127 0.3160 -0.8543
vn 0.3977 0.3284 -0.8567
vn 0.4127 0.3160 -0.8543
vn 0.4565 0.2907 -0.8409
vn 0.4565 0.2907 -0.8409
vn 0.4903 0.2469 -0.8358
vn 0.4320 0.2951 -0.8523
vn 0.0000 0.0000 1.0000
vn 0.0000 0.0000 1.0000
vn -0.0000 -0.0000 1.0000
vn 0.2386 0.2092 -0.9483
vn 0.1858 0.2638 -0.9465
vn 0.2462 0.2454 -0.9376
vn 0.3125 0.1899 -0.9308
vn 0.2350 0.1828 -0.9547
vn 0.2462 0.2454 -0.9376
vn 0.2462 0.2454 -0.9376
vn 0.1858 0.2638 -0.9465
vn 0.2290 0.2903 -0.9291
vn 0.0000 0.0000 1.0000
vn 0.0000 0.0000 1.0000
vn 0.0000 0.0000 1.0000
vn 0.0000 0.0000 1.0000
vn 0.0000 0.0000 1.0000
vn 0.0000 0.0000 1.0000
vn 0.2290 0.2903 -0.9291
vn 0.2345 0.2845 -0.9296
vn 0.2475 0.3284 -0.9115
vn 0.0000 0.0000 1.0000
vn -0.0000 0.0000 1.0000
vn 0.0000 0.0000 1.0000
vn 0.0000 0.0000 1.0000
vn -0.0000 0.0000 1.0000
vn -0.0000 0.0000 1.0000
vn 0.2475 0.3284 -0.9115
vn 0.3467 0.3590 -0.8665
vn 0.2829 0.3905 -0.8761
vn 0.3186 0.4177 -0.8509
vn 0.2838 0.3290 -0.9007
vn 0.2829 0.3905 -0.8761
vn 0.3467 0.3590 -0.8665
vn 0.3977 0.3284 -0.8567
vn 0.3282 0.4198 -0.8462
vn 0.3334 0.3619 -0.8706
vn 0.3282 0.4198 -0.8462
vn 0.3977 0.3284 -0.8567
vn 0.3977 0.3284 -0.8567
vn 0.4565 0.2907 -0.8409
vn 0.4320 0.2951 -0.8523
vn 0.0000 0.0000 1.0000
vn 0.0000 0.0000 1.0000
vn 0.0000 0.0000 1.0000
vn 0.3125 0.1899 -0.9308
vn 0.2462 0.2454 -0.9376
vn 0.3043 0.2391 -0.9221
vn 0.0000 0.0000 1.0000
vn 0.0000 0.0000 1.0000
vn 0.0000 0.0000 1.0000
vn 0.2462 0.2454 -0.9376
vn 0.2290 0.2903 -0.9291
vn 0.3341 0.2900 -0.8968
vn 0.3773 0.2914 -0.8791
vn 0.3043 0.2391 -0.9221
vn 0.3341 0.2900 -0.8968
vn 0.0000 0.0000 1.0000
vn 0.0000 0.0000 1.0000
vn 0.0000 -0.0000 1.0000
vn 0.3341 0.2900 -0.8968
vn 0.2838 0.3290 -0.9007
vn 0.3704 0.2905 -0.8823
vn 0.0000 0.0000 1.0000
vn 0.0000 -0.0000 1.0000
vn 0.0000 0.0000 1.0000
vn 0.3436 0.3529 -0.8703
vn 0.2838 0.3290 -0.9007
vn 0.3186 0.4177 -0.8509
vn 0.0000 0.0000 1.0000
vn -0.0000 0.0000 1.0000
vn -0.0000 0.0000 1.0000
vn 0.2958 0.4149 -0.8604
vn 0.3282 0.4198 -0.8462
vn 0.3334 0.3619 -0.8706
vn 0.2899 0.3519 -0.8900
vn 0.3334 0.3619 -0.8706
vn 0.3491 0.3389 -0.8737
vn 0.3491 0.3389 -0.8737
vn 0.4320 0.2951 -0.8523
vn 0.3711 0.3643 -0.8542
vn 0.0000 0.0000 1.0000
vn 0.0000 0.0000 1.0000
vn 0.0000 0.0000 1.0000
vn 0.2657 0.2141 -0.9400
vn 0.3043 0.2391 -0.9221
vn 0.2546 0.3304 -0.9089
vn 0.2546 0.3304 -0.9089
vn 0.3043 0.2391 -0.9221
vn 0.3773 0.2914 -0.8791
vn 0.0000 0.0000 1.0000
vn 0.0000 0.0000 1.0000
vn -0.0000 0.0000 1.0000
vn 0.3773 0.2914 -0.8791
vn 0.3341 0.2900 -0.8968
vn 0.3308 0.3204 -0.8876
vn 0.0000 0.0000 1.0000
vn -0.0000 0.0000 1.0000
vn 0.0000 -0.0000 1.0000
vn 0.3341 0.2900 -0.8968
vn 0.3704 0.2905 -0.8823
vn 0.3682 0.2965 -0.8812
vn 0.0000 -0.0000 1.0000
vn 0.0000 -0.0000 1.0000
vn 0.0000 -0.0000 1.0000
vn 0.3704 0.2905 -0.8823
vn 0.3383 0.3913 -0.8558
vn 0.3217 0.2991 -0.8984
vn 0.0000 -0.0000 1.0000
vn 0.0000 0.0000 1.0000
vn -0.0000 0.0000 1.0000
vn 0.2256 0.3979 -0.8893
vn 0.3217 0.2991 -0.8984
vn 0.3383 0.3913 -0.8558
vn 0.3383 0.3913 -0.8558
vn 0.3186 0.4177 -0.8509
vn 0.2958 0.4149 -0.8604
vn -0.0000 0.0000 1.0000
vn -0.0000 -0.0000 1.0000
vn -0.0000 0.0000 1.0000
vn 0.2191 0.3782 -0.8994
vn 0.2958 0.4149 -0.8604
vn 0.2899 0.3519 -0.8900
vn 0.2899 0.3519 -0.8900
vn 0.3491 0.3389 -0.8737
vn 0.2728 0.3679 -0.8889
vn 0.0000 0.0000 1.0000
vn 0.0723 -0.0304 0.9969
vn 0.0000 0.0000 1.0000
vn 0.0960 0.2784 -0.9556
vn 0.2546 0.3304 -0.9089
vn -0.1211 0.4946 -0.8607
vn -0.1211 0.4946 -0.8607
vn 0.2546 0.3304 -0.9089
vn 0.2573 0.3879 -0.8851
vn 0.0000 0.0000 1.0000
vn 0.0000 0.0000 1.0000
vn -0.0000 0.0000 1.0000
vn 0.1601 0.3740 -0.9135
vn 0.2573 0.3879 -0.8851
vn 0.3308 0.3204 -0.8876
vn 0.1422 0.3992 -0.9057
vn 0.3308 0.3204 -0.8876
vn 0.3682 0.2965 -0.8812
vn -0.0000 0.0000 1.0000
vn -0.0000 0.0000 1.0000
vn 0.0000 -0.0000 1.0000
vn 0.3682 0.2965 -0.8812
vn 0.3217 0.2991 -0.8984
vn 0.1936 0.2655 -0.9445
vn 0.0000 -0.0000 1.0000
vn 0.0000 -0.0000 1.0000
vn 0.0000 -0.0000 1.0000
vn 0.1510 0.3115 -0.9382
vn 0.3217 0.2991 -0.8984
vn 0.2256 0.3979 -0.8893
vn 0.0000 0.0000 1.0000
vn 0.0000 -0.0000 1.0000
vn 0.0000 0.0000 1.0000
vn 0.2256 0.3979 -0.8893
vn 0.2958 0.4149 -0.8604
vn 0.0589 0.4202 -0.9055
vn 0.0589 0.4202 -0.9055
vn 0.2958 0.4149 -0.8604
vn 0.2191 0.3782 -0.8994
vn 0.2191 0.3782 -0.8994
vn 0.2728 0.3679 -0.8889
vn 0.0965 0.3720 -0.9232
vn 0.0000 0.0000 1.0000
vn 0.0000 -0.0000 1.0000
vn 0.0000 0.0000 1.0000
vn 0.0723 -0.0304 0.9969
vn 0.1613 -0.1462 0.9760
vn 0.1209 -0.0414 0.9918
vn -0.5479 0.4068 -0.7310
vn -0.6118 0.3645 -0.7020
vn -0.8335 0.2782 -0.4773
vn -0.3114 0.4580 -0.8326
vn -0.4502 0.4417 -0.7760
vn -0.6118 0.3645 -0.7020
vn -0.3114 0.4580 -0.8326
vn -0.1361 0.4420 -0.8866
vn -0.1211 0.4946 -0.8607
vn -0.1211 0.4946 -0.8607
vn 0.1601 0.3740 -0.9135
vn -0.3918 0.4727 -0.7894
vn 0.0000 0.0000 1.0000
vn 0.1209 -0.0414 0.9918
vn 0.0465 0.0089 0.9989
vn -0.4502 0.4417 -0.7760
vn -0.5694 0.4035 -0.7162
vn -0.6432 0.3638 -0.6737
vn -0.3918 0.4727 -0.7894
vn -0.4395 0.3938 -0.8073
vn -0.5694 0.4035 -0.7162
vn -0.3918 0.4727 -0.7894
vn 0.1601 0.3740 -0.9135
vn 0.1422 0.3992 -0.9057
vn -0.0000 0.0000 1.0000
vn 0.0465 0.0089 0.9989
vn 0.0669 -0.0093 0.9977
vn -0.4395 0.3938 -0.8073
vn -0.4821 0.4043 -0.7773
vn -0.5694 0.4035 -0.7162
vn -0.4395 0.3938 -0.8073
vn 0.1422 0.3992 -0.9057
vn -0.2600 0.3919 -0.8825
vn -0.2600 0.3919 -0.8825
vn 0.1936 0.2655 -0.9445
vn -0.1658 0.3189 -0.9332
vn 0.0000 -0.0000 1.0000
vn 0.0669 -0.0093 0.9977
vn 0.0546 -0.0071 0.9985
vn -0.1658 0.3189 -0.9332
vn 0.1936 0.2655 -0.9445
vn 0.1510 0.3115 -0.9382
vn 0.1510 0.3115 -0.9382
vn 0.0539 0.3764 -0.9249
vn -0.0498 0.3393 -0.9394
vn 0.0000 -0.0000 1.0000
vn 0.0546 -0.0071 0.9985
vn 0.0436 -0.0253 0.9987
vn -0.0498 0.3393 -0.9394
vn -0.1490 0.3426 -0.9276
vn -0.2954 0.2973 -0.9080
vn 0.0000 0.0000 1.0000
vn 0.0436 -0.0253 0.9987
vn 0.0000 0.0000 1.0000
vn -0.1490 0.3426 -0.9276
vn -0.2861 0.3645 -0.8862
vn -0.4762 0.2660 -0.8381
vn -0.1490 0.3426 -0.9276
vn 0.0539 0.3764 -0.9249
vn 0.0589 0.4202 -0.9055
vn 0.0589 0.4202 -0.9055
vn 0.2191 0.3782 -0.8994
vn -0.1881 0.4222 -0.8868
vn 0.0000 0.0000 1.0000
vn 0.0000 -0.0000 1.0000
vn 0.0000 -0.0000 1.0000
vn -0.1881 0.4222 -0.8868
vn -0.2750 0.4033 -0.8727
vn -0.4400 0.3675 -0.8193
vn -0.1881 0.4222 -0.8868
vn 0.2191 0.3782 -0.8994
vn 0.0965 0.3720 -0.9232
vn 0.0000 -0.0000 1.0000
vn 0.0000 0.0000 1.0000
vn 0.0000 0.0000 1.0000
vn 0.0965 0.3720 -0.9232
vn 0.1835 0.4223 -0.8877
vn -0.2008 0.4526 -0.8688
vn 0.3723 0.0532 0.9266
vn 0.3723 0.0532 0.9266
vn 0.1209 -0.0414 0.9918
vn -0.9643 0.2173 -0.1514
vn -0.9662 0.1629 -0.2001
vn -0.9962 0.0669 0.0562
vn -0.9643 0.2173 -0.1514
vn -0.8687 0.3208 -0.3775
vn -0.8335 0.2782 -0.4773
vn -0.8335 0.2782 -0.4773
vn -0.6118 0.3645 -0.7020
vn -0.8623 0.2871 -0.4172
vn 0.1209 -0.0414 0.9918
vn 0.4090 -0.0408 0.9116
vn 0.4090 -0.0408 0.9116
vn -0.9962 0.0669 0.0562
vn -0.9662 0.1629 -0.2001
vn -0.9692 0.2107 -0.1278
vn -0.8623 0.2871 -0.4172
vn -0.6118 0.3645 -0.7020
vn -0.6432 0.3638 -0.6737
vn -0.6432 0.3638 -0.6737
vn -0.5694 0.4035 -0.7162
vn -0.7548 0.3488 -0.5556
vn 0.1589 -0.0249 0.9870
vn -0.7361 0.3203 0.5963
vn 0.0669 -0.0093 0.9977
vn -0.8878 0.1629 0.4305
vn -0.9692 0.2107 -0.1278
vn -0.9362 0.3448 -0.0675
vn -0.9692 0.2107 -0.1278
vn -0.8623 0.2871 -0.4172
vn -0.8601 0.3422 -0.3783
vn -0.7548 0.3488 -0.5556
vn -0.6879 0.3856 -0.6150
vn -0.8601 0.3422 -0.3783
vn -0.5694 0.4035 -0.7162
vn -0.4821 0.4043 -0.7773
vn -0.6045 0.3793 -0.7005
vn -0.7361 0.3203 0.5963
vn -0.8216 0.2969 0.4866
vn 0.0546 -0.0071 0.9985
vn -0.9362 0.3448 -0.0675
vn -0.9607 0.2630 -0.0884
vn -0.8216 0.2969 0.4866
vn -0.9362 0.3448 -0.0675
vn -0.8601 0.3422 -0.3783
vn -0.9081 0.2957 -0.2964
vn -0.8601 0.3422 -0.3783
vn -0.6879 0.3856 -0.6150
vn -0.7800 0.3186 -0.5386
vn -0.6045 0.3793 -0.7005
vn -0.6437 0.2730 -0.7150
vn -0.7800 0.3186 -0.5386
vn -0.6045 0.3793 -0.7005
vn -0.4821 0.4043 -0.7773
vn -0.5479 0.3467 -0.7613
vn -0.5479 0.3467 -0.7613
vn -0.1658 0.3189 -0.9332
vn -0.6351 0.2640 -0.7260
vn -0.8216 0.2969 0.4866
vn -0.6649 0.1675 0.7279
vn 0.0436 -0.0253 0.9987
vn -0.9081 0.2957 -0.2964
vn -0.9297 0.2166 -0.2978
vn -0.9607 0.2630 -0.0884
vn -0.7800 0.3186 -0.5386
vn -0.8377 0.1236 -0.5319
vn -0.9297 0.2166 -0.2978
vn -0.7800 0.3186 -0.5386
vn -0.6437 0.2730 -0.7150
vn -0.7043 0.1977 -0.6818
vn -0.6351 0.2640 -0.7260
vn -0.1658 0.3189 -0.9332
vn -0.2954 0.2973 -0.9080
vn 0.0436 -0.0253 0.9987
vn -0.6649 0.1675 0.7279
vn 0.1121 -0.0272 0.9933
vn -0.7043 0.1977 -0.6818
vn -0.7820 0.2389 -0.5756
vn -0.8042 0.1088 -0.5843
vn -0.7043 0.1977 -0.6818
vn -0.6351 0.2640 -0.7260
vn -0.6870 0.2590 -0.6789
vn -0.6351 0.2640 -0.7260
vn -0.2954 0.2973 -0.9080
vn -0.4762 0.2660 -0.8381
vn -0.4762 0.2660 -0.8381
vn -0.2861 0.3645 -0.8862
vn -0.5394 0.3130 -0.7817
vn 0.0000 0.0000 1.0000
vn 0.1121 -0.0272 0.9933
vn 0.0397 -0.0119 0.9991
vn -0.6870 0.2590 -0.6789
vn -0.6964 0.3023 -0.6509
vn -0.7820 0.2389 -0.5756
vn -0.5394 0.3130 -0.7817
vn -0.5892 0.3564 -0.7251
vn -0.6964 0.3023 -0.6509
vn -0.5394 0.3130 -0.7817
vn -0.2861 0.3645 -0.8862
vn -0.4400 0.3675 -0.8193
vn -0.4400 0.3675 -0.8193
vn -0.2750 0.4033 -0.8727
vn -0.4602 0.4000 -0.7926
vn 0.0000 -0.0000 1.0000
vn 0.0397 -0.0119 0.9991
vn 0.0000 0.0000 1.0000
vn -0.4602 0.4000 -0.7926
vn -0.5132 0.4418 -0.7358
vn -0.5892 0.3564 -0.7251
vn -0.4602 0.4000 -0.7926
vn -0.2750 0.4033 -0.8727
vn -0.2008 0.4526 -0.8688
vn 0.1835 0.4223 -0.8877
vn 0.2728 0.3679 -0.8889
vn 0.3079 0.4043 -0.8612
vn -0.2008 0.4526 -0.8688
vn 0.0111 0.4705 -0.8823
vn -0.3833 0.4922 -0.7815
vn -0.9845 0.1706 0.0408
vn -0.6649 0.1675 0.7279
vn -0.9607 0.2630 -0.0884
vn -0.9802 0.1371 -0.1427
vn -0.9607 0.2630 -0.0884
vn -0.9297 0.2166 -0.2978
vn -0.9297 0.2166 -0.2978
vn -0.8377 0.1236 -0.5319
vn -0.9071 0.0950 -0.4101
vn 0.4441 -0.0468 0.8947
vn 0.4441 -0.0468 0.8947
vn 0.1121 -0.0272 0.9933
vn -0.9845 0.1706 0.0408
vn -0.9802 0.1371 -0.1427
vn -0.9922 0.0802 -0.0958
vn -0.9071 0.0950 -0.4101
vn -0.8377 0.1236 -0.5319
vn -0.8042 0.1088 -0.5843
vn -0.8042 0.1088 -0.5843
vn -0.7820 0.2389 -0.5756
vn -0.8459 0.1933 -0.4971
vn 0.1121 -0.0272 0.9933
vn 0.4496 -0.0597 0.8912
vn 0.4496 -0.0597 0.8912
vn -0.9971 0.0316 0.0688
vn -0.9922 0.0802 -0.0958
vn -0.9900 0.0962 -0.1031
vn -0.9573 0.1015 -0.2706
vn -0.9624 0.0923 -0.2555
vn -0.9900 0.0962 -0.1031
vn -0.9071 0.0950 -0.4101
vn -0.9067 0.1301 -0.4013
vn -0.9624 0.0923 -0.2555
vn -0.7820 0.2389 -0.5756
vn -0.6964 0.3023 -0.6509
vn -0.8192 0.2626 -0.5099
vn 0.0397 -0.0119 0.9991
vn 0.1956 -0.1775 0.9645
vn 0.2597 -0.0589 0.9639
vn -0.8509 0.1381 0.5069
vn -0.9900 0.0962 -0.1031
vn -0.9866 0.1232 -0.1066
vn -0.9624 0.0923 -0.2555
vn -0.9813 0.0829 -0.1735
vn -0.9866 0.1232 -0.1066
vn -0.9624 0.0923 -0.2555
vn -0.9067 0.1301 -0.4013
vn -0.9365 0.1304 -0.3256
vn -0.9067 0.1301 -0.4013
vn -0.8459 0.1933 -0.4971
vn -0.8943 0.2108 -0.3947
vn -0.6964 0.3023 -0.6509
vn -0.5892 0.3564 -0.7251
vn -0.7444 0.3325 -0.5791
vn -0.0000 0.0000 1.0000
vn -0.0000 -0.0000 1.0000
vn 0.0000 0.0000 1.0000
vn -0.0000 0.0000 1.0000
vn -0.0000 -0.0000 1.0000
vn -0.0000 -0.0000 1.0000
vn -0.0000 -0.0000 1.0000
vn -0.0000 -0.0000 1.0000
vn -0.0000 -0.0000 1.0000
vn -0.0000 -0.0000 1.0000
vn -0.0000 -0.0000 1.0000
vn 0.0000 0.0000 1.0000
vn -0.0000 -0.0000 1.0000
vn 0.0000 0.0000 1.0000
vn 0.0000 0.0000 1.0000
vn 0.0000 0.0000 1.0000
vn 0.0000 0.0000 1.0000
vn 0.0000 0.0000 1.0000
vn 0.0000 0.0000 1.0000
vn 0.0000 0.0000 1.0000
vn -0.0497 0.0240 0.9985
vn -0.0000 -0.0000 1.0000
vn 0.0000 -0.0000 1.0000
vn 0.0000 0.0000 1.0000
vn 0.0000 0.0000 1.0000
vn 0.0000 0.0000 1.0000
vn 0.0000 0.0000 1.0000
vn 0.0000 0.0000 1.0000
vn 0.0000 0.0000 1.0000
vn -0.0000 0.0000 1.0000
vn 0.0000 0.0000 1.0000
vn -0.0000 0.0000 1.0000
vn 0.0000 -0.0000 1.0000
vn 0.0000 -0.0000 1.0000
vn 0.0000 -0.0000 1.0000
vn -0.0000 0.0000 1.0000
vn 0.0000 -0.0000 1.0000
vn 0.0000 -0.0000 1.0000
vn 0.0000 0.0000 1.0000
vn 0.0000 0.0000 1.0000
vn 0.0000 0.0000 1.0000
vn 0.0000 -0.0000 1.0000
vn 0.0000 0.0000 1.0000
vn 0.0000 -0.0000 1.0000
vn 0.0000 0.0000 1.0000
vn 0.0000 0.0000 1.0000
vn 0.0000 0.0000 1.0000
vn 0.0000 0.0000 1.0000
vn -0.0000 0.0000 1.0000
vn 0.0000 0.0000 1.0000
vn -0.0000 0.0000 1.0000
vn -0.0000 0.0000 1.0000
vn -0.0000 0.0000 1.0000
vn -0.0000 0.0000 1.0000
vn -0.0000 0.0000 1.0000
vn 0.0000 -0.0000 1.0000
vn 0.0000 -0.0000 1.0000
vn 0.0000 -0.0000 1.0000
vn -0.0000 -0.0000 1.0000
vn -0.0000 0.0000 1.0000
vn 0.0000 0.0000 1.0000
vn -0.0000 0.0000 1.0000
vn 0.0000 -0.0000 1.0000
vn 0.0000 -0.0000 1.0000
vn 0.0000 -0.0000 1.0000
vn 0.0000 -0.0000 1.0000
vn 0.0000 0.0000 1.0000
vn 0.0000 -0.0000 1.0000
vn 0.0000 0.0000 1.0000
vn -0.0000 -0.0000 1.0000
vn 0.0000 0.0000 1.0000
vn -0.0000 0.0000 1.0000
vn 0.0000 0.0000 1.0000
vn -0.0000 -0.0000 1.0000
vn 0.0000 -0.0000 1.0000
vn 0.0000 -0.0000 1.0000
vn -0.0000 -0.0000 1.0000
vn -0.0000 -0.0000 1.0000
vn 0.0000 -0.0000 1.0000
vn -0.0000 -0.0000 1.0000
vn 0.0000 0.0000 1.0000
vn 0.0000 -0.0000 1.0000
vn 0.0000 0.0000 1.0000
vn 0.0000 0.0000 1.0000
vn 0.0000 0.0000 1.0000
vn 0.0000 0.0000 1.0000
vn -0.0000 0.0000 1.0000
vn -0.0000 0.0000 1.0000
vn -0.0000 -0.0000 1.0000
vn -0.0000 -0.0000 1.0000
vn -0.0000 -0.0000 1.0000
vn 0.0000 0.0000 1.0000
vn -0.0000 -0.0000 1.0000
vn 0.0000 0.0000 1.0000
vn 0.0000 0.0000 1.0000
vn 0.0000 0.0000 1.0000
vn -0.0000 0.0000 1.0000
vn 0.0000 0.0000 1.0000
vn 0.0000 0.0000 1.0000
vn 0.0000 0.0000 1.0000
vn 0.0000 0.0000 1.0000
vn 0.0000 0.0000 1.0000
vn 0.0000 -0.0000 1.0000
vn 0.0000 0.0000 1.0000
vn -0.0000 0.0000 1.0000
vn 0.0000 0.0000 1.0000
vn 0.0000 0.0000 1.0000
vn -0.0572 0.0372 0.9977
vn 0.0000 0.0000 1.0000
vn 0.0000 -0.0000 1.0000
vn 0.0000 -0.0000 1.0000
vn 0.0000 -0.0000 1.0000
vn 0.0000 -0.0000 1.0000
vn -0.0000 0.0000 1.0000
vn 0.0000 -0.0000 1.0000
vn 0.0000 -0.0000 1.0000
vn -0.0345 0.0245 0.9991
vn 0.0000 -0.0000 1.0000
vn 0.0000 0.0000 1.0000
vn -0.0476 -0.0200 0.9987
vn 0.0000 -0.0000 1.0000
vn -0.0000 0.0000 1.0000
vn 0.0000 -0.0000 1.0000
vn 0.0000 -0.0000 1.0000
vn 0.0000 -0.0000 1.0000
vn 0.0000 -0.0000 1.0000
vn 0.0000 -0.0000 1.0000
vn 0.0000 -0.0000 1.0000
vn -0.0000 -0.0000 1.0000
vn -0.0000 -0.0000 1.0000
vn 0.0000 0.0000 1.0000
vn 0.0000 0.0000 1.0000
vn 0.0000 0.0000 1.0000
vn 0.0000 -0.0000 1.0000
vn -0.0277 0.0271 0.9992
vn -0.0000 0.0000 1.0000
vn -0.0000 0.0000 1.0000
vn -0.0000 0.0000 1.0000
vn 0.0000 -0.0000 1.0000
vn -0.0000 0.0000 1.0000
vn -0.0000 -0.0000 1.0000
vn -0.0000 -0.0000 1.0000
vn 0.0000 0.0000 1.0000
vn -0.0000 -0.0000 1.0000
vn 0.0000 0.0000 1.0000
vn 0.0000 0.0000 1.0000
vn 0.0000 0.0000 1.0000
vn 0.0000 0.0000 1.0000
vn -0.0000 -0.0000 1.0000
vn 0.0000 -0.0000 1.0000
vn -0.0000 0.0000 1.0000
vn 0.0000 0.0000 1.0000
vn 0.0000 0.0000 1.0000
vn -0.0000 0.0000 1.0000
vn 0.0000 0.0000 1.0000
vn 0.0000 -0.0000 1.0000
vn -0.0000 -0.0000 1.0000
vn 0.0000 -0.0000 1.0000
vn 0.0000 -0.0000 1.0000
vn 0.0000 0.0000 1.0000
vn 0.0000 -0.0000 1.0000
vn 0.0000 0.0000 1.0000
vn 0.0000 0.0000 1.0000
vn -0.0000 -0.0000 1.0000
vn 0.0000 0.0000 1.0000
vn 0.0000 0.0000 1.0000
vn -0.0000 -0.0000 1.0000
vn -0.0000 -0.0000 1.0000
vn 0.0000 0.0000 1.0000
vn 0.0000 -0.0000 1.0000
vn 0.0000 -0.0000 1.0000
vn 0.0000 -0.0000 1.0000
vn 0.0000 0.0000 1.0000
vn 0.0000 -0.0000 1.0000
vn 0.0000 0.0000 1.0000
vn 0.0000 0.0000 1.0000
vn 0.0000 -0.0000 1.0000
vn 0.9955 -0.0317 -0.0888
vn 0.9713 -0.1755 0.1607
vn 0.9643 -0.0984 -0.2460
vn 0.9713 -0.1755 0.1607
vn 0.8827 -0.4699 0.0071
vn 0.9423 -0.2424 -0.2310
vn -0.1662 0.0059 0.9861
vn -0.1362 0.0592 0.9889
vn -0.5143 -0.0476 0.8563
vn 0.9420 -0.0313 -0.3341
vn 0.9643 -0.0984 -0.2460
vn 0.7676 -0.1507 -0.6229
vn 0.6886 -0.0290 -0.7246
vn 0.7676 -0.1507 -0.6229
vn 0.5966 0.0196 -0.8023
vn -0.1362 0.0592 0.9889
vn -0.4834 0.2705 0.8326
vn -0.4834 0.2705 0.8326
vn 0.8827 -0.4699 0.0071
vn 0.8761 -0.3834 0.2923
vn 0.8821 -0.3872 -0.2684
vn 0.7676 -0.1507 -0.6229
vn 0.9643 -0.0984 -0.2460
vn 0.9423 -0.2424 -0.2310
vn 0.7676 -0.1507 -0.6229
vn 0.8821 -0.3872 -0.2684
vn 0.7370 -0.1491 -0.6592
vn 0.6494 0.0294 -0.7599
vn 0.5966 0.0196 -0.8023
vn 0.7370 -0.1491 -0.6592
vn 0.8761 -0.3834 0.2923
vn 0.9484 -0.1338 0.2876
vn 0.9280 -0.2749 -0.2514
vn 0.7370 -0.1491 -0.6592
vn 0.8821 -0.3872 -0.2684
vn 0.9280 -0.2749 -0.2514
vn 0.7370 -0.1491 -0.6592
vn 0.7735 -0.2452 -0.5845
vn 0.7342 -0.1767 -0.6556
vn 0.9280 -0.2749 -0.2514
vn 0.9484 -0.1338 0.2876
vn 0.9241 -0.3809 0.0314
vn 0.9280 -0.2749 -0.2514
vn 0.8858 -0.3245 -0.3318
vn 0.7735 -0.2452 -0.5845
vn 0.0000 0.0000 1.0000
vn -0.0000 -0.0000 1.0000
vn -0.0339 0.0285 0.9990
vn 0.5589 0.1852 -0.8083
vn 0.5925 0.1381 -0.7936
vn 0.6160 0.1022 -0.7811
vn -0.0339 0.0285 0.9990
vn -0.1193 0.0237 0.9926
vn -0.2030 -0.0241 0.9789
vn 0.6160 0.1022 -0.7811
vn 0.6939 -0.0329 -0.7194
vn 0.6590 0.0200 -0.7519
vn -0.1193 0.0237 0.9926
vn -0.1239 0.0391 0.9915
vn -0.2861 0.0755 0.9552
vn 0.6939 -0.0329 -0.7194
vn 0.7342 -0.1767 -0.6556
vn 0.7357 -0.1216 -0.6663
vn 0.6939 -0.0329 -0.7194
vn 0.7357 -0.1216 -0.6663
vn 0.7107 -0.0269 -0.7029
vn 0.6519 0.0680 -0.7553
vn 0.6590 0.0200 -0.7519
vn 0.7107 -0.0269 -0.7029
vn -0.1239 0.0391 0.9915
vn -0.0000 -0.0000 1.0000
vn -0.0196 0.0088 0.9998
vn -0.1239 0.0391 0.9915
vn 0.5996 -0.3468 0.7212
vn -0.3167 0.0642 0.9464
vn 0.9241 -0.3809 0.0314
vn 0.5996 -0.3468 0.7212
vn 0.9069 -0.3696 -0.2023
vn 0.8858 -0.3245 -0.3318
vn 0.9069 -0.3696 -0.2023
vn 0.8031 -0.2646 -0.5338
vn 0.7357 -0.1216 -0.6663
vn 0.7342 -0.1767 -0.6556
vn 0.7702 -0.1993 -0.6058
vn 0.7357 -0.1216 -0.6663
vn 0.7702 -0.1993 -0.6058
vn 0.7789 -0.1205 -0.6154
vn 0.9069 -0.3696 -0.2023
vn 0.5996 -0.3468 0.7212
vn 0.9477 -0.3022 0.1030
vn 0.8031 -0.2646 -0.5338
vn 0.8244 -0.2851 -0.4889
vn 0.8104 -0.2036 -0.5494
vn 0.7789 -0.1205 -0.6154
vn 0.7702 -0.1993 -0.6058
vn 0.8104 -0.2036 -0.5494
vn 0.7789 -0.1205 -0.6154
vn 0.8327 -0.1370 -0.5365
vn 0.7922 -0.0439 -0.6087
vn 0.9477 -0.3022 0.1030
vn 0.9619 -0.2427 0.1259
vn 0.9106 -0.3433 -0.2302
vn 0.8244 -0.2851 -0.4889
vn 0.9069 -0.3696 -0.2023
vn 0.9106 -0.3433 -0.2302
vn 0.8104 -0.2036 -0.5494
vn 0.8426 -0.2507 -0.4766
vn 0.8563 -0.1923 -0.4794
vn 0.9106 -0.3433 -0.2302
vn 0.9619 -0.2427 0.1259
vn 0.9125 -0.4049 -0.0581
vn 0.9106 -0.3433 -0.2302
vn 0.8852 -0.4157 -0.2088
vn 0.8337 -0.3317 -0.4415
vn 0.6160 0.1022 -0.7811
vn 0.6519 0.0680 -0.7553
vn 0.6030 0.1455 -0.7844
vn -0.0196 0.0088 0.9998
vn -0.0000 -0.0000 1.0000
vn -0.0887 0.0216 0.9958
vn 0.7107 -0.0269 -0.7029
vn 0.7922 -0.0439 -0.6087
vn 0.7339 0.0452 -0.6778
vn 0.6957 0.1221 -0.7079
vn 0.6519 0.0680 -0.7553
vn 0.7339 0.0452 -0.6778
vn -0.0887 0.0216 0.9958
vn -0.0000 -0.0000 1.0000
vn 0.0000 0.0000 1.0000
vn -0.0887 0.0216 0.9958
vn -0.2000 0.0309 0.9793
vn -0.4677 -0.0264 0.8835
vn 0.7339 0.0452 -0.6778
vn 0.7922 -0.0439 -0.6087
vn 0.7985 0.0546 -0.5996
vn 0.0000 0.0000 1.0000
vn 0.0000 0.0000 1.0000
vn -0.1299 0.0676 0.9892
vn -0.2000 0.0309 0.9793
vn -0.1299 0.0676 0.9892
vn -0.5099 0.1437 0.8481
vn 0.8327 -0.1370 -0.5365
vn 0.8563 -0.1923 -0.4794
vn 0.8654 -0.0901 -0.4928
vn 0.7985 0.0546 -0.5996
vn 0.7922 -0.0439 -0.6087
vn 0.8654 -0.0901 -0.4928
vn -0.1299 0.0676 0.9892
vn 0.0000 0.0000 1.0000
vn -0.0497 0.0240 0.9985
vn -0.1299 0.0676 0.9892
vn -0.4187 0.2207 0.8809
vn -0.4187 0.2207 0.8809
vn 0.9125 -0.4049 -0.0581
vn 0.7827 -0.4536 0.4262
vn 0.8852 -0.4157 -0.2088
vn 0.8492 -0.2966 -0.4368
vn 0.8244 -0.2851 -0.4889
vn 0.8337 -0.3317 -0.4415
vn 0.8426 -0.2507 -0.4766
vn 0.8492 -0.2966 -0.4368
vn 0.9030 -0.2041 -0.3782
vn 0.8654 -0.0901 -0.4928
vn 0.8563 -0.1923 -0.4794
vn 0.9030 -0.2041 -0.3782
vn 0.8707 0.0219 -0.4913
vn 0.8654 -0.0901 -0.4928
vn 0.9148 -0.0963 -0.3923
vn 0.8852 -0.4157 -0.2088
vn 0.7827 -0.4536 0.4262
vn 0.9349 -0.3548 0.0113
vn 0.8852 -0.4157 -0.2088
vn 0.9151 -0.3546 -0.1921
vn 0.8594 -0.3294 -0.3910
vn 0.8492 -0.2966 -0.4368
vn 0.8337 -0.3317 -0.4415
vn 0.8594 -0.3294 -0.3910
vn 0.9030 -0.2041 -0.3782
vn 0.8492 -0.2966 -0.4368
vn 0.8920 -0.2657 -0.3657
vn 0.9030 -0.2041 -0.3782
vn 0.9193 -0.2661 -0.2898
vn 0.9267 -0.1875 -0.3257
vn 0.9148 -0.0963 -0.3923
vn 0.9267 -0.1875 -0.3257
vn 0.9120 -0.1314 -0.3887
vn 0.4903 0.2469 -0.8358
vn 0.5441 0.1854 -0.8183
vn 0.4888 0.2610 -0.8324
vn 0.5441 0.1854 -0.8183
vn 0.6030 0.1455 -0.7844
vn 0.5554 0.2561 -0.7912
vn 0.6030 0.1455 -0.7844
vn 0.6957 0.1221 -0.7079
vn 0.6360 0.2063 -0.7436
vn 0.6192 0.2812 -0.7331
vn 0.6360 0.2063 -0.7436
vn 0.7283 0.2006 -0.6552
vn 0.7283 0.2006 -0.6552
vn 0.6957 0.1221 -0.7079
vn 0.7985 0.0546 -0.5996
vn 0.8084 0.1282 -0.5745
vn 0.7985 0.0546 -0.5996
vn 0.8707 0.0219 -0.4913
vn 0.8084 0.1282 -0.5745
vn 0.8477 0.0529 -0.5278
vn 0.7756 0.1620 -0.6101
vn -0.0497 0.0240 0.9985
vn 0.0000 0.0000 1.0000
vn -0.1425 0.0342 0.9892
vn -0.1425 0.0342 0.9892
vn 0.0000 0.0000 1.0000
vn -0.0000 0.0000 1.0000
vn -0.1425 0.0342 0.9892
vn -0.1753 0.0152 0.9844
vn -0.6432 0.1299 0.7546
vn 0.8918 -0.0329 -0.4511
vn 0.9120 -0.1314 -0.3887
vn 0.8958 -0.0418 -0.4425
vn 0.4888 0.2610 -0.8324
vn 0.5554 0.2561 -0.7912
vn 0.4699 0.3324 -0.8177
vn 0.4234 0.3357 -0.8415
vn 0.4320 0.2951 -0.8523
vn 0.4699 0.3324 -0.8177
vn 0.5554 0.2561 -0.7912
vn 0.6192 0.2812 -0.7331
vn 0.5332 0.3673 -0.7621
vn 0.6192 0.2812 -0.7331
vn 0.6570 0.3108 -0.6868
vn 0.5857 0.3646 -0.7239
vn 0.4234 0.3357 -0.8415
vn 0.4699 0.3324 -0.8177
vn 0.3994 0.4118 -0.8191
vn 0.3491 0.3389 -0.8737
vn 0.3711 0.3643 -0.8542
vn 0.3079 0.4043 -0.8612
vn -0.0000 -0.0000 1.0000
vn 0.0000 0.0000 1.0000
vn -0.0000 0.0000 1.0000
vn -0.0000 0.0000 1.0000
vn 0.0000 0.0000 1.0000
vn -0.0000 0.0000 1.0000
vn 0.0000 0.0000 1.0000
vn -0.0000 0.0000 1.0000
vn -0.0000 0.0000 1.0000
vn -0.0000 0.0000 1.0000
vn 0.0000 0.0000 1.0000
vn -0.0000 -0.0000 1.0000
vn 0.0000 0.0000 1.0000
vn 0.0000 0.0000 1.0000
vn 0.0000 0.0000 1.0000
vn 0.0000 0.0000 1.0000
vn 0.0000 0.0000 1.0000
vn 0.0000 0.0000 1.0000
vn 0.0000 0.0000 1.0000
vn 0.0000 0.0000 1.0000
vn 0.0000 -0.0000 1.0000
vn -0.5132 0.4418 -0.7358
vn -0.6062 0.4589 -0.6496
vn -0.6536 0.3953 -0.6454
vn 0.0000 -0.0000 1.0000
vn 0.0000 0.0000 1.0000
vn -0.0000 0.0000 1.0000
vn 0.0000 0.0000 1.0000
vn 0.0000 0.0000 1.0000
vn 0.0000 0.0000 1.0000
vn 0.0000 0.0000 1.0000
vn 0.0000 0.0000 1.0000
vn 0.0000 0.0000 1.0000
vn 0.0000 0.0000 1.0000
vn 0.0000 0.0000 1.0000
vn 0.0000 0.0000 1.0000
vn 0.7332 0.2293 -0.6402
vn 0.7283 0.2006 -0.6552
vn 0.7756 0.1620 -0.6101
vn 0.8299 0.1071 -0.5476
vn 0.8477 0.0529 -0.5278
vn 0.8958 -0.0418 -0.4425
vn 0.4676 0.4093 -0.7835
vn 0.4699 0.3324 -0.8177
vn 0.5332 0.3673 -0.7621
vn 0.8091 0.3873 -0.4421
vn 0.6570 0.3108 -0.6868
vn 0.7332 0.2293 -0.6402
vn 0.7332 0.2293 -0.6402
vn 0.7756 0.1620 -0.6101
vn 0.8299 0.1071 -0.5476
vn 0.8299 0.1071 -0.5476
vn 0.8854 0.0430 -0.4628
vn 0.8488 0.1206 -0.5147
vn 0.3994 0.4118 -0.8191
vn 0.4699 0.3324 -0.8177
vn 0.4676 0.4093 -0.7835
vn 0.4676 0.4093 -0.7835
vn 0.5332 0.3673 -0.7621
vn 0.4767 0.4530 -0.7534
vn 0.5332 0.3673 -0.7621
vn 0.5857 0.3646 -0.7239
vn 0.5237 0.4342 -0.7329
vn 0.5857 0.3646 -0.7239
vn 0.6570 0.3108 -0.6868
vn 0.5843 0.3956 -0.7086
vn 0.5843 0.3956 -0.7086
vn 0.6570 0.3108 -0.6868
vn 0.8091 0.3873 -0.4421
vn 0.8091 0.3873 -0.4421
vn 0.7332 0.2293 -0.6402
vn 0.7737 0.2324 -0.5894
vn 0.3079 0.4043 -0.8612
vn 0.3711 0.3643 -0.8542
vn 0.3994 0.4118 -0.8191
vn 0.3994 0.4118 -0.8191
vn 0.4287 0.4620 -0.7763
vn 0.3479 0.4918 -0.7982
vn 0.2730 0.5290 -0.8035
vn 0.3479 0.4918 -0.7982
vn 0.4287 0.4620 -0.7763
vn 0.7840 0.6207 0.0104
vn 0.7239 0.6498 -0.2318
vn 0.5843 0.3956 -0.7086
vn 0.7840 0.6207 0.0104
vn 0.5843 0.3956 -0.7086
vn 0.8136 0.5606 0.1541
vn 0.3079 0.4043 -0.8612
vn 0.3094 0.4706 -0.8263
vn 0.1841 0.4624 -0.8673
vn 0.3094 0.4706 -0.8263
vn 0.3479 0.4918 -0.7982
vn 0.2296 0.5128 -0.8273
vn 0.0953 0.5368 -0.8383
vn 0.1841 0.4624 -0.8673
vn 0.2296 0.5128 -0.8273
vn 0.2296 0.5128 -0.8273
vn 0.3479 0.4918 -0.7982
vn 0.2730 0.5290 -0.8035
vn 0.2730 0.5290 -0.8035
vn 0.3767 0.5095 -0.7736
vn 0.1451 0.5663 -0.8114
vn 0.1633 0.8503 -0.5004
vn 0.1451 0.5663 -0.8114
vn 0.2504 0.5667 -0.7849
vn 0.0111 0.4705 -0.8823
vn 0.1835 0.4223 -0.8877
vn 0.1841 0.4624 -0.8673
vn -0.0671 0.5014 -0.8626
vn 0.1841 0.4624 -0.8673
vn 0.0953 0.5368 -0.8383
vn 0.0953 0.5368 -0.8383
vn 0.1451 0.5663 -0.8114
vn -0.0195 0.5864 -0.8098
vn -0.0195 0.5864 -0.8098
vn 0.1451 0.5663 -0.8114
vn 0.1633 0.8503 -0.5004
vn -0.3833 0.4922 -0.7815
vn -0.3826 0.5228 -0.7618
vn -0.6062 0.4589 -0.6496
vn -0.3833 0.4922 -0.7815
vn 0.0111 0.4705 -0.8823
vn -0.0671 0.5014 -0.8626
vn -0.3826 0.5228 -0.7618
vn -0.5504 0.5036 -0.6659
vn -0.6062 0.4589 -0.6496
vn -0.3826 0.5228 -0.7618
vn -0.0671 0.5014 -0.8626
vn -0.2369 0.5536 -0.7983
vn -0.2369 0.5536 -0.7983
vn -0.3293 0.5989 -0.7300
vn -0.5372 0.5477 -0.6414
vn -0.2369 0.5536 -0.7983
vn 0.0120 0.5421 -0.8402
vn -0.0195 0.5864 -0.8098
vn 0.9151 -0.3546 -0.1921
vn 0.9349 -0.3548 0.0113
vn 0.9260 -0.3340 -0.1763
vn 0.8594 -0.3294 -0.3910
vn 0.9151 -0.3546 -0.1921
vn 0.9049 -0.3598 -0.2275
vn 0.8920 -0.2657 -0.3657
vn 0.8847 -0.3094 -0.3487
vn 0.9193 -0.2661 -0.2898
vn 0.9049 -0.3598 -0.2275
vn 0.9260 -0.3340 -0.1763
vn 0.8938 -0.4153 -0.1692
vn -0.0000 0.0000 1.0000
vn -0.0000 0.0000 1.0000
vn -0.2148 0.0994 0.9716
vn -0.5925 0.0000 0.8055
vn -0.1753 0.0152 0.9844
vn -0.2148 0.0994 0.9716
vn 0.8789 -0.3180 -0.3555
vn 0.9177 -0.2849 -0.2769
vn 0.8847 -0.3094 -0.3487
vn 0.9267 -0.1875 -0.3257
vn 0.9193 -0.2661 -0.2898
vn 0.9332 -0.1843 -0.3084
vn 0.8958 -0.0418 -0.4425
vn 0.9120 -0.1314 -0.3887
vn 0.9332 -0.1843 -0.3084
vn -0.2148 0.0994 0.9716
vn -0.0000 0.0000 1.0000
vn -0.0572 0.0372 0.9977
vn -0.2148 0.0994 0.9716
vn -0.7971 0.5830 0.1571
vn -0.7971 0.5830 0.1571
vn 0.8938 -0.4153 -0.1692
vn 0.8896 -0.4214 0.1759
vn 0.9139 -0.3722 -0.1621
vn 0.9139 -0.3722 -0.1621
vn 0.9010 -0.2953 -0.3179
vn 0.8859 -0.3351 -0.3209
vn 0.8789 -0.3180 -0.3555
vn 0.8847 -0.3094 -0.3487
vn 0.8859 -0.3351 -0.3209
vn 0.8789 -0.3180 -0.3555
vn 0.9010 -0.2953 -0.3179
vn 0.9177 -0.2849 -0.2769
vn 0.9332 -0.1843 -0.3084
vn 0.9193 -0.2661 -0.2898
vn 0.9356 -0.2572 -0.2421
vn 0.9332 -0.1843 -0.3084
vn 0.9490 -0.2266 -0.2193
vn 0.9531 -0.1528 -0.2611
vn 0.9139 -0.3722 -0.1621
vn 0.8896 -0.4214 0.1759
vn 0.9491 -0.3102 -0.0554
vn 0.9139 -0.3722 -0.1621
vn 0.9390 -0.3000 -0.1681
vn 0.9010 -0.2953 -0.3179
vn 0.9177 -0.2849 -0.2769
vn 0.9194 -0.2609 -0.2943
vn 0.9328 -0.2675 -0.2413
vn 0.9177 -0.2849 -0.2769
vn 0.9328 -0.2675 -0.2413
vn 0.9395 -0.2711 -0.2095
vn 0.9356 -0.2572 -0.2421
vn 0.9395 -0.2711 -0.2095
vn 0.9490 -0.2266 -0.2193
vn 0.9390 -0.3000 -0.1681
vn 0.9491 -0.3102 -0.0554
vn 0.9391 -0.3295 -0.0974
vn 0.9390 -0.3000 -0.1681
vn 0.9386 -0.3069 -0.1574
vn 0.9173 -0.2766 -0.2866
vn 0.9010 -0.2953 -0.3179
vn 0.9173 -0.2766 -0.2866
vn 0.9194 -0.2609 -0.2943
vn -0.0572 0.0372 0.9977
vn 0.0000 0.0000 1.0000
vn -0.1942 0.0412 0.9801
vn -0.1942 0.0412 0.9801
vn 0.0000 0.0000 1.0000
vn -0.0000 0.0000 1.0000
vn -0.1942 0.0412 0.9801
vn -0.2366 0.1151 0.9648
vn -0.8433 0.1119 0.5257
vn -0.2366 0.1151 0.9648
vn -0.0000 0.0000 1.0000
vn -0.0345 0.0245 0.9991
vn -0.2366 0.1151 0.9648
vn -0.8711 0.3905 0.2979
vn -0.8711 0.3905 0.2979
vn 0.9391 -0.3295 -0.0974
vn 0.8716 -0.2615 0.4146
vn 0.9393 -0.3104 -0.1460
vn 0.9386 -0.3069 -0.1574
vn 0.9393 -0.3104 -0.1460
vn 0.9173 -0.2766 -0.2866
vn 0.9328 -0.2675 -0.2413
vn 0.9148 -0.2979 -0.2726
vn 0.9395 -0.2711 -0.2095
vn 0.9661 -0.1813 -0.1838
vn 0.9490 -0.2266 -0.2193
vn 0.9613 -0.2296 -0.1523
vn -0.2495 0.0207 0.9682
vn -0.0345 0.0245 0.9991
vn -0.0476 -0.0200 0.9987
vn -0.7964 0.0240 -0.6043
vn -0.7964 0.0240 -0.6043
vn -0.7964 0.0240 -0.6043
vn 0.9393 -0.3104 -0.1460
vn 0.9353 -0.3094 -0.1715
vn 0.9185 -0.3137 -0.2406
vn 0.9173 -0.2766 -0.2866
vn 0.9185 -0.3137 -0.2406
vn 0.9148 -0.2979 -0.2726
vn 0.9395 -0.2711 -0.2095
vn 0.9148 -0.2979 -0.2726
vn 0.9204 -0.3328 -0.2051
vn 0.9395 -0.2711 -0.2095
vn 0.9204 -0.3328 -0.2051
vn 0.9423 -0.3168 -0.1082
vn 0.9613 -0.2296 -0.1523
vn 0.9423 -0.3168 -0.1082
vn 0.9669 -0.2457 -0.0689
vn -0.6599 0.4198 -0.6231
vn -0.6599 0.4198 -0.6231
vn -0.6599 0.4198 -0.6231
vn 0.9185 -0.3137 -0.2406
vn 0.9353 -0.3094 -0.1715
vn 0.9231 -0.3570 -0.1427
vn 0.9148 -0.2979 -0.2726
vn 0.8741 -0.3772 -0.3060
vn 0.9023 -0.3478 -0.2548
vn 0.9231 -0.3570 -0.1427
vn 0.9268 -0.3749 0.0213
vn 0.8837 -0.4618 -0.0763
vn -0.0476 -0.0200 0.9987
vn 0.0000 0.0000 1.0000
vn -0.0633 0.0429 0.9971
vn 0.9018 -0.3911 -0.1838
vn 0.9089 -0.4103 -0.0746
vn 0.9423 -0.3168 -0.1082
vn 0.9423 -0.3168 -0.1082
vn 0.9089 -0.4103 -0.0746
vn 0.9377 -0.3458 -0.0333
vn -0.0633 0.0429 0.9971
vn 0.0000 0.0000 1.0000
vn 0.0000 0.0000 1.0000
vn -0.0633 0.0429 0.9971
vn -0.1858 0.1142 0.9759
vn -0.5750 0.0688 0.8153
vn 0.8850 -0.3834 -0.2641
vn 0.9018 -0.3911 -0.1838
vn 0.9023 -0.3478 -0.2548
vn 0.9018 -0.3911 -0.1838
vn 0.9204 -0.3328 -0.2051
vn 0.9023 -0.3478 -0.2548
vn -0.1858 0.1142 0.9759
vn 0.0000 0.0000 1.0000
vn -0.0277 0.0271 0.9992
vn -0.1858 0.1142 0.9759
vn -0.7078 0.5747 0.4107
vn -0.7078 0.5747 0.4107
vn 0.8837 -0.4618 -0.0763
vn 0.8085 -0.4229 0.4093
vn 0.8731 -0.4714 -0.1247
vn 0.8741 -0.3772 -0.3060
vn 0.9185 -0.3137 -0.2406
vn 0.8735 -0.3941 -0.2860
vn 0.8850 -0.3834 -0.2641
vn 0.8741 -0.3772 -0.3060
vn 0.8605 -0.4408 -0.2556
vn 0.9018 -0.3911 -0.1838
vn 0.8605 -0.4408 -0.2556
vn 0.8365 -0.5195 -0.1742
vn 0.8643 -0.5005 -0.0506
vn 0.9089 -0.4103 -0.0746
vn 0.8365 -0.5195 -0.1742
vn 0.8731 -0.4714 -0.1247
vn 0.8085 -0.4229 0.4093
vn 0.8792 -0.4686 0.0861
vn 0.8731 -0.4714 -0.1247
vn 0.7993 -0.5763 -0.1706
vn 0.8232 -0.4842 -0.2964
vn 0.8741 -0.3772 -0.3060
vn 0.8735 -0.3941 -0.2860
vn 0.8232 -0.4842 -0.2964
vn 0.8605 -0.4408 -0.2556
vn 0.8741 -0.3772 -0.3060
vn 0.8164 -0.4966 -0.2947
vn -0.0277 0.0271 0.9992
vn 0.0000 -0.0000 1.0000
vn -0.1088 0.0383 0.9933
vn 0.8084 -0.5327 -0.2503
vn 0.7460 -0.6130 -0.2601
vn 0.8365 -0.5195 -0.1742
vn 0.8365 -0.5195 -0.1742
vn 0.7460 -0.6130 -0.2601
vn 0.7119 -0.6770 -0.1869
vn -0.1088 0.0383 0.9933
vn 0.0000 -0.0000 1.0000
vn 0.0000 -0.0000 1.0000
vn -0.1088 0.0383 0.9933
vn -0.1248 0.1606 0.9791
vn -0.4233 0.0842 0.9021
vn -0.6411 0.4618 0.6130
vn -0.1248 0.1606 0.9791
vn -0.6411 0.4618 0.6130
vn 0.7993 -0.5763 -0.1706
vn 0.7067 -0.6986 -0.1117
vn 0.7405 -0.6315 -0.2302
vn 0.8232 -0.4842 -0.2964
vn 0.7405 -0.6315 -0.2302
vn 0.7623 -0.5731 -0.3007
vn 0.7623 -0.5731 -0.3007
vn 0.7474 -0.5957 -0.2942
vn 0.8164 -0.4966 -0.2947
vn 0.8084 -0.5327 -0.2503
vn 0.8605 -0.4408 -0.2556
vn 0.8164 -0.4966 -0.2947
vn 0.8084 -0.5327 -0.2503
vn 0.7474 -0.5957 -0.2942
vn 0.7460 -0.6130 -0.2601
vn 0.0000 -0.0000 1.0000
vn -0.0000 -0.0000 1.0000
vn -0.0276 0.0355 0.9990
vn 0.7474 -0.5957 -0.2942
vn 0.6520 -0.6902 -0.3138
vn 0.7460 -0.6130 -0.2601
vn 0.0000 -0.0000 1.0000
vn 0.0000 0.0000 1.0000
vn -0.0000 -0.0000 1.0000
vn -0.0000 -0.0000 1.0000
vn 0.0000 0.0000 1.0000
vn -0.0276 0.0355 0.9990
vn 0.0000 0.0000 1.0000
vn -0.0000 0.0000 1.0000
vn 0.0000 0.0000 1.0000
vn -0.0000 0.0000 1.0000
vn -0.0000 -0.0000 1.0000
vn 0.0000 -0.0000 1.0000
vn -0.0000 -0.0000 1.0000
vn -0.0000 -0.0000 1.0000
vn 0.0000 -0.0000 1.0000
vn -0.0000 -0.0000 1.0000
vn 0.0000 0.0000 1.0000
vn 0.0000 0.0000 1.0000
vn 0.0000 0.0000 1.0000
vn -0.0000 0.0000 1.0000
vn 0.0000 0.0000 1.0000
vn -0.0000 0.0000 1.0000
vn -0.0000 -0.0000 1.0000
vn 0.0000 -0.0000 1.0000
vn 0.0000 -0.0000 1.0000
vn -0.0000 -0.0000 1.0000
vn 0.0000 -0.0000 1.0000
vn 0.0000 -0.0000 1.0000
vn -0.0000 -0.0000 1.0000
vn 0.0000 0.0000 1.0000
vn 0.8854 0.0430 -0.4628
vn 0.8958 -0.0418 -0.4425
vn 0.9306 -0.0849 -0.3561
vn 0.9306 -0.0849 -0.3561
vn 0.9531 -0.1528 -0.2611
vn 0.9486 -0.0541 -0.3119
vn 0.8854 0.0430 -0.4628
vn 0.9306 -0.0849 -0.3561
vn 0.9079 0.0543 -0.4156
vn 0.9754 0.1352 -0.1743
vn 0.8488 0.1206 -0.5147
vn 0.9079 0.0543 -0.4156
vn 0.9079 0.0543 -0.4156
vn 0.9306 -0.0849 -0.3561
vn 0.9486 -0.0541 -0.3119
vn 0.9079 0.0543 -0.4156
vn 0.9486 -0.0541 -0.3119
vn 0.9998 -0.0167 0.0144
vn 0.9531 -0.1528 -0.2611
vn 0.9661 -0.1813 -0.1838
vn 0.9817 -0.0698 -0.1773
vn 0.9998 -0.0167 0.0144
vn 0.9486 -0.0541 -0.3119
vn 0.9817 -0.0698 -0.1773
vn 0.9817 -0.0698 -0.1773
vn 0.9661 -0.1813 -0.1838
vn 0.9802 -0.1483 -0.1310
vn 0.9817 -0.0698 -0.1773
vn 0.9872 -0.1536 -0.0437
vn 0.9902 -0.0684 0.1217
vn 0.9802 -0.1483 -0.1310
vn 0.9669 -0.2457 -0.0689
vn 0.9872 -0.1536 -0.0437
vn 0.9377 -0.3458 -0.0333
vn 0.9373 -0.3483 -0.0143
vn 0.9872 -0.1536 -0.0437
vn 0.4883 -0.2076 0.8476
vn 0.7047 -0.1381 0.6959
vn 0.9373 -0.3483 -0.0143
vn 0.9377 -0.3458 -0.0333
vn 0.8643 -0.5005 -0.0506
vn 0.8622 -0.5044 -0.0477
vn 0.8643 -0.5005 -0.0506
vn 0.7734 -0.6302 -0.0691
vn 0.7278 -0.6787 -0.0983
vn 0.6938 -0.7087 -0.1281
vn 0.4168 -0.4155 0.8085
vn 0.7480 -0.4695 0.4690
vn 0.7119 -0.6770 -0.1869
vn 0.6447 -0.7457 -0.1680
vn 0.7278 -0.6787 -0.0983
vn 0.6938 -0.7087 -0.1281
vn 0.8622 -0.5044 -0.0477
vn 0.7278 -0.6787 -0.0983
vn 0.7119 -0.6770 -0.1869
vn 0.6918 -0.6697 -0.2700
vn 0.6657 -0.7155 -0.2117
vn 0.6371 -0.7250 -0.2617
vn 0.4530 -0.5377 0.7111
vn 0.6281 -0.7009 0.3381
vn -0.4526 0.6595 0.6002
vn -0.1248 0.1606 0.9791
vn -0.4526 0.6595 0.6002
vn 0.7405 -0.6315 -0.2302
vn 0.7067 -0.6986 -0.1117
vn 0.6199 -0.7706 -0.1480
vn 0.7623 -0.5731 -0.3007
vn 0.6868 -0.6726 -0.2755
vn 0.7276 -0.6248 -0.2831
vn -0.0276 0.0355 0.9990
vn -0.1232 0.1282 0.9841
vn -0.2130 0.0107 0.9770
vn -0.5729 0.7755 0.2653
vn -0.1232 0.1282 0.9841
vn -0.5729 0.7755 0.2653
vn 0.6199 -0.7706 -0.1480
vn 0.5090 -0.8532 -0.1139
vn 0.4670 -0.8656 -0.1808
vn 0.4670 -0.8656 -0.1808
vn 0.5350 -0.8087 -0.2445
vn 0.6868 -0.6726 -0.2755
vn 0.5350 -0.8087 -0.2445
vn 0.5679 -0.7837 -0.2515
vn 0.7276 -0.6248 -0.2831
vn 0.5679 -0.7837 -0.2515
vn 0.6053 -0.7301 -0.3170
vn 0.7276 -0.6248 -0.2831
vn 0.7474 -0.5957 -0.2942
vn 0.6053 -0.7301 -0.3170
vn 0.6520 -0.6902 -0.3138
vn 0.4670 -0.8656 -0.1808
vn 0.5090 -0.8532 -0.1139
vn 0.2205 -0.9576 -0.1855
vn 0.5350 -0.8087 -0.2445
vn 0.4670 -0.8656 -0.1808
vn 0.2582 -0.9460 -0.1959
vn 0.5350 -0.8087 -0.2445
vn 0.2444 -0.9503 -0.1929
vn 0.3396 -0.9246 -0.1726
vn -0.0276 0.0355 0.9990
vn 0.0000 0.0000 1.0000
vn 0.0000 0.0000 1.0000
vn -0.1232 0.1282 0.9841
vn 0.0000 0.0000 1.0000
vn 0.0459 0.5672 0.8223
vn 0.3783 -0.8977 -0.2257
vn 0.2069 -0.9274 -0.3116
vn 0.6053 -0.7301 -0.3170
vn 0.6053 -0.7301 -0.3170
vn 0.2069 -0.9274 -0.3116
vn 0.2373 -0.9200 -0.3119
vn 0.2373 -0.9200 -0.3119
vn 0.4292 -0.8601 -0.2758
vn 0.6520 -0.6902 -0.3138
vn 0.6371 -0.7250 -0.2617
vn 0.6918 -0.6697 -0.2700
vn 0.6520 -0.6902 -0.3138
vn 0.0333 0.6409 -0.7669
vn 0.0333 0.6409 -0.7669
vn 0.0333 0.6409 -0.7669
vn 0.2205 -0.9576 -0.1855
vn -0.0424 -0.9682 -0.2467
vn 0.0436 -0.9846 -0.1693
vn 0.0436 -0.9846 -0.1693
vn 0.0621 -0.9870 -0.1484
vn 0.2444 -0.9503 -0.1929
vn 0.0621 -0.9870 -0.1484
vn 0.0174 -0.9920 -0.1247
vn 0.3396 -0.9246 -0.1726
vn 0.3783 -0.8977 -0.2257
vn 0.5679 -0.7837 -0.2515
vn 0.3396 -0.9246 -0.1726
vn 0.3783 -0.8977 -0.2257
vn 0.0174 -0.9920 -0.1247
vn -0.0294 -0.9708 -0.2382
vn 0.0000 0.0000 1.0000
vn 0.0655 0.1198 0.9906
vn 0.0000 0.0000 1.0000
vn 0.0655 0.1198 0.9906
vn 0.4518 0.7285 0.5150
vn 0.0459 0.5672 0.8223
vn -0.2481 -0.9154 -0.3170
vn -0.3408 -0.9205 -0.1913
vn 0.2373 -0.9200 -0.3119
vn 0.2373 -0.9200 -0.3119
vn -0.3408 -0.9205 -0.1913
vn -0.1315 -0.9750 -0.1791
vn 0.0459 0.5672 0.8223
vn 0.4351 0.8925 -0.1185
vn 0.4351 0.8925 -0.1185
vn -0.4924 -0.8595 -0.1370
vn -0.2283 -0.9609 -0.1568
vn -0.2610 -0.9506 -0.1678
vn -0.2610 -0.9506 -0.1678
vn -0.2283 -0.9609 -0.1568
vn 0.0436 -0.9846 -0.1693
vn -0.4924 -0.8595 -0.1370
vn -0.5887 -0.8048 -0.0757
vn -0.2850 -0.9541 -0.0917
vn -0.2283 -0.9609 -0.1568
vn -0.2850 -0.9541 -0.0917
vn 0.0621 -0.9870 -0.1484
vn -0.4519 -0.8748 -0.1747
vn 0.0174 -0.9920 -0.1247
vn -0.2850 -0.9541 -0.0917
vn -0.4519 -0.8748 -0.1747
vn -0.2481 -0.9154 -0.3170
vn -0.0294 -0.9708 -0.2382
vn 0.6371 -0.7250 -0.2617
vn 0.4292 -0.8601 -0.2758
vn 0.3066 -0.9291 -0.2070
vn 0.6371 -0.7250 -0.2617
vn 0.3066 -0.9291 -0.2070
vn 0.3105 -0.9285 -0.2036
vn -0.1315 -0.9750 -0.1791
vn -0.1032 -0.9835 -0.1488
vn 0.3066 -0.9291 -0.2070
vn -0.1032 -0.9835 -0.1488
vn -0.1216 -0.9770 -0.1750
vn 0.3105 -0.9285 -0.2036
vn 0.0000 0.0000 1.0000
vn 0.2597 -0.0589 0.9639
vn 0.1997 0.0122 0.9798
vn 0.2597 -0.0589 0.9639
vn 0.9390 -0.0203 0.3433
vn 0.9390 -0.0203 0.3433
vn -0.9813 0.0829 -0.1735
vn -0.9893 0.0105 -0.1455
vn -0.9972 -0.0115 -0.0733
vn -0.9365 0.1304 -0.3256
vn -0.9621 0.1215 -0.2442
vn -0.9893 0.0105 -0.1455
vn -0.9365 0.1304 -0.3256
vn -0.8943 0.2108 -0.3947
vn -0.9317 0.2099 -0.2964
vn -0.8943 0.2108 -0.3947
vn -0.8192 0.2626 -0.5099
vn -0.8515 0.2803 -0.4431
vn -0.7444 0.3325 -0.5791
vn -0.5892 0.3564 -0.7251
vn -0.6536 0.3953 -0.6454
vn -0.6536 0.3953 -0.6454
vn -0.6062 0.4589 -0.6496
vn -0.7123 0.4141 -0.5667
vn 0.0000 -0.0000 1.0000
vn 0.1997 0.0122 0.9798
vn 0.1700 -0.0005 0.9854
vn 0.1997 0.0122 0.9798
vn 0.8352 0.0593 0.5467
vn 0.8352 0.0593 0.5467
vn -0.9893 0.0105 -0.1455
vn -0.9939 0.0387 -0.1031
vn -0.9989 -0.0114 -0.0453
vn -0.9621 0.1215 -0.2442
vn -0.9768 0.1210 -0.1769
vn -0.9939 0.0387 -0.1031
vn -0.9317 0.2099 -0.2964
vn -0.9602 0.1926 -0.2021
vn -0.9768 0.1210 -0.1769
vn -0.9317 0.2099 -0.2964
vn -0.8515 0.2803 -0.4431
vn -0.8875 0.2847 -0.3624
vn -0.8515 0.2803 -0.4431
vn -0.7444 0.3325 -0.5791
vn -0.8040 0.3549 -0.4772
vn 0.8718 -0.0155 0.4897
vn 0.8718 -0.0155 0.4897
vn 0.1700 -0.0005 0.9854
vn -0.9939 0.0387 -0.1031
vn -0.9958 0.0379 -0.0837
vn -0.9998 0.0210 -0.0035
vn -0.9768 0.1210 -0.1769
vn -0.9877 0.1183 -0.1023
vn -0.9958 0.0379 -0.0837
vn -0.9602 0.1926 -0.2021
vn -0.9704 0.1933 -0.1445
vn -0.9877 0.1183 -0.1023
vn -0.9602 0.1926 -0.2021
vn -0.8875 0.2847 -0.3624
vn -0.9285 0.2470 -0.2774
vn -0.8875 0.2847 -0.3624
vn -0.8040 0.3549 -0.4772
vn -0.8760 0.3090 -0.3703
vn -0.8040 0.3549 -0.4772
vn -0.7123 0.4141 -0.5667
vn -0.7919 0.4172 -0.4459
vn 0.0000 0.0000 1.0000
vn 0.1700 -0.0005 0.9854
vn 0.2837 0.0029 0.9589
vn 0.8957 -0.0029 0.4445
vn 0.8957 -0.0029 0.4445
vn 0.2837 0.0029 0.9589
vn -0.9958 0.0379 -0.0837
vn -0.9981 0.0251 -0.0561
vn -0.9994 0.0128 -0.0333
vn -0.9877 0.1183 -0.1023
vn -0.9940 0.1059 -0.0278
vn -0.9981 0.0251 -0.0561
vn -0.9877 0.1183 -0.1023
vn -0.9704 0.1933 -0.1445
vn -0.9831 0.1604 -0.0882
vn -0.9704 0.1933 -0.1445
vn -0.9285 0.2470 -0.2774
vn -0.9481 0.2239 -0.2260
vn -0.8760 0.3090 -0.3703
vn -0.8867 0.3394 -0.3141
vn -0.9481 0.2239 -0.2260
vn -0.7919 0.4172 -0.4459
vn -0.8418 0.4193 -0.3399
vn -0.8867 0.3394 -0.3141
vn 0.9032 -0.0004 0.4293
vn 0.9032 -0.0004 0.4293
vn 0.2837 0.0029 0.9589
vn -0.9981 0.0251 -0.0561
vn -0.9990 0.0384 -0.0207
vn -0.9965 0.0780 0.0295
vn -0.9940 0.1059 -0.0278
vn -0.9895 0.1390 0.0403
vn -0.9990 0.0384 -0.0207
vn -0.9940 0.1059 -0.0278
vn -0.9831 0.1604 -0.0882
vn -0.9875 0.1548 -0.0291
vn -0.9990 0.0384 -0.0207
vn -0.9709 0.2383 0.0219
vn -0.9965 0.0780 0.0295
vn -0.9895 0.1390 0.0403
vn -0.9841 0.1476 0.0989
vn -0.9709 0.2383 0.0219
vn 0.0000 0.0000 1.0000
vn 0.2837 0.0029 0.9589
vn 0.0940 -0.0170 0.9954
vn 0.1581 -0.1114 0.9811
vn -0.8137 0.3257 0.4815
vn 0.0940 -0.0170 0.9954
vn 0.7131 0.5395 0.4476
vn 0.7131 0.5395 0.4476
vn 0.7131 0.5395 0.4476
vn -0.9709 0.2383 0.0219
vn -0.9841 0.1476 0.0989
vn -0.9918 0.1280 -0.0047
vn 0.0940 -0.0170 0.9954
vn 0.0519 0.0103 0.9986
vn 0.0000 0.0000 1.0000
vn 0.7047 0.3303 0.6279
vn 0.7047 0.3303 0.6279
vn 0.7047 0.3303 0.6279
vn -0.9907 0.1316 -0.0347
vn -0.9918 0.1280 -0.0047
vn -0.9927 -0.1095 -0.0513
vn -0.9703 0.1976 -0.1394
vn -0.9831 0.1604 -0.0882
vn -0.9481 0.2239 -0.2260
vn -0.9406 0.2638 -0.2139
vn -0.9481 0.2239 -0.2260
vn -0.8867 0.3394 -0.3141
vn -0.8867 0.3394 -0.3141
vn -0.8418 0.4193 -0.3399
vn -0.9106 0.3351 -0.2419
vn -0.9703 0.1976 -0.1394
vn -0.9822 0.1812 -0.0501
vn -0.9875 0.1548 -0.0291
vn -0.9406 0.2638 -0.2139
vn -0.9580 0.2480 -0.1436
vn -0.9703 0.1976 -0.1394
vn -0.9822 0.1812 -0.0501
vn -0.9840 0.1733 -0.0426
vn -0.9895 0.1390 0.0403
vn -0.9822 0.1812 -0.0501
vn -0.9703 0.1976 -0.1394
vn -0.9744 0.1969 -0.1084
vn -0.9580 0.2480 -0.1436
vn -0.9685 0.2419 -0.0589
vn -0.9744 0.1969 -0.1084
vn -0.9580 0.2480 -0.1436
vn -0.9106 0.3351 -0.2419
vn -0.9334 0.3322 -0.1359
vn -0.9841 0.1476 0.0989
vn -0.9915 0.1195 0.0515
vn -0.9918 0.1280 -0.0047
vn -0.9744 0.1969 -0.1084
vn -0.9775 0.2016 -0.0613
vn -0.9840 0.1733 -0.0426
vn -0.9334 0.3322 -0.1359
vn -0.9555 0.2951 -0.0062
vn -0.9685 0.2419 -0.0589
vn -0.9918 0.1280 -0.0047
vn -0.9915 0.1195 0.0515
vn -0.9877 0.0641 0.1429
vn -0.9775 0.2016 -0.0613
vn -0.9850 0.1720 -0.0135
vn -0.9915 0.1195 0.0515
vn -0.9685 0.2419 -0.0589
vn -0.9765 0.2152 -0.0095
vn -0.9850 0.1720 -0.0135
vn -0.6062 0.4589 -0.6496
vn -0.5504 0.5036 -0.6659
vn -0.6789 0.4865 -0.5499
vn -0.6789 0.4865 -0.5499
vn -0.5504 0.5036 -0.6659
vn -0.5372 0.5477 -0.6414
vn -0.5372 0.5477 -0.6414
vn -0.3293 0.5989 -0.7300
vn -0.6279 0.5653 -0.5349
vn -0.7919 0.4172 -0.4459
vn -0.6789 0.4865 -0.5499
vn -0.7490 0.4984 -0.4366
vn -0.6279 0.5653 -0.5349
vn -0.3293 0.5989 -0.7300
vn -0.4160 0.6385 -0.6475
vn -0.4160 0.6385 -0.6475
vn -0.3312 0.6711 -0.6633
vn -0.3312 0.6711 -0.6633
vn -0.7490 0.4984 -0.4366
vn -0.8102 0.4899 -0.3218
vn -0.8418 0.4193 -0.3399
vn -0.7490 0.4984 -0.4366
vn -0.6279 0.5653 -0.5349
vn -0.7118 0.5505 -0.4362
vn -0.8418 0.4193 -0.3399
vn -0.8102 0.4899 -0.3218
vn -0.8790 0.4184 -0.2288
vn -0.9334 0.3322 -0.1359
vn -0.8790 0.4184 -0.2288
vn -0.9082 0.4007 -0.1210
vn -0.9555 0.2951 -0.0062
vn -0.9082 0.4007 -0.1210
vn -0.9287 0.3707 -0.0013
vn -0.9082 0.4007 -0.1210
vn -0.7850 0.3857 0.4849
vn -0.8138 0.3382 0.4726
vn -0.8137 0.3257 0.4815
vn 0.1512 0.1009 0.9833
vn 0.0519 0.0103 0.9986
vn -0.9713 -0.2264 -0.0732
vn -0.9968 0.0724 -0.0342
vn -0.9479 0.0727 0.3103
vn 0.0519 0.0103 0.9986
vn 0.0386 -0.0203 0.9990
vn -0.0000 0.0000 1.0000
vn 0.0254 -0.1193 0.9925
vn 0.2092 -0.0966 0.9731
vn 0.0386 -0.0203 0.9990
vn -0.9479 0.0727 0.3103
vn -0.9968 0.0724 -0.0342
vn -0.9795 0.1858 -0.0784
vn 0.0386 -0.0203 0.9990
vn -0.0000 -0.0000 1.0000
vn -0.0000 -0.0000 1.0000
vn 0.2092 -0.0966 0.9731
vn 0.3874 -0.0415 0.9210
vn -0.0000 -0.0000 1.0000
vn -0.0000 -0.0000 1.0000
vn -0.0000 -0.0000 1.0000
vn -0.0000 -0.0000 1.0000
vn 0.3874 -0.0415 0.9210
vn 0.6335 -0.0494 0.7722
vn -0.0000 -0.0000 1.0000
vn 0.7997 -0.0312 -0.5996
vn 0.7997 -0.0312 -0.5996
vn 0.7997 -0.0312 -0.5996
vn -0.0000 -0.0000 1.0000
vn -0.0000 0.0000 1.0000
vn 0.0000 0.0000 1.0000
vn -0.0000 -0.0000 1.0000
vn 0.6335 -0.0494 0.7722
vn 0.3108 -0.0091 0.9504
vn -0.0000 0.0000 1.0000
vn -0.0000 0.0000 1.0000
vn -0.0000 0.0000 1.0000
vn 0.3108 -0.0091 0.9504
vn 0.4953 0.1317 0.8587
vn -0.0000 0.0000 1.0000
vn -0.0000 0.0000 1.0000
vn -0.0000 0.0000 1.0000
vn 0.1020 0.0390 0.9940
vn 0.4953 0.1317 0.8587
vn 0.5963 0.4427 0.6697
vn 0.1020 0.0390 0.9940
vn 0.1020 0.0390 0.9940
vn 0.1859 0.0358 0.9819
vn 0.0000 0.0000 1.0000
vn 0.1020 0.0390 0.9940
vn 0.5436 0.1861 0.8185
vn 0.5436 0.1861 0.8185
vn -0.9686 -0.2244 -0.1070
vn -0.9631 -0.2518 -0.0949
vn -0.9433 -0.3268 -0.0588
vn -0.9764 -0.1795 -0.1204
vn -0.9434 -0.3091 -0.1203
vn -0.9631 -0.2518 -0.0949
vn -0.9822 -0.1698 -0.0802
vn -0.9239 -0.3677 -0.1061
vn -0.9434 -0.3091 -0.1203
vn -0.9822 -0.1698 -0.0802
vn -0.9902 -0.1227 -0.0665
vn -0.9517 -0.2956 -0.0832
vn -0.9902 -0.1227 -0.0665
vn -0.9828 -0.1772 -0.0516
vn -0.9517 -0.2956 -0.0832
vn -0.9828 -0.1772 -0.0516
vn -0.9762 -0.2146 0.0319
vn -0.9466 -0.3203 -0.0379
vn -0.9859 0.1644 0.0326
vn -0.9968 0.0724 -0.0342
vn -0.9927 -0.1095 -0.0513
vn -0.9877 0.0641 0.1429
vn -0.9915 0.1195 0.0515
vn -0.9942 0.0565 0.0917
vn -0.9850 0.1720 -0.0135
vn -0.9962 0.0705 0.0512
vn -0.9942 0.0565 0.0917
vn -0.9765 0.2152 -0.0095
vn -0.9820 0.1749 0.0706
vn -0.9962 0.0705 0.0512
vn -0.9555 0.2951 -0.0062
vn -0.9701 0.2235 0.0950
vn -0.9820 0.1749 0.0706
vn -0.9859 0.1644 0.0326
vn -0.9976 0.0477 -0.0508
vn -0.9795 0.1858 -0.0784
vn -0.9859 0.1644 0.0326
vn -0.9877 0.0641 0.1429
vn -0.9922 0.0601 0.1096
vn -0.9942 0.0565 0.0917
vn -0.9975 0.0057 0.0706
vn -0.9922 0.0601 0.1096
vn -0.9962 0.0705 0.0512
vn -0.9969 -0.0137 0.0771
vn -0.9975 0.0057 0.0706
vn -0.9820 0.1749 0.0706
vn -0.9905 0.0206 0.1357
vn -0.9969 -0.0137 0.0771
vn -0.9701 0.2235 0.0950
vn -0.9791 0.0702 0.1911
vn -0.9905 0.0206 0.1357
vn -0.9976 0.0477 -0.0508
vn -0.9922 0.0601 0.1096
vn -0.9975 0.0057 0.0706
vn -0.9969 -0.0137 0.0771
vn -0.9903 -0.0935 0.1027
vn -0.9992 -0.0395 -0.0032
vn -0.9905 0.0206 0.1357
vn -0.9783 -0.0959 0.1837
vn -0.9903 -0.0935 0.1027
vn 0.5907 -0.0612 -0.8046
vn 0.5907 -0.0612 -0.8046
vn 0.5907 -0.0612 -0.8046
vn -0.9976 0.0477 -0.0508
vn -0.9973 0.0331 -0.0658
vn -0.9892 0.0356 -0.1425
vn -0.9976 0.0477 -0.0508
vn -0.9975 0.0057 0.0706
vn -0.9992 -0.0395 -0.0032
vn -0.9903 -0.0935 0.1027
vn -0.9879 -0.1365 0.0738
vn -0.9948 -0.1015 -0.0081
vn -0.9903 -0.0935 0.1027
vn -0.9783 -0.0959 0.1837
vn -0.9738 -0.1682 0.1528
vn 0.7926 -0.0339 -0.6088
vn 0.7926 -0.0339 -0.6088
vn 0.7926 -0.0339 -0.6088
vn -0.9834 0.0547 -0.1732
vn -0.9973 0.0331 -0.0658
vn -0.9954 0.0041 -0.0952
vn -0.9992 -0.0395 -0.0032
vn -0.9946 -0.0726 -0.0742
vn -0.9954 0.0041 -0.0952
vn -0.9992 -0.0395 -0.0032
vn -0.9948 -0.1015 -0.0081
vn -0.9946 -0.0726 -0.0742
vn -0.9879 -0.1365 0.0738
vn -0.9738 -0.1682 0.1528
vn -0.9790 -0.1860 0.0837
vn -0.9738 -0.1682 0.1528
vn -0.9652 -0.2118 0.1538
vn -0.9634 -0.2382 0.1226
vn -0.9821 -0.0075 -0.1880
vn -0.9954 0.0041 -0.0952
vn -0.9902 -0.0518 -0.1296
vn -0.9954 0.0041 -0.0952
vn -0.9946 -0.0726 -0.0742
vn -0.9873 -0.0912 -0.1300
vn -0.9946 -0.0726 -0.0742
vn -0.9948 -0.1015 -0.0081
vn -0.9916 -0.1293 -0.0098
vn -0.9948 -0.1015 -0.0081
vn -0.9790 -0.1860 0.0837
vn -0.9916 -0.1293 -0.0098
vn -0.9790 -0.1860 0.0837
vn -0.9634 -0.2382 0.1226
vn -0.9715 -0.2297 0.0576
vn 0.6804 0.0532 -0.7309
vn 0.6804 0.0532 -0.7309
vn 0.6804 0.0532 -0.7309
vn -0.9902 -0.0518 -0.1296
vn -0.9873 -0.0912 -0.1300
vn -0.9771 -0.1439 -0.1565
vn -0.9771 -0.1439 -0.1565
vn -0.9873 -0.0912 -0.1300
vn -0.9686 -0.2244 -0.1070
vn -0.9686 -0.2244 -0.1070
vn -0.9873 -0.0912 -0.1300
vn -0.9896 -0.0998 -0.1032
vn -0.9873 -0.0912 -0.1300
vn -0.9946 -0.0726 -0.0742
vn -0.9896 -0.0998 -0.1032
vn -0.9946 -0.0726 -0.0742
vn -0.9916 -0.1293 -0.0098
vn -0.9902 -0.1227 -0.0665
vn -0.9916 -0.1293 -0.0098
vn -0.9715 -0.2297 0.0576
vn -0.9762 -0.2146 0.0319
vn -0.9599 -0.2801 0.0142
vn -0.9097 -0.4133 -0.0394
vn -0.9466 -0.3203 -0.0379
vn -0.9287 0.3707 -0.0013
vn -0.9554 0.2693 0.1214
vn -0.9701 0.2235 0.0950
vn -0.9554 0.2693 0.1214
vn -0.9844 0.1195 0.1293
vn -0.9791 0.0702 0.1911
vn -0.9791 0.0702 0.1911
vn -0.9844 0.1195 0.1293
vn -0.9836 -0.0935 0.1544
vn -0.9783 -0.0959 0.1837
vn -0.9836 -0.0935 0.1544
vn -0.9579 -0.2485 0.1438
vn -0.9836 -0.0935 0.1544
vn -0.7589 -0.0581 0.6487
vn -0.9657 -0.2536 0.0551
vn -0.9652 -0.2118 0.1538
vn -0.9579 -0.2485 0.1438
vn -0.9568 -0.2782 0.0838
vn -0.9762 -0.2146 0.0319
vn -0.9715 -0.2297 0.0576
vn -0.9599 -0.2801 0.0142
vn -0.9715 -0.2297 0.0576
vn -0.8597 -0.2300 0.4561
vn -0.7698 -0.1753 0.6137
vn 0.0000 0.0000 1.0000
vn 0.1859 0.0358 0.9819
vn 0.2924 0.2460 0.9241
vn 0.8195 0.3783 -0.4305
vn 0.8195 0.3783 -0.4305
vn 0.8195 0.3783 -0.4305
vn 0.2924 0.2460 0.9241
vn 0.5162 0.8559 0.0328
vn 0.5162 0.8559 0.0328
vn -0.9433 -0.3268 -0.0588
vn -0.9631 -0.2518 -0.0949
vn -0.8404 -0.5308 -0.1095
vn -0.7318 -0.6702 -0.1236
vn -0.8404 -0.5308 -0.1095
vn -0.4924 -0.8595 -0.1370
vn -0.9434 -0.3091 -0.1203
vn -0.8419 -0.5143 -0.1631
vn -0.8404 -0.5308 -0.1095
vn -0.8404 -0.5308 -0.1095
vn -0.8419 -0.5143 -0.1631
vn -0.5887 -0.8048 -0.0757
vn -0.9434 -0.3091 -0.1203
vn -0.9239 -0.3677 -0.1061
vn -0.8597 -0.4997 -0.1059
vn -0.5887 -0.8048 -0.0757
vn -0.8419 -0.5143 -0.1631
vn -0.8597 -0.4997 -0.1059
vn -0.9239 -0.3677 -0.1061
vn -0.9517 -0.2956 -0.0832
vn -0.7520 -0.6323 -0.1863
vn -0.4519 -0.8748 -0.1747
vn -0.8597 -0.4997 -0.1059
vn -0.7520 -0.6323 -0.1863
vn -0.7520 -0.6323 -0.1863
vn -0.7510 -0.6547 -0.0856
vn -0.3408 -0.9205 -0.1913
vn -0.9466 -0.3203 -0.0379
vn -0.6833 -0.7298 -0.0223
vn -0.7510 -0.6547 -0.0856
vn -0.7510 -0.6547 -0.0856
vn -0.6833 -0.7298 -0.0223
vn -0.1315 -0.9750 -0.1791
vn -0.9097 -0.4133 -0.0394
vn -0.6239 -0.7556 -0.1994
vn -0.6833 -0.7298 -0.0223
vn -0.6833 -0.7298 -0.0223
vn -0.6239 -0.7556 -0.1994
vn -0.1032 -0.9835 -0.1488
vn -0.1032 -0.9835 -0.1488
vn -0.6239 -0.7556 -0.1994
vn -0.5875 -0.7793 -0.2180
vn -0.4037 -0.8981 -0.1747
vn -0.4037 -0.8981 -0.1747
vn -0.1216 -0.9770 -0.1750
vn 0.7952 0.2877 0.5338
vn 0.8091 0.3873 -0.4421
vn 0.7737 0.2324 -0.5894
vn -0.9097 -0.4133 -0.0394
vn -0.3896 -0.1884 0.9015
vn -0.6454 -0.6017 0.4705
vn -0.6650 -0.2393 0.7074
vn -0.8383 -0.2404 0.4893
vn -0.9568 -0.2782 0.0838
vn 0.2504 0.5667 -0.7849
vn 0.1761 0.6341 -0.7529
vn 0.1633 0.8503 -0.5004
vn -0.9844 0.1195 0.1293
vn -0.3865 0.0544 0.9207
vn -0.7313 0.0623 0.6792
vn -0.6914 0.1830 0.6989
vn -0.3865 0.0544 0.9207
vn -0.9844 0.1195 0.1293
vn 0.8837 0.1024 0.4567
vn 0.9754 0.1352 -0.1743
vn 0.9079 0.0543 -0.4156
vn 0.7145 0.0370 0.6987
vn 0.9040 -0.0193 0.4271
vn 0.9817 -0.0698 -0.1773
vn 0.9902 -0.0684 0.1217
vn 0.9081 0.0487 0.4159
vn 0.9817 -0.0698 -0.1773
vn -0.9287 0.3707 -0.0013
vn -0.7859 0.3637 0.5001
vn -0.6031 0.2825 0.7460
vn -0.7155 -0.3448 0.6076
vn -0.3896 -0.1884 0.9015
vn -0.9097 -0.4133 -0.0394
vn -0.8542 0.4748 -0.2118
vn -0.8474 0.4932 -0.1967
vn -0.7850 0.3857 0.4849
vn -0.8102 0.4899 -0.3218
vn -0.5900 0.3753 0.7149
vn -0.8087 0.4589 0.3681
vn 0.6447 -0.7457 -0.1680
vn 0.5165 -0.6276 0.5826
vn 0.6938 -0.7087 -0.1281
vn -0.7424 0.4738 0.4737
vn -0.5900 0.3753 0.7149
vn -0.8102 0.4899 -0.3218
vn 0.6362 -0.7147 0.2906
vn 0.6447 -0.7457 -0.1680
vn 0.6657 -0.7155 -0.2117
vn 0.3105 -0.9285 -0.2036
vn 0.3846 -0.5776 0.7200
vn 0.6371 -0.7250 -0.2617
vn 0.3105 -0.9285 -0.2036
vn -0.1216 -0.9770 -0.1750
vn 0.0607 -0.6872 0.7239
vn -0.3441 0.9386 -0.0231
vn -0.2952 0.6825 -0.6686
vn -0.4160 0.6385 -0.6475
vn -0.6279 0.5653 -0.5349
vn -0.7161 0.6431 0.2713
vn -0.7118 0.5505 -0.4362
vn 0.9161 0.2235 0.3328
vn 0.7952 0.2877 0.5338
vn 0.7737 0.2324 -0.5894
vn 0.8091 0.3873 -0.4421
vn 0.8136 0.5606 0.1541
vn 0.5843 0.3956 -0.7086
vn -0.7161 0.6431 0.2713
vn -0.6405 0.5662 -0.5187
vn -0.7118 0.5505 -0.4362
vn -0.1216 -0.9770 -0.1750
vn 0.1249 -0.9761 -0.1778
vn 0.0607 -0.6872 0.7239
vn -0.9657 -0.2536 0.0551
vn -0.7589 -0.0581 0.6487
vn -0.9836 -0.1805 -0.0034
vn 0.3846 -0.5776 0.7200
vn 0.4530 -0.5377 0.7111
vn 0.6371 -0.7250 -0.2617
vn -0.9715 -0.2297 0.0576
vn -0.9568 -0.2782 0.0838
vn -0.8383 -0.2404 0.4893
vn -0.6454 -0.6017 0.4705
vn -0.5515 -0.7996 -0.2378
vn -0.5875 -0.7793 -0.2180
vn 0.5165 -0.6276 0.5826
vn 0.4168 -0.4155 0.8085
vn 0.6938 -0.7087 -0.1281
vn -0.9973 0.0286 0.0674
vn -0.9973 0.0286 0.0674
vn -0.9973 0.0286 0.0674
vn 0.9081 0.0487 0.4159
vn 0.7145 0.0370 0.6987
vn 0.9817 -0.0698 -0.1773
vn 0.9040 -0.0193 0.4271
vn 0.9998 -0.0167 0.0144
vn 0.9817 -0.0698 -0.1773
vn 0.9998 -0.0167 0.0144
vn 0.8837 0.1024 0.4567
vn 0.9079 0.0543 -0.4156
vn 0.3767 0.5095 -0.7736
vn 0.5390 0.5941 -0.5971
vn 0.2504 0.5667 -0.7849
vn -0.0195 0.5864 -0.8098
vn -0.1252 0.9904 0.0591
vn -0.3441 0.9386 -0.0231
vn -0.1252 0.9904 0.0591
vn -0.0195 0.5864 -0.8098
vn 0.1633 0.8503 -0.5004
vn 0.7480 -0.4695 0.4690
vn 0.9373 -0.3483 -0.0143
vn 0.8622 -0.5044 -0.0477
vn 0.7047 -0.1381 0.6959
vn 0.9885 -0.1483 -0.0281
vn 0.9373 -0.3483 -0.0143
vn 0.7239 0.6498 -0.2318
vn 0.5237 0.4342 -0.7329
vn 0.5843 0.3956 -0.7086
vn 0.5390 0.5941 -0.5971
vn 0.4767 0.4530 -0.7534
vn 0.5237 0.4342 -0.7329
vn 0.6362 -0.7147 0.2906
vn 0.4536 -0.5351 0.7126
vn 0.6447 -0.7457 -0.1680
vn 0.5825 -0.6201 0.5255
vn 0.6362 -0.7147 0.2906
vn 0.6657 -0.7155 -0.2117
vn -0.9287 0.3707 -0.0013
vn -0.9082 0.4007 -0.1210
vn -0.8138 0.3382 0.4726
vn 0.2391 -0.8394 -0.4881
vn 0.2391 -0.8394 -0.4881
vn 0.3105 -0.9285 -0.2036
vn -0.7161 0.6431 0.2713
vn -0.6279 0.5653 -0.5349
vn -0.4160 0.6385 -0.6475
vn -0.6123 0.6523 -0.4467
vn -0.6123 0.6523 -0.4467
vn -0.7118 0.5505 -0.4362
vn -0.7118 0.5505 -0.4362
vn -0.7424 0.4738 0.4737
vn -0.8102 0.4899 -0.3218
vn -0.8542 0.4748 -0.2118
vn -0.8102 0.4899 -0.3218
vn -0.8087 0.4589 0.3681
vn -0.9082 0.4007 -0.1210
vn -0.8542 0.4748 -0.2118
vn -0.7850 0.3857 0.4849
vn 0.6657 -0.7155 -0.2117
vn 0.6371 -0.7250 -0.2617
vn 0.6281 -0.7009 0.3381
vn -0.8799 -0.2589 0.3984
vn -0.7155 -0.3448 0.6076
vn -0.9097 -0.4133 -0.0394
vn 0.8622 -0.5044 -0.0477
vn 0.6938 -0.7087 -0.1281
vn 0.7480 -0.4695 0.4690
vn -0.9212 0.3072 0.2388
vn -0.9287 0.3707 -0.0013
vn -0.6031 0.2825 0.7460
vn -0.9212 0.3072 0.2388
vn -0.6914 0.1830 0.6989
vn -0.9844 0.1195 0.1293
vn 0.7151 -0.1296 0.6869
vn 0.9902 -0.0684 0.1217
vn 0.9885 -0.1483 -0.0281
vn -0.7589 -0.0581 0.6487
vn -0.9844 0.1195 0.1293
vn -0.7313 0.0623 0.6792
vn -0.9657 -0.2536 0.0551
vn -0.6650 -0.2393 0.7074
vn -0.9568 -0.2782 0.0838
vn -0.8383 -0.2404 0.4893
vn -0.8597 -0.2300 0.4561
vn -0.9715 -0.2297 0.0576
vn 0.3767 0.5095 -0.7736
vn 0.4767 0.4530 -0.7534
vn 0.5390 0.5941 -0.5971
vn -0.9715 -0.2297 0.0576
vn -0.7698 -0.1753 0.6137
vn -0.8799 -0.2589 0.3984
vn -0.5875 -0.7793 -0.2180
vn -0.9097 -0.4133 -0.0394
vn -0.6454 -0.6017 0.4705
vn -0.5875 -0.7793 -0.2180
vn -0.4071 -0.8977 -0.1682
vn -0.1216 -0.9770 -0.1750
vn -0.3619 -0.2148 0.9071
vn 0.8212 0.3472 0.4528
vn 0.0740 0.0386 0.9965
vn 0.0877 0.0195 0.9960
vn 0.3746 0.1554 0.9141
vn -0.0286 -0.0887 0.9956
vn -0.5345 -0.2869 0.7950
vn 0.7699 0.2973 0.5647
vn -0.8129 -0.3121 0.4918
vn -0.8129 -0.3121 0.4918
vn 0.6627 0.1753 0.7280
vn -0.8873 -0.2184 0.4062
vn -0.8240 0.0137 0.5664
vn 0.6627 0.1753 0.7280
vn 0.9319 -0.0283 0.3616
vn -0.7274 0.1942 0.6582
vn 0.7938 -0.2236 0.5655
vn -0.0140 0.0033 0.9999
vn 0.0685 0.2062 0.9761
vn 0.3095 0.9508 0.0159
vn -0.0795 -0.2837 0.9556
vn -0.1636 0.2853 0.9444
vn -0.6089 0.7367 0.2940
vn -0.4944 0.8514 -0.1752
vn 0.1358 -0.0733 0.9880
vn -0.6960 0.2249 0.6819
vn -0.9249 0.2997 -0.2340
vn -0.2471 0.0867 0.9651
vn -0.6278 0.1671 0.7602
vn -0.6960 0.2249 0.6819
vn 0.1003 -0.0368 0.9943
vn -0.6278 0.1671 0.7602
vn -0.2015 0.0662 0.9772
vn 0.4476 0.5168 0.7297
vn -0.5346 -0.7042 0.4672
vn -0.6403 -0.7389 0.2099
vn 0.5134 0.6366 0.5755
vn -0.3786 -0.4733 0.7954
vn -0.0911 -0.0979 0.9910
vn 0.3079 0.3911 0.8673
vn -0.3786 -0.4733 0.7954
vn 0.3945 0.5016 0.7699
vn 0.8638 0.1478 0.4816
vn -0.5257 -0.2119 0.8239
vn -0.7634 -0.1573 0.6265
vn 0.2092 -0.0527 0.9765
vn -0.9541 0.1072 0.2795
vn 0.6747 -0.0801 0.7337
vn -0.5345 -0.2869 0.7950
vn 0.8212 0.3472 0.4528
vn 0.7923 0.3606 0.4921
vn -0.2395 -0.2204 0.9455
vn 0.4105 0.2296 0.8825
vn 0.8026 0.5134 0.3039
vn -0.0286 -0.0887 0.9956
vn 0.6442 0.3262 0.6918
vn -0.6606 -0.3642 0.6565
vn -0.8240 0.0137 0.5664
vn 0.7129 -0.0951 0.6948
vn -0.7061 0.1254 0.6969
vn -0.2408 -0.3319 0.9121
vn 0.5100 0.4194 0.7510
vn 0.0193 0.0190 0.9996
vn -0.1636 0.2853 0.9444
vn -0.3458 0.7978 0.4940
vn -0.2121 0.4770 0.8529
vn -0.0823 0.0273 0.9962
vn -0.8971 0.4312 -0.0957
vn -0.8518 0.4910 -0.1825
vn 0.3708 0.4498 0.8125
vn -0.4502 -0.5381 0.7126
vn 0.3079 0.3911 0.8673
vn 0.3708 0.4498 0.8125
vn -0.6403 -0.7389 0.2099
vn -0.6495 -0.7200 0.2442
vn 0.3714 -0.0259 0.9281
vn -0.7634 -0.1573 0.6265
vn -0.7220 -0.0867 0.6865
vn 0.6746 0.4142 0.6110
vn -0.5257 -0.2119 0.8239
vn 0.7636 0.3291 0.5555
vn 0.5366 0.5578 0.6332
vn -0.7403 -0.4211 0.5240
vn 0.6746 0.4142 0.6110
vn 0.1080 -0.0558 0.9926
vn -0.9541 0.1072 0.2795
vn -0.8468 0.1927 0.4957
vn 0.5181 -0.0337 0.8547
vn -0.9390 -0.0414 0.3415
vn -0.7728 -0.0013 0.6346
vn 0.3714 -0.0259 0.9281
vn -0.9390 -0.0414 0.3415
vn -0.1064 -0.0051 0.9943
vn -0.3619 -0.2148 0.9071
vn 0.6442 0.3262 0.6918
vn 0.7638 0.3754 0.5250
vn 0.0814 0.0167 0.9965
vn 0.4105 0.2296 0.8825
vn 0.0868 0.0763 0.9933
vn -0.2395 -0.2204 0.9455
vn 0.7059 0.4576 0.5407
vn -0.5969 -0.3964 0.6975
vn 0.0877 0.0195 0.9960
vn 0.7059 0.4576 0.5407
vn 0.4710 0.2417 0.8484
vn -0.9285 0.2643 0.2607
vn 0.7986 -0.2785 0.5335
vn 0.8883 -0.2501 0.3851
vn -0.7274 0.1942 0.6582
vn 0.8883 -0.2501 0.3851
vn 0.8672 -0.2228 0.4453
vn -0.5470 0.3471 0.7618
vn 0.8132 -0.4801 0.3289
vn 0.1665 0.1027 0.9807
vn 0.9333 -0.1280 -0.3355
vn 0.9333 -0.1280 -0.3355
vn 0.9333 -0.1280 -0.3355
vn 0.3958 0.5662 0.7230
vn -0.3819 -0.4227 0.8218
vn -0.5346 -0.7042 0.4672
vn 0.7449 -0.0146 0.6670
vn -0.7728 -0.0013 0.6346
vn -0.9897 -0.0003 0.1434
vn 0.2092 -0.0527 0.9765
vn -0.9897 -0.0003 0.1434
vn -0.9669 0.0571 0.2488
vn -0.0678 0.0485 0.9965
vn 0.3367 -0.4145 0.8455
vn -0.0084 0.1129 0.9936
vn 0.1003 -0.0368 0.9943
vn -0.8468 0.1927 0.4957
vn -0.9626 0.2561 0.0882
vn -0.0823 0.0273 0.9962
vn -0.7352 0.5194 -0.4356
vn -0.6050 0.3846 0.6971
vn 0.1843 0.1653 0.9689
vn 0.3095 0.9508 0.0159
vn 0.5755 0.8172 0.0295
vn 0.0814 0.0167 0.9965
vn 0.5100 0.4194 0.7510
vn 0.7089 0.4989 0.4987
vn -0.0084 0.1129 0.9936
vn 0.3522 -0.5736 0.7395
vn -0.1657 0.2045 0.9647
vn 0.1358 -0.0733 0.9880
vn -0.8971 0.4312 -0.0957
vn 0.4463 -0.1932 0.8738
vn 0.0481 -0.0693 0.9964
vn -0.7352 0.5194 -0.4356
vn -0.6251 0.6332 -0.4563
vn -0.1889 -0.1729 0.9667
vn -0.3819 -0.4227 0.8218
vn 0.0161 0.0411 0.9990
vn 0.0481 -0.0693 0.9964
vn -0.6089 0.7367 0.2940
vn -0.0899 0.1125 0.9896
vn -0.5470 0.3471 0.7618
vn 0.7938 -0.2236 0.5655
vn 0.8022 -0.2959 0.5185
vn -0.9087 0.2694 0.3189
vn 0.8556 -0.2349 0.4613
vn 0.7986 -0.2785 0.5335
vn -0.7061 0.1254 0.6969
vn 0.8556 -0.2349 0.4613
vn -0.0338 0.0607 0.9976
vn 0.1843 0.1653 0.9689
vn 0.6853 0.7279 -0.0242
vn -0.2408 -0.3319 0.9121
vn -0.0099 -0.0060 0.9999
vn 0.0557 0.9935 0.0990
vn 0.0685 0.2062 0.9761
vn -0.0099 -0.0060 0.9999
vn -0.3458 0.7978 0.4940
vn -0.1920 0.8434 -0.5018
vn -0.0678 0.0485 0.9965
vn 0.8132 -0.4801 0.3289
vn 0.4186 -0.5274 0.7394
vn 0.5134 0.6366 0.5755
vn -0.6659 -0.6735 0.3209
vn 0.5366 0.5578 0.6332
vn -0.2372 -0.2400 0.9413
vn 0.7239 0.6498 -0.2318
vn 0.4903 0.5357 0.6874
vn -0.2372 -0.2400 0.9413
vn 0.4287 0.7642 0.4819
vn 0.4293 0.6200 0.6567
vn -0.3816 -0.0500 0.9230
vn 0.7047 -0.1381 0.6959
vn -0.8233 0.1420 0.5495
vn -0.6785 0.4472 0.5828
vn 0.4883 -0.2076 0.8476
vn 0.7480 -0.4695 0.4690
vn -0.2779 0.3532 0.8933
vn 0.5165 -0.6276 0.5826
vn 0.4536 -0.5351 0.7126
vn -0.1705 0.2045 0.9639
vn 0.6281 -0.7009 0.3381
vn -0.3681 0.4046 0.8371
vn -0.2976 0.2810 0.9124
vn -0.7161 0.6431 0.2713
vn -0.5498 0.4669 0.6926
vn -0.1879 0.0591 0.9804
vn -0.7424 0.4738 0.4737
vn -0.5261 0.3116 0.7913
vn 0.2426 -0.1987 0.9496
vn -0.2909 0.1257 0.9485
vn -0.8087 0.4589 0.3681
vn 0.5269 -0.2592 0.8094
vn -0.8138 0.3382 0.4726
vn 0.8496 -0.3731 0.3728
vn 0.7705 0.2354 0.5924
vn -0.0843 -0.0732 0.9938
vn 0.1254 -0.0401 0.9913
vn 0.2643 0.1991 0.9437
vn 0.7239 0.6498 -0.2318
vn 0.7840 0.6207 0.0104
vn 0.2643 0.1991 0.9437
vn 0.8136 0.5606 0.1541
vn 0.2161 0.1220 0.9687
vn -0.8233 0.1420 0.5495
vn 0.4883 -0.2076 0.8476
vn -0.7164 0.3235 0.6182
vn -0.1744 0.2110 0.9618
vn 0.7480 -0.4695 0.4690
vn 0.4168 -0.4155 0.8085
vn -0.3681 0.4046 0.8371
vn 0.4530 -0.5377 0.7111
vn -0.2705 0.3563 0.8944
vn -0.3063 0.4745 0.8253
vn -0.5498 0.4669 0.6926
vn -0.4910 0.6485 0.5817
vn 0.3698 -0.2339 0.8992
vn -0.8138 0.3382 0.4726
vn -0.7850 0.3857 0.4849
vn 0.7440 0.2005 0.6374
vn -0.7698 -0.1753 0.6137
vn -0.8597 -0.2300 0.4561
vn 0.1332 0.2441 0.9606
vn -0.0636 -0.2915 0.9545
vn -0.2699 -0.3264 0.9059
vn -0.4824 -0.2337 0.8442
vn 0.7952 0.2877 0.5338
vn -0.0443 -0.0167 0.9989
vn 0.3812 0.4974 0.7793
vn -0.3896 -0.1884 0.9015
vn 0.6938 0.3837 0.6094
vn 0.9023 0.2615 0.3428
vn -0.6650 -0.2393 0.7074
vn 0.7705 0.2354 0.5924
vn 0.0018 -0.0367 0.9993
vn 0.4287 0.7642 0.4819
vn 0.2522 0.4062 0.8783
vn 0.6336 0.1364 0.7615
vn -0.3865 0.0544 0.9207
vn 0.7961 -0.1197 0.5932
vn 0.5605 -0.1733 0.8098
vn -0.3865 0.0544 0.9207
vn -0.6914 0.1830 0.6989
vn -0.5516 -0.1085 0.8270
vn 0.8837 0.1024 0.4567
vn -0.3109 -0.0547 0.9489
vn -0.4732 -0.0363 0.8802
vn 0.7145 0.0370 0.6987
vn -0.7091 -0.0367 0.7042
vn -0.4708 0.0025 0.8822
vn 0.0944 0.2559 0.9621
vn 0.0944 0.2559 0.9621
vn 0.5269 -0.2592 0.8094
vn -0.6031 0.2825 0.7460
vn -0.7859 0.3637 0.5001
vn 0.5571 0.1900 0.8084
vn -0.3896 -0.1884 0.9015
vn -0.7155 -0.3448 0.6076
vn 0.3698 -0.2339 0.8992
vn -0.2909 0.1257 0.9485
vn 0.0319 -0.0198 0.9993
vn 0.2426 -0.1987 0.9496
vn -0.5900 0.3753 0.7149
vn 0.3968 -0.2706 0.8771
vn 0.2954 -0.2387 0.9251
vn -0.5900 0.3753 0.7149
vn -0.7424 0.4738 0.4737
vn -0.3063 0.4745 0.8253
vn -0.3441 0.9386 -0.0231
vn 0.1087 -0.3181 0.9418
vn 0.2334 0.0419 0.9715
vn 0.7952 0.2877 0.5338
vn 0.9161 0.2235 0.3328
vn 0.2161 0.1220 0.9687
vn 0.5610 0.3584 0.7462
vn 0.5610 0.3584 0.7462
vn -0.2814 0.1929 0.9400
vn -0.7161 0.6431 0.2713
vn 0.3995 -0.3930 0.8282
vn -0.0168 0.0251 0.9995
vn -0.0636 -0.2915 0.9545
vn 0.0041 0.0414 0.9991
vn 0.1254 -0.0401 0.9913
vn -0.7589 -0.0581 0.6487
vn 0.9558 0.0923 0.2793
vn -0.2705 0.3563 0.8944
vn 0.3846 -0.5776 0.7200
vn -0.3216 0.4741 0.8196
vn 0.3812 0.4974 0.7793
vn -0.2699 -0.3264 0.9059
vn -0.6454 -0.6017 0.4705
vn -0.4304 0.5213 0.7369
vn 0.4168 -0.4155 0.8085
vn 0.5165 -0.6276 0.5826
vn 0.2334 0.0419 0.9715
vn 0.9754 0.1352 -0.1743
vn -0.5516 -0.1085 0.8270
vn -0.4708 0.0025 0.8822
vn 0.7145 0.0370 0.6987
vn 0.9081 0.0487 0.4159
vn -0.8609 -0.0096 0.5088
vn 0.9040 -0.0193 0.4271
vn -0.4732 -0.0363 0.8802
vn -0.3109 -0.0547 0.9489
vn 0.2858 0.0579 0.9565
vn 0.2858 0.0579 0.9565
vn -0.0953 0.1416 0.9853
vn -0.3441 0.9386 -0.0231
vn -0.1252 0.9904 0.0591
vn 0.0018 -0.0367 0.9993
vn -0.1252 0.9904 0.0591
vn 0.1633 0.8503 -0.5004
vn -0.4489 0.5288 0.7203
vn 0.4536 -0.5351 0.7126
vn 0.6362 -0.7147 0.2906
vn -0.1705 0.2045 0.9639
vn 0.6362 -0.7147 0.2906
vn 0.5825 -0.6201 0.5255
vn -0.0168 0.0251 0.9995
vn 0.3846 -0.5776 0.7200
vn 0.0607 -0.6872 0.7239
vn -0.2814 0.1929 0.9400
vn -0.5261 0.3116 0.7913
vn -0.5761 0.4041 0.7105
vn 0.5571 0.1900 0.8084
vn -0.8799 -0.2589 0.3984
vn 0.0679 -0.0972 0.9929
vn 0.7099 -0.3714 0.5984
vn -0.9212 0.3072 0.2388
vn -0.6031 0.2825 0.7460
vn 0.5605 -0.1733 0.8098
vn 0.0268 -0.0082 0.9996
vn 0.0268 -0.0082 0.9996
vn -0.3816 -0.0500 0.9230
vn 0.0577 -0.3575 0.9321
vn 0.7151 -0.1296 0.6869
vn 0.6336 0.1364 0.7615
vn -0.7589 -0.0581 0.6487
vn -0.7313 0.0623 0.6792
vn 0.7440 0.2005 0.6374
vn -0.8383 -0.2404 0.4893
vn 0.9023 0.2615 0.3428
vn 0.8383 0.2440 0.4875
vn -0.8799 -0.2589 0.3984
vn -0.7698 -0.1753 0.6137
vn -0.3619 -0.2148 0.9071
vn 0.7638 0.3754 0.5250
vn 0.8212 0.3472 0.4528
vn 0.0877 0.0195 0.9960
vn 0.4710 0.2417 0.8484
vn 0.3746 0.1554 0.9141
vn -0.5345 -0.2869 0.7950
vn 0.7923 0.3606 0.4921
vn 0.7699 0.2973 0.5647
vn -0.8129 -0.3121 0.4918
vn 0.7699 0.2973 0.5647
vn 0.6627 0.1753 0.7280
vn -0.8240 0.0137 0.5664
vn -0.8873 -0.2184 0.4062
vn 0.6627 0.1753 0.7280
vn -0.7274 0.1942 0.6582
vn 0.8672 -0.2228 0.4453
vn 0.7938 -0.2236 0.5655
vn 0.0685 0.2062 0.9761
vn 0.0557 0.9935 0.0990
vn 0.3095 0.9508 0.0159
vn -0.1636 0.2853 0.9444
vn -0.0899 0.1125 0.9896
vn -0.6089 0.7367 0.2940
vn 0.1358 -0.0733 0.9880
vn -0.2471 0.0867 0.9651
vn -0.6960 0.2249 0.6819
vn -0.2471 0.0867 0.9651
vn -0.2015 0.0662 0.9772
vn -0.6278 0.1671 0.7602
vn 0.1003 -0.0368 0.9943
vn -0.9626 0.2561 0.0882
vn -0.6278 0.1671 0.7602
vn 0.4476 0.5168 0.7297
vn 0.3958 0.5662 0.7230
vn -0.5346 -0.7042 0.4672
vn 0.5134 0.6366 0.5755
vn 0.3945 0.5016 0.7699
vn -0.3786 -0.4733 0.7954
vn 0.3079 0.3911 0.8673
vn -0.4502 -0.5381 0.7126
vn -0.3786 -0.4733 0.7954
vn 0.8638 0.1478 0.4816
vn 0.7636 0.3291 0.5555
vn -0.5257 -0.2119 0.8239
vn 0.2092 -0.0527 0.9765
vn -0.9669 0.0571 0.2488
vn -0.9541 0.1072 0.2795
vn -0.5345 -0.2869 0.7950
vn 0.0769 0.0320 0.9965
vn 0.8212 0.3472 0.4528
vn -0.2395 -0.2204 0.9455
vn 0.0868 0.0763 0.9933
vn 0.4105 0.2296 0.8825
vn -0.0286 -0.0887 0.9956
vn 0.3746 0.1554 0.9141
vn 0.6442 0.3262 0.6918
vn -0.8240 0.0137 0.5664
vn 0.9319 -0.0283 0.3616
vn 0.7129 -0.0951 0.6948
vn -0.2408 -0.3319 0.9121
vn 0.6853 0.7279 -0.0242
vn 0.5100 0.4194 0.7510
vn -0.1636 0.2853 0.9444
vn -0.4944 0.8514 -0.1752
vn -0.3458 0.7978 0.4940
vn -0.0823 0.0273 0.9962
vn 0.4463 -0.1932 0.8738
vn -0.8971 0.4312 -0.0957
vn 0.3708 0.4498 0.8125
vn -0.6495 -0.7200 0.2442
vn -0.4502 -0.5381 0.7126
vn 0.3708 0.4498 0.8125
vn 0.4476 0.5168 0.7297
vn -0.6403 -0.7389 0.2099
vn 0.3714 -0.0259 0.9281
vn 0.8638 0.1478 0.4816
vn -0.7634 -0.1573 0.6265
vn 0.6746 0.4142 0.6110
vn -0.7403 -0.4211 0.5240
vn -0.5257 -0.2119 0.8239
vn 0.5366 0.5578 0.6332
vn -0.6659 -0.6735 0.3209
vn -0.7403 -0.4211 0.5240
vn 0.1080 -0.0558 0.9926
vn 0.6747 -0.0801 0.7337
vn -0.9541 0.1072 0.2795
vn 0.5181 -0.0337 0.8547
vn -0.1066 0.0016 0.9943
vn -0.9390 -0.0414 0.3415
vn 0.3714 -0.0259 0.9281
vn -0.7220 -0.0867 0.6865
vn -0.9390 -0.0414 0.3415
vn -0.3619 -0.2148 0.9071
vn -0.6606 -0.3642 0.6565
vn 0.6442 0.3262 0.6918
vn 0.0814 0.0167 0.9965
vn 0.7089 0.4989 0.4987
vn 0.4105 0.2296 0.8825
vn -0.2395 -0.2204 0.9455
vn 0.8026 0.5134 0.3039
vn 0.7059 0.4576 0.5407
vn 0.0877 0.0195 0.9960
vn -0.5969 -0.3964 0.6975
vn 0.7059 0.4576 0.5407
vn -0.9285 0.2643 0.2607
vn -0.9087 0.2694 0.3189
vn 0.7986 -0.2785 0.5335
vn -0.7274 0.1942 0.6582
vn -0.9285 0.2643 0.2607
vn 0.8883 -0.2501 0.3851
vn -0.5470 0.3471 0.7618
vn 0.8022 -0.2959 0.5185
vn 0.1704 0.3353 0.9266
vn -0.1889 -0.1729 0.9667
vn -0.1657 0.2045 0.9647
vn 0.3522 -0.5736 0.7395
vn 0.3958 0.5662 0.7230
vn 0.0161 0.0411 0.9990
vn -0.3819 -0.4227 0.8218
vn 0.7449 -0.0146 0.6670
vn 0.5181 -0.0337 0.8547
vn -0.7728 -0.0013 0.6346
vn 0.2092 -0.0527 0.9765
vn 0.7449 -0.0146 0.6670
vn -0.9897 -0.0003 0.1434
vn -0.0678 0.0485 0.9965
vn 0.4186 -0.5274 0.7394
vn 0.3367 -0.4145 0.8455
vn 0.1003 -0.0368 0.9943
vn 0.1080 -0.0558 0.9926
vn -0.8468 0.1927 0.4957
vn -0.0823 0.0273 0.9962
vn -0.8518 0.4910 -0.1825
vn -0.6443 0.2641 0.7177
vn 0.1843 0.1653 0.9689
vn -0.0795 -0.2837 0.9556
vn 0.3095 0.9508 0.0159
vn 0.0814 0.0167 0.9965
vn 0.0193 0.0190 0.9996
vn 0.5100 0.4194 0.7510
vn -0.0084 0.1129 0.9936
vn 0.3367 -0.4145 0.8455
vn 0.3522 -0.5736 0.7395
vn 0.1358 -0.0733 0.9880
vn -0.9249 0.2997 -0.2340
vn -0.8971 0.4312 -0.0957
vn 0.0481 -0.0693 0.9964
vn -0.5282 0.4880 0.6949
vn -0.7352 0.5194 -0.4356
vn -0.1889 -0.1729 0.9667
vn -0.6420 -0.6719 0.3693
vn -0.3819 -0.4227 0.8218
vn 0.0481 -0.0693 0.9964
vn -0.6251 0.6332 -0.4563
vn -0.6089 0.7367 0.2940
vn -0.5470 0.3471 0.7618
vn -0.0130 0.0063 0.9999
vn 0.7938 -0.2236 0.5655
vn -0.9087 0.2694 0.3189
vn -0.0907 -0.1502 0.9845
vn 0.8556 -0.2349 0.4613
vn -0.7061 0.1254 0.6969
vn 0.7129 -0.0951 0.6948
vn 0.8556 -0.2349 0.4613
vn 0.1843 0.1653 0.9689
vn 0.5755 0.8172 0.0295
vn 0.6853 0.7279 -0.0242
vn -0.0099 -0.0060 0.9999
vn -0.1920 0.8434 -0.5018
vn 0.0557 0.9935 0.0990
vn -0.0099 -0.0060 0.9999
vn -0.2121 0.4770 0.8529
vn -0.3458 0.7978 0.4940
vn -0.0678 0.0485 0.9965
vn -0.1059 -0.2626 0.9591
vn 0.8132 -0.4801 0.3289
vn 0.5134 0.6366 0.5755
vn -0.0874 -0.1009 0.9911
vn -0.6659 -0.6735 0.3209
vn -0.2372 -0.2400 0.9413
vn 0.5464 0.5214 0.6554
vn 0.7239 0.6498 -0.2318
vn -0.2372 -0.2400 0.9413
vn 0.2522 0.4062 0.8783
vn 0.4287 0.7642 0.4819
vn -0.3816 -0.0500 0.9230
vn 0.7151 -0.1296 0.6869
vn 0.7047 -0.1381 0.6959
vn -0.6785 0.4472 0.5828
vn -0.7164 0.3235 0.6182
vn 0.4883 -0.2076 0.8476
vn -0.2779 0.3532 0.8933
vn -0.4304 0.5213 0.7369
vn 0.5165 -0.6276 0.5826
vn -0.1705 0.2045 0.9639
vn 0.5825 -0.6201 0.5255
vn 0.6281 -0.7009 0.3381
vn -0.2976 0.2810 0.9124
vn 0.3995 -0.3930 0.8282
vn -0.7161 0.6431 0.2713
vn -0.1879 0.0591 0.9804
vn 0.2954 -0.2387 0.9251
vn -0.7424 0.4738 0.4737
vn 0.2426 -0.1987 0.9496
vn 0.0319 -0.0198 0.9993
vn -0.2909 0.1257 0.9485
vn 0.5269 -0.2592 0.8094
vn -0.7859 0.3637 0.5001
vn -0.8138 0.3382 0.4726
vn 0.7705 0.2354 0.5924
vn -0.6650 -0.2393 0.7074
vn -0.0843 -0.0732 0.9938
vn 0.2643 0.1991 0.9437
vn 0.5736 0.4448 0.6878
vn 0.7239 0.6498 -0.2318
vn 0.2643 0.1991 0.9437
vn 0.7840 0.6207 0.0104
vn 0.8136 0.5606 0.1541
vn -0.8233 0.1420 0.5495
vn 0.7047 -0.1381 0.6959
vn 0.4883 -0.2076 0.8476
vn -0.1744 0.2110 0.9618
vn -0.6785 0.4472 0.5828
vn 0.7480 -0.4695 0.4690
vn -0.3681 0.4046 0.8371
vn 0.6281 -0.7009 0.3381
vn 0.4530 -0.5377 0.7111
vn -0.3063 0.4745 0.8253
vn -0.2976 0.2810 0.9124
vn -0.5498 0.4669 0.6926
vn 0.3698 -0.2339 0.8992
vn 0.8496 -0.3731 0.3728
vn -0.8138 0.3382 0.4726
vn 0.7440 0.2005 0.6374
vn 0.8383 0.2440 0.4875
vn -0.7698 -0.1753 0.6137
vn 0.1332 0.2441 0.9606
vn 0.0041 0.0414 0.9991
vn -0.0636 -0.2915 0.9545
vn 0.6359 0.1998 0.7455
vn 0.6359 0.1998 0.7455
vn 0.7952 0.2877 0.5338
vn 0.3812 0.4974 0.7793
vn -0.6454 -0.6017 0.4705
vn -0.3896 -0.1884 0.9015
vn 0.9023 0.2615 0.3428
vn -0.8383 -0.2404 0.4893
vn -0.6650 -0.2393 0.7074
vn 0.0018 -0.0367 0.9993
vn 0.1633 0.8503 -0.5004
vn 0.4287 0.7642 0.4819
vn 0.6336 0.1364 0.7615
vn -0.7313 0.0623 0.6792
vn -0.3865 0.0544 0.9207
vn 0.5605 -0.1733 0.8098
vn 0.7961 -0.1197 0.5932
vn -0.3865 0.0544 0.9207
vn -0.5516 -0.1085 0.8270
vn 0.9754 0.1352 -0.1743
vn 0.8837 0.1024 0.4567
vn -0.4732 -0.0363 0.8802
vn 0.9040 -0.0193 0.4271
vn 0.7145 0.0370 0.6987
vn -0.4708 0.0025 0.8822
vn 0.9081 0.0487 0.4159
vn 0.1705 0.0102 0.9853
vn 0.5269 -0.2592 0.8094
vn 0.7099 -0.3714 0.5984
vn -0.6031 0.2825 0.7460
vn 0.5571 0.1900 0.8084
vn 0.6938 0.3837 0.6094
vn -0.3896 -0.1884 0.9015
vn 0.3698 -0.2339 0.8992
vn -0.7850 0.3857 0.4849
vn -0.2909 0.1257 0.9485
vn 0.2426 -0.1987 0.9496
vn -0.8087 0.4589 0.3681
vn -0.5900 0.3753 0.7149
vn 0.2954 -0.2387 0.9251
vn 0.3968 -0.2706 0.8771
vn -0.5900 0.3753 0.7149
vn -0.3063 0.4745 0.8253
vn -0.4910 0.6485 0.5817
vn -0.3441 0.9386 -0.0231
vn 0.2334 0.0419 0.9715
vn -0.0443 -0.0167 0.9989
vn 0.7952 0.2877 0.5338
vn 0.2161 0.1220 0.9687
vn 0.8136 0.5606 0.1541
vn 0.8091 0.3873 -0.4421
vn -0.2814 0.1929 0.9400
vn -0.5761 0.4041 0.7105
vn -0.7161 0.6431 0.2713
vn -0.0168 0.0251 0.9995
vn 0.0607 -0.6872 0.7239
vn -0.0636 -0.2915 0.9545
vn 0.1254 -0.0401 0.9913
vn -0.0843 -0.0732 0.9938
vn -0.7589 -0.0581 0.6487
vn -0.2705 0.3563 0.8944
vn 0.4530 -0.5377 0.7111
vn 0.3846 -0.5776 0.7200
vn 0.3812 0.4974 0.7793
vn 0.1332 0.2441 0.9606
vn -0.2699 -0.3264 0.9059
vn -0.4304 0.5213 0.7369
vn -0.1744 0.2110 0.9618
vn 0.4168 -0.4155 0.8085
vn 0.2334 0.0419 0.9715
vn 0.9161 0.2235 0.3328
vn 0.9754 0.1352 -0.1743
vn -0.4708 0.0025 0.8822
vn -0.7091 -0.0367 0.7042
vn 0.7145 0.0370 0.6987
vn 0.2501 -0.5415 0.8027
vn 0.2501 -0.5415 0.8027
vn 0.9040 -0.0193 0.4271
vn -0.3109 -0.0547 0.9489
vn 0.8837 0.1024 0.4567
vn 0.9998 -0.0167 0.0144
vn -0.0953 0.1416 0.9853
vn 0.1087 -0.3181 0.9418
vn -0.3441 0.9386 -0.0231
vn 0.0018 -0.0367 0.9993
vn -0.0953 0.1416 0.9853
vn -0.1252 0.9904 0.0591
vn -0.4489 0.5288 0.7203
vn -0.2779 0.3532 0.8933
vn 0.4536 -0.5351 0.7126
vn -0.1705 0.2045 0.9639
vn -0.4489 0.5288 0.7203
vn 0.6362 -0.7147 0.2906
vn -0.0168 0.0251 0.9995
vn -0.3216 0.4741 0.8196
vn 0.3846 -0.5776 0.7200
vn -0.2814 0.1929 0.9400
vn -0.1879 0.0591 0.9804
vn -0.5261 0.3116 0.7913
vn 0.5571 0.1900 0.8084
vn -0.7155 -0.3448 0.6076
vn -0.8799 -0.2589 0.3984
vn 0.7099 -0.3714 0.5984
vn 0.0252 -0.0126 0.9996
vn 0.0252 -0.0126 0.9996
vn 0.5605 -0.1733 0.8098
vn -0.6914 0.1830 0.6989
vn 0.0229 -0.1448 0.9892
vn -0.3816 -0.0500 0.9230
vn 0.0765 -0.3040 0.9496
vn 0.0765 -0.3040 0.9496
vn 0.6336 0.1364 0.7615
vn 0.9558 0.0923 0.2793
vn -0.7589 -0.0581 0.6487
vn 0.7440 0.2005 0.6374
vn -0.8597 -0.2300 0.4561
vn -0.8383 -0.2404 0.4893
vn 0.8383 0.2440 0.4875
vn 0.0053 0.0889 0.9960
vn -0.8799 -0.2589 0.3984
f 4//1 7//2 3//3
f 5//4 9//5 6//6
f 7//7 9//8 5//9
f 12//10 8//11 6//12
f 13//13 6//14 9//15
f 10//16 16//17 9//18
f 12//19 14//20 11//21
f 13//22 15//23 12//24
f 10//25 17//26 16//27
f 15//28 19//29 14//30
f 21//31 15//32 16//33
f 17//34 21//35 16//36
f 18//37 22//38 17//39
f 21//40 24//41 20//42
f 26//43 21//44 22//45
f 28//46 22//47 23//48
f 30//49 24//50 25//51
f 32//52 33//53 35//54
f 39//55 34//56 32//57
f 39//58 35//59 40//60
f 42//61 38//62 39//63
f 42//64 40//65 43//66
f 44//67 40//68 36//69
f 45//70 36//71 37//72
f 51//73 50//74 52//75
f 55//76 51//77 52//78
f 48//79 54//80 55//81
f 55//82 53//83 56//84
f 62//85 58//86 59//87
f 50//88 61//89 62//90
f 62//91 60//92 63//93
f 64//94 49//95 51//96
f 65//97 50//98 62//99
f 65//100 63//101 66//102
f 53//103 65//104 66//105
f 68//106 51//107 54//108
f 69//109 53//110 66//111
f 69//112 67//113 70//114
f 57//115 69//116 70//117
f 73//118 58//119 72//120
f 74//121 59//122 73//123
f 75//124 58//125 61//126
f 76//127 74//128 73//129
f 63//130 74//131 77//132
f 64//133 75//134 61//135
f 79//136 63//137 77//138
f 67//139 79//140 80//141
f 68//142 78//143 64//144
f 82//145 67//146 80//147
f 84//148 72//149 83//150
f 75//151 83//152 72//153
f 85//154 84//155 83//156
f 76//157 84//158 86//159
f 87//160 76//161 86//162
f 88//163 75//164 78//165
f 79//166 87//167 89//168
f 80//169 79//170 89//171
f 90//172 78//173 81//174
f 91//175 80//176 89//177
f 82//178 80//179 91//180
f 93//181 85//182 92//183
f 94//184 86//185 93//186
f 88//187 92//188 85//189
f 96//190 94//191 93//192
f 89//193 94//194 97//195
f 98//196 88//197 90//198
f 91//199 97//200 99//201
f 101//202 92//203 100//204
f 95//205 100//206 92//207
f 102//208 101//209 100//210
f 96//211 101//212 103//213
f 104//214 96//215 103//216
f 105//217 95//218 98//219
f 106//220 104//221 103//222
f 99//223 104//224 107//225
f 109//226 102//227 108//228
f 110//229 109//230 108//231
f 106//232 109//233 111//234
f 112//235 106//236 111//237
f 47//238 48//239 113//240
f 116//241 47//242 113//243
f 116//244 114//245 117//246
f 120//247 115//248 116//249
f 121//250 116//251 117//252
f 121//253 118//254 122//255
f 124//256 120//257 125//258
f 126//259 120//260 121//261
f 127//262 121//263 122//264
f 129//265 125//266 130//267
f 130//268 31//269 129//270
f 130//271 126//272 131//273
f 33//274 130//275 131//276
f 132//277 126//278 127//279
f 133//280 127//281 123//282
f 135//283 31//284 34//285
f 136//286 33//287 131//288
f 136//289 132//290 137//291
f 36//292 136//293 137//294
f 137//295 133//296 138//297
f 37//298 137//299 138//300
f 139//301 133//302 128//303
f 139//304 134//305 140//306
f 38//307 135//308 34//309
f 142//310 37//311 138//312
f 142//313 139//314 143//315
f 143//316 140//317 144//318
f 41//319 141//320 38//321
f 46//322 143//323 144//324
f 148//325 48//326 55//327
f 148//328 56//329 149//330
f 114//331 148//332 149//333
f 149//334 57//335 150//336
f 115//337 147//338 47//339
f 153//340 114//341 149//342
f 118//343 153//344 150//345
f 150//346 151//347 154//348
f 119//349 152//350 115//351
f 156//352 118//353 150//354
f 156//355 154//356 157//357
f 123//358 156//359 157//360
f 158//361 119//362 124//363
f 159//364 123//365 157//366
f 159//367 179//368 160//369
f 128//370 159//371 160//372
f 162//373 124//374 129//375
f 163//376 128//377 160//378
f 163//379 161//380 164//381
f 134//382 163//383 164//384
f 135//385 162//386 129//387
f 166//388 134//389 164//390
f 141//391 165//392 135//393
f 169//394 140//395 166//396
f 169//397 167//398 170//399
f 145//400 169//401 170//402
f 146//403 168//404 141//405
f 147//406 68//407 54//408
f 173//409 57//410 70//411
f 173//412 71//413 174//414
f 151//415 173//416 174//417
f 152//418 172//419 147//420
f 176//421 151//422 174//423
f 155//424 175//425 152//426
f 179//427 154//428 176//429
f 158//430 178//431 155//432
f 181//433 179//434 177//435
f 161//436 181//437 182//438
f 162//439 180//440 158//441
f 184//442 161//443 182//444
f 183//445 162//446 165//447
f 185//448 164//449 184//450
f 167//451 185//452 186//453
f 183//454 165//455 168//456
f 187//457 167//458 186//459
f 188//460 3//461 183//462
f 188//463 1//464 4//465
f 188//466 168//467 171//468
f 172//469 81//470 68//471
f 191//472 71//473 82//474
f 175//475 190//476 172//477
f 193//478 174//479 71//480
f 177//481 176//482 193//483
f 178//484 192//485 175//486
f 205//487 177//488 193//489
f 180//490 194//491 178//492
f 181//493 195//494 196//495
f 197//496 181//497 196//498
f 198//499 197//500 196//501
f 180//502 2//503 5//504
f 185//505 197//506 199//507
f 186//508 185//509 199//510
f 200//511 186//512 199//513
f 187//514 186//515 200//516
f 189//517 200//518 210//519
f 190//520 90//521 81//522
f 192//523 201//524 190//525
f 204//526 202//527 191//528
f 193//529 202//530 205//531
f 194//532 203//533 192//534
f 195//535 205//536 207//537
f 208//538 194//539 180//540
f 217//541 195//542 207//543
f 208//544 5//545 6//546
f 198//547 196//548 220//549
f 209//550 198//551 220//552
f 231//553 209//554 220//555
f 210//556 200//557 209//558
f 211//559 90//560 201//561
f 212//562 91//563 99//564
f 191//565 91//566 213//567
f 203//568 211//569 201//570
f 206//571 214//572 203//573
f 216//574 204//575 213//576
f 207//577 204//578 217//579
f 218//580 8//581 215//582
f 218//583 206//584 208//585
f 220//586 217//587 219//588
f 221//589 220//590 219//591
f 232//592 209//593 231//594
f 210//595 232//596 222//597
f 223//598 98//599 211//600
f 212//601 107//602 224//603
f 225//604 212//605 224//606
f 226//607 211//608 214//609
f 227//610 225//611 224//612
f 228//613 8//614 11//615
f 228//616 214//617 215//618
f 230//619 229//620 216//621
f 246//622 231//623 221//624
f 247//625 232//626 246//627
f 234//628 105//629 223//630
f 235//631 112//632 111//633
f 224//634 112//635 236//636
f 237//637 223//638 226//639
f 238//640 236//641 235//642
f 227//643 236//644 239//645
f 240//646 11//647 14//648
f 228//649 237//650 226//651
f 241//652 227//653 239//654
f 216//655 227//656 242//657
f 243//658 242//659 241//660
f 230//661 242//662 244//663
f 245//664 230//665 244//666
f 221//667 245//668 246//669
f 233//670 247//671 268//672
f 269//673 233//674 268//675
f 170//676 249//677 250//678
f 248//679 170//680 250//681
f 249//682 187//683 251//684
f 189//685 251//686 187//687
f 252//688 189//689 210//690
f 254//691 110//692 253//693
f 234//694 253//695 110//696
f 255//697 254//698 253//699
f 235//700 254//701 256//702
f 257//703 234//704 237//705
f 238//706 256//707 258//708
f 259//709 238//710 258//711
f 240//712 19//713 260//714
f 240//715 257//716 237//717
f 261//718 259//719 258//720
f 241//721 259//722 262//723
f 263//724 19//725 20//726
f 243//727 262//728 264//729
f 265//730 243//731 264//732
f 245//733 243//734 266//735
f 267//736 266//737 265//738
f 245//739 266//740 268//741
f 271//742 269//743 270//744
f 273//745 255//746 272//747
f 257//748 272//749 255//750
f 275//751 272//752 274//753
f 258//754 273//755 275//756
f 260//757 274//758 257//759
f 276//760 275//761 274//762
f 261//763 275//764 277//765
f 278//766 261//767 277//768
f 263//769 24//770 279//771
f 263//772 276//773 260//774
f 280//775 278//776 277//777
f 264//778 278//779 281//780
f 283//781 281//782 280//783
f 265//784 281//785 283//786
f 26//787 282//788 25//789
f 267//790 283//791 297//792
f 285//793 267//794 297//795
f 286//796 26//797 27//798
f 287//799 285//800 297//801
f 288//802 27//803 28//804
f 270//805 287//806 290//807
f 292//808 276//809 291//810
f 293//811 24//812 29//813
f 279//814 291//815 276//816
f 294//817 291//818 293//819
f 280//820 292//821 294//822
f 295//823 29//824 30//825
f 282//826 30//827 25//828
f 295//829 294//830 293//831
f 283//832 294//833 296//834
f 297//835 283//836 296//837
f 298//838 282//839 284//840
f 298//841 296//842 295//843
f 299//844 297//845 296//846
f 301//847 284//848 286//849
f 301//850 299//851 298//852
f 302//853 300//854 299//855
f 287//856 300//857 303//858
f 304//859 286//860 288//861
f 304//862 302//863 301//864
f 290//865 302//866 305//867
f 290//868 287//869 303//870
f 312//871 306//872 307//873
f 312//874 307//875 308//876
f 314//877 1//878 309//879
f 315//880 309//881 310//882
f 315//883 310//884 311//885
f 312//886 316//887 311//888
f 313//889 317//890 312//891
f 315//892 318//893 314//894
f 316//895 319//896 315//897
f 317//898 320//899 316//900
f 314//901 7//902 4//903
f 318//904 322//905 314//906
f 319//907 324//908 318//909
f 320//910 325//911 319//912
f 321//913 326//914 320//915
f 322//916 10//917 7//918
f 323//919 327//920 322//921
f 324//922 328//923 323//924
f 325//925 329//926 324//927
f 320//928 330//929 325//930
f 326//931 330//932 320//933
f 328//934 18//935 327//936
f 329//937 338//938 328//939
f 330//940 333//941 329//942
f 331//943 335//944 330//945
f 337//946 331//947 332//948
f 334//949 339//950 333//951
f 341//952 334//953 335//954
f 342//955 335//956 336//957
f 343//958 336//959 337//960
f 348//961 308//962 344//963
f 349//964 344//965 345//966
f 350//967 345//968 346//969
f 347//970 351//971 346//972
f 348//973 354//974 313//975
f 349//976 354//977 348//978
f 350//979 355//980 349//981
f 356//982 350//983 351//984
f 357//985 351//986 352//987
f 353//988 357//989 352//990
f 354//991 321//992 317//993
f 355//994 358//995 354//996
f 360//997 355//998 356//999
f 362//1000 356//1001 357//1002
f 358//1003 364//1004 321//1005
f 359//1006 366//1007 358//1008
f 360//1009 367//1010 359//1011
f 369//1012 360//1013 361//1014
f 370//1015 361//1016 362//1017
f 364//1018 332//1019 326//1020
f 365//1021 371//1022 364//1023
f 373//1024 365//1025 366//1026
f 374//1027 366//1028 367//1029
f 375//1030 367//1031 368//1032
f 376//1033 332//1034 371//1035
f 377//1036 371//1037 372//1038
f 23//1039 18//1040 338//1041
f 379//1042 338//1043 339//1044
f 380//1045 339//1046 340//1047
f 381//1048 23//1049 378//1050
f 382//1051 383//1052 385//1053
f 385//1054 426//1055 386//1056
f 389//1057 384//1058 382//1059
f 389//1060 385//1061 390//1062
f 390//1063 386//1064 391//1065
f 393//1066 387//1067 388//1068
f 393//1069 389//1070 394//1071
f 394//1072 390//1073 395//1074
f 395//1075 391//1076 396//1077
f 399//1078 392//1079 393//1080
f 399//1081 394//1082 400//1083
f 400//1084 395//1085 401//1086
f 403//1087 41//1088 42//1089
f 403//1090 43//1091 404//1092
f 404//1093 44//1094 405//1095
f 406//1096 44//1097 45//1098
f 407//1099 45//1100 142//1101
f 410//1102 402//1103 403//1104
f 410//1105 404//1106 411//1107
f 411//1108 405//1109 412//1110
f 412//1111 406//1112 413//1113
f 414//1114 406//1115 407//1116
f 415//1117 407//1118 46//1119
f 416//1120 409//1121 410//1122
f 416//1123 411//1124 417//1125
f 417//1126 412//1127 418//1128
f 418//1129 413//1130 419//1131
f 420//1132 413//1133 414//1134
f 421//1135 414//1136 415//1137
f 422//1138 415//1139 408//1140
f 416//1141 417//1142 424//1143
f 424//1144 418//1145 425//1146
f 383//1147 419//1148 420//1149
f 383//1150 382//1151 419//1152
f 383//1153 421//1154 426//1155
f 426//1156 422//1157 427//1158
f 428//1159 416//1160 429//1161
f 429//1162 424//1163 430//1164
f 430//1165 425//1166 431//1167
f 384//1168 425//1169 419//1170
f 429//1171 430//1172 432//1173
f 432//1174 431//1175 387//1176
f 388//1177 431//1178 384//1179
f 433//1180 429//1181 434//1182
f 434//1183 432//1184 435//1185
f 436//1186 432//1187 387//1188
f 436//1189 387//1190 392//1191
f 437//1192 434//1193 438//1194
f 397//1195 435//1196 436//1197
f 397//1198 392//1199 398//1200
f 441//1201 391//1202 439//1203
f 442//1204 396//1205 441//1206
f 824//1207 441//1208 790//1209
f 422//1210 532//1211 443//1212
f 445//1213 422//1214 443//1215
f 445//1216 444//1217 446//1218
f 427//1219 445//1220 447//1221
f 439//1222 427//1223 447//1224
f 448//1225 445//1226 446//1227
f 826//1228 440//1229 787//1230
f 450//1231 398//1232 399//1233
f 450//1234 400//1235 451//1236
f 451//1237 401//1238 452//1239
f 452//1240 396//1241 453//1242
f 455//1243 449//1244 398//1245
f 455//1246 450//1247 456//1248
f 456//1249 451//1250 457//1251
f 457//1252 452//1253 458//1254
f 458//1255 453//1256 459//1257
f 462//1258 454//1259 455//1260
f 462//1261 456//1262 463//1263
f 463//1264 457//1265 464//1266
f 464//1267 458//1268 465//1269
f 467//1270 460//1271 461//1272
f 467//1273 462//1274 468//1275
f 468//1276 463//1277 469//1278
f 469//1279 464//1280 470//1281
f 471//1282 464//1283 465//1284
f 468//1285 466//1286 467//1287
f 472//1288 469//1289 473//1290
f 476//1291 466//1292 468//1293
f 477//1294 468//1295 472//1296
f 478//1297 473//1298 469//1299
f 479//1300 469//1301 470//1302
f 479//1303 474//1304 480//1305
f 481//1306 477//1307 482//1308
f 483//1309 477//1310 472//1311
f 483//1312 472//1313 478//1314
f 484//1315 478//1316 479//1317
f 484//1318 479//1319 480//1320
f 437//1321 438//1322 486//1323
f 487//1324 438//1325 435//1326
f 487//1327 397//1328 449//1329
f 488//1330 486//1331 489//1332
f 490//1333 486//1334 487//1335
f 454//1336 487//1337 449//1338
f 491//1339 489//1340 492//1341
f 490//1342 460//1343 492//1344
f 490//1345 454//1346 461//1347
f 494//1348 491//1349 492//1350
f 494//1351 460//1352 466//1353
f 496//1354 493//1355 494//1356
f 498//1357 495//1358 496//1359
f 475//1360 496//1361 466//1362
f 499//1363 498//1364 500//1365
f 500//1366 475//1367 481//1368
f 483//1369 501//1370 482//1371
f 503//1372 483//1373 484//1374
f 504//1375 500//1376 505//1377
f 485//1378 500//1379 481//1380
f 482//1381 506//1382 485//1383
f 482//1384 501//1385 507//1386
f 508//1387 501//1388 502//1389
f 510//1390 502//1391 503//1392
f 453//1393 442//1394 512//1395
f 811//1396 442//1397 810//1398
f 459//1399 512//1400 513//1401
f 827//1402 512//1403 811//1404
f 514//1405 459//1406 513//1407
f 828//1408 513//1409 827//1410
f 515//1411 465//1412 514//1413
f 517//1414 484//1415 480//1416
f 817//1417 480//1418 813//1419
f 511//1420 517//1421 518//1422
f 521//1423 504//1424 505//1425
f 521//1426 506//1427 522//1428
f 523//1429 506//1430 507//1431
f 523//1432 508//1433 524//1434
f 525//1435 508//1436 509//1437
f 525//1438 510//1439 526//1440
f 526//1441 511//1442 527//1443
f 528//1444 511//1445 518//1446
f 402//1447 146//1448 41//1449
f 530//1450 46//1451 144//1452
f 530//1453 145//1454 531//1455
f 408//1456 530//1457 531//1458
f 409//1459 529//1460 402//1461
f 532//1462 408//1463 531//1464
f 423//1465 533//1466 409//1467
f 534//1468 306//1469 533//1470
f 534//1471 423//1472 428//1473
f 307//1474 534//1475 535//1476
f 535//1477 428//1478 433//1479
f 308//1480 535//1481 536//1482
f 536//1483 433//1484 437//1485
f 537//1486 1//1487 171//1488
f 537//1489 146//1490 529//1491
f 309//1492 537//1493 538//1494
f 538//1495 529//1496 533//1497
f 538//1498 306//1499 311//1500
f 539//1501 222//1502 541//1503
f 542//1504 541//1505 233//1506
f 540//1507 541//1508 542//1509
f 542//1510 544//1511 557//1512
f 545//1513 542//1514 557//1515
f 546//1516 545//1517 557//1518
f 543//1519 545//1520 547//1521
f 549//1522 548//1523 546//1524
f 556//1525 550//1526 555//1527
f 544//1528 269//1529 271//1530
f 557//1531 544//1532 271//1533
f 558//1534 557//1535 271//1536
f 560//1537 559//1538 558//1539
f 546//1540 559//1541 560//1542
f 562//1543 546//1544 560//1545
f 566//1546 561//1547 565//1548
f 549//1549 562//1550 566//1551
f 567//1552 549//1553 566//1554
f 341//1555 563//1556 340//1557
f 570//1558 564//1559 569//1560
f 570//1561 566//1562 565//1563
f 571//1564 567//1565 566//1566
f 342//1567 568//1568 341//1569
f 577//1570 569//1571 576//1572
f 577//1573 570//1574 569//1575
f 578//1576 571//1577 570//1578
f 572//1579 571//1580 550//1581
f 572//1582 550//1583 551//1584
f 343//1585 573//1586 342//1587
f 552//1588 343//1589 337//1590
f 579//1591 574//1592 573//1593
f 581//1594 574//1595 580//1596
f 582//1597 575//1598 581//1599
f 582//1600 577//1601 576//1602
f 554//1603 577//1604 553//1605
f 555//1606 578//1607 554//1608
f 531//1609 248//1610 583//1611
f 532//1612 583//1613 584//1614
f 584//1615 588//1616 585//1617
f 444//1618 584//1619 585//1620
f 830//1621 444//1622 585//1623
f 586//1624 248//1625 250//1626
f 588//1627 583//1628 586//1629
f 589//1630 588//1631 587//1632
f 794//1633 589//1634 795//1635
f 590//1636 250//1637 251//1638
f 591//1639 586//1640 590//1641
f 592//1642 591//1643 590//1644
f 589//1645 591//1646 593//1647
f 594//1648 589//1649 593//1650
f 595//1651 594//1652 593//1653
f 539//1654 252//1655 210//1656
f 590//1657 252//1658 596//1659
f 592//1660 596//1661 600//1662
f 597//1663 592//1664 600//1665
f 598//1666 597//1667 600//1668
f 593//1669 597//1670 599//1671
f 831//1672 599//1673 788//1674
f 540//1675 600//1676 539//1677
f 598//1678 540//1679 603//1680
f 601//1681 598//1682 603//1683
f 599//1684 598//1685 601//1686
f 818//1687 804//1688 602//1689
f 819//1690 818//1691 602//1692
f 603//1693 540//1694 542//1695
f 543//1696 603//1697 542//1698
f 601//1699 543//1700 604//1701
f 608//1702 602//1703 607//1704
f 819//1705 602//1706 803//1707
f 605//1708 548//1709 609//1710
f 567//1711 609//1712 549//1713
f 610//1714 567//1715 551//1716
f 610//1717 606//1718 609//1719
f 556//1720 610//1721 551//1722
f 611//1723 607//1724 610//1725
f 344//1726 536//1727 612//1728
f 612//1729 437//1730 488//1731
f 612//1732 488//1733 491//1734
f 345//1735 612//1736 613//1737
f 613//1738 491//1739 493//1740
f 346//1741 613//1742 614//1743
f 614//1744 493//1745 495//1746
f 346//1747 614//1748 615//1749
f 615//1750 495//1751 497//1752
f 347//1753 615//1754 616//1755
f 499//1756 615//1757 497//1758
f 617//1759 499//1760 504//1761
f 618//1762 347//1763 616//1764
f 617//1765 618//1766 616//1767
f 363//1768 622//1769 362//1770
f 619//1771 363//1772 357//1773
f 624//1774 623//1775 620//1776
f 624//1777 620//1778 621//1779
f 369//1780 631//1781 368//1782
f 638//1783 632//1784 637//1785
f 639//1786 633//1787 638//1788
f 370//1789 634//1790 369//1791
f 622//1792 370//1793 362//1794
f 644//1795 636//1796 643//1797
f 645//1798 637//1799 644//1800
f 645//1801 623//1802 624//1803
f 646//1804 638//1805 645//1806
f 625//1807 645//1808 624//1809
f 647//1810 622//1811 626//1812
f 647//1813 641//1814 640//1815
f 627//1816 647//1817 626//1818
f 649//1819 641//1820 648//1821
f 650//1822 642//1823 649//1824
f 650//1825 628//1826 629//1827
f 650//1828 643//1829 635//1830
f 651//1831 629//1832 620//1833
f 651//1834 623//1835 644//1836
f 373//1837 652//1838 372//1839
f 374//1840 655//1841 373//1842
f 656//1843 682//1844 687//1845
f 663//1846 657//1847 662//1848
f 663//1849 658//1850 653//1851
f 375//1852 659//1853 374//1854
f 631//1855 375//1856 368//1857
f 665//1858 660//1859 659//1860
f 667//1861 660//1862 666//1863
f 668//1864 661//1865 667//1866
f 668//1867 656//1868 687//1869
f 630//1870 663//1871 632//1872
f 669//1873 631//1874 634//1875
f 669//1876 666//1877 665//1878
f 670//1879 667//1880 666//1881
f 635//1882 667//1883 671//1884
f 636//1885 668//1886 635//1887
f 672//1888 656//1889 636//1890
f 672//1891 636//1892 637//1893
f 672//1894 632//1895 662//1896
f 673//1897 634//1898 640//1899
f 673//1900 670//1901 669//1902
f 641//1903 673//1904 640//1905
f 671//1906 641//1907 642//1908
f 376//1909 552//1910 337//1911
f 677//1912 554//1913 553//1914
f 677//1915 556//1916 555//1917
f 377//1918 674//1919 376//1920
f 652//1921 377//1922 372//1923
f 682//1924 675//1925 681//1926
f 683//1927 676//1928 682//1929
f 684//1930 677//1931 553//1932
f 654//1933 677//1934 653//1935
f 685//1936 652//1937 655//1938
f 685//1939 680//1940 679//1941
f 687//1942 680//1943 686//1944
f 687//1945 682//1946 681//1947
f 683//1948 682//1949 656//1950
f 657//1951 683//1952 656//1953
f 684//1954 657//1955 653//1956
f 688//1957 655//1958 659//1959
f 688//1960 686//1961 685//1962
f 660//1963 688//1964 659//1965
f 661//1966 686//1967 689//1968
f 661//1969 689//1970 660//1971
f 690//1972 552//1973 674//1974
f 690//1975 580//1976 579//1977
f 691//1978 581//1979 580//1980
f 676//1981 581//1982 675//1983
f 692//1984 674//1985 679//1986
f 692//1987 691//1988 690//1989
f 680//1990 692//1991 679//1992
f 519//1993 693//1994 518//1995
f 834//1996 694//1997 797//1998
f 835//1999 823//2000 695//2001
f 835//2002 695//2003 808//2004
f 696//2005 625//2006 621//2007
f 836//2008 698//2009 814//2010
f 639//2011 698//2012 630//2013
f 700//2014 639//2015 646//2016
f 700//2017 625//2018 695//2019
f 839//2020 701//2021 820//2022
f 840//2023 701//2024 702//2025
f 703//2026 654//2027 658//2028
f 703//2029 840//2030 702//2031
f 664//2032 630//2033 697//2034
f 678//2035 611//2036 556//2037
f 701//2038 611//2039 678//2040
f 702//2041 678//2042 654//2043
f 702//2044 701//2045 678//2046
f 520//2047 617//2048 504//2049
f 705//2050 520//2051 521//2052
f 706//2053 521//2054 522//2055
f 523//2056 706//2057 522//2058
f 524//2059 707//2060 523//2061
f 709//2062 524//2063 525//2064
f 710//2065 525//2066 526//2067
f 711//2068 526//2069 527//2070
f 712//2071 706//2072 713//2073
f 714//2074 706//2075 707//2076
f 715//2077 707//2078 708//2079
f 716//2080 617//2081 704//2082
f 717//2083 704//2084 705//2085
f 709//2086 718//2087 708//2088
f 720//2089 709//2090 710//2091
f 721//2092 710//2093 711//2094
f 712//2095 717//2096 705//2097
f 723//2098 712//2099 713//2100
f 724//2101 713//2102 714//2103
f 715//2104 724//2105 714//2106
f 715//2107 718//2108 725//2109
f 716//2110 619//2111 353//2112
f 717//2113 726//2114 716//2115
f 719//2116 730//2117 718//2118
f 732//2119 620//2120 731//2121
f 732//2122 719//2123 720//2124
f 733//2125 720//2126 721//2127
f 734//2128 717//2129 722//2130
f 734//2131 728//2132 727//2133
f 723//2134 734//2135 722//2136
f 735//2137 729//2138 728//2139
f 736//2140 723//2141 724//2142
f 737//2143 729//2144 736//2145
f 737//2146 724//2147 725//2148
f 737//2149 718//2150 730//2151
f 738//2152 619//2153 726//2154
f 738//2155 627//2156 626//2157
f 727//2158 738//2159 726//2160
f 728//2161 739//2162 727//2163
f 740//2164 728//2165 729//2166
f 741//2167 629//2168 740//2169
f 741//2170 729//2171 730//2172
f 741//2173 730//2174 731//2175
f 648//2176 627//2177 739//2178
f 742//2179 739//2180 740//2181
f 742//2182 628//2183 649//2184
f 528//2185 711//2186 527//2187
f 528//2188 693//2189 743//2190
f 745//2191 711//2192 743//2193
f 746//2194 694//2195 745//2196
f 746//2197 743//2198 744//2199
f 694//2200 621//2201 733//2202
f 694//2203 721//2204 745//2205
f 747//2206 271//2207 270//2208
f 750//2209 747//2210 749//2211
f 558//2212 747//2213 750//2214
f 379//2215 748//2216 378//2217
f 752//2218 558//2219 750//2220
f 757//2221 751//2222 756//2223
f 757//2224 752//2225 749//2226
f 380//2227 753//2228 379//2229
f 563//2230 380//2231 340//2232
f 760//2233 755//2234 754//2235
f 760//2236 757//2237 756//2238
f 565//2239 757//2240 564//2241
f 761//2242 563//2243 568//2244
f 762//2245 758//2246 761//2247
f 762//2248 754//2249 759//2250
f 763//2251 760//2252 754//2253
f 764//2254 568//2255 573//2256
f 764//2257 762//2258 761//2259
f 574//2260 764//2261 573//2262
f 763//2263 762//2264 765//2265
f 575//2266 765//2267 574//2268
f 768//2269 289//2270 767//2271
f 768//2272 270//2273 290//2274
f 381//2275 766//2276 28//2277
f 748//2278 381//2279 378//2280
f 772//2281 767//2282 771//2283
f 772//2284 769//2285 768//2286
f 749//2287 769//2288 773//2289
f 775//2290 770//2291 774//2292
f 775//2293 772//2294 771//2295
f 777//2296 772//2297 776//2298
f 751//2299 773//2300 777//2301
f 753//2302 774//2303 748//2304
f 778//2305 775//2306 774//2307
f 776//2308 775//2309 779//2310
f 776//2311 754//2312 755//2313
f 756//2314 751//2315 777//2316
f 780//2317 753//2318 758//2319
f 781//2320 778//2321 780//2322
f 759//2323 780//2324 758//2325
f 781//2326 754//2327 779//2328
f 766//2329 304//2330 288//2331
f 783//2332 304//2333 782//2334
f 783//2335 289//2336 305//2337
f 784//2338 766//2339 770//2340
f 785//2341 782//2342 784//2343
f 771//2344 784//2345 770//2346
f 785//2347 767//2348 783//2349
f 3//2350 5//2351 2//2352
f 3//2353 7//2354 5//2355
f 7//2356 10//2357 9//2358
f 12//2359 11//2360 8//2361
f 13//2362 12//2363 6//2364
f 9//2365 16//2366 13//2367
f 12//2368 15//2369 14//2370
f 13//2371 16//2372 15//2373
f 10//2374 18//2375 17//2376
f 15//2377 20//2378 19//2379
f 21//2380 20//2381 15//2382
f 17//2383 22//2384 21//2385
f 18//2386 23//2387 22//2388
f 21//2389 25//2390 24//2391
f 26//2392 25//2393 21//2394
f 27//2395 26//2396 22//2397
f 28//2398 27//2399 22//2400
f 30//2401 29//2402 24//2403
f 32//2404 34//2405 31//2406
f 39//2407 38//2408 34//2409
f 39//2410 32//2411 35//2412
f 40//2413 35//2414 36//2415
f 42//2416 41//2417 38//2418
f 42//2419 39//2420 40//2421
f 44//2422 43//2423 40//2424
f 45//2425 44//2426 36//2427
f 45//2428 37//2429 142//2430
f 51//2431 49//2432 50//2433
f 55//2434 54//2435 51//2436
f 48//2437 47//2438 54//2439
f 55//2440 52//2441 53//2442
f 62//2443 61//2444 58//2445
f 50//2446 49//2447 61//2448
f 62//2449 59//2450 60//2451
f 64//2452 61//2453 49//2454
f 65//2455 52//2456 50//2457
f 65//2458 62//2459 63//2460
f 53//2461 52//2462 65//2463
f 68//2464 64//2465 51//2466
f 69//2467 56//2468 53//2469
f 69//2470 66//2471 67//2472
f 57//2473 56//2474 69//2475
f 73//2476 59//2477 58//2478
f 74//2479 60//2480 59//2481
f 75//2482 72//2483 58//2484
f 76//2485 77//2486 74//2487
f 63//2488 60//2489 74//2490
f 64//2491 78//2492 75//2493
f 79//2494 66//2495 63//2496
f 67//2497 66//2498 79//2499
f 68//2500 81//2501 78//2502
f 82//2503 70//2504 67//2505
f 71//2506 70//2507 82//2508
f 84//2509 73//2510 72//2511
f 75//2512 85//2513 83//2514
f 85//2515 86//2516 84//2517
f 76//2518 73//2519 84//2520
f 87//2521 77//2522 76//2523
f 88//2524 85//2525 75//2526
f 79//2527 77//2528 87//2529
f 90//2530 88//2531 78//2532
f 93//2533 86//2534 85//2535
f 94//2536 87//2537 86//2538
f 88//2539 95//2540 92//2541
f 96//2542 97//2543 94//2544
f 89//2545 87//2546 94//2547
f 98//2548 95//2549 88//2550
f 91//2551 89//2552 97//2553
f 101//2554 93//2555 92//2556
f 95//2557 102//2558 100//2559
f 102//2560 103//2561 101//2562
f 96//2563 93//2564 101//2565
f 104//2566 97//2567 96//2568
f 108//2569 95//2570 105//2571
f 106//2572 107//2573 104//2574
f 99//2575 97//2576 104//2577
f 109//2578 103//2579 102//2580
f 105//2581 110//2582 108//2583
f 110//2584 111//2585 109//2586
f 106//2587 103//2588 109//2589
f 112//2590 107//2591 106//2592
f 116//2593 115//2594 47//2595
f 116//2596 113//2597 114//2598
f 120//2599 119//2600 115//2601
f 121//2602 120//2603 116//2604
f 121//2605 117//2606 118//2607
f 124//2608 119//2609 120//2610
f 126//2611 125//2612 120//2613
f 127//2614 126//2615 121//2616
f 127//2617 122//2618 123//2619
f 129//2620 124//2621 125//2622
f 130//2623 32//2624 31//2625
f 130//2626 125//2627 126//2628
f 33//2629 32//2630 130//2631
f 132//2632 131//2633 126//2634
f 133//2635 132//2636 127//2637
f 133//2638 123//2639 128//2640
f 135//2641 129//2642 31//2643
f 136//2644 35//2645 33//2646
f 136//2647 131//2648 132//2649
f 36//2650 35//2651 136//2652
f 137//2653 132//2654 133//2655
f 37//2656 36//2657 137//2658
f 139//2659 138//2660 133//2661
f 139//2662 128//2663 134//2664
f 38//2665 141//2666 135//2667
f 142//2668 138//2669 139//2670
f 143//2671 139//2672 140//2673
f 41//2674 146//2675 141//2676
f 46//2677 142//2678 143//2679
f 147//2680 54//2681 47//2682
f 148//2683 113//2684 48//2685
f 148//2686 55//2687 56//2688
f 114//2689 113//2690 148//2691
f 149//2692 56//2693 57//2694
f 115//2695 152//2696 147//2697
f 153//2698 117//2699 114//2700
f 153//2701 149//2702 150//2703
f 118//2704 117//2705 153//2706
f 119//2707 155//2708 152//2709
f 156//2710 122//2711 118//2712
f 156//2713 150//2714 154//2715
f 123//2716 122//2717 156//2718
f 158//2719 155//2720 119//2721
f 159//2722 157//2723 179//2724
f 128//2725 123//2726 159//2727
f 162//2728 158//2729 124//2730
f 163//2731 160//2732 161//2733
f 134//2734 128//2735 163//2736
f 135//2737 165//2738 162//2739
f 166//2740 140//2741 134//2742
f 141//2743 168//2744 165//2745
f 169//2746 144//2747 140//2748
f 169//2749 166//2750 167//2751
f 145//2752 144//2753 169//2754
f 146//2755 171//2756 168//2757
f 147//2758 172//2759 68//2760
f 173//2761 150//2762 57//2763
f 173//2764 70//2765 71//2766
f 151//2767 150//2768 173//2769
f 152//2770 175//2771 172//2772
f 176//2773 154//2774 151//2775
f 155//2776 178//2777 175//2778
f 179//2779 157//2780 154//2781
f 179//2782 176//2783 177//2784
f 158//2785 180//2786 178//2787
f 181//2788 160//2789 179//2790
f 161//2791 160//2792 181//2793
f 162//2794 183//2795 180//2796
f 184//2797 164//2798 161//2799
f 185//2800 166//2801 164//2802
f 167//2803 166//2804 185//2805
f 183//2806 3//2807 2//2808
f 187//2809 170//2810 167//2811
f 188//2812 4//2813 3//2814
f 188//2815 171//2816 1//2817
f 188//2818 183//2819 168//2820
f 172//2821 190//2822 81//2823
f 175//2824 192//2825 190//2826
f 193//2827 176//2828 174//2829
f 178//2830 194//2831 192//2832
f 205//2833 195//2834 177//2835
f 181//2836 177//2837 195//2838
f 197//2839 182//2840 181//2841
f 184//2842 182//2843 197//2844
f 180//2845 183//2846 2//2847
f 185//2848 184//2849 197//2850
f 189//2851 187//2852 200//2853
f 190//2854 201//2855 90//2856
f 191//2857 82//2858 91//2859
f 202//2860 71//2861 191//2862
f 192//2863 203//2864 201//2865
f 204//2866 205//2867 202//2868
f 193//2869 71//2870 202//2871
f 194//2872 206//2873 203//2874
f 208//2875 206//2876 194//2877
f 217//2878 196//2879 195//2880
f 208//2881 180//2882 5//2883
f 209//2884 197//2885 198//2886
f 199//2887 197//2888 209//2889
f 200//2890 199//2891 209//2892
f 211//2893 98//2894 90//2895
f 212//2896 213//2897 91//2898
f 203//2899 214//2900 211//2901
f 204//2902 191//2903 213//2904
f 206//2905 215//2906 214//2907
f 216//2908 217//2909 204//2910
f 207//2911 205//2912 204//2913
f 218//2914 6//2915 8//2916
f 218//2917 208//2918 6//2919
f 218//2920 215//2921 206//2922
f 220//2923 196//2924 217//2925
f 210//2926 209//2927 232//2928
f 223//2929 105//2930 98//2931
f 212//2932 99//2933 107//2934
f 225//2935 213//2936 212//2937
f 226//2938 223//2939 211//2940
f 228//2941 215//2942 8//2943
f 228//2944 226//2945 214//2946
f 216//2947 213//2948 225//2949
f 229//2950 217//2951 216//2952
f 219//2953 217//2954 229//2955
f 221//2956 219//2957 229//2958
f 231//2959 220//2960 221//2961
f 246//2962 232//2963 231//2964
f 247//2965 233//2966 232//2967
f 222//2968 232//2969 233//2970
f 234//2971 110//2972 105//2973
f 235//2974 236//2975 112//2976
f 224//2977 107//2978 112//2979
f 237//2980 234//2981 223//2982
f 238//2983 239//2984 236//2985
f 227//2986 224//2987 236//2988
f 240//2989 228//2990 11//2991
f 228//2992 240//2993 237//2994
f 241//2995 242//2996 227//2997
f 216//2998 225//2999 227//3000
f 243//3001 244//3002 242//3003
f 230//3004 216//3005 242//3006
f 245//3007 229//3008 230//3009
f 221//3010 229//3011 245//3012
f 245//3013 247//3014 246//3015
f 248//3016 145//3017 170//3018
f 249//3019 170//3020 187//3021
f 251//3022 250//3023 249//3024
f 252//3025 251//3026 189//3027
f 254//3028 111//3029 110//3030
f 255//3031 256//3032 254//3033
f 235//3034 111//3035 254//3036
f 257//3037 253//3038 234//3039
f 238//3040 235//3041 256//3042
f 259//3043 239//3044 238//3045
f 240//3046 14//3047 19//3048
f 240//3049 260//3050 257//3051
f 261//3052 262//3053 259//3054
f 241//3055 239//3056 259//3057
f 263//3058 260//3059 19//3060
f 243//3061 241//3062 262//3063
f 265//3064 266//3065 243//3066
f 245//3067 244//3068 243//3069
f 267//3070 268//3071 266//3072
f 268//3073 247//3074 245//3075
f 273//3076 256//3077 255//3078
f 257//3079 274//3080 272//3081
f 275//3082 273//3083 272//3084
f 258//3085 256//3086 273//3087
f 260//3088 276//3089 274//3090
f 276//3091 277//3092 275//3093
f 261//3094 258//3095 275//3096
f 278//3097 262//3098 261//3099
f 263//3100 20//3101 24//3102
f 263//3103 279//3104 276//3105
f 280//3106 281//3107 278//3108
f 264//3109 262//3110 278//3111
f 265//3112 264//3113 281//3114
f 26//3115 284//3116 282//3117
f 267//3118 265//3119 283//3120
f 285//3121 268//3122 267//3123
f 286//3124 284//3125 26//3126
f 287//3127 269//3128 285//3129
f 269//3130 268//3131 285//3132
f 288//3133 286//3134 27//3135
f 270//3136 269//3137 287//3138
f 292//3139 277//3140 276//3141
f 293//3142 279//3143 24//3144
f 279//3145 293//3146 291//3147
f 294//3148 292//3149 291//3150
f 280//3151 277//3152 292//3153
f 295//3154 293//3155 29//3156
f 282//3157 295//3158 30//3159
f 295//3160 296//3161 294//3162
f 283//3163 280//3164 294//3165
f 298//3166 295//3167 282//3168
f 298//3169 299//3170 296//3171
f 299//3172 300//3173 297//3174
f 301//3175 298//3176 284//3177
f 301//3178 302//3179 299//3180
f 302//3181 303//3182 300//3183
f 287//3184 297//3185 300//3186
f 304//3187 301//3188 286//3189
f 304//3190 305//3191 302//3192
f 290//3193 303//3194 302//3195
f 290//3196 305//3197 289//3198
f 312//3199 311//3200 306//3201
f 313//3202 312//3203 308//3204
f 314//3205 4//3206 1//3207
f 315//3208 314//3209 309//3210
f 311//3211 316//3212 315//3213
f 312//3214 317//3215 316//3216
f 315//3217 319//3218 318//3219
f 316//3220 320//3221 319//3222
f 317//3223 321//3224 320//3225
f 314//3226 322//3227 7//3228
f 318//3229 323//3230 322//3231
f 318//3232 324//3233 323//3234
f 319//3235 325//3236 324//3237
f 322//3238 327//3239 10//3240
f 323//3241 328//3242 327//3243
f 324//3244 329//3245 328//3246
f 325//3247 330//3248 329//3249
f 326//3250 331//3251 330//3252
f 332//3253 331//3254 326//3255
f 327//3256 18//3257 10//3258
f 328//3259 338//3260 18//3261
f 329//3262 333//3263 338//3264
f 330//3265 334//3266 333//3267
f 335//3268 334//3269 330//3270
f 331//3271 336//3272 335//3273
f 337//3274 336//3275 331//3276
f 339//3277 338//3278 333//3279
f 334//3280 340//3281 339//3282
f 341//3283 340//3284 334//3285
f 342//3286 341//3287 335//3288
f 343//3289 342//3290 336//3291
f 348//3292 313//3293 308//3294
f 349//3295 348//3296 344//3297
f 350//3298 349//3299 345//3300
f 351//3301 350//3302 346//3303
f 347//3304 352//3305 351//3306
f 313//3307 354//3308 317//3309
f 349//3310 355//3311 354//3312
f 350//3313 356//3314 355//3315
f 357//3316 356//3317 351//3318
f 354//3319 358//3320 321//3321
f 355//3322 359//3323 358//3324
f 360//3325 359//3326 355//3327
f 361//3328 360//3329 356//3330
f 362//3331 361//3332 356//3333
f 363//3334 362//3335 357//3336
f 321//3337 364//3338 326//3339
f 358//3340 365//3341 364//3342
f 366//3343 365//3344 358//3345
f 359//3346 367//3347 366//3348
f 360//3349 368//3350 367//3351
f 369//3352 368//3353 360//3354
f 370//3355 369//3356 361//3357
f 364//3358 371//3359 332//3360
f 365//3361 372//3362 371//3363
f 373//3364 372//3365 365//3366
f 374//3367 373//3368 366//3369
f 375//3370 374//3371 367//3372
f 376//3373 337//3374 332//3375
f 377//3376 376//3377 371//3378
f 338//3379 378//3380 23//3381
f 379//3382 378//3383 338//3384
f 380//3385 379//3386 339//3387
f 381//3388 28//3389 23//3390
f 385//3391 383//3392 426//3393
f 389//3394 388//3395 384//3396
f 389//3397 382//3398 385//3399
f 390//3400 385//3401 386//3402
f 393//3403 392//3404 387//3405
f 393//3406 388//3407 389//3408
f 394//3409 389//3410 390//3411
f 395//3412 390//3413 391//3414
f 399//3415 398//3416 392//3417
f 399//3418 393//3419 394//3420
f 400//3421 394//3422 395//3423
f 401//3424 395//3425 396//3426
f 403//3427 402//3428 41//3429
f 403//3430 42//3431 43//3432
f 404//3433 43//3434 44//3435
f 406//3436 405//3437 44//3438
f 407//3439 406//3440 45//3441
f 407//3442 142//3443 46//3444
f 410//3445 409//3446 402//3447
f 410//3448 403//3449 404//3450
f 411//3451 404//3452 405//3453
f 412//3454 405//3455 406//3456
f 414//3457 413//3458 406//3459
f 415//3460 414//3461 407//3462
f 415//3463 46//3464 408//3465
f 416//3466 410//3467 411//3468
f 417//3469 411//3470 412//3471
f 418//3472 412//3473 413//3474
f 420//3475 419//3476 413//3477
f 421//3478 420//3479 414//3480
f 422//3481 421//3482 415//3483
f 423//3484 409//3485 416//3486
f 424//3487 417//3488 418//3489
f 425//3490 418//3491 419//3492
f 383//3493 420//3494 421//3495
f 426//3496 421//3497 422//3498
f 428//3499 423//3500 416//3501
f 429//3502 416//3503 424//3504
f 430//3505 424//3506 425//3507
f 384//3508 431//3509 425//3510
f 384//3511 419//3512 382//3513
f 427//3514 386//3515 426//3516
f 432//3517 430//3518 431//3519
f 388//3520 387//3521 431//3522
f 433//3523 428//3524 429//3525
f 434//3526 429//3527 432//3528
f 436//3529 435//3530 432//3531
f 437//3532 433//3533 434//3534
f 438//3535 434//3536 435//3537
f 397//3538 436//3539 392//3540
f 391//3541 386//3542 439//3543
f 441//3544 396//3545 391//3546
f 441//3547 439//3548 440//3549
f 442//3550 824//3551 810//3552
f 422//3553 408//3554 532//3555
f 445//3556 427//3557 422//3558
f 445//3559 443//3560 444//3561
f 439//3562 386//3563 427//3564
f 448//3565 447//3566 445//3567
f 440//3568 439//3569 447//3570
f 792//3571 448//3572 791//3573
f 826//3574 786//3575 440//3576
f 398//3577 449//3578 397//3579
f 450//3580 399//3581 400//3582
f 451//3583 400//3584 401//3585
f 452//3586 401//3587 396//3588
f 455//3589 454//3590 449//3591
f 455//3592 398//3593 450//3594
f 456//3595 450//3596 451//3597
f 457//3598 451//3599 452//3600
f 458//3601 452//3602 453//3603
f 462//3604 461//3605 454//3606
f 462//3607 455//3608 456//3609
f 463//3610 456//3611 457//3612
f 464//3613 457//3614 458//3615
f 465//3616 458//3617 459//3618
f 467//3619 466//3620 460//3621
f 467//3622 461//3623 462//3624
f 468//3625 462//3626 463//3627
f 469//3628 463//3629 464//3630
f 471//3631 470//3632 464//3633
f 472//3634 468//3635 469//3636
f 474//3637 470//3638 471//3639
f 476//3640 475//3641 466//3642
f 477//3643 476//3644 468//3645
f 478//3646 472//3647 473//3648
f 479//3649 478//3650 469//3651
f 479//3652 470//3653 474//3654
f 481//3655 475//3656 476//3657
f 481//3658 476//3659 477//3660
f 483//3661 482//3662 477//3663
f 484//3664 483//3665 478//3666
f 482//3667 485//3668 481//3669
f 487//3670 486//3671 438//3672
f 487//3673 435//3674 397//3675
f 488//3676 437//3677 486//3678
f 490//3679 489//3680 486//3681
f 454//3682 490//3683 487//3684
f 491//3685 488//3686 489//3687
f 490//3688 492//3689 489//3690
f 490//3691 461//3692 460//3693
f 494//3694 493//3695 491//3696
f 494//3697 492//3698 460//3699
f 496//3700 495//3701 493//3702
f 466//3703 496//3704 494//3705
f 498//3706 497//3707 495//3708
f 475//3709 498//3710 496//3711
f 499//3712 497//3713 498//3714
f 500//3715 498//3716 475//3717
f 483//3718 502//3719 501//3720
f 503//3721 502//3722 483//3723
f 504//3724 499//3725 500//3726
f 485//3727 505//3728 500//3729
f 506//3730 505//3731 485//3732
f 482//3733 507//3734 506//3735
f 508//3736 507//3737 501//3738
f 509//3739 508//3740 502//3741
f 510//3742 509//3743 502//3744
f 511//3745 510//3746 503//3747
f 453//3748 396//3749 442//3750
f 459//3751 453//3752 512//3753
f 514//3754 465//3755 459//3756
f 514//3757 828//3758 821//3759
f 515//3760 471//3761 465//3762
f 516//3763 515//3764 514//3765
f 474//3766 471//3767 515//3768
f 474//3769 515//3770 516//3771
f 517//3772 503//3773 484//3774
f 511//3775 503//3776 517//3777
f 519//3778 518//3779 517//3780
f 521//3781 520//3782 504//3783
f 521//3784 505//3785 506//3786
f 523//3787 522//3788 506//3789
f 523//3790 507//3791 508//3792
f 525//3793 524//3794 508//3795
f 525//3796 509//3797 510//3798
f 526//3799 510//3800 511//3801
f 528//3802 527//3803 511//3804
f 402//3805 529//3806 146//3807
f 530//3808 144//3809 145//3810
f 408//3811 46//3812 530//3813
f 409//3814 533//3815 529//3816
f 534//3817 533//3818 423//3819
f 307//3820 306//3821 534//3822
f 535//3823 534//3824 428//3825
f 308//3826 307//3827 535//3828
f 536//3829 535//3830 433//3831
f 537//3832 309//3833 1//3834
f 537//3835 171//3836 146//3837
f 538//3838 537//3839 529//3840
f 310//3841 309//3842 538//3843
f 538//3844 311//3845 310//3846
f 538//3847 533//3848 306//3849
f 233//3850 541//3851 222//3852
f 539//3853 210//3854 222//3855
f 540//3856 539//3857 541//3858
f 542//3859 233//3860 544//3861
f 546//3862 547//3863 545//3864
f 543//3865 542//3866 545//3867
f 546//3868 548//3869 547//3870
f 556//3871 551//3872 550//3873
f 544//3874 233//3875 269//3876
f 558//3877 559//3878 557//3879
f 546//3880 557//3881 559//3882
f 561//3883 562//3884 560//3885
f 566//3886 562//3887 561//3888
f 549//3889 546//3890 562//3891
f 341//3892 568//3893 563//3894
f 570//3895 565//3896 564//3897
f 570//3898 571//3899 566//3900
f 571//3901 572//3902 567//3903
f 342//3904 573//3905 568//3906
f 577//3907 578//3908 570//3909
f 578//3910 550//3911 571//3912
f 572//3913 551//3914 567//3915
f 343//3916 579//3917 573//3918
f 552//3919 579//3920 343//3921
f 579//3922 580//3923 574//3924
f 581//3925 575//3926 574//3927
f 582//3928 576//3929 575//3930
f 582//3931 553//3932 577//3933
f 554//3934 578//3935 577//3936
f 555//3937 550//3938 578//3939
f 531//3940 145//3941 248//3942
f 532//3943 531//3944 583//3945
f 584//3946 443//3947 532//3948
f 444//3949 443//3950 584//3951
f 830//3952 446//3953 444//3954
f 446//3955 830//3956 816//3957
f 586//3958 583//3959 248//3960
f 588//3961 584//3962 583//3963
f 588//3964 586//3965 587//3966
f 589//3967 585//3968 588//3969
f 590//3970 586//3971 250//3972
f 591//3973 587//3974 586//3975
f 589//3976 587//3977 591//3978
f 539//3979 596//3980 252//3981
f 590//3982 251//3983 252//3984
f 592//3985 590//3986 596//3987
f 597//3988 591//3989 592//3990
f 598//3991 599//3992 597//3993
f 593//3994 591//3995 597//3996
f 595//3997 593//3998 599//3999
f 831//4000 796//4001 595//4002
f 600//4003 596//4004 539//4005
f 598//4006 600//4007 540//4008
f 799//4009 599//4010 601//4011
f 547//4012 604//4013 543//4014
f 601//4015 603//4016 543//4017
f 832//4018 800//4019 605//4020
f 607//4021 602//4022 606//4023
f 548//4024 604//4025 547//4026
f 549//4027 609//4028 548//4029
f 605//4030 604//4031 548//4032
f 606//4033 605//4034 609//4035
f 610//4036 609//4037 567//4038
f 610//4039 607//4040 606//4041
f 556//4042 611//4043 610//4044
f 611//4045 608//4046 607//4047
f 344//4048 308//4049 536//4050
f 612//4051 536//4052 437//4053
f 345//4054 344//4055 612//4056
f 613//4057 612//4058 491//4059
f 346//4060 345//4061 613//4062
f 614//4063 613//4064 493//4065
f 615//4066 614//4067 495//4068
f 347//4069 346//4070 615//4071
f 499//4072 616//4073 615//4074
f 617//4075 616//4076 499//4077
f 618//4078 352//4079 347//4080
f 353//4081 352//4082 618//4083
f 617//4084 353//4085 618//4086
f 619//4087 357//4088 353//4089
f 363//4090 626//4091 622//4092
f 619//4093 626//4094 363//4095
f 621//4096 625//4097 624//4098
f 369//4099 634//4100 631//4101
f 638//4102 633//4103 632//4104
f 639//4105 630//4106 633//4107
f 370//4108 640//4109 634//4110
f 622//4111 640//4112 370//4113
f 643//4114 636//4115 635//4116
f 644//4117 637//4118 636//4119
f 645//4120 638//4121 637//4122
f 645//4123 644//4124 623//4125
f 646//4126 639//4127 638//4128
f 625//4129 646//4130 645//4131
f 647//4132 640//4133 622//4134
f 647//4135 648//4136 641//4137
f 627//4138 648//4139 647//4140
f 649//4141 642//4142 641//4143
f 650//4144 635//4145 642//4146
f 650//4147 649//4148 628//4149
f 650//4150 651//4151 643//4152
f 629//4153 651//4154 650//4155
f 651//4156 644//4157 643//4158
f 651//4159 620//4160 623//4161
f 373//4162 655//4163 652//4164
f 658//4165 654//4166 653//4167
f 374//4168 659//4169 655//4170
f 662//4171 657//4172 656//4173
f 663//4174 653//4175 657//4176
f 663//4177 664//4178 658//4179
f 375//4180 665//4181 659//4182
f 631//4183 665//4184 375//4185
f 665//4186 666//4187 660//4188
f 667//4189 661//4190 660//4191
f 668//4192 687//4193 661//4194
f 632//4195 663//4196 662//4197
f 630//4198 664//4199 663//4200
f 630//4201 632//4202 633//4203
f 669//4204 665//4205 631//4206
f 669//4207 670//4208 666//4209
f 670//4210 671//4211 667//4212
f 635//4213 668//4214 667//4215
f 636//4216 656//4217 668//4218
f 672//4219 662//4220 656//4221
f 672//4222 637//4223 632//4224
f 673//4225 669//4226 634//4227
f 641//4228 670//4229 673//4230
f 671//4231 670//4232 641//4233
f 671//4234 642//4235 635//4236
f 376//4237 674//4238 552//4239
f 677//4240 555//4241 554//4242
f 677//4243 678//4244 556//4245
f 377//4246 679//4247 674//4248
f 652//4249 679//4250 377//4251
f 682//4252 676//4253 675//4254
f 683//4255 553//4256 676//4257
f 683//4258 684//4259 553//4260
f 684//4261 653//4262 677//4263
f 654//4264 678//4265 677//4266
f 685//4267 679//4268 652//4269
f 685//4270 686//4271 680//4272
f 687//4273 681//4274 680//4275
f 657//4276 684//4277 683//4278
f 688//4279 685//4280 655//4281
f 688//4282 689//4283 686//4284
f 660//4285 689//4286 688//4287
f 661//4288 687//4289 686//4290
f 690//4291 579//4292 552//4293
f 690//4294 691//4295 580//4296
f 691//4297 675//4298 581//4299
f 676//4300 582//4301 581//4302
f 676//4303 553//4304 582//4305
f 692//4306 690//4307 674//4308
f 680//4309 691//4310 692//4311
f 681//4312 675//4313 691//4314
f 681//4315 691//4316 680//4317
f 833//4318 808//4319 695//4320
f 696//4321 834//4322 833//4323
f 696//4324 695//4325 625//4326
f 698//4327 697//4328 630//4329
f 836//4330 798//4331 697//4332
f 639//4333 699//4334 698//4335
f 837//4336 814//4337 698//4338
f 837//4339 699//4340 838//4341
f 700//4342 699//4343 639//4344
f 700//4345 646//4346 625//4347
f 839//4348 805//4349 608//4350
f 703//4351 702//4352 654//4353
f 664//4354 703//4355 658//4356
f 841//4357 809//4358 703//4359
f 841//4360 697//4361 798//4362
f 701//4363 608//4364 611//4365
f 520//4366 704//4367 617//4368
f 705//4369 704//4370 520//4371
f 706//4372 705//4373 521//4374
f 523//4375 707//4376 706//4377
f 524//4378 708//4379 707//4380
f 709//4381 708//4382 524//4383
f 710//4384 709//4385 525//4386
f 711//4387 710//4388 526//4389
f 712//4390 705//4391 706//4392
f 714//4393 713//4394 706//4395
f 715//4396 714//4397 707//4398
f 716//4399 353//4400 617//4401
f 717//4402 716//4403 704//4404
f 709//4405 719//4406 718//4407
f 720//4408 719//4409 709//4410
f 721//4411 720//4412 710//4413
f 712//4414 722//4415 717//4416
f 723//4417 722//4418 712//4419
f 724//4420 723//4421 713//4422
f 715//4423 725//4424 724//4425
f 715//4426 708//4427 718//4428
f 716//4429 726//4430 619//4431
f 717//4432 727//4433 726//4434
f 719//4435 731//4436 730//4437
f 732//4438 621//4439 620//4440
f 732//4441 731//4442 719//4443
f 732//4444 733//4445 621//4446
f 733//4447 732//4448 720//4449
f 734//4450 727//4451 717//4452
f 734//4453 735//4454 728//4455
f 723//4456 735//4457 734//4458
f 735//4459 736//4460 729//4461
f 736//4462 735//4463 723//4464
f 737//4465 730//4466 729//4467
f 737//4468 736//4469 724//4470
f 737//4471 725//4472 718//4473
f 738//4474 626//4475 619//4476
f 738//4477 739//4478 627//4479
f 727//4480 739//4481 738//4482
f 728//4483 740//4484 739//4485
f 740//4486 629//4487 628//4488
f 741//4489 740//4490 729//4491
f 741//4492 620//4493 629//4494
f 741//4495 731//4496 620//4497
f 742//4498 649//4499 648//4500
f 742//4501 648//4502 739//4503
f 742//4504 740//4505 628//4506
f 528//4507 743//4508 711//4509
f 528//4510 518//4511 693//4512
f 744//4513 743//4514 693//4515
f 745//4516 721//4517 711//4518
f 746//4519 745//4520 743//4521
f 694//4522 696//4523 621//4524
f 694//4525 733//4526 721//4527
f 558//4528 271//4529 747//4530
f 749//4531 752//4532 750//4533
f 752//4534 560//4535 558//4536
f 753//4537 748//4538 379//4539
f 757//4540 749//4541 751//4542
f 757//4543 561//4544 752//4545
f 561//4546 560//4547 752//4548
f 380//4549 758//4550 753//4551
f 563//4552 758//4553 380//4554
f 760//4555 756//4556 755//4557
f 760//4558 564//4559 757//4560
f 565//4561 561//4562 757//4563
f 761//4564 758//4565 563//4566
f 762//4567 759//4568 758//4569
f 762//4570 763//4571 754//4572
f 763//4573 569//4574 760//4575
f 569//4576 564//4577 760//4578
f 764//4579 761//4580 568//4581
f 764//4582 765//4583 762//4584
f 574//4585 765//4586 764//4587
f 575//4588 763//4589 765//4590
f 576//4591 569//4592 763//4593
f 576//4594 763//4595 575//4596
f 766//4597 288//4598 28//4599
f 768//4600 290//4601 289//4602
f 768//4603 769//4604 270//4605
f 769//4606 747//4607 270//4608
f 381//4609 770//4610 766//4611
f 748//4612 770//4613 381//4614
f 772//4615 768//4616 767//4617
f 772//4618 773//4619 769//4620
f 749//4621 747//4622 769//4623
f 774//4624 770//4625 748//4626
f 775//4627 771//4628 770//4629
f 775//4630 776//4631 772//4632
f 777//4633 773//4634 772//4635
f 751//4636 749//4637 773//4638
f 753//4639 778//4640 774//4641
f 778//4642 779//4643 775//4644
f 776//4645 779//4646 754//4647
f 756//4648 777//4649 776//4650
f 756//4651 776//4652 755//4653
f 780//4654 778//4655 753//4656
f 781//4657 779//4658 778//4659
f 759//4660 781//4661 780//4662
f 781//4663 759//4664 754//4665
f 766//4666 782//4667 304//4668
f 783//4669 305//4670 304//4671
f 783//4672 767//4673 289//4674
f 784//4675 782//4676 766//4677
f 785//4678 783//4679 782//4680
f 771//4681 785//4682 784//4683
f 785//4684 771//4685 767//4686
f 441//4687 786//4688 790//4689
f 448//4690 825//4691 791//4692
f 447//4693 792//4694 802//4695
f 440//4696 802//4697 787//4698
f 474//4699 812//4700 793//4701
f 480//4702 793//4703 813//4704
f 517//4705 822//4706 519//4707
f 744//4708 815//4709 842//4710
f 746//4711 801//4712 797//4713
f 703//4714 809//4715 840//4716
f 840//4717 820//4718 701//4719
f 700//4720 695//4721 823//4722
f 806//4723 807//4724 693//4725
f 608//4726 805//4727 803//4728
f 804//4729 606//4730 602//4731
f 605//4732 800//4733 789//4734
f 585//4735 794//4736 829//4737
f 446//4738 816//4739 825//4740
f 693//4741 807//4742 815//4743
f 700//4744 838//4745 699//4746
f 804//4747 832//4748 606//4749
f 601//4750 789//4751 799//4752
f 693//4753 815//4754 744//4755
f 746//4756 842//4757 801//4758
f 799//4759 788//4760 599//4761
f 446//4762 825//4763 448//4764
f 517//4765 817//4766 822//4767
f 474//4768 516//4769 812//4770
f 514//4771 821//4772 516//4773
f 440//4774 447//4775 802//4776
f 447//4777 448//4778 792//4779
f 441//4780 440//4781 786//4782
f 474//4783 793//4784 480//4785
f 841//4786 664//4787 697//4788
f 696//4789 694//4790 834//4791
f 585//4792 829//4793 830//4794
f 585//4795 589//4796 794//4797
f 594//4798 795//4799 589//4800
f 796//4801 594//4802 595//4803
f 517//4804 480//4805 817//4806
f 604//4807 789//4808 601//4809
f 514//4810 513//4811 828//4812
f 605//4813 789//4814 604//4815
f 513//4816 512//4817 827//4818
f 608//4819 803//4820 602//4821
f 806//4822 693//4823 519//4824
f 512//4825 442//4826 811//4827
f 442//4828 441//4829 824//4830
f 841//4831 703//4832 664//4833
f 839//4834 608//4835 701//4836
f 837//4837 698//4838 699//4839
f 700//4840 823//4841 838//4842
f 836//4843 697//4844 698//4845
f 257//4846 255//4847 253//4848
f 108//4849 102//4850 95//4851
f 833//4852 695//4853 696//4854
f 832//4855 605//4856 606//4857
f 831//4858 595//4859 599//4860
f 746//4861 797//4862 694//4863
f 744//4864 842//4865 746//4866
f 847//4867 843//4868 844//4869
f 852//4870 845//4871 846//4872
f 853//4873 846//4874 847//4875
f 848//4876 853//4877 847//4878
f 849//4879 854//4880 848//4881
f 850//4882 855//4883 849//4884
f 852//4885 856//4886 851//4887
f 858//4888 852//4889 853//4890
f 859//4891 853//4892 854//4893
f 860//4894 854//4895 855//4896
f 858//4897 861//4898 857//4899
f 862//4900 858//4901 859//4902
f 862//4903 863//4904 861//4905
f 865//4906 862//4907 860//4908
f 864//4909 866//4910 863//4911
f 869//4912 864//4913 867//4914
f 869//4915 870//4916 868//4917
f 876//4918 873//4919 874//4920
f 877//4921 843//4922 875//4923
f 877//4924 876//4925 878//4926
f 879//4927 878//4928 880//4929
f 881//4930 880//4931 882//4932
f 883//4933 882//4934 884//4935
f 889//4936 886//4937 887//4938
f 889//4939 873//4940 888//4941
f 890//4942 845//4943 888//4944
f 890//4945 843//4946 846//4947
f 890//4948 873//4949 875//4950
f 891//4951 874//4952 889//4953
f 893//4954 844//4955 877//4956
f 894//4957 876//4958 891//4959
f 894//4960 892//4961 895//4962
f 848//4963 893//4964 896//4965
f 879//4966 893//4967 877//4968
f 880//4969 894//4970 897//4971
f 897//4972 895//4973 898//4974
f 899//4975 848//4976 896//4977
f 899//4978 879//4979 881//4980
f 882//4981 897//4982 900//4983
f 901//4984 897//4985 898//4986
f 902//4987 849//4988 899//4989
f 902//4990 881//4991 883//4992
f 903//4993 882//4994 900//4995
f 904//4996 900//4997 901//4998
f 904//4999 901//5000 905//5001
f 906//5002 872//5003 907//5004
f 907//5005 885//5006 906//5007
f 908//5008 885//5009 886//5010
f 909//5011 885//5012 907//5013
f 911//5014 845//5015 851//5016
f 911//5017 886//5018 888//5019
f 912//5020 887//5021 909//5022
f 912//5023 910//5024 913//5025
f 914//5026 889//5027 912//5028
f 914//5029 913//5030 915//5031
f 892//5032 914//5033 915//5034
f 916//5035 892//5036 915//5037
f 916//5038 989//5039 917//5040
f 918//5041 895//5042 916//5043
f 918//5044 917//5045 919//5046
f 898//5047 918//5048 919//5049
f 920//5050 898//5051 919//5052
f 905//5053 901//5054 920//5055
f 924//5056 923//5057 925//5058
f 872//5059 924//5060 925//5061
f 929//5062 928//5063 930//5064
f 923//5065 929//5066 930//5067
f 932//5068 922//5069 924//5070
f 933//5071 923//5072 930//5073
f 933//5074 931//5075 934//5076
f 926//5077 933//5078 934//5079
f 928//5080 935//5081 936//5082
f 938//5083 927//5084 929//5085
f 939//5086 928//5087 936//5088
f 931//5089 939//5090 937//5091
f 932//5092 938//5093 929//5094
f 941//5095 931//5096 937//5097
f 936//5098 943//5099 944//5100
f 937//5101 944//5102 945//5103
f 946//5104 935//5105 938//5106
f 947//5107 937//5108 945//5109
f 940//5110 946//5111 938//5112
f 950//5113 937//5114 947//5115
f 950//5116 948//5117 951//5118
f 942//5119 950//5120 951//5121
f 944//5122 952//5123 953//5124
f 954//5125 944//5126 953//5127
f 955//5128 943//5129 946//5130
f 956//5131 945//5132 954//5133
f 948//5134 956//5135 957//5136
f 949//5137 955//5138 946//5139
f 960//5140 952//5141 959//5142
f 961//5143 953//5144 960//5145
f 955//5146 959//5147 952//5148
f 963//5149 961//5150 960//5151
f 956//5152 961//5153 964//5154
f 965//5155 956//5156 964//5157
f 966//5158 955//5159 958//5160
f 967//5161 965//5162 964//5163
f 957//5164 965//5165 968//5166
f 970//5167 959//5168 969//5169
f 962//5170 969//5171 959//5172
f 971//5173 970//5174 969//5175
f 963//5176 970//5177 972//5178
f 973//5179 963//5180 972//5181
f 966//5182 971//5183 962//5184
f 974//5185 972//5186 971//5187
f 975//5188 973//5189 972//5190
f 967//5191 973//5192 976//5193
f 978//5194 974//5195 977//5196
f 979//5197 871//5198 906//5199
f 980//5200 872//5201 925//5202
f 980//5203 926//5204 981//5205
f 908//5206 979//5207 906//5208
f 983//5209 907//5210 980//5211
f 983//5212 981//5213 984//5214
f 910//5215 983//5216 984//5217
f 911//5218 856//5219 986//5220
f 911//5221 982//5222 908//5223
f 987//5224 910//5225 984//5226
f 987//5227 985//5228 988//5229
f 989//5230 913//5231 987//5232
f 989//5233 988//5234 990//5235
f 992//5236 917//5237 990//5238
f 993//5239 919//5240 992//5241
f 994//5242 920//5243 993//5244
f 979//5245 932//5246 924//5247
f 996//5248 926//5249 934//5250
f 982//5251 995//5252 979//5253
f 996//5254 997//5255 999//5256
f 985//5257 996//5258 999//5259
f 1000//5260 982//5261 986//5262
f 857//5263 1000//5264 986//5265
f 1002//5266 988//5267 999//5268
f 1002//5269 1001//5270 1003//5271
f 991//5272 1002//5273 1003//5274
f 991//5275 1003//5276 1004//5277
f 993//5278 992//5279 991//5280
f 995//5281 940//5282 932//5283
f 1007//5284 934//5285 941//5286
f 998//5287 1006//5288 995//5289
f 1009//5290 998//5291 1000//5292
f 997//5293 1022//5294 1010//5295
f 1001//5296 997//5297 1010//5298
f 861//5299 863//5300 1011//5301
f 861//5302 1009//5303 1000//5304
f 1013//5305 1001//5306 1010//5307
f 1013//5308 1012//5309 1014//5310
f 1003//5311 1013//5312 1014//5313
f 1004//5314 1015//5315 1016//5316
f 1005//5317 1004//5318 1016//5319
f 1006//5320 949//5321 940//5322
f 1019//5323 942//5324 951//5325
f 1021//5326 1006//5327 1008//5328
f 1022//5329 1007//5330 1019//5331
f 1023//5332 1008//5333 1009//5334
f 1025//5335 1009//5336 1011//5337
f 1026//5338 1010//5339 1024//5340
f 1026//5341 1024//5342 1027//5343
f 1012//5344 1026//5345 1027//5346
f 866//5347 1025//5348 1011//5349
f 1028//5350 866//5351 864//5352
f 1029//5353 1014//5354 1012//5355
f 1030//5356 949//5357 1018//5358
f 1031//5359 951//5360 957//5361
f 1020//5362 1031//5363 1032//5364
f 1033//5365 1018//5366 1021//5367
f 1034//5368 1020//5369 1032//5370
f 1036//5371 1021//5372 1023//5373
f 1035//5374 1022//5375 1034//5376
f 1024//5377 1035//5378 1037//5379
f 1038//5380 1023//5381 1025//5382
f 1028//5383 1038//5384 1025//5385
f 1029//5386 1027//5387 1039//5388
f 1028//5389 868//5390 1040//5391
f 1042//5392 1015//5393 1029//5394
f 1042//5395 1041//5396 1043//5397
f 1044//5398 958//5399 1030//5400
f 1045//5401 957//5402 968//5403
f 1032//5404 1045//5405 1046//5406
f 1047//5407 1030//5408 1033//5409
f 1034//5410 1046//5411 1048//5412
f 1035//5413 1048//5414 1049//5415
f 1050//5416 1033//5417 1036//5418
f 1051//5419 1049//5420 1048//5421
f 1052//5422 1037//5423 1049//5424
f 1039//5425 1052//5426 1053//5427
f 1054//5428 1038//5429 1040//5430
f 1056//5431 1039//5432 1053//5433
f 868//5434 870//5435 1055//5436
f 868//5437 1055//5438 1040//5439
f 1058//5440 870//5441 869//5442
f 1059//5443 1043//5444 1057//5445
f 1060//5446 966//5447 1044//5448
f 1061//5449 976//5450 975//5451
f 1062//5452 967//5453 976//5454
f 1045//5455 967//5456 1063//5457
f 1064//5458 1045//5459 1063//5460
f 1065//5461 1044//5462 1047//5463
f 1066//5464 1063//5465 1062//5466
f 1067//5467 1064//5468 1063//5469
f 1048//5470 1064//5471 1068//5472
f 1069//5473 1047//5474 1050//5475
f 1051//5476 1068//5477 1070//5478
f 1071//5479 1051//5480 1070//5481
f 1072//5482 1050//5483 1038//5484
f 1073//5485 1071//5486 1070//5487
f 1074//5488 1052//5489 1071//5490
f 1075//5491 1038//5492 1054//5493
f 1076//5494 1074//5495 1071//5496
f 1053//5497 1074//5498 1077//5499
f 1078//5500 1054//5501 1055//5502
f 1079//5503 1077//5504 1076//5505
f 1056//5506 1077//5507 1080//5508
f 1081//5509 1056//5510 1080//5511
f 1083//5512 1081//5513 1080//5514
f 1057//5515 1081//5516 1084//5517
f 1058//5518 1082//5519 1055//5520
f 1086//5521 1057//5522 1084//5523
f 1060//5524 977//5525 974//5526
f 1087//5527 978//5528 977//5529
f 1061//5530 978//5531 1088//5532
f 1089//5533 1061//5534 1088//5535
f 1090//5536 1060//5537 1065//5538
f 1091//5539 1087//5540 1090//5541
f 1091//5542 1089//5543 1088//5544
f 1092//5545 1066//5546 1089//5547
f 1069//5548 1090//5549 1065//5550
f 1094//5551 1090//5552 1093//5553
f 1095//5554 1091//5555 1094//5556
f 1095//5557 1092//5558 1089//5559
f 1067//5560 1092//5561 1096//5562
f 1097//5563 1067//5564 1096//5565
f 1072//5566 1093//5567 1069//5568
f 1098//5569 1094//5570 1093//5571
f 1100//5572 1094//5573 1099//5574
f 1101//5575 1095//5576 1100//5577
f 1101//5578 1097//5579 1096//5580
f 1073//5581 1097//5582 1102//5583
f 1103//5584 1073//5585 1102//5586
f 1075//5587 1098//5588 1072//5589
f 1099//5590 1098//5591 1104//5592
f 1105//5593 1101//5594 1100//5595
f 1107//5596 1101//5597 1106//5598
f 1107//5599 1103//5600 1102//5601
f 1108//5602 1075//5603 1078//5604
f 1109//5605 1107//5606 1106//5607
f 1111//5608 1107//5609 1110//5610
f 1079//5611 1103//5612 1111//5613
f 1112//5614 1079//5615 1111//5616
f 1113//5617 1078//5618 1082//5619
f 1114//5620 1112//5621 1111//5622
f 1083//5623 1112//5624 1115//5625
f 1116//5626 1083//5627 1115//5628
f 1117//5629 1082//5630 1085//5631
f 1086//5632 1116//5633 1118//5634
f 1059//5635 1086//5636 1120//5637
f 1121//5638 1086//5639 1118//5640
f 1099//5641 1122//5642 1123//5643
f 1105//5644 1123//5645 1124//5646
f 1125//5647 1105//5648 1124//5649
f 1108//5650 1122//5651 1104//5652
f 1127//5653 1122//5654 1126//5655
f 1127//5656 1124//5657 1123//5658
f 1128//5659 1109//5660 1125//5661
f 1129//5662 1108//5663 1113//5664
f 1130//5665 1126//5666 1129//5667
f 1130//5668 1124//5669 1127//5670
f 1131//5671 1125//5672 1124//5673
f 1132//5674 1128//5675 1125//5676
f 1133//5677 1110//5678 1128//5679
f 1134//5680 1113//5681 1117//5682
f 1135//5683 1129//5684 1134//5685
f 1135//5686 1131//5687 1130//5688
f 1137//5689 1131//5690 1136//5691
f 1138//5692 1132//5693 1137//5694
f 1138//5695 1133//5696 1128//5697
f 1139//5698 1114//5699 1133//5700
f 1142//5701 855//5702 1140//5703
f 1141//5704 1143//5705 1140//5706
f 1143//5707 1147//5708 1142//5709
f 1144//5710 1148//5711 1143//5712
f 1145//5713 1149//5714 1144//5715
f 1146//5716 1149//5717 1145//5718
f 1152//5719 860//5720 1147//5721
f 1153//5722 1147//5723 1148//5724
f 1154//5725 1148//5726 1149//5727
f 1155//5728 1149//5729 1150//5730
f 1151//5731 1155//5732 1150//5733
f 1157//5734 865//5735 1152//5736
f 1158//5737 1152//5738 1153//5739
f 1160//5740 1153//5741 1154//5742
f 1162//5743 1154//5744 1155//5745
f 1156//5746 1162//5747 1155//5748
f 1164//5749 867//5750 1157//5751
f 1165//5752 1157//5753 1158//5754
f 1166//5755 1158//5756 1159//5757
f 1166//5758 1159//5759 1160//5760
f 1167//5761 1160//5762 1161//5763
f 1165//5764 1168//5765 1164//5766
f 1170//5767 1165//5768 1166//5769
f 1171//5770 1166//5771 1167//5772
f 1172//5773 1167//5774 1161//5775
f 1172//5776 1161//5777 1162//5778
f 1169//5779 1173//5780 1168//5781
f 1170//5782 1174//5783 1169//5784
f 1172//5785 1176//5786 1171//5787
f 1177//5788 1178//5789 1176//5790
f 1180//5791 1156//5792 1151//5793
f 1181//5794 1182//5795 1180//5796
f 1182//5797 1163//5798 1156//5799
f 1187//5800 1182//5801 1183//5802
f 1184//5803 1187//5804 1183//5805
f 1185//5806 1188//5807 1184//5808
f 1186//5809 1189//5810 1185//5811
f 1193//5812 1163//5813 1187//5814
f 1188//5815 1193//5816 1187//5817
f 1194//5818 1188//5819 1189//5820
f 1195//5821 1189//5822 1190//5823
f 1191//5824 1195//5825 1190//5826
f 1192//5827 1196//5828 1191//5829
f 1199//5830 1162//5831 1193//5832
f 1200//5833 1193//5834 1194//5835
f 1195//5836 1200//5837 1194//5838
f 1196//5839 1201//5840 1195//5841
f 1197//5842 1202//5843 1196//5844
f 1198//5845 1202//5846 1197//5847
f 1177//5848 1172//5849 1199//5850
f 1205//5851 1199//5852 1200//5853
f 1206//5854 1200//5855 1201//5856
f 1207//5857 1201//5858 1202//5859
f 1209//5860 1202//5861 1203//5862
f 1204//5863 1179//5864 1177//5865
f 1206//5866 1210//5867 1205//5868
f 1207//5869 1211//5870 1206//5871
f 1212//5872 1207//5873 1208//5874
f 1214//5875 883//5876 884//5877
f 1216//5878 1213//5879 1214//5880
f 850//5881 902//5882 1217//5883
f 1213//5884 902//5885 883//5886
f 1218//5887 884//5888 903//5889
f 904//5890 905//5891 1219//5892
f 1215//5893 1217//5894 1213//5895
f 1221//5896 1215//5897 1216//5898
f 1216//5899 1218//5900 1221//5901
f 1222//5902 1218//5903 904//5904
f 1222//5905 1219//5906 1223//5907
f 1225//5908 1220//5909 1221//5910
f 1225//5911 1222//5912 1226//5913
f 1227//5914 1222//5915 1223//5916
f 1228//5917 1225//5918 1229//5919
f 1230//5920 1226//5921 1227//5922
f 1231//5923 850//5924 1217//5925
f 1219//5926 905//5927 1232//5928
f 1140//5929 1231//5930 1233//5931
f 1220//5932 1231//5933 1217//5934
f 1223//5935 1219//5936 1232//5937
f 1234//5938 1232//5939 1235//5940
f 1236//5941 1140//5942 1233//5943
f 1224//5944 1233//5945 1220//5946
f 1238//5947 1223//5948 1234//5949
f 1141//5950 1236//5951 1239//5952
f 1228//5953 1236//5954 1224//5955
f 1240//5956 1228//5957 1229//5958
f 1241//5959 1229//5960 1226//5961
f 1230//5962 1241//5963 1226//5964
f 1242//5965 1237//5966 1238//5967
f 1242//5968 1238//5969 1243//5970
f 1245//5971 1240//5972 1241//5973
f 1246//5974 1241//5975 1230//5976
f 1246//5977 1242//5978 1247//5979
f 1249//5980 1244//5981 1240//5982
f 1250//5983 1245//5984 1246//5985
f 1251//5986 1246//5987 1247//5988
f 1252//5989 1249//5990 1253//5991
f 1254//5992 1249//5993 1245//5994
f 921//5995 994//5996 1255//5997
f 1232//5998 921//5999 1255//6000
f 1256//6001 1232//6002 1255//6003
f 1235//6004 1256//6005 1257//6006
f 1258//6007 1141//6008 1239//6009
f 1259//6010 1238//6011 1235//6012
f 1144//6013 1258//6014 1260//6015
f 1244//6016 1258//6017 1239//6018
f 1261//6019 1259//6020 1257//6021
f 1262//6022 1144//6023 1260//6024
f 1248//6025 1260//6026 1244//6027
f 1250//6028 1263//6029 1245//6030
f 1264//6031 1247//6032 1243//6033
f 1264//6034 1261//6035 1265//6036
f 1146//6037 1262//6038 1266//6039
f 1252//6040 1262//6041 1248//6042
f 1267//6043 1250//6044 1251//6045
f 1267//6046 1264//6047 1268//6048
f 1268//6049 1265//6050 1269//6051
f 1270//6052 1253//6053 1271//6054
f 1272//6055 1253//6056 1254//6057
f 1272//6058 1263//6059 1273//6060
f 1273//6061 1267//6062 1274//6063
f 1275//6064 1267//6065 1268//6066
f 1276//6067 1268//6068 1269//6069
f 1277//6070 994//6071 1005//6072
f 1278//6073 1255//6074 1277//6075
f 1279//6076 1256//6077 1278//6078
f 1279//6079 1278//6080 1280//6081
f 1257//6082 1279//6083 1281//6084
f 1281//6085 1280//6086 1282//6087
f 1261//6088 1281//6089 1283//6090
f 1265//6091 1283//6092 1284//6093
f 1285//6094 1283//6095 1281//6096
f 1286//6097 1146//6098 1266//6099
f 1269//6100 1265//6101 1284//6102
f 1151//6103 1286//6104 1287//6105
f 1270//6106 1286//6107 1266//6108
f 1288//6109 1269//6110 1284//6111
f 1005//6112 1017//6113 1289//6114
f 1290//6115 1277//6116 1005//6117
f 1291//6118 1278//6119 1290//6120
f 1292//6121 1280//6122 1291//6123
f 1310//6124 1289//6125 1017//6126
f 1119//6127 1016//6128 1043//6129
f 1293//6130 869//6131 1168//6132
f 1293//6133 1173//6134 1294//6135
f 1293//6136 1085//6137 1058//6138
f 1294//6139 1173//6140 1174//6141
f 1175//6142 1295//6143 1174//6144
f 1176//6145 1296//6146 1175//6147
f 1297//6148 1085//6149 1294//6150
f 1298//6151 1118//6152 1115//6153
f 1295//6154 1300//6155 1294//6156
f 1296//6157 1301//6158 1295//6159
f 1178//6160 1302//6161 1296//6162
f 1303//6163 1178//6164 1179//6165
f 1281//6166 1282//6167 1304//6168
f 1284//6169 1285//6170 1305//6171
f 1288//6172 1305//6173 1306//6174
f 1305//6175 1304//6176 1308//6177
f 1309//6178 1305//6179 1308//6180
f 1309//6181 1308//6182 1659//6183
f 1307//6184 1310//6185 1311//6186
f 1312//6187 1307//6188 1311//6189
f 1313//6190 1291//6191 1312//6192
f 1314//6193 1292//6194 1313//6195
f 1310//6196 1119//6197 1315//6198
f 1316//6199 1310//6200 1315//6201
f 1311//6202 1317//6203 1318//6204
f 1312//6205 1311//6206 1318//6207
f 1658//6208 1313//6209 1615//6210
f 1319//6211 1119//6212 1059//6213
f 1321//6214 1315//6215 1319//6216
f 1317//6217 1321//6218 1320//6219
f 1322//6220 1317//6221 1320//6222
f 1324//6223 1318//6224 1322//6225
f 1615//6226 1324//6227 1626//6228
f 1319//6229 1120//6230 1325//6231
f 1320//6232 1325//6233 1326//6234
f 1327//6235 1326//6236 1325//6237
f 1328//6238 1320//6239 1326//6240
f 1299//6241 1121//6242 1118//6243
f 1325//6244 1121//6245 1329//6246
f 1327//6247 1329//6248 1330//6249
f 1331//6250 1327//6251 1330//6252
f 1328//6253 1327//6254 1332//6255
f 1623//6256 1328//6257 1332//6258
f 1333//6259 1623//6260 1332//6261
f 1334//6262 1271//6263 1335//6264
f 1335//6265 1272//6266 1336//6267
f 1336//6268 1272//6269 1273//6270
f 1338//6271 1335//6272 1336//6273
f 1339//6274 1151//6275 1287//6276
f 1339//6277 1270//6278 1334//6279
f 1274//6280 1341//6281 1336//6282
f 1342//6283 1275//6284 1276//6285
f 1342//6286 1288//6287 1343//6288
f 1181//6289 1339//6290 1344//6291
f 1337//6292 1339//6293 1334//6294
f 1345//6295 1337//6296 1335//6297
f 1338//6298 1345//6299 1335//6300
f 1338//6301 1340//6302 1346//6303
f 1341//6304 1274//6305 1347//6306
f 1347//6307 1342//6308 1348//6309
f 1349//6310 1342//6311 1343//6312
f 1350//6313 1345//6314 1351//6315
f 1346//6316 1341//6317 1352//6318
f 1354//6319 1341//6320 1347//6321
f 1355//6322 1351//6323 1356//6324
f 1357//6325 1351//6326 1346//6327
f 1358//6328 1181//6329 1344//6330
f 1184//6331 1358//6332 1359//6333
f 1350//6334 1358//6335 1344//6336
f 1360//6337 1348//6338 1349//6339
f 1185//6340 1359//6341 1361//6342
f 1355//6343 1359//6344 1350//6345
f 1362//6346 1355//6347 1356//6348
f 1363//6349 1352//6350 1353//6351
f 1364//6352 1354//6353 1348//6354
f 1364//6355 1360//6356 1365//6357
f 1186//6358 1361//6359 1366//6360
f 1367//6361 1361//6362 1362//6363
f 1368//6364 1362//6365 1357//6366
f 1363//6367 1357//6368 1352//6369
f 1370//6370 1354//6371 1364//6372
f 1371//6373 1364//6374 1365//6375
f 1372//6376 1367//6377 1373//6378
f 1382//6379 1368//6380 1363//6381
f 1374//6382 1363//6383 1369//6384
f 1376//6385 1373//6386 1368//6387
f 1377//6388 1186//6389 1366//6390
f 1370//6391 1378//6392 1369//6393
f 1380//6394 1370//6395 1371//6396
f 1191//6397 1377//6398 1381//6399
f 1372//6400 1377//6401 1366//6402
f 1383//6403 1382//6404 1374//6405
f 1384//6406 1379//6407 1380//6408
f 1192//6409 1381//6410 1385//6411
f 1375//6412 1381//6413 1372//6414
f 1386//6415 1375//6416 1373//6417
f 1376//6418 1386//6419 1373//6420
f 1387//6421 1383//6422 1378//6423
f 1388//6424 1378//6425 1379//6426
f 1388//6427 1384//6428 1389//6429
f 1390//6430 1386//6431 1391//6432
f 1392//6433 1386//6434 1376//6435
f 1392//6436 1382//6437 1393//6438
f 1394//6439 1192//6440 1385//6441
f 1388//6442 1395//6443 1387//6444
f 1397//6445 1388//6446 1389//6447
f 1198//6448 1394//6449 1398//6450
f 1390//6451 1394//6452 1385//6453
f 1399//6454 1390//6455 1391//6456
f 1400//6457 1391//6458 1392//6459
f 1401//6460 1392//6461 1393//6462
f 1393//6463 1395//6464 1402//6465
f 1403//6466 1396//6467 1397//6468
f 1404//6469 1198//6470 1398//6471
f 1403//6472 1405//6473 1396//6474
f 1209//6475 1406//6476 1208//6477
f 1404//6478 1209//6479 1203//6480
f 1204//6481 1409//6482 1179//6483
f 1210//6484 1409//6485 1204//6486
f 1211//6487 1411//6488 1210//6489
f 1212//6490 1413//6491 1211//6492
f 1406//6493 1212//6494 1208//6495
f 1415//6496 1406//6497 1407//6498
f 1417//6499 1306//6500 1309//6501
f 1419//6502 1349//6503 1416//6504
f 1365//6505 1419//6506 1420//6507
f 1421//6508 1422//6509 1420//6510
f 1420//6511 1380//6512 1371//6513
f 1420//6514 1422//6515 1423//6516
f 1422//6517 1651//6518 1660//6519
f 1424//6520 1380//6521 1423//6522
f 1646//6523 1423//6524 1628//6525
f 1425//6526 1384//6527 1424//6528
f 1425//6529 1397//6530 1389//6531
f 1425//6532 1426//6533 1427//6534
f 1428//6535 1397//6536 1427//6537
f 1647//6538 1635//6539 1427//6540
f 1428//6541 1408//6542 1403//6543
f 1662//6544 1428//6545 1661//6546
f 1429//6547 1399//6548 1430//6549
f 1430//6550 1400//6551 1431//6552
f 1431//6553 1400//6554 1401//6555
f 1432//6556 1401//6557 1402//6558
f 1429//6559 1404//6560 1398//6561
f 1434//6562 1429//6563 1430//6564
f 1435//6565 1430//6566 1431//6567
f 1432//6568 1436//6569 1431//6570
f 1432//6571 1402//6572 1438//6573
f 1439//6574 1435//6575 1440//6576
f 1440//6577 1436//6578 1441//6579
f 1442//6580 1436//6581 1437//6582
f 1443//6583 1404//6584 1433//6585
f 1444//6586 1433//6587 1434//6588
f 1438//6589 1445//6590 1437//6591
f 1447//6592 1438//6593 1405//6594
f 1405//6595 1408//6596 1448//6597
f 1439//6598 1444//6599 1434//6600
f 1450//6601 1439//6602 1440//6603
f 1441//6604 1450//6605 1440//6606
f 1442//6607 1451//6608 1441//6609
f 1442//6610 1445//6611 1452//6612
f 1453//6613 1445//6614 1446//6615
f 1443//6616 1415//6617 1407//6618
f 1444//6619 1454//6620 1443//6621
f 1447//6622 1459//6623 1446//6624
f 1461//6625 1447//6626 1448//6627
f 1462//6628 1444//6629 1449//6630
f 1462//6631 1456//6632 1455//6633
f 1450//6634 1462//6635 1449//6636
f 1464//6637 1456//6638 1463//6639
f 1451//6640 1463//6641 1450//6642
f 1464//6643 1458//6644 1457//6645
f 1452//6646 1464//6647 1451//6648
f 1453//6649 1458//6650 1452//6651
f 1453//6652 1446//6653 1459//6654
f 1465//6655 1461//6656 1448//6657
f 1466//6658 1467//6659 1465//6660
f 1469//6661 1117//6662 1297//6663
f 1470//6664 1134//6665 1469//6666
f 1470//6667 1136//6668 1135//6669
f 1471//6670 1137//6671 1136//6672
f 1473//6673 1137//6674 1472//6675
f 1474//6676 1138//6677 1473//6678
f 1474//6679 1139//6680 1133//6681
f 1475//6682 1298//6683 1139//6684
f 1476//6685 1297//6686 1300//6687
f 1477//6688 1469//6689 1476//6690
f 1477//6691 1471//6692 1470//6693
f 1478//6694 1472//6695 1471//6696
f 1479//6697 1473//6698 1472//6699
f 1481//6700 1473//6701 1480//6702
f 1482//6703 1474//6704 1481//6705
f 1482//6706 1475//6707 1139//6708
f 1476//6709 1300//6710 1301//6711
f 1483//6712 1478//6713 1477//6714
f 1484//6715 1479//6716 1478//6717
f 1485//6718 1480//6719 1479//6720
f 1487//6721 1480//6722 1486//6723
f 1488//6724 1481//6725 1487//6726
f 1489//6727 1482//6728 1488//6729
f 1490//6730 1483//6731 1476//6732
f 1491//6733 1484//6734 1483//6735
f 1492//6736 1485//6737 1484//6738
f 1494//6739 1485//6740 1493//6741
f 1495//6742 1486//6743 1494//6744
f 1495//6745 1488//6746 1487//6747
f 1496//6748 1489//6749 1488//6750
f 1498//6751 1492//6752 1491//6753
f 1499//6754 1493//6755 1492//6756
f 1501//6757 1493//6758 1500//6759
f 1490//6760 1301//6761 1302//6762
f 1502//6763 1500//6764 1499//6765
f 1504//6766 1498//6767 1490//6768
f 1505//6769 1502//6770 1498//6771
f 1507//6772 1502//6773 1506//6774
f 1303//6775 1504//6776 1302//6777
f 1508//6778 1505//6779 1504//6780
f 1510//6781 1506//6782 1509//6783
f 1495//6784 1511//6785 1512//6786
f 1513//6787 1496//6788 1512//6789
f 1501//6790 1511//6791 1494//6792
f 1515//6793 1513//6794 1512//6795
f 1500//6796 1503//6797 1516//6798
f 1500//6799 1514//6800 1501//6801
f 1517//6802 1514//6803 1516//6804
f 1517//6805 1515//6806 1511//6807
f 1519//6808 1515//6809 1518//6810
f 1516//6811 1503//6812 1520//6813
f 1521//6814 1518//6815 1517//6816
f 1523//6817 1507//6818 1510//6819
f 1520//6820 1521//6821 1516//6822
f 1524//6823 1518//6824 1521//6825
f 1525//6826 1522//6827 1518//6828
f 1526//6829 1299//6830 1475//6831
f 1489//6832 1526//6833 1475//6834
f 1527//6835 1331//6836 1526//6837
f 1528//6838 1489//6839 1497//6840
f 1528//6841 1527//6842 1526//6843
f 1333//6844 1638//6845 1664//6846
f 1530//6847 1528//6848 1529//6849
f 1654//6850 1653//6851 1530//6852
f 1531//6853 1497//6854 1513//6855
f 1519//6856 1531//6857 1513//6858
f 1532//6859 1529//6860 1531//6861
f 1639//6862 1630//6863 1532//6864
f 1533//6865 1519//6866 1522//6867
f 1533//6868 1532//6869 1531//6870
f 1666//6871 1534//6872 1631//6873
f 1409//6874 1508//6875 1303//6876
f 1535//6877 1509//6878 1505//6879
f 1510//6880 1509//6881 1536//6882
f 1537//6883 1535//6884 1508//6885
f 1539//6886 1535//6887 1538//6888
f 1410//6889 1537//6890 1409//6891
f 1540//6892 1538//6893 1537//6894
f 1539//6895 1538//6896 1541//6897
f 1411//6898 1540//6899 1410//6900
f 1542//6901 1541//6902 1540//6903
f 1544//6904 1541//6905 1543//6906
f 1412//6907 1542//6908 1411//6909
f 1546//6910 1542//6911 1545//6912
f 1413//6913 1545//6914 1412//6915
f 1547//6916 1546//6917 1545//6918
f 1549//6919 1413//6920 1414//6921
f 1549//6922 1548//6923 1547//6924
f 1415//6925 1549//6926 1414//6927
f 1558//6928 1549//6929 1557//6930
f 1558//6931 1551//6932 1550//6933
f 1559//6934 1552//6935 1551//6936
f 1560//6937 1553//6938 1552//6939
f 1562//6940 1553//6941 1561//6942
f 1563//6943 1555//6944 1562//6945
f 1510//6946 1564//6947 1523//6948
f 1565//6949 1524//6950 1520//6951
f 1566//6952 1525//6953 1524//6954
f 1567//6955 1522//6956 1525//6957
f 1539//6958 1564//6959 1536//6960
f 1570//6961 1564//6962 1569//6963
f 1570//6964 1565//6965 1523//6966
f 1571//6967 1566//6968 1565//6969
f 1572//6970 1567//6971 1566//6972
f 1573//6973 1568//6974 1567//6975
f 1575//6976 1572//6977 1571//6978
f 1576//6979 1573//6980 1572//6981
f 1577//6982 1574//6983 1573//6984
f 1544//6985 1578//6986 1579//6987
f 1544//6988 1569//6989 1539//6990
f 1575//6991 1569//6992 1579//6993
f 1580//6994 1576//6995 1575//6996
f 1582//6997 1576//6998 1581//6999
f 1583//7000 1577//7001 1582//7002
f 1546//7003 1578//7004 1543//7005
f 1585//7006 1578//7007 1584//7008
f 1585//7009 1575//7010 1579//7011
f 1587//7012 1581//7013 1580//7014
f 1588//7015 1582//7016 1587//7017
f 1548//7018 1584//7019 1546//7020
f 1590//7021 1585//7022 1589//7023
f 1592//7024 1587//7025 1591//7026
f 1593//7027 1548//7028 1550//7029
f 1593//7030 1589//7031 1584//7032
f 1551//7033 1593//7034 1550//7035
f 1594//7036 1551//7037 1552//7038
f 1594//7039 1552//7040 1553//7041
f 1554//7042 1586//7043 1594//7044
f 1554//7045 1594//7046 1553//7047
f 1555//7048 1591//7049 1554//7050
f 1556//7051 1591//7052 1555//7053
f 1563//7054 1595//7055 1556//7056
f 1597//7057 1596//7058 1595//7059
f 1568//7060 1534//7061 1522//7062
f 1620//7063 1534//7064 1598//7065
f 1574//7066 1598//7067 1568//7068
f 1599//7069 1620//7070 1598//7071
f 1600//7072 1574//7073 1577//7074
f 1601//7075 1599//7076 1600//7077
f 1602//7078 1577//7079 1583//7080
f 1603//7081 1600//7082 1602//7083
f 1604//7084 1583//7085 1588//7086
f 1604//7087 1603//7088 1602//7089
f 1655//7090 1667//7091 1603//7092
f 1592//7093 1604//7094 1588//7095
f 1596//7096 1592//7097 1595//7098
f 1605//7099 1415//7100 1454//7101
f 1605//7102 1558//7103 1557//7104
f 1455//7105 1605//7106 1454//7107
f 1607//7108 1558//7109 1606//7110
f 1456//7111 1606//7112 1455//7113
f 1607//7114 1560//7115 1559//7116
f 1457//7117 1607//7118 1456//7119
f 1609//7120 1560//7121 1608//7122
f 1609//7123 1457//7124 1458//7125
f 1610//7126 1561//7127 1609//7128
f 1610//7129 1458//7130 1459//7131
f 1611//7132 1562//7133 1610//7134
f 1460//7135 1610//7136 1459//7137
f 1611//7138 1563//7139 1562//7140
f 1461//7141 1611//7142 1460//7143
f 1612//7144 1597//7145 1563//7146
f 1467//7147 1612//7148 1461//7149
f 1614//7150 1597//7151 1613//7152
f 1614//7153 1467//7154 1468//7155
f 847//7156 846//7157 843//7158
f 852//7159 851//7160 845//7161
f 853//7162 852//7163 846//7164
f 848//7165 854//7166 853//7167
f 849//7168 855//7169 854//7170
f 852//7171 857//7172 856//7173
f 858//7174 857//7175 852//7176
f 859//7177 858//7178 853//7179
f 860//7180 859//7181 854//7182
f 858//7183 862//7184 861//7185
f 860//7186 862//7187 859//7188
f 862//7189 864//7190 863//7191
f 865//7192 864//7193 862//7194
f 867//7195 864//7196 865//7197
f 869//7198 868//7199 864//7200
f 876//7201 875//7202 873//7203
f 877//7204 844//7205 843//7206
f 877//7207 875//7208 876//7209
f 879//7210 877//7211 878//7212
f 881//7213 879//7214 880//7215
f 883//7216 881//7217 882//7218
f 887//7219 886//7220 885//7221
f 889//7222 888//7223 886//7224
f 889//7225 874//7226 873//7227
f 890//7228 846//7229 845//7230
f 890//7231 875//7232 843//7233
f 890//7234 888//7235 873//7236
f 891//7237 876//7238 874//7239
f 893//7240 847//7241 844//7242
f 894//7243 878//7244 876//7245
f 894//7246 891//7247 892//7248
f 848//7249 847//7250 893//7251
f 879//7252 896//7253 893//7254
f 880//7255 878//7256 894//7257
f 897//7258 894//7259 895//7260
f 899//7261 849//7262 848//7263
f 899//7264 896//7265 879//7266
f 882//7267 880//7268 897//7269
f 901//7270 900//7271 897//7272
f 902//7273 850//7274 849//7275
f 902//7276 899//7277 881//7278
f 903//7279 884//7280 882//7281
f 904//7282 903//7283 900//7284
f 906//7285 871//7286 872//7287
f 908//7288 906//7289 885//7290
f 909//7291 887//7292 885//7293
f 911//7294 888//7295 845//7296
f 911//7297 908//7298 886//7299
f 912//7300 889//7301 887//7302
f 912//7303 909//7304 910//7305
f 914//7306 891//7307 889//7308
f 914//7309 912//7310 913//7311
f 892//7312 891//7313 914//7314
f 916//7315 895//7316 892//7317
f 916//7318 915//7319 989//7320
f 918//7321 898//7322 895//7323
f 918//7324 916//7325 917//7326
f 920//7327 901//7328 898//7329
f 921//7330 905//7331 920//7332
f 924//7333 922//7334 923//7335
f 872//7336 871//7337 924//7338
f 929//7339 927//7340 928//7341
f 923//7342 922//7343 929//7344
f 932//7345 929//7346 922//7347
f 933//7348 925//7349 923//7350
f 933//7351 930//7352 931//7353
f 926//7354 925//7355 933//7356
f 928//7357 927//7358 935//7359
f 938//7360 935//7361 927//7362
f 939//7363 930//7364 928//7365
f 939//7366 936//7367 937//7368
f 931//7369 930//7370 939//7371
f 932//7372 940//7373 938//7374
f 941//7375 934//7376 931//7377
f 936//7378 935//7379 943//7380
f 937//7381 936//7382 944//7383
f 946//7384 943//7385 935//7386
f 940//7387 949//7388 946//7389
f 950//7390 941//7391 937//7392
f 950//7393 947//7394 948//7395
f 942//7396 941//7397 950//7398
f 944//7399 943//7400 952//7401
f 954//7402 945//7403 944//7404
f 955//7405 952//7406 943//7407
f 956//7408 947//7409 945//7410
f 948//7411 947//7412 956//7413
f 949//7414 958//7415 955//7416
f 957//7417 951//7418 948//7419
f 960//7420 953//7421 952//7422
f 961//7423 954//7424 953//7425
f 955//7426 962//7427 959//7428
f 963//7429 964//7430 961//7431
f 956//7432 954//7433 961//7434
f 965//7435 957//7436 956//7437
f 966//7438 962//7439 955//7440
f 967//7441 968//7442 965//7443
f 970//7444 960//7445 959//7446
f 962//7447 971//7448 969//7449
f 971//7450 972//7451 970//7452
f 963//7453 960//7454 970//7455
f 973//7456 964//7457 963//7458
f 966//7459 974//7460 971//7461
f 974//7462 975//7463 972//7464
f 975//7465 976//7466 973//7467
f 967//7468 964//7469 973//7470
f 978//7471 975//7472 974//7473
f 979//7474 924//7475 871//7476
f 980//7477 907//7478 872//7479
f 980//7480 925//7481 926//7482
f 908//7483 982//7484 979//7485
f 983//7486 909//7487 907//7488
f 983//7489 980//7490 981//7491
f 910//7492 909//7493 983//7494
f 911//7495 851//7496 856//7497
f 911//7498 986//7499 982//7500
f 987//7501 913//7502 910//7503
f 987//7504 984//7505 985//7506
f 857//7507 986//7508 856//7509
f 989//7510 915//7511 913//7512
f 989//7513 987//7514 988//7515
f 990//7516 917//7517 989//7518
f 992//7519 919//7520 917//7521
f 992//7522 990//7523 991//7524
f 993//7525 920//7526 919//7527
f 994//7528 921//7529 920//7530
f 979//7531 995//7532 932//7533
f 996//7534 981//7535 926//7536
f 982//7537 998//7538 995//7539
f 996//7540 984//7541 981//7542
f 985//7543 984//7544 996//7545
f 1000//7546 998//7547 982//7548
f 999//7549 988//7550 985//7551
f 857//7552 861//7553 1000//7554
f 1002//7555 990//7556 988//7557
f 1002//7558 999//7559 1001//7560
f 991//7561 990//7562 1002//7563
f 993//7564 991//7565 1004//7566
f 1005//7567 994//7568 993//7569
f 995//7570 1006//7571 940//7572
f 1007//7573 996//7574 934//7575
f 1007//7576 941//7577 942//7578
f 997//7579 996//7580 1007//7581
f 998//7582 1008//7583 1006//7584
f 1009//7585 1008//7586 998//7587
f 1001//7588 999//7589 997//7590
f 861//7591 1011//7592 1009//7593
f 866//7594 1011//7595 863//7596
f 1013//7597 1003//7598 1001//7599
f 1013//7600 1010//7601 1012//7602
f 1014//7603 1004//7604 1003//7605
f 1004//7606 1014//7607 1015//7608
f 1005//7609 993//7610 1004//7611
f 1006//7612 1018//7613 949//7614
f 1019//7615 1007//7616 942//7617
f 1021//7618 1018//7619 1006//7620
f 1022//7621 997//7622 1007//7623
f 1022//7624 1019//7625 1020//7626
f 1023//7627 1021//7628 1008//7629
f 1024//7630 1010//7631 1022//7632
f 1025//7633 1023//7634 1009//7635
f 1012//7636 1010//7637 1026//7638
f 866//7639 1028//7640 1025//7641
f 1015//7642 1014//7643 1029//7644
f 1016//7645 1015//7646 1042//7647
f 1017//7648 1005//7649 1016//7650
f 1030//7651 958//7652 949//7653
f 1031//7654 1019//7655 951//7656
f 1020//7657 1019//7658 1031//7659
f 1033//7660 1030//7661 1018//7662
f 1034//7663 1022//7664 1020//7665
f 1036//7666 1033//7667 1021//7668
f 1035//7669 1024//7670 1022//7671
f 1038//7672 1036//7673 1023//7674
f 1037//7675 1027//7676 1024//7677
f 1028//7678 1040//7679 1038//7680
f 1027//7681 1037//7682 1039//7683
f 1029//7684 1012//7685 1027//7686
f 1028//7687 864//7688 868//7689
f 1042//7690 1029//7691 1041//7692
f 1043//7693 1016//7694 1042//7695
f 1044//7696 966//7697 958//7698
f 1045//7699 1031//7700 957//7701
f 1032//7702 1031//7703 1045//7704
f 1047//7705 1044//7706 1030//7707
f 1034//7708 1032//7709 1046//7710
f 1035//7711 1034//7712 1048//7713
f 1050//7714 1047//7715 1033//7716
f 1049//7717 1037//7718 1035//7719
f 1038//7720 1050//7721 1036//7722
f 1039//7723 1037//7724 1052//7725
f 1040//7726 1055//7727 1054//7728
f 1056//7729 1029//7730 1039//7731
f 1041//7732 1029//7733 1056//7734
f 1057//7735 1043//7736 1041//7737
f 1058//7738 1055//7739 870//7740
f 1060//7741 974//7742 966//7743
f 1061//7744 1062//7745 976//7746
f 1062//7747 1063//7748 967//7749
f 1045//7750 968//7751 967//7752
f 1064//7753 1046//7754 1045//7755
f 1065//7756 1060//7757 1044//7758
f 1066//7759 1067//7760 1063//7761
f 1067//7762 1068//7763 1064//7764
f 1048//7765 1046//7766 1064//7767
f 1069//7768 1065//7769 1047//7770
f 1067//7771 1070//7772 1068//7773
f 1051//7774 1048//7775 1068//7776
f 1071//7777 1049//7778 1051//7779
f 1072//7780 1069//7781 1050//7782
f 1052//7783 1049//7784 1071//7785
f 1074//7786 1053//7787 1052//7788
f 1075//7789 1072//7790 1038//7791
f 1076//7792 1077//7793 1074//7794
f 1078//7795 1075//7796 1054//7797
f 1079//7798 1080//7799 1077//7800
f 1056//7801 1053//7802 1077//7803
f 1081//7804 1041//7805 1056//7806
f 1055//7807 1082//7808 1078//7809
f 1083//7810 1084//7811 1081//7812
f 1057//7813 1041//7814 1081//7815
f 1058//7816 1085//7817 1082//7818
f 1086//7819 1059//7820 1057//7821
f 1060//7822 1087//7823 977//7824
f 1087//7825 1088//7826 978//7827
f 1061//7828 975//7829 978//7830
f 1089//7831 1062//7832 1061//7833
f 1090//7834 1087//7835 1060//7836
f 1091//7837 1088//7838 1087//7839
f 1066//7840 1062//7841 1089//7842
f 1092//7843 1067//7844 1066//7845
f 1069//7846 1093//7847 1090//7848
f 1094//7849 1091//7850 1090//7851
f 1095//7852 1089//7853 1091//7854
f 1095//7855 1096//7856 1092//7857
f 1097//7858 1070//7859 1067//7860
f 1072//7861 1098//7862 1093//7863
f 1098//7864 1099//7865 1094//7866
f 1100//7867 1095//7868 1094//7869
f 1101//7870 1096//7871 1095//7872
f 1101//7873 1102//7874 1097//7875
f 1073//7876 1070//7877 1097//7878
f 1103//7879 1071//7880 1073//7881
f 1075//7882 1104//7883 1098//7884
f 1099//7885 1105//7886 1100//7887
f 1105//7888 1106//7889 1101//7890
f 1107//7891 1102//7892 1101//7893
f 1076//7894 1071//7895 1103//7896
f 1108//7897 1104//7898 1075//7899
f 1109//7900 1110//7901 1107//7902
f 1111//7903 1103//7904 1107//7905
f 1079//7906 1076//7907 1103//7908
f 1112//7909 1080//7910 1079//7911
f 1113//7912 1108//7913 1078//7914
f 1110//7915 1114//7916 1111//7917
f 1114//7918 1115//7919 1112//7920
f 1083//7921 1080//7922 1112//7923
f 1116//7924 1084//7925 1083//7926
f 1117//7927 1113//7928 1082//7929
f 1115//7930 1118//7931 1116//7932
f 1086//7933 1084//7934 1116//7935
f 1119//7936 1043//7937 1059//7938
f 1121//7939 1120//7940 1086//7941
f 1099//7942 1104//7943 1122//7944
f 1105//7945 1099//7946 1123//7947
f 1125//7948 1106//7949 1105//7950
f 1108//7951 1126//7952 1122//7953
f 1127//7954 1123//7955 1122//7956
f 1109//7957 1106//7958 1125//7959
f 1128//7960 1110//7961 1109//7962
f 1129//7963 1126//7964 1108//7965
f 1130//7966 1127//7967 1126//7968
f 1130//7969 1131//7970 1124//7971
f 1131//7972 1132//7973 1125//7974
f 1133//7975 1114//7976 1110//7977
f 1134//7978 1129//7979 1113//7980
f 1135//7981 1130//7982 1129//7983
f 1135//7984 1136//7985 1131//7986
f 1137//7987 1132//7988 1131//7989
f 1138//7990 1128//7991 1132//7992
f 1139//7993 1115//7994 1114//7995
f 850//7996 1140//7997 855//7998
f 1142//7999 860//8000 855//8001
f 1140//8002 1143//8003 1142//8004
f 1147//8005 860//8006 1142//8007
f 1148//8008 1147//8009 1143//8010
f 1144//8011 1149//8012 1148//8013
f 1146//8014 1150//8015 1149//8016
f 1152//8017 865//8018 860//8019
f 1153//8020 1152//8021 1147//8022
f 1154//8023 1153//8024 1148//8025
f 1155//8026 1154//8027 1149//8028
f 1151//8029 1156//8030 1155//8031
f 1157//8032 867//8033 865//8034
f 1158//8035 1157//8036 1152//8037
f 1159//8038 1158//8039 1153//8040
f 1160//8041 1159//8042 1153//8043
f 1161//8044 1160//8045 1154//8046
f 1162//8047 1161//8048 1154//8049
f 1156//8050 1163//8051 1162//8052
f 1164//8053 869//8054 867//8055
f 1165//8056 1164//8057 1157//8058
f 1166//8059 1165//8060 1158//8061
f 1167//8062 1166//8063 1160//8064
f 1164//8065 1168//8066 869//8067
f 1165//8068 1169//8069 1168//8070
f 1170//8071 1169//8072 1165//8073
f 1175//8074 1170//8075 1166//8076
f 1171//8077 1175//8078 1166//8079
f 1172//8080 1171//8081 1167//8082
f 1169//8083 1174//8084 1173//8085
f 1170//8086 1175//8087 1174//8088
f 1171//8089 1176//8090 1175//8091
f 1177//8092 1176//8093 1172//8094
f 1177//8095 1179//8096 1178//8097
f 1180//8098 1182//8099 1156//8100
f 1181//8101 1183//8102 1182//8103
f 1187//8104 1163//8105 1182//8106
f 1184//8107 1188//8108 1187//8109
f 1185//8110 1189//8111 1188//8112
f 1186//8113 1190//8114 1189//8115
f 1193//8116 1162//8117 1163//8118
f 1194//8119 1193//8120 1188//8121
f 1195//8122 1194//8123 1189//8124
f 1191//8125 1196//8126 1195//8127
f 1192//8128 1197//8129 1196//8130
f 1199//8131 1172//8132 1162//8133
f 1200//8134 1199//8135 1193//8136
f 1195//8137 1201//8138 1200//8139
f 1196//8140 1202//8141 1201//8142
f 1198//8143 1203//8144 1202//8145
f 1204//8146 1177//8147 1199//8148
f 1205//8149 1204//8150 1199//8151
f 1206//8152 1205//8153 1200//8154
f 1207//8155 1206//8156 1201//8157
f 1202//8158 1208//8159 1207//8160
f 1209//8161 1208//8162 1202//8163
f 1205//8164 1210//8165 1204//8166
f 1206//8167 1211//8168 1210//8169
f 1212//8170 1211//8171 1207//8172
f 1214//8173 1213//8174 883//8175
f 1216//8176 1215//8177 1213//8178
f 1213//8179 1217//8180 902//8181
f 1218//8182 1214//8183 884//8184
f 904//8185 1218//8186 903//8187
f 1215//8188 1220//8189 1217//8190
f 1221//8191 1220//8192 1215//8193
f 1216//8194 1214//8195 1218//8196
f 1222//8197 1221//8198 1218//8199
f 1222//8200 904//8201 1219//8202
f 1225//8203 1224//8204 1220//8205
f 1225//8206 1221//8207 1222//8208
f 1227//8209 1226//8210 1222//8211
f 1228//8212 1224//8213 1225//8214
f 1226//8215 1229//8216 1225//8217
f 1231//8218 1140//8219 850//8220
f 1232//8221 905//8222 921//8223
f 1220//8224 1233//8225 1231//8226
f 1234//8227 1223//8228 1232//8229
f 1224//8230 1236//8231 1233//8232
f 1237//8233 1227//8234 1223//8235
f 1238//8236 1237//8237 1223//8238
f 1238//8239 1234//8240 1235//8241
f 1141//8242 1140//8243 1236//8244
f 1228//8245 1239//8246 1236//8247
f 1240//8248 1239//8249 1228//8250
f 1241//8251 1240//8252 1229//8253
f 1230//8254 1227//8255 1237//8256
f 1242//8257 1230//8258 1237//8259
f 1244//8260 1239//8261 1240//8262
f 1246//8263 1245//8264 1241//8265
f 1246//8266 1230//8267 1242//8268
f 1243//8269 1247//8270 1242//8271
f 1249//8272 1248//8273 1244//8274
f 1249//8275 1240//8276 1245//8277
f 1251//8278 1250//8279 1246//8280
f 1252//8281 1248//8282 1249//8283
f 1254//8284 1253//8285 1249//8286
f 1256//8287 1235//8288 1232//8289
f 1258//8290 1143//8291 1141//8292
f 1259//8293 1243//8294 1238//8295
f 1259//8296 1235//8297 1257//8298
f 1144//8299 1143//8300 1258//8301
f 1244//8302 1260//8303 1258//8304
f 1261//8305 1243//8306 1259//8307
f 1262//8308 1145//8309 1144//8310
f 1248//8311 1262//8312 1260//8313
f 1264//8314 1251//8315 1247//8316
f 1264//8317 1243//8318 1261//8319
f 1146//8320 1145//8321 1262//8322
f 1252//8323 1266//8324 1262//8325
f 1253//8326 1266//8327 1252//8328
f 1254//8329 1245//8330 1263//8331
f 1267//8332 1263//8333 1250//8334
f 1267//8335 1251//8336 1264//8337
f 1268//8338 1264//8339 1265//8340
f 1270//8341 1266//8342 1253//8343
f 1272//8344 1271//8345 1253//8346
f 1272//8347 1254//8348 1263//8349
f 1273//8350 1263//8351 1267//8352
f 1275//8353 1274//8354 1267//8355
f 1276//8356 1275//8357 1268//8358
f 1277//8359 1255//8360 994//8361
f 1278//8362 1256//8363 1255//8364
f 1279//8365 1257//8366 1256//8367
f 1281//8368 1279//8369 1280//8370
f 1261//8371 1257//8372 1281//8373
f 1265//8374 1261//8375 1283//8376
f 1285//8377 1284//8378 1283//8379
f 1286//8380 1150//8381 1146//8382
f 1151//8383 1150//8384 1286//8385
f 1270//8386 1287//8387 1286//8388
f 1288//8389 1276//8390 1269//8391
f 1290//8392 1278//8393 1277//8394
f 1290//8395 1005//8396 1289//8397
f 1291//8398 1280//8399 1278//8400
f 1292//8401 1282//8402 1280//8403
f 1310//8404 1290//8405 1289//8406
f 1119//8407 1017//8408 1016//8409
f 1293//8410 1058//8411 869//8412
f 1293//8413 1168//8414 1173//8415
f 1293//8416 1294//8417 1085//8418
f 1174//8419 1295//8420 1294//8421
f 1175//8422 1296//8423 1295//8424
f 1178//8425 1296//8426 1176//8427
f 1297//8428 1117//8429 1085//8430
f 1298//8431 1299//8432 1118//8433
f 1294//8434 1300//8435 1297//8436
f 1295//8437 1301//8438 1300//8439
f 1296//8440 1302//8441 1301//8442
f 1303//8443 1302//8444 1178//8445
f 1285//8446 1281//8447 1304//8448
f 1288//8449 1284//8450 1305//8451
f 1291//8452 1290//8453 1307//8454
f 1304//8455 1282//8456 1656//8457
f 1305//8458 1285//8459 1304//8460
f 1309//8461 1306//8462 1305//8463
f 1307//8464 1290//8465 1310//8466
f 1312//8467 1291//8468 1307//8469
f 1313//8470 1292//8471 1291//8472
f 1314//8473 1282//8474 1292//8475
f 1656//8476 1282//8477 1314//8478
f 1308//8479 1304//8480 1656//8481
f 1310//8482 1017//8483 1119//8484
f 1316//8485 1311//8486 1310//8487
f 1311//8488 1316//8489 1317//8490
f 1314//8491 1658//8492 1634//8493
f 1633//8494 1314//8495 1634//8496
f 1319//8497 1315//8498 1119//8499
f 1321//8500 1316//8501 1315//8502
f 1321//8503 1319//8504 1320//8505
f 1317//8506 1316//8507 1321//8508
f 1322//8509 1318//8510 1317//8511
f 1324//8512 1322//8513 1323//8514
f 1319//8515 1059//8516 1120//8517
f 1320//8518 1319//8519 1325//8520
f 1328//8521 1322//8522 1320//8523
f 1323//8524 1322//8525 1328//8526
f 1299//8527 1329//8528 1121//8529
f 1325//8530 1120//8531 1121//8532
f 1299//8533 1330//8534 1329//8535
f 1327//8536 1325//8537 1329//8538
f 1331//8539 1332//8540 1327//8541
f 1328//8542 1326//8543 1327//8544
f 1334//8545 1270//8546 1271//8547
f 1335//8548 1271//8549 1272//8550
f 1274//8551 1336//8552 1273//8553
f 1337//8554 1334//8555 1335//8556
f 1339//8557 1180//8558 1151//8559
f 1339//8560 1287//8561 1270//8562
f 1336//8563 1341//8564 1340//8565
f 1342//8566 1274//8567 1275//8568
f 1342//8569 1276//8570 1288//8571
f 1181//8572 1180//8573 1339//8574
f 1337//8575 1344//8576 1339//8577
f 1345//8578 1344//8579 1337//8580
f 1338//8581 1346//8582 1345//8583
f 1338//8584 1336//8585 1340//8586
f 1341//8587 1346//8588 1340//8589
f 1347//8590 1274//8591 1342//8592
f 1349//8593 1348//8594 1342//8595
f 1350//8596 1344//8597 1345//8598
f 1346//8599 1351//8600 1345//8601
f 1353//8602 1352//8603 1341//8604
f 1354//8605 1353//8606 1341//8607
f 1348//8608 1354//8609 1347//8610
f 1355//8611 1350//8612 1351//8613
f 1357//8614 1356//8615 1351//8616
f 1352//8617 1357//8618 1346//8619
f 1358//8620 1183//8621 1181//8622
f 1184//8623 1183//8624 1358//8625
f 1350//8626 1359//8627 1358//8628
f 1185//8629 1184//8630 1359//8631
f 1355//8632 1361//8633 1359//8634
f 1362//8635 1361//8636 1355//8637
f 1357//8638 1362//8639 1356//8640
f 1354//8641 1363//8642 1353//8643
f 1364//8644 1348//8645 1360//8646
f 1186//8647 1185//8648 1361//8649
f 1367//8650 1366//8651 1361//8652
f 1368//8653 1367//8654 1362//8655
f 1363//8656 1368//8657 1357//8658
f 1369//8659 1363//8660 1354//8661
f 1370//8662 1369//8663 1354//8664
f 1371//8665 1370//8666 1364//8667
f 1372//8668 1366//8669 1367//8670
f 1373//8671 1367//8672 1368//8673
f 1374//8674 1382//8675 1363//8676
f 1375//8677 1372//8678 1373//8679
f 1377//8680 1190//8681 1186//8682
f 1370//8683 1379//8684 1378//8685
f 1380//8686 1379//8687 1370//8688
f 1191//8689 1190//8690 1377//8691
f 1372//8692 1381//8693 1377//8694
f 1374//8695 1378//8696 1383//8697
f 1374//8698 1369//8699 1378//8700
f 1192//8701 1191//8702 1381//8703
f 1375//8704 1385//8705 1381//8706
f 1386//8707 1385//8708 1375//8709
f 1376//8710 1368//8711 1382//8712
f 1387//8713 1382//8714 1383//8715
f 1388//8716 1387//8717 1378//8718
f 1388//8719 1379//8720 1384//8721
f 1390//8722 1385//8723 1386//8724
f 1392//8725 1391//8726 1386//8727
f 1392//8728 1376//8729 1382//8730
f 1393//8731 1382//8732 1387//8733
f 1394//8734 1197//8735 1192//8736
f 1388//8737 1396//8738 1395//8739
f 1397//8740 1396//8741 1388//8742
f 1198//8743 1197//8744 1394//8745
f 1390//8746 1398//8747 1394//8748
f 1399//8749 1398//8750 1390//8751
f 1400//8752 1399//8753 1391//8754
f 1401//8755 1400//8756 1392//8757
f 1393//8758 1402//8759 1401//8760
f 1393//8761 1387//8762 1395//8763
f 1396//8764 1402//8765 1395//8766
f 1404//8767 1203//8768 1198//8769
f 1396//8770 1405//8771 1402//8772
f 1209//8773 1407//8774 1406//8775
f 1404//8776 1407//8777 1209//8778
f 1179//8779 1409//8780 1303//8781
f 1210//8782 1410//8783 1409//8784
f 1210//8785 1411//8786 1410//8787
f 1211//8788 1412//8789 1411//8790
f 1211//8791 1413//8792 1412//8793
f 1212//8794 1414//8795 1413//8796
f 1406//8797 1414//8798 1212//8799
f 1415//8800 1414//8801 1406//8802
f 1343//8803 1288//8804 1306//8805
f 1416//8806 1349//8807 1343//8808
f 1417//8809 1343//8810 1306//8811
f 1417//8812 1309//8813 1659//8814
f 1416//8815 1343//8816 1417//8817
f 1418//8818 1416//8819 1417//8820
f 1419//8821 1360//8822 1349//8823
f 1419//8824 1416//8825 1418//8826
f 1365//8827 1360//8828 1419//8829
f 1421//8830 1420//8831 1419//8832
f 1420//8833 1371//8834 1365//8835
f 1420//8836 1423//8837 1380//8838
f 1423//8839 1660//8840 1628//8841
f 1424//8842 1384//8843 1380//8844
f 1425//8845 1389//8846 1384//8847
f 1646//8848 1642//8849 1426//8850
f 1425//8851 1427//8852 1397//8853
f 1425//8854 1424//8855 1426//8856
f 1428//8857 1403//8858 1397//8859
f 1662//8860 1652//8861 1408//8862
f 1429//8863 1398//8864 1399//8865
f 1430//8866 1399//8867 1400//8868
f 1432//8869 1431//8870 1401//8871
f 1429//8872 1433//8873 1404//8874
f 1434//8875 1433//8876 1429//8877
f 1435//8878 1434//8879 1430//8880
f 1431//8881 1436//8882 1435//8883
f 1432//8884 1437//8885 1436//8886
f 1432//8887 1438//8888 1437//8889
f 1405//8890 1438//8891 1402//8892
f 1439//8893 1434//8894 1435//8895
f 1440//8896 1435//8897 1436//8898
f 1442//8899 1441//8900 1436//8901
f 1443//8902 1407//8903 1404//8904
f 1444//8905 1443//8906 1433//8907
f 1438//8908 1446//8909 1445//8910
f 1447//8911 1446//8912 1438//8913
f 1405//8914 1448//8915 1447//8916
f 1405//8917 1403//8918 1408//8919
f 1439//8920 1449//8921 1444//8922
f 1450//8923 1449//8924 1439//8925
f 1441//8926 1451//8927 1450//8928
f 1442//8929 1452//8930 1451//8931
f 1442//8932 1437//8933 1445//8934
f 1453//8935 1452//8936 1445//8937
f 1443//8938 1454//8939 1415//8940
f 1444//8941 1455//8942 1454//8943
f 1447//8944 1460//8945 1459//8946
f 1461//8947 1460//8948 1447//8949
f 1462//8950 1455//8951 1444//8952
f 1462//8953 1463//8954 1456//8955
f 1450//8956 1463//8957 1462//8958
f 1464//8959 1457//8960 1456//8961
f 1451//8962 1464//8963 1463//8964
f 1464//8965 1452//8966 1458//8967
f 1453//8968 1459//8969 1458//8970
f 1465//8971 1448//8972 1408//8973
f 1466//8974 1465//8975 1408//8976
f 1465//8977 1467//8978 1461//8979
f 1466//8980 1468//8981 1467//8982
f 1469//8983 1134//8984 1117//8985
f 1470//8986 1135//8987 1134//8988
f 1470//8989 1471//8990 1136//8991
f 1471//8992 1472//8993 1137//8994
f 1473//8995 1138//8996 1137//8997
f 1474//8998 1133//8999 1138//9000
f 1298//9001 1115//9002 1139//9003
f 1475//9004 1299//9005 1298//9006
f 1476//9007 1469//9008 1297//9009
f 1477//9010 1470//9011 1469//9012
f 1477//9013 1478//9014 1471//9015
f 1478//9016 1479//9017 1472//9018
f 1479//9019 1480//9020 1473//9021
f 1481//9022 1474//9023 1473//9024
f 1482//9025 1139//9026 1474//9027
f 1476//9028 1483//9029 1477//9030
f 1483//9031 1484//9032 1478//9033
f 1484//9034 1485//9035 1479//9036
f 1485//9037 1486//9038 1480//9039
f 1487//9040 1481//9041 1480//9042
f 1488//9043 1482//9044 1481//9045
f 1489//9046 1475//9047 1482//9048
f 1490//9049 1476//9050 1301//9051
f 1490//9052 1491//9053 1483//9054
f 1491//9055 1492//9056 1484//9057
f 1492//9058 1493//9059 1485//9060
f 1494//9061 1486//9062 1485//9063
f 1495//9064 1487//9065 1486//9066
f 1495//9067 1496//9068 1488//9069
f 1496//9070 1497//9071 1489//9072
f 1490//9073 1498//9074 1491//9075
f 1498//9076 1499//9077 1492//9078
f 1499//9079 1500//9080 1493//9081
f 1501//9082 1494//9083 1493//9084
f 1498//9085 1502//9086 1499//9087
f 1502//9088 1503//9089 1500//9090
f 1504//9091 1490//9092 1302//9093
f 1504//9094 1505//9095 1498//9096
f 1505//9097 1506//9098 1502//9099
f 1507//9100 1503//9101 1502//9102
f 1303//9103 1508//9104 1504//9105
f 1505//9106 1509//9107 1506//9108
f 1510//9109 1507//9110 1506//9111
f 1495//9112 1494//9113 1511//9114
f 1496//9115 1495//9116 1512//9117
f 1513//9118 1497//9119 1496//9120
f 1501//9121 1514//9122 1511//9123
f 1511//9124 1515//9125 1512//9126
f 1500//9127 1516//9128 1514//9129
f 1517//9130 1511//9131 1514//9132
f 1517//9133 1518//9134 1515//9135
f 1519//9136 1513//9137 1515//9138
f 1507//9139 1520//9140 1503//9141
f 1516//9142 1521//9143 1517//9144
f 1518//9145 1522//9146 1519//9147
f 1523//9148 1520//9149 1507//9150
f 1520//9151 1524//9152 1521//9153
f 1524//9154 1525//9155 1518//9156
f 1526//9157 1330//9158 1299//9159
f 1331//9160 1330//9161 1526//9162
f 1527//9163 1332//9164 1331//9165
f 1528//9166 1526//9167 1489//9168
f 1333//9169 1332//9170 1527//9171
f 1664//9172 1650//9173 1333//9174
f 1497//9175 1529//9176 1528//9177
f 1530//9178 1527//9179 1528//9180
f 1531//9181 1529//9182 1497//9183
f 1533//9184 1531//9185 1519//9186
f 1534//9187 1533//9188 1522//9189
f 1666//9190 1648//9191 1533//9192
f 1508//9193 1535//9194 1505//9195
f 1535//9196 1536//9197 1509//9198
f 1409//9199 1537//9200 1508//9201
f 1537//9202 1538//9203 1535//9204
f 1539//9205 1536//9206 1535//9207
f 1410//9208 1540//9209 1537//9210
f 1540//9211 1541//9212 1538//9213
f 1411//9214 1542//9215 1540//9216
f 1542//9217 1543//9218 1541//9219
f 1544//9220 1539//9221 1541//9222
f 1412//9223 1545//9224 1542//9225
f 1546//9226 1543//9227 1542//9228
f 1413//9229 1547//9230 1545//9231
f 1547//9232 1548//9233 1546//9234
f 1549//9235 1547//9236 1413//9237
f 1549//9238 1550//9239 1548//9240
f 1415//9241 1557//9242 1549//9243
f 1558//9244 1550//9245 1549//9246
f 1558//9247 1559//9248 1551//9249
f 1559//9250 1560//9251 1552//9252
f 1560//9253 1561//9254 1553//9255
f 1562//9256 1554//9257 1553//9258
f 1562//9259 1555//9260 1554//9261
f 1563//9262 1556//9263 1555//9264
f 1510//9265 1536//9266 1564//9267
f 1565//9268 1520//9269 1523//9270
f 1565//9271 1566//9272 1524//9273
f 1566//9274 1567//9275 1525//9276
f 1567//9277 1568//9278 1522//9279
f 1539//9280 1569//9281 1564//9282
f 1570//9283 1523//9284 1564//9285
f 1570//9286 1571//9287 1565//9288
f 1571//9289 1572//9290 1566//9291
f 1572//9292 1573//9293 1567//9294
f 1573//9295 1574//9296 1568//9297
f 1571//9298 1570//9299 1569//9300
f 1575//9301 1576//9302 1572//9303
f 1576//9304 1577//9305 1573//9306
f 1544//9307 1543//9308 1578//9309
f 1544//9310 1579//9311 1569//9312
f 1575//9313 1571//9314 1569//9315
f 1580//9316 1581//9317 1576//9318
f 1582//9319 1577//9320 1576//9321
f 1546//9322 1584//9323 1578//9324
f 1585//9325 1579//9326 1578//9327
f 1585//9328 1586//9329 1575//9330
f 1586//9331 1580//9332 1575//9333
f 1587//9334 1582//9335 1581//9336
f 1588//9337 1583//9338 1582//9339
f 1589//9340 1585//9341 1584//9342
f 1590//9343 1586//9344 1585//9345
f 1591//9346 1580//9347 1586//9348
f 1591//9349 1587//9350 1580//9351
f 1592//9352 1588//9353 1587//9354
f 1593//9355 1584//9356 1548//9357
f 1593//9358 1590//9359 1589//9360
f 1551//9361 1590//9362 1593//9363
f 1594//9364 1590//9365 1551//9366
f 1594//9367 1586//9368 1590//9369
f 1554//9370 1591//9371 1586//9372
f 1556//9373 1592//9374 1591//9375
f 1563//9376 1597//9377 1595//9378
f 1568//9379 1598//9380 1534//9381
f 1574//9382 1599//9383 1598//9384
f 1600//9385 1599//9386 1574//9387
f 1602//9388 1600//9389 1577//9390
f 1603//9391 1601//9392 1600//9393
f 1604//9394 1602//9395 1583//9396
f 1595//9397 1592//9398 1556//9399
f 1668//9400 1649//9401 1592//9402
f 1605//9403 1557//9404 1415//9405
f 1605//9406 1606//9407 1558//9408
f 1455//9409 1606//9410 1605//9411
f 1607//9412 1559//9413 1558//9414
f 1456//9415 1607//9416 1606//9417
f 1607//9418 1608//9419 1560//9420
f 1457//9421 1608//9422 1607//9423
f 1609//9424 1561//9425 1560//9426
f 1609//9427 1608//9428 1457//9429
f 1610//9430 1562//9431 1561//9432
f 1610//9433 1609//9434 1458//9435
f 1460//9436 1611//9437 1610//9438
f 1611//9439 1612//9440 1563//9441
f 1461//9442 1612//9443 1611//9444
f 1612//9445 1613//9446 1597//9447
f 1467//9448 1613//9449 1612//9450
f 1614//9451 1613//9452 1467//9453
f 1468//9454 1643//9455 1669//9456
f 1308//9457 1656//9458 1622//9459
f 1641//9460 1636//9461 1597//9462
f 1604//9463 1632//9464 1655//9465
f 1323//9466 1626//9467 1324//9468
f 1644//9469 1640//9470 1599//9471
f 1599//9472 1640//9473 1621//9474
f 1417//9475 1659//9476 1627//9477
f 1419//9478 1645//9479 1617//9480
f 1419//9481 1624//9482 1421//9483
f 1637//9484 1631//9485 1534//9486
f 1597//9487 1636//9488 1619//9489
f 1648//9490 1639//9491 1532//9492
f 1630//9493 1625//9494 1529//9495
f 1426//9496 1647//9497 1427//9498
f 1529//9499 1625//9500 1654//9501
f 1428//9502 1427//9503 1629//9504
f 1408//9505 1618//9506 1466//9507
f 1663//9508 1468//9509 1466//9510
f 1333//9511 1650//9512 1623//9513
f 1530//9514 1638//9515 1527//9516
f 1308//9517 1622//9518 1657//9519
f 1314//9520 1633//9521 1656//9522
f 1530//9523 1665//9524 1638//9525
f 1663//9526 1643//9527 1468//9528
f 1667//9529 1601//9530 1603//9531
f 1408//9532 1652//9533 1618//9534
f 1632//9535 1604//9536 1592//9537
f 1614//9538 1669//9539 1641//9540
f 1426//9541 1642//9542 1647//9543
f 1308//9544 1657//9545 1659//9546
f 1419//9547 1617//9548 1624//9549
f 1419//9550 1418//9551 1645//9552
f 1417//9553 1627//9554 1418//9555
f 1324//9556 1615//9557 1318//9558
f 1623//9559 1616//9560 1328//9561
f 1323//9562 1328//9563 1616//9564
f 1424//9565 1423//9566 1646//9567
f 1423//9568 1422//9569 1660//9570
f 1314//9571 1313//9572 1658//9573
f 1313//9574 1312//9575 1615//9576
f 1427//9577 1635//9578 1629//9579
f 1428//9580 1629//9581 1661//9582
f 1666//9583 1533//9584 1534//9585
f 1466//9586 1618//9587 1663//9588
f 1333//9589 1527//9590 1638//9591
f 1530//9592 1653//9593 1665//9594
f 1529//9595 1654//9596 1530//9597
f 1630//9598 1529//9599 1532//9600
f 1648//9601 1532//9602 1533//9603
f 1662//9604 1408//9605 1428//9606
f 1597//9607 1619//9608 1596//9609
f 1646//9610 1426//9611 1424//9612
f 1637//9613 1534//9614 1620//9615
f 1599//9616 1621//9617 1620//9618
f 1422//9619 1421//9620 1651//9621
f 1644//9622 1599//9623 1601//9624
f 1604//9625 1655//9626 1603//9627
f 1592//9628 1649//9629 1632//9630
f 1615//9631 1312//9632 1318//9633
f 1596//9634 1668//9635 1592//9636
f 1641//9637 1597//9638 1614//9639
f 1468//9640 1669//9641 1614//9642
f 1672//9643 1676//9644 1673//9645
f 1675//9646 1678//9647 1674//9648
f 1674//9649 1678//9650 1676//9651
f 1675//9652 1677//9653 1681//9654
f 1678//9655 1675//9656 1682//9657
f 1678//9658 1685//9659 1679//9660
f 1680//9661 1683//9662 1681//9663
f 1681//9664 1684//9665 1682//9666
f 1685//9667 1686//9668 1679//9669
f 1683//9670 1688//9671 1684//9672
f 1685//9673 1684//9674 1690//9675
f 1685//9676 1690//9677 1686//9678
f 1686//9679 1691//9680 1687//9681
f 1689//9682 1693//9683 1690//9684
f 1691//9685 1690//9686 1695//9687
f 1692//9688 1691//9689 1697//9690
f 1694//9691 1693//9692 1699//9693
f 1704//9694 1702//9695 1701//9696
f 1701//9697 1703//9698 1708//9699
f 1709//9700 1704//9701 1708//9702
f 1708//9703 1707//9704 1711//9705
f 1712//9706 1709//9707 1711//9708
f 1705//9709 1709//9710 1713//9711
f 1706//9712 1705//9713 1714//9714
f 1721//9715 1719//9716 1720//9717
f 1721//9718 1720//9719 1724//9720
f 1724//9721 1723//9722 1717//9723
f 1725//9724 1722//9725 1724//9726
f 1728//9727 1727//9728 1731//9729
f 1731//9730 1730//9731 1719//9732
f 1732//9733 1729//9734 1731//9735
f 1720//9736 1718//9737 1733//9738
f 1731//9739 1719//9740 1734//9741
f 1735//9742 1732//9743 1734//9744
f 1735//9745 1734//9746 1722//9747
f 1723//9748 1720//9749 1737//9750
f 1735//9751 1722//9752 1738//9753
f 1739//9754 1736//9755 1738//9756
f 1739//9757 1738//9758 1726//9759
f 1741//9760 1727//9761 1742//9762
f 1742//9763 1728//9764 1743//9765
f 1730//9766 1727//9767 1744//9768
f 1742//9769 1743//9770 1745//9771
f 1746//9772 1743//9773 1732//9774
f 1730//9775 1744//9776 1733//9777
f 1746//9778 1732//9779 1748//9780
f 1749//9781 1748//9782 1736//9783
f 1733//9784 1747//9785 1737//9786
f 1749//9787 1736//9788 1751//9789
f 1752//9790 1741//9791 1753//9792
f 1741//9793 1752//9794 1744//9795
f 1752//9796 1753//9797 1754//9798
f 1755//9799 1753//9800 1745//9801
f 1755//9802 1745//9803 1756//9804
f 1747//9805 1744//9806 1757//9807
f 1758//9808 1756//9809 1748//9810
f 1758//9811 1748//9812 1749//9813
f 1750//9814 1747//9815 1759//9816
f 1758//9817 1749//9818 1760//9819
f 1760//9820 1749//9821 1751//9822
f 1761//9823 1754//9824 1762//9825
f 1762//9826 1755//9827 1763//9828
f 1754//9829 1761//9830 1757//9831
f 1762//9832 1763//9833 1765//9834
f 1766//9835 1763//9836 1758//9837
f 1759//9838 1757//9839 1767//9840
f 1768//9841 1766//9842 1760//9843
f 1769//9844 1761//9845 1770//9846
f 1761//9847 1769//9848 1764//9849
f 1769//9850 1770//9851 1771//9852
f 1772//9853 1770//9854 1765//9855
f 1772//9856 1765//9857 1773//9858
f 1767//9859 1764//9860 1774//9861
f 1772//9862 1773//9863 1775//9864
f 1776//9865 1773//9866 1768//9867
f 1777//9868 1771//9869 1778//9870
f 1777//9871 1778//9872 1779//9873
f 1780//9874 1778//9875 1775//9876
f 1780//9877 1775//9878 1781//9879
f 1782//9880 1717//9881 1716//9882
f 1782//9883 1716//9884 1785//9885
f 1786//9886 1783//9887 1785//9888
f 1785//9889 1784//9890 1789//9891
f 1786//9892 1785//9893 1790//9894
f 1791//9895 1787//9896 1790//9897
f 1794//9898 1789//9899 1793//9900
f 1790//9901 1789//9902 1795//9903
f 1791//9904 1790//9905 1796//9906
f 1799//9907 1794//9908 1798//9909
f 1798//9910 1700//9911 1799//9912
f 1800//9913 1795//9914 1799//9915
f 1800//9916 1799//9917 1702//9918
f 1796//9919 1795//9920 1801//9921
f 1792//9922 1796//9923 1802//9924
f 1703//9925 1700//9926 1804//9927
f 1800//9928 1702//9929 1805//9930
f 1806//9931 1801//9932 1805//9933
f 1806//9934 1805//9935 1705//9936
f 1807//9937 1802//9938 1806//9939
f 1807//9940 1806//9941 1706//9942
f 1797//9943 1802//9944 1808//9945
f 1809//9946 1803//9947 1808//9948
f 1703//9949 1804//9950 1707//9951
f 1807//9952 1706//9953 1811//9954
f 1812//9955 1808//9956 1811//9957
f 1813//9958 1809//9959 1812//9960
f 1707//9961 1810//9962 1710//9963
f 1813//9964 1812//9965 1715//9966
f 1724//9967 1717//9968 1817//9969
f 1818//9970 1725//9971 1817//9972
f 1818//9973 1817//9974 1783//9975
f 1819//9976 1726//9977 1818//9978
f 1716//9979 1816//9980 1784//9981
f 1818//9982 1783//9983 1822//9984
f 1819//9985 1822//9986 1787//9987
f 1823//9988 1820//9989 1819//9990
f 1784//9991 1821//9992 1788//9993
f 1819//9994 1787//9995 1825//9996
f 1826//9997 1823//9998 1825//9999
f 1826//10000 1825//10001 1792//10002
f 1793//10003 1788//10004 1827//10005
f 1826//10006 1792//10007 1828//10008
f 1829//10009 1848//10010 1828//10011
f 1829//10012 1828//10013 1797//10014
f 1798//10015 1793//10016 1831//10017
f 1829//10018 1797//10019 1832//10020
f 1833//10021 1830//10022 1832//10023
f 1833//10024 1832//10025 1803//10026
f 1798//10027 1831//10028 1804//10029
f 1833//10030 1803//10031 1835//10032
f 1804//10033 1834//10034 1810//10035
f 1835//10036 1809//10037 1838//10038
f 1839//10039 1836//10040 1838//10041
f 1839//10042 1838//10043 1814//10044
f 1810//10045 1837//10046 1815//10047
f 1723//10048 1737//10049 1816//10050
f 1739//10051 1726//10052 1842//10053
f 1843//10054 1740//10055 1842//10056
f 1843//10057 1842//10058 1820//10059
f 1816//10060 1841//10061 1821//10062
f 1843//10063 1820//10064 1845//10065
f 1821//10066 1844//10067 1824//10068
f 1845//10069 1823//10070 1848//10071
f 1824//10072 1847//10073 1827//10074
f 1846//10075 1848//10076 1850//10077
f 1851//10078 1850//10079 1830//10080
f 1827//10081 1849//10082 1831//10083
f 1851//10084 1830//10085 1853//10086
f 1834//10087 1831//10088 1852//10089
f 1853//10090 1833//10091 1854//10092
f 1855//10093 1854//10094 1836//10095
f 1837//10096 1834//10097 1852//10098
f 1855//10099 1836//10100 1856//10101
f 1852//10102 1672//10103 1857//10104
f 1673//10105 1670//10106 1857//10107
f 1840//10108 1837//10109 1857//10110
f 1737//10111 1750//10112 1841//10113
f 1751//10114 1740//10115 1860//10116
f 1841//10117 1859//10118 1844//10119
f 1740//10120 1843//10121 1862//10122
f 1862//10123 1845//10124 1846//10125
f 1844//10126 1861//10127 1847//10128
f 1862//10129 1846//10130 1874//10131
f 1847//10132 1863//10133 1849//10134
f 1865//10135 1864//10136 1850//10137
f 1865//10138 1850//10139 1866//10140
f 1865//10141 1866//10142 1867//10143
f 1674//10144 1671//10145 1849//10146
f 1868//10147 1866//10148 1854//10149
f 1868//10150 1854//10151 1855//10152
f 1868//10153 1855//10154 1869//10155
f 1869//10156 1855//10157 1856//10158
f 1879//10159 1869//10160 1858//10161
f 1750//10162 1759//10163 1859//10164
f 1859//10165 1870//10166 1861//10167
f 1860//10168 1871//10169 1873//10170
f 1874//10171 1871//10172 1862//10173
f 1861//10174 1872//10175 1863//10176
f 1876//10177 1874//10178 1864//10179
f 1849//10180 1863//10181 1877//10182
f 1876//10183 1864//10184 1886//10185
f 1675//10186 1674//10187 1877//10188
f 1889//10189 1865//10190 1867//10191
f 1889//10192 1867//10193 1878//10194
f 1889//10195 1878//10196 1900//10197
f 1878//10198 1869//10199 1879//10200
f 1870//10201 1759//10202 1880//10203
f 1768//10204 1760//10205 1881//10206
f 1882//10207 1760//10208 1860//10209
f 1870//10210 1880//10211 1872//10212
f 1872//10213 1883//10214 1875//10215
f 1882//10216 1873//10217 1885//10218
f 1886//10219 1873//10220 1876//10221
f 1884//10222 1677//10223 1887//10224
f 1877//10225 1875//10226 1887//10227
f 1888//10228 1886//10229 1889//10230
f 1888//10231 1889//10232 1890//10233
f 1900//10234 1878//10235 1901//10236
f 1891//10237 1901//10238 1879//10239
f 1880//10240 1767//10241 1892//10242
f 1893//10243 1776//10244 1881//10245
f 1893//10246 1881//10247 1894//10248
f 1883//10249 1880//10250 1895//10251
f 1893//10252 1894//10253 1896//10254
f 1680//10255 1677//10256 1897//10257
f 1884//10258 1883//10259 1897//10260
f 1885//10261 1898//10262 1899//10263
f 1890//10264 1900//10265 1915//10266
f 1915//10267 1901//10268 1916//10269
f 1892//10270 1774//10271 1903//10272
f 1780//10273 1781//10274 1904//10275
f 1905//10276 1781//10277 1893//10278
f 1895//10279 1892//10280 1906//10281
f 1904//10282 1905//10283 1907//10284
f 1908//10285 1905//10286 1896//10287
f 1683//10288 1680//10289 1909//10290
f 1895//10291 1906//10292 1897//10293
f 1908//10294 1896//10295 1910//10296
f 1911//10297 1896//10298 1885//10299
f 1910//10300 1911//10301 1912//10302
f 1913//10303 1911//10304 1899//10305
f 1913//10306 1899//10307 1914//10308
f 1915//10309 1914//10310 1890//10311
f 1937//10312 1916//10313 1902//10314
f 1937//10315 1902//10316 1938//10317
f 1919//10318 1918//10319 1839//10320
f 1919//10321 1839//10322 1917//10323
f 1920//10324 1856//10325 1918//10326
f 1856//10327 1920//10328 1858//10329
f 1879//10330 1858//10331 1921//10332
f 1922//10333 1779//10334 1923//10335
f 1779//10336 1922//10337 1903//10338
f 1922//10339 1923//10340 1924//10341
f 1925//10342 1923//10343 1904//10344
f 1906//10345 1903//10346 1926//10347
f 1927//10348 1925//10349 1907//10350
f 1927//10351 1907//10352 1928//10353
f 1929//10354 1688//10355 1909//10356
f 1906//10357 1926//10358 1909//10359
f 1927//10360 1928//10361 1930//10362
f 1931//10363 1928//10364 1910//10365
f 1689//10366 1688//10367 1932//10368
f 1933//10369 1931//10370 1912//10371
f 1933//10372 1912//10373 1934//10374
f 1935//10375 1912//10376 1914//10377
f 1934//10378 1935//10379 1936//10380
f 1937//10381 1935//10382 1914//10383
f 1939//10384 1938//10385 1940//10386
f 1941//10387 1924//10388 1942//10389
f 1924//10390 1941//10391 1926//10392
f 1943//10393 1941//10394 1944//10395
f 1944//10396 1942//10397 1927//10398
f 1926//10399 1943//10400 1929//10401
f 1943//10402 1944//10403 1945//10404
f 1946//10405 1944//10406 1930//10407
f 1946//10408 1930//10409 1947//10410
f 1948//10411 1693//10412 1932//10413
f 1929//10414 1945//10415 1932//10416
f 1946//10417 1947//10418 1949//10419
f 1950//10420 1947//10421 1933//10422
f 1949//10423 1950//10424 1952//10425
f 1952//10426 1950//10427 1934//10428
f 1694//10429 1951//10430 1695//10431
f 1966//10432 1952//10433 1936//10434
f 1966//10435 1936//10436 1954//10437
f 1696//10438 1695//10439 1955//10440
f 1966//10441 1954//10442 1956//10443
f 1697//10444 1696//10445 1957//10446
f 1959//10447 1956//10448 1939//10449
f 1960//10450 1945//10451 1961//10452
f 1698//10453 1693//10454 1962//10455
f 1945//10456 1960//10457 1948//10458
f 1962//10459 1960//10460 1963//10461
f 1963//10462 1961//10463 1949//10464
f 1699//10465 1698//10466 1964//10467
f 1694//10468 1699//10469 1951//10470
f 1962//10471 1963//10472 1964//10473
f 1965//10474 1963//10475 1952//10476
f 1965//10477 1952//10478 1966//10479
f 1953//10480 1951//10481 1967//10482
f 1964//10483 1965//10484 1967//10485
f 1965//10486 1966//10487 1968//10488
f 1955//10489 1953//10490 1970//10491
f 1967//10492 1968//10493 1970//10494
f 1968//10495 1969//10496 1971//10497
f 1972//10498 1969//10499 1956//10500
f 1957//10501 1955//10502 1973//10503
f 1970//10504 1971//10505 1973//10506
f 1974//10507 1971//10508 1959//10509
f 1972//10510 1956//10511 1959//10512
f 1976//10513 1975//10514 1981//10515
f 1977//10516 1976//10517 1981//10518
f 1978//10519 1670//10520 1983//10521
f 1979//10522 1978//10523 1984//10524
f 1980//10525 1979//10526 1984//10527
f 1980//10528 1985//10529 1981//10530
f 1981//10531 1986//10532 1982//10533
f 1983//10534 1987//10535 1984//10536
f 1984//10537 1988//10538 1985//10539
f 1985//10540 1989//10541 1986//10542
f 1673//10543 1676//10544 1983//10545
f 1983//10546 1991//10547 1987//10548
f 1987//10549 1993//10550 1988//10551
f 1988//10552 1994//10553 1989//10554
f 1989//10555 1995//10556 1990//10557
f 1676//10558 1679//10559 1991//10560
f 1991//10561 1996//10562 1992//10563
f 1992//10564 1997//10565 1993//10566
f 1993//10567 1998//10568 1994//10569
f 1994//10570 1999//10571 1989//10572
f 1989//10573 1999//10574 1995//10575
f 1996//10576 1687//10577 1997//10578
f 1997//10579 2007//10580 1998//10581
f 1998//10582 2002//10583 1999//10584
f 1999//10585 2004//10586 2000//10587
f 2001//10588 2000//10589 2006//10590
f 2002//10591 2008//10592 2003//10593
f 2004//10594 2003//10595 2010//10596
f 2005//10597 2004//10598 2011//10599
f 2006//10600 2005//10601 2012//10602
f 2013//10603 1977//10604 2017//10605
f 2014//10606 2013//10607 2018//10608
f 2015//10609 2014//10610 2019//10611
f 2015//10612 2020//10613 2016//10614
f 1982//10615 2023//10616 2017//10617
f 2017//10618 2023//10619 2018//10620
f 2018//10621 2024//10622 2019//10623
f 2020//10624 2019//10625 2025//10626
f 2021//10627 2020//10628 2026//10629
f 2021//10630 2026//10631 2022//10632
f 1986//10633 1990//10634 2023//10635
f 2023//10636 2027//10637 2024//10638
f 2025//10639 2024//10640 2029//10641
f 2026//10642 2025//10643 2031//10644
f 1990//10645 2033//10646 2027//10647
f 2027//10648 2035//10649 2028//10650
f 2028//10651 2036//10652 2029//10653
f 2030//10654 2029//10655 2038//10656
f 2031//10657 2030//10658 2039//10659
f 1995//10660 2001//10661 2033//10662
f 2033//10663 2040//10664 2034//10665
f 2035//10666 2034//10667 2042//10668
f 2036//10669 2035//10670 2043//10671
f 2037//10672 2036//10673 2044//10674
f 2040//10675 2001//10676 2045//10677
f 2041//10678 2040//10679 2046//10680
f 2007//10681 1687//10682 1692//10683
f 2008//10684 2007//10685 2048//10686
f 2009//10687 2008//10688 2049//10689
f 2047//10690 1692//10691 2050//10692
f 2054//10693 2052//10694 2051//10695
f 2055//10696 2095//10697 2054//10698
f 2051//10699 2053//10700 2058//10701
f 2059//10702 2054//10703 2058//10704
f 2060//10705 2055//10706 2059//10707
f 2057//10708 2056//10709 2062//10710
f 2063//10711 2058//10712 2062//10713
f 2064//10714 2059//10715 2063//10716
f 2065//10717 2060//10718 2064//10719
f 2062//10720 2061//10721 2068//10722
f 2069//10723 2063//10724 2068//10725
f 2070//10726 2064//10727 2069//10728
f 1711//10729 1710//10730 2072//10731
f 2073//10732 1712//10733 2072//10734
f 2074//10735 1713//10736 2073//10737
f 1714//10738 1713//10739 2075//10740
f 1811//10741 1714//10742 2076//10743
f 2072//10744 2071//10745 2079//10746
f 2080//10747 2073//10748 2079//10749
f 2081//10750 2074//10751 2080//10752
f 2082//10753 2075//10754 2081//10755
f 2076//10756 2075//10757 2083//10758
f 1715//10759 2076//10760 2084//10761
f 2079//10762 2078//10763 2085//10764
f 2086//10765 2080//10766 2085//10767
f 2087//10768 2081//10769 2086//10770
f 2088//10771 2082//10772 2087//10773
f 2083//10774 2082//10775 2089//10776
f 2084//10777 2083//10778 2090//10779
f 2077//10780 2084//10781 2091//10782
f 2093//10783 2086//10784 2085//10785
f 2094//10786 2087//10787 2093//10788
f 2089//10789 2088//10790 2052//10791
f 2088//10792 2051//10793 2052//10794
f 2095//10795 2090//10796 2052//10797
f 2096//10798 2091//10799 2095//10800
f 2098//10801 2085//10802 2097//10803
f 2099//10804 2093//10805 2098//10806
f 2100//10807 2094//10808 2099//10809
f 2088//10810 2094//10811 2053//10812
f 2101//10813 2099//10814 2098//10815
f 2056//10816 2100//10817 2101//10818
f 2053//10819 2100//10820 2057//10821
f 2103//10822 2098//10823 2102//10824
f 2104//10825 2101//10826 2103//10827
f 2056//10828 2101//10829 2105//10830
f 2061//10831 2056//10832 2105//10833
f 2107//10834 2103//10835 2106//10836
f 2105//10837 2104//10838 2066//10839
f 2067//10840 2061//10841 2066//10842
f 2108//10843 2060//10844 2110//10845
f 2110//10846 2065//10847 2111//10848
f 2459//10849 2110//10850 2493//10851
f 2112//10852 2201//10853 2091//10854
f 2112//10855 2091//10856 2114//10857
f 2115//10858 2113//10859 2114//10860
f 2116//10861 2114//10862 2096//10863
f 2116//10864 2096//10865 2108//10866
f 2115//10867 2114//10868 2117//10869
f 2456//10870 2109//10871 2495//10872
f 2068//10873 2067//10874 2119//10875
f 2120//10876 2069//10877 2119//10878
f 2121//10879 2070//10880 2120//10881
f 2122//10882 2065//10883 2121//10884
f 2067//10885 2118//10886 2124//10887
f 2125//10888 2119//10889 2124//10890
f 2126//10891 2120//10892 2125//10893
f 2127//10894 2121//10895 2126//10896
f 2128//10897 2122//10898 2127//10899
f 2124//10900 2123//10901 2131//10902
f 2132//10903 2125//10904 2131//10905
f 2133//10906 2126//10907 2132//10908
f 2134//10909 2127//10910 2133//10911
f 2130//10912 2129//10913 2136//10914
f 2137//10915 2131//10916 2136//10917
f 2138//10918 2132//10919 2137//10920
f 2139//10921 2133//10922 2138//10923
f 2134//10924 2133//10925 2140//10926
f 2136//10927 2135//10928 2137//10929
f 2142//10930 2138//10931 2141//10932
f 2137//10933 2135//10934 2145//10935
f 2141//10936 2137//10937 2146//10938
f 2138//10939 2142//10940 2147//10941
f 2139//10942 2138//10943 2148//10944
f 2149//10945 2143//10946 2148//10947
f 2151//10948 2146//10949 2150//10950
f 2141//10951 2146//10952 2152//10953
f 2147//10954 2141//10955 2152//10956
f 2148//10957 2147//10958 2153//10959
f 2149//10960 2148//10961 2153//10962
f 2155//10963 2107//10964 2106//10965
f 2104//10966 2107//10967 2156//10968
f 2118//10969 2066//10970 2156//10971
f 2158//10972 2155//10973 2157//10974
f 2156//10975 2155//10976 2159//10977
f 2118//10978 2156//10979 2123//10980
f 2161//10981 2158//10982 2160//10983
f 2161//10984 2129//10985 2159//10986
f 2130//10987 2123//10988 2159//10989
f 2161//10990 2160//10991 2163//10992
f 2135//10993 2129//10994 2163//10995
f 2163//10996 2162//10997 2165//10998
f 2165//10999 2164//11000 2167//11001
f 2135//11002 2165//11003 2144//11004
f 2169//11005 2167//11006 2168//11007
f 2150//11008 2144//11009 2169//11010
f 2151//11011 2170//11012 2152//11013
f 2153//11014 2152//11015 2172//11016
f 2174//11017 2169//11018 2173//11019
f 2150//11020 2169//11021 2154//11022
f 2154//11023 2175//11024 2151//11025
f 2176//11026 2170//11027 2151//11028
f 2171//11029 2170//11030 2177//11031
f 2172//11032 2171//11033 2179//11034
f 2181//11035 2111//11036 2122//11037
f 2479//11038 2111//11039 2480//11040
f 2182//11041 2181//11042 2128//11043
f 2480//11044 2181//11045 2496//11046
f 2182//11047 2128//11048 2183//11049
f 2496//11050 2182//11051 2497//11052
f 2183//11053 2134//11054 2184//11055
f 2149//11056 2153//11057 2186//11058
f 2482//11059 2149//11060 2486//11061
f 2187//11062 2186//11063 2180//11064
f 2174//11065 2173//11066 2190//11067
f 2191//11068 2175//11069 2190//11070
f 2176//11071 2175//11072 2192//11073
f 2193//11074 2177//11075 2192//11076
f 2178//11077 2177//11078 2194//11079
f 2195//11080 2179//11081 2194//11082
f 2196//11083 2180//11084 2195//11085
f 2187//11086 2180//11087 2197//11088
f 1710//11089 1815//11090 2071//11091
f 1813//11092 1715//11093 2199//11094
f 2200//11095 1814//11096 2199//11097
f 2200//11098 2199//11099 2077//11100
f 2071//11101 2198//11102 2078//11103
f 2200//11104 2077//11105 2201//11106
f 2078//11107 2202//11108 2092//11109
f 2202//11110 1975//11111 2203//11112
f 2097//11113 2092//11114 2203//11115
f 2204//11116 2203//11117 1976//11118
f 2102//11119 2097//11120 2204//11121
f 2205//11122 2204//11123 1977//11124
f 2106//11125 2102//11126 2205//11127
f 1840//11128 1670//11129 2206//11130
f 2198//11131 1815//11132 2206//11133
f 2207//11134 2206//11135 1978//11136
f 2202//11137 2198//11138 2207//11139
f 1980//11140 1975//11141 2207//11142
f 2210//11143 1891//11144 2208//11145
f 1902//11146 2210//11147 2211//11148
f 2211//11149 2210//11150 2209//11151
f 2226//11152 2213//11153 2211//11154
f 2226//11155 2211//11156 2214//11157
f 2226//11158 2214//11159 2215//11160
f 2216//11161 2214//11162 2212//11163
f 2215//11164 2217//11165 2218//11166
f 2224//11167 2219//11168 2225//11169
f 1940//11170 1938//11171 2213//11172
f 1940//11173 2213//11174 2226//11175
f 1940//11176 2226//11177 2227//11178
f 2227//11179 2228//11180 2229//11181
f 2229//11182 2228//11183 2215//11184
f 2229//11185 2215//11186 2231//11187
f 2234//11188 2230//11189 2235//11190
f 2235//11191 2231//11192 2218//11193
f 2235//11194 2218//11195 2236//11196
f 2009//11197 2232//11198 2010//11199
f 2238//11200 2233//11201 2239//11202
f 2234//11203 2235//11204 2239//11205
f 2235//11206 2236//11207 2240//11208
f 2010//11209 2237//11210 2011//11211
f 2245//11212 2238//11213 2246//11214
f 2238//11215 2239//11216 2246//11217
f 2239//11218 2240//11219 2247//11220
f 2219//11221 2240//11222 2241//11223
f 2220//11224 2219//11225 2241//11226
f 2011//11227 2242//11228 2012//11229
f 2006//11230 2012//11231 2221//11232
f 2242//11233 2243//11234 2248//11235
f 2249//11236 2243//11237 2250//11238
f 2250//11239 2244//11240 2251//11241
f 2245//11242 2246//11243 2251//11244
f 2222//11245 2246//11246 2223//11247
f 2223//11248 2247//11249 2224//11250
f 2252//11251 1917//11252 2200//11253
f 2253//11254 2252//11255 2201//11256
f 2254//11257 2257//11258 2253//11259
f 2254//11260 2253//11261 2113//11262
f 2254//11263 2113//11264 2499//11265
f 1919//11266 1917//11267 2255//11268
f 2255//11269 2252//11270 2257//11271
f 2256//11272 2257//11273 2258//11274
f 2464//11275 2258//11276 2463//11277
f 1920//11278 1919//11279 2259//11280
f 2259//11281 2255//11282 2260//11283
f 2259//11284 2260//11285 2261//11286
f 2262//11287 2260//11288 2258//11289
f 2262//11290 2258//11291 2263//11292
f 2262//11293 2263//11294 2264//11295
f 1879//11296 1921//11297 2208//11298
f 2265//11299 1921//11300 2259//11301
f 2269//11302 2265//11303 2261//11304
f 2269//11305 2261//11306 2266//11307
f 2269//11308 2266//11309 2267//11310
f 2268//11311 2266//11312 2262//11313
f 2457//11314 2268//11315 2500//11316
f 2208//11317 2269//11318 2209//11319
f 2272//11320 2209//11321 2267//11322
f 2272//11323 2267//11324 2270//11325
f 2270//11326 2267//11327 2268//11328
f 2271//11329 2473//11330 2487//11331
f 2271//11332 2487//11333 2488//11334
f 2211//11335 2209//11336 2272//11337
f 2211//11338 2272//11339 2212//11340
f 2273//11341 2212//11342 2270//11343
f 2276//11344 2271//11345 2277//11346
f 2472//11347 2271//11348 2488//11349
f 2278//11350 2217//11351 2274//11352
f 2218//11353 2278//11354 2236//11355
f 2220//11356 2236//11357 2279//11358
f 2278//11359 2275//11360 2279//11361
f 2220//11362 2279//11363 2225//11364
f 2279//11365 2276//11366 2280//11367
f 2281//11368 2205//11369 2013//11370
f 2157//11371 2106//11372 2281//11373
f 2160//11374 2157//11375 2281//11376
f 2282//11377 2281//11378 2014//11379
f 2162//11380 2160//11381 2282//11382
f 2283//11383 2282//11384 2015//11385
f 2164//11386 2162//11387 2283//11388
f 2284//11389 2283//11390 2015//11391
f 2166//11392 2164//11393 2284//11394
f 2285//11395 2284//11396 2016//11397
f 2166//11398 2284//11399 2168//11400
f 2173//11401 2168//11402 2286//11403
f 2285//11404 2016//11405 2287//11406
f 2285//11407 2287//11408 2286//11409
f 2031//11410 2291//11411 2032//11412
f 2026//11413 2032//11414 2288//11415
f 2289//11416 2292//11417 2293//11418
f 2290//11419 2289//11420 2293//11421
f 2037//11422 2300//11423 2038//11424
f 2306//11425 2301//11426 2307//11427
f 2307//11428 2302//11429 2308//11430
f 2038//11431 2303//11432 2039//11433
f 2031//11434 2039//11435 2291//11436
f 2312//11437 2305//11438 2313//11439
f 2313//11440 2306//11441 2314//11442
f 2293//11443 2292//11444 2314//11445
f 2314//11446 2307//11447 2315//11448
f 2293//11449 2314//11450 2294//11451
f 2295//11452 2291//11453 2316//11454
f 2309//11455 2310//11456 2316//11457
f 2295//11458 2316//11459 2296//11460
f 2317//11461 2310//11462 2318//11463
f 2318//11464 2311//11465 2319//11466
f 2298//11467 2297//11468 2319//11469
f 2304//11470 2312//11471 2319//11472
f 2289//11473 2298//11474 2320//11475
f 2313//11476 2292//11477 2320//11478
f 2041//11479 2321//11480 2042//11481
f 2042//11482 2324//11483 2043//11484
f 2356//11485 2351//11486 2325//11487
f 2331//11488 2326//11489 2332//11490
f 2322//11491 2327//11492 2332//11493
f 2043//11494 2328//11495 2044//11496
f 2037//11497 2044//11498 2300//11499
f 2328//11500 2329//11501 2334//11502
f 2335//11503 2329//11504 2336//11505
f 2336//11506 2330//11507 2337//11508
f 2356//11509 2325//11510 2337//11511
f 2301//11512 2332//11513 2299//11514
f 2303//11515 2300//11516 2338//11517
f 2334//11518 2335//11519 2338//11520
f 2335//11521 2336//11522 2339//11523
f 2340//11524 2336//11525 2304//11526
f 2304//11527 2337//11528 2305//11529
f 2305//11530 2325//11531 2341//11532
f 2306//11533 2305//11534 2341//11535
f 2331//11536 2301//11537 2341//11538
f 2309//11539 2303//11540 2342//11541
f 2338//11542 2339//11543 2342//11544
f 2309//11545 2342//11546 2310//11547
f 2311//11548 2310//11549 2340//11550
f 2006//11551 2221//11552 2045//11553
f 2222//11554 2223//11555 2346//11556
f 2224//11557 2225//11558 2346//11559
f 2045//11560 2343//11561 2046//11562
f 2041//11563 2046//11564 2321//11565
f 2350//11566 2344//11567 2351//11568
f 2351//11569 2345//11570 2352//11571
f 2222//11572 2346//11573 2353//11574
f 2322//11575 2346//11576 2323//11577
f 2324//11578 2321//11579 2354//11580
f 2348//11581 2349//11582 2354//11583
f 2355//11584 2349//11585 2356//11586
f 2350//11587 2351//11588 2356//11589
f 2325//11590 2351//11591 2352//11592
f 2325//11593 2352//11594 2326//11595
f 2322//11596 2326//11597 2353//11598
f 2328//11599 2324//11600 2357//11601
f 2354//11602 2355//11603 2357//11604
f 2328//11605 2357//11606 2329//11607
f 2358//11608 2355//11609 2330//11610
f 2329//11611 2358//11612 2330//11613
f 2343//11614 2221//11615 2359//11616
f 2248//11617 2249//11618 2359//11619
f 2249//11620 2250//11621 2360//11622
f 2344//11623 2250//11624 2345//11625
f 2348//11626 2343//11627 2361//11628
f 2359//11629 2360//11630 2361//11631
f 2348//11632 2361//11633 2349//11634
f 2187//11635 2362//11636 2188//11637
f 2466//11638 2363//11639 2503//11640
f 2364//11641 2492//11642 2504//11643
f 2477//11644 2364//11645 2504//11646
f 2290//11647 2294//11648 2365//11649
f 2483//11650 2367//11651 2505//11652
f 2299//11653 2367//11654 2308//11655
f 2315//11656 2308//11657 2369//11658
f 2364//11659 2294//11660 2369//11661
f 2489//11662 2370//11663 2508//11664
f 2371//11665 2370//11666 2509//11667
f 2327//11668 2323//11669 2372//11670
f 2371//11671 2509//11672 2372//11673
f 2366//11674 2299//11675 2333//11676
f 2225//11677 2280//11678 2347//11679
f 2347//11680 2280//11681 2370//11682
f 2323//11683 2347//11684 2371//11685
f 2347//11686 2370//11687 2371//11688
f 2173//11689 2286//11690 2189//11691
f 2190//11692 2189//11693 2374//11694
f 2191//11695 2190//11696 2375//11697
f 2191//11698 2375//11699 2192//11700
f 2192//11701 2376//11702 2193//11703
f 2194//11704 2193//11705 2378//11706
f 2195//11707 2194//11708 2379//11709
f 2196//11710 2195//11711 2380//11712
f 2382//11713 2375//11714 2381//11715
f 2376//11716 2375//11717 2383//11718
f 2377//11719 2376//11720 2384//11721
f 2373//11722 2286//11723 2385//11724
f 2374//11725 2373//11726 2386//11727
f 2377//11728 2387//11729 2378//11730
f 2379//11731 2378//11732 2389//11733
f 2380//11734 2379//11735 2390//11736
f 2374//11737 2386//11738 2381//11739
f 2382//11740 2381//11741 2392//11742
f 2383//11743 2382//11744 2393//11745
f 2383//11746 2393//11747 2384//11748
f 2394//11749 2387//11750 2384//11751
f 2022//11752 2288//11753 2385//11754
f 2385//11755 2395//11756 2386//11757
f 2387//11758 2399//11759 2388//11760
f 2400//11761 2289//11762 2401//11763
f 2389//11764 2388//11765 2401//11766
f 2390//11767 2389//11768 2402//11769
f 2391//11770 2386//11771 2403//11772
f 2396//11773 2397//11774 2403//11775
f 2391//11776 2403//11777 2392//11778
f 2397//11779 2398//11780 2404//11781
f 2393//11782 2392//11783 2405//11784
f 2405//11785 2398//11786 2406//11787
f 2394//11788 2393//11789 2406//11790
f 2399//11791 2387//11792 2406//11793
f 2395//11794 2288//11795 2407//11796
f 2295//11797 2296//11798 2407//11799
f 2395//11800 2407//11801 2396//11802
f 2396//11803 2408//11804 2397//11805
f 2398//11806 2397//11807 2409//11808
f 2409//11809 2298//11810 2410//11811
f 2399//11812 2398//11813 2410//11814
f 2400//11815 2399//11816 2410//11817
f 2408//11818 2296//11819 2317//11820
f 2409//11821 2408//11822 2411//11823
f 2318//11824 2297//11825 2411//11826
f 2196//11827 2380//11828 2197//11829
f 2412//11830 2362//11831 2197//11832
f 2412//11833 2380//11834 2414//11835
f 2414//11836 2363//11837 2415//11838
f 2413//11839 2412//11840 2415//11841
f 2402//11842 2290//11843 2363//11844
f 2414//11845 2390//11846 2363//11847
f 1939//11848 1940//11849 2416//11850
f 2418//11851 2416//11852 2419//11853
f 2419//11854 2416//11855 2227//11856
f 2047//11857 2417//11858 2048//11859
f 2419//11860 2227//11861 2421//11862
f 2425//11863 2420//11864 2426//11865
f 2418//11866 2421//11867 2426//11868
f 2048//11869 2422//11870 2049//11871
f 2009//11872 2049//11873 2232//11874
f 2423//11875 2424//11876 2429//11877
f 2425//11878 2426//11879 2429//11880
f 2233//11881 2426//11882 2234//11883
f 2237//11884 2232//11885 2430//11886
f 2430//11887 2427//11888 2431//11889
f 2428//11890 2423//11891 2431//11892
f 2423//11893 2429//11894 2432//11895
f 2242//11896 2237//11897 2433//11898
f 2430//11899 2431//11900 2433//11901
f 2242//11902 2433//11903 2243//11904
f 2434//11905 2431//11906 2432//11907
f 2243//11908 2434//11909 2244//11910
f 2436//11911 1958//11912 2437//11913
f 1959//11914 1939//11915 2437//11916
f 1697//11917 2435//11918 2050//11919
f 2047//11920 2050//11921 2417//11922
f 2440//11923 2436//11924 2441//11925
f 2437//11926 2438//11927 2441//11928
f 2442//11929 2438//11930 2418//11931
f 2443//11932 2439//11933 2444//11934
f 2440//11935 2441//11936 2444//11937
f 2445//11938 2441//11939 2446//11940
f 2446//11941 2442//11942 2420//11943
f 2417//11944 2443//11945 2422//11946
f 2443//11947 2444//11948 2447//11949
f 2448//11950 2444//11951 2445//11952
f 2424//11953 2423//11954 2445//11955
f 2446//11956 2420//11957 2425//11958
f 2427//11959 2422//11960 2449//11961
f 2449//11962 2447//11963 2450//11964
f 2427//11965 2449//11966 2428//11967
f 2448//11968 2423//11969 2450//11970
f 1957//11971 1973//11972 2435//11973
f 2451//11974 1973//11975 2452//11976
f 1974//11977 1958//11978 2452//11979
f 2439//11980 2435//11981 2453//11982
f 2453//11983 2451//11984 2454//11985
f 2439//11986 2453//11987 2440//11988
f 2452//11989 2436//11990 2454//11991
f 1671//11992 1674//11993 1672//11994
f 1674//11995 1676//11996 1672//11997
f 1678//11998 1679//11999 1676//12000
f 1677//12001 1680//12002 1681//12003
f 1675//12004 1681//12005 1682//12006
f 1682//12007 1685//12008 1678//12009
f 1683//12010 1684//12011 1681//12012
f 1684//12013 1685//12014 1682//12015
f 1686//12016 1687//12017 1679//12018
f 1688//12019 1689//12020 1684//12021
f 1684//12022 1689//12023 1690//12024
f 1690//12025 1691//12026 1686//12027
f 1691//12028 1692//12029 1687//12030
f 1693//12031 1694//12032 1690//12033
f 1690//12034 1694//12035 1695//12036
f 1691//12037 1695//12038 1696//12039
f 1691//12040 1696//12041 1697//12042
f 1693//12043 1698//12044 1699//12045
f 1700//12046 1703//12047 1701//12048
f 1703//12049 1707//12050 1708//12051
f 1704//12052 1701//12053 1708//12054
f 1705//12055 1704//12056 1709//12057
f 1707//12058 1710//12059 1711//12060
f 1709//12061 1708//12062 1711//12063
f 1709//12064 1712//12065 1713//12066
f 1705//12067 1713//12068 1714//12069
f 1811//12070 1706//12071 1714//12072
f 1719//12073 1718//12074 1720//12075
f 1720//12076 1723//12077 1724//12078
f 1723//12079 1716//12080 1717//12081
f 1722//12082 1721//12083 1724//12084
f 1727//12085 1730//12086 1731//12087
f 1730//12088 1718//12089 1719//12090
f 1729//12091 1728//12092 1731//12093
f 1718//12094 1730//12095 1733//12096
f 1719//12097 1721//12098 1734//12099
f 1732//12100 1731//12101 1734//12102
f 1734//12103 1721//12104 1722//12105
f 1720//12106 1733//12107 1737//12108
f 1722//12109 1725//12110 1738//12111
f 1736//12112 1735//12113 1738//12114
f 1738//12115 1725//12116 1726//12117
f 1727//12118 1728//12119 1742//12120
f 1728//12121 1729//12122 1743//12123
f 1727//12124 1741//12125 1744//12126
f 1743//12127 1746//12128 1745//12129
f 1743//12130 1729//12131 1732//12132
f 1744//12133 1747//12134 1733//12135
f 1732//12136 1735//12137 1748//12138
f 1748//12139 1735//12140 1736//12141
f 1747//12142 1750//12143 1737//12144
f 1736//12145 1739//12146 1751//12147
f 1751//12148 1739//12149 1740//12150
f 1741//12151 1742//12152 1753//12153
f 1752//12154 1754//12155 1744//12156
f 1753//12157 1755//12158 1754//12159
f 1753//12160 1742//12161 1745//12162
f 1745//12163 1746//12164 1756//12165
f 1744//12166 1754//12167 1757//12168
f 1756//12169 1746//12170 1748//12171
f 1747//12172 1757//12173 1759//12174
f 1754//12175 1755//12176 1762//12177
f 1755//12178 1756//12179 1763//12180
f 1761//12181 1764//12182 1757//12183
f 1763//12184 1766//12185 1765//12186
f 1763//12187 1756//12188 1758//12189
f 1757//12190 1764//12191 1767//12192
f 1766//12193 1758//12194 1760//12195
f 1761//12196 1762//12197 1770//12198
f 1769//12199 1771//12200 1764//12201
f 1770//12202 1772//12203 1771//12204
f 1770//12205 1762//12206 1765//12207
f 1765//12208 1766//12209 1773//12210
f 1774//12211 1764//12212 1777//12213
f 1773//12214 1776//12215 1775//12216
f 1773//12217 1766//12218 1768//12219
f 1771//12220 1772//12221 1778//12222
f 1777//12223 1779//12224 1774//12225
f 1778//12226 1780//12227 1779//12228
f 1778//12229 1772//12230 1775//12231
f 1775//12232 1776//12233 1781//12234
f 1716//12235 1784//12236 1785//12237
f 1783//12238 1782//12239 1785//12240
f 1784//12241 1788//12242 1789//12243
f 1785//12244 1789//12245 1790//12246
f 1787//12247 1786//12248 1790//12249
f 1789//12250 1788//12251 1793//12252
f 1789//12253 1794//12254 1795//12255
f 1790//12256 1795//12257 1796//12258
f 1792//12259 1791//12260 1796//12261
f 1794//12262 1793//12263 1798//12264
f 1700//12265 1701//12266 1799//12267
f 1795//12268 1794//12269 1799//12270
f 1799//12271 1701//12272 1702//12273
f 1795//12274 1800//12275 1801//12276
f 1796//12277 1801//12278 1802//12279
f 1797//12280 1792//12281 1802//12282
f 1700//12283 1798//12284 1804//12285
f 1702//12286 1704//12287 1805//12288
f 1801//12289 1800//12290 1805//12291
f 1805//12292 1704//12293 1705//12294
f 1802//12295 1801//12296 1806//12297
f 1806//12298 1705//12299 1706//12300
f 1802//12301 1807//12302 1808//12303
f 1803//12304 1797//12305 1808//12306
f 1804//12307 1810//12308 1707//12309
f 1808//12310 1807//12311 1811//12312
f 1809//12313 1808//12314 1812//12315
f 1810//12316 1815//12317 1710//12318
f 1812//12319 1811//12320 1715//12321
f 1716//12322 1723//12323 1816//12324
f 1717//12325 1782//12326 1817//12327
f 1725//12328 1724//12329 1817//12330
f 1817//12331 1782//12332 1783//12333
f 1726//12334 1725//12335 1818//12336
f 1816//12337 1821//12338 1784//12339
f 1783//12340 1786//12341 1822//12342
f 1819//12343 1818//12344 1822//12345
f 1822//12346 1786//12347 1787//12348
f 1821//12349 1824//12350 1788//12351
f 1787//12352 1791//12353 1825//12354
f 1823//12355 1819//12356 1825//12357
f 1825//12358 1791//12359 1792//12360
f 1788//12361 1824//12362 1827//12363
f 1848//12364 1826//12365 1828//12366
f 1828//12367 1792//12368 1797//12369
f 1793//12370 1827//12371 1831//12372
f 1830//12373 1829//12374 1832//12375
f 1832//12376 1797//12377 1803//12378
f 1831//12379 1834//12380 1804//12381
f 1803//12382 1809//12383 1835//12384
f 1834//12385 1837//12386 1810//12387
f 1809//12388 1813//12389 1838//12390
f 1836//12391 1835//12392 1838//12393
f 1838//12394 1813//12395 1814//12396
f 1837//12397 1840//12398 1815//12399
f 1737//12400 1841//12401 1816//12402
f 1726//12403 1819//12404 1842//12405
f 1740//12406 1739//12407 1842//12408
f 1842//12409 1819//12410 1820//12411
f 1841//12412 1844//12413 1821//12414
f 1820//12415 1823//12416 1845//12417
f 1844//12418 1847//12419 1824//12420
f 1823//12421 1826//12422 1848//12423
f 1846//12424 1845//12425 1848//12426
f 1847//12427 1849//12428 1827//12429
f 1848//12430 1829//12431 1850//12432
f 1850//12433 1829//12434 1830//12435
f 1849//12436 1852//12437 1831//12438
f 1830//12439 1833//12440 1853//12441
f 1833//12442 1835//12443 1854//12444
f 1854//12445 1835//12446 1836//12447
f 1671//12448 1672//12449 1852//12450
f 1836//12451 1839//12452 1856//12453
f 1672//12454 1673//12455 1857//12456
f 1670//12457 1840//12458 1857//12459
f 1837//12460 1852//12461 1857//12462
f 1750//12463 1859//12464 1841//12465
f 1859//12466 1861//12467 1844//12468
f 1843//12469 1845//12470 1862//12471
f 1861//12472 1863//12473 1847//12474
f 1846//12475 1864//12476 1874//12477
f 1864//12478 1846//12479 1850//12480
f 1850//12481 1851//12482 1866//12483
f 1866//12484 1851//12485 1853//12486
f 1671//12487 1852//12488 1849//12489
f 1866//12490 1853//12491 1854//12492
f 1869//12493 1856//12494 1858//12495
f 1759//12496 1870//12497 1859//12498
f 1760//12499 1751//12500 1860//12501
f 1860//12502 1740//12503 1871//12504
f 1870//12505 1872//12506 1861//12507
f 1871//12508 1874//12509 1873//12510
f 1871//12511 1740//12512 1862//12513
f 1872//12514 1875//12515 1863//12516
f 1863//12517 1875//12518 1877//12519
f 1864//12520 1865//12521 1886//12522
f 1674//12523 1849//12524 1877//12525
f 1867//12526 1866//12527 1878//12528
f 1878//12529 1866//12530 1868//12531
f 1878//12532 1868//12533 1869//12534
f 1759//12535 1767//12536 1880//12537
f 1760//12538 1882//12539 1881//12540
f 1880//12541 1883//12542 1872//12543
f 1882//12544 1860//12545 1873//12546
f 1883//12547 1884//12548 1875//12549
f 1873//12550 1886//12551 1885//12552
f 1873//12553 1874//12554 1876//12555
f 1677//12556 1675//12557 1887//12558
f 1675//12559 1877//12560 1887//12561
f 1875//12562 1884//12563 1887//12564
f 1886//12565 1865//12566 1889//12567
f 1901//12568 1878//12569 1879//12570
f 1767//12571 1774//12572 1892//12573
f 1776//12574 1768//12575 1881//12576
f 1881//12577 1882//12578 1894//12579
f 1880//12580 1892//12581 1895//12582
f 1677//12583 1884//12584 1897//12585
f 1883//12586 1895//12587 1897//12588
f 1894//12589 1882//12590 1885//12591
f 1885//12592 1886//12593 1898//12594
f 1898//12595 1886//12596 1888//12597
f 1898//12598 1888//12599 1890//12600
f 1890//12601 1889//12602 1900//12603
f 1900//12604 1901//12605 1915//12606
f 1901//12607 1902//12608 1916//12609
f 1902//12610 1901//12611 1891//12612
f 1774//12613 1779//12614 1903//12615
f 1781//12616 1905//12617 1904//12618
f 1781//12619 1776//12620 1893//12621
f 1892//12622 1903//12623 1906//12624
f 1905//12625 1908//12626 1907//12627
f 1905//12628 1893//12629 1896//12630
f 1680//12631 1897//12632 1909//12633
f 1906//12634 1909//12635 1897//12636
f 1896//12637 1911//12638 1910//12639
f 1896//12640 1894//12641 1885//12642
f 1911//12643 1913//12644 1912//12645
f 1911//12646 1885//12647 1899//12648
f 1899//12649 1898//12650 1914//12651
f 1914//12652 1898//12653 1890//12654
f 1915//12655 1916//12656 1914//12657
f 1839//12658 1814//12659 1917//12660
f 1856//12661 1839//12662 1918//12663
f 1918//12664 1919//12665 1920//12666
f 1858//12667 1920//12668 1921//12669
f 1779//12670 1780//12671 1923//12672
f 1923//12673 1925//12674 1924//12675
f 1923//12676 1780//12677 1904//12678
f 1903//12679 1922//12680 1926//12681
f 1925//12682 1904//12683 1907//12684
f 1907//12685 1908//12686 1928//12687
f 1688//12688 1683//12689 1909//12690
f 1926//12691 1929//12692 1909//12693
f 1928//12694 1931//12695 1930//12696
f 1928//12697 1908//12698 1910//12699
f 1688//12700 1929//12701 1932//12702
f 1931//12703 1910//12704 1912//12705
f 1912//12706 1935//12707 1934//12708
f 1912//12709 1913//12710 1914//12711
f 1935//12712 1937//12713 1936//12714
f 1914//12715 1916//12716 1937//12717
f 1924//12718 1925//12719 1942//12720
f 1941//12721 1943//12722 1926//12723
f 1941//12724 1942//12725 1944//12726
f 1942//12727 1925//12728 1927//12729
f 1943//12730 1945//12731 1929//12732
f 1944//12733 1946//12734 1945//12735
f 1944//12736 1927//12737 1930//12738
f 1930//12739 1931//12740 1947//12741
f 1693//12742 1689//12743 1932//12744
f 1945//12745 1948//12746 1932//12747
f 1947//12748 1950//12749 1949//12750
f 1947//12751 1931//12752 1933//12753
f 1950//12754 1933//12755 1934//12756
f 1951//12757 1953//12758 1695//12759
f 1952//12760 1934//12761 1936//12762
f 1936//12763 1937//12764 1954//12765
f 1695//12766 1953//12767 1955//12768
f 1954//12769 1938//12770 1956//12771
f 1954//12772 1937//12773 1938//12774
f 1696//12775 1955//12776 1957//12777
f 1956//12778 1938//12779 1939//12780
f 1945//12781 1946//12782 1961//12783
f 1693//12784 1948//12785 1962//12786
f 1960//12787 1962//12788 1948//12789
f 1960//12790 1961//12791 1963//12792
f 1961//12793 1946//12794 1949//12795
f 1698//12796 1962//12797 1964//12798
f 1699//12799 1964//12800 1951//12801
f 1963//12802 1965//12803 1964//12804
f 1963//12805 1949//12806 1952//12807
f 1951//12808 1964//12809 1967//12810
f 1965//12811 1968//12812 1967//12813
f 1966//12814 1969//12815 1968//12816
f 1953//12817 1967//12818 1970//12819
f 1968//12820 1971//12821 1970//12822
f 1969//12823 1972//12824 1971//12825
f 1969//12826 1966//12827 1956//12828
f 1955//12829 1970//12830 1973//12831
f 1971//12832 1974//12833 1973//12834
f 1971//12835 1972//12836 1959//12837
f 1958//12838 1974//12839 1959//12840
f 1975//12841 1980//12842 1981//12843
f 1977//12844 1981//12845 1982//12846
f 1670//12847 1673//12848 1983//12849
f 1978//12850 1983//12851 1984//12852
f 1984//12853 1985//12854 1980//12855
f 1985//12856 1986//12857 1981//12858
f 1987//12859 1988//12860 1984//12861
f 1988//12862 1989//12863 1985//12864
f 1989//12865 1990//12866 1986//12867
f 1676//12868 1991//12869 1983//12870
f 1991//12871 1992//12872 1987//12873
f 1992//12874 1993//12875 1987//12876
f 1993//12877 1994//12878 1988//12879
f 1679//12880 1996//12881 1991//12882
f 1996//12883 1997//12884 1992//12885
f 1997//12886 1998//12887 1993//12888
f 1998//12889 1999//12890 1994//12891
f 1999//12892 2000//12893 1995//12894
f 1995//12895 2000//12896 2001//12897
f 1679//12898 1687//12899 1996//12900
f 1687//12901 2007//12902 1997//12903
f 2007//12904 2002//12905 1998//12906
f 2002//12907 2003//12908 1999//12909
f 1999//12910 2003//12911 2004//12912
f 2004//12913 2005//12914 2000//12915
f 2000//12916 2005//12917 2006//12918
f 2002//12919 2007//12920 2008//12921
f 2008//12922 2009//12923 2003//12924
f 2003//12925 2009//12926 2010//12927
f 2004//12928 2010//12929 2011//12930
f 2005//12931 2011//12932 2012//12933
f 1977//12934 1982//12935 2017//12936
f 2013//12937 2017//12938 2018//12939
f 2014//12940 2018//12941 2019//12942
f 2015//12943 2019//12944 2020//12945
f 2020//12946 2021//12947 2016//12948
f 1986//12949 2023//12950 1982//12951
f 2023//12952 2024//12953 2018//12954
f 2024//12955 2025//12956 2019//12957
f 2020//12958 2025//12959 2026//12960
f 1990//12961 2027//12962 2023//12963
f 2027//12964 2028//12965 2024//12966
f 2024//12967 2028//12968 2029//12969
f 2025//12970 2029//12971 2030//12972
f 2025//12973 2030//12974 2031//12975
f 2026//12976 2031//12977 2032//12978
f 1995//12979 2033//12980 1990//12981
f 2033//12982 2034//12983 2027//12984
f 2027//12985 2034//12986 2035//12987
f 2035//12988 2036//12989 2028//12990
f 2036//12991 2037//12992 2029//12993
f 2029//12994 2037//12995 2038//12996
f 2030//12997 2038//12998 2039//12999
f 2001//13000 2040//13001 2033//13002
f 2040//13003 2041//13004 2034//13005
f 2034//13006 2041//13007 2042//13008
f 2035//13009 2042//13010 2043//13011
f 2036//13012 2043//13013 2044//13014
f 2001//13015 2006//13016 2045//13017
f 2040//13018 2045//13019 2046//13020
f 1692//13021 2047//13022 2007//13023
f 2007//13024 2047//13025 2048//13026
f 2008//13027 2048//13028 2049//13029
f 1692//13030 1697//13031 2050//13032
f 2095//13033 2052//13034 2054//13035
f 2053//13036 2057//13037 2058//13038
f 2054//13039 2051//13040 2058//13041
f 2055//13042 2054//13043 2059//13044
f 2056//13045 2061//13046 2062//13047
f 2058//13048 2057//13049 2062//13050
f 2059//13051 2058//13052 2063//13053
f 2060//13054 2059//13055 2064//13056
f 2061//13057 2067//13058 2068//13059
f 2063//13060 2062//13061 2068//13062
f 2064//13063 2063//13064 2069//13065
f 2065//13066 2064//13067 2070//13068
f 1710//13069 2071//13070 2072//13071
f 1712//13072 1711//13073 2072//13074
f 1713//13075 1712//13076 2073//13077
f 1713//13078 2074//13079 2075//13080
f 1714//13081 2075//13082 2076//13083
f 1715//13084 1811//13085 2076//13086
f 2071//13087 2078//13088 2079//13089
f 2073//13090 2072//13091 2079//13092
f 2074//13093 2073//13094 2080//13095
f 2075//13096 2074//13097 2081//13098
f 2075//13099 2082//13100 2083//13101
f 2076//13102 2083//13103 2084//13104
f 2077//13105 1715//13106 2084//13107
f 2080//13108 2079//13109 2085//13110
f 2081//13111 2080//13112 2086//13113
f 2082//13114 2081//13115 2087//13116
f 2082//13117 2088//13118 2089//13119
f 2083//13120 2089//13121 2090//13122
f 2084//13123 2090//13124 2091//13125
f 2085//13126 2078//13127 2092//13128
f 2087//13129 2086//13130 2093//13131
f 2088//13132 2087//13133 2094//13134
f 2090//13135 2089//13136 2052//13137
f 2091//13138 2090//13139 2095//13140
f 2085//13141 2092//13142 2097//13143
f 2093//13144 2085//13145 2098//13146
f 2094//13147 2093//13148 2099//13149
f 2094//13150 2100//13151 2053//13152
f 2051//13153 2088//13154 2053//13155
f 2095//13156 2055//13157 2096//13158
f 2100//13159 2099//13160 2101//13161
f 2100//13162 2056//13163 2057//13164
f 2098//13165 2097//13166 2102//13167
f 2101//13168 2098//13169 2103//13170
f 2101//13171 2104//13172 2105//13173
f 2103//13174 2102//13175 2106//13176
f 2104//13177 2103//13178 2107//13179
f 2061//13180 2105//13181 2066//13182
f 2108//13183 2055//13184 2060//13185
f 2060//13186 2065//13187 2110//13188
f 2109//13189 2108//13190 2110//13191
f 2479//13192 2493//13193 2111//13194
f 2201//13195 2077//13196 2091//13197
f 2091//13198 2096//13199 2114//13200
f 2113//13201 2112//13202 2114//13203
f 2096//13204 2055//13205 2108//13206
f 2114//13207 2116//13208 2117//13209
f 2116//13210 2108//13211 2109//13212
f 2460//13213 2117//13214 2461//13215
f 2109//13216 2455//13217 2495//13218
f 2066//13219 2118//13220 2067//13221
f 2069//13222 2068//13223 2119//13224
f 2070//13225 2069//13226 2120//13227
f 2065//13228 2070//13229 2121//13230
f 2118//13231 2123//13232 2124//13233
f 2119//13234 2067//13235 2124//13236
f 2120//13237 2119//13238 2125//13239
f 2121//13240 2120//13241 2126//13242
f 2122//13243 2121//13244 2127//13245
f 2123//13246 2130//13247 2131//13248
f 2125//13249 2124//13250 2131//13251
f 2126//13252 2125//13253 2132//13254
f 2127//13255 2126//13256 2133//13257
f 2128//13258 2127//13259 2134//13260
f 2129//13261 2135//13262 2136//13263
f 2131//13264 2130//13265 2136//13266
f 2132//13267 2131//13268 2137//13269
f 2133//13270 2132//13271 2138//13272
f 2133//13273 2139//13274 2140//13275
f 2138//13276 2137//13277 2141//13278
f 2140//13279 2139//13280 2143//13281
f 2135//13282 2144//13283 2145//13284
f 2137//13285 2145//13286 2146//13287
f 2142//13288 2141//13289 2147//13290
f 2138//13291 2147//13292 2148//13293
f 2143//13294 2139//13295 2148//13296
f 2145//13297 2144//13298 2150//13299
f 2146//13300 2145//13301 2150//13302
f 2146//13303 2151//13304 2152//13305
f 2147//13306 2152//13307 2153//13308
f 2150//13309 2154//13310 2151//13311
f 2107//13312 2155//13313 2156//13314
f 2066//13315 2104//13316 2156//13317
f 2155//13318 2106//13319 2157//13320
f 2155//13321 2158//13322 2159//13323
f 2156//13324 2159//13325 2123//13326
f 2158//13327 2157//13328 2160//13329
f 2158//13330 2161//13331 2159//13332
f 2129//13333 2130//13334 2159//13335
f 2160//13336 2162//13337 2163//13338
f 2129//13339 2161//13340 2163//13341
f 2162//13342 2164//13343 2165//13344
f 2163//13345 2165//13346 2135//13347
f 2164//13348 2166//13349 2167//13350
f 2165//13351 2167//13352 2144//13353
f 2167//13354 2166//13355 2168//13356
f 2144//13357 2167//13358 2169//13359
f 2170//13360 2171//13361 2152//13362
f 2152//13363 2171//13364 2172//13365
f 2169//13366 2168//13367 2173//13368
f 2169//13369 2174//13370 2154//13371
f 2154//13372 2174//13373 2175//13374
f 2175//13375 2176//13376 2151//13377
f 2170//13378 2176//13379 2177//13380
f 2171//13381 2177//13382 2178//13383
f 2171//13384 2178//13385 2179//13386
f 2172//13387 2179//13388 2180//13389
f 2111//13390 2065//13391 2122//13392
f 2181//13393 2122//13394 2128//13395
f 2128//13396 2134//13397 2183//13398
f 2490//13399 2497//13400 2183//13401
f 2134//13402 2140//13403 2184//13404
f 2183//13405 2184//13406 2185//13407
f 2184//13408 2140//13409 2143//13410
f 2185//13411 2184//13412 2143//13413
f 2153//13414 2172//13415 2186//13416
f 2186//13417 2172//13418 2180//13419
f 2186//13420 2187//13421 2188//13422
f 2173//13423 2189//13424 2190//13425
f 2175//13426 2174//13427 2190//13428
f 2175//13429 2191//13430 2192//13431
f 2177//13432 2176//13433 2192//13434
f 2177//13435 2193//13436 2194//13437
f 2179//13438 2178//13439 2194//13440
f 2180//13441 2179//13442 2195//13443
f 2180//13444 2196//13445 2197//13446
f 1815//13447 2198//13448 2071//13449
f 1814//13450 1813//13451 2199//13452
f 2199//13453 1715//13454 2077//13455
f 2198//13456 2202//13457 2078//13458
f 2092//13459 2202//13460 2203//13461
f 2203//13462 1975//13463 1976//13464
f 2097//13465 2203//13466 2204//13467
f 2204//13468 1976//13469 1977//13470
f 2102//13471 2204//13472 2205//13473
f 1670//13474 1978//13475 2206//13476
f 1815//13477 1840//13478 2206//13479
f 2198//13480 2206//13481 2207//13482
f 2207//13483 1978//13484 1979//13485
f 1979//13486 1980//13487 2207//13488
f 1975//13489 2202//13490 2207//13491
f 1891//13492 2210//13493 1902//13494
f 1891//13495 1879//13496 2208//13497
f 2210//13498 2208//13499 2209//13500
f 2213//13501 1902//13502 2211//13503
f 2214//13504 2216//13505 2215//13506
f 2214//13507 2211//13508 2212//13509
f 2216//13510 2217//13511 2215//13512
f 2219//13513 2220//13514 2225//13515
f 1938//13516 1902//13517 2213//13518
f 2226//13519 2228//13520 2227//13521
f 2228//13522 2226//13523 2215//13524
f 2229//13525 2231//13526 2230//13527
f 2230//13528 2231//13529 2235//13530
f 2231//13531 2215//13532 2218//13533
f 2232//13534 2237//13535 2010//13536
f 2233//13537 2234//13538 2239//13539
f 2235//13540 2240//13541 2239//13542
f 2236//13543 2241//13544 2240//13545
f 2237//13546 2242//13547 2011//13548
f 2239//13549 2247//13550 2246//13551
f 2240//13552 2219//13553 2247//13554
f 2236//13555 2220//13556 2241//13557
f 2242//13558 2248//13559 2012//13560
f 2012//13561 2248//13562 2221//13563
f 2243//13564 2249//13565 2248//13566
f 2243//13567 2244//13568 2250//13569
f 2244//13570 2245//13571 2251//13572
f 2246//13573 2222//13574 2251//13575
f 2246//13576 2247//13577 2223//13578
f 2247//13579 2219//13580 2224//13581
f 1917//13582 1814//13583 2200//13584
f 2252//13585 2200//13586 2201//13587
f 2201//13588 2112//13589 2253//13590
f 2253//13591 2112//13592 2113//13593
f 2113//13594 2115//13595 2499//13596
f 2485//13597 2499//13598 2115//13599
f 1917//13600 2252//13601 2255//13602
f 2252//13603 2253//13604 2257//13605
f 2256//13606 2255//13607 2257//13608
f 2257//13609 2254//13610 2258//13611
f 1919//13612 2255//13613 2259//13614
f 2255//13615 2256//13616 2260//13617
f 2260//13618 2256//13619 2258//13620
f 1921//13621 2265//13622 2208//13623
f 1921//13624 1920//13625 2259//13626
f 2265//13627 2259//13628 2261//13629
f 2261//13630 2260//13631 2266//13632
f 2266//13633 2268//13634 2267//13635
f 2266//13636 2260//13637 2262//13638
f 2268//13639 2262//13640 2264//13641
f 2264//13642 2465//13643 2500//13644
f 2208//13645 2265//13646 2269//13647
f 2209//13648 2269//13649 2267//13650
f 2270//13651 2268//13652 2468//13653
f 2212//13654 2273//13655 2216//13656
f 2212//13657 2272//13658 2270//13659
f 2274//13660 2469//13661 2501//13662
f 2275//13663 2271//13664 2276//13665
f 2216//13666 2273//13667 2217//13668
f 2217//13669 2278//13670 2218//13671
f 2217//13672 2273//13673 2274//13674
f 2278//13675 2274//13676 2275//13677
f 2236//13678 2278//13679 2279//13680
f 2275//13681 2276//13682 2279//13683
f 2279//13684 2280//13685 2225//13686
f 2276//13687 2277//13688 2280//13689
f 2205//13690 1977//13691 2013//13692
f 2106//13693 2205//13694 2281//13695
f 2281//13696 2013//13697 2014//13698
f 2160//13699 2281//13700 2282//13701
f 2282//13702 2014//13703 2015//13704
f 2162//13705 2282//13706 2283//13707
f 2164//13708 2283//13709 2284//13710
f 2284//13711 2015//13712 2016//13713
f 2284//13714 2285//13715 2168//13716
f 2168//13717 2285//13718 2286//13719
f 2016//13720 2021//13721 2287//13722
f 2287//13723 2021//13724 2022//13725
f 2287//13726 2022//13727 2286//13728
f 2022//13729 2026//13730 2288//13731
f 2291//13732 2295//13733 2032//13734
f 2032//13735 2295//13736 2288//13737
f 2293//13738 2294//13739 2290//13740
f 2300//13741 2303//13742 2038//13743
f 2301//13744 2302//13745 2307//13746
f 2302//13747 2299//13748 2308//13749
f 2303//13750 2309//13751 2039//13752
f 2039//13753 2309//13754 2291//13755
f 2304//13756 2305//13757 2312//13758
f 2305//13759 2306//13760 2313//13761
f 2306//13762 2307//13763 2314//13764
f 2292//13765 2313//13766 2314//13767
f 2307//13768 2308//13769 2315//13770
f 2314//13771 2315//13772 2294//13773
f 2291//13774 2309//13775 2316//13776
f 2310//13777 2317//13778 2316//13779
f 2316//13780 2317//13781 2296//13782
f 2310//13783 2311//13784 2318//13785
f 2311//13786 2304//13787 2319//13788
f 2297//13789 2318//13790 2319//13791
f 2312//13792 2320//13793 2319//13794
f 2319//13795 2320//13796 2298//13797
f 2312//13798 2313//13799 2320//13800
f 2292//13801 2289//13802 2320//13803
f 2321//13804 2324//13805 2042//13806
f 2322//13807 2323//13808 2327//13809
f 2324//13810 2328//13811 2043//13812
f 2325//13813 2326//13814 2331//13815
f 2326//13816 2322//13817 2332//13818
f 2327//13819 2333//13820 2332//13821
f 2328//13822 2334//13823 2044//13824
f 2044//13825 2334//13826 2300//13827
f 2329//13828 2335//13829 2334//13830
f 2329//13831 2330//13832 2336//13833
f 2330//13834 2356//13835 2337//13836
f 2331//13837 2332//13838 2301//13839
f 2332//13840 2333//13841 2299//13842
f 2302//13843 2301//13844 2299//13845
f 2300//13846 2334//13847 2338//13848
f 2335//13849 2339//13850 2338//13851
f 2336//13852 2340//13853 2339//13854
f 2336//13855 2337//13856 2304//13857
f 2337//13858 2325//13859 2305//13860
f 2325//13861 2331//13862 2341//13863
f 2301//13864 2306//13865 2341//13866
f 2303//13867 2338//13868 2342//13869
f 2342//13870 2339//13871 2310//13872
f 2310//13873 2339//13874 2340//13875
f 2304//13876 2311//13877 2340//13878
f 2221//13879 2343//13880 2045//13881
f 2223//13882 2224//13883 2346//13884
f 2225//13885 2347//13886 2346//13887
f 2343//13888 2348//13889 2046//13890
f 2046//13891 2348//13892 2321//13893
f 2344//13894 2345//13895 2351//13896
f 2345//13897 2222//13898 2352//13899
f 2222//13900 2353//13901 2352//13902
f 2346//13903 2322//13904 2353//13905
f 2346//13906 2347//13907 2323//13908
f 2321//13909 2348//13910 2354//13911
f 2349//13912 2355//13913 2354//13914
f 2349//13915 2350//13916 2356//13917
f 2352//13918 2353//13919 2326//13920
f 2324//13921 2354//13922 2357//13923
f 2355//13924 2358//13925 2357//13926
f 2357//13927 2358//13928 2329//13929
f 2355//13930 2356//13931 2330//13932
f 2221//13933 2248//13934 2359//13935
f 2249//13936 2360//13937 2359//13938
f 2250//13939 2344//13940 2360//13941
f 2250//13942 2251//13943 2345//13944
f 2251//13945 2222//13946 2345//13947
f 2343//13948 2359//13949 2361//13950
f 2361//13951 2360//13952 2349//13953
f 2360//13954 2344//13955 2350//13956
f 2349//13957 2360//13958 2350//13959
f 2364//13960 2477//13961 2502//13962
f 2502//13963 2503//13964 2365//13965
f 2294//13966 2364//13967 2365//13968
f 2299//13969 2366//13970 2367//13971
f 2366//13972 2467//13973 2505//13974
f 2367//13975 2368//13976 2308//13977
f 2367//13978 2483//13979 2506//13980
f 2507//13981 2368//13982 2506//13983
f 2308//13984 2368//13985 2369//13986
f 2294//13987 2315//13988 2369//13989
f 2277//13990 2474//13991 2508//13992
f 2323//13993 2371//13994 2372//13995
f 2327//13996 2372//13997 2333//13998
f 2372//13999 2478//14000 2510//14001
f 2467//14002 2366//14003 2510//14004
f 2280//14005 2277//14006 2370//14007
f 2286//14008 2373//14009 2189//14010
f 2189//14011 2373//14012 2374//14013
f 2190//14014 2374//14015 2375//14016
f 2375//14017 2376//14018 2192//14019
f 2376//14020 2377//14021 2193//14022
f 2193//14023 2377//14024 2378//14025
f 2194//14026 2378//14027 2379//14028
f 2195//14029 2379//14030 2380//14031
f 2375//14032 2374//14033 2381//14034
f 2375//14035 2382//14036 2383//14037
f 2376//14038 2383//14039 2384//14040
f 2286//14041 2022//14042 2385//14043
f 2373//14044 2385//14045 2386//14046
f 2387//14047 2388//14048 2378//14049
f 2378//14050 2388//14051 2389//14052
f 2379//14053 2389//14054 2390//14055
f 2386//14056 2391//14057 2381//14058
f 2381//14059 2391//14060 2392//14061
f 2382//14062 2392//14063 2393//14064
f 2393//14065 2394//14066 2384//14067
f 2387//14068 2377//14069 2384//14070
f 2288//14071 2395//14072 2385//14073
f 2395//14074 2396//14075 2386//14076
f 2399//14077 2400//14078 2388//14079
f 2289//14080 2290//14081 2401//14082
f 2388//14083 2400//14084 2401//14085
f 2290//14086 2402//14087 2401//14088
f 2389//14089 2401//14090 2402//14091
f 2386//14092 2396//14093 2403//14094
f 2397//14095 2404//14096 2403//14097
f 2403//14098 2404//14099 2392//14100
f 2398//14101 2405//14102 2404//14103
f 2392//14104 2404//14105 2405//14106
f 2398//14107 2399//14108 2406//14109
f 2393//14110 2405//14111 2406//14112
f 2387//14113 2394//14114 2406//14115
f 2288//14116 2295//14117 2407//14118
f 2296//14119 2408//14120 2407//14121
f 2407//14122 2408//14123 2396//14124
f 2408//14125 2409//14126 2397//14127
f 2297//14128 2298//14129 2409//14130
f 2398//14131 2409//14132 2410//14133
f 2298//14134 2289//14135 2410//14136
f 2289//14137 2400//14138 2410//14139
f 2317//14140 2318//14141 2411//14142
f 2408//14143 2317//14144 2411//14145
f 2297//14146 2409//14147 2411//14148
f 2380//14149 2412//14150 2197//14151
f 2362//14152 2187//14153 2197//14154
f 2362//14155 2412//14156 2413//14157
f 2380//14158 2390//14159 2414//14160
f 2412//14161 2414//14162 2415//14163
f 2290//14164 2365//14165 2363//14166
f 2390//14167 2402//14168 2363//14169
f 2416//14170 1940//14171 2227//14172
f 2419//14173 2421//14174 2418//14175
f 2227//14176 2229//14177 2421//14178
f 2048//14179 2417//14180 2422//14181
f 2420//14182 2418//14183 2426//14184
f 2421//14185 2230//14186 2426//14187
f 2421//14188 2229//14189 2230//14190
f 2422//14191 2427//14192 2049//14193
f 2049//14194 2427//14195 2232//14196
f 2424//14197 2425//14198 2429//14199
f 2426//14200 2233//14201 2429//14202
f 2426//14203 2230//14204 2234//14205
f 2232//14206 2427//14207 2430//14208
f 2427//14209 2428//14210 2431//14211
f 2423//14212 2432//14213 2431//14214
f 2429//14215 2238//14216 2432//14217
f 2429//14218 2233//14219 2238//14220
f 2237//14221 2430//14222 2433//14223
f 2431//14224 2434//14225 2433//14226
f 2433//14227 2434//14228 2243//14229
f 2434//14230 2432//14231 2244//14232
f 2432//14233 2238//14234 2245//14235
f 2244//14236 2432//14237 2245//14238
f 1697//14239 1957//14240 2435//14241
f 1958//14242 1959//14243 2437//14244
f 1939//14245 2438//14246 2437//14247
f 1939//14248 2416//14249 2438//14250
f 2435//14251 2439//14252 2050//14253
f 2050//14254 2439//14255 2417//14256
f 2436//14257 2437//14258 2441//14259
f 2438//14260 2442//14261 2441//14262
f 2438//14263 2416//14264 2418//14265
f 2417//14266 2439//14267 2443//14268
f 2439//14269 2440//14270 2444//14271
f 2441//14272 2445//14273 2444//14274
f 2441//14275 2442//14276 2446//14277
f 2442//14278 2418//14279 2420//14280
f 2443//14281 2447//14282 2422//14283
f 2444//14284 2448//14285 2447//14286
f 2423//14287 2448//14288 2445//14289
f 2445//14290 2446//14291 2425//14292
f 2424//14293 2445//14294 2425//14295
f 2422//14296 2447//14297 2449//14298
f 2447//14299 2448//14300 2450//14301
f 2449//14302 2450//14303 2428//14304
f 2423//14305 2428//14306 2450//14307
f 1973//14308 2451//14309 2435//14310
f 1973//14311 1974//14312 2452//14313
f 1958//14314 2436//14315 2452//14316
f 2435//14317 2451//14318 2453//14319
f 2451//14320 2452//14321 2454//14322
f 2453//14323 2454//14324 2440//14325
f 2436//14326 2440//14327 2454//14328
f 2459//14329 2455//14330 2110//14331
f 2460//14332 2494//14333 2117//14334
f 2471//14335 2461//14336 2116//14337
f 2456//14338 2471//14339 2109//14340
f 2462//14341 2481//14342 2143//14343
f 2482//14344 2462//14345 2149//14346
f 2188//14347 2491//14348 2186//14349
f 2511//14350 2484//14351 2413//14352
f 2466//14353 2470//14354 2415//14355
f 2509//14356 2478//14357 2372//14358
f 2370//14359 2489//14360 2509//14361
f 2492//14362 2364//14363 2369//14364
f 2362//14365 2476//14366 2475//14367
f 2472//14368 2474//14369 2277//14370
f 2271//14371 2275//14372 2473//14373
f 2458//14374 2469//14375 2274//14376
f 2498//14377 2463//14378 2254//14379
f 2494//14380 2485//14381 2115//14382
f 2484//14383 2476//14384 2362//14385
f 2368//14386 2507//14387 2369//14388
f 2275//14389 2501//14390 2473//14391
f 2468//14392 2458//14393 2270//14394
f 2413//14395 2484//14396 2362//14397
f 2470//14398 2511//14399 2415//14400
f 2268//14401 2457//14402 2468//14403
f 2117//14404 2494//14405 2115//14406
f 2491//14407 2486//14408 2186//14409
f 2481//14410 2185//14411 2143//14412
f 2185//14413 2490//14414 2183//14415
f 2471//14416 2116//14417 2109//14418
f 2461//14419 2117//14420 2116//14421
f 2455//14422 2109//14423 2110//14424
f 2149//14425 2462//14426 2143//14427
f 2366//14428 2333//14429 2510//14430
f 2503//14431 2363//14432 2365//14433
f 2499//14434 2498//14435 2254//14436
f 2463//14437 2258//14438 2254//14439
f 2258//14440 2464//14441 2263//14442
f 2264//14443 2263//14444 2465//14445
f 2486//14446 2149//14447 2186//14448
f 2270//14449 2458//14450 2273//14451
f 2497//14452 2182//14453 2183//14454
f 2273//14455 2458//14456 2274//14457
f 2496//14458 2181//14459 2182//14460
f 2271//14461 2472//14462 2277//14463
f 2188//14464 2362//14465 2475//14466
f 2480//14467 2111//14468 2181//14469
f 2493//14470 2110//14471 2111//14472
f 2333//14473 2372//14474 2510//14475
f 2370//14476 2277//14477 2508//14478
f 2368//14479 2367//14480 2506//14481
f 2507//14482 2492//14483 2369//14484
f 2367//14485 2366//14486 2505//14487
f 1922//14488 1924//14489 1926//14490
f 1764//14491 1771//14492 1777//14493
f 2365//14494 2364//14495 2502//14496
f 2275//14497 2274//14498 2501//14499
f 2268//14500 2264//14501 2500//14502
f 2363//14503 2466//14504 2415//14505
f 2415//14506 2511//14507 2413//14508
f 2513//14509 2512//14510 2516//14511
f 2515//14512 2514//14513 2521//14514
f 2516//14515 2515//14516 2522//14517
f 2516//14518 2522//14519 2517//14520
f 2517//14521 2523//14522 2518//14523
f 2518//14524 2524//14525 2519//14526
f 2520//14527 2525//14528 2521//14529
f 2522//14530 2521//14531 2527//14532
f 2523//14533 2522//14534 2528//14535
f 2524//14536 2523//14537 2529//14538
f 2526//14539 2530//14540 2527//14541
f 2528//14542 2527//14543 2531//14544
f 2530//14545 2532//14546 2531//14547
f 2529//14548 2531//14549 2534//14550
f 2532//14551 2535//14552 2533//14553
f 2536//14554 2533//14555 2538//14556
f 2537//14557 2539//14558 2538//14559
f 2543//14560 2542//14561 2545//14562
f 2544//14563 2512//14564 2546//14565
f 2547//14566 2545//14567 2546//14568
f 2549//14569 2547//14570 2548//14571
f 2551//14572 2549//14573 2550//14574
f 2553//14575 2551//14576 2552//14577
f 2556//14578 2555//14579 2558//14580
f 2557//14581 2542//14582 2558//14583
f 2557//14584 2514//14585 2559//14586
f 2515//14587 2512//14588 2559//14589
f 2544//14590 2542//14591 2559//14592
f 2558//14593 2543//14594 2560//14595
f 2546//14596 2513//14597 2562//14598
f 2560//14599 2545//14600 2563//14601
f 2564//14602 2561//14603 2563//14604
f 2565//14605 2562//14606 2517//14607
f 2546//14608 2562//14609 2548//14610
f 2566//14611 2563//14612 2549//14613
f 2567//14614 2564//14615 2566//14616
f 2565//14617 2517//14618 2568//14619
f 2550//14620 2548//14621 2568//14622
f 2569//14623 2566//14624 2551//14625
f 2567//14626 2566//14627 2570//14628
f 2568//14629 2518//14630 2571//14631
f 2552//14632 2550//14633 2571//14634
f 2569//14635 2551//14636 2572//14637
f 2570//14638 2569//14639 2573//14640
f 2574//14641 2570//14642 2573//14643
f 2576//14644 2541//14645 2575//14646
f 2575//14647 2554//14648 2576//14649
f 2555//14650 2554//14651 2577//14652
f 2576//14653 2554//14654 2578//14655
f 2520//14656 2514//14657 2580//14658
f 2557//14659 2555//14660 2580//14661
f 2578//14662 2556//14663 2581//14664
f 2582//14665 2579//14666 2581//14667
f 2581//14668 2558//14669 2583//14670
f 2584//14671 2582//14672 2583//14673
f 2584//14674 2583//14675 2561//14676
f 2584//14677 2561//14678 2585//14679
f 2586//14680 2658//14681 2585//14682
f 2585//14683 2564//14684 2587//14685
f 2588//14686 2586//14687 2587//14688
f 2588//14689 2587//14690 2567//14691
f 2588//14692 2567//14693 2589//14694
f 2589//14695 2570//14696 2574//14697
f 2594//14698 2592//14699 2593//14700
f 2594//14701 2593//14702 2541//14703
f 2599//14704 2597//14705 2598//14706
f 2599//14707 2598//14708 2592//14709
f 2593//14710 2591//14711 2601//14712
f 2599//14713 2592//14714 2602//14715
f 2603//14716 2600//14717 2602//14718
f 2603//14719 2602//14720 2595//14721
f 2605//14722 2604//14723 2597//14724
f 2598//14725 2596//14726 2607//14727
f 2605//14728 2597//14729 2608//14730
f 2606//14731 2608//14732 2600//14733
f 2598//14734 2607//14735 2601//14736
f 2606//14737 2600//14738 2610//14739
f 2613//14740 2612//14741 2605//14742
f 2614//14743 2613//14744 2606//14745
f 2607//14746 2604//14747 2615//14748
f 2614//14749 2606//14750 2616//14751
f 2607//14752 2615//14753 2609//14754
f 2616//14755 2606//14756 2619//14757
f 2620//14758 2617//14759 2619//14760
f 2620//14761 2619//14762 2611//14763
f 2622//14764 2621//14765 2613//14766
f 2622//14767 2613//14768 2623//14769
f 2615//14770 2612//14771 2624//14772
f 2623//14773 2614//14774 2625//14775
f 2626//14776 2625//14777 2617//14778
f 2615//14779 2624//14780 2618//14781
f 2628//14782 2621//14783 2629//14784
f 2629//14785 2622//14786 2630//14787
f 2621//14788 2628//14789 2624//14790
f 2629//14791 2630//14792 2632//14793
f 2633//14794 2630//14795 2625//14796
f 2633//14797 2625//14798 2634//14799
f 2627//14800 2624//14801 2635//14802
f 2633//14803 2634//14804 2636//14805
f 2637//14806 2634//14807 2626//14808
f 2638//14809 2628//14810 2639//14811
f 2628//14812 2638//14813 2631//14814
f 2638//14815 2639//14816 2640//14817
f 2641//14818 2639//14819 2632//14820
f 2641//14821 2632//14822 2642//14823
f 2631//14824 2640//14825 2635//14826
f 2640//14827 2641//14828 2643//14829
f 2641//14830 2642//14831 2644//14832
f 2645//14833 2642//14834 2636//14835
f 2646//14836 2643//14837 2647//14838
f 2575//14839 2540//14840 2648//14841
f 2594//14842 2541//14843 2649//14844
f 2650//14845 2595//14846 2649//14847
f 2575//14848 2648//14849 2577//14850
f 2649//14851 2576//14852 2652//14853
f 2653//14854 2650//14855 2652//14856
f 2653//14857 2652//14858 2579//14859
f 2655//14860 2525//14861 2580//14862
f 2577//14863 2651//14864 2580//14865
f 2653//14866 2579//14867 2656//14868
f 2657//14869 2654//14870 2656//14871
f 2656//14872 2582//14873 2658//14874
f 2659//14875 2657//14876 2658//14877
f 2659//14878 2586//14879 2661//14880
f 2661//14881 2588//14882 2662//14883
f 2662//14884 2589//14885 2663//14886
f 2593//14887 2601//14888 2648//14889
f 2603//14890 2595//14891 2665//14892
f 2648//14893 2664//14894 2651//14895
f 2668//14896 2666//14897 2665//14898
f 2668//14899 2665//14900 2654//14901
f 2655//14902 2651//14903 2669//14904
f 2655//14905 2669//14906 2526//14907
f 2668//14908 2657//14909 2671//14910
f 2672//14911 2670//14912 2671//14913
f 2672//14914 2671//14915 2660//14916
f 2673//14917 2672//14918 2660//14919
f 2660//14920 2661//14921 2662//14922
f 2601//14923 2609//14924 2664//14925
f 2610//14926 2603//14927 2676//14928
f 2664//14929 2675//14930 2667//14931
f 2669//14932 2667//14933 2678//14934
f 2679//14935 2691//14936 2666//14937
f 2679//14938 2666//14939 2670//14940
f 2680//14941 2532//14942 2530//14943
f 2669//14944 2678//14945 2530//14946
f 2679//14947 2670//14948 2682//14949
f 2683//14950 2681//14951 2682//14952
f 2683//14953 2682//14954 2672//14955
f 2685//14956 2684//14957 2673//14958
f 2685//14959 2673//14960 2674//14961
f 2609//14962 2618//14963 2675//14964
f 2620//14965 2611//14966 2688//14967
f 2677//14968 2675//14969 2690//14970
f 2688//14971 2676//14972 2691//14973
f 2678//14974 2677//14975 2692//14976
f 2680//14977 2678//14978 2694//14979
f 2693//14980 2679//14981 2695//14982
f 2696//14983 2693//14984 2695//14985
f 2696//14986 2695//14987 2681//14988
f 2680//14989 2694//14990 2535//14991
f 2533//14992 2535//14993 2697//14994
f 2681//14995 2683//14996 2698//14997
f 2687//14998 2618//14999 2699//15000
f 2626//15001 2620//15002 2700//15003
f 2701//15004 2700//15005 2689//15006
f 2690//15007 2687//15008 2702//15009
f 2701//15010 2689//15011 2703//15012
f 2692//15013 2690//15014 2705//15015
f 2703//15016 2691//15017 2704//15018
f 2706//15019 2704//15020 2693//15021
f 2694//15022 2692//15023 2707//15024
f 2694//15025 2707//15026 2697//15027
f 2708//15028 2696//15029 2698//15030
f 2709//15031 2537//15032 2697//15033
f 2698//15034 2684//15035 2711//15036
f 2712//15037 2710//15038 2711//15039
f 2699//15040 2627//15041 2713//15042
f 2637//15043 2626//15044 2714//15045
f 2715//15046 2714//15047 2701//15048
f 2702//15049 2699//15050 2716//15051
f 2717//15052 2715//15053 2703//15054
f 2718//15055 2717//15056 2704//15057
f 2705//15058 2702//15059 2719//15060
f 2717//15061 2718//15062 2720//15063
f 2718//15064 2706//15065 2721//15066
f 2722//15067 2721//15068 2708//15069
f 2709//15070 2707//15071 2723//15072
f 2722//15073 2708//15074 2725//15075
f 2724//15076 2539//15077 2537//15078
f 2709//15079 2724//15080 2537//15081
f 2538//15082 2539//15083 2727//15084
f 2726//15085 2712//15086 2728//15087
f 2713//15088 2635//15089 2729//15090
f 2644//15091 2645//15092 2730//15093
f 2645//15094 2636//15095 2731//15096
f 2732//15097 2636//15098 2714//15099
f 2732//15100 2714//15101 2733//15102
f 2716//15103 2713//15104 2734//15105
f 2731//15106 2732//15107 2735//15108
f 2732//15109 2733//15110 2736//15111
f 2737//15112 2733//15113 2717//15114
f 2719//15115 2716//15116 2738//15117
f 2739//15118 2737//15119 2720//15120
f 2739//15121 2720//15122 2740//15123
f 2707//15124 2719//15125 2741//15126
f 2739//15127 2740//15128 2742//15129
f 2740//15130 2721//15131 2743//15132
f 2723//15133 2707//15134 2744//15135
f 2740//15136 2743//15137 2745//15138
f 2746//15139 2743//15140 2722//15141
f 2724//15142 2723//15143 2747//15144
f 2745//15145 2746//15146 2748//15147
f 2749//15148 2746//15149 2725//15150
f 2749//15151 2725//15152 2750//15153
f 2749//15154 2750//15155 2752//15156
f 2753//15157 2750//15158 2726//15159
f 2724//15160 2751//15161 2727//15162
f 2753//15163 2726//15164 2755//15165
f 2643//15166 2646//15167 2729//15168
f 2646//15169 2647//15170 2756//15171
f 2757//15172 2647//15173 2730//15174
f 2757//15175 2730//15176 2758//15177
f 2734//15178 2729//15179 2759//15180
f 2759//15181 2756//15182 2760//15183
f 2757//15184 2758//15185 2760//15186
f 2758//15187 2735//15188 2761//15189
f 2734//15190 2759//15191 2738//15192
f 2762//15193 2759//15194 2763//15195
f 2763//15196 2760//15197 2764//15198
f 2758//15199 2761//15200 2764//15201
f 2765//15202 2761//15203 2736//15204
f 2765//15205 2736//15206 2766//15207
f 2738//15208 2762//15209 2741//15210
f 2762//15211 2763//15212 2767//15213
f 2768//15214 2763//15215 2769//15216
f 2769//15217 2764//15218 2770//15219
f 2765//15220 2766//15221 2770//15222
f 2771//15223 2766//15224 2742//15225
f 2771//15226 2742//15227 2772//15228
f 2741//15229 2767//15230 2744//15231
f 2773//15232 2767//15233 2768//15234
f 2769//15235 2770//15236 2774//15237
f 2775//15238 2770//15239 2776//15240
f 2771//15241 2772//15242 2776//15243
f 2747//15244 2744//15245 2777//15246
f 2775//15247 2776//15248 2778//15249
f 2779//15250 2776//15251 2780//15252
f 2780//15253 2772//15254 2748//15255
f 2780//15256 2748//15257 2781//15258
f 2751//15259 2747//15260 2782//15261
f 2780//15262 2781//15263 2783//15264
f 2784//15265 2781//15266 2752//15267
f 2784//15268 2752//15269 2785//15270
f 2754//15271 2751//15272 2786//15273
f 2787//15274 2785//15275 2755//15276
f 2789//15277 2755//15278 2728//15279
f 2787//15280 2755//15281 2790//15282
f 2792//15283 2791//15284 2768//15285
f 2793//15286 2792//15287 2774//15288
f 2793//15289 2774//15290 2794//15291
f 2773//15292 2791//15293 2777//15294
f 2795//15295 2791//15296 2796//15297
f 2792//15298 2793//15299 2796//15300
f 2794//15301 2778//15302 2797//15303
f 2782//15304 2777//15305 2798//15306
f 2798//15307 2795//15308 2799//15309
f 2796//15310 2793//15311 2799//15312
f 2793//15313 2794//15314 2800//15315
f 2794//15316 2797//15317 2801//15318
f 2797//15319 2779//15320 2802//15321
f 2786//15322 2782//15323 2803//15324
f 2803//15325 2798//15326 2804//15327
f 2799//15328 2800//15329 2804//15330
f 2805//15331 2800//15332 2806//15333
f 2806//15334 2801//15335 2807//15336
f 2797//15337 2802//15338 2807//15339
f 2802//15340 2783//15341 2808//15342
f 2809//15343 2524//15344 2811//15345
f 2809//15346 2812//15347 2810//15348
f 2811//15349 2816//15350 2812//15351
f 2812//15352 2817//15353 2813//15354
f 2813//15355 2818//15356 2814//15357
f 2814//15358 2818//15359 2815//15360
f 2816//15361 2529//15362 2821//15363
f 2817//15364 2816//15365 2822//15366
f 2818//15367 2817//15368 2823//15369
f 2819//15370 2818//15371 2824//15372
f 2819//15373 2824//15374 2820//15375
f 2821//15376 2534//15377 2826//15378
f 2822//15379 2821//15380 2827//15381
f 2823//15382 2822//15383 2829//15384
f 2824//15385 2823//15386 2831//15387
f 2824//15388 2831//15389 2825//15390
f 2826//15391 2536//15392 2833//15393
f 2827//15394 2826//15395 2834//15396
f 2828//15397 2827//15398 2835//15399
f 2829//15400 2828//15401 2835//15402
f 2830//15403 2829//15404 2836//15405
f 2833//15406 2837//15407 2834//15408
f 2835//15409 2834//15410 2839//15411
f 2836//15412 2835//15413 2840//15414
f 2830//15415 2836//15416 2841//15417
f 2831//15418 2830//15419 2841//15420
f 2837//15421 2842//15422 2838//15423
f 2838//15424 2843//15425 2839//15426
f 2840//15427 2845//15428 2841//15429
f 2845//15430 2847//15431 2846//15432
f 2820//15433 2825//15434 2849//15435
f 2849//15436 2851//15437 2850//15438
f 2825//15439 2832//15440 2851//15441
f 2852//15442 2851//15443 2856//15444
f 2852//15445 2856//15446 2853//15447
f 2853//15448 2857//15449 2854//15450
f 2854//15451 2858//15452 2855//15453
f 2856//15454 2832//15455 2862//15456
f 2856//15457 2862//15458 2857//15459
f 2858//15460 2857//15461 2863//15462
f 2859//15463 2858//15464 2864//15465
f 2859//15466 2864//15467 2860//15468
f 2860//15469 2865//15470 2861//15471
f 2862//15472 2831//15473 2868//15474
f 2863//15475 2862//15476 2869//15477
f 2863//15478 2869//15479 2864//15480
f 2864//15481 2870//15482 2865//15483
f 2865//15484 2871//15485 2866//15486
f 2866//15487 2871//15488 2867//15489
f 2868//15490 2841//15491 2846//15492
f 2869//15493 2868//15494 2874//15495
f 2870//15496 2869//15497 2875//15498
f 2871//15499 2870//15500 2876//15501
f 2872//15502 2871//15503 2878//15504
f 2846//15505 2848//15506 2873//15507
f 2874//15508 2879//15509 2875//15510
f 2875//15511 2880//15512 2876//15513
f 2877//15514 2876//15515 2881//15516
f 2553//15517 2552//15518 2883//15519
f 2883//15520 2882//15521 2885//15522
f 2886//15523 2571//15524 2519//15525
f 2552//15526 2571//15527 2882//15528
f 2572//15529 2553//15530 2887//15531
f 2888//15532 2574//15533 2573//15534
f 2882//15535 2886//15536 2884//15537
f 2885//15538 2884//15539 2890//15540
f 2890//15541 2887//15542 2885//15543
f 2573//15544 2887//15545 2891//15546
f 2892//15547 2888//15548 2891//15549
f 2890//15550 2889//15551 2894//15552
f 2895//15553 2891//15554 2894//15555
f 2892//15556 2891//15557 2896//15558
f 2898//15559 2894//15560 2897//15561
f 2896//15562 2895//15563 2899//15564
f 2886//15565 2519//15566 2900//15567
f 2901//15568 2574//15569 2888//15570
f 2902//15571 2900//15572 2809//15573
f 2886//15574 2900//15575 2889//15576
f 2901//15577 2888//15578 2892//15579
f 2904//15580 2901//15581 2903//15582
f 2902//15583 2809//15584 2905//15585
f 2889//15586 2902//15587 2893//15588
f 2903//15589 2892//15590 2907//15591
f 2908//15592 2905//15593 2810//15594
f 2893//15595 2905//15596 2897//15597
f 2898//15598 2897//15599 2909//15600
f 2895//15601 2898//15602 2910//15603
f 2895//15604 2910//15605 2899//15606
f 2907//15607 2906//15608 2911//15609
f 2912//15610 2907//15611 2911//15612
f 2910//15613 2909//15614 2914//15615
f 2899//15616 2910//15617 2915//15618
f 2916//15619 2911//15620 2915//15621
f 2909//15622 2913//15623 2918//15624
f 2915//15625 2914//15626 2919//15627
f 2916//15628 2915//15629 2920//15630
f 2922//15631 2918//15632 2921//15633
f 2914//15634 2918//15635 2923//15636
f 2924//15637 2663//15638 2590//15639
f 2924//15640 2590//15641 2901//15642
f 2924//15643 2901//15644 2925//15645
f 2926//15646 2925//15647 2904//15648
f 2908//15649 2810//15650 2927//15651
f 2904//15652 2907//15653 2928//15654
f 2929//15655 2927//15656 2813//15657
f 2908//15658 2927//15659 2913//15660
f 2926//15661 2928//15662 2930//15663
f 2929//15664 2813//15665 2931//15666
f 2913//15667 2929//15668 2917//15669
f 2914//15670 2932//15671 2919//15672
f 2912//15673 2916//15674 2933//15675
f 2934//15676 2930//15677 2933//15678
f 2935//15679 2931//15680 2815//15681
f 2917//15682 2931//15683 2921//15684
f 2920//15685 2919//15686 2936//15687
f 2937//15688 2933//15689 2936//15690
f 2938//15691 2934//15692 2937//15693
f 2940//15694 2922//15695 2939//15696
f 2923//15697 2922//15698 2941//15699
f 2942//15700 2932//15701 2941//15702
f 2943//15703 2936//15704 2942//15705
f 2937//15706 2936//15707 2944//15708
f 2938//15709 2937//15710 2945//15711
f 2674//15712 2663//15713 2946//15714
f 2946//15715 2924//15716 2947//15717
f 2947//15718 2925//15719 2948//15720
f 2949//15721 2947//15722 2948//15723
f 2950//15724 2948//15725 2926//15726
f 2951//15727 2949//15728 2950//15729
f 2952//15730 2950//15731 2930//15732
f 2953//15733 2952//15734 2934//15735
f 2950//15736 2952//15737 2954//15738
f 2935//15739 2815//15740 2955//15741
f 2953//15742 2934//15743 2938//15744
f 2956//15745 2955//15746 2820//15747
f 2935//15748 2955//15749 2939//15750
f 2953//15751 2938//15752 2957//15753
f 2958//15754 2686//15755 2674//15756
f 2674//15757 2946//15758 2959//15759
f 2959//15760 2947//15761 2960//15762
f 2960//15763 2949//15764 2961//15765
f 2686//15766 2958//15767 2979//15768
f 2712//15769 2685//15770 2788//15771
f 2837//15772 2538//15773 2962//15774
f 2963//15775 2842//15776 2962//15777
f 2727//15778 2754//15779 2962//15780
f 2843//15781 2842//15782 2963//15783
f 2843//15784 2964//15785 2844//15786
f 2844//15787 2965//15788 2845//15789
f 2963//15790 2754//15791 2966//15792
f 2784//15793 2787//15794 2967//15795
f 2963//15796 2969//15797 2964//15798
f 2964//15799 2970//15800 2965//15801
f 2965//15802 2971//15803 2847//15804
f 2848//15805 2847//15806 2972//15807
f 2973//15808 2951//15809 2950//15810
f 2974//15811 2954//15812 2953//15813
f 2975//15814 2974//15815 2957//15816
f 2977//15817 2973//15818 2974//15819
f 2977//15820 2974//15821 2978//15822
f 3328//15823 2977//15824 2978//15825
f 2980//15826 2979//15827 2976//15828
f 2980//15829 2976//15830 2981//15831
f 2981//15832 2960//15833 2982//15834
f 2982//15835 2961//15836 2983//15837
f 2984//15838 2788//15839 2979//15840
f 2984//15841 2979//15842 2985//15843
f 2987//15844 2986//15845 2980//15846
f 2987//15847 2980//15848 2981//15849
f 3284//15850 2982//15851 3327//15852
f 2728//15853 2788//15854 2988//15855
f 2988//15856 2984//15857 2990//15858
f 2989//15859 2990//15860 2986//15861
f 2989//15862 2986//15863 2991//15864
f 2991//15865 2987//15866 2993//15867
f 3295//15868 2993//15869 3284//15870
f 2994//15871 2789//15872 2988//15873
f 2995//15874 2994//15875 2989//15876
f 2994//15877 2995//15878 2996//15879
f 2995//15880 2989//15881 2997//15882
f 2787//15883 2790//15884 2968//15885
f 2998//15886 2790//15887 2994//15888
f 2999//15889 2998//15890 2996//15891
f 2999//15892 2996//15893 3000//15894
f 3001//15895 2996//15896 2997//15897
f 3001//15898 2997//15899 3292//15900
f 3001//15901 3292//15902 3002//15903
f 3004//15904 2940//15905 3003//15906
f 3005//15907 2941//15908 3004//15909
f 2942//15910 2941//15911 3005//15912
f 3005//15913 3004//15914 3007//15915
f 2956//15916 2820//15917 3008//15918
f 3003//15919 2939//15920 3008//15921
f 3005//15922 3010//15923 2943//15924
f 2945//15925 2944//15926 3011//15927
f 3012//15928 2957//15929 3011//15930
f 3013//15931 3008//15932 2850//15933
f 3003//15934 3008//15935 3006//15936
f 3004//15937 3006//15938 3014//15939
f 3004//15940 3014//15941 3007//15942
f 3015//15943 3009//15944 3007//15945
f 3016//15946 2943//15947 3010//15948
f 3017//15949 3011//15950 3016//15951
f 3012//15952 3011//15953 3018//15954
f 3020//15955 3014//15956 3019//15957
f 3021//15958 3010//15959 3015//15960
f 3016//15961 3010//15962 3023//15963
f 3025//15964 3020//15965 3024//15966
f 3015//15967 3020//15968 3026//15969
f 3013//15970 2850//15971 3027//15972
f 3028//15973 3027//15974 2853//15975
f 3013//15976 3027//15977 3019//15978
f 3018//15979 3017//15980 3029//15981
f 3030//15982 3028//15983 2854//15984
f 3019//15985 3028//15986 3024//15987
f 3025//15988 3024//15989 3031//15990
f 3022//15991 3021//15992 3032//15993
f 3017//15994 3023//15995 3033//15996
f 3034//15997 3029//15998 3033//15999
f 3035//16000 3030//16001 2855//16002
f 3031//16003 3030//16004 3036//16005
f 3026//16006 3031//16007 3037//16008
f 3021//16009 3026//16010 3032//16011
f 3033//16012 3023//16013 3039//16014
f 3034//16015 3033//16016 3040//16017
f 3042//16018 3036//16019 3041//16020
f 3032//16021 3037//16022 3051//16023
f 3038//16024 3032//16025 3043//16026
f 3037//16027 3042//16028 3045//16029
f 3035//16030 2855//16031 3046//16032
f 3038//16033 3047//16034 3039//16035
f 3040//16036 3039//16037 3049//16038
f 3050//16039 3046//16040 2860//16041
f 3035//16042 3046//16043 3041//16044
f 3043//16045 3051//16046 3052//16047
f 3049//16048 3048//16049 3053//16050
f 3054//16051 3050//16052 2861//16053
f 3041//16054 3050//16055 3044//16056
f 3042//16057 3044//16058 3055//16059
f 3042//16060 3055//16061 3045//16062
f 3047//16063 3052//16064 3056//16065
f 3048//16066 3047//16067 3057//16068
f 3058//16069 3053//16070 3057//16071
f 3060//16072 3055//16073 3059//16074
f 3045//16075 3055//16076 3061//16077
f 3062//16078 3051//16079 3061//16080
f 3054//16081 2861//16082 3063//16083
f 3056//16084 3064//16085 3057//16086
f 3058//16087 3057//16088 3066//16089
f 3067//16090 3063//16091 2867//16092
f 3054//16093 3063//16094 3059//16095
f 3060//16096 3059//16097 3068//16098
f 3061//16099 3060//16100 3069//16101
f 3062//16102 3061//16103 3070//16104
f 3071//16105 3064//16106 3062//16107
f 3066//16108 3065//16109 3072//16110
f 3067//16111 2867//16112 3073//16113
f 3065//16114 3074//16115 3072//16116
f 2877//16117 3075//16118 2878//16119
f 2872//16120 2878//16121 3073//16122
f 2848//16123 3078//16124 2873//16125
f 2873//16126 3078//16127 2879//16128
f 2879//16129 3080//16130 2880//16131
f 2880//16132 3082//16133 2881//16134
f 2877//16135 2881//16136 3075//16137
f 3076//16138 3075//16139 3084//16140
f 2978//16141 2975//16142 3086//16143
f 3085//16144 3018//16145 3088//16146
f 3089//16147 3088//16148 3034//16149
f 3089//16150 3091//16151 3090//16152
f 3040//16153 3049//16154 3089//16155
f 3092//16156 3091//16157 3089//16158
f 3329//16159 3320//16160 3091//16161
f 3092//16162 3049//16163 3093//16164
f 3297//16165 3092//16166 3315//16167
f 3093//16168 3053//16169 3094//16170
f 3058//16171 3066//16172 3094//16173
f 3096//16174 3095//16175 3094//16176
f 3096//16177 3066//16178 3097//16179
f 3096//16180 3304//16181 3316//16182
f 3072//16183 3077//16184 3097//16185
f 3330//16186 3097//16187 3331//16188
f 3099//16189 3068//16190 3098//16191
f 3100//16192 3069//16193 3099//16194
f 3070//16195 3069//16196 3100//16197
f 3071//16198 3070//16199 3101//16200
f 3067//16201 3073//16202 3098//16203
f 3099//16204 3098//16205 3103//16206
f 3100//16207 3099//16208 3104//16209
f 3100//16210 3105//16211 3101//16212
f 3107//16213 3071//16214 3101//16215
f 3109//16216 3104//16217 3108//16218
f 3110//16219 3105//16220 3109//16221
f 3106//16222 3105//16223 3111//16224
f 3102//16225 3073//16226 3112//16227
f 3103//16228 3102//16229 3113//16230
f 3106//16231 3114//16232 3107//16233
f 3074//16234 3107//16235 3116//16236
f 3117//16237 3077//16238 3074//16239
f 3103//16240 3113//16241 3108//16242
f 3109//16243 3108//16244 3119//16245
f 3109//16246 3119//16247 3110//16248
f 3110//16249 3120//16250 3111//16251
f 3121//16252 3114//16253 3111//16254
f 3115//16255 3114//16256 3122//16257
f 3076//16258 3084//16259 3112//16260
f 3112//16261 3123//16262 3113//16263
f 3115//16264 3128//16265 3116//16266
f 3117//16267 3116//16268 3130//16269
f 3118//16270 3113//16271 3131//16272
f 3124//16273 3125//16274 3131//16275
f 3118//16276 3131//16277 3119//16278
f 3132//16279 3125//16280 3133//16281
f 3119//16282 3132//16283 3120//16284
f 3126//16285 3127//16286 3133//16287
f 3120//16288 3133//16289 3121//16290
f 3121//16291 3127//16292 3122//16293
f 3128//16294 3115//16295 3122//16296
f 3117//16297 3130//16298 3134//16299
f 3134//16300 3136//16301 3135//16302
f 2966//16303 2786//16304 3138//16305
f 3138//16306 2803//16307 3139//16308
f 2804//16309 2805//16310 3139//16311
f 2805//16312 2806//16313 3140//16314
f 3141//16315 2806//16316 3142//16317
f 3142//16318 2807//16319 3143//16320
f 2802//16321 2808//16322 3143//16323
f 2808//16324 2967//16325 3144//16326
f 2969//16327 2966//16328 3145//16329
f 3145//16330 3138//16331 3146//16332
f 3139//16333 3140//16334 3146//16335
f 3140//16336 3141//16337 3147//16338
f 3141//16339 3142//16340 3148//16341
f 3149//16342 3142//16343 3150//16344
f 3150//16345 3143//16346 3151//16347
f 2808//16348 3144//16349 3151//16350
f 2970//16351 2969//16352 3145//16353
f 3146//16354 3147//16355 3152//16356
f 3147//16357 3148//16358 3153//16359
f 3148//16360 3149//16361 3154//16362
f 3155//16363 3149//16364 3156//16365
f 3156//16366 3150//16367 3157//16368
f 3157//16369 3151//16370 3158//16371
f 3145//16372 3152//16373 3159//16374
f 3152//16375 3153//16376 3160//16377
f 3153//16378 3154//16379 3161//16380
f 3162//16381 3154//16382 3163//16383
f 3163//16384 3155//16385 3164//16386
f 3156//16387 3157//16388 3164//16389
f 3157//16390 3158//16391 3165//16392
f 3160//16393 3161//16394 3167//16395
f 3161//16396 3162//16397 3168//16398
f 3169//16399 3162//16400 3170//16401
f 2971//16402 2970//16403 3159//16404
f 3168//16405 3169//16406 3171//16407
f 3159//16408 3167//16409 3173//16410
f 3167//16411 3171//16412 3174//16413
f 3175//16414 3171//16415 3176//16416
f 2971//16417 3173//16418 2972//16419
f 3173//16420 3174//16421 3177//16422
f 3178//16423 3175//16424 3179//16425
f 3181//16426 3180//16427 3164//16428
f 3181//16429 3165//16430 3182//16431
f 3163//16432 3180//16433 3170//16434
f 3181//16435 3182//16436 3184//16437
f 3185//16438 3172//16439 3169//16440
f 3170//16441 3183//16442 3169//16443
f 3185//16444 3183//16445 3186//16446
f 3180//16447 3184//16448 3186//16449
f 3187//16450 3184//16451 3188//16452
f 3189//16453 3172//16454 3185//16455
f 3186//16456 3187//16457 3190//16458
f 3179//16459 3176//16460 3192//16461
f 3185//16462 3190//16463 3189//16464
f 3190//16465 3187//16466 3193//16467
f 3187//16468 3191//16469 3194//16470
f 3144//16471 2968//16472 3195//16473
f 3144//16474 3195//16475 3158//16476
f 3195//16477 3000//16478 3196//16479
f 3166//16480 3158//16481 3197//16482
f 3195//16483 3196//16484 3197//16485
f 3333//16486 3307//16487 3002//16488
f 3198//16489 3197//16490 3199//16491
f 3199//16492 3322//16493 3323//16494
f 3182//16495 3166//16496 3200//16497
f 3182//16498 3200//16499 3188//16500
f 3200//16501 3198//16502 3201//16503
f 3201//16504 3299//16505 3308//16506
f 3191//16507 3188//16508 3202//16509
f 3200//16510 3201//16511 3202//16512
f 3300//16513 3203//16514 3335//16515
f 2972//16516 3177//16517 3078//16518
f 3174//16519 3178//16520 3204//16521
f 3205//16522 3178//16523 3179//16524
f 3177//16525 3204//16526 3206//16527
f 3207//16528 3204//16529 3208//16530
f 3078//16531 3206//16532 3079//16533
f 3206//16534 3207//16535 3209//16536
f 3210//16537 3207//16538 3208//16539
f 3079//16540 3209//16541 3080//16542
f 3209//16543 3210//16544 3211//16545
f 3212//16546 3210//16547 3213//16548
f 3080//16549 3211//16550 3081//16551
f 3214//16552 3211//16553 3215//16554
f 3081//16555 3214//16556 3082//16557
f 3214//16558 3215//16559 3216//16560
f 3083//16561 3082//16562 3218//16563
f 3216//16564 3217//16565 3218//16566
f 3083//16567 3218//16568 3084//16569
f 3226//16570 3218//16571 3227//16572
f 3219//16573 3220//16574 3227//16575
f 3220//16576 3221//16577 3228//16578
f 3221//16579 3222//16580 3229//16581
f 3230//16582 3222//16583 3231//16584
f 3231//16585 3224//16586 3232//16587
f 3192//16588 3233//16589 3179//16590
f 3189//16591 3193//16592 3234//16593
f 3193//16594 3194//16595 3235//16596
f 3194//16597 3191//16598 3236//16599
f 3205//16600 3233//16601 3208//16602
f 3238//16603 3233//16604 3239//16605
f 3192//16606 3234//16607 3239//16608
f 3234//16609 3235//16610 3240//16611
f 3235//16612 3236//16613 3241//16614
f 3236//16615 3237//16616 3242//16617
f 3240//16618 3241//16619 3244//16620
f 3241//16621 3242//16622 3245//16623
f 3242//16624 3243//16625 3246//16626
f 3248//16627 3247//16628 3213//16629
f 3208//16630 3238//16631 3213//16632
f 3248//16633 3238//16634 3244//16635
f 3244//16636 3245//16637 3249//16638
f 3250//16639 3245//16640 3251//16641
f 3251//16642 3246//16643 3252//16644
f 3212//16645 3247//16646 3215//16647
f 3253//16648 3247//16649 3254//16650
f 3248//16651 3244//16652 3254//16653
f 3249//16654 3250//16655 3256//16656
f 3256//16657 3251//16658 3257//16659
f 3215//16660 3253//16661 3217//16662
f 3258//16663 3254//16664 3259//16665
f 3260//16666 3256//16667 3261//16668
f 3219//16669 3217//16670 3262//16671
f 3253//16672 3258//16673 3262//16674
f 3219//16675 3262//16676 3220//16677
f 3221//16678 3220//16679 3263//16680
f 3222//16681 3221//16682 3263//16683
f 3263//16684 3255//16685 3223//16686
f 3222//16687 3263//16688 3223//16689
f 3223//16690 3260//16691 3224//16692
f 3224//16693 3260//16694 3225//16695
f 3225//16696 3264//16697 3232//16698
f 3264//16699 3265//16700 3266//16701
f 3191//16702 3203//16703 3237//16704
f 3267//16705 3203//16706 3289//16707
f 3237//16708 3267//16709 3243//16710
f 3267//16711 3289//16712 3268//16713
f 3246//16714 3243//16715 3269//16716
f 3269//16717 3268//16718 3270//16719
f 3252//16720 3246//16721 3271//16722
f 3271//16723 3269//16724 3272//16725
f 3257//16726 3252//16727 3273//16728
f 3271//16729 3272//16730 3273//16731
f 3272//16732 3336//16733 3324//16734
f 3257//16735 3273//16736 3261//16737
f 3264//16738 3261//16739 3265//16740
f 3123//16741 3084//16742 3274//16743
f 3226//16744 3227//16745 3274//16746
f 3123//16747 3274//16748 3124//16749
f 3275//16750 3227//16751 3276//16752
f 3124//16753 3275//16754 3125//16755
f 3228//16756 3229//16757 3276//16758
f 3125//16759 3276//16760 3126//16761
f 3277//16762 3229//16763 3278//16764
f 3127//16765 3126//16766 3278//16767
f 3278//16768 3230//16769 3279//16770
f 3128//16771 3127//16772 3279//16773
f 3279//16774 3231//16775 3280//16776
f 3128//16777 3279//16778 3129//16779
f 3231//16780 3232//16781 3280//16782
f 3129//16783 3280//16784 3130//16785
f 3232//16786 3266//16787 3281//16788
f 3130//16789 3281//16790 3136//16791
f 3282//16792 3266//16793 3283//16794
f 3137//16795 3136//16796 3283//16797
f 2512//16798 2515//16799 2516//16800
f 2514//16801 2520//16802 2521//16803
f 2515//16804 2521//16805 2522//16806
f 2522//16807 2523//16808 2517//16809
f 2523//16810 2524//16811 2518//16812
f 2525//16813 2526//16814 2521//16815
f 2521//16816 2526//16817 2527//16818
f 2522//16819 2527//16820 2528//16821
f 2523//16822 2528//16823 2529//16824
f 2530//16825 2531//16826 2527//16827
f 2528//16828 2531//16829 2529//16830
f 2532//16831 2533//16832 2531//16833
f 2531//16834 2533//16835 2534//16836
f 2534//16837 2533//16838 2536//16839
f 2533//16840 2537//16841 2538//16842
f 2542//16843 2544//16844 2545//16845
f 2512//16846 2513//16847 2546//16848
f 2545//16849 2544//16850 2546//16851
f 2547//16852 2546//16853 2548//16854
f 2549//16855 2548//16856 2550//16857
f 2551//16858 2550//16859 2552//16860
f 2554//16861 2555//16862 2556//16863
f 2555//16864 2557//16865 2558//16866
f 2542//16867 2543//16868 2558//16869
f 2514//16870 2515//16871 2559//16872
f 2512//16873 2544//16874 2559//16875
f 2542//16876 2557//16877 2559//16878
f 2543//16879 2545//16880 2560//16881
f 2513//16882 2516//16883 2562//16884
f 2545//16885 2547//16886 2563//16887
f 2561//16888 2560//16889 2563//16890
f 2562//16891 2516//16892 2517//16893
f 2562//16894 2565//16895 2548//16896
f 2563//16897 2547//16898 2549//16899
f 2564//16900 2563//16901 2566//16902
f 2517//16903 2518//16904 2568//16905
f 2548//16906 2565//16907 2568//16908
f 2566//16909 2549//16910 2551//16911
f 2566//16912 2569//16913 2570//16914
f 2518//16915 2519//16916 2571//16917
f 2550//16918 2568//16919 2571//16920
f 2551//16921 2553//16922 2572//16923
f 2569//16924 2572//16925 2573//16926
f 2541//16927 2540//16928 2575//16929
f 2554//16930 2575//16931 2577//16932
f 2554//16933 2556//16934 2578//16935
f 2514//16936 2557//16937 2580//16938
f 2555//16939 2577//16940 2580//16941
f 2556//16942 2558//16943 2581//16944
f 2579//16945 2578//16946 2581//16947
f 2558//16948 2560//16949 2583//16950
f 2582//16951 2581//16952 2583//16953
f 2583//16954 2560//16955 2561//16956
f 2561//16957 2564//16958 2585//16959
f 2658//16960 2584//16961 2585//16962
f 2564//16963 2567//16964 2587//16965
f 2586//16966 2585//16967 2587//16968
f 2567//16969 2570//16970 2589//16971
f 2589//16972 2574//16973 2590//16974
f 2592//16975 2591//16976 2593//16977
f 2593//16978 2540//16979 2541//16980
f 2597//16981 2596//16982 2598//16983
f 2598//16984 2591//16985 2592//16986
f 2591//16987 2598//16988 2601//16989
f 2592//16990 2594//16991 2602//16992
f 2600//16993 2599//16994 2602//16995
f 2602//16996 2594//16997 2595//16998
f 2604//16999 2596//17000 2597//17001
f 2596//17002 2604//17003 2607//17004
f 2597//17005 2599//17006 2608//17007
f 2606//17008 2605//17009 2608//17010
f 2608//17011 2599//17012 2600//17013
f 2607//17014 2609//17015 2601//17016
f 2600//17017 2603//17018 2610//17019
f 2612//17020 2604//17021 2605//17022
f 2613//17023 2605//17024 2606//17025
f 2604//17026 2612//17027 2615//17028
f 2615//17029 2618//17030 2609//17031
f 2606//17032 2610//17033 2619//17034
f 2617//17035 2616//17036 2619//17037
f 2619//17038 2610//17039 2611//17040
f 2621//17041 2612//17042 2613//17043
f 2613//17044 2614//17045 2623//17046
f 2612//17047 2621//17048 2624//17049
f 2614//17050 2616//17051 2625//17052
f 2625//17053 2616//17054 2617//17055
f 2624//17056 2627//17057 2618//17058
f 2617//17059 2620//17060 2626//17061
f 2621//17062 2622//17063 2629//17064
f 2622//17065 2623//17066 2630//17067
f 2628//17068 2631//17069 2624//17070
f 2630//17071 2633//17072 2632//17073
f 2630//17074 2623//17075 2625//17076
f 2625//17077 2626//17078 2634//17079
f 2624//17080 2631//17081 2635//17082
f 2634//17083 2637//17084 2636//17085
f 2628//17086 2629//17087 2639//17088
f 2638//17089 2640//17090 2631//17091
f 2639//17092 2641//17093 2640//17094
f 2639//17095 2629//17096 2632//17097
f 2632//17098 2633//17099 2642//17100
f 2640//17101 2643//17102 2635//17103
f 2641//17104 2644//17105 2643//17106
f 2642//17107 2645//17108 2644//17109
f 2642//17110 2633//17111 2636//17112
f 2643//17113 2644//17114 2647//17115
f 2540//17116 2593//17117 2648//17118
f 2541//17119 2576//17120 2649//17121
f 2595//17122 2594//17123 2649//17124
f 2648//17125 2651//17126 2577//17127
f 2576//17128 2578//17129 2652//17130
f 2650//17131 2649//17132 2652//17133
f 2652//17134 2578//17135 2579//17136
f 2525//17137 2520//17138 2580//17139
f 2651//17140 2655//17141 2580//17142
f 2579//17143 2582//17144 2656//17145
f 2654//17146 2653//17147 2656//17148
f 2525//17149 2655//17150 2526//17151
f 2582//17152 2584//17153 2658//17154
f 2657//17155 2656//17156 2658//17157
f 2658//17158 2586//17159 2659//17160
f 2586//17161 2588//17162 2661//17163
f 2660//17164 2659//17165 2661//17166
f 2588//17167 2589//17168 2662//17169
f 2589//17170 2590//17171 2663//17172
f 2601//17173 2664//17174 2648//17175
f 2595//17176 2650//17177 2665//17178
f 2664//17179 2667//17180 2651//17181
f 2650//17182 2653//17183 2665//17184
f 2665//17185 2653//17186 2654//17187
f 2651//17188 2667//17189 2669//17190
f 2654//17191 2657//17192 2668//17193
f 2669//17194 2530//17195 2526//17196
f 2657//17197 2659//17198 2671//17199
f 2670//17200 2668//17201 2671//17202
f 2671//17203 2659//17204 2660//17205
f 2673//17206 2660//17207 2662//17208
f 2662//17209 2663//17210 2674//17211
f 2609//17212 2675//17213 2664//17214
f 2603//17215 2665//17216 2676//17217
f 2611//17218 2610//17219 2676//17220
f 2676//17221 2665//17222 2666//17223
f 2675//17224 2677//17225 2667//17226
f 2667//17227 2677//17228 2678//17229
f 2666//17230 2668//17231 2670//17232
f 2678//17233 2680//17234 2530//17235
f 2532//17236 2680//17237 2535//17238
f 2670//17239 2672//17240 2682//17241
f 2681//17242 2679//17243 2682//17244
f 2672//17245 2673//17246 2683//17247
f 2684//17248 2683//17249 2673//17250
f 2673//17251 2662//17252 2674//17253
f 2618//17254 2687//17255 2675//17256
f 2611//17257 2676//17258 2688//17259
f 2675//17260 2687//17261 2690//17262
f 2676//17263 2666//17264 2691//17265
f 2689//17266 2688//17267 2691//17268
f 2677//17269 2690//17270 2692//17271
f 2691//17272 2679//17273 2693//17274
f 2678//17275 2692//17276 2694//17277
f 2695//17278 2679//17279 2681//17280
f 2694//17281 2697//17282 2535//17283
f 2698//17284 2683//17285 2684//17286
f 2711//17287 2684//17288 2685//17289
f 2685//17290 2674//17291 2686//17292
f 2618//17293 2627//17294 2699//17295
f 2620//17296 2688//17297 2700//17298
f 2700//17299 2688//17300 2689//17301
f 2687//17302 2699//17303 2702//17304
f 2689//17305 2691//17306 2703//17307
f 2690//17308 2702//17309 2705//17310
f 2691//17311 2693//17312 2704//17313
f 2692//17314 2705//17315 2707//17316
f 2693//17317 2696//17318 2706//17319
f 2707//17320 2709//17321 2697//17322
f 2708//17323 2706//17324 2696//17325
f 2696//17326 2681//17327 2698//17328
f 2537//17329 2533//17330 2697//17331
f 2710//17332 2698//17333 2711//17334
f 2711//17335 2685//17336 2712//17337
f 2627//17338 2635//17339 2713//17340
f 2626//17341 2700//17342 2714//17343
f 2714//17344 2700//17345 2701//17346
f 2699//17347 2713//17348 2716//17349
f 2715//17350 2701//17351 2703//17352
f 2717//17353 2703//17354 2704//17355
f 2702//17356 2716//17357 2719//17358
f 2704//17359 2706//17360 2718//17361
f 2705//17362 2719//17363 2707//17364
f 2721//17365 2706//17366 2708//17367
f 2723//17368 2724//17369 2709//17370
f 2708//17371 2698//17372 2725//17373
f 2725//17374 2698//17375 2710//17376
f 2710//17377 2712//17378 2726//17379
f 2539//17380 2724//17381 2727//17382
f 2635//17383 2643//17384 2729//17385
f 2645//17386 2731//17387 2730//17388
f 2636//17389 2732//17390 2731//17391
f 2636//17392 2637//17393 2714//17394
f 2714//17395 2715//17396 2733//17397
f 2713//17398 2729//17399 2734//17400
f 2732//17401 2736//17402 2735//17403
f 2733//17404 2737//17405 2736//17406
f 2733//17407 2715//17408 2717//17409
f 2716//17410 2734//17411 2738//17412
f 2737//17413 2739//17414 2736//17415
f 2737//17416 2717//17417 2720//17418
f 2720//17419 2718//17420 2740//17421
f 2719//17422 2738//17423 2741//17424
f 2740//17425 2718//17426 2721//17427
f 2721//17428 2722//17429 2743//17430
f 2707//17431 2741//17432 2744//17433
f 2743//17434 2746//17435 2745//17436
f 2723//17437 2744//17438 2747//17439
f 2746//17440 2749//17441 2748//17442
f 2746//17443 2722//17444 2725//17445
f 2725//17446 2710//17447 2750//17448
f 2747//17449 2751//17450 2724//17451
f 2750//17452 2753//17453 2752//17454
f 2750//17455 2710//17456 2726//17457
f 2751//17458 2754//17459 2727//17460
f 2726//17461 2728//17462 2755//17463
f 2646//17464 2756//17465 2729//17466
f 2647//17467 2757//17468 2756//17469
f 2647//17470 2644//17471 2730//17472
f 2730//17473 2731//17474 2758//17475
f 2729//17476 2756//17477 2759//17478
f 2756//17479 2757//17480 2760//17481
f 2758//17482 2731//17483 2735//17484
f 2735//17485 2736//17486 2761//17487
f 2759//17488 2762//17489 2738//17490
f 2759//17491 2760//17492 2763//17493
f 2760//17494 2758//17495 2764//17496
f 2761//17497 2765//17498 2764//17499
f 2736//17500 2739//17501 2766//17502
f 2762//17503 2767//17504 2741//17505
f 2763//17506 2768//17507 2767//17508
f 2763//17509 2764//17510 2769//17511
f 2764//17512 2765//17513 2770//17514
f 2766//17515 2771//17516 2770//17517
f 2766//17518 2739//17519 2742//17520
f 2742//17521 2740//17522 2772//17523
f 2767//17524 2773//17525 2744//17526
f 2769//17527 2774//17528 2768//17529
f 2770//17530 2775//17531 2774//17532
f 2770//17533 2771//17534 2776//17535
f 2772//17536 2740//17537 2745//17538
f 2744//17539 2773//17540 2777//17541
f 2776//17542 2779//17543 2778//17544
f 2776//17545 2772//17546 2780//17547
f 2772//17548 2745//17549 2748//17550
f 2748//17551 2749//17552 2781//17553
f 2747//17554 2777//17555 2782//17556
f 2780//17557 2783//17558 2779//17559
f 2781//17560 2784//17561 2783//17562
f 2781//17563 2749//17564 2752//17565
f 2752//17566 2753//17567 2785//17568
f 2751//17569 2782//17570 2786//17571
f 2785//17572 2787//17573 2784//17574
f 2785//17575 2753//17576 2755//17577
f 2728//17578 2712//17579 2788//17580
f 2755//17581 2789//17582 2790//17583
f 2791//17584 2773//17585 2768//17586
f 2792//17587 2768//17588 2774//17589
f 2774//17590 2775//17591 2794//17592
f 2791//17593 2795//17594 2777//17595
f 2791//17596 2792//17597 2796//17598
f 2794//17599 2775//17600 2778//17601
f 2778//17602 2779//17603 2797//17604
f 2777//17605 2795//17606 2798//17607
f 2795//17608 2796//17609 2799//17610
f 2793//17611 2800//17612 2799//17613
f 2794//17614 2801//17615 2800//17616
f 2779//17617 2783//17618 2802//17619
f 2782//17620 2798//17621 2803//17622
f 2798//17623 2799//17624 2804//17625
f 2800//17626 2805//17627 2804//17628
f 2800//17629 2801//17630 2806//17631
f 2801//17632 2797//17633 2807//17634
f 2783//17635 2784//17636 2808//17637
f 2524//17638 2809//17639 2519//17640
f 2524//17641 2529//17642 2811//17643
f 2811//17644 2812//17645 2809//17646
f 2811//17647 2529//17648 2816//17649
f 2812//17650 2816//17651 2817//17652
f 2817//17653 2818//17654 2813//17655
f 2818//17656 2819//17657 2815//17658
f 2529//17659 2534//17660 2821//17661
f 2816//17662 2821//17663 2822//17664
f 2817//17665 2822//17666 2823//17667
f 2818//17668 2823//17669 2824//17670
f 2824//17671 2825//17672 2820//17673
f 2534//17674 2536//17675 2826//17676
f 2821//17677 2826//17678 2827//17679
f 2822//17680 2827//17681 2828//17682
f 2822//17683 2828//17684 2829//17685
f 2823//17686 2829//17687 2830//17688
f 2823//17689 2830//17690 2831//17691
f 2831//17692 2832//17693 2825//17694
f 2536//17695 2538//17696 2833//17697
f 2826//17698 2833//17699 2834//17700
f 2827//17701 2834//17702 2835//17703
f 2829//17704 2835//17705 2836//17706
f 2538//17707 2837//17708 2833//17709
f 2837//17710 2838//17711 2834//17712
f 2834//17713 2838//17714 2839//17715
f 2835//17716 2839//17717 2844//17718
f 2835//17719 2844//17720 2840//17721
f 2836//17722 2840//17723 2841//17724
f 2842//17725 2843//17726 2838//17727
f 2843//17728 2844//17729 2839//17730
f 2844//17731 2845//17732 2840//17733
f 2841//17734 2845//17735 2846//17736
f 2847//17737 2848//17738 2846//17739
f 2825//17740 2851//17741 2849//17742
f 2851//17743 2852//17744 2850//17745
f 2851//17746 2832//17747 2856//17748
f 2856//17749 2857//17750 2853//17751
f 2857//17752 2858//17753 2854//17754
f 2858//17755 2859//17756 2855//17757
f 2832//17758 2831//17759 2862//17760
f 2857//17761 2862//17762 2863//17763
f 2858//17764 2863//17765 2864//17766
f 2864//17767 2865//17768 2860//17769
f 2865//17770 2866//17771 2861//17772
f 2831//17773 2841//17774 2868//17775
f 2862//17776 2868//17777 2869//17778
f 2869//17779 2870//17780 2864//17781
f 2870//17782 2871//17783 2865//17784
f 2871//17785 2872//17786 2867//17787
f 2868//17788 2846//17789 2873//17790
f 2868//17791 2873//17792 2874//17793
f 2869//17794 2874//17795 2875//17796
f 2870//17797 2875//17798 2876//17799
f 2876//17800 2877//17801 2871//17802
f 2871//17803 2877//17804 2878//17805
f 2873//17806 2879//17807 2874//17808
f 2879//17809 2880//17810 2875//17811
f 2876//17812 2880//17813 2881//17814
f 2552//17815 2882//17816 2883//17817
f 2882//17818 2884//17819 2885//17820
f 2571//17821 2886//17822 2882//17823
f 2553//17824 2883//17825 2887//17826
f 2572//17827 2887//17828 2573//17829
f 2886//17830 2889//17831 2884//17832
f 2884//17833 2889//17834 2890//17835
f 2887//17836 2883//17837 2885//17838
f 2887//17839 2890//17840 2891//17841
f 2888//17842 2573//17843 2891//17844
f 2889//17845 2893//17846 2894//17847
f 2891//17848 2890//17849 2894//17850
f 2891//17851 2895//17852 2896//17853
f 2894//17854 2893//17855 2897//17856
f 2894//17857 2898//17858 2895//17859
f 2519//17860 2809//17861 2900//17862
f 2590//17863 2574//17864 2901//17865
f 2900//17866 2902//17867 2889//17868
f 2901//17869 2892//17870 2903//17871
f 2902//17872 2905//17873 2893//17874
f 2892//17875 2896//17876 2906//17877
f 2892//17878 2906//17879 2907//17880
f 2904//17881 2903//17882 2907//17883
f 2905//17884 2809//17885 2810//17886
f 2905//17887 2908//17888 2897//17889
f 2897//17890 2908//17891 2909//17892
f 2898//17893 2909//17894 2910//17895
f 2906//17896 2896//17897 2899//17898
f 2906//17899 2899//17900 2911//17901
f 2909//17902 2908//17903 2913//17904
f 2910//17905 2914//17906 2915//17907
f 2911//17908 2899//17909 2915//17910
f 2911//17911 2916//17912 2912//17913
f 2913//17914 2917//17915 2918//17916
f 2914//17917 2909//17918 2918//17919
f 2915//17920 2919//17921 2920//17922
f 2918//17923 2917//17924 2921//17925
f 2918//17926 2922//17927 2923//17928
f 2901//17929 2904//17930 2925//17931
f 2810//17932 2812//17933 2927//17934
f 2907//17935 2912//17936 2928//17937
f 2926//17938 2904//17939 2928//17940
f 2927//17941 2812//17942 2813//17943
f 2927//17944 2929//17945 2913//17946
f 2928//17947 2912//17948 2930//17949
f 2813//17950 2814//17951 2931//17952
f 2929//17953 2931//17954 2917//17955
f 2916//17956 2920//17957 2933//17958
f 2930//17959 2912//17960 2933//17961
f 2931//17962 2814//17963 2815//17964
f 2931//17965 2935//17966 2921//17967
f 2921//17968 2935//17969 2922//17970
f 2932//17971 2914//17972 2923//17973
f 2919//17974 2932//17975 2936//17976
f 2933//17977 2920//17978 2936//17979
f 2934//17980 2933//17981 2937//17982
f 2922//17983 2935//17984 2939//17985
f 2922//17986 2940//17987 2941//17988
f 2932//17989 2923//17990 2941//17991
f 2936//17992 2932//17993 2942//17994
f 2936//17995 2943//17996 2944//17997
f 2937//17998 2944//17999 2945//18000
f 2663//18001 2924//18002 2946//18003
f 2924//18004 2925//18005 2947//18006
f 2925//18007 2926//18008 2948//18009
f 2949//18010 2948//18011 2950//18012
f 2950//18013 2926//18014 2930//18015
f 2952//18016 2930//18017 2934//18018
f 2952//18019 2953//18020 2954//18021
f 2815//18022 2819//18023 2955//18024
f 2955//18025 2819//18026 2820//18027
f 2955//18028 2956//18029 2939//18030
f 2938//18031 2945//18032 2957//18033
f 2946//18034 2947//18035 2959//18036
f 2958//18037 2674//18038 2959//18039
f 2947//18040 2949//18041 2960//18042
f 2949//18043 2951//18044 2961//18045
f 2958//18046 2959//18047 2979//18048
f 2685//18049 2686//18050 2788//18051
f 2538//18052 2727//18053 2962//18054
f 2842//18055 2837//18056 2962//18057
f 2754//18058 2963//18059 2962//18060
f 2963//18061 2964//18062 2843//18063
f 2964//18064 2965//18065 2844//18066
f 2845//18067 2965//18068 2847//18069
f 2754//18070 2786//18071 2966//18072
f 2787//18073 2968//18074 2967//18075
f 2966//18076 2969//18077 2963//18078
f 2969//18079 2970//18080 2964//18081
f 2970//18082 2971//18083 2965//18084
f 2847//18085 2971//18086 2972//18087
f 2973//18088 2950//18089 2954//18090
f 2974//18091 2953//18092 2957//18093
f 2976//18094 2959//18095 2960//18096
f 3325//18097 2951//18098 2973//18099
f 2973//18100 2954//18101 2974//18102
f 2974//18103 2975//18104 2978//18105
f 2979//18106 2959//18107 2976//18108
f 2976//18109 2960//18110 2981//18111
f 2960//18112 2961//18113 2982//18114
f 2961//18115 2951//18116 2983//18117
f 2983//18118 2951//18119 3325//18120
f 3325//18121 2973//18122 2977//18123
f 2788//18124 2686//18125 2979//18126
f 2979//18127 2980//18128 2985//18129
f 2986//18130 2985//18131 2980//18132
f 3303//18133 3327//18134 2983//18135
f 3303//18136 2983//18137 3302//18138
f 2788//18139 2984//18140 2988//18141
f 2984//18142 2985//18143 2990//18144
f 2989//18145 2988//18146 2990//18147
f 2990//18148 2985//18149 2986//18150
f 2986//18151 2987//18152 2991//18153
f 2992//18154 2991//18155 2993//18156
f 2789//18157 2728//18158 2988//18159
f 2994//18160 2988//18161 2989//18162
f 2989//18163 2991//18164 2997//18165
f 2997//18166 2991//18167 2992//18168
f 2790//18169 2998//18170 2968//18171
f 2790//18172 2789//18173 2994//18174
f 2998//18175 2999//18176 2968//18177
f 2998//18178 2994//18179 2996//18180
f 2996//18181 3001//18182 3000//18183
f 2996//18184 2995//18185 2997//18186
f 2940//18187 2939//18188 3003//18189
f 2941//18190 2940//18191 3004//18192
f 2942//18193 3005//18194 2943//18195
f 3004//18196 3003//18197 3006//18198
f 2820//18199 2849//18200 3008//18201
f 2939//18202 2956//18203 3008//18204
f 3009//18205 3010//18206 3005//18207
f 2944//18208 2943//18209 3011//18210
f 2957//18211 2945//18212 3011//18213
f 3008//18214 2849//18215 2850//18216
f 3008//18217 3013//18218 3006//18219
f 3006//18220 3013//18221 3014//18222
f 3014//18223 3015//18224 3007//18225
f 3009//18226 3005//18227 3007//18228
f 3009//18229 3015//18230 3010//18231
f 3011//18232 2943//18233 3016//18234
f 3011//18235 3017//18236 3018//18237
f 3014//18238 3013//18239 3019//18240
f 3014//18241 3020//18242 3015//18243
f 3010//18244 3021//18245 3022//18246
f 3010//18247 3022//18248 3023//18249
f 3016//18250 3023//18251 3017//18252
f 3020//18253 3019//18254 3024//18255
f 3020//18256 3025//18257 3026//18258
f 3015//18259 3026//18260 3021//18261
f 2850//18262 2852//18263 3027//18264
f 3027//18265 2852//18266 2853//18267
f 3027//18268 3028//18269 3019//18270
f 3028//18271 2853//18272 2854//18273
f 3028//18274 3030//18275 3024//18276
f 3024//18277 3030//18278 3031//18279
f 3025//18280 3031//18281 3026//18282
f 3022//18283 3032//18284 3023//18285
f 3029//18286 3017//18287 3033//18288
f 3030//18289 2854//18290 2855//18291
f 3030//18292 3035//18293 3036//18294
f 3031//18295 3036//18296 3037//18297
f 3026//18298 3037//18299 3032//18300
f 3023//18301 3032//18302 3038//18303
f 3023//18304 3038//18305 3039//18306
f 3033//18307 3039//18308 3040//18309
f 3036//18310 3035//18311 3041//18312
f 3037//18313 3036//18314 3042//18315
f 3032//18316 3051//18317 3043//18318
f 3042//18319 3041//18320 3044//18321
f 2855//18322 2859//18323 3046//18324
f 3047//18325 3048//18326 3039//18327
f 3039//18328 3048//18329 3049//18330
f 3046//18331 2859//18332 2860//18333
f 3046//18334 3050//18335 3041//18336
f 3052//18337 3047//18338 3043//18339
f 3047//18340 3038//18341 3043//18342
f 3050//18343 2860//18344 2861//18345
f 3050//18346 3054//18347 3044//18348
f 3044//18349 3054//18350 3055//18351
f 3051//18352 3037//18353 3045//18354
f 3052//18355 3051//18356 3056//18357
f 3047//18358 3056//18359 3057//18360
f 3053//18361 3048//18362 3057//18363
f 3055//18364 3054//18365 3059//18366
f 3055//18367 3060//18368 3061//18369
f 3051//18370 3045//18371 3061//18372
f 3056//18373 3051//18374 3062//18375
f 2861//18376 2866//18377 3063//18378
f 3064//18379 3065//18380 3057//18381
f 3057//18382 3065//18383 3066//18384
f 3063//18385 2866//18386 2867//18387
f 3063//18388 3067//18389 3059//18390
f 3059//18391 3067//18392 3068//18393
f 3060//18394 3068//18395 3069//18396
f 3061//18397 3069//18398 3070//18399
f 3070//18400 3071//18401 3062//18402
f 3064//18403 3056//18404 3062//18405
f 3064//18406 3071//18407 3065//18408
f 2867//18409 2872//18410 3073//18411
f 3071//18412 3074//18413 3065//18414
f 3075//18415 3076//18416 2878//18417
f 2878//18418 3076//18419 3073//18420
f 2972//18421 3078//18422 2848//18423
f 3078//18424 3079//18425 2879//18426
f 3079//18427 3080//18428 2879//18429
f 3080//18430 3081//18431 2880//18432
f 3081//18433 3082//18434 2880//18435
f 3082//18436 3083//18437 2881//18438
f 2881//18439 3083//18440 3075//18441
f 3075//18442 3083//18443 3084//18444
f 2975//18445 2957//18446 3012//18447
f 3012//18448 3018//18449 3085//18450
f 2975//18451 3012//18452 3086//18453
f 3328//18454 2978//18455 3086//18456
f 3086//18457 3012//18458 3085//18459
f 3086//18460 3085//18461 3087//18462
f 3018//18463 3029//18464 3088//18465
f 3087//18466 3085//18467 3088//18468
f 3088//18469 3029//18470 3034//18471
f 3088//18472 3089//18473 3090//18474
f 3034//18475 3040//18476 3089//18477
f 3049//18478 3092//18479 3089//18480
f 3297//18481 3329//18482 3092//18483
f 3049//18484 3053//18485 3093//18486
f 3053//18487 3058//18488 3094//18489
f 3095//18490 3311//18491 3315//18492
f 3066//18493 3096//18494 3094//18495
f 3095//18496 3093//18497 3094//18498
f 3066//18499 3072//18500 3097//18501
f 3077//18502 3321//18503 3331//18504
f 3068//18505 3067//18506 3098//18507
f 3069//18508 3068//18509 3099//18510
f 3070//18511 3100//18512 3101//18513
f 3073//18514 3102//18515 3098//18516
f 3098//18517 3102//18518 3103//18519
f 3099//18520 3103//18521 3104//18522
f 3104//18523 3105//18524 3100//18525
f 3105//18526 3106//18527 3101//18528
f 3106//18529 3107//18530 3101//18531
f 3071//18532 3107//18533 3074//18534
f 3104//18535 3103//18536 3108//18537
f 3105//18538 3104//18539 3109//18540
f 3105//18541 3110//18542 3111//18543
f 3073//18544 3076//18545 3112//18546
f 3102//18547 3112//18548 3113//18549
f 3114//18550 3115//18551 3107//18552
f 3107//18553 3115//18554 3116//18555
f 3116//18556 3117//18557 3074//18558
f 3077//18559 3072//18560 3074//18561
f 3113//18562 3118//18563 3108//18564
f 3108//18565 3118//18566 3119//18567
f 3119//18568 3120//18569 3110//18570
f 3120//18571 3121//18572 3111//18573
f 3114//18574 3106//18575 3111//18576
f 3114//18577 3121//18578 3122//18579
f 3084//18580 3123//18581 3112//18582
f 3123//18583 3124//18584 3113//18585
f 3128//18586 3129//18587 3116//18588
f 3116//18589 3129//18590 3130//18591
f 3113//18592 3124//18593 3131//18594
f 3125//18595 3132//18596 3131//18597
f 3131//18598 3132//18599 3119//18600
f 3125//18601 3126//18602 3133//18603
f 3132//18604 3133//18605 3120//18606
f 3127//18607 3121//18608 3133//18609
f 3127//18610 3128//18611 3122//18612
f 3077//18613 3117//18614 3134//18615
f 3077//18616 3134//18617 3135//18618
f 3130//18619 3136//18620 3134//18621
f 3136//18622 3137//18623 3135//18624
f 2786//18625 2803//18626 3138//18627
f 2803//18628 2804//18629 3139//18630
f 2805//18631 3140//18632 3139//18633
f 2806//18634 3141//18635 3140//18636
f 2806//18637 2807//18638 3142//18639
f 2807//18640 2802//18641 3143//18642
f 2808//18643 2784//18644 2967//18645
f 2967//18646 2968//18647 3144//18648
f 2966//18649 3138//18650 3145//18651
f 3138//18652 3139//18653 3146//18654
f 3140//18655 3147//18656 3146//18657
f 3141//18658 3148//18659 3147//18660
f 3142//18661 3149//18662 3148//18663
f 3142//18664 3143//18665 3150//18666
f 3143//18667 2808//18668 3151//18669
f 3146//18670 3152//18671 3145//18672
f 3147//18673 3153//18674 3152//18675
f 3148//18676 3154//18677 3153//18678
f 3149//18679 3155//18680 3154//18681
f 3149//18682 3150//18683 3156//18684
f 3150//18685 3151//18686 3157//18687
f 3151//18688 3144//18689 3158//18690
f 2970//18691 3145//18692 3159//18693
f 3152//18694 3160//18695 3159//18696
f 3153//18697 3161//18698 3160//18699
f 3154//18700 3162//18701 3161//18702
f 3154//18703 3155//18704 3163//18705
f 3155//18706 3156//18707 3164//18708
f 3157//18709 3165//18710 3164//18711
f 3158//18712 3166//18713 3165//18714
f 3160//18715 3167//18716 3159//18717
f 3161//18718 3168//18719 3167//18720
f 3162//18721 3169//18722 3168//18723
f 3162//18724 3163//18725 3170//18726
f 3168//18727 3171//18728 3167//18729
f 3169//18730 3172//18731 3171//18732
f 2971//18733 3159//18734 3173//18735
f 3167//18736 3174//18737 3173//18738
f 3171//18739 3175//18740 3174//18741
f 3171//18742 3172//18743 3176//18744
f 3173//18745 3177//18746 2972//18747
f 3175//18748 3178//18749 3174//18750
f 3175//18751 3176//18752 3179//18753
f 3180//18754 3163//18755 3164//18756
f 3181//18757 3164//18758 3165//18759
f 3165//18760 3166//18761 3182//18762
f 3180//18763 3183//18764 3170//18765
f 3181//18766 3184//18767 3180//18768
f 3183//18769 3185//18770 3169//18771
f 3183//18772 3180//18773 3186//18774
f 3184//18775 3187//18776 3186//18777
f 3184//18778 3182//18779 3188//18780
f 3172//18781 3189//18782 3176//18783
f 3186//18784 3190//18785 3185//18786
f 3188//18787 3191//18788 3187//18789
f 3176//18790 3189//18791 3192//18792
f 3190//18793 3193//18794 3189//18795
f 3187//18796 3194//18797 3193//18798
f 2968//18799 2999//18800 3195//18801
f 3195//18802 2999//18803 3000//18804
f 3000//18805 3001//18806 3196//18807
f 3158//18808 3195//18809 3197//18810
f 3196//18811 3001//18812 3002//18813
f 3002//18814 3319//18815 3333//18816
f 3197//18817 3198//18818 3166//18819
f 3197//18820 3196//18821 3199//18822
f 3166//18823 3198//18824 3200//18825
f 3188//18826 3200//18827 3202//18828
f 3191//18829 3202//18830 3203//18831
f 3202//18832 3317//18833 3335//18834
f 3174//18835 3204//18836 3177//18837
f 3178//18838 3205//18839 3204//18840
f 3177//18841 3206//18842 3078//18843
f 3204//18844 3207//18845 3206//18846
f 3204//18847 3205//18848 3208//18849
f 3206//18850 3209//18851 3079//18852
f 3207//18853 3210//18854 3209//18855
f 3209//18856 3211//18857 3080//18858
f 3210//18859 3212//18860 3211//18861
f 3210//18862 3208//18863 3213//18864
f 3211//18865 3214//18866 3081//18867
f 3211//18868 3212//18869 3215//18870
f 3214//18871 3216//18872 3082//18873
f 3215//18874 3217//18875 3216//18876
f 3082//18877 3216//18878 3218//18879
f 3217//18880 3219//18881 3218//18882
f 3218//18883 3226//18884 3084//18885
f 3218//18886 3219//18887 3227//18888
f 3220//18889 3228//18890 3227//18891
f 3221//18892 3229//18893 3228//18894
f 3222//18895 3230//18896 3229//18897
f 3222//18898 3223//18899 3231//18900
f 3223//18901 3224//18902 3231//18903
f 3224//18904 3225//18905 3232//18906
f 3233//18907 3205//18908 3179//18909
f 3192//18910 3189//18911 3234//18912
f 3193//18913 3235//18914 3234//18915
f 3194//18916 3236//18917 3235//18918
f 3191//18919 3237//18920 3236//18921
f 3233//18922 3238//18923 3208//18924
f 3233//18925 3192//18926 3239//18927
f 3234//18928 3240//18929 3239//18930
f 3235//18931 3241//18932 3240//18933
f 3236//18934 3242//18935 3241//18936
f 3237//18937 3243//18938 3242//18939
f 3238//18940 3239//18941 3240//18942
f 3241//18943 3245//18944 3244//18945
f 3242//18946 3246//18947 3245//18948
f 3247//18949 3212//18950 3213//18951
f 3238//18952 3248//18953 3213//18954
f 3238//18955 3240//18956 3244//18957
f 3245//18958 3250//18959 3249//18960
f 3245//18961 3246//18962 3251//18963
f 3247//18964 3253//18965 3215//18966
f 3247//18967 3248//18968 3254//18969
f 3244//18970 3255//18971 3254//18972
f 3244//18973 3249//18974 3255//18975
f 3250//18976 3251//18977 3256//18978
f 3251//18979 3252//18980 3257//18981
f 3253//18982 3254//18983 3258//18984
f 3254//18985 3255//18986 3259//18987
f 3255//18988 3249//18989 3260//18990
f 3249//18991 3256//18992 3260//18993
f 3256//18994 3257//18995 3261//18996
f 3217//18997 3253//18998 3262//18999
f 3258//19000 3259//19001 3262//19002
f 3262//19003 3259//19004 3220//19005
f 3220//19006 3259//19007 3263//19008
f 3259//19009 3255//19010 3263//19011
f 3255//19012 3260//19013 3223//19014
f 3260//19015 3261//19016 3225//19017
f 3264//19018 3266//19019 3232//19020
f 3203//19021 3267//19022 3237//19023
f 3267//19024 3268//19025 3243//19026
f 3243//19027 3268//19028 3269//19029
f 3246//19030 3269//19031 3271//19032
f 3269//19033 3270//19034 3272//19035
f 3252//19036 3271//19037 3273//19038
f 3225//19039 3261//19040 3264//19041
f 3261//19042 3318//19043 3337//19044
f 3084//19045 3226//19046 3274//19047
f 3227//19048 3275//19049 3274//19050
f 3274//19051 3275//19052 3124//19053
f 3227//19054 3228//19055 3276//19056
f 3275//19057 3276//19058 3125//19059
f 3229//19060 3277//19061 3276//19062
f 3276//19063 3277//19064 3126//19065
f 3229//19066 3230//19067 3278//19068
f 3126//19069 3277//19070 3278//19071
f 3230//19072 3231//19073 3279//19074
f 3127//19075 3278//19076 3279//19077
f 3279//19078 3280//19079 3129//19080
f 3232//19081 3281//19082 3280//19083
f 3280//19084 3281//19085 3130//19086
f 3266//19087 3282//19088 3281//19089
f 3281//19090 3282//19091 3136//19092
f 3136//19093 3282//19094 3283//19095
f 3338//19096 3312//19097 3137//19098
f 3291//19099 3325//19100 2977//19101
f 3266//19102 3305//19103 3310//19104
f 3324//19105 3301//19106 3273//19107
f 2993//19108 3295//19109 2992//19110
f 3268//19111 3309//19112 3313//19113
f 3290//19114 3309//19115 3268//19116
f 3296//19117 3328//19118 3086//19119
f 3286//19120 3314//19121 3088//19122
f 3090//19123 3293//19124 3088//19125
f 3203//19126 3300//19127 3306//19128
f 3288//19129 3305//19130 3266//19131
f 3201//19132 3308//19133 3317//19134
f 3198//19135 3294//19136 3299//19137
f 3096//19138 3316//19139 3095//19140
f 3323//19141 3294//19142 3198//19143
f 3298//19144 3096//19145 3097//19146
f 3135//19147 3287//19148 3077//19149
f 3135//19150 3137//19151 3332//19152
f 3292//19153 3319//19154 3002//19155
f 3196//19156 3307//19157 3199//19158
f 3326//19159 3291//19160 2977//19161
f 3325//19162 3302//19163 2983//19164
f 3307//19165 3334//19166 3199//19167
f 3137//19168 3312//19169 3332//19170
f 3272//19171 3270//19172 3336//19173
f 3287//19174 3321//19175 3077//19176
f 3261//19177 3273//19178 3301//19179
f 3310//19180 3338//19181 3283//19182
f 3316//19183 3311//19184 3095//19185
f 3328//19186 3326//19187 2977//19188
f 3293//19189 3286//19190 3088//19191
f 3314//19192 3087//19193 3088//19194
f 3087//19195 3296//19196 3086//19197
f 2987//19198 3284//19199 2993//19200
f 2997//19201 3285//19202 3292//19203
f 3285//19204 2997//19205 2992//19206
f 3315//19207 3092//19208 3093//19209
f 3329//19210 3091//19211 3092//19212
f 3327//19213 2982//19214 2983//19215
f 3284//19216 2981//19217 2982//19218
f 3298//19219 3304//19220 3096//19221
f 3330//19222 3298//19223 3097//19224
f 3203//19225 3202//19226 3335//19227
f 3332//19228 3287//19229 3135//19230
f 3307//19231 3196//19232 3002//19233
f 3334//19234 3322//19235 3199//19236
f 3199//19237 3323//19238 3198//19239
f 3201//19240 3198//19241 3299//19242
f 3202//19243 3201//19244 3317//19245
f 3097//19246 3077//19247 3331//19248
f 3265//19249 3288//19250 3266//19251
f 3093//19252 3095//19253 3315//19254
f 3289//19255 3203//19256 3306//19257
f 3289//19258 3290//19259 3268//19260
f 3320//19261 3090//19262 3091//19263
f 3270//19264 3268//19265 3313//19266
f 3272//19267 3324//19268 3273//19269
f 3301//19270 3318//19271 3261//19272
f 2987//19273 2981//19274 3284//19275
f 3261//19276 3337//19277 3265//19278
f 3283//19279 3266//19280 3310//19281
f 3283//19282 3338//19283 3137//19284
f 790//19285 2493//19286 824//19287
f 787//19288 2495//19289 826//19290
f 810//19291 2480//19292 811//19293
f 811//19294 2496//19295 827//19296
f 828//19297 2496//19298 2497//19299
f 813//19300 2486//19301 817//19302
f 795//19303 2463//19304 794//19305
f 831//19306 2457//19307 2500//19308
f 804//19309 2487//19310 2473//19311
f 818//19312 2488//19313 2487//19314
f 803//19315 2488//19316 819//19317
f 834//19318 2466//19319 2503//19320
f 823//19321 2504//19322 2492//19323
f 808//19324 2504//19325 835//19326
f 836//19327 2483//19328 2505//19329
f 820//19330 2508//19331 839//19332
f 810//19333 2493//19334 2479//19335
f 792//19336 2460//19337 2461//19338
f 826//19339 2455//19340 786//19341
f 828//19342 2490//19343 821//19344
f 830//19345 2485//19346 816//19347
f 831//19348 2465//19349 796//19350
f 800//19351 2501//19352 2469//19353
f 833//19354 2477//19355 808//19356
f 833//19357 2503//19358 2502//19359
f 798//19360 2505//19361 2467//19362
f 837//19363 2483//19364 814//19365
f 838//19366 2506//19367 837//19368
f 805//19369 2508//19370 2474//19371
f 809//19372 2510//19373 2478//19374
f 798//19375 2510//19376 841//19377
f 790//19378 2455//19379 2459//19380
f 825//19381 2460//19382 791//19383
f 792//19384 2471//19385 802//19386
f 787//19387 2471//19388 2456//19389
f 793//19390 2481//19391 2462//19392
f 813//19393 2462//19394 2482//19395
f 822//19396 2188//19397 519//19398
f 842//19399 2484//19400 2511//19401
f 797//19402 2470//19403 2466//19404
f 840//19405 2478//19406 2509//19407
f 820//19408 2509//19409 2489//19410
f 806//19411 2476//19412 807//19413
f 803//19414 2474//19415 2472//19416
f 800//19417 2458//19418 789//19419
f 829//19420 2463//19421 2498//19422
f 825//19423 2485//19424 2494//19425
f 807//19426 2484//19427 815//19428
f 804//19429 2501//19430 832//19431
f 799//19432 2458//19433 2468//19434
f 842//19435 2470//19436 801//19437
f 799//19438 2457//19439 788//19440
f 822//19441 2486//19442 2491//19443
f 812//19444 2185//19445 2481//19446
f 821//19447 2185//19448 516//19449
f 829//19450 2499//19451 830//19452
f 594//19453 2464//19454 795//19455
f 594//19456 2465//19457 2263//19458
f 806//19459 2188//19460 2475//19461
f 823//19462 2507//19463 838//19464
f 1615//19465 3327//19466 1658//19467
f 1615//19468 3295//19469 3284//19470
f 1651//19471 3329//19472 1660//19473
f 1646//19474 3297//19475 3315//19476
f 1635//19477 3316//19478 3304//19479
f 1661//19480 3331//19481 1662//19482
f 1664//19483 3307//19484 3333//19485
f 1653//19486 3323//19487 3322//19488
f 1630//19489 3308//19490 3299//19491
f 1631//19492 3335//19493 1666//19494
f 1655//19495 3336//19496 1667//19497
f 1634//19498 3327//19499 3303//19500
f 1634//19501 3302//19502 1633//19503
f 1660//19504 3297//19505 1628//19506
f 1642//19507 3315//19508 3311//19509
f 1662//19510 3321//19511 1652//19512
f 1650//19513 3333//19514 3319//19515
f 1648//19516 3335//19517 3317//19518
f 1649//19519 3337//19520 3318//19521
f 1669//19522 3312//19523 3338//19524
f 1656//19525 3291//19526 1622//19527
f 1641//19528 3305//19529 1636//19530
f 1632//19531 3324//19532 1655//19533
f 1323//19534 3295//19535 1626//19536
f 1644//19537 3309//19538 1640//19539
f 1621//19540 3309//19541 3290//19542
f 1659//19543 3296//19544 1627//19545
f 1645//19546 3286//19547 1617//19548
f 1624//19549 3090//19550 1421//19551
f 1631//19552 3306//19553 3300//19554
f 1619//19555 3305//19556 3288//19557
f 1648//19558 3308//19559 1639//19560
f 1630//19561 3294//19562 1625//19563
f 1654//19564 3294//19565 3323//19566
f 1650//19567 3292//19568 1623//19569
f 1657//19570 3291//19571 3326//19572
f 1633//19573 3325//19574 1656//19575
f 1665//19576 3307//19577 1638//19578
f 1663//19579 3312//19580 1643//19581
f 1667//19582 3270//19583 1601//19584
f 1652//19585 3287//19586 1618//19587
f 1641//19588 3338//19589 3310//19590
f 1647//19591 3311//19592 3316//19593
f 1657//19594 3328//19595 1659//19596
f 1624//19597 3286//19598 3293//19599
f 1418//19600 3314//19601 1645//19602
f 1627//19603 3087//19604 1418//19605
f 1616//19606 3292//19607 3285//19608
f 1323//19609 3285//19610 2992//19611
f 1629//19612 3304//19613 3298//19614
f 1661//19615 3298//19616 3330//19617
f 1663//19618 3287//19619 3332//19620
f 1665//19621 3322//19622 3334//19623
f 1619//19624 3265//19625 1596//19626
f 1637//19627 3289//19628 3306//19629
f 1621//19630 3289//19631 1620//19632
f 1651//19633 3090//19634 3320//19635
f 1644//19636 3270//19637 3313//19638
f 1649//19639 3301//19640 1632//19641
f 1668//19642 3265//19643 3337//19644
f 790//19645 2459//19646 2493//19647
f 787//19648 2456//19649 2495//19650
f 810//19651 2479//19652 2480//19653
f 811//19654 2480//19655 2496//19656
f 828//19657 827//19658 2496//19659
f 813//19660 2482//19661 2486//19662
f 795//19663 2464//19664 2463//19665
f 831//19666 788//19667 2457//19668
f 804//19669 818//19670 2487//19671
f 818//19672 819//19673 2488//19674
f 803//19675 2472//19676 2488//19677
f 834//19678 797//19679 2466//19680
f 823//19681 835//19682 2504//19683
f 808//19684 2477//19685 2504//19686
f 836//19687 814//19688 2483//19689
f 820//19690 2489//19691 2508//19692
f 810//19693 824//19694 2493//19695
f 792//19696 791//19697 2460//19698
f 826//19699 2495//19700 2455//19701
f 828//19702 2497//19703 2490//19704
f 830//19705 2499//19706 2485//19707
f 831//19708 2500//19709 2465//19710
f 800//19711 832//19712 2501//19713
f 833//19714 2502//19715 2477//19716
f 833//19717 834//19718 2503//19719
f 798//19720 836//19721 2505//19722
f 837//19723 2506//19724 2483//19725
f 838//19726 2507//19727 2506//19728
f 805//19729 839//19730 2508//19731
f 809//19732 841//19733 2510//19734
f 798//19735 2467//19736 2510//19737
f 790//19738 786//19739 2455//19740
f 825//19741 2494//19742 2460//19743
f 792//19744 2461//19745 2471//19746
f 787//19747 802//19748 2471//19749
f 793//19750 812//19751 2481//19752
f 813//19753 793//19754 2462//19755
f 822//19756 2491//19757 2188//19758
f 842//19759 815//19760 2484//19761
f 797//19762 801//19763 2470//19764
f 840//19765 809//19766 2478//19767
f 820//19768 840//19769 2509//19770
f 806//19771 2475//19772 2476//19773
f 803//19774 805//19775 2474//19776
f 800//19777 2469//19778 2458//19779
f 829//19780 794//19781 2463//19782
f 825//19783 816//19784 2485//19785
f 807//19786 2476//19787 2484//19788
f 804//19789 2473//19790 2501//19791
f 799//19792 789//19793 2458//19794
f 842//19795 2511//19796 2470//19797
f 799//19798 2468//19799 2457//19800
f 822//19801 817//19802 2486//19803
f 812//19804 516//19805 2185//19806
f 821//19807 2490//19808 2185//19809
f 829//19810 2498//19811 2499//19812
f 594//19813 2263//19814 2464//19815
f 594//19816 796//19817 2465//19818
f 806//19819 519//19820 2188//19821
f 823//19822 2492//19823 2507//19824
f 1615//19825 3284//19826 3327//19827
f 1615//19828 1626//19829 3295//19830
f 1651//19831 3320//19832 3329//19833
f 1646//19834 1628//19835 3297//19836
f 1635//19837 1647//19838 3316//19839
f 1661//19840 3330//19841 3331//19842
f 1664//19843 1638//19844 3307//19845
f 1653//19846 1654//19847 3323//19848
f 1630//19849 1639//19850 3308//19851
f 1631//19852 3300//19853 3335//19854
f 1655//19855 3324//19856 3336//19857
f 1634//19858 1658//19859 3327//19860
f 1634//19861 3303//19862 3302//19863
f 1660//19864 3329//19865 3297//19866
f 1642//19867 1646//19868 3315//19869
f 1662//19870 3331//19871 3321//19872
f 1650//19873 1664//19874 3333//19875
f 1648//19876 1666//19877 3335//19878
f 1649//19879 1668//19880 3337//19881
f 1669//19882 1643//19883 3312//19884
f 1656//19885 3325//19886 3291//19887
f 1641//19888 3310//19889 3305//19890
f 1632//19891 3301//19892 3324//19893
f 1323//19894 2992//19895 3295//19896
f 1644//19897 3313//19898 3309//19899
f 1621//19900 1640//19901 3309//19902
f 1659//19903 3328//19904 3296//19905
f 1645//19906 3314//19907 3286//19908
f 1624//19909 3293//19910 3090//19911
f 1631//19912 1637//19913 3306//19914
f 1619//19915 1636//19916 3305//19917
f 1648//19918 3317//19919 3308//19920
f 1630//19921 3299//19922 3294//19923
f 1654//19924 1625//19925 3294//19926
f 1650//19927 3319//19928 3292//19929
f 1657//19930 1622//19931 3291//19932
f 1633//19933 3302//19934 3325//19935
f 1665//19936 3334//19937 3307//19938
f 1663//19939 3332//19940 3312//19941
f 1667//19942 3336//19943 3270//19944
f 1652//19945 3321//19946 3287//19947
f 1641//19948 1669//19949 3338//19950
f 1647//19951 1642//19952 3311//19953
f 1657//19954 3326//19955 3328//19956
f 1624//19957 1617//19958 3286//19959
f 1418//19960 3087//19961 3314//19962
f 1627//19963 3296//19964 3087//19965
f 1616//19966 1623//19967 3292//19968
f 1323//19969 1616//19970 3285//19971
f 1629//19972 1635//19973 3304//19974
f 1661//19975 1629//19976 3298//19977
f 1663//19978 1618//19979 3287//19980
f 1665//19981 1653//19982 3322//19983
f 1619//19984 3288//19985 3265//19986
f 1637//19987 1620//19988 3289//19989
f 1621//19990 3290//19991 3289//19992
f 1651//19993 1421//19994 3090//19995
f 1644//19996 1601//19997 3270//19998
f 1649//19999 3318//20000 3301//20001
f 1668//20002 1596//20003 3265//20004
