mtllib grass_03_00_b1.mtl
usemtl grass_03_00_b1
# Blender 5.1.1
# www.blender.org
o grass_03_00_b1
v -15.577039 4.562613 0.993219
v -15.570095 4.547458 1.152771
v -15.625884 4.669217 1.112497
v -15.644869 4.710653 0.993219
v -15.725568 4.567422 0.993219
v -15.572274 4.637659 0.993219
v -15.520537 4.661364 1.133395
v -15.699777 4.579239 1.123242
v -14.791163 4.571061 1.152848
v -14.828316 4.714059 1.152848
v -14.834589 4.738202 1.249841
v -14.784771 4.546456 1.268502
v -14.732955 4.664948 1.152775
v -14.906199 4.619937 1.152775
v -14.841496 4.636748 1.289247
v -14.720448 4.668197 1.247791
v -15.486547 5.222819 1.326465
v -15.425447 5.223058 1.227719
v -15.228573 5.223828 1.227719
v -15.154406 5.224118 1.326465
v -15.301516 5.133670 1.227682
v -15.302241 5.319481 1.227682
v -15.302537 5.395090 1.330763
v -15.301444 5.115447 1.337523
v -0.619430 3.497261 1.227350
v -0.551040 3.348621 1.227350
v -0.542808 3.330729 1.333898
v -0.640908 3.543941 1.330833
v -0.681355 3.402365 1.227350
v -0.520070 3.476574 1.227350
v -0.514663 3.479062 1.317533
v -0.678993 3.403452 1.330991
v 13.621164 6.460448 1.099929
v 13.597777 6.462548 1.229527
v 13.785681 6.445675 1.196814
v 13.849626 6.439932 1.099929
v 13.730859 6.638736 1.099929
v 13.709615 6.402167 1.099929
v 13.702445 6.322326 1.213789
v 13.727284 6.598935 1.205542
v 13.702031 -9.484127 -2.022334
v 13.692317 -9.503921 -1.917288
v 13.770360 -9.344890 -1.943803
v 13.796919 -9.290770 -2.022334
v 13.582674 -9.327956 -2.022334
v 13.782892 -9.426211 -2.022334
v 13.850466 -9.459373 -1.930044
v 13.616360 -9.344487 -1.936729
v 13.298775 -14.480824 -2.893393
v 13.531600 -14.514542 -2.893393
v 13.559626 -14.518600 -2.803770
v 13.225658 -14.470236 -2.806348
v 13.364848 -14.629748 -2.893393
v 13.401434 -14.377116 -2.893393
v 13.402660 -14.368648 -2.817535
v 13.365384 -14.626048 -2.806215
v 11.527418 -15.106009 -2.876844
v 11.576775 -15.322445 -2.876844
v 11.582715 -15.348497 -2.783855
v 11.511918 -15.038038 -2.786529
v 11.418730 -15.214742 -2.876844
v 11.653580 -15.161186 -2.876844
v 11.661452 -15.159390 -2.798137
v 11.422170 -15.213957 -2.786392
v 3.905658 14.146754 3.121927
v 3.936698 14.207068 3.033509
v 4.036716 14.401416 3.033509
v 4.074396 14.474631 3.121927
v 4.088199 14.283406 3.033476
v 3.904773 14.377804 3.033476
v 3.830134 14.416216 3.125775
v 4.106188 14.274148 3.131828
v -9.107258 -10.624208 -1.039413
v -8.999578 -10.465868 -1.039413
v -9.015803 -10.489726 -0.834017
v -9.153162 -10.691709 -0.897189
v -9.146096 -10.529977 -1.039413
v -9.179247 -10.507432 -0.880710
v -9.012350 -10.620931 -0.830376
v -9.011110 -10.621774 -1.039413
v 13.225502 1.756574 0.215265
v 13.255310 1.811333 0.108618
v 13.351356 1.987776 0.108618
v 13.387539 2.054246 0.215265
v 13.396144 1.878245 0.108578
v 13.229616 1.968893 0.108578
v 13.161854 2.005780 0.219907
v 13.412476 1.869354 0.227209
v 6.397011 3.951183 0.916514
v 6.617350 3.921458 0.916514
v 6.643872 3.917881 1.052489
v 6.327816 3.960517 1.048579
v 6.460822 3.811051 0.916514
v 6.493075 4.050134 0.916514
v 6.494156 4.058149 1.031605
v 6.461294 3.814552 1.048779
v -10.148682 -9.980617 -0.891246
v -10.161580 -10.036991 -1.030987
v -10.203140 -10.218642 -1.030987
v -10.218797 -10.287075 -0.891246
v -10.270590 -10.132045 -1.031040
v -10.099147 -10.171269 -1.031040
v -10.029384 -10.187230 -0.885164
v -10.287404 -10.128198 -0.875597
v -16.058498 4.866426 0.965172
v -16.080359 4.871738 1.247083
v -15.904722 4.829066 1.175923
v -15.844951 4.814544 0.965172
v -15.929247 5.019772 0.965172
v -15.982970 4.798646 0.965172
v -16.001102 4.724017 1.212849
v -15.938285 4.982568 1.194909
v 3.789109 9.057613 2.205083
v 3.787287 9.122327 2.087195
v 3.781413 9.330849 2.087195
v 3.779201 9.409405 2.205083
v 3.878788 9.255900 2.087151
v 3.681984 9.250358 2.087151
v 3.601902 9.248102 2.210214
v 3.898089 9.256444 2.218285
v 11.252700 14.428627 2.945789
v 11.274896 14.581212 2.945789
v 11.276731 14.593822 3.020694
v 11.250319 14.412267 3.064405
v 11.328855 14.488383 2.945837
v 11.183767 14.509489 2.945837
v 11.221674 14.503975 3.030345
v 11.351492 14.485090 3.042381
v -11.145587 -1.801905 0.355133
v -11.091294 -1.825734 0.198121
v -10.916348 -1.902517 0.198121
v -10.850442 -1.931443 0.355133
v -11.016528 -1.953793 0.198062
v -10.944060 -1.788678 0.198062
v -10.914573 -1.721491 0.361967
v -11.023635 -1.969986 0.372717
v 13.453982 0.670601 -0.198398
v 13.536120 0.460088 -0.198398
v 13.546007 0.434749 -0.079592
v 13.428187 0.736710 -0.083009
v 13.360853 0.544834 -0.198398
v 13.589274 0.633959 -0.198398
v 13.596932 0.636947 -0.097840
v 13.364199 0.546139 -0.082834
v -7.120303 -8.629720 -0.631504
v -7.317078 -8.648850 -0.631504
v -7.287427 -8.645968 -0.541167
v -7.036419 -8.621564 -0.568951
v -7.169430 -8.722779 -0.631504
v -7.165425 -8.763976 -0.561703
v -7.185589 -8.556569 -0.539565
v -7.185739 -8.555029 -0.631504
v -12.986271 -10.491949 -1.238419
v -12.885277 -10.689720 -1.238419
v -12.873120 -10.713526 -1.134079
v -13.017987 -10.429841 -1.137080
v -13.064978 -10.624073 -1.238419
v -12.850383 -10.514486 -1.238419
v -12.843188 -10.510813 -1.150105
v -13.061835 -10.622468 -1.136926
v 8.018471 9.396914 1.972933
v 8.015138 9.585016 1.972933
v 8.015639 9.556673 2.068281
v 8.019891 9.316726 2.038955
v 7.933891 9.450522 1.972933
v 7.894510 9.449824 2.046605
v 8.092777 9.453338 2.069971
v 8.094250 9.453363 1.972933
v -12.006536 -9.537546 -1.038059
v -12.189868 -9.560904 -1.038059
v -12.211936 -9.563716 -0.925206
v -11.948963 -9.530210 -0.928452
v -12.087823 -9.438681 -1.038059
v -12.062478 -9.637609 -1.038059
v -12.061628 -9.644277 -0.942539
v -12.087451 -9.441594 -0.928285
v -9.573112 -8.870094 -0.825925
v -9.482592 -9.154768 -0.825925
v -9.461128 -9.222265 -0.736623
v -9.549914 -8.943048 -0.736623
v -9.629457 -9.101888 -0.825964
v -9.368960 -9.019053 -0.825964
v -9.352264 -9.013744 -0.727161
v -9.585185 -9.087810 -0.736065
v -12.818790 -3.409081 -0.152712
v -12.801013 -3.414335 -0.030504
v -12.943837 -3.372128 -0.061352
v -12.992442 -3.357765 -0.152712
v -12.931351 -3.530066 -0.152712
v -12.878213 -3.350251 -0.152712
v -12.860279 -3.289564 -0.045344
v -12.922410 -3.499813 -0.053121
v -15.194331 -6.257169 -0.724213
v -15.393814 -6.306778 -0.724213
v -15.363756 -6.299303 -0.557025
v -15.109293 -6.236021 -0.608446
v -15.230705 -6.360358 -0.724213
v -15.220319 -6.402122 -0.595032
v -15.272609 -6.191861 -0.554061
v -15.272998 -6.190299 -0.724213
v -13.049356 -7.948740 -0.859014
v -13.035746 -7.937393 -0.731260
v -13.145090 -8.028557 -0.763508
v -13.182302 -8.059581 -0.859014
v -13.012888 -8.102433 -0.859014
v -13.127663 -7.964769 -0.859014
v -13.166398 -7.918308 -0.746774
v -13.032198 -8.079272 -0.754904
v -5.685667 -14.360298 -1.469362
v -5.668782 -14.156442 -1.469362
v -5.666203 -14.125299 -1.390441
v -5.686110 -14.365658 -1.374290
v -5.609603 -14.249628 -1.469374
v -5.798947 -14.233946 -1.469374
v -5.798947 -14.233946 -1.388534
v -5.600297 -14.250400 -1.373079
v -7.357324 -5.145719 -0.087625
v -7.512861 -5.093310 -0.087625
v -7.531583 -5.087002 0.044323
v -7.308479 -5.162177 0.040528
v -7.383945 -5.035213 -0.087625
v -7.440812 -5.203982 -0.087625
v -7.442718 -5.209640 0.024057
v -7.384778 -5.037684 0.040723
v -12.779326 -2.524189 -0.023846
v -13.001154 -2.554741 -0.023846
v -13.019485 -2.557266 0.056083
v -12.755542 -2.520914 0.102726
v -12.893398 -2.442034 -0.023795
v -12.864348 -2.652961 -0.023795
v -12.871939 -2.597853 0.066381
v -12.897931 -2.409125 0.079225
v 5.079366 -10.414903 -1.433671
v 5.053696 -10.459440 -1.514142
v 4.970982 -10.602948 -1.514142
v 4.939821 -10.657011 -1.433671
v 4.936265 -10.511765 -1.514172
v 5.071708 -10.589830 -1.514172
v 5.126822 -10.621596 -1.430169
v 4.922981 -10.504108 -1.424659
v -3.248216 -7.646049 -0.506964
v -3.395771 -7.776357 -0.506964
v -3.413532 -7.792042 -0.401412
v -3.201878 -7.605126 -0.404448
v -3.379011 -7.607588 -0.506964
v -3.237617 -7.767696 -0.506964
v -3.232877 -7.773063 -0.417624
v -3.376940 -7.609933 -0.404292
v 11.699323 14.236534 2.902347
v 11.694213 14.432085 2.902347
v 11.693350 14.465099 2.981865
v 11.700202 14.202888 2.997164
v 11.802501 14.340198 2.902287
v 11.565591 14.334007 2.902287
v 11.654072 14.336319 3.014171
v 11.819604 14.340645 2.980184
v 8.115114 1.985680 0.416306
v 8.315256 1.921179 0.416306
v 8.339348 1.913414 0.540539
v 8.052260 2.005936 0.536966
v 8.151091 1.844566 0.416306
v 8.221079 2.061735 0.416306
v 8.223425 2.069016 0.521458
v 8.152116 1.847746 0.537150
v 4.100737 13.289339 2.854294
v 4.124630 13.508909 2.854294
v 4.121030 13.475824 3.018496
v 4.090552 13.195738 2.967994
v 4.010147 13.364264 2.854294
v 3.964177 13.369267 2.981168
v 4.195611 13.344083 3.021407
v 4.197330 13.343896 2.854294
v -2.245515 -13.940818 -1.640940
v -2.258485 -13.924930 -1.537337
v -2.154282 -14.052580 -1.563488
v -2.118820 -14.096021 -1.640940
v -2.067190 -13.900454 -1.640940
v -2.227900 -14.031644 -1.640940
v -2.282139 -14.075920 -1.549918
v -2.094229 -13.922525 -1.556511
v -9.613417 -8.995764 -0.817715
v -9.410705 -9.031151 -0.817715
v -9.379736 -9.036557 -0.736826
v -9.618746 -8.994833 -0.720274
v -9.509430 -9.081999 -0.817728
v -9.476562 -8.893718 -0.817728
v -9.476562 -8.893718 -0.734872
v -9.511045 -9.091252 -0.719032
v 11.981021 9.345469 1.963309
v 11.999457 9.408364 1.848088
v 12.058863 9.611023 1.848088
v 12.081243 9.687369 1.963309
v 12.129258 9.508458 1.848045
v 11.937988 9.564526 1.848045
v 11.860158 9.587339 1.968324
v 12.148017 9.502959 1.976213
v -4.589051 -14.530825 -1.557876
v -4.579853 -14.510942 -1.457137
v -4.653749 -14.670688 -1.482566
v -4.678897 -14.725051 -1.557876
v -4.466932 -14.683229 -1.557876
v -4.668051 -14.590195 -1.557876
v -4.735929 -14.558796 -1.469371
v -4.500769 -14.667577 -1.475781
v -0.813088 -15.375879 -1.964222
v -0.842144 -15.189484 -1.964222
v -0.837766 -15.217569 -1.869198
v -0.800702 -15.455338 -1.898424
v -0.904442 -15.334203 -1.964222
v -0.943466 -15.340286 -1.890800
v -0.746999 -15.309660 -1.867513
v -0.745539 -15.309433 -1.964222
v -14.135806 -3.683485 -0.285054
v -14.115279 -3.673358 -0.156363
v -14.280198 -3.754718 -0.188847
v -14.336322 -3.782406 -0.285054
v -14.136563 -3.887528 -0.285054
v -14.238995 -3.679898 -0.285054
v -14.273564 -3.609823 -0.171991
v -14.153796 -3.852595 -0.180180
v -10.829632 0.222385 0.616986
v -10.809507 0.150983 0.503273
v -10.744658 -0.079092 0.503273
v -10.720229 -0.165767 0.616986
v -10.873827 -0.023041 0.503230
v -10.656682 0.038163 0.503230
v -10.568322 0.063068 0.621936
v -10.895123 -0.029044 0.629721
v -13.385150 -10.040626 -1.173054
v -13.409965 -9.866804 -1.173054
v -13.412951 -9.845881 -1.044347
v -13.377357 -10.095213 -1.048048
v -13.292396 -9.961992 -1.173054
v -13.481006 -9.988918 -1.173054
v -13.487329 -9.989820 -1.064115
v -13.295158 -9.962386 -1.047858
v 13.155340 -8.420730 -1.808916
v 13.168861 -8.412436 -1.702276
v 13.060230 -8.479063 -1.729194
v 13.023263 -8.501737 -1.808916
v 13.167789 -8.561579 -1.808916
v 13.083907 -8.424813 -1.808916
v 13.055597 -8.378655 -1.715226
v 13.153677 -8.538568 -1.722012
v -13.849337 1.829849 0.609429
v -13.769823 1.996038 0.609429
v -13.760252 2.016042 0.715362
v -13.874307 1.777658 0.712315
v -13.722592 1.844506 0.609429
v -13.902920 1.930784 0.609429
v -13.908965 1.933677 0.699091
v -13.725234 1.845770 0.712471
v -8.486436 -2.748528 0.260470
v -8.486786 -2.768776 0.374329
v -8.483973 -2.606095 0.345589
v -8.483015 -2.550733 0.260470
v -8.646626 -2.665274 0.260470
v -8.441812 -2.668816 0.260470
v -8.372687 -2.670011 0.360502
v -8.612167 -2.665870 0.353257
v -10.527814 0.153917 0.617096
v -10.541113 0.102064 0.517136
v -10.583965 -0.065017 0.517136
v -10.600109 -0.127961 0.617096
v -10.644283 0.016746 0.517098
v -10.486591 -0.023698 0.517098
v -10.422423 -0.040155 0.621447
v -10.659749 0.020713 0.628291
v 12.438079 5.161018 0.986415
v 12.369162 5.146326 0.873076
v 12.147093 5.098983 0.873076
v 12.063435 5.081148 0.986415
v 12.208155 5.217979 0.873033
v 12.252836 5.008390 0.873033
v 12.271018 4.923106 0.991348
v 12.203773 5.238535 0.999108
v -8.158204 -13.901684 -1.511445
v -8.282190 -13.777204 -1.511445
v -8.297115 -13.762219 -1.420331
v -8.119267 -13.940776 -1.422951
v -8.130940 -13.783102 -1.511445
v -8.266010 -13.917637 -1.511445
v -8.270538 -13.922147 -1.434325
v -8.132918 -13.785072 -1.422817
v -8.738095 -5.933790 -0.300610
v -8.761642 -6.083481 -0.300610
v -8.758094 -6.060926 -0.201169
v -8.728057 -5.869977 -0.231753
v -8.678461 -5.988096 -0.300610
v -8.647121 -5.993026 -0.223775
v -8.804901 -5.968206 -0.199406
v -8.806073 -5.968022 -0.300610
v -8.619604 -12.116460 -1.249324
v -8.802682 -11.983861 -1.249324
v -8.846090 -11.952421 -1.163685
v -8.666521 -12.082479 -1.163685
v -8.689507 -11.950028 -1.249361
v -8.810843 -12.117558 -1.249361
v -8.818621 -12.128295 -1.154611
v -8.710128 -11.978500 -1.163150
v 13.522131 12.053582 2.355578
v 13.320276 12.011976 2.355578
v 13.350692 12.018246 2.471734
v 13.608181 12.071319 2.436009
v 13.481505 11.951683 2.355578
v 13.490216 11.909422 2.445328
v 13.446362 12.122184 2.473794
v 13.446036 12.123764 2.355578
v 12.694386 2.143642 0.334732
v 12.645847 2.153936 0.209037
v 12.489443 2.187108 0.209037
v 12.430521 2.199605 0.334732
v 12.562812 2.246156 0.208989
v 12.531505 2.098541 0.208989
v 12.518764 2.038474 0.340203
v 12.565883 2.260633 0.348808
v -15.900695 10.749571 1.954362
v -15.985023 10.662102 1.954362
v -15.972317 10.675282 2.060025
v -15.864745 10.786859 2.027527
v -15.886517 10.686473 1.954362
v -15.868203 10.668818 2.036005
v -15.960400 10.757704 2.061898
v -15.961084 10.758364 1.954362
v -5.008866 -12.939875 -1.237621
v -4.883077 -12.735639 -1.237621
v -4.853251 -12.687214 -1.130654
v -4.976630 -12.887535 -1.130654
v -4.838303 -12.852711 -1.237668
v -5.025194 -12.737604 -1.237668
v -5.037172 -12.730227 -1.119321
v -4.870066 -12.833148 -1.129987
v -3.313788 -7.471877 -0.454412
v -3.456067 -7.333607 -0.454412
v -3.434628 -7.354442 -0.316592
v -3.253135 -7.530820 -0.358980
v -3.416911 -7.494617 -0.454412
v -3.445860 -7.524405 -0.347923
v -3.300119 -7.374438 -0.314149
v -3.299036 -7.373324 -0.454412
v -6.487821 -6.527604 -0.240684
v -6.495830 -6.549163 -0.098249
v -6.431483 -6.375946 -0.134203
v -6.409585 -6.316998 -0.240684
v -6.628042 -6.378021 -0.240684
v -6.409963 -6.459033 -0.240684
v -6.336362 -6.486374 -0.115546
v -6.591352 -6.391651 -0.124610
v -12.151989 -8.033191 -0.811028
v -12.128570 -8.043750 -0.669922
v -12.316727 -7.958917 -0.705540
v -12.380758 -7.930048 -0.811028
v -12.329309 -8.178120 -0.811028
v -12.222505 -7.941231 -0.811028
v -12.186459 -7.861282 -0.687058
v -12.311338 -8.138264 -0.696037
v 13.575089 14.477728 2.881937
v 13.595995 14.494179 3.018634
v 13.428031 14.362013 2.984129
v 13.370872 14.317036 2.881937
v 13.623288 14.245532 2.881937
v 13.456894 14.456997 2.881937
v 13.400736 14.528366 3.002034
v 13.595293 14.281110 2.993335
v -16.073114 -2.520118 -0.208903
v -15.927683 -2.440562 -0.208903
v -15.893201 -2.421699 -0.118548
v -16.035845 -2.499730 -0.118548
v -15.940878 -2.526174 -0.208942
v -16.013678 -2.393094 -0.208942
v -16.018343 -2.384564 -0.108975
v -15.953250 -2.503556 -0.117984
v 6.027017 4.141608 0.988799
v 6.046788 4.136597 1.094262
v 5.887939 4.176860 1.067641
v 5.833881 4.190562 0.988799
v 5.908460 4.003747 0.988799
v 5.959152 4.203736 0.988799
v 5.976260 4.271232 1.081455
v 5.916989 4.037394 1.074744
v -3.555647 -12.075693 -1.218985
v -3.413359 -11.996618 -1.218985
v -3.396232 -11.987100 -1.123681
v -3.600331 -12.100527 -1.126422
v -3.456830 -12.129955 -1.218985
v -3.542632 -11.975563 -1.218985
v -3.545508 -11.970387 -1.138319
v -3.458086 -12.127694 -1.126282
v -12.874525 -0.725296 0.262200
v -12.656300 -0.658964 0.262200
v -12.619456 -0.647765 0.337539
v -12.912073 -0.736710 0.352033
v -12.726033 -0.809154 0.262143
v -12.806396 -0.544774 0.262143
v -12.776381 -0.643515 0.368147
v -12.720232 -0.828241 0.335946
v -12.797378 4.487795 1.551380
v -12.811876 4.475494 1.666817
v -12.695390 4.574323 1.637678
v -12.655748 4.607955 1.551380
v -12.837926 4.652373 1.551380
v -12.713502 4.505718 1.551380
v -12.671509 4.456223 1.652798
v -12.816992 4.627699 1.645452
v -15.314986 -4.081523 -0.415680
v -15.287556 -4.235267 -0.415680
v -15.282925 -4.261224 -0.317795
v -15.319706 -4.055069 -0.298962
v -15.384025 -4.175694 -0.415753
v -15.197763 -4.142461 -0.415753
v -15.267329 -4.154873 -0.278027
v -15.397472 -4.178092 -0.319864
v -1.353944 -15.020531 -1.870706
v -1.537738 -15.044106 -1.870706
v -1.510044 -15.040554 -1.744358
v -1.275593 -15.010480 -1.783218
v -1.397294 -15.109123 -1.870706
v -1.392358 -15.147603 -1.773081
v -1.417208 -14.953876 -1.742118
v -1.417392 -14.952437 -1.870706
v 10.594189 8.134704 1.626458
v 10.523479 8.344345 1.626458
v 10.512676 8.376373 1.711173
v 10.596048 8.129192 1.728508
v 10.622220 8.277219 1.626445
v 10.427503 8.211543 1.626445
v 10.427503 8.211543 1.713219
v 10.631790 8.280447 1.729809
v 12.043880 -15.448898 -2.957860
v 12.200472 -15.331112 -2.957860
v 12.219321 -15.316934 -2.855764
v 11.994703 -15.485888 -2.858700
v 12.170666 -15.497273 -2.957860
v 12.042858 -15.327359 -2.957860
v 12.038574 -15.321664 -2.871445
v 12.168794 -15.494785 -2.858549
v 10.551906 12.556982 2.563765
v 10.450738 12.727814 2.563765
v 10.442378 12.741931 2.635484
v 10.562753 12.538666 2.677336
v 10.579879 12.678446 2.563811
v 10.417441 12.582250 2.563811
v 10.459882 12.607383 2.644725
v 10.605223 12.693455 2.656249
v 13.866493 6.684221 1.178340
v 13.865028 6.613877 1.097769
v 13.860309 6.387212 1.097769
v 13.858530 6.301822 1.178340
v 13.758595 6.473751 1.097739
v 13.972523 6.469296 1.097739
v 14.059573 6.467483 1.181847
v 13.737615 6.474187 1.187363
v 13.498857 -9.295654 -1.822179
v 13.510469 -9.234985 -1.955748
v 13.547889 -9.039496 -1.955748
v 13.561986 -8.965852 -1.822179
v 13.623197 -9.129355 -1.955798
v 13.438694 -9.094039 -1.955798
v 13.363617 -9.079668 -1.816365
v 13.641292 -9.132819 -1.807221
v -7.548614 -9.739345 -0.839514
v -7.557927 -9.716306 -0.729000
v -7.483102 -9.901409 -0.756896
v -7.457638 -9.964401 -0.839514
v -7.327754 -9.756576 -0.839514
v -7.560797 -9.850780 -0.839514
v -7.639449 -9.882572 -0.742420
v -7.366962 -9.772425 -0.749453
v -13.445217 2.300329 0.849696
v -13.468825 2.354444 0.744433
v -13.544897 2.528812 0.744433
v -13.573555 2.594501 0.849696
v -13.436979 2.498624 0.744393
v -13.601549 2.426827 0.744393
v -13.668515 2.397612 0.854278
v -13.420839 2.505665 0.861485
v 1.797700 12.514071 2.701186
v 1.890864 12.340097 2.701186
v 1.902078 12.319157 2.791787
v 1.768443 12.568705 2.789181
v 1.730057 12.395311 2.701186
v 1.918830 12.496401 2.701186
v 1.925159 12.499790 2.777871
v 1.732822 12.396791 2.789315
v -13.732249 1.004743 0.549283
v -13.715648 0.962750 0.449649
v -13.662155 0.827442 0.449649
v -13.642003 0.776468 0.549283
v -13.743836 0.853397 0.449611
v -13.616132 0.903883 0.449611
v -13.564167 0.924426 0.553619
v -13.756361 0.848445 0.560441
v -10.345710 -5.981749 -0.392298
v -10.162939 -6.002964 -0.392298
v -10.140939 -6.005517 -0.286469
v -10.403108 -5.975087 -0.289513
v -10.290761 -6.096719 -0.392298
v -10.267742 -5.898400 -0.392298
v -10.266970 -5.891752 -0.302724
v -10.290424 -6.093815 -0.289357
v 6.828720 14.014226 3.021668
v 6.863379 13.995301 2.924378
v 6.975057 13.934322 2.924378
v 7.017129 13.911349 3.021668
v 6.905645 13.906044 2.924341
v 6.963197 14.011446 2.924341
v 6.986617 14.054336 3.025903
v 6.900000 13.895706 3.032564
v -15.035874 -0.720008 0.113822
v -14.874547 -0.650743 0.113822
v -14.898856 -0.661180 0.210783
v -15.104648 -0.749535 0.180962
v -15.019411 -0.628020 0.113822
v -15.033913 -0.594244 0.188741
v -14.960905 -0.764289 0.212502
v -14.960363 -0.765552 0.113822
v 1.966318 12.167426 2.724488
v 2.015249 12.126874 2.634451
v 2.172913 11.996208 2.634451
v 2.232309 11.946983 2.724488
v 2.054569 11.972881 2.634417
v 2.177892 12.121685 2.634417
v 2.228074 12.182236 2.728407
v 2.042474 11.958287 2.734571
v 13.251106 15.417205 3.135096
v 13.081684 15.607541 3.135096
v 13.055801 15.636620 3.222127
v 13.255561 15.412201 3.239937
v 13.216592 15.580892 3.135083
v 13.039805 15.423531 3.135083
v 13.039805 15.423531 3.224230
v 13.225281 15.588625 3.241273
v -13.139906 -8.249563 -0.888824
v -13.193005 -8.036820 -0.888824
v -13.199396 -8.011212 -0.777276
v -13.123231 -8.316373 -0.780484
v -13.034763 -8.139998 -0.888824
v -13.265604 -8.197615 -0.888824
v -13.273343 -8.199546 -0.794409
v -13.038144 -8.140842 -0.780320
v -5.867145 -12.921692 -1.243315
v -5.855755 -12.941844 -1.077115
v -5.947263 -12.779935 -1.119067
v -5.978404 -12.724836 -1.243315
v -6.073217 -12.932504 -1.243315
v -5.869376 -12.817296 -1.243315
v -5.800581 -12.778414 -1.097298
v -6.038922 -12.913120 -1.107874
v 13.208678 2.414812 0.233718
v 13.343391 2.590983 0.233718
v 13.323092 2.564438 0.358042
v 13.151251 2.339711 0.319805
v 13.169832 2.526281 0.233718
v 13.132949 2.554485 0.329779
v 13.318639 2.412493 0.360246
v 13.320019 2.411438 0.233718
v -4.892838 -5.276049 0.043090
v -4.849816 -5.114660 0.043090
v -4.856298 -5.138978 0.217778
v -4.911178 -5.344849 0.164051
v -4.951967 -5.209661 0.043090
v -4.985756 -5.200655 0.178066
v -4.815646 -5.246001 0.220875
v -4.814383 -5.246338 0.043090
v -0.527713 -11.492315 -1.337996
v -0.425904 -11.314917 -1.337996
v -0.413649 -11.293563 -1.226684
v -0.559685 -11.548027 -1.229885
v -0.386177 -11.486596 -1.337996
v -0.578669 -11.376125 -1.337996
v -0.585122 -11.372422 -1.243780
v -0.388996 -11.484978 -1.229721
v 8.180296 3.091877 0.780193
v 8.211888 3.131054 0.670430
v 8.313684 3.257293 0.670430
v 8.352033 3.304851 0.780193
v 8.333413 3.163828 0.670388
v 8.214269 3.259903 0.670388
v 8.165787 3.298998 0.784970
v 8.345098 3.154405 0.792485
v -13.504230 -2.528251 -0.049141
v -13.500143 -2.551728 0.093616
v -13.532981 -2.363103 0.057581
v -13.544156 -2.298913 -0.049141
v -13.707822 -2.467575 -0.049141
v -13.470345 -2.426233 -0.049141
v -13.390197 -2.412280 0.076280
v -13.667868 -2.460619 0.067195
v 4.761736 15.735994 3.298672
v 4.751409 15.759086 3.434924
v 4.834382 15.573557 3.400531
v 4.862619 15.510420 3.298672
v 4.987049 15.726646 3.298672
v 4.753469 15.622184 3.298672
v 4.674637 15.586927 3.418378
v 4.947750 15.709071 3.409707
v -14.238704 -15.106545 -1.874951
v -14.218124 -15.146842 -1.998194
v -14.151814 -15.276688 -1.998194
v -14.126833 -15.325603 -1.874951
v -14.235773 -15.258617 -1.998240
v -14.113225 -15.196033 -1.998240
v -14.063358 -15.170568 -1.869587
v -14.247792 -15.264756 -1.861149
v -2.836029 4.298603 1.450851
v -2.634731 4.389043 1.450851
v -2.610500 4.399929 1.569611
v -2.899245 4.270201 1.566195
v -2.708792 4.213937 1.450851
v -2.806926 4.432360 1.450851
v -2.810216 4.439682 1.551371
v -2.710229 4.217136 1.566371
v 12.043738 9.299703 1.810870
v 11.911217 9.505927 1.810870
v 11.931185 9.474854 1.938799
v 12.100232 9.211790 1.899453
v 11.913270 9.301200 1.810870
v 11.870094 9.273455 1.909717
v 12.087462 9.413138 1.941067
v 12.089077 9.414176 1.810870
v -13.470883 -0.492115 0.253583
v -13.422465 -0.315586 0.253583
v -13.429761 -0.342185 0.350609
v -13.491524 -0.567368 0.320768
v -13.535162 -0.418895 0.253583
v -13.572121 -0.408758 0.328552
v -13.386052 -0.459792 0.352329
v -13.384670 -0.460171 0.253583
v -15.646550 -13.524299 -1.710814
v -15.690853 -13.495138 -1.806769
v -15.833608 -13.401177 -1.806769
v -15.887386 -13.365780 -1.710814
v -15.737570 -13.370992 -1.806805
v -15.826251 -13.505724 -1.806805
v -15.862336 -13.560548 -1.706637
v -15.728872 -13.357778 -1.700068
v -9.547248 -8.927121 -0.798096
v -9.566574 -8.730686 -0.798096
v -9.563662 -8.760284 -0.689858
v -9.539009 -9.010860 -0.723148
v -9.640214 -8.878181 -0.798096
v -9.681340 -8.882226 -0.714464
v -9.474291 -8.861856 -0.687939
v -9.472753 -8.861705 -0.798096
v -3.678969 -15.193708 -1.726317
v -3.835106 -15.273533 -1.726317
v -3.811579 -15.261505 -1.623604
v -3.612409 -15.159679 -1.655195
v -3.689219 -15.286482 -1.726317
v -3.672507 -15.319171 -1.646954
v -3.756644 -15.154597 -1.621783
v -3.757270 -15.153376 -1.726317
v -8.134705 -3.026942 0.223570
v -8.359720 -2.985384 0.223570
v -8.325815 -2.991646 0.319782
v -8.038782 -3.044658 0.290191
v -8.219076 -3.114779 0.223570
v -8.227777 -3.161889 0.297910
v -8.183973 -2.924715 0.321488
v -8.183647 -2.922953 0.223570
v -12.951223 -8.121860 -0.882330
v -13.153070 -8.232517 -0.882330
v -13.169750 -8.241661 -0.804434
v -12.929581 -8.109995 -0.758977
v -13.090896 -8.084771 -0.882281
v -12.985675 -8.276700 -0.882281
v -13.013165 -8.226555 -0.794397
v -13.107312 -8.054827 -0.781880
v -12.462961 1.688893 0.683073
v -12.469667 1.671196 0.790790
v -12.415782 1.813382 0.763600
v -12.397445 1.861769 0.683073
v -12.577535 1.812737 0.683073
v -12.398524 1.744896 0.683073
v -12.338108 1.722000 0.777709
v -12.547417 1.801323 0.770854
v -15.604664 -2.917881 -0.260417
v -15.672165 -3.042258 -0.260417
v -15.680290 -3.057229 -0.174623
v -15.583466 -2.878822 -0.177091
v -15.702466 -2.924165 -0.260417
v -15.567509 -2.997409 -0.260417
v -15.562984 -2.999864 -0.187800
v -15.700490 -2.925238 -0.176964
v -10.046109 -12.515779 -1.404743
v -10.024183 -12.499655 -1.199704
v -10.200340 -12.629198 -1.251460
v -10.260288 -12.673284 -1.404743
v -10.004566 -12.754815 -1.404743
v -10.167660 -12.533036 -1.404743
v -10.222704 -12.458186 -1.224604
v -10.032006 -12.717502 -1.237651
v 4.084529 15.955679 3.357194
v 3.950417 15.873925 3.357194
v 3.934274 15.864084 3.460966
v 4.126647 15.981353 3.457982
v 3.987156 16.004160 3.357194
v 4.075865 15.858639 3.357194
v 4.078838 15.853760 3.445028
v 3.988455 16.002029 3.458135
v -12.930305 -9.712437 -1.095065
v -12.811967 -9.507832 -1.095065
v -12.797723 -9.483203 -0.985190
v -12.967467 -9.776691 -0.988350
v -12.766726 -9.706376 -1.095065
v -12.988737 -9.577971 -1.095065
v -12.996181 -9.573667 -1.002066
v -12.769977 -9.704495 -0.988188
v -5.604868 -13.079422 -1.198498
v -5.652638 -13.081139 -1.281829
v -5.806564 -13.086669 -1.281829
v -5.864552 -13.088752 -1.198498
v -5.751784 -13.014345 -1.281860
v -5.746565 -13.159620 -1.281860
v -5.744441 -13.218735 -1.194871
v -5.752296 -13.000096 -1.189166
v -14.372256 -3.457591 -0.243708
v -14.228026 -3.257074 -0.243708
v -14.249759 -3.287287 -0.088259
v -14.433740 -3.543069 -0.136069
v -14.419135 -3.334762 -0.243708
v -14.461116 -3.304566 -0.123598
v -14.249764 -3.456588 -0.085503
v -14.248195 -3.457718 -0.243708
v -6.923532 -12.279617 -1.208461
v -7.028569 -12.447381 -1.208461
v -7.012742 -12.422103 -1.084071
v -6.878755 -12.208100 -1.122329
v -6.879732 -12.375434 -1.208461
v -6.844608 -12.397425 -1.112349
v -7.021437 -12.286713 -1.081866
v -7.022750 -12.285891 -1.208461
v 3.889923 8.536614 1.957932
v 3.867697 8.769058 1.957932
v 3.871046 8.734035 2.078543
v 3.899398 8.437524 2.041448
v 3.780103 8.594812 1.957932
v 3.731438 8.590158 2.051124
v 3.976443 8.613586 2.080681
v 3.978263 8.613760 1.957932
v 1.763363 6.611765 1.789358
v 1.732019 6.640269 1.687747
v 1.631020 6.732115 1.687747
v 1.592971 6.766715 1.789358
v 1.710547 6.744027 1.687708
v 1.623862 6.648704 1.687708
v 1.588589 6.609915 1.793781
v 1.719048 6.753375 1.800738
v 6.792537 1.444611 0.460997
v 6.840775 1.412815 0.364784
v 6.996206 1.310361 0.364784
v 7.054760 1.271764 0.460997
v 6.891572 1.277551 0.364747
v 6.988268 1.424247 0.364747
v 7.027616 1.483940 0.465184
v 6.882089 1.263163 0.471771
v 12.526774 -5.685079 -1.283810
v 12.681570 -5.628904 -1.283810
v 12.700203 -5.622143 -1.186848
v 12.478163 -5.702720 -1.189636
v 12.616778 -5.755116 -1.283810
v 12.555825 -5.587152 -1.283810
v 12.553782 -5.581521 -1.201740
v 12.615886 -5.752656 -1.189493
v 11.071483 -0.492607 -0.255353
v 11.133101 -0.269948 -0.255353
v 11.140517 -0.243147 -0.166926
v 11.052132 -0.562531 -0.169469
v 11.224733 -0.446638 -0.255353
v 10.983132 -0.379778 -0.255353
v 10.975033 -0.377537 -0.180508
v 11.221194 -0.445659 -0.169339
v -12.097298 3.671929 1.450202
v -12.114725 3.679604 1.553304
v -11.974709 3.617945 1.527279
v -11.927060 3.596962 1.450202
v -11.966805 3.780503 1.450202
v -12.044434 3.604225 1.450202
v -12.070633 3.544731 1.540784
v -11.979866 3.750845 1.534223
v -13.090660 -6.052790 -0.569399
v -13.274315 -6.056586 -0.569399
v -13.246642 -6.056014 -0.464494
v -13.012369 -6.051171 -0.496758
v -13.142760 -6.135527 -0.569399
v -13.141965 -6.173978 -0.488342
v -13.145967 -5.980399 -0.462634
v -13.145996 -5.978961 -0.569399
v -9.313196 -8.202014 -0.614537
v -9.365454 -8.234670 -0.704962
v -9.533841 -8.339893 -0.704962
v -9.597277 -8.379534 -0.614537
v -9.519186 -8.223853 -0.704996
v -9.419876 -8.382777 -0.704996
v -9.379466 -8.447446 -0.610601
v -9.528926 -8.208267 -0.604410
v 9.745851 -0.982966 -0.261370
v 9.625469 -0.879699 -0.261370
v 9.610979 -0.867269 -0.165420
v 9.783655 -1.015397 -0.168179
v 9.762007 -0.874320 -0.261370
v 9.649955 -1.004942 -0.261370
v 9.646198 -1.009321 -0.180157
v 9.760366 -0.876233 -0.168038
v 9.192099 15.280400 3.125448
v 9.254910 15.013683 3.125448
v 9.260100 14.991642 3.202477
v 9.185364 15.308998 3.247427
v 9.105172 15.131954 3.125497
v 9.358784 15.191679 3.125497
v 9.292523 15.176074 3.212402
v 9.065603 15.122636 3.224779
v 7.682474 0.766256 0.201123
v 7.490195 0.721067 0.201123
v 7.519167 0.727876 0.293536
v 7.764441 0.785520 0.265113
v 7.646245 0.667563 0.201123
v 7.655706 0.627307 0.272527
v 7.608075 0.829975 0.295174
v 7.607721 0.831481 0.201123
v -13.150469 0.703548 0.478734
v -13.047329 0.895885 0.478734
v -13.031571 0.925269 0.566278
v -13.153181 0.698491 0.584193
v -13.029005 0.779540 0.478721
v -13.207650 0.875338 0.478721
v -13.207650 0.875338 0.568393
v -13.020225 0.774832 0.585537
v 10.826251 1.169158 0.079031
v 10.893577 1.031963 0.079031
v 10.901681 1.015449 0.184041
v 10.805108 1.212244 0.181020
v 10.770643 1.079106 0.079031
v 10.919510 1.152160 0.079031
v 10.924500 1.154609 0.167912
v 10.772823 1.080176 0.181175
v -13.338881 6.158034 1.705698
v -13.240147 6.037295 1.705698
v -13.255024 6.055488 1.801616
v -13.380972 6.209505 1.772116
v -13.256303 6.166556 1.705698
v -13.231025 6.187227 1.779811
v -13.358288 6.083157 1.803317
v -13.359233 6.082384 1.705698
v -3.153291 -12.705130 -1.351183
v -3.336331 -12.743645 -1.351183
v -3.358364 -12.748281 -1.251696
v -3.095808 -12.693034 -1.254557
v -3.243355 -12.612022 -1.351183
v -3.201563 -12.810636 -1.351183
v -3.200162 -12.817293 -1.266976
v -3.242743 -12.614932 -1.254411
v -15.589496 -4.641419 -0.507352
v -15.856874 -4.566299 -0.507352
v -15.920269 -4.548489 -0.387597
v -15.658017 -4.622169 -0.387597
v -15.740765 -4.479232 -0.507404
v -15.809505 -4.723901 -0.507404
v -15.813910 -4.739583 -0.374909
v -15.752447 -4.520814 -0.386849
v -14.574937 -9.077465 -1.126339
v -14.672962 -9.288826 -1.126339
v -14.696204 -9.338941 -1.041609
v -14.600058 -9.131631 -1.041609
v -14.729512 -9.181010 -1.126376
v -14.536102 -9.270710 -1.126376
v -14.523705 -9.276460 -1.032632
v -14.696642 -9.196255 -1.041081
v -16.005030 -1.547843 -0.064652
v -15.969049 -1.381665 -0.064652
v -15.966075 -1.367932 0.016965
v -16.008888 -1.565661 0.064593
v -15.916722 -1.487876 -0.064600
v -16.074736 -1.453663 -0.064600
v -16.033451 -1.462602 0.027481
v -15.892069 -1.493214 0.040596
v -0.191007 -12.850141 -1.598845
v -0.017852 -12.782646 -1.598845
v 0.002991 -12.774522 -1.510385
v -0.245386 -12.871337 -1.512929
v -0.087598 -12.926768 -1.598845
v -0.160835 -12.738882 -1.598845
v -0.163290 -12.732583 -1.523972
v -0.088671 -12.924017 -1.512799
v -4.451443 -13.106161 -1.327784
v -4.229322 -13.054876 -1.327784
v -4.195388 -13.047041 -1.235006
v -4.457282 -13.107509 -1.216020
v -4.308146 -13.149329 -1.327798
v -4.355781 -12.943021 -1.327798
v -4.355781 -12.943021 -1.232765
v -4.305806 -13.159469 -1.214596
v 10.271692 3.314670 0.595052
v 10.416388 3.496514 0.595052
v 10.433805 3.518403 0.711358
v 10.226252 3.257563 0.708013
v 10.431645 3.296886 0.595052
v 10.234331 3.453892 0.595052
v 10.227716 3.459155 0.693494
v 10.428756 3.299186 0.708184
v 11.428728 -1.815463 -0.427621
v 11.391033 -1.792569 -0.507607
v 11.269570 -1.718798 -0.507607
v 11.223812 -1.691006 -0.427621
v 11.348464 -1.690815 -0.507637
v 11.278839 -1.805452 -0.507637
v 11.250507 -1.852100 -0.424139
v 11.355293 -1.679572 -0.418663
v -2.433948 -14.737941 -1.757226
v -2.369618 -14.963709 -1.757226
v -2.379312 -14.929690 -1.656775
v -2.461371 -14.641697 -1.687669
v -2.314765 -14.775471 -1.757226
v -2.267498 -14.762002 -1.679610
v -2.505465 -14.829808 -1.654994
v -2.507232 -14.830312 -1.757226
v -6.069161 -9.465597 -0.700372
v -6.093822 -9.464836 -0.566146
v -5.895691 -9.470949 -0.600027
v -5.828266 -9.473029 -0.700372
v -5.965097 -9.271830 -0.700372
v -5.972793 -9.521273 -0.700372
v -5.975390 -9.605459 -0.582446
v -5.966392 -9.313797 -0.590987
v -12.014298 -0.775116 0.312472
v -11.832617 -0.694481 0.312472
v -11.804861 -0.682162 0.392229
v -12.019075 -0.777236 0.408550
v -11.884481 -0.788378 0.312460
v -11.959377 -0.619631 0.312460
v -11.959377 -0.619631 0.394156
v -11.880801 -0.796672 0.409775
v 13.057769 4.196463 0.653469
v 13.069401 4.171006 0.776447
v 12.975944 4.375539 0.745405
v 12.944139 4.445144 0.653469
v 12.808394 4.204797 0.653469
v 13.065900 4.322459 0.653469
v 13.152807 4.362170 0.761513
v 12.851719 4.224593 0.753687
v 3.934058 -14.656826 -2.208063
v 4.069252 -14.530732 -2.208063
v 4.085526 -14.515554 -2.120545
v 3.891602 -14.696424 -2.123062
v 4.057825 -14.689593 -2.208063
v 3.921004 -14.542898 -2.208063
v 3.916418 -14.537981 -2.133987
v 4.055821 -14.687445 -2.122933
v -15.769557 -4.257946 -0.459631
v -15.951312 -4.197958 -0.459631
v -15.966332 -4.193001 -0.369088
v -15.750070 -4.264377 -0.316250
v -15.826212 -4.151981 -0.459573
v -15.883251 -4.324804 -0.459573
v -15.868349 -4.279651 -0.357421
v -15.817312 -4.125016 -0.342873
v -4.083768 -9.793137 -0.786330
v -4.263713 -9.662409 -0.786330
v -4.294094 -9.640338 -0.704900
v -4.052806 -9.815630 -0.689234
v -4.105877 -9.628315 -0.786390
v -4.264254 -9.846319 -0.786390
v -4.205103 -9.764899 -0.671818
v -4.094443 -9.612576 -0.706622
v -10.895079 3.686345 1.646076
v -11.090049 3.707666 1.646076
v -11.106161 3.709428 1.723413
v -10.874174 3.684059 1.768544
v -10.974482 3.780453 1.646126
v -10.994755 3.595063 1.646126
v -10.989458 3.643500 1.733378
v -10.971319 3.809378 1.745805
v -12.860980 2.742788 0.879587
v -13.109315 2.773118 0.879587
v -13.129837 2.775625 0.994190
v -12.834354 2.739536 1.061067
v -12.960743 2.864098 0.879660
v -12.989583 2.627966 0.879660
v -12.982048 2.689660 1.008956
v -12.956244 2.900940 1.027371
v -0.824362 -13.183599 -1.620837
v -0.789234 -13.395320 -1.620837
v -0.785006 -13.420805 -1.485365
v -0.835394 -13.117108 -1.489261
v -0.935532 -13.282251 -1.620837
v -0.705799 -13.244135 -1.620837
v -0.698097 -13.242857 -1.506172
v -0.932167 -13.281693 -1.489061
v -14.210452 -0.345719 0.208470
v -14.227806 -0.322391 0.378105
v -14.088375 -0.509813 0.335285
v -14.040925 -0.573595 0.208470
v -13.955336 -0.299927 0.208470
v -14.191298 -0.475469 0.208470
v -14.270935 -0.534714 0.357505
v -13.995035 -0.329461 0.346710
v 0.592484 9.717411 2.387489
v 0.561274 9.764802 2.298625
v 0.460711 9.917506 2.298625
v 0.422826 9.975034 2.387489
v 0.567857 9.906563 2.298591
v 0.423734 9.811650 2.298591
v 0.365088 9.773029 2.391357
v 0.581992 9.915872 2.397440
v 9.415842 -13.289904 -2.392567
v 9.328837 -13.455628 -2.392567
v 9.341947 -13.430656 -2.277939
v 9.452932 -13.219257 -2.313194
v 9.464017 -13.377110 -2.392567
v 9.498713 -13.395325 -2.303997
v 9.324035 -13.303618 -2.275906
v 9.322737 -13.302938 -2.392567
v -2.940133 -5.283123 -0.055232
v -2.723867 -5.308119 -0.055232
v -2.756454 -5.304353 0.090720
v -3.032326 -5.272466 0.045831
v -2.865685 -5.194324 -0.055232
v -2.860451 -5.149046 0.057541
v -2.886799 -5.376997 0.093308
v -2.886995 -5.378691 -0.055232
v -12.811035 -13.028768 -1.605905
v -12.825918 -13.020535 -1.469547
v -12.706342 -13.086672 -1.503966
v -12.665648 -13.109179 -1.605905
v -12.686205 -12.942709 -1.605905
v -12.769469 -13.093255 -1.605905
v -12.797571 -13.144064 -1.486106
v -12.700213 -12.968038 -1.494783
v 12.105220 7.601211 1.559160
v 12.081306 7.556174 1.396090
v 12.004248 7.411055 1.396090
v 11.975219 7.356385 1.559160
v 11.966690 7.500256 1.396028
v 12.103654 7.427529 1.396028
v 12.159387 7.397935 1.566258
v 11.953258 7.507389 1.577423
v -15.747624 -8.851417 -1.134849
v -15.771845 -8.836769 -0.887595
v -15.577250 -8.954453 -0.950007
v -15.511027 -8.994503 -1.134849
v -15.534491 -8.716342 -1.134849
v -15.682655 -8.961335 -1.134849
v -15.732660 -9.044021 -0.917621
v -15.559419 -8.757561 -0.933355
v 10.472006 -7.139768 -1.361932
v 10.311542 -7.062615 -1.361932
v 10.335720 -7.074240 -1.268093
v 10.540411 -7.172658 -1.296954
v 10.390719 -7.188491 -1.361932
v 10.374566 -7.222086 -1.289426
v 10.455889 -7.052951 -1.266430
v 10.456492 -7.051694 -1.361932
v 7.148179 6.569143 1.425443
v 6.926991 6.630608 1.425443
v 6.900367 6.638007 1.520601
v 7.217641 6.549840 1.517864
v 7.102664 6.721475 1.425443
v 7.035969 6.481471 1.425443
v 7.033733 6.473425 1.505985
v 7.101686 6.717960 1.518004
v -10.571407 -7.517202 -0.649173
v -10.760976 -7.542608 -0.649173
v -10.732411 -7.538780 -0.535076
v -10.490595 -7.506372 -0.570168
v -10.615635 -7.608897 -0.649173
v -10.610316 -7.648585 -0.561014
v -10.637094 -7.448774 -0.533053
v -10.637293 -7.447289 -0.649173
v -15.368816 -3.500008 -0.313004
v -15.371031 -3.516155 -0.153636
v -15.353234 -3.386424 -0.193864
v -15.347178 -3.342275 -0.313004
v -15.488869 -3.418168 -0.313004
v -15.325538 -3.440574 -0.313004
v -15.270414 -3.448136 -0.172989
v -15.461390 -3.421937 -0.183130
v -13.076594 -1.088129 0.185391
v -13.192175 -0.949119 0.185391
v -13.174760 -0.970065 0.286929
v -13.027324 -1.147388 0.255700
v -13.172228 -1.098786 0.185391
v -13.201331 -1.122985 0.263846
v -13.054811 -1.001159 0.288729
v -13.053722 -1.000254 0.185391
v -9.075525 -5.559266 -0.243249
v -8.825598 -5.457100 -0.243249
v -8.795514 -5.444803 -0.136945
v -9.154013 -5.591351 -0.140002
v -8.923485 -5.668118 -0.243249
v -9.034342 -5.396929 -0.243249
v -9.038058 -5.387837 -0.153272
v -8.925109 -5.664146 -0.139845
v -7.960706 -0.764694 0.665115
v -7.897604 -0.577420 0.665115
v -7.890009 -0.554878 0.770013
v -7.980522 -0.823506 0.766996
v -7.827652 -0.732641 0.665115
v -8.030858 -0.664172 0.665115
v -8.037670 -0.661876 0.753902
v -7.830628 -0.731638 0.767151
v -15.785576 10.381192 1.912350
v -15.671846 10.371954 1.912350
v -15.688983 10.373346 2.031112
v -15.834059 10.385130 1.994586
v -15.748162 10.429034 1.912350
v -15.746228 10.452845 2.004114
v -15.755965 10.332970 2.033217
v -15.756038 10.332079 1.912350
v -3.490949 -13.880612 -1.498955
v -3.503775 -13.675031 -1.498955
v -3.506816 -13.626287 -1.402761
v -3.494236 -13.827928 -1.402761
v -3.414407 -13.735020 -1.498997
v -3.602529 -13.746757 -1.498997
v -3.614586 -13.747509 -1.392569
v -3.446379 -13.737015 -1.402160
v -10.404102 -2.578566 0.120761
v -10.278219 -2.733212 0.120761
v -10.263066 -2.751826 0.251521
v -10.443636 -2.530000 0.247761
v -10.448352 -2.709381 0.120761
v -10.280550 -2.572788 0.120761
v -10.274924 -2.568209 0.231438
v -10.445894 -2.707380 0.247954
v 13.684622 8.609133 1.567070
v 13.805541 8.431931 1.567070
v 13.820096 8.410602 1.690230
v 13.646647 8.664781 1.686687
v 13.625319 8.472912 1.567070
v 13.817595 8.604118 1.567070
v 13.824041 8.608517 1.671313
v 13.628136 8.474833 1.686869
v -2.082597 -7.134975 -0.453802
v -1.878640 -7.082736 -0.453802
v -1.854090 -7.076448 -0.365541
v -2.146648 -7.151381 -0.368079
v -1.976776 -7.235284 -0.453802
v -2.033459 -7.013976 -0.453802
v -2.035359 -7.006557 -0.379097
v -1.977606 -7.232043 -0.367949
v -3.009550 -11.295843 -1.148106
v -3.009085 -11.523501 -1.148106
v -3.009047 -11.542315 -1.076244
v -3.009599 -11.271434 -1.034309
v -3.107907 -11.399539 -1.148060
v -2.891436 -11.399097 -1.148060
v -2.947993 -11.399213 -1.066985
v -3.141681 -11.399608 -1.055438
v -15.334294 -5.959328 -0.594765
v -15.386611 -5.965459 -0.694824
v -15.555185 -5.985214 -0.694824
v -15.618692 -5.992656 -0.594765
v -15.501446 -5.900907 -0.694862
v -15.482800 -6.060009 -0.694862
v -15.475214 -6.124750 -0.590410
v -15.503274 -5.885303 -0.583560
v -15.112617 -0.114378 0.199902
v -15.008138 0.023344 0.199902
v -15.023881 0.002592 0.391393
v -15.157155 -0.173089 0.332498
v -15.143229 -0.027608 0.199902
v -15.172063 -0.005734 0.347861
v -15.026898 -0.115858 0.394788
v -15.025820 -0.116676 0.199902
v -6.357152 -9.815093 -0.785013
v -6.313698 -9.988774 -0.785013
v -6.308468 -10.009680 -0.690475
v -6.370799 -9.760550 -0.693194
v -6.442951 -9.904602 -0.785013
v -6.254495 -9.857451 -0.785013
v -6.248177 -9.855871 -0.704995
v -6.440191 -9.903912 -0.693054
v -9.844465 0.575480 0.710959
v -9.832111 0.588105 0.843242
v -9.931365 0.486675 0.809851
v -9.965142 0.452157 0.710959
v -9.792810 0.426732 0.710959
v -9.920509 0.551691 0.710959
v -9.963608 0.593864 0.827178
v -9.814295 0.447755 0.818760
v 10.242735 8.640209 1.703940
v 10.344669 8.503723 1.703940
v 10.361879 8.480680 1.779773
v 10.225196 8.663693 1.794362
v 10.221477 8.514628 1.703883
v 10.386830 8.638123 1.703883
v 10.325073 8.592000 1.810581
v 10.209539 8.505713 1.778170
v -14.018266 -1.148974 0.198681
v -14.072809 -1.131807 0.107824
v -14.248562 -1.076491 0.107824
v -14.314773 -1.055651 0.198681
v -14.157881 -1.016855 0.107790
v -14.210089 -1.182731 0.107790
v -14.231333 -1.250228 0.202636
v -14.152761 -1.000587 0.208856
v 8.428775 15.901498 3.313010
v 8.428107 15.877325 3.428779
v 8.433470 16.071535 3.399556
v 8.435295 16.137625 3.313010
v 8.238530 16.002878 3.313010
v 8.483038 15.996125 3.313010
v 8.565558 15.993847 3.414720
v 8.279668 16.001741 3.407353
v -7.511018 -14.012204 -1.498727
v -7.617528 -13.877898 -1.498727
v -7.601479 -13.898135 -1.386714
v -7.465613 -14.069459 -1.421165
v -7.601904 -14.020208 -1.498727
v -7.630023 -14.042508 -1.412178
v -7.488459 -13.930243 -1.384728
v -7.487408 -13.929408 -1.498727
v 2.471389 8.027077 1.907606
v 2.632379 8.135160 1.907606
v 2.608121 8.118875 2.028352
v 2.402760 7.981001 1.991215
v 2.470500 8.130283 1.907606
v 2.447872 8.163988 2.000903
v 2.561796 7.994299 2.030493
v 2.562642 7.993039 1.907606
v -4.484979 -10.993434 -0.869217
v -4.501074 -11.053307 -0.999171
v -4.552936 -11.246230 -0.999171
v -4.572474 -11.318910 -0.869217
v -4.621696 -11.150733 -0.999220
v -4.439614 -11.199681 -0.999220
v -4.365522 -11.219599 -0.863560
v -4.639554 -11.145933 -0.854663
v -13.545127 -3.786789 -0.108506
v -13.525983 -3.716176 -0.217523
v -13.464298 -3.488642 -0.217523
v -13.441060 -3.402924 -0.108506
v -13.383396 -3.601507 -0.217564
v -13.598144 -3.543289 -0.217564
v -13.685527 -3.519599 -0.103761
v -13.362335 -3.607217 -0.096297
v -7.498218 -3.838355 0.141051
v -7.311695 -3.724962 0.141051
v -7.339800 -3.742048 0.278406
v -7.577731 -3.886693 0.236161
v -7.493988 -3.722245 0.141051
v -7.517727 -3.683194 0.247181
v -7.398208 -3.879796 0.280841
v -7.397320 -3.881256 0.141051
v 0.993176 11.061658 2.586949
v 0.929285 11.076604 2.491982
v 0.723417 11.124763 2.491982
v 0.645861 11.142906 2.586949
v 0.822042 11.200811 2.491946
v 0.776590 11.006512 2.491946
v 0.758094 10.927448 2.591082
v 0.826500 11.219867 2.597584
v -10.885037 3.802766 1.679309
v -10.711878 3.930545 1.679309
v -10.691034 3.945925 1.766531
v -10.939417 3.762638 1.764022
v -10.746285 3.748362 1.679309
v -10.884935 3.936253 1.679309
v -10.889583 3.942552 1.753134
v -10.748316 3.751114 1.764151
v -11.723880 -7.631603 -0.735395
v -11.821617 -7.778854 -0.735395
v -11.806890 -7.756666 -0.580530
v -11.682215 -7.568830 -0.628161
v -11.687058 -7.718168 -0.735395
v -11.656230 -7.738630 -0.615736
v -11.811438 -7.635612 -0.577785
v -11.812591 -7.634847 -0.735395
v -9.813088 -2.106046 0.246949
v -9.563819 -2.143859 0.246949
v -9.533814 -2.148411 0.374277
v -9.891370 -2.094171 0.370615
v -9.743354 -2.266121 0.246949
v -9.702324 -1.995645 0.246949
v -9.700948 -1.986578 0.354721
v -9.742753 -2.262160 0.370803
v 13.209916 -14.709355 -2.910602
v 13.230350 -14.711664 -2.801910
v 13.066178 -14.693113 -2.829346
v 13.010309 -14.686800 -2.910602
v 13.110293 -14.863241 -2.910602
v 13.133649 -14.656551 -2.910602
v 13.141532 -14.586795 -2.815109
v 13.114223 -14.828466 -2.822026
v 14.080631 6.632213 1.110310
v 13.936466 6.436695 1.110310
v 13.919113 6.413160 1.204167
v 14.125905 6.693614 1.201468
v 13.912857 6.644643 1.110310
v 14.125009 6.488214 1.110310
v 14.132120 6.482970 1.189752
v 13.915964 6.642353 1.201607
v 13.244109 -4.973819 -1.196724
v 13.258459 -4.985079 -1.095801
v 13.143173 -4.894616 -1.121276
v 13.103940 -4.863830 -1.196724
v 13.097239 -5.043583 -1.196724
v 13.211131 -4.898440 -1.196724
v 13.249570 -4.849455 -1.108057
v 13.116401 -5.019164 -1.114480
v 3.692132 11.789020 2.562937
v 3.673012 11.804647 2.696681
v 3.826631 11.679090 2.662921
v 3.878910 11.636362 2.562937
v 3.892819 11.879502 2.562937
v 3.734744 11.686097 2.562937
v 3.681394 11.620823 2.680439
v 3.866223 11.846963 2.671928
v -14.945753 5.549191 1.395428
v -14.906456 5.373204 1.395428
v -14.901726 5.352020 1.493105
v -14.958095 5.604458 1.490296
v -15.034436 5.461268 1.395428
v -14.843478 5.503909 1.395428
v -14.837076 5.505339 1.478103
v -15.031640 5.461893 1.490440
v -1.061819 -14.282859 -1.779451
v -1.062001 -14.422465 -1.779451
v -1.061973 -14.401429 -1.688080
v -1.061742 -14.223346 -1.716182
v -0.999824 -14.323827 -1.779451
v -0.970596 -14.323864 -1.708852
v -1.117746 -14.323673 -1.686460
v -1.118839 -14.323671 -1.779451
v -3.632283 -5.447846 -0.066900
v -3.549370 -5.659006 -0.066900
v -3.561863 -5.627189 0.077440
v -3.667628 -5.357831 0.033047
v -3.514150 -5.472838 -0.066900
v -3.469941 -5.455480 0.044627
v -3.692510 -5.542873 0.079999
v -3.694164 -5.543522 -0.066900
v 13.629808 1.842757 0.089551
v 13.648571 2.053481 0.089551
v 13.650829 2.078846 0.184563
v 13.623917 1.776580 0.181831
v 13.760262 1.909449 0.089551
v 13.531611 1.929807 0.089551
v 13.523947 1.930490 0.169970
v 13.756914 1.909747 0.181971
v 9.627386 1.238781 0.280745
v 9.603014 1.198518 0.157778
v 9.524482 1.068782 0.157778
v 9.494897 1.019907 0.280745
v 9.494495 1.152930 0.157731
v 9.616940 1.078811 0.157731
v 9.666765 1.048651 0.286097
v 9.482487 1.160199 0.294516
v -3.423912 -7.089898 -0.383838
v -3.569006 -7.065928 -0.383838
v -3.547143 -7.069541 -0.285263
v -3.362059 -7.100116 -0.315581
v -3.477059 -7.147365 -0.383838
v -3.482078 -7.177742 -0.307672
v -3.456813 -7.024808 -0.283515
v -3.456625 -7.023673 -0.383838
v -8.521676 -7.823023 -0.574484
v -8.365797 -7.826887 -0.574484
v -8.347034 -7.827352 -0.468783
v -8.570628 -7.821810 -0.471823
v -8.466470 -7.915831 -0.574484
v -8.462277 -7.746691 -0.574484
v -8.462137 -7.741021 -0.485018
v -8.466409 -7.913354 -0.471667
v -13.724275 -7.206020 -0.772788
v -13.865763 -7.088364 -0.772788
v -13.844443 -7.106092 -0.656338
v -13.663960 -7.256176 -0.692153
v -13.818006 -7.234447 -0.772788
v -13.842638 -7.264069 -0.682811
v -13.718624 -7.114936 -0.654274
v -13.717703 -7.113828 -0.772788
v -14.079800 -7.047616 -0.766411
v -14.167466 -6.884486 -0.766411
v -14.154257 -6.909067 -0.654235
v -14.042428 -7.117157 -0.688736
v -14.177978 -7.038803 -0.766411
v -14.212131 -7.057158 -0.679736
v -14.040187 -6.964754 -0.652246
v -14.038909 -6.964067 -0.766411
v -15.292547 0.626190 0.305151
v -15.079260 0.594902 0.305151
v -15.043251 0.589620 0.399386
v -15.329246 0.631573 0.417516
v -15.199427 0.494635 0.305080
v -15.161522 0.753033 0.305080
v -15.175679 0.656526 0.437671
v -15.202164 0.475980 0.397394
v -13.535397 -12.101339 -1.495062
v -13.384793 -12.051408 -1.495062
v -13.407486 -12.058931 -1.405426
v -13.599598 -12.122624 -1.432994
v -13.513481 -12.019780 -1.495062
v -13.523934 -11.988250 -1.425803
v -13.471306 -12.146990 -1.403837
v -13.470915 -12.148170 -1.495062
v 5.993284 15.167289 3.194392
v 5.771070 15.252796 3.194392
v 5.744322 15.263088 3.348107
v 6.063068 15.140436 3.343686
v 5.961484 15.329087 3.194392
v 5.868703 15.087968 3.194392
v 5.865592 15.079885 3.324498
v 5.960125 15.325556 3.343913
v -2.621534 -14.426816 -1.688990
v -2.703315 -14.627342 -1.688990
v -2.713160 -14.651479 -1.559988
v -2.595850 -14.363842 -1.563698
v -2.769243 -14.452804 -1.688990
v -2.551658 -14.541543 -1.688990
v -2.544364 -14.544518 -1.579801
v -2.766057 -14.454103 -1.563508
v 10.758145 8.316461 1.650508
v 10.780705 8.298382 1.768634
v 10.599447 8.443629 1.738816
v 10.537763 8.493059 1.650508
v 10.524231 8.208264 1.650508
v 10.707096 8.436467 1.650508
v 10.768813 8.513485 1.754289
v 10.554997 8.246658 1.746772
v 11.936263 15.205010 3.101769
v 11.921546 15.185283 3.202689
v 12.039788 15.343781 3.177215
v 12.080028 15.397719 3.101769
v 11.837317 15.400846 3.101769
v 12.036865 15.251979 3.101769
v 12.104212 15.201736 3.190434
v 11.870891 15.375799 3.184012
v -14.571018 -4.189775 -0.382615
v -14.777565 -4.259482 -0.382615
v -14.746443 -4.248979 -0.225511
v -14.482968 -4.160058 -0.273830
v -14.600528 -4.301990 -0.382615
v -14.585934 -4.345233 -0.261226
v -14.659409 -4.127525 -0.222726
v -14.659954 -4.125908 -0.382615
v 1.708085 14.699958 3.085795
v 1.483331 14.727876 3.085795
v 1.456277 14.731236 3.242262
v 1.778667 14.691191 3.237762
v 1.641587 14.842012 3.085795
v 1.611294 14.598138 3.085795
v 1.610279 14.589962 3.218230
v 1.641143 14.838441 3.237993
v -6.131801 -11.875148 -1.014185
v -6.141558 -11.918059 -1.117040
v -6.173000 -12.056328 -1.117040
v -6.184845 -12.108417 -1.014185
v -6.224413 -11.990499 -1.117079
v -6.093915 -12.020174 -1.117079
v -6.040813 -12.032249 -1.009708
v -6.237212 -11.987589 -1.002666
v -11.960275 -13.223142 -1.604333
v -11.978354 -13.197708 -1.457151
v -11.833093 -13.402044 -1.494303
v -11.783658 -13.471582 -1.604333
v -11.685474 -13.179923 -1.604333
v -11.942732 -13.362806 -1.604333
v -12.029555 -13.424529 -1.475025
v -11.728757 -13.210692 -1.484391
v 13.735043 -14.670223 -2.942842
v 13.842384 -14.467253 -2.942842
v 13.826210 -14.497836 -2.753200
v 13.689284 -14.756748 -2.811527
v 13.676270 -14.563071 -2.942842
v 13.633776 -14.540598 -2.796312
v 13.847713 -14.653739 -2.749838
v 13.849302 -14.654579 -2.942842
v -6.448099 -10.038071 -0.800677
v -6.461356 -10.058010 -0.673087
v -6.354845 -9.897813 -0.705293
v -6.318599 -9.843296 -0.800677
v -6.554535 -9.853048 -0.800677
v -6.352848 -9.987144 -0.800677
v -6.284779 -10.032401 -0.688581
v -6.520602 -9.875609 -0.696701
v -9.724972 0.099102 0.742510
v -9.663560 0.082025 0.621051
v -9.465678 0.027000 0.621051
v -9.391131 0.006271 0.742510
v -9.564465 -0.042845 0.621005
v -9.512532 0.143916 0.621005
v -9.491400 0.219912 0.747797
v -9.569558 -0.061162 0.756112
v 9.020204 2.943910 0.577229
v 8.851390 2.955524 0.577229
v 8.876826 2.953774 0.680946
v 9.092168 2.938959 0.649047
v 8.965601 2.872282 0.577229
v 8.963169 2.836939 0.657368
v 8.975410 3.014874 0.682785
v 8.975502 3.016196 0.577229
v -6.094555 -10.531476 -0.803849
v -6.062508 -10.573533 -0.892227
v -5.959242 -10.709051 -0.892227
v -5.920340 -10.760104 -0.803849
v -6.059549 -10.705739 -0.892260
v -5.931646 -10.608277 -0.892260
v -5.879601 -10.568619 -0.800002
v -6.072093 -10.715298 -0.793951
v 10.696847 -7.081380 -1.274832
v 10.669022 -7.107993 -1.389709
v 10.579364 -7.193743 -1.389709
v 10.545588 -7.226047 -1.274832
v 10.573599 -7.120892 -1.389753
v 10.654530 -7.205511 -1.389753
v 10.687462 -7.239944 -1.269832
v 10.565661 -7.112593 -1.261967
v 13.676930 -1.721341 -0.663157
v 13.487726 -1.762156 -0.663157
v 13.464952 -1.767068 -0.548501
v 13.736349 -1.708524 -0.551799
v 13.583246 -1.625468 -0.663157
v 13.627532 -1.830769 -0.663157
v 13.629017 -1.837652 -0.566112
v 13.583895 -1.628475 -0.551630
v 3.836341 11.470493 2.529842
v 3.851144 11.449570 2.650998
v 3.732216 11.617673 2.620416
v 3.691744 11.674880 2.529842
v 3.610554 11.435511 2.529842
v 3.822194 11.585239 2.529842
v 3.893622 11.635773 2.636285
v 3.646162 11.460702 2.628576
v -13.916043 -1.247454 0.117172
v -13.923238 -1.268524 0.409529
v -13.865432 -1.099238 0.335732
v -13.845760 -1.041628 0.117172
v -14.055595 -1.106312 0.117172
v -13.842465 -1.179089 0.117172
v -13.770535 -1.203651 0.374026
v -14.019737 -1.118556 0.355422
v -15.814073 2.303685 0.557313
v -15.808558 2.283269 0.711425
v -15.852870 2.447298 0.672524
v -15.867949 2.503119 0.557313
v -15.998910 2.340799 0.557313
v -15.792398 2.396587 0.557313
v -15.722701 2.415416 0.692710
v -15.964165 2.350185 0.682903
v -15.164069 -6.613183 -0.668067
v -15.201682 -6.664252 -0.798687
v -15.322877 -6.828810 -0.798687
v -15.368534 -6.890802 -0.668067
v -15.352876 -6.712224 -0.798736
v -15.197566 -6.826608 -0.798736
v -15.134369 -6.873152 -0.662382
v -15.368108 -6.701005 -0.653439
v -13.491065 -5.034733 -0.247035
v -13.448895 -5.005606 -0.415897
v -13.313016 -4.911754 -0.415897
v -13.261827 -4.876397 -0.247035
v -13.320759 -5.008721 -0.415961
v -13.409337 -4.880477 -0.415961
v -13.445381 -4.828293 -0.239685
v -13.312072 -5.021298 -0.228125
v -8.509209 -13.280284 -1.434089
v -8.697297 -13.196940 -1.434089
v -8.668956 -13.209498 -1.308878
v -8.429029 -13.315812 -1.347389
v -8.601337 -13.339471 -1.434089
v -8.618786 -13.378849 -1.337343
v -8.530939 -13.180598 -1.306659
v -8.530287 -13.179125 -1.434089
v -14.148705 2.938206 0.766204
v -14.132736 2.926227 0.880606
v -14.261038 3.022475 0.851728
v -14.304701 3.055229 0.766204
v -14.307759 2.858374 0.766204
v -14.186584 3.019905 0.766204
v -14.145688 3.074422 0.866713
v -14.287372 2.885551 0.859433
v -15.731288 -9.497062 -1.220291
v -15.750139 -9.499069 -1.093267
v -15.598680 -9.482937 -1.125330
v -15.547136 -9.477447 -1.220291
v -15.672402 -9.338647 -1.220291
v -15.652090 -9.529332 -1.220291
v -15.645235 -9.593688 -1.108692
v -15.668984 -9.370728 -1.116776
v 11.751713 -7.713662 -1.569013
v 11.761023 -7.730385 -1.409669
v 11.686221 -7.596025 -1.449891
v 11.660766 -7.550301 -1.569013
v 11.581265 -7.721505 -1.569013
v 11.750422 -7.627331 -1.569013
v 11.807513 -7.595547 -1.429019
v 11.609725 -7.705661 -1.439159
v -5.366125 -4.522513 0.236849
v -5.411344 -4.538216 0.148738
v -5.557047 -4.588813 0.148738
v -5.611937 -4.607875 0.236849
v -5.525901 -4.503465 0.148704
v -5.478147 -4.640980 0.148704
v -5.458715 -4.696938 0.240684
v -5.530584 -4.489978 0.246716
v -10.590714 -8.496450 -0.781724
v -10.594690 -8.519929 -0.673587
v -10.562737 -8.331291 -0.700883
v -10.551862 -8.267097 -0.781724
v -10.762272 -8.371414 -0.781724
v -10.524779 -8.411644 -0.781724
v -10.444626 -8.425222 -0.686719
v -10.722315 -8.378182 -0.693600
v -14.900132 -6.401323 -0.728457
v -14.760689 -6.555918 -0.728457
v -14.743904 -6.574526 -0.600479
v -14.943923 -6.352774 -0.604160
v -14.939351 -6.540069 -0.728457
v -14.771605 -6.388763 -0.728457
v -14.765982 -6.383690 -0.620135
v -14.936894 -6.537853 -0.603971
v 7.883152 -14.134984 -2.320183
v 7.915737 -14.097964 -2.407924
v 8.020730 -13.978678 -2.407924
v 8.060284 -13.933740 -2.320183
v 8.036096 -14.071014 -2.407957
v 7.923512 -13.971922 -2.407957
v 7.877701 -13.931599 -2.316364
v 8.047137 -14.080733 -2.310357
v 11.984508 13.637025 2.753580
v 12.190523 13.756563 2.753580
v 12.207548 13.766442 2.832257
v 11.962419 13.624208 2.878170
v 12.129920 13.602170 2.753630
v 12.016255 13.798062 2.753630
v 12.045952 13.746881 2.842395
v 12.147654 13.571607 2.855037
v -14.234393 -8.624815 -1.011858
v -13.991789 -8.677327 -1.011858
v -13.934266 -8.689777 -0.918849
v -14.172221 -8.638272 -0.918849
v -14.090648 -8.761299 -1.011899
v -14.042595 -8.539298 -1.011899
v -14.039515 -8.525069 -0.908994
v -14.082481 -8.723569 -0.918268
v -10.763892 -7.668383 -0.662072
v -10.771929 -7.693138 -0.557032
v -10.707358 -7.494249 -0.583546
v -10.685385 -7.426565 -0.662072
v -10.929502 -7.505881 -0.662072
v -10.679102 -7.587174 -0.662072
v -10.594593 -7.614611 -0.569788
v -10.887373 -7.519558 -0.576472
v -15.643355 3.815247 0.802991
v -15.818892 3.744701 0.802991
v -15.792442 3.755331 0.989054
v -15.568524 3.845321 0.931828
v -15.663411 3.716568 0.802991
v -15.648641 3.679817 0.946756
v -15.723000 3.864840 0.992353
v -15.723552 3.866215 0.802991
v -7.910655 -6.762201 -0.387016
v -7.883487 -7.017279 -0.387016
v -7.887580 -6.978844 -0.287978
v -7.922237 -6.653463 -0.318438
v -7.789329 -6.824831 -0.387016
v -7.735926 -6.819143 -0.310493
v -8.004786 -6.847780 -0.286223
v -8.006783 -6.847993 -0.387016
v -11.090373 -12.327776 -1.291644
v -11.090199 -12.394083 -1.443635
v -11.089637 -12.607739 -1.443635
v -11.089424 -12.688229 -1.291644
v -11.187377 -12.528455 -1.443693
v -10.985727 -12.527925 -1.443693
v -10.903673 -12.527708 -1.285028
v -11.207154 -12.528507 -1.274623
v -5.823685 -14.994009 -1.595379
v -5.958299 -15.092252 -1.595379
v -5.938015 -15.077449 -1.485989
v -5.766300 -14.952128 -1.519633
v -5.819445 -15.082610 -1.595379
v -5.798877 -15.110793 -1.510857
v -5.902429 -14.968906 -1.484050
v -5.903198 -14.967853 -1.595379
v 12.107652 6.774724 1.217899
v 12.049393 6.568972 1.217899
v 12.040492 6.537539 1.298551
v 12.109183 6.780133 1.315055
v 12.007392 6.676459 1.217887
v 12.198497 6.622347 1.217887
v 12.198497 6.622347 1.300499
v 11.997999 6.679118 1.316293
v -5.353322 -13.760035 -1.304642
v -5.384425 -13.818060 -1.419181
v -5.484645 -14.005032 -1.419181
v -5.522400 -14.075468 -1.304642
v -5.532684 -13.889675 -1.419225
v -5.356220 -13.984263 -1.419225
v -5.284415 -14.022753 -1.299656
v -5.549991 -13.880399 -1.291814
v -14.892406 -8.256324 -0.998565
v -15.146945 -8.188742 -0.998565
v -15.177584 -8.180607 -0.837880
v -14.812470 -8.277548 -0.842501
v -14.946631 -8.082185 -0.998565
v -15.019963 -8.358377 -0.998565
v -15.022422 -8.367637 -0.862560
v -14.947706 -8.086230 -0.842264
v 10.216246 9.634703 1.932073
v 10.390757 9.647889 1.932073
v 10.411762 9.649476 2.072176
v 10.161443 9.630562 2.068147
v 10.288317 9.537258 1.932073
v 10.274009 9.726615 1.932073
v 10.273529 9.732963 2.050658
v 10.288107 9.540031 2.068354
v 8.762877 12.533400 2.607337
v 8.759380 12.509271 2.746367
v 8.787473 12.703131 2.711273
v 8.797033 12.769103 2.607337
v 8.584222 12.657184 2.607337
v 8.828289 12.621815 2.607337
v 8.910662 12.609878 2.729484
v 8.625284 12.651233 2.720637
v 11.149436 -14.392364 -2.704093
v 10.916141 -14.420448 -2.704093
v 10.951294 -14.416217 -2.614464
v 11.248889 -14.380392 -2.642030
v 11.093593 -14.504277 -2.704093
v 11.099472 -14.553121 -2.634840
v 11.069871 -14.307220 -2.612875
v 11.069651 -14.305392 -2.704093
v -2.270945 -12.307215 -1.348842
v -2.120163 -12.166392 -1.348842
v -2.102013 -12.149441 -1.220793
v -2.318297 -12.351439 -1.224476
v -2.132796 -12.343690 -1.348842
v -2.285599 -12.180080 -1.348842
v -2.290721 -12.174596 -1.240460
v -2.135034 -12.341294 -1.224287
v -14.422566 -4.107830 -0.368485
v -14.452010 -4.347366 -0.368485
v -14.455555 -4.376199 -0.224967
v -14.413320 -4.032605 -0.229095
v -14.573850 -4.178883 -0.368485
v -14.313935 -4.210832 -0.368485
v -14.305223 -4.211903 -0.247010
v -14.570043 -4.179350 -0.228883
v -14.369357 -0.216898 0.213970
v -14.312722 -0.427345 0.213970
v -14.308043 -0.444736 0.289515
v -14.375429 -0.194334 0.333600
v -14.434728 -0.337090 0.214019
v -14.234622 -0.283238 0.214019
v -14.286903 -0.297308 0.299249
v -14.465949 -0.345492 0.311388
v -1.377697 7.283218 1.955077
v -1.353332 7.238242 1.869559
v -1.274823 7.093317 1.869559
v -1.245247 7.038721 1.955077
v -1.370207 7.111432 1.869526
v -1.233427 7.185529 1.869526
v -1.177769 7.215680 1.958800
v -1.383622 7.104165 1.964655
v 4.202713 11.764895 2.556947
v 4.034409 11.687333 2.556947
v 4.059769 11.699020 2.667078
v 4.274460 11.797960 2.633206
v 4.187894 11.667377 2.556947
v 4.204133 11.632140 2.642041
v 4.122379 11.809539 2.669030
v 4.121772 11.810857 2.556947
v -6.833264 -8.624939 -0.477143
v -6.806159 -8.668696 -0.627498
v -6.718820 -8.809693 -0.627498
v -6.685918 -8.862810 -0.477143
v -6.815699 -8.797071 -0.627555
v -6.682625 -8.714641 -0.627555
v -6.628476 -8.681098 -0.470598
v -6.828750 -8.805156 -0.460305
v 8.572698 -11.880464 -1.990633
v 8.639067 -11.877111 -2.088443
v 8.852924 -11.866309 -2.088443
v 8.933490 -11.862240 -1.990633
v 8.778240 -11.967955 -2.088480
v 8.768044 -11.766115 -2.088480
v 8.763896 -11.683983 -1.986375
v 8.779240 -11.987750 -1.979679
v -10.015449 -9.397778 -0.902447
v -9.996274 -9.408849 -0.698133
v -10.150330 -9.319897 -0.749706
v -10.202756 -9.289625 -0.902447
v -10.179994 -9.506798 -0.902447
v -10.068004 -9.312842 -0.902447
v -10.030207 -9.247383 -0.722944
v -10.161152 -9.474165 -0.735946
v 0.050960 -12.755707 -1.606343
v 0.244534 -12.790250 -1.606343
v 0.215366 -12.785046 -1.478958
v -0.031559 -12.740981 -1.518136
v 0.123006 -12.679790 -1.606343
v 0.130238 -12.639262 -1.507916
v 0.093828 -12.843295 -1.476699
v 0.093557 -12.844811 -1.606343
v 11.195440 9.075478 1.790544
v 10.976518 9.160094 1.790544
v 10.958426 9.167087 1.865089
v 11.218914 9.066405 1.908590
v 11.132553 9.208732 1.790591
v 11.052094 9.000566 1.790591
v 11.073115 9.054954 1.874693
v 11.145106 9.241211 1.886672
v -9.736801 -2.448339 0.202364
v -9.576280 -2.327786 0.202364
v -9.600467 -2.345951 0.322353
v -9.805230 -2.499731 0.285449
v -9.743369 -2.341689 0.202364
v -9.768608 -2.308082 0.295076
v -9.641541 -2.477276 0.324480
v -9.640596 -2.478533 0.202364
v 2.738652 15.470597 3.231252
v 2.778439 15.300124 3.231252
v 2.783228 15.279604 3.352648
v 2.726157 15.524133 3.349157
v 2.653381 15.384420 3.231252
v 2.838357 15.427592 3.231252
v 2.844558 15.429039 3.334003
v 2.656090 15.385053 3.349336
v 8.620834 10.095117 2.068507
v 8.710236 9.893727 2.068507
v 8.720997 9.869486 2.247468
v 8.592758 10.158360 2.242321
v 8.535731 9.968455 2.068507
v 8.754253 10.065462 2.068507
v 8.761579 10.068714 2.219981
v 8.538932 9.969876 2.242586
v -5.507005 -10.648248 -0.898162
v -5.518755 -10.626518 -0.622103
v -5.424354 -10.801105 -0.691786
v -5.392229 -10.860518 -0.898162
v -5.286909 -10.640834 -0.898162
v -5.506712 -10.759684 -0.898162
v -5.580894 -10.799794 -0.655627
v -5.323890 -10.660830 -0.673194
v 9.846390 -6.963100 -1.173938
v 9.813299 -6.966441 -1.262216
v 9.706674 -6.977205 -1.262216
v 9.666506 -6.981261 -1.173938
v 9.741455 -6.924525 -1.262250
v 9.751615 -7.025158 -1.262250
v 9.755749 -7.066107 -1.170096
v 9.740458 -6.914655 -1.164052
v -14.205653 -0.860687 0.152850
v -14.259574 -0.692151 0.152850
v -14.268678 -0.663697 0.229689
v -14.196375 -0.889686 0.244472
v -14.142279 -0.744550 0.152793
v -14.346460 -0.809876 0.152793
v -14.270203 -0.785478 0.260906
v -14.127538 -0.739834 0.228065
v -15.956098 0.966575 0.322640
v -15.947862 0.946705 0.448225
v -16.014036 1.106348 0.416525
v -16.036556 1.160676 0.322640
v -16.147390 0.979805 0.322640
v -15.946402 1.063118 0.322640
v -15.878569 1.091236 0.432975
v -16.113575 0.993822 0.424983
v 10.315784 8.981175 1.780559
v 10.304184 8.819126 1.780559
v 10.305931 8.843544 1.990810
v 10.320728 9.050256 1.926145
v 10.384409 8.928560 1.780559
v 10.418336 8.926132 1.943014
v 10.247531 8.938358 1.994538
v 10.246262 8.938449 1.780559
v -5.248633 -9.159193 -0.636538
v -5.382507 -9.116962 -0.636538
v -5.398621 -9.111879 -0.516661
v -5.206591 -9.172456 -0.520109
v -5.273233 -9.065140 -0.636538
v -5.319057 -9.210403 -0.636538
v -5.320593 -9.215273 -0.535073
v -5.273904 -9.067267 -0.519932
v -14.926160 -3.029346 -0.209291
v -14.950418 -3.047688 -0.095046
v -14.755526 -2.900319 -0.123884
v -14.689202 -2.850168 -0.209291
v -14.976142 -2.762885 -0.209291
v -14.790606 -3.008251 -0.209291
v -14.727988 -3.091062 -0.108919
v -14.944926 -2.804167 -0.116189
v -12.298940 -0.982322 0.238161
v -12.542748 -1.012281 0.238161
v -12.583911 -1.017339 0.330767
v -12.256989 -0.977167 0.348584
v -12.440949 -0.865853 0.238092
v -12.404654 -1.161227 0.238092
v -12.418209 -1.050911 0.368391
v -12.443570 -0.844528 0.328810
v -8.357215 -2.593183 0.359076
v -8.426031 -2.601594 0.261873
v -8.647773 -2.628696 0.261873
v -8.731308 -2.638906 0.359076
v -8.577594 -2.517384 0.261836
v -8.552014 -2.726664 0.261836
v -8.541606 -2.811824 0.363307
v -8.580102 -2.496859 0.369962
v -2.614315 -10.502069 -0.900712
v -2.630127 -10.453141 -1.000498
v -2.681077 -10.295487 -1.000498
v -2.700272 -10.236095 -0.900712
v -2.590142 -10.330921 -1.000536
v -2.738936 -10.379008 -1.000536
v -2.799483 -10.398576 -0.896368
v -2.575549 -10.326205 -0.889537
v -13.613667 -12.095818 -1.510766
v -13.552631 -12.303987 -1.510766
v -13.561829 -12.272619 -1.419506
v -13.639685 -12.007076 -1.447574
v -13.503270 -12.129657 -1.510766
v -13.459687 -12.116879 -1.440252
v -13.679105 -12.181211 -1.417888
v -13.680735 -12.181689 -1.510766
v 1.687329 11.711710 2.583241
v 1.660835 11.710914 2.745824
v 1.873696 11.717311 2.704784
v 1.946135 11.719488 2.583241
v 1.786253 11.926296 2.583241
v 1.794307 11.658307 2.583241
v 1.797026 11.567861 2.726080
v 1.787608 11.881208 2.715734
v 9.680517 3.349847 0.610599
v 9.725402 3.200604 0.610599
v 9.730804 3.182640 0.702429
v 9.666421 3.396715 0.699788
v 9.609572 3.268509 0.610599
v 9.771511 3.317212 0.610599
v 9.776940 3.318845 0.688324
v 9.611944 3.269222 0.699923
v 4.620296 -10.091037 -1.420514
v 4.671667 -10.351102 -1.420514
v 4.677851 -10.382406 -1.327405
v 4.604163 -10.009366 -1.330082
v 4.486773 -10.217036 -1.420514
v 4.768962 -10.161295 -1.420514
v 4.778422 -10.159426 -1.341705
v 4.490906 -10.216220 -1.329945
v -6.454443 -8.444852 -0.555137
v -6.254554 -8.383018 -0.555137
v -6.284673 -8.392335 -0.395859
v -6.539653 -8.471212 -0.444847
v -6.423383 -8.337902 -0.555137
v -6.436329 -8.296053 -0.432068
v -6.371153 -8.506742 -0.393036
v -6.370669 -8.508307 -0.555137
v 7.896724 14.409636 3.001889
v 8.085837 14.509132 3.001889
v 8.108601 14.521109 3.127363
v 7.837334 14.378390 3.123755
v 8.024777 14.335452 3.001889
v 7.916817 14.540654 3.001889
v 7.913198 14.547533 3.108092
v 8.023196 14.338458 3.123940
v -10.391401 -6.111711 -0.420171
v -10.413134 -6.099586 -0.292402
v -10.238526 -6.196998 -0.324654
v -10.179106 -6.230148 -0.420171
v -10.208289 -5.986462 -0.420171
v -10.330929 -6.206291 -0.420171
v -10.372320 -6.280483 -0.307918
v -10.228923 -6.023447 -0.316049
v -3.032480 -11.393668 -1.135697
v -3.208814 -11.266520 -1.135697
v -3.182244 -11.285678 -0.996686
v -2.957310 -11.447871 -1.039440
v -3.140635 -11.434802 -1.135697
v -3.167256 -11.471720 -1.028287
v -3.033236 -11.285857 -0.994221
v -3.032240 -11.284477 -1.135697
v -2.511620 -5.429558 -0.000258
v -2.564661 -5.432486 -0.093702
v -2.735571 -5.441920 -0.093702
v -2.799956 -5.445474 -0.000258
v -2.676250 -5.360390 -0.093737
v -2.667346 -5.521695 -0.093737
v -2.663723 -5.587332 0.003809
v -2.677124 -5.344570 0.010206
v -10.088459 -13.134174 -1.480678
v -9.911133 -13.051723 -1.480678
v -9.889788 -13.041798 -1.385329
v -10.144148 -13.160068 -1.388071
v -9.974744 -13.207732 -1.480678
v -10.064210 -13.015320 -1.480678
v -10.067209 -13.008869 -1.399974
v -9.976054 -13.204914 -1.387930
v -9.044374 -7.763869 -0.585699
v -8.961906 -7.589552 -0.585699
v -8.951980 -7.568570 -0.453265
v -9.070272 -7.818611 -0.457073
v -8.911777 -7.747947 -0.585699
v -9.100923 -7.658463 -0.585699
v -9.107264 -7.655463 -0.473605
v -8.914547 -7.746636 -0.456878
v -13.333926 -2.000666 0.044245
v -13.250763 -1.798215 0.044245
v -13.243891 -1.781484 0.116252
v -13.342843 -2.022373 0.158271
v -13.208465 -1.944637 0.044291
v -13.400968 -1.865561 0.044291
v -13.350673 -1.886221 0.125529
v -13.178430 -1.956975 0.137100
v -12.166855 -2.819146 -0.033096
v -12.149464 -2.807170 0.173101
v -12.289190 -2.903394 0.121053
v -12.336740 -2.936139 -0.033096
v -12.140388 -3.005520 -0.033096
v -12.261533 -2.829605 -0.033096
v -12.302420 -2.770235 0.148061
v -12.160770 -2.975923 0.134939
v -4.351820 -8.440127 -0.567916
v -4.446427 -8.598269 -0.567916
v -4.432172 -8.574441 -0.440075
v -4.311490 -8.372712 -0.479394
v -4.309241 -8.528491 -0.567916
v -4.276133 -8.548298 -0.469137
v -4.442820 -8.448579 -0.437809
v -4.444058 -8.447838 -0.567916
v -7.219332 -12.168160 -1.227267
v -7.366955 -12.412132 -1.227267
v -7.401957 -12.469978 -1.139194
v -7.257164 -12.230683 -1.139194
v -7.421278 -12.273378 -1.227305
v -7.198027 -12.408463 -1.227305
v -7.183718 -12.417122 -1.129863
v -7.383336 -12.296336 -1.138644
v -3.506823 -9.186638 -0.751773
v -3.356942 -9.238113 -0.751773
v -3.379526 -9.230357 -0.631141
v -3.570716 -9.164694 -0.668242
v -3.440048 -9.135099 -0.751773
v -3.429271 -9.103720 -0.658564
v -3.483529 -9.261699 -0.629002
v -3.483932 -9.262873 -0.751773
v -12.770055 -14.662891 -1.839128
v -12.602617 -14.533919 -1.839128
v -12.582462 -14.518395 -1.745978
v -12.822638 -14.703394 -1.748657
v -12.632713 -14.713501 -1.839128
v -12.772657 -14.531818 -1.839128
v -12.777349 -14.525728 -1.760285
v -12.634763 -14.710840 -1.748520
v 13.551668 14.461934 2.880615
v 13.438832 14.315785 2.880615
v 13.425250 14.298194 2.980807
v 13.587103 14.507831 2.977926
v 13.424388 14.474200 2.880615
v 13.582969 14.351765 2.880615
v 13.588285 14.347660 2.965419
v 13.426710 14.472407 2.978074
v 6.820311 10.832214 2.280864
v 6.820416 10.850066 2.470228
v 6.819568 10.706637 2.422428
v 6.819279 10.657827 2.280864
v 6.962350 10.760434 2.280864
v 6.781775 10.761501 2.280864
v 6.720832 10.761862 2.447232
v 6.931969 10.760613 2.435181
v -11.512955 2.734209 1.223812
v -11.445407 2.556304 1.223812
v -11.437276 2.534889 1.352622
v -11.534167 2.790079 1.348917
v -11.592347 2.629017 1.223812
v -11.399306 2.702312 1.223812
v -11.392836 2.704769 1.332838
v -11.589520 2.630091 1.349107
v -1.142991 -12.183710 -1.421613
v -0.927762 -12.197641 -1.421613
v -0.960192 -12.195542 -1.311853
v -1.234741 -12.177771 -1.345611
v -1.073764 -12.092132 -1.421613
v -1.070848 -12.047071 -1.336805
v -1.085532 -12.273929 -1.309907
v -1.085641 -12.275614 -1.421613
v 13.038270 6.228007 1.082636
v 12.768986 6.195192 1.082636
v 12.746733 6.192481 1.155009
v 13.067142 6.231525 1.197242
v 12.901644 6.329680 1.082682
v 12.932846 6.073629 1.082682
v 12.924694 6.140527 1.164334
v 12.896776 6.369630 1.175963
v -13.672047 -5.137885 -0.473736
v -13.666243 -5.334329 -0.473736
v -13.665545 -5.357975 -0.357739
v -13.673869 -5.076194 -0.361075
v -13.785071 -5.213714 -0.473736
v -13.571916 -5.207417 -0.473736
v -13.564770 -5.207206 -0.375555
v -13.781949 -5.213622 -0.360904
v -15.344408 -7.321279 -0.886125
v -15.163756 -7.416685 -0.886125
v -15.136158 -7.431261 -0.787087
v -15.349157 -7.318771 -0.766820
v -15.272553 -7.434527 -0.886140
v -15.183940 -7.266736 -0.886140
v -15.183940 -7.266736 -0.784694
v -15.276909 -7.442774 -0.765300
v -11.919100 -7.244247 -0.665810
v -11.701737 -7.135246 -0.665810
v -11.683775 -7.126238 -0.592850
v -11.942406 -7.255934 -0.550275
v -11.773092 -7.288805 -0.665763
v -11.876737 -7.082124 -0.665763
v -11.849657 -7.136123 -0.583450
v -11.756921 -7.321053 -0.571727
v 7.799127 11.187213 2.439541
v 7.844402 11.167161 2.320477
v 7.990290 11.102548 2.320477
v 8.045249 11.078207 2.439541
v 7.906483 11.060006 2.320433
v 7.967464 11.197695 2.320433
v 7.992279 11.253723 2.444724
v 7.900502 11.046502 2.452875
v -10.587012 1.117358 0.750610
v -10.802841 1.005438 0.750610
v -10.770320 1.022302 0.840048
v -10.495007 1.165069 0.812540
v -10.600480 0.988654 0.750610
v -10.577048 0.943468 0.819716
v -10.695016 1.170958 0.841634
v -10.695892 1.172648 0.750610
v -5.230093 -8.613171 -0.531485
v -5.217953 -8.641047 -0.384051
v -5.315487 -8.417087 -0.421266
v -5.348679 -8.340871 -0.531485
v -5.500778 -8.599277 -0.531485
v -5.218815 -8.476484 -0.531485
v -5.123653 -8.435041 -0.401955
v -5.453339 -8.578618 -0.411337
v 11.852688 15.087007 3.048143
v 11.838355 14.916925 3.048143
v 11.836630 14.896453 3.173922
v 11.857188 15.140419 3.170305
v 11.747693 15.032702 3.048143
v 11.932243 15.017150 3.048143
v 11.938431 15.016629 3.154604
v 11.750397 15.032475 3.170491
v -11.072468 2.422469 1.380934
v -11.019286 2.433083 1.285909
v -10.847922 2.467284 1.285909
v -10.783365 2.480169 1.380934
v -10.896106 2.376326 1.285873
v -10.928385 2.538060 1.285873
v -10.941520 2.603872 1.385070
v -10.892941 2.360464 1.391576
v 3.773185 11.288715 2.479960
v 3.748273 11.284822 2.583780
v 3.948424 11.316098 2.557574
v 4.016538 11.326742 2.479960
v 3.841112 11.502982 2.479960
v 3.880489 11.250994 2.479960
v 3.893778 11.165949 2.571172
v 3.847737 11.460587 2.564566
v -13.288138 -9.700465 -1.131305
v -13.455006 -9.763472 -1.131305
v -13.429862 -9.753978 -1.040078
v -13.217005 -9.673606 -1.068136
v -13.309006 -9.793082 -1.131305
v -13.295815 -9.828017 -1.060817
v -13.362226 -9.652134 -1.038461
v -13.362720 -9.650827 -1.131305
v -8.697225 -9.374809 -0.826093
v -8.870441 -9.212151 -0.826093
v -8.844341 -9.236660 -0.700725
v -8.623384 -9.444150 -0.739283
v -8.820250 -9.404158 -0.826093
v -8.854304 -9.440423 -0.729225
v -8.682856 -9.257847 -0.698502
v -8.681582 -9.256490 -0.826093
v -7.004555 -10.257310 -0.886419
v -6.979593 -10.256289 -0.690807
v -7.180140 -10.264493 -0.740184
v -7.248389 -10.267285 -0.886419
v -7.095594 -10.460560 -0.886419
v -7.105923 -10.208073 -0.886419
v -7.109409 -10.122859 -0.714562
v -7.097332 -10.418079 -0.727009
v -10.416394 2.682290 1.408042
v -10.183952 2.630031 1.408042
v -10.218976 2.637906 1.505400
v -10.515482 2.704567 1.475457
v -10.325092 2.770293 1.408042
v -10.314151 2.818958 1.483268
v -10.369233 2.573956 1.507126
v -10.369642 2.572137 1.408042
v 2.473276 12.793778 2.765341
v 2.526794 12.999963 2.765341
v 2.518730 12.968895 2.893993
v 2.450461 12.705883 2.854425
v 2.397311 12.877951 2.765341
v 2.354143 12.889154 2.864747
v 2.571469 12.832746 2.896274
v 2.573084 12.832326 2.765341
v -12.068142 -14.927568 -1.852647
v -11.890371 -14.898882 -1.852647
v -11.868973 -14.895430 -1.764169
v -12.123969 -14.936577 -1.766714
v -11.985783 -15.021210 -1.852647
v -12.016910 -14.828316 -1.852647
v -12.017953 -14.821849 -1.777758
v -11.986238 -15.018385 -1.766583
v 12.577235 1.487228 0.040549
v 12.586265 1.506752 0.175308
v 12.513721 1.349888 0.141292
v 12.489034 1.296506 0.040549
v 12.697160 1.337592 0.040549
v 12.499670 1.428923 0.040549
v 12.433018 1.459748 0.158943
v 12.663933 1.352958 0.150368
v 12.817193 0.602638 -0.037706
v 12.829162 0.650204 -0.125089
v 12.867727 0.803474 -0.125089
v 12.882256 0.861215 -0.037706
v 12.923336 0.728810 -0.125122
v 12.778679 0.765208 -0.125122
v 12.719816 0.780018 -0.033903
v 12.937523 0.725240 -0.027920
v 8.987726 2.149691 0.398093
v 8.972387 2.004480 0.398093
v 8.970541 1.987000 0.487742
v 8.992543 2.195294 0.485164
v 8.896941 2.105146 0.398093
v 9.054506 2.088502 0.398093
v 9.059789 2.087944 0.473973
v 8.899249 2.104902 0.485296
v -11.936879 -6.291337 -0.515953
v -11.820487 -6.061718 -0.515953
v -11.810868 -6.042742 -0.441966
v -11.949359 -6.315957 -0.398790
v -11.784549 -6.237345 -0.515906
v -12.002885 -6.126672 -0.515906
v -11.945841 -6.155587 -0.432433
v -11.750483 -6.254612 -0.420544
v -8.018336 -6.567940 -0.211112
v -7.981277 -6.539039 -0.330889
v -7.861865 -6.445914 -0.330889
v -7.816880 -6.410832 -0.211112
v -7.863810 -6.535093 -0.330934
v -7.951702 -6.422392 -0.330934
v -7.987466 -6.376532 -0.205898
v -7.855190 -6.546147 -0.197698
v 8.826825 2.821555 0.551625
v 9.033429 2.758022 0.551625
v 9.002298 2.767595 0.686306
v 8.738751 2.848639 0.644883
v 8.915571 2.894773 0.551625
v 8.928872 2.938029 0.655689
v 8.861907 2.720261 0.688693
v 8.861409 2.718643 0.551625
v -15.536548 -10.592370 -1.220893
v -15.520386 -10.539992 -1.350434
v -15.468307 -10.371221 -1.350434
v -15.448689 -10.307639 -1.220893
v -15.410653 -10.457825 -1.350483
v -15.569941 -10.408673 -1.350483
v -15.634758 -10.388673 -1.215254
v -15.395031 -10.462646 -1.206386
v 1.158415 6.411288 1.737826
v 1.195117 6.349361 1.617595
v 1.313378 6.149820 1.617595
v 1.357929 6.074647 1.737826
v 1.178263 6.170121 1.617549
v 1.366590 6.281736 1.617549
v 1.443224 6.327154 1.743059
v 1.159792 6.159174 1.751290
v -4.371682 -8.289801 -0.525401
v -4.491303 -8.165481 -0.525401
v -4.505702 -8.150517 -0.401769
v -4.334116 -8.328842 -0.405325
v -4.342903 -8.173838 -0.525401
v -4.477799 -8.303636 -0.525401
v -4.482321 -8.307987 -0.420758
v -4.344878 -8.175738 -0.405143
v -14.986182 -5.737571 -0.618521
v -15.016095 -5.744992 -0.470011
v -14.775767 -5.685372 -0.507498
v -14.693981 -5.665083 -0.618521
v -14.926536 -5.469380 -0.618521
v -14.851475 -5.771951 -0.618521
v -14.826142 -5.874068 -0.488046
v -14.913907 -5.520287 -0.497496
v -7.467903 -4.451914 0.012916
v -7.496125 -4.608308 0.012916
v -7.499522 -4.627133 0.124213
v -7.459040 -4.402800 0.121012
v -7.569993 -4.493030 0.012916
v -7.400295 -4.523653 0.012916
v -7.394606 -4.524679 0.107118
v -7.567508 -4.493478 0.121176
v 13.778213 6.629395 1.131308
v 13.917275 6.573073 1.131308
v 13.896321 6.581560 1.250552
v 13.718931 6.653404 1.213877
v 13.843972 6.674706 1.131308
v 13.855764 6.703821 1.223444
v 13.796399 6.557244 1.252666
v 13.795959 6.556155 1.131308
v -6.268687 -1.716638 0.646971
v -6.329765 -1.581250 0.646971
v -6.320562 -1.601650 0.737899
v -6.242650 -1.774353 0.709933
v -6.346749 -1.704133 0.646971
v -6.375094 -1.716920 0.717228
v -6.232390 -1.652542 0.739511
v -6.231330 -1.652064 0.646971
v 9.938554 15.645516 3.353719
v 9.926199 15.694902 3.247018
v 9.886390 15.854034 3.247018
v 9.871393 15.913983 3.353719
v 9.973852 15.812964 3.246978
v 9.823663 15.775393 3.246978
v 9.762548 15.760104 3.358364
v 9.988583 15.816649 3.365669
v 11.142364 0.129092 -0.155456
v 11.336333 0.155345 -0.155456
v 11.359681 0.158506 -0.046444
v 11.081450 0.120847 -0.049579
v 11.229269 0.025057 -0.155456
v 11.200782 0.235528 -0.155456
v 11.199827 0.242584 -0.063187
v 11.228852 0.028140 -0.049418
v 1.802155 14.388688 3.037735
v 1.883805 14.594997 3.037735
v 1.893633 14.619830 3.136573
v 1.776513 14.323899 3.133730
v 1.953206 14.416884 3.037735
v 1.729346 14.505482 3.037735
v 1.721842 14.508451 3.121392
v 1.949927 14.418182 3.133876
v -14.408012 -1.162479 0.074159
v -14.441897 -1.360397 0.074159
v -14.436791 -1.330575 0.246908
v -14.393567 -1.078108 0.193777
v -14.329971 -1.235504 0.074159
v -14.288535 -1.242599 0.207637
v -14.497147 -1.206882 0.249971
v -14.498696 -1.206617 0.074159
v -13.987379 1.545978 0.517302
v -14.135974 1.359279 0.517302
v -14.158675 1.330756 0.600827
v -13.983473 1.550887 0.617919
v -14.132910 1.488013 0.517289
v -13.959500 1.349997 0.517289
v -13.959500 1.349997 0.602844
v -14.141432 1.494797 0.619201
v 1.288742 1.448182 0.892849
v 1.261786 1.492797 0.805321
v 1.174925 1.636558 0.805321
v 1.142203 1.690717 0.892849
v 1.272887 1.622689 0.805288
v 1.137205 1.540710 0.805288
v 1.081994 1.507352 0.896658
v 1.286194 1.630729 0.902651
v -11.179810 0.169791 0.490095
v -11.188260 0.188477 0.602263
v -11.120370 0.038354 0.573950
v -11.097267 -0.012734 0.490095
v -10.997125 0.162973 0.490095
v -11.186128 0.077501 0.490095
v -11.249915 0.048655 0.588642
v -11.028924 0.148593 0.581504
v 13.625238 -6.905141 -1.483225
v 13.579212 -6.909933 -1.567943
v 13.430904 -6.925372 -1.567943
v 13.375033 -6.931189 -1.483225
v 13.479070 -6.851924 -1.567976
v 13.493641 -6.991897 -1.567976
v 13.499570 -7.048853 -1.479538
v 13.477640 -6.838196 -1.473738
v -10.121817 -8.700632 -0.808363
v -9.959146 -8.878679 -0.808363
v -9.983657 -8.851851 -0.643004
v -10.191163 -8.624732 -0.693862
v -9.995042 -8.680478 -0.808363
v -9.957766 -8.646420 -0.680596
v -10.145433 -8.817882 -0.640073
v -10.146827 -8.819156 -0.808363
v 5.051722 6.301983 1.440802
v 5.124137 6.077513 1.440802
v 5.132854 6.050493 1.561355
v 5.028980 6.372476 1.557888
v 4.946826 6.176770 1.440802
v 5.190392 6.255346 1.440802
v 5.198557 6.257980 1.542839
v 4.950393 6.177920 1.558066
v -7.541335 -9.506099 -0.777699
v -7.389883 -9.301803 -0.777699
v -7.412704 -9.332586 -0.629044
v -7.605898 -9.593189 -0.674764
v -7.587779 -9.378953 -0.777699
v -7.630550 -9.347245 -0.662838
v -7.415215 -9.506881 -0.626408
v -7.413616 -9.508066 -0.777699
v -14.448486 1.788721 0.561861
v -14.439490 1.767703 0.673744
v -14.511762 1.936566 0.645502
v -14.536356 1.994032 0.561861
v -14.651952 1.800456 0.561861
v -14.439355 1.891444 0.561861
v -14.367604 1.922152 0.660157
v -14.616183 1.815764 0.653037
v -4.145506 -3.887578 0.268610
v -4.264400 -4.032874 0.268610
v -4.278711 -4.050364 0.368530
v -4.108168 -3.841949 0.365657
v -4.274520 -3.871446 0.268610
v -4.116863 -4.000454 0.268610
v -4.111578 -4.004779 0.353183
v -4.272211 -3.873335 0.365804
v 6.422836 -12.723909 -2.048888
v 6.333804 -12.612305 -2.048888
v 6.347219 -12.629121 -1.954154
v 6.460789 -12.771485 -1.983291
v 6.347158 -12.730793 -2.048888
v 6.323792 -12.749434 -1.975690
v 6.441427 -12.655591 -1.952475
v 6.442301 -12.654894 -2.048888
v -9.708012 2.378238 1.300558
v -9.722467 2.361950 1.419572
v -9.606330 2.492815 1.389530
v -9.566807 2.537351 1.300558
v -9.780553 2.558316 1.300558
v -9.615794 2.412099 1.300558
v -9.560188 2.362751 1.405119
v -9.752833 2.533715 1.397546
v -13.129431 -2.451608 -0.015153
v -13.204269 -2.273961 -0.015153
v -13.216904 -2.243969 0.080432
v -13.116553 -2.482174 0.098821
v -13.071918 -2.319451 -0.015225
v -13.287138 -2.410119 -0.015225
v -13.206758 -2.376256 0.119265
v -13.056381 -2.312906 0.078411
v -10.025333 -11.587862 -1.237351
v -10.013618 -11.604827 -1.136698
v -10.107736 -11.468522 -1.162105
v -10.139765 -11.422135 -1.237351
v -10.207266 -11.613928 -1.237351
v -10.035660 -11.495436 -1.237351
v -9.977742 -11.455444 -1.148921
v -10.178394 -11.593992 -1.155326
v 8.365052 -15.523668 -2.687660
v 8.479716 -15.337961 -2.687660
v 8.493519 -15.315607 -2.567727
v 8.329043 -15.581988 -2.571176
v 8.516198 -15.522422 -2.687660
v 8.314692 -15.398003 -2.687660
v 8.307937 -15.393832 -2.586147
v 8.513247 -15.520599 -2.570999
v -9.490766 -11.798401 -1.266560
v -9.467236 -11.781351 -1.070893
v -9.656281 -11.918332 -1.120284
v -9.720615 -11.964949 -1.266560
v -9.448210 -12.053918 -1.266560
v -9.620667 -11.815911 -1.266560
v -9.678871 -11.735585 -1.094655
v -9.477225 -12.013874 -1.107106
v -11.104451 -14.968248 -1.825396
v -11.215135 -15.065825 -1.825396
v -11.198457 -15.051123 -1.733326
v -11.057268 -14.926652 -1.761643
v -11.093499 -15.046020 -1.825396
v -11.073071 -15.069193 -1.754256
v -11.175920 -14.952528 -1.731694
v -11.176684 -14.951662 -1.825396
v -7.750063 -12.447978 -1.265514
v -7.552256 -12.488053 -1.265514
v -7.528446 -12.492877 -1.084826
v -7.812183 -12.435393 -1.090022
v -7.700627 -12.578717 -1.265514
v -7.657143 -12.364082 -1.265514
v -7.655685 -12.356887 -1.112578
v -7.699990 -12.575574 -1.089756
v 7.769339 11.337300 2.487275
v 7.770634 11.390815 2.401864
v 7.774806 11.563249 2.401864
v 7.776377 11.628208 2.487275
v 7.851966 11.497149 2.401832
v 7.689223 11.501087 2.401832
v 7.623000 11.502689 2.490993
v 7.867928 11.496763 2.496840
v -10.542526 -3.321343 -0.003440
v -10.713111 -3.405301 -0.003440
v -10.687407 -3.392650 0.109351
v -10.469807 -3.285552 0.074661
v -10.555170 -3.421749 -0.003440
v -10.537593 -3.457463 0.083710
v -10.626087 -3.277660 0.111351
v -10.626744 -3.276325 -0.003440
v -12.288158 -9.554339 -1.039440
v -12.274963 -9.577645 -0.880434
v -12.380977 -9.390401 -0.920570
v -12.417055 -9.326680 -1.039440
v -12.526570 -9.567028 -1.039440
v -12.290832 -9.433558 -1.039440
v -12.211270 -9.388512 -0.899743
v -12.486908 -9.544573 -0.909862
v -3.286473 -13.099683 -1.392483
v -3.537731 -13.020758 -1.392483
v -3.580151 -13.007433 -1.307120
v -3.243241 -13.113263 -1.290697
v -3.373408 -12.923002 -1.392546
v -3.469026 -13.227402 -1.392546
v -3.433314 -13.113714 -1.272440
v -3.366504 -12.901026 -1.308925
v 10.088668 5.850132 1.117635
v 10.237772 5.683043 1.117635
v 10.255720 5.662930 1.244640
v 10.041842 5.902606 1.240987
v 10.045685 5.701117 1.117635
v 10.226990 5.862906 1.117635
v 10.233068 5.868329 1.225133
v 10.048341 5.703486 1.241174
v -12.901793 -6.496967 -0.631040
v -13.048529 -6.601810 -0.631040
v -13.066192 -6.614430 -0.536161
v -12.855711 -6.464042 -0.538890
v -13.017357 -6.449597 -0.631040
v -12.903594 -6.608818 -0.631040
v -12.899780 -6.614155 -0.550734
v -13.015691 -6.451930 -0.538750
v 6.662385 4.275617 1.057120
v 6.635732 4.230646 0.951439
v 6.549847 4.085741 0.951439
v 6.517492 4.031151 1.057120
v 6.515673 4.178892 0.951399
v 6.652435 4.097834 0.951399
v 6.708086 4.064850 1.061720
v 6.502260 4.186841 1.068955
v -9.292131 -14.515479 -1.548677
v -9.354550 -14.503598 -1.669135
v -9.555676 -14.465317 -1.669135
v -9.631446 -14.450895 -1.548677
v -9.463326 -14.387756 -1.669181
v -9.499455 -14.577580 -1.669181
v -9.514158 -14.654822 -1.543434
v -9.459782 -14.369140 -1.535187
v -11.134196 -10.362309 -1.107244
v -11.002795 -10.274636 -1.107244
v -11.022594 -10.287847 -0.945391
v -11.190212 -10.399683 -0.995170
v -11.134679 -10.278230 -1.107244
v -11.153034 -10.250719 -0.982185
v -11.060624 -10.389221 -0.942521
v -11.059937 -10.390250 -1.107244
v -10.510751 -12.509183 -1.411040
v -10.347624 -12.538410 -1.411040
v -10.327988 -12.541928 -1.312790
v -10.561979 -12.500004 -1.315616
v -10.467742 -12.615591 -1.411040
v -10.436028 -12.438586 -1.411040
v -10.434965 -12.432652 -1.327881
v -10.467278 -12.612999 -1.315471
v 11.634351 11.537672 2.315201
v 11.644496 11.517465 2.464028
v 11.562984 11.679811 2.426461
v 11.535243 11.735059 2.315201
v 11.432787 11.537004 2.315201
v 11.637178 11.639627 2.315201
v 11.706160 11.674263 2.445955
v 11.467175 11.554270 2.436484
v -10.010051 -3.077065 0.070792
v -10.164715 -3.078740 0.070792
v -10.183331 -3.078942 0.183737
v -9.961480 -3.076539 0.180489
v -10.068056 -2.987011 0.070792
v -10.066238 -3.154833 0.070792
v -10.066177 -3.160459 0.166390
v -10.068029 -2.989469 0.180655
v 1.245264 7.895558 2.051298
v 1.306340 7.926838 1.939166
v 1.503139 8.027627 1.939166
v 1.577278 8.065597 2.051298
v 1.475882 7.900268 1.939124
v 1.380758 8.086008 1.939124
v 1.342050 8.161588 2.056179
v 1.485212 7.882052 2.063856
v -9.780498 -4.205265 -0.096082
v -9.760253 -4.197190 0.015973
v -9.922905 -4.262064 -0.012312
v -9.978257 -4.284142 -0.096082
v -9.796507 -4.398903 -0.096082
v -9.878183 -4.194126 -0.096082
v -9.905748 -4.125014 0.002365
v -9.810248 -4.364450 -0.004765
v -13.133875 -0.327781 0.285286
v -13.329611 -0.391762 0.285286
v -13.300117 -0.382121 0.375760
v -13.050433 -0.300507 0.347934
v -13.162765 -0.433515 0.285286
v -13.149369 -0.474495 0.355192
v -13.216806 -0.268182 0.377364
v -13.217307 -0.266649 0.285286
v -3.447944 -13.088160 -1.227083
v -3.477411 -13.129430 -1.409175
v -3.572360 -13.262414 -1.409175
v -3.608130 -13.312511 -1.227083
v -3.597718 -13.169562 -1.409244
v -3.472207 -13.259176 -1.409244
v -3.421135 -13.295641 -1.219157
v -3.610027 -13.160773 -1.206690
v 11.381669 14.785317 2.987434
v 11.428360 14.566215 2.987434
v 11.433981 14.539842 3.079409
v 11.367006 14.854124 3.076764
v 11.270435 14.677164 2.987434
v 11.508178 14.727827 2.987434
v 11.516148 14.729526 3.065282
v 11.273917 14.677906 3.076899
v -6.952232 -6.932261 -0.359005
v -6.949791 -7.176943 -0.359005
v -6.950159 -7.140075 -0.266819
v -6.953272 -6.827954 -0.295172
v -6.842768 -7.002837 -0.359005
v -6.791541 -7.002326 -0.287776
v -7.049444 -7.004898 -0.265185
v -7.051360 -7.004917 -0.359005
v -5.802663 -13.593117 -1.260416
v -5.809345 -13.543587 -1.340107
v -5.830876 -13.383989 -1.340107
v -5.838987 -13.323865 -1.260416
v -5.750006 -13.433577 -1.340137
v -5.900635 -13.453897 -1.340137
v -5.961928 -13.462167 -1.256947
v -5.735233 -13.431583 -1.251491
v 4.953402 -11.145226 -1.650939
v 4.944422 -11.128350 -1.505640
v 5.016567 -11.263928 -1.542317
v 5.041118 -11.310067 -1.650939
v 5.123745 -11.140623 -1.650939
v 4.953053 -11.231453 -1.650939
v 4.895446 -11.262108 -1.523285
v 5.095027 -11.155905 -1.532531
v 1.348450 12.330794 2.689669
v 1.474747 12.436727 2.689669
v 1.489950 12.449478 2.786300
v 1.308788 12.297526 2.783521
v 1.457118 12.295809 2.689669
v 1.342173 12.432850 2.689669
v 1.338319 12.437445 2.771458
v 1.455434 12.297816 2.783663
v -9.408582 -3.705037 0.013182
v -9.609511 -3.657471 0.013182
v -9.633698 -3.651746 0.108154
v -9.345481 -3.719975 0.105423
v -9.454777 -3.569706 0.013182
v -9.506390 -3.787729 0.013182
v -9.508120 -3.795038 0.093567
v -9.455533 -3.572899 0.105563
v -11.798991 2.011314 0.894251
v -11.820447 1.991551 1.005400
v -11.648066 2.150330 0.977344
v -11.589402 2.204364 0.894251
v -11.871439 2.261060 0.894251
v -11.671538 2.044034 0.894251
v -11.604073 1.970788 0.991903
v -11.837807 2.224546 0.984830
v -12.327699 -11.309235 -1.330340
v -12.396104 -11.484548 -1.330340
v -12.404338 -11.505651 -1.236168
v -12.306216 -11.254179 -1.238876
v -12.455695 -11.333769 -1.330340
v -12.265468 -11.407993 -1.330340
v -12.259090 -11.410481 -1.250632
v -12.452909 -11.334856 -1.238737
v -2.231832 4.934491 1.591650
v -2.176183 4.953766 1.506106
v -1.996873 5.015874 1.506106
v -1.929322 5.039271 1.591650
v -2.035276 4.910899 1.506073
v -2.093893 5.080133 1.506073
v -2.117746 5.148997 1.595374
v -2.029527 4.894301 1.601231
v -5.936817 -9.150926 -0.661404
v -5.976864 -9.361623 -0.661404
v -5.981684 -9.386984 -0.557124
v -5.924241 -9.084758 -0.560123
v -6.075102 -9.205131 -0.661404
v -5.846481 -9.248583 -0.661404
v -5.838817 -9.250040 -0.573141
v -6.071754 -9.205767 -0.559969
v -5.511182 -11.537412 -1.021154
v -5.521651 -11.549422 -0.876583
v -5.437543 -11.452925 -0.913075
v -5.408920 -11.420085 -1.021154
v -5.565430 -11.406146 -1.021154
v -5.443939 -11.512036 -1.021154
v -5.402936 -11.547774 -0.894139
v -5.544990 -11.423962 -0.903339
v -13.755323 0.829511 0.432588
v -13.729355 0.825238 0.632704
v -13.937989 0.859566 0.582191
v -14.008990 0.871248 0.432588
v -13.892607 0.639264 0.432588
v -13.849388 0.901933 0.432588
v -13.834803 0.990583 0.608402
v -13.885336 0.683457 0.595668
v 6.609972 -0.694155 0.020014
v 6.498888 -0.850240 0.020014
v 6.515626 -0.826721 0.115163
v 6.657326 -0.627617 0.085899
v 6.646811 -0.789239 0.020014
v 6.679489 -0.812496 0.093533
v 6.514970 -0.695410 0.116850
v 6.513748 -0.694541 0.020014
v -5.483578 -14.648838 -1.400485
v -5.545111 -14.630224 -1.526015
v -5.743385 -14.570246 -1.526015
v -5.818080 -14.547651 -1.400485
v -5.642191 -14.502066 -1.526062
v -5.698799 -14.689197 -1.526062
v -5.721834 -14.765344 -1.395021
v -5.636640 -14.483712 -1.386427
v -14.351593 -0.130399 0.236790
v -14.216308 -0.271314 0.236790
v -14.236692 -0.250081 0.344239
v -14.409264 -0.070328 0.311192
v -14.249342 -0.111542 0.236790
v -14.219839 -0.083218 0.319812
v -14.368369 -0.225813 0.346144
v -14.369473 -0.226872 0.236790
v -14.547161 3.266552 0.907856
v -14.619343 3.254784 0.778240
v -14.851929 3.216862 0.778240
v -14.939550 3.202576 0.907856
v -14.782652 3.337153 0.778191
v -14.746861 3.117637 0.778191
v -14.732298 3.028313 0.913498
v -14.786161 3.358682 0.922372
v 7.836369 15.308844 3.169500
v 7.817521 15.321741 3.284130
v 7.968948 15.218115 3.255195
v 8.020481 15.182850 3.169500
v 8.014189 15.407995 3.169500
v 7.883724 15.217349 3.169500
v 7.839693 15.153007 3.270209
v 7.992239 15.375920 3.262915
v -13.497026 2.953457 0.847692
v -13.652014 3.044688 0.847692
v -13.675692 3.058625 0.956124
v -13.492951 2.951059 0.978314
v -13.555616 3.055961 0.847675
v -13.640351 2.912007 0.847675
v -13.640351 2.912007 0.958744
v -13.551452 3.063036 0.979978
v 7.175832 -11.277521 -1.809828
v 7.160058 -11.295088 -1.653034
v 7.286784 -11.153954 -1.692612
v 7.329910 -11.105924 -1.809828
v 7.098328 -11.081849 -1.809828
v 7.276014 -11.241395 -1.809828
v 7.335983 -11.295241 -1.672075
v 7.128223 -11.108692 -1.682052
v -13.601032 -1.806462 0.049542
v -13.785702 -1.586368 0.049542
v -13.800962 -1.568179 0.134652
v -13.581232 -1.830060 0.184318
v -13.589690 -1.626450 0.049597
v -13.798969 -1.802044 0.049597
v -13.744291 -1.756167 0.145618
v -13.557038 -1.599053 0.159294
v -13.634178 -6.990718 -0.763908
v -13.760416 -7.196557 -0.763908
v -13.790348 -7.245362 -0.670126
v -13.666530 -7.043469 -0.670126
v -13.805713 -7.078790 -0.763949
v -13.617355 -7.194307 -0.763949
v -13.605283 -7.201711 -0.660190
v -13.773701 -7.098422 -0.669541
v -4.351211 -9.675042 -0.771464
v -4.439082 -9.834050 -0.771464
v -4.425841 -9.810091 -0.668785
v -4.313752 -9.607258 -0.700365
v -4.306274 -9.760665 -0.771464
v -4.272984 -9.779062 -0.692128
v -4.440584 -9.686443 -0.666965
v -4.441829 -9.685755 -0.771464
v -0.030060 -9.114256 -0.946389
v 0.076136 -8.909501 -0.946389
v 0.088919 -8.884854 -0.845334
v -0.063410 -9.178557 -0.848241
v 0.129130 -9.101023 -0.946389
v -0.093044 -8.985791 -0.946389
v -0.100492 -8.981929 -0.860856
v 0.125876 -9.099335 -0.848092
v -14.305442 -7.866124 -0.897144
v -14.100121 -7.768336 -0.897144
v -14.075405 -7.756566 -0.760181
v -14.369922 -7.896833 -0.764120
v -14.172415 -7.950440 -0.897144
v -14.278521 -7.727651 -0.897144
v -14.282078 -7.720182 -0.781217
v -14.173968 -7.947177 -0.763918
v 11.301514 8.440986 1.644488
v 11.138162 8.524220 1.644488
v 11.162775 8.511679 1.779772
v 11.371149 8.405503 1.738164
v 11.216679 8.392760 1.644488
v 11.199252 8.358561 1.749017
v 11.286984 8.530739 1.782170
v 11.287636 8.532019 1.644488
v -13.752604 3.490330 1.178340
v -13.771744 3.549832 1.034297
v -13.833414 3.741558 1.034297
v -13.856647 3.813786 1.178340
v -13.722935 3.698333 1.034243
v -13.903887 3.640128 1.034243
v -13.977519 3.616444 1.184610
v -13.705188 3.704042 1.194471
v -0.887179 7.967027 1.997483
v -0.973038 7.790481 1.997483
v -0.960101 7.817082 2.091091
v -0.850578 8.042288 2.062301
v -0.833859 7.877161 1.997483
v -0.796897 7.859186 2.069811
v -0.982982 7.949684 2.092751
v -0.984365 7.950356 1.997483
v 2.393319 -9.289799 -1.098452
v 2.380462 -9.318000 -0.984999
v 2.483758 -9.091419 -1.013637
v 2.518910 -9.014312 -1.098452
v 2.219358 -9.075137 -1.098452
v 2.504621 -9.205185 -1.098452
v 2.600897 -9.249076 -0.998777
v 2.267352 -9.097016 -1.005996
v 14.056855 14.493294 2.866421
v 13.982038 14.291133 2.866421
v 13.969407 14.257002 2.945491
v 14.069728 14.528078 2.960703
v 13.908861 14.429468 2.866362
v 14.153779 14.338828 2.866362
v 14.062306 14.372681 2.977615
v 13.891179 14.436012 2.943820
v -15.767651 -12.959075 -1.736408
v -15.553145 -13.037907 -1.736408
v -15.585466 -13.026028 -1.623473
v -15.859094 -12.925469 -1.658208
v -15.669791 -12.886826 -1.736408
v -15.653287 -12.841916 -1.649147
v -15.736379 -13.068012 -1.621471
v -15.736996 -13.069692 -1.736408
v 0.552216 4.767653 1.374348
v 0.651136 4.669508 1.374348
v 0.663043 4.657695 1.490286
v 0.521151 4.798474 1.486952
v 0.531150 4.673477 1.374348
v 0.637644 4.780812 1.374348
v 0.641214 4.784410 1.472479
v 0.532710 4.675049 1.487123
v -12.856663 3.141850 1.042943
v -12.986156 3.278538 1.042943
v -13.001743 3.294991 1.211370
v -12.815996 3.098925 1.206526
v -12.824273 3.268161 1.042943
v -12.972589 3.127651 1.042943
v -12.977561 3.122941 1.185501
v -12.826446 3.266103 1.206774
v 5.892400 6.986337 1.566268
v 6.012907 7.140872 1.566268
v 6.027412 7.159473 1.727266
v 5.854556 6.937806 1.722636
v 6.027425 6.972666 1.566268
v 5.859744 7.103424 1.566268
v 5.854122 7.107807 1.702538
v 6.024969 6.974581 1.722874
v -15.448219 -1.012150 0.048015
v -15.320318 -0.878482 0.048015
v -15.304923 -0.862392 0.221425
v -15.488386 -1.054127 0.216438
v -15.322701 -1.037849 0.048015
v -15.467741 -0.899067 0.048015
v -15.472603 -0.894415 0.194791
v -15.324826 -1.035817 0.216694
v -12.672616 -4.860288 -0.374677
v -12.676229 -4.837016 -0.218954
v -12.647202 -5.023996 -0.258261
v -12.637325 -5.087627 -0.374677
v -12.472544 -4.923936 -0.374677
v -12.707951 -4.960480 -0.374677
v -12.787399 -4.972814 -0.237864
v -12.512150 -4.930085 -0.247774
v 11.508174 0.904810 0.008589
v 11.408258 1.128107 0.008589
v 11.423313 1.094460 0.127441
v 11.550768 0.809620 0.090887
v 11.379667 0.925799 0.008589
v 11.332917 0.904881 0.100422
v 11.568279 1.010196 0.129548
v 11.570028 1.010978 0.008589
v -7.796830 -11.191695 -1.068022
v -7.816438 -11.188645 -0.961708
v -7.658897 -11.213144 -0.988544
v -7.605285 -11.221481 -1.068022
v -7.694579 -11.047336 -1.068022
v -7.725423 -11.245678 -1.068022
v -7.735832 -11.312617 -0.974618
v -7.699768 -11.080706 -0.981384
v -5.074763 -6.832883 -0.159912
v -5.058618 -6.883055 -0.277237
v -5.006593 -7.044721 -0.277237
v -4.986994 -7.105625 -0.159912
v -5.099760 -7.008284 -0.277282
v -4.947179 -6.959183 -0.277282
v -4.885091 -6.939203 -0.154805
v -5.114724 -7.013100 -0.146773
v 11.128257 10.503822 2.094159
v 11.349072 10.583595 2.094159
v 11.386352 10.597063 2.170177
v 11.090262 10.490097 2.184802
v 11.285357 10.425498 2.094102
v 11.188712 10.693016 2.094102
v 11.224807 10.593103 2.201061
v 11.292334 10.406184 2.168570
v 7.535176 6.487932 1.390975
v 7.696033 6.625062 1.390975
v 7.715395 6.641568 1.483757
v 7.484660 6.444868 1.481089
v 7.674874 6.444188 1.390975
v 7.526079 6.618730 1.390975
v 7.521091 6.624581 1.469506
v 7.672695 6.446744 1.481225
v -4.504117 -14.176386 -1.381387
v -4.569512 -14.174151 -1.479636
v -4.780229 -14.166951 -1.479636
v -4.859611 -14.164239 -1.381387
v -4.698495 -14.073442 -1.479673
v -4.705291 -14.272317 -1.479673
v -4.708056 -14.353243 -1.377110
v -4.697829 -14.053938 -1.370384
v 14.006065 -6.924596 -1.613652
v 14.014358 -6.909464 -1.511474
v 13.947733 -7.031040 -1.537266
v 13.925059 -7.072414 -1.613652
v 14.093868 -7.050900 -1.613652
v 13.940804 -6.967021 -1.613652
v 13.889146 -6.938711 -1.523882
v 14.068116 -7.036788 -1.530384
v -12.793377 3.762526 1.311218
v -12.947872 3.879281 1.311218
v -12.966469 3.893335 1.423045
v -12.744859 3.725860 1.419829
v -12.781891 3.896145 1.311218
v -12.908579 3.728506 1.311218
v -12.912826 3.722887 1.405869
v -12.783746 3.893690 1.419994
v -7.723864 -8.777454 -0.621201
v -7.719435 -8.843771 -0.714941
v -7.705165 -9.057458 -0.714941
v -7.699790 -9.137959 -0.621201
v -7.808023 -8.984420 -0.714976
v -7.606345 -8.970951 -0.714976
v -7.524279 -8.965471 -0.617121
v -7.827803 -8.985741 -0.610703
v -9.120382 -0.474371 0.581853
v -8.909205 -0.451739 0.581853
v -8.941025 -0.455149 0.676178
v -9.210406 -0.484020 0.647167
v -9.068594 -0.373885 0.581853
v -9.073332 -0.329672 0.654735
v -9.049477 -0.552261 0.677850
v -9.049299 -0.553914 0.581853
v 10.338905 5.514654 1.039914
v 10.335622 5.352474 1.039914
v 10.336117 5.376911 1.156057
v 10.340305 5.583790 1.120336
v 10.410025 5.465696 1.039914
v 10.443979 5.465009 1.129654
v 10.273036 5.468470 1.158116
v 10.271767 5.468495 1.039914
v -12.064404 -6.105619 -0.506968
v -11.899193 -6.004890 -0.506968
v -11.924087 -6.020068 -0.401726
v -12.134831 -6.148560 -0.434094
v -12.060787 -6.002691 -0.506968
v -12.081876 -5.968102 -0.425651
v -11.975704 -6.142239 -0.399860
v -11.974916 -6.143533 -0.506968
v -15.569519 -3.659882 -0.354011
v -15.632313 -3.543772 -0.354011
v -15.639872 -3.529795 -0.227698
v -15.549799 -3.696345 -0.231331
v -15.524601 -3.580260 -0.354011
v -15.650589 -3.648396 -0.354011
v -15.654813 -3.650681 -0.247099
v -15.526446 -3.581258 -0.231145
v -15.860674 -0.088160 0.170498
v -15.813033 0.169386 0.170498
v -15.805755 0.208732 0.277843
v -15.861927 -0.094931 0.299810
v -15.749585 0.043082 0.170482
v -15.988796 0.087331 0.170482
v -15.988796 0.087331 0.280436
v -15.737827 0.040907 0.301458
v 5.015863 6.840015 1.677445
v 4.966594 6.850277 1.578840
v 4.807841 6.883343 1.578840
v 4.748034 6.895799 1.677445
v 4.882037 6.943502 1.578803
v 4.850829 6.793670 1.578803
v 4.838130 6.732701 1.681737
v 4.885097 6.958197 1.688488
v 7.889789 15.824258 3.276948
v 7.768655 15.693516 3.276948
v 7.754075 15.677778 3.400436
v 7.927829 15.865316 3.396885
v 7.768481 15.847068 3.276948
v 7.910346 15.715631 3.276948
v 7.915102 15.711224 3.381470
v 7.770559 15.845143 3.397067
v -14.644846 -2.314950 -0.108981
v -14.656400 -2.455565 -0.108981
v -14.654659 -2.434378 0.036177
v -14.639920 -2.255007 -0.008468
v -14.585733 -2.361268 -0.108981
v -14.556293 -2.363687 0.003178
v -14.704507 -2.351508 0.038750
v -14.705607 -2.351418 -0.108981
v -8.838161 -15.440473 -1.789992
v -8.994090 -15.390900 -1.789992
v -9.012859 -15.384933 -1.703663
v -8.789194 -15.456040 -1.706146
v -8.866590 -15.330783 -1.789992
v -8.920379 -15.499976 -1.789992
v -8.922182 -15.505649 -1.716923
v -8.867377 -15.333261 -1.706019
v -5.420327 -12.268196 -1.137285
v -5.358452 -12.100187 -1.137285
v -5.351004 -12.079964 -1.012580
v -5.439758 -12.320958 -1.016167
v -5.299020 -12.242527 -1.137285
v -5.481321 -12.175388 -1.137285
v -5.487433 -12.173138 -1.031734
v -5.301690 -12.241544 -1.015983
v -9.593409 -0.238020 0.566108
v -9.722979 -0.133958 0.566108
v -9.738575 -0.121432 0.655411
v -9.552718 -0.270700 0.652843
v -9.580174 -0.123694 0.566108
v -9.693089 -0.264286 0.566108
v -9.696874 -0.269000 0.641695
v -9.581828 -0.125753 0.652975
v -5.398730 -11.230877 -0.979056
v -5.181026 -11.254312 -0.979056
v -5.147766 -11.257893 -0.897503
v -5.404454 -11.230261 -0.880814
v -5.282304 -11.315187 -0.979068
v -5.260537 -11.112981 -0.979068
v -5.260537 -11.112981 -0.895533
v -5.283373 -11.325126 -0.879562
v -2.670092 -9.558991 -0.873747
v -2.759631 -9.713283 -0.873747
v -2.746140 -9.690035 -0.782574
v -2.631922 -9.493218 -0.810615
v -2.627741 -9.643975 -0.873747
v -2.595438 -9.662721 -0.803300
v -2.758066 -9.568344 -0.780957
v -2.759274 -9.567643 -0.873747
v -3.549522 -11.287254 -1.098157
v -3.632575 -11.456961 -1.098157
v -3.642572 -11.477387 -0.972581
v -3.523440 -11.233959 -0.976192
v -3.679633 -11.301133 -1.098157
v -3.495489 -11.391252 -1.098157
v -3.489316 -11.394273 -0.991868
v -3.676936 -11.302453 -0.976007
v -15.747849 -0.928753 0.044517
v -15.719611 -0.732323 0.044517
v -15.717278 -0.716090 0.147516
v -15.750877 -0.949814 0.207621
v -15.649964 -0.851681 0.044583
v -15.836741 -0.824830 0.044583
v -15.787943 -0.831845 0.160787
v -15.620823 -0.855870 0.177337
v -9.679200 2.220695 1.219896
v -9.674784 2.238301 1.359237
v -9.710265 2.096848 1.324064
v -9.722340 2.048710 1.219896
v -9.556252 2.115493 1.219896
v -9.734340 2.160163 1.219896
v -9.794444 2.175239 1.342316
v -9.586214 2.123008 1.333449
v 9.799056 1.496939 0.348780
v 9.750723 1.543461 0.262007
v 9.594984 1.693365 0.262007
v 9.536314 1.749837 0.348780
v 9.721393 1.708651 0.261974
v 9.579913 1.561664 0.261974
v 9.522343 1.501853 0.352557
v 9.735269 1.723067 0.358498
v -11.417259 -2.866606 0.105200
v -11.477340 -2.840934 0.018857
v -11.670934 -2.758214 0.018857
v -11.743865 -2.727051 0.105200
v -11.561101 -2.700636 0.018824
v -11.639173 -2.883350 0.018824
v -11.670941 -2.957699 0.108958
v -11.553444 -2.682716 0.114870
v -3.866927 -13.183129 -1.387680
v -3.654303 -13.173877 -1.387680
v -3.621820 -13.172463 -1.305228
v -3.872518 -13.183372 -1.288356
v -3.742743 -13.247155 -1.387693
v -3.751336 -13.049667 -1.387693
v -3.751336 -13.049667 -1.303236
v -3.742320 -13.256862 -1.287090
v -11.194713 -5.012696 -0.282068
v -11.233552 -4.747965 -0.282068
v -11.238227 -4.716099 -0.120479
v -11.182515 -5.095833 -0.125126
v -11.053834 -4.892323 -0.282068
v -11.341086 -4.934467 -0.282068
v -11.350717 -4.935880 -0.145297
v -11.058042 -4.892940 -0.124888
v -2.805813 -11.140956 -1.121205
v -2.615833 -11.069702 -1.121205
v -2.592965 -11.061125 -1.028324
v -2.865475 -11.163332 -1.030995
v -2.693997 -11.226061 -1.121205
v -2.771312 -11.019918 -1.121205
v -2.773905 -11.013007 -1.042590
v -2.695129 -11.223042 -1.030858
v 11.092326 6.318871 1.191235
v 10.841675 6.288400 1.191235
v 10.782245 6.281176 1.277009
v 11.028091 6.311062 1.277009
v 10.908661 6.402073 1.191198
v 10.936544 6.172709 1.191198
v 10.938332 6.158009 1.286097
v 10.913400 6.363092 1.277545
v -15.296144 0.882747 0.342788
v -15.124459 0.823142 0.342788
v -15.103794 0.815968 0.536020
v -15.350060 0.901465 0.530463
v -15.267788 0.760122 0.342788
v -15.203113 0.946411 0.342788
v -15.200945 0.952657 0.506341
v -15.266841 0.762850 0.530748
v -13.205488 -3.253248 -0.164297
v -13.183128 -3.242004 -0.061606
v -13.362780 -3.332342 -0.087528
v -13.423917 -3.363085 -0.164297
v -13.204615 -3.476366 -0.164297
v -13.318349 -3.250185 -0.164297
v -13.356734 -3.173851 -0.074077
v -13.223750 -3.438312 -0.080612
v -8.505137 -11.522163 -1.134624
v -8.405543 -11.336134 -1.134624
v -8.381929 -11.292027 -1.040483
v -8.479614 -11.474489 -1.040483
v -8.360002 -11.436554 -1.134665
v -8.530231 -11.345418 -1.134665
v -8.541142 -11.339577 -1.030509
v -8.388933 -11.421065 -1.039895
v -0.194799 -15.399189 -2.021015
v -0.053764 -15.273033 -2.021015
v -0.036788 -15.257847 -1.920219
v -0.239091 -15.438807 -1.923118
v -0.068843 -15.435358 -2.021015
v -0.205731 -15.282325 -2.021015
v -0.210320 -15.277194 -1.935701
v -0.070848 -15.433117 -1.922969
v -14.651656 -12.805391 -1.544985
v -14.662807 -12.731965 -1.627998
v -14.698738 -12.495369 -1.627998
v -14.712275 -12.406238 -1.544985
v -14.577358 -12.567048 -1.628030
v -14.800658 -12.600960 -1.628030
v -14.891522 -12.614759 -1.541372
v -14.555458 -12.563723 -1.535688
v -15.723316 5.917523 1.349372
v -15.644789 6.025069 1.349372
v -15.656621 6.008864 1.502118
v -15.756792 5.871676 1.455139
v -15.748116 5.983922 1.349372
v -15.770633 6.000363 1.467394
v -15.657275 5.917592 1.504826
v -15.656433 5.916977 1.349372
v -9.393127 1.445538 0.959945
v -9.187591 1.475698 0.959945
v -9.162850 1.479328 1.047783
v -9.457675 1.436066 1.045257
v -9.299667 1.336162 0.959945
v -9.332393 1.559185 0.959945
v -9.333490 1.566661 1.034292
v -9.300146 1.339428 1.045387
v -7.883478 -14.574768 -1.624953
v -7.861756 -14.557573 -1.456789
v -8.036273 -14.695725 -1.499238
v -8.095663 -14.742741 -1.624953
v -7.832572 -14.816435 -1.624953
v -8.006505 -14.596719 -1.624953
v -8.065207 -14.522566 -1.477211
v -7.861836 -14.779469 -1.487912
v 12.912374 -5.938441 -1.347608
v 12.822580 -5.826780 -1.347608
v 12.836110 -5.843605 -1.199731
v 12.950654 -5.986042 -1.245212
v 12.836449 -5.945648 -1.347608
v 12.813071 -5.964448 -1.233348
v 12.930765 -5.869801 -1.197110
v 12.931640 -5.869098 -1.347608
v -14.287958 -6.316308 -0.684796
v -14.202296 -6.480909 -0.684796
v -14.187834 -6.508699 -0.602058
v -14.302697 -6.287987 -0.586140
v -14.332826 -6.447590 -0.684858
v -14.133411 -6.343810 -0.684858
v -14.207890 -6.382570 -0.568444
v -14.347223 -6.455082 -0.603807
v -13.116105 0.308897 0.405051
v -13.144629 0.471741 0.405051
v -13.146986 0.485198 0.490985
v -13.113047 0.291437 0.541132
v -13.058566 0.395277 0.405106
v -13.213408 0.368155 0.405106
v -13.172953 0.375241 0.502057
v -13.034407 0.399509 0.515865
v -3.285412 -11.417527 -1.121472
v -3.223301 -11.233520 -1.121472
v -3.215825 -11.211370 -1.000631
v -3.304917 -11.475314 -1.004107
v -3.154638 -11.386098 -1.121472
v -3.354300 -11.318704 -1.121472
v -3.360994 -11.316444 -1.019192
v -3.157562 -11.385111 -1.003928
v -14.989720 8.245766 1.635444
v -14.894440 8.304204 1.635444
v -14.882971 8.311238 1.740219
v -15.019643 8.227413 1.737205
v -14.920332 8.211452 1.635444
v -14.983743 8.314839 1.635444
v -14.985868 8.318306 1.724126
v -14.921261 8.212967 1.737360
v 8.157535 -15.062507 -2.607345
v 8.341331 -15.111564 -2.607345
v 8.313638 -15.104172 -2.512833
v 8.079184 -15.041594 -2.541901
v 8.233168 -14.995185 -2.607345
v 8.243438 -14.956705 -2.534319
v 8.191730 -15.150434 -2.511158
v 8.191346 -15.151873 -2.607345
v -8.211948 -11.736944 -1.171635
v -8.286256 -11.589481 -1.171635
v -8.275060 -11.611701 -1.062717
v -8.180272 -11.799807 -1.096216
v -8.299252 -11.726782 -1.171635
v -8.330124 -11.742339 -1.087478
v -8.174694 -11.664017 -1.060786
v -8.173539 -11.663435 -1.171635
v -14.170182 -13.113053 -1.686003
v -14.406642 -13.110360 -1.686003
v -14.435104 -13.110036 -1.585979
v -14.095924 -13.113899 -1.588856
v -14.255783 -12.973437 -1.686003
v -14.258706 -13.230013 -1.686003
v -14.258804 -13.238614 -1.601342
v -14.255826 -12.977195 -1.588708
v 10.058379 15.562048 3.314168
v 10.059395 15.614966 3.228990
v 10.062665 15.785480 3.228990
v 10.063897 15.849716 3.314168
v 10.139285 15.720507 3.228958
v 9.978354 15.723594 3.228958
v 9.912868 15.724851 3.317876
v 10.155068 15.720204 3.323708
v -13.728942 -1.193159 0.118932
v -13.533230 -1.330589 0.118932
v -13.503330 -1.351585 0.221574
v -13.734088 -1.189545 0.242579
v -13.662202 -1.335264 0.118916
v -13.534555 -1.153484 0.118916
v -13.534555 -1.153484 0.224054
v -13.668476 -1.344198 0.244154
v 11.086145 -15.087098 -2.841357
v 11.073546 -15.068705 -2.739947
v 11.174771 -15.216482 -2.765545
v 11.209219 -15.266772 -2.841357
v 11.282989 -15.059646 -2.841357
v 11.096938 -15.187087 -2.841357
v 11.034146 -15.230099 -2.752262
v 11.251686 -15.081087 -2.758715
v 7.045938 5.209081 1.234085
v 7.096170 5.193809 1.128168
v 7.258029 5.144598 1.128168
v 7.319005 5.126058 1.234085
v 7.175307 5.089032 1.128127
v 7.221753 5.241794 1.128127
v 7.240652 5.303956 1.238696
v 7.170752 5.074049 1.245947
v 10.428298 -13.565001 -2.508322
v 10.621635 -13.466463 -2.508322
v 10.644908 -13.454601 -2.395828
v 10.367581 -13.595946 -2.399063
v 10.557347 -13.642015 -2.508322
v 10.450426 -13.432229 -2.508322
v 10.446841 -13.425197 -2.413106
v 10.555781 -13.638943 -2.398897
v 9.481734 -4.342174 -0.737370
v 9.614630 -4.318057 -0.737370
v 9.630626 -4.315154 -0.632656
v 9.440000 -4.349748 -0.635667
v 9.544869 -4.411192 -0.737370
v 9.518701 -4.266991 -0.737370
v 9.517824 -4.262157 -0.648739
v 9.544486 -4.409080 -0.635513
v -10.607969 -8.150974 -0.754169
v -10.536247 -8.343991 -0.754169
v -10.527614 -8.367225 -0.610653
v -10.630492 -8.090359 -0.614781
v -10.694681 -8.264184 -0.754169
v -10.485244 -8.186360 -0.754169
v -10.478223 -8.183752 -0.632696
v -10.691614 -8.263044 -0.614569
v -12.539524 -12.322459 -1.477524
v -12.527350 -12.336482 -1.337610
v -12.625160 -12.223822 -1.372927
v -12.658446 -12.185482 -1.477524
v -12.699800 -12.363888 -1.477524
v -12.557961 -12.240746 -1.477524
v -12.510091 -12.199186 -1.354601
v -12.675936 -12.343170 -1.363505
v -3.031832 -12.296629 -1.302610
v -3.179597 -12.463484 -1.302610
v -3.191808 -12.477272 -1.223142
v -3.015988 -12.278739 -1.176769
v -3.171249 -12.308504 -1.302559
v -3.012594 -12.449009 -1.302559
v -3.054045 -12.412300 -1.212903
v -3.196003 -12.286582 -1.200134
v 4.387362 -12.122419 -1.792226
v 4.425444 -11.898689 -1.792226
v 4.430028 -11.871758 -1.665339
v 4.375402 -12.192679 -1.668988
v 4.532563 -12.062258 -1.792226
v 4.289800 -12.020936 -1.792226
v 4.281662 -12.019550 -1.684828
v 4.529008 -12.061653 -1.668801
v -13.169304 2.968451 0.877174
v -13.366651 2.911863 0.877174
v -13.396800 2.903218 0.984622
v -13.164115 2.969939 1.006610
v -13.300210 3.000523 0.877157
v -13.247650 2.817225 0.877157
v -13.247650 2.817225 0.987218
v -13.302794 3.009532 1.008260
v 0.878891 -7.539862 -0.671617
v 0.746862 -7.422143 -0.671617
v 0.730970 -7.407973 -0.582092
v 0.920354 -7.576830 -0.584667
v 0.899226 -7.419058 -0.671617
v 0.771492 -7.562319 -0.671617
v 0.767210 -7.567122 -0.595842
v 0.897355 -7.421156 -0.584535
v -6.396363 -6.259460 -0.216525
v -6.548793 -6.385778 -0.216525
v -6.525825 -6.366745 -0.113815
v -6.331384 -6.205612 -0.145405
v -6.384863 -6.364203 -0.216525
v -6.358417 -6.396116 -0.137164
v -6.491561 -6.235450 -0.111994
v -6.492550 -6.234256 -0.216525
v -11.790317 2.955134 1.276931
v -11.591679 2.883838 1.276931
v -11.567769 2.875256 1.390488
v -11.852697 2.977525 1.387222
v -11.758879 2.812397 1.276931
v -11.681517 3.027934 1.276931
v -11.678924 3.035159 1.373046
v -11.757746 2.815554 1.387389
v -9.843813 -9.567652 -0.934782
v -10.059921 -9.613002 -0.934782
v -10.111160 -9.623755 -0.844754
v -9.899196 -9.579274 -0.844754
v -10.010081 -9.508934 -0.934821
v -9.968583 -9.706688 -0.934821
v -9.965923 -9.719362 -0.835215
v -10.003029 -9.542542 -0.844192
v -5.069839 -11.023486 -0.948186
v -4.928297 -11.118676 -0.948186
v -4.904401 -11.134748 -0.863363
v -5.094192 -11.007108 -0.847044
v -5.048316 -11.149191 -0.948249
v -4.932992 -10.977713 -0.948249
v -4.976063 -11.041757 -0.828903
v -5.056641 -11.161571 -0.865156
v -13.009286 2.093849 0.694038
v -13.026855 2.110706 0.855464
v -12.885699 1.975268 0.814716
v -12.837663 1.929178 0.694038
v -12.804950 2.167065 0.694038
v -12.975465 1.989351 0.694038
v -13.033013 1.929373 0.835860
v -12.833638 2.137166 0.825588
v -6.077212 -11.072897 -0.931544
v -6.089601 -10.785542 -0.931544
v -6.092538 -10.717409 -0.829817
v -6.080387 -10.999256 -0.829817
v -5.966444 -10.871691 -0.931589
v -6.229394 -10.883028 -0.931589
v -6.246248 -10.883755 -0.819039
v -6.011133 -10.873618 -0.829182
v -13.107759 -2.331560 0.001579
v -13.140689 -2.155083 0.001579
v -13.144653 -2.133840 0.106651
v -13.097417 -2.386981 0.103630
v -13.016440 -2.247189 0.001579
v -13.207932 -2.282921 0.001579
v -13.214351 -2.284119 0.090513
v -13.019245 -2.247713 0.103785
v -8.604669 -3.780382 0.054844
v -8.633132 -3.768010 0.171494
v -8.404450 -3.867410 0.142049
v -8.326628 -3.901237 0.054844
v -8.392837 -3.602408 0.054844
v -8.517982 -3.890316 0.054844
v -8.560217 -3.987484 0.157328
v -8.413892 -3.650847 0.149905
v -4.843671 -5.499633 -0.027407
v -4.839278 -5.478409 0.088723
v -4.874567 -5.648928 0.059409
v -4.886576 -5.706957 -0.027407
v -4.691758 -5.619020 -0.027407
v -4.906439 -5.574591 -0.027407
v -4.978893 -5.559597 0.074620
v -4.727877 -5.611545 0.067231
v -7.638333 -11.611226 -1.137305
v -7.624161 -11.601801 -0.968936
v -7.738028 -11.677531 -1.011436
v -7.776778 -11.703302 -1.137305
v -7.619432 -11.761779 -1.137305
v -7.714776 -11.618422 -1.137305
v -7.746954 -11.570039 -0.989382
v -7.635473 -11.737659 -1.000096
v -6.283597 -8.073549 -0.482667
v -6.232926 -7.886320 -0.482667
v -6.240561 -7.914532 -0.363431
v -6.305197 -8.153363 -0.400103
v -6.351971 -7.996194 -0.482667
v -6.391170 -7.985586 -0.390537
v -6.193824 -8.038994 -0.361317
v -6.192358 -8.039391 -0.482667
v -3.936244 -6.885137 -0.319616
v -4.081171 -6.833749 -0.319616
v -4.059334 -6.841492 -0.218067
v -3.874463 -6.907043 -0.249300
v -4.001529 -6.934500 -0.319616
v -4.012288 -6.964842 -0.241152
v -3.958122 -6.812084 -0.216267
v -3.957720 -6.810949 -0.319616
v -10.731617 -12.530570 -1.431743
v -10.602662 -12.688203 -1.431743
v -10.622093 -12.664451 -1.300063
v -10.786589 -12.463372 -1.340563
v -10.623790 -12.519423 -1.431743
v -10.590787 -12.492425 -1.329998
v -10.756937 -12.628346 -1.297729
v -10.758172 -12.629356 -1.431743
v -11.343879 -11.543577 -1.297075
v -11.352702 -11.396950 -1.297075
v -11.353765 -11.379300 -1.208114
v -11.341107 -11.589624 -1.210672
v -11.261172 -11.484344 -1.297075
v -11.420273 -11.493918 -1.297075
v -11.425607 -11.494240 -1.221778
v -11.263502 -11.484485 -1.210541
v 7.098585 -11.067293 -1.753628
v 7.089158 -10.912999 -1.753628
v 7.088023 -10.894427 -1.640858
v 7.101545 -11.115747 -1.644101
v 7.185563 -11.004880 -1.753628
v 7.018144 -11.015109 -1.753628
v 7.012531 -11.015451 -1.658179
v 7.183111 -11.005030 -1.643935
v -9.107870 -3.448813 0.076443
v -8.935229 -3.485029 0.076443
v -8.961243 -3.479572 0.214567
v -9.181465 -3.433374 0.172085
v -9.041212 -3.382689 0.076443
v -9.033629 -3.346545 0.183167
v -9.071802 -3.528513 0.217015
v -9.072086 -3.529865 0.076443
v -1.294659 -10.157190 -1.067534
v -1.477752 -10.242550 -1.067534
v -1.450163 -10.229688 -0.957364
v -1.216608 -10.120803 -0.991248
v -1.310344 -10.263566 -1.067534
v -1.292473 -10.301898 -0.982409
v -1.382444 -10.108912 -0.955410
v -1.383113 -10.107479 -1.067534
v 10.009269 8.645561 1.728093
v 9.748854 8.565933 1.728093
v 9.717507 8.556349 1.872091
v 10.091050 8.670568 1.867949
v 9.866575 8.768871 1.728093
v 9.952977 8.486301 1.728093
v 9.955873 8.476829 1.849974
v 9.867841 8.764732 1.868162
v -4.168304 -5.760769 -0.085229
v -4.303939 -5.692388 -0.085229
v -4.320265 -5.684157 0.015802
v -4.125709 -5.782243 0.012896
v -4.178223 -5.656042 -0.085229
v -4.252421 -5.803216 -0.085229
v -4.254909 -5.808149 0.000284
v -4.179310 -5.658197 0.013045
v 4.430770 -12.300561 -1.836757
v 4.450440 -12.299795 -1.716617
v 4.292400 -12.305948 -1.746943
v 4.238617 -12.308043 -1.836757
v 4.358716 -12.460577 -1.836757
v 4.350970 -12.261605 -1.836757
v 4.348355 -12.194452 -1.731207
v 4.357413 -12.427100 -1.738852
v -14.688117 -3.864751 -0.347420
v -14.565772 -4.083670 -0.347420
v -14.545116 -4.120631 -0.259892
v -14.709167 -3.827083 -0.243053
v -14.743449 -4.043909 -0.347485
v -14.478229 -3.895688 -0.347485
v -14.577284 -3.951046 -0.224332
v -14.762597 -4.054609 -0.261742
v -14.691810 3.632999 1.001774
v -14.633297 3.597085 0.872813
v -14.444755 3.481363 0.872813
v -14.373727 3.437768 1.001774
v -14.567772 3.438377 0.872764
v -14.458553 3.616324 0.872764
v -14.414110 3.688733 1.007387
v -14.578484 3.420925 1.016216
v 10.711354 -14.103536 -2.609254
v 10.706059 -14.127733 -2.488923
v 10.748597 -13.933327 -2.519297
v 10.763073 -13.867168 -2.609254
v 10.539300 -13.965136 -2.609254
v 10.784056 -14.018689 -2.609254
v 10.866660 -14.036764 -2.503536
v 10.580480 -13.974146 -2.511193
v -15.220802 -11.349166 -1.374878
v -15.272146 -11.332048 -1.471983
v -15.437587 -11.276890 -1.471983
v -15.499912 -11.256110 -1.374878
v -15.350817 -11.221903 -1.472020
v -15.402875 -11.378046 -1.472020
v -15.424058 -11.441583 -1.370651
v -15.345711 -11.206589 -1.364003
v -15.648742 3.807834 0.812993
v -15.475304 3.835489 0.812993
v -15.501437 3.831322 1.103090
v -15.722677 3.796045 1.013868
v -15.610237 3.893018 0.812993
v -15.616028 3.929329 1.037142
v -15.586878 3.746520 1.108233
v -15.586661 3.745162 0.812993
v -9.699281 -6.322289 -0.420417
v -9.844925 -6.494896 -0.420417
v -9.822979 -6.468887 -0.324366
v -9.637193 -6.248708 -0.353908
v -9.665220 -6.437572 -0.420417
v -9.629084 -6.468065 -0.346202
v -9.811016 -6.314551 -0.322663
v -9.812368 -6.313411 -0.420417
v -3.698563 -11.320290 -1.070095
v -3.869718 -11.206589 -1.070095
v -3.883862 -11.197192 -0.984088
v -3.680212 -11.332480 -0.933897
v -3.727142 -11.194496 -1.070040
v -3.835256 -11.357240 -1.070040
v -3.807009 -11.314720 -0.973006
v -3.710274 -11.169105 -0.959186
v -7.845457 -11.545408 -1.139811
v -7.827715 -11.533212 -0.971598
v -7.970261 -11.631201 -1.014058
v -8.018771 -11.664548 -1.139811
v -7.818632 -11.735455 -1.139811
v -7.941999 -11.555990 -1.139811
v -7.983635 -11.495422 -0.992025
v -7.839387 -11.705261 -1.002730
v -14.400955 1.185617 0.451391
v -14.419555 1.194920 0.567134
v -14.270121 1.120179 0.537918
v -14.219267 1.094743 0.451391
v -14.252811 1.297076 0.451391
v -14.346910 1.108939 0.451391
v -14.378668 1.045444 0.553079
v -14.268642 1.265422 0.545713
v -12.391466 -4.768486 -0.324689
v -12.220245 -4.698594 -0.324689
v -12.246044 -4.709125 -0.233509
v -12.464456 -4.798280 -0.261553
v -12.372384 -4.671917 -0.324689
v -12.387016 -4.636070 -0.254237
v -12.313348 -4.816542 -0.231893
v -12.312800 -4.817883 -0.324689
v 8.724007 6.909126 1.409758
v 8.611732 6.753529 1.409758
v 8.628650 6.776974 1.607937
v 8.771869 6.975456 1.546985
v 8.760281 6.813655 1.409758
v 8.792856 6.790150 1.562885
v 8.628852 6.908490 1.611451
v 8.627633 6.909369 1.409758
v -8.555484 -11.810087 -1.215697
v -8.505276 -12.033188 -1.215697
v -8.512841 -11.999572 -1.095465
v -8.576887 -11.714981 -1.132444
v -8.441622 -11.853112 -1.215697
v -8.394913 -11.842601 -1.122798
v -8.630069 -11.895521 -1.093333
v -8.631816 -11.895915 -1.215697
v -15.877406 -13.289439 -1.794750
v -15.890257 -13.276893 -1.686860
v -15.787010 -13.377695 -1.714093
v -15.751874 -13.411999 -1.794750
v -15.726220 -13.236745 -1.794750
v -15.853129 -13.366733 -1.794750
v -15.895962 -13.410603 -1.699962
v -15.747572 -13.258615 -1.706827
v -7.202127 -11.628951 -1.004372
v -7.240095 -11.606734 -1.104368
v -7.362437 -11.535148 -1.104368
v -7.408526 -11.508179 -1.004372
v -7.284212 -11.505951 -1.104406
v -7.351776 -11.621417 -1.104406
v -7.379269 -11.668402 -1.000019
v -7.277586 -11.494626 -0.993173
v 9.747132 11.212038 2.302412
v 9.738110 11.187575 2.408605
v 9.810597 11.384112 2.381800
v 9.835265 11.450995 2.302412
v 9.587775 11.381240 2.302412
v 9.835213 11.289979 2.302412
v 9.918722 11.259178 2.395709
v 9.629405 11.365886 2.388952
v -16.002243 -5.690170 -0.690767
v -15.940954 -5.868444 -0.690767
v -15.933578 -5.889903 -0.593803
v -16.021490 -5.634184 -0.596591
v -16.084160 -5.791828 -0.690767
v -15.890719 -5.725325 -0.690767
v -15.884234 -5.723096 -0.608696
v -16.081326 -5.790854 -0.596448
v 6.301730 14.800913 3.123330
v 6.315015 14.782270 3.292224
v 6.208279 14.932051 3.249592
v 6.171955 14.983023 3.123330
v 6.100171 14.768977 3.123330
v 6.288743 14.903358 3.123330
v 6.352386 14.948710 3.271714
v 6.131898 14.791586 3.260966
v -13.038251 -1.800600 0.068036
v -13.017033 -1.968521 0.068036
v -13.014479 -1.988734 0.171191
v -13.044914 -1.747865 0.168224
v -13.128872 -1.874950 0.068036
v -12.946665 -1.851926 0.068036
v -12.940557 -1.851155 0.155347
v -13.126203 -1.874613 0.168376
v 2.175961 6.312452 1.601275
v 2.160582 6.296663 1.716377
v 2.284148 6.423514 1.687323
v 2.326199 6.466683 1.601275
v 2.111082 6.497922 1.601275
v 2.270786 6.342353 1.601275
v 2.324686 6.289849 1.702399
v 2.137951 6.471748 1.695075
v 3.073431 10.624359 2.379691
v 3.228213 10.730488 2.379691
v 3.204890 10.714497 2.540970
v 3.007448 10.579117 2.491367
v 3.071593 10.724235 2.379691
v 3.049373 10.756639 2.504306
v 3.161237 10.593494 2.543829
v 3.162068 10.592282 2.379691
v -11.544984 -9.888379 -0.979689
v -11.543278 -9.948312 -1.089549
v -11.537778 -10.141429 -1.089549
v -11.535707 -10.214180 -0.979689
v -11.627981 -10.072044 -1.089590
v -11.445717 -10.066854 -1.089590
v -11.371551 -10.064742 -0.974907
v -11.645857 -10.072554 -0.967386
v -6.786360 -9.919940 -0.817441
v -6.615888 -10.014625 -0.817441
v -6.595367 -10.026022 -0.674319
v -6.839896 -9.890204 -0.678436
v -6.779017 -10.054789 -0.817441
v -6.676278 -9.869813 -0.817441
v -6.672833 -9.863612 -0.696302
v -6.777513 -10.052079 -0.678224
v -11.858716 2.270574 0.939080
v -11.950762 2.392549 0.939080
v -11.936893 2.374170 1.081031
v -11.819477 2.218577 1.037372
v -11.939885 2.265388 0.939080
v -11.965422 2.246116 1.048761
v -11.836857 2.343136 1.083548
v -11.835901 2.343857 0.939080
v -9.539272 -5.716824 -0.313524
v -9.547692 -5.702396 -0.174902
v -9.480042 -5.818313 -0.209893
v -9.457021 -5.857760 -0.313524
v -9.390681 -5.706962 -0.313524
v -9.536618 -5.792132 -0.313524
v -9.585872 -5.820877 -0.191736
v -9.415235 -5.721292 -0.200558
v 7.009359 15.264035 3.175611
v 6.928168 15.060645 3.175611
v 6.940402 15.091291 3.312654
v 7.043971 15.350739 3.270504
v 7.075977 15.168383 3.175611
v 7.118560 15.151383 3.281499
v 6.904180 15.236962 3.315083
v 6.902587 15.237597 3.175611
v -11.114733 -7.867209 -0.622165
v -11.127533 -7.815678 -0.707422
v -11.168776 -7.649632 -0.707422
v -11.184313 -7.587080 -0.622165
v -11.077623 -7.692622 -0.707454
v -11.234338 -7.731547 -0.707454
v -11.298107 -7.747386 -0.618454
v -11.062254 -7.688804 -0.612617
v 1.018951 8.328341 2.030184
v 1.128286 8.523288 2.030184
v 1.141446 8.546754 2.164595
v 0.984615 8.267118 2.160729
v 1.173549 8.336118 2.030184
v 0.962017 8.454754 2.030184
v 0.954925 8.458732 2.143950
v 1.170451 8.337855 2.160927
v -5.542899 -7.980533 -0.335649
v -5.517765 -7.930295 -0.425526
v -5.436779 -7.768417 -0.425526
v -5.406269 -7.707434 -0.335649
v -5.393033 -7.865652 -0.425560
v -5.545814 -7.789216 -0.425560
v -5.607983 -7.758113 -0.331737
v -5.378049 -7.873148 -0.325584
v 12.680530 14.749201 2.954629
v 12.695629 14.532061 2.954629
v 12.697447 14.505923 3.045579
v 12.675788 14.817392 3.042964
v 12.558799 14.660292 2.954629
v 12.794412 14.676676 2.954629
v 12.802310 14.677225 3.031610
v 12.562249 14.660532 3.043098
v -13.072046 -13.123651 -1.624096
v -13.052839 -13.140848 -1.501113
v -13.207151 -13.002677 -1.532157
v -13.259665 -12.955656 -1.624096
v -13.285604 -13.208582 -1.624096
v -13.111649 -13.014305 -1.624096
v -13.052938 -12.948737 -1.516048
v -13.256337 -13.175896 -1.523874
v -14.574303 -3.919137 -0.364584
v -14.764159 -4.127137 -0.364584
v -14.809175 -4.176454 -0.242693
v -14.622957 -3.972441 -0.242693
v -14.790141 -3.982289 -0.364637
v -14.599807 -4.156021 -0.364637
v -14.587607 -4.167156 -0.229779
v -14.757793 -4.011815 -0.241932
v 9.484546 6.990291 1.416364
v 9.505012 6.977196 1.557333
v 9.340586 7.082408 1.521749
v 9.284630 7.118213 1.416364
v 9.298721 6.879013 1.416364
v 9.431183 7.086024 1.416364
v 9.475888 7.155890 1.540214
v 9.321008 6.913842 1.531243
v -13.716281 -3.822952 -0.276515
v -13.599650 -4.006461 -0.276515
v -13.585611 -4.028550 -0.116863
v -13.752909 -3.765323 -0.121454
v -13.780862 -3.958984 -0.276515
v -13.581742 -3.832431 -0.276515
v -13.575067 -3.828189 -0.141384
v -13.777946 -3.957131 -0.121219
v 11.736843 4.337689 0.744353
v 11.728507 4.315973 0.896216
v 11.795480 4.490446 0.857883
v 11.818271 4.549820 0.744353
v 11.596673 4.490500 0.744353
v 11.816333 4.406183 0.744353
v 11.890467 4.377726 0.877774
v 11.633630 4.476315 0.868110
v 2.830368 13.130683 2.819027
v 2.732378 13.326740 2.819027
v 2.747143 13.297198 2.987410
v 2.872140 13.047105 2.935622
v 2.714531 13.144551 2.819027
v 2.673484 13.124036 2.949131
v 2.880135 13.227321 2.990395
v 2.881670 13.228087 2.819027
v -2.816192 -9.743831 -0.876173
v -2.825715 -9.766279 -0.750477
v -2.749201 -9.585917 -0.782206
v -2.723163 -9.524537 -0.876173
v -2.957493 -9.578629 -0.876173
v -2.730418 -9.674958 -0.876173
v -2.653780 -9.707470 -0.765742
v -2.919289 -9.594835 -0.773740
v -10.409577 1.181461 0.812281
v -10.357092 1.014023 0.812281
v -10.350775 0.993868 0.911137
v -10.426060 1.234043 0.908294
v -10.488386 1.088959 0.812281
v -10.306704 1.145909 0.812281
v -10.300613 1.147818 0.895953
v -10.485725 1.089793 0.908440
v 10.729534 10.546152 2.093601
v 10.776679 10.337828 2.093601
v 10.782353 10.312752 2.185269
v 10.714728 10.611574 2.182633
v 10.624786 10.441707 2.093601
v 10.850833 10.492862 2.093601
v 10.858411 10.494577 2.171190
v 10.628097 10.442456 2.182768
v -11.435005 -14.641954 -1.782004
v -11.556953 -14.548063 -1.782004
v -11.538578 -14.562211 -1.676163
v -11.383019 -14.681979 -1.708716
v -11.512450 -14.668656 -1.782004
v -11.532107 -14.694187 -1.700224
v -11.433144 -14.565650 -1.674287
v -11.432408 -14.564695 -1.782004
v -15.559163 5.057305 1.088723
v -15.534027 5.056516 1.306953
v -15.735972 5.062855 1.251867
v -15.804697 5.065012 1.088723
v -15.665338 4.859859 1.088723
v -15.657358 5.114107 1.088723
v -15.654665 5.199914 1.280451
v -15.663995 4.902635 1.266564
v -13.899274 -8.545857 -0.971126
v -13.909732 -8.277122 -0.971126
v -13.910991 -8.244773 -0.874267
v -13.895989 -8.630252 -0.877052
v -13.745584 -8.440646 -0.971126
v -14.037182 -8.451994 -0.971126
v -14.046958 -8.452374 -0.889144
v -13.749854 -8.440812 -0.876910
v -14.535556 -7.194295 -0.650819
v -14.480870 -7.139453 -0.785658
v -14.304663 -6.962738 -0.785658
v -14.238281 -6.896165 -0.650819
v -14.289594 -7.108963 -0.785709
v -14.456378 -6.942657 -0.785709
v -14.524244 -6.874986 -0.644949
v -14.273236 -7.125274 -0.635718
v -15.185649 -1.752447 0.033127
v -15.221933 -1.719428 -0.046508
v -15.338848 -1.613032 -0.046508
v -15.382893 -1.572950 0.033127
v -15.246754 -1.599271 -0.046538
v -15.347171 -1.709616 -0.046538
v -15.388032 -1.754517 0.036594
v -15.236905 -1.588449 0.042046
v -12.861600 -2.186202 0.140442
v -12.815359 -2.141036 0.059684
v -12.666361 -1.995503 0.059684
v -12.610229 -1.940677 0.140442
v -12.655396 -2.117699 0.059653
v -12.792751 -1.977073 0.059653
v -12.848643 -1.919851 0.143957
v -12.641925 -2.131491 0.149486
v 5.952509 6.539330 1.475434
v 5.880799 6.668537 1.475434
v 5.872167 6.684090 1.609497
v 5.975029 6.498754 1.605642
v 6.001817 6.629007 1.475434
v 5.861619 6.551197 1.475434
v 5.856919 6.548588 1.588907
v 5.999764 6.627868 1.605840
v -3.684332 -14.001001 -1.518226
v -3.675371 -13.829386 -1.518226
v -3.674293 -13.808729 -1.379333
v -3.687146 -14.054896 -1.383328
v -3.580419 -13.942982 -1.518226
v -3.766634 -13.933259 -1.518226
v -3.772877 -13.932933 -1.400666
v -3.583147 -13.942840 -1.383123
v -14.144031 -12.015534 -1.503236
v -14.156645 -12.034205 -1.395802
v -14.055296 -11.884202 -1.422920
v -14.020806 -11.833155 -1.503236
v -14.242894 -11.840681 -1.503236
v -14.054041 -11.968279 -1.503236
v -13.990304 -12.011342 -1.408848
v -14.211121 -11.862149 -1.415685
v -12.677311 -9.842378 -1.006599
v -12.629997 -9.795889 -1.086134
v -12.477541 -9.646091 -1.086134
v -12.420107 -9.589659 -1.006599
v -12.465917 -9.771453 -1.086164
v -12.607297 -9.627564 -1.086164
v -12.664826 -9.569015 -1.003137
v -12.452051 -9.785564 -0.997692
v -1.986899 -14.807360 -1.804111
v -1.993088 -14.789105 -1.691034
v -1.943359 -14.935769 -1.719577
v -1.926435 -14.985681 -1.804111
v -1.816630 -14.830504 -1.804111
v -2.001279 -14.893114 -1.804111
v -2.063597 -14.914244 -1.704766
v -1.847696 -14.841038 -1.711962
v 8.598037 5.878961 1.197874
v 8.543124 5.686992 1.197874
v 8.551398 5.715918 1.349109
v 8.621446 5.960796 1.302595
v 8.667275 5.798333 1.197874
v 8.707466 5.786836 1.314729
v 8.505124 5.844716 1.351790
v 8.503621 5.845146 1.197874
v -12.115989 -7.316880 -0.711005
v -12.097432 -7.540676 -0.711005
v -12.100228 -7.506954 -0.527709
v -12.123899 -7.221477 -0.584084
v -12.011087 -7.374176 -0.711005
v -11.964233 -7.370291 -0.569378
v -12.200122 -7.389850 -0.524460
v -12.201874 -7.389995 -0.711005
v 13.999900 -6.438594 -1.512183
v 13.881711 -6.350924 -1.512183
v 13.899520 -6.364135 -1.408117
v 14.050282 -6.475967 -1.440124
v 13.926321 -6.465447 -1.512183
v 13.907967 -6.490191 -1.431775
v 14.000373 -6.365617 -1.406273
v 14.001060 -6.364691 -1.512183
v -6.529932 -6.273778 -0.104491
v -6.556511 -6.240083 -0.206439
v -6.642156 -6.131507 -0.206439
v -6.674420 -6.090605 -0.104491
v -6.560708 -6.132833 -0.206477
v -6.663182 -6.213664 -0.206477
v -6.704880 -6.246555 -0.100053
v -6.550658 -6.124905 -0.093073
v 10.223530 -15.081404 -2.754996
v 10.302392 -14.953087 -2.754996
v 10.290509 -14.972422 -2.626419
v 10.189912 -15.136105 -2.665964
v 10.189595 -15.008773 -2.754996
v 10.162731 -14.992262 -2.655649
v 10.297981 -15.075385 -2.624140
v 10.298986 -15.076003 -2.754996
v -10.154215 -5.450792 -0.311442
v -10.378421 -5.536438 -0.311442
v -10.405409 -5.546747 -0.205841
v -10.083805 -5.423895 -0.208878
v -10.287086 -5.350928 -0.311442
v -10.194156 -5.594208 -0.311442
v -10.191040 -5.602364 -0.222060
v -10.285726 -5.354491 -0.208722
v 0.491998 2.183164 0.959369
v 0.705045 2.286776 0.959369
v 0.672943 2.271163 1.049805
v 0.401178 2.138994 1.021990
v 0.508343 2.308197 0.959369
v 0.486651 2.352801 1.029246
v 0.595861 2.128243 1.051408
v 0.596673 2.126575 0.959369
v 1.006713 12.766539 2.759384
v 0.846951 12.912688 2.759384
v 0.871024 12.890666 2.890900
v 1.074818 12.704235 2.850451
v 0.894966 12.738336 2.759384
v 0.864368 12.704887 2.861002
v 1.018415 12.873281 2.893232
v 1.019559 12.874533 2.759384
v -12.490680 -7.520366 -0.768237
v -12.466018 -7.504734 -0.659427
v -12.664160 -7.630325 -0.686893
v -12.731590 -7.673065 -0.768237
v -12.463936 -7.779285 -0.768237
v -12.622054 -7.529825 -0.768237
v -12.675419 -7.445633 -0.672641
v -12.490539 -7.737314 -0.679565
v 1.837442 11.529925 2.564651
v 1.740233 11.715123 2.564651
v 1.728532 11.737415 2.679824
v 1.867970 11.471765 2.676511
v 1.910174 11.655194 2.564651
v 1.709221 11.549715 2.564651
v 1.702484 11.546179 2.662134
v 1.907231 11.653649 2.676681
v 11.021024 10.549726 2.119059
v 10.970855 10.714803 2.119059
v 10.966709 10.728444 2.191915
v 11.026402 10.532027 2.234430
v 11.069690 10.646492 2.119105
v 10.912724 10.598789 2.119105
v 10.953734 10.611253 2.201302
v 11.094179 10.653935 2.213009
v 12.658595 3.519576 0.518586
v 12.670212 3.500816 0.744052
v 12.576879 3.651543 0.687139
v 12.545116 3.702837 0.518586
v 12.462726 3.501422 0.518586
v 12.652489 3.618927 0.518586
v 12.716534 3.658585 0.716671
v 12.494653 3.521191 0.702324
v -13.609746 -12.845387 -1.605426
v -13.543145 -12.653226 -1.605426
v -13.553181 -12.682180 -1.483114
v -13.638137 -12.927303 -1.520733
v -13.675647 -12.759508 -1.605426
v -13.715878 -12.745564 -1.510920
v -13.513333 -12.815763 -1.480946
v -13.511829 -12.816284 -1.605426
v -15.327656 -0.020710 0.191843
v -15.459971 0.050706 0.191843
v -15.440035 0.039945 0.333062
v -15.271250 -0.051154 0.289629
v -15.398148 -0.058602 0.191843
v -15.413100 -0.086304 0.300959
v -15.337826 0.053162 0.335566
v -15.337266 0.054198 0.191843
v -12.599454 -0.428290 0.392715
v -12.559033 -0.449347 0.310803
v -12.428790 -0.517194 0.310803
v -12.379725 -0.542754 0.392715
v -12.508249 -0.551390 0.310772
v -12.444215 -0.428466 0.310772
v -12.418158 -0.378447 0.396281
v -12.514530 -0.563446 0.401889
v -8.545545 -13.091777 -1.395108
v -8.401369 -12.967765 -1.395108
v -8.389455 -12.957517 -1.323148
v -8.561003 -13.105074 -1.281155
v -8.426309 -13.097823 -1.395062
v -8.544227 -12.960733 -1.395062
v -8.513418 -12.996551 -1.313876
v -8.407910 -13.119213 -1.302313
v -9.824724 -0.874161 0.425083
v -9.781186 -1.066628 0.425083
v -9.775945 -1.089795 0.510853
v -9.838397 -0.813719 0.508387
v -9.921505 -0.970646 0.425083
v -9.712665 -0.923404 0.425083
v -9.705664 -0.921820 0.497680
v -9.918447 -0.969954 0.508513
v 9.322321 3.960814 0.788195
v 9.317057 3.939300 0.903992
v 9.359355 4.112149 0.874762
v 9.373749 4.170972 0.788195
v 9.171560 4.088315 0.788195
v 9.389175 4.035062 0.788195
v 9.462621 4.017089 0.889930
v 9.208173 4.079356 0.882561
v -5.397717 -5.923249 -0.101438
v -5.418018 -5.922656 0.083889
v -5.254909 -5.927421 0.037108
v -5.199401 -5.929043 -0.101438
v -5.312312 -5.763599 -0.101438
v -5.318312 -5.968952 -0.101438
v -5.320336 -6.038258 0.061383
v -5.313322 -5.798149 0.049590
v 5.246354 -10.481826 -1.396181
v 5.233492 -10.424383 -1.475514
v 5.192049 -10.239289 -1.475514
v 5.176436 -10.169560 -1.396181
v 5.291971 -10.289279 -1.475544
v 5.117279 -10.328393 -1.475544
v 5.046194 -10.344309 -1.392728
v 5.309103 -10.285442 -1.387296
v -9.644545 -10.894444 -1.124246
v -9.871264 -10.878369 -1.124246
v -9.925019 -10.874558 -1.037523
v -9.702646 -10.890325 -1.037523
v -9.792569 -10.789412 -1.124284
v -9.807279 -10.996877 -1.124284
v -9.808221 -11.010174 -1.028335
v -9.795069 -10.824672 -1.036982
v 11.606433 2.246650 0.289625
v 11.655812 2.429734 0.289625
v 11.648372 2.402147 0.433187
v 11.585382 2.168602 0.389033
v 11.539523 2.322217 0.289625
v 11.501192 2.332555 0.400551
v 11.694169 2.280507 0.435732
v 11.695602 2.280121 0.289625
v -11.142711 -0.946501 0.432100
v -11.189706 -0.960497 0.313949
v -11.341134 -1.005598 0.313949
v -11.398181 -1.022588 0.432100
v -11.305347 -0.919682 0.313904
v -11.262781 -1.062601 0.313904
v -11.245461 -1.120757 0.437243
v -11.309522 -0.905666 0.445332
v 11.086740 10.139393 1.975155
v 11.039616 9.882891 1.975155
v 11.028442 9.822074 2.061333
v 11.074663 10.073659 2.061333
v 10.948166 9.983930 1.975117
v 11.182884 9.940807 1.975117
v 11.197927 9.938044 2.070464
v 10.988057 9.976601 2.061871
v 5.262320 -10.905787 -1.598975
v 5.471007 -10.804418 -1.598975
v 5.439562 -10.819692 -1.492607
v 5.173358 -10.949000 -1.525321
v 5.278385 -10.783347 -1.598975
v 5.257162 -10.739656 -1.516788
v 5.364009 -10.959620 -1.490721
v 5.364802 -10.961253 -1.598975
v -12.723914 -10.329927 -1.171335
v -12.711614 -10.083329 -1.171335
v -12.709537 -10.041697 -1.093511
v -12.726030 -10.372357 -1.078538
v -12.584131 -10.209346 -1.171393
v -12.882885 -10.194444 -1.171393
v -12.771306 -10.200009 -1.061893
v -12.562562 -10.210423 -1.095156
v -0.596085 12.377483 2.692743
v -0.455484 12.235951 2.692743
v -0.438560 12.218915 2.779560
v -0.640239 12.421930 2.777063
v -0.627219 12.242875 2.692743
v -0.473647 12.395437 2.692743
v -0.468499 12.400552 2.766226
v -0.624970 12.245110 2.777191
v -1.471716 -12.386790 -1.309391
v -1.522529 -12.370687 -1.406266
v -1.686257 -12.318804 -1.406266
v -1.747937 -12.299258 -1.309391
v -1.601619 -12.263379 -1.406303
v -1.650587 -12.417907 -1.406303
v -1.670513 -12.480786 -1.305175
v -1.596816 -12.248224 -1.298542
v -10.778754 -7.930407 -0.710485
v -10.743620 -7.772553 -0.710485
v -10.739390 -7.753552 -0.590826
v -10.789788 -7.979979 -0.594268
v -10.673260 -7.892805 -0.710485
v -10.844542 -7.854681 -0.710485
v -10.850284 -7.853404 -0.609205
v -10.675768 -7.892247 -0.594091
v -10.409771 -4.630223 -0.041521
v -10.349043 -4.624694 -0.176437
v -10.153363 -4.606877 -0.176437
v -10.079645 -4.600165 -0.041521
v -10.218079 -4.702836 -0.176488
v -10.234894 -4.518152 -0.176488
v -10.241736 -4.443002 -0.035649
v -10.216430 -4.720949 -0.026412
v -2.993039 -12.009517 -1.154096
v -2.943332 -12.001093 -1.257413
v -2.783165 -11.973949 -1.257413
v -2.722826 -11.963724 -1.154096
v -2.830402 -12.057169 -1.257452
v -2.856020 -11.906003 -1.257452
v -2.866444 -11.844491 -1.149599
v -2.827890 -12.071995 -1.142526
v 10.250865 1.379019 0.288656
v 10.298168 1.395350 0.173242
v 10.450592 1.447974 0.173242
v 10.508014 1.467798 0.288656
v 10.417869 1.358803 0.173199
v 10.368203 1.502661 0.173199
v 10.347993 1.561199 0.293679
v 10.422740 1.344694 0.301581
v -14.288144 -11.857289 -1.440758
v -14.287986 -11.915327 -1.526456
v -14.287477 -12.102335 -1.526456
v -14.287285 -12.172786 -1.440758
v -14.373034 -12.032948 -1.526489
v -14.196534 -12.032467 -1.526489
v -14.124714 -12.032271 -1.437028
v -14.390344 -12.032994 -1.431161
v 1.677280 -12.115894 -1.546988
v 1.726860 -12.142330 -1.637861
v 1.886618 -12.227513 -1.637861
v 1.946803 -12.259604 -1.546988
v 1.788258 -12.268728 -1.637895
v 1.868653 -12.117949 -1.637895
v 1.901368 -12.056593 -1.543033
v 1.780373 -12.283517 -1.536811
v -5.923156 -7.021688 -0.303876
v -5.950040 -7.020164 -0.198721
v -5.734046 -7.032403 -0.225264
v -5.660541 -7.036568 -0.303876
v -5.804172 -6.813206 -0.303876
v -5.819581 -7.085141 -0.303876
v -5.824781 -7.176918 -0.211491
v -5.806765 -6.858958 -0.218182
v -7.798430 -12.353093 -1.268153
v -7.916436 -12.556454 -1.268153
v -7.930641 -12.580933 -1.176724
v -7.761372 -12.289229 -1.179354
v -7.961158 -12.358890 -1.268153
v -7.740497 -12.486935 -1.268153
v -7.733099 -12.491227 -1.190767
v -7.957926 -12.360765 -1.179219
v -5.540179 -9.778343 -0.744406
v -5.517128 -9.779477 -0.527844
v -5.702322 -9.770362 -0.582509
v -5.765345 -9.767260 -0.744406
v -5.640827 -9.957776 -0.744406
v -5.629351 -9.724619 -0.744406
v -5.625477 -9.645929 -0.554143
v -5.638896 -9.918549 -0.567924
v 7.442966 1.276906 0.386441
v 7.436110 1.223992 0.288015
v 7.414019 1.053492 0.288015
v 7.405696 0.989260 0.386441
v 7.344412 1.127051 0.287978
v 7.505331 1.106201 0.287978
v 7.570810 1.097717 0.390725
v 7.328629 1.129095 0.397463
v -4.543938 -9.582438 -0.749917
v -4.335433 -9.673107 -0.749917
v -4.318202 -9.680600 -0.677128
v -4.566294 -9.572717 -0.634652
v -4.488407 -9.713933 -0.749870
v -4.402193 -9.515674 -0.749870
v -4.424718 -9.567472 -0.667750
v -4.501858 -9.744866 -0.656054
v -12.094750 -12.846835 -1.554492
v -12.090099 -12.826860 -1.450271
v -12.127470 -12.987345 -1.476579
v -12.140187 -13.041959 -1.554492
v -11.953834 -12.963326 -1.554492
v -12.155882 -12.916277 -1.554492
v -12.224073 -12.900398 -1.462927
v -11.987827 -12.955410 -1.469560
v 4.832190 13.980843 3.069524
v 4.773473 13.982418 2.971154
v 4.584275 13.987493 2.971154
v 4.513000 13.989405 3.069524
v 4.657027 14.071970 2.971117
v 4.652238 13.893404 2.971117
v 4.650289 13.820743 3.073805
v 4.657497 14.089483 3.080540
v 3.118042 11.074071 2.451349
v 3.125479 10.933513 2.451349
v 3.124358 10.954692 2.548320
v 3.114872 11.133990 2.518496
v 3.182692 11.036211 2.451349
v 3.212119 11.037767 2.526276
v 3.063966 11.029929 2.550040
v 3.062865 11.029871 2.451349
v 6.462955 1.922741 0.526437
v 6.481768 1.907328 0.636257
v 6.330624 2.031159 0.608536
v 6.279189 2.073300 0.526437
v 6.265208 1.833864 0.526437
v 6.421110 2.024152 0.526437
v 6.473726 2.088374 0.622921
v 6.291438 1.865879 0.615932
v 13.245880 8.645085 1.617403
v 13.368712 8.781649 1.617403
v 13.383498 8.798086 1.704364
v 13.207305 8.602199 1.701863
v 13.371226 8.623425 1.617403
v 13.223046 8.756706 1.617403
v 13.218079 8.761175 1.691007
v 13.369057 8.625377 1.701991
v -8.406801 3.086043 1.350166
v -8.390696 3.088827 1.500809
v -8.520092 3.066462 1.462783
v -8.564126 3.058850 1.350166
v -8.448584 2.946460 1.350166
v -8.476742 3.109369 1.350166
v -8.486245 3.164350 1.482515
v -8.453321 2.973869 1.472929
v -13.985497 -3.363642 -0.203408
v -14.000206 -3.380595 -0.075896
v -13.882038 -3.244382 -0.108082
v -13.841824 -3.198027 -0.203408
v -14.062346 -3.178903 -0.203408
v -13.890855 -3.327675 -0.203408
v -13.832977 -3.377886 -0.091380
v -14.033494 -3.203933 -0.099495
v -9.516232 -14.470600 -1.568063
v -9.550032 -14.433283 -1.656541
v -9.658942 -14.313038 -1.656541
v -9.699972 -14.267739 -1.568063
v -9.563506 -14.308086 -1.656575
v -9.676994 -14.410877 -1.656575
v -9.723174 -14.452704 -1.564212
v -9.552376 -14.298006 -1.558155
v 12.260244 13.126764 2.739242
v 12.285433 13.173105 2.654735
v 12.366596 13.322429 2.654735
v 12.397172 13.378682 2.739242
v 12.404544 13.229788 2.654702
v 12.263613 13.306390 2.654702
v 12.206265 13.337561 2.742920
v 12.418366 13.222275 2.748706
v -14.134569 -3.920236 -0.097164
v -14.180934 -3.913067 -0.314497
v -14.330332 -3.889967 -0.314497
v -14.386614 -3.881265 -0.097164
v -14.264169 -3.830369 -0.314579
v -14.285971 -3.971371 -0.314579
v -14.294842 -4.028747 -0.087704
v -14.262031 -3.816540 -0.072825
v -5.791788 -14.120608 -1.338685
v -5.824645 -14.075492 -1.427571
v -5.930516 -13.930117 -1.427571
v -5.970400 -13.875350 -1.338685
v -5.824740 -13.935908 -1.427605
v -5.961946 -14.035830 -1.427605
v -6.017776 -14.076489 -1.334816
v -5.811283 -13.926109 -1.328730
v -9.887072 -14.318684 -1.676536
v -9.890136 -14.295848 -1.553446
v -9.865513 -14.479315 -1.584517
v -9.857134 -14.541751 -1.676536
v -9.692666 -14.384968 -1.676536
v -9.923649 -14.415967 -1.676536
v -10.001605 -14.426430 -1.568394
v -9.731528 -14.390183 -1.576227
v 13.225363 -8.444851 -1.812928
v 13.066443 -8.446167 -1.812928
v 13.090389 -8.445969 -1.722166
v 13.293109 -8.444290 -1.750081
v 13.179404 -8.515868 -1.812928
v 13.179680 -8.549140 -1.742799
v 13.178293 -8.381634 -1.720556
v 13.178283 -8.380389 -1.812928
v -7.521100 -10.340571 -0.929912
v -7.665213 -10.487068 -0.929912
v -7.643498 -10.464994 -0.822682
v -7.459665 -10.278121 -0.855662
v -7.498196 -10.447528 -0.929912
v -7.467525 -10.477699 -0.847059
v -7.621938 -10.325799 -0.820781
v -7.623085 -10.324671 -0.929912
v 8.093557 12.855808 2.786219
v 8.044230 12.890200 2.697065
v 7.885287 13.001019 2.697065
v 7.825409 13.042767 2.786219
v 7.995047 13.032318 2.697031
v 7.890455 12.882307 2.697031
v 7.847896 12.821265 2.790099
v 8.005304 13.047030 2.796203
v -13.521109 -6.947270 -0.726516
v -13.793421 -6.858392 -0.726516
v -13.857987 -6.837318 -0.623097
v -13.590895 -6.924493 -0.623097
v -13.670036 -6.773648 -0.726561
v -13.751367 -7.022833 -0.726561
v -13.756579 -7.038804 -0.612140
v -13.683859 -6.815998 -0.622452
v -12.159101 3.175762 1.330078
v -12.201513 3.173400 1.210796
v -12.338175 3.165792 1.210796
v -12.389659 3.162926 1.330078
v -12.290771 3.231009 1.210750
v -12.283590 3.102028 1.210750
v -12.280669 3.049543 1.335270
v -12.291475 3.243659 1.343437
v 13.888554 1.141582 -0.092097
v 14.054962 1.283798 -0.092097
v 14.074992 1.300916 0.026919
v 13.836294 1.096921 0.023496
v 14.033280 1.096459 -0.092097
v 13.878966 1.277024 -0.092097
v 13.873793 1.283077 0.008639
v 14.031020 1.099104 0.023672
v -11.621998 -1.076386 0.283945
v -11.725367 -0.934077 0.283945
v -11.737809 -0.916948 0.385948
v -11.589536 -1.121077 0.383015
v -11.576681 -0.963318 0.283945
v -11.731095 -1.075481 0.283945
v -11.736272 -1.079241 0.370281
v -11.578942 -0.964961 0.383165
v -4.545665 -11.134626 -0.997065
v -4.707663 -11.279933 -0.997065
v -4.721050 -11.291941 -0.924905
v -4.528296 -11.119046 -0.882795
v -4.682223 -11.130544 -0.997019
v -4.544057 -11.284581 -0.997019
v -4.580156 -11.244336 -0.915607
v -4.703781 -11.106510 -0.904012
v 10.609203 9.274287 1.893941
v 10.646532 9.236970 1.814218
v 10.766810 9.116727 1.814218
v 10.812122 9.071428 1.893941
v 10.667143 9.106586 1.814188
v 10.780629 9.220105 1.814188
v 10.826808 9.266298 1.897411
v 10.656013 9.095452 1.902870
v -6.954833 -13.344139 -1.374047
v -7.147419 -13.344739 -1.374047
v -7.170600 -13.344810 -1.253614
v -6.894352 -13.343951 -1.257077
v -7.026188 -13.231457 -1.374047
v -7.025538 -13.440428 -1.374047
v -7.025516 -13.447433 -1.272111
v -7.026179 -13.234518 -1.256900
v 2.537607 9.768086 2.235153
v 2.707301 9.880033 2.235153
v 2.681732 9.863166 2.336963
v 2.465268 9.720365 2.305650
v 2.537551 9.876293 2.235153
v 2.514114 9.911820 2.313818
v 2.632110 9.732958 2.338768
v 2.632986 9.731629 2.235153
v -15.012621 -5.208431 -0.555771
v -14.856878 -5.317683 -0.555771
v -14.838132 -5.330833 -0.439167
v -15.061530 -5.174121 -0.442521
v -15.019249 -5.340014 -0.555771
v -14.900702 -5.171022 -0.555771
v -14.896729 -5.165357 -0.457076
v -15.017512 -5.337539 -0.442348
v 13.781693 -6.664500 -1.538982
v 13.639951 -6.628880 -1.538982
v 13.661308 -6.634247 -1.431723
v 13.842116 -6.679686 -1.464711
v 13.724349 -6.717065 -1.538982
v 13.716891 -6.746741 -1.456106
v 13.754436 -6.597340 -1.429821
v 13.754716 -6.596230 -1.538982
v -15.213280 -2.583033 -0.170436
v -15.431426 -2.413616 -0.170436
v -15.483149 -2.373447 -0.084227
v -15.269184 -2.539617 -0.084227
v -15.291834 -2.376931 -0.170474
v -15.446863 -2.576550 -0.170474
v -15.456800 -2.589345 -0.075094
v -15.318182 -2.410857 -0.083689
v -15.993341 2.269092 0.649756
v -15.963175 2.318858 0.558743
v -15.865972 2.479217 0.558743
v -15.829352 2.539628 0.649756
v -15.828957 2.375145 0.558709
v -15.980304 2.466887 0.558709
v -16.041889 2.504217 0.653718
v -15.814114 2.366148 0.659949
v -14.502494 -2.126037 -0.059092
v -14.572444 -1.977089 -0.059092
v -14.580864 -1.959160 0.082637
v -14.480527 -2.172812 0.078560
v -14.440964 -2.030113 -0.059092
v -14.602583 -2.106014 -0.059092
v -14.608001 -2.108559 0.060868
v -14.443331 -2.031225 0.078770
v -13.343927 -5.056812 -0.427096
v -13.366462 -5.054925 -0.211243
v -13.185420 -5.070082 -0.265729
v -13.123809 -5.075241 -0.427096
v -13.239332 -4.884490 -0.427096
v -13.258415 -5.112420 -0.427096
v -13.264855 -5.189345 -0.237456
v -13.242542 -4.922838 -0.251191
v -3.838226 -9.404077 -0.574113
v -3.812052 -9.356417 -0.739966
v -3.727714 -9.202845 -0.739966
v -3.695941 -9.144991 -0.574113
v -3.689008 -9.298517 -0.740028
v -3.833949 -9.218918 -0.740028
v -3.892928 -9.186528 -0.566894
v -3.674793 -9.306323 -0.555539
v 11.336928 7.125769 1.474817
v 11.302234 7.147270 1.369990
v 11.190438 7.216549 1.369990
v 11.148322 7.242649 1.474817
v 11.263683 7.241791 1.369950
v 11.198298 7.136278 1.369950
v 11.171690 7.093344 1.479380
v 11.270096 7.252139 1.486556
vn -0.9091 -0.4165 -0.0000
vn 0.4165 -0.9091 -0.0000
vn 0.9679 0.2515 -0.0000
vn -0.2515 0.9679 -0.0000
vn 0.0039 -1.0000 -0.0000
vn 1.0000 0.0039 -0.0000
vn -0.9085 -0.4180 -0.0000
vn 0.4180 -0.9085 -0.0000
vn 0.0894 0.9960 -0.0000
vn -0.9960 0.0894 -0.0000
vn -0.8977 0.4405 -0.0000
vn -0.4406 -0.8977 -0.0000
vn -0.1433 -0.9897 -0.0000
vn 0.9897 -0.1433 -0.0000
vn -0.9750 -0.2223 -0.0000
vn 0.2223 -0.9750 -0.0000
vn 0.8892 -0.4576 -0.0000
vn 0.4576 0.8892 -0.0000
vn 0.8269 -0.5623 -0.0000
vn 0.5623 0.8269 -0.0000
vn 0.8783 -0.4781 -0.0000
vn 0.4781 0.8783 -0.0000
vn -0.1337 -0.9910 -0.0000
vn 0.9910 -0.1337 -0.0000
vn -0.9748 0.2230 -0.0000
vn -0.2230 -0.9748 -0.0000
vn 0.2361 0.9717 -0.0000
vn -0.9717 0.2361 -0.0000
vn 0.9996 0.0282 -0.0000
vn -0.0282 0.9996 -0.0000
vn 0.9896 -0.1439 -0.0000
vn 0.1440 0.9896 -0.0000
vn -0.4019 -0.9157 -0.0000
vn 0.9157 -0.4019 -0.0000
vn -0.9316 -0.3635 -0.0000
vn 0.3635 -0.9316 -0.0000
vn -0.0968 0.9953 -0.0000
vn -0.9953 -0.0968 -0.0000
vn -0.8906 -0.4548 -0.0000
vn 0.4548 -0.8906 -0.0000
vn 0.9998 0.0177 -0.0000
vn -0.0177 0.9998 -0.0000
vn -0.1264 0.9920 -0.0000
vn -0.9920 -0.1264 -0.0000
vn -0.9530 -0.3030 -0.0000
vn 0.3030 -0.9530 -0.0000
vn -0.2834 -0.9590 -0.0000
vn 0.9590 -0.2834 -0.0000
vn -0.2413 0.9704 -0.0000
vn -0.9704 -0.2413 -0.0000
vn 0.6404 -0.7681 -0.0000
vn 0.7681 0.6404 -0.0000
vn 0.9966 -0.0825 -0.0000
vn 0.0825 0.9966 -0.0000
vn 0.3193 0.9476 -0.0000
vn -0.9476 0.3193 -0.0000
vn -0.1364 0.9906 -0.0000
vn -0.9906 -0.1364 -0.0000
vn -0.8664 0.4994 -0.0000
vn -0.4994 -0.8664 -0.0000
vn -0.6619 0.7496 -0.0000
vn -0.7496 -0.6619 -0.0000
vn 0.9997 0.0261 -0.0000
vn -0.0261 0.9997 -0.0000
vn -0.3067 -0.9518 -0.0000
vn 0.9518 -0.3067 -0.0000
vn 0.9941 -0.1082 -0.0000
vn 0.1082 0.9941 -0.0000
vn 0.7747 0.6324 -0.0000
vn -0.6324 0.7747 -0.0000
vn -0.1720 -0.9851 -0.0000
vn 0.9851 -0.1720 -0.0000
vn 0.9596 -0.2813 -0.0000
vn 0.2813 0.9596 -0.0000
vn 0.9076 -0.4198 -0.0000
vn 0.4198 0.9076 -0.0000
vn 0.9881 0.1540 -0.0000
vn -0.1540 0.9881 -0.0000
vn 0.4424 -0.8968 -0.0000
vn 0.8968 0.4424 -0.0000
vn -0.9625 -0.2713 -0.0000
vn 0.2713 -0.9625 -0.0000
vn 0.9900 0.1413 -0.0000
vn -0.1413 0.9900 -0.0000
vn 0.5228 -0.8524 -0.0000
vn 0.8524 0.5228 -0.0000
vn 0.9021 -0.4316 -0.0000
vn 0.4316 0.9021 -0.0000
vn -0.9999 0.0173 -0.0000
vn -0.0173 -0.9999 -0.0000
vn -0.9686 0.2484 -0.0000
vn -0.2484 -0.9686 -0.0000
vn -0.2085 0.9780 -0.0000
vn -0.9780 -0.2085 -0.0000
vn 0.7085 0.7057 -0.0000
vn -0.7057 0.7085 -0.0000
vn -0.9879 0.1554 -0.0000
vn -0.1554 -0.9879 -0.0000
vn 0.5866 0.8099 -0.0000
vn -0.8099 0.5866 -0.0000
vn -0.2019 0.9794 -0.0000
vn -0.9794 -0.2019 -0.0000
vn 0.2075 0.9782 -0.0000
vn -0.9782 0.2075 -0.0000
vn -0.7199 0.6941 -0.0000
vn -0.6941 -0.7199 -0.0000
vn 0.8515 -0.5244 -0.0000
vn 0.5244 0.8515 -0.0000
vn 0.6969 0.7171 -0.0000
vn -0.7171 0.6969 -0.0000
vn -0.9374 0.3482 -0.0000
vn -0.3482 -0.9374 -0.0000
vn -0.4110 -0.9116 -0.0000
vn 0.9116 -0.4110 -0.0000
vn 0.6184 -0.7859 -0.0000
vn 0.7859 0.6184 -0.0000
vn 0.4799 -0.8773 -0.0000
vn 0.8773 0.4799 -0.0000
vn -0.2457 -0.9693 -0.0000
vn 0.9693 -0.2457 -0.0000
vn 0.4858 -0.8741 -0.0000
vn 0.8741 0.4858 -0.0000
vn 0.2908 -0.9568 -0.0000
vn 0.9568 0.2908 -0.0000
vn -0.6469 0.7625 -0.0000
vn -0.7625 -0.6469 -0.0000
vn -0.9845 -0.1756 -0.0000
vn 0.1756 -0.9845 -0.0000
vn -0.1272 0.9919 -0.0000
vn -0.9919 -0.1272 -0.0000
vn 0.9476 0.3196 -0.0000
vn -0.3196 0.9476 -0.0000
vn 0.6011 -0.7992 -0.0000
vn 0.7992 0.6011 -0.0000
vn 0.8604 0.5096 -0.0000
vn -0.5096 0.8604 -0.0000
vn -0.9998 0.0208 -0.0000
vn -0.0208 -0.9998 -0.0000
vn 0.9822 -0.1880 -0.0000
vn 0.1880 0.9822 -0.0000
vn 0.9271 0.3748 -0.0000
vn -0.3748 0.9271 -0.0000
vn 0.9166 0.3999 -0.0000
vn -0.3999 0.9166 -0.0000
vn -0.8816 -0.4721 -0.0000
vn 0.4721 -0.8816 -0.0000
vn -0.9300 -0.3677 -0.0000
vn 0.3676 -0.9300 -0.0000
vn -0.1153 -0.9933 -0.0000
vn 0.9933 -0.1153 -0.0000
vn -0.4792 -0.8777 -0.0000
vn 0.8777 -0.4792 -0.0000
vn 0.3945 -0.9189 -0.0000
vn 0.9189 0.3945 -0.0000
vn -0.6381 -0.7700 -0.0000
vn 0.7699 -0.6381 -0.0000
vn 0.7470 0.6649 -0.0000
vn -0.6649 0.7470 -0.0000
vn 0.9702 0.2422 -0.0000
vn -0.2422 0.9702 -0.0000
vn -0.8706 -0.4920 -0.0000
vn 0.4920 -0.8706 -0.0000
vn 0.7944 -0.6074 -0.0000
vn 0.6074 0.7944 -0.0000
vn 0.9663 -0.2576 -0.0000
vn 0.2576 0.9663 -0.0000
vn 0.8673 -0.4978 -0.0000
vn 0.4978 0.8673 -0.0000
vn 0.7784 -0.6277 -0.0000
vn 0.6277 0.7784 -0.0000
vn -0.9852 -0.1715 -0.0000
vn 0.1715 -0.9852 -0.0000
vn 0.9129 0.4083 -0.0000
vn -0.4083 0.9129 -0.0000
vn 0.4098 -0.9122 -0.0000
vn 0.9122 0.4098 -0.0000
vn 0.8413 0.5406 -0.0000
vn -0.5406 0.8413 -0.0000
vn 0.9644 -0.2645 -0.0000
vn 0.2645 0.9644 -0.0000
vn 0.5498 0.8353 -0.0000
vn -0.8353 0.5498 -0.0000
vn 0.9952 0.0979 -0.0000
vn -0.0979 0.9952 -0.0000
vn -0.4552 0.8904 -0.0000
vn -0.8904 -0.4552 -0.0000
vn 0.1816 0.9834 -0.0000
vn -0.9834 0.1816 -0.0000
vn -0.4807 0.8769 -0.0000
vn -0.8769 -0.4807 -0.0000
vn -0.9351 0.3544 -0.0000
vn -0.3544 -0.9351 -0.0000
vn -0.8789 0.4770 -0.0000
vn -0.4770 -0.8789 -0.0000
vn 0.5924 -0.8056 -0.0000
vn 0.8056 0.5924 -0.0000
vn -0.5205 0.8539 -0.0000
vn -0.8539 -0.5205 -0.0000
vn 0.8656 -0.5007 -0.0000
vn 0.5007 0.8656 -0.0000
vn -0.0359 0.9994 -0.0000
vn -0.9994 -0.0359 -0.0000
vn 0.8118 -0.5839 -0.0000
vn 0.5839 0.8118 -0.0000
vn -0.8476 0.5307 -0.0000
vn -0.5307 -0.8476 -0.0000
vn 0.9955 0.0952 -0.0000
vn -0.0952 0.9955 -0.0000
vn 0.6728 0.7398 -0.0000
vn -0.7398 0.6728 -0.0000
vn -0.5504 -0.8349 -0.0000
vn 0.8349 -0.5504 -0.0000
vn 0.3411 -0.9400 -0.0000
vn 0.9400 0.3411 -0.0000
vn 0.9638 -0.2667 -0.0000
vn 0.2667 0.9638 -0.0000
vn 0.4030 0.9152 -0.0000
vn -0.9152 0.4030 -0.0000
vn -0.0207 0.9998 -0.0000
vn -0.9998 -0.0207 -0.0000
vn -0.5299 0.8480 -0.0000
vn -0.8480 -0.5299 -0.0000
vn 0.6511 0.7590 -0.0000
vn -0.7590 0.6511 -0.0000
vn -0.9734 -0.2292 -0.0000
vn 0.2292 -0.9734 -0.0000
vn -0.2288 0.9735 -0.0000
vn -0.9735 -0.2288 -0.0000
vn 0.8813 -0.4726 -0.0000
vn 0.4726 0.8813 -0.0000
vn -0.8977 -0.4405 -0.0000
vn 0.4405 -0.8977 -0.0000
vn -0.7741 -0.6330 -0.0000
vn 0.6330 -0.7741 -0.0000
vn -0.2059 0.9786 -0.0000
vn -0.9786 -0.2059 -0.0000
vn 0.2705 0.9627 -0.0000
vn -0.9627 0.2705 -0.0000
vn -0.9072 0.4207 -0.0000
vn -0.4207 -0.9072 -0.0000
vn 0.9774 -0.2116 -0.0000
vn 0.2116 0.9774 -0.0000
vn 0.3632 -0.9317 -0.0000
vn 0.9317 0.3632 -0.0000
vn 0.2250 -0.9744 -0.0000
vn 0.9744 0.2250 -0.0000
vn 0.7825 -0.6226 -0.0000
vn 0.6226 0.7825 -0.0000
vn 0.5191 0.8547 -0.0000
vn -0.8547 0.5191 -0.0000
vn -0.9617 -0.2740 -0.0000
vn 0.2740 -0.9617 -0.0000
vn 0.0308 0.9995 -0.0000
vn -0.9995 0.0308 -0.0000
vn 0.4057 -0.9140 -0.0000
vn 0.9140 0.4057 -0.0000
vn -0.9095 -0.4156 -0.0000
vn 0.4156 -0.9095 -0.0000
vn 0.6821 -0.7313 -0.0000
vn 0.7313 0.6821 -0.0000
vn 0.3134 0.9496 -0.0000
vn -0.9496 0.3134 -0.0000
vn 0.5878 0.8090 -0.0000
vn -0.8090 0.5878 -0.0000
vn 0.1087 0.9941 -0.0000
vn -0.9941 0.1087 -0.0000
vn 0.1212 0.9926 -0.0000
vn -0.9926 0.1212 -0.0000
vn -0.9865 -0.1637 -0.0000
vn 0.1637 -0.9865 -0.0000
vn 0.8023 0.5969 -0.0000
vn -0.5969 0.8023 -0.0000
vn 0.8352 0.5500 -0.0000
vn -0.5500 0.8352 -0.0000
vn -0.8854 0.4648 -0.0000
vn -0.4648 -0.8854 -0.0000
vn -0.1148 -0.9934 -0.0000
vn 0.9934 -0.1148 -0.0000
vn 0.4840 0.8751 -0.0000
vn -0.8751 0.4840 -0.0000
vn -0.8832 0.4690 -0.0000
vn -0.4690 -0.8832 -0.0000
vn 0.5175 0.8557 -0.0000
vn -0.8557 0.5175 -0.0000
vn 0.4333 0.9012 -0.0000
vn -0.9012 0.4333 -0.0000
vn 0.2677 0.9635 -0.0000
vn -0.9635 0.2677 -0.0000
vn -0.1328 0.9911 -0.0000
vn -0.9911 -0.1328 -0.0000
vn -0.9907 0.1359 -0.0000
vn -0.1359 -0.9907 -0.0000
vn 0.7689 0.6393 -0.0000
vn -0.6393 0.7689 -0.0000
vn 0.3784 -0.9256 -0.0000
vn 0.9256 0.3784 -0.0000
vn 0.9477 -0.3193 -0.0000
vn 0.3193 0.9477 -0.0000
vn -0.0810 -0.9967 -0.0000
vn 0.9967 -0.0810 -0.0000
vn 0.9981 0.0623 -0.0000
vn -0.0623 0.9981 -0.0000
vn -0.7755 -0.6313 -0.0000
vn 0.6313 -0.7755 -0.0000
vn -0.8260 -0.5637 -0.0000
vn 0.5637 -0.8260 -0.0000
vn 0.2481 -0.9687 -0.0000
vn 0.9687 0.2481 -0.0000
vn -1.0000 -0.0020 -0.0000
vn 0.0020 -1.0000 -0.0000
vn -0.1164 0.9932 -0.0000
vn -0.9932 -0.1164 -0.0000
vn 0.7967 -0.6044 -0.0000
vn 0.6044 0.7967 -0.0000
vn -0.9701 -0.2427 -0.0000
vn 0.2427 -0.9701 -0.0000
vn 0.7147 -0.6994 -0.0000
vn 0.6994 0.7147 -0.0000
vn -0.8012 -0.5984 -0.0000
vn 0.5984 -0.8012 -0.0000
vn 0.3002 0.9539 -0.0000
vn -0.9539 0.3002 -0.0000
vn -0.9996 0.0276 -0.0000
vn -0.0276 -0.9996 -0.0000
vn 0.7835 0.6214 -0.0000
vn -0.6214 0.7835 -0.0000
vn 0.5574 -0.8302 -0.0000
vn 0.8302 0.5574 -0.0000
vn -0.9657 0.2596 -0.0000
vn -0.2596 -0.9657 -0.0000
vn 0.9652 -0.2617 -0.0000
vn 0.2617 0.9652 -0.0000
vn 0.5195 -0.8545 -0.0000
vn 0.8545 0.5195 -0.0000
vn 0.2278 0.9737 -0.0000
vn -0.9737 0.2278 -0.0000
vn 0.5938 -0.8046 -0.0000
vn 0.8046 0.5938 -0.0000
vn -0.8332 0.5530 -0.0000
vn -0.5530 -0.8332 -0.0000
vn -0.1500 -0.9887 -0.0000
vn 0.9887 -0.1500 -0.0000
vn -0.1123 -0.9937 -0.0000
vn 0.9937 -0.1123 -0.0000
vn -0.8049 0.5935 -0.0000
vn -0.5935 -0.8049 -0.0000
vn -0.6173 -0.7867 -0.0000
vn 0.7867 -0.6173 -0.0000
vn 0.6328 0.7743 -0.0000
vn -0.7743 0.6328 -0.0000
vn -0.9760 -0.2179 -0.0000
vn 0.2179 -0.9760 -0.0000
vn -1.0000 0.0013 -0.0000
vn -0.0013 -1.0000 -0.0000
vn -0.9308 -0.3655 -0.0000
vn 0.3655 -0.9308 -0.0000
vn 0.9961 -0.0887 -0.0000
vn 0.0887 0.9961 -0.0000
vn -0.8555 0.5178 -0.0000
vn -0.5178 -0.8555 -0.0000
vn 0.1630 0.9866 -0.0000
vn -0.9866 0.1630 -0.0000
vn -0.0248 -0.9997 -0.0000
vn 0.9997 -0.0248 -0.0000
vn 0.6394 0.7689 -0.0000
vn -0.7689 0.6394 -0.0000
vn 0.8809 0.4734 -0.0000
vn -0.4734 0.8809 -0.0000
vn -0.1451 -0.9894 -0.0000
vn 0.9894 -0.1451 -0.0000
vn 0.3147 -0.9492 -0.0000
vn 0.9492 0.3147 -0.0000
vn 0.3591 0.9333 -0.0000
vn -0.9333 0.3591 -0.0000
vn -0.9260 0.3776 -0.0000
vn -0.3776 -0.9260 -0.0000
vn -0.6253 -0.7804 -0.0000
vn 0.7804 -0.6253 -0.0000
vn -0.8015 0.5980 -0.0000
vn -0.5980 -0.8015 -0.0000
vn -0.3198 0.9475 -0.0000
vn -0.9475 -0.3198 -0.0000
vn 0.1233 0.9924 -0.0000
vn -0.9924 0.1233 -0.0000
vn -0.9751 0.2217 -0.0000
vn -0.2217 -0.9751 -0.0000
vn 0.8150 0.5794 -0.0000
vn -0.5794 0.8150 -0.0000
vn 0.8840 -0.4675 -0.0000
vn 0.4675 0.8840 -0.0000
vn -0.8327 0.5537 -0.0000
vn -0.5537 -0.8327 -0.0000
vn -0.2679 -0.9634 -0.0000
vn 0.9634 -0.2679 -0.0000
vn 0.0686 0.9976 -0.0000
vn -0.9976 0.0686 -0.0000
vn -0.7954 -0.6061 -0.0000
vn 0.6061 -0.7954 -0.0000
vn -0.6912 0.7227 -0.0000
vn -0.7227 -0.6912 -0.0000
vn -0.2109 0.9775 -0.0000
vn -0.9775 -0.2109 -0.0000
vn -0.8164 -0.5775 -0.0000
vn 0.5775 -0.8164 -0.0000
vn -0.9464 0.3231 -0.0000
vn -0.3231 -0.9463 -0.0000
vn -0.9654 -0.2608 -0.0000
vn 0.2608 -0.9654 -0.0000
vn -0.8052 0.5930 -0.0000
vn -0.5930 -0.8052 -0.0000
vn 0.5683 -0.8228 -0.0000
vn 0.8228 0.5683 -0.0000
vn 0.4051 0.9143 -0.0000
vn -0.9143 0.4051 -0.0000
vn -0.6001 -0.7999 -0.0000
vn 0.7999 -0.6001 -0.0000
vn -0.1059 0.9944 -0.0000
vn -0.9944 -0.1059 -0.0000
vn -0.8737 -0.4864 -0.0000
vn 0.4864 -0.8737 -0.0000
vn -0.3280 0.9447 -0.0000
vn -0.9447 -0.3280 -0.0000
vn -0.9860 0.1670 -0.0000
vn -0.1670 -0.9860 -0.0000
vn -0.7426 -0.6698 -0.0000
vn 0.6698 -0.7426 -0.0000
vn 0.7506 -0.6607 -0.0000
vn 0.6607 0.7506 -0.0000
vn 0.5019 -0.8649 -0.0000
vn 0.8649 0.5019 -0.0000
vn -0.2116 -0.9774 -0.0000
vn -0.9511 0.3088 -0.0000
vn -0.3088 -0.9511 -0.0000
vn -0.3729 0.9279 -0.0000
vn -0.9279 -0.3729 -0.0000
vn 0.1059 -0.9944 -0.0000
vn -1.0000 -0.0026 -0.0000
vn 0.0026 -1.0000 -0.0000
vn -0.5895 0.8078 -0.0000
vn -0.8078 -0.5895 -0.0000
vn -0.9622 0.2724 -0.0000
vn -0.2724 -0.9622 -0.0000
vn -0.8814 0.4724 -0.0000
vn -0.4724 -0.8814 -0.0000
vn 0.2566 0.9665 -0.0000
vn -0.9665 0.2566 -0.0000
vn 0.0753 -0.9972 -0.0000
vn 0.9972 0.0753 -0.0000
vn -0.9897 0.1434 -0.0000
vn -0.1434 -0.9897 -0.0000
vn -0.1195 0.9928 -0.0000
vn -0.9928 -0.1195 -0.0000
vn 0.6826 -0.7308 -0.0000
vn 0.7308 0.6826 -0.0000
vn -0.9925 0.1220 -0.0000
vn -0.1220 -0.9925 -0.0000
vn -0.9656 -0.2599 -0.0000
vn 0.2599 -0.9656 -0.0000
vn -0.8793 -0.4763 -0.0000
vn 0.4763 -0.8793 -0.0000
vn -0.4185 0.9082 -0.0000
vn -0.9082 -0.4185 -0.0000
vn -0.8501 -0.5266 -0.0000
vn 0.5266 -0.8501 -0.0000
vn 0.0504 -0.9987 -0.0000
vn 0.9987 0.0505 -0.0000
vn -0.5000 -0.8660 -0.0000
vn 0.8660 -0.5000 -0.0000
vn -0.1757 -0.9844 -0.0000
vn 0.9844 -0.1757 -0.0000
vn 0.3605 0.9328 -0.0000
vn -0.9328 0.3605 -0.0000
vn 0.6005 -0.7996 -0.0000
vn 0.7996 0.6005 -0.0000
vn -0.9738 -0.2273 -0.0000
vn 0.2273 -0.9738 -0.0000
vn -0.9140 -0.4057 -0.0000
vn 0.8796 0.4756 -0.0000
vn -0.4756 0.8796 -0.0000
vn -0.1004 0.9949 -0.0000
vn -0.9949 -0.1004 -0.0000
vn 0.9524 0.3047 -0.0000
vn -0.3047 0.9524 -0.0000
vn -0.9238 -0.3829 -0.0000
vn 0.3829 -0.9238 -0.0000
vn -0.9974 0.0714 -0.0000
vn -0.0714 -0.9974 -0.0000
vn 0.3008 0.9537 -0.0000
vn -0.9537 0.3008 -0.0000
vn -0.6031 0.7976 -0.0000
vn -0.7976 -0.6031 -0.0000
vn -0.1220 0.9925 -0.0000
vn -0.9925 -0.1220 -0.0000
vn -0.1213 0.9926 -0.0000
vn -0.9926 -0.1213 -0.0000
vn 0.9515 0.3075 -0.0000
vn -0.3075 0.9515 -0.0000
vn -0.9596 -0.2814 -0.0000
vn 0.2814 -0.9596 -0.0000
vn -0.0300 0.9995 -0.0000
vn -0.9995 -0.0300 -0.0000
vn -0.9576 -0.2880 -0.0000
vn 0.2880 -0.9576 -0.0000
vn -0.9810 -0.1938 -0.0000
vn 0.1938 -0.9810 -0.0000
vn 0.2955 -0.9553 -0.0000
vn 0.9553 0.2955 -0.0000
vn 0.4656 -0.8850 -0.0000
vn 0.8850 0.4656 -0.0000
vn 0.4872 0.8733 -0.0000
vn -0.8733 0.4872 -0.0000
vn 0.5849 0.8111 -0.0000
vn -0.8111 0.5849 -0.0000
vn -0.0551 0.9985 -0.0000
vn -0.9985 -0.0551 -0.0000
vn 0.4216 -0.9068 -0.0000
vn 0.9068 0.4216 -0.0000
vn 0.9039 -0.4277 -0.0000
vn 0.4277 0.9039 -0.0000
vn 0.9250 -0.3800 -0.0000
vn 0.3800 0.9250 -0.0000
vn 0.5672 -0.8236 -0.0000
vn 0.8236 0.5672 -0.0000
vn -0.8582 0.5134 -0.0000
vn -0.5134 -0.8582 -0.0000
vn -0.8556 0.5177 -0.0000
vn -0.5177 -0.8556 -0.0000
vn -0.3248 -0.9458 -0.0000
vn 0.9458 -0.3248 -0.0000
vn 0.6102 -0.7922 -0.0000
vn 0.7922 0.6102 -0.0000
vn -0.7915 0.6111 -0.0000
vn -0.6111 -0.7915 -0.0000
vn 1.0000 -0.0059 -0.0000
vn 0.0059 1.0000 -0.0000
vn -0.9349 -0.3550 -0.0000
vn 0.3550 -0.9349 -0.0000
vn -0.0646 -0.9979 -0.0000
vn 0.9979 -0.0646 -0.0000
vn -0.1210 0.9927 -0.0000
vn -0.9927 -0.1210 -0.0000
vn -0.9996 -0.0295 -0.0000
vn 0.0295 -0.9996 -0.0000
vn -0.4670 -0.8843 -0.0000
vn 0.8843 -0.4670 -0.0000
vn 0.4483 -0.8939 -0.0000
vn 0.8939 0.4483 -0.0000
vn -0.4050 -0.9143 -0.0000
vn 0.9143 -0.4049 -0.0000
vn -0.4604 0.8877 -0.0000
vn -0.8877 -0.4603 -0.0000
vn -0.9168 -0.3993 -0.0000
vn 0.3993 -0.9168 -0.0000
vn -0.9965 0.0840 -0.0000
vn -0.0840 -0.9965 -0.0000
vn 0.1957 -0.9807 -0.0000
vn 0.9807 0.1957 -0.0000
vn -0.1544 0.9880 -0.0000
vn -0.9880 -0.1544 -0.0000
vn -0.3532 0.9355 -0.0000
vn -0.9355 -0.3532 -0.0000
vn 0.6845 0.7290 -0.0000
vn -0.7290 0.6845 -0.0000
vn 0.0409 -0.9992 -0.0000
vn 0.9992 0.0409 -0.0000
vn -0.2193 -0.9756 -0.0000
vn 0.9756 -0.2194 -0.0000
vn 0.9679 -0.2512 -0.0000
vn 0.2512 0.9679 -0.0000
vn 0.1593 -0.9872 -0.0000
vn 0.9872 0.1593 -0.0000
vn 0.9698 -0.2440 -0.0000
vn 0.2440 0.9698 -0.0000
vn -0.9945 0.1050 -0.0000
vn -0.1051 -0.9945 -0.0000
vn 0.8920 -0.4521 -0.0000
vn 0.4521 0.8920 -0.0000
vn 0.6150 -0.7886 -0.0000
vn 0.7886 0.6150 -0.0000
vn -0.2939 -0.9558 -0.0000
vn 0.9558 -0.2939 -0.0000
vn 0.9555 -0.2949 -0.0000
vn 0.2949 0.9555 -0.0000
vn -0.8603 -0.5098 -0.0000
vn 0.5098 -0.8603 -0.0000
vn 0.7206 0.6934 -0.0000
vn -0.6934 0.7206 -0.0000
vn -0.2408 0.9706 -0.0000
vn -0.9706 -0.2408 -0.0000
vn -0.9841 0.1776 -0.0000
vn -0.1776 -0.9841 -0.0000
vn -0.3754 -0.9269 -0.0000
vn 0.9269 -0.3754 -0.0000
vn 0.9115 0.4112 -0.0000
vn -0.4112 0.9115 -0.0000
vn 0.9701 0.2427 -0.0000
vn -0.2427 0.9701 -0.0000
vn 0.1341 -0.9910 -0.0000
vn 0.9910 0.1341 -0.0000
vn 0.9298 -0.3680 -0.0000
vn 0.3680 0.9298 -0.0000
vn -0.9857 0.1687 -0.0000
vn -0.1688 -0.9857 -0.0000
vn -0.7824 0.6227 -0.0000
vn -0.6227 -0.7824 -0.0000
vn 0.8559 0.5171 -0.0000
vn -0.5171 0.8559 -0.0000
vn 0.9112 0.4120 -0.0000
vn -0.4121 0.9112 -0.0000
vn -0.1035 0.9946 -0.0000
vn -0.9946 -0.1035 -0.0000
vn -0.7383 -0.6745 -0.0000
vn 0.6745 -0.7383 -0.0000
vn -0.9517 -0.3070 -0.0000
vn 0.3070 -0.9517 -0.0000
vn 0.8033 -0.5955 -0.0000
vn 0.5955 0.8033 -0.0000
vn -0.9193 -0.3935 -0.0000
vn 0.3935 -0.9193 -0.0000
vn -0.7739 0.6333 -0.0000
vn -0.6333 -0.7739 -0.0000
vn 0.7817 0.6236 -0.0000
vn -0.6236 0.7817 -0.0000
vn -0.7479 0.6638 -0.0000
vn -0.6638 -0.7479 -0.0000
vn 0.9216 0.3882 -0.0000
vn -0.3882 0.9216 -0.0000
vn -0.8229 -0.5682 -0.0000
vn 0.5682 -0.8229 -0.0000
vn 0.8509 -0.5254 -0.0000
vn 0.5254 0.8509 -0.0000
vn 0.5868 -0.8098 -0.0000
vn 0.8098 0.5868 -0.0000
vn -0.6613 0.7501 -0.0000
vn -0.7501 -0.6613 -0.0000
vn -0.1986 -0.9801 -0.0000
vn 0.9801 -0.1986 -0.0000
vn 0.9997 -0.0242 -0.0000
vn 0.0242 0.9997 -0.0000
vn -0.4416 0.8972 -0.0000
vn -0.8972 -0.4416 -0.0000
vn -0.8702 -0.4927 -0.0000
vn 0.4927 -0.8702 -0.0000
vn 0.2997 0.9540 -0.0000
vn -0.9540 0.2997 -0.0000
vn -0.7461 -0.6658 -0.0000
vn 0.6658 -0.7461 -0.0000
vn -0.5814 0.8136 -0.0000
vn -0.8137 -0.5814 -0.0000
vn -0.8603 0.5099 -0.0000
vn -0.5099 -0.8603 -0.0000
vn 0.1870 0.9824 -0.0000
vn -0.9824 0.1870 -0.0000
vn 0.5550 -0.8318 -0.0000
vn 0.8318 0.5550 -0.0000
vn -0.1764 -0.9843 -0.0000
vn 0.9843 -0.1764 -0.0000
vn -0.8937 -0.4487 -0.0000
vn 0.4487 -0.8937 -0.0000
vn -0.0108 0.9999 -0.0000
vn -0.9999 -0.0108 -0.0000
vn 0.4558 -0.8901 -0.0000
vn 0.8901 0.4558 -0.0000
vn 0.3705 -0.9288 -0.0000
vn 0.9288 0.3705 -0.0000
vn -0.3107 0.9505 -0.0000
vn -0.9505 -0.3107 -0.0000
vn -0.8138 0.5811 -0.0000
vn -0.5811 -0.8138 -0.0000
vn -0.9780 -0.2084 -0.0000
vn 0.2084 -0.9780 -0.0000
vn -1.0000 -0.0100 -0.0000
vn 0.0100 -1.0000 -0.0000
vn 0.9910 0.1337 -0.0000
vn -0.1337 0.9910 -0.0000
vn 0.8828 0.4698 -0.0000
vn -0.4698 0.8828 -0.0000
vn 0.6426 -0.7662 -0.0000
vn 0.7662 0.6426 -0.0000
vn 0.2304 0.9731 -0.0000
vn -0.9731 0.2304 -0.0000
vn -0.6775 0.7355 -0.0000
vn -0.7355 -0.6775 -0.0000
vn -0.9316 0.3635 -0.0000
vn -0.3635 -0.9316 -0.0000
vn 0.3273 -0.9449 -0.0000
vn 0.9449 0.3273 -0.0000
vn -0.9824 0.1867 -0.0000
vn -0.1867 -0.9824 -0.0000
vn -0.7538 0.6571 -0.0000
vn -0.6570 -0.7539 -0.0000
vn -0.1624 -0.9867 -0.0000
vn 0.9867 -0.1624 -0.0000
vn -0.8147 0.5798 -0.0000
vn -0.5798 -0.8147 -0.0000
vn 0.2895 0.9572 -0.0000
vn -0.9572 0.2895 -0.0000
vn -0.7214 -0.6926 -0.0000
vn 0.6925 -0.7214 -0.0000
vn -0.1609 0.9870 -0.0000
vn -0.9870 -0.1609 -0.0000
vn 0.5648 0.8253 -0.0000
vn -0.8253 0.5648 -0.0000
vn 0.5073 0.8618 -0.0000
vn -0.8618 0.5073 -0.0000
vn -0.7441 0.6681 -0.0000
vn -0.6681 -0.7441 -0.0000
vn 0.7661 0.6428 -0.0000
vn -0.6428 0.7661 -0.0000
vn -0.8525 0.5228 -0.0000
vn -0.5228 -0.8525 -0.0000
vn -0.8752 0.4837 -0.0000
vn -0.4837 -0.8752 -0.0000
vn 0.8877 -0.4604 -0.0000
vn 0.4604 0.8877 -0.0000
vn 0.4300 -0.9028 -0.0000
vn 0.9028 0.4300 -0.0000
vn 0.4540 0.8910 -0.0000
vn -0.8910 0.4540 -0.0000
vn 0.9520 0.3062 -0.0000
vn -0.3062 0.9520 -0.0000
vn -0.8993 0.4373 -0.0000
vn -0.4373 -0.8993 -0.0000
vn -0.9099 0.4148 -0.0000
vn -0.4148 -0.9099 -0.0000
vn -0.9378 0.3471 -0.0000
vn -0.3471 -0.9378 -0.0000
vn -0.3449 -0.9386 -0.0000
vn 0.9386 -0.3449 -0.0000
vn -0.7043 -0.7099 -0.0000
vn 0.7099 -0.7043 -0.0000
vn 0.7259 0.6877 -0.0000
vn -0.6877 0.7259 -0.0000
vn 0.7886 -0.6149 -0.0000
vn 0.6149 0.7886 -0.0000
vn 0.7225 -0.6913 -0.0000
vn 0.6914 0.7225 -0.0000
vn 0.9882 0.1534 -0.0000
vn -0.1534 0.9882 -0.0000
vn 0.9128 0.4084 -0.0000
vn -0.4084 0.9128 -0.0000
vn 0.1537 0.9881 -0.0000
vn -0.9881 0.1537 -0.0000
vn -0.9519 -0.3063 -0.0000
vn 0.3063 -0.9519 -0.0000
vn 0.3398 -0.9405 -0.0000
vn 0.9405 0.3398 -0.0000
vn 0.6487 -0.7610 -0.0000
vn 0.7610 0.6487 -0.0000
vn 0.0341 0.9994 -0.0000
vn -0.9994 0.0341 -0.0000
vn 0.8769 -0.4806 -0.0000
vn 0.4806 0.8770 -0.0000
vn 0.6029 0.7978 -0.0000
vn -0.7978 0.6029 -0.0000
vn -0.9978 -0.0666 -0.0000
vn 0.0666 -0.9978 -0.0000
vn 0.1066 -0.9943 -0.0000
vn 0.9943 0.1066 -0.0000
vn -0.9998 0.0202 -0.0000
vn -0.0202 -0.9998 -0.0000
vn 0.5206 -0.8538 -0.0000
vn 0.8538 0.5206 -0.0000
vn 0.8796 0.4757 -0.0000
vn -0.4757 0.8796 -0.0000
vn 0.9833 -0.1819 -0.0000
vn 0.1819 0.9833 -0.0000
vn 0.2039 0.9790 -0.0000
vn -0.9790 0.2039 -0.0000
vn -0.7336 0.6796 -0.0000
vn -0.6796 -0.7336 -0.0000
vn -0.9966 0.0819 -0.0000
vn -0.0819 -0.9966 -0.0000
vn 0.3030 0.9530 -0.0000
vn -0.9530 0.3030 -0.0000
vn 0.9384 -0.3456 -0.0000
vn 0.3456 0.9384 -0.0000
vn 0.6262 0.7797 -0.0000
vn -0.7797 0.6262 -0.0000
vn -0.1070 -0.9943 -0.0000
vn 0.9943 -0.1070 -0.0000
vn -0.8649 0.5019 -0.0000
vn -0.5019 -0.8649 -0.0000
vn -0.8982 0.4396 -0.0000
vn -0.4396 -0.8982 -0.0000
vn 0.9898 -0.1423 -0.0000
vn 0.1423 0.9898 -0.0000
vn 0.9699 -0.2433 -0.0000
vn 0.2433 0.9700 -0.0000
vn 0.6935 0.7205 -0.0000
vn -0.7205 0.6935 -0.0000
vn 0.3929 0.9196 -0.0000
vn -0.9196 0.3929 -0.0000
vn 0.0435 -0.9991 -0.0000
vn 0.9991 0.0435 -0.0000
vn 0.9894 0.1452 -0.0000
vn -0.1452 0.9894 -0.0000
vn 0.3512 -0.9363 -0.0000
vn 0.9363 0.3512 -0.0000
vn -0.1207 0.9927 -0.0000
vn -0.9927 -0.1207 -0.0000
vn -0.3280 -0.9447 -0.0000
vn 0.9447 -0.3280 -0.0000
vn 0.4492 -0.8934 -0.0000
vn 0.8934 0.4492 -0.0000
vn 0.8816 -0.4720 -0.0000
vn 0.4720 0.8816 -0.0000
vn 0.6667 -0.7453 -0.0000
vn 0.7453 0.6667 -0.0000
vn 0.9887 0.1501 -0.0000
vn -0.1501 0.9887 -0.0000
vn 0.8076 -0.5897 -0.0000
vn 0.5897 0.8076 -0.0000
vn 0.1452 -0.9894 -0.0000
vn 0.6207 -0.7841 -0.0000
vn 0.7841 0.6207 -0.0000
vn 0.7793 0.6267 -0.0000
vn -0.6267 0.7793 -0.0000
vn -0.8871 -0.4616 -0.0000
vn 0.4616 -0.8871 -0.0000
vn 0.9850 0.1725 -0.0000
vn -0.1725 0.9850 -0.0000
vn 0.9475 -0.3198 -0.0000
vn 0.3198 0.9475 -0.0000
vn -0.2579 -0.9662 -0.0000
vn 0.9662 -0.2579 -0.0000
vn 0.8930 0.4500 -0.0000
vn -0.4500 0.8930 -0.0000
vn 0.0114 0.9999 -0.0000
vn -0.9999 0.0114 -0.0000
vn 0.9998 -0.0192 -0.0000
vn 0.0192 0.9998 -0.0000
vn -0.5747 -0.8184 -0.0000
vn 0.8184 -0.5747 -0.0000
vn 0.8250 0.5651 -0.0000
vn -0.5651 0.8250 -0.0000
vn -0.2909 -0.9568 -0.0000
vn 0.9568 -0.2909 -0.0000
vn 0.4541 -0.8910 -0.0000
vn 0.8910 0.4541 -0.0000
vn 0.1786 -0.9839 -0.0000
vn 0.9839 0.1786 -0.0000
vn -0.9374 -0.3483 -0.0000
vn 0.3483 -0.9374 -0.0000
vn -0.7551 -0.6556 -0.0000
vn 0.6556 -0.7551 -0.0000
vn -0.7486 0.6630 -0.0000
vn -0.6630 -0.7486 -0.0000
vn 0.9858 -0.1678 -0.0000
vn 0.1678 0.9858 -0.0000
vn -0.2756 0.9613 -0.0000
vn -0.9613 -0.2757 -0.0000
vn 0.6655 0.7464 -0.0000
vn -0.7464 0.6655 -0.0000
vn -0.6381 0.7700 -0.0000
vn -0.7700 -0.6381 -0.0000
vn -0.3378 -0.9412 -0.0000
vn 0.9412 -0.3378 -0.0000
vn -0.2054 0.9787 -0.0000
vn -0.9787 -0.2054 -0.0000
vn -0.5581 -0.8298 -0.0000
vn 0.8298 -0.5581 -0.0000
vn 0.6923 0.7216 -0.0000
vn -0.7216 0.6923 -0.0000
vn 0.9991 0.0431 -0.0000
vn -0.0431 0.9991 -0.0000
vn 0.9830 0.1834 -0.0000
vn -0.1834 0.9830 -0.0000
vn 0.3986 0.9171 -0.0000
vn -0.9171 0.3986 -0.0000
vn 0.9793 -0.2027 -0.0000
vn 0.2027 0.9792 -0.0000
vn 0.5538 -0.8327 -0.0000
vn 0.8327 0.5538 -0.0000
vn 0.9653 -0.2612 -0.0000
vn 0.2612 0.9653 -0.0000
vn 0.3342 0.9425 -0.0000
vn -0.9425 0.3342 -0.0000
vn -0.7740 -0.6332 -0.0000
vn 0.6332 -0.7740 -0.0000
vn 0.9982 0.0601 -0.0000
vn -0.0601 0.9982 -0.0000
vn 0.9981 0.0610 -0.0000
vn -0.0610 0.9981 -0.0000
vn -0.2053 -0.9787 -0.0000
vn 0.9787 -0.2053 -0.0000
vn -0.4225 0.9063 -0.0000
vn -0.9063 -0.4225 -0.0000
vn -0.2924 0.9563 -0.0000
vn -0.9563 -0.2924 -0.0000
vn 0.4502 0.8929 -0.0000
vn -0.8929 0.4502 -0.0000
vn 0.0389 -0.9992 -0.0000
vn 0.9992 0.0389 -0.0000
vn -0.8729 -0.4878 -0.0000
vn 0.4878 -0.8729 -0.0000
vn -0.5231 -0.8523 -0.0000
vn 0.8523 -0.5231 -0.0000
vn -0.9769 0.2137 -0.0000
vn -0.2137 -0.9769 -0.0000
vn 0.3163 0.9487 -0.0000
vn -0.9487 0.3163 -0.0000
vn 0.1575 -0.9875 -0.0000
vn 0.9875 0.1575 -0.0000
vn -0.7643 0.6449 -0.0000
vn -0.6449 -0.7643 -0.0000
vn 0.5533 0.8330 -0.0000
vn -0.8330 0.5533 -0.0000
vn 0.5665 -0.8241 -0.0000
vn 0.8241 0.5665 -0.0000
vn 0.4473 0.8944 -0.0000
vn -0.8944 0.4473 -0.0000
vn 0.3779 -0.9258 -0.0000
vn 0.9258 0.3779 -0.0000
vn -0.8109 0.5851 -0.0000
vn -0.5851 -0.8109 -0.0000
vn -0.9756 -0.2196 -0.0000
vn 0.2196 -0.9756 -0.0000
vn 0.6986 0.7155 -0.0000
vn -0.7155 0.6986 -0.0000
vn 0.5050 0.8631 -0.0000
vn -0.8631 0.5050 -0.0000
vn -0.9382 0.3460 -0.0000
vn -0.3460 -0.9382 -0.0000
vn -0.9457 -0.3251 -0.0000
vn 0.3251 -0.9457 -0.0000
vn -0.8144 -0.5803 -0.0000
vn 0.5803 -0.8144 -0.0000
vn -0.9921 -0.1253 -0.0000
vn 0.1254 -0.9921 -0.0000
vn -0.7163 0.6978 -0.0000
vn -0.6978 -0.7163 -0.0000
vn 0.5655 -0.8247 -0.0000
vn 0.8247 0.5655 -0.0000
vn -0.9996 -0.0285 -0.0000
vn 0.0285 -0.9996 -0.0000
vn -0.4856 -0.8742 -0.0000
vn 0.8742 -0.4856 -0.0000
vn 0.7982 0.6024 -0.0000
vn -0.6024 0.7982 -0.0000
vn 0.8637 0.5040 -0.0000
vn -0.5040 0.8637 -0.0000
vn -0.9287 0.3707 -0.0000
vn -0.3707 -0.9287 -0.0000
vn 0.9705 0.2411 -0.0000
vn -0.2411 0.9705 -0.0000
vn 0.8722 -0.4892 -0.0000
vn 0.4892 0.8722 -0.0000
vn 0.8943 -0.4474 -0.0000
vn 0.4474 0.8943 -0.0000
vn -0.9976 -0.0694 -0.0000
vn 0.0694 -0.9976 -0.0000
vn -0.6671 -0.7450 -0.0000
vn 0.7450 -0.6671 -0.0000
vn -0.7386 0.6742 -0.0000
vn -0.6742 -0.7386 -0.0000
vn -0.5390 -0.8423 -0.0000
vn 0.8423 -0.5390 -0.0000
vn -0.8440 -0.5364 -0.0000
vn 0.5364 -0.8440 -0.0000
vn -0.9336 0.3584 -0.0000
vn -0.3584 -0.9336 -0.0000
vn 0.8945 0.4471 -0.0000
vn -0.4471 0.8945 -0.0000
vn -0.9206 0.3905 -0.0000
vn -0.3905 -0.9206 -0.0000
vn -0.9542 -0.2991 -0.0000
vn 0.2991 -0.9542 -0.0000
vn -0.9753 -0.2207 -0.0000
vn 0.2207 -0.9753 -0.0000
vn 0.6101 0.7924 -0.0000
vn -0.7924 0.6101 -0.0000
vn -0.0314 -0.9995 -0.0000
vn 0.9995 -0.0314 -0.0000
vn -0.0389 0.9992 -0.0000
vn 0.7081 -0.7061 -0.0000
vn 0.7061 0.7081 -0.0000
vn 0.6731 0.7396 -0.0000
vn -0.7396 0.6731 -0.0000
vn 0.6987 -0.7154 -0.0000
vn 0.7154 0.6987 -0.0000
vn 0.8744 0.4853 -0.0000
vn -0.4853 0.8744 -0.0000
vn 0.9986 -0.0521 -0.0000
vn 0.0521 0.9986 -0.0000
vn -0.8286 0.5598 -0.0000
vn -0.5598 -0.8286 -0.0000
vn 0.7009 -0.7133 -0.0000
vn 0.7133 0.7009 -0.0000
vn 0.9470 0.3211 -0.0000
vn -0.3211 0.9470 -0.0000
vn -0.9614 0.2750 -0.0000
vn -0.2750 -0.9614 -0.0000
vn -0.9966 -0.0826 -0.0000
vn 0.0826 -0.9966 -0.0000
vn 0.5958 0.8032 -0.0000
vn -0.8032 0.5958 -0.0000
vn 0.7851 0.6193 -0.0000
vn -0.6193 0.7851 -0.0000
vn 0.8520 -0.5236 -0.0000
vn 0.5236 0.8520 -0.0000
vn -0.3568 0.9342 -0.0000
vn -0.9342 -0.3568 -0.0000
vn 0.4374 -0.8993 -0.0000
vn 0.8993 0.4374 -0.0000
vn 0.6750 0.7378 -0.0000
vn -0.7378 0.6750 -0.0000
vn 0.5354 -0.8446 -0.0000
vn 0.8446 0.5354 -0.0000
vn 0.8854 0.4648 -0.0000
vn -0.4648 0.8854 -0.0000
vn -0.2908 0.9568 -0.0000
vn -0.8502 -0.5265 -0.0000
vn 0.5265 -0.8502 -0.0000
vn 0.9449 -0.3275 -0.0000
vn 0.3275 0.9449 -0.0000
vn 0.4750 0.8800 -0.0000
vn -0.8800 0.4750 -0.0000
vn -0.4620 -0.8869 -0.0000
vn 0.8869 -0.4620 -0.0000
vn 0.6521 -0.7581 -0.0000
vn 0.7581 0.6521 -0.0000
vn -0.9754 -0.2206 -0.0000
vn 0.2206 -0.9754 -0.0000
vn -0.9713 0.2377 -0.0000
vn -0.2377 -0.9713 -0.0000
vn 0.0292 0.9996 -0.0000
vn -0.9996 0.0292 -0.0000
vn 0.9758 0.2185 -0.0000
vn -0.2185 0.9758 -0.0000
vn 0.0707 0.9975 -0.0000
vn -0.9975 0.0707 -0.0000
vn 0.9655 -0.2604 -0.0000
vn 0.2604 0.9655 -0.0000
vn -0.2854 0.9584 -0.0000
vn -0.9584 -0.2854 -0.0000
vn -0.9835 0.1807 -0.0000
vn -0.1807 -0.9835 -0.0000
vn 0.4369 -0.8995 -0.0000
vn 0.8995 0.4369 -0.0000
vn 0.9988 -0.0498 -0.0000
vn 0.0498 0.9988 -0.0000
vn -0.7094 -0.7048 -0.0000
vn 0.7048 -0.7094 -0.0000
vn 0.3021 0.9533 -0.0000
vn -0.9533 0.3021 -0.0000
vn 0.9761 -0.2173 -0.0000
vn 0.2173 0.9761 -0.0000
vn 0.0907 -0.9959 -0.0000
vn 0.9959 0.0907 -0.0000
vn 0.1671 -0.9859 -0.0000
vn 0.9859 0.1671 -0.0000
vn 0.3263 -0.9453 -0.0000
vn 0.9453 0.3263 -0.0000
vn -1.0000 -0.0027 -0.0000
vn 0.0027 -1.0000 -0.0000
vn -0.4705 -0.8824 -0.0000
vn 0.8824 -0.4705 -0.0000
vn 0.0566 0.9984 -0.0000
vn -0.9984 0.0566 -0.0000
vn -0.0492 -0.9988 -0.0000
vn 0.9988 -0.0492 -0.0000
vn -0.9917 0.1285 -0.0000
vn -0.1285 -0.9917 -0.0000
vn -0.3988 -0.9170 -0.0000
vn 0.9170 -0.3988 -0.0000
vn 0.9739 -0.2268 -0.0000
vn 0.2268 0.9739 -0.0000
vn 0.0268 0.9996 -0.0000
vn -0.9996 0.0268 -0.0000
vn -0.9986 -0.0528 -0.0000
vn 0.0528 -0.9986 -0.0000
vn -0.6338 -0.7735 -0.0000
vn 0.7735 -0.6338 -0.0000
vn 0.7435 -0.6687 -0.0000
vn 0.6687 0.7435 -0.0000
vn 0.1703 -0.9854 -0.0000
vn 0.9854 0.1703 -0.0000
vn -0.7554 0.6553 -0.0000
vn -0.6553 -0.7554 -0.0000
vn 0.7412 0.6713 -0.0000
vn -0.6713 0.7412 -0.0000
vn 0.8786 -0.4776 -0.0000
vn 0.4776 0.8786 -0.0000
vn 0.1528 0.9883 -0.0000
vn -0.9883 0.1528 -0.0000
vn 0.8084 0.5887 -0.0000
vn -0.5887 0.8084 -0.0000
vn 0.9911 0.1330 -0.0000
vn -0.1330 0.9911 -0.0000
vn -0.0083 1.0000 -0.0000
vn -1.0000 -0.0083 -0.0000
vn -0.7129 0.7013 -0.0000
vn -0.7013 -0.7129 -0.0000
vn 0.5719 0.8203 -0.0000
vn -0.8203 0.5719 -0.0000
vn 0.3103 0.9506 -0.0000
vn -0.9506 0.3103 -0.0000
vn -0.0556 0.9985 -0.0000
vn -0.9985 -0.0556 -0.0000
vn 0.6497 -0.7602 -0.0000
vn 0.7602 0.6497 -0.0000
vn 0.8091 0.5877 -0.0000
vn -0.5877 0.8091 -0.0000
vn -0.6677 0.7444 -0.0000
vn -0.7444 -0.6677 -0.0000
vn -0.7070 -0.7072 -0.0000
vn 0.7072 -0.7070 -0.0000
vn -0.0031 1.0000 -0.0000
vn -1.0000 -0.0031 -0.0000
vn 0.5507 -0.8347 -0.0000
vn 0.8347 0.5507 -0.0000
vn -0.5743 -0.8187 -0.0000
vn 0.8187 -0.5743 -0.0000
vn 0.2437 0.9698 -0.0000
vn -0.9698 0.2437 -0.0000
vn 0.6134 0.7898 -0.0000
vn -0.7898 0.6134 -0.0000
vn 0.8552 -0.5184 -0.0000
vn 0.5184 0.8552 -0.0000
vn 0.9052 0.4251 -0.0000
vn -0.4251 0.9052 -0.0000
vn 0.0834 0.9965 -0.0000
vn -0.9965 0.0834 -0.0000
vn 0.8765 -0.4814 -0.0000
vn 0.4814 0.8765 -0.0000
vn 0.5268 0.8500 -0.0000
vn -0.8500 0.5268 -0.0000
vn -0.9091 -0.4166 -0.0000
vn -0.8977 0.4406 -0.0000
vn 0.9896 -0.1440 -0.0000
vn -0.9704 -0.2414 -0.0000
vn -0.9477 0.3193 -0.0000
vn -0.7495 -0.6619 -0.0000
vn -0.9687 0.2484 -0.0000
vn -0.6470 0.7625 -0.0000
vn -0.7625 -0.6470 -0.0000
vn -0.9300 -0.3676 -0.0000
vn 0.7700 -0.6381 -0.0000
vn 0.7469 0.6649 -0.0000
vn -0.8260 -0.5636 -0.0000
vn 0.9894 -0.1452 -0.0000
vn -0.9463 0.3232 -0.0000
vn 0.9774 -0.2115 -0.0000
vn 0.9987 0.0504 -0.0000
vn -0.9596 -0.2813 -0.0000
vn 0.9039 -0.4276 -0.0000
vn 0.4276 0.9039 -0.0000
vn 0.9143 -0.4050 -0.0000
vn -0.4603 0.8877 -0.0000
vn 0.9756 -0.2193 -0.0000
vn 0.9076 -0.4197 -0.0000
vn -0.9945 0.1051 -0.0000
vn -0.1050 -0.9945 -0.0000
vn -0.9857 0.1688 -0.0000
vn 0.9112 0.4121 -0.0000
vn -0.4120 0.9112 -0.0000
vn 0.8098 0.5867 -0.0000
vn -0.8137 -0.5813 -0.0000
vn -0.6571 -0.7538 -0.0000
vn 0.5647 0.8253 -0.0000
vn -0.4374 -0.8993 -0.0000
vn 0.7260 0.6877 -0.0000
vn -0.6877 0.7260 -0.0000
vn 0.7225 -0.6914 -0.0000
vn 0.6913 0.7225 -0.0000
vn 0.7610 0.6488 -0.0000
vn 0.0342 0.9994 -0.0000
vn -0.9994 0.0342 -0.0000
vn 0.8770 -0.4806 -0.0000
vn -0.7335 0.6796 -0.0000
vn -0.6796 -0.7335 -0.0000
vn 0.9700 -0.2433 -0.0000
vn 0.4493 -0.8934 -0.0000
vn 0.8934 0.4493 -0.0000
vn 0.4617 -0.8871 -0.0000
vn -0.9613 -0.2756 -0.0000
vn 0.9793 -0.2026 -0.0000
vn -0.9769 0.2138 -0.0000
vn -0.2138 -0.9769 -0.0000
vn -0.9921 -0.1254 -0.0000
vt 0.183597 0.000000
vt 0.079867 0.150378
vt 0.039548 0.000000
vt 0.406485 0.000000
vt 0.282420 0.163926
vt 0.257324 0.000000
vt 0.046190 0.750308
vt 0.224718 0.829653
vt 0.019909 0.844918
vt 0.292351 0.750248
vt 0.408285 0.861889
vt 0.278991 0.827976
vt 0.038376 0.371048
vt 0.159378 0.250046
vt 0.194166 0.371048
vt 0.420000 0.250000
vt 0.324298 0.384599
vt 0.332846 0.250000
vt 0.574736 0.000000
vt 0.727477 0.180119
vt 0.531923 0.174939
vt 0.943005 0.000000
vt 0.797243 0.175205
vt 0.795077 0.000000
vt 0.587516 0.250000
vt 0.696219 0.438742
vt 0.532955 0.380692
vt 0.931885 0.250000
vt 0.823776 0.442088
vt 0.822774 0.250000
vt 0.548614 0.500208
vt 0.730526 0.577570
vt 0.530599 0.622715
vt 0.802250 0.500257
vt 0.920277 0.587538
vt 0.777322 0.599968
vt 0.683200 0.750259
vt 0.546949 0.843491
vt 0.500000 0.750259
vt 0.966633 0.750219
vt 0.827483 0.844072
vt 0.798992 0.750219
vt 0.199407 0.500208
vt 0.021869 0.609361
vt 0.026417 0.500208
vt 0.318619 0.500194
vt 0.479294 0.593008
vt 0.310722 0.610752
vt 0.947964 0.152455
vt 0.198931 0.750308
vt 0.958681 0.395835
vt 0.198343 0.201154
vt 0.456826 0.176726
vt 0.477396 0.750248
vt 0.067034 0.250046
vt 0.455465 0.376315
vt 0.711067 0.000000
vt 0.715504 0.250000
vt 0.716640 0.500208
vt 0.962020 0.500257
vt 0.726638 0.843491
vt 0.977378 0.853368
vt 0.225835 0.590819
vt 0.479294 0.500194
s 0
f 1/1/1 3/2/1 4/3/1
f 6/4/2 8/5/2 5/6/2
f 9/7/3 11/8/3 12/9/3
f 13/10/4 15/11/4 16/12/4
f 17/13/5 19/14/5 20/15/5
f 22/16/6 24/17/6 21/18/6
f 25/19/7 27/20/7 28/21/7
f 30/22/8 32/23/8 29/24/8
f 33/1/9 35/2/9 36/3/9
f 38/4/10 40/5/10 37/6/10
f 41/1/11 43/2/11 44/3/11
f 46/4/12 48/5/12 45/6/12
f 49/19/13 51/20/13 52/21/13
f 54/22/14 56/23/14 53/24/14
f 57/19/15 59/20/15 60/21/15
f 62/22/16 64/23/16 61/24/16
f 65/13/17 67/14/17 68/15/17
f 70/16/18 72/17/18 69/18/18
f 73/25/19 75/26/19 76/27/19
f 77/28/20 79/29/20 80/30/20
f 81/13/21 83/14/21 84/15/21
f 86/16/22 88/17/22 85/18/22
f 89/19/23 91/20/23 92/21/23
f 94/22/24 96/23/24 93/24/24
f 97/13/25 99/14/25 100/15/25
f 102/16/26 104/17/26 101/18/26
f 105/1/27 107/2/27 108/3/27
f 110/4/28 112/5/28 109/6/28
f 113/13/29 115/14/29 116/15/29
f 118/16/30 120/17/30 117/18/30
f 121/31/31 123/32/31 124/33/31
f 125/34/32 127/35/32 128/36/32
f 129/13/33 131/14/33 132/15/33
f 134/16/34 136/17/34 133/18/34
f 137/19/35 139/20/35 140/21/35
f 142/22/36 144/23/36 141/24/36
f 145/25/37 147/26/37 148/27/37
f 149/28/38 151/29/38 152/30/38
f 153/19/39 155/20/39 156/21/39
f 158/22/40 160/23/40 157/24/40
f 161/25/41 163/26/41 164/27/41
f 165/28/42 167/29/42 168/30/42
f 169/19/43 171/20/43 172/21/43
f 174/22/44 176/23/44 173/24/44
f 178/37/45 180/38/45 177/39/45
f 182/40/46 184/41/46 181/42/46
f 185/1/47 187/2/47 188/3/47
f 190/4/48 192/5/48 189/6/48
f 193/25/49 195/26/49 196/27/49
f 197/28/50 199/29/50 200/30/50
f 201/1/51 203/2/51 204/3/51
f 206/4/52 208/5/52 205/6/52
f 210/43/53 212/44/53 209/45/53
f 213/46/54 215/47/54 216/48/54
f 217/19/55 219/20/55 220/21/55
f 221/24/56 223/49/56 224/23/56
f 225/31/57 227/32/57 228/33/57
f 229/34/58 231/35/58 232/36/58
f 233/13/59 235/14/59 236/15/59
f 238/16/60 240/17/60 237/18/60
f 241/19/61 243/20/61 244/21/61
f 246/22/62 248/23/62 245/24/62
f 249/7/63 251/8/63 252/9/63
f 253/10/64 255/11/64 256/12/64
f 257/19/65 259/20/65 260/21/65
f 262/22/66 264/23/66 261/24/66
f 265/25/67 267/26/67 268/27/67
f 269/28/68 271/29/68 272/30/68
f 273/1/69 275/2/69 276/3/69
f 278/4/70 280/5/70 277/6/70
f 282/43/71 284/44/71 281/45/71
f 285/46/72 287/47/72 288/48/72
f 289/13/73 291/14/73 292/15/73
f 294/16/74 296/17/74 293/18/74
f 297/1/75 299/2/75 300/3/75
f 302/4/76 304/5/76 301/6/76
f 305/25/77 307/26/77 308/27/77
f 309/28/78 311/29/78 312/30/78
f 313/1/79 315/2/79 316/3/79
f 318/4/80 320/5/80 317/6/80
f 321/13/81 323/14/81 324/15/81
f 326/16/82 328/17/82 325/18/82
f 329/19/83 331/20/83 332/21/83
f 333/24/84 335/49/84 336/23/84
f 337/1/85 339/2/85 340/3/85
f 342/4/86 344/5/86 341/6/86
f 345/19/87 347/20/87 348/21/87
f 350/22/88 352/23/88 349/24/88
f 353/1/89 355/2/89 356/3/89
f 358/4/90 360/5/90 357/6/90
f 361/13/91 363/14/91 364/15/91
f 366/16/92 368/17/92 365/18/92
f 369/13/93 371/14/93 372/15/93
f 374/16/94 376/17/94 373/18/94
f 377/19/95 379/20/95 380/21/95
f 382/22/96 384/23/96 381/24/96
f 385/25/97 387/26/97 388/27/97
f 389/28/98 391/29/98 392/30/98
f 394/37/99 396/38/99 393/39/99
f 398/40/100 400/41/100 397/42/100
f 401/25/101 403/26/101 404/27/101
f 405/28/102 407/29/102 408/30/102
f 409/13/103 411/14/103 412/15/103
f 414/16/104 416/17/104 413/18/104
f 417/25/105 419/26/105 420/27/105
f 421/28/106 423/29/106 424/30/106
f 426/37/107 428/38/107 425/39/107
f 430/40/108 432/41/108 429/42/108
f 433/25/109 435/26/109 436/27/109
f 437/28/110 439/29/110 440/30/110
f 441/1/111 443/2/111 444/3/111
f 446/4/112 448/5/112 445/6/112
f 449/1/113 451/2/113 452/3/113
f 454/4/114 456/5/114 453/6/114
f 457/1/115 459/2/115 460/3/115
f 462/4/116 464/5/116 461/6/116
f 466/37/117 468/38/117 465/39/117
f 470/40/118 472/41/118 469/42/118
f 473/1/119 475/2/119 476/3/119
f 478/4/120 480/5/120 477/6/120
f 481/19/121 483/20/121 484/21/121
f 486/22/122 488/23/122 485/24/122
f 490/50/123 492/9/123 489/7/123
f 493/10/124 495/11/124 496/12/124
f 497/1/125 499/2/125 500/3/125
f 502/4/126 504/5/126 501/6/126
f 505/7/127 507/8/127 508/9/127
f 509/10/128 511/11/128 512/12/128
f 513/25/129 515/26/129 516/27/129
f 517/28/130 519/29/130 520/30/130
f 522/43/131 524/44/131 521/45/131
f 525/46/132 527/47/132 528/48/132
f 529/19/133 531/20/133 532/21/133
f 534/22/134 536/23/134 533/24/134
f 537/31/135 539/32/135 540/33/135
f 541/34/136 543/35/136 544/36/136
f 545/13/137 547/14/137 548/15/137
f 550/16/138 552/17/138 549/18/138
f 553/13/139 555/14/139 556/15/139
f 558/16/140 560/17/140 557/18/140
f 561/1/141 563/2/141 564/3/141
f 566/4/142 568/5/142 565/6/142
f 569/13/143 571/14/143 572/15/143
f 574/16/144 576/17/144 573/18/144
f 577/19/145 579/20/145 580/21/145
f 582/22/146 584/23/146 581/24/146
f 585/13/147 587/14/147 588/15/147
f 590/16/148 592/17/148 589/18/148
f 593/19/149 595/20/149 596/21/149
f 598/22/150 600/23/150 597/24/150
f 601/13/151 603/14/151 604/15/151
f 606/16/152 608/17/152 605/18/152
f 609/25/153 611/26/153 612/27/153
f 613/28/154 615/29/154 616/30/154
f 617/13/155 619/14/155 620/15/155
f 622/16/156 624/17/156 621/18/156
f 626/43/157 628/44/157 625/45/157
f 629/46/158 631/47/158 632/48/158
f 633/19/159 635/20/159 636/21/159
f 638/22/160 640/23/160 637/24/160
f 641/1/161 643/2/161 644/3/161
f 646/4/162 648/5/162 645/6/162
f 649/25/163 651/26/163 652/27/163
f 653/28/164 655/29/164 656/30/164
f 657/25/165 659/26/165 660/27/165
f 661/28/166 663/29/166 664/30/166
f 665/19/167 667/20/167 668/21/167
f 670/22/168 672/23/168 669/24/168
f 673/13/169 675/14/169 676/15/169
f 678/16/170 680/17/170 677/18/170
f 681/1/171 683/2/171 684/3/171
f 686/4/172 688/5/172 685/6/172
f 689/1/173 691/2/173 692/3/173
f 694/4/174 696/5/174 693/6/174
f 697/13/39 699/14/39 700/15/39
f 702/16/40 704/17/40 701/18/40
f 705/19/175 707/20/175 708/21/175
f 710/22/176 712/23/176 709/24/176
f 713/25/177 715/26/177 716/27/177
f 717/28/178 719/29/178 720/30/178
f 721/25/179 723/26/179 724/27/179
f 725/28/180 727/29/180 728/30/180
f 729/13/181 731/14/181 732/15/181
f 734/16/182 736/17/182 733/18/182
f 737/25/183 739/26/183 740/27/183
f 741/28/184 743/29/184 744/30/184
f 745/25/185 747/26/185 748/27/185
f 749/28/186 751/29/186 752/30/186
f 753/25/187 755/26/187 756/27/187
f 757/28/188 759/29/188 760/30/188
f 761/31/189 763/32/189 764/33/189
f 765/34/190 767/35/190 768/36/190
f 769/1/191 771/2/191 772/3/191
f 774/4/192 776/5/192 773/6/192
f 777/19/193 779/20/193 780/21/193
f 782/22/194 784/23/194 781/24/194
f 785/1/195 787/2/195 788/3/195
f 790/4/196 792/5/196 789/6/196
f 793/19/197 795/20/197 796/21/197
f 798/22/198 800/23/198 797/24/198
f 801/19/199 803/20/199 804/21/199
f 806/22/200 808/23/200 805/24/200
f 809/13/201 811/14/201 812/15/201
f 814/16/202 816/17/202 813/18/202
f 817/25/203 819/26/203 820/27/203
f 821/28/204 823/29/204 824/30/204
f 825/25/205 827/26/205 828/27/205
f 829/28/206 831/29/206 832/30/206
f 833/25/207 835/26/207 836/27/207
f 837/28/208 839/29/208 840/30/208
f 841/13/209 843/14/209 844/15/209
f 846/16/210 848/17/210 845/18/210
f 849/13/211 851/14/211 852/15/211
f 854/16/212 856/17/212 853/18/212
f 857/19/213 859/20/213 860/21/213
f 862/22/214 864/23/214 861/24/214
f 865/19/215 867/20/215 868/21/215
f 870/22/216 872/23/216 869/24/216
f 873/1/217 875/2/217 876/3/217
f 878/4/218 880/5/218 877/6/218
f 881/25/219 883/26/219 884/27/219
f 885/28/220 887/29/220 888/30/220
f 889/13/221 891/14/221 892/15/221
f 894/16/222 896/17/222 893/18/222
f 897/19/223 899/20/223 900/21/223
f 902/22/224 904/23/224 901/24/224
f 905/31/225 907/32/225 908/33/225
f 909/34/226 911/35/226 912/36/226
f 913/25/227 915/26/227 916/27/227
f 917/28/228 919/29/228 920/30/228
f 922/43/229 924/44/229 921/45/229
f 925/46/230 927/47/230 928/48/230
f 929/19/231 931/20/231 932/21/231
f 934/22/232 936/23/232 933/24/232
f 937/25/233 939/26/233 940/27/233
f 941/28/234 943/29/234 944/30/234
f 945/19/235 947/20/235 948/21/235
f 950/22/236 952/23/236 949/24/236
f 954/37/237 956/38/237 953/39/237
f 958/40/238 960/41/238 957/42/238
f 962/37/239 964/38/239 961/39/239
f 966/40/240 968/41/240 965/42/240
f 969/31/241 971/32/241 972/33/241
f 973/34/242 975/35/242 976/36/242
f 977/19/243 979/20/243 980/21/243
f 982/22/244 984/23/244 981/24/244
f 986/43/245 988/44/245 985/45/245
f 989/46/246 991/47/246 992/48/246
f 993/19/247 995/20/247 996/21/247
f 998/22/248 1000/23/248 997/24/248
f 1001/13/249 1003/14/249 1004/15/249
f 1006/16/250 1008/17/250 1005/18/250
f 1009/25/251 1011/26/251 1012/27/251
f 1013/28/252 1015/29/252 1016/30/252
f 1017/1/253 1019/2/253 1020/3/253
f 1022/4/254 1024/5/254 1021/6/254
f 1026/43/255 1028/44/255 1025/45/255
f 1029/46/256 1031/47/256 1032/48/256
f 1033/1/257 1035/2/257 1036/3/257
f 1038/4/258 1040/5/258 1037/6/258
f 1041/19/259 1043/20/259 1044/21/259
f 1046/22/260 1048/23/260 1045/24/260
f 1049/31/261 1051/32/261 1052/33/261
f 1053/34/262 1055/35/262 1056/36/262
f 1058/50/263 1060/9/263 1057/7/263
f 1061/10/264 1063/11/264 1064/12/264
f 1065/31/265 1067/32/265 1068/33/265
f 1069/34/266 1071/35/266 1072/36/266
f 1073/31/267 1075/32/267 1076/33/267
f 1077/34/268 1079/35/268 1080/36/268
f 1081/19/269 1083/20/269 1084/21/269
f 1086/22/270 1088/23/270 1085/24/270
f 1089/1/271 1091/2/271 1092/3/271
f 1094/4/272 1096/5/272 1093/6/272
f 1097/13/273 1099/14/273 1100/15/273
f 1102/16/274 1104/17/274 1101/18/274
f 1105/25/275 1107/26/275 1108/27/275
f 1109/28/276 1111/29/276 1112/30/276
f 1113/25/277 1115/26/277 1116/27/277
f 1117/28/278 1119/29/278 1120/30/278
f 1121/1/279 1123/2/279 1124/3/279
f 1126/4/280 1128/5/280 1125/6/280
f 1129/13/281 1131/14/281 1132/15/281
f 1134/16/282 1136/17/282 1133/18/282
f 1137/1/283 1139/2/283 1140/3/283
f 1142/4/284 1144/5/284 1141/6/284
f 1145/25/285 1147/26/285 1148/27/285
f 1149/28/286 1151/29/286 1152/30/286
f 1153/19/287 1155/20/287 1156/21/287
f 1158/22/288 1160/23/288 1157/24/288
f 1161/25/289 1163/26/289 1164/27/289
f 1165/28/290 1167/29/290 1168/30/290
f 1169/1/291 1171/2/291 1172/3/291
f 1174/4/292 1176/5/292 1173/6/292
f 1177/25/293 1179/26/293 1180/27/293
f 1181/28/294 1183/29/294 1184/30/294
f 1185/19/295 1187/20/295 1188/21/295
f 1190/22/296 1192/23/296 1189/24/296
f 1193/19/297 1195/20/297 1196/21/297
f 1198/22/298 1200/23/298 1197/24/298
f 1201/25/299 1203/26/299 1204/27/299
f 1205/28/300 1207/29/300 1208/30/300
f 1210/37/301 1212/38/301 1209/39/301
f 1214/40/302 1216/41/302 1213/42/302
f 1217/19/303 1219/20/303 1220/21/303
f 1222/22/304 1224/23/304 1221/24/304
f 1225/19/305 1227/20/305 1228/21/305
f 1230/22/306 1232/23/306 1229/24/306
f 1233/19/307 1235/20/307 1236/21/307
f 1238/22/308 1240/23/308 1237/24/308
f 1241/31/309 1243/32/309 1244/33/309
f 1245/34/310 1247/35/310 1248/36/310
f 1249/13/311 1251/14/311 1252/15/311
f 1254/16/312 1256/17/312 1253/18/312
f 1257/25/313 1259/26/313 1260/27/313
f 1262/51/314 1264/30/314 1261/28/314
f 1265/19/315 1267/20/315 1268/21/315
f 1270/22/316 1272/23/316 1269/24/316
f 1273/1/317 1275/2/317 1276/3/317
f 1278/4/318 1280/5/318 1277/6/318
f 1281/7/319 1283/8/319 1284/9/319
f 1285/10/320 1287/11/320 1288/12/320
f 1289/13/321 1291/14/321 1292/15/321
f 1294/16/322 1296/17/322 1293/18/322
f 1297/1/323 1299/2/323 1300/3/323
f 1302/4/324 1304/5/324 1301/6/324
f 1305/25/325 1307/26/325 1308/27/325
f 1309/28/326 1311/29/326 1312/30/326
f 1313/25/327 1315/26/327 1316/27/327
f 1317/28/328 1319/29/328 1320/30/328
f 1321/13/329 1323/14/329 1324/15/329
f 1326/16/330 1328/17/330 1325/18/330
f 1329/13/331 1331/14/331 1332/15/331
f 1334/16/332 1336/17/332 1333/18/332
f 1337/25/333 1339/26/333 1340/27/333
f 1341/28/334 1343/29/334 1344/30/334
f 1345/13/335 1347/14/335 1348/15/335
f 1350/16/336 1352/17/336 1349/18/336
f 1353/19/337 1355/20/337 1356/21/337
f 1358/22/338 1360/23/338 1357/24/338
f 1361/25/339 1363/26/339 1364/27/339
f 1365/28/340 1367/29/340 1368/30/340
f 1369/19/341 1371/20/341 1372/21/341
f 1374/22/342 1376/23/342 1373/24/342
f 1377/1/343 1379/2/343 1380/3/343
f 1382/4/344 1384/5/344 1381/6/344
f 1385/19/345 1387/20/345 1388/21/345
f 1390/22/346 1392/23/346 1389/24/346
f 1393/1/347 1395/2/347 1396/3/347
f 1398/4/348 1400/5/348 1397/6/348
f 1401/1/349 1403/2/349 1404/3/349
f 1406/4/350 1408/5/350 1405/6/350
f 1409/19/351 1411/20/351 1412/21/351
f 1414/22/352 1416/23/352 1413/24/352
f 1417/25/353 1419/26/353 1420/27/353
f 1421/28/354 1423/29/354 1424/30/354
f 1425/25/355 1427/26/355 1428/27/355
f 1429/28/356 1431/29/356 1432/30/356
f 1433/19/357 1435/20/357 1436/21/357
f 1438/22/358 1440/23/358 1437/24/358
f 1441/13/359 1443/14/359 1444/15/359
f 1446/16/360 1448/17/360 1445/18/360
f 1449/25/361 1451/26/361 1452/27/361
f 1453/28/362 1455/29/362 1456/30/362
f 1457/19/363 1459/20/363 1460/21/363
f 1462/22/364 1464/23/364 1461/24/364
f 1465/25/365 1467/26/365 1468/27/365
f 1469/28/366 1471/29/366 1472/30/366
f 1473/25/367 1475/26/367 1476/27/367
f 1477/28/368 1479/29/368 1480/30/368
f 1481/7/369 1483/8/369 1484/9/369
f 1485/10/370 1487/11/370 1488/12/370
f 1489/25/371 1491/26/371 1492/27/371
f 1493/28/372 1495/29/372 1496/30/372
f 1497/19/373 1499/20/373 1500/21/373
f 1502/22/374 1504/23/374 1501/24/374
f 1505/19/375 1507/20/375 1508/21/375
f 1510/22/376 1512/23/376 1509/24/376
f 1513/1/377 1515/2/377 1516/3/377
f 1518/4/378 1520/5/378 1517/6/378
f 1521/1/379 1523/2/379 1524/3/379
f 1526/4/380 1528/5/380 1525/6/380
f 1529/25/381 1531/26/381 1532/27/381
f 1533/28/382 1535/29/382 1536/30/382
f 1537/19/383 1539/20/383 1540/21/383
f 1542/22/384 1544/23/384 1541/24/384
f 1545/13/385 1547/14/385 1548/15/385
f 1550/16/386 1552/17/386 1549/18/386
f 1553/1/387 1555/2/387 1556/3/387
f 1558/4/388 1560/5/388 1557/6/388
f 1561/25/389 1563/26/389 1564/27/389
f 1565/28/390 1567/29/390 1568/30/390
f 1569/1/391 1571/2/391 1572/3/391
f 1574/4/392 1576/5/392 1573/6/392
f 1577/13/393 1579/14/393 1580/15/393
f 1582/16/394 1584/17/394 1581/18/394
f 1585/25/395 1587/26/395 1588/27/395
f 1589/28/396 1591/29/396 1592/30/396
f 1593/13/397 1595/14/397 1596/15/397
f 1598/16/398 1600/17/398 1597/18/398
f 1601/13/399 1603/14/399 1604/15/399
f 1606/16/400 1608/17/400 1605/18/400
f 1609/19/401 1611/20/401 1612/21/401
f 1614/22/402 1616/23/402 1613/24/402
f 1617/1/403 1619/2/403 1620/3/403
f 1622/4/404 1624/5/404 1621/6/404
f 1625/1/405 1627/2/405 1628/3/405
f 1630/4/406 1632/5/406 1629/6/406
f 1633/1/407 1635/2/407 1636/3/407
f 1638/4/408 1640/5/408 1637/6/408
f 1641/13/409 1643/14/409 1644/15/409
f 1646/16/410 1648/17/410 1645/18/410
f 1649/13/411 1651/14/411 1652/15/411
f 1654/16/412 1656/17/412 1653/18/412
f 1657/25/413 1659/26/413 1660/27/413
f 1661/28/414 1663/29/414 1664/30/414
f 1665/1/415 1667/2/415 1668/3/415
f 1670/4/416 1672/5/416 1669/6/416
f 1673/1/417 1675/2/417 1676/3/417
f 1678/4/418 1680/5/418 1677/6/418
f 1681/1/419 1683/2/419 1684/3/419
f 1686/4/420 1688/5/420 1685/6/420
f 1689/13/421 1691/14/421 1692/15/421
f 1694/16/422 1696/17/422 1693/18/422
f 1697/1/423 1699/2/423 1700/3/423
f 1702/4/424 1704/5/424 1701/6/424
f 1705/19/425 1707/20/425 1708/21/425
f 1710/22/426 1712/23/426 1709/24/426
f 1713/13/427 1715/14/427 1716/15/427
f 1718/16/428 1720/17/428 1717/18/428
f 1721/31/429 1723/32/429 1724/33/429
f 1725/34/430 1727/35/430 1728/36/430
f 1730/37/431 1732/38/431 1729/39/431
f 1734/40/241 1736/41/241 1733/42/241
f 1737/1/432 1739/2/432 1740/3/432
f 1742/4/433 1744/5/433 1741/6/433
f 1745/25/434 1747/26/434 1748/27/434
f 1749/28/435 1751/29/435 1752/30/435
f 1753/25/418 1755/26/418 1756/27/418
f 1757/28/436 1759/29/436 1760/30/436
f 1761/13/437 1763/14/437 1764/15/437
f 1766/16/438 1768/17/438 1765/18/438
f 1769/25/439 1771/26/439 1772/27/439
f 1773/28/440 1775/29/440 1776/30/440
f 1778/43/441 1780/44/441 1777/45/441
f 1781/46/442 1783/47/442 1784/48/442
f 1785/13/443 1787/14/443 1788/15/443
f 1790/16/444 1792/17/444 1789/18/444
f 1793/19/445 1795/20/445 1796/21/445
f 1798/22/446 1800/23/446 1797/24/446
f 1801/19/447 1803/20/447 1804/21/447
f 1805/24/448 1807/49/448 1808/23/448
f 1809/1/449 1811/2/449 1812/3/449
f 1814/4/450 1816/5/450 1813/6/450
f 1817/25/451 1819/26/451 1820/27/451
f 1821/28/452 1823/29/452 1824/30/452
f 1825/19/453 1827/20/453 1828/21/453
f 1830/22/454 1832/23/454 1829/24/454
f 1833/19/455 1835/20/455 1836/21/455
f 1838/22/456 1840/23/456 1837/24/456
f 1841/31/457 1843/32/457 1844/33/457
f 1845/34/458 1847/35/458 1848/36/458
f 1849/13/459 1851/14/459 1852/15/459
f 1854/16/460 1856/17/460 1853/18/460
f 1857/25/461 1859/26/461 1860/27/461
f 1861/28/462 1863/29/462 1864/30/462
f 1865/13/463 1867/14/463 1868/15/463
f 1870/16/464 1872/17/464 1869/18/464
f 1873/13/465 1875/14/465 1876/15/465
f 1878/16/466 1880/17/466 1877/18/466
f 1881/1/467 1883/2/467 1884/3/467
f 1886/4/468 1888/5/468 1885/6/468
f 1889/25/469 1891/26/469 1892/27/469
f 1893/28/470 1895/29/470 1896/30/470
f 1897/31/471 1899/32/471 1900/33/471
f 1901/34/472 1903/35/472 1904/36/472
f 1905/25/473 1907/26/473 1908/27/473
f 1909/28/474 1911/29/474 1912/30/474
f 1913/19/475 1915/20/475 1916/21/475
f 1918/22/476 1920/23/476 1917/24/476
f 1921/19/477 1923/20/477 1924/21/477
f 1925/24/255 1927/49/255 1928/23/255
f 1929/1/478 1931/2/478 1932/3/478
f 1934/4/479 1936/5/479 1933/6/479
f 1937/13/480 1939/14/480 1940/15/480
f 1942/16/481 1944/17/481 1941/18/481
f 1945/7/482 1947/8/482 1948/9/482
f 1949/10/483 1951/11/483 1952/12/483
f 1953/1/484 1955/2/484 1956/3/484
f 1958/4/485 1960/5/485 1957/6/485
f 1961/25/486 1963/26/486 1964/27/486
f 1966/51/487 1968/30/487 1965/28/487
f 1969/19/488 1971/20/488 1972/21/488
f 1973/24/489 1975/49/489 1976/23/489
f 1977/1/490 1979/2/490 1980/3/490
f 1982/4/491 1984/5/491 1981/6/491
f 1986/50/492 1988/9/492 1985/7/492
f 1989/10/493 1991/11/493 1992/12/493
f 1993/13/494 1995/14/494 1996/15/494
f 1998/16/495 2000/17/495 1997/18/495
f 2001/13/496 2003/14/496 2004/15/496
f 2006/16/497 2008/17/497 2005/18/497
f 2009/25/498 2011/26/498 2012/27/498
f 2013/28/499 2015/29/499 2016/30/499
f 2017/1/500 2019/2/500 2020/3/500
f 2022/4/501 2024/5/501 2021/6/501
f 2025/19/502 2027/20/502 2028/21/502
f 2030/22/503 2032/23/503 2029/24/503
f 2033/19/504 2035/20/504 2036/21/504
f 2038/22/505 2040/23/505 2037/24/505
f 2041/25/506 2043/26/506 2044/27/506
f 2045/28/507 2047/29/507 2048/30/507
f 2049/19/508 2051/20/508 2052/21/508
f 2054/22/509 2056/23/509 2053/24/509
f 2057/1/510 2059/2/510 2060/3/510
f 2062/4/511 2064/5/511 2061/6/511
f 2065/25/512 2067/26/512 2068/27/512
f 2069/28/513 2071/29/513 2072/30/513
f 2073/13/514 2075/14/514 2076/15/514
f 2078/16/515 2080/17/515 2077/18/515
f 2081/19/516 2083/20/516 2084/21/516
f 2086/22/517 2088/23/517 2085/24/517
f 2089/19/518 2091/20/518 2092/21/518
f 2094/22/519 2096/23/519 2093/24/519
f 2097/31/520 2099/32/520 2100/33/520
f 2101/34/521 2103/35/521 2104/36/521
f 2105/1/522 2107/2/522 2108/3/522
f 2110/4/523 2112/5/523 2109/6/523
f 2113/25/524 2115/26/524 2116/27/524
f 2117/28/525 2119/29/525 2120/30/525
f 2122/37/526 2124/38/526 2121/39/526
f 2126/40/527 2128/41/527 2125/42/527
f 2129/25/528 2131/26/528 2132/27/528
f 2133/28/529 2135/29/529 2136/30/529
f 2137/19/530 2139/20/530 2140/21/530
f 2142/22/531 2144/23/531 2141/24/531
f 2145/19/532 2147/20/532 2148/21/532
f 2150/22/533 2152/23/533 2149/24/533
f 2153/1/534 2155/2/534 2156/3/534
f 2158/4/535 2160/5/535 2157/6/535
f 2161/19/536 2163/20/536 2164/21/536
f 2166/22/537 2168/23/537 2165/24/537
f 2169/25/538 2171/26/538 2172/27/538
f 2173/28/539 2175/29/539 2176/30/539
f 2177/31/540 2179/32/540 2180/33/540
f 2181/34/541 2183/35/541 2184/36/541
f 2185/19/542 2187/20/542 2188/21/542
f 2190/22/543 2192/23/543 2189/24/543
f 2194/43/544 2196/44/544 2193/45/544
f 2197/46/545 2199/47/545 2200/48/545
f 2201/31/546 2203/32/546 2204/33/546
f 2205/34/547 2207/35/547 2208/36/547
f 2209/13/548 2211/14/548 2212/15/548
f 2214/16/549 2216/17/549 2213/18/549
f 2217/25/550 2219/26/550 2220/27/550
f 2221/28/551 2223/29/551 2224/30/551
f 2225/1/552 2227/2/552 2228/3/552
f 2230/4/553 2232/5/553 2229/6/553
f 2233/19/554 2235/20/554 2236/21/554
f 2237/24/555 2239/49/555 2240/23/555
f 2241/13/556 2243/14/556 2244/15/556
f 2246/16/557 2248/17/557 2245/18/557
f 2249/1/558 2251/2/558 2252/3/558
f 2254/4/559 2256/5/559 2253/6/559
f 2257/25/560 2259/26/560 2260/27/560
f 2261/28/561 2263/29/561 2264/30/561
f 2265/25/562 2267/26/562 2268/27/562
f 2269/28/563 2271/29/563 2272/30/563
f 2273/1/564 2275/2/564 2276/3/564
f 2278/4/565 2280/5/565 2277/6/565
f 2281/25/566 2283/26/566 2284/27/566
f 2285/28/567 2287/29/567 2288/30/567
f 2289/25/568 2291/26/568 2292/27/568
f 2293/28/569 2295/29/569 2296/30/569
f 2297/19/570 2299/20/570 2300/21/570
f 2302/22/571 2304/23/571 2301/24/571
f 2305/1/75 2307/2/75 2308/3/75
f 2310/4/76 2312/5/76 2309/6/76
f 2313/13/572 2315/14/572 2316/15/572
f 2318/16/573 2320/17/573 2317/18/573
f 2321/19/574 2323/20/574 2324/21/574
f 2326/22/575 2328/23/575 2325/24/575
f 2329/31/576 2331/32/576 2332/33/576
f 2333/34/577 2335/35/577 2336/36/577
f 2337/13/578 2339/14/578 2340/15/578
f 2342/16/579 2344/17/579 2341/18/579
f 2345/25/580 2347/26/580 2348/27/580
f 2349/28/581 2351/29/581 2352/30/581
f 2353/13/582 2355/14/582 2356/15/582
f 2358/16/583 2360/17/583 2357/18/583
f 2361/13/584 2363/14/584 2364/15/584
f 2366/16/585 2368/17/585 2365/18/585
f 2369/19/586 2371/20/586 2372/21/586
f 2374/22/587 2376/23/587 2373/24/587
f 2377/1/588 2379/2/588 2380/3/588
f 2382/4/589 2384/5/589 2381/6/589
f 2385/19/590 2387/20/590 2388/21/590
f 2390/22/591 2392/23/591 2389/24/591
f 2393/25/592 2395/26/592 2396/27/592
f 2397/28/593 2399/29/593 2400/30/593
f 2401/25/594 2403/26/594 2404/27/594
f 2405/28/595 2407/29/595 2408/30/595
f 2409/13/596 2411/14/596 2412/15/596
f 2414/16/597 2416/17/597 2413/18/597
f 2417/19/598 2419/20/598 2420/21/598
f 2422/22/599 2424/23/599 2421/24/599
f 2425/19/600 2427/20/600 2428/21/600
f 2430/22/601 2432/23/601 2429/24/601
f 2433/25/602 2435/26/602 2436/27/602
f 2437/28/603 2439/29/603 2440/30/603
f 2442/43/604 2444/44/604 2441/45/604
f 2445/46/605 2447/47/605 2448/48/605
f 2449/13/606 2451/14/606 2452/15/606
f 2454/16/607 2456/17/607 2453/18/607
f 2457/1/608 2459/2/608 2460/3/608
f 2462/4/609 2464/5/609 2461/6/609
f 2465/13/610 2467/14/610 2468/15/610
f 2470/16/611 2472/17/611 2469/18/611
f 2473/25/612 2475/26/612 2476/27/612
f 2477/28/613 2479/29/613 2480/30/613
f 2481/19/614 2483/20/614 2484/21/614
f 2486/22/615 2488/23/615 2485/24/615
f 2489/25/616 2491/26/616 2492/27/616
f 2493/28/617 2495/29/617 2496/30/617
f 2497/1/618 2499/2/618 2500/3/618
f 2502/4/619 2504/5/619 2501/6/619
f 2505/19/620 2507/20/620 2508/21/620
f 2510/22/621 2512/23/621 2509/24/621
f 2513/25/622 2515/26/622 2516/27/622
f 2517/28/623 2519/29/623 2520/30/623
f 2521/1/624 2523/2/624 2524/3/624
f 2526/4/625 2528/5/625 2525/6/625
f 2529/7/626 2531/8/626 2532/9/626
f 2533/10/627 2535/11/627 2536/12/627
f 2537/1/628 2539/2/628 2540/3/628
f 2542/4/629 2544/5/629 2541/6/629
f 2545/19/630 2547/20/630 2548/21/630
f 2550/22/631 2552/23/631 2549/24/631
f 2553/1/632 2555/2/632 2556/3/632
f 2558/4/633 2560/5/633 2557/6/633
f 2561/25/634 2563/26/634 2564/27/634
f 2565/28/635 2567/29/635 2568/30/635
f 2569/19/636 2571/20/636 2572/21/636
f 2573/24/637 2575/49/637 2576/23/637
f 2577/13/638 2579/14/638 2580/15/638
f 2582/16/639 2584/17/639 2581/18/639
f 2585/25/640 2587/26/640 2588/27/640
f 2589/28/641 2591/29/641 2592/30/641
f 2593/1/642 2595/2/642 2596/3/642
f 2598/4/643 2600/5/643 2597/6/643
f 2602/50/644 2604/9/644 2601/7/644
f 2605/10/645 2607/11/645 2608/12/645
f 2609/19/646 2611/20/646 2612/21/646
f 2614/22/647 2616/23/647 2613/24/647
f 2617/19/648 2619/20/648 2620/21/648
f 2622/22/649 2624/23/649 2621/24/649
f 2625/13/650 2627/14/650 2628/15/650
f 2630/16/651 2632/17/651 2629/18/651
f 2633/13/652 2635/14/652 2636/15/652
f 2638/16/653 2640/17/653 2637/18/653
f 2641/25/654 2643/26/654 2644/27/654
f 2645/28/655 2647/29/655 2648/30/655
f 2649/19/656 2651/20/656 2652/21/656
f 2654/22/657 2656/23/657 2653/24/657
f 2657/1/658 2659/2/658 2660/3/658
f 2662/4/659 2664/5/659 2661/6/659
f 2665/19/660 2667/20/660 2668/21/660
f 2669/24/661 2671/49/661 2672/23/661
f 2673/13/662 2675/14/662 2676/15/662
f 2678/16/663 2680/17/663 2677/18/663
f 2681/1/664 2683/2/664 2684/3/664
f 2686/4/665 2688/5/665 2685/6/665
f 2689/25/666 2691/26/666 2692/27/666
f 2693/28/667 2695/29/667 2696/30/667
f 2697/13/668 2699/14/668 2700/15/668
f 2702/16/669 2704/17/669 2701/18/669
f 2705/19/670 2707/20/670 2708/21/670
f 2710/22/671 2712/23/671 2709/24/671
f 2713/25/672 2715/26/672 2716/27/672
f 2717/28/673 2719/29/673 2720/30/673
f 2721/13/674 2723/14/674 2724/15/674
f 2726/16/675 2728/17/675 2725/18/675
f 2729/1/676 2731/2/676 2732/3/676
f 2734/4/677 2736/5/677 2733/6/677
f 2737/19/678 2739/20/678 2740/21/678
f 2742/22/679 2744/23/679 2741/24/679
f 2745/19/680 2747/20/680 2748/21/680
f 2750/22/681 2752/23/681 2749/24/681
f 2753/1/682 2755/2/682 2756/3/682
f 2758/4/683 2760/5/683 2757/6/683
f 2761/19/684 2763/20/684 2764/21/684
f 2766/22/685 2768/23/685 2765/24/685
f 2769/13/686 2771/14/686 2772/15/686
f 2774/16/687 2776/17/687 2773/18/687
f 2777/19/688 2779/20/688 2780/21/688
f 2782/22/689 2784/23/689 2781/24/689
f 2785/1/690 2787/2/690 2788/3/690
f 2790/4/691 2792/5/691 2789/6/691
f 2793/1/692 2795/2/692 2796/3/692
f 2798/4/693 2800/5/693 2797/6/693
f 2801/25/694 2803/26/694 2804/27/694
f 2805/28/695 2807/29/695 2808/30/695
f 2809/13/696 2811/14/696 2812/15/696
f 2814/16/697 2816/17/697 2813/18/697
f 2817/25/698 2819/26/698 2820/27/698
f 2821/28/699 2823/29/699 2824/30/699
f 2825/13/700 2827/14/700 2828/15/700
f 2830/16/701 2832/17/701 2829/18/701
f 2833/1/702 2835/2/702 2836/3/702
f 2838/4/703 2840/5/703 2837/6/703
f 2842/43/704 2844/44/704 2841/45/704
f 2845/46/705 2847/47/705 2848/48/705
f 2849/1/706 2851/2/706 2852/3/706
f 2854/4/707 2856/5/707 2853/6/707
f 2857/31/708 2859/32/708 2860/33/708
f 2861/34/709 2863/35/709 2864/36/709
f 2866/37/710 2868/38/710 2865/39/710
f 2870/40/711 2872/41/711 2869/42/711
f 2873/25/712 2875/26/712 2876/27/712
f 2877/28/713 2879/29/713 2880/30/713
f 2881/19/714 2883/20/714 2884/21/714
f 2886/22/715 2888/23/715 2885/24/715
f 2889/19/716 2891/20/716 2892/21/716
f 2894/22/717 2896/23/717 2893/24/717
f 2897/25/718 2899/26/718 2900/27/718
f 2901/28/719 2903/29/719 2904/30/719
f 2905/13/720 2907/14/720 2908/15/720
f 2910/16/721 2912/17/721 2909/18/721
f 2913/25/722 2915/26/722 2916/27/722
f 2917/28/723 2919/29/723 2920/30/723
f 2921/1/724 2923/2/724 2924/3/724
f 2926/4/725 2928/5/725 2925/6/725
f 2930/50/726 2932/9/726 2929/7/726
f 2933/10/727 2935/11/727 2936/12/727
f 2937/25/728 2939/26/728 2940/27/728
f 2941/28/729 2943/29/729 2944/30/729
f 2945/19/730 2947/20/730 2948/21/730
f 2949/24/731 2951/49/731 2952/23/731
f 2953/19/732 2955/20/732 2956/21/732
f 2957/24/733 2959/49/733 2960/23/733
f 2961/19/734 2963/20/734 2964/21/734
f 2965/24/735 2967/49/735 2968/23/735
f 2969/19/736 2971/20/736 2972/21/736
f 2973/24/737 2975/49/737 2976/23/737
f 2977/1/738 2979/2/738 2980/3/738
f 2982/4/739 2984/5/739 2981/6/739
f 2985/25/740 2987/26/740 2988/27/740
f 2989/28/741 2991/29/741 2992/30/741
f 2993/1/742 2995/2/742 2996/3/742
f 2998/4/743 3000/5/743 2997/6/743
f 3001/13/744 3003/14/744 3004/15/744
f 3006/16/745 3008/17/745 3005/18/745
f 3010/50/746 3012/9/746 3009/7/746
f 3013/10/747 3015/11/747 3016/12/747
f 3017/19/748 3019/20/748 3020/21/748
f 3022/22/749 3024/23/749 3021/24/749
f 3025/13/750 3027/14/750 3028/15/750
f 3030/16/751 3032/17/751 3029/18/751
f 3033/1/752 3035/2/752 3036/3/752
f 3038/4/753 3040/5/753 3037/6/753
f 3041/19/754 3043/20/754 3044/21/754
f 3046/22/755 3048/23/755 3045/24/755
f 3049/13/756 3051/14/756 3052/15/756
f 3054/16/757 3056/17/757 3053/18/757
f 3057/25/758 3059/26/758 3060/27/758
f 3061/28/759 3063/29/759 3064/30/759
f 3065/25/760 3067/26/760 3068/27/760
f 3069/28/761 3071/29/761 3072/30/761
f 3073/25/762 3075/26/762 3076/27/762
f 3077/28/763 3079/29/763 3080/30/763
f 3081/19/764 3083/20/764 3084/21/764
f 3085/24/765 3087/49/765 3088/23/765
f 3090/43/766 3092/44/766 3089/45/766
f 3093/46/767 3095/47/767 3096/48/767
f 3097/13/768 3099/14/768 3100/15/768
f 3102/16/769 3104/17/769 3101/18/769
f 3105/19/770 3107/20/770 3108/21/770
f 3110/22/771 3112/23/771 3109/24/771
f 3113/25/772 3115/26/772 3116/27/772
f 3117/28/773 3119/29/773 3120/30/773
f 3121/19/774 3123/20/774 3124/21/774
f 3126/22/775 3128/23/775 3125/24/775
f 3129/19/776 3131/20/776 3132/21/776
f 3134/22/777 3136/23/777 3133/24/777
f 3137/19/778 3139/20/778 3140/21/778
f 3142/22/779 3144/23/779 3141/24/779
f 3146/43/780 3148/44/780 3145/45/780
f 3149/46/781 3151/47/781 3152/48/781
f 3153/25/782 3155/26/782 3156/27/782
f 3157/28/783 3159/29/783 3160/30/783
f 3161/19/784 3163/20/784 3164/21/784
f 3166/22/785 3168/23/785 3165/24/785
f 3169/31/786 3171/32/786 3172/33/786
f 3173/34/787 3175/35/787 3176/36/787
f 3177/1/788 3179/2/788 3180/3/788
f 3182/4/789 3184/5/789 3181/6/789
f 3185/13/790 3187/14/790 3188/15/790
f 3190/16/791 3192/17/791 3189/18/791
f 3193/13/792 3195/14/792 3196/15/792
f 3198/16/793 3200/17/793 3197/18/793
f 3202/43/794 3204/44/794 3201/45/794
f 3205/46/795 3207/47/795 3208/48/795
f 3209/19/796 3211/20/796 3212/21/796
f 3214/22/797 3216/23/797 3213/24/797
f 3217/19/798 3219/20/798 3220/21/798
f 3222/22/799 3224/23/799 3221/24/799
f 3226/37/800 3228/38/800 3225/39/800
f 3230/40/801 3232/41/801 3229/42/801
f 3233/19/802 3235/20/802 3236/21/802
f 3237/24/803 3239/49/803 3240/23/803
f 3241/1/804 3243/2/804 3244/3/804
f 3246/4/805 3248/5/805 3245/6/805
f 3250/37/806 3252/38/806 3249/39/806
f 3254/40/807 3256/41/807 3253/42/807
f 3257/19/808 3259/20/808 3260/21/808
f 3262/22/809 3264/23/809 3261/24/809
f 3265/13/810 3267/14/810 3268/15/810
f 3270/16/811 3272/17/811 3269/18/811
f 3273/25/812 3275/26/812 3276/27/812
f 3278/51/813 3280/30/813 3277/28/813
f 3281/19/814 3283/20/814 3284/21/814
f 3286/22/796 3288/23/796 3285/24/796
f 3289/1/815 3291/2/815 3292/3/815
f 3294/4/816 3296/5/816 3293/6/816
f 3297/25/817 3299/26/817 3300/27/817
f 3301/28/818 3303/29/818 3304/30/818
f 3305/7/819 3307/8/819 3308/9/819
f 3309/10/820 3311/11/820 3312/12/820
f 3313/31/821 3315/32/821 3316/33/821
f 3317/34/822 3319/35/822 3320/36/822
f 3321/19/823 3323/20/823 3324/21/823
f 3326/22/824 3328/23/824 3325/24/824
f 3329/19/85 3331/20/85 3332/21/85
f 3333/24/86 3335/49/86 3336/23/86
f 3337/25/825 3339/26/825 3340/27/825
f 3341/28/826 3343/29/826 3344/30/826
f 3345/25/827 3347/26/827 3348/27/827
f 3349/28/828 3351/29/828 3352/30/828
f 3353/19/829 3355/20/829 3356/21/829
f 3358/22/830 3360/23/830 3357/24/830
f 3361/13/831 3363/14/831 3364/15/831
f 3366/16/832 3368/17/832 3365/18/832
f 3370/43/833 3372/44/833 3369/45/833
f 3373/46/834 3375/47/834 3376/48/834
f 3377/1/835 3379/2/835 3380/3/835
f 3382/4/836 3384/5/836 3381/6/836
f 3385/13/837 3387/14/837 3388/15/837
f 3390/16/838 3392/17/838 3389/18/838
f 3393/19/839 3395/20/839 3396/21/839
f 3398/22/840 3400/23/840 3397/24/840
f 3401/19/841 3403/20/841 3404/21/841
f 3405/24/842 3407/49/842 3408/23/842
f 3409/19/843 3411/20/843 3412/21/843
f 3414/22/844 3416/23/844 3413/24/844
f 3417/1/845 3419/2/845 3420/3/845
f 3422/4/846 3424/5/846 3421/6/846
f 3425/31/847 3427/32/847 3428/33/847
f 3429/34/848 3431/35/848 3432/36/848
f 3433/19/849 3435/20/849 3436/21/849
f 3438/22/850 3440/23/850 3437/24/850
f 3442/43/851 3444/44/851 3441/45/851
f 3445/46/852 3447/47/852 3448/48/852
f 3449/19/853 3451/20/853 3452/21/853
f 3454/22/854 3456/23/854 3453/24/854
f 3457/25/855 3459/26/855 3460/27/855
f 3461/28/856 3463/29/856 3464/30/856
f 3465/19/857 3467/20/857 3468/21/857
f 3470/22/858 3472/23/858 3469/24/858
f 3474/37/859 3476/38/859 3473/39/859
f 3478/40/860 3480/41/860 3477/42/860
f 3481/7/861 3483/8/861 3484/9/861
f 3485/10/862 3487/11/862 3488/12/862
f 3489/1/863 3491/2/863 3492/3/863
f 3494/4/864 3496/5/864 3493/6/864
f 3498/37/865 3500/38/865 3497/39/865
f 3502/40/866 3504/41/866 3501/42/866
f 3505/19/867 3507/20/867 3508/21/867
f 3510/22/868 3512/23/868 3509/24/868
f 3513/1/869 3515/2/869 3516/3/869
f 3518/4/870 3520/5/870 3517/6/870
f 3521/1/871 3523/2/871 3524/3/871
f 3526/4/872 3528/5/872 3525/6/872
f 3529/1/873 3531/2/873 3532/3/873
f 3534/4/874 3536/5/874 3533/6/874
f 3537/25/875 3539/26/875 3540/27/875
f 3541/28/876 3543/29/876 3544/30/876
f 3545/25/877 3547/26/877 3548/27/877
f 3549/28/878 3551/29/878 3552/30/878
f 3553/25/879 3555/26/879 3556/27/879
f 3557/28/880 3559/29/880 3560/30/880
f 3561/19/881 3563/20/881 3564/21/881
f 3566/22/882 3568/23/882 3565/24/882
f 3569/19/883 3571/20/883 3572/21/883
f 3573/24/884 3575/49/884 3576/23/884
f 3577/25/885 3579/26/885 3580/27/885
f 3581/28/886 3583/29/886 3584/30/886
f 3585/25/887 3587/26/887 3588/27/887
f 3589/28/888 3591/29/888 3592/30/888
f 3593/19/889 3595/20/889 3596/21/889
f 3598/22/890 3600/23/890 3597/24/890
f 3601/19/891 3603/20/891 3604/21/891
f 3606/22/892 3608/23/892 3605/24/892
f 3609/1/893 3611/2/893 3612/3/893
f 3614/4/894 3616/5/894 3613/6/894
f 3618/50/895 3620/9/895 3617/7/895
f 3621/10/896 3623/11/896 3624/12/896
f 3625/13/897 3627/14/897 3628/15/897
f 3630/16/898 3632/17/898 3629/18/898
f 3633/1/899 3635/2/899 3636/3/899
f 3638/4/900 3640/5/900 3637/6/900
f 3641/13/901 3643/14/901 3644/15/901
f 3646/16/902 3648/17/902 3645/18/902
f 3649/25/903 3651/26/903 3652/27/903
f 3654/51/904 3656/30/904 3653/28/904
f 3657/25/905 3659/26/905 3660/27/905
f 3661/28/906 3663/29/906 3664/30/906
f 3665/31/907 3667/32/907 3668/33/907
f 3669/34/908 3671/35/908 3672/36/908
f 3673/1/909 3675/2/909 3676/3/909
f 3678/4/910 3680/5/910 3677/6/910
f 3681/1/911 3683/2/911 3684/3/911
f 3686/4/912 3688/5/912 3685/6/912
f 3689/25/913 3691/26/913 3692/27/913
f 3693/28/914 3695/29/914 3696/30/914
f 3697/25/915 3699/26/915 3700/27/915
f 3701/28/916 3703/29/916 3704/30/916
f 3705/25/917 3707/26/917 3708/27/917
f 3709/28/918 3711/29/918 3712/30/918
f 3713/1/919 3715/2/919 3716/3/919
f 3718/4/920 3720/5/920 3717/6/920
f 3721/13/921 3723/14/921 3724/15/921
f 3726/16/922 3728/17/922 3725/18/922
f 3729/1/923 3731/2/923 3732/3/923
f 3734/4/924 3736/5/924 3733/6/924
f 3737/19/925 3739/20/925 3740/21/925
f 3742/22/926 3744/23/926 3741/24/926
f 3745/1/927 3747/2/927 3748/3/927
f 3750/4/928 3752/5/928 3749/6/928
f 3753/19/929 3755/20/929 3756/21/929
f 3758/22/930 3760/23/930 3757/24/930
f 3761/1/931 3763/2/931 3764/3/931
f 3766/4/932 3768/5/932 3765/6/932
f 3769/25/933 3771/26/933 3772/27/933
f 3773/28/934 3775/29/934 3776/30/934
f 3777/13/935 3779/14/935 3780/15/935
f 3782/16/936 3784/17/936 3781/18/936
f 3785/19/937 3787/20/937 3788/21/937
f 3789/24/938 3791/49/938 3792/23/938
f 3793/25/939 3795/26/939 3796/27/939
f 3797/28/940 3799/29/940 3800/30/940
f 3801/1/941 3803/2/941 3804/3/941
f 3806/4/942 3808/5/942 3805/6/942
f 3809/25/943 3811/26/943 3812/27/943
f 3813/28/944 3815/29/944 3816/30/944
f 3817/13/945 3819/14/945 3820/15/945
f 3822/16/946 3824/17/946 3821/18/946
f 3825/19/947 3827/20/947 3828/21/947
f 3830/22/948 3832/23/948 3829/24/948
f 3833/13/949 3835/14/949 3836/15/949
f 3838/16/950 3840/17/950 3837/18/950
f 3841/19/951 3843/20/951 3844/21/951
f 3846/22/952 3848/23/952 3845/24/952
f 3849/1/953 3851/2/953 3852/3/953
f 3854/4/954 3856/5/954 3853/6/954
f 3858/37/955 3860/38/955 3857/39/955
f 3862/40/956 3864/41/956 3861/42/956
f 3865/1/957 3867/2/957 3868/3/957
f 3870/4/958 3872/5/958 3869/6/958
f 3873/19/959 3875/20/959 3876/21/959
f 3877/24/960 3879/49/960 3880/23/960
f 3881/1/961 3883/2/961 3884/3/961
f 3886/4/962 3888/5/962 3885/6/962
f 3889/25/963 3891/26/963 3892/27/963
f 3893/28/964 3895/29/964 3896/30/964
f 3897/1/965 3899/2/965 3900/3/965
f 3902/4/966 3904/5/966 3901/6/966
f 3905/19/967 3907/20/967 3908/21/967
f 3910/22/968 3912/23/968 3909/24/968
f 3913/19/969 3915/20/969 3916/21/969
f 3918/22/970 3920/23/970 3917/24/970
f 3921/25/971 3923/26/971 3924/27/971
f 3925/28/972 3927/29/972 3928/30/972
f 3929/1/973 3931/2/973 3932/3/973
f 3934/4/974 3936/5/974 3933/6/974
f 3937/19/894 3939/20/894 3940/21/894
f 3942/22/975 3944/23/975 3941/24/975
f 3945/13/976 3947/14/976 3948/15/976
f 3950/16/977 3952/17/977 3949/18/977
f 3953/13/978 3955/14/978 3956/15/978
f 3958/16/979 3960/17/979 3957/18/979
f 3961/13/980 3963/14/980 3964/15/980
f 3966/16/981 3968/17/981 3965/18/981
f 3969/19/982 3971/20/982 3972/21/982
f 3973/24/983 3975/49/983 3976/23/983
f 3977/19/984 3979/20/984 3980/21/984
f 3981/24/985 3983/49/985 3984/23/985
f 3985/1/986 3987/2/986 3988/3/986
f 3990/4/987 3992/5/987 3989/6/987
f 3993/13/988 3995/14/988 3996/15/988
f 3998/16/989 4000/17/989 3997/18/989
f 4001/1/990 4003/2/990 4004/3/990
f 4006/4/991 4008/5/991 4005/6/991
f 4009/25/992 4011/26/992 4012/27/992
f 4013/28/993 4015/29/993 4016/30/993
f 4017/25/994 4019/26/994 4020/27/994
f 4021/28/995 4023/29/995 4024/30/995
f 4025/25/996 4027/26/996 4028/27/996
f 4029/28/997 4031/29/997 4032/30/997
f 4033/13/998 4035/14/998 4036/15/998
f 4038/16/999 4040/17/999 4037/18/999
f 4041/25/1000 4043/26/1000 4044/27/1000
f 4045/28/1001 4047/29/1001 4048/30/1001
f 4049/19/1002 4051/20/1002 4052/21/1002
f 4054/22/1003 4056/23/1003 4053/24/1003
f 4057/25/1004 4059/26/1004 4060/27/1004
f 4061/28/1005 4063/29/1005 4064/30/1005
f 4065/25/1006 4067/26/1006 4068/27/1006
f 4069/28/1007 4071/29/1007 4072/30/1007
f 4073/1/1008 4075/2/1008 4076/3/1008
f 4078/4/1009 4080/5/1009 4077/6/1009
f 4081/19/1010 4083/20/1010 4084/21/1010
f 4086/22/1011 4088/23/1011 4085/24/1011
f 4089/31/124 4091/32/124 4092/33/124
f 4093/34/1012 4095/35/1012 4096/36/1012
f 4097/1/1013 4099/2/1013 4100/3/1013
f 4102/4/1014 4104/5/1014 4101/6/1014
f 4105/25/1015 4107/26/1015 4108/27/1015
f 4109/28/1016 4111/29/1016 4112/30/1016
f 4113/25/1017 4115/26/1017 4116/27/1017
f 4117/28/1018 4119/29/1018 4120/30/1018
f 4121/13/1019 4123/14/1019 4124/15/1019
f 4126/16/1020 4128/17/1020 4125/18/1020
f 4129/31/1021 4131/32/1021 4132/33/1021
f 4133/34/1022 4135/35/1022 4136/36/1022
f 4137/19/1023 4139/20/1023 4140/21/1023
f 4142/22/1024 4144/23/1024 4141/24/1024
f 4145/1/1025 4147/2/1025 4148/3/1025
f 4150/4/1026 4152/5/1026 4149/6/1026
f 4153/1/1027 4155/2/1027 4156/3/1027
f 4158/4/1028 4160/5/1028 4157/6/1028
f 4161/13/1029 4163/14/1029 4164/15/1029
f 4166/16/1030 4168/17/1030 4165/18/1030
f 4170/37/1031 4172/38/1031 4169/39/1031
f 4174/40/1032 4176/41/1032 4173/42/1032
f 4177/25/1033 4179/26/1033 4180/27/1033
f 4181/28/1034 4183/29/1034 4184/30/1034
f 4185/13/1035 4187/14/1035 4188/15/1035
f 4190/16/1036 4192/17/1036 4189/18/1036
f 4194/37/1037 4196/38/1037 4193/39/1037
f 4198/40/1038 4200/41/1038 4197/42/1038
f 4201/25/1039 4203/26/1039 4204/27/1039
f 4205/28/1040 4207/29/1040 4208/30/1040
f 4210/50/1041 4212/9/1041 4209/7/1041
f 4213/10/1042 4215/11/1042 4216/12/1042
f 4217/19/1043 4219/20/1043 4220/21/1043
f 4222/22/1044 4224/23/1044 4221/24/1044
f 4225/13/1045 4227/14/1045 4228/15/1045
f 4230/16/1046 4232/17/1046 4229/18/1046
f 4233/19/1047 4235/20/1047 4236/21/1047
f 4237/24/1048 4239/49/1048 4240/23/1048
f 4241/13/1049 4243/14/1049 4244/15/1049
f 4246/16/1050 4248/17/1050 4245/18/1050
f 4249/13/1051 4251/14/1051 4252/15/1051
f 4254/16/1052 4256/17/1052 4253/18/1052
f 4257/13/1053 4259/14/1053 4260/15/1053
f 4262/16/1054 4264/17/1054 4261/18/1054
f 4265/13/1055 4267/14/1055 4268/15/1055
f 4270/16/1056 4272/17/1056 4269/18/1056
f 4273/13/1057 4275/14/1057 4276/15/1057
f 4278/16/1058 4280/17/1058 4277/18/1058
f 4281/1/1059 4283/2/1059 4284/3/1059
f 4286/4/1060 4288/5/1060 4285/6/1060
f 4289/19/782 4291/20/782 4292/21/782
f 4294/22/783 4296/23/783 4293/24/783
f 4297/1/1061 4299/2/1061 4300/3/1061
f 4302/4/1062 4304/5/1062 4301/6/1062
f 4305/13/1063 4307/14/1063 4308/15/1063
f 4310/16/1064 4312/17/1064 4309/18/1064
f 4313/31/1065 4315/32/1065 4316/33/1065
f 4317/34/1066 4319/35/1066 4320/36/1066
f 4321/1/1067 4323/2/1067 4324/3/1067
f 4326/4/1068 4328/5/1068 4325/6/1068
f 4329/13/1069 4331/14/1069 4332/15/1069
f 4334/16/1070 4336/17/1070 4333/18/1070
f 4337/25/1071 4339/26/1071 4340/27/1071
f 4341/28/1072 4343/29/1072 4344/30/1072
f 4345/1/1073 4347/2/1073 4348/3/1073
f 4350/4/1074 4352/5/1074 4349/6/1074
f 4353/19/1075 4355/20/1075 4356/21/1075
f 4358/22/1076 4360/23/1076 4357/24/1076
f 4361/1/1077 4363/2/1077 4364/3/1077
f 4366/4/1078 4368/5/1078 4365/6/1078
f 4369/1/1079 4371/2/1079 4372/3/1079
f 4374/4/1080 4376/5/1080 4373/6/1080
f 4377/13/1081 4379/14/1081 4380/15/1081
f 4382/16/1082 4384/17/1082 4381/18/1082
f 4385/13/1083 4387/14/1083 4388/15/1083
f 4390/16/1084 4392/17/1084 4389/18/1084
f 4393/13/1085 4395/14/1085 4396/15/1085
f 4398/16/1086 4400/17/1086 4397/18/1086
f 4401/13/1087 4403/14/1087 4404/15/1087
f 4406/16/1088 4408/17/1088 4405/18/1088
f 4409/1/1089 4411/2/1089 4412/3/1089
f 4414/4/1090 4416/5/1090 4413/6/1090
f 4417/25/1091 4419/26/1091 4420/27/1091
f 4421/28/1092 4423/29/1092 4424/30/1092
f 4425/25/1093 4427/26/1093 4428/27/1093
f 4429/28/1094 4431/29/1094 4432/30/1094
f 4433/13/1095 4435/14/1095 4436/15/1095
f 4438/16/1096 4440/17/1096 4437/18/1096
f 4442/37/1097 4444/38/1097 4441/39/1097
f 4446/40/1098 4448/41/1098 4445/42/1098
f 4449/13/1099 4451/14/1099 4452/15/1099
f 4454/16/1100 4456/17/1100 4453/18/1100
f 4457/19/1101 4459/20/1101 4460/21/1101
f 4462/22/1102 4464/23/1102 4461/24/1102
f 4465/19/1103 4467/20/1103 4468/21/1103
f 4470/22/1104 4472/23/1104 4469/24/1104
f 4473/31/1105 4475/32/1105 4476/33/1105
f 4477/34/1106 4479/35/1106 4480/36/1106
f 4481/13/1107 4483/14/1107 4484/15/1107
f 4486/16/1108 4488/17/1108 4485/18/1108
f 4489/19/1109 4491/20/1109 4492/21/1109
f 4494/22/1110 4496/23/1110 4493/24/1110
f 4497/25/1111 4499/26/1111 4500/27/1111
f 4501/28/1112 4503/29/1112 4504/30/1112
f 4505/19/1113 4507/20/1113 4508/21/1113
f 4510/22/1114 4512/23/1114 4509/24/1114
f 4513/25/1115 4515/26/1115 4516/27/1115
f 4517/28/1116 4519/29/1116 4520/30/1116
f 4522/37/1117 4524/38/1117 4521/39/1117
f 4526/40/1118 4528/41/1118 4525/42/1118
f 4529/13/1119 4531/14/1119 4532/15/1119
f 4534/16/1120 4536/17/1120 4533/18/1120
f 4537/19/1121 4539/20/1121 4540/21/1121
f 4541/24/1122 4543/49/1122 4544/23/1122
f 4545/1/1123 4547/2/1123 4548/3/1123
f 4550/4/1124 4552/5/1124 4549/6/1124
f 4553/13/1125 4555/14/1125 4556/15/1125
f 4558/16/1126 4560/17/1126 4557/18/1126
f 4561/13/1127 4563/14/1127 4564/15/1127
f 4566/16/1128 4568/17/1128 4565/18/1128
f 1/1/1129 2/52/1129 3/2/1129
f 6/4/2 7/53/2 8/5/2
f 9/7/3 10/50/3 11/8/3
f 13/10/4 14/54/4 15/11/4
f 17/13/5 18/55/5 19/14/5
f 22/16/6 23/56/6 24/17/6
f 25/19/7 26/57/7 27/20/7
f 30/22/8 31/49/8 32/23/8
f 33/1/9 34/52/9 35/2/9
f 38/4/10 39/53/10 40/5/10
f 41/1/1130 42/52/1130 43/2/1130
f 46/4/12 47/53/12 48/5/12
f 49/19/13 50/57/13 51/20/13
f 54/22/14 55/49/14 56/23/14
f 57/19/15 58/57/15 59/20/15
f 62/22/16 63/49/16 64/23/16
f 65/13/17 66/55/17 67/14/17
f 70/16/18 71/56/18 72/17/18
f 73/25/19 74/58/19 75/26/19
f 77/28/20 78/51/20 79/29/20
f 81/13/21 82/55/21 83/14/21
f 86/16/22 87/56/22 88/17/22
f 89/19/23 90/57/23 91/20/23
f 94/22/24 95/49/24 96/23/24
f 97/13/25 98/55/25 99/14/25
f 102/16/26 103/56/26 104/17/26
f 105/1/27 106/52/27 107/2/27
f 110/4/28 111/53/28 112/5/28
f 113/13/29 114/55/29 115/14/29
f 118/16/30 119/56/30 120/17/30
f 121/31/1131 122/59/1131 123/32/1131
f 125/34/32 126/60/32 127/35/32
f 129/13/33 130/55/33 131/14/33
f 134/16/34 135/56/34 136/17/34
f 137/19/35 138/57/35 139/20/35
f 142/22/36 143/49/36 144/23/36
f 145/25/37 146/58/37 147/26/37
f 149/28/38 150/51/38 151/29/38
f 153/19/39 154/57/39 155/20/39
f 158/22/40 159/49/40 160/23/40
f 161/25/41 162/58/41 163/26/41
f 165/28/42 166/51/42 167/29/42
f 169/19/43 170/57/43 171/20/43
f 174/22/44 175/49/44 176/23/44
f 178/37/45 179/61/45 180/38/45
f 182/40/46 183/62/46 184/41/46
f 185/1/47 186/52/47 187/2/47
f 190/4/48 191/53/48 192/5/48
f 193/25/49 194/58/49 195/26/49
f 197/28/1132 198/51/1132 199/29/1132
f 201/1/51 202/52/51 203/2/51
f 206/4/52 207/53/52 208/5/52
f 210/43/53 211/63/53 212/44/53
f 213/46/54 214/64/54 215/47/54
f 217/19/298 218/57/298 219/20/298
f 221/24/1133 222/22/1133 223/49/1133
f 225/31/57 226/59/57 227/32/57
f 229/34/58 230/60/58 231/35/58
f 233/13/59 234/55/59 235/14/59
f 238/16/60 239/56/60 240/17/60
f 241/19/61 242/57/61 243/20/61
f 246/22/1134 247/49/1134 248/23/1134
f 249/7/63 250/50/63 251/8/63
f 253/10/64 254/54/64 255/11/64
f 257/19/65 258/57/65 259/20/65
f 262/22/66 263/49/66 264/23/66
f 265/25/67 266/58/67 267/26/67
f 269/28/68 270/51/68 271/29/68
f 273/1/69 274/52/69 275/2/69
f 278/4/70 279/53/70 280/5/70
f 282/43/71 283/63/71 284/44/71
f 285/46/72 286/64/72 287/47/72
f 289/13/73 290/55/73 291/14/73
f 294/16/74 295/56/74 296/17/74
f 297/1/75 298/52/75 299/2/75
f 302/4/76 303/53/76 304/5/76
f 305/25/77 306/58/77 307/26/77
f 309/28/78 310/51/78 311/29/78
f 313/1/79 314/52/79 315/2/79
f 318/4/80 319/53/80 320/5/80
f 321/13/81 322/55/81 323/14/81
f 326/16/82 327/56/82 328/17/82
f 329/19/83 330/57/83 331/20/83
f 333/24/84 334/22/84 335/49/84
f 337/1/85 338/52/85 339/2/85
f 342/4/86 343/53/86 344/5/86
f 345/19/87 346/57/87 347/20/87
f 350/22/88 351/49/88 352/23/88
f 353/1/89 354/52/89 355/2/89
f 358/4/90 359/53/90 360/5/90
f 361/13/1135 362/55/1135 363/14/1135
f 366/16/92 367/56/92 368/17/92
f 369/13/93 370/55/93 371/14/93
f 374/16/94 375/56/94 376/17/94
f 377/19/95 378/57/95 379/20/95
f 382/22/96 383/49/96 384/23/96
f 385/25/97 386/58/97 387/26/97
f 389/28/98 390/51/98 391/29/98
f 394/37/99 395/61/99 396/38/99
f 398/40/100 399/62/100 400/41/100
f 401/25/101 402/58/101 403/26/101
f 405/28/102 406/51/102 407/29/102
f 409/13/103 410/55/103 411/14/103
f 414/16/104 415/56/104 416/17/104
f 417/25/105 418/58/105 419/26/105
f 421/28/106 422/51/106 423/29/106
f 426/37/107 427/61/107 428/38/107
f 430/40/108 431/62/108 432/41/108
f 433/25/109 434/58/109 435/26/109
f 437/28/110 438/51/110 439/29/110
f 441/1/111 442/52/111 443/2/111
f 446/4/112 447/53/112 448/5/112
f 449/1/113 450/52/113 451/2/113
f 454/4/114 455/53/114 456/5/114
f 457/1/115 458/52/115 459/2/115
f 462/4/116 463/53/116 464/5/116
f 466/37/117 467/61/117 468/38/117
f 470/40/118 471/62/118 472/41/118
f 473/1/119 474/52/119 475/2/119
f 478/4/120 479/53/120 480/5/120
f 481/19/121 482/57/121 483/20/121
f 486/22/122 487/49/122 488/23/122
f 490/50/123 491/8/123 492/9/123
f 493/10/124 494/54/124 495/11/124
f 497/1/1136 498/52/1136 499/2/1136
f 502/4/1137 503/53/1137 504/5/1137
f 505/7/127 506/50/127 507/8/127
f 509/10/128 510/54/128 511/11/128
f 513/25/129 514/58/129 515/26/129
f 517/28/130 518/51/130 519/29/130
f 522/43/131 523/63/131 524/44/131
f 525/46/132 526/64/132 527/47/132
f 529/19/133 530/57/133 531/20/133
f 534/22/134 535/49/134 536/23/134
f 537/31/135 538/59/135 539/32/135
f 541/34/136 542/60/136 543/35/136
f 545/13/137 546/55/137 547/14/137
f 550/16/138 551/56/138 552/17/138
f 553/13/139 554/55/139 555/14/139
f 558/16/140 559/56/140 560/17/140
f 561/1/141 562/52/141 563/2/141
f 566/4/142 567/53/142 568/5/142
f 569/13/143 570/55/143 571/14/143
f 574/16/144 575/56/144 576/17/144
f 577/19/145 578/57/145 579/20/145
f 582/22/146 583/49/146 584/23/146
f 585/13/1138 586/55/1138 587/14/1138
f 590/16/148 591/56/148 592/17/148
f 593/19/149 594/57/149 595/20/149
f 598/22/150 599/49/150 600/23/150
f 601/13/151 602/55/151 603/14/151
f 606/16/152 607/56/152 608/17/152
f 609/25/153 610/58/153 611/26/153
f 613/28/154 614/51/154 615/29/154
f 617/13/155 618/55/155 619/14/155
f 622/16/1139 623/56/1139 624/17/1139
f 626/43/1140 627/63/1140 628/44/1140
f 629/46/158 630/64/158 631/47/158
f 633/19/159 634/57/159 635/20/159
f 638/22/160 639/49/160 640/23/160
f 641/1/161 642/52/161 643/2/161
f 646/4/162 647/53/162 648/5/162
f 649/25/163 650/58/163 651/26/163
f 653/28/164 654/51/164 655/29/164
f 657/25/165 658/58/165 659/26/165
f 661/28/166 662/51/166 663/29/166
f 665/19/167 666/57/167 667/20/167
f 670/22/168 671/49/168 672/23/168
f 673/13/169 674/55/169 675/14/169
f 678/16/170 679/56/170 680/17/170
f 681/1/171 682/52/171 683/2/171
f 686/4/172 687/53/172 688/5/172
f 689/1/173 690/52/173 691/2/173
f 694/4/174 695/53/174 696/5/174
f 697/13/39 698/55/39 699/14/39
f 702/16/40 703/56/40 704/17/40
f 705/19/175 706/57/175 707/20/175
f 710/22/176 711/49/176 712/23/176
f 713/25/177 714/58/177 715/26/177
f 717/28/178 718/51/178 719/29/178
f 721/25/179 722/58/179 723/26/179
f 725/28/180 726/51/180 727/29/180
f 729/13/181 730/55/181 731/14/181
f 734/16/182 735/56/182 736/17/182
f 737/25/183 738/58/183 739/26/183
f 741/28/184 742/51/184 743/29/184
f 745/25/185 746/58/185 747/26/185
f 749/28/186 750/51/186 751/29/186
f 753/25/187 754/58/187 755/26/187
f 757/28/188 758/51/188 759/29/188
f 761/31/189 762/59/189 763/32/189
f 765/34/190 766/60/190 767/35/190
f 769/1/191 770/52/191 771/2/191
f 774/4/192 775/53/192 776/5/192
f 777/19/193 778/57/193 779/20/193
f 782/22/194 783/49/194 784/23/194
f 785/1/195 786/52/195 787/2/195
f 790/4/196 791/53/196 792/5/196
f 793/19/197 794/57/197 795/20/197
f 798/22/198 799/49/198 800/23/198
f 801/19/199 802/57/199 803/20/199
f 806/22/200 807/49/200 808/23/200
f 809/13/201 810/55/201 811/14/201
f 814/16/202 815/56/202 816/17/202
f 817/25/203 818/58/203 819/26/203
f 821/28/204 822/51/204 823/29/204
f 825/25/205 826/58/205 827/26/205
f 829/28/206 830/51/206 831/29/206
f 833/25/207 834/58/207 835/26/207
f 837/28/208 838/51/208 839/29/208
f 841/13/209 842/55/209 843/14/209
f 846/16/210 847/56/210 848/17/210
f 849/13/211 850/55/211 851/14/211
f 854/16/212 855/56/212 856/17/212
f 857/19/213 858/57/213 859/20/213
f 862/22/214 863/49/214 864/23/214
f 865/19/215 866/57/215 867/20/215
f 870/22/216 871/49/216 872/23/216
f 873/1/217 874/52/217 875/2/217
f 878/4/218 879/53/218 880/5/218
f 881/25/219 882/58/219 883/26/219
f 885/28/220 886/51/220 887/29/220
f 889/13/221 890/55/221 891/14/221
f 894/16/222 895/56/222 896/17/222
f 897/19/223 898/57/223 899/20/223
f 902/22/224 903/49/224 904/23/224
f 905/31/225 906/59/225 907/32/225
f 909/34/226 910/60/226 911/35/226
f 913/25/227 914/58/227 915/26/227
f 917/28/228 918/51/228 919/29/228
f 922/43/229 923/63/229 924/44/229
f 925/46/230 926/64/230 927/47/230
f 929/19/231 930/57/231 931/20/231
f 934/22/232 935/49/232 936/23/232
f 937/25/233 938/58/233 939/26/233
f 941/28/234 942/51/234 943/29/234
f 945/19/235 946/57/235 947/20/235
f 950/22/236 951/49/236 952/23/236
f 954/37/237 955/61/237 956/38/237
f 958/40/238 959/62/238 960/41/238
f 962/37/239 963/61/239 964/38/239
f 966/40/240 967/62/240 968/41/240
f 969/31/241 970/59/241 971/32/241
f 973/34/242 974/60/242 975/35/242
f 977/19/243 978/57/243 979/20/243
f 982/22/244 983/49/244 984/23/244
f 986/43/245 987/63/245 988/44/245
f 989/46/246 990/64/246 991/47/246
f 993/19/247 994/57/247 995/20/247
f 998/22/248 999/49/248 1000/23/248
f 1001/13/249 1002/55/249 1003/14/249
f 1006/16/250 1007/56/250 1008/17/250
f 1009/25/251 1010/58/251 1011/26/251
f 1013/28/252 1014/51/252 1015/29/252
f 1017/1/253 1018/52/253 1019/2/253
f 1022/4/254 1023/53/254 1024/5/254
f 1026/43/255 1027/63/255 1028/44/255
f 1029/46/256 1030/64/256 1031/47/256
f 1033/1/257 1034/52/257 1035/2/257
f 1038/4/258 1039/53/258 1040/5/258
f 1041/19/259 1042/57/259 1043/20/259
f 1046/22/260 1047/49/260 1048/23/260
f 1049/31/261 1050/59/261 1051/32/261
f 1053/34/262 1054/60/262 1055/35/262
f 1058/50/263 1059/8/263 1060/9/263
f 1061/10/264 1062/54/264 1063/11/264
f 1065/31/265 1066/59/265 1067/32/265
f 1069/34/266 1070/60/266 1071/35/266
f 1073/31/267 1074/59/267 1075/32/267
f 1077/34/268 1078/60/268 1079/35/268
f 1081/19/269 1082/57/269 1083/20/269
f 1086/22/270 1087/49/270 1088/23/270
f 1089/1/271 1090/52/271 1091/2/271
f 1094/4/272 1095/53/272 1096/5/272
f 1097/13/273 1098/55/273 1099/14/273
f 1102/16/274 1103/56/274 1104/17/274
f 1105/25/275 1106/58/275 1107/26/275
f 1109/28/276 1110/51/276 1111/29/276
f 1113/25/277 1114/58/277 1115/26/277
f 1117/28/278 1118/51/278 1119/29/278
f 1121/1/279 1122/52/279 1123/2/279
f 1126/4/280 1127/53/280 1128/5/280
f 1129/13/281 1130/55/281 1131/14/281
f 1134/16/282 1135/56/282 1136/17/282
f 1137/1/283 1138/52/283 1139/2/283
f 1142/4/284 1143/53/284 1144/5/284
f 1145/25/285 1146/58/285 1147/26/285
f 1149/28/286 1150/51/286 1151/29/286
f 1153/19/287 1154/57/287 1155/20/287
f 1158/22/288 1159/49/288 1160/23/288
f 1161/25/289 1162/58/289 1163/26/289
f 1165/28/290 1166/51/290 1167/29/290
f 1169/1/291 1170/52/291 1171/2/291
f 1174/4/292 1175/53/292 1176/5/292
f 1177/25/293 1178/58/293 1179/26/293
f 1181/28/294 1182/51/294 1183/29/294
f 1185/19/295 1186/57/295 1187/20/295
f 1190/22/296 1191/49/296 1192/23/296
f 1193/19/297 1194/57/297 1195/20/297
f 1198/22/298 1199/49/298 1200/23/298
f 1201/25/299 1202/58/299 1203/26/299
f 1205/28/300 1206/51/300 1207/29/300
f 1210/37/301 1211/61/301 1212/38/301
f 1214/40/302 1215/62/302 1216/41/302
f 1217/19/303 1218/57/303 1219/20/303
f 1222/22/304 1223/49/304 1224/23/304
f 1225/19/1141 1226/57/1141 1227/20/1141
f 1230/22/306 1231/49/306 1232/23/306
f 1233/19/307 1234/57/307 1235/20/307
f 1238/22/308 1239/49/308 1240/23/308
f 1241/31/309 1242/59/309 1243/32/309
f 1245/34/310 1246/60/310 1247/35/310
f 1249/13/311 1250/55/311 1251/14/311
f 1254/16/312 1255/56/312 1256/17/312
f 1257/25/313 1258/58/313 1259/26/313
f 1262/51/314 1263/29/314 1264/30/314
f 1265/19/315 1266/57/315 1267/20/315
f 1270/22/316 1271/49/316 1272/23/316
f 1273/1/317 1274/52/317 1275/2/317
f 1278/4/318 1279/53/318 1280/5/318
f 1281/7/319 1282/50/319 1283/8/319
f 1285/10/320 1286/54/320 1287/11/320
f 1289/13/321 1290/55/321 1291/14/321
f 1294/16/322 1295/56/322 1296/17/322
f 1297/1/323 1298/52/323 1299/2/323
f 1302/4/324 1303/53/324 1304/5/324
f 1305/25/325 1306/58/325 1307/26/325
f 1309/28/326 1310/51/326 1311/29/326
f 1313/25/327 1314/58/327 1315/26/327
f 1317/28/328 1318/51/328 1319/29/328
f 1321/13/329 1322/55/329 1323/14/329
f 1326/16/330 1327/56/330 1328/17/330
f 1329/13/331 1330/55/331 1331/14/331
f 1334/16/332 1335/56/332 1336/17/332
f 1337/25/333 1338/58/333 1339/26/333
f 1341/28/334 1342/51/334 1343/29/334
f 1345/13/335 1346/55/335 1347/14/335
f 1350/16/336 1351/56/336 1352/17/336
f 1353/19/337 1354/57/337 1355/20/337
f 1358/22/338 1359/49/338 1360/23/338
f 1361/25/339 1362/58/339 1363/26/339
f 1365/28/340 1366/51/340 1367/29/340
f 1369/19/341 1370/57/341 1371/20/341
f 1374/22/342 1375/49/342 1376/23/342
f 1377/1/343 1378/52/343 1379/2/343
f 1382/4/344 1383/53/344 1384/5/344
f 1385/19/345 1386/57/345 1387/20/345
f 1390/22/346 1391/49/346 1392/23/346
f 1393/1/347 1394/52/347 1395/2/347
f 1398/4/348 1399/53/348 1400/5/348
f 1401/1/349 1402/52/349 1403/2/349
f 1406/4/350 1407/53/350 1408/5/350
f 1409/19/351 1410/57/351 1411/20/351
f 1414/22/352 1415/49/352 1416/23/352
f 1417/25/353 1418/58/353 1419/26/353
f 1421/28/354 1422/51/354 1423/29/354
f 1425/25/355 1426/58/355 1427/26/355
f 1429/28/356 1430/51/356 1431/29/356
f 1433/19/357 1434/57/357 1435/20/357
f 1438/22/358 1439/49/358 1440/23/358
f 1441/13/359 1442/55/359 1443/14/359
f 1446/16/360 1447/56/360 1448/17/360
f 1449/25/361 1450/58/361 1451/26/361
f 1453/28/362 1454/51/362 1455/29/362
f 1457/19/363 1458/57/363 1459/20/363
f 1462/22/364 1463/49/364 1464/23/364
f 1465/25/365 1466/58/365 1467/26/365
f 1469/28/366 1470/51/366 1471/29/366
f 1473/25/367 1474/58/367 1475/26/367
f 1477/28/368 1478/51/368 1479/29/368
f 1481/7/369 1482/50/369 1483/8/369
f 1485/10/1142 1486/54/1142 1487/11/1142
f 1489/25/371 1490/58/371 1491/26/371
f 1493/28/372 1494/51/372 1495/29/372
f 1497/19/373 1498/57/373 1499/20/373
f 1502/22/374 1503/49/374 1504/23/374
f 1505/19/375 1506/57/375 1507/20/375
f 1510/22/376 1511/49/376 1512/23/376
f 1513/1/377 1514/52/377 1515/2/377
f 1518/4/378 1519/53/378 1520/5/378
f 1521/1/379 1522/52/379 1523/2/379
f 1526/4/380 1527/53/380 1528/5/380
f 1529/25/381 1530/58/381 1531/26/381
f 1533/28/382 1534/51/382 1535/29/382
f 1537/19/383 1538/57/383 1539/20/383
f 1542/22/384 1543/49/384 1544/23/384
f 1545/13/385 1546/55/385 1547/14/385
f 1550/16/386 1551/56/386 1552/17/386
f 1553/1/387 1554/52/387 1555/2/387
f 1558/4/388 1559/53/388 1560/5/388
f 1561/25/389 1562/58/389 1563/26/389
f 1565/28/390 1566/51/390 1567/29/390
f 1569/1/391 1570/52/391 1571/2/391
f 1574/4/392 1575/53/392 1576/5/392
f 1577/13/393 1578/55/393 1579/14/393
f 1582/16/394 1583/56/394 1584/17/394
f 1585/25/395 1586/58/395 1587/26/395
f 1589/28/396 1590/51/396 1591/29/396
f 1593/13/397 1594/55/397 1595/14/397
f 1598/16/398 1599/56/398 1600/17/398
f 1601/13/399 1602/55/399 1603/14/399
f 1606/16/400 1607/56/400 1608/17/400
f 1609/19/401 1610/57/401 1611/20/401
f 1614/22/402 1615/49/402 1616/23/402
f 1617/1/403 1618/52/403 1619/2/403
f 1622/4/404 1623/53/404 1624/5/404
f 1625/1/1143 1626/52/1143 1627/2/1143
f 1630/4/406 1631/53/406 1632/5/406
f 1633/1/407 1634/52/407 1635/2/407
f 1638/4/408 1639/53/408 1640/5/408
f 1641/13/409 1642/55/409 1643/14/409
f 1646/16/410 1647/56/410 1648/17/410
f 1649/13/411 1650/55/411 1651/14/411
f 1654/16/412 1655/56/412 1656/17/412
f 1657/25/413 1658/58/413 1659/26/413
f 1661/28/414 1662/51/414 1663/29/414
f 1665/1/415 1666/52/415 1667/2/415
f 1670/4/416 1671/53/416 1672/5/416
f 1673/1/417 1674/52/417 1675/2/417
f 1678/4/418 1679/53/418 1680/5/418
f 1681/1/419 1682/52/419 1683/2/419
f 1686/4/420 1687/53/420 1688/5/420
f 1689/13/421 1690/55/421 1691/14/421
f 1694/16/422 1695/56/422 1696/17/422
f 1697/1/423 1698/52/423 1699/2/423
f 1702/4/424 1703/53/424 1704/5/424
f 1705/19/425 1706/57/425 1707/20/425
f 1710/22/426 1711/49/426 1712/23/426
f 1713/13/427 1714/55/427 1715/14/427
f 1718/16/428 1719/56/428 1720/17/428
f 1721/31/429 1722/59/429 1723/32/429
f 1725/34/430 1726/60/430 1727/35/430
f 1730/37/431 1731/61/431 1732/38/431
f 1734/40/1144 1735/62/1144 1736/41/1144
f 1737/1/432 1738/52/432 1739/2/432
f 1742/4/433 1743/53/433 1744/5/433
f 1745/25/434 1746/58/434 1747/26/434
f 1749/28/435 1750/51/435 1751/29/435
f 1753/25/418 1754/58/418 1755/26/418
f 1757/28/436 1758/51/436 1759/29/436
f 1761/13/437 1762/55/437 1763/14/437
f 1766/16/438 1767/56/438 1768/17/438
f 1769/25/439 1770/58/439 1771/26/439
f 1773/28/440 1774/51/440 1775/29/440
f 1778/43/441 1779/63/441 1780/44/441
f 1781/46/442 1782/64/442 1783/47/442
f 1785/13/443 1786/55/443 1787/14/443
f 1790/16/444 1791/56/444 1792/17/444
f 1793/19/445 1794/57/445 1795/20/445
f 1798/22/446 1799/49/446 1800/23/446
f 1801/19/447 1802/57/447 1803/20/447
f 1805/24/448 1806/22/448 1807/49/448
f 1809/1/449 1810/52/449 1811/2/449
f 1814/4/450 1815/53/450 1816/5/450
f 1817/25/451 1818/58/451 1819/26/451
f 1821/28/452 1822/51/452 1823/29/452
f 1825/19/453 1826/57/453 1827/20/453
f 1830/22/454 1831/49/454 1832/23/454
f 1833/19/455 1834/57/455 1835/20/455
f 1838/22/456 1839/49/456 1840/23/456
f 1841/31/457 1842/59/457 1843/32/457
f 1845/34/458 1846/60/458 1847/35/458
f 1849/13/459 1850/55/459 1851/14/459
f 1854/16/460 1855/56/460 1856/17/460
f 1857/25/461 1858/58/461 1859/26/461
f 1861/28/462 1862/51/462 1863/29/462
f 1865/13/463 1866/55/463 1867/14/463
f 1870/16/464 1871/56/464 1872/17/464
f 1873/13/465 1874/55/465 1875/14/465
f 1878/16/1145 1879/56/1145 1880/17/1145
f 1881/1/467 1882/52/467 1883/2/467
f 1886/4/468 1887/53/468 1888/5/468
f 1889/25/469 1890/58/469 1891/26/469
f 1893/28/470 1894/51/470 1895/29/470
f 1897/31/471 1898/59/471 1899/32/471
f 1901/34/472 1902/60/472 1903/35/472
f 1905/25/473 1906/58/473 1907/26/473
f 1909/28/474 1910/51/474 1911/29/474
f 1913/19/475 1914/57/475 1915/20/475
f 1918/22/476 1919/49/476 1920/23/476
f 1921/19/477 1922/57/477 1923/20/477
f 1925/24/255 1926/22/255 1927/49/255
f 1929/1/478 1930/52/478 1931/2/478
f 1934/4/479 1935/53/479 1936/5/479
f 1937/13/480 1938/55/480 1939/14/480
f 1942/16/481 1943/56/481 1944/17/481
f 1945/7/482 1946/50/482 1947/8/482
f 1949/10/483 1950/54/483 1951/11/483
f 1953/1/484 1954/52/484 1955/2/484
f 1958/4/485 1959/53/485 1960/5/485
f 1961/25/486 1962/58/486 1963/26/486
f 1966/51/487 1967/29/487 1968/30/487
f 1969/19/488 1970/57/488 1971/20/488
f 1973/24/489 1974/22/489 1975/49/489
f 1977/1/490 1978/52/490 1979/2/490
f 1982/4/491 1983/53/491 1984/5/491
f 1986/50/492 1987/8/492 1988/9/492
f 1989/10/493 1990/54/493 1991/11/493
f 1993/13/494 1994/55/494 1995/14/494
f 1998/16/495 1999/56/495 2000/17/495
f 2001/13/496 2002/55/496 2003/14/496
f 2006/16/497 2007/56/497 2008/17/497
f 2009/25/1146 2010/58/1146 2011/26/1146
f 2013/28/499 2014/51/499 2015/29/499
f 2017/1/500 2018/52/500 2019/2/500
f 2022/4/501 2023/53/501 2024/5/501
f 2025/19/502 2026/57/502 2027/20/502
f 2030/22/503 2031/49/503 2032/23/503
f 2033/19/504 2034/57/504 2035/20/504
f 2038/22/505 2039/49/505 2040/23/505
f 2041/25/506 2042/58/506 2043/26/506
f 2045/28/507 2046/51/507 2047/29/507
f 2049/19/508 2050/57/508 2051/20/508
f 2054/22/509 2055/49/509 2056/23/509
f 2057/1/510 2058/52/510 2059/2/510
f 2062/4/511 2063/53/511 2064/5/511
f 2065/25/512 2066/58/512 2067/26/512
f 2069/28/513 2070/51/513 2071/29/513
f 2073/13/514 2074/55/514 2075/14/514
f 2078/16/515 2079/56/515 2080/17/515
f 2081/19/516 2082/57/516 2083/20/516
f 2086/22/517 2087/49/517 2088/23/517
f 2089/19/1147 2090/57/1147 2091/20/1147
f 2094/22/1148 2095/49/1148 2096/23/1148
f 2097/31/520 2098/59/520 2099/32/520
f 2101/34/521 2102/60/521 2103/35/521
f 2105/1/522 2106/52/522 2107/2/522
f 2110/4/523 2111/53/523 2112/5/523
f 2113/25/524 2114/58/524 2115/26/524
f 2117/28/525 2118/51/525 2119/29/525
f 2122/37/526 2123/61/526 2124/38/526
f 2126/40/527 2127/62/527 2128/41/527
f 2129/25/528 2130/58/528 2131/26/528
f 2133/28/529 2134/51/529 2135/29/529
f 2137/19/530 2138/57/530 2139/20/530
f 2142/22/531 2143/49/531 2144/23/531
f 2145/19/532 2146/57/532 2147/20/532
f 2150/22/533 2151/49/533 2152/23/533
f 2153/1/534 2154/52/534 2155/2/534
f 2158/4/535 2159/53/535 2160/5/535
f 2161/19/536 2162/57/536 2163/20/536
f 2166/22/537 2167/49/537 2168/23/537
f 2169/25/538 2170/58/538 2171/26/538
f 2173/28/539 2174/51/539 2175/29/539
f 2177/31/540 2178/59/540 2179/32/540
f 2181/34/541 2182/60/541 2183/35/541
f 2185/19/542 2186/57/542 2187/20/542
f 2190/22/543 2191/49/543 2192/23/543
f 2194/43/544 2195/63/544 2196/44/544
f 2197/46/545 2198/64/545 2199/47/545
f 2201/31/546 2202/59/546 2203/32/546
f 2205/34/547 2206/60/547 2207/35/547
f 2209/13/548 2210/55/548 2211/14/548
f 2214/16/1149 2215/56/1149 2216/17/1149
f 2217/25/1150 2218/58/1150 2219/26/1150
f 2221/28/551 2222/51/551 2223/29/551
f 2225/1/552 2226/52/552 2227/2/552
f 2230/4/553 2231/53/553 2232/5/553
f 2233/19/554 2234/57/554 2235/20/554
f 2237/24/555 2238/22/555 2239/49/555
f 2241/13/556 2242/55/556 2243/14/556
f 2246/16/557 2247/56/557 2248/17/557
f 2249/1/558 2250/52/558 2251/2/558
f 2254/4/559 2255/53/559 2256/5/559
f 2257/25/560 2258/58/560 2259/26/560
f 2261/28/561 2262/51/561 2263/29/561
f 2265/25/562 2266/58/562 2267/26/562
f 2269/28/563 2270/51/563 2271/29/563
f 2273/1/564 2274/52/564 2275/2/564
f 2278/4/565 2279/53/565 2280/5/565
f 2281/25/566 2282/58/566 2283/26/566
f 2285/28/1151 2286/51/1151 2287/29/1151
f 2289/25/568 2290/58/568 2291/26/568
f 2293/28/569 2294/51/569 2295/29/569
f 2297/19/570 2298/57/570 2299/20/570
f 2302/22/571 2303/49/571 2304/23/571
f 2305/1/1152 2306/52/1152 2307/2/1152
f 2310/4/76 2311/53/76 2312/5/76
f 2313/13/572 2314/55/572 2315/14/572
f 2318/16/573 2319/56/573 2320/17/573
f 2321/19/1153 2322/57/1153 2323/20/1153
f 2326/22/1154 2327/49/1154 2328/23/1154
f 2329/31/576 2330/59/576 2331/32/576
f 2333/34/577 2334/60/577 2335/35/577
f 2337/13/578 2338/55/578 2339/14/578
f 2342/16/579 2343/56/579 2344/17/579
f 2345/25/580 2346/58/580 2347/26/580
f 2349/28/581 2350/51/581 2351/29/581
f 2353/13/582 2354/55/582 2355/14/582
f 2358/16/583 2359/56/583 2360/17/583
f 2361/13/584 2362/55/584 2363/14/584
f 2366/16/585 2367/56/585 2368/17/585
f 2369/19/586 2370/57/586 2371/20/586
f 2374/22/587 2375/49/587 2376/23/587
f 2377/1/588 2378/52/588 2379/2/588
f 2382/4/589 2383/53/589 2384/5/589
f 2385/19/590 2386/57/590 2387/20/590
f 2390/22/591 2391/49/591 2392/23/591
f 2393/25/592 2394/58/592 2395/26/592
f 2397/28/593 2398/51/593 2399/29/593
f 2401/25/594 2402/58/594 2403/26/594
f 2405/28/595 2406/51/595 2407/29/595
f 2409/13/596 2410/55/596 2411/14/596
f 2414/16/597 2415/56/597 2416/17/597
f 2417/19/598 2418/57/598 2419/20/598
f 2422/22/599 2423/49/599 2424/23/599
f 2425/19/600 2426/57/600 2427/20/600
f 2430/22/601 2431/49/601 2432/23/601
f 2433/25/1155 2434/58/1155 2435/26/1155
f 2437/28/603 2438/51/603 2439/29/603
f 2442/43/604 2443/63/604 2444/44/604
f 2445/46/605 2446/64/605 2447/47/605
f 2449/13/606 2450/55/606 2451/14/606
f 2454/16/607 2455/56/607 2456/17/607
f 2457/1/1156 2458/52/1156 2459/2/1156
f 2462/4/1157 2463/53/1157 2464/5/1157
f 2465/13/610 2466/55/610 2467/14/610
f 2470/16/611 2471/56/611 2472/17/611
f 2473/25/612 2474/58/612 2475/26/612
f 2477/28/613 2478/51/613 2479/29/613
f 2481/19/614 2482/57/614 2483/20/614
f 2486/22/615 2487/49/615 2488/23/615
f 2489/25/616 2490/58/616 2491/26/616
f 2493/28/617 2494/51/617 2495/29/617
f 2497/1/618 2498/52/618 2499/2/618
f 2502/4/619 2503/53/619 2504/5/619
f 2505/19/620 2506/57/620 2507/20/620
f 2510/22/621 2511/49/621 2512/23/621
f 2513/25/622 2514/58/622 2515/26/622
f 2517/28/623 2518/51/623 2519/29/623
f 2521/1/624 2522/52/624 2523/2/624
f 2526/4/625 2527/53/625 2528/5/625
f 2529/7/626 2530/50/626 2531/8/626
f 2533/10/627 2534/54/627 2535/11/627
f 2537/1/628 2538/52/628 2539/2/628
f 2542/4/629 2543/53/629 2544/5/629
f 2545/19/630 2546/57/630 2547/20/630
f 2550/22/631 2551/49/631 2552/23/631
f 2553/1/632 2554/52/632 2555/2/632
f 2558/4/1158 2559/53/1158 2560/5/1158
f 2561/25/634 2562/58/634 2563/26/634
f 2565/28/635 2566/51/635 2567/29/635
f 2569/19/636 2570/57/636 2571/20/636
f 2573/24/637 2574/22/637 2575/49/637
f 2577/13/638 2578/55/638 2579/14/638
f 2582/16/639 2583/56/639 2584/17/639
f 2585/25/640 2586/58/640 2587/26/640
f 2589/28/641 2590/51/641 2591/29/641
f 2593/1/642 2594/52/642 2595/2/642
f 2598/4/643 2599/53/643 2600/5/643
f 2602/50/644 2603/8/644 2604/9/644
f 2605/10/645 2606/54/645 2607/11/645
f 2609/19/646 2610/57/646 2611/20/646
f 2614/22/647 2615/49/647 2616/23/647
f 2617/19/648 2618/57/648 2619/20/648
f 2622/22/1159 2623/49/1159 2624/23/1159
f 2625/13/650 2626/55/650 2627/14/650
f 2630/16/651 2631/56/651 2632/17/651
f 2633/13/652 2634/55/652 2635/14/652
f 2638/16/653 2639/56/653 2640/17/653
f 2641/25/654 2642/58/654 2643/26/654
f 2645/28/655 2646/51/655 2647/29/655
f 2649/19/656 2650/57/656 2651/20/656
f 2654/22/657 2655/49/657 2656/23/657
f 2657/1/658 2658/52/658 2659/2/658
f 2662/4/659 2663/53/659 2664/5/659
f 2665/19/660 2666/57/660 2667/20/660
f 2669/24/661 2670/22/661 2671/49/661
f 2673/13/662 2674/55/662 2675/14/662
f 2678/16/663 2679/56/663 2680/17/663
f 2681/1/664 2682/52/664 2683/2/664
f 2686/4/665 2687/53/665 2688/5/665
f 2689/25/666 2690/58/666 2691/26/666
f 2693/28/667 2694/51/667 2695/29/667
f 2697/13/668 2698/55/668 2699/14/668
f 2702/16/669 2703/56/669 2704/17/669
f 2705/19/670 2706/57/670 2707/20/670
f 2710/22/671 2711/49/671 2712/23/671
f 2713/25/672 2714/58/672 2715/26/672
f 2717/28/673 2718/51/673 2719/29/673
f 2721/13/674 2722/55/674 2723/14/674
f 2726/16/675 2727/56/675 2728/17/675
f 2729/1/676 2730/52/676 2731/2/676
f 2734/4/677 2735/53/677 2736/5/677
f 2737/19/678 2738/57/678 2739/20/678
f 2742/22/679 2743/49/679 2744/23/679
f 2745/19/680 2746/57/680 2747/20/680
f 2750/22/681 2751/49/681 2752/23/681
f 2753/1/682 2754/52/682 2755/2/682
f 2758/4/683 2759/53/683 2760/5/683
f 2761/19/684 2762/57/684 2763/20/684
f 2766/22/685 2767/49/685 2768/23/685
f 2769/13/686 2770/55/686 2771/14/686
f 2774/16/687 2775/56/687 2776/17/687
f 2777/19/688 2778/57/688 2779/20/688
f 2782/22/689 2783/49/689 2784/23/689
f 2785/1/690 2786/52/690 2787/2/690
f 2790/4/1160 2791/53/1160 2792/5/1160
f 2793/1/692 2794/52/692 2795/2/692
f 2798/4/693 2799/53/693 2800/5/693
f 2801/25/694 2802/58/694 2803/26/694
f 2805/28/695 2806/51/695 2807/29/695
f 2809/13/696 2810/55/696 2811/14/696
f 2814/16/697 2815/56/697 2816/17/697
f 2817/25/698 2818/58/698 2819/26/698
f 2821/28/699 2822/51/699 2823/29/699
f 2825/13/700 2826/55/700 2827/14/700
f 2830/16/701 2831/56/701 2832/17/701
f 2833/1/1161 2834/52/1161 2835/2/1161
f 2838/4/703 2839/53/703 2840/5/703
f 2842/43/704 2843/63/704 2844/44/704
f 2845/46/705 2846/64/705 2847/47/705
f 2849/1/706 2850/52/706 2851/2/706
f 2854/4/707 2855/53/707 2856/5/707
f 2857/31/708 2858/59/708 2859/32/708
f 2861/34/709 2862/60/709 2863/35/709
f 2866/37/710 2867/61/710 2868/38/710
f 2870/40/711 2871/62/711 2872/41/711
f 2873/25/712 2874/58/712 2875/26/712
f 2877/28/713 2878/51/713 2879/29/713
f 2881/19/714 2882/57/714 2883/20/714
f 2886/22/715 2887/49/715 2888/23/715
f 2889/19/716 2890/57/716 2891/20/716
f 2894/22/717 2895/49/717 2896/23/717
f 2897/25/718 2898/58/718 2899/26/718
f 2901/28/719 2902/51/719 2903/29/719
f 2905/13/720 2906/55/720 2907/14/720
f 2910/16/721 2911/56/721 2912/17/721
f 2913/25/722 2914/58/722 2915/26/722
f 2917/28/1162 2918/51/1162 2919/29/1162
f 2921/1/724 2922/52/724 2923/2/724
f 2926/4/725 2927/53/725 2928/5/725
f 2930/50/726 2931/8/726 2932/9/726
f 2933/10/727 2934/54/727 2935/11/727
f 2937/25/728 2938/58/728 2939/26/728
f 2941/28/729 2942/51/729 2943/29/729
f 2945/19/730 2946/57/730 2947/20/730
f 2949/24/731 2950/22/731 2951/49/731
f 2953/19/1163 2954/57/1163 2955/20/1163
f 2957/24/1164 2958/22/1164 2959/49/1164
f 2961/19/734 2962/57/734 2963/20/734
f 2965/24/735 2966/22/735 2967/49/735
f 2969/19/1165 2970/57/1165 2971/20/1165
f 2973/24/1166 2974/22/1166 2975/49/1166
f 2977/1/738 2978/52/738 2979/2/738
f 2982/4/739 2983/53/739 2984/5/739
f 2985/25/740 2986/58/740 2987/26/740
f 2989/28/741 2990/51/741 2991/29/741
f 2993/1/742 2994/52/742 2995/2/742
f 2998/4/743 2999/53/743 3000/5/743
f 3001/13/744 3002/55/744 3003/14/744
f 3006/16/745 3007/56/745 3008/17/745
f 3010/50/746 3011/8/746 3012/9/746
f 3013/10/747 3014/54/747 3015/11/747
f 3017/19/748 3018/57/748 3019/20/748
f 3022/22/1167 3023/49/1167 3024/23/1167
f 3025/13/1168 3026/55/1168 3027/14/1168
f 3030/16/1169 3031/56/1169 3032/17/1169
f 3033/1/1170 3034/52/1170 3035/2/1170
f 3038/4/753 3039/53/753 3040/5/753
f 3041/19/754 3042/57/754 3043/20/754
f 3046/22/755 3047/49/755 3048/23/755
f 3049/13/756 3050/55/756 3051/14/756
f 3054/16/757 3055/56/757 3056/17/757
f 3057/25/758 3058/58/758 3059/26/758
f 3061/28/759 3062/51/759 3063/29/759
f 3065/25/760 3066/58/760 3067/26/760
f 3069/28/761 3070/51/761 3071/29/761
f 3073/25/762 3074/58/762 3075/26/762
f 3077/28/763 3078/51/763 3079/29/763
f 3081/19/764 3082/57/764 3083/20/764
f 3085/24/765 3086/22/765 3087/49/765
f 3090/43/766 3091/63/766 3092/44/766
f 3093/46/767 3094/64/767 3095/47/767
f 3097/13/768 3098/55/768 3099/14/768
f 3102/16/769 3103/56/769 3104/17/769
f 3105/19/1171 3106/57/1171 3107/20/1171
f 3110/22/1172 3111/49/1172 3112/23/1172
f 3113/25/772 3114/58/772 3115/26/772
f 3117/28/773 3118/51/773 3119/29/773
f 3121/19/774 3122/57/774 3123/20/774
f 3126/22/775 3127/49/775 3128/23/775
f 3129/19/776 3130/57/776 3131/20/776
f 3134/22/777 3135/49/777 3136/23/777
f 3137/19/778 3138/57/778 3139/20/778
f 3142/22/779 3143/49/779 3144/23/779
f 3146/43/780 3147/63/780 3148/44/780
f 3149/46/781 3150/64/781 3151/47/781
f 3153/25/782 3154/58/782 3155/26/782
f 3157/28/783 3158/51/783 3159/29/783
f 3161/19/784 3162/57/784 3163/20/784
f 3166/22/785 3167/49/785 3168/23/785
f 3169/31/786 3170/59/786 3171/32/786
f 3173/34/787 3174/60/787 3175/35/787
f 3177/1/1173 3178/52/1173 3179/2/1173
f 3182/4/789 3183/53/789 3184/5/789
f 3185/13/790 3186/55/790 3187/14/790
f 3190/16/791 3191/56/791 3192/17/791
f 3193/13/792 3194/55/792 3195/14/792
f 3198/16/793 3199/56/793 3200/17/793
f 3202/43/794 3203/63/794 3204/44/794
f 3205/46/795 3206/64/795 3207/47/795
f 3209/19/796 3210/57/796 3211/20/796
f 3214/22/797 3215/49/797 3216/23/797
f 3217/19/798 3218/57/798 3219/20/798
f 3222/22/799 3223/49/799 3224/23/799
f 3226/37/800 3227/61/800 3228/38/800
f 3230/40/801 3231/62/801 3232/41/801
f 3233/19/802 3234/57/802 3235/20/802
f 3237/24/803 3238/22/803 3239/49/803
f 3241/1/1174 3242/52/1174 3243/2/1174
f 3246/4/1175 3247/53/1175 3248/5/1175
f 3250/37/806 3251/61/806 3252/38/806
f 3254/40/807 3255/62/807 3256/41/807
f 3257/19/808 3258/57/808 3259/20/808
f 3262/22/809 3263/49/809 3264/23/809
f 3265/13/810 3266/55/810 3267/14/810
f 3270/16/811 3271/56/811 3272/17/811
f 3273/25/812 3274/58/812 3275/26/812
f 3278/51/813 3279/29/813 3280/30/813
f 3281/19/814 3282/57/814 3283/20/814
f 3286/22/796 3287/49/796 3288/23/796
f 3289/1/815 3290/52/815 3291/2/815
f 3294/4/816 3295/53/816 3296/5/816
f 3297/25/817 3298/58/817 3299/26/817
f 3301/28/818 3302/51/818 3303/29/818
f 3305/7/819 3306/50/819 3307/8/819
f 3309/10/1176 3310/54/1176 3311/11/1176
f 3313/31/821 3314/59/821 3315/32/821
f 3317/34/822 3318/60/822 3319/35/822
f 3321/19/823 3322/57/823 3323/20/823
f 3326/22/824 3327/49/824 3328/23/824
f 3329/19/85 3330/57/85 3331/20/85
f 3333/24/86 3334/22/86 3335/49/86
f 3337/25/825 3338/58/825 3339/26/825
f 3341/28/826 3342/51/826 3343/29/826
f 3345/25/827 3346/58/827 3347/26/827
f 3349/28/828 3350/51/828 3351/29/828
f 3353/19/829 3354/57/829 3355/20/829
f 3358/22/830 3359/49/830 3360/23/830
f 3361/13/831 3362/55/831 3363/14/831
f 3366/16/832 3367/56/832 3368/17/832
f 3370/43/833 3371/63/833 3372/44/833
f 3373/46/834 3374/64/834 3375/47/834
f 3377/1/835 3378/52/835 3379/2/835
f 3382/4/836 3383/53/836 3384/5/836
f 3385/13/837 3386/55/837 3387/14/837
f 3390/16/838 3391/56/838 3392/17/838
f 3393/19/839 3394/57/839 3395/20/839
f 3398/22/840 3399/49/840 3400/23/840
f 3401/19/841 3402/57/841 3403/20/841
f 3405/24/842 3406/22/842 3407/49/842
f 3409/19/843 3410/57/843 3411/20/843
f 3414/22/844 3415/49/844 3416/23/844
f 3417/1/845 3418/52/845 3419/2/845
f 3422/4/846 3423/53/846 3424/5/846
f 3425/31/847 3426/59/847 3427/32/847
f 3429/34/848 3430/60/848 3431/35/848
f 3433/19/849 3434/57/849 3435/20/849
f 3438/22/850 3439/49/850 3440/23/850
f 3442/43/851 3443/63/851 3444/44/851
f 3445/46/1177 3446/64/1177 3447/47/1177
f 3449/19/853 3450/57/853 3451/20/853
f 3454/22/854 3455/49/854 3456/23/854
f 3457/25/855 3458/58/855 3459/26/855
f 3461/28/856 3462/51/856 3463/29/856
f 3465/19/857 3466/57/857 3467/20/857
f 3470/22/858 3471/49/858 3472/23/858
f 3474/37/859 3475/61/859 3476/38/859
f 3478/40/860 3479/62/860 3480/41/860
f 3481/7/861 3482/50/861 3483/8/861
f 3485/10/862 3486/54/862 3487/11/862
f 3489/1/863 3490/52/863 3491/2/863
f 3494/4/864 3495/53/864 3496/5/864
f 3498/37/865 3499/61/865 3500/38/865
f 3502/40/866 3503/62/866 3504/41/866
f 3505/19/867 3506/57/867 3507/20/867
f 3510/22/868 3511/49/868 3512/23/868
f 3513/1/869 3514/52/869 3515/2/869
f 3518/4/870 3519/53/870 3520/5/870
f 3521/1/1178 3522/52/1178 3523/2/1178
f 3526/4/872 3527/53/872 3528/5/872
f 3529/1/873 3530/52/873 3531/2/873
f 3534/4/874 3535/53/874 3536/5/874
f 3537/25/875 3538/58/875 3539/26/875
f 3541/28/876 3542/51/876 3543/29/876
f 3545/25/877 3546/58/877 3547/26/877
f 3549/28/878 3550/51/878 3551/29/878
f 3553/25/879 3554/58/879 3555/26/879
f 3557/28/880 3558/51/880 3559/29/880
f 3561/19/881 3562/57/881 3563/20/881
f 3566/22/882 3567/49/882 3568/23/882
f 3569/19/883 3570/57/883 3571/20/883
f 3573/24/884 3574/22/884 3575/49/884
f 3577/25/885 3578/58/885 3579/26/885
f 3581/28/886 3582/51/886 3583/29/886
f 3585/25/887 3586/58/887 3587/26/887
f 3589/28/888 3590/51/888 3591/29/888
f 3593/19/889 3594/57/889 3595/20/889
f 3598/22/890 3599/49/890 3600/23/890
f 3601/19/891 3602/57/891 3603/20/891
f 3606/22/892 3607/49/892 3608/23/892
f 3609/1/893 3610/52/893 3611/2/893
f 3614/4/894 3615/53/894 3616/5/894
f 3618/50/895 3619/8/895 3620/9/895
f 3621/10/896 3622/54/896 3623/11/896
f 3625/13/897 3626/55/897 3627/14/897
f 3630/16/898 3631/56/898 3632/17/898
f 3633/1/1179 3634/52/1179 3635/2/1179
f 3638/4/1180 3639/53/1180 3640/5/1180
f 3641/13/901 3642/55/901 3643/14/901
f 3646/16/902 3647/56/902 3648/17/902
f 3649/25/903 3650/58/903 3651/26/903
f 3654/51/904 3655/29/904 3656/30/904
f 3657/25/905 3658/58/905 3659/26/905
f 3661/28/906 3662/51/906 3663/29/906
f 3665/31/907 3666/59/907 3667/32/907
f 3669/34/908 3670/60/908 3671/35/908
f 3673/1/909 3674/52/909 3675/2/909
f 3678/4/910 3679/53/910 3680/5/910
f 3681/1/911 3682/52/911 3683/2/911
f 3686/4/912 3687/53/912 3688/5/912
f 3689/25/913 3690/58/913 3691/26/913
f 3693/28/914 3694/51/914 3695/29/914
f 3697/25/915 3698/58/915 3699/26/915
f 3701/28/916 3702/51/916 3703/29/916
f 3705/25/917 3706/58/917 3707/26/917
f 3709/28/918 3710/51/918 3711/29/918
f 3713/1/919 3714/52/919 3715/2/919
f 3718/4/920 3719/53/920 3720/5/920
f 3721/13/921 3722/55/921 3723/14/921
f 3726/16/922 3727/56/922 3728/17/922
f 3729/1/923 3730/52/923 3731/2/923
f 3734/4/924 3735/53/924 3736/5/924
f 3737/19/925 3738/57/925 3739/20/925
f 3742/22/926 3743/49/926 3744/23/926
f 3745/1/927 3746/52/927 3747/2/927
f 3750/4/928 3751/53/928 3752/5/928
f 3753/19/1181 3754/57/1181 3755/20/1181
f 3758/22/930 3759/49/930 3760/23/930
f 3761/1/931 3762/52/931 3763/2/931
f 3766/4/932 3767/53/932 3768/5/932
f 3769/25/933 3770/58/933 3771/26/933
f 3773/28/934 3774/51/934 3775/29/934
f 3777/13/935 3778/55/935 3779/14/935
f 3782/16/936 3783/56/936 3784/17/936
f 3785/19/937 3786/57/937 3787/20/937
f 3789/24/938 3790/22/938 3791/49/938
f 3793/25/939 3794/58/939 3795/26/939
f 3797/28/940 3798/51/940 3799/29/940
f 3801/1/941 3802/52/941 3803/2/941
f 3806/4/942 3807/53/942 3808/5/942
f 3809/25/943 3810/58/943 3811/26/943
f 3813/28/944 3814/51/944 3815/29/944
f 3817/13/945 3818/55/945 3819/14/945
f 3822/16/946 3823/56/946 3824/17/946
f 3825/19/947 3826/57/947 3827/20/947
f 3830/22/948 3831/49/948 3832/23/948
f 3833/13/949 3834/55/949 3835/14/949
f 3838/16/950 3839/56/950 3840/17/950
f 3841/19/951 3842/57/951 3843/20/951
f 3846/22/952 3847/49/952 3848/23/952
f 3849/1/953 3850/52/953 3851/2/953
f 3854/4/954 3855/53/954 3856/5/954
f 3858/37/955 3859/61/955 3860/38/955
f 3862/40/956 3863/62/956 3864/41/956
f 3865/1/957 3866/52/957 3867/2/957
f 3870/4/958 3871/53/958 3872/5/958
f 3873/19/959 3874/57/959 3875/20/959
f 3877/24/960 3878/22/960 3879/49/960
f 3881/1/961 3882/52/961 3883/2/961
f 3886/4/962 3887/53/962 3888/5/962
f 3889/25/963 3890/58/963 3891/26/963
f 3893/28/964 3894/51/964 3895/29/964
f 3897/1/965 3898/52/965 3899/2/965
f 3902/4/966 3903/53/966 3904/5/966
f 3905/19/967 3906/57/967 3907/20/967
f 3910/22/968 3911/49/968 3912/23/968
f 3913/19/969 3914/57/969 3915/20/969
f 3918/22/970 3919/49/970 3920/23/970
f 3921/25/971 3922/58/971 3923/26/971
f 3925/28/972 3926/51/972 3927/29/972
f 3929/1/973 3930/52/973 3931/2/973
f 3934/4/974 3935/53/974 3936/5/974
f 3937/19/894 3938/57/894 3939/20/894
f 3942/22/975 3943/49/975 3944/23/975
f 3945/13/976 3946/55/976 3947/14/976
f 3950/16/977 3951/56/977 3952/17/977
f 3953/13/978 3954/55/978 3955/14/978
f 3958/16/979 3959/56/979 3960/17/979
f 3961/13/980 3962/55/980 3963/14/980
f 3966/16/981 3967/56/981 3968/17/981
f 3969/19/982 3970/57/982 3971/20/982
f 3973/24/983 3974/22/983 3975/49/983
f 3977/19/984 3978/57/984 3979/20/984
f 3981/24/985 3982/22/985 3983/49/985
f 3985/1/986 3986/52/986 3987/2/986
f 3990/4/987 3991/53/987 3992/5/987
f 3993/13/988 3994/55/988 3995/14/988
f 3998/16/989 3999/56/989 4000/17/989
f 4001/1/990 4002/52/990 4003/2/990
f 4006/4/991 4007/53/991 4008/5/991
f 4009/25/992 4010/58/992 4011/26/992
f 4013/28/993 4014/51/993 4015/29/993
f 4017/25/994 4018/58/994 4019/26/994
f 4021/28/995 4022/51/995 4023/29/995
f 4025/25/996 4026/58/996 4027/26/996
f 4029/28/997 4030/51/997 4031/29/997
f 4033/13/998 4034/55/998 4035/14/998
f 4038/16/999 4039/56/999 4040/17/999
f 4041/25/1000 4042/58/1000 4043/26/1000
f 4045/28/1001 4046/51/1001 4047/29/1001
f 4049/19/1002 4050/57/1002 4051/20/1002
f 4054/22/1003 4055/49/1003 4056/23/1003
f 4057/25/1004 4058/58/1004 4059/26/1004
f 4061/28/1005 4062/51/1005 4063/29/1005
f 4065/25/1006 4066/58/1006 4067/26/1006
f 4069/28/1007 4070/51/1007 4071/29/1007
f 4073/1/1008 4074/52/1008 4075/2/1008
f 4078/4/1009 4079/53/1009 4080/5/1009
f 4081/19/1010 4082/57/1010 4083/20/1010
f 4086/22/1011 4087/49/1011 4088/23/1011
f 4089/31/124 4090/59/124 4091/32/124
f 4093/34/1012 4094/60/1012 4095/35/1012
f 4097/1/1013 4098/52/1013 4099/2/1013
f 4102/4/1014 4103/53/1014 4104/5/1014
f 4105/25/1015 4106/58/1015 4107/26/1015
f 4109/28/1016 4110/51/1016 4111/29/1016
f 4113/25/1017 4114/58/1017 4115/26/1017
f 4117/28/1018 4118/51/1018 4119/29/1018
f 4121/13/1019 4122/55/1019 4123/14/1019
f 4126/16/1020 4127/56/1020 4128/17/1020
f 4129/31/1021 4130/59/1021 4131/32/1021
f 4133/34/1022 4134/60/1022 4135/35/1022
f 4137/19/1023 4138/57/1023 4139/20/1023
f 4142/22/1024 4143/49/1024 4144/23/1024
f 4145/1/1025 4146/52/1025 4147/2/1025
f 4150/4/1026 4151/53/1026 4152/5/1026
f 4153/1/1027 4154/52/1027 4155/2/1027
f 4158/4/1028 4159/53/1028 4160/5/1028
f 4161/13/1029 4162/55/1029 4163/14/1029
f 4166/16/1030 4167/56/1030 4168/17/1030
f 4170/37/1031 4171/61/1031 4172/38/1031
f 4174/40/1032 4175/62/1032 4176/41/1032
f 4177/25/1033 4178/58/1033 4179/26/1033
f 4181/28/1034 4182/51/1034 4183/29/1034
f 4185/13/1035 4186/55/1035 4187/14/1035
f 4190/16/1036 4191/56/1036 4192/17/1036
f 4194/37/1037 4195/61/1037 4196/38/1037
f 4198/40/1038 4199/62/1038 4200/41/1038
f 4201/25/1039 4202/58/1039 4203/26/1039
f 4205/28/1040 4206/51/1040 4207/29/1040
f 4210/50/1041 4211/8/1041 4212/9/1041
f 4213/10/1042 4214/54/1042 4215/11/1042
f 4217/19/1043 4218/57/1043 4219/20/1043
f 4222/22/1044 4223/49/1044 4224/23/1044
f 4225/13/1045 4226/55/1045 4227/14/1045
f 4230/16/1046 4231/56/1046 4232/17/1046
f 4233/19/1047 4234/57/1047 4235/20/1047
f 4237/24/1048 4238/22/1048 4239/49/1048
f 4241/13/1049 4242/55/1049 4243/14/1049
f 4246/16/1050 4247/56/1050 4248/17/1050
f 4249/13/1051 4250/55/1051 4251/14/1051
f 4254/16/1052 4255/56/1052 4256/17/1052
f 4257/13/1053 4258/55/1053 4259/14/1053
f 4262/16/1054 4263/56/1054 4264/17/1054
f 4265/13/1055 4266/55/1055 4267/14/1055
f 4270/16/1056 4271/56/1056 4272/17/1056
f 4273/13/1057 4274/55/1057 4275/14/1057
f 4278/16/1058 4279/56/1058 4280/17/1058
f 4281/1/1059 4282/52/1059 4283/2/1059
f 4286/4/1060 4287/53/1060 4288/5/1060
f 4289/19/782 4290/57/782 4291/20/782
f 4294/22/783 4295/49/783 4296/23/783
f 4297/1/1061 4298/52/1061 4299/2/1061
f 4302/4/1062 4303/53/1062 4304/5/1062
f 4305/13/1063 4306/55/1063 4307/14/1063
f 4310/16/1064 4311/56/1064 4312/17/1064
f 4313/31/1065 4314/59/1065 4315/32/1065
f 4317/34/1066 4318/60/1066 4319/35/1066
f 4321/1/1067 4322/52/1067 4323/2/1067
f 4326/4/1068 4327/53/1068 4328/5/1068
f 4329/13/1069 4330/55/1069 4331/14/1069
f 4334/16/1070 4335/56/1070 4336/17/1070
f 4337/25/1071 4338/58/1071 4339/26/1071
f 4341/28/1072 4342/51/1072 4343/29/1072
f 4345/1/1073 4346/52/1073 4347/2/1073
f 4350/4/1074 4351/53/1074 4352/5/1074
f 4353/19/1075 4354/57/1075 4355/20/1075
f 4358/22/1076 4359/49/1076 4360/23/1076
f 4361/1/1077 4362/52/1077 4363/2/1077
f 4366/4/1078 4367/53/1078 4368/5/1078
f 4369/1/1079 4370/52/1079 4371/2/1079
f 4374/4/1080 4375/53/1080 4376/5/1080
f 4377/13/1081 4378/55/1081 4379/14/1081
f 4382/16/1082 4383/56/1082 4384/17/1082
f 4385/13/1083 4386/55/1083 4387/14/1083
f 4390/16/1084 4391/56/1084 4392/17/1084
f 4393/13/1085 4394/55/1085 4395/14/1085
f 4398/16/1086 4399/56/1086 4400/17/1086
f 4401/13/1087 4402/55/1087 4403/14/1087
f 4406/16/1088 4407/56/1088 4408/17/1088
f 4409/1/1089 4410/52/1089 4411/2/1089
f 4414/4/1090 4415/53/1090 4416/5/1090
f 4417/25/1091 4418/58/1091 4419/26/1091
f 4421/28/1092 4422/51/1092 4423/29/1092
f 4425/25/1093 4426/58/1093 4427/26/1093
f 4429/28/1094 4430/51/1094 4431/29/1094
f 4433/13/1095 4434/55/1095 4435/14/1095
f 4438/16/1096 4439/56/1096 4440/17/1096
f 4442/37/1097 4443/61/1097 4444/38/1097
f 4446/40/1098 4447/62/1098 4448/41/1098
f 4449/13/1099 4450/55/1099 4451/14/1099
f 4454/16/1100 4455/56/1100 4456/17/1100
f 4457/19/1101 4458/57/1101 4459/20/1101
f 4462/22/1102 4463/49/1102 4464/23/1102
f 4465/19/1103 4466/57/1103 4467/20/1103
f 4470/22/1104 4471/49/1104 4472/23/1104
f 4473/31/1105 4474/59/1105 4475/32/1105
f 4477/34/1106 4478/60/1106 4479/35/1106
f 4481/13/1107 4482/55/1107 4483/14/1107
f 4486/16/1108 4487/56/1108 4488/17/1108
f 4489/19/1109 4490/57/1109 4491/20/1109
f 4494/22/1110 4495/49/1110 4496/23/1110
f 4497/25/1111 4498/58/1111 4499/26/1111
f 4501/28/1112 4502/51/1112 4503/29/1112
f 4505/19/1113 4506/57/1113 4507/20/1113
f 4510/22/1114 4511/49/1114 4512/23/1114
f 4513/25/1115 4514/58/1115 4515/26/1115
f 4517/28/1116 4518/51/1116 4519/29/1116
f 4522/37/1117 4523/61/1117 4524/38/1117
f 4526/40/1118 4527/62/1118 4528/41/1118
f 4529/13/1119 4530/55/1119 4531/14/1119
f 4534/16/1120 4535/56/1120 4536/17/1120
f 4537/19/1121 4538/57/1121 4539/20/1121
f 4541/24/1122 4542/22/1122 4543/49/1122
f 4545/1/1123 4546/52/1123 4547/2/1123
f 4550/4/1124 4551/53/1124 4552/5/1124
f 4553/13/1125 4554/55/1125 4555/14/1125
f 4558/16/1126 4559/56/1126 4560/17/1126
f 4561/13/1127 4562/55/1127 4563/14/1127
f 4566/16/1128 4567/56/1128 4568/17/1128
